source_queue	volume	page	line	token_index	source_token	proposed_target	candidate_family	context_excerpt	evidence	confidence	suggested_action	block_reason	score	score_explanation
corrected_text_scan	wts_1_34	8	44	11	$	ś	guarded_dollar_to_sacute	ben (min-gZi) mit den super- bzw. subskribierten Buchstaben ist unten $. xxi gegeben.	guarded_dollar_scan	low	defer	artifact_or_numeric_noise	0	Dollar token lacks a clean alphabetic Tibetan-transliteration shape.
corrected_text_scan	wts_1_34	11	39	5	$	ś	guarded_dollar_to_sacute	Zur Wiedergabe des Sanskrit $ srgsbs	guarded_dollar_scan	low	defer	artifact_or_numeric_noise	0	Dollar token lacks a clean alphabetic Tibetan-transliteration shape.
corrected_text_scan	wts_1_34	11	40	1	$	ś	guarded_dollar_to_sacute	$ srslgs bs bsr bsl	guarded_dollar_scan	low	defer	artifact_or_numeric_noise	0	Dollar token lacks a clean alphabetic Tibetan-transliteration shape.
corrected_text_scan	wts_1_34	12	42	3	709$	709ś	guarded_dollar_to_sacute	Akhri 7 709$ ldan nams brgyud kyi rnam thar rin chen phrin |[!] ba. Ed.: A-tri thun-tsham 1967,	guarded_dollar_scan	low	defer	artifact_or_numeric_noise	0	Dollar token lacks a clean alphabetic Tibetan-transliteration shape.
corrected_text_scan	wts_1_34	14	83	16	7$	7ś	guarded_dollar_to_sacute	3: 563-619] dGe ldan plmyag rgya chen po’i khrid kyi zin bris Zal lun bdud ?7$/”/ thigs	guarded_dollar_scan	low	defer	artifact_or_numeric_noise	0	Dollar token lacks a clean alphabetic Tibetan-transliteration shape.
corrected_text_scan	wts_1_34	17	34	5	$	ś	guarded_dollar_to_sacute	ist, wird der Kürzelzusatz $ gebraucht. Exzp.: F.-R. Hamm, M. Hahn.	guarded_dollar_scan	low	defer	artifact_or_numeric_noise	0	Dollar token lacks a clean alphabetic Tibetan-transliteration shape.
corrected_text_scan	wts_1_34	18	78	3	$750	ś750	guarded_dollar_to_sacute	Fortsetzung hierzu: | $750. Exzp.: H. Uebach.	guarded_dollar_scan	low	defer	artifact_or_numeric_noise	0	Dollar token lacks a clean alphabetic Tibetan-transliteration shape.
corrected_text_scan	wts_1_34	18	106	1	$Sambh	śSambh	guarded_dollar_to_sacute	$Sambh	sigla_registry_or_shape	policy	defer_to_sigla_policy	registered_or_possible_siglum	0	Dollar token has registered or likely siglum shape; handle in the sigla policy queue.
corrected_text_scan	wts_1_34	18	152	4	$750	ś750	guarded_dollar_to_sacute	592-595; Fortsetzung von ༈ $750. Exzp.: H. Uebach.	guarded_dollar_scan	low	defer	artifact_or_numeric_noise	0	Dollar token lacks a clean alphabetic Tibetan-transliteration shape.
corrected_text_scan	wts_1_34	27	93	10	$	ś	guarded_dollar_to_sacute	kovanie na nego Nyäyabindutikä, sotinenie Darmottary. Tibetskij perevod izdal $ vvedeniem	guarded_dollar_scan	low	defer	artifact_or_numeric_noise	0	Dollar token lacks a clean alphabetic Tibetan-transliteration shape.
corrected_text_scan	wts_1_34	28	5	4	$	ś	guarded_dollar_to_sacute	Schuh und L. $, Dagyab. St. Augustin: VGH Wissenschaftsverlag (MTH Abt. 3, Bd. 3).	guarded_dollar_scan	low	defer	artifact_or_numeric_noise	0	Dollar token lacks a clean alphabetic Tibetan-transliteration shape.
corrected_text_scan	wts_1_34	28	42	11	$	ś	guarded_dollar_to_sacute	Dag yig Za ma tog, and the Dag yig Li $/’i gur khan. Ed. with detailed indices, from manus-	guarded_dollar_scan	low	defer	artifact_or_numeric_noise	0	Dollar token lacks a clean alphabetic Tibetan-transliteration shape.
corrected_text_scan	wts_1_34	32	28	1	$	ś	guarded_dollar_to_sacute	$,	guarded_dollar_scan	low	defer	artifact_or_numeric_noise	0	Dollar token lacks a clean alphabetic Tibetan-transliteration shape.
corrected_text_scan	wts_1_34	35	140	5	$$	śś	guarded_dollar_to_sacute	(1118 11); ye ses $$ bsgyur te kva chur gtan la	guarded_dollar_scan	low	defer	artifact_or_numeric_noise	0	Dollar token lacks a clean alphabetic Tibetan-transliteration shape.
corrected_text_scan	wts_1_34	36	14	4	$	ś	guarded_dollar_to_sacute	ldka’ chen ye €$ rgyal	guarded_dollar_scan	low	defer	artifact_or_numeric_noise	0	Dollar token lacks a clean alphabetic Tibetan-transliteration shape.
corrected_text_scan	wts_1_34	36	186	3	$	ś	guarded_dollar_to_sacute	'phags pa $ bdag la thugs brtse ba’i phyir byon	guarded_dollar_scan	low	defer	artifact_or_numeric_noise	0	Dollar token lacks a clean alphabetic Tibetan-transliteration shape.
corrected_text_scan	wts_1_34	36	187	11	$	ś	guarded_dollar_to_sacute	nas „Ärya Mahäkätyäyana ist mir zuliebe gekommen“ (K1 ka 25754); ~$ / btsun pa / bka’	guarded_dollar_scan	low	defer	artifact_or_numeric_noise	0	Dollar token lacks a clean alphabetic Tibetan-transliteration shape.
corrected_text_scan	wts_1_34	41	149	3	$	ś	guarded_dollar_to_sacute	= sum cu €$ dus mun pa sum cu sans „wenn	guarded_dollar_scan	low	defer	artifact_or_numeric_noise	0	Dollar token lacks a clean alphabetic Tibetan-transliteration shape.
corrected_text_scan	wts_1_34	42	147	1	$	ś	guarded_dollar_to_sacute	$ -.. byan lam la bros „Kwa ’Od-mchog	guarded_dollar_scan	low	defer	artifact_or_numeric_noise	0	Dollar token lacks a clean alphabetic Tibetan-transliteration shape.
corrected_text_scan	wts_1_34	46	193	5	$	ś	guarded_dollar_to_sacute	28425); yulka 47 bärana $ gron khyer gi drun	guarded_dollar_scan	low	defer	artifact_or_numeric_noise	0	Dollar token lacks a clean alphabetic Tibetan-transliteration shape.
corrected_text_scan	wts_1_34	47	1	5	$	ś	guarded_dollar_to_sacute	ཀ་ཤི་ཀའི་རས་ ka Si /9¢/ 7%$	guarded_dollar_scan	low	defer	artifact_or_numeric_noise	0	Dollar token lacks a clean alphabetic Tibetan-transliteration shape.
corrected_text_scan	wts_1_34	51	190	11	$	ś	guarded_dollar_to_sacute	(ViśT 108,11); sprin la Zon dan ma 9?7/$ —	guarded_dollar_scan	low	defer	artifact_or_numeric_noise	0	Dollar token lacks a clean alphabetic Tibetan-transliteration shape.
corrected_text_scan	wts_1_34	51	202	7	$	ś	guarded_dollar_to_sacute	Westen“ (Tär 198,2); rgyal po ~$ bstan pa	guarded_dollar_scan	low	defer	artifact_or_numeric_noise	0	Dollar token lacks a clean alphabetic Tibetan-transliteration shape.
corrected_text_scan	wts_1_34	53	171	2	9$	9ś	guarded_dollar_to_sacute	7/9$ sdes — bsad „Bhimasena tötete Kicaka“	guarded_dollar_scan	low	defer	artifact_or_numeric_noise	0	Dollar token lacks a clean alphabetic Tibetan-transliteration shape.
corrected_text_scan	wts_1_34	54	176	3	7$	7ś	guarded_dollar_to_sacute	lDe-gtsug-rtsan. — chin. ‰‡@7$ 3 Chin-ch’eng	guarded_dollar_scan	low	defer	artifact_or_numeric_noise	0	Dollar token lacks a clean alphabetic Tibetan-transliteration shape.
corrected_text_scan	wts_1_34	56	94	4	$	ś	guarded_dollar_to_sacute	Wind“ (Siiddh 3.21.9); ~$ khrag dran „Blut	guarded_dollar_scan	low	defer	artifact_or_numeric_noise	0	Dollar token lacks a clean alphabetic Tibetan-transliteration shape.
corrected_text_scan	wts_1_34	57	180	2	7$7	7ś7	guarded_dollar_to_sacute	ཀུ་ཙི་ ku /7$7 ~ chin. ®T- ku-tzu Hirse.	guarded_dollar_scan	low	defer	artifact_or_numeric_noise	0	Dollar token lacks a clean alphabetic Tibetan-transliteration shape.
corrected_text_scan	wts_1_34	60	161	4	$77	ś77	guarded_dollar_to_sacute	lo sdom pa’i $77/77 po de kho na 77: bsdus pa slob	guarded_dollar_scan	low	defer	artifact_or_numeric_noise	0	Dollar token lacks a clean alphabetic Tibetan-transliteration shape.
corrected_text_scan	wts_1_34	66	86	3	$	ś	guarded_dollar_to_sacute	Ed.: Derge-Kanjur, $€ rab sna tshogs, ka 142a4-143b5. Skt.: Varpya 1961, Bd. 1, pp.	guarded_dollar_scan	low	defer	artifact_or_numeric_noise	0	Dollar token lacks a clean alphabetic Tibetan-transliteration shape.
corrected_text_scan	wts_1_34	68	115	2	$77	ś77	guarded_dollar_to_sacute	ཀུན་སྙིང་ kun $77//2	guarded_dollar_scan	low	defer	artifact_or_numeric_noise	0	Dollar token lacks a clean alphabetic Tibetan-transliteration shape.
corrected_text_scan	wts_1_34	68	165	9	$77	ś77	guarded_dollar_to_sacute	ཀུན་སྙིང་ kun 577/77 Kurzf. f. [5//77 dga’ $77/77 po,	guarded_dollar_scan	low	defer	artifact_or_numeric_noise	0	Dollar token lacks a clean alphabetic Tibetan-transliteration shape.
corrected_text_scan	wts_1_34	71	223	7	$	ś	guarded_dollar_to_sacute	zla ba dan / ni ma ¢ 977/$ ... lag pas ’dzin cin	guarded_dollar_scan	low	defer	artifact_or_numeric_noise	0	Dollar token lacks a clean alphabetic Tibetan-transliteration shape.
corrected_text_scan	wts_1_34	72	66	10	$	ś	guarded_dollar_to_sacute	pa skye / skom pas ji ltar smig rgyu la / ~$	guarded_dollar_scan	low	defer	artifact_or_numeric_noise	0	Dollar token lacks a clean alphabetic Tibetan-transliteration shape.
corrected_text_scan	wts_1_34	80	15	11	$	ś	guarded_dollar_to_sacute	par byan ba Zes bya ba de ni mtha’ 977/$ so „das,	guarded_dollar_scan	low	defer	artifact_or_numeric_noise	0	Dollar token lacks a clean alphabetic Tibetan-transliteration shape.
corrected_text_scan	wts_1_34	81	156	2	9$	9ś	guarded_dollar_to_sacute	7/9$ pa’i dban gis ri dags rnams ni kun nas	guarded_dollar_scan	low	defer	artifact_or_numeric_noise	0	Dollar token lacks a clean alphabetic Tibetan-transliteration shape.
corrected_text_scan	wts_1_34	83	119	3	$	ś	guarded_dollar_to_sacute	ཀུན་ཕན་སྙིང་རྗེའི་གཅེས་ཕྲུག་ kun phan $?7/?7 rje’i gces	guarded_dollar_scan	low	defer	artifact_or_numeric_noise	0	Dollar token lacks a clean alphabetic Tibetan-transliteration shape.
corrected_text_scan	wts_1_34	83	196	4	$	ś	guarded_dollar_to_sacute	’gogpa dan / lam €$ so „was ist Wissen? Es ist	guarded_dollar_scan	low	defer	artifact_or_numeric_noise	0	Dollar token lacks a clean alphabetic Tibetan-transliteration shape.
corrected_text_scan	wts_1_34	84	181	1	$	ś	guarded_dollar_to_sacute	— £€$ pa ... bsgom par bya „man soll über das	guarded_dollar_scan	low	defer	artifact_or_numeric_noise	0	Dollar token lacks a clean alphabetic Tibetan-transliteration shape.
corrected_text_scan	wts_1_34	85	128	6	$	ś	guarded_dollar_to_sacute	ཀུན་གཞི་རྣམ་པར་ཤེས་པ་ kun gZi rmam par 4€$ pa,	guarded_dollar_scan	low	defer	artifact_or_numeric_noise	0	Dollar token lacks a clean alphabetic Tibetan-transliteration shape.
corrected_text_scan	wts_1_34	85	151	8	$	ś	guarded_dollar_to_sacute	gnas la len pa’i nam par 4©$ pa Aid dan / sems	guarded_dollar_scan	low	defer	artifact_or_numeric_noise	0	Dollar token lacks a clean alphabetic Tibetan-transliteration shape.
corrected_text_scan	wts_1_34	87	33	7	$	ś	guarded_dollar_to_sacute	ཀུན་ཤེས arg kun ses ko’n dinya Ikun $ kau	guarded_dollar_scan	low	defer	artifact_or_numeric_noise	0	Dollar token lacks a clean alphabetic Tibetan-transliteration shape.
corrected_text_scan	wts_1_34	87	35	3	$	ś	guarded_dollar_to_sacute	ཀུན་ཤེས་ཀོ་ཏཱི་ནུ་ kun 4€$ kau ndi nya, auch kun ses	guarded_dollar_scan	low	defer	artifact_or_numeric_noise	0	Dollar token lacks a clean alphabetic Tibetan-transliteration shape.
corrected_text_scan	wts_1_34	87	79	4	$	ś	guarded_dollar_to_sacute	g.yan dkar 977/$ / mo ma — gsum „erstens der	guarded_dollar_scan	low	defer	artifact_or_numeric_noise	0	Dollar token lacks a clean alphabetic Tibetan-transliteration shape.
corrected_text_scan	wts_1_34	87	139	7	$	ś	guarded_dollar_to_sacute	dban po 77/ Su rtsa 977/$ kyi min); —r gyis sig =	guarded_dollar_scan	low	defer	artifact_or_numeric_noise	0	Dollar token lacks a clean alphabetic Tibetan-transliteration shape.
corrected_text_scan	wts_1_34	87	175	4	9469$	9469ś	guarded_dollar_to_sacute	ཀུན་ཤེས་ཤིང་གཤེགས་པ་ kun Ses Sin 9469$ pa npr. ein	guarded_dollar_scan	low	defer	artifact_or_numeric_noise	0	Dollar token lacks a clean alphabetic Tibetan-transliteration shape.
corrected_text_scan	wts_1_34	87	208	3	$	ś	guarded_dollar_to_sacute	slon 977/$ so „das Hervorbringen von Gedanken; die ursächliche Motivation und die Mo-	guarded_dollar_scan	low	defer	artifact_or_numeric_noise	0	Dollar token lacks a clean alphabetic Tibetan-transliteration shape.
corrected_text_scan	wts_1_34	91	153	2	$	ś	guarded_dollar_to_sacute	Lex. ///$ sogs dran por gyen du ’gren tshul „die	guarded_dollar_scan	low	defer	artifact_or_numeric_noise	0	Dollar token lacks a clean alphabetic Tibetan-transliteration shape.
corrected_text_scan	wts_1_34	93	174	9	$	ś	guarded_dollar_to_sacute	Lex. klu bdud rdo rje rigs 9?7/$ kyi nan tshan	guarded_dollar_scan	low	defer	artifact_or_numeric_noise	0	Dollar token lacks a clean alphabetic Tibetan-transliteration shape.
corrected_text_scan	wts_1_34	94	201	10	$	ś	guarded_dollar_to_sacute	sa sten 'di dag kos g.yogs su / de sed ~$ ga la	guarded_dollar_scan	low	defer	artifact_or_numeric_noise	0	Dollar token lacks a clean alphabetic Tibetan-transliteration shape.
corrected_text_scan	wts_1_34	95	84	1	$	ś	guarded_dollar_to_sacute	$?7//77 bu „ein Werkzeug um kleine Löcher in	guarded_dollar_scan	low	defer	artifact_or_numeric_noise	0	Dollar token lacks a clean alphabetic Tibetan-transliteration shape.
corrected_text_scan	wts_1_34	96	95	5	$	ś	guarded_dollar_to_sacute	ra oleosa (Lour.) Oken = $, trijuga Willd.	guarded_dollar_scan	low	defer	artifact_or_numeric_noise	0	Dollar token lacks a clean alphabetic Tibetan-transliteration shape.
corrected_text_scan	wts_1_34	99	199	1	6$5	6ś5	guarded_dollar_to_sacute	ཀོས་ ངྲ་ £6$5 säun, auch kos smyun schmales	guarded_dollar_scan	low	defer	artifact_or_numeric_noise	0	Dollar token lacks a clean alphabetic Tibetan-transliteration shape.
corrected_text_scan	wts_1_34	102	22	12	$	ś	guarded_dollar_to_sacute	mIshur_ mTshur ston gZon nu sen ge (ca. 1150-1210): 75bad ma $ rab sgron ma. Ed.: Hucon	guarded_dollar_scan	low	defer	artifact_or_numeric_noise	0	Dollar token lacks a clean alphabetic Tibetan-transliteration shape.
corrected_text_scan	wts_1_34	102	46	5	$	ś	guarded_dollar_to_sacute	"Svalp ""Phags pa 4¢$ rab kyi pha rol tu phyin pa yi ge fun nu Zes bya ba theg pa chen po’i mdo /"	guarded_dollar_scan	low	defer	artifact_or_numeric_noise	0	Dollar token lacks a clean alphabetic Tibetan-transliteration shape.
corrected_text_scan	wts_1_34	102	85	13	$	ś	guarded_dollar_to_sacute	of Herbert V. Guenther on his sixtieth birthday. Ed. byL.S.K. and K. $. Emeryville: Dharma	guarded_dollar_scan	low	defer	artifact_or_numeric_noise	0	Dollar token lacks a clean alphabetic Tibetan-transliteration shape.
corrected_text_scan	wts_1_34	103	110	7	$	ś	guarded_dollar_to_sacute	AIR kyan (nach -g, -d, -b, ~$ und ausgefallenem	guarded_dollar_scan	low	defer	artifact_or_numeric_noise	0	Dollar token lacks a clean alphabetic Tibetan-transliteration shape.
corrected_text_scan	wts_1_34	104	189	5	$	ś	guarded_dollar_to_sacute	ཀྱི་ 'kyi (nach -d, -b, -$), gi (nach -g und -n), gi	guarded_dollar_scan	low	defer	artifact_or_numeric_noise	0	Dollar token lacks a clean alphabetic Tibetan-transliteration shape.
corrected_text_scan	wts_1_34	106	3	7	$	ś	guarded_dollar_to_sacute	5 ཨ་ཙརྨ་ཡེ་ཤེས་དབང་པོ་ kyi a tsarya ye 4©$ dbaṅ po	guarded_dollar_scan	low	defer	artifact_or_numeric_noise	0	Dollar token lacks a clean alphabetic Tibetan-transliteration shape.
corrected_text_scan	wts_1_34	106	9	5	$	ś	guarded_dollar_to_sacute	ཀྱིན་ kyin (nach -d, -b, ~$ und ausgefallenem	guarded_dollar_scan	low	defer	artifact_or_numeric_noise	0	Dollar token lacks a clean alphabetic Tibetan-transliteration shape.
corrected_text_scan	wts_1_34	106	40	5	$	ś	guarded_dollar_to_sacute	ཀྱིས་ kyis (nach -d, -b, ~$), gis (nach -g und -7),	guarded_dollar_scan	low	defer	artifact_or_numeric_noise	0	Dollar token lacks a clean alphabetic Tibetan-transliteration shape.
corrected_text_scan	wts_1_34	107	77	5	$77	ś77	guarded_dollar_to_sacute	kyi hud sems can $77/77 re rje (metr.) „o weh, o	guarded_dollar_scan	low	defer	artifact_or_numeric_noise	0	Dollar token lacks a clean alphabetic Tibetan-transliteration shape.
corrected_text_scan	wts_1_34	110	167	3	74$	74ś	guarded_dollar_to_sacute	ཀླད་ཚས་ klad /5/74$	guarded_dollar_scan	low	defer	artifact_or_numeric_noise	0	Dollar token lacks a clean alphabetic Tibetan-transliteration shape.
corrected_text_scan	wts_1_34	111	50	3	46$	46ś	guarded_dollar_to_sacute	ཀླན་ཡེ་ཤེས་ཤེས་རབ་ klan ye 46$ sesrab N. eines der	guarded_dollar_scan	low	defer	artifact_or_numeric_noise	0	Dollar token lacks a clean alphabetic Tibetan-transliteration shape.
corrected_text_scan	wts_1_34	112	135	1	$11111	ś11111	guarded_dollar_to_sacute	$11111-[)0 wurde nicht zum Gabenherren“	guarded_dollar_scan	low	defer	artifact_or_numeric_noise	0	Dollar token lacks a clean alphabetic Tibetan-transliteration shape.
corrected_text_scan	wts_1_34	116	58	2	5$	5ś	guarded_dollar_to_sacute	galtena ༡~5$ ... ’tsho ba daṅ bcas pa id gton pa	guarded_dollar_scan	low	defer	artifact_or_numeric_noise	0	Dollar token lacks a clean alphabetic Tibetan-transliteration shape.
corrected_text_scan	wts_1_34	121	14	7	$	ś	guarded_dollar_to_sacute	47,12); gnag dan — dan 977/$ ka’ las (metr.)	guarded_dollar_scan	low	defer	artifact_or_numeric_noise	0	Dollar token lacks a clean alphabetic Tibetan-transliteration shape.
corrected_text_scan	wts_1_34	121	41	1	$	ś	guarded_dollar_to_sacute	$?70 — tsam „zartes Hellblau“ (brDa); — skya	guarded_dollar_scan	low	defer	artifact_or_numeric_noise	0	Dollar token lacks a clean alphabetic Tibetan-transliteration shape.
corrected_text_scan	wts_1_34	123	146	2	7777$	7777ś	guarded_dollar_to_sacute	དཀར་འབྱམས་ dkar //7777$ intensiv weiß.	guarded_dollar_scan	low	defer	artifact_or_numeric_noise	0	Dollar token lacks a clean alphabetic Tibetan-transliteration shape.
corrected_text_scan	wts_1_34	125	94	8	$	ś	guarded_dollar_to_sacute	„Hüfte“ (Bon 20,21); — //0 che ba = ///$ sbom	guarded_dollar_scan	low	defer	artifact_or_numeric_noise	0	Dollar token lacks a clean alphabetic Tibetan-transliteration shape.
corrected_text_scan	wts_1_34	128	171	9	$	ś	guarded_dollar_to_sacute	(Rgs 5.62); rgya mtsho’i mtha’ la thug pa’i $;	guarded_dollar_scan	low	defer	artifact_or_numeric_noise	0	Dollar token lacks a clean alphabetic Tibetan-transliteration shape.
corrected_text_scan	wts_1_34	130	199	1	0$	0ś	guarded_dollar_to_sacute	-.› £0$ dag gis — te „er umhüllte den Kasten	guarded_dollar_scan	low	defer	artifact_or_numeric_noise	0	Dollar token lacks a clean alphabetic Tibetan-transliteration shape.
corrected_text_scan	wts_1_34	131	127	7	$5	ś5	guarded_dollar_to_sacute	verwirrt sind“ (Samv 18.19c); de 977/$5 kyis	guarded_dollar_scan	low	defer	artifact_or_numeric_noise	0	Dollar token lacks a clean alphabetic Tibetan-transliteration shape.
corrected_text_scan	wts_1_34	132	22	1	$7	ś7	guarded_dollar_to_sacute	$7/ sian rnams kyan — „sie schlugen auch	guarded_dollar_scan	low	defer	artifact_or_numeric_noise	0	Dollar token lacks a clean alphabetic Tibetan-transliteration shape.
corrected_text_scan	wts_1_34	133	7	3	$	ś	guarded_dollar_to_sacute	Lex. — 977/$ pa = lan gfüis pa „das zweite Mal“	guarded_dollar_scan	low	defer	artifact_or_numeric_noise	0	Dollar token lacks a clean alphabetic Tibetan-transliteration shape.
corrected_text_scan	wts_1_34	135	112	7	$	ś	guarded_dollar_to_sacute	pa lha sku phren la Zal $¢ bka’ rgyud Zes bya	guarded_dollar_scan	low	defer	artifact_or_numeric_noise	0	Dollar token lacks a clean alphabetic Tibetan-transliteration shape.
corrected_text_scan	wts_1_34	144	109	9	776$	776ś	guarded_dollar_to_sacute	fanten“ (Suv 146,23); kbo bo nid kyi 776$ par	guarded_dollar_scan	low	defer	artifact_or_numeric_noise	0	Dollar token lacks a clean alphabetic Tibetan-transliteration shape.
corrected_text_scan	wts_1_34	144	118	7	$	ś	guarded_dollar_to_sacute	(ViśT 232,25); ’dul mnon 977/$ kyi dpe cha	guarded_dollar_scan	low	defer	artifact_or_numeric_noise	0	Dollar token lacks a clean alphabetic Tibetan-transliteration shape.
corrected_text_scan	wts_1_34	144	190	2	$750	ś750	guarded_dollar_to_sacute	fen“ ($750 162); bsäen par rdzogs par bya ba	guarded_dollar_scan	low	defer	artifact_or_numeric_noise	0	Dollar token lacks a clean alphabetic Tibetan-transliteration shape.
corrected_text_scan	wts_1_34	146	30	4	$	ś	guarded_dollar_to_sacute	Lex. — ba = /7€$ pa (brDa).	guarded_dollar_scan	low	defer	artifact_or_numeric_noise	0	Dollar token lacks a clean alphabetic Tibetan-transliteration shape.
corrected_text_scan	wts_1_34	150	17	1	$20	ś20	guarded_dollar_to_sacute	$20); rabs chad dam bkyon bab na yaṅ „auch	guarded_dollar_scan	low	defer	artifact_or_numeric_noise	0	Dollar token lacks a clean alphabetic Tibetan-transliteration shape.
corrected_text_scan	wts_1_34	150	202	8	$	ś	guarded_dollar_to_sacute	ba’am phun sum tshogs pa’i don „1. $, v. das	guarded_dollar_scan	low	defer	artifact_or_numeric_noise	0	Dollar token lacks a clean alphabetic Tibetan-transliteration shape.
corrected_text_scan	wts_1_34	151	118	2	$	ś	guarded_dollar_to_sacute	བཀྲ་ཤིས་དུང་ bkra £$ dun eine Art Trompeten-	guarded_dollar_scan	low	defer	artifact_or_numeric_noise	0	Dollar token lacks a clean alphabetic Tibetan-transliteration shape.
corrected_text_scan	wts_1_34	151	137	9	$	ś	guarded_dollar_to_sacute	(Suv 103,11, skt. 132,1); bkra mi ¡$ pa ’di	guarded_dollar_scan	low	defer	artifact_or_numeric_noise	0	Dollar token lacks a clean alphabetic Tibetan-transliteration shape.
corrected_text_scan	wts_1_34	151	173	2	47$	47ś	guarded_dollar_to_sacute	བཀྲ་ཤིས་རྫས་བརྒྱད་ bkra 47$ rdzas brgyad die acht	guarded_dollar_scan	low	defer	artifact_or_numeric_noise	0	Dollar token lacks a clean alphabetic Tibetan-transliteration shape.
corrected_text_scan	wts_1_34	152	164	8	$77	ś77	guarded_dollar_to_sacute	und wusch sie“ (PT1289 12); gzugs can $77/72	guarded_dollar_scan	low	defer	artifact_or_numeric_noise	0	Dollar token lacks a clean alphabetic Tibetan-transliteration shape.
corrected_text_scan	wts_1_34	152	206	4	$	ś	guarded_dollar_to_sacute	rgya dpun 07($) mdun nas dkris (r. —) te „die	guarded_dollar_scan	low	defer	artifact_or_numeric_noise	0	Dollar token lacks a clean alphabetic Tibetan-transliteration shape.
corrected_text_scan	wts_1_34	155	68	8	$77	ś77	guarded_dollar_to_sacute	(Prav 34,7); rgyal po gzugs can $77//? pos 'phrin	guarded_dollar_scan	low	defer	artifact_or_numeric_noise	0	Dollar token lacks a clean alphabetic Tibetan-transliteration shape.
corrected_text_scan	wts_1_34	156	211	5	$	ś	guarded_dollar_to_sacute	tshe {b}rkan 977/$ gtso bo khyed bltams tshe / sa	guarded_dollar_scan	low	defer	artifact_or_numeric_noise	0	Dollar token lacks a clean alphabetic Tibetan-transliteration shape.
corrected_text_scan	wts_1_34	158	48	3	$	ś	guarded_dollar_to_sacute	25647); — 977/$ bkrus nas „als er sich beide	guarded_dollar_scan	low	defer	artifact_or_numeric_noise	0	Dollar token lacks a clean alphabetic Tibetan-transliteration shape.
corrected_text_scan	wts_1_34	158	201	4	9$	9ś	guarded_dollar_to_sacute	རྐང་པ་ཞིགས་པ་ rkan pa 2:9$ pa eine Hautkrank-	guarded_dollar_scan	low	defer	artifact_or_numeric_noise	0	Dollar token lacks a clean alphabetic Tibetan-transliteration shape.
corrected_text_scan	wts_1_34	159	167	5	74$	74ś	guarded_dollar_to_sacute	རྐང་ཟུག་ཡ་གཅིག་འཇས་པ་ rkan zug ya gcig 74$ pa	guarded_dollar_scan	low	defer	artifact_or_numeric_noise	0	Dollar token lacks a clean alphabetic Tibetan-transliteration shape.
corrected_text_scan	wts_1_34	161	171	8	$	ś	guarded_dollar_to_sacute	dag tu ni / gnas ni 9?7/$ 977/5 dag tu gtsug „an der	guarded_dollar_scan	low	defer	artifact_or_numeric_noise	0	Dollar token lacks a clean alphabetic Tibetan-transliteration shape.
corrected_text_scan	wts_1_34	161	177	5	$	ś	guarded_dollar_to_sacute	rkub kyi nos 977/$ kyi on do „die beiden Ge-	guarded_dollar_scan	low	defer	artifact_or_numeric_noise	0	Dollar token lacks a clean alphabetic Tibetan-transliteration shape.
corrected_text_scan	wts_1_34	162	15	6	$	ś	guarded_dollar_to_sacute	(Vmst 11c); brla dan —’an ///$ ma yin (metr.)	guarded_dollar_scan	low	defer	artifact_or_numeric_noise	0	Dollar token lacks a clean alphabetic Tibetan-transliteration shape.
corrected_text_scan	wts_1_34	163	67	3	$0	ś0	guarded_dollar_to_sacute	Lex. so — = $0 7 dri, skt. danta-malam „Zahnbelag“ (Mvy 4045).	guarded_dollar_scan	low	defer	artifact_or_numeric_noise	0	Dollar token lacks a clean alphabetic Tibetan-transliteration shape.
corrected_text_scan	wts_1_34	164	10	7	$	ś	guarded_dollar_to_sacute	Lex. rkyan khug= — dan khugpa 977/$ „ausge-	guarded_dollar_scan	low	defer	artifact_or_numeric_noise	0	Dollar token lacks a clean alphabetic Tibetan-transliteration shape.
corrected_text_scan	wts_1_34	164	189	3	$	ś	guarded_dollar_to_sacute	mo 977/$ su ’dod (metr.) „die natürlich erzeugte [d. h. Vokalmusik] und die auf anderer	guarded_dollar_scan	low	defer	artifact_or_numeric_noise	0	Dollar token lacks a clean alphabetic Tibetan-transliteration shape.
corrected_text_scan	wts_1_34	165	12	6	$	ś	guarded_dollar_to_sacute	mams ’chi ba’i — 9?7/$ te (metr.) „es gibt zwei	guarded_dollar_scan	low	defer	artifact_or_numeric_noise	0	Dollar token lacks a clean alphabetic Tibetan-transliteration shape.
corrected_text_scan	wts_1_34	165	43	4	$	ś	guarded_dollar_to_sacute	174a1); rgyu 977/$ dan — 977/$ kyis tshe rin bar	guarded_dollar_scan	low	defer	artifact_or_numeric_noise	0	Dollar token lacks a clean alphabetic Tibetan-transliteration shape.
corrected_text_scan	wts_1_34	165	43	7	$	ś	guarded_dollar_to_sacute	174a1); rgyu 977/$ dan — 977/$ kyis tshe rin bar	guarded_dollar_scan	low	defer	artifact_or_numeric_noise	0	Dollar token lacks a clean alphabetic Tibetan-transliteration shape.
corrected_text_scan	wts_1_34	165	148	3	$751	ś751	guarded_dollar_to_sacute	Existenzgrundlage aus“ ($751 41b2).	guarded_dollar_scan	low	defer	artifact_or_numeric_noise	0	Dollar token lacks a clean alphabetic Tibetan-transliteration shape.
corrected_text_scan	wts_1_34	170	40	3	$	ś	guarded_dollar_to_sacute	cigbZinirab 4€$ pas (metr.) „Verschiedenheit,	guarded_dollar_scan	low	defer	artifact_or_numeric_noise	0	Dollar token lacks a clean alphabetic Tibetan-transliteration shape.
corrected_text_scan	wts_1_34	170	51	2	$777	ś777	guarded_dollar_to_sacute	སྐད་སྙན་པ་ skad $777/7 pa	guarded_dollar_scan	low	defer	artifact_or_numeric_noise	0	Dollar token lacks a clean alphabetic Tibetan-transliteration shape.
corrected_text_scan	wts_1_34	170	56	3	$	ś	guarded_dollar_to_sacute	སྐད་གཅིག་ skad gcig †$/97 cig ma.	guarded_dollar_scan	low	defer	artifact_or_numeric_noise	0	Dollar token lacks a clean alphabetic Tibetan-transliteration shape.
corrected_text_scan	wts_1_34	170	87	5	$	ś	guarded_dollar_to_sacute	wird]“ (brDa); skad 977/$ dban phyug = lo tsa	guarded_dollar_scan	low	defer	artifact_or_numeric_noise	0	Dollar token lacks a clean alphabetic Tibetan-transliteration shape.
corrected_text_scan	wts_1_34	172	91	5	$	ś	guarded_dollar_to_sacute	nin ga da 977/$ skad mtho dman ran pa dan /	guarded_dollar_scan	low	defer	artifact_or_numeric_noise	0	Dollar token lacks a clean alphabetic Tibetan-transliteration shape.
corrected_text_scan	wts_1_34	175	86	5	$	ś	guarded_dollar_to_sacute	bskams pa’i don „1, $, v. sehr getrocknet“	guarded_dollar_scan	low	defer	artifact_or_numeric_noise	0	Dollar token lacks a clean alphabetic Tibetan-transliteration shape.
corrected_text_scan	wts_1_34	175	184	8	$	ś	guarded_dollar_to_sacute	Lex. ske rtson = ske —’i don „1. $, v. dünner	guarded_dollar_scan	low	defer	artifact_or_numeric_noise	0	Dollar token lacks a clean alphabetic Tibetan-transliteration shape.
corrected_text_scan	wts_1_34	176	93	11	$	ś	guarded_dollar_to_sacute	rkan pa bkrus ma thag / — na zla ba 9?7/$ na	guarded_dollar_scan	low	defer	artifact_or_numeric_noise	0	Dollar token lacks a clean alphabetic Tibetan-transliteration shape.
corrected_text_scan	wts_1_34	176	124	10	$	ś	guarded_dollar_to_sacute	sein“ (Vdk 2: 380,6); śa — khog 9?7/$ ston dan	guarded_dollar_scan	low	defer	artifact_or_numeric_noise	0	Dollar token lacks a clean alphabetic Tibetan-transliteration shape.
corrected_text_scan	wts_1_34	180	127	4	77$	77ś	guarded_dollar_to_sacute	(Megh 75a); mtho 77$ bgrod pa’i — ka yin	guarded_dollar_scan	low	defer	artifact_or_numeric_noise	0	Dollar token lacks a clean alphabetic Tibetan-transliteration shape.
corrected_text_scan	wts_1_34	180	141	6	$	ś	guarded_dollar_to_sacute	402,5); ha’ rmu — ... la ¢$ nas mi’i yul du	guarded_dollar_scan	low	defer	artifact_or_numeric_noise	0	Dollar token lacks a clean alphabetic Tibetan-transliteration shape.
corrected_text_scan	wts_1_34	182	28	5	$	ś	guarded_dollar_to_sacute	སྐུ་ཁོག་ sku khog resp. für ///$ khog Medium.	guarded_dollar_scan	low	defer	artifact_or_numeric_noise	0	Dollar token lacks a clean alphabetic Tibetan-transliteration shape.
corrected_text_scan	wts_1_34	182	133	1	$	ś	guarded_dollar_to_sacute	སྐུ་རྒྱལ་ $/5// royal.	guarded_dollar_scan	low	defer	artifact_or_numeric_noise	0	Dollar token lacks a clean alphabetic Tibetan-transliteration shape.
corrected_text_scan	wts_1_34	184	211	1	$	ś	guarded_dollar_to_sacute	$€ pa za ’og gi sbubs su bZugs ’dug „der große	guarded_dollar_scan	low	defer	artifact_or_numeric_noise	0	Dollar token lacks a clean alphabetic Tibetan-transliteration shape.
corrected_text_scan	wts_1_34	185	128	3	$	ś	guarded_dollar_to_sacute	tsbo 977/$ ma Regierungsvertreter zweiten	guarded_dollar_scan	low	defer	artifact_or_numeric_noise	0	Dollar token lacks a clean alphabetic Tibetan-transliteration shape.
corrected_text_scan	wts_1_34	185	132	3	$	ś	guarded_dollar_to_sacute	— tsho £77/$ ma ... la bod gis dan a drun re /	guarded_dollar_scan	low	defer	artifact_or_numeric_noise	0	Dollar token lacks a clean alphabetic Tibetan-transliteration shape.
corrected_text_scan	wts_1_34	186	109	4	$	ś	guarded_dollar_to_sacute	Lex. /der bzo $/9// brfüan „Statue, Abbild aus	guarded_dollar_scan	low	defer	artifact_or_numeric_noise	0	Dollar token lacks a clean alphabetic Tibetan-transliteration shape.
corrected_text_scan	wts_1_34	186	201	2	9669$5	9669ś5	guarded_dollar_to_sacute	སྐུ་གཤེགས་ sku 9669$5 resp. sterben, verscheiden.	guarded_dollar_scan	low	defer	artifact_or_numeric_noise	0	Dollar token lacks a clean alphabetic Tibetan-transliteration shape.
corrected_text_scan	wts_1_34	187	37	2	9$	9ś	guarded_dollar_to_sacute	སྐུ་གསུམ་ sku 9$//777 die drei Körper [des	guarded_dollar_scan	low	defer	artifact_or_numeric_noise	0	Dollar token lacks a clean alphabetic Tibetan-transliteration shape.
corrected_text_scan	wts_1_34	188	159	3	$	ś	guarded_dollar_to_sacute	སྐུར་མཁར་ skur mkhar [$/9/¢ mkbhar.	guarded_dollar_scan	low	defer	artifact_or_numeric_noise	0	Dollar token lacks a clean alphabetic Tibetan-transliteration shape.
corrected_text_scan	wts_1_34	189	79	3	$	ś	guarded_dollar_to_sacute	Lex. ¬ ba = /¢$ ka la — bZin pa „zur Arbeit	guarded_dollar_scan	low	defer	artifact_or_numeric_noise	0	Dollar token lacks a clean alphabetic Tibetan-transliteration shape.
corrected_text_scan	wts_1_34	189	91	1	$07	ś07	guarded_dollar_to_sacute	$07 min).	guarded_dollar_scan	low	defer	artifact_or_numeric_noise	0	Dollar token lacks a clean alphabetic Tibetan-transliteration shape.
corrected_text_scan	wts_1_34	190	92	10	$	ś	guarded_dollar_to_sacute	can lus — lta bu „wie: krank, körperlich abgemagert“ (brDa); ///$ — sa med pa „mager,	guarded_dollar_scan	low	defer	artifact_or_numeric_noise	0	Dollar token lacks a clean alphabetic Tibetan-transliteration shape.
corrected_text_scan	wts_1_34	190	198	6	7$	7ś	guarded_dollar_to_sacute	སྐོང་ ’skoṅ pf. 1/5/50/7$ herbeirufen.	guarded_dollar_scan	low	defer	artifact_or_numeric_noise	0	Dollar token lacks a clean alphabetic Tibetan-transliteration shape.
corrected_text_scan	wts_1_34	191	176	2	$77695	ś77695	guarded_dollar_to_sacute	སྐོམ་སྙེགས་ skom $77695 durstig.	guarded_dollar_scan	low	defer	artifact_or_numeric_noise	0	Dollar token lacks a clean alphabetic Tibetan-transliteration shape.
corrected_text_scan	wts_1_34	191	195	4	$77695	ś77695	guarded_dollar_to_sacute	Lex. siehe skom $77695 (brDa).	guarded_dollar_scan	low	defer	artifact_or_numeric_noise	0	Dollar token lacks a clean alphabetic Tibetan-transliteration shape.
corrected_text_scan	wts_1_34	193	61	6	00$	00ś	guarded_dollar_to_sacute	སྐོས་ཤམ་ skos śam Plan, Anordnung; vgl. [©00$	guarded_dollar_scan	low	defer	artifact_or_numeric_noise	0	Dollar token lacks a clean alphabetic Tibetan-transliteration shape.
corrected_text_scan	wts_1_34	193	145	6	7$	7ś	guarded_dollar_to_sacute	"སྐྱ་ ""skya pf. 1/5/52/7$, fut. !bskya; vgl. Iskyas."	guarded_dollar_scan	low	defer	artifact_or_numeric_noise	0	Dollar token lacks a clean alphabetic Tibetan-transliteration shape.
corrected_text_scan	wts_1_34	194	95	3	$	ś	guarded_dollar_to_sacute	སྐྱ་བ་ 'skya ba †$/2)/7.	guarded_dollar_scan	low	defer	artifact_or_numeric_noise	0	Dollar token lacks a clean alphabetic Tibetan-transliteration shape.
corrected_text_scan	wts_1_34	197	40	3	$77	ś77	guarded_dollar_to_sacute	ji srid $77/77 po byan chub bar / dge ’dun la ni	guarded_dollar_scan	low	defer	artifact_or_numeric_noise	0	Dollar token lacks a clean alphabetic Tibetan-transliteration shape.
corrected_text_scan	wts_1_34	197	86	4	$	ś	guarded_dollar_to_sacute	Lex. rkan 977/$ kyi mchog sans rgyas la —’0 =	guarded_dollar_scan	low	defer	artifact_or_numeric_noise	0	Dollar token lacks a clean alphabetic Tibetan-transliteration shape.
corrected_text_scan	wts_1_34	197	134	2	5$	5ś	guarded_dollar_to_sacute	སྐྱའོ་ skya’o [5$/57/7 bo.	guarded_dollar_scan	low	defer	artifact_or_numeric_noise	0	Dollar token lacks a clean alphabetic Tibetan-transliteration shape.
corrected_text_scan	wts_1_34	198	94	1	$5	ś5	guarded_dollar_to_sacute	སྐྱི་འདང་ $5)/7 ’daṅ Fluß.	guarded_dollar_scan	low	defer	artifact_or_numeric_noise	0	Dollar token lacks a clean alphabetic Tibetan-transliteration shape.
corrected_text_scan	wts_1_34	198	152	9	9$	9ś	guarded_dollar_to_sacute	Lex. skyi ’buns ya na = chos kyi 7/9$ su run	guarded_dollar_scan	low	defer	artifact_or_numeric_noise	0	Dollar token lacks a clean alphabetic Tibetan-transliteration shape.
corrected_text_scan	wts_1_34	198	173	4	9$	9ś	guarded_dollar_to_sacute	ba „das Schaudern“ = ?//9$ su run ba’am — ba	guarded_dollar_scan	low	defer	artifact_or_numeric_noise	0	Dollar token lacks a clean alphabetic Tibetan-transliteration shape.
corrected_text_scan	wts_1_34	199	107	1	$	ś	guarded_dollar_to_sacute	སྐྱིད་སྡུག་ $/75)/77 sdug Glück und Leid, Schicksal,	guarded_dollar_scan	low	defer	artifact_or_numeric_noise	0	Dollar token lacks a clean alphabetic Tibetan-transliteration shape.
corrected_text_scan	wts_1_34	200	6	5	$750	ś750	guarded_dollar_to_sacute	kon [ins Amt] ein“ ($750 111); ’phags pa	guarded_dollar_scan	low	defer	artifact_or_numeric_noise	0	Dollar token lacks a clean alphabetic Tibetan-transliteration shape.
corrected_text_scan	wts_1_34	202	141	3	$	ś	guarded_dollar_to_sacute	77 977/$ / brjed pa dan ni bor ba zad pa’i don	guarded_dollar_scan	low	defer	artifact_or_numeric_noise	0	Dollar token lacks a clean alphabetic Tibetan-transliteration shape.
corrected_text_scan	wts_1_34	203	32	3	$	ś	guarded_dollar_to_sacute	སྒྱུར་མོ་ skyur mo † $/57///7ˆ po.	guarded_dollar_scan	low	defer	artifact_or_numeric_noise	0	Dollar token lacks a clean alphabetic Tibetan-transliteration shape.
corrected_text_scan	wts_1_34	203	64	3	$	ś	guarded_dollar_to_sacute	སྐྱར་རུམ་ skyur rum [$/©7/// rum.	guarded_dollar_scan	low	defer	artifact_or_numeric_noise	0	Dollar token lacks a clean alphabetic Tibetan-transliteration shape.
corrected_text_scan	wts_1_34	204	111	3	$	ś	guarded_dollar_to_sacute	25b1); bkra ¡$ des ni — rnams la Zi byed śog	guarded_dollar_scan	low	defer	artifact_or_numeric_noise	0	Dollar token lacks a clean alphabetic Tibetan-transliteration shape.
corrected_text_scan	wts_1_34	206	16	6	$	ś	guarded_dollar_to_sacute	hatten“ (Kävyäd 1.9a); —... kun 6©$ par byed	guarded_dollar_scan	low	defer	artifact_or_numeric_noise	0	Dollar token lacks a clean alphabetic Tibetan-transliteration shape.
corrected_text_scan	wts_1_34	211	172	1	$	ś	guarded_dollar_to_sacute	$/¢ — „zu einem Ort begleiten“ (Bon 25,3).	guarded_dollar_scan	low	defer	artifact_or_numeric_noise	0	Dollar token lacks a clean alphabetic Tibetan-transliteration shape.
corrected_text_scan	wts_1_34	217	109	1	$	ś	guarded_dollar_to_sacute	སྐྱོགས་ $/52/093-	guarded_dollar_scan	low	defer	artifact_or_numeric_noise	0	Dollar token lacks a clean alphabetic Tibetan-transliteration shape.
corrected_text_scan	wts_1_34	217	172	9	$	ś	guarded_dollar_to_sacute	114,10); blon po yis / skye bo ma ///$ — byed	guarded_dollar_scan	low	defer	artifact_or_numeric_noise	0	Dollar token lacks a clean alphabetic Tibetan-transliteration shape.
corrected_text_scan	wts_1_34	218	47	6	$	ś	guarded_dollar_to_sacute	skyon ran (r.rab) dan / gdan $? bya ba dan /	guarded_dollar_scan	low	defer	artifact_or_numeric_noise	0	Dollar token lacks a clean alphabetic Tibetan-transliteration shape.
corrected_text_scan	wts_1_34	219	216	8	9$	9ś	guarded_dollar_to_sacute	dem Tod“ (T1748 126b2); su Zig 7:9$ chen	guarded_dollar_scan	low	defer	artifact_or_numeric_noise	0	Dollar token lacks a clean alphabetic Tibetan-transliteration shape.
corrected_text_scan	wts_1_34	222	108	2	2777$	2777ś	guarded_dollar_to_sacute	སྐྲ་ཟིངས་ skra 2777$	guarded_dollar_scan	low	defer	artifact_or_numeric_noise	0	Dollar token lacks a clean alphabetic Tibetan-transliteration shape.
corrected_text_scan	wts_1_34	223	163	3	$	ś	guarded_dollar_to_sacute	སྐྲངས་འབུར་ skrans ’bur [$/57%2 77;	guarded_dollar_scan	low	defer	artifact_or_numeric_noise	0	Dollar token lacks a clean alphabetic Tibetan-transliteration shape.
corrected_text_scan	wts_1_34	226	205	3	9$0	9ś0	guarded_dollar_to_sacute	nams chag 9$0 ba’i cho ga lta bur „wie: die	guarded_dollar_scan	low	defer	artifact_or_numeric_noise	0	Dollar token lacks a clean alphabetic Tibetan-transliteration shape.
corrected_text_scan	wts_1_34	230	33	7	$	ś	guarded_dollar_to_sacute	ativ mit der Anbindung eines einzelnen ~$	guarded_dollar_scan	low	defer	artifact_or_numeric_noise	0	Dollar token lacks a clean alphabetic Tibetan-transliteration shape.
corrected_text_scan	wts_1_34	232	5	5	$	ś	guarded_dollar_to_sacute	pa’i bcu 9?7/$ — du 7757 ba „die Berechnung	guarded_dollar_scan	low	defer	artifact_or_numeric_noise	0	Dollar token lacks a clean alphabetic Tibetan-transliteration shape.
corrected_text_scan	wts_1_34	232	189	6	$	ś	guarded_dollar_to_sacute	hatte“ (8750 64); de 977/$ kyis ... mchod rten	guarded_dollar_scan	low	defer	artifact_or_numeric_noise	0	Dollar token lacks a clean alphabetic Tibetan-transliteration shape.
corrected_text_scan	wts_1_34	233	18	6	$	ś	guarded_dollar_to_sacute	khyod dan na ran 077/$ / b(s)kos than khra dan	guarded_dollar_scan	low	defer	artifact_or_numeric_noise	0	Dollar token lacks a clean alphabetic Tibetan-transliteration shape.
corrected_text_scan	wts_1_34	237	103	6	1$57	1ś57	guarded_dollar_to_sacute	བསྐྲད་ bskrad pf. bzw. fut. zu 1$57:07 vertrei-	guarded_dollar_scan	low	defer	artifact_or_numeric_noise	0	Dollar token lacks a clean alphabetic Tibetan-transliteration shape.
corrected_text_scan	wts_1_34	242	64	3	$	ś	guarded_dollar_to_sacute	Zes sa ... ~$ ’phul (metr.) „die Ehrerbietung	guarded_dollar_scan	low	defer	artifact_or_numeric_noise	0	Dollar token lacks a clean alphabetic Tibetan-transliteration shape.
corrected_text_scan	wts_1_34	242	112	3	$	ś	guarded_dollar_to_sacute	ཁ་འཁོས་ kha '5/)©$ Zustand, Lebensverhältnis-	guarded_dollar_scan	low	defer	artifact_or_numeric_noise	0	Dollar token lacks a clean alphabetic Tibetan-transliteration shape.
corrected_text_scan	wts_1_34	243	71	2	$77077	ś77077	guarded_dollar_to_sacute	ཁ་སྔོན་ kha $77077 vor.	guarded_dollar_scan	low	defer	artifact_or_numeric_noise	0	Dollar token lacks a clean alphabetic Tibetan-transliteration shape.
corrected_text_scan	wts_1_34	243	189	3	$	ś	guarded_dollar_to_sacute	bsdur slon / ~$ thigs tshags „lotenzeremonien für die Verstorbenen, die [Reparatur	guarded_dollar_scan	low	defer	artifact_or_numeric_noise	0	Dollar token lacks a clean alphabetic Tibetan-transliteration shape.
corrected_text_scan	wts_1_34	245	98	3	$	ś	guarded_dollar_to_sacute	di yi ~$ ci Zig bya (metr.) „was kümmert es	guarded_dollar_scan	low	defer	artifact_or_numeric_noise	0	Dollar token lacks a clean alphabetic Tibetan-transliteration shape.
corrected_text_scan	wts_1_34	248	109	4	$	ś	guarded_dollar_to_sacute	ma tho 977/$ = ran bZin gyi = ni sdig pa / bcas	guarded_dollar_scan	low	defer	artifact_or_numeric_noise	0	Dollar token lacks a clean alphabetic Tibetan-transliteration shape.
corrected_text_scan	wts_1_34	249	92	5	9$	9ś	guarded_dollar_to_sacute	pags pa’i ~ na / 7:9$ pa chen po skye ’gyur bar	guarded_dollar_scan	low	defer	artifact_or_numeric_noise	0	Dollar token lacks a clean alphabetic Tibetan-transliteration shape.
corrected_text_scan	wts_1_34	251	150	5	$	ś	guarded_dollar_to_sacute	Lex. kha 9?7/$ bsdebs su sbyor „zwei Öffnungen miteinander verbinden“ (brDa); kha	guarded_dollar_scan	low	defer	artifact_or_numeric_noise	0	Dollar token lacks a clean alphabetic Tibetan-transliteration shape.
corrected_text_scan	wts_1_34	252	4	1	$	ś	guarded_dollar_to_sacute	$. v. erläutert“ (brDa, Dagy); - ba = brtag	guarded_dollar_scan	low	defer	artifact_or_numeric_noise	0	Dollar token lacks a clean alphabetic Tibetan-transliteration shape.
corrected_text_scan	wts_1_34	252	132	15	$	ś	guarded_dollar_to_sacute	„da er aber nicht nur das Mahäyäna unterstützte“ (Tär 73,13); pha ma 977/$ kyi - dha	guarded_dollar_scan	low	defer	artifact_or_numeric_noise	0	Dollar token lacks a clean alphabetic Tibetan-transliteration shape.
corrected_text_scan	wts_1_34	253	169	8	$	ś	guarded_dollar_to_sacute	~ rdzon chun bZi dan bcas / bcu 977/$ rdzon	guarded_dollar_scan	low	defer	artifact_or_numeric_noise	0	Dollar token lacks a clean alphabetic Tibetan-transliteration shape.
corrected_text_scan	wts_1_34	256	3	2	9649$5	9649ś5	guarded_dollar_to_sacute	ཁ་གཤགས་འགྱེད་ kha £9649$5 9༡/༩7 mit Worten	guarded_dollar_scan	low	defer	artifact_or_numeric_noise	0	Dollar token lacks a clean alphabetic Tibetan-transliteration shape.
corrected_text_scan	wts_1_34	257	100	1	$	ś	guarded_dollar_to_sacute	~$ khams byas śiṅ „die Männer von Khandkar machten Schwierigkeiten“ (Doli	guarded_dollar_scan	low	defer	artifact_or_numeric_noise	0	Dollar token lacks a clean alphabetic Tibetan-transliteration shape.
corrected_text_scan	wts_1_34	259	63	2	$7707775	ś7707775	guarded_dollar_to_sacute	ཁད་སྙོམས་ khad $7707775 gleich aufgeteilt.	guarded_dollar_scan	low	defer	artifact_or_numeric_noise	0	Dollar token lacks a clean alphabetic Tibetan-transliteration shape.
corrected_text_scan	wts_1_34	261	29	5	$751	ś751	guarded_dollar_to_sacute	der Gebiete der Grenzwache“ ($751 40b3);	guarded_dollar_scan	low	defer	artifact_or_numeric_noise	0	Dollar token lacks a clean alphabetic Tibetan-transliteration shape.
corrected_text_scan	wts_1_34	262	55	4	$	ś	guarded_dollar_to_sacute	Tempel“ (Nel 931); - $// byon „er begab	guarded_dollar_scan	low	defer	artifact_or_numeric_noise	0	Dollar token lacks a clean alphabetic Tibetan-transliteration shape.
corrected_text_scan	wts_1_34	262	69	6	$	ś	guarded_dollar_to_sacute	44,1); - rgyud ... mi 077/$ rdzon bda’ Zus pa	guarded_dollar_scan	low	defer	artifact_or_numeric_noise	0	Dollar token lacks a clean alphabetic Tibetan-transliteration shape.
corrected_text_scan	wts_1_34	263	107	3	$	ś	guarded_dollar_to_sacute	nos ... ~ zla $ tshes nan dpal spuns nas btegs	guarded_dollar_scan	low	defer	artifact_or_numeric_noise	0	Dollar token lacks a clean alphabetic Tibetan-transliteration shape.
corrected_text_scan	wts_1_34	263	174	8	$	ś	guarded_dollar_to_sacute	sechs Scheffeln hatten“ (Tär 28,11); 977/$ la	guarded_dollar_scan	low	defer	artifact_or_numeric_noise	0	Dollar token lacks a clean alphabetic Tibetan-transliteration shape.
corrected_text_scan	wts_1_34	265	81	5	$	ś	guarded_dollar_to_sacute	dan tsi tra ka’i ~$ ... min bri Zin „man soll	guarded_dollar_scan	low	defer	artifact_or_numeric_noise	0	Dollar token lacks a clean alphabetic Tibetan-transliteration shape.
corrected_text_scan	wts_1_34	265	166	1	$	ś	guarded_dollar_to_sacute	~$ kyan bstan pa’i 'khur bskur Zin „der On-	guarded_dollar_scan	low	defer	artifact_or_numeric_noise	0	Dollar token lacks a clean alphabetic Tibetan-transliteration shape.
corrected_text_scan	wts_1_34	265	171	2	$	ś	guarded_dollar_to_sacute	pha ~$ rkan mar byin na „wenn der Vater	guarded_dollar_scan	low	defer	artifact_or_numeric_noise	0	Dollar token lacks a clean alphabetic Tibetan-transliteration shape.
corrected_text_scan	wts_1_34	266	68	2	$	ś	guarded_dollar_to_sacute	£2//$ pa = ˆ~ gyis brduns pa „mit der Faust	guarded_dollar_scan	low	defer	artifact_or_numeric_noise	0	Dollar token lacks a clean alphabetic Tibetan-transliteration shape.
corrected_text_scan	wts_1_34	268	64	5	9$05	9ś05	guarded_dollar_to_sacute	4% - ni myi yan 9$05 (metr.) „der getötete	guarded_dollar_scan	low	defer	artifact_or_numeric_noise	0	Dollar token lacks a clean alphabetic Tibetan-transliteration shape.
corrected_text_scan	wts_1_34	269	182	8	$	ś	guarded_dollar_to_sacute	dman cin .. mi rnams kyi mthon chun £$	guarded_dollar_scan	low	defer	artifact_or_numeric_noise	0	Dollar token lacks a clean alphabetic Tibetan-transliteration shape.
corrected_text_scan	wts_1_34	271	169	4	$	ś	guarded_dollar_to_sacute	Unrecht]“ (Wadd135 34); ~$ ... dbu la phog	guarded_dollar_scan	low	defer	artifact_or_numeric_noise	0	Dollar token lacks a clean alphabetic Tibetan-transliteration shape.
corrected_text_scan	wts_1_34	271	171	8	$	ś	guarded_dollar_to_sacute	10224); phun bdud - dan thogs rgod 97/$	guarded_dollar_scan	low	defer	artifact_or_numeric_noise	0	Dollar token lacks a clean alphabetic Tibetan-transliteration shape.
corrected_text_scan	wts_1_34	272	22	7	$	ś	guarded_dollar_to_sacute	jede Verfehlung!“ (KanL 44d); skad cig ~$	guarded_dollar_scan	low	defer	artifact_or_numeric_noise	0	Dollar token lacks a clean alphabetic Tibetan-transliteration shape.
corrected_text_scan	wts_1_34	272	57	7	$	ś	guarded_dollar_to_sacute	shags la mos pa byas pa ~$ kyaṅ ... grol ba	guarded_dollar_scan	low	defer	artifact_or_numeric_noise	0	Dollar token lacks a clean alphabetic Tibetan-transliteration shape.
corrected_text_scan	wts_1_34	272	74	1	$	ś	guarded_dollar_to_sacute	~$ 7770 thog „ich bin fähig dazu“ (PT1287	guarded_dollar_scan	low	defer	artifact_or_numeric_noise	0	Dollar token lacks a clean alphabetic Tibetan-transliteration shape.
corrected_text_scan	wts_1_34	272	84	4	$	ś	guarded_dollar_to_sacute	(Suv 141,17); ~$ ... ka ka ni gcig tsam yaṅ	guarded_dollar_scan	low	defer	artifact_or_numeric_noise	0	Dollar token lacks a clean alphabetic Tibetan-transliteration shape.
corrected_text_scan	wts_1_34	274	92	2	$	ś	guarded_dollar_to_sacute	Lex. ///$ kyi stod khog „Oberkörper“ (Dagy,	guarded_dollar_scan	low	defer	artifact_or_numeric_noise	0	Dollar token lacks a clean alphabetic Tibetan-transliteration shape.
corrected_text_scan	wts_1_34	276	99	2	$	ś	guarded_dollar_to_sacute	ཁོང་སྙིང་ khon $/7/77 Fisenkette.	guarded_dollar_scan	low	defer	artifact_or_numeric_noise	0	Dollar token lacks a clean alphabetic Tibetan-transliteration shape.
corrected_text_scan	wts_1_34	276	101	2	$770777	ś770777	guarded_dollar_to_sacute	ཁོང་སྙོམ་ khon $770777 auch khon säom pa faul,	guarded_dollar_scan	low	defer	artifact_or_numeric_noise	0	Dollar token lacks a clean alphabetic Tibetan-transliteration shape.
corrected_text_scan	wts_1_34	277	133	3	$770777$	ś770777ś	guarded_dollar_to_sacute	ཁོད་ khod Oberfläche; ~ $770777$, /©/70¢ $770777	guarded_dollar_scan	low	defer	artifact_or_numeric_noise	0	Dollar token lacks a clean alphabetic Tibetan-transliteration shape.
corrected_text_scan	wts_1_34	277	133	5	$770777	ś770777	guarded_dollar_to_sacute	ཁོད་ khod Oberfläche; ~ $770777$, /©/70¢ $770777	guarded_dollar_scan	low	defer	artifact_or_numeric_noise	0	Dollar token lacks a clean alphabetic Tibetan-transliteration shape.
corrected_text_scan	wts_1_34	277	135	5	$	ś	guarded_dollar_to_sacute	eben, flach; bar gyi ~ $/70/77$ Unterschiede	guarded_dollar_scan	low	defer	artifact_or_numeric_noise	0	Dollar token lacks a clean alphabetic Tibetan-transliteration shape.
corrected_text_scan	wts_1_34	277	135	7	77$	77ś	guarded_dollar_to_sacute	eben, flach; bar gyi ~ $/70/77$ Unterschiede	guarded_dollar_scan	low	defer	artifact_or_numeric_noise	0	Dollar token lacks a clean alphabetic Tibetan-transliteration shape.
corrected_text_scan	wts_1_34	277	140	6	$	ś	guarded_dollar_to_sacute	breya tham pas / bar gyi - $/707775 „genau	guarded_dollar_scan	low	defer	artifact_or_numeric_noise	0	Dollar token lacks a clean alphabetic Tibetan-transliteration shape.
corrected_text_scan	wts_1_34	281	21	3	$751	ś751	guarded_dollar_to_sacute	send verbreitet“ ($751 35b3); rgya dar bzan	guarded_dollar_scan	low	defer	artifact_or_numeric_noise	0	Dollar token lacks a clean alphabetic Tibetan-transliteration shape.
corrected_text_scan	wts_1_34	281	42	6	$	ś	guarded_dollar_to_sacute	nesfreuden erfüllte Stelle“ (Samv 13.2a); ///$	guarded_dollar_scan	low	defer	artifact_or_numeric_noise	0	Dollar token lacks a clean alphabetic Tibetan-transliteration shape.
corrected_text_scan	wts_1_34	282	13	4	$	ś	guarded_dollar_to_sacute	sku gsum gyi ༡ ©$ so „ich verstand das Aus-	guarded_dollar_scan	low	defer	artifact_or_numeric_noise	0	Dollar token lacks a clean alphabetic Tibetan-transliteration shape.
corrected_text_scan	wts_1_34	282	174	11	$	ś	guarded_dollar_to_sacute	pa „vom Hund gebissen und zorniges Bellen“ (Dagy); > zug pa = ~$ bsdigs pa’i nar	guarded_dollar_scan	low	defer	artifact_or_numeric_noise	0	Dollar token lacks a clean alphabetic Tibetan-transliteration shape.
corrected_text_scan	wts_1_34	284	86	6	$	ś	guarded_dollar_to_sacute	vaters abgewandt“ (Lokn 48,18); ~$ ’khor	guarded_dollar_scan	low	defer	artifact_or_numeric_noise	0	Dollar token lacks a clean alphabetic Tibetan-transliteration shape.
corrected_text_scan	wts_1_34	285	39	7	$	ś	guarded_dollar_to_sacute	n...rtsa sum cu rtsa 977/$ po ’di rnams „gehä	guarded_dollar_scan	low	defer	artifact_or_numeric_noise	0	Dollar token lacks a clean alphabetic Tibetan-transliteration shape.
corrected_text_scan	wts_1_34	286	17	6	$	ś	guarded_dollar_to_sacute	man ’bri khyu, im Mongolischen $// rug“	guarded_dollar_scan	low	defer	artifact_or_numeric_noise	0	Dollar token lacks a clean alphabetic Tibetan-transliteration shape.
corrected_text_scan	wts_1_34	286	110	3	$	ś	guarded_dollar_to_sacute	beu 977/$ nas bu mo’i khyim „von den zwölf	guarded_dollar_scan	low	defer	artifact_or_numeric_noise	0	Dollar token lacks a clean alphabetic Tibetan-transliteration shape.
corrected_text_scan	wts_1_34	287	6	3	$	ś	guarded_dollar_to_sacute	Lex. 97/$ ’thun dban po’am glan chen	guarded_dollar_scan	low	defer	artifact_or_numeric_noise	0	Dollar token lacks a clean alphabetic Tibetan-transliteration shape.
corrected_text_scan	wts_1_34	287	59	2	$7	ś7	guarded_dollar_to_sacute	ཀུང་རྔོན་སྐྱེས་ khyun $7?0/7 skyes Morgendämme-	guarded_dollar_scan	low	defer	artifact_or_numeric_noise	0	Dollar token lacks a clean alphabetic Tibetan-transliteration shape.
corrected_text_scan	wts_1_34	287	135	5	$	ś	guarded_dollar_to_sacute	Lex. lag pa 977/$ kyi ~ „khyud mo der beiden	guarded_dollar_scan	low	defer	artifact_or_numeric_noise	0	Dollar token lacks a clean alphabetic Tibetan-transliteration shape.
corrected_text_scan	wts_1_34	288	22	15	$	ś	guarded_dollar_to_sacute	„Kamalasila, du sollst die Disputation führen!“ (sBa 57,13); gaṅ tshe {b}rkan 977/$ gtso	guarded_dollar_scan	low	defer	artifact_or_numeric_noise	0	Dollar token lacks a clean alphabetic Tibetan-transliteration shape.
corrected_text_scan	wts_1_34	288	61	3	$	ś	guarded_dollar_to_sacute	tshun 977/$ ka’i rgyab rtsa byed par „um euch	guarded_dollar_scan	low	defer	artifact_or_numeric_noise	0	Dollar token lacks a clean alphabetic Tibetan-transliteration shape.
corrected_text_scan	wts_1_34	288	141	1	$	ś	guarded_dollar_to_sacute	~$ ~ dbyun ba bZin du bstan par „er lehrte,	guarded_dollar_scan	low	defer	artifact_or_numeric_noise	0	Dollar token lacks a clean alphabetic Tibetan-transliteration shape.
corrected_text_scan	wts_1_34	288	143	5	$	ś	guarded_dollar_to_sacute	hervorholt“ (BhK1 267,20); ~$ ~ dbyun ba’i	guarded_dollar_scan	low	defer	artifact_or_numeric_noise	0	Dollar token lacks a clean alphabetic Tibetan-transliteration shape.
corrected_text_scan	wts_1_34	288	150	3	$	ś	guarded_dollar_to_sacute	ähnl. Dagy); ~$ - ’byun ba’i tshul du = äni-	guarded_dollar_scan	low	defer	artifact_or_numeric_noise	0	Dollar token lacks a clean alphabetic Tibetan-transliteration shape.
corrected_text_scan	wts_1_34	290	10	9	$	ś	guarded_dollar_to_sacute	Stock“ (Gesar 245,9); - dan na ran 977/$ /	guarded_dollar_scan	low	defer	artifact_or_numeric_noise	0	Dollar token lacks a clean alphabetic Tibetan-transliteration shape.
corrected_text_scan	wts_1_34	290	113	2	$	ś	guarded_dollar_to_sacute	977/:$ (Dagy).	guarded_dollar_scan	low	defer	artifact_or_numeric_noise	0	Dollar token lacks a clean alphabetic Tibetan-transliteration shape.
corrected_text_scan	wts_1_34	290	142	3	$	ś	guarded_dollar_to_sacute	bya chig ~$ bkum ste „ein Vogel wurde vom	guarded_dollar_scan	low	defer	artifact_or_numeric_noise	0	Dollar token lacks a clean alphabetic Tibetan-transliteration shape.
corrected_text_scan	wts_1_34	290	146	8	$	ś	guarded_dollar_to_sacute	(PT1287 501); thi ba’i phru gu ... gaig ~$	guarded_dollar_scan	low	defer	artifact_or_numeric_noise	0	Dollar token lacks a clean alphabetic Tibetan-transliteration shape.
corrected_text_scan	wts_1_34	292	90	4	77$	77ś	guarded_dollar_to_sacute	ཁྲག་གི་ཉངས་མ་ khrag gi 77//77$ ma eine Pflanze.	guarded_dollar_scan	low	defer	artifact_or_numeric_noise	0	Dollar token lacks a clean alphabetic Tibetan-transliteration shape.
corrected_text_scan	wts_1_34	292	113	4	$	ś	guarded_dollar_to_sacute	» phyag 8?7/$ sbyor ldan pas (metr.) „mit	guarded_dollar_scan	low	defer	artifact_or_numeric_noise	0	Dollar token lacks a clean alphabetic Tibetan-transliteration shape.
corrected_text_scan	wts_1_34	294	182	6	$	ś	guarded_dollar_to_sacute	33); srog chags sum ~ ?7/$ ston ni „32 000 Lebewesen“ (Käśy 200,23); Aa - po ’di dag	guarded_dollar_scan	low	defer	artifact_or_numeric_noise	0	Dollar token lacks a clean alphabetic Tibetan-transliteration shape.
corrected_text_scan	wts_1_34	295	38	8	$	ś	guarded_dollar_to_sacute	terteilt]“ (Dzam 10,21); bod - beu 977/$ „die	guarded_dollar_scan	low	defer	artifact_or_numeric_noise	0	Dollar token lacks a clean alphabetic Tibetan-transliteration shape.
corrected_text_scan	wts_1_34	297	205	2	9$	9ś	guarded_dollar_to_sacute	(brDa); ///9$ güis khrims kyi lam lugs „von	guarded_dollar_scan	low	defer	artifact_or_numeric_noise	0	Dollar token lacks a clean alphabetic Tibetan-transliteration shape.
corrected_text_scan	wts_1_34	298	36	2	749$	749ś	guarded_dollar_to_sacute	ཁྲིས་འཇགས་ khris 749$ Gesetzesfriede.	guarded_dollar_scan	low	defer	artifact_or_numeric_noise	0	Dollar token lacks a clean alphabetic Tibetan-transliteration shape.
corrected_text_scan	wts_1_34	299	9	3	7$	7ś	guarded_dollar_to_sacute	ཁུལ་ཡས་ /5/?7// ༡/7$ \’khrul yas.	guarded_dollar_scan	low	defer	artifact_or_numeric_noise	0	Dollar token lacks a clean alphabetic Tibetan-transliteration shape.
corrected_text_scan	wts_1_34	299	64	7	$	ś	guarded_dollar_to_sacute	(metr.) „warme Güsse auf den Kopf“ (¥$	guarded_dollar_scan	low	defer	artifact_or_numeric_noise	0	Dollar token lacks a clean alphabetic Tibetan-transliteration shape.
corrected_text_scan	wts_1_34	299	71	6	9$0	9ś0	guarded_dollar_to_sacute	tigungen usw.“ (Dol2 46,21); ~ 9$0/ ba’i khu	guarded_dollar_scan	low	defer	artifact_or_numeric_noise	0	Dollar token lacks a clean alphabetic Tibetan-transliteration shape.
corrected_text_scan	wts_1_34	300	193	1	$	ś	guarded_dollar_to_sacute	~$ kyan slar mi ~ bar bya ba dan „auch	guarded_dollar_scan	low	defer	artifact_or_numeric_noise	0	Dollar token lacks a clean alphabetic Tibetan-transliteration shape.
corrected_text_scan	wts_1_34	302	45	5	31$	31ś	guarded_dollar_to_sacute	du rgyu ba na »„31$ sie im [Wald]	guarded_dollar_scan	low	defer	artifact_or_numeric_noise	0	Dollar token lacks a clean alphabetic Tibetan-transliteration shape.
corrected_text_scan	wts_1_34	302	117	5	$	ś	guarded_dollar_to_sacute	Teich und Brunnen“ (brDa); ~$ run ba =	guarded_dollar_scan	low	defer	artifact_or_numeric_noise	0	Dollar token lacks a clean alphabetic Tibetan-transliteration shape.
corrected_text_scan	wts_1_34	302	187	3	$750	ś750	guarded_dollar_to_sacute	Kokonor] aus“ ($750 17); rma grom gyi	guarded_dollar_scan	low	defer	artifact_or_numeric_noise	0	Dollar token lacks a clean alphabetic Tibetan-transliteration shape.
corrected_text_scan	wts_1_34	303	32	10	$	ś	guarded_dollar_to_sacute	Lex. ’dus pa chen po (brDa); man po ’du $¢	guarded_dollar_scan	low	defer	artifact_or_numeric_noise	0	Dollar token lacks a clean alphabetic Tibetan-transliteration shape.
corrected_text_scan	wts_1_34	304	38	8	79$	79ś	guarded_dollar_to_sacute	ri mo ~ Zig gis / gnod sbyin 7¡79$ pa’i gzugs	guarded_dollar_scan	low	defer	artifact_or_numeric_noise	0	Dollar token lacks a clean alphabetic Tibetan-transliteration shape.
corrected_text_scan	wts_1_34	304	188	2	$	ś	guarded_dollar_to_sacute	Lex. ~$ ma byas pa = akarmärakrt „nicht	guarded_dollar_scan	low	defer	artifact_or_numeric_noise	0	Dollar token lacks a clean alphabetic Tibetan-transliteration shape.
corrected_text_scan	wts_1_34	305	158	6	$	ś	guarded_dollar_to_sacute	die Däkinis“ (Mil 88,30); ~$ lun bstan „die	guarded_dollar_scan	low	defer	artifact_or_numeric_noise	0	Dollar token lacks a clean alphabetic Tibetan-transliteration shape.
corrected_text_scan	wts_1_34	310	127	6	9$	9ś	guarded_dollar_to_sacute	མ།ཁའ་ལ་རིང་ད་བཞགས་མ་ mkha’ la rin du /77//9$	guarded_dollar_scan	low	defer	artifact_or_numeric_noise	0	Dollar token lacks a clean alphabetic Tibetan-transliteration shape.
corrected_text_scan	wts_1_34	312	25	2	$77	ś77	guarded_dollar_to_sacute	26.78); $77/77 na ba dan / - na ba „Beschwer-	guarded_dollar_scan	low	defer	artifact_or_numeric_noise	0	Dollar token lacks a clean alphabetic Tibetan-transliteration shape.
corrected_text_scan	wts_1_34	312	112	4	9$	9ś	guarded_dollar_to_sacute	མ།ར་གསིལ་ mkhar gsil \’kehar 9$//	guarded_dollar_scan	low	defer	artifact_or_numeric_noise	0	Dollar token lacks a clean alphabetic Tibetan-transliteration shape.
corrected_text_scan	wts_1_34	313	226	8	$	ś	guarded_dollar_to_sacute	Lex. mu khyud kyis mtha’ bskor ram ~$	guarded_dollar_scan	low	defer	artifact_or_numeric_noise	0	Dollar token lacks a clean alphabetic Tibetan-transliteration shape.
corrected_text_scan	wts_1_34	314	195	6	$77	ś77	guarded_dollar_to_sacute	567,14); ~ de yan dans $77/9$ gfüis su phye	guarded_dollar_scan	low	defer	artifact_or_numeric_noise	0	Dollar token lacks a clean alphabetic Tibetan-transliteration shape.
corrected_text_scan	wts_1_34	314	195	7	9$	9ś	guarded_dollar_to_sacute	567,14); ~ de yan dans $77/9$ gfüis su phye	guarded_dollar_scan	low	defer	artifact_or_numeric_noise	0	Dollar token lacks a clean alphabetic Tibetan-transliteration shape.
corrected_text_scan	wts_1_34	316	19	1	$7	ś7	guarded_dollar_to_sacute	$7/, mkhar bsil Mönchsstab.	guarded_dollar_scan	low	defer	artifact_or_numeric_noise	0	Dollar token lacks a clean alphabetic Tibetan-transliteration shape.
corrected_text_scan	wts_1_34	317	80	3	777$	777ś	guarded_dollar_to_sacute	myan dba’s ¢777$ zih po rje las - te „Myani	guarded_dollar_scan	low	defer	artifact_or_numeric_noise	0	Dollar token lacks a clean alphabetic Tibetan-transliteration shape.
corrected_text_scan	wts_1_34	317	161	8	$	ś	guarded_dollar_to_sacute	138,15); byis pa dan / rgas Zin ~$ de span bya	guarded_dollar_scan	low	defer	artifact_or_numeric_noise	0	Dollar token lacks a clean alphabetic Tibetan-transliteration shape.
corrected_text_scan	wts_1_34	318	118	7	$	ś	guarded_dollar_to_sacute	འཁོན་གཅུགས་ ’khon gcugs auch khon 9©7/£$ ver-	guarded_dollar_scan	low	defer	artifact_or_numeric_noise	0	Dollar token lacks a clean alphabetic Tibetan-transliteration shape.
corrected_text_scan	wts_1_34	318	194	3	Li$	Liś	guarded_dollar_to_sacute	2734, ähnl. Li$ 26,13); khon yod pa = dgra	sigla_registry_or_shape	policy	defer_to_sigla_policy	registered_or_possible_siglum	0	Dollar token has registered or likely siglum shape; handle in the sigla policy queue.
corrected_text_scan	wts_1_34	318	195	7	$77	ś77	guarded_dollar_to_sacute	bo „Feind“ (brDa); khon yod pa = $77% ma’i	guarded_dollar_scan	low	defer	artifact_or_numeric_noise	0	Dollar token lacks a clean alphabetic Tibetan-transliteration shape.
corrected_text_scan	wts_1_34	321	34	6	$	ś	guarded_dollar_to_sacute	(Mvy 2165); khams gsum du ~$ na ~ ste de	guarded_dollar_scan	low	defer	artifact_or_numeric_noise	0	Dollar token lacks a clean alphabetic Tibetan-transliteration shape.
corrected_text_scan	wts_1_34	321	196	2	$	ś	guarded_dollar_to_sacute	258a2); ~$ brkos pa’i sa’o „die von einem	guarded_dollar_scan	low	defer	artifact_or_numeric_noise	0	Dollar token lacks a clean alphabetic Tibetan-transliteration shape.
corrected_text_scan	wts_1_34	323	27	6	9777$	9777ś	guarded_dollar_to_sacute	rgyal ... yan lag sum cu 9777$ mtshan ldan /	guarded_dollar_scan	low	defer	artifact_or_numeric_noise	0	Dollar token lacks a clean alphabetic Tibetan-transliteration shape.
corrected_text_scan	wts_1_34	323	109	5	$	ś	guarded_dollar_to_sacute	144,8); khon 977/$ kyi khrab rmog ~ bskor (r.	guarded_dollar_scan	low	defer	artifact_or_numeric_noise	0	Dollar token lacks a clean alphabetic Tibetan-transliteration shape.
corrected_text_scan	wts_1_34	323	187	3	$	ś	guarded_dollar_to_sacute	ཞཁོས་བྱགིས་ ’khos /97//$ pf. auch mkhos bgyis	guarded_dollar_scan	low	defer	artifact_or_numeric_noise	0	Dollar token lacks a clean alphabetic Tibetan-transliteration shape.
corrected_text_scan	wts_1_34	323	193	9	$	ś	guarded_dollar_to_sacute	ner durch“ (S8212 3); blon ce ... gsum 67//$ ...	guarded_dollar_scan	low	defer	artifact_or_numeric_noise	0	Dollar token lacks a clean alphabetic Tibetan-transliteration shape.
corrected_text_scan	wts_1_34	324	28	5	006$	006ś	guarded_dollar_to_sacute	འཁོས་སུ་ཕབ་ ’khos su phab 127/006$ phab.	guarded_dollar_scan	low	defer	artifact_or_numeric_noise	0	Dollar token lacks a clean alphabetic Tibetan-transliteration shape.
corrected_text_scan	wts_1_34	324	71	2	79$	79ś	guarded_dollar_to_sacute	འཁྱགས་དས་ ༡//7/79$ dus Bez. für Winter.	guarded_dollar_scan	low	defer	artifact_or_numeric_noise	0	Dollar token lacks a clean alphabetic Tibetan-transliteration shape.
corrected_text_scan	wts_1_34	324	156	2	$	ś	guarded_dollar_to_sacute	£77/$ pa - bon ni „zweitens das ‚umherwan-	guarded_dollar_scan	low	defer	artifact_or_numeric_noise	0	Dollar token lacks a clean alphabetic Tibetan-transliteration shape.
corrected_text_scan	wts_1_34	326	146	6	09$	09ś	guarded_dollar_to_sacute	འཁྱོག་ ’khyog pt. 1⁄75/7/09$ sich krümmen, win-	guarded_dollar_scan	low	defer	artifact_or_numeric_noise	0	Dollar token lacks a clean alphabetic Tibetan-transliteration shape.
corrected_text_scan	wts_1_34	327	46	5	0772$	0772ś	guarded_dollar_to_sacute	འཁྱོམ་ ’khyom pf. /0/73/0772$ verwirrt sein.	guarded_dollar_scan	low	defer	artifact_or_numeric_noise	0	Dollar token lacks a clean alphabetic Tibetan-transliteration shape.
corrected_text_scan	wts_1_34	327	68	3	$	ś	guarded_dollar_to_sacute	Lex. ~ ba = ///$ tshugs mi thub pas ~ ba „taumelnd, weil man nicht sicher stehen kann“	guarded_dollar_scan	low	defer	artifact_or_numeric_noise	0	Dollar token lacks a clean alphabetic Tibetan-transliteration shape.
corrected_text_scan	wts_1_34	330	72	3	9$	9ś	guarded_dollar_to_sacute	འཁྱུགས་ 75/777/9$ pf. zu !’khrug aufgerührt sein,	guarded_dollar_scan	low	defer	artifact_or_numeric_noise	0	Dollar token lacks a clean alphabetic Tibetan-transliteration shape.
corrected_text_scan	wts_1_34	331	81	4	$	ś	guarded_dollar_to_sacute	འཁྱངས་སྐར་ ༡5/77/7?$ skar Geburtstag.	guarded_dollar_scan	low	defer	artifact_or_numeric_noise	0	Dollar token lacks a clean alphabetic Tibetan-transliteration shape.
corrected_text_scan	wts_1_34	332	31	12	$	ś	guarded_dollar_to_sacute	che / =... bcas (metr.) „die großen Ozeanschiffe mit Maschinen“ (Suv 15,22); ///$ ni	guarded_dollar_scan	low	defer	artifact_or_numeric_noise	0	Dollar token lacks a clean alphabetic Tibetan-transliteration shape.
corrected_text_scan	wts_1_34	333	66	3	$44	ś44	guarded_dollar_to_sacute	wurde“ (1711 $44); zin po rje / ~ na ’dug	guarded_dollar_scan	low	defer	artifact_or_numeric_noise	0	Dollar token lacks a clean alphabetic Tibetan-transliteration shape.
corrected_text_scan	wts_1_34	335	52	5	9469$	9469ś	guarded_dollar_to_sacute	ni mchod rten du 9469$ nas „nachdem sie	guarded_dollar_scan	low	defer	artifact_or_numeric_noise	0	Dollar token lacks a clean alphabetic Tibetan-transliteration shape.
corrected_text_scan	wts_1_34	337	181	11	$	ś	guarded_dollar_to_sacute	Lex. gans ri te se dan gans te se 977/$ (brDa);	guarded_dollar_scan	low	defer	artifact_or_numeric_noise	0	Dollar token lacks a clean alphabetic Tibetan-transliteration shape.
corrected_text_scan	wts_1_34	338	2	5	$	ś	guarded_dollar_to_sacute	གང་གི་ཚེ་ gaṅ gi tshe \gani /$/76.	guarded_dollar_scan	low	defer	artifact_or_numeric_noise	0	Dollar token lacks a clean alphabetic Tibetan-transliteration shape.
corrected_text_scan	wts_1_34	338	125	1	$67775	ś67775	guarded_dollar_to_sacute	= ... $67775 de yan dag blans gyur pa / de nas	guarded_dollar_scan	low	defer	artifact_or_numeric_noise	0	Dollar token lacks a clean alphabetic Tibetan-transliteration shape.
corrected_text_scan	wts_1_34	339	107	5	$77	ś77	guarded_dollar_to_sacute	tsan dan sprul gyi $77/77 po’i ~ cig „ein Stück	guarded_dollar_scan	low	defer	artifact_or_numeric_noise	0	Dollar token lacks a clean alphabetic Tibetan-transliteration shape.
corrected_text_scan	wts_1_34	344	52	4	9$	9ś	guarded_dollar_to_sacute	4777 tn 7/9$ chen ~ nes par rab tm sgrogs	guarded_dollar_scan	low	defer	artifact_or_numeric_noise	0	Dollar token lacks a clean alphabetic Tibetan-transliteration shape.
corrected_text_scan	wts_1_34	344	77	2	$577	ś577	guarded_dollar_to_sacute	གད་སྙིགས་ gad $577/9$ Müll, Schmutz, Abfall.	guarded_dollar_scan	low	defer	artifact_or_numeric_noise	0	Dollar token lacks a clean alphabetic Tibetan-transliteration shape.
corrected_text_scan	wts_1_34	344	77	3	9$	9ś	guarded_dollar_to_sacute	གད་སྙིགས་ gad $577/9$ Müll, Schmutz, Abfall.	guarded_dollar_scan	low	defer	artifact_or_numeric_noise	0	Dollar token lacks a clean alphabetic Tibetan-transliteration shape.
corrected_text_scan	wts_1_34	345	21	5	$	ś	guarded_dollar_to_sacute	གང་མོ་ gad mo Lachen, Gelächter; ~$ ’debs	guarded_dollar_scan	low	defer	artifact_or_numeric_noise	0	Dollar token lacks a clean alphabetic Tibetan-transliteration shape.
corrected_text_scan	wts_1_34	345	38	2	$	ś	guarded_dollar_to_sacute	te ~$ btab nas skye bo’i tshogs rnams gyes so	guarded_dollar_scan	low	defer	artifact_or_numeric_noise	0	Dollar token lacks a clean alphabetic Tibetan-transliteration shape.
corrected_text_scan	wts_1_34	351	123	10	$	ś	guarded_dollar_to_sacute	Lex. mar gug pa dan yar kyed pa 977/$ „nach	guarded_dollar_scan	low	defer	artifact_or_numeric_noise	0	Dollar token lacks a clean alphabetic Tibetan-transliteration shape.
corrected_text_scan	wts_1_34	353	156	6	$	ś	guarded_dollar_to_sacute	ie ba 'khor gyis ... Zes $ bstan par brtsams te	guarded_dollar_scan	low	defer	artifact_or_numeric_noise	0	Dollar token lacks a clean alphabetic Tibetan-transliteration shape.
corrected_text_scan	wts_1_34	353	188	9	$	ś	guarded_dollar_to_sacute	59,17); bla ma dam pa’i Zabs la ~$ ’dud	guarded_dollar_scan	low	defer	artifact_or_numeric_noise	0	Dollar token lacks a clean alphabetic Tibetan-transliteration shape.
corrected_text_scan	wts_1_34	353	196	1	$	ś	guarded_dollar_to_sacute	~$ phyag ’tshal lo (metr.) „mit Körper, Rede	guarded_dollar_scan	low	defer	artifact_or_numeric_noise	0	Dollar token lacks a clean alphabetic Tibetan-transliteration shape.
corrected_text_scan	wts_1_34	353	203	8	$	ś	guarded_dollar_to_sacute	ein Ehrfürchtiger* (Dol2 23,6); sin tu ~$	guarded_dollar_scan	low	defer	artifact_or_numeric_noise	0	Dollar token lacks a clean alphabetic Tibetan-transliteration shape.
corrected_text_scan	wts_1_34	355	190	2	$	ś	guarded_dollar_to_sacute	Lex. ///$ skyob pa’i lcags sogs kyi - „Panzer	guarded_dollar_scan	low	defer	artifact_or_numeric_noise	0	Dollar token lacks a clean alphabetic Tibetan-transliteration shape.
corrected_text_scan	wts_1_34	356	14	18	$	ś	guarded_dollar_to_sacute	daṅ bcas par „mit seinem Wagen und in seiner Rüstung“ (ViśT 160,30); säın 77༩7 ~$	guarded_dollar_scan	low	defer	artifact_or_numeric_noise	0	Dollar token lacks a clean alphabetic Tibetan-transliteration shape.
corrected_text_scan	wts_1_34	356	88	2	$770	ś770	guarded_dollar_to_sacute	གོ་སྙོད་ go $770% ein Gewürz und Heilmittel,	guarded_dollar_scan	low	defer	artifact_or_numeric_noise	0	Dollar token lacks a clean alphabetic Tibetan-transliteration shape.
corrected_text_scan	wts_1_34	357	78	4	$977	ś977	guarded_dollar_to_sacute	གོ་བ་ལོག་སྒྲབ་ go ba log $977/7 absichtliches	guarded_dollar_scan	low	defer	artifact_or_numeric_noise	0	Dollar token lacks a clean alphabetic Tibetan-transliteration shape.
corrected_text_scan	wts_1_34	362	93	4	$	ś	guarded_dollar_to_sacute	Lex. rkan pa’i ~$ bgoms pa lta bu (brDa);	guarded_dollar_scan	low	defer	artifact_or_numeric_noise	0	Dollar token lacks a clean alphabetic Tibetan-transliteration shape.
corrected_text_scan	wts_1_34	362	95	9	$	ś	guarded_dollar_to_sacute	ldem ldem gom pas ’gro ba’i don „1, $, ¥, mit	guarded_dollar_scan	low	defer	artifact_or_numeric_noise	0	Dollar token lacks a clean alphabetic Tibetan-transliteration shape.
corrected_text_scan	wts_1_34	364	93	6	$	ś	guarded_dollar_to_sacute	dar gud bcu 9?7/$ ni... ~ (metr.) „die zwölf	guarded_dollar_scan	low	defer	artifact_or_numeric_noise	0	Dollar token lacks a clean alphabetic Tibetan-transliteration shape.
corrected_text_scan	wts_1_34	365	130	2	$777	ś777	guarded_dollar_to_sacute	Lex. $777/9 rgyu (brDa, ähnl. Dagy).	guarded_dollar_scan	low	defer	artifact_or_numeric_noise	0	Dollar token lacks a clean alphabetic Tibetan-transliteration shape.
corrected_text_scan	wts_1_34	373	35	7	$	ś	guarded_dollar_to_sacute	(Vmst 47c); phyogs thams cad du ~$ khyab	guarded_dollar_scan	low	defer	artifact_or_numeric_noise	0	Dollar token lacks a clean alphabetic Tibetan-transliteration shape.
corrected_text_scan	wts_1_34	373	213	2	$	ś	guarded_dollar_to_sacute	chu ~$ khrus byed du göug go „man lasse mit	guarded_dollar_scan	low	defer	artifact_or_numeric_noise	0	Dollar token lacks a clean alphabetic Tibetan-transliteration shape.
corrected_text_scan	wts_1_34	374	176	2	$7767	ś7767	guarded_dollar_to_sacute	གྲངས་སྩེད་ grans $7767 so viele, so lange wie.	guarded_dollar_scan	low	defer	artifact_or_numeric_noise	0	Dollar token lacks a clean alphabetic Tibetan-transliteration shape.
corrected_text_scan	wts_1_34	375	154	6	$	ś	guarded_dollar_to_sacute	Lex. gyes 7777 don „1. $, ¥, zerstreut“	guarded_dollar_scan	low	defer	artifact_or_numeric_noise	0	Dollar token lacks a clean alphabetic Tibetan-transliteration shape.
corrected_text_scan	wts_1_34	378	57	9	$	ś	guarded_dollar_to_sacute	13.33); 9777 rje ged nag po ... phyag 977/$ ~	guarded_dollar_scan	low	defer	artifact_or_numeric_noise	0	Dollar token lacks a clean alphabetic Tibetan-transliteration shape.
corrected_text_scan	wts_1_34	379	149	12	$	ś	guarded_dollar_to_sacute	gzugs (metr.) „ein Schatten in Menschengestalt“ (T1748 122b1); sin rnams kyi ~$ chu	guarded_dollar_scan	low	defer	artifact_or_numeric_noise	0	Dollar token lacks a clean alphabetic Tibetan-transliteration shape.
corrected_text_scan	wts_1_34	379	163	4	$	ś	guarded_dollar_to_sacute	chos gos kyi ~$ non pa’i gur kum rnams „aller	guarded_dollar_scan	low	defer	artifact_or_numeric_noise	0	Dollar token lacks a clean alphabetic Tibetan-transliteration shape.
corrected_text_scan	wts_1_34	380	120	1	$	ś	guarded_dollar_to_sacute	~$ brgal te „nachdem wir den Fluß mit Booten überquert hatten“ (KTh 1: 272,5); chu ~	guarded_dollar_scan	low	defer	artifact_or_numeric_noise	0	Dollar token lacks a clean alphabetic Tibetan-transliteration shape.
corrected_text_scan	wts_1_34	381	82	2	$	ś	guarded_dollar_to_sacute	(brDa); ~ $% = gru’i ’bab tshugs „Anlegestelle für Boote“ (Dagy).	guarded_dollar_scan	low	defer	artifact_or_numeric_noise	0	Dollar token lacks a clean alphabetic Tibetan-transliteration shape.
corrected_text_scan	wts_1_34	383	47	2	$	ś	guarded_dollar_to_sacute	Lex. ~$ bstan pa = nus pas bstan pa lta bu	guarded_dollar_scan	low	defer	artifact_or_numeric_noise	0	Dollar token lacks a clean alphabetic Tibetan-transliteration shape.
corrected_text_scan	wts_1_34	383	139	6	$	ś	guarded_dollar_to_sacute	༡ ... risa sum cu risa £77/$ po ’di rnams	guarded_dollar_scan	low	defer	artifact_or_numeric_noise	0	Dollar token lacks a clean alphabetic Tibetan-transliteration shape.
corrected_text_scan	wts_1_34	384	29	6	$	ś	guarded_dollar_to_sacute	khyun gsum grus pa £?7/$ su sprul nas „nach-	guarded_dollar_scan	low	defer	artifact_or_numeric_noise	0	Dollar token lacks a clean alphabetic Tibetan-transliteration shape.
corrected_text_scan	wts_1_34	388	116	5	$	ś	guarded_dollar_to_sacute	Lex. khyim gcig 977/$ tsam yod pa la zer ba	guarded_dollar_scan	low	defer	artifact_or_numeric_noise	0	Dollar token lacks a clean alphabetic Tibetan-transliteration shape.
corrected_text_scan	wts_1_34	388	126	5	$50	ś50	guarded_dollar_to_sacute	der chinesische Kaiser“ (im $50); ~ na ni	guarded_dollar_scan	low	defer	artifact_or_numeric_noise	0	Dollar token lacks a clean alphabetic Tibetan-transliteration shape.
corrected_text_scan	wts_1_34	390	151	1	$	ś	guarded_dollar_to_sacute	¢$ te „der Abgesandte wiede-rum hielt den	guarded_dollar_scan	low	defer	artifact_or_numeric_noise	0	Dollar token lacks a clean alphabetic Tibetan-transliteration shape.
corrected_text_scan	wts_1_34	390	169	6	9777$	9777ś	guarded_dollar_to_sacute	bsad gra chen po bcu 9777$ btsugs te „zwölf	guarded_dollar_scan	low	defer	artifact_or_numeric_noise	0	Dollar token lacks a clean alphabetic Tibetan-transliteration shape.
corrected_text_scan	wts_1_34	391	70	6	$	ś	guarded_dollar_to_sacute	kha thams cad ser ra’i ~$ gan nas „alle Wege	guarded_dollar_scan	low	defer	artifact_or_numeric_noise	0	Dollar token lacks a clean alphabetic Tibetan-transliteration shape.
corrected_text_scan	wts_1_34	391	209	3	$	ś	guarded_dollar_to_sacute	Lex. ~ £77/$ = mi gla g.yog po £97/$ „Tagelöh-	guarded_dollar_scan	low	defer	artifact_or_numeric_noise	0	Dollar token lacks a clean alphabetic Tibetan-transliteration shape.
corrected_text_scan	wts_1_34	391	209	9	$	ś	guarded_dollar_to_sacute	Lex. ~ £77/$ = mi gla g.yog po £97/$ „Tagelöh-	guarded_dollar_scan	low	defer	artifact_or_numeric_noise	0	Dollar token lacks a clean alphabetic Tibetan-transliteration shape.
corrected_text_scan	wts_1_34	392	3	5	9777$5	9777ś5	guarded_dollar_to_sacute	ner und Diener“ (brDa); ~ 9777$5 = glas pa’i	guarded_dollar_scan	low	defer	artifact_or_numeric_noise	0	Dollar token lacks a clean alphabetic Tibetan-transliteration shape.
corrected_text_scan	wts_1_34	392	4	4	$	ś	guarded_dollar_to_sacute	g.yog mi 977/$ (Dagy).	guarded_dollar_scan	low	defer	artifact_or_numeric_noise	0	Dollar token lacks a clean alphabetic Tibetan-transliteration shape.
corrected_text_scan	wts_1_34	392	199	2	$	ś	guarded_dollar_to_sacute	གླྭ་ཡིས་འཚོ་བ་ gla ༡//$ ’tsho ba !gla ’tsho.	guarded_dollar_scan	low	defer	artifact_or_numeric_noise	0	Dollar token lacks a clean alphabetic Tibetan-transliteration shape.
corrected_text_scan	wts_1_34	393	95	6	$	ś	guarded_dollar_to_sacute	Lex. ~ khyim = khyim bcu 977/$ nan gi ~	guarded_dollar_scan	low	defer	artifact_or_numeric_noise	0	Dollar token lacks a clean alphabetic Tibetan-transliteration shape.
corrected_text_scan	wts_1_34	397	143	6	$	ś	guarded_dollar_to_sacute	mtshan med pa’am / mtshan £77/$ pa’am / ~	guarded_dollar_scan	low	defer	artifact_or_numeric_noise	0	Dollar token lacks a clean alphabetic Tibetan-transliteration shape.
corrected_text_scan	wts_1_34	397	206	2	$	ś	guarded_dollar_to_sacute	£77/$ pa / gro gar ... bri (metr.) „man schreibe es als zwölf Fingerbreit langes Buch auf	guarded_dollar_scan	low	defer	artifact_or_numeric_noise	0	Dollar token lacks a clean alphabetic Tibetan-transliteration shape.
corrected_text_scan	wts_1_34	398	146	2	$	ś	guarded_dollar_to_sacute	གླེང་སློང་ glen $/077 jmd., der ein Gespräch an-	guarded_dollar_scan	low	defer	artifact_or_numeric_noise	0	Dollar token lacks a clean alphabetic Tibetan-transliteration shape.
corrected_text_scan	wts_1_34	398	209	8	$	ś	guarded_dollar_to_sacute	228b7); khri dar ma mi sdug la ~$ „weil Khri	guarded_dollar_scan	low	defer	artifact_or_numeric_noise	0	Dollar token lacks a clean alphabetic Tibetan-transliteration shape.
corrected_text_scan	wts_1_34	399	25	8	$	ś	guarded_dollar_to_sacute	byin gyis pags pa” sleb mos (7. ~$, Q1030 42:	guarded_dollar_scan	low	defer	artifact_or_numeric_noise	0	Dollar token lacks a clean alphabetic Tibetan-transliteration shape.
corrected_text_scan	wts_1_34	399	79	2	$	ś	guarded_dollar_to_sacute	(brDa); ~$ = zur gyis dan ños ran „seitlich	guarded_dollar_scan	low	defer	artifact_or_numeric_noise	0	Dollar token lacks a clean alphabetic Tibetan-transliteration shape.
corrected_text_scan	wts_1_34	399	80	5	$	ś	guarded_dollar_to_sacute	und eigene Seite“ (brDa); ~$ = zur gyis lta	guarded_dollar_scan	low	defer	artifact_or_numeric_noise	0	Dollar token lacks a clean alphabetic Tibetan-transliteration shape.
corrected_text_scan	wts_1_34	399	81	3	$	ś	guarded_dollar_to_sacute	bu (Dagy); ~$ phab ste ñal = lus zur phab ste	guarded_dollar_scan	low	defer	artifact_or_numeric_noise	0	Dollar token lacks a clean alphabetic Tibetan-transliteration shape.
corrected_text_scan	wts_1_34	399	90	7	$	ś	guarded_dollar_to_sacute	Lex. sga’i ~ thag (brDa, ähnl. Dagy); ~$ = -	guarded_dollar_scan	low	defer	artifact_or_numeric_noise	0	Dollar token lacks a clean alphabetic Tibetan-transliteration shape.
corrected_text_scan	wts_1_34	400	42	1	$1131	ś1131	guarded_dollar_to_sacute	$1131], der ist unloyal‘“ (PT1287 308); blon	guarded_dollar_scan	low	defer	artifact_or_numeric_noise	0	Dollar token lacks a clean alphabetic Tibetan-transliteration shape.
corrected_text_scan	wts_1_34	400	65	6	$18	ś18	guarded_dollar_to_sacute	ren, wurden sie bestraft“ (In1 $18); myan	guarded_dollar_scan	low	defer	artifact_or_numeric_noise	0	Dollar token lacks a clean alphabetic Tibetan-transliteration shape.
corrected_text_scan	wts_1_34	402	204	1	$09$	ś09ś	guarded_dollar_to_sacute	$09$ = bar gyis (metr.) „mögen Götter und	guarded_dollar_scan	low	defer	artifact_or_numeric_noise	0	Dollar token lacks a clean alphabetic Tibetan-transliteration shape.
corrected_text_scan	wts_1_34	405	49	7	9$	9ś	guarded_dollar_to_sacute	Lex. ~ bcos min 2 ran 4//9$ kyis byun ba’i ~ˆ?	guarded_dollar_scan	low	defer	artifact_or_numeric_noise	0	Dollar token lacks a clean alphabetic Tibetan-transliteration shape.
corrected_text_scan	wts_1_34	406	75	2	$	ś	guarded_dollar_to_sacute	(brDa); ~$ = kun gyis (brDa).	guarded_dollar_scan	low	defer	artifact_or_numeric_noise	0	Dollar token lacks a clean alphabetic Tibetan-transliteration shape.
corrected_text_scan	wts_1_34	406	204	3	$	ś	guarded_dollar_to_sacute	dags krsna $ ri la ~ pa’i lta stans mdzad pas	guarded_dollar_scan	low	defer	artifact_or_numeric_noise	0	Dollar token lacks a clean alphabetic Tibetan-transliteration shape.
corrected_text_scan	wts_1_34	408	64	6	$	ś	guarded_dollar_to_sacute	Lex. hor zla beu 977/$ pa (brDa, Dagy).	guarded_dollar_scan	low	defer	artifact_or_numeric_noise	0	Dollar token lacks a clean alphabetic Tibetan-transliteration shape.
corrected_text_scan	wts_1_34	408	159	8	40$	40ś	guarded_dollar_to_sacute	will“ (PT1287 412); skyin khrin lta po 40$ -	guarded_dollar_scan	low	defer	artifact_or_numeric_noise	0	Dollar token lacks a clean alphabetic Tibetan-transliteration shape.
corrected_text_scan	wts_1_34	410	1	3	77$	77ś	guarded_dollar_to_sacute	དགེ་འདན་འབངས་ dge ’dun /¿77$	guarded_dollar_scan	low	defer	artifact_or_numeric_noise	0	Dollar token lacks a clean alphabetic Tibetan-transliteration shape.
corrected_text_scan	wts_1_34	410	91	5	$	ś	guarded_dollar_to_sacute	10b2); dge sdig 977/$ kas sgrib pas „einer, der	guarded_dollar_scan	low	defer	artifact_or_numeric_noise	0	Dollar token lacks a clean alphabetic Tibetan-transliteration shape.
corrected_text_scan	wts_1_34	410	111	3	47$	47ś	guarded_dollar_to_sacute	Zin bkra 47$ par byed pa’o „er [kann] Heil	guarded_dollar_scan	low	defer	artifact_or_numeric_noise	0	Dollar token lacks a clean alphabetic Tibetan-transliteration shape.
corrected_text_scan	wts_1_34	410	127	5	47$	47ś	guarded_dollar_to_sacute	dge’o = bkra Sis bkra 47$ so „Segen, Segen!“	guarded_dollar_scan	low	defer	artifact_or_numeric_noise	0	Dollar token lacks a clean alphabetic Tibetan-transliteration shape.
corrected_text_scan	wts_1_34	412	21	3	$7$	ś7ś	guarded_dollar_to_sacute	dge’o = bkra $7$ bkra śis so „Segen, Segen!“	guarded_dollar_scan	low	defer	artifact_or_numeric_noise	0	Dollar token lacks a clean alphabetic Tibetan-transliteration shape.
corrected_text_scan	wts_1_34	414	20	9	$77	ś77	guarded_dollar_to_sacute	’khor ba ’di pa sa mtha’i dge dgon $77//? gras	guarded_dollar_scan	low	defer	artifact_or_numeric_noise	0	Dollar token lacks a clean alphabetic Tibetan-transliteration shape.
corrected_text_scan	wts_1_34	414	173	8	$	ś	guarded_dollar_to_sacute	dan/ gyim phag ces bya ba’i - 977/$ ’dug „es	guarded_dollar_scan	low	defer	artifact_or_numeric_noise	0	Dollar token lacks a clean alphabetic Tibetan-transliteration shape.
corrected_text_scan	wts_1_34	419	95	7	$77	ś77	guarded_dollar_to_sacute	dgyes pa’i rdo rje’i rgyud kyi $77/77 po blans	guarded_dollar_scan	low	defer	artifact_or_numeric_noise	0	Dollar token lacks a clean alphabetic Tibetan-transliteration shape.
corrected_text_scan	wts_1_34	419	116	12	$28	ś28	guarded_dollar_to_sacute	dgra’ thabs mkhas la „er war in der Kriegsführung erfahren“ (1111 $28); ~ chos kyi	guarded_dollar_scan	low	defer	artifact_or_numeric_noise	0	Dollar token lacks a clean alphabetic Tibetan-transliteration shape.
corrected_text_scan	wts_1_34	419	123	14	$751	ś751	guarded_dollar_to_sacute	gtsigs bka’ stsald to „um die Feinde zu unterwerfen, gewährte er einen Erlaß* ($751	guarded_dollar_scan	low	defer	artifact_or_numeric_noise	0	Dollar token lacks a clean alphabetic Tibetan-transliteration shape.
corrected_text_scan	wts_1_34	419	158	2	$	ś	guarded_dollar_to_sacute	5b1); ~$ ’jigs te myur du bros te „aus Furcht	guarded_dollar_scan	low	defer	artifact_or_numeric_noise	0	Dollar token lacks a clean alphabetic Tibetan-transliteration shape.
corrected_text_scan	wts_1_34	420	71	9	$	ś	guarded_dollar_to_sacute	Lex. arhan (Mvy 4, 5138); Aon mons pa’i ~$	guarded_dollar_scan	low	defer	artifact_or_numeric_noise	0	Dollar token lacks a clean alphabetic Tibetan-transliteration shape.
corrected_text_scan	wts_1_34	423	54	6	777$	777ś	guarded_dollar_to_sacute	བགྱངས་ beyans pf. zu 1⁄97/777$ verschieben.	guarded_dollar_scan	low	defer	artifact_or_numeric_noise	0	Dollar token lacks a clean alphabetic Tibetan-transliteration shape.
corrected_text_scan	wts_1_34	424	42	8	$	ś	guarded_dollar_to_sacute	verfaßt wurde“ (Vdk 2: 414,6); £977/$ kyi do	guarded_dollar_scan	low	defer	artifact_or_numeric_noise	0	Dollar token lacks a clean alphabetic Tibetan-transliteration shape.
corrected_text_scan	wts_1_34	426	135	3	9777$	9777ś	guarded_dollar_to_sacute	~ kha nag 9777$ / skud pas dkri Zin „zwei Kiie-	guarded_dollar_scan	low	defer	artifact_or_numeric_noise	0	Dollar token lacks a clean alphabetic Tibetan-transliteration shape.
corrected_text_scan	wts_1_34	427	203	2	$13	ś13	guarded_dollar_to_sacute	(1111 $13 = PT16 33b4 = PT1287 448); = la	guarded_dollar_scan	low	defer	artifact_or_numeric_noise	0	Dollar token lacks a clean alphabetic Tibetan-transliteration shape.
corrected_text_scan	wts_1_34	427	212	4	$	ś	guarded_dollar_to_sacute	gi dam pa ~$ „mit meinem edelsten Körperteil, dem Kopf“ (Suv 99,1); dpun pa la ni ~	guarded_dollar_scan	low	defer	artifact_or_numeric_noise	0	Dollar token lacks a clean alphabetic Tibetan-transliteration shape.
corrected_text_scan	wts_1_34	428	39	8	$	ś	guarded_dollar_to_sacute	wickeltem Kopf“ (Vdk 2: 347,2); rta ~$ phyi	guarded_dollar_scan	low	defer	artifact_or_numeric_noise	0	Dollar token lacks a clean alphabetic Tibetan-transliteration shape.
corrected_text_scan	wts_1_34	428	56	3	$	ś	guarded_dollar_to_sacute	nag sbrul ~$ „der Dunkelgrüne mit dem	guarded_dollar_scan	low	defer	artifact_or_numeric_noise	0	Dollar token lacks a clean alphabetic Tibetan-transliteration shape.
corrected_text_scan	wts_1_34	428	79	1	$	ś	guarded_dollar_to_sacute	= ~$ brda gton ba lta bu „wie: mit dem Kopf	guarded_dollar_scan	low	defer	artifact_or_numeric_noise	0	Dollar token lacks a clean alphabetic Tibetan-transliteration shape.
corrected_text_scan	wts_1_34	428	85	11	$55	ś55	guarded_dollar_to_sacute	pho gsold „nachdem Nan-lam Klu-khon eine Beratung begonnen hatte“ (171 $55);	guarded_dollar_scan	low	defer	artifact_or_numeric_noise	0	Dollar token lacks a clean alphabetic Tibetan-transliteration shape.
corrected_text_scan	wts_1_34	428	207	5	$	ś	guarded_dollar_to_sacute	und Fieber“ (Yś 6d); ~ //$ mdog ser /	guarded_dollar_scan	low	defer	artifact_or_numeric_noise	0	Dollar token lacks a clean alphabetic Tibetan-transliteration shape.
corrected_text_scan	wts_1_34	429	74	2	5$77.07775	5ś77.07775	guarded_dollar_to_sacute	མགོ་སྩོམས་ mgo 5$77.07775 gleichstellen, verein-	guarded_dollar_scan	low	defer	artifact_or_numeric_noise	0	Dollar token lacks a clean alphabetic Tibetan-transliteration shape.
corrected_text_scan	wts_1_34	429	143	7	$	ś	guarded_dollar_to_sacute	chad ma byun ba’i don „1. $, ¥, ohne daß ein	guarded_dollar_scan	low	defer	artifact_or_numeric_noise	0	Dollar token lacks a clean alphabetic Tibetan-transliteration shape.
corrected_text_scan	wts_1_34	430	82	4	$77777	ś77777	guarded_dollar_to_sacute	pho = rnams la $77777 gtam bśad (metr.) „[das	guarded_dollar_scan	low	defer	artifact_or_numeric_noise	0	Dollar token lacks a clean alphabetic Tibetan-transliteration shape.
corrected_text_scan	wts_1_34	431	81	4	$	ś	guarded_dollar_to_sacute	24); bZon pa ~$ (metr.) „auf einem schnellen Gefährt“ (Suv 173,7); bon bu Zon te -r	guarded_dollar_scan	low	defer	artifact_or_numeric_noise	0	Dollar token lacks a clean alphabetic Tibetan-transliteration shape.
corrected_text_scan	wts_1_34	434	26	11	$	ś	guarded_dollar_to_sacute	pa’am sba ba’i don „wie: man muß bedekken, und 1]. $. ¥. verstecken oder verbergen“	guarded_dollar_scan	low	defer	artifact_or_numeric_noise	0	Dollar token lacks a clean alphabetic Tibetan-transliteration shape.
corrected_text_scan	wts_1_34	434	89	2	$	ś	guarded_dollar_to_sacute	lag ~$ dman yan (metr.) „fehlt es an einigen	guarded_dollar_scan	low	defer	artifact_or_numeric_noise	0	Dollar token lacks a clean alphabetic Tibetan-transliteration shape.
corrected_text_scan	wts_1_34	434	106	8	$	ś	guarded_dollar_to_sacute	spyi dpon sogs nor yod no can ~$ kyan „auch	guarded_dollar_scan	low	defer	artifact_or_numeric_noise	0	Dollar token lacks a clean alphabetic Tibetan-transliteration shape.
corrected_text_scan	wts_1_34	434	140	8	$	ś	guarded_dollar_to_sacute	’di yi yon tan ci nas kyan / ~$ kyan mi ses de	guarded_dollar_scan	low	defer	artifact_or_numeric_noise	0	Dollar token lacks a clean alphabetic Tibetan-transliteration shape.
corrected_text_scan	wts_1_34	434	146	3	479$	479ś	guarded_dollar_to_sacute	འགའ་ཏི་ཤགས་ ’ga’ ti 479$ ein Ritualgegenstand.	guarded_dollar_scan	low	defer	artifact_or_numeric_noise	0	Dollar token lacks a clean alphabetic Tibetan-transliteration shape.
corrected_text_scan	wts_1_34	435	22	2	47$	47ś	guarded_dollar_to_sacute	འགའ་ཤས་ ’ga’ 47$ einige.	guarded_dollar_scan	low	defer	artifact_or_numeric_noise	0	Dollar token lacks a clean alphabetic Tibetan-transliteration shape.
corrected_text_scan	wts_1_34	435	146	7	$	ś	guarded_dollar_to_sacute	Lex. ltag sprod ni mi 977/$ kyi Itag pa sprad pa	guarded_dollar_scan	low	defer	artifact_or_numeric_noise	0	Dollar token lacks a clean alphabetic Tibetan-transliteration shape.
corrected_text_scan	wts_1_34	439	54	2	$77.07775	ś77.07775	guarded_dollar_to_sacute	འགོག་སྩོམས་ 909 $77.07775	guarded_dollar_scan	low	defer	artifact_or_numeric_noise	0	Dollar token lacks a clean alphabetic Tibetan-transliteration shape.
corrected_text_scan	wts_1_34	439	97	2	$7707775	ś7707775	guarded_dollar_to_sacute	འགོག་སྩོམས་ ’gog $7707775 Meditation über das	guarded_dollar_scan	low	defer	artifact_or_numeric_noise	0	Dollar token lacks a clean alphabetic Tibetan-transliteration shape.
corrected_text_scan	wts_1_34	440	133	6	$	ś	guarded_dollar_to_sacute	(Debm 752); zla beu 977/$ re ~ te „es hat jeweils 12 Monate gedauert“ (Glr 122,7); Zag	guarded_dollar_scan	low	defer	artifact_or_numeric_noise	0	Dollar token lacks a clean alphabetic Tibetan-transliteration shape.
corrected_text_scan	wts_1_34	441	13	2	477$	477ś	guarded_dollar_to_sacute	འགྱངས་།ཁད་ ”97/477$ khad Distanz.	guarded_dollar_scan	low	defer	artifact_or_numeric_noise	0	Dollar token lacks a clean alphabetic Tibetan-transliteration shape.
corrected_text_scan	wts_1_34	442	46	4	$	ś	guarded_dollar_to_sacute	78d); de 977/$ rgyal ba’i ye ses las ni rin ~	guarded_dollar_scan	low	defer	artifact_or_numeric_noise	0	Dollar token lacks a clean alphabetic Tibetan-transliteration shape.
corrected_text_scan	wts_1_34	446	10	5	$	ś	guarded_dollar_to_sacute	’phags pa de 977/$ nan ~ par chad de „die bei-	guarded_dollar_scan	low	defer	artifact_or_numeric_noise	0	Dollar token lacks a clean alphabetic Tibetan-transliteration shape.
corrected_text_scan	wts_1_34	447	131	6	$	ś	guarded_dollar_to_sacute	1.4.10b); chan gifs) lci ba’i ~$ (metr.) „mit	guarded_dollar_scan	low	defer	artifact_or_numeric_noise	0	Dollar token lacks a clean alphabetic Tibetan-transliteration shape.
corrected_text_scan	wts_1_34	448	63	2	79$	79ś	guarded_dollar_to_sacute	འགྲིགས་ 97:79$ pf. zu ’grig auf etw. treffen, vgl.	guarded_dollar_scan	low	defer	artifact_or_numeric_noise	0	Dollar token lacks a clean alphabetic Tibetan-transliteration shape.
corrected_text_scan	wts_1_34	450	149	4	$	ś	guarded_dollar_to_sacute	’gren dud 977/$ la ... bka’ drin chen pos ma	guarded_dollar_scan	low	defer	artifact_or_numeric_noise	0	Dollar token lacks a clean alphabetic Tibetan-transliteration shape.
corrected_text_scan	wts_1_34	452	177	7	$	ś	guarded_dollar_to_sacute	(brDa); ~ rigs lṅa = lha mi 977/$ daṅ ñan soṅ	guarded_dollar_scan	low	defer	artifact_or_numeric_noise	0	Dollar token lacks a clean alphabetic Tibetan-transliteration shape.
corrected_text_scan	wts_1_34	454	48	11	$	ś	guarded_dollar_to_sacute	gsum ~ „er verbrachte 13 Jahre mit dem Vater“ (Nel 5b5); $ tshon pa ’di rnams dan ~	guarded_dollar_scan	low	defer	artifact_or_numeric_noise	0	Dollar token lacks a clean alphabetic Tibetan-transliteration shape.
corrected_text_scan	wts_1_34	454	125	7	$	ś	guarded_dollar_to_sacute	འགྲོངས་ ’grons fut. ༈ 97-07? pf. †9?-07?$ sterben.	guarded_dollar_scan	low	defer	artifact_or_numeric_noise	0	Dollar token lacks a clean alphabetic Tibetan-transliteration shape.
corrected_text_scan	wts_1_34	455	136	6	$	ś	guarded_dollar_to_sacute	sku tshab ran gi 92/$ kar - spyi dpon rnams	guarded_dollar_scan	low	defer	artifact_or_numeric_noise	0	Dollar token lacks a clean alphabetic Tibetan-transliteration shape.
corrected_text_scan	wts_1_34	456	31	6	$	ś	guarded_dollar_to_sacute	(Nel 493); bram ze - 977/$ la bu Zig kyan yod	guarded_dollar_scan	low	defer	artifact_or_numeric_noise	0	Dollar token lacks a clean alphabetic Tibetan-transliteration shape.
corrected_text_scan	wts_1_34	456	171	2	0095$	0095ś	guarded_dollar_to_sacute	རྒས་ཞཁོགས་ rgas '©/0095$ altersschwach.	guarded_dollar_scan	low	defer	artifact_or_numeric_noise	0	Dollar token lacks a clean alphabetic Tibetan-transliteration shape.
corrected_text_scan	wts_1_34	457	41	5	$77777	ś77777	guarded_dollar_to_sacute	mdzad pa’i sa yi $77777 po „Ksitigarbha, der	guarded_dollar_scan	low	defer	artifact_or_numeric_noise	0	Dollar token lacks a clean alphabetic Tibetan-transliteration shape.
corrected_text_scan	wts_1_34	457	59	4	774777$	774777ś	guarded_dollar_to_sacute	verfallen“ (Dagy); - pa = 774777$ pa (brDa); -	guarded_dollar_scan	low	defer	artifact_or_numeric_noise	0	Dollar token lacks a clean alphabetic Tibetan-transliteration shape.
corrected_text_scan	wts_1_34	457	112	6	$77	ś77	guarded_dollar_to_sacute	skom du ni ... ~ dan ... gein $77/ ba’i nad la	guarded_dollar_scan	low	defer	artifact_or_numeric_noise	0	Dollar token lacks a clean alphabetic Tibetan-transliteration shape.
corrected_text_scan	wts_1_34	458	211	3	$	ś	guarded_dollar_to_sacute	རྒྱ་ 'rgya Siegel; ~$ ’debs, ~ byed be-, versie-	guarded_dollar_scan	low	defer	artifact_or_numeric_noise	0	Dollar token lacks a clean alphabetic Tibetan-transliteration shape.
corrected_text_scan	wts_1_34	459	6	5	$	ś	guarded_dollar_to_sacute	’khor de bzZin ñid ~$ btab (metr.) „der Kreis	guarded_dollar_scan	low	defer	artifact_or_numeric_noise	0	Dollar token lacks a clean alphabetic Tibetan-transliteration shape.
corrected_text_scan	wts_1_34	459	8	2	$	ś	guarded_dollar_to_sacute	slar ~$ btab bo „es wurde wieder versiegelt“	guarded_dollar_scan	low	defer	artifact_or_numeric_noise	0	Dollar token lacks a clean alphabetic Tibetan-transliteration shape.
corrected_text_scan	wts_1_34	459	12	3	$	ś	guarded_dollar_to_sacute	70,22); ~$ btab pa de ma yin par śes nas „als	guarded_dollar_scan	low	defer	artifact_or_numeric_noise	0	Dollar token lacks a clean alphabetic Tibetan-transliteration shape.
corrected_text_scan	wts_1_34	459	15	4	$	ś	guarded_dollar_to_sacute	smon lam gyi ~$ btab cin „indem sie [die	guarded_dollar_scan	low	defer	artifact_or_numeric_noise	0	Dollar token lacks a clean alphabetic Tibetan-transliteration shape.
corrected_text_scan	wts_1_34	459	31	2	$	ś	guarded_dollar_to_sacute	(brDa); ~$ bkab pa = ’dra dpe ~$ ’gebs lta bu	guarded_dollar_scan	low	defer	artifact_or_numeric_noise	0	Dollar token lacks a clean alphabetic Tibetan-transliteration shape.
corrected_text_scan	wts_1_34	459	31	7	$	ś	guarded_dollar_to_sacute	(brDa); ~$ bkab pa = ’dra dpe ~$ ’gebs lta bu	guarded_dollar_scan	low	defer	artifact_or_numeric_noise	0	Dollar token lacks a clean alphabetic Tibetan-transliteration shape.
corrected_text_scan	wts_1_34	459	33	6	$	ś	guarded_dollar_to_sacute	pa = smon lam dan dam ~$ ’debs zin pa „ein	guarded_dollar_scan	low	defer	artifact_or_numeric_noise	0	Dollar token lacks a clean alphabetic Tibetan-transliteration shape.
corrected_text_scan	wts_1_34	459	35	5	$	ś	guarded_dollar_to_sacute	dem Siegel versiegelt“ (Dagy); ~$ btab pa =	guarded_dollar_scan	low	defer	artifact_or_numeric_noise	0	Dollar token lacks a clean alphabetic Tibetan-transliteration shape.
corrected_text_scan	wts_1_34	460	20	7	$	ś	guarded_dollar_to_sacute	tshigs su bcad pa bcu 977/$ kyi ’grel pa’i rgya	guarded_dollar_scan	low	defer	artifact_or_numeric_noise	0	Dollar token lacks a clean alphabetic Tibetan-transliteration shape.
corrected_text_scan	wts_1_34	460	117	3	$7	ś7	guarded_dollar_to_sacute	sbug chal, $7/ han, dun und rgya glin studie-	guarded_dollar_scan	low	defer	artifact_or_numeric_noise	0	Dollar token lacks a clean alphabetic Tibetan-transliteration shape.
corrected_text_scan	wts_1_34	461	4	6	$	ś	guarded_dollar_to_sacute	dga’ ba dan mgu ba ~$ khyab par gyur to	guarded_dollar_scan	low	defer	artifact_or_numeric_noise	0	Dollar token lacks a clean alphabetic Tibetan-transliteration shape.
corrected_text_scan	wts_1_34	461	8	3	$	ś	guarded_dollar_to_sacute	18,14); ~$ kyi snod gyur pa / dman pa’i chos	guarded_dollar_scan	low	defer	artifact_or_numeric_noise	0	Dollar token lacks a clean alphabetic Tibetan-transliteration shape.
corrected_text_scan	wts_1_34	467	122	5	$	ś	guarded_dollar_to_sacute	gfüis la mchog 977/$ zer „Nāgārjuna, Asanga,	guarded_dollar_scan	low	defer	artifact_or_numeric_noise	0	Dollar token lacks a clean alphabetic Tibetan-transliteration shape.
corrected_text_scan	wts_1_34	467	163	5	$	ś	guarded_dollar_to_sacute	sgyu dan g.yo dan ~$ / gian la sten gyi	guarded_dollar_scan	low	defer	artifact_or_numeric_noise	0	Dollar token lacks a clean alphabetic Tibetan-transliteration shape.
corrected_text_scan	wts_1_34	470	22	6	$	ś	guarded_dollar_to_sacute	bstod pa tshe dban 97($) ~ nas mthon ste „in-	guarded_dollar_scan	low	defer	artifact_or_numeric_noise	0	Dollar token lacks a clean alphabetic Tibetan-transliteration shape.
corrected_text_scan	wts_1_34	471	26	5	$50	ś50	guarded_dollar_to_sacute	als König inthronisiert“ (im $50); 77 ’og gi	guarded_dollar_scan	low	defer	artifact_or_numeric_noise	0	Dollar token lacks a clean alphabetic Tibetan-transliteration shape.
corrected_text_scan	wts_1_34	471	60	7	$	ś	guarded_dollar_to_sacute	Gandharvenkönig“ (ViśT 164,22); lha yi ~$	guarded_dollar_scan	low	defer	artifact_or_numeric_noise	0	Dollar token lacks a clean alphabetic Tibetan-transliteration shape.
corrected_text_scan	wts_1_34	471	70	6	$	ś	guarded_dollar_to_sacute	Reich“ (Nel 2b6); srid skyon ~$ chos la kha	guarded_dollar_scan	low	defer	artifact_or_numeric_noise	0	Dollar token lacks a clean alphabetic Tibetan-transliteration shape.
corrected_text_scan	wts_1_34	471	105	4	$	ś	guarded_dollar_to_sacute	rtse ’phrul gyi ~$ slar gsol pa „der magische	guarded_dollar_scan	low	defer	artifact_or_numeric_noise	0	Dollar token lacks a clean alphabetic Tibetan-transliteration shape.
corrected_text_scan	wts_1_34	472	89	2	$	ś	guarded_dollar_to_sacute	7.6b); ~$ mkhyen kyi bdag gis mi ses so	guarded_dollar_scan	low	defer	artifact_or_numeric_noise	0	Dollar token lacks a clean alphabetic Tibetan-transliteration shape.
corrected_text_scan	wts_1_34	472	94	3	$	ś	guarded_dollar_to_sacute	bzod pa ... ~$ rab tu bsad (metr.) „der Siegreiche verkündet die Geduld“ (VinUp	guarded_dollar_scan	low	defer	artifact_or_numeric_noise	0	Dollar token lacks a clean alphabetic Tibetan-transliteration shape.
corrected_text_scan	wts_1_34	473	41	6	$	ś	guarded_dollar_to_sacute	rim gro pa rnams kyan ~$ bskrad nas „nach-	guarded_dollar_scan	low	defer	artifact_or_numeric_noise	0	Dollar token lacks a clean alphabetic Tibetan-transliteration shape.
corrected_text_scan	wts_1_34	473	197	2	$	ś	guarded_dollar_to_sacute	20624); ~$ ... klu’i de khyun dban pa’i min	guarded_dollar_scan	low	defer	artifact_or_numeric_noise	0	Dollar token lacks a clean alphabetic Tibetan-transliteration shape.
corrected_text_scan	wts_1_34	475	104	4	9777$	9777ś	guarded_dollar_to_sacute	203,19); spun 9777$ - la ma cham par ’khrugs	guarded_dollar_scan	low	defer	artifact_or_numeric_noise	0	Dollar token lacks a clean alphabetic Tibetan-transliteration shape.
corrected_text_scan	wts_1_34	476	68	5	$	ś	guarded_dollar_to_sacute	hat“ (Vis 19-+a); ~$ sbyar ba’i skya bsen gi	guarded_dollar_scan	low	defer	artifact_or_numeric_noise	0	Dollar token lacks a clean alphabetic Tibetan-transliteration shape.
corrected_text_scan	wts_1_34	476	72	8	$	ś	guarded_dollar_to_sacute	Lex. dran sron Zig (brDa); dran sron ~$ Zus	guarded_dollar_scan	low	defer	artifact_or_numeric_noise	0	Dollar token lacks a clean alphabetic Tibetan-transliteration shape.
corrected_text_scan	wts_1_34	477	68	7	$	ś	guarded_dollar_to_sacute	4. Webkette, Kettfaden, vgl. BHSD 91 $. v.	guarded_dollar_scan	low	defer	artifact_or_numeric_noise	0	Dollar token lacks a clean alphabetic Tibetan-transliteration shape.
corrected_text_scan	wts_1_34	483	6	6	9777$	9777ś	guarded_dollar_to_sacute	> dan ... rtsa sum cu rtsa 9777$ po ’di mams	guarded_dollar_scan	low	defer	artifact_or_numeric_noise	0	Dollar token lacks a clean alphabetic Tibetan-transliteration shape.
corrected_text_scan	wts_1_34	483	26	2	$77	ś77	guarded_dollar_to_sacute	dan / $77/77 dan de bzin glo ba la (metr.) „an	guarded_dollar_scan	low	defer	artifact_or_numeric_noise	0	Dollar token lacks a clean alphabetic Tibetan-transliteration shape.
corrected_text_scan	wts_1_34	485	88	5	$	ś	guarded_dollar_to_sacute	dan lha min 977/$ gcig tu brtsis pa’o „die drei	guarded_dollar_scan	low	defer	artifact_or_numeric_noise	0	Dollar token lacks a clean alphabetic Tibetan-transliteration shape.
corrected_text_scan	wts_1_34	488	64	5	$	ś	guarded_dollar_to_sacute	རྒྱས་པ་ rgyus pa auch 7797///$ Sehne, Faden.	guarded_dollar_scan	low	defer	artifact_or_numeric_noise	0	Dollar token lacks a clean alphabetic Tibetan-transliteration shape.
corrected_text_scan	wts_1_34	488	78	2	$	ś	guarded_dollar_to_sacute	gzeb ~$ sbrel ba la (metr.) „der mit Sehnen	guarded_dollar_scan	low	defer	artifact_or_numeric_noise	0	Dollar token lacks a clean alphabetic Tibetan-transliteration shape.
corrected_text_scan	wts_1_34	488	80	3	$	ś	guarded_dollar_to_sacute	rus pa ~$ sbrel ba „Knochen, die durch	guarded_dollar_scan	low	defer	artifact_or_numeric_noise	0	Dollar token lacks a clean alphabetic Tibetan-transliteration shape.
corrected_text_scan	wts_1_34	489	99	2	9$579$	9ś579ś	guarded_dollar_to_sacute	སྒང་གཤགས་ sgarı 9$579$ (zw.) Kiste.	guarded_dollar_scan	low	defer	artifact_or_numeric_noise	0	Dollar token lacks a clean alphabetic Tibetan-transliteration shape.
corrected_text_scan	wts_1_34	489	104	1	$9	ś9	guarded_dollar_to_sacute	སྒང་གཤངས་ $9%/? gsons Berg und Tal.	guarded_dollar_scan	low	defer	artifact_or_numeric_noise	0	Dollar token lacks a clean alphabetic Tibetan-transliteration shape.
corrected_text_scan	wts_1_34	490	101	8	774$	774ś	guarded_dollar_to_sacute	hren“ (MTH3/5/13 1); sgar sbrel 774$ ...	guarded_dollar_scan	low	defer	artifact_or_numeric_noise	0	Dollar token lacks a clean alphabetic Tibetan-transliteration shape.
corrected_text_scan	wts_1_34	490	144	1	$97	ś97	guarded_dollar_to_sacute	སྒི་ཁུང་ $97 khun Fenster.	guarded_dollar_scan	low	defer	artifact_or_numeric_noise	0	Dollar token lacks a clean alphabetic Tibetan-transliteration shape.
corrected_text_scan	wts_1_34	490	163	3	$	ś	guarded_dollar_to_sacute	Lex. lus ~$ ’khar ba la brten pa = prägbha-	guarded_dollar_scan	low	defer	artifact_or_numeric_noise	0	Dollar token lacks a clean alphabetic Tibetan-transliteration shape.
corrected_text_scan	wts_1_34	491	80	1	$	ś	guarded_dollar_to_sacute	""" $£96 sge."	guarded_dollar_scan	low	defer	artifact_or_numeric_noise	0	Dollar token lacks a clean alphabetic Tibetan-transliteration shape.
corrected_text_scan	wts_1_34	491	91	3	1$97	1ś97	guarded_dollar_to_sacute	སྒེ་མོ་ sge mo 1$97/© mo.	guarded_dollar_scan	low	defer	artifact_or_numeric_noise	0	Dollar token lacks a clean alphabetic Tibetan-transliteration shape.
corrected_text_scan	wts_1_34	493	73	1	$90	ś90	guarded_dollar_to_sacute	གྒོ་ཁང་ $90 khan Eingangsbereich, Wachtturm.	guarded_dollar_scan	low	defer	artifact_or_numeric_noise	0	Dollar token lacks a clean alphabetic Tibetan-transliteration shape.
corrected_text_scan	wts_1_34	494	67	9	$	ś	guarded_dollar_to_sacute	Torwächter kan und kin“ (Nani 216,1,4); ~$	guarded_dollar_scan	low	defer	artifact_or_numeric_noise	0	Dollar token lacks a clean alphabetic Tibetan-transliteration shape.
corrected_text_scan	wts_1_34	494	140	3	$	ś	guarded_dollar_to_sacute	bcu 977/$ rdzon gi - de „die Festungstore der	guarded_dollar_scan	low	defer	artifact_or_numeric_noise	0	Dollar token lacks a clean alphabetic Tibetan-transliteration shape.
corrected_text_scan	wts_1_34	494	178	2	$	ś	guarded_dollar_to_sacute	སྒོ་ཤག་ sgo $£ Türriegel.	guarded_dollar_scan	low	defer	artifact_or_numeric_noise	0	Dollar token lacks a clean alphabetic Tibetan-transliteration shape.
corrected_text_scan	wts_1_34	496	23	6	$	ś	guarded_dollar_to_sacute	༨... rtsa sum cu risa 977/$ po ’di rnams	guarded_dollar_scan	low	defer	artifact_or_numeric_noise	0	Dollar token lacks a clean alphabetic Tibetan-transliteration shape.
corrected_text_scan	wts_1_34	496	182	5	$770772$	ś770772ś	guarded_dollar_to_sacute	སྦྱིད་སོམ་ sgyid 5770777 auch sgyid $770772$ pa faul,	guarded_dollar_scan	low	defer	artifact_or_numeric_noise	0	Dollar token lacks a clean alphabetic Tibetan-transliteration shape.
corrected_text_scan	wts_1_34	497	143	7	$	ś	guarded_dollar_to_sacute	(Suv 180,18); khyed gäis kyis ~$ ’ig rten	guarded_dollar_scan	low	defer	artifact_or_numeric_noise	0	Dollar token lacks a clean alphabetic Tibetan-transliteration shape.
corrected_text_scan	wts_1_34	499	9	3	$	ś	guarded_dollar_to_sacute	ser ba’i ~$ ... skrag pa daṅ „vom Hagellärm	guarded_dollar_scan	low	defer	artifact_or_numeric_noise	0	Dollar token lacks a clean alphabetic Tibetan-transliteration shape.
corrected_text_scan	wts_1_34	499	11	1	$	ś	guarded_dollar_to_sacute	~$ kun nas skrag pas „weil das Geräusch der	guarded_dollar_scan	low	defer	artifact_or_numeric_noise	0	Dollar token lacks a clean alphabetic Tibetan-transliteration shape.
corrected_text_scan	wts_1_34	499	23	5	$	ś	guarded_dollar_to_sacute	rtsod brtsom pa’i ’brug ~$ „mit den Dra-	guarded_dollar_scan	low	defer	artifact_or_numeric_noise	0	Dollar token lacks a clean alphabetic Tibetan-transliteration shape.
corrected_text_scan	wts_1_34	499	64	4	$	ś	guarded_dollar_to_sacute	ka ta ka’i ~$ ka ta kai ’bras bu brjod pa yin	guarded_dollar_scan	low	defer	artifact_or_numeric_noise	0	Dollar token lacks a clean alphabetic Tibetan-transliteration shape.
corrected_text_scan	wts_1_34	499	92	6	$	ś	guarded_dollar_to_sacute	7,33); ces phyogs bcur ~$ go bar byed pa ste	guarded_dollar_scan	low	defer	artifact_or_numeric_noise	0	Dollar token lacks a clean alphabetic Tibetan-transliteration shape.
corrected_text_scan	wts_1_34	500	35	6	$	ś	guarded_dollar_to_sacute	nan dpun tshogs ben 977/$ ’thab pa’i dus su	guarded_dollar_scan	low	defer	artifact_or_numeric_noise	0	Dollar token lacks a clean alphabetic Tibetan-transliteration shape.
corrected_text_scan	wts_1_34	500	80	4	77$5	77ś5	guarded_dollar_to_sacute	སྒྲ་གཅན་འཇོམས་ sgra gcan 70:77$5 Beiname des	guarded_dollar_scan	low	defer	artifact_or_numeric_noise	0	Dollar token lacks a clean alphabetic Tibetan-transliteration shape.
corrected_text_scan	wts_1_34	501	118	5	$9777	ś9777	guarded_dollar_to_sacute	སྒྲའི་སྦྱོར་བ་ sgra”i sbyor ba [$9777 sbyor.	guarded_dollar_scan	low	defer	artifact_or_numeric_noise	0	Dollar token lacks a clean alphabetic Tibetan-transliteration shape.
corrected_text_scan	wts_1_34	502	48	8	7$	7ś	guarded_dollar_to_sacute	སྒྲིབ་ sgrib pf. \bsgribs, fut. [597-7/?, imp. 1.5977/7$	guarded_dollar_scan	low	defer	artifact_or_numeric_noise	0	Dollar token lacks a clean alphabetic Tibetan-transliteration shape.
corrected_text_scan	wts_1_34	503	110	5	7$	7ś	guarded_dollar_to_sacute	སྒྲུབ་ sgrub pf. 1/5977/7$ fur. \bsgrub imp.	guarded_dollar_scan	low	defer	artifact_or_numeric_noise	0	Dollar token lacks a clean alphabetic Tibetan-transliteration shape.
corrected_text_scan	wts_1_34	504	9	1	$09$	ś09ś	guarded_dollar_to_sacute	$09$ „zwei Maultiertraglasten mit Ritualtexten usw.“ ([ 642 219,2); so so’i gnas su ~ pa’i	guarded_dollar_scan	low	defer	artifact_or_numeric_noise	0	Dollar token lacks a clean alphabetic Tibetan-transliteration shape.
corrected_text_scan	wts_1_34	504	86	2	779$	779ś	guarded_dollar_to_sacute	སྒྲུབ་འཇགས་ sgrub 779$ Erbringung von Abga-	guarded_dollar_scan	low	defer	artifact_or_numeric_noise	0	Dollar token lacks a clean alphabetic Tibetan-transliteration shape.
corrected_text_scan	wts_1_34	505	36	4	$977	ś977	guarded_dollar_to_sacute	སྒྲུབས་ sgrubs imp. zu [$977/77 erlangen, vollen-	guarded_dollar_scan	low	defer	artifact_or_numeric_noise	0	Dollar token lacks a clean alphabetic Tibetan-transliteration shape.
corrected_text_scan	wts_1_34	505	173	1	1$97-0	1ś97-0	guarded_dollar_to_sacute	སྒྲོ 1$97-0 Feder, Gefieder.	guarded_dollar_scan	low	defer	artifact_or_numeric_noise	0	Dollar token lacks a clean alphabetic Tibetan-transliteration shape.
corrected_text_scan	wts_1_34	505	201	11	$	ś	guarded_dollar_to_sacute	rgod po’i ~ (metr.) „das Gefieder des Geiers“ (Glu 38b); bya ~$ lcags gcod pa „mit	guarded_dollar_scan	low	defer	artifact_or_numeric_noise	0	Dollar token lacks a clean alphabetic Tibetan-transliteration shape.
corrected_text_scan	wts_1_34	506	124	3	9$	9ś	guarded_dollar_to_sacute	tu 7/9$ chen gad rgyans nes par rab tn sgrogs	guarded_dollar_scan	low	defer	artifact_or_numeric_noise	0	Dollar token lacks a clean alphabetic Tibetan-transliteration shape.
corrected_text_scan	wts_1_34	507	151	5	$	ś	guarded_dollar_to_sacute	der Juwelenlampe“ (Ps 19c); ~$ mun pa	guarded_dollar_scan	low	defer	artifact_or_numeric_noise	0	Dollar token lacks a clean alphabetic Tibetan-transliteration shape.
corrected_text_scan	wts_1_34	512	207	1	$77	ś77	guarded_dollar_to_sacute	$77 pa nas bya yul pa la ~ pa’i ... lam rim	guarded_dollar_scan	low	defer	artifact_or_numeric_noise	0	Dollar token lacks a clean alphabetic Tibetan-transliteration shape.
corrected_text_scan	wts_1_34	513	6	8	$	ś	guarded_dollar_to_sacute	1: 550,5); rnam thar la 977/$ te / dṅos dan ~	guarded_dollar_scan	low	defer	artifact_or_numeric_noise	0	Dollar token lacks a clean alphabetic Tibetan-transliteration shape.
corrected_text_scan	wts_1_34	513	188	12	$	ś	guarded_dollar_to_sacute	pa dan bzu bya ma ’ons pa’i don „verflüssigter Zucker, 1, $, ¥, geschmolzen und	guarded_dollar_scan	low	defer	artifact_or_numeric_noise	0	Dollar token lacks a clean alphabetic Tibetan-transliteration shape.
corrected_text_scan	wts_1_34	513	198	4	$9	ś9	guarded_dollar_to_sacute	བསྙུག་ bsgug fut. zu ༈ $9//£$ warten.	guarded_dollar_scan	low	defer	artifact_or_numeric_noise	0	Dollar token lacks a clean alphabetic Tibetan-transliteration shape.
corrected_text_scan	wts_1_34	513	198	5	$	ś	guarded_dollar_to_sacute	བསྙུག་ bsgug fut. zu ༈ $9//£$ warten.	guarded_dollar_scan	low	defer	artifact_or_numeric_noise	0	Dollar token lacks a clean alphabetic Tibetan-transliteration shape.
corrected_text_scan	wts_1_34	514	23	4	$9	ś9	guarded_dollar_to_sacute	བསྒུལ་ bsgul pf. zu †$9/// etw. bewegen.	guarded_dollar_scan	low	defer	artifact_or_numeric_noise	0	Dollar token lacks a clean alphabetic Tibetan-transliteration shape.
corrected_text_scan	wts_1_34	514	42	8	$	ś	guarded_dollar_to_sacute	Anweisung“ (Prav 5,6); de dag gis €$	guarded_dollar_scan	low	defer	artifact_or_numeric_noise	0	Dollar token lacks a clean alphabetic Tibetan-transliteration shape.
corrected_text_scan	wts_1_34	514	93	4	$9077	ś9077	guarded_dollar_to_sacute	བསློངས་ bsgons pf. zu †'$9077 rundmachen.	guarded_dollar_scan	low	defer	artifact_or_numeric_noise	0	Dollar token lacks a clean alphabetic Tibetan-transliteration shape.
corrected_text_scan	wts_1_34	515	97	6	$97	ś97	guarded_dollar_to_sacute	བརྒྱུར་ bsgyur pf. und fut. zu ༈ '$97///7-.	guarded_dollar_scan	low	defer	artifact_or_numeric_noise	0	Dollar token lacks a clean alphabetic Tibetan-transliteration shape.
corrected_text_scan	wts_1_34	516	50	6	$97	ś97	guarded_dollar_to_sacute	བསྒྱེལ་ bsgyel pf. und fut. zu །$97/6/ umwerfen,	guarded_dollar_scan	low	defer	artifact_or_numeric_noise	0	Dollar token lacks a clean alphabetic Tibetan-transliteration shape.
corrected_text_scan	wts_1_34	516	169	4	$97-077	ś97-077	guarded_dollar_to_sacute	བསྒྲངས་ 'bsgrans pf. zu ༈$97-077 zählen.	guarded_dollar_scan	low	defer	artifact_or_numeric_noise	0	Dollar token lacks a clean alphabetic Tibetan-transliteration shape.
corrected_text_scan	wts_1_34	522	59	5	$	ś	guarded_dollar_to_sacute	leisten“ (K1 ka 12765); ~$ kyan ’di ñid du	guarded_dollar_scan	low	defer	artifact_or_numeric_noise	0	Dollar token lacks a clean alphabetic Tibetan-transliteration shape.
corrected_text_scan	wts_1_34	522	80	3	$	ś	guarded_dollar_to_sacute	56,19); ~$ bod du gdad (7. bsdad) kyan	guarded_dollar_scan	low	defer	artifact_or_numeric_noise	0	Dollar token lacks a clean alphabetic Tibetan-transliteration shape.
corrected_text_scan	wts_1_34	522	86	2	$	ś	guarded_dollar_to_sacute	khag ~$ ’khur „ich trage die Verantwortung	guarded_dollar_scan	low	defer	artifact_or_numeric_noise	0	Dollar token lacks a clean alphabetic Tibetan-transliteration shape.
corrected_text_scan	wts_1_34	522	96	8	$	ś	guarded_dollar_to_sacute	heute Abend sterben werde“ (Tär 16,9); ~$	guarded_dollar_scan	low	defer	artifact_or_numeric_noise	0	Dollar token lacks a clean alphabetic Tibetan-transliteration shape.
corrected_text_scan	wts_1_34	523	10	5	$	ś	guarded_dollar_to_sacute	gsen rab yul na ~$ ma mthon „ich habe sie	guarded_dollar_scan	low	defer	artifact_or_numeric_noise	0	Dollar token lacks a clean alphabetic Tibetan-transliteration shape.
corrected_text_scan	wts_1_34	523	15	4	$	ś	guarded_dollar_to_sacute	dan ~ ran 977/$ / b(s)kos than (metr.) „dein	guarded_dollar_scan	low	defer	artifact_or_numeric_noise	0	Dollar token lacks a clean alphabetic Tibetan-transliteration shape.
corrected_text_scan	wts_1_34	523	24	5	7$	7ś	guarded_dollar_to_sacute	khyod dan na 977/7$ „du und ich, wir zwei“	guarded_dollar_scan	low	defer	artifact_or_numeric_noise	0	Dollar token lacks a clean alphabetic Tibetan-transliteration shape.
corrected_text_scan	wts_1_34	523	181	1	$	ś	guarded_dollar_to_sacute	~$ ’o dod ’bod (metr.) „ich schreie mit	guarded_dollar_scan	low	defer	artifact_or_numeric_noise	0	Dollar token lacks a clean alphabetic Tibetan-transliteration shape.
corrected_text_scan	wts_1_34	524	55	7	$	ś	guarded_dollar_to_sacute	85,1); blon po de 977/$ kyi ~ gcog par byed do	guarded_dollar_scan	low	defer	artifact_or_numeric_noise	0	Dollar token lacks a clean alphabetic Tibetan-transliteration shape.
corrected_text_scan	wts_1_34	525	186	6	97$	97ś	guarded_dollar_to_sacute	1. spontan, von selbst; ran 97$ nan la dass.	guarded_dollar_scan	low	defer	artifact_or_numeric_noise	0	Dollar token lacks a clean alphabetic Tibetan-transliteration shape.
corrected_text_scan	wts_1_34	526	96	3	$	ś	guarded_dollar_to_sacute	181,3); ~$ mtsho la ’o ma len pa ltar „wie die	guarded_dollar_scan	low	defer	artifact_or_numeric_noise	0	Dollar token lacks a clean alphabetic Tibetan-transliteration shape.
corrected_text_scan	wts_1_34	527	45	3	$	ś	guarded_dollar_to_sacute	srid dan ~$ hams (metr.) „die am Dasein	guarded_dollar_scan	low	defer	artifact_or_numeric_noise	0	Dollar token lacks a clean alphabetic Tibetan-transliteration shape.
corrected_text_scan	wts_1_34	527	64	3	$	ś	guarded_dollar_to_sacute	224,25); ~$ bsüens slad ma lags la (metr.)	guarded_dollar_scan	low	defer	artifact_or_numeric_noise	0	Dollar token lacks a clean alphabetic Tibetan-transliteration shape.
corrected_text_scan	wts_1_34	528	56	4	$	ś	guarded_dollar_to_sacute	18); rtswa yul ~$ „das Weideland war	guarded_dollar_scan	low	defer	artifact_or_numeric_noise	0	Dollar token lacks a clean alphabetic Tibetan-transliteration shape.
corrected_text_scan	wts_1_34	528	62	6	77$	77ś	guarded_dollar_to_sacute	(Miglo 98,15); than dan /77$ nan byur yug	guarded_dollar_scan	low	defer	artifact_or_numeric_noise	0	Dollar token lacks a clean alphabetic Tibetan-transliteration shape.
corrected_text_scan	wts_1_34	529	164	9	$	ś	guarded_dollar_to_sacute	gon dan / sna nam phrom pa skyes 977/$ bZag	guarded_dollar_scan	low	defer	artifact_or_numeric_noise	0	Dollar token lacks a clean alphabetic Tibetan-transliteration shape.
corrected_text_scan	wts_1_34	531	58	2	9$0	9ś0	guarded_dollar_to_sacute	ངལ་གསོ་ nal 9$0	guarded_dollar_scan	low	defer	artifact_or_numeric_noise	0	Dollar token lacks a clean alphabetic Tibetan-transliteration shape.
corrected_text_scan	wts_1_34	531	79	4	$	ś	guarded_dollar_to_sacute	Lex. - ba = 77€$ pa £$0 ba’am bde bar gyur pa	guarded_dollar_scan	low	defer	artifact_or_numeric_noise	0	Dollar token lacks a clean alphabetic Tibetan-transliteration shape.
corrected_text_scan	wts_1_34	531	79	6	$0	ś0	guarded_dollar_to_sacute	Lex. - ba = 77€$ pa £$0 ba’am bde bar gyur pa	guarded_dollar_scan	low	defer	artifact_or_numeric_noise	0	Dollar token lacks a clean alphabetic Tibetan-transliteration shape.
corrected_text_scan	wts_1_34	531	132	2	9$0$	9ś0ś	guarded_dollar_to_sacute	ངལ་གསོས་པོ nal 9$0$ po auch nal bso’i bu	guarded_dollar_scan	low	defer	artifact_or_numeric_noise	0	Dollar token lacks a clean alphabetic Tibetan-transliteration shape.
corrected_text_scan	wts_1_34	532	131	4	$	ś	guarded_dollar_to_sacute	pho mo 977/$ kyis ñe bar mdzes par byas pa’i	guarded_dollar_scan	low	defer	artifact_or_numeric_noise	0	Dollar token lacks a clean alphabetic Tibetan-transliteration shape.
corrected_text_scan	wts_1_34	532	159	3	$	ś	guarded_dollar_to_sacute	bu £977/$ yod de „der Berg Himavat hatte	guarded_dollar_scan	low	defer	artifact_or_numeric_noise	0	Dollar token lacks a clean alphabetic Tibetan-transliteration shape.
corrected_text_scan	wts_1_34	532	185	1	$77	ś77	guarded_dollar_to_sacute	$77/95 mas btsos pa’i don yin „nur smrig: obwohl ein rotgelbes Kleid so heißt, ist der	guarded_dollar_scan	low	defer	artifact_or_numeric_noise	0	Dollar token lacks a clean alphabetic Tibetan-transliteration shape.
corrected_text_scan	wts_1_34	533	87	6	$	ś	guarded_dollar_to_sacute	“ran 775 ... yig no 4¢$ pa byun „ich habe die	guarded_dollar_scan	low	defer	artifact_or_numeric_noise	0	Dollar token lacks a clean alphabetic Tibetan-transliteration shape.
corrected_text_scan	wts_1_34	533	162	2	$	ś	guarded_dollar_to_sacute	’di ༡//($) chig chod thub ~ so (metr.) „es ist	guarded_dollar_scan	low	defer	artifact_or_numeric_noise	0	Dollar token lacks a clean alphabetic Tibetan-transliteration shape.
corrected_text_scan	wts_1_34	535	94	7	$	ś	guarded_dollar_to_sacute	ངེས་པར་བརྟག་ nes par brtag fut. zu 177€$ par	guarded_dollar_scan	low	defer	artifact_or_numeric_noise	0	Dollar token lacks a clean alphabetic Tibetan-transliteration shape.
corrected_text_scan	wts_1_34	536	151	3	$	ś	guarded_dollar_to_sacute	zieren; vgl. [༡?€$ par gzun ba.	guarded_dollar_scan	low	defer	artifact_or_numeric_noise	0	Dollar token lacks a clean alphabetic Tibetan-transliteration shape.
corrected_text_scan	wts_1_34	537	52	1	$	ś	guarded_dollar_to_sacute	~$ kyan rgyal dban rin po che gser Zal dgyes	guarded_dollar_scan	low	defer	artifact_or_numeric_noise	0	Dollar token lacks a clean alphabetic Tibetan-transliteration shape.
corrected_text_scan	wts_1_34	538	184	7	$	ś	guarded_dollar_to_sacute	pa = no thug pa’am no 977/$ ’phrad du ’jug pa	guarded_dollar_scan	low	defer	artifact_or_numeric_noise	0	Dollar token lacks a clean alphabetic Tibetan-transliteration shape.
corrected_text_scan	wts_1_34	540	60	2	$	ś	guarded_dollar_to_sacute	£77/$ pa „das zweite Rad der Lehre, das	guarded_dollar_scan	low	defer	artifact_or_numeric_noise	0	Dollar token lacks a clean alphabetic Tibetan-transliteration shape.
corrected_text_scan	wts_1_34	540	212	9	$	ś	guarded_dollar_to_sacute	Lex. - pa = nes par ses pa’am gtan gtan €$ pa	guarded_dollar_scan	low	defer	artifact_or_numeric_noise	0	Dollar token lacks a clean alphabetic Tibetan-transliteration shape.
corrected_text_scan	wts_1_34	540	222	6	$	ś	guarded_dollar_to_sacute	KA no Ses auch nos ¢$ erkennen, kennen;	guarded_dollar_scan	low	defer	artifact_or_numeric_noise	0	Dollar token lacks a clean alphabetic Tibetan-transliteration shape.
corrected_text_scan	wts_1_34	541	26	8	$	ś	guarded_dollar_to_sacute	(Dagy); nos ses pa = gdon no nas ¿€$ pa	guarded_dollar_scan	low	defer	artifact_or_numeric_noise	0	Dollar token lacks a clean alphabetic Tibetan-transliteration shape.
corrected_text_scan	wts_1_34	541	47	5	97$	97ś	guarded_dollar_to_sacute	phyogs ’dzin gyi dban 97$ -r byed pa de dag	guarded_dollar_scan	low	defer	artifact_or_numeric_noise	0	Dollar token lacks a clean alphabetic Tibetan-transliteration shape.
corrected_text_scan	wts_1_34	546	12	8	$	ś	guarded_dollar_to_sacute	span bya’i ~ byed pa’i mflam gZag ye ©$ „die	guarded_dollar_scan	low	defer	artifact_or_numeric_noise	0	Dollar token lacks a clean alphabetic Tibetan-transliteration shape.
corrected_text_scan	wts_1_34	546	165	5	$	ś	guarded_dollar_to_sacute	rtsa ba’i ~?/ don 977/$ Sig bstan te / ’di ltar gtso	guarded_dollar_scan	low	defer	artifact_or_numeric_noise	0	Dollar token lacks a clean alphabetic Tibetan-transliteration shape.
corrected_text_scan	wts_1_34	546	176	6	$	ś	guarded_dollar_to_sacute	(Nägn 3,17); rgan po’i ~$ yid byun ste „er ist	guarded_dollar_scan	low	defer	artifact_or_numeric_noise	0	Dollar token lacks a clean alphabetic Tibetan-transliteration shape.
corrected_text_scan	wts_1_34	547	7	1	0$	0ś	guarded_dollar_to_sacute	དངོས་འབྲེལ་ @/©0$ ’brel tatsächlich, in Wirk-	guarded_dollar_scan	low	defer	artifact_or_numeric_noise	0	Dollar token lacks a clean alphabetic Tibetan-transliteration shape.
corrected_text_scan	wts_1_34	547	52	6	720$	720ś	guarded_dollar_to_sacute	དངོས་སུ་གྲུབ་པ་ dṅos su grub pa 7 @720$ grub.	guarded_dollar_scan	low	defer	artifact_or_numeric_noise	0	Dollar token lacks a clean alphabetic Tibetan-transliteration shape.
corrected_text_scan	wts_1_34	548	156	2	$4	ś4	guarded_dollar_to_sacute	grans); $4/7$ rgyas dan mna’ dban du bsdus	guarded_dollar_scan	low	defer	artifact_or_numeric_noise	0	Dollar token lacks a clean alphabetic Tibetan-transliteration shape.
corrected_text_scan	wts_1_34	548	156	3	7$	7ś	guarded_dollar_to_sacute	grans); $4/7$ rgyas dan mna’ dban du bsdus	guarded_dollar_scan	low	defer	artifact_or_numeric_noise	0	Dollar token lacks a clean alphabetic Tibetan-transliteration shape.
corrected_text_scan	wts_1_34	552	128	4	7209$	7209ś	guarded_dollar_to_sacute	མངོན་ངྭ་རྫོགས་པ་ mnon du 7⁄:7209$ pa \mnon	guarded_dollar_scan	low	defer	artifact_or_numeric_noise	0	Dollar token lacks a clean alphabetic Tibetan-transliteration shape.
corrected_text_scan	wts_1_34	554	35	3	$	ś	guarded_dollar_to_sacute	khyod kyi ~$ skrag nas ... mnal Itun bar byed	guarded_dollar_scan	low	defer	artifact_or_numeric_noise	0	Dollar token lacks a clean alphabetic Tibetan-transliteration shape.
corrected_text_scan	wts_1_34	558	68	11	$	ś	guarded_dollar_to_sacute	Lex. gZu gu’i rṅa ma daṅ mgo’i ze rṅog 977/$	guarded_dollar_scan	low	defer	artifact_or_numeric_noise	0	Dollar token lacks a clean alphabetic Tibetan-transliteration shape.
corrected_text_scan	wts_1_34	558	176	5	77709$	77709ś	guarded_dollar_to_sacute	རྔ་རྔོག་ rha rnog auch 777% 77709$ Schwanz und mon gi phru gu (Dagy).	guarded_dollar_scan	low	defer	artifact_or_numeric_noise	0	Dollar token lacks a clean alphabetic Tibetan-transliteration shape.
corrected_text_scan	wts_1_34	558	203	14	$	ś	guarded_dollar_to_sacute	sgra la sogs pa thos pa „den Klang von (Sumpa 52b3). mgul pa ~$ brgyan pa’i rta (metr.) „Pferde	guarded_dollar_scan	low	defer	artifact_or_numeric_noise	0	Dollar token lacks a clean alphabetic Tibetan-transliteration shape.
corrected_text_scan	wts_1_34	561	113	5	$	ś	guarded_dollar_to_sacute	973); rna mchog 977/$ po’i Itag - pa dan „die	guarded_dollar_scan	low	defer	artifact_or_numeric_noise	0	Dollar token lacks a clean alphabetic Tibetan-transliteration shape.
corrected_text_scan	wts_1_34	561	196	5	$750	ś750	guarded_dollar_to_sacute	wurde zum Großminister ernannt“ ($750	guarded_dollar_scan	low	defer	artifact_or_numeric_noise	0	Dollar token lacks a clean alphabetic Tibetan-transliteration shape.
corrected_text_scan	wts_1_34	562	78	9	$	ś	guarded_dollar_to_sacute	~ gi slob ma Zan gro lun pa 977/$ la sogs pa	guarded_dollar_scan	low	defer	artifact_or_numeric_noise	0	Dollar token lacks a clean alphabetic Tibetan-transliteration shape.
corrected_text_scan	wts_1_34	563	122	3	$	ś	guarded_dollar_to_sacute	la 977/$ te „fünftens gibt es in der Biographie	guarded_dollar_scan	low	defer	artifact_or_numeric_noise	0	Dollar token lacks a clean alphabetic Tibetan-transliteration shape.
corrected_text_scan	wts_1_34	563	192	2	$77	ś77	guarded_dollar_to_sacute	Lex. $77/9$ Ina dar ba „das Gedeihen der 5	guarded_dollar_scan	low	defer	artifact_or_numeric_noise	0	Dollar token lacks a clean alphabetic Tibetan-transliteration shape.
corrected_text_scan	wts_1_34	563	192	3	9$	9ś	guarded_dollar_to_sacute	Lex. $77/9$ Ina dar ba „das Gedeihen der 5	guarded_dollar_scan	low	defer	artifact_or_numeric_noise	0	Dollar token lacks a clean alphabetic Tibetan-transliteration shape.
corrected_text_scan	wts_1_34	565	102	1	$7	ś7	guarded_dollar_to_sacute	སྔ་ངྲོ་ $7?¢ dro Morgen, Vormittag.	guarded_dollar_scan	low	defer	artifact_or_numeric_noise	0	Dollar token lacks a clean alphabetic Tibetan-transliteration shape.
corrected_text_scan	wts_1_34	566	93	8	$	ś	guarded_dollar_to_sacute	sna po (TIC); - za nas = sna po $?7% po nas	guarded_dollar_scan	low	defer	artifact_or_numeric_noise	0	Dollar token lacks a clean alphabetic Tibetan-transliteration shape.
corrected_text_scan	wts_1_34	566	155	2	$77	ś77	guarded_dollar_to_sacute	= kyi $77/77 po brgya rtsa brgyad / sans rgyas	guarded_dollar_scan	low	defer	artifact_or_numeric_noise	0	Dollar token lacks a clean alphabetic Tibetan-transliteration shape.
corrected_text_scan	wts_1_34	567	26	3	$77	ś77	guarded_dollar_to_sacute	སྔགས་རྒྱད་ shags rgyud ༈$77:49$.	guarded_dollar_scan	low	defer	artifact_or_numeric_noise	0	Dollar token lacks a clean alphabetic Tibetan-transliteration shape.
corrected_text_scan	wts_1_34	567	26	4	49$	49ś	guarded_dollar_to_sacute	སྔགས་རྒྱད་ shags rgyud ༈$77:49$.	guarded_dollar_scan	low	defer	artifact_or_numeric_noise	0	Dollar token lacks a clean alphabetic Tibetan-transliteration shape.
corrected_text_scan	wts_1_34	567	34	1	$7779$	ś7779ś	guarded_dollar_to_sacute	སྔགས་པ་ $7779$ pa Anhänger des Mantrayäna,	guarded_dollar_scan	low	defer	artifact_or_numeric_noise	0	Dollar token lacks a clean alphabetic Tibetan-transliteration shape.
corrected_text_scan	wts_1_34	567	65	1	$7749$	ś7749ś	guarded_dollar_to_sacute	སྔགས་བས་བ་ $7749$ bsu ba auch snags te bsu pa	guarded_dollar_scan	low	defer	artifact_or_numeric_noise	0	Dollar token lacks a clean alphabetic Tibetan-transliteration shape.
corrected_text_scan	wts_1_34	568	125	8	$	ś	guarded_dollar_to_sacute	~ stan = sfies ’bol dan ’bol stan 977/$ „Kissen	guarded_dollar_scan	low	defer	artifact_or_numeric_noise	0	Dollar token lacks a clean alphabetic Tibetan-transliteration shape.
corrected_text_scan	wts_1_34	568	179	5	$77	ś77	guarded_dollar_to_sacute	Lex. nal ril lam $77€$ ril (brDa); snas bya’i	guarded_dollar_scan	low	defer	artifact_or_numeric_noise	0	Dollar token lacks a clean alphabetic Tibetan-transliteration shape.
corrected_text_scan	wts_1_34	568	179	6	$	ś	guarded_dollar_to_sacute	Lex. nal ril lam $77€$ ril (brDa); snas bya’i	guarded_dollar_scan	low	defer	artifact_or_numeric_noise	0	Dollar token lacks a clean alphabetic Tibetan-transliteration shape.
corrected_text_scan	wts_1_34	568	196	1	$77	ś77	guarded_dollar_to_sacute	སྔན་རོལ་ $77//77 rol vorhergehend.	guarded_dollar_scan	low	defer	artifact_or_numeric_noise	0	Dollar token lacks a clean alphabetic Tibetan-transliteration shape.
corrected_text_scan	wts_1_34	568	207	5	$77	ś77	guarded_dollar_to_sacute	སྔན་བསུས་ shun bsus pf. zu $77//77 bsu emp-	guarded_dollar_scan	low	defer	artifact_or_numeric_noise	0	Dollar token lacks a clean alphabetic Tibetan-transliteration shape.
corrected_text_scan	wts_1_34	569	168	1	$770	ś770	guarded_dollar_to_sacute	སྔོ་རིབ་ $770 rib dunkel werden.	guarded_dollar_scan	low	defer	artifact_or_numeric_noise	0	Dollar token lacks a clean alphabetic Tibetan-transliteration shape.
corrected_text_scan	wts_1_34	570	110	1	$77077	ś77077	guarded_dollar_to_sacute	སྔོན་སྐྱེས་ $77077 skyes	guarded_dollar_scan	low	defer	artifact_or_numeric_noise	0	Dollar token lacks a clean alphabetic Tibetan-transliteration shape.
corrected_text_scan	wts_1_34	570	168	1	$77072	ś77072	guarded_dollar_to_sacute	ཛྔོན་གྱི་གངྒཱ་ $77072 gyi gangä Bez. des Indus.	guarded_dollar_scan	low	defer	artifact_or_numeric_noise	0	Dollar token lacks a clean alphabetic Tibetan-transliteration shape.
corrected_text_scan	wts_1_34	570	206	1	$	ś	guarded_dollar_to_sacute	སྔོན་ཆད་ $?7077 chad früher, zuvor.	guarded_dollar_scan	low	defer	artifact_or_numeric_noise	0	Dollar token lacks a clean alphabetic Tibetan-transliteration shape.
corrected_text_scan	wts_1_34	571	51	1	$77077	ś77077	guarded_dollar_to_sacute	སྔོན་རྟོགས་ $77077 rtogs Vorausschau, Vorher-	guarded_dollar_scan	low	defer	artifact_or_numeric_noise	0	Dollar token lacks a clean alphabetic Tibetan-transliteration shape.
corrected_text_scan	wts_1_34	571	60	1	$77077	ś77077	guarded_dollar_to_sacute	སྔོན་མཐོང་ $77077 mthon Vorausschau, Vorher-	guarded_dollar_scan	low	defer	artifact_or_numeric_noise	0	Dollar token lacks a clean alphabetic Tibetan-transliteration shape.
corrected_text_scan	wts_1_34	571	102	1	$	ś	guarded_dollar_to_sacute	སྔོན་ད་བཏང་ $?7077 du btaṅ vergegenwärtigen.	guarded_dollar_scan	low	defer	artifact_or_numeric_noise	0	Dollar token lacks a clean alphabetic Tibetan-transliteration shape.
corrected_text_scan	wts_1_34	571	184	6	$	ś	guarded_dollar_to_sacute	thugs ka nas ’od zer ~$ „mit blauen Lichtstrahlen aus dem Herzen“ (Gesar 176,7);	guarded_dollar_scan	low	defer	artifact_or_numeric_noise	0	Dollar token lacks a clean alphabetic Tibetan-transliteration shape.
corrected_text_scan	wts_1_34	572	36	1	$77077	ś77077	guarded_dollar_to_sacute	སྔོན་མ་ $77077 ma früher.	guarded_dollar_scan	low	defer	artifact_or_numeric_noise	0	Dollar token lacks a clean alphabetic Tibetan-transliteration shape.
corrected_text_scan	wts_1_34	572	45	1	$77077	ś77077	guarded_dollar_to_sacute	སྔོན་མེད་ $77077 med einzigartig, früher nicht da-	guarded_dollar_scan	low	defer	artifact_or_numeric_noise	0	Dollar token lacks a clean alphabetic Tibetan-transliteration shape.
corrected_text_scan	wts_1_34	572	55	1	$77077	ś77077	guarded_dollar_to_sacute	སྔོན་རོལ་ $77077 rol	guarded_dollar_scan	low	defer	artifact_or_numeric_noise	0	Dollar token lacks a clean alphabetic Tibetan-transliteration shape.
corrected_text_scan	wts_1_34	572	63	1	$77077	ś77077	guarded_dollar_to_sacute	སྔོན་མོ་ $77077 mo grün, blau.	guarded_dollar_scan	low	defer	artifact_or_numeric_noise	0	Dollar token lacks a clean alphabetic Tibetan-transliteration shape.
corrected_text_scan	wts_1_34	572	69	1	$77077	ś77077	guarded_dollar_to_sacute	སྔོན་མོ་ཆབ་འདྲེན་ $77077 mo chab ’dren eine	guarded_dollar_scan	low	defer	artifact_or_numeric_noise	0	Dollar token lacks a clean alphabetic Tibetan-transliteration shape.
corrected_text_scan	wts_1_34	572	126	1	$77077	ś77077	guarded_dollar_to_sacute	སྔོན་བསུས་ $77077 bsus Vorgeschmack.	guarded_dollar_scan	low	defer	artifact_or_numeric_noise	0	Dollar token lacks a clean alphabetic Tibetan-transliteration shape.
corrected_text_scan	wts_1_34	574	15	1	$770	ś770	guarded_dollar_to_sacute	བརྫོ་བཅོལ་ £$770 bcol Segen.	guarded_dollar_scan	low	defer	artifact_or_numeric_noise	0	Dollar token lacks a clean alphabetic Tibetan-transliteration shape.
corrected_text_scan	wts_1_34	575	174	4	$	ś	guarded_dollar_to_sacute	po’i naṅ na $% ba ni ~ ma mchis „in der	guarded_dollar_scan	low	defer	artifact_or_numeric_noise	0	Dollar token lacks a clean alphabetic Tibetan-transliteration shape.
corrected_text_scan	wts_1_34	576	12	2	$9	ś9	guarded_dollar_to_sacute	ཅང་སྒང་།ཁ་ can $9¢/7 kha ein Ort.	guarded_dollar_scan	low	defer	artifact_or_numeric_noise	0	Dollar token lacks a clean alphabetic Tibetan-transliteration shape.
corrected_text_scan	wts_1_34	576	58	9	$77	ś77	guarded_dollar_to_sacute	can ’[e] sun la[s he] en gyis $77% skyin du	guarded_dollar_scan	low	defer	artifact_or_numeric_noise	0	Dollar token lacks a clean alphabetic Tibetan-transliteration shape.
corrected_text_scan	wts_1_34	579	75	7	$	ś	guarded_dollar_to_sacute	Aktivität“ (Bca 6.29a); ~ da dun mi €$ sam	guarded_dollar_scan	low	defer	artifact_or_numeric_noise	0	Dollar token lacks a clean alphabetic Tibetan-transliteration shape.
corrected_text_scan	wts_1_34	579	153	7	$	ś	guarded_dollar_to_sacute	kho na bZin du khyed 977/$ la yan de ’dra ba	guarded_dollar_scan	low	defer	artifact_or_numeric_noise	0	Dollar token lacks a clean alphabetic Tibetan-transliteration shape.
corrected_text_scan	wts_1_34	580	155	2	5$770777$	5ś770777ś	guarded_dollar_to_sacute	btan 5$770777$ mi bya (metr.) „man darf	guarded_dollar_scan	low	defer	artifact_or_numeric_noise	0	Dollar token lacks a clean alphabetic Tibetan-transliteration shape.
corrected_text_scan	wts_1_34	581	215	8	$	ś	guarded_dollar_to_sacute	dan / skar rgyal źes bya ba 977/$ Sig „zwei	guarded_dollar_scan	low	defer	artifact_or_numeric_noise	0	Dollar token lacks a clean alphabetic Tibetan-transliteration shape.
corrected_text_scan	wts_1_34	583	34	10	$	ś	guarded_dollar_to_sacute	Lex. ~ ni 777 phru gu ste re’u lo £77/$ ma	guarded_dollar_scan	low	defer	artifact_or_numeric_noise	0	Dollar token lacks a clean alphabetic Tibetan-transliteration shape.
corrected_text_scan	wts_1_34	583	92	2	$	ś	guarded_dollar_to_sacute	Lex. //$ na ni ~ (Liś 18,4); gan 975 na „wenn	guarded_dollar_scan	low	defer	artifact_or_numeric_noise	0	Dollar token lacks a clean alphabetic Tibetan-transliteration shape.
corrected_text_scan	wts_1_34	584	122	9	9$	9ś	guarded_dollar_to_sacute	Kalpas“ (Suv 12,7); gan gis mi 7/9$ Se na	guarded_dollar_scan	low	defer	artifact_or_numeric_noise	0	Dollar token lacks a clean alphabetic Tibetan-transliteration shape.
corrected_text_scan	wts_1_34	586	129	7	$	ś	guarded_dollar_to_sacute	Tempel“ (Nel 13b5); mi śa la / ~$ mña’	guarded_dollar_scan	low	defer	artifact_or_numeric_noise	0	Dollar token lacks a clean alphabetic Tibetan-transliteration shape.
corrected_text_scan	wts_1_34	589	38	3	$$	śś	guarded_dollar_to_sacute	Ed.: Derge-Kanjur, $$ rab sna tshogs, ka 148a1-174a1.	guarded_dollar_scan	low	defer	artifact_or_numeric_noise	0	Dollar token lacks a clean alphabetic Tibetan-transliteration shape.
corrected_text_scan	wts_1_34	591	152	4	5$	5ś	guarded_dollar_to_sacute	གཅི་ gci pf. [,9€/5$ urinieren; ~ ba Urin.	guarded_dollar_scan	low	defer	artifact_or_numeric_noise	0	Dollar token lacks a clean alphabetic Tibetan-transliteration shape.
corrected_text_scan	wts_1_34	592	71	6	9$0	9ś0	guarded_dollar_to_sacute	gesinnter Mann“ (Doli 18,11); 9$0/ ba ’debs	guarded_dollar_scan	low	defer	artifact_or_numeric_noise	0	Dollar token lacks a clean alphabetic Tibetan-transliteration shape.
corrected_text_scan	wts_1_34	592	97	2	$	ś	guarded_dollar_to_sacute	£77/$ / ~ pa (metr.) „falls das srog[-Element]	guarded_dollar_scan	low	defer	artifact_or_numeric_noise	0	Dollar token lacks a clean alphabetic Tibetan-transliteration shape.
corrected_text_scan	wts_1_34	592	126	4	$	ś	guarded_dollar_to_sacute	yar = thar 977/$ Sor gyi „war einer durchgekommen, kam [auch] der zweite heraus“	guarded_dollar_scan	low	defer	artifact_or_numeric_noise	0	Dollar token lacks a clean alphabetic Tibetan-transliteration shape.
corrected_text_scan	wts_1_34	593	79	6	$	ś	guarded_dollar_to_sacute	ganz allein ist“ (Ps 34c); ~$ ... bsags par	guarded_dollar_scan	low	defer	artifact_or_numeric_noise	0	Dollar token lacks a clean alphabetic Tibetan-transliteration shape.
corrected_text_scan	wts_1_34	593	81	5	$	ś	guarded_dollar_to_sacute	32,8); skye ’dir ~$ sdug bshal myon (metr.)	guarded_dollar_scan	low	defer	artifact_or_numeric_noise	0	Dollar token lacks a clean alphabetic Tibetan-transliteration shape.
corrected_text_scan	wts_1_34	593	98	6	$	ś	guarded_dollar_to_sacute	tradition“ (Debm 3233); stoṅ pa ~$ raṅ la	guarded_dollar_scan	low	defer	artifact_or_numeric_noise	0	Dollar token lacks a clean alphabetic Tibetan-transliteration shape.
corrected_text_scan	wts_1_34	594	49	3	$	ś	guarded_dollar_to_sacute	beständig“ (Dagy); ~$ = gcin pa rgyun du	guarded_dollar_scan	low	defer	artifact_or_numeric_noise	0	Dollar token lacks a clean alphabetic Tibetan-transliteration shape.
corrected_text_scan	wts_1_34	594	164	2	$77	ś77	guarded_dollar_to_sacute	གཅན gen $77¿ auch gcin 577/5 Inkontinenz,	guarded_dollar_scan	low	defer	artifact_or_numeric_noise	0	Dollar token lacks a clean alphabetic Tibetan-transliteration shape.
corrected_text_scan	wts_1_34	594	213	3	$	ś	guarded_dollar_to_sacute	bcu 977/$ lon nas „als der jüngere der drei 12	guarded_dollar_scan	low	defer	artifact_or_numeric_noise	0	Dollar token lacks a clean alphabetic Tibetan-transliteration shape.
corrected_text_scan	wts_1_34	595	18	3	$7	ś7	guarded_dollar_to_sacute	གཅུང་པ་སྤྱི་ gcun pa $7?༡// npr. ein Ort.	guarded_dollar_scan	low	defer	artifact_or_numeric_noise	0	Dollar token lacks a clean alphabetic Tibetan-transliteration shape.
corrected_text_scan	wts_1_34	595	97	9	$	ś	guarded_dollar_to_sacute	28); des gal gyis - pa dan de 977/$ kyis smras	guarded_dollar_scan	low	defer	artifact_or_numeric_noise	0	Dollar token lacks a clean alphabetic Tibetan-transliteration shape.
corrected_text_scan	wts_1_34	596	54	3	$	ś	guarded_dollar_to_sacute	Lex. (mchod) ©$ pa ni ~ pa (116 24,11); gos	guarded_dollar_scan	low	defer	artifact_or_numeric_noise	0	Dollar token lacks a clean alphabetic Tibetan-transliteration shape.
corrected_text_scan	wts_1_34	596	128	7	$7769	ś7769	guarded_dollar_to_sacute	335,4); lag len dkyus su $7769 pa - (metr.) „es	guarded_dollar_scan	low	defer	artifact_or_numeric_noise	0	Dollar token lacks a clean alphabetic Tibetan-transliteration shape.
corrected_text_scan	wts_1_34	596	221	2	$	ś	guarded_dollar_to_sacute	£?7/$ kyi nag ~ par byed do „sie übertraten	guarded_dollar_scan	low	defer	artifact_or_numeric_noise	0	Dollar token lacks a clean alphabetic Tibetan-transliteration shape.
corrected_text_scan	wts_1_34	599	130	7	$	ś	guarded_dollar_to_sacute	= lag pa phan tshun 9?7/$ - pa (brDa); khu	guarded_dollar_scan	low	defer	artifact_or_numeric_noise	0	Dollar token lacks a clean alphabetic Tibetan-transliteration shape.
corrected_text_scan	wts_1_34	602	96	3	9$	9ś	guarded_dollar_to_sacute	བཅར་བཞགས་པ་ bcar £2//9$ pa ständiger Beglei-	guarded_dollar_scan	low	defer	artifact_or_numeric_noise	0	Dollar token lacks a clean alphabetic Tibetan-transliteration shape.
corrected_text_scan	wts_1_34	604	74	3	$	ś	guarded_dollar_to_sacute	don „1. $, ¥, auf ein Reitpferd gestiegen“	guarded_dollar_scan	low	defer	artifact_or_numeric_noise	0	Dollar token lacks a clean alphabetic Tibetan-transliteration shape.
corrected_text_scan	wts_1_34	604	109	6	$5	ś5	guarded_dollar_to_sacute	Sechzehntel; - po die Zehn; ~ 977/$5 977/$	guarded_dollar_scan	low	defer	artifact_or_numeric_noise	0	Dollar token lacks a clean alphabetic Tibetan-transliteration shape.
corrected_text_scan	wts_1_34	604	109	8	$	ś	guarded_dollar_to_sacute	Sechzehntel; - po die Zehn; ~ 977/$5 977/$	guarded_dollar_scan	low	defer	artifact_or_numeric_noise	0	Dollar token lacks a clean alphabetic Tibetan-transliteration shape.
corrected_text_scan	wts_1_34	604	131	5	7$	7ś	guarded_dollar_to_sacute	Orte“ (Hev 1.7.11a); ~ 977/7$ 977/$ ’gyur ma	guarded_dollar_scan	low	defer	artifact_or_numeric_noise	0	Dollar token lacks a clean alphabetic Tibetan-transliteration shape.
corrected_text_scan	wts_1_34	604	131	7	$	ś	guarded_dollar_to_sacute	Orte“ (Hev 1.7.11a); ~ 977/7$ 977/$ ’gyur ma	guarded_dollar_scan	low	defer	artifact_or_numeric_noise	0	Dollar token lacks a clean alphabetic Tibetan-transliteration shape.
corrected_text_scan	wts_1_34	605	12	3	$	ś	guarded_dollar_to_sacute	བཅུ་གཉིས་མ་ bcu 977/$ ma Bez. für Frau.	guarded_dollar_scan	low	defer	artifact_or_numeric_noise	0	Dollar token lacks a clean alphabetic Tibetan-transliteration shape.
corrected_text_scan	wts_1_34	605	44	3	5$	5ś	guarded_dollar_to_sacute	Lex. 977/5$ müam reg bya’i bde ba „das Glück,	guarded_dollar_scan	low	defer	artifact_or_numeric_noise	0	Dollar token lacks a clean alphabetic Tibetan-transliteration shape.
corrected_text_scan	wts_1_34	605	200	8	$	ś	guarded_dollar_to_sacute	(Nagdel 73,3); rus sbal ... gzon du ~$ pa	guarded_dollar_scan	low	defer	artifact_or_numeric_noise	0	Dollar token lacks a clean alphabetic Tibetan-transliteration shape.
corrected_text_scan	wts_1_34	608	17	7	$	ś	guarded_dollar_to_sacute	war“ (Nel 6b2); kan kin 977/$ te lha tshogs ~	guarded_dollar_scan	low	defer	artifact_or_numeric_noise	0	Dollar token lacks a clean alphabetic Tibetan-transliteration shape.
corrected_text_scan	wts_1_34	608	187	9	$	ś	guarded_dollar_to_sacute	(Nel 7055); ~ kyis ... chos kyi ’khor lo 977/$ pa	guarded_dollar_scan	low	defer	artifact_or_numeric_noise	0	Dollar token lacks a clean alphabetic Tibetan-transliteration shape.
corrected_text_scan	wts_1_34	609	94	8	$	ś	guarded_dollar_to_sacute	gser gy1 - la ni ha ran 977/$ ka cha ches (1. śes)	guarded_dollar_scan	low	defer	artifact_or_numeric_noise	0	Dollar token lacks a clean alphabetic Tibetan-transliteration shape.
corrected_text_scan	wts_1_34	610	64	3	$	ś	guarded_dollar_to_sacute	la’an „1. $, v. künstlich hergestellt, auch für	guarded_dollar_scan	low	defer	artifact_or_numeric_noise	0	Dollar token lacks a clean alphabetic Tibetan-transliteration shape.
corrected_text_scan	wts_1_34	610	119	7	$	ś	guarded_dollar_to_sacute	ung“ (dPe ) spal (Dagy) ra kha ~($) bcad pa ’dra „die Außenseite des	guarded_dollar_scan	low	defer	artifact_or_numeric_noise	0	Dollar token lacks a clean alphabetic Tibetan-transliteration shape.
corrected_text_scan	wts_1_34	610	156	7	$	ś	guarded_dollar_to_sacute	kyi min); bzos pa’i don „1. $, v. künstlich	guarded_dollar_scan	low	defer	artifact_or_numeric_noise	0	Dollar token lacks a clean alphabetic Tibetan-transliteration shape.
corrected_text_scan	wts_1_34	611	153	8	$	ś	guarded_dollar_to_sacute	(Hev 1.4.1); bsgrub bya’i sin ga nas ~$ dbug	guarded_dollar_scan	low	defer	artifact_or_numeric_noise	0	Dollar token lacks a clean alphabetic Tibetan-transliteration shape.
corrected_text_scan	wts_1_34	611	178	4	$	ś	guarded_dollar_to_sacute	(116 10,13); ~$ bsgyur thabs 2 ankusagrahah	guarded_dollar_scan	low	defer	artifact_or_numeric_noise	0	Dollar token lacks a clean alphabetic Tibetan-transliteration shape.
corrected_text_scan	wts_1_34	612	94	6	$77	ś77	guarded_dollar_to_sacute	tsha tsha’i Zag (brDa); lcags $77/9$ (Dagy).	guarded_dollar_scan	low	defer	artifact_or_numeric_noise	0	Dollar token lacks a clean alphabetic Tibetan-transliteration shape.
corrected_text_scan	wts_1_34	612	94	7	9$	9ś	guarded_dollar_to_sacute	tsha tsha’i Zag (brDa); lcags $77/9$ (Dagy).	guarded_dollar_scan	low	defer	artifact_or_numeric_noise	0	Dollar token lacks a clean alphabetic Tibetan-transliteration shape.
corrected_text_scan	wts_1_34	612	110	2	$90	ś90	guarded_dollar_to_sacute	Lex. $90 7 - „eiserner Türriegel“ (brDa).	guarded_dollar_scan	low	defer	artifact_or_numeric_noise	0	Dollar token lacks a clean alphabetic Tibetan-transliteration shape.
corrected_text_scan	wts_1_34	613	46	7	$	ś	guarded_dollar_to_sacute	(Padm 322b4); ri rab glin ... mtha’ ~$ bskor	guarded_dollar_scan	low	defer	artifact_or_numeric_noise	0	Dollar token lacks a clean alphabetic Tibetan-transliteration shape.
corrected_text_scan	wts_1_34	614	86	4	$	ś	guarded_dollar_to_sacute	23a7); lcam 977/$ ni... jo mo rgyal mo dan ...	guarded_dollar_scan	low	defer	artifact_or_numeric_noise	0	Dollar token lacks a clean alphabetic Tibetan-transliteration shape.
corrected_text_scan	wts_1_34	614	192	5	$	ś	guarded_dollar_to_sacute	373,6); bsgyur sbyans ~$ so ma gsod cin „weil	guarded_dollar_scan	low	defer	artifact_or_numeric_noise	0	Dollar token lacks a clean alphabetic Tibetan-transliteration shape.
corrected_text_scan	wts_1_34	614	195	3	$	ś	guarded_dollar_to_sacute	’khri ’gan ~$ „weil die Steuerpflicht sehr	guarded_dollar_scan	low	defer	artifact_or_numeric_noise	0	Dollar token lacks a clean alphabetic Tibetan-transliteration shape.
corrected_text_scan	wts_1_34	615	4	5	$	ś	guarded_dollar_to_sacute	"einreiben“ (Prav 167,15); ~$ dkyil ""khor"	guarded_dollar_scan	low	defer	artifact_or_numeric_noise	0	Dollar token lacks a clean alphabetic Tibetan-transliteration shape.
corrected_text_scan	wts_1_34	615	45	1	$	ś	guarded_dollar_to_sacute	$, v. können oder Verantwortung über-	guarded_dollar_scan	low	defer	artifact_or_numeric_noise	0	Dollar token lacks a clean alphabetic Tibetan-transliteration shape.
corrected_text_scan	wts_1_34	615	66	6	$	ś	guarded_dollar_to_sacute	Lex. /€7 ba’i don „1. $, v. schwer“ (Dagy); lc:	guarded_dollar_scan	low	defer	artifact_or_numeric_noise	0	Dollar token lacks a clean alphabetic Tibetan-transliteration shape.
corrected_text_scan	wts_1_34	616	44	2	$7767$	ś7767ś	guarded_dollar_to_sacute	ལྕེ་སྙེངས་མེད་ Ice $7767$ med Bez. für Blitz.	guarded_dollar_scan	low	defer	artifact_or_numeric_noise	0	Dollar token lacks a clean alphabetic Tibetan-transliteration shape.
corrected_text_scan	wts_1_34	618	39	1	$	ś	guarded_dollar_to_sacute	~$ khyab par gyur pa „ein Teil des Unsterb-	guarded_dollar_scan	low	defer	artifact_or_numeric_noise	0	Dollar token lacks a clean alphabetic Tibetan-transliteration shape.
corrected_text_scan	wts_1_34	618	48	6	$	ś	guarded_dollar_to_sacute	152c); glo bur yon tan ~$ mi bstod (metr.)	guarded_dollar_scan	low	defer	artifact_or_numeric_noise	0	Dollar token lacks a clean alphabetic Tibetan-transliteration shape.
corrected_text_scan	wts_1_34	618	189	5	$	ś	guarded_dollar_to_sacute	ni na ran 977/$ ka ~ ches (r. mchis) „über die	guarded_dollar_scan	low	defer	artifact_or_numeric_noise	0	Dollar token lacks a clean alphabetic Tibetan-transliteration shape.
corrected_text_scan	wts_1_34	619	6	9	$	ś	guarded_dollar_to_sacute	ob sie gekommen sind“ (gZer 62,1); 977/$	guarded_dollar_scan	low	defer	artifact_or_numeric_noise	0	Dollar token lacks a clean alphabetic Tibetan-transliteration shape.
corrected_text_scan	wts_1_34	619	17	6	$	ś	guarded_dollar_to_sacute	Lex. mi = pa ni mi €$ pa / ~ med ni rgyus	guarded_dollar_scan	low	defer	artifact_or_numeric_noise	0	Dollar token lacks a clean alphabetic Tibetan-transliteration shape.
corrected_text_scan	wts_1_34	619	20	1	$	ś	guarded_dollar_to_sacute	$, v. ungewiß und nicht wissen“ (Dagy); -	guarded_dollar_scan	low	defer	artifact_or_numeric_noise	0	Dollar token lacks a clean alphabetic Tibetan-transliteration shape.
corrected_text_scan	wts_1_34	619	58	10	$	ś	guarded_dollar_to_sacute	[und] di ri ri“ (gZer 593,1); bswo dan ~$	guarded_dollar_scan	low	defer	artifact_or_numeric_noise	0	Dollar token lacks a clean alphabetic Tibetan-transliteration shape.
corrected_text_scan	wts_1_34	619	163	3	$	ś	guarded_dollar_to_sacute	Lex. 977/$ gris dan run run la’an (brDa); gnis	guarded_dollar_scan	low	defer	artifact_or_numeric_noise	0	Dollar token lacks a clean alphabetic Tibetan-transliteration shape.
corrected_text_scan	wts_1_34	619	165	2	774777$	774777ś	guarded_dollar_to_sacute	ཆ་ཉམས་པའི་དུས་ cha 774777$ pa’i dus	guarded_dollar_scan	low	defer	artifact_or_numeric_noise	0	Dollar token lacks a clean alphabetic Tibetan-transliteration shape.
corrected_text_scan	wts_1_34	619	166	2	$	ś	guarded_dollar_to_sacute	£77/$ la (Dagy).	guarded_dollar_scan	low	defer	artifact_or_numeric_noise	0	Dollar token lacks a clean alphabetic Tibetan-transliteration shape.
corrected_text_scan	wts_1_34	619	168	3	9701$6	9701ś6	guarded_dollar_to_sacute	ཆ་ཆད་ cha chad 9701$6 Schwierigkeit, Mühe.	guarded_dollar_scan	low	defer	artifact_or_numeric_noise	0	Dollar token lacks a clean alphabetic Tibetan-transliteration shape.
corrected_text_scan	wts_1_34	619	207	3	72$	72ś	guarded_dollar_to_sacute	ཆ་ཉམས་པའི་དས་ cha 774༡72$ pa’i dus Bez. für	guarded_dollar_scan	low	defer	artifact_or_numeric_noise	0	Dollar token lacks a clean alphabetic Tibetan-transliteration shape.
corrected_text_scan	wts_1_34	620	15	3	$	ś	guarded_dollar_to_sacute	mham ༡7€$ pa mflam pa ste (metr.) „in	guarded_dollar_scan	low	defer	artifact_or_numeric_noise	0	Dollar token lacks a clean alphabetic Tibetan-transliteration shape.
corrected_text_scan	wts_1_34	620	33	2	$770777$	ś770777ś	guarded_dollar_to_sacute	ཆ་སྩོམས་ cha $770777$ auch cha som gleich-	guarded_dollar_scan	low	defer	artifact_or_numeric_noise	0	Dollar token lacks a clean alphabetic Tibetan-transliteration shape.
corrected_text_scan	wts_1_34	621	175	7	$	ś	guarded_dollar_to_sacute	Lex. ri yi min (Dagy); cha £$ tsher brtsegs =	guarded_dollar_scan	low	defer	artifact_or_numeric_noise	0	Dollar token lacks a clean alphabetic Tibetan-transliteration shape.
corrected_text_scan	wts_1_34	625	103	2	$750	ś750	guarded_dollar_to_sacute	befunden“ ($750 193); pha dan ma gfis -	guarded_dollar_scan	low	defer	artifact_or_numeric_noise	0	Dollar token lacks a clean alphabetic Tibetan-transliteration shape.
corrected_text_scan	wts_1_34	625	126	3	$	ś	guarded_dollar_to_sacute	yan dag £©$ Zes min du - so „aus dem Grund	guarded_dollar_scan	low	defer	artifact_or_numeric_noise	0	Dollar token lacks a clean alphabetic Tibetan-transliteration shape.
corrected_text_scan	wts_1_34	627	3	2	$5770	ś5770	guarded_dollar_to_sacute	ཆགས་སྙོལ་ chags $5770/ Düngen.	guarded_dollar_scan	low	defer	artifact_or_numeric_noise	0	Dollar token lacks a clean alphabetic Tibetan-transliteration shape.
corrected_text_scan	wts_1_34	628	128	8	$	ś	guarded_dollar_to_sacute	Lex. chan la dga’ ba’i don „1. $, v. dem chan	guarded_dollar_scan	low	defer	artifact_or_numeric_noise	0	Dollar token lacks a clean alphabetic Tibetan-transliteration shape.
corrected_text_scan	wts_1_34	631	16	1	$	ś	guarded_dollar_to_sacute	~$ gcod bestrafen.	guarded_dollar_scan	low	defer	artifact_or_numeric_noise	0	Dollar token lacks a clean alphabetic Tibetan-transliteration shape.
corrected_text_scan	wts_1_34	631	22	6	$	ś	guarded_dollar_to_sacute	bestraft werden“ (MTägh/cIII25 4); ~$ gan	guarded_dollar_scan	low	defer	artifact_or_numeric_noise	0	Dollar token lacks a clean alphabetic Tibetan-transliteration shape.
corrected_text_scan	wts_1_34	631	25	1	$	ś	guarded_dollar_to_sacute	~$ bcad pas na (metr.) „wenn man diejenigen bestraft, die dem Dharma gemäß	guarded_dollar_scan	low	defer	artifact_or_numeric_noise	0	Dollar token lacks a clean alphabetic Tibetan-transliteration shape.
corrected_text_scan	wts_1_34	631	32	4	$	ś	guarded_dollar_to_sacute	abgeurteilt“ (Nel 434); ~$ gcad phyir gsal Sin	guarded_dollar_scan	low	defer	artifact_or_numeric_noise	0	Dollar token lacks a clean alphabetic Tibetan-transliteration shape.
corrected_text_scan	wts_1_34	631	38	5	$	ś	guarded_dollar_to_sacute	rnams la dpon pos ~$ bcad „die Jäger wurden	guarded_dollar_scan	low	defer	artifact_or_numeric_noise	0	Dollar token lacks a clean alphabetic Tibetan-transliteration shape.
corrected_text_scan	wts_1_34	631	40	3	$	ś	guarded_dollar_to_sacute	rgyal po’i ~$ mig phyun ba „auf den Urteilsspruch des Königs hin wurden ihm die	guarded_dollar_scan	low	defer	artifact_or_numeric_noise	0	Dollar token lacks a clean alphabetic Tibetan-transliteration shape.
corrected_text_scan	wts_1_34	631	57	5	$	ś	guarded_dollar_to_sacute	(Dagy); - becad (v. 1. ~$ gcad) pa’am tshar	guarded_dollar_scan	low	defer	artifact_or_numeric_noise	0	Dollar token lacks a clean alphabetic Tibetan-transliteration shape.
corrected_text_scan	wts_1_34	631	209	5	$	ś	guarded_dollar_to_sacute	dbu skra lcags kyi ~$ bregs pa daṅ (metr.)	guarded_dollar_scan	low	defer	artifact_or_numeric_noise	0	Dollar token lacks a clean alphabetic Tibetan-transliteration shape.
corrected_text_scan	wts_1_34	632	19	8	$	ś	guarded_dollar_to_sacute	(Dagy); khye bo’am gri gug (TTC); skra ~$	guarded_dollar_scan	low	defer	artifact_or_numeric_noise	0	Dollar token lacks a clean alphabetic Tibetan-transliteration shape.
corrected_text_scan	wts_1_34	632	33	6	$	ś	guarded_dollar_to_sacute	sel cu Itag ’og 977/$ kyi ~ „das Wasser des	guarded_dollar_scan	low	defer	artifact_or_numeric_noise	0	Dollar token lacks a clean alphabetic Tibetan-transliteration shape.
corrected_text_scan	wts_1_34	633	207	5	$8212	ś8212	guarded_dollar_to_sacute	Herrschaft in die Hand“ ($8212 17); ~ dan	guarded_dollar_scan	low	defer	artifact_or_numeric_noise	0	Dollar token lacks a clean alphabetic Tibetan-transliteration shape.
corrected_text_scan	wts_1_34	634	129	4	$	ś	guarded_dollar_to_sacute	beschwerden“ (Siddh 2.24); ~$ ’debs sin	guarded_dollar_scan	low	defer	artifact_or_numeric_noise	0	Dollar token lacks a clean alphabetic Tibetan-transliteration shape.
corrected_text_scan	wts_1_34	634	142	3	$	ś	guarded_dollar_to_sacute	Erkältung“ (brDa); ~$ btab = na tsha ~ phogs	guarded_dollar_scan	low	defer	artifact_or_numeric_noise	0	Dollar token lacks a clean alphabetic Tibetan-transliteration shape.
corrected_text_scan	wts_1_34	634	163	5	96769$	96769ś	guarded_dollar_to_sacute	dog yab kyi - du 96769$ nas „er kam als	guarded_dollar_scan	low	defer	artifact_or_numeric_noise	0	Dollar token lacks a clean alphabetic Tibetan-transliteration shape.
corrected_text_scan	wts_1_34	635	128	3	$77	ś77	guarded_dollar_to_sacute	ཆར་དྭ་སྙིལ་བ་ char du $77// ba auch char du bsnil	guarded_dollar_scan	low	defer	artifact_or_numeric_noise	0	Dollar token lacks a clean alphabetic Tibetan-transliteration shape.
corrected_text_scan	wts_1_34	635	205	3	$77	ś77	guarded_dollar_to_sacute	ཆར་པའ་རྙང་པ་ char pa’i $77/7 po Beiname	guarded_dollar_scan	low	defer	artifact_or_numeric_noise	0	Dollar token lacks a clean alphabetic Tibetan-transliteration shape.
corrected_text_scan	wts_1_34	636	124	3	$777	ś777	guarded_dollar_to_sacute	ཆར་ད་སྙིལ་བ་ char du $777/ ba auch char du bsnil	guarded_dollar_scan	low	defer	artifact_or_numeric_noise	0	Dollar token lacks a clean alphabetic Tibetan-transliteration shape.
corrected_text_scan	wts_1_34	636	200	3	$77	ś77	guarded_dollar_to_sacute	ཆར་པའི་སྙིང་པོ་ char pa’i $77//7 po Beiname	guarded_dollar_scan	low	defer	artifact_or_numeric_noise	0	Dollar token lacks a clean alphabetic Tibetan-transliteration shape.
corrected_text_scan	wts_1_34	637	116	3	09$	09ś	guarded_dollar_to_sacute	ཆར་གཡོགས་ char 9.༡/09$	guarded_dollar_scan	low	defer	artifact_or_numeric_noise	0	Dollar token lacks a clean alphabetic Tibetan-transliteration shape.
corrected_text_scan	wts_1_34	639	19	6	$	ś	guarded_dollar_to_sacute	Lex. gcig gi don „1. $, ¥ eins“ (Dagy).	guarded_dollar_scan	low	defer	artifact_or_numeric_noise	0	Dollar token lacks a clean alphabetic Tibetan-transliteration shape.
corrected_text_scan	wts_1_34	639	88	4	$	ś	guarded_dollar_to_sacute	sa dgra ... ’di ༡//($) ~ thub nes so (metr.) „die	guarded_dollar_scan	low	defer	artifact_or_numeric_noise	0	Dollar token lacks a clean alphabetic Tibetan-transliteration shape.
corrected_text_scan	wts_1_34	640	215	7	$	ś	guarded_dollar_to_sacute	rdo 776 ... thim pa’i (r. pas) ///$ bde drod - son	guarded_dollar_scan	low	defer	artifact_or_numeric_noise	0	Dollar token lacks a clean alphabetic Tibetan-transliteration shape.
corrected_text_scan	wts_1_34	641	59	6	$	ś	guarded_dollar_to_sacute	Regenfälle; Fluß vgl. Ichu bo: ~$ ’khyer	guarded_dollar_scan	low	defer	artifact_or_numeric_noise	0	Dollar token lacks a clean alphabetic Tibetan-transliteration shape.
corrected_text_scan	wts_1_34	641	62	9	$	ś	guarded_dollar_to_sacute	gal te kun na = yod na / khron pa’i ~$ ko ci	guarded_dollar_scan	low	defer	artifact_or_numeric_noise	0	Dollar token lacks a clean alphabetic Tibetan-transliteration shape.
corrected_text_scan	wts_1_34	641	118	3	$	ś	guarded_dollar_to_sacute	dmag rnams ~$ ’khyer rien yod „es besteht	guarded_dollar_scan	low	defer	artifact_or_numeric_noise	0	Dollar token lacks a clean alphabetic Tibetan-transliteration shape.
corrected_text_scan	wts_1_34	641	121	2	$	ś	guarded_dollar_to_sacute	nei ~$ (1. ~) sbyar „auf die Mauerziegel war	guarded_dollar_scan	low	defer	artifact_or_numeric_noise	0	Dollar token lacks a clean alphabetic Tibetan-transliteration shape.
corrected_text_scan	wts_1_34	642	24	6	$	ś	guarded_dollar_to_sacute	(KunK 53,12); Igan phug ~$ bkan (metr.)	guarded_dollar_scan	low	defer	artifact_or_numeric_noise	0	Dollar token lacks a clean alphabetic Tibetan-transliteration shape.
corrected_text_scan	wts_1_34	642	185	2	$	ś	guarded_dollar_to_sacute	schön“ (©$ 81); ~ ... sgra med ’jab cin ’gro	guarded_dollar_scan	low	defer	artifact_or_numeric_noise	0	Dollar token lacks a clean alphabetic Tibetan-transliteration shape.
corrected_text_scan	wts_1_34	642	213	1	$77	ś77	guarded_dollar_to_sacute	$77/7 gar ~ dbus son pa (metr.) „[der	guarded_dollar_scan	low	defer	artifact_or_numeric_noise	0	Dollar token lacks a clean alphabetic Tibetan-transliteration shape.
corrected_text_scan	wts_1_34	643	216	2	90$	90ś	guarded_dollar_to_sacute	ཆུ་གོས་ chu 90$ Regenmantel, -umhang.	guarded_dollar_scan	low	defer	artifact_or_numeric_noise	0	Dollar token lacks a clean alphabetic Tibetan-transliteration shape.
corrected_text_scan	wts_1_34	645	63	6	79$	79ś	guarded_dollar_to_sacute	rta la dpag (1. /7?79$) nad ... ’byun na / dpag	guarded_dollar_scan	low	defer	artifact_or_numeric_noise	0	Dollar token lacks a clean alphabetic Tibetan-transliteration shape.
corrected_text_scan	wts_1_34	648	95	2	$	ś	guarded_dollar_to_sacute	1.2.34a); ~$ bdas pa’i glin (metr.) „eine	guarded_dollar_scan	low	defer	artifact_or_numeric_noise	0	Dollar token lacks a clean alphabetic Tibetan-transliteration shape.
corrected_text_scan	wts_1_34	648	180	4	9777$	9777ś	guarded_dollar_to_sacute	sgoms gra bceu 9777$ ni / dbus na ... chu ’o ri	guarded_dollar_scan	low	defer	artifact_or_numeric_noise	0	Dollar token lacks a clean alphabetic Tibetan-transliteration shape.
corrected_text_scan	wts_1_34	649	14	3	$	ś	guarded_dollar_to_sacute	rta la ~$ rmugs na „wenn das Pferd von	guarded_dollar_scan	low	defer	artifact_or_numeric_noise	0	Dollar token lacks a clean alphabetic Tibetan-transliteration shape.
corrected_text_scan	wts_1_34	649	33	8	$	ś	guarded_dollar_to_sacute	Lex. gcin pa dan skyag pa 977/$ (brDa).	guarded_dollar_scan	low	defer	artifact_or_numeric_noise	0	Dollar token lacks a clean alphabetic Tibetan-transliteration shape.
corrected_text_scan	wts_1_34	649	191	6	$	ś	guarded_dollar_to_sacute	las ci byun rgya Zin ¬$ dgug „am Ende müssen die Felder auf die Bewässerung warten“	guarded_dollar_scan	low	defer	artifact_or_numeric_noise	0	Dollar token lacks a clean alphabetic Tibetan-transliteration shape.
corrected_text_scan	wts_1_34	650	144	1	$	ś	guarded_dollar_to_sacute	~$ phu mda’ vab khyab cin (metr.) „Wasseradern erfüllen das Talende und die Tal-	guarded_dollar_scan	low	defer	artifact_or_numeric_noise	0	Dollar token lacks a clean alphabetic Tibetan-transliteration shape.
corrected_text_scan	wts_1_34	651	61	3	269$	269ś	guarded_dollar_to_sacute	ཆུ་འཛིན་བྲེགས་མ་ chu ’dzin 269$ ma auch chu	guarded_dollar_scan	low	defer	artifact_or_numeric_noise	0	Dollar token lacks a clean alphabetic Tibetan-transliteration shape.
corrected_text_scan	wts_1_34	652	68	4	$77	ś77	guarded_dollar_to_sacute	& ༥ SAN chu 3// $77/77 po.	guarded_dollar_scan	low	defer	artifact_or_numeric_noise	0	Dollar token lacks a clean alphabetic Tibetan-transliteration shape.
corrected_text_scan	wts_1_34	657	103	4	$	ś	guarded_dollar_to_sacute	Letztere“ (Dagy); tshegs ~$ = alpakrcchrena	guarded_dollar_scan	low	defer	artifact_or_numeric_noise	0	Dollar token lacks a clean alphabetic Tibetan-transliteration shape.
corrected_text_scan	wts_1_34	659	56	4	$	ś	guarded_dollar_to_sacute	chan ’ishon gi ~$ smras pa „die Frau des	guarded_dollar_scan	low	defer	artifact_or_numeric_noise	0	Dollar token lacks a clean alphabetic Tibetan-transliteration shape.
corrected_text_scan	wts_1_34	659	79	8	$	ś	guarded_dollar_to_sacute	dan kun di źes bya ba’i ~ 977/$ yod „Pändu	guarded_dollar_scan	low	defer	artifact_or_numeric_noise	0	Dollar token lacks a clean alphabetic Tibetan-transliteration shape.
corrected_text_scan	wts_1_34	659	86	6	$	ś	guarded_dollar_to_sacute	speit aus.‘“ (Kävyäd 1.97b); de’ ~$ phun po	guarded_dollar_scan	low	defer	artifact_or_numeric_noise	0	Dollar token lacks a clean alphabetic Tibetan-transliteration shape.
corrected_text_scan	wts_1_34	662	111	4	77$	77ś	guarded_dollar_to_sacute	ཆུས་མི་ཉམས་ chus mi 777/77$	guarded_dollar_scan	low	defer	artifact_or_numeric_noise	0	Dollar token lacks a clean alphabetic Tibetan-transliteration shape.
corrected_text_scan	wts_1_34	662	149	4	$751	ś751	guarded_dollar_to_sacute	und großen Herrschaft“ ($751 35b3); yar	guarded_dollar_scan	low	defer	artifact_or_numeric_noise	0	Dollar token lacks a clean alphabetic Tibetan-transliteration shape.
corrected_text_scan	wts_1_34	664	130	2	$77	ś77	guarded_dollar_to_sacute	ran $77/77 rus ~ cig ’dug „du scheinst recht	guarded_dollar_scan	low	defer	artifact_or_numeric_noise	0	Dollar token lacks a clean alphabetic Tibetan-transliteration shape.
corrected_text_scan	wts_1_34	665	76	3	$77	ś77	guarded_dollar_to_sacute	ཆེད་ཀྱི་སྙིང་པོར་ ched kyi $77/77 por Iched sin.	guarded_dollar_scan	low	defer	artifact_or_numeric_noise	0	Dollar token lacks a clean alphabetic Tibetan-transliteration shape.
corrected_text_scan	wts_1_34	665	106	2	$77	ś77	guarded_dollar_to_sacute	ཆེད་སྙིང་ ched $77//? Kurzf. für ched kyi 5?7/77 por	guarded_dollar_scan	low	defer	artifact_or_numeric_noise	0	Dollar token lacks a clean alphabetic Tibetan-transliteration shape.
corrected_text_scan	wts_1_34	665	116	1	$7	ś7	guarded_dollar_to_sacute	༡ ... $7?༡/77 ris mo nan 'khod bZin gyi de khar	guarded_dollar_scan	low	defer	artifact_or_numeric_noise	0	Dollar token lacks a clean alphabetic Tibetan-transliteration shape.
corrected_text_scan	wts_1_34	665	121	3	$77	ś77	guarded_dollar_to_sacute	ched kyi $77/7? por ... drin log mjal ni	guarded_dollar_scan	low	defer	artifact_or_numeric_noise	0	Dollar token lacks a clean alphabetic Tibetan-transliteration shape.
corrected_text_scan	wts_1_34	666	23	4	$	ś	guarded_dollar_to_sacute	(1111 S56); rlabs ~$ btul te „sie unterwarfen	guarded_dollar_scan	low	defer	artifact_or_numeric_noise	0	Dollar token lacks a clean alphabetic Tibetan-transliteration shape.
corrected_text_scan	wts_1_34	667	60	6	9$	9ś	guarded_dollar_to_sacute	Zal ni rnam ’gyur ¬~ 7/9$ pa (metr.) „sein	guarded_dollar_scan	low	defer	artifact_or_numeric_noise	0	Dollar token lacks a clean alphabetic Tibetan-transliteration shape.
corrected_text_scan	wts_1_34	668	111	6	$	ś	guarded_dollar_to_sacute	unter Wehklagen“ (VinUp 62,4); ~$ bos	guarded_dollar_scan	low	defer	artifact_or_numeric_noise	0	Dollar token lacks a clean alphabetic Tibetan-transliteration shape.
corrected_text_scan	wts_1_34	668	114	7	$	ś	guarded_dollar_to_sacute	übergeben“ (Glr 163,31); de rnams ~$ rin	guarded_dollar_scan	low	defer	artifact_or_numeric_noise	0	Dollar token lacks a clean alphabetic Tibetan-transliteration shape.
corrected_text_scan	wts_1_34	669	97	2	$	ś	guarded_dollar_to_sacute	(brDa); ~$ rise ba = aksakridah	guarded_dollar_scan	low	defer	artifact_or_numeric_noise	0	Dollar token lacks a clean alphabetic Tibetan-transliteration shape.
corrected_text_scan	wts_1_34	669	175	7	$	ś	guarded_dollar_to_sacute	Lex. ’gcig ~ = phan tshun 9?7/$ kar mi gcig 975	guarded_dollar_scan	low	defer	artifact_or_numeric_noise	0	Dollar token lacks a clean alphabetic Tibetan-transliteration shape.
corrected_text_scan	wts_1_34	671	74	4	$	ś	guarded_dollar_to_sacute	zla ba 977/$ tsam ~ bZin bskyal „etwa zwei	guarded_dollar_scan	low	defer	artifact_or_numeric_noise	0	Dollar token lacks a clean alphabetic Tibetan-transliteration shape.
corrected_text_scan	wts_1_34	671	183	7	$	ś	guarded_dollar_to_sacute	mä li ka buddhi ... tu ruska’i ~$ bkrons „die	guarded_dollar_scan	low	defer	artifact_or_numeric_noise	0	Dollar token lacks a clean alphabetic Tibetan-transliteration shape.
corrected_text_scan	wts_1_34	672	165	6	$	ś	guarded_dollar_to_sacute	Bon“ (Padm 293a2); bden 977/$ mtshan ñid	guarded_dollar_scan	low	defer	artifact_or_numeric_noise	0	Dollar token lacks a clean alphabetic Tibetan-transliteration shape.
corrected_text_scan	wts_1_34	673	94	7	9$	9ś	guarded_dollar_to_sacute	53,4); ’khor ba ni ... 7¡9$ pa’i ~ can yin no	guarded_dollar_scan	low	defer	artifact_or_numeric_noise	0	Dollar token lacks a clean alphabetic Tibetan-transliteration shape.
corrected_text_scan	wts_1_34	677	228	2	$	ś	guarded_dollar_to_sacute	£77/$ so „der Dharmakäya ist beides: Gegenstand und Wirklichkeit“ (Bu 736,1); grub	guarded_dollar_scan	low	defer	artifact_or_numeric_noise	0	Dollar token lacks a clean alphabetic Tibetan-transliteration shape.
corrected_text_scan	wts_1_34	680	133	2	$	ś	guarded_dollar_to_sacute	5237); ~$ ’tsho ba sbyar bar mi bya’o „man	guarded_dollar_scan	low	defer	artifact_or_numeric_noise	0	Dollar token lacks a clean alphabetic Tibetan-transliteration shape.
corrected_text_scan	wts_1_34	680	167	4	47$	47ś	guarded_dollar_to_sacute	sna tshan bkra 47$ sdin mkhar gyi rje rigs ~	guarded_dollar_scan	low	defer	artifact_or_numeric_noise	0	Dollar token lacks a clean alphabetic Tibetan-transliteration shape.
corrected_text_scan	wts_1_34	681	219	4	$5F	Ś5F	guarded_dollar_to_sacute	Alraune; vgl. chin. $5F _ ch’ieh-tzu	guarded_dollar_scan	low	defer	artifact_or_numeric_noise	0	Dollar token lacks a clean alphabetic Tibetan-transliteration shape.
corrected_text_scan	wts_1_34	682	183	5	7$	7ś	guarded_dollar_to_sacute	ཆླཆི་ 'mchi pf. 1⁄2776/7$ gehen, kommen, sich	guarded_dollar_scan	low	defer	artifact_or_numeric_noise	0	Dollar token lacks a clean alphabetic Tibetan-transliteration shape.
corrected_text_scan	wts_1_34	682	202	9	$	ś	guarded_dollar_to_sacute	133b3); sin rtas mchis nas rkan pa 977/$ kho	guarded_dollar_scan	low	defer	artifact_or_numeric_noise	0	Dollar token lacks a clean alphabetic Tibetan-transliteration shape.
corrected_text_scan	wts_1_34	683	66	5	$	ś	guarded_dollar_to_sacute	nams thag cih mig ~$ gan ste „vom Leid	guarded_dollar_scan	low	defer	artifact_or_numeric_noise	0	Dollar token lacks a clean alphabetic Tibetan-transliteration shape.
corrected_text_scan	wts_1_34	685	19	6	$	ś	guarded_dollar_to_sacute	Lex. yod pa’i don „1. $, ¥, vorhanden sein“	guarded_dollar_scan	low	defer	artifact_or_numeric_noise	0	Dollar token lacks a clean alphabetic Tibetan-transliteration shape.
corrected_text_scan	wts_1_34	685	221	2	$77	ś77	guarded_dollar_to_sacute	མཆུ་སྦྱང་ mchu $77//77 Tchu Aun.	guarded_dollar_scan	low	defer	artifact_or_numeric_noise	0	Dollar token lacks a clean alphabetic Tibetan-transliteration shape.
corrected_text_scan	wts_1_34	686	115	10	$	ś	guarded_dollar_to_sacute	114,5); sbrul gdug pa ... man po Zig la ~$ btab	guarded_dollar_scan	low	defer	artifact_or_numeric_noise	0	Dollar token lacks a clean alphabetic Tibetan-transliteration shape.
corrected_text_scan	wts_1_34	690	27	5	$$	śś	guarded_dollar_to_sacute	genannt ist“ (Bpp 30); $$ rgyas - pa’i dge	guarded_dollar_scan	low	defer	artifact_or_numeric_noise	0	Dollar token lacks a clean alphabetic Tibetan-transliteration shape.
corrected_text_scan	wts_1_34	697	125	3	$	ś	guarded_dollar_to_sacute	མཆོད་གཞིས་ mchod 02/$ Kurzf. für mchod gnas	guarded_dollar_scan	low	defer	artifact_or_numeric_noise	0	Dollar token lacks a clean alphabetic Tibetan-transliteration shape.
corrected_text_scan	wts_1_34	698	135	2	249$	249ś	guarded_dollar_to_sacute	འཆགས་ Pchags །]€/249$.	guarded_dollar_scan	low	defer	artifact_or_numeric_noise	0	Dollar token lacks a clean alphabetic Tibetan-transliteration shape.
corrected_text_scan	wts_1_34	699	91	6	$	ś	guarded_dollar_to_sacute	(Tär 165,14); phyag 977/$ chos = phyag rgya	guarded_dollar_scan	low	defer	artifact_or_numeric_noise	0	Dollar token lacks a clean alphabetic Tibetan-transliteration shape.
corrected_text_scan	wts_1_34	700	188	2	$90	ś90	guarded_dollar_to_sacute	ug $90 (Dagy).	guarded_dollar_scan	low	defer	artifact_or_numeric_noise	0	Dollar token lacks a clean alphabetic Tibetan-transliteration shape.
corrected_text_scan	wts_1_34	700	207	4	$	ś	guarded_dollar_to_sacute	rgya bod khral $: zu sgo O)char 'phar „eine	guarded_dollar_scan	low	defer	artifact_or_numeric_noise	0	Dollar token lacks a clean alphabetic Tibetan-transliteration shape.
corrected_text_scan	wts_1_34	703	148	2	$	ś	guarded_dollar_to_sacute	འཆི་བླས་ chi /$/¢ V’chi ba bslu ba.	guarded_dollar_scan	low	defer	artifact_or_numeric_noise	0	Dollar token lacks a clean alphabetic Tibetan-transliteration shape.
corrected_text_scan	wts_1_34	704	5	11	$	ś	guarded_dollar_to_sacute	smra bcad sems chos kyi sgoms gra ben 9/7/$	guarded_dollar_scan	low	defer	artifact_or_numeric_noise	0	Dollar token lacks a clean alphabetic Tibetan-transliteration shape.
corrected_text_scan	wts_1_34	705	9	1	$	ś	guarded_dollar_to_sacute	$. v, Diener und eigene Gedanken usw. im	guarded_dollar_scan	low	defer	artifact_or_numeric_noise	0	Dollar token lacks a clean alphabetic Tibetan-transliteration shape.
corrected_text_scan	wts_1_34	705	18	1	777$	777ś	guarded_dollar_to_sacute	འཆུམས་ £//777$ pf. und imp. Tchums.	guarded_dollar_scan	low	defer	artifact_or_numeric_noise	0	Dollar token lacks a clean alphabetic Tibetan-transliteration shape.
corrected_text_scan	wts_1_34	705	79	9	$	ś	guarded_dollar_to_sacute	dan / yi ga ~ pa lta bu la’an „1. $, ¥, schief	guarded_dollar_scan	low	defer	artifact_or_numeric_noise	0	Dollar token lacks a clean alphabetic Tibetan-transliteration shape.
corrected_text_scan	wts_1_34	705	98	2	$	ś	guarded_dollar_to_sacute	1, $, ¥. zerstören“ (brDa); ¬~ pa = 4777 sogs	guarded_dollar_scan	low	defer	artifact_or_numeric_noise	0	Dollar token lacks a clean alphabetic Tibetan-transliteration shape.
corrected_text_scan	wts_1_34	706	59	7	$	ś	guarded_dollar_to_sacute	(brDa); ~ byed = nor ba’i don la’ani „¦, $. v.	guarded_dollar_scan	low	defer	artifact_or_numeric_noise	0	Dollar token lacks a clean alphabetic Tibetan-transliteration shape.
corrected_text_scan	wts_1_34	712	55	1	$	ś	guarded_dollar_to_sacute	ཇས་ན་ //$ na Tcis na.	guarded_dollar_scan	low	defer	artifact_or_numeric_noise	0	Dollar token lacks a clean alphabetic Tibetan-transliteration shape.
corrected_text_scan	wts_1_34	712	105	2	$ET	ŚET	guarded_dollar_to_sacute	"chin. $ET"" chü-ts# schwarze Hirsg; vgl. 'TMP"	guarded_dollar_scan	low	defer	non_transliteration_shape	10	Dollar token does not match the conservative Tibetan transliteration token shape.
corrected_text_scan	wts_1_34	712	137	1	$	ś	guarded_dollar_to_sacute	ཇུས་ ¢$ auch chus, byus Entscheidung;	guarded_dollar_scan	low	defer	artifact_or_numeric_noise	0	Dollar token lacks a clean alphabetic Tibetan-transliteration shape.
corrected_text_scan	wts_1_34	712	191	1	$	ś	guarded_dollar_to_sacute	ངུས་མ་ ///$ ma ein Volk der Hor.	guarded_dollar_scan	low	defer	artifact_or_numeric_noise	0	Dollar token lacks a clean alphabetic Tibetan-transliteration shape.
corrected_text_scan	wts_1_34	713	62	3	$	ś	guarded_dollar_to_sacute	don „i. $, v. erster“ (Dagy); ~ drag = yags	guarded_dollar_scan	low	defer	artifact_or_numeric_noise	0	Dollar token lacks a clean alphabetic Tibetan-transliteration shape.
corrected_text_scan	wts_1_34	713	79	3	$750	ś750	guarded_dollar_to_sacute	zum Qayan“ ($750 268); ~ khri ma lod bru	guarded_dollar_scan	low	defer	artifact_or_numeric_noise	0	Dollar token lacks a clean alphabetic Tibetan-transliteration shape.
corrected_text_scan	wts_1_34	713	199	8	$	ś	guarded_dollar_to_sacute	China zu geleiten“ (Glr 166,11); ~”¡ (r. ~$)	guarded_dollar_scan	low	defer	artifact_or_numeric_noise	0	Dollar token lacks a clean alphabetic Tibetan-transliteration shape.
corrected_text_scan	wts_1_34	714	23	1	$	ś	guarded_dollar_to_sacute	~$ rim gyis dbus su byon te „Atiśa ging	guarded_dollar_scan	low	defer	artifact_or_numeric_noise	0	Dollar token lacks a clean alphabetic Tibetan-transliteration shape.
corrected_text_scan	wts_1_34	714	27	5	$	ś	guarded_dollar_to_sacute	(163 usw.“ (Debm 2831); ~$ gter nas tbon	guarded_dollar_scan	low	defer	artifact_or_numeric_noise	0	Dollar token lacks a clean alphabetic Tibetan-transliteration shape.
corrected_text_scan	wts_1_34	714	77	3	$	ś	guarded_dollar_to_sacute	46,21); ~$ grwa pa gig ... btan bas „die	guarded_dollar_scan	low	defer	artifact_or_numeric_noise	0	Dollar token lacks a clean alphabetic Tibetan-transliteration shape.
corrected_text_scan	wts_1_34	715	6	1	$	ś	guarded_dollar_to_sacute	~$ .. 'phyi ba brko ba’i tshul mdzad „Jo-ru	guarded_dollar_scan	low	defer	artifact_or_numeric_noise	0	Dollar token lacks a clean alphabetic Tibetan-transliteration shape.
corrected_text_scan	wts_1_34	717	71	2	7$	7ś	guarded_dollar_to_sacute	Lex. //7$ nan gza’ bzi’i nan gi du ba mjug rin	guarded_dollar_scan	low	defer	artifact_or_numeric_noise	0	Dollar token lacks a clean alphabetic Tibetan-transliteration shape.
corrected_text_scan	wts_1_34	718	163	9	$	ś	guarded_dollar_to_sacute	(Dagy); ~ ba = bza’ btun zas pa’i don si. $.	guarded_dollar_scan	low	defer	artifact_or_numeric_noise	0	Dollar token lacks a clean alphabetic Tibetan-transliteration shape.
corrected_text_scan	wts_1_34	719	8	4	$	ś	guarded_dollar_to_sacute	rkun bu daṅ ~$ sbod na „wenn wir sie als	guarded_dollar_scan	low	defer	artifact_or_numeric_noise	0	Dollar token lacks a clean alphabetic Tibetan-transliteration shape.
corrected_text_scan	wts_1_34	719	37	7	$RT	ŚRT	guarded_dollar_to_sacute	GERT 75 tse Pinzette; von chin. $RT* chia-tzu	guarded_dollar_scan	low	defer	non_transliteration_shape	10	Dollar token does not match the conservative Tibetan transliteration token shape.
corrected_text_scan	wts_1_34	719	96	6	$7775	ś7775	guarded_dollar_to_sacute	weich“ (AA 8.13c); ~ pa yi / $7775 (metr.)	guarded_dollar_scan	low	defer	artifact_or_numeric_noise	0	Dollar token lacks a clean alphabetic Tibetan-transliteration shape.
corrected_text_scan	wts_1_34	720	114	3	$7	ś7	guarded_dollar_to_sacute	འཇམ་དཔལ་སྙིང་པོ་ am dpal $7/) po Beiname	guarded_dollar_scan	low	defer	artifact_or_numeric_noise	0	Dollar token lacks a clean alphabetic Tibetan-transliteration shape.
corrected_text_scan	wts_1_34	720	189	4	$	ś	guarded_dollar_to_sacute	lha ’phags pa ༨$ nad kha bzlog la „von der	guarded_dollar_scan	low	defer	artifact_or_numeric_noise	0	Dollar token lacks a clean alphabetic Tibetan-transliteration shape.
corrected_text_scan	wts_1_34	721	52	5	$	ś	guarded_dollar_to_sacute	rluṅ gi bdag /7/¢ ~$ 'joms par 'gyur (metr.)	guarded_dollar_scan	low	defer	artifact_or_numeric_noise	0	Dollar token lacks a clean alphabetic Tibetan-transliteration shape.
corrected_text_scan	wts_1_34	722	89	3	$48	ś48	guarded_dollar_to_sacute	zahlen“ (1111 $48); ston 74/7// yan myi	guarded_dollar_scan	low	defer	artifact_or_numeric_noise	0	Dollar token lacks a clean alphabetic Tibetan-transliteration shape.
corrected_text_scan	wts_1_34	726	171	5	$77095	ś77095	guarded_dollar_to_sacute	འཇིག་པར་ལྟ་བ་ ཀླ par lta ba 176 /$77095 la lta	guarded_dollar_scan	low	defer	artifact_or_numeric_noise	0	Dollar token lacks a clean alphabetic Tibetan-transliteration shape.
corrected_text_scan	wts_1_34	726	195	1	$	ś	guarded_dollar_to_sacute	~$ igs Sin skrag go „wegen des falschen	guarded_dollar_scan	low	defer	artifact_or_numeric_noise	0	Dollar token lacks a clean alphabetic Tibetan-transliteration shape.
corrected_text_scan	wts_1_34	730	68	7	9$	9ś	guarded_dollar_to_sacute	Lex. bya rog la’an (Dagy); ”7/9$ sgrogs & dass.	guarded_dollar_scan	low	defer	artifact_or_numeric_noise	0	Dollar token lacks a clean alphabetic Tibetan-transliteration shape.
corrected_text_scan	wts_1_34	730	91	2	9$	9ś	guarded_dollar_to_sacute	འཇིགས་འཇིགས་སྟ་ jigs ?/9$ lta fürchterlich.	guarded_dollar_scan	low	defer	artifact_or_numeric_noise	0	Dollar token lacks a clean alphabetic Tibetan-transliteration shape.
corrected_text_scan	wts_1_34	731	35	5	9$	9ś	guarded_dollar_to_sacute	Lex. senge’i min (brDa); ”/9$ snon 2 sen 907	guarded_dollar_scan	low	defer	artifact_or_numeric_noise	0	Dollar token lacks a clean alphabetic Tibetan-transliteration shape.
corrected_text_scan	wts_1_34	731	57	6	2$	2ś	guarded_dollar_to_sacute	འཇིགས་པར་བྱེད་པ་ ¡9 par byed pa 1 ?//2$ byed.	guarded_dollar_scan	low	defer	artifact_or_numeric_noise	0	Dollar token lacks a clean alphabetic Tibetan-transliteration shape.
corrected_text_scan	wts_1_34	731	190	5	0$	0ś	guarded_dollar_to_sacute	འཇིགས་སུ་རུང་བ་ gs su ruṅ ba [ ?/0$ run.	guarded_dollar_scan	low	defer	artifact_or_numeric_noise	0	Dollar token lacks a clean alphabetic Tibetan-transliteration shape.
corrected_text_scan	wts_1_34	732	158	5	$	ś	guarded_dollar_to_sacute	(SNELLGROVE 1967: Bd. 2, $, 331).	guarded_dollar_scan	low	defer	artifact_or_numeric_noise	0	Dollar token lacks a clean alphabetic Tibetan-transliteration shape.
corrected_text_scan	wts_1_34	735	105	2	$	ś	guarded_dollar_to_sacute	Lex. ~$ beins pa ni / skud pa khel drag na	guarded_dollar_scan	low	defer	artifact_or_numeric_noise	0	Dollar token lacks a clean alphabetic Tibetan-transliteration shape.
corrected_text_scan	wts_1_34	737	60	2	7$	7ś	guarded_dollar_to_sacute	འཇོམས་ ”70/?7$	guarded_dollar_scan	low	defer	artifact_or_numeric_noise	0	Dollar token lacks a clean alphabetic Tibetan-transliteration shape.
corrected_text_scan	wts_1_34	737	117	2	7$	7ś	guarded_dollar_to_sacute	འཇོམས་འཁྱིལ་ལེ་ ?;0//7$ ’khyil le	guarded_dollar_scan	low	defer	artifact_or_numeric_noise	0	Dollar token lacks a clean alphabetic Tibetan-transliteration shape.
corrected_text_scan	wts_1_34	737	201	10	$	ś	guarded_dollar_to_sacute	’brel ba dan ’brel ba’i byed tshig la’an „1, $, v,	guarded_dollar_scan	low	defer	artifact_or_numeric_noise	0	Dollar token lacks a clean alphabetic Tibetan-transliteration shape.
corrected_text_scan	wts_1_34	738	105	8	$	ś	guarded_dollar_to_sacute	(brDa); ~ thabs su = dka’ las las - thabs $//	guarded_dollar_scan	low	defer	artifact_or_numeric_noise	0	Dollar token lacks a clean alphabetic Tibetan-transliteration shape.
corrected_text_scan	wts_1_34	738	211	4	$49	ś49	guarded_dollar_to_sacute	Herrscher starb“ (im $49); khri Ide sron	guarded_dollar_scan	low	defer	artifact_or_numeric_noise	0	Dollar token lacks a clean alphabetic Tibetan-transliteration shape.
corrected_text_scan	wts_1_34	738	229	4	$	ś	guarded_dollar_to_sacute	(Liy2 24); li ~$ Zags pas zin nas „der Herrscher von Li nahm ihn mit einem Lasso	guarded_dollar_scan	low	defer	artifact_or_numeric_noise	0	Dollar token lacks a clean alphabetic Tibetan-transliteration shape.
corrected_text_scan	wts_1_34	739	58	7	$	ś	guarded_dollar_to_sacute	gtso bo / gdon drug la’an (Dagy); ~$ = ~ bos	guarded_dollar_scan	low	defer	artifact_or_numeric_noise	0	Dollar token lacks a clean alphabetic Tibetan-transliteration shape.
corrected_text_scan	wts_1_34	739	87	6	$	ś	guarded_dollar_to_sacute	Tson-kha-pas; vgl. trgyal ba 977/$ pa.	guarded_dollar_scan	low	defer	artifact_or_numeric_noise	0	Dollar token lacks a clean alphabetic Tibetan-transliteration shape.
corrected_text_scan	wts_1_34	739	200	5	$	ś	guarded_dollar_to_sacute	mchog gi don „1, $, % Höchster oder	guarded_dollar_scan	low	defer	artifact_or_numeric_noise	0	Dollar token lacks a clean alphabetic Tibetan-transliteration shape.
corrected_text_scan	wts_1_34	740	156	3	$	ś	guarded_dollar_to_sacute	verwendet; 1. $, ¥, wenn man dem vertraut,	guarded_dollar_scan	low	defer	artifact_or_numeric_noise	0	Dollar token lacks a clean alphabetic Tibetan-transliteration shape.
corrected_text_scan	wts_1_34	741	24	4	$	ś	guarded_dollar_to_sacute	(gNas 5,7); ~$ .., log rtog gi dri ma mtha’ dag	guarded_dollar_scan	low	defer	artifact_or_numeric_noise	0	Dollar token lacks a clean alphabetic Tibetan-transliteration shape.
corrected_text_scan	wts_1_34	742	188	3	1776$	1776ś	guarded_dollar_to_sacute	རྗེས་ཆགས་ rjes chags 1776$ su chags.	guarded_dollar_scan	low	defer	artifact_or_numeric_noise	0	Dollar token lacks a clean alphabetic Tibetan-transliteration shape.
corrected_text_scan	wts_1_34	742	201	2	$	ś	guarded_dollar_to_sacute	Irjes $// 7//9.	guarded_dollar_scan	low	defer	artifact_or_numeric_noise	0	Dollar token lacks a clean alphabetic Tibetan-transliteration shape.
corrected_text_scan	wts_1_34	743	16	2	$7769	ś7769	guarded_dollar_to_sacute	རྗེས་སྟེག་ rjes $7769 auch rjes säegs verfolgen; vgl.	guarded_dollar_scan	low	defer	artifact_or_numeric_noise	0	Dollar token lacks a clean alphabetic Tibetan-transliteration shape.
corrected_text_scan	wts_1_34	743	148	4	70$	70ś	guarded_dollar_to_sacute	རྗེས་འབྲངས་ rjes 'brans 1)70$ su 'brans.	guarded_dollar_scan	low	defer	artifact_or_numeric_noise	0	Dollar token lacks a clean alphabetic Tibetan-transliteration shape.
corrected_text_scan	wts_1_34	743	186	7	$	ś	guarded_dollar_to_sacute	bu byed tsbig „Verb wie 1, $, v. geistlicher	guarded_dollar_scan	low	defer	artifact_or_numeric_noise	0	Dollar token lacks a clean alphabetic Tibetan-transliteration shape.
corrected_text_scan	wts_1_34	744	18	9	$	ś	guarded_dollar_to_sacute	རྗེས་ཤེས་ rjes śes Kurzf. für Irjes su rtog par ©$	guarded_dollar_scan	low	defer	artifact_or_numeric_noise	0	Dollar token lacks a clean alphabetic Tibetan-transliteration shape.
corrected_text_scan	wts_1_34	744	154	8	$	ś	guarded_dollar_to_sacute	don dan phyi bin 'bran ba „i. $, w. gleich	guarded_dollar_scan	low	defer	artifact_or_numeric_noise	0	Dollar token lacks a clean alphabetic Tibetan-transliteration shape.
corrected_text_scan	wts_1_34	744	160	9	$	ś	guarded_dollar_to_sacute	rjes 'gro = mtshuns pa’i don la’an „auch 1, $,	guarded_dollar_scan	low	defer	artifact_or_numeric_noise	0	Dollar token lacks a clean alphabetic Tibetan-transliteration shape.
corrected_text_scan	wts_1_34	745	145	4	00$	00ś	guarded_dollar_to_sacute	རྗེས་སུ་བསྟེགས་ rjes su 037:00$ auch 7765 ༼677495	guarded_dollar_scan	low	defer	artifact_or_numeric_noise	0	Dollar token lacks a clean alphabetic Tibetan-transliteration shape.
corrected_text_scan	wts_1_34	745	166	2	$	ś	guarded_dollar_to_sacute	རྗེས་སུ་སྟེན་ 7705 $// sten	guarded_dollar_scan	low	defer	artifact_or_numeric_noise	0	Dollar token lacks a clean alphabetic Tibetan-transliteration shape.
corrected_text_scan	wts_1_34	745	176	6	$	ś	guarded_dollar_to_sacute	Lex. anvayajiänam (Mvy 1236); rjes ©$ =	guarded_dollar_scan	low	defer	artifact_or_numeric_noise	0	Dollar token lacks a clean alphabetic Tibetan-transliteration shape.
corrected_text_scan	wts_1_34	746	114	10	$0	ś0	guarded_dollar_to_sacute	gyis de bin gśegs pa bdag cag gis ... śes $0	guarded_dollar_scan	low	defer	artifact_or_numeric_noise	0	Dollar token lacks a clean alphabetic Tibetan-transliteration shape.
corrected_text_scan	wts_1_34	746	219	1	$77077	ś77077	guarded_dollar_to_sacute	$77077 gyi gnas » pa mkhyen pa’) stobs = pürva-	guarded_dollar_scan	low	defer	artifact_or_numeric_noise	0	Dollar token lacks a clean alphabetic Tibetan-transliteration shape.
corrected_text_scan	wts_1_34	747	111	2	$	ś	guarded_dollar_to_sacute	རྗེས་སུ་དཔག་ rjes $// dpag	guarded_dollar_scan	low	defer	artifact_or_numeric_noise	0	Dollar token lacks a clean alphabetic Tibetan-transliteration shape.
corrected_text_scan	wts_1_34	747	208	2	$	ś	guarded_dollar_to_sacute	"རྗེས་སུ་འབྲང་ rjes $// ""bran auch rjes su ’bren pf."	guarded_dollar_scan	low	defer	artifact_or_numeric_noise	0	Dollar token lacks a clean alphabetic Tibetan-transliteration shape.
corrected_text_scan	wts_1_34	748	49	9	$	ś	guarded_dollar_to_sacute	rjes ’bran = rjes su süeg pa’i don „1. $, v.	guarded_dollar_scan	low	defer	artifact_or_numeric_noise	0	Dollar token lacks a clean alphabetic Tibetan-transliteration shape.
corrected_text_scan	wts_1_34	748	152	3	7$	7ś	guarded_dollar_to_sacute	རྗེས་ས་འཚོ་ rjes su 7$/70 von jmdm. abhängig	guarded_dollar_scan	low	defer	artifact_or_numeric_noise	0	Dollar token lacks a clean alphabetic Tibetan-transliteration shape.
corrected_text_scan	wts_1_34	748	169	2	$	ś	guarded_dollar_to_sacute	རྗེས་སུ་གཟུང་ rjes $// gzun	guarded_dollar_scan	low	defer	artifact_or_numeric_noise	0	Dollar token lacks a clean alphabetic Tibetan-transliteration shape.
corrected_text_scan	wts_1_34	748	188	2	$	ś	guarded_dollar_to_sacute	རྗེས་སུ་ཞུགས་ rjes $// Zugs auch rjes Zugs, pf. zu	guarded_dollar_scan	low	defer	artifact_or_numeric_noise	0	Dollar token lacks a clean alphabetic Tibetan-transliteration shape.
corrected_text_scan	wts_1_34	748	208	1	76$	76ś	guarded_dollar_to_sacute	རྗེས་སུ་གཟུང་ ?76$ su gzun fur. zu ↑ rjes su ’dzin	guarded_dollar_scan	low	defer	artifact_or_numeric_noise	0	Dollar token lacks a clean alphabetic Tibetan-transliteration shape.
corrected_text_scan	wts_1_34	749	3	2	$	ś	guarded_dollar_to_sacute	རྗེས་སུ་བཟུང་ rjes $// bzuṅ pf. zu ↑ rjes su ’dzin	guarded_dollar_scan	low	defer	artifact_or_numeric_noise	0	Dollar token lacks a clean alphabetic Tibetan-transliteration shape.
corrected_text_scan	wts_1_34	751	87	6	$	ś	guarded_dollar_to_sacute	geworden und senken“ (brDa); ~ pa = ///$	guarded_dollar_scan	low	defer	artifact_or_numeric_noise	0	Dollar token lacks a clean alphabetic Tibetan-transliteration shape.
corrected_text_scan	wts_1_34	756	138	4	$	ś	guarded_dollar_to_sacute	2: 52,30); ~$ btab pa yi / mchil pa 'di (metr.)	guarded_dollar_scan	low	defer	artifact_or_numeric_noise	0	Dollar token lacks a clean alphabetic Tibetan-transliteration shape.
corrected_text_scan	wts_1_34	757	176	2	$	ś	guarded_dollar_to_sacute	ཉ་སུལ་ Ha $/// Waden.	guarded_dollar_scan	low	defer	artifact_or_numeric_noise	0	Dollar token lacks a clean alphabetic Tibetan-transliteration shape.
corrected_text_scan	wts_1_34	758	156	7	$	ś	guarded_dollar_to_sacute	ཉང་ར་ Han ro npr. ein Ort; ~ 775/$ ein Kloster.	guarded_dollar_scan	low	defer	artifact_or_numeric_noise	0	Dollar token lacks a clean alphabetic Tibetan-transliteration shape.
corrected_text_scan	wts_1_34	758	169	1	$	ś	guarded_dollar_to_sacute	~$... rgun 'brum 07// lha khani ... biens „Nan-	guarded_dollar_scan	low	defer	artifact_or_numeric_noise	0	Dollar token lacks a clean alphabetic Tibetan-transliteration shape.
corrected_text_scan	wts_1_34	758	180	1	$	ś	guarded_dollar_to_sacute	~$ / rgyun mi ’chad kyi lha khan bzens „Nah	guarded_dollar_scan	low	defer	artifact_or_numeric_noise	0	Dollar token lacks a clean alphabetic Tibetan-transliteration shape.
corrected_text_scan	wts_1_34	760	192	8	$	ś	guarded_dollar_to_sacute	(brDa); ~ pa & stobs chun ba’i don »1, $, v.	guarded_dollar_scan	low	defer	artifact_or_numeric_noise	0	Dollar token lacks a clean alphabetic Tibetan-transliteration shape.
corrected_text_scan	wts_1_34	762	1	2	77$	77ś	guarded_dollar_to_sacute	ཉམས་ཀྱིས་མི་ལྕོགས་ 77//77$ kyis mi lcogs	guarded_dollar_scan	low	defer	artifact_or_numeric_noise	0	Dollar token lacks a clean alphabetic Tibetan-transliteration shape.
corrected_text_scan	wts_1_34	762	66	2	4777$	4777ś	guarded_dollar_to_sacute	ཉམས་གུད་ ?7:4777$ gud 1/7/77$ rgud.	guarded_dollar_scan	low	defer	artifact_or_numeric_noise	0	Dollar token lacks a clean alphabetic Tibetan-transliteration shape.
corrected_text_scan	wts_1_34	762	66	6	77$	77ś	guarded_dollar_to_sacute	ཉམས་གུད་ ?7:4777$ gud 1/7/77$ rgud.	guarded_dollar_scan	low	defer	artifact_or_numeric_noise	0	Dollar token lacks a clean alphabetic Tibetan-transliteration shape.
corrected_text_scan	wts_1_34	765	126	2	77$	77ś	guarded_dollar_to_sacute	ཉམས་ཆགས་ 177:?77$ chags \fiams chag.	guarded_dollar_scan	low	defer	artifact_or_numeric_noise	0	Dollar token lacks a clean alphabetic Tibetan-transliteration shape.
corrected_text_scan	wts_1_34	766	193	4	77$	77ś	guarded_dollar_to_sacute	ཉམས་རྱོང་ 7777 myon [77⁄/77$ su myon.	guarded_dollar_scan	low	defer	artifact_or_numeric_noise	0	Dollar token lacks a clean alphabetic Tibetan-transliteration shape.
corrected_text_scan	wts_1_34	767	11	2	77$	77ś	guarded_dollar_to_sacute	ཉམས་ཚོད་ /7༡77$ tsbod auch Aams tshad Ver-	guarded_dollar_scan	low	defer	artifact_or_numeric_noise	0	Dollar token lacks a clean alphabetic Tibetan-transliteration shape.
corrected_text_scan	wts_1_34	767	44	5	77$	77ś	guarded_dollar_to_sacute	ཉམས་ལེན་ nams len {/7/7/77$ su len.	guarded_dollar_scan	low	defer	artifact_or_numeric_noise	0	Dollar token lacks a clean alphabetic Tibetan-transliteration shape.
corrected_text_scan	wts_1_34	767	53	6	77$	77ś	guarded_dollar_to_sacute	"ཉཆས་སུ་དགོའ་པ ""Hamssiu dga’ ba 1/7/77$ dga པ"	guarded_dollar_scan	low	defer	artifact_or_numeric_noise	0	Dollar token lacks a clean alphabetic Tibetan-transliteration shape.
corrected_text_scan	wts_1_34	767	167	3	7$	7ś	guarded_dollar_to_sacute	ཉམས་སུ་ལེན་ /7/77?7$ $// len	guarded_dollar_scan	low	defer	artifact_or_numeric_noise	0	Dollar token lacks a clean alphabetic Tibetan-transliteration shape.
corrected_text_scan	wts_1_34	767	167	4	$	ś	guarded_dollar_to_sacute	ཉམས་སུ་ལེན་ /7/77?7$ $// len	guarded_dollar_scan	low	defer	artifact_or_numeric_noise	0	Dollar token lacks a clean alphabetic Tibetan-transliteration shape.
corrected_text_scan	wts_1_34	768	1	2	77$	77ś	guarded_dollar_to_sacute	ཉམས་སུ་ལོངས་ 776/77$ su lons	guarded_dollar_scan	low	defer	artifact_or_numeric_noise	0	Dollar token lacks a clean alphabetic Tibetan-transliteration shape.
corrected_text_scan	wts_1_34	769	100	6	$	ś	guarded_dollar_to_sacute	ཉི་བརྒྱ་ 77/ ༼?727/6 1/7/$ breya.	guarded_dollar_scan	low	defer	artifact_or_numeric_noise	0	Dollar token lacks a clean alphabetic Tibetan-transliteration shape.
corrected_text_scan	wts_1_34	770	101	6	$	ś	guarded_dollar_to_sacute	seiner Rüstung“ (ViśT 160,30); ~$ dmag	guarded_dollar_scan	low	defer	artifact_or_numeric_noise	0	Dollar token lacks a clean alphabetic Tibetan-transliteration shape.
corrected_text_scan	wts_1_34	771	42	5	$	ś	guarded_dollar_to_sacute	bekannt“ (Tär 7,1); ~$ kha che’i yul btul ba	guarded_dollar_scan	low	defer	artifact_or_numeric_noise	0	Dollar token lacks a clean alphabetic Tibetan-transliteration shape.
corrected_text_scan	wts_1_34	773	12	3	$	ś	guarded_dollar_to_sacute	2012: 1387 $. v. 77/ ma’i lha ldan).	guarded_dollar_scan	low	defer	artifact_or_numeric_noise	0	Dollar token lacks a clean alphabetic Tibetan-transliteration shape.
corrected_text_scan	wts_1_34	775	60	2	2$	2ś	guarded_dollar_to_sacute	ཉིགས་ /7/2$ Kleider.	guarded_dollar_scan	low	defer	artifact_or_numeric_noise	0	Dollar token lacks a clean alphabetic Tibetan-transliteration shape.
corrected_text_scan	wts_1_34	775	68	4	1$77	1ś77	guarded_dollar_to_sacute	ཉིང་ཁུ་ 77:77 khu 1$77/7 khu.	guarded_dollar_scan	low	defer	artifact_or_numeric_noise	0	Dollar token lacks a clean alphabetic Tibetan-transliteration shape.
corrected_text_scan	wts_1_34	779	119	3	$	ś	guarded_dollar_to_sacute	ཉིལ་གྱིས་ 77// 07//$	guarded_dollar_scan	low	defer	artifact_or_numeric_noise	0	Dollar token lacks a clean alphabetic Tibetan-transliteration shape.
corrected_text_scan	wts_1_34	779	180	2	$	ś	guarded_dollar_to_sacute	ཉིས་བརྒྱ་ /7/$ breya auch /7/ breya zweihundert.	guarded_dollar_scan	low	defer	artifact_or_numeric_noise	0	Dollar token lacks a clean alphabetic Tibetan-transliteration shape.
corrected_text_scan	wts_1_34	779	196	2	$	ś	guarded_dollar_to_sacute	ཉིས་སྟོང་ 77/$ ston auch )7/ ston zweitausend.	guarded_dollar_scan	low	defer	artifact_or_numeric_noise	0	Dollar token lacks a clean alphabetic Tibetan-transliteration shape.
corrected_text_scan	wts_1_34	780	203	7	$	ś	guarded_dollar_to_sacute	ཉང་ངུ་ /7//7? nu wenig, klein, geringfügig; — ˆ$	guarded_dollar_scan	low	defer	artifact_or_numeric_noise	0	Dollar token lacks a clean alphabetic Tibetan-transliteration shape.
corrected_text_scan	wts_1_34	780	226	6	$	ś	guarded_dollar_to_sacute	nicht viel, ist wenig“ (brDa); - $?/1777 ba yin	guarded_dollar_scan	low	defer	artifact_or_numeric_noise	0	Dollar token lacks a clean alphabetic Tibetan-transliteration shape.
corrected_text_scan	wts_1_34	781	36	3	$	ś	guarded_dollar_to_sacute	sa gon ~$ bead pas „die königliche Linie	guarded_dollar_scan	low	defer	artifact_or_numeric_noise	0	Dollar token lacks a clean alphabetic Tibetan-transliteration shape.
corrected_text_scan	wts_1_34	782	95	6	$	ś	guarded_dollar_to_sacute	ཉེ་སྐོར་ nie skor auch ie kor, $)70 skor Um-	guarded_dollar_scan	low	defer	artifact_or_numeric_noise	0	Dollar token lacks a clean alphabetic Tibetan-transliteration shape.
corrected_text_scan	wts_1_34	783	121	7	$	ś	guarded_dollar_to_sacute	30,18); mthar byed pa las ... ~$ skyob mi nus	guarded_dollar_scan	low	defer	artifact_or_numeric_noise	0	Dollar token lacks a clean alphabetic Tibetan-transliteration shape.
corrected_text_scan	wts_1_34	784	188	5	$	ś	guarded_dollar_to_sacute	ཉེ་བའི་མཚམས་མེད་ ie ba’i mtsbams med $©~	guarded_dollar_scan	low	defer	artifact_or_numeric_noise	0	Dollar token lacks a clean alphabetic Tibetan-transliteration shape.
corrected_text_scan	wts_1_34	787	197	5	$	ś	guarded_dollar_to_sacute	[der Augen]krankheit mig $ wird auch	guarded_dollar_scan	low	defer	artifact_or_numeric_noise	0	Dollar token lacks a clean alphabetic Tibetan-transliteration shape.
corrected_text_scan	wts_1_34	788	116	5	G$	GŚ	guarded_dollar_to_sacute	Untergebenen (skt. zpajivin) tun?“ (G$	sigla_registry_or_shape	policy	defer_to_sigla_policy	registered_or_possible_siglum	0	Dollar token has registered or likely siglum shape; handle in the sigla policy queue.
corrected_text_scan	wts_1_34	789	13	2	6$	6ś	guarded_dollar_to_sacute	'du £6$ » nas (metr.) „nachdem er ihnen die	guarded_dollar_scan	low	defer	artifact_or_numeric_noise	0	Dollar token lacks a clean alphabetic Tibetan-transliteration shape.
corrected_text_scan	wts_1_34	790	221	4	9$	9ś	guarded_dollar_to_sacute	(Ahs 1.5.66b); '7/9$ pas ~ pa mams (metr.)	guarded_dollar_scan	low	defer	artifact_or_numeric_noise	0	Dollar token lacks a clean alphabetic Tibetan-transliteration shape.
corrected_text_scan	wts_1_34	792	96	3	$	ś	guarded_dollar_to_sacute	1. fehlen ¡. $. ¥. etw. Übles tun, sich etw.	guarded_dollar_scan	low	defer	artifact_or_numeric_noise	0	Dollar token lacks a clean alphabetic Tibetan-transliteration shape.
corrected_text_scan	wts_1_34	794	47	3	70777$	70777ś	guarded_dollar_to_sacute	ཉེས་གསུམ་འཇོམས་པ་ 7765 gsum 70777$ pa.	guarded_dollar_scan	low	defer	artifact_or_numeric_noise	0	Dollar token lacks a clean alphabetic Tibetan-transliteration shape.
corrected_text_scan	wts_1_34	794	63	5	1770$	1770ś	guarded_dollar_to_sacute	"""30 pf. und imp. 1770$ kaufen, sich etw."	guarded_dollar_scan	low	defer	artifact_or_numeric_noise	0	Dollar token lacks a clean alphabetic Tibetan-transliteration shape.
corrected_text_scan	wts_1_34	795	4	4	$	ś	guarded_dollar_to_sacute	beschwerlich; sin t# ~$ pa gemütskrank.	guarded_dollar_scan	low	defer	artifact_or_numeric_noise	0	Dollar token lacks a clean alphabetic Tibetan-transliteration shape.
corrected_text_scan	wts_1_34	795	86	6	$	ś	guarded_dollar_to_sacute	ze gya nes 0?7/$ „zwei elende Brahmanen, die	guarded_dollar_scan	low	defer	artifact_or_numeric_noise	0	Dollar token lacks a clean alphabetic Tibetan-transliteration shape.
corrected_text_scan	wts_1_34	796	110	4	$	ś	guarded_dollar_to_sacute	གཉན་གྱི་སེ་རི་ 077/777 gyi $© ri	guarded_dollar_scan	low	defer	artifact_or_numeric_noise	0	Dollar token lacks a clean alphabetic Tibetan-transliteration shape.
corrected_text_scan	wts_1_34	796	216	1	$	ś	guarded_dollar_to_sacute	$?707 (r. gäan) po „die mächtigen Schutz-	guarded_dollar_scan	low	defer	artifact_or_numeric_noise	0	Dollar token lacks a clean alphabetic Tibetan-transliteration shape.
corrected_text_scan	wts_1_34	797	51	1	$	ś	guarded_dollar_to_sacute	¬$ sel sgon dkar nag 'thogs (metr.) „[die	guarded_dollar_scan	low	defer	artifact_or_numeric_noise	0	Dollar token lacks a clean alphabetic Tibetan-transliteration shape.
corrected_text_scan	wts_1_34	801	172	10	$	ś	guarded_dollar_to_sacute	gtogs pa bya ba 507 ba’i las can gi ©$ pa „zur	guarded_dollar_scan	low	defer	artifact_or_numeric_noise	0	Dollar token lacks a clean alphabetic Tibetan-transliteration shape.
corrected_text_scan	wts_1_34	802	209	2	$	ś	guarded_dollar_to_sacute	10); $/5// grier gad pa ~ „Tempelaufseher und	guarded_dollar_scan	low	defer	artifact_or_numeric_noise	0	Dollar token lacks a clean alphabetic Tibetan-transliteration shape.
corrected_text_scan	wts_1_34	803	43	6	$	ś	guarded_dollar_to_sacute	innehatte“ (Debm 2954); dge sdig ~$ sgrib	guarded_dollar_scan	low	defer	artifact_or_numeric_noise	0	Dollar token lacks a clean alphabetic Tibetan-transliteration shape.
corrected_text_scan	wts_1_34	803	54	5	7$	7ś	guarded_dollar_to_sacute	གཉིས་ཀྱིས་གཉིས་སྦྱོར་ 8/7/5 /©7/7$ 0/7/5 sbyor	guarded_dollar_scan	low	defer	artifact_or_numeric_noise	0	Dollar token lacks a clean alphabetic Tibetan-transliteration shape.
corrected_text_scan	wts_1_34	803	163	2	$	ś	guarded_dollar_to_sacute	གཉིས་སྐྱེས་ས་བོན་ gäis $/97/05 sa bon Bez. für Ei.	guarded_dollar_scan	low	defer	artifact_or_numeric_noise	0	Dollar token lacks a clean alphabetic Tibetan-transliteration shape.
corrected_text_scan	wts_1_34	803	225	4	5770777$	5770777ś	guarded_dollar_to_sacute	གཉིས་སྙོམས་པར་ཞགས་ 9/7/5 5770777$ par Zugs sich	guarded_dollar_scan	low	defer	artifact_or_numeric_noise	0	Dollar token lacks a clean alphabetic Tibetan-transliteration shape.
corrected_text_scan	wts_1_34	804	1	3	$	ś	guarded_dollar_to_sacute	གཉིས་སྟོང་ '9/7/$ ston	guarded_dollar_scan	low	defer	artifact_or_numeric_noise	0	Dollar token lacks a clean alphabetic Tibetan-transliteration shape.
corrected_text_scan	wts_1_34	804	4	4	$	ś	guarded_dollar_to_sacute	TONER 19)7/$ ston zweitausend.	guarded_dollar_scan	low	defer	artifact_or_numeric_noise	0	Dollar token lacks a clean alphabetic Tibetan-transliteration shape.
corrected_text_scan	wts_1_34	804	61	3	$	ś	guarded_dollar_to_sacute	གཉིས་མེད་ 0/7/$ med	guarded_dollar_scan	low	defer	artifact_or_numeric_noise	0	Dollar token lacks a clean alphabetic Tibetan-transliteration shape.
corrected_text_scan	wts_1_34	804	69	2	$	ś	guarded_dollar_to_sacute	གཉིས་སྤེལ་མ་ 077/$ spel ma abwechselnd.	guarded_dollar_scan	low	defer	artifact_or_numeric_noise	0	Dollar token lacks a clean alphabetic Tibetan-transliteration shape.
corrected_text_scan	wts_1_34	804	76	5	$	ś	guarded_dollar_to_sacute	གཉས་མད་ ༩༩༩ med auch 0/7/$ pa med pa, gris	guarded_dollar_scan	low	defer	artifact_or_numeric_noise	0	Dollar token lacks a clean alphabetic Tibetan-transliteration shape.
corrected_text_scan	wts_1_34	804	133	2	$	ś	guarded_dollar_to_sacute	གཉིས་མེད་རྒྱང་ 07/$ med rgyud Bez. für Anut-	guarded_dollar_scan	low	defer	artifact_or_numeric_noise	0	Dollar token lacks a clean alphabetic Tibetan-transliteration shape.
corrected_text_scan	wts_1_34	804	143	3	$	ś	guarded_dollar_to_sacute	གཉིས་མེད་ཉལ་ 9/7/$ med Aal Bez. für Näga-	guarded_dollar_scan	low	defer	artifact_or_numeric_noise	0	Dollar token lacks a clean alphabetic Tibetan-transliteration shape.
corrected_text_scan	wts_1_34	804	220	2	$	ś	guarded_dollar_to_sacute	གཉིས་སུ་མེད་པ་ 975 $/¢ imed pa ](9?7/5 med.	guarded_dollar_scan	low	defer	artifact_or_numeric_noise	0	Dollar token lacks a clean alphabetic Tibetan-transliteration shape.
corrected_text_scan	wts_1_34	805	48	5	9$	9ś	guarded_dollar_to_sacute	གཉགས་ 077//95 1/7//9$.	guarded_dollar_scan	low	defer	artifact_or_numeric_noise	0	Dollar token lacks a clean alphabetic Tibetan-transliteration shape.
corrected_text_scan	wts_1_34	807	152	6	$	ś	guarded_dollar_to_sacute	khro 9707 sogs (Dagy); lus ~$ gan ba 2 vali-	guarded_dollar_scan	low	defer	artifact_or_numeric_noise	0	Dollar token lacks a clean alphabetic Tibetan-transliteration shape.
corrected_text_scan	wts_1_34	810	20	3	$	ś	guarded_dollar_to_sacute	ba »1, $, ¥, im Samädhi den Geist zu Ruhe	guarded_dollar_scan	low	defer	artifact_or_numeric_noise	0	Dollar token lacks a clean alphabetic Tibetan-transliteration shape.
corrected_text_scan	wts_1_34	812	17	3	$77	ś77	guarded_dollar_to_sacute	po la’an $77/ Zes snan „Netz oder Mittel, um	guarded_dollar_scan	low	defer	artifact_or_numeric_noise	0	Dollar token lacks a clean alphabetic Tibetan-transliteration shape.
corrected_text_scan	wts_1_34	812	30	1	$	ś	guarded_dollar_to_sacute	~$ ban pa’i lha khan bzens „vNi-ba erbaute	guarded_dollar_scan	low	defer	artifact_or_numeric_noise	0	Dollar token lacks a clean alphabetic Tibetan-transliteration shape.
corrected_text_scan	wts_1_34	812	63	9	$	ś	guarded_dollar_to_sacute	(Ahs 1.3.20c); khani pa - pa dag / bcos pa ༡//$	guarded_dollar_scan	low	defer	artifact_or_numeric_noise	0	Dollar token lacks a clean alphabetic Tibetan-transliteration shape.
corrected_text_scan	wts_1_34	812	111	2	7$	7ś	guarded_dollar_to_sacute	རྙངས 7-7/:7$	guarded_dollar_scan	low	defer	artifact_or_numeric_noise	0	Dollar token lacks a clean alphabetic Tibetan-transliteration shape.
corrected_text_scan	wts_1_34	812	193	2	$	ś	guarded_dollar_to_sacute	རྙིས་ ?7/$ verwelken; vgl. 1/)77/$.	guarded_dollar_scan	low	defer	artifact_or_numeric_noise	0	Dollar token lacks a clean alphabetic Tibetan-transliteration shape.
corrected_text_scan	wts_1_34	812	193	7	$	ś	guarded_dollar_to_sacute	རྙིས་ ?7/$ verwelken; vgl. 1/)77/$.	guarded_dollar_scan	low	defer	artifact_or_numeric_noise	0	Dollar token lacks a clean alphabetic Tibetan-transliteration shape.
corrected_text_scan	wts_1_34	813	149	3	$	ś	guarded_dollar_to_sacute	RIGZIN 1986 $, v. log 'tsho lṅa).	guarded_dollar_scan	low	defer	artifact_or_numeric_noise	0	Dollar token lacks a clean alphabetic Tibetan-transliteration shape.
corrected_text_scan	wts_1_34	814	148	1	$	ś	guarded_dollar_to_sacute	སྙགས་སྙིགས་ $/7:795 säigs Schmutz, Ablagerung.	guarded_dollar_scan	low	defer	artifact_or_numeric_noise	0	Dollar token lacks a clean alphabetic Tibetan-transliteration shape.
corrected_text_scan	wts_1_34	814	176	5	$	ś	guarded_dollar_to_sacute	med pa’i den „1, $, ¥, nicht zu sagen“	guarded_dollar_scan	low	defer	artifact_or_numeric_noise	0	Dollar token lacks a clean alphabetic Tibetan-transliteration shape.
corrected_text_scan	wts_1_34	814	195	1	$	ś	guarded_dollar_to_sacute	$/7 gdon {gdon} gsol zer nas „da Krankheiten	guarded_dollar_scan	low	defer	artifact_or_numeric_noise	0	Dollar token lacks a clean alphabetic Tibetan-transliteration shape.
corrected_text_scan	wts_1_34	815	111	1	$	ś	guarded_dollar_to_sacute	སྙན་གྲགས་ $/74/7 grags	guarded_dollar_scan	low	defer	artifact_or_numeric_noise	0	Dollar token lacks a clean alphabetic Tibetan-transliteration shape.
corrected_text_scan	wts_1_34	815	117	1	$	ś	guarded_dollar_to_sacute	སྙན་གྲགས་ $?7/7/7 grags auch san bsgrags Ruhm,	guarded_dollar_scan	low	defer	artifact_or_numeric_noise	0	Dollar token lacks a clean alphabetic Tibetan-transliteration shape.
corrected_text_scan	wts_1_34	815	147	1	$77	ś77	guarded_dollar_to_sacute	སྙན་སྒྲོག་མ་ $77:477 sgrog ma Bez. für eine kluge	guarded_dollar_scan	low	defer	artifact_or_numeric_noise	0	Dollar token lacks a clean alphabetic Tibetan-transliteration shape.
corrected_text_scan	wts_1_34	815	153	2	$	ś	guarded_dollar_to_sacute	Kranich. སྙན་སྒོགས་ $?7/777 sgrogs Tsiian sgrog.	guarded_dollar_scan	low	defer	artifact_or_numeric_noise	0	Dollar token lacks a clean alphabetic Tibetan-transliteration shape.
corrected_text_scan	wts_1_34	815	173	1	$	ś	guarded_dollar_to_sacute	སྙན་རྒྱན་ $/7:4/7 rgyan Kurzf. für །$77777 gyi gon	guarded_dollar_scan	low	defer	artifact_or_numeric_noise	0	Dollar token lacks a clean alphabetic Tibetan-transliteration shape.
corrected_text_scan	wts_1_34	815	173	8	$77777	ś77777	guarded_dollar_to_sacute	སྙན་རྒྱན་ $/7:4/7 rgyan Kurzf. für །$77777 gyi gon	guarded_dollar_scan	low	defer	artifact_or_numeric_noise	0	Dollar token lacks a clean alphabetic Tibetan-transliteration shape.
corrected_text_scan	wts_1_34	815	180	1	$77	ś77	guarded_dollar_to_sacute	སྙན་སློག་ $77//? sgrog auch san sgrogs, 5/77? par	guarded_dollar_scan	low	defer	artifact_or_numeric_noise	0	Dollar token lacks a clean alphabetic Tibetan-transliteration shape.
corrected_text_scan	wts_1_34	816	3	1	$77	ś77	guarded_dollar_to_sacute	སྙན་བསྒགས་ $77/677 bsgrags Tshan grags.	guarded_dollar_scan	low	defer	artifact_or_numeric_noise	0	Dollar token lacks a clean alphabetic Tibetan-transliteration shape.
corrected_text_scan	wts_1_34	816	57	1	$77	ś77	guarded_dollar_to_sacute	སྙན་འཇེབས་ $77/777 ’jebs	guarded_dollar_scan	low	defer	artifact_or_numeric_noise	0	Dollar token lacks a clean alphabetic Tibetan-transliteration shape.
corrected_text_scan	wts_1_34	816	120	1	$577	ś577	guarded_dollar_to_sacute	སྙན་བོ་ $577:777 tho schriftlicher Bericht.	guarded_dollar_scan	low	defer	artifact_or_numeric_noise	0	Dollar token lacks a clean alphabetic Tibetan-transliteration shape.
corrected_text_scan	wts_1_34	816	143	5	$17	ś17	guarded_dollar_to_sacute	Beweis überbracht hatte“ (Inl $17); brjod	guarded_dollar_scan	low	defer	artifact_or_numeric_noise	0	Dollar token lacks a clean alphabetic Tibetan-transliteration shape.
corrected_text_scan	wts_1_34	816	147	9	$	ś	guarded_dollar_to_sacute	Lex. - ba = san seṅ Zus pa’i don „1. $, ¥, zu	guarded_dollar_scan	low	defer	artifact_or_numeric_noise	0	Dollar token lacks a clean alphabetic Tibetan-transliteration shape.
corrected_text_scan	wts_1_34	816	151	1	$	ś	guarded_dollar_to_sacute	སྙན་པ་ $?76/7 pa auch 5/7//7/ po.	guarded_dollar_scan	low	defer	artifact_or_numeric_noise	0	Dollar token lacks a clean alphabetic Tibetan-transliteration shape.
corrected_text_scan	wts_1_34	816	166	4	$77	ś77	guarded_dollar_to_sacute	24b7); btsun mo .. $77/777 smra ba (metr.)	guarded_dollar_scan	low	defer	artifact_or_numeric_noise	0	Dollar token lacks a clean alphabetic Tibetan-transliteration shape.
corrected_text_scan	wts_1_34	816	172	1	$	ś	guarded_dollar_to_sacute	སྙན་པ་ $?7:4/7 pa	guarded_dollar_scan	low	defer	artifact_or_numeric_noise	0	Dollar token lacks a clean alphabetic Tibetan-transliteration shape.
corrected_text_scan	wts_1_34	817	55	1	$	ś	guarded_dollar_to_sacute	སྙན་ཚིག་ $?74/7 lshig	guarded_dollar_scan	low	defer	artifact_or_numeric_noise	0	Dollar token lacks a clean alphabetic Tibetan-transliteration shape.
corrected_text_scan	wts_1_34	817	78	1	$77	ś77	guarded_dollar_to_sacute	སྙན་པ་ $77:777 po [5777 pa.	guarded_dollar_scan	low	defer	artifact_or_numeric_noise	0	Dollar token lacks a clean alphabetic Tibetan-transliteration shape.
corrected_text_scan	wts_1_34	817	126	7	$	ś	guarded_dollar_to_sacute	135n 9); gäun sa ... skyid sdug ~$ „aufgrund	guarded_dollar_scan	low	defer	artifact_or_numeric_noise	0	Dollar token lacks a clean alphabetic Tibetan-transliteration shape.
corrected_text_scan	wts_1_34	817	145	1	$	ś	guarded_dollar_to_sacute	སྙན་ཤལ་ $?7/777 Sal.	guarded_dollar_scan	low	defer	artifact_or_numeric_noise	0	Dollar token lacks a clean alphabetic Tibetan-transliteration shape.
corrected_text_scan	wts_1_34	817	171	1	$77	ś77	guarded_dollar_to_sacute	སྙན་ལྟོང་ $77/777 lhon	guarded_dollar_scan	low	defer	artifact_or_numeric_noise	0	Dollar token lacks a clean alphabetic Tibetan-transliteration shape.
corrected_text_scan	wts_1_34	817	177	6	$	ś	guarded_dollar_to_sacute	ba = = Zus pa’i don „i. $, ¥. zu Gehör	guarded_dollar_scan	low	defer	artifact_or_numeric_noise	0	Dollar token lacks a clean alphabetic Tibetan-transliteration shape.
corrected_text_scan	wts_1_34	817	190	1	$77	ś77	guarded_dollar_to_sacute	སྙན་གསན་ $77/777 gsan Bericht, Eingabe; ༨ ’debs	guarded_dollar_scan	low	defer	artifact_or_numeric_noise	0	Dollar token lacks a clean alphabetic Tibetan-transliteration shape.
corrected_text_scan	wts_1_34	818	5	9	0$	0ś	guarded_dollar_to_sacute	Lex. lag pas chu la rtswa 5?7/0$ ~ bZin pa la’ani	guarded_dollar_scan	low	defer	artifact_or_numeric_noise	0	Dollar token lacks a clean alphabetic Tibetan-transliteration shape.
corrected_text_scan	wts_1_34	818	55	1	$	ś	guarded_dollar_to_sacute	སྙམ་སྩོམ་ $/7:/77 $/70777	guarded_dollar_scan	low	defer	artifact_or_numeric_noise	0	Dollar token lacks a clean alphabetic Tibetan-transliteration shape.
corrected_text_scan	wts_1_34	818	55	4	$	ś	guarded_dollar_to_sacute	སྙམ་སྩོམ་ $/7:/77 $/70777	guarded_dollar_scan	low	defer	artifact_or_numeric_noise	0	Dollar token lacks a clean alphabetic Tibetan-transliteration shape.
corrected_text_scan	wts_1_34	818	151	4	$	ś	guarded_dollar_to_sacute	"""TI säi po ]'$/77/."	guarded_dollar_scan	low	defer	artifact_or_numeric_noise	0	Dollar token lacks a clean alphabetic Tibetan-transliteration shape.
corrected_text_scan	wts_1_34	818	153	2	$	ś	guarded_dollar_to_sacute	"""a $)7/ ma 15/76 ma."	guarded_dollar_scan	low	defer	artifact_or_numeric_noise	0	Dollar token lacks a clean alphabetic Tibetan-transliteration shape.
corrected_text_scan	wts_1_34	818	157	1	$77	ś77	guarded_dollar_to_sacute	སྙིགས་མ་ $77/05 ma	guarded_dollar_scan	low	defer	artifact_or_numeric_noise	0	Dollar token lacks a clean alphabetic Tibetan-transliteration shape.
corrected_text_scan	wts_1_34	818	169	2	$	ś	guarded_dollar_to_sacute	num. = ༦ ༡ $ .	guarded_dollar_scan	low	defer	artifact_or_numeric_noise	0	Dollar token lacks a clean alphabetic Tibetan-transliteration shape.
corrected_text_scan	wts_1_34	819	34	1	$77	ś77	guarded_dollar_to_sacute	སྙིགས་མའི་དུས་ $77/05 ma’i dus [577/95 ma 2,	guarded_dollar_scan	low	defer	artifact_or_numeric_noise	0	Dollar token lacks a clean alphabetic Tibetan-transliteration shape.
corrected_text_scan	wts_1_34	819	113	1	$	ś	guarded_dollar_to_sacute	སྙིང་ཀ་ $/7//7 ka	guarded_dollar_scan	low	defer	artifact_or_numeric_noise	0	Dollar token lacks a clean alphabetic Tibetan-transliteration shape.
corrected_text_scan	wts_1_34	819	165	1	$77	ś77	guarded_dollar_to_sacute	སྙིང་ག་ $77//7 ga	guarded_dollar_scan	low	defer	artifact_or_numeric_noise	0	Dollar token lacks a clean alphabetic Tibetan-transliteration shape.
corrected_text_scan	wts_1_34	819	203	5	$	ś	guarded_dollar_to_sacute	སྙང་ག་ 577/77 ga auch $/7/)7 ka, 5?7/7] kba Herz,	guarded_dollar_scan	low	defer	artifact_or_numeric_noise	0	Dollar token lacks a clean alphabetic Tibetan-transliteration shape.
corrected_text_scan	wts_1_34	819	206	1	$77	ś77	guarded_dollar_to_sacute	$77/?7 kar ’brum nag byun nas gum (metr.)	guarded_dollar_scan	low	defer	artifact_or_numeric_noise	0	Dollar token lacks a clean alphabetic Tibetan-transliteration shape.
corrected_text_scan	wts_1_34	820	1	1	$77	ś77	guarded_dollar_to_sacute	སྙིང་གི་ཡན་ལག་*” $77/7] gi yan lag ...	guarded_dollar_scan	low	defer	artifact_or_numeric_noise	0	Dollar token lacks a clean alphabetic Tibetan-transliteration shape.
corrected_text_scan	wts_1_34	820	31	1	$77	ś77	guarded_dollar_to_sacute	སྙིང་གིས་དབུགས་ཕྱང་ $77/7) gis dbugs phyun ©17~	guarded_dollar_scan	low	defer	artifact_or_numeric_noise	0	Dollar token lacks a clean alphabetic Tibetan-transliteration shape.
corrected_text_scan	wts_1_34	820	72	1	$	ś	guarded_dollar_to_sacute	སྙིང་འགྲམ་ $?7/)7 ?9777777 auch $?7/?7 ’grams, Kurzf.	guarded_dollar_scan	low	defer	artifact_or_numeric_noise	0	Dollar token lacks a clean alphabetic Tibetan-transliteration shape.
corrected_text_scan	wts_1_34	820	72	6	$	ś	guarded_dollar_to_sacute	སྙིང་འགྲམ་ $?7/)7 ?9777777 auch $?7/?7 ’grams, Kurzf.	guarded_dollar_scan	low	defer	artifact_or_numeric_noise	0	Dollar token lacks a clean alphabetic Tibetan-transliteration shape.
corrected_text_scan	wts_1_34	820	84	1	$77	ś77	guarded_dollar_to_sacute	སྙིང་གཏུས་པ་ $77//? gcus pa unaufrichtig, unehr-	guarded_dollar_scan	low	defer	artifact_or_numeric_noise	0	Dollar token lacks a clean alphabetic Tibetan-transliteration shape.
corrected_text_scan	wts_1_34	820	105	1	$77	ś77	guarded_dollar_to_sacute	སྙིང་ཁཆུ་བ་ $77/7 ’chn ba unglücklich, beküm-	guarded_dollar_scan	low	defer	artifact_or_numeric_noise	0	Dollar token lacks a clean alphabetic Tibetan-transliteration shape.
corrected_text_scan	wts_1_34	820	108	1	$	ś	guarded_dollar_to_sacute	སྙིང་རྗེ་ $/7/?7 770,	guarded_dollar_scan	low	defer	artifact_or_numeric_noise	0	Dollar token lacks a clean alphabetic Tibetan-transliteration shape.
corrected_text_scan	wts_1_34	820	110	4	$	ś	guarded_dollar_to_sacute	>’ gnas erbärmlicher Zustand; ~$ brlan	guarded_dollar_scan	low	defer	artifact_or_numeric_noise	0	Dollar token lacks a clean alphabetic Tibetan-transliteration shape.
corrected_text_scan	wts_1_34	820	121	4	$	ś	guarded_dollar_to_sacute	mitfühlend“ (Liy2 87); ~$ bskyod pa’i sAin	guarded_dollar_scan	low	defer	artifact_or_numeric_noise	0	Dollar token lacks a clean alphabetic Tibetan-transliteration shape.
corrected_text_scan	wts_1_34	820	137	12	$	ś	guarded_dollar_to_sacute	yin (metr.) „die Vernichtung des Leids anderer ist Mitgefühl“ (Samv 13.6b); ~$ brlan	guarded_dollar_scan	low	defer	artifact_or_numeric_noise	0	Dollar token lacks a clean alphabetic Tibetan-transliteration shape.
corrected_text_scan	wts_1_34	820	167	1	$	ś	guarded_dollar_to_sacute	སྙིང་རྗེ་པདྨ་”་ $?7/77 rje padma ...	guarded_dollar_scan	low	defer	artifact_or_numeric_noise	0	Dollar token lacks a clean alphabetic Tibetan-transliteration shape.
corrected_text_scan	wts_1_34	821	123	1	$77	ś77	guarded_dollar_to_sacute	སྙིང་ཐག་ $77//) thag Plazenta.	guarded_dollar_scan	low	defer	artifact_or_numeric_noise	0	Dollar token lacks a clean alphabetic Tibetan-transliteration shape.
corrected_text_scan	wts_1_34	821	130	1	$	ś	guarded_dollar_to_sacute	སྙིང་ཐག་ཉེ་ $?7//7 thag nie liebevoll.	guarded_dollar_scan	low	defer	artifact_or_numeric_noise	0	Dollar token lacks a clean alphabetic Tibetan-transliteration shape.
corrected_text_scan	wts_1_34	821	135	1	$	ś	guarded_dollar_to_sacute	སྙིང་ཐག་པ་ནས་ $/7/77 thag pa nas voller Über-	guarded_dollar_scan	low	defer	artifact_or_numeric_noise	0	Dollar token lacks a clean alphabetic Tibetan-transliteration shape.
corrected_text_scan	wts_1_34	821	208	4	$77	ś77	guarded_dollar_to_sacute	སྙིང་སྡོས་ sin sdos auch $77//77 gelos Mut, Aus-	guarded_dollar_scan	low	defer	artifact_or_numeric_noise	0	Dollar token lacks a clean alphabetic Tibetan-transliteration shape.
corrected_text_scan	wts_1_34	821	218	1	$77	ś77	guarded_dollar_to_sacute	སྙིང་ན་ $77//7 ༡7:7	guarded_dollar_scan	low	defer	artifact_or_numeric_noise	0	Dollar token lacks a clean alphabetic Tibetan-transliteration shape.
corrected_text_scan	wts_1_34	822	27	1	$	ś	guarded_dollar_to_sacute	སྙིང་ནས་ངེས་ $/7/7) nas nes sehr sicher, tod-	guarded_dollar_scan	low	defer	artifact_or_numeric_noise	0	Dollar token lacks a clean alphabetic Tibetan-transliteration shape.
corrected_text_scan	wts_1_34	822	39	1	$77	ś77	guarded_dollar_to_sacute	སྙིང་པོ་ $77//? po.	guarded_dollar_scan	low	defer	artifact_or_numeric_noise	0	Dollar token lacks a clean alphabetic Tibetan-transliteration shape.
corrected_text_scan	wts_1_34	822	57	1	$	ś	guarded_dollar_to_sacute	སྙིང་པོ་ $?7//? po	guarded_dollar_scan	low	defer	artifact_or_numeric_noise	0	Dollar token lacks a clean alphabetic Tibetan-transliteration shape.
corrected_text_scan	wts_1_34	822	93	10	$	ś	guarded_dollar_to_sacute	dachte 101] mir“ (Mil 87,16); ’dod pa yarni ~$	guarded_dollar_scan	low	defer	artifact_or_numeric_noise	0	Dollar token lacks a clean alphabetic Tibetan-transliteration shape.
corrected_text_scan	wts_1_34	822	145	1	$	ś	guarded_dollar_to_sacute	སྙིང་པོ་མཁྲེགས་ $?7/7 po mkhreg Bez. für	guarded_dollar_scan	low	defer	artifact_or_numeric_noise	0	Dollar token lacks a clean alphabetic Tibetan-transliteration shape.
corrected_text_scan	wts_1_34	822	184	1	$	ś	guarded_dollar_to_sacute	སྙིང་པོ་དང་ལྡན་པ་ $?7/7) po daṅ ldan pa ein	guarded_dollar_scan	low	defer	artifact_or_numeric_noise	0	Dollar token lacks a clean alphabetic Tibetan-transliteration shape.
corrected_text_scan	wts_1_34	822	214	1	$	ś	guarded_dollar_to_sacute	སྙང་ཕུར་ $?7/77 phur vollkommen, andringlic	guarded_dollar_scan	low	defer	artifact_or_numeric_noise	0	Dollar token lacks a clean alphabetic Tibetan-transliteration shape.
corrected_text_scan	wts_1_34	823	3	1	$	ś	guarded_dollar_to_sacute	སྙིང་ཚོམ་པ་ $?7/༡7 tsbom pa	guarded_dollar_scan	low	defer	artifact_or_numeric_noise	0	Dollar token lacks a clean alphabetic Tibetan-transliteration shape.
corrected_text_scan	wts_1_34	823	5	1	$	ś	guarded_dollar_to_sacute	སྙིང་ཕོད་ཆུང་བ་ $?7/77 phod chuṅ ba Feigling; vgl. སྙིང་བརྩེ་ säin brtse Liebe, Mitgefühl; - ba’; blo	guarded_dollar_scan	low	defer	artifact_or_numeric_noise	0	Dollar token lacks a clean alphabetic Tibetan-transliteration shape.
corrected_text_scan	wts_1_34	823	9	1	$	ś	guarded_dollar_to_sacute	~$ ... dgra ru lans (metr.) „weil sie Feiglinge	guarded_dollar_scan	low	defer	artifact_or_numeric_noise	0	Dollar token lacks a clean alphabetic Tibetan-transliteration shape.
corrected_text_scan	wts_1_34	823	17	1	$77	ś77	guarded_dollar_to_sacute	སྙིང་ཀྱེད་ $77//] byed Beiname Mahesvaras.	guarded_dollar_scan	low	defer	artifact_or_numeric_noise	0	Dollar token lacks a clean alphabetic Tibetan-transliteration shape.
corrected_text_scan	wts_1_34	823	19	1	$77	ś77	guarded_dollar_to_sacute	སྙིང་དབུས་བཅངས་ $77/? dbus bcans auch $/7//?	guarded_dollar_scan	low	defer	artifact_or_numeric_noise	0	Dollar token lacks a clean alphabetic Tibetan-transliteration shape.
corrected_text_scan	wts_1_34	823	19	5	$	ś	guarded_dollar_to_sacute	སྙིང་དབུས་བཅངས་ $77/? dbus bcans auch $/7//?	guarded_dollar_scan	low	defer	artifact_or_numeric_noise	0	Dollar token lacks a clean alphabetic Tibetan-transliteration shape.
corrected_text_scan	wts_1_34	823	31	1	$7	ś7	guarded_dollar_to_sacute	སྙིང་འབབ་ $7//) ’bab hilfreich.	guarded_dollar_scan	low	defer	artifact_or_numeric_noise	0	Dollar token lacks a clean alphabetic Tibetan-transliteration shape.
corrected_text_scan	wts_1_34	823	45	1	$77	ś77	guarded_dollar_to_sacute	སྙང་རྩ་ཞས་ $77//7 rtsa nas aus tiefem Herzen.	guarded_dollar_scan	low	defer	artifact_or_numeric_noise	0	Dollar token lacks a clean alphabetic Tibetan-transliteration shape.
corrected_text_scan	wts_1_34	823	115	1	$	ś	guarded_dollar_to_sacute	སྙིང་ཞོ་ཤ་ $?7/77 70 Sa	guarded_dollar_scan	low	defer	artifact_or_numeric_noise	0	Dollar token lacks a clean alphabetic Tibetan-transliteration shape.
corrected_text_scan	wts_1_34	823	117	1	$77	ś77	guarded_dollar_to_sacute	སྙིང་ཞོ་ཤ་ $77/7? Zo 47 eine Heilpflanze, Spon-	guarded_dollar_scan	low	defer	artifact_or_numeric_noise	0	Dollar token lacks a clean alphabetic Tibetan-transliteration shape.
corrected_text_scan	wts_1_34	823	122	9	$	ś	guarded_dollar_to_sacute	tsi tra ka dan ~ / thams cad gnod sbyin $/7//)	guarded_dollar_scan	low	defer	artifact_or_numeric_noise	0	Dollar token lacks a clean alphabetic Tibetan-transliteration shape.
corrected_text_scan	wts_1_34	823	135	2	970$	970ś	guarded_dollar_to_sacute	སྙིང་གཞོས་ཏེ་སྨྲ་བ་ sAin 970$ te smra ba vertrau-	guarded_dollar_scan	low	defer	artifact_or_numeric_noise	0	Dollar token lacks a clean alphabetic Tibetan-transliteration shape.
corrected_text_scan	wts_1_34	823	178	1	$	ś	guarded_dollar_to_sacute	སྙིང་རེ་རྗེ་ $/7/༡? re rje	guarded_dollar_scan	low	defer	artifact_or_numeric_noise	0	Dollar token lacks a clean alphabetic Tibetan-transliteration shape.
corrected_text_scan	wts_1_34	824	18	1	$77	ś77	guarded_dollar_to_sacute	སྙིང་ལམ་ $77//7 lam Bez. für Gedanke,	guarded_dollar_scan	low	defer	artifact_or_numeric_noise	0	Dollar token lacks a clean alphabetic Tibetan-transliteration shape.
corrected_text_scan	wts_1_34	824	92	1	$	ś	guarded_dollar_to_sacute	སྙིལ་ $/7// pf. und fur. ['/57//.	guarded_dollar_scan	low	defer	artifact_or_numeric_noise	0	Dollar token lacks a clean alphabetic Tibetan-transliteration shape.
corrected_text_scan	wts_1_34	824	157	1	$77	ś77	guarded_dollar_to_sacute	སྙུགས་རང་ $77//85 rin dauerhaft; gelassen.	guarded_dollar_scan	low	defer	artifact_or_numeric_noise	0	Dollar token lacks a clean alphabetic Tibetan-transliteration shape.
corrected_text_scan	wts_1_34	824	199	4	$52	ś52	guarded_dollar_to_sacute	verärgert war“ (In $52); rgyal po la ~ du	guarded_dollar_scan	low	defer	artifact_or_numeric_noise	0	Dollar token lacks a clean alphabetic Tibetan-transliteration shape.
corrected_text_scan	wts_1_34	824	216	4	$	ś	guarded_dollar_to_sacute	སྙུང་བུ་ sun bu auch $??/7///77 bu Ahle.	guarded_dollar_scan	low	defer	artifact_or_numeric_noise	0	Dollar token lacks a clean alphabetic Tibetan-transliteration shape.
corrected_text_scan	wts_1_34	825	47	1	$	ś	guarded_dollar_to_sacute	སྙུན་གདངས་ $/77//7 gdans auch $77//77 dwans	guarded_dollar_scan	low	defer	artifact_or_numeric_noise	0	Dollar token lacks a clean alphabetic Tibetan-transliteration shape.
corrected_text_scan	wts_1_34	825	47	6	$77	ś77	guarded_dollar_to_sacute	སྙུན་གདངས་ $/77//7 gdans auch $77//77 dwans	guarded_dollar_scan	low	defer	artifact_or_numeric_noise	0	Dollar token lacks a clean alphabetic Tibetan-transliteration shape.
corrected_text_scan	wts_1_34	825	76	1	5$	5ś	guarded_dollar_to_sacute	སྣེ་སྐོར་ 5$/76 skor Te skor.	guarded_dollar_scan	low	defer	artifact_or_numeric_noise	0	Dollar token lacks a clean alphabetic Tibetan-transliteration shape.
corrected_text_scan	wts_1_34	825	78	1	$	ś	guarded_dollar_to_sacute	སྙེ་ཐང་ $?76 than npr. eine Gegend.	guarded_dollar_scan	low	defer	artifact_or_numeric_noise	0	Dollar token lacks a clean alphabetic Tibetan-transliteration shape.
corrected_text_scan	wts_1_34	825	103	4	$770	ś770	guarded_dollar_to_sacute	སྷ་ནག་ sne nag auch $770 ma nag po taube	guarded_dollar_scan	low	defer	artifact_or_numeric_noise	0	Dollar token lacks a clean alphabetic Tibetan-transliteration shape.
corrected_text_scan	wts_1_34	825	131	5	$	ś	guarded_dollar_to_sacute	dka’ las byas te ~$ bkug (metr.) „wir haben	guarded_dollar_scan	low	defer	artifact_or_numeric_noise	0	Dollar token lacks a clean alphabetic Tibetan-transliteration shape.
corrected_text_scan	wts_1_34	825	179	1	$	ś	guarded_dollar_to_sacute	$?7/ ma = kanisa (Ak 225.21); sl ma ‰ Sasya-	guarded_dollar_scan	low	defer	artifact_or_numeric_noise	0	Dollar token lacks a clean alphabetic Tibetan-transliteration shape.
corrected_text_scan	wts_1_34	825	181	3	$	ś	guarded_dollar_to_sacute	(Ak 225.21); $:7/ ma & -’am dog pa (TIC);	guarded_dollar_scan	low	defer	artifact_or_numeric_noise	0	Dollar token lacks a clean alphabetic Tibetan-transliteration shape.
corrected_text_scan	wts_1_34	825	197	1	$	ś	guarded_dollar_to_sacute	$/76 ma phyed ston pa (Dagy).	guarded_dollar_scan	low	defer	artifact_or_numeric_noise	0	Dollar token lacks a clean alphabetic Tibetan-transliteration shape.
corrected_text_scan	wts_1_34	825	199	1	1$	1ś	guarded_dollar_to_sacute	སྙེ་མོ 1$/7¢ mo eine Gegend in Zentraltibet.	guarded_dollar_scan	low	defer	artifact_or_numeric_noise	0	Dollar token lacks a clean alphabetic Tibetan-transliteration shape.
corrected_text_scan	wts_1_34	825	203	3	$	ś	guarded_dollar_to_sacute	yul ni $/7/ (r. süe) mo ru mtshams phyogs pa	guarded_dollar_scan	low	defer	artifact_or_numeric_noise	0	Dollar token lacks a clean alphabetic Tibetan-transliteration shape.
corrected_text_scan	wts_1_34	826	31	1	$	ś	guarded_dollar_to_sacute	སྙེགས་པའི་ཚད་ $/760$ pa’i tsbad Längenmaß.	guarded_dollar_scan	low	defer	artifact_or_numeric_noise	0	Dollar token lacks a clean alphabetic Tibetan-transliteration shape.
corrected_text_scan	wts_1_34	826	31	2	760$	760ś	guarded_dollar_to_sacute	སྙེགས་པའི་ཚད་ $/760$ pa’i tsbad Längenmaß.	guarded_dollar_scan	low	defer	artifact_or_numeric_noise	0	Dollar token lacks a clean alphabetic Tibetan-transliteration shape.
corrected_text_scan	wts_1_34	826	38	3	$	ś	guarded_dollar_to_sacute	སྙིང་ 'sien auch $)76/75 pf. Ibsnens fur. Ibsäen	guarded_dollar_scan	low	defer	artifact_or_numeric_noise	0	Dollar token lacks a clean alphabetic Tibetan-transliteration shape.
corrected_text_scan	wts_1_34	826	65	3	9$	9ś	guarded_dollar_to_sacute	"Lex. 7/9$ ""jigs pa’i min (brDa)."	guarded_dollar_scan	low	defer	artifact_or_numeric_noise	0	Dollar token lacks a clean alphabetic Tibetan-transliteration shape.
corrected_text_scan	wts_1_34	826	100	8	$	ś	guarded_dollar_to_sacute	Lex. - pa = yod do cog gi don „¦, $, v. alles,	guarded_dollar_scan	low	defer	artifact_or_numeric_noise	0	Dollar token lacks a clean alphabetic Tibetan-transliteration shape.
corrected_text_scan	wts_1_34	826	116	3	$	ś	guarded_dollar_to_sacute	སྙེད་པ་ '676/ pa [ !$)70,	guarded_dollar_scan	low	defer	artifact_or_numeric_noise	0	Dollar token lacks a clean alphabetic Tibetan-transliteration shape.
corrected_text_scan	wts_1_34	826	122	1	$	ś	guarded_dollar_to_sacute	སྙེམས་ $/76?77$	guarded_dollar_scan	low	defer	artifact_or_numeric_noise	0	Dollar token lacks a clean alphabetic Tibetan-transliteration shape.
corrected_text_scan	wts_1_34	826	122	3	77$	77ś	guarded_dollar_to_sacute	སྙེམས་ $/76?77$	guarded_dollar_scan	low	defer	artifact_or_numeric_noise	0	Dollar token lacks a clean alphabetic Tibetan-transliteration shape.
corrected_text_scan	wts_1_34	826	141	1	$	ś	guarded_dollar_to_sacute	སྙེམས་བྱེད་ $?76777$ byed Bez. für Mära.	guarded_dollar_scan	low	defer	artifact_or_numeric_noise	0	Dollar token lacks a clean alphabetic Tibetan-transliteration shape.
corrected_text_scan	wts_1_34	826	141	2	76777$	76777ś	guarded_dollar_to_sacute	སྙེམས་བྱེད་ $?76777$ byed Bez. für Mära.	guarded_dollar_scan	low	defer	artifact_or_numeric_noise	0	Dollar token lacks a clean alphabetic Tibetan-transliteration shape.
corrected_text_scan	wts_1_34	826	144	2	76777$	76777ś	guarded_dollar_to_sacute	སྙེམས་མ་ 5?76777$ ma npr. die Gefährtin	guarded_dollar_scan	low	defer	artifact_or_numeric_noise	0	Dollar token lacks a clean alphabetic Tibetan-transliteration shape.
corrected_text_scan	wts_1_34	826	193	1	$7	ś7	guarded_dollar_to_sacute	སྩེལ་ $7¢/ \bsüel,	guarded_dollar_scan	low	defer	artifact_or_numeric_noise	0	Dollar token lacks a clean alphabetic Tibetan-transliteration shape.
corrected_text_scan	wts_1_34	826	196	2	5776$5	5776ś5	guarded_dollar_to_sacute	"a"" 5776$5 imp. zu 1$77¢ sich anlehnen; vgl."	guarded_dollar_scan	low	defer	artifact_or_numeric_noise	0	Dollar token lacks a clean alphabetic Tibetan-transliteration shape.
corrected_text_scan	wts_1_34	826	196	5	1$77	1ś77	guarded_dollar_to_sacute	"a"" 5776$5 imp. zu 1$77¢ sich anlehnen; vgl."	guarded_dollar_scan	low	defer	artifact_or_numeric_noise	0	Dollar token lacks a clean alphabetic Tibetan-transliteration shape.
corrected_text_scan	wts_1_34	826	215	1	$	ś	guarded_dollar_to_sacute	སྙོད་ $?7067 pf. und fur. Ibsnod.	guarded_dollar_scan	low	defer	artifact_or_numeric_noise	0	Dollar token lacks a clean alphabetic Tibetan-transliteration shape.
corrected_text_scan	wts_1_34	826	236	1	$770	ś770	guarded_dollar_to_sacute	སྙོད་ཅིང་སྟོབ་པ་ $770/7 cin stob pa Koch; Verlader	guarded_dollar_scan	low	defer	artifact_or_numeric_noise	0	Dollar token lacks a clean alphabetic Tibetan-transliteration shape.
corrected_text_scan	wts_1_34	827	53	2	$	ś	guarded_dollar_to_sacute	སྙོམ་སྙོམ་བྱེད་ som $?70777 byed grübeln.	guarded_dollar_scan	low	defer	artifact_or_numeric_noise	0	Dollar token lacks a clean alphabetic Tibetan-transliteration shape.
corrected_text_scan	wts_1_34	827	59	1	$	ś	guarded_dollar_to_sacute	སྙོམས་ $?77:0/775	guarded_dollar_scan	low	defer	artifact_or_numeric_noise	0	Dollar token lacks a clean alphabetic Tibetan-transliteration shape.
corrected_text_scan	wts_1_34	827	160	3	1$770	1ś770	guarded_dollar_to_sacute	"སྙོམས་འཇུག་ snoms ug 1$770/775 par ""ug."	guarded_dollar_scan	low	defer	artifact_or_numeric_noise	0	Dollar token lacks a clean alphabetic Tibetan-transliteration shape.
corrected_text_scan	wts_1_34	827	161	1	$7707775	ś7707775	guarded_dollar_to_sacute	སྙོམས་པ་ $7707775 pa Tsioms bzw. 15770/77 pa.	guarded_dollar_scan	low	defer	artifact_or_numeric_noise	0	Dollar token lacks a clean alphabetic Tibetan-transliteration shape.
corrected_text_scan	wts_1_34	827	175	12	$	ś	guarded_dollar_to_sacute	„die neun aufeinanderfolgenden Versenkungen kennend“ (Prav 82,5); dga’ ba 977/$	guarded_dollar_scan	low	defer	artifact_or_numeric_noise	0	Dollar token lacks a clean alphabetic Tibetan-transliteration shape.
corrected_text_scan	wts_1_34	827	203	1	$770	ś770	guarded_dollar_to_sacute	སྙོམས་པར་ཞགས་ $770/75 par Zugs auch 5770//75	guarded_dollar_scan	low	defer	artifact_or_numeric_noise	0	Dollar token lacks a clean alphabetic Tibetan-transliteration shape.
corrected_text_scan	wts_1_34	828	3	1	$	ś	guarded_dollar_to_sacute	སྙོམས་ལས་ $/70/77$ las auch $?70༡77 las Trägheit,	guarded_dollar_scan	low	defer	artifact_or_numeric_noise	0	Dollar token lacks a clean alphabetic Tibetan-transliteration shape.
corrected_text_scan	wts_1_34	828	3	3	77$	77ś	guarded_dollar_to_sacute	སྙོམས་ལས་ $/70/77$ las auch $?70༡77 las Trägheit,	guarded_dollar_scan	low	defer	artifact_or_numeric_noise	0	Dollar token lacks a clean alphabetic Tibetan-transliteration shape.
corrected_text_scan	wts_1_34	828	3	6	$	ś	guarded_dollar_to_sacute	སྙོམས་ལས་ $/70/77$ las auch $?70༡77 las Trägheit,	guarded_dollar_scan	low	defer	artifact_or_numeric_noise	0	Dollar token lacks a clean alphabetic Tibetan-transliteration shape.
corrected_text_scan	wts_1_34	828	21	1	$7707775	ś7707775	guarded_dollar_to_sacute	སྙོམས་སེམས་ $7707775 $ 0?775.	guarded_dollar_scan	low	defer	artifact_or_numeric_noise	0	Dollar token lacks a clean alphabetic Tibetan-transliteration shape.
corrected_text_scan	wts_1_34	828	21	2	$	ś	guarded_dollar_to_sacute	སྙོམས་སེམས་ $7707775 $ 0?775.	guarded_dollar_scan	low	defer	artifact_or_numeric_noise	0	Dollar token lacks a clean alphabetic Tibetan-transliteration shape.
corrected_text_scan	wts_1_34	829	130	8	$	ś	guarded_dollar_to_sacute	Lex. ~ dgos = rjes su ’ded dgos sam $/77095	guarded_dollar_scan	low	defer	artifact_or_numeric_noise	0	Dollar token lacks a clean alphabetic Tibetan-transliteration shape.
corrected_text_scan	wts_1_34	830	56	1	7$	7ś	guarded_dollar_to_sacute	བྟསལ་ /7$/7/	guarded_dollar_scan	low	defer	artifact_or_numeric_noise	0	Dollar token lacks a clean alphabetic Tibetan-transliteration shape.
corrected_text_scan	wts_1_34	830	58	4	$7707775	ś7707775	guarded_dollar_to_sacute	བསྙམས་ bsüams pf. zu [$7707775 vereinheit-	guarded_dollar_scan	low	defer	artifact_or_numeric_noise	0	Dollar token lacks a clean alphabetic Tibetan-transliteration shape.
corrected_text_scan	wts_1_34	830	134	6	$	ś	guarded_dollar_to_sacute	བསྟིགས་ 53/7/95 pf. zu [$/7/9.	guarded_dollar_scan	low	defer	artifact_or_numeric_noise	0	Dollar token lacks a clean alphabetic Tibetan-transliteration shape.
corrected_text_scan	wts_1_34	830	215	3	9$	9ś	guarded_dollar_to_sacute	བསྟུགས་བསྲིངས་ £05/7//9$ bsrins Tsriugs bsrüns.	guarded_dollar_scan	low	defer	artifact_or_numeric_noise	0	Dollar token lacks a clean alphabetic Tibetan-transliteration shape.
corrected_text_scan	wts_1_34	831	111	4	$770	ś770	guarded_dollar_to_sacute	snas sogs la $770 ba’i bya ba (Dagy).	guarded_dollar_scan	low	defer	artifact_or_numeric_noise	0	Dollar token lacks a clean alphabetic Tibetan-transliteration shape.
corrected_text_scan	wts_1_34	831	113	2	$	ś	guarded_dollar_to_sacute	kn $ ÷; pr . ..	guarded_dollar_scan	low	defer	artifact_or_numeric_noise	0	Dollar token lacks a clean alphabetic Tibetan-transliteration shape.
corrected_text_scan	wts_1_34	833	19	7	$	ś	guarded_dollar_to_sacute	byas pa’i don ’das tshig „i. $, v. hochmütig	guarded_dollar_scan	low	defer	artifact_or_numeric_noise	0	Dollar token lacks a clean alphabetic Tibetan-transliteration shape.
corrected_text_scan	wts_1_34	833	64	2	$	ś	guarded_dollar_to_sacute	བྱངས £377©$ auch 9?70$, ses, pf. zu Isie an-	guarded_dollar_scan	low	defer	artifact_or_numeric_noise	0	Dollar token lacks a clean alphabetic Tibetan-transliteration shape.
corrected_text_scan	wts_1_34	833	64	5	70$	70ś	guarded_dollar_to_sacute	བྱངས £377©$ auch 9?70$, ses, pf. zu Isie an-	guarded_dollar_scan	low	defer	artifact_or_numeric_noise	0	Dollar token lacks a clean alphabetic Tibetan-transliteration shape.
corrected_text_scan	wts_1_34	833	82	11	$	ś	guarded_dollar_to_sacute	Lex. ~ pa 2 brduns pa’i don bya ba dan „1. $,	guarded_dollar_scan	low	defer	artifact_or_numeric_noise	0	Dollar token lacks a clean alphabetic Tibetan-transliteration shape.
corrected_text_scan	wts_1_34	837	42	13	$	ś	guarded_dollar_to_sacute	Schreibweise belassen; dies betrifft vor allem die Sigla In, ITJ, PT und $. Außerdem	guarded_dollar_scan	low	defer	artifact_or_numeric_noise	0	Dollar token lacks a clean alphabetic Tibetan-transliteration shape.
corrected_text_scan	wts_1_34	839	151	3	$z	śz	guarded_dollar_to_sacute	1990 (Kürzelzusatz $z). Exzp.: J. Panglung.	guarded_dollar_scan	low	defer	unsafe_neighbor_or_shape	0	The proposed ś would create an unsafe adjacent-sibilant or non-changing shape.
corrected_text_scan	wts_1_34	841	96	1	$	ś	guarded_dollar_to_sacute	$. Karmay.	guarded_dollar_scan	low	defer	artifact_or_numeric_noise	0	Dollar token lacks a clean alphabetic Tibetan-transliteration shape.
corrected_text_scan	wts_1_34	841	100	6	$	ś	guarded_dollar_to_sacute	SNELLGROVE 1967a (Kürzelzusatz Sn). Exzp.: $. Karmay.	guarded_dollar_scan	low	defer	artifact_or_numeric_noise	0	Dollar token lacks a clean alphabetic Tibetan-transliteration shape.
corrected_text_scan	wts_1_34	841	120	8	$	ś	guarded_dollar_to_sacute	Alttiberische Inschriften. Die Kürzel N, E, W $ bezeichnen die Hım-	guarded_dollar_scan	low	defer	artifact_or_numeric_noise	0	Dollar token lacks a clean alphabetic Tibetan-transliteration shape.
corrected_text_scan	wts_1_34	845	60	11	$	ś	guarded_dollar_to_sacute	SAKAKI 1965; wenn nur diese gemeint ist, wird der Kürzelzusatz $	guarded_dollar_scan	low	defer	artifact_or_numeric_noise	0	Dollar token lacks a clean alphabetic Tibetan-transliteration shape.
corrected_text_scan	wts_1_34	847	98	1	RoIN$	RoINś	guarded_dollar_to_sacute	RoIN$	sigla_registry_or_shape	policy	defer_to_sigla_policy	registered_or_possible_siglum	0	Dollar token has registered or likely siglum shape; handle in the sigla policy queue.
corrected_text_scan	wts_1_34	850	142	3	$	ś	guarded_dollar_to_sacute	17: 1-842] $¢; rab kyi pha rol tu phyin pa’i man nag gi bstan bcos mṅon	guarded_dollar_scan	low	defer	artifact_or_numeric_noise	0	Dollar token lacks a clean alphabetic Tibetan-transliteration shape.
corrected_text_scan	wts_1_34	856	13	3	$	ś	guarded_dollar_to_sacute	Kawamura, Leslie $./ScoTT, Keith 1977 (eds.): Buddhist thought and Asian civiliza-	guarded_dollar_scan	low	defer	artifact_or_numeric_noise	0	Dollar token lacks a clean alphabetic Tibetan-transliteration shape.
corrected_text_scan	wts_1_34	858	55	6	$	ś	guarded_dollar_to_sacute	Nanjto, Bunyiu 1956: The Lankävatära $/7/7%, Kyoto: Otani University Press (Biblio-	guarded_dollar_scan	low	defer	artifact_or_numeric_noise	0	Dollar token lacks a clean alphabetic Tibetan-transliteration shape.
corrected_text_scan	wts_1_34	859	112	3	$	ś	guarded_dollar_to_sacute	revod izdal $ vvedeniem i prime£anijami F. I. Söerbatskoj. Osnabrück: Biblio-Verl.	guarded_dollar_scan	low	defer	artifact_or_numeric_noise	0	Dollar token lacks a clean alphabetic Tibetan-transliteration shape.
corrected_text_scan	wts_1_34	862	11	11	$	ś	guarded_dollar_to_sacute	The Silk Road: Trade, travel, war and faith. Ed. by $. Whitfield. Chicago: Serindia	guarded_dollar_scan	low	defer	artifact_or_numeric_noise	0	Dollar token lacks a clean alphabetic Tibetan-transliteration shape.
corrected_text_scan	wts_1_34	871	201	7	$	ś	guarded_dollar_to_sacute	worfen hatten“ (MTH3/5/10 32); ~$ btan	guarded_dollar_scan	low	defer	artifact_or_numeric_noise	0	Dollar token lacks a clean alphabetic Tibetan-transliteration shape.
corrected_text_scan	wts_1_34	873	128	3	$	ś	guarded_dollar_to_sacute	dper na ~$ mar mthon na śi ma Si med par	guarded_dollar_scan	low	defer	artifact_or_numeric_noise	0	Dollar token lacks a clean alphabetic Tibetan-transliteration shape.
corrected_text_scan	wts_1_34	874	3	2	$	ś	guarded_dollar_to_sacute	ཏི་ཙ་ ti /$:7 auch /// tsa Amboß; vgl. 1// tsha.	guarded_dollar_scan	low	defer	artifact_or_numeric_noise	0	Dollar token lacks a clean alphabetic Tibetan-transliteration shape.
corrected_text_scan	wts_1_34	874	17	7	$	ś	guarded_dollar_to_sacute	& ti tsha ein Metall; vgl. chin. $% rieh	guarded_dollar_scan	low	defer	artifact_or_numeric_noise	0	Dollar token lacks a clean alphabetic Tibetan-transliteration shape.
corrected_text_scan	wts_1_34	875	116	5	$	ś	guarded_dollar_to_sacute	de’i geen po fan ~$ ... grog gi lha khan bzens	guarded_dollar_scan	low	defer	artifact_or_numeric_noise	0	Dollar token lacks a clean alphabetic Tibetan-transliteration shape.
corrected_text_scan	wts_1_34	876	111	3	$	ś	guarded_dollar_to_sacute	ཏལ་འབུ་ til ’bru $©653011114011160[101]) übertr.	guarded_dollar_scan	low	defer	artifact_or_numeric_noise	0	Dollar token lacks a clean alphabetic Tibetan-transliteration shape.
corrected_text_scan	wts_1_34	878	83	7	$46	ś46	guarded_dollar_to_sacute	und nahm sie ein“ (1:11 $46); mkhar nas	guarded_dollar_scan	low	defer	artifact_or_numeric_noise	0	Dollar token lacks a clean alphabetic Tibetan-transliteration shape.
corrected_text_scan	wts_1_34	878	97	1	$77	ś77	guarded_dollar_to_sacute	$77//7 myos =» ons nas ... smras pa „die Dienerin aber kam verwirrten Sinnes und sprach“	guarded_dollar_scan	low	defer	artifact_or_numeric_noise	0	Dollar token lacks a clean alphabetic Tibetan-transliteration shape.
corrected_text_scan	wts_1_34	878	200	4	$	ś	guarded_dollar_to_sacute	gsar rin sogs $/7 gsun „te por wird für fest	guarded_dollar_scan	low	defer	artifact_or_numeric_noise	0	Dollar token lacks a clean alphabetic Tibetan-transliteration shape.
corrected_text_scan	wts_1_34	881	155	2	$	ś	guarded_dollar_to_sacute	Lex. ~ /$/ trak (gYu 291,17).	guarded_dollar_scan	low	defer	artifact_or_numeric_noise	0	Dollar token lacks a clean alphabetic Tibetan-transliteration shape.
corrected_text_scan	wts_1_34	882	135	8	$	ś	guarded_dollar_to_sacute	142,15); ned blon chen 0?7/$ nas ... rtsa Ishigs	guarded_dollar_scan	low	defer	artifact_or_numeric_noise	0	Dollar token lacks a clean alphabetic Tibetan-transliteration shape.
corrected_text_scan	wts_1_34	882	149	7	$	ś	guarded_dollar_to_sacute	4. 111 chags All du = niedermetzeln, $#] med	guarded_dollar_scan	low	defer	artifact_or_numeric_noise	0	Dollar token lacks a clean alphabetic Tibetan-transliteration shape.
corrected_text_scan	wts_1_34	884	170	7	$	ś	guarded_dollar_to_sacute	Lex. thag chod pa’i don „1, $, v. entschieden“	guarded_dollar_scan	low	defer	artifact_or_numeric_noise	0	Dollar token lacks a clean alphabetic Tibetan-transliteration shape.
corrected_text_scan	wts_1_34	885	60	6	$	ś	guarded_dollar_to_sacute	Geiz gehindert zu werden, i. $, ¥ groß-	guarded_dollar_scan	low	defer	artifact_or_numeric_noise	0	Dollar token lacks a clean alphabetic Tibetan-transliteration shape.
corrected_text_scan	wts_1_34	885	100	2	$	ś	guarded_dollar_to_sacute	dge $/0/7 ma’i gtsug lag khan rnams kyi gtan	guarded_dollar_scan	low	defer	artifact_or_numeric_noise	0	Dollar token lacks a clean alphabetic Tibetan-transliteration shape.
corrected_text_scan	wts_1_34	886	43	6	$	ś	guarded_dollar_to_sacute	(Nel 1185); lo pan den ༡//($) bsgyur cin ~	guarded_dollar_scan	low	defer	artifact_or_numeric_noise	0	Dollar token lacks a clean alphabetic Tibetan-transliteration shape.
corrected_text_scan	wts_1_34	887	93	3	$	ś	guarded_dollar_to_sacute	mched 977/$ ... chos gtam bag re glen „die	guarded_dollar_scan	low	defer	artifact_or_numeric_noise	0	Dollar token lacks a clean alphabetic Tibetan-transliteration shape.
corrected_text_scan	wts_1_34	888	142	8	$	ś	guarded_dollar_to_sacute	nas lan tsho hams pa’i don „i. $, v. von klein	guarded_dollar_scan	low	defer	artifact_or_numeric_noise	0	Dollar token lacks a clean alphabetic Tibetan-transliteration shape.
corrected_text_scan	wts_1_34	888	196	1	$	ś	guarded_dollar_to_sacute	$// ug pa (brDa).	guarded_dollar_scan	low	defer	artifact_or_numeric_noise	0	Dollar token lacks a clean alphabetic Tibetan-transliteration shape.
corrected_text_scan	wts_1_34	889	51	2	$	ś	guarded_dollar_to_sacute	གཏ་་ gti $ prechen.	guarded_dollar_scan	low	defer	artifact_or_numeric_noise	0	Dollar token lacks a clean alphabetic Tibetan-transliteration shape.
corrected_text_scan	wts_1_34	890	5	3	$	ś	guarded_dollar_to_sacute	unendlich tief; ~$ bis zum Ende.	guarded_dollar_scan	low	defer	artifact_or_numeric_noise	0	Dollar token lacks a clean alphabetic Tibetan-transliteration shape.
corrected_text_scan	wts_1_34	890	12	7	$	ś	guarded_dollar_to_sacute	"Hölle“ (Glr 33,22); drros ""'dzin ~$ bskyed"	guarded_dollar_scan	low	defer	artifact_or_numeric_noise	0	Dollar token lacks a clean alphabetic Tibetan-transliteration shape.
corrected_text_scan	wts_1_34	891	24	5	$	ś	guarded_dollar_to_sacute	löscht werden; vgl. Lyons $/¢ =.	guarded_dollar_scan	low	defer	artifact_or_numeric_noise	0	Dollar token lacks a clean alphabetic Tibetan-transliteration shape.
corrected_text_scan	wts_1_34	891	118	7	$	ś	guarded_dollar_to_sacute	"gtun gyi nan du ""khar ba’i ~$ ... brduns la"	guarded_dollar_scan	low	defer	artifact_or_numeric_noise	0	Dollar token lacks a clean alphabetic Tibetan-transliteration shape.
corrected_text_scan	wts_1_34	892	234	4	$	ś	guarded_dollar_to_sacute	Lex. ~ ba = phyogs $// gtogs pa’ami byed po	guarded_dollar_scan	low	defer	artifact_or_numeric_noise	0	Dollar token lacks a clean alphabetic Tibetan-transliteration shape.
corrected_text_scan	wts_1_34	894	76	6	$	ś	guarded_dollar_to_sacute	> dan thugs mkhyen 0/7/$ sbrags kyi sgo nas	guarded_dollar_scan	low	defer	artifact_or_numeric_noise	0	Dollar token lacks a clean alphabetic Tibetan-transliteration shape.
corrected_text_scan	wts_1_34	894	122	11	$	ś	guarded_dollar_to_sacute	5,5); bgegs kyis bar du gcod pa nams la ~$	guarded_dollar_scan	low	defer	artifact_or_numeric_noise	0	Dollar token lacks a clean alphabetic Tibetan-transliteration shape.
corrected_text_scan	wts_1_34	894	201	10	$	ś	guarded_dollar_to_sacute	W70); myan tsen cun dan ... mu gsen 9?7/$ ni	guarded_dollar_scan	low	defer	artifact_or_numeric_noise	0	Dollar token lacks a clean alphabetic Tibetan-transliteration shape.
corrected_text_scan	wts_1_34	894	217	5	$	ś	guarded_dollar_to_sacute	son gi skye gnas $// = pa’) srog chags mams	guarded_dollar_scan	low	defer	artifact_or_numeric_noise	0	Dollar token lacks a clean alphabetic Tibetan-transliteration shape.
corrected_text_scan	wts_1_34	898	71	1	$	ś	guarded_dollar_to_sacute	$. v. zerstreuen, verbunden mit einem	guarded_dollar_scan	low	defer	artifact_or_numeric_noise	0	Dollar token lacks a clean alphabetic Tibetan-transliteration shape.
corrected_text_scan	wts_1_34	901	125	1	$z	śz	guarded_dollar_to_sacute	$z 35,2); gon du Zu ba ~ „sie sandten eine	guarded_dollar_scan	low	defer	unsafe_neighbor_or_shape	0	The proposed ś would create an unsafe adjacent-sibilant or non-changing shape.
corrected_text_scan	wts_1_34	901	175	1	$	ś	guarded_dollar_to_sacute	¿¢$ tshig (Dagy).	guarded_dollar_scan	low	defer	artifact_or_numeric_noise	0	Dollar token lacks a clean alphabetic Tibetan-transliteration shape.
corrected_text_scan	wts_1_34	904	18	3	$	ś	guarded_dollar_to_sacute	“1 1 ༼༣ ས་འ ” $ ླྨ	guarded_dollar_scan	low	defer	artifact_or_numeric_noise	0	Dollar token lacks a clean alphabetic Tibetan-transliteration shape.
corrected_text_scan	wts_1_34	904	100	10	$	ś	guarded_dollar_to_sacute	2072, Abt. dbaṅ po fl Su rtsa 0/7/$ kyi miṅ);	guarded_dollar_scan	low	defer	artifact_or_numeric_noise	0	Dollar token lacks a clean alphabetic Tibetan-transliteration shape.
corrected_text_scan	wts_1_34	905	158	5	9$0	9ś0	guarded_dollar_to_sacute	Belehrungen“ (VaiNth 229,5); 9$0/ ba rtse	guarded_dollar_scan	low	defer	artifact_or_numeric_noise	0	Dollar token lacks a clean alphabetic Tibetan-transliteration shape.
corrected_text_scan	wts_1_34	906	99	8	$	ś	guarded_dollar_to_sacute	bai ro tsa nar gab rtse /7/$ brtsegs btins (metr.)	guarded_dollar_scan	low	defer	artifact_or_numeric_noise	0	Dollar token lacks a clean alphabetic Tibetan-transliteration shape.
corrected_text_scan	wts_1_34	908	178	2	$	ś	guarded_dollar_to_sacute	(brDa); $/)// sogs ’thog pa’i bya ba (Dagy).	guarded_dollar_scan	low	defer	artifact_or_numeric_noise	0	Dollar token lacks a clean alphabetic Tibetan-transliteration shape.
corrected_text_scan	wts_1_34	909	37	5	$	ś	guarded_dollar_to_sacute	don 'das pa „i. $, ¥, herausholen, Perfekt“	guarded_dollar_scan	low	defer	artifact_or_numeric_noise	0	Dollar token lacks a clean alphabetic Tibetan-transliteration shape.
corrected_text_scan	wts_1_34	912	163	12	5$	5ś	guarded_dollar_to_sacute	mdzad „Smrti wirkte in rIa-nag als Schafhirte“ (Bu-śz 90,5); ~ phyogs 5$// ... thub	guarded_dollar_scan	low	defer	artifact_or_numeric_noise	0	Dollar token lacks a clean alphabetic Tibetan-transliteration shape.
corrected_text_scan	wts_1_34	913	43	3	$	ś	guarded_dollar_to_sacute	127,6); = $/¿ sba’o „sie sind in der Pferdekrippe zu verstecken“ (MigTo 224,16).	guarded_dollar_scan	low	defer	artifact_or_numeric_noise	0	Dollar token lacks a clean alphabetic Tibetan-transliteration shape.
corrected_text_scan	wts_1_34	914	45	4	$47	ś47	guarded_dollar_to_sacute	Seide dar“ (Inl $47); nus pa las / bcom ldan	guarded_dollar_scan	low	defer	artifact_or_numeric_noise	0	Dollar token lacks a clean alphabetic Tibetan-transliteration shape.
corrected_text_scan	wts_1_34	914	118	2	$0	ś0	guarded_dollar_to_sacute	རྟ་ཤོད་དཔང་མཐོ་རྒྱལ་རི་ rta $0¢ dpaṅ mtho reyal	guarded_dollar_scan	low	defer	artifact_or_numeric_noise	0	Dollar token lacks a clean alphabetic Tibetan-transliteration shape.
corrected_text_scan	wts_1_34	915	5	1	$0	ś0	guarded_dollar_to_sacute	$0 „es lebten [dort] immer Bodhisattvas“	guarded_dollar_scan	low	defer	artifact_or_numeric_noise	0	Dollar token lacks a clean alphabetic Tibetan-transliteration shape.
corrected_text_scan	wts_1_34	915	213	2	$	ś	guarded_dollar_to_sacute	mi ~$ lcag btab kyin „die Vergänglichkeit	guarded_dollar_scan	low	defer	artifact_or_numeric_noise	0	Dollar token lacks a clean alphabetic Tibetan-transliteration shape.
corrected_text_scan	wts_1_34	916	154	3	$	ś	guarded_dollar_to_sacute	རྟག་ལོངས་ rtag /0??$ Kurzf. für rtag pa’i yul gyi	guarded_dollar_scan	low	defer	artifact_or_numeric_noise	0	Dollar token lacks a clean alphabetic Tibetan-transliteration shape.
corrected_text_scan	wts_1_34	917	37	7	$	ś	guarded_dollar_to_sacute	115,10); yid sprul bkra 4/$ rdzas ~ rin chen	guarded_dollar_scan	low	defer	artifact_or_numeric_noise	0	Dollar token lacks a clean alphabetic Tibetan-transliteration shape.
corrected_text_scan	wts_1_34	917	163	2	09$	09ś	guarded_dollar_to_sacute	རྟགས་ཐོགས་པ་ rtags //?09$ pa Insignienträger.	guarded_dollar_scan	low	defer	artifact_or_numeric_noise	0	Dollar token lacks a clean alphabetic Tibetan-transliteration shape.
corrected_text_scan	wts_1_34	918	198	4	$	ś	guarded_dollar_to_sacute	mkbhar sil 07// ~$ breyab pas „er schlug mit	guarded_dollar_scan	low	defer	artifact_or_numeric_noise	0	Dollar token lacks a clean alphabetic Tibetan-transliteration shape.
corrected_text_scan	wts_1_34	920	13	3	$77	ś77	guarded_dollar_to_sacute	Lex. ~ ni $77/) stobs che ba „großer Mut“	guarded_dollar_scan	low	defer	artifact_or_numeric_noise	0	Dollar token lacks a clean alphabetic Tibetan-transliteration shape.
corrected_text_scan	wts_1_34	920	114	9	$	ś	guarded_dollar_to_sacute	(Ppu 15d); ’gro dan ’on ba’i ~ tsam du / ///$	guarded_dollar_scan	low	defer	artifact_or_numeric_noise	0	Dollar token lacks a clean alphabetic Tibetan-transliteration shape.
corrected_text_scan	wts_1_34	921	146	2	$5	ś5	guarded_dollar_to_sacute	རྟེན་སྙིང་ rten $5/7//7 Irten ’brel süin po.	guarded_dollar_scan	low	defer	artifact_or_numeric_noise	0	Dollar token lacks a clean alphabetic Tibetan-transliteration shape.
corrected_text_scan	wts_1_34	921	173	3	7$	7ś	guarded_dollar_to_sacute	རྟེན་གནས་ rten 077/7$.	guarded_dollar_scan	low	defer	artifact_or_numeric_noise	0	Dollar token lacks a clean alphabetic Tibetan-transliteration shape.
corrected_text_scan	wts_1_34	923	62	3	$26	ś26	guarded_dollar_to_sacute	rung“ (Ini $26); skye ba med dan skye ba	guarded_dollar_scan	low	defer	artifact_or_numeric_noise	0	Dollar token lacks a clean alphabetic Tibetan-transliteration shape.
corrected_text_scan	wts_1_34	924	106	8	$	ś	guarded_dollar_to_sacute	2); gaṅ Zig legs par = pa yis ... ©$ rab ... skye	guarded_dollar_scan	low	defer	artifact_or_numeric_noise	0	Dollar token lacks a clean alphabetic Tibetan-transliteration shape.
corrected_text_scan	wts_1_34	925	180	3	7095$	7095ś	guarded_dollar_to_sacute	རྟོགས་ཀྱེད་ rtogs byed †)7095$.	guarded_dollar_scan	low	defer	artifact_or_numeric_noise	0	Dollar token lacks a clean alphabetic Tibetan-transliteration shape.
corrected_text_scan	wts_1_34	926	18	1	$	ś	guarded_dollar_to_sacute	$// 'bran ba „rton pa: wollen oder anstreben“	guarded_dollar_scan	low	defer	artifact_or_numeric_noise	0	Dollar token lacks a clean alphabetic Tibetan-transliteration shape.
corrected_text_scan	wts_1_34	926	33	5	$	ś	guarded_dollar_to_sacute	oder Rückhalte, vgl. BHSD $.	guarded_dollar_scan	low	defer	artifact_or_numeric_noise	0	Dollar token lacks a clean alphabetic Tibetan-transliteration shape.
corrected_text_scan	wts_1_34	926	211	3	$	ś	guarded_dollar_to_sacute	sgeg{s?} ~$ „mit dem verführerischen Blick	guarded_dollar_scan	low	defer	artifact_or_numeric_noise	0	Dollar token lacks a clean alphabetic Tibetan-transliteration shape.
corrected_text_scan	wts_1_34	928	211	6	$	ś	guarded_dollar_to_sacute	Lex. drstikasäyah (Mvy 2337, Abt. $:7/95 ma	guarded_dollar_scan	low	defer	artifact_or_numeric_noise	0	Dollar token lacks a clean alphabetic Tibetan-transliteration shape.
corrected_text_scan	wts_1_34	928	234	5	37$	37ś	guarded_dollar_to_sacute	ལྟ་བས་མེ་ངམས་ lta bas mi ༡?0༡37$ sehr schön.	guarded_dollar_scan	low	defer	artifact_or_numeric_noise	0	Dollar token lacks a clean alphabetic Tibetan-transliteration shape.
corrected_text_scan	wts_1_34	929	45	4	$	ś	guarded_dollar_to_sacute	dan / burn ba ~$ gan gyi srog 'phrog pa „2. B.	guarded_dollar_scan	low	defer	artifact_or_numeric_noise	0	Dollar token lacks a clean alphabetic Tibetan-transliteration shape.
corrected_text_scan	wts_1_34	931	186	1	$	ś	guarded_dollar_to_sacute	$?7/7) = gces na yan „obwohl mir [diese	guarded_dollar_scan	low	defer	artifact_or_numeric_noise	0	Dollar token lacks a clean alphabetic Tibetan-transliteration shape.
corrected_text_scan	wts_1_34	934	182	8	$	ś	guarded_dollar_to_sacute	(Vdk 2: 393,3); ~'¡ diyil du bu ༡//{$} srog	guarded_dollar_scan	low	defer	artifact_or_numeric_noise	0	Dollar token lacks a clean alphabetic Tibetan-transliteration shape.
corrected_text_scan	wts_1_34	935	90	3	$	ś	guarded_dollar_to_sacute	na 52b2); ~ $/¢ gśegs nas „er war nach Urubilvä gegangen“ (Prav 80,1).	guarded_dollar_scan	low	defer	artifact_or_numeric_noise	0	Dollar token lacks a clean alphabetic Tibetan-transliteration shape.
corrected_text_scan	wts_1_34	936	42	3	$	ś	guarded_dollar_to_sacute	sbyon: i. $, v. leiden, indem man keinen	guarded_dollar_scan	low	defer	artifact_or_numeric_noise	0	Dollar token lacks a clean alphabetic Tibetan-transliteration shape.
corrected_text_scan	wts_1_34	941	110	8	$	ś	guarded_dollar_to_sacute	Zabs gras = rigs sogs rgya dpuṅ 0/($) mdun nas	guarded_dollar_scan	low	defer	artifact_or_numeric_noise	0	Dollar token lacks a clean alphabetic Tibetan-transliteration shape.
corrected_text_scan	wts_1_34	941	226	7	$	ś	guarded_dollar_to_sacute	(Prav 10,13); tsan dan de / ~$ bcad pa „der	guarded_dollar_scan	low	defer	artifact_or_numeric_noise	0	Dollar token lacks a clean alphabetic Tibetan-transliteration shape.
corrected_text_scan	wts_1_34	941	229	3	$	ś	guarded_dollar_to_sacute	nad kyi ~$ btab „in den Stamm ist die Axt	guarded_dollar_scan	low	defer	artifact_or_numeric_noise	0	Dollar token lacks a clean alphabetic Tibetan-transliteration shape.
corrected_text_scan	wts_1_34	942	3	7	$	ś	guarded_dollar_to_sacute	Äxten der bdud“ (gZer 568,1); ~$ bead cin	guarded_dollar_scan	low	defer	artifact_or_numeric_noise	0	Dollar token lacks a clean alphabetic Tibetan-transliteration shape.
corrected_text_scan	wts_1_34	942	9	6	$	ś	guarded_dollar_to_sacute	dan don ’dra „wie 1, $, v. Axt“ (Dagy); star	guarded_dollar_scan	low	defer	artifact_or_numeric_noise	0	Dollar token lacks a clean alphabetic Tibetan-transliteration shape.
corrected_text_scan	wts_1_34	942	10	2	$	ś	guarded_dollar_to_sacute	'tshab = ~$ btsab pa’am ’tshab rgyu „mit dem	guarded_dollar_scan	low	defer	artifact_or_numeric_noise	0	Dollar token lacks a clean alphabetic Tibetan-transliteration shape.
corrected_text_scan	wts_1_34	942	67	2	$	ś	guarded_dollar_to_sacute	mams $// = dan / Ice spyanh la sogs pas gar	guarded_dollar_scan	low	defer	artifact_or_numeric_noise	0	Dollar token lacks a clean alphabetic Tibetan-transliteration shape.
corrected_text_scan	wts_1_34	942	151	1	$7	ś7	guarded_dollar_to_sacute	སྟག་ག་ར་ $7:60 0/ ?7 \V'stag ri.	guarded_dollar_scan	low	defer	artifact_or_numeric_noise	0	Dollar token lacks a clean alphabetic Tibetan-transliteration shape.
corrected_text_scan	wts_1_34	942	197	6	$	ś	guarded_dollar_to_sacute	sgo’am ji me khams pa’ ~$ „das bla sin	guarded_dollar_scan	low	defer	artifact_or_numeric_noise	0	Dollar token lacks a clean alphabetic Tibetan-transliteration shape.
corrected_text_scan	wts_1_34	944	100	5	$	ś	guarded_dollar_to_sacute	khyod = la ... sras ye £©$ $/7//? po ... khruns	guarded_dollar_scan	low	defer	artifact_or_numeric_noise	0	Dollar token lacks a clean alphabetic Tibetan-transliteration shape.
corrected_text_scan	wts_1_34	944	100	6	$	ś	guarded_dollar_to_sacute	khyod = la ... sras ye £©$ $/7//? po ... khruns	guarded_dollar_scan	low	defer	artifact_or_numeric_noise	0	Dollar token lacks a clean alphabetic Tibetan-transliteration shape.
corrected_text_scan	wts_1_34	944	185	3	$	ś	guarded_dollar_to_sacute	སྟངས་ཐིལ་ stans 2// །$/7) 2//,	guarded_dollar_scan	low	defer	artifact_or_numeric_noise	0	Dollar token lacks a clean alphabetic Tibetan-transliteration shape.
corrected_text_scan	wts_1_34	945	148	3	7$	7ś	guarded_dollar_to_sacute	སྟབས་འབྲས་ stabs '£/7%7$ Formel, um den Inhalt	guarded_dollar_scan	low	defer	artifact_or_numeric_noise	0	Dollar token lacks a clean alphabetic Tibetan-transliteration shape.
corrected_text_scan	wts_1_34	946	59	1	$7	ś7	guarded_dollar_to_sacute	རྟས $7//777	guarded_dollar_scan	low	defer	artifact_or_numeric_noise	0	Dollar token lacks a clean alphabetic Tibetan-transliteration shape.
corrected_text_scan	wts_1_34	946	146	5	$	ś	guarded_dollar_to_sacute	18946); tho rans gnid ~$ non to „er wurde	guarded_dollar_scan	low	defer	artifact_or_numeric_noise	0	Dollar token lacks a clean alphabetic Tibetan-transliteration shape.
corrected_text_scan	wts_1_34	948	184	3	$	ś	guarded_dollar_to_sacute	9/7/$ ni ~ gäls ni thur du ’gro (metr.) „zwei	guarded_dollar_scan	low	defer	artifact_or_numeric_noise	0	Dollar token lacks a clean alphabetic Tibetan-transliteration shape.
corrected_text_scan	wts_1_34	949	109	3	$	ś	guarded_dollar_to_sacute	སྟེངས་ 'stens 1] $/(0/?.	guarded_dollar_scan	low	defer	artifact_or_numeric_noise	0	Dollar token lacks a clean alphabetic Tibetan-transliteration shape.
corrected_text_scan	wts_1_34	949	179	1	$70	ś70	guarded_dollar_to_sacute	སྟེའུ་ཀ་མ་ $70// ka ma	guarded_dollar_scan	low	defer	artifact_or_numeric_noise	0	Dollar token lacks a clean alphabetic Tibetan-transliteration shape.
corrected_text_scan	wts_1_34	949	193	4	$70	ś70	guarded_dollar_to_sacute	སྟེམས་ stems pf. zu [$70)//,	guarded_dollar_scan	low	defer	artifact_or_numeric_noise	0	Dollar token lacks a clean alphabetic Tibetan-transliteration shape.
corrected_text_scan	wts_1_34	949	221	4	$7	ś7	guarded_dollar_to_sacute	sin bzo ba ... $7/7/ (r. ~) thogs pa breya rtsa	guarded_dollar_scan	low	defer	artifact_or_numeric_noise	0	Dollar token lacks a clean alphabetic Tibetan-transliteration shape.
corrected_text_scan	wts_1_34	949	232	1	$70	ś70	guarded_dollar_to_sacute	སྟེའུ་ཀ་ཉ་ $70// ka ña eine Waffe, Pfeil bzw.	guarded_dollar_scan	low	defer	artifact_or_numeric_noise	0	Dollar token lacks a clean alphabetic Tibetan-transliteration shape.
corrected_text_scan	wts_1_34	950	13	1	$	ś	guarded_dollar_to_sacute	སྟེའུ་ཁ་མ་ $/67// kha ma \ste’u ka ma.	guarded_dollar_scan	low	defer	artifact_or_numeric_noise	0	Dollar token lacks a clean alphabetic Tibetan-transliteration shape.
corrected_text_scan	wts_1_34	950	122	5	$	ś	guarded_dollar_to_sacute	sta res bcad cin ~$ bog (metr.) „die Axt	guarded_dollar_scan	low	defer	artifact_or_numeric_noise	0	Dollar token lacks a clean alphabetic Tibetan-transliteration shape.
corrected_text_scan	wts_1_34	952	181	2	$77005	ś77005	guarded_dollar_to_sacute	སྟོང་སྟེགས་ stoṅ $77005 für nichts und wieder	guarded_dollar_scan	low	defer	artifact_or_numeric_noise	0	Dollar token lacks a clean alphabetic Tibetan-transliteration shape.
corrected_text_scan	wts_1_34	952	211	3	$	ś	guarded_dollar_to_sacute	bla nas ~$ btsig phar „er wird wieder von	guarded_dollar_scan	low	defer	artifact_or_numeric_noise	0	Dollar token lacks a clean alphabetic Tibetan-transliteration shape.
corrected_text_scan	wts_1_34	953	6	3	$750	ś750	guarded_dollar_to_sacute	der Tausendschaften“ ($750 254); ~ so	guarded_dollar_scan	low	defer	artifact_or_numeric_noise	0	Dollar token lacks a clean alphabetic Tibetan-transliteration shape.
corrected_text_scan	wts_1_34	953	20	1	$70	ś70	guarded_dollar_to_sacute	སྟོང་པོ་ $70/7 po T'ston.	guarded_dollar_scan	low	defer	artifact_or_numeric_noise	0	Dollar token lacks a clean alphabetic Tibetan-transliteration shape.
corrected_text_scan	wts_1_34	953	26	1	$5077	ś5077	guarded_dollar_to_sacute	སྟོང་དཔོཿ དྲ་ག་ཝལཱ་་ $5077 dpon dgra lha eine zorn-	guarded_dollar_scan	low	defer	artifact_or_numeric_noise	0	Dollar token lacks a clean alphabetic Tibetan-transliteration shape.
corrected_text_scan	wts_1_34	954	1	3	7$	7ś	guarded_dollar_to_sacute	སྟོངས་ 2;/0/7$	guarded_dollar_scan	low	defer	artifact_or_numeric_noise	0	Dollar token lacks a clean alphabetic Tibetan-transliteration shape.
corrected_text_scan	wts_1_34	955	34	8	$7	ś7	guarded_dollar_to_sacute	smug risi lta bu źig „ähnlich wie $7/7//9 rtsi“	guarded_dollar_scan	low	defer	artifact_or_numeric_noise	0	Dollar token lacks a clean alphabetic Tibetan-transliteration shape.
corrected_text_scan	wts_1_34	955	106	7	$77	ś77	guarded_dollar_to_sacute	nor bu mi la sor dus / $77//7 rlun = byun	guarded_dollar_scan	low	defer	artifact_or_numeric_noise	0	Dollar token lacks a clean alphabetic Tibetan-transliteration shape.
corrected_text_scan	wts_1_34	955	209	1	$	ś	guarded_dollar_to_sacute	£$ ༤	guarded_dollar_scan	low	defer	artifact_or_numeric_noise	0	Dollar token lacks a clean alphabetic Tibetan-transliteration shape.
corrected_text_scan	wts_1_34	956	58	6	$77	ś77	guarded_dollar_to_sacute	127b3); ni ma ... na yi $77/77 la mya han 'gyur	guarded_dollar_scan	low	defer	artifact_or_numeric_noise	0	Dollar token lacks a clean alphabetic Tibetan-transliteration shape.
corrected_text_scan	wts_1_34	957	35	2	$	ś	guarded_dollar_to_sacute	mo ~$ bsnags pa „die große Hörerin, die	guarded_dollar_scan	low	defer	artifact_or_numeric_noise	0	Dollar token lacks a clean alphabetic Tibetan-transliteration shape.
corrected_text_scan	wts_1_34	957	37	3	$	ś	guarded_dollar_to_sacute	12,32); ~$ ses rab rab tu mchod / rjed par	guarded_dollar_scan	low	defer	artifact_or_numeric_noise	0	Dollar token lacks a clean alphabetic Tibetan-transliteration shape.
corrected_text_scan	wts_1_34	957	51	5	$	ś	guarded_dollar_to_sacute	Buddha“ (Debm 27b9); rgya’i ~$ rari gi mgo	guarded_dollar_scan	low	defer	artifact_or_numeric_noise	0	Dollar token lacks a clean alphabetic Tibetan-transliteration shape.
corrected_text_scan	wts_1_34	957	141	3	1$70	1ś70	guarded_dollar_to_sacute	སྟོན་འབྲིང་ ston ’briṅ 1$70/7 zla '/7777 po.	guarded_dollar_scan	low	defer	artifact_or_numeric_noise	0	Dollar token lacks a clean alphabetic Tibetan-transliteration shape.
corrected_text_scan	wts_1_34	959	200	5	$	ś	guarded_dollar_to_sacute	dban po Ina dan / ~$ ni ma dad pa dan / le	guarded_dollar_scan	low	defer	artifact_or_numeric_noise	0	Dollar token lacks a clean alphabetic Tibetan-transliteration shape.
corrected_text_scan	wts_1_34	961	211	4	$07775	ś07775	guarded_dollar_to_sacute	(Suv 164,16); $07775 kyaṅ = Zin dran pa med	guarded_dollar_scan	low	defer	artifact_or_numeric_noise	0	Dollar token lacks a clean alphabetic Tibetan-transliteration shape.
corrected_text_scan	wts_1_34	961	233	5	$	ś	guarded_dollar_to_sacute	brlag pa’i don „i. $, v. verloren“ (Dagy).	guarded_dollar_scan	low	defer	artifact_or_numeric_noise	0	Dollar token lacks a clean alphabetic Tibetan-transliteration shape.
corrected_text_scan	wts_1_34	962	31	2	9$0	9ś0	guarded_dollar_to_sacute	ba 9$0 dgos pa’am skyon dgos lta bu „wie:	guarded_dollar_scan	low	defer	artifact_or_numeric_noise	0	Dollar token lacks a clean alphabetic Tibetan-transliteration shape.
corrected_text_scan	wts_1_34	963	84	3	$77777	ś77777	guarded_dollar_to_sacute	བརྟགས་པར་སྨྲ་བ་ brtags par $77777 ba eine buddh.	guarded_dollar_scan	low	defer	artifact_or_numeric_noise	0	Dollar token lacks a clean alphabetic Tibetan-transliteration shape.
corrected_text_scan	wts_1_34	964	22	10	$	ś	guarded_dollar_to_sacute	Lex. mi g.yo ba’am mi ’gyur ba’i don „i. $, ¥,	guarded_dollar_scan	low	defer	artifact_or_numeric_noise	0	Dollar token lacks a clean alphabetic Tibetan-transliteration shape.
corrected_text_scan	wts_1_34	967	54	7	$	ś	guarded_dollar_to_sacute	daran sattschen können“ (Ppu 54b); =r ©$	guarded_dollar_scan	low	defer	artifact_or_numeric_noise	0	Dollar token lacks a clean alphabetic Tibetan-transliteration shape.
corrected_text_scan	wts_1_34	968	178	4	$	ś	guarded_dollar_to_sacute	can gyi phyogs $// Zal - te „mit dem Gesicht	guarded_dollar_scan	low	defer	artifact_or_numeric_noise	0	Dollar token lacks a clean alphabetic Tibetan-transliteration shape.
corrected_text_scan	wts_1_34	969	71	4	$70	ś70	guarded_dollar_to_sacute	བསྟང་ bstan fur. zu [འ$70/15 helfen.	guarded_dollar_scan	low	defer	artifact_or_numeric_noise	0	Dollar token lacks a clean alphabetic Tibetan-transliteration shape.
corrected_text_scan	wts_1_34	971	40	8	$	ś	guarded_dollar_to_sacute	nen hatte“ (Prav 86,12); dam chos ~$ ’bras	guarded_dollar_scan	low	defer	artifact_or_numeric_noise	0	Dollar token lacks a clean alphabetic Tibetan-transliteration shape.
corrected_text_scan	wts_1_34	975	74	6	$	ś	guarded_dollar_to_sacute	Dienst zu verpflichten“ (Nel 935); $¢ !ha	guarded_dollar_scan	low	defer	artifact_or_numeric_noise	0	Dollar token lacks a clean alphabetic Tibetan-transliteration shape.
corrected_text_scan	wts_1_34	976	23	4	$570	ś570	guarded_dollar_to_sacute	བསྟབ་ bstab fut. zu ༈$570/ geben, spenden.	guarded_dollar_scan	low	defer	artifact_or_numeric_noise	0	Dollar token lacks a clean alphabetic Tibetan-transliteration shape.
corrected_text_scan	wts_1_34	976	174	2	$	ś	guarded_dollar_to_sacute	Lex. ///$ kyis bkur sti dan gus pas mchod cin	guarded_dollar_scan	low	defer	artifact_or_numeric_noise	0	Dollar token lacks a clean alphabetic Tibetan-transliteration shape.
corrected_text_scan	wts_1_34	976	184	7	$	ś	guarded_dollar_to_sacute	gus ’dud (Dagy); bsti stans ni ///$ kyi gus	guarded_dollar_scan	low	defer	artifact_or_numeric_noise	0	Dollar token lacks a clean alphabetic Tibetan-transliteration shape.
corrected_text_scan	wts_1_34	976	186	5	$7	ś7	guarded_dollar_to_sacute	Körpers“ (KlonD 738,1); $7/ stani & bsti gnas	guarded_dollar_scan	low	defer	artifact_or_numeric_noise	0	Dollar token lacks a clean alphabetic Tibetan-transliteration shape.
corrected_text_scan	wts_1_34	977	83	4	$7	ś7	guarded_dollar_to_sacute	བསྟུང་ bstun fur. zu [$7//7) vermindern, redu-	guarded_dollar_scan	low	defer	artifact_or_numeric_noise	0	Dollar token lacks a clean alphabetic Tibetan-transliteration shape.
corrected_text_scan	wts_1_34	977	158	1	$0	ś0	guarded_dollar_to_sacute	$0?/ las ka dan = pa’i rgyngs len cin „es sollten Prüfungen in Übereinstimmung mit	guarded_dollar_scan	low	defer	artifact_or_numeric_noise	0	Dollar token lacks a clean alphabetic Tibetan-transliteration shape.
corrected_text_scan	wts_1_34	978	25	1	$	ś	guarded_dollar_to_sacute	£/$ rag ~ na (metr.) „wenn man sich durch	guarded_dollar_scan	low	defer	artifact_or_numeric_noise	0	Dollar token lacks a clean alphabetic Tibetan-transliteration shape.
corrected_text_scan	wts_1_34	978	174	2	$	ś	guarded_dollar_to_sacute	བསྟེར་ bster [$/07	guarded_dollar_scan	low	defer	artifact_or_numeric_noise	0	Dollar token lacks a clean alphabetic Tibetan-transliteration shape.
corrected_text_scan	wts_1_34	980	16	9	$	ś	guarded_dollar_to_sacute	skre lhor rts(w)a rin = 9/7/$ re sprad rjes „solange dazu nun an sKre-Iho als Weideent-	guarded_dollar_scan	low	defer	artifact_or_numeric_noise	0	Dollar token lacks a clean alphabetic Tibetan-transliteration shape.
corrected_text_scan	wts_1_34	981	88	4	$	ś	guarded_dollar_to_sacute	ses dan kun ©$ pa daṅ btags pa daṅ - mi	guarded_dollar_scan	low	defer	artifact_or_numeric_noise	0	Dollar token lacks a clean alphabetic Tibetan-transliteration shape.
corrected_text_scan	wts_1_34	981	163	3	$	ś	guarded_dollar_to_sacute	"བྲ"" སྙད་སྒྲུབ་ ey tha $?7:7/7 sgrub pa npr. ein Werk"	guarded_dollar_scan	low	defer	artifact_or_numeric_noise	0	Dollar token lacks a clean alphabetic Tibetan-transliteration shape.
corrected_text_scan	wts_1_34	981	181	2	$	ś	guarded_dollar_to_sacute	ཐ་སྙད་གཅིག་པ་ tha $/7:77 9079 pa eine buddh.	guarded_dollar_scan	low	defer	artifact_or_numeric_noise	0	Dollar token lacks a clean alphabetic Tibetan-transliteration shape.
corrected_text_scan	wts_1_34	981	200	2	$777	ś777	guarded_dollar_to_sacute	ཐ་སྙད་ཅམ་ tha $777/7 tsam konventionell.	guarded_dollar_scan	low	defer	artifact_or_numeric_noise	0	Dollar token lacks a clean alphabetic Tibetan-transliteration shape.
corrected_text_scan	wts_1_34	982	127	6	$	ś	guarded_dollar_to_sacute	> gcig /// 2/7? 0/7/$ su med pa „einzig oder	guarded_dollar_scan	low	defer	artifact_or_numeric_noise	0	Dollar token lacks a clean alphabetic Tibetan-transliteration shape.
corrected_text_scan	wts_1_34	982	211	1	$7	ś7	guarded_dollar_to_sacute	$7)7// 7 ༨ la / sgos su (g)śol mi bcog (r. gcog)	guarded_dollar_scan	low	defer	artifact_or_numeric_noise	0	Dollar token lacks a clean alphabetic Tibetan-transliteration shape.
corrected_text_scan	wts_1_34	984	46	8	$	ś	guarded_dollar_to_sacute	pa ci don Zes pa’i don „i. $, ¥ zu	guarded_dollar_scan	low	defer	artifact_or_numeric_noise	0	Dollar token lacks a clean alphabetic Tibetan-transliteration shape.
corrected_text_scan	wts_1_34	986	19	9	$	ś	guarded_dollar_to_sacute	sems can gan dag ... 'khor ba’i Zags pa’i ~$	guarded_dollar_scan	low	defer	artifact_or_numeric_noise	0	Dollar token lacks a clean alphabetic Tibetan-transliteration shape.
corrected_text_scan	wts_1_34	986	29	1	1$0	1ś0	guarded_dollar_to_sacute	1$0“ (Bea 5.30); g.yu ~ la breyus pa mduṅ	guarded_dollar_scan	low	defer	artifact_or_numeric_noise	0	Dollar token lacks a clean alphabetic Tibetan-transliteration shape.
corrected_text_scan	wts_1_34	986	41	10	$	ś	guarded_dollar_to_sacute	(sBa 88,4); khor yug kun du lcags kyi ~$	guarded_dollar_scan	low	defer	artifact_or_numeric_noise	0	Dollar token lacks a clean alphabetic Tibetan-transliteration shape.
corrected_text_scan	wts_1_34	986	93	6	$	ś	guarded_dollar_to_sacute	བག་ར།་ 'thag pa in bsam pa ~$ mit festem	guarded_dollar_scan	low	defer	artifact_or_numeric_noise	0	Dollar token lacks a clean alphabetic Tibetan-transliteration shape.
corrected_text_scan	wts_1_34	986	98	3	$	ś	guarded_dollar_to_sacute	bsam pa ~$ sgrub par mṅon par brtson byed	guarded_dollar_scan	low	defer	artifact_or_numeric_noise	0	Dollar token lacks a clean alphabetic Tibetan-transliteration shape.
corrected_text_scan	wts_1_34	986	159	7	$	ś	guarded_dollar_to_sacute	(Mil 38,2); bram ze ... rnams $%)ˆ phyogs ~	guarded_dollar_scan	low	defer	artifact_or_numeric_noise	0	Dollar token lacks a clean alphabetic Tibetan-transliteration shape.
corrected_text_scan	wts_1_34	987	107	11	$	ś	guarded_dollar_to_sacute	seyes bu chen po’i mtshan sum cu rtsa 0/7/$	guarded_dollar_scan	low	defer	artifact_or_numeric_noise	0	Dollar token lacks a clean alphabetic Tibetan-transliteration shape.
corrected_text_scan	wts_1_34	988	175	11	$	ś	guarded_dollar_to_sacute	༦9༩ De 2༩7 band 7༦ de khram / 9/7/$ bgyis te_	guarded_dollar_scan	low	defer	artifact_or_numeric_noise	0	Dollar token lacks a clean alphabetic Tibetan-transliteration shape.
corrected_text_scan	wts_1_34	989	72	10	$	ś	guarded_dollar_to_sacute	(Nägn 123,17); 1san dan la b{r}dar ~$ dkar	guarded_dollar_scan	low	defer	artifact_or_numeric_noise	0	Dollar token lacks a clean alphabetic Tibetan-transliteration shape.
corrected_text_scan	wts_1_34	991	56	3	$	ś	guarded_dollar_to_sacute	then „1, $, v. direkt, geradewegs“ (brDa);	guarded_dollar_scan	low	defer	artifact_or_numeric_noise	0	Dollar token lacks a clean alphabetic Tibetan-transliteration shape.
corrected_text_scan	wts_1_34	992	202	4	$	ś	guarded_dollar_to_sacute	gis di yons $// dgani bar bya „womit soll man	guarded_dollar_scan	low	defer	artifact_or_numeric_noise	0	Dollar token lacks a clean alphabetic Tibetan-transliteration shape.
corrected_text_scan	wts_1_34	993	85	2	$	ś	guarded_dollar_to_sacute	rku = $// gnas pa ma yin nam „bist du auch	guarded_dollar_scan	low	defer	artifact_or_numeric_noise	0	Dollar token lacks a clean alphabetic Tibetan-transliteration shape.
corrected_text_scan	wts_1_34	993	135	9	$	ś	guarded_dollar_to_sacute	gäis yin te / ~ daṅ thugs rje 0/7/$ su’o (metr.)	guarded_dollar_scan	low	defer	artifact_or_numeric_noise	0	Dollar token lacks a clean alphabetic Tibetan-transliteration shape.
corrected_text_scan	wts_1_34	994	16	3	$29	ś29	guarded_dollar_to_sacute	erfahren“ (1111 $29); mtsbon cha’i thabs la	guarded_dollar_scan	low	defer	artifact_or_numeric_noise	0	Dollar token lacks a clean alphabetic Tibetan-transliteration shape.
corrected_text_scan	wts_1_34	995	107	5	$	ś	guarded_dollar_to_sacute	(Wadd135h 6); rta 977/$ rin rgya tam (byrgya	guarded_dollar_scan	low	defer	artifact_or_numeric_noise	0	Dollar token lacks a clean alphabetic Tibetan-transliteration shape.
corrected_text_scan	wts_1_34	995	167	5	$	ś	guarded_dollar_to_sacute	geworfen“ (brDa); thabs (r. -) $// beug pa =	guarded_dollar_scan	low	defer	artifact_or_numeric_noise	0	Dollar token lacks a clean alphabetic Tibetan-transliteration shape.
corrected_text_scan	wts_1_34	998	158	11	$	ś	guarded_dollar_to_sacute	ཐར་གྱིས་ཞག་པ་ thar gyis Zag pa glatt, unge- ji bäin pa la “$ spyad (metr.) „Thar-pa	guarded_dollar_scan	low	defer	artifact_or_numeric_noise	0	Dollar token lacks a clean alphabetic Tibetan-transliteration shape.
corrected_text_scan	wts_1_34	1000	146	3	$	ś	guarded_dollar_to_sacute	(Rgs 30.5b); ~$ bkaṅ ste rja (r. rdza) gzoṅ	guarded_dollar_scan	low	defer	artifact_or_numeric_noise	0	Dollar token lacks a clean alphabetic Tibetan-transliteration shape.
corrected_text_scan	wts_1_34	1000	154	1	$	ś	guarded_dollar_to_sacute	~$ lus la byugs pa fd (metr.) „mein Körper	guarded_dollar_scan	low	defer	artifact_or_numeric_noise	0	Dollar token lacks a clean alphabetic Tibetan-transliteration shape.
corrected_text_scan	wts_1_34	1001	96	7	$7	ś7	guarded_dollar_to_sacute	dha!““ (Tär 13,3); Zes brjod /(/)$7/ mo brdab	guarded_dollar_scan	low	defer	artifact_or_numeric_noise	0	Dollar token lacks a clean alphabetic Tibetan-transliteration shape.
corrected_text_scan	wts_1_34	1002	199	3	$	ś	guarded_dollar_to_sacute	rgya chen ~$ rnami khens (metr.) „voll von	guarded_dollar_scan	low	defer	artifact_or_numeric_noise	0	Dollar token lacks a clean alphabetic Tibetan-transliteration shape.
corrected_text_scan	wts_1_34	1003	126	2	$	ś	guarded_dollar_to_sacute	༡/7 ༼ ~$ srog ni ’dzin byed kyan (metr.)	guarded_dollar_scan	low	defer	artifact_or_numeric_noise	0	Dollar token lacks a clean alphabetic Tibetan-transliteration shape.
corrected_text_scan	wts_1_34	1003	157	4	$	ś	guarded_dollar_to_sacute	brisegs pa de ~$£ brduns „der edle	guarded_dollar_scan	low	defer	artifact_or_numeric_noise	0	Dollar token lacks a clean alphabetic Tibetan-transliteration shape.
corrected_text_scan	wts_1_34	1004	84	6	3$	3ś	guarded_dollar_to_sacute	བྲིབས་སེ་ཕྲིབ་ thibs se [0/7 1////3$ thibs 2,	guarded_dollar_scan	low	defer	artifact_or_numeric_noise	0	Dollar token lacks a clean alphabetic Tibetan-transliteration shape.
corrected_text_scan	wts_1_34	1004	211	8	$	ś	guarded_dollar_to_sacute	schüttelte“ (sBa 56,16); khon 9)1/$ kyi ~` /	guarded_dollar_scan	low	defer	artifact_or_numeric_noise	0	Dollar token lacks a clean alphabetic Tibetan-transliteration shape.
corrected_text_scan	wts_1_34	1006	7	9	$	ś	guarded_dollar_to_sacute	gen“ (brDa); - pa 2 ’phrad pa’i don „i. $, ¥.	guarded_dollar_scan	low	defer	artifact_or_numeric_noise	0	Dollar token lacks a clean alphabetic Tibetan-transliteration shape.
corrected_text_scan	wts_1_34	1006	35	3	$	ś	guarded_dollar_to_sacute	4.32d); gein $? ’chi la = pa’an ’tsho bar 'gyur	guarded_dollar_scan	low	defer	artifact_or_numeric_noise	0	Dollar token lacks a clean alphabetic Tibetan-transliteration shape.
corrected_text_scan	wts_1_34	1007	128	9	$	ś	guarded_dollar_to_sacute	dan gon du diros grub kyi dbaṅ rtags $// bZaos	guarded_dollar_scan	low	defer	artifact_or_numeric_noise	0	Dollar token lacks a clean alphabetic Tibetan-transliteration shape.
corrected_text_scan	wts_1_34	1009	72	10	$	ś	guarded_dollar_to_sacute	stelle des Yi-dam“ (Gr 155,10); dan po 97/$	guarded_dollar_scan	low	defer	artifact_or_numeric_noise	0	Dollar token lacks a clean alphabetic Tibetan-transliteration shape.
corrected_text_scan	wts_1_34	1011	96	6	$	ś	guarded_dollar_to_sacute	ion mons dag / dgrol slad ... ~$ bsdams	guarded_dollar_scan	low	defer	artifact_or_numeric_noise	0	Dollar token lacks a clean alphabetic Tibetan-transliteration shape.
corrected_text_scan	wts_1_34	1011	99	4	$	ś	guarded_dollar_to_sacute	aufzulösen“ (Ppu 58d); ~$ brlan spyan	guarded_dollar_scan	low	defer	artifact_or_numeric_noise	0	Dollar token lacks a clean alphabetic Tibetan-transliteration shape.
corrected_text_scan	wts_1_34	1011	130	6	$	ś	guarded_dollar_to_sacute	kommener Macht“ (Tär 190,14); ~$ ma Itar	guarded_dollar_scan	low	defer	artifact_or_numeric_noise	0	Dollar token lacks a clean alphabetic Tibetan-transliteration shape.
corrected_text_scan	wts_1_34	1011	138	6	$	ś	guarded_dollar_to_sacute	"""Drug pa yab sras kyi ~$ tshan ma bde bar"	guarded_dollar_scan	low	defer	artifact_or_numeric_noise	0	Dollar token lacks a clean alphabetic Tibetan-transliteration shape.
corrected_text_scan	wts_1_34	1011	142	5	$	ś	guarded_dollar_to_sacute	mam ’dren chen po’i ~$ „aufgrund der	guarded_dollar_scan	low	defer	artifact_or_numeric_noise	0	Dollar token lacks a clean alphabetic Tibetan-transliteration shape.
corrected_text_scan	wts_1_34	1011	152	4	$	ś	guarded_dollar_to_sacute	11); ston pa’i ~$ ’bri bkol ma mdzad do	guarded_dollar_scan	low	defer	artifact_or_numeric_noise	0	Dollar token lacks a clean alphabetic Tibetan-transliteration shape.
corrected_text_scan	wts_1_34	1011	162	1	$	ś	guarded_dollar_to_sacute	$//0 (metr.) „es gibt zweierlei: Methode	guarded_dollar_scan	low	defer	artifact_or_numeric_noise	0	Dollar token lacks a clean alphabetic Tibetan-transliteration shape.
corrected_text_scan	wts_1_34	1011	164	6	$	ś	guarded_dollar_to_sacute	68,30); sems can thams (¢¢ ~$ gso ba’i yab	guarded_dollar_scan	low	defer	artifact_or_numeric_noise	0	Dollar token lacks a clean alphabetic Tibetan-transliteration shape.
corrected_text_scan	wts_1_34	1011	182	1	$	ś	guarded_dollar_to_sacute	~$ 777 / bka’ drin gyis dgab pa la „dank	guarded_dollar_scan	low	defer	artifact_or_numeric_noise	0	Dollar token lacks a clean alphabetic Tibetan-transliteration shape.
corrected_text_scan	wts_1_34	1011	191	3	$	ś	guarded_dollar_to_sacute	47,24); ~$ bdag la bskyab tu gsol (metr.)	guarded_dollar_scan	low	defer	artifact_or_numeric_noise	0	Dollar token lacks a clean alphabetic Tibetan-transliteration shape.
corrected_text_scan	wts_1_34	1012	14	5	$	ś	guarded_dollar_to_sacute	3,13); ’phags mchog ~$ $/7//7 rje’i thugs kyis	guarded_dollar_scan	low	defer	artifact_or_numeric_noise	0	Dollar token lacks a clean alphabetic Tibetan-transliteration shape.
corrected_text_scan	wts_1_34	1012	14	6	$	ś	guarded_dollar_to_sacute	3,13); ’phags mchog ~$ $/7//7 rje’i thugs kyis	guarded_dollar_scan	low	defer	artifact_or_numeric_noise	0	Dollar token lacks a clean alphabetic Tibetan-transliteration shape.
corrected_text_scan	wts_1_34	1012	44	3	7$	7ś	guarded_dollar_to_sacute	ཐུགས་ཉམས་སུ་བཞེས་པ་ thugs 77༡?7$ su bes pa	guarded_dollar_scan	low	defer	artifact_or_numeric_noise	0	Dollar token lacks a clean alphabetic Tibetan-transliteration shape.
corrected_text_scan	wts_1_34	1012	61	3	$	ś	guarded_dollar_to_sacute	nos la’an ~$ ... Zu spro „weil auch sie mir	guarded_dollar_scan	low	defer	artifact_or_numeric_noise	0	Dollar token lacks a clean alphabetic Tibetan-transliteration shape.
corrected_text_scan	wts_1_34	1012	89	2	$77	ś77	guarded_dollar_to_sacute	ཐུགས་སྙུང་ thugs $77//7? verärgert.	guarded_dollar_scan	low	defer	artifact_or_numeric_noise	0	Dollar token lacks a clean alphabetic Tibetan-transliteration shape.
corrected_text_scan	wts_1_34	1013	12	3	$	ś	guarded_dollar_to_sacute	- kyi yan $/7/77 du biens nas „er errichtete als	guarded_dollar_scan	low	defer	artifact_or_numeric_noise	0	Dollar token lacks a clean alphabetic Tibetan-transliteration shape.
corrected_text_scan	wts_1_34	1013	136	7	$	ś	guarded_dollar_to_sacute	404); btsan po dral gyi Za $/?% nas ~ Zin bZugs	guarded_dollar_scan	low	defer	artifact_or_numeric_noise	0	Dollar token lacks a clean alphabetic Tibetan-transliteration shape.
corrected_text_scan	wts_1_34	1019	27	2	$77095	ś77095	guarded_dollar_to_sacute	du $77095 ma = „dies konnte nicht unmittelbar erreicht werden“ (KTh 1: 275,1); phyi	guarded_dollar_scan	low	defer	artifact_or_numeric_noise	0	Dollar token lacks a clean alphabetic Tibetan-transliteration shape.
corrected_text_scan	wts_1_34	1021	151	9	$	ś	guarded_dollar_to_sacute	rkan pa güls kyi rtin par lcags kyi ~$ bsreg go	guarded_dollar_scan	low	defer	artifact_or_numeric_noise	0	Dollar token lacks a clean alphabetic Tibetan-transliteration shape.
corrected_text_scan	wts_1_34	1021	157	9	$	ś	guarded_dollar_to_sacute	min can ni skyes bu yin Zes dan ~$ gZal Zes	guarded_dollar_scan	low	defer	artifact_or_numeric_noise	0	Dollar token lacks a clean alphabetic Tibetan-transliteration shape.
corrected_text_scan	wts_1_34	1021	173	7	$	ś	guarded_dollar_to_sacute	salakä (Mvy 9039); khyim rim gyis ~$ 'drim	guarded_dollar_scan	low	defer	artifact_or_numeric_noise	0	Dollar token lacks a clean alphabetic Tibetan-transliteration shape.
corrected_text_scan	wts_1_34	1022	198	7	$77	ś77	guarded_dollar_to_sacute	skar khun gi kha la bya $77// ༡༨ nas „nachdem	guarded_dollar_scan	low	defer	artifact_or_numeric_noise	0	Dollar token lacks a clean alphabetic Tibetan-transliteration shape.
corrected_text_scan	wts_1_34	1023	36	1	$	ś	guarded_dollar_to_sacute	~$ khos nus zer ba la „der [Vogel] the ba	guarded_dollar_scan	low	defer	artifact_or_numeric_noise	0	Dollar token lacks a clean alphabetic Tibetan-transliteration shape.
corrected_text_scan	wts_1_34	1023	150	7	$	ś	guarded_dollar_to_sacute	zweifelt“ (Mvy 362); ~ yid 9)7/$ / mtha’ 9/7/$	guarded_dollar_scan	low	defer	artifact_or_numeric_noise	0	Dollar token lacks a clean alphabetic Tibetan-transliteration shape.
corrected_text_scan	wts_1_34	1023	150	11	$	ś	guarded_dollar_to_sacute	zweifelt“ (Mvy 362); ~ yid 9)7/$ / mtha’ 9/7/$	guarded_dollar_scan	low	defer	artifact_or_numeric_noise	0	Dollar token lacks a clean alphabetic Tibetan-transliteration shape.
corrected_text_scan	wts_1_34	1025	138	5	$	ś	guarded_dollar_to_sacute	TSEPAK RIGZIN 2003: 124f. $. ¥ theg pa	guarded_dollar_scan	low	defer	artifact_or_numeric_noise	0	Dollar token lacks a clean alphabetic Tibetan-transliteration shape.
corrected_text_scan	wts_1_34	1027	143	4	$	ś	guarded_dollar_to_sacute	khyod rna tsho ~$ char (r. byar?) le ¢ red	guarded_dollar_scan	low	defer	artifact_or_numeric_noise	0	Dollar token lacks a clean alphabetic Tibetan-transliteration shape.
corrected_text_scan	wts_1_34	1028	138	4	$	ś	guarded_dollar_to_sacute	SCHUH 2012: 1407 $. v. ’ther ’bum.	guarded_dollar_scan	low	defer	artifact_or_numeric_noise	0	Dollar token lacks a clean alphabetic Tibetan-transliteration shape.
corrected_text_scan	wts_1_34	1030	215	5	$	ś	guarded_dollar_to_sacute	Bar :tho le in ~$ ’debs die untere Hälfte des	guarded_dollar_scan	low	defer	artifact_or_numeric_noise	0	Dollar token lacks a clean alphabetic Tibetan-transliteration shape.
corrected_text_scan	wts_1_34	1030	218	4	$	ś	guarded_dollar_to_sacute	7077 pa la ~$ (v. |. tho las) gdab ces bya’o	guarded_dollar_scan	low	defer	artifact_or_numeric_noise	0	Dollar token lacks a clean alphabetic Tibetan-transliteration shape.
corrected_text_scan	wts_1_34	1031	4	6	$	ś	guarded_dollar_to_sacute	139,9); phyir log nas ... ~$ btab „nachdem er	guarded_dollar_scan	low	defer	artifact_or_numeric_noise	0	Dollar token lacks a clean alphabetic Tibetan-transliteration shape.
corrected_text_scan	wts_1_34	1031	151	9	$	ś	guarded_dollar_to_sacute	sitz ..“ (MTH3/5/31 19); lugs 9/7/$ thugs	guarded_dollar_scan	low	defer	artifact_or_numeric_noise	0	Dollar token lacks a clean alphabetic Tibetan-transliteration shape.
corrected_text_scan	wts_1_34	1032	32	8	$	ś	guarded_dollar_to_sacute	(MTH3/5/20 9); rdzon = re 977/$ nas sgrub	guarded_dollar_scan	low	defer	artifact_or_numeric_noise	0	Dollar token lacks a clean alphabetic Tibetan-transliteration shape.
corrected_text_scan	wts_1_34	1034	148	6	111b4$	111b4ś	guarded_dollar_to_sacute	de Abgabe überreichen“ (K3 ca 111b4$).	guarded_dollar_scan	low	defer	artifact_or_numeric_noise	0	Dollar token lacks a clean alphabetic Tibetan-transliteration shape.
corrected_text_scan	wts_1_34	1034	163	2	09$	09ś	guarded_dollar_to_sacute	ཐོགས་ 7//09$	guarded_dollar_scan	low	defer	artifact_or_numeric_noise	0	Dollar token lacks a clean alphabetic Tibetan-transliteration shape.
corrected_text_scan	wts_1_34	1036	22	4	$	ś	guarded_dollar_to_sacute	"ཐོགས་པའི་འད་ཞེས་ thogs pa’ ""du €$ Wahr-"	guarded_dollar_scan	low	defer	artifact_or_numeric_noise	0	Dollar token lacks a clean alphabetic Tibetan-transliteration shape.
corrected_text_scan	wts_1_34	1037	33	4	$	ś	guarded_dollar_to_sacute	141; (zw.) Selbstmordversuch; ~$ bkum	guarded_dollar_scan	low	defer	artifact_or_numeric_noise	0	Dollar token lacks a clean alphabetic Tibetan-transliteration shape.
corrected_text_scan	wts_1_34	1037	53	5	$	ś	guarded_dollar_to_sacute	› - khri bzan bye ’da’ ~$ bkum ste sa giard p phar	guarded_dollar_scan	low	defer	artifact_or_numeric_noise	0	Dollar token lacks a clean alphabetic Tibetan-transliteration shape.
corrected_text_scan	wts_1_34	1038	61	3	$	ś	guarded_dollar_to_sacute	~ rgyud man $// süan dan (metr.) „Schädeltrommel, die Laute und das sil säan“ (8371	guarded_dollar_scan	low	defer	artifact_or_numeric_noise	0	Dollar token lacks a clean alphabetic Tibetan-transliteration shape.
corrected_text_scan	wts_1_34	1038	110	3	$	ś	guarded_dollar_to_sacute	tsbe son ~$ gar brkos (r. bskos) yin „wo das	guarded_dollar_scan	low	defer	artifact_or_numeric_noise	0	Dollar token lacks a clean alphabetic Tibetan-transliteration shape.
corrected_text_scan	wts_1_34	1039	112	9	$	ś	guarded_dollar_to_sacute	11622); rta drel rnams gcig śul 9:7/$ Sor gyis ~	guarded_dollar_scan	low	defer	artifact_or_numeric_noise	0	Dollar token lacks a clean alphabetic Tibetan-transliteration shape.
corrected_text_scan	wts_1_34	1047	33	5	$	ś	guarded_dollar_to_sacute	rgod ma na 977/$ pa (Dagy).	guarded_dollar_scan	low	defer	artifact_or_numeric_noise	0	Dollar token lacks a clean alphabetic Tibetan-transliteration shape.
corrected_text_scan	wts_1_34	1048	151	3	$	ś	guarded_dollar_to_sacute	ཐོས་པའི་སྙིང་པོ་ thos pa’i $/7//? po.	guarded_dollar_scan	low	defer	artifact_or_numeric_noise	0	Dollar token lacks a clean alphabetic Tibetan-transliteration shape.
corrected_text_scan	wts_1_34	1053	188	2	$	ś	guarded_dollar_to_sacute	85 $. v. catuskotikam).	guarded_dollar_scan	low	defer	artifact_or_numeric_noise	0	Dollar token lacks a clean alphabetic Tibetan-transliteration shape.
corrected_text_scan	wts_1_34	1056	40	10	$	ś	guarded_dollar_to_sacute	bkrag daṅ ldan pa chos kyi dbyins kyi ye ©$	guarded_dollar_scan	low	defer	artifact_or_numeric_noise	0	Dollar token lacks a clean alphabetic Tibetan-transliteration shape.
corrected_text_scan	wts_1_34	1056	201	3	$53	ś53	guarded_dollar_to_sacute	Chinas“ (1111 $53); bal yul = nas yon pa’i	guarded_dollar_scan	low	defer	artifact_or_numeric_noise	0	Dollar token lacks a clean alphabetic Tibetan-transliteration shape.
corrected_text_scan	wts_1_34	1056	206	7	$	ś	guarded_dollar_to_sacute	lichen Lehrers“ (Mil 114,6); mchod ¿$ kyi ~	guarded_dollar_scan	low	defer	artifact_or_numeric_noise	0	Dollar token lacks a clean alphabetic Tibetan-transliteration shape.
corrected_text_scan	wts_1_34	1057	92	2	$	ś	guarded_dollar_to_sacute	de’i ~$ sel bar byed do „seine Wirkung	guarded_dollar_scan	low	defer	artifact_or_numeric_noise	0	Dollar token lacks a clean alphabetic Tibetan-transliteration shape.
corrected_text_scan	wts_1_34	1057	128	9	$	ś	guarded_dollar_to_sacute	(Glu 45c); smon lam rnam par dag pa’i ~$	guarded_dollar_scan	low	defer	artifact_or_numeric_noise	0	Dollar token lacks a clean alphabetic Tibetan-transliteration shape.
corrected_text_scan	wts_1_34	1057	153	3	$	ś	guarded_dollar_to_sacute	Magie anwenden; ~$ ’dal mit Magie be-	guarded_dollar_scan	low	defer	artifact_or_numeric_noise	0	Dollar token lacks a clean alphabetic Tibetan-transliteration shape.
corrected_text_scan	wts_1_34	1057	158	5	$	ś	guarded_dollar_to_sacute	ausgeübt“ (Nel 1045); khyed ... ~$ dgra btul	guarded_dollar_scan	low	defer	artifact_or_numeric_noise	0	Dollar token lacks a clean alphabetic Tibetan-transliteration shape.
corrected_text_scan	wts_1_34	1057	159	12	$	ś	guarded_dollar_to_sacute	„du hast mit der Magie die Feinde bezwungen“ (Mil 113,25); ~$ sdigs (v. 1. sdig) mo	guarded_dollar_scan	low	defer	artifact_or_numeric_noise	0	Dollar token lacks a clean alphabetic Tibetan-transliteration shape.
corrected_text_scan	wts_1_34	1057	173	6	$	ś	guarded_dollar_to_sacute	zieren“ (MilGb 410,17); de’ ~$ ... mitsban	guarded_dollar_scan	low	defer	artifact_or_numeric_noise	0	Dollar token lacks a clean alphabetic Tibetan-transliteration shape.
corrected_text_scan	wts_1_34	1057	189	2	$	ś	guarded_dollar_to_sacute	3, ~$ mit Hilfe von, mit, kraft; + las wegen.	guarded_dollar_scan	low	defer	artifact_or_numeric_noise	0	Dollar token lacks a clean alphabetic Tibetan-transliteration shape.
corrected_text_scan	wts_1_34	1057	190	8	$	ś	guarded_dollar_to_sacute	mas khye’u de ñe du’i ~ dan lag ~$ bsiod cin	guarded_dollar_scan	low	defer	artifact_or_numeric_noise	0	Dollar token lacks a clean alphabetic Tibetan-transliteration shape.
corrected_text_scan	wts_1_34	1057	194	7	$	ś	guarded_dollar_to_sacute	10); bsod nams cher beyis pa’ ~$ „kraft der	guarded_dollar_scan	low	defer	artifact_or_numeric_noise	0	Dollar token lacks a clean alphabetic Tibetan-transliteration shape.
corrected_text_scan	wts_1_34	1057	196	6	$	ś	guarded_dollar_to_sacute	shon gyi smon lam gyi ~$ / raṅ gi mgo tshal	guarded_dollar_scan	low	defer	artifact_or_numeric_noise	0	Dollar token lacks a clean alphabetic Tibetan-transliteration shape.
corrected_text_scan	wts_1_34	1057	199	4	$	ś	guarded_dollar_to_sacute	34,11); lag ~$ glags mi red pa byas „wir	guarded_dollar_scan	low	defer	artifact_or_numeric_noise	0	Dollar token lacks a clean alphabetic Tibetan-transliteration shape.
corrected_text_scan	wts_1_34	1057	202	6	$	ś	guarded_dollar_to_sacute	öffnen]“ (Mil 41,21); lag ~$ gsod ci thub gyis	guarded_dollar_scan	low	defer	artifact_or_numeric_noise	0	Dollar token lacks a clean alphabetic Tibetan-transliteration shape.
corrected_text_scan	wts_1_34	1057	207	6	$	ś	guarded_dollar_to_sacute	14,13); rig snags kyi ~$ sku tshe la dban thob	guarded_dollar_scan	low	defer	artifact_or_numeric_noise	0	Dollar token lacks a clean alphabetic Tibetan-transliteration shape.
corrected_text_scan	wts_1_34	1060	41	7	$	ś	guarded_dollar_to_sacute	nehmen“ (Debm Ib4); de 9/7/$ ma = nas	guarded_dollar_scan	low	defer	artifact_or_numeric_noise	0	Dollar token lacks a clean alphabetic Tibetan-transliteration shape.
corrected_text_scan	wts_1_34	1060	59	5	$	ś	guarded_dollar_to_sacute	lcam srin 9/7/$ ni Sin tu ~ par „indem die	guarded_dollar_scan	low	defer	artifact_or_numeric_noise	0	Dollar token lacks a clean alphabetic Tibetan-transliteration shape.
corrected_text_scan	wts_1_34	1061	92	1	$	ś	guarded_dollar_to_sacute	~$ ... sbrel thag bcad la „der mthun gsum lo	guarded_dollar_scan	low	defer	artifact_or_numeric_noise	0	Dollar token lacks a clean alphabetic Tibetan-transliteration shape.
corrected_text_scan	wts_1_34	1061	151	6	$	ś	guarded_dollar_to_sacute	(ViśT 100,15); ~ 9:7/$ müam du byas nas	guarded_dollar_scan	low	defer	artifact_or_numeric_noise	0	Dollar token lacks a clean alphabetic Tibetan-transliteration shape.
corrected_text_scan	wts_1_34	1062	34	4	$	ś	guarded_dollar_to_sacute	pa 8/7/$ dag gi / = dag gi tshigs inams (metr.)	guarded_dollar_scan	low	defer	artifact_or_numeric_noise	0	Dollar token lacks a clean alphabetic Tibetan-transliteration shape.
corrected_text_scan	wts_1_34	1063	141	10	$	ś	guarded_dollar_to_sacute	pa’i don ’das pa daṅ da lta ba „1, $, v. geschadet, Perfekt und Präsens (?)“ (Dagy).	guarded_dollar_scan	low	defer	artifact_or_numeric_noise	0	Dollar token lacks a clean alphabetic Tibetan-transliteration shape.
corrected_text_scan	wts_1_34	1066	99	5	$	ś	guarded_dollar_to_sacute	yul mi rnams kyi ~$ „durch das geringe	guarded_dollar_scan	low	defer	artifact_or_numeric_noise	0	Dollar token lacks a clean alphabetic Tibetan-transliteration shape.
corrected_text_scan	wts_1_34	1066	101	9	$	ś	guarded_dollar_to_sacute	38,11); so so’ yul mi rnams kyi ~$ bstan pa	guarded_dollar_scan	low	defer	artifact_or_numeric_noise	0	Dollar token lacks a clean alphabetic Tibetan-transliteration shape.
corrected_text_scan	wts_1_34	1068	173	4	0$	0ś	guarded_dollar_to_sacute	ba = = bsags der //0$ sig (brDa).	guarded_dollar_scan	low	defer	artifact_or_numeric_noise	0	Dollar token lacks a clean alphabetic Tibetan-transliteration shape.
corrected_text_scan	wts_1_34	1069	167	6	9$	9ś	guarded_dollar_to_sacute	357,1); rgol ba’i 7/9$ ra bsams sin ~ pa’i grab	guarded_dollar_scan	low	defer	artifact_or_numeric_noise	0	Dollar token lacks a clean alphabetic Tibetan-transliteration shape.
corrected_text_scan	wts_1_34	1070	105	3	$60	ś60	guarded_dollar_to_sacute	Chinesen“ (Ini $60); ~ myed pa ni gces par	guarded_dollar_scan	low	defer	artifact_or_numeric_noise	0	Dollar token lacks a clean alphabetic Tibetan-transliteration shape.
corrected_text_scan	wts_1_34	1070	211	1	$	ś	guarded_dollar_to_sacute	$ ?7// dan / reya rje’i bu gan du / = ste „Sanu stritt sich mit den anderen Söhnen des	guarded_dollar_scan	low	defer	artifact_or_numeric_noise	0	Dollar token lacks a clean alphabetic Tibetan-transliteration shape.
corrected_text_scan	wts_1_34	1074	54	3	$	ś	guarded_dollar_to_sacute	rückholen; logs $// ~ sich absondern.	guarded_dollar_scan	low	defer	artifact_or_numeric_noise	0	Dollar token lacks a clean alphabetic Tibetan-transliteration shape.
corrected_text_scan	wts_1_34	1074	142	9	$	ś	guarded_dollar_to_sacute	then brtsod med par rtsis spr[old /:[0]$	guarded_dollar_scan	low	defer	artifact_or_numeric_noise	0	Dollar token lacks a clean alphabetic Tibetan-transliteration shape.
corrected_text_scan	wts_1_34	1081	13	11	$	ś	guarded_dollar_to_sacute	be], die drei“ (ScpRol 37,15); — dan sa 9?7/$	guarded_dollar_scan	low	defer	artifact_or_numeric_noise	0	Dollar token lacks a clean alphabetic Tibetan-transliteration shape.
corrected_text_scan	wts_1_34	1082	92	2	$	ś	guarded_dollar_to_sacute	ད་སྔ་ da $¢ früher.	guarded_dollar_scan	low	defer	artifact_or_numeric_noise	0	Dollar token lacks a clean alphabetic Tibetan-transliteration shape.
corrected_text_scan	wts_1_34	1095	10	5	9$	9ś	guarded_dollar_to_sacute	(Suv 173,6); 7/9$ byed dan ni dus mtshan — /	guarded_dollar_scan	low	defer	artifact_or_numeric_noise	0	Dollar token lacks a clean alphabetic Tibetan-transliteration shape.
corrected_text_scan	wts_1_34	1095	33	7	$	ś	guarded_dollar_to_sacute	(Nel 632); 'dzam gliṅ gsum 97/$ — gi rgyal po	guarded_dollar_scan	low	defer	artifact_or_numeric_noise	0	Dollar token lacks a clean alphabetic Tibetan-transliteration shape.
corrected_text_scan	wts_1_34	1095	36	8	$	ś	guarded_dollar_to_sacute	tshos — tu ni / gnas ni güis 977/$ — tu rtsub (7.	guarded_dollar_scan	low	defer	artifact_or_numeric_noise	0	Dollar token lacks a clean alphabetic Tibetan-transliteration shape.
corrected_text_scan	wts_1_34	1102	81	5	$	ś	guarded_dollar_to_sacute	nas khral de — 977/$ / grog mai gser khral de	guarded_dollar_scan	low	defer	artifact_or_numeric_noise	0	Dollar token lacks a clean alphabetic Tibetan-transliteration shape.
corrected_text_scan	wts_1_34	1106	75	4	$	ś	guarded_dollar_to_sacute	’das pa „1. $, ¥, freiwillig etwas beginnen, Perfekt“ (Dagy).	guarded_dollar_scan	low	defer	artifact_or_numeric_noise	0	Dollar token lacks a clean alphabetic Tibetan-transliteration shape.
corrected_text_scan	wts_1_34	1107	30	2	P$	PŚ	guarded_dollar_to_sacute	Freude‘“ (P$ Kolophon); byan chub mchog	sigla_registry_or_shape	policy	defer_to_sigla_policy	registered_or_possible_siglum	0	Dollar token has registered or likely siglum shape; handle in the sigla policy queue.
corrected_text_scan	wts_1_34	1108	101	2	$	ś	guarded_dollar_to_sacute	Lex. //¿$ tha dad la ’du ses gcig pa dag dper	guarded_dollar_scan	low	defer	artifact_or_numeric_noise	0	Dollar token lacks a clean alphabetic Tibetan-transliteration shape.
corrected_text_scan	wts_1_34	1109	17	1	$	ś	guarded_dollar_to_sacute	$, ¥, Pürvacarama,.	guarded_dollar_scan	low	defer	artifact_or_numeric_noise	0	Dollar token lacks a clean alphabetic Tibetan-transliteration shape.
corrected_text_scan	wts_1_34	1114	6	2	$	ś	guarded_dollar_to_sacute	la / ~$ (metr.) „im Vertrauen auf Lokesvara“ (Mvup 3.41b); bdaggis thub la ¬$ (metr.)	guarded_dollar_scan	low	defer	artifact_or_numeric_noise	0	Dollar token lacks a clean alphabetic Tibetan-transliteration shape.
corrected_text_scan	wts_1_34	1114	6	13	$	ś	guarded_dollar_to_sacute	la / ~$ (metr.) „im Vertrauen auf Lokesvara“ (Mvup 3.41b); bdaggis thub la ¬$ (metr.)	guarded_dollar_scan	low	defer	artifact_or_numeric_noise	0	Dollar token lacks a clean alphabetic Tibetan-transliteration shape.
corrected_text_scan	wts_1_34	1115	53	1	$	ś	guarded_dollar_to_sacute	$, v. sraddhendriya), gehört zu den !dban po	guarded_dollar_scan	low	defer	artifact_or_numeric_noise	0	Dollar token lacks a clean alphabetic Tibetan-transliteration shape.
corrected_text_scan	wts_1_34	1116	32	11	$	ś	guarded_dollar_to_sacute	la’an „dan wie: in kha dan byas pa, auch 1, $, v.	guarded_dollar_scan	low	defer	artifact_or_numeric_noise	0	Dollar token lacks a clean alphabetic Tibetan-transliteration shape.
corrected_text_scan	wts_1_34	1118	34	4	$	ś	guarded_dollar_to_sacute	mams ... la cha’i ~$ mnan nas „die Objekte	guarded_dollar_scan	low	defer	artifact_or_numeric_noise	0	Dollar token lacks a clean alphabetic Tibetan-transliteration shape.
corrected_text_scan	wts_1_34	1131	44	8	$	ś	guarded_dollar_to_sacute	(Vdk-M 115,27); de nas — bcu 977/$ ni ... dar	guarded_dollar_scan	low	defer	artifact_or_numeric_noise	0	Dollar token lacks a clean alphabetic Tibetan-transliteration shape.
corrected_text_scan	wts_1_34	1138	78	1	$	ś	guarded_dollar_to_sacute	~$ rim gyis babs nas ni (metr.) „ich kam	guarded_dollar_scan	low	defer	artifact_or_numeric_noise	0	Dollar token lacks a clean alphabetic Tibetan-transliteration shape.
corrected_text_scan	wts_1_34	1142	48	2	0$	0ś	guarded_dollar_to_sacute	"—""iras = £0$ chen Zig ste rtswa du kü las byas"	guarded_dollar_scan	low	defer	artifact_or_numeric_noise	0	Dollar token lacks a clean alphabetic Tibetan-transliteration shape.
corrected_text_scan	wts_1_34	1144	55	7	$	ś	guarded_dollar_to_sacute	(MTH3/3/24 5); mnon par ©$ pa — dan ldan	guarded_dollar_scan	low	defer	artifact_or_numeric_noise	0	Dollar token lacks a clean alphabetic Tibetan-transliteration shape.
corrected_text_scan	wts_1_34	1144	61	3	$	ś	guarded_dollar_to_sacute	(brDa); 977/$ yan chad de man tshig „mehr als	guarded_dollar_scan	low	defer	artifact_or_numeric_noise	0	Dollar token lacks a clean alphabetic Tibetan-transliteration shape.
corrected_text_scan	wts_1_34	1145	38	3	$	ś	guarded_dollar_to_sacute	10.35d); ri $; sar bas — med pa / in mtshan	guarded_dollar_scan	low	defer	artifact_or_numeric_noise	0	Dollar token lacks a clean alphabetic Tibetan-transliteration shape.
corrected_text_scan	wts_1_34	1150	53	9	$	ś	guarded_dollar_to_sacute	Lex. ia skyog Zes (r. ra skyogs 4©$) snan	guarded_dollar_scan	low	defer	artifact_or_numeric_noise	0	Dollar token lacks a clean alphabetic Tibetan-transliteration shape.
corrected_text_scan	wts_1_34	1155	26	3	$	ś	guarded_dollar_to_sacute	kyis dkrol $// süan ... — la sogs (metr.)	guarded_dollar_scan	low	defer	artifact_or_numeric_noise	0	Dollar token lacks a clean alphabetic Tibetan-transliteration shape.
corrected_text_scan	wts_1_34	1159	4	5	$	ś	guarded_dollar_to_sacute	de Itar ’gren — 977/$ la ... med de „deshalb gab	guarded_dollar_scan	low	defer	artifact_or_numeric_noise	0	Dollar token lacks a clean alphabetic Tibetan-transliteration shape.
corrected_text_scan	wts_1_34	1162	15	2	$	ś	guarded_dollar_to_sacute	168b6); ///$ kyi nad rnam pa ... rtag pa’i rims	guarded_dollar_scan	low	defer	artifact_or_numeric_noise	0	Dollar token lacks a clean alphabetic Tibetan-transliteration shape.
corrected_text_scan	wts_1_34	1162	81	5	$	ś	guarded_dollar_to_sacute	— zer ba tshon '7//$ pas len rgyun snar gnas	guarded_dollar_scan	low	defer	artifact_or_numeric_noise	0	Dollar token lacks a clean alphabetic Tibetan-transliteration shape.
corrected_text_scan	wts_1_34	1163	86	7	$	ś	guarded_dollar_to_sacute	na de niid ’dra ba 977/$ su ran gyur te „als er	guarded_dollar_scan	low	defer	artifact_or_numeric_noise	0	Dollar token lacks a clean alphabetic Tibetan-transliteration shape.
corrected_text_scan	wts_1_34	1172	100	2	$	ś	guarded_dollar_to_sacute	du ~$ bäi’i ra ba la nar mar mchod pa che	guarded_dollar_scan	low	defer	artifact_or_numeric_noise	0	Dollar token lacks a clean alphabetic Tibetan-transliteration shape.
corrected_text_scan	wts_1_34	1173	11	10	$	ś	guarded_dollar_to_sacute	(Ahs 1.1.30c); dgun zla ra ba sogs gfis 977/$ /	guarded_dollar_scan	low	defer	artifact_or_numeric_noise	0	Dollar token lacks a clean alphabetic Tibetan-transliteration shape.
corrected_text_scan	wts_1_34	1173	27	4	$	ś	guarded_dollar_to_sacute	— zla ba 977/$ pa ’ons par gyur tshe (metr.)	guarded_dollar_scan	low	defer	artifact_or_numeric_noise	0	Dollar token lacks a clean alphabetic Tibetan-transliteration shape.
corrected_text_scan	wts_1_34	1173	42	11	$	ś	guarded_dollar_to_sacute	31,14); dbyar gyi — su bal po rkos mkhan 977/$	guarded_dollar_scan	low	defer	artifact_or_numeric_noise	0	Dollar token lacks a clean alphabetic Tibetan-transliteration shape.
corrected_text_scan	wts_1_34	1173	79	6	$77	ś77	guarded_dollar_to_sacute	Gefallen“ (Bu 760,5); — nan $77/9$ mar bar	guarded_dollar_scan	low	defer	artifact_or_numeric_noise	0	Dollar token lacks a clean alphabetic Tibetan-transliteration shape.
corrected_text_scan	wts_1_34	1173	79	7	9$	9ś	guarded_dollar_to_sacute	Gefallen“ (Bu 760,5); — nan $77/9$ mar bar	guarded_dollar_scan	low	defer	artifact_or_numeric_noise	0	Dollar token lacks a clean alphabetic Tibetan-transliteration shape.
corrected_text_scan	wts_1_34	1174	7	5	$	ś	guarded_dollar_to_sacute	¬~ kyi dbaṅ du 977/$ yin te (metr.) „[de] ist	guarded_dollar_scan	low	defer	artifact_or_numeric_noise	0	Dollar token lacks a clean alphabetic Tibetan-transliteration shape.
corrected_text_scan	wts_1_34	1174	95	10	$	ś	guarded_dollar_to_sacute	(MTH3/5/26 22); ka mad sum cu 4€$ -~ mun	guarded_dollar_scan	low	defer	artifact_or_numeric_noise	0	Dollar token lacks a clean alphabetic Tibetan-transliteration shape.
corrected_text_scan	wts_1_34	1175	101	4	$	ś	guarded_dollar_to_sacute	དུས་ཀྱི་རྒྱལ་མོ་ dus kyirgyalmo 14//;$ /2/ lha mo.	guarded_dollar_scan	low	defer	artifact_or_numeric_noise	0	Dollar token lacks a clean alphabetic Tibetan-transliteration shape.
corrected_text_scan	wts_1_34	1176	7	6	$	ś	guarded_dollar_to_sacute	Lex. zla ba bcu 97/$ lo yi min „Bez. für das	guarded_dollar_scan	low	defer	artifact_or_numeric_noise	0	Dollar token lacks a clean alphabetic Tibetan-transliteration shape.
corrected_text_scan	wts_1_34	1176	39	1	$	ś	guarded_dollar_to_sacute	$/7/9$ ma Ina po 'di lta ste ... — śas che ba yin	guarded_dollar_scan	low	defer	artifact_or_numeric_noise	0	Dollar token lacks a clean alphabetic Tibetan-transliteration shape.
corrected_text_scan	wts_1_34	1176	39	3	9$	9ś	guarded_dollar_to_sacute	$/7/9$ ma Ina po 'di lta ste ... — śas che ba yin	guarded_dollar_scan	low	defer	artifact_or_numeric_noise	0	Dollar token lacks a clean alphabetic Tibetan-transliteration shape.
corrected_text_scan	wts_1_34	1180	65	7	$77	ś77	guarded_dollar_to_sacute	nen“ (Ki ga 113a6); gzugs can $77/77 pos ... —	guarded_dollar_scan	low	defer	artifact_or_numeric_noise	0	Dollar token lacks a clean alphabetic Tibetan-transliteration shape.
corrected_text_scan	wts_1_34	1183	108	5	$	ś	guarded_dollar_to_sacute	sari phod) — ... sras ye ©$ shin po ... 'khruns	guarded_dollar_scan	low	defer	artifact_or_numeric_noise	0	Dollar token lacks a clean alphabetic Tibetan-transliteration shape.
corrected_text_scan	wts_1_34	1188	21	7	$	ś	guarded_dollar_to_sacute	de nas — gZon nu gzugs can $/7/?? po ... ljons su	guarded_dollar_scan	low	defer	artifact_or_numeric_noise	0	Dollar token lacks a clean alphabetic Tibetan-transliteration shape.
corrected_text_scan	wts_1_34	1192	95	2	409$	409ś	guarded_dollar_to_sacute	par 409$ (metr.) „verschiedene Blüten mögen in den drei Zeiten (skt. triskala) von den	guarded_dollar_scan	low	defer	artifact_or_numeric_noise	0	Dollar token lacks a clean alphabetic Tibetan-transliteration shape.
corrected_text_scan	wts_1_34	1192	99	2	9$	9ś	guarded_dollar_to_sacute	དུས་གསུམ་མཁྱེན་ dus 9$//777 mkhyen auch — pa.	guarded_dollar_scan	low	defer	artifact_or_numeric_noise	0	Dollar token lacks a clean alphabetic Tibetan-transliteration shape.
corrected_text_scan	wts_1_34	1193	51	3	$	ś	guarded_dollar_to_sacute	byun ste / ~$ kyaṅ dguṅ sla gsum gyi 'tsho	guarded_dollar_scan	low	defer	artifact_or_numeric_noise	0	Dollar token lacks a clean alphabetic Tibetan-transliteration shape.
corrected_text_scan	wts_1_34	1193	88	6	$	ś	guarded_dollar_to_sacute	nähte es“ (K3 ña 214b3); ~$ blon po skyon	guarded_dollar_scan	low	defer	artifact_or_numeric_noise	0	Dollar token lacks a clean alphabetic Tibetan-transliteration shape.
corrected_text_scan	wts_1_34	1194	13	7	$	ś	guarded_dollar_to_sacute	la sogs pa’i ston pa dan / ~$ byas pa’i bstan	guarded_dollar_scan	low	defer	artifact_or_numeric_noise	0	Dollar token lacks a clean alphabetic Tibetan-transliteration shape.
corrected_text_scan	wts_1_34	1194	45	4	$	ś	guarded_dollar_to_sacute	(Glr 49,25); ~$ snum byugs te „man konnte	guarded_dollar_scan	low	defer	artifact_or_numeric_noise	0	Dollar token lacks a clean alphabetic Tibetan-transliteration shape.
corrected_text_scan	wts_1_34	1205	64	4	$	ś	guarded_dollar_to_sacute	15,9); tshul ~$ ... jig rten dge ba la gnas par	guarded_dollar_scan	low	defer	artifact_or_numeric_noise	0	Dollar token lacks a clean alphabetic Tibetan-transliteration shape.
corrected_text_scan	wts_1_34	1206	92	9	$	ś	guarded_dollar_to_sacute	316); cha dgos par / bdag gis — ma 4€$ pas	guarded_dollar_scan	low	defer	artifact_or_numeric_noise	0	Dollar token lacks a clean alphabetic Tibetan-transliteration shape.
corrected_text_scan	wts_1_34	1207	20	9	$	ś	guarded_dollar_to_sacute	rgyal blon ’bans gsum gyi ... mdun rgyab 977/$	guarded_dollar_scan	low	defer	artifact_or_numeric_noise	0	Dollar token lacks a clean alphabetic Tibetan-transliteration shape.
corrected_text_scan	wts_1_34	1207	101	9	$	ś	guarded_dollar_to_sacute	dam pa’i chos 'di ni nam pa 977/$ yin no „auf	guarded_dollar_scan	low	defer	artifact_or_numeric_noise	0	Dollar token lacks a clean alphabetic Tibetan-transliteration shape.
corrected_text_scan	wts_1_34	1209	83	10	$	ś	guarded_dollar_to_sacute	blo sbyon gyi bśad gra chen po bcu 977/$ btsugs	guarded_dollar_scan	low	defer	artifact_or_numeric_noise	0	Dollar token lacks a clean alphabetic Tibetan-transliteration shape.
corrected_text_scan	wts_1_34	1213	5	4	$	ś	guarded_dollar_to_sacute	nu gzugs can $?7/༡7 po ...byun ba „dann, zu ei-	guarded_dollar_scan	low	defer	artifact_or_numeric_noise	0	Dollar token lacks a clean alphabetic Tibetan-transliteration shape.
corrected_text_scan	wts_1_34	1218	7	2	$	ś	guarded_dollar_to_sacute	— bkra $¡$ sman ri’i dgon pa btab ste „dann	guarded_dollar_scan	low	defer	artifact_or_numeric_noise	0	Dollar token lacks a clean alphabetic Tibetan-transliteration shape.
corrected_text_scan	wts_1_34	1218	7	3	$	ś	guarded_dollar_to_sacute	— bkra $¡$ sman ri’i dgon pa btab ste „dann	guarded_dollar_scan	low	defer	artifact_or_numeric_noise	0	Dollar token lacks a clean alphabetic Tibetan-transliteration shape.
corrected_text_scan	wts_1_34	1227	110	6	$	ś	guarded_dollar_to_sacute	als Tathägata erscheinen“ (K113 2766); ~$;	guarded_dollar_scan	low	defer	artifact_or_numeric_noise	0	Dollar token lacks a clean alphabetic Tibetan-transliteration shape.
corrected_text_scan	wts_1_34	1227	114	1	$	ś	guarded_dollar_to_sacute	¬$ śol (metr.) „die Tathägatas mögen den	guarded_dollar_scan	low	defer	artifact_or_numeric_noise	0	Dollar token lacks a clean alphabetic Tibetan-transliteration shape.
corrected_text_scan	wts_1_34	1228	77	5	$	ś	guarded_dollar_to_sacute	དེ་བཞིན་གཤེགས་པའི་སྙིང་པོ་ de bZin gsegs pa’i $/7//7	guarded_dollar_scan	low	defer	artifact_or_numeric_noise	0	Dollar token lacks a clean alphabetic Tibetan-transliteration shape.
corrected_text_scan	wts_1_34	1229	1	4	9469$	9469ś	guarded_dollar_to_sacute	དེ་བཞིན་གཤེགས་བསྲུང་ de /2//7 9469$ bsrun	guarded_dollar_scan	low	defer	artifact_or_numeric_noise	0	Dollar token lacks a clean alphabetic Tibetan-transliteration shape.
corrected_text_scan	wts_1_34	1230	38	7	$	ś	guarded_dollar_to_sacute	(Thgr 196,3); khral pa 977/$ gsum sbam Zin / ¬	guarded_dollar_scan	low	defer	artifact_or_numeric_noise	0	Dollar token lacks a clean alphabetic Tibetan-transliteration shape.
corrected_text_scan	wts_1_34	1233	59	7	$	ś	guarded_dollar_to_sacute	pa dan / thob pa füid du ©$ par bya (metr.)	guarded_dollar_scan	low	defer	artifact_or_numeric_noise	0	Dollar token lacks a clean alphabetic Tibetan-transliteration shape.
corrected_text_scan	wts_1_34	1255	92	4	$	ś	guarded_dollar_to_sacute	rtogs pa 977/$ — geig yin gsuns „don go ba und	guarded_dollar_scan	low	defer	artifact_or_numeric_noise	0	Dollar token lacks a clean alphabetic Tibetan-transliteration shape.
corrected_text_scan	wts_1_34	1256	12	6	$	ś	guarded_dollar_to_sacute	sman dpyad kyi yi ge... — €$ pa dan „was die	guarded_dollar_scan	low	defer	artifact_or_numeric_noise	0	Dollar token lacks a clean alphabetic Tibetan-transliteration shape.
corrected_text_scan	wts_1_34	1263	13	3	$	ś	guarded_dollar_to_sacute	དོན་གཉིས་ 'don 97/$.	guarded_dollar_scan	low	defer	artifact_or_numeric_noise	0	Dollar token lacks a clean alphabetic Tibetan-transliteration shape.
corrected_text_scan	wts_1_34	1263	42	2	$7	ś7	guarded_dollar_to_sacute	དོན་སྙིང་ 'don $7//7 wahre Bedeutung, Sachver-	guarded_dollar_scan	low	defer	artifact_or_numeric_noise	0	Dollar token lacks a clean alphabetic Tibetan-transliteration shape.
corrected_text_scan	wts_1_34	1266	36	8	$	ś	guarded_dollar_to_sacute	len“ (T4119 zu 109a3); /ha khan 977/$ / mtsho	guarded_dollar_scan	low	defer	artifact_or_numeric_noise	0	Dollar token lacks a clean alphabetic Tibetan-transliteration shape.
corrected_text_scan	wts_1_34	1268	26	5	$	ś	guarded_dollar_to_sacute	Lex. mtshan mtshon 977/$ su phye ba’i mtshan	guarded_dollar_scan	low	defer	artifact_or_numeric_noise	0	Dollar token lacks a clean alphabetic Tibetan-transliteration shape.
corrected_text_scan	wts_1_34	1272	37	2	$	ś	guarded_dollar_to_sacute	2003 $. ¥).	guarded_dollar_scan	low	defer	artifact_or_numeric_noise	0	Dollar token lacks a clean alphabetic Tibetan-transliteration shape.
corrected_text_scan	wts_1_34	1279	75	7	$	ś	guarded_dollar_to_sacute	+ '\dwa [divin.] das Trigramm S, chin. $ tu,	guarded_dollar_scan	low	defer	artifact_or_numeric_noise	0	Dollar token lacks a clean alphabetic Tibetan-transliteration shape.
corrected_text_scan	wts_1_34	1282	62	2	$750	ś750	guarded_dollar_to_sacute	Dags-yul“ ($750 50); rrog gi slob ma ... dags	guarded_dollar_scan	low	defer	artifact_or_numeric_noise	0	Dollar token lacks a clean alphabetic Tibetan-transliteration shape.
corrected_text_scan	wts_1_34	1287	11	2	$	ś	guarded_dollar_to_sacute	དྭངས་ dwans [%?$.	guarded_dollar_scan	low	defer	artifact_or_numeric_noise	0	Dollar token lacks a clean alphabetic Tibetan-transliteration shape.
corrected_text_scan	wts_1_34	1288	14	6	$	ś	guarded_dollar_to_sacute	po che mu med pa’i ~$ kun nas (g.)yog pa	guarded_dollar_scan	low	defer	artifact_or_numeric_noise	0	Dollar token lacks a clean alphabetic Tibetan-transliteration shape.
corrected_text_scan	wts_1_34	1288	36	5	$	ś	guarded_dollar_to_sacute	89,6); mtshan dpe’i ~$ dkrigs pa’i gzugs kyi	guarded_dollar_scan	low	defer	artifact_or_numeric_noise	0	Dollar token lacks a clean alphabetic Tibetan-transliteration shape.
corrected_text_scan	wts_1_34	1288	72	7	$	ś	guarded_dollar_to_sacute	75,18); phyag dan Zabs sor ~$ ’brel ba dan	guarded_dollar_scan	low	defer	artifact_or_numeric_noise	0	Dollar token lacks a clean alphabetic Tibetan-transliteration shape.
corrected_text_scan	wts_1_34	1289	27	5	$	ś	guarded_dollar_to_sacute	2. Gier, vgl. BHSD $. v. jalini.	guarded_dollar_scan	low	defer	artifact_or_numeric_noise	0	Dollar token lacks a clean alphabetic Tibetan-transliteration shape.
corrected_text_scan	wts_1_34	1291	3	2	9$	9ś	guarded_dollar_to_sacute	rtsis ///9$ kyi — mthu zab pa man po „viel	guarded_dollar_scan	low	defer	artifact_or_numeric_noise	0	Dollar token lacks a clean alphabetic Tibetan-transliteration shape.
corrected_text_scan	wts_1_34	1291	52	2	$77	ś77	guarded_dollar_to_sacute	rma $77//? (r. iin) pa — tu ma ’dod pa dan	guarded_dollar_scan	low	defer	artifact_or_numeric_noise	0	Dollar token lacks a clean alphabetic Tibetan-transliteration shape.
corrected_text_scan	wts_1_34	1292	43	5	$	ś	guarded_dollar_to_sacute	Lex. dam pa’am —’am $? ba’am te bor ram	guarded_dollar_scan	low	defer	artifact_or_numeric_noise	0	Dollar token lacks a clean alphabetic Tibetan-transliteration shape.
corrected_text_scan	wts_1_34	1292	66	3	$	ś	guarded_dollar_to_sacute	dkris pa ¬$ dkris pas „weil er von heftigem	guarded_dollar_scan	low	defer	artifact_or_numeric_noise	0	Dollar token lacks a clean alphabetic Tibetan-transliteration shape.
corrected_text_scan	wts_1_34	1292	87	3	$	ś	guarded_dollar_to_sacute	Ze bcad ~$ „mit mühevoller Anstrengung	guarded_dollar_scan	low	defer	artifact_or_numeric_noise	0	Dollar token lacks a clean alphabetic Tibetan-transliteration shape.
corrected_text_scan	wts_1_34	1295	109	2	9$	9ś	guarded_dollar_to_sacute	¬~ 7/9$ run ba ... gar dgu’i ro daṅ ldan pa nid	guarded_dollar_scan	low	defer	artifact_or_numeric_noise	0	Dollar token lacks a clean alphabetic Tibetan-transliteration shape.
corrected_text_scan	wts_1_34	1304	32	3	49$	49ś	guarded_dollar_to_sacute	und reichten //49$ byan dar“ (PT1042 12);	guarded_dollar_scan	low	defer	artifact_or_numeric_noise	0	Dollar token lacks a clean alphabetic Tibetan-transliteration shape.
corrected_text_scan	wts_1_34	1309	46	14	$	ś	guarded_dollar_to_sacute	— jies pa „eine im Gedächtnis haften bleibende Strafe“ (Wadd135h 4); phan tshun 97/$	guarded_dollar_scan	low	defer	artifact_or_numeric_noise	0	Dollar token lacks a clean alphabetic Tibetan-transliteration shape.
corrected_text_scan	wts_1_34	1310	70	3	$	ś	guarded_dollar_to_sacute	dan / — ... 977/$ kyis / nam mkha’ gsal ba’i Sin	guarded_dollar_scan	low	defer	artifact_or_numeric_noise	0	Dollar token lacks a clean alphabetic Tibetan-transliteration shape.
corrected_text_scan	wts_1_34	1312	24	4	$	ś	guarded_dollar_to_sacute	pa’i säin ma’i ~$ yons su khyab pa „erfüllt	guarded_dollar_scan	low	defer	artifact_or_numeric_noise	0	Dollar token lacks a clean alphabetic Tibetan-transliteration shape.
corrected_text_scan	wts_1_34	1316	38	5	$	ś	guarded_dollar_to_sacute	schmiert ist“ (Bca 8.68c); ~$ rtsub pa’i dril	guarded_dollar_scan	low	defer	artifact_or_numeric_noise	0	Dollar token lacks a clean alphabetic Tibetan-transliteration shape.
corrected_text_scan	wts_1_34	1316	58	14	$	ś	guarded_dollar_to_sacute	„nachdem man alle Befleckungen des Geistes abgelegt hat“ (sBa 61,9); mnal gyi ~$	guarded_dollar_scan	low	defer	artifact_or_numeric_noise	0	Dollar token lacks a clean alphabetic Tibetan-transliteration shape.
corrected_text_scan	wts_1_34	1317	13	1	$	ś	guarded_dollar_to_sacute	~$ phog (metr.) „vom Geruch der Verfehlung angesteckt sein“ (Magy 737).	guarded_dollar_scan	low	defer	artifact_or_numeric_noise	0	Dollar token lacks a clean alphabetic Tibetan-transliteration shape.
corrected_text_scan	wts_1_34	1318	35	5	$7	ś7	guarded_dollar_to_sacute	དྲི་མ་མེད་པའི་སྙིང་པོ་ dri ma med pa’i $7//7 po npr.	guarded_dollar_scan	low	defer	artifact_or_numeric_noise	0	Dollar token lacks a clean alphabetic Tibetan-transliteration shape.
corrected_text_scan	wts_1_34	1320	85	7	$	ś	guarded_dollar_to_sacute	und edel sind“ (Bca 2.12d); Ius ~$ / g.yu’i	guarded_dollar_scan	low	defer	artifact_or_numeric_noise	0	Dollar token lacks a clean alphabetic Tibetan-transliteration shape.
corrected_text_scan	wts_1_34	1321	24	1	$	ś	guarded_dollar_to_sacute	~$ bzun (metr.) „die upapithas Devikorä und	guarded_dollar_scan	low	defer	artifact_or_numeric_noise	0	Dollar token lacks a clean alphabetic Tibetan-transliteration shape.
corrected_text_scan	wts_1_34	1322	100	2	90$	90ś	guarded_dollar_to_sacute	དྲི་ཡི་གོས་ཅན་ dri ༡// 90$ can Moschusduft.	guarded_dollar_scan	low	defer	artifact_or_numeric_noise	0	Dollar token lacks a clean alphabetic Tibetan-transliteration shape.
corrected_text_scan	wts_1_34	1325	30	3	$	ś	guarded_dollar_to_sacute	mnon 4©$ grul btub rigs yin na bya ba - Sin	guarded_dollar_scan	low	defer	artifact_or_numeric_noise	0	Dollar token lacks a clean alphabetic Tibetan-transliteration shape.
corrected_text_scan	wts_1_34	1329	100	4	$751	ś751	guarded_dollar_to_sacute	zwischenzeitlich nicht gehorchten“ ($751	guarded_dollar_scan	low	defer	artifact_or_numeric_noise	0	Dollar token lacks a clean alphabetic Tibetan-transliteration shape.
corrected_text_scan	wts_1_34	1340	72	5	$	ś	guarded_dollar_to_sacute	(14 696); rma bya ... ~$ bstod pa’i mgrin	guarded_dollar_scan	low	defer	artifact_or_numeric_noise	0	Dollar token lacks a clean alphabetic Tibetan-transliteration shape.
corrected_text_scan	wts_1_34	1347	51	2	$770775$	ś770775ś	guarded_dollar_to_sacute	དྲོད་སྙོམས་ drod $770775$	guarded_dollar_scan	low	defer	artifact_or_numeric_noise	0	Dollar token lacks a clean alphabetic Tibetan-transliteration shape.
corrected_text_scan	wts_1_34	1347	99	2	$	ś	guarded_dollar_to_sacute	དྲོད་སྙོམས་ drod $/707775 ein anatomisch nicht	guarded_dollar_scan	low	defer	artifact_or_numeric_noise	0	Dollar token lacks a clean alphabetic Tibetan-transliteration shape.
