volume	page	line	token	candidate_family	proposed_target	context_excerpt	evidence	confidence	suggested_action	score	score_explanation
wts_1_34	5	38	ın	dotless_i	in	Dieses einheimische Wörterbuch war zwar 1954 ın China nachgedruckt worden, es war	orthography_scan	low	review	20	Dotless i is likely OCR damage in transliteration.
wts_1_34	6	46	nam-mkha’ı	dotless_i	nam-mkha’i	des tibetisch-tibetischen Wörterbuches des Khyun-sprul ’Jigs-med nam-mkha’ı	orthography_scan	medium	review	45	Dotless i is likely OCR damage in transliteration.
wts_1_34	8	74	wiıe	dotless_i	wiie	wiıe ta, tha, da, na, śa behandelt.	orthography_scan	medium	review	45	Dotless i is likely OCR damage in transliteration.
wts_1_34	13	5	AtıH	dotless_i	AtiH	AtıH	orthography_scan	low	review	20	Dotless i is likely OCR damage in transliteration.
wts_1_34	13	7	AtıNth	dotless_i	AtiNth	AtıNth	orthography_scan	medium	review	45	Dotless i is likely OCR damage in transliteration.
wts_1_34	14	49	lorı	dotless_i	lori	snod beud kun gsal me lorı (verf. 1830). Ohne weiteren Zusatz bezeichnet das Kürzel	orthography_scan	low	review	20	Dotless i is likely OCR damage in transliteration.
wts_1_34	19	182	kärıka-vyäakhyäna	dotless_i	kärika-vyäakhyäna	kärıka-vyäakhyäna. Ed.: Derge-Tanjur, ’Dul ba, su 162b3-246a7.	orthography_scan	medium	review	45	Dotless i is likely OCR damage in transliteration.
wts_1_34	20	75	ı	dotless_i	i	ı Vis	orthography_scan	low	review	20	Dotless i is likely OCR damage in transliteration.
wts_1_34	20	96	TıLal	dotless_i	TiLal	TıLal	orthography_scan	low	review	20	Dotless i is likely OCR damage in transliteration.
wts_1_34	20	98	TıLa	dotless_i	TiLa	TıLa2	orthography_scan	low	review	20	Dotless i is likely OCR damage in transliteration.
wts_1_34	21	60	VıpyAsmüsana	dotless_i	VipyAsmüsana	Amarasimha | VıpyAsmüsana 1911 [Ak]	orthography_scan	low	review	20	Dotless i is likely OCR damage in transliteration.
wts_1_34	21	101	xlı	dotless_i	xli	xlı	orthography_scan	low	review	20	Dotless i is likely OCR damage in transliteration.
wts_1_34	22	66	VıwvAsHüsana	dotless_i	ViwvAsHüsana	’Chi med sen ge [d. 1, Amara] ! VıwvAsHüsana 1911 [Ak]	orthography_scan	low	review	20	Dotless i is likely OCR damage in transliteration.
wts_1_34	23	70	xlıv	dotless_i	xliv	xlıv	orthography_scan	low	review	20	Dotless i is likely OCR damage in transliteration.
wts_1_34	24	56	RıcHharpson	dotless_i	RicHharpson	Inschriften \ Lv/’Cosum 1987 [In1-13], | RıcHharpson 1985 [In14]	orthography_scan	low	review	20	Dotless i is likely OCR damage in transliteration.
wts_1_34	25	19	ICanı	dotless_i	ICani	ICanı skya Ye śes bstan pa’i sgron me, Rol pa’i rdo rje | NGAWANG GELEK DEMO 1969-1971 [ThK 1:	orthography_scan	medium	review	45	Dotless i is likely OCR damage in transliteration.
wts_1_34	25	68	xlvıni	dotless_i	xlvini	xlvıni	orthography_scan	low	review	20	Dotless i is likely OCR damage in transliteration.
wts_1_34	28	65	Meicho-Fukyü-Kaı	dotless_i	Meicho-Fukyü-Kai	kyo: Meicho-Fukyü-Kaı, 1977]. [Käsy]	orthography_scan	low	review	20	Dotless i is likely OCR damage in transliteration.
wts_1_34	29	65	Ivı	dotless_i	Ivi	Ivı	orthography_scan	low	review	20	Dotless i is likely OCR damage in transliteration.
wts_1_34	29	77	prajüapäramıta	dotless_i	prajüapäramita	Vaipva, Paraśuräma L. 1960: Astasahasrika prajüapäramıta. With Haribhadra’s commentary cal-	orthography_scan	medium	review	45	Dotless i is likely OCR damage in transliteration.
wts_1_34	30	62	admın	dotless_i	admin	admın.	orthography_scan	low	review	20	Dotless i is likely OCR damage in transliteration.
wts_1_34	31	77	fascıculus	dotless_i	fasciculus	fascıculus; Faszikel	orthography_scan	low	review	20	Dotless i is likely OCR damage in transliteration.
wts_1_34	31	81	folıum	dotless_i	folium	folıum, folia; Blatt, Blätter	orthography_scan	low	review	20	Dotless i is likely OCR damage in transliteration.
wts_1_34	31	93	pagıiniert	dotless_i	pagiiniert	getrennt pagıiniert	orthography_scan	low	review	20	Dotless i is likely OCR damage in transliteration.
wts_1_34	31	110	Indo-Iranıan	dotless_i	Indo-Iranian	Indo-Iranıan Journal	orthography_scan	low	review	20	Dotless i is likely OCR damage in transliteration.
wts_1_34	31	125	ıl	dotless_i	il	Istituto Italiano per ıl Medio ed Estremo Oriente (Rom)	orthography_scan	low	review	20	Dotless i is likely OCR damage in transliteration.
wts_1_34	31	264	pagına	dotless_i	pagina	pagına, paginae; Seite, Seiten	orthography_scan	low	review	20	Dotless i is likely OCR damage in transliteration.
wts_1_34	32	120	Dolanjı	dotless_i	Dolanji	Tibetan Bonpo Monastic Centre (Dolanjı)	orthography_scan	low	review	20	Dotless i is likely OCR damage in transliteration.
wts_1_34	32	250	Ixıu	dotless_i	Ixiu	Ixıu	orthography_scan	low	review	20	Dotless i is likely OCR damage in transliteration.
wts_1_34	33	72	kakanı	dotless_i	kakani	— skt. kakanı.	orthography_scan	low	review	20	Dotless i is likely OCR damage in transliteration.
wts_1_34	34	22	rakaparı	dotless_i	rakapari	‚rakaparı, kakapari‘. Vimala[mitra] würdigte	orthography_scan	low	review	20	Dotless i is likely OCR damage in transliteration.
wts_1_34	34	80	arıver	dotless_i	ariver	Lex. n. of arıver (SCD).	orthography_scan	low	review	20	Dotless i is likely OCR damage in transliteration.
wts_1_34	34	88	Kakerıya	dotless_i	Kakeriya	senden Bäumen ... [darunter] Kakerıya“ (K45	orthography_scan	low	review	20	Dotless i is likely OCR damage in transliteration.
wts_1_34	34	118	litatıiv	dotless_i	litatiiv	litatıiv] gut, wenn es luftig ist“ (gYu 297,1);	orthography_scan	low	review	20	Dotless i is likely OCR damage in transliteration.
wts_1_34	36	101	katarı	dotless_i	katari	ཀ་ཏ་རུ་ katarı	orthography_scan	medium	review	45	Dotless i is likely OCR damage in transliteration.
wts_1_34	37	39	Katı	dotless_i	Kati	katyäyani Nachfahrin des Katı.	orthography_scan	low	review	20	Dotless i is likely OCR damage in transliteration.
wts_1_34	38	78	IserınG	dotless_i	IserinG	(Emer/ IserınG 1979: 463; Dunk).	orthography_scan	low	review	20	Dotless i is likely OCR damage in transliteration.
wts_1_34	40	222	kamacandıra	dotless_i	kamacandira	diens. — skt. kamacandıra.	orthography_scan	low	review	20	Dotless i is likely OCR damage in transliteration.
wts_1_34	42	33	nıgrum	dotless_i	nigrum	(PW), Solanum nıgrum Linn. (MAcki 62).	orthography_scan	low	review	20	Dotless i is likely OCR damage in transliteration.
wts_1_34	42	44	käcalın-	dotless_i	käcalin-	sehr weicher Stoff. ~ zu skt. käcalın-	orthography_scan	low	review	20	Dotless i is likely OCR damage in transliteration.
wts_1_34	44	62	kalagnı	dotless_i	kalagni	kalagnı.	orthography_scan	low	review	20	Dotless i is likely OCR damage in transliteration.
wts_1_34	45	56	Käsıkä	dotless_i	Käsikä	Jambudvipa sind Käsıkä, Kalasa und Ma-	orthography_scan	low	review	20	Dotless i is likely OCR damage in transliteration.
wts_1_34	45	150	landı	dotless_i	landi	ag kä landı ırrt. für Ika lindi.	orthography_scan	low	review	20	Dotless i is likely OCR damage in transliteration.
wts_1_34	45	150	ırrt	dotless_i	irrt	ag kä landı ırrt. für Ika lindi.	orthography_scan	low	review	20	Dotless i is likely OCR damage in transliteration.
wts_1_34	45	156	sıman	dotless_i	siman	Lex. sıman Zig (Dagy).	orthography_scan	medium	review	45	Dotless i is likely OCR damage in transliteration.
wts_1_34	45	162	Inarı	dotless_i	Inari	Silber; Kurzf. für tkapala, Inarı mchod ka //.	orthography_scan	low	review	20	Dotless i is likely OCR damage in transliteration.
wts_1_34	45	187	kalı	dotless_i	kali	sonanten. — skt. kalı.	orthography_scan	low	review	20	Dotless i is likely OCR damage in transliteration.
wts_1_34	45	205	Kalıkä-Pflanze	dotless_i	Kalikä-Pflanze	Stengel der Kalıkä-Pflanze immer mehr	orthography_scan	low	review	20	Dotless i is likely OCR damage in transliteration.
wts_1_34	46	4	kalıdasa	dotless_i	kalidasa	kalıdasa.	orthography_scan	low	review	20	Dotless i is likely OCR damage in transliteration.
wts_1_34	46	206	käsıka	dotless_i	käsika	Lex. käsıka° (Mvy 9176); yul gyi min ste mdo	orthography_scan	low	review	20	Dotless i is likely OCR damage in transliteration.
wts_1_34	47	3	Käsıkä	dotless_i	Käsikä	heißt es: ‚In Jambudvipa sind Käsıkä, Kalasa	orthography_scan	low	review	20	Dotless i is likely OCR damage in transliteration.
wts_1_34	47	32	śı’i	dotless_i	śi’i	dar ram ... yul ka śı’i ras phran „Seide oder ...	orthography_scan	medium	review	45	Dotless i is likely OCR damage in transliteration.
wts_1_34	47	38	käsıjäta	dotless_i	käsijäta	mane. -- skt. käsıjäta.	orthography_scan	low	review	20	Dotless i is likely OCR damage in transliteration.
wts_1_34	47	41	kasısunda-	dotless_i	kasisunda-	Kurtisane. — skt. kasısunda-	orthography_scan	low	review	20	Dotless i is likely OCR damage in transliteration.
wts_1_34	48	121	käncı	dotless_i	känci	MR kaiitsi ein Ort in Südindien. - skt. käncı.	orthography_scan	medium	review	45	Dotless i is likely OCR damage in transliteration.
wts_1_34	50	19	häufı-	dotless_i	häufi-	ཀམ་མེ་ཀེམ་མེ་ kam me kem me (skem pa?) häufı-	orthography_scan	medium	review	45	Dotless i is likely OCR damage in transliteration.
wts_1_34	50	92	gZı	dotless_i	gZi	Hagel, Blitzschläge, —“ (gZı 2: 64,3).	orthography_scan	medium	review	45	Dotless i is likely OCR damage in transliteration.
wts_1_34	51	147	karkatıkä	dotless_i	karkatikä	karkatıkä = shin po (Mvy 6239).	orthography_scan	low	review	20	Dotless i is likely OCR damage in transliteration.
wts_1_34	52	28	karnıka	dotless_i	karnika	schmuck. - skt. karnıka.	orthography_scan	low	review	20	Dotless i is likely OCR damage in transliteration.
wts_1_34	52	45	Karnıkära	dotless_i	Karnikära	Karnıkära [u.a.] ist vorzüglich zur Beseiti-	orthography_scan	low	review	20	Dotless i is likely OCR damage in transliteration.
wts_1_34	52	93	ım	dotless_i	im	ཀྨརྨ་ཌཱཀི་ karma däki eine Göttin ım Gefolge des	orthography_scan	medium	review	45	Dotless i is likely OCR damage in transliteration.
wts_1_34	53	87	chın	dotless_i	chin	ཀི་ཀང་ 'ki kan Beiname des Rähu. -- vgl. chın.	orthography_scan	medium	review	45	Dotless i is likely OCR damage in transliteration.
wts_1_34	53	150	kinıhi	dotless_i	kinihi	ཀི་ནིའི་ ki 7777 eine Heilpflanze. — skt. kinıhi	orthography_scan	medium	review	45	Dotless i is likely OCR damage in transliteration.
wts_1_34	54	79	Kımsuka-Bau-	dotless_i	Kimsuka-Bau-	erfolgt, schütte man Alkali des Kımsuka-Bau-	orthography_scan	low	review	20	Dotless i is likely OCR damage in transliteration.
wts_1_34	54	115	Igın	dotless_i	Igin	ཀིན་ kin 111 alttib. Texten für Igın.	orthography_scan	medium	review	45	Dotless i is likely OCR damage in transliteration.
wts_1_34	55	100	kılikıläyitam	dotless_i	kilikiläyitam	dar dir ku co) ca co =kılikıläyitam (Mvy 2787);	orthography_scan	low	review	20	Dotless i is likely OCR damage in transliteration.
wts_1_34	56	166	Bon-Gottheıt	dotless_i	Bon-Gottheit	N. einer Bon-Gottheıt.	orthography_scan	medium	review	45	Dotless i is likely OCR damage in transliteration.
wts_1_34	57	32	weıß	dotless_i	weiß	Knochen war [weıß] wie Schnee und Kumu-	orthography_scan	low	review	20	Dotless i is likely OCR damage in transliteration.
wts_1_34	58	10	yıg	dotless_i	yig	Lex. 77. ku yıg word directly spoken by	orthography_scan	low	review	20	Dotless i is likely OCR damage in transliteration.
wts_1_34	60	127	kusälı	dotless_i	kusäli	kriyogmtha’ dag gsan pa’i brgyud pani / kusälı	orthography_scan	medium	review	45	Dotless i is likely OCR damage in transliteration.
wts_1_34	61	100	satıvus	dotless_i	sativus	satıvus Linn. (Das 433).	orthography_scan	low	review	20	Dotless i is likely OCR damage in transliteration.
wts_1_34	62	23	ävısaya	dotless_i	ävisaya	Lex. ävısaya (?),vyoma (Tshe 321); nam mkha’	orthography_scan	medium	review	45	Dotless i is likely OCR damage in transliteration.
wts_1_34	62	118	zornıg	dotless_i	zornig	war sie zornıg“ (K841(2) 20622).	orthography_scan	low	review	20	Dotless i is likely OCR damage in transliteration.
wts_1_34	62	133	śvämıtra	dotless_i	śvämitra	śvämıtra.	orthography_scan	low	review	20	Dotless i is likely OCR damage in transliteration.
wts_1_34	64	72	äramıkah	dotless_i	äramikah	Lex. äramıkah (Mvy 3843).	orthography_scan	low	review	20	Dotless i is likely OCR damage in transliteration.
wts_1_34	64	121	Yısün	dotless_i	Yisün	Yısün Temür.	orthography_scan	low	review	20	Dotless i is likely OCR damage in transliteration.
wts_1_34	66	84	KımurA	dotless_i	KimurA	(Ergänze beim bestehenden Eintrag:) Skt. 1: Durr 1934; 2-5: KımurA 1986-1992.	orthography_scan	low	review	20	Dotless i is likely OCR damage in transliteration.
wts_1_34	67	89	HorıInGer	dotless_i	HoriInGer	HorıInGer, Marcel 1982-90: Le congres du lac Anavatapta. Vies de saints bouddhiques. Extraits du	orthography_scan	medium	review	45	Dotless i is likely OCR damage in transliteration.
wts_1_34	68	99	bannı	dotless_i	banni	sbyor bannı ... — „die Yoga-Abschnitte [sind]:	orthography_scan	low	review	20	Dotless i is likely OCR damage in transliteration.
wts_1_34	68	106	parıghätana	dotless_i	parighätana	Lex. parıghätana (Tshe 3b3).	orthography_scan	medium	review	45	Dotless i is likely OCR damage in transliteration.
wts_1_34	70	6	vyajıhma	dotless_i	vyajihma	ist (vyajıhma)“ (Nägn 22,3).	orthography_scan	low	review	20	Dotless i is likely OCR damage in transliteration.
wts_1_34	70	186	parisphärayatı	dotless_i	parisphärayati	Lex. kun tn rgyas par byed = parisphärayatı	orthography_scan	medium	review	45	Dotless i is likely OCR damage in transliteration.
wts_1_34	71	21	Rsı	dotless_i	Rsi	4. Weiser, Seher (Rsı).	orthography_scan	low	review	20	Dotless i is likely OCR damage in transliteration.
wts_1_34	71	65	samdhävatı	dotless_i	samdhävati	men (samdhävatı)“ (K14 2456).	orthography_scan	low	review	20	Dotless i is likely OCR damage in transliteration.
wts_1_34	71	200	nıchten	dotless_i	nichten	nıchten; vgl. Tkun ’joms.	orthography_scan	low	review	20	Dotless i is likely OCR damage in transliteration.
wts_1_34	72	11	parimärjayatı	dotless_i	parimärjayati	drasüryan ... päninä parämrsati parimärjayatı	orthography_scan	low	review	20	Dotless i is likely OCR damage in transliteration.
wts_1_34	72	122	älokıtah	dotless_i	älokitah	Lex. synon. mdun du lta ba, skt. älokıtah	orthography_scan	low	review	20	Dotless i is likely OCR damage in transliteration.
wts_1_34	73	18	samvyavaharıkam	dotless_i	samvyavaharikam	Lex. samvyavaharıkam „im Verkehr üblich,	orthography_scan	low	review	20	Dotless i is likely OCR damage in transliteration.
wts_1_34	74	20	avabhäsayantı	dotless_i	avabhäsayanti	tet (avabhäsayantı)“ (K12 43a2, skt. 37,27);	orthography_scan	low	review	20	Dotless i is likely OCR damage in transliteration.
wts_1_34	74	78	mıg	dotless_i	mig	tn mıg.	orthography_scan	low	review	20	Dotless i is likely OCR damage in transliteration.
wts_1_34	76	15	parı-	dotless_i	pari-	Geist wird, wenn man ihm nachspürt (parı-	orthography_scan	low	review	20	Dotless i is likely OCR damage in transliteration.
wts_1_34	76	179	Hım-	dotless_i	Him-	— ’gyur (metr.) „weil [ich] in allen vier Hım-	orthography_scan	low	review	20	Dotless i is likely OCR damage in transliteration.
wts_1_34	77	55	cın	dotless_i	cin	span spos pu 4¢/ ... cha miams ... — cın (metr.)	orthography_scan	low	review	20	Dotless i is likely OCR damage in transliteration.
wts_1_34	79	45	’nuparıksiptam	dotless_i	’nupariksiptam	umgeben (samantato ’nuparıksiptam) von	orthography_scan	low	review	20	Dotless i is likely OCR damage in transliteration.
wts_1_34	79	205	avavırthä	dotless_i	avavirthä	Lex. avavırthä (r. ävyta) „bedeckt“ (Tshe	orthography_scan	medium	review	45	Dotless i is likely OCR damage in transliteration.
wts_1_34	79	217	ätatäyın	dotless_i	ätatäyin	Lex. ätatäyın „mit bewaffneter Hand jmds.	orthography_scan	low	review	20	Dotless i is likely OCR damage in transliteration.
wts_1_34	80	42	ekäntaklıstäh	dotless_i	ekäntaklistäh	ni... — can = ime sattva ... ekäntaklıstäh „diese Wesen sind ganz befleckt“ (in Mvy 184);	orthography_scan	low	review	20	Dotless i is likely OCR damage in transliteration.
wts_1_34	81	24	äghätayatı	dotless_i	äghätayati	hatred for (BHSD 5. v. äghätayatı).	orthography_scan	low	review	20	Dotless i is likely OCR damage in transliteration.
wts_1_34	81	102	vyalumpantı	dotless_i	vyalumpanti	Wassertropfen ihn benetzen (vyalumpantı)“	orthography_scan	low	review	20	Dotless i is likely OCR damage in transliteration.
wts_1_34	82	166	snaṅı	dotless_i	snaṅi	ཀུན་སྣང་ kun snaṅı	orthography_scan	medium	review	45	Dotless i is likely OCR damage in transliteration.
wts_1_34	82	183	ın	dotless_i	in	Lex. samutthäpakah (Mvy 4683, ın der Abt.	orthography_scan	medium	review	45	Dotless i is likely OCR damage in transliteration.
wts_1_34	83	39	wıdmete	dotless_i	widmete	tion wıdmete, wurde er als Asket berühmt“	orthography_scan	low	review	20	Dotless i is likely OCR damage in transliteration.
wts_1_34	83	104	samcarı	dotless_i	samcari	Lex. samcarı (r. samcäri) „sich ergehend,	orthography_scan	low	review	20	Dotless i is likely OCR damage in transliteration.
wts_1_34	86	34	sMan-ıı	dotless_i	sMan-ii	von sMan-ıı, inthronisiert 1464.	orthography_scan	medium	review	45	Dotless i is likely OCR damage in transliteration.
wts_1_34	87	20	eın	dotless_i	ein	ཀུན་ལེན་ kun len npr. eın Weiser, der die sino-ti-	orthography_scan	medium	review	45	Dotless i is likely OCR damage in transliteration.
wts_1_34	87	141	ärägayatı	dotless_i	ärägayati	thob par byed = ajhäm ärägayatı (Mvy 7602),	orthography_scan	medium	review	45	Dotless i is likely OCR damage in transliteration.
wts_1_34	88	43	eın	dotless_i	ein	ཀུན་གསོད་ kun gsod eın Dämon.	orthography_scan	medium	review	45	Dotless i is likely OCR damage in transliteration.
wts_1_34	89	132	sın	dotless_i	sin	seinem Gemüt“ (Megh 33); — sın (skt. keta-	orthography_scan	low	review	20	Dotless i is likely OCR damage in transliteration.
wts_1_34	89	167	eın	dotless_i	ein	ཀེ་བང་ ke baṅ, auch ke wan npr. eın chinesischer	orthography_scan	medium	review	45	Dotless i is likely OCR damage in transliteration.
wts_1_34	91	19	yı	dotless_i	yi	(asthini), keine anderen“ (Bca 8.42a); mi yı	orthography_scan	medium	review	45	Dotless i is likely OCR damage in transliteration.
wts_1_34	91	47	TıLa	dotless_i	TiLa	(TıLa 14,10).	orthography_scan	low	review	20	Dotless i is likely OCR damage in transliteration.
wts_1_34	91	122	VaıNth	dotless_i	VaiNth	dpal bses-gnien“ (VaıNth 69,6); brag dmar —	orthography_scan	medium	review	45	Dotless i is likely OCR damage in transliteration.
wts_1_34	93	63	Kın	dotless_i	Kin	Kın	orthography_scan	low	review	20	Dotless i is likely OCR damage in transliteration.
wts_1_34	95	121	offıcinalıs	dotless_i	officinalis	für skt. kolavalli Pothos offıcinalıs,	orthography_scan	medium	review	45	Dotless i is likely OCR damage in transliteration.
wts_1_34	97	46	chın	dotless_i	chin	ཀོང་ཅོ་ koṅ co, auch kon jo chın. Titel für Prinzes-	orthography_scan	medium	review	45	Dotless i is likely OCR damage in transliteration.
wts_1_34	99	74	nepalensıs	dotless_i	nepalensis	zia nepalensıs (Kunze) Kitam. (KLETTER/	orthography_scan	low	review	20	Dotless i is likely OCR damage in transliteration.
wts_1_34	99	174	eın	dotless_i	ein	ཀོལ་ད་ལཾ་ kol da lam eın Parfüm; vgl. †590 /¢7	orthography_scan	medium	review	45	Dotless i is likely OCR damage in transliteration.
wts_1_34	103	90	śın	dotless_i	śin	sersucht“ (Vdk 2: 341,6); — śın gi phun	orthography_scan	medium	review	45	Dotless i is likely OCR damage in transliteration.
wts_1_34	104	59	sıe	dotless_i	sie	sie beschützen, werden sıe sterben“	orthography_scan	low	review	20	Dotless i is likely OCR damage in transliteration.
wts_1_34	104	141	kelı	dotless_i	keli	oder Scherzwort (KlonD 736,1); krida, kelı,	orthography_scan	low	review	20	Dotless i is likely OCR damage in transliteration.
wts_1_34	105	4	śa’ı	dotless_i	śa’i	goldener Behälter“ (Suv 155,16); bru śa’ı yi	orthography_scan	medium	review	45	Dotless i is likely OCR damage in transliteration.
wts_1_34	106	135	tkyı	dotless_i	tkyi	det; vgl. tkyı 4.	orthography_scan	low	review	20	Dotless i is likely OCR damage in transliteration.
wts_1_34	108	3	Zın	dotless_i	Zin	gen Bäume [mit Wasser]“ (Nägn 19,19); Zın	orthography_scan	low	review	20	Dotless i is likely OCR damage in transliteration.
wts_1_34	108	54	krı	dotless_i	kri	ཀྲི་ཀྲི་ £©)7 krı	orthography_scan	medium	review	45	Dotless i is likely OCR damage in transliteration.
wts_1_34	108	212	zeylanıca	dotless_i	zeylanica	Plumbago zeylanıca Linn. (Macri 1988: 43,	orthography_scan	low	review	20	Dotless i is likely OCR damage in transliteration.
wts_1_34	110	127	ın	dotless_i	in	gZag bar ༡ zer „ın einem Lehrtext nennt man	orthography_scan	medium	review	45	Dotless i is likely OCR damage in transliteration.
wts_1_34	110	148	Zın	dotless_i	Zin	(Ahs 1.5.12a); mar min ... — ... sbyon Zın	orthography_scan	low	review	20	Dotless i is likely OCR damage in transliteration.
wts_1_34	112	18	MıgTo	dotless_i	MigTo	durchzuführen“ (MıgTo 214,7).	orthography_scan	low	review	20	Dotless i is likely OCR damage in transliteration.
wts_1_34	112	25	wırd	dotless_i	wird	hen wırd; vgl. Kvaerne 1975: 53.	orthography_scan	low	review	20	Dotless i is likely OCR damage in transliteration.
wts_1_34	112	153	nagajıhvika	dotless_i	nagajihvika	Lex. nagajıhvika (Ak 247.108b).	orthography_scan	low	review	20	Dotless i is likely OCR damage in transliteration.
wts_1_34	112	189	MıgTo	dotless_i	MigTo	Nägas aus Teig herstellen“ (MıgTo 302,16).	orthography_scan	low	review	20	Dotless i is likely OCR damage in transliteration.
wts_1_34	113	52	KıErter	dotless_i	KiErter	tidea (Schrenk) C. B. Clarke (KıErter/	orthography_scan	low	review	20	Dotless i is likely OCR damage in transliteration.
wts_1_34	115	15	Glu-’brın	dotless_i	Glu-’brin	men, das sind Glu-rab bzan-do-re, Glu-’brın	orthography_scan	medium	review	45	Dotless i is likely OCR damage in transliteration.
wts_1_34	119	100	Agnıveśa	dotless_i	Agniveśa	than la gnas dan me bZin ’jug / — „Dhanvantari, Agnıveśa, Bhäradväja [u. a.]“ (K841(2)	orthography_scan	medium	review	45	Dotless i is likely OCR damage in transliteration.
wts_1_34	121	37	harita-kapısa	dotless_i	harita-kapisa	ge sar — ser (metr.) „weißgelbe (abw. skt. harita-kapısa gelbbraune) Staubfäden“ (Megh	orthography_scan	low	review	20	Dotless i is likely OCR damage in transliteration.
wts_1_34	121	94	MıgTo	dotless_i	MigTo	(MıgTo 85,16).	orthography_scan	low	review	20	Dotless i is likely OCR damage in transliteration.
wts_1_34	122	192	parıpürna-Sukla-	dotless_i	paripürna-Sukla-	chos — yons su rdzogs pa = parıpürna-Sukla-	orthography_scan	medium	review	45	Dotless i is likely OCR damage in transliteration.
wts_1_34	125	56	MıgTo	dotless_i	MigTo	(MıgTo 85,16).	orthography_scan	low	review	20	Dotless i is likely OCR damage in transliteration.
wts_1_34	126	76	gsarı	dotless_i	gsari	voller Reichtümer waren“ (sBa 88,3); gsarı	orthography_scan	low	review	20	Dotless i is likely OCR damage in transliteration.
wts_1_34	129	101	mahämandalıkab	dotless_i	mahämandalikab	Lex. mahämandalıkab (Mvy 3355).	orthography_scan	low	review	20	Dotless i is likely OCR damage in transliteration.
wts_1_34	129	184	rın	dotless_i	rin	pen“ (Liś 23,4; ähnl. KlonD 738,2); — rın =	orthography_scan	low	review	20	Dotless i is likely OCR damage in transliteration.
wts_1_34	131	20	desayısyamah	dotless_i	desayisyamah	desayısyamah „mit umwickeltem Kopf wer-	orthography_scan	low	review	20	Dotless i is likely OCR damage in transliteration.
wts_1_34	131	177	männlıchen	dotless_i	männlichen	Lex. pho mtshan gyi tog „Spitze des männlıchen Gliedes“ (116 31,12, brDa, Dagy); pho	orthography_scan	medium	review	45	Dotless i is likely OCR damage in transliteration.
wts_1_34	133	139	läßı	dotless_i	läßi	läßı“ (Ps 25b); mes po’i — las ’da’ bar bya ba	orthography_scan	low	review	20	Dotless i is likely OCR damage in transliteration.
wts_1_34	134	157	ıns	dotless_i	ins	"reiste ıns ’""A-Za-Land; unterdessen erschien"	orthography_scan	low	review	20	Dotless i is likely OCR damage in transliteration.
wts_1_34	137	9	MacponaıD	dotless_i	MacponaiD	vgl. TLTD 2: 53 £. (Nr. 10), MacponaıD 1971: 251-255.	orthography_scan	low	review	20	Dotless i is likely OCR damage in transliteration.
wts_1_34	139	25	nañı	dotless_i	nañi	(IsKh 1: 96,5); rgyal po ran 97 — de’i nañı nas	orthography_scan	medium	review	45	Dotless i is likely OCR damage in transliteration.
wts_1_34	140	115	gnädıg	dotless_i	gnädig	„das ist sehr gnädıg“ (Tson Nth 5,11b3).	orthography_scan	medium	review	45	Dotless i is likely OCR damage in transliteration.
wts_1_34	147	127	yıg	dotless_i	yig	ken niedergelegt“ (Tär 181,10); gras yıg spyı	orthography_scan	low	review	20	Dotless i is likely OCR damage in transliteration.
wts_1_34	147	127	spyı	dotless_i	spyi	ken niedergelegt“ (Tär 181,10); gras yıg spyı	orthography_scan	low	review	20	Dotless i is likely OCR damage in transliteration.
wts_1_34	147	148	besıedeln	dotless_i	besiedeln	5. besıedeln, sich niederlassen.	orthography_scan	low	review	20	Dotless i is likely OCR damage in transliteration.
wts_1_34	147	180	yanı	dotless_i	yani	lassen worden“ (MTH3/5/31 29); — ’di yanı	orthography_scan	medium	review	45	Dotless i is likely OCR damage in transliteration.
wts_1_34	148	136	samädhıh	dotless_i	samädhih	näma samädhıh (Mvy 592).	orthography_scan	low	review	20	Dotless i is likely OCR damage in transliteration.
wts_1_34	148	142	samädhıh	dotless_i	samädhih	näma samädhıh (Mvy 613).	orthography_scan	low	review	20	Dotless i is likely OCR damage in transliteration.
wts_1_34	150	34	gZı	dotless_i	gZi	führt werden“ (gZı 3: 71,5).	orthography_scan	medium	review	45	Dotless i is likely OCR damage in transliteration.
wts_1_34	151	95	rı	dotless_i	ri	vollständig“ (Glr 63,15); rin cen — sogs ... rı	orthography_scan	low	review	20	Dotless i is likely OCR damage in transliteration.
wts_1_34	152	161	takrı	dotless_i	takri	takrı.	orthography_scan	low	review	20	Dotless i is likely OCR damage in transliteration.
wts_1_34	153	36	nirmädayısyämah	dotless_i	nirmädayisyämah	lhun bzed mi — = pätram nirmädayısyämah	orthography_scan	low	review	20	Dotless i is likely OCR damage in transliteration.
wts_1_34	154	145	säın	dotless_i	säin	pa mit Gift ermordet“ (Nel 304); säın khar	orthography_scan	medium	review	45	Dotless i is likely OCR damage in transliteration.
wts_1_34	156	52	jamghäcärıka	dotless_i	jamghäcärika	jamghäcärıka).	orthography_scan	low	review	20	Dotless i is likely OCR damage in transliteration.
wts_1_34	156	167	ıkan	dotless_i	ikan	རྐང་གཉིས་ ıkan 97/5	orthography_scan	medium	review	45	Dotless i is likely OCR damage in transliteration.
wts_1_34	157	124	śın	dotless_i	śin	Lex. rkan thun = ljon śın „Baum“ (brDa, ähnl.	orthography_scan	medium	review	45	Dotless i is likely OCR damage in transliteration.
wts_1_34	159	163	sıtz	dotless_i	sitz	sıtz Vierbeiner sind“, Nomade.	orthography_scan	low	review	20	Dotless i is likely OCR damage in transliteration.
wts_1_34	160	150	säın	dotless_i	säin	(Gir 189,28); säın thub — la sor son (metr.)	orthography_scan	medium	review	45	Dotless i is likely OCR damage in transliteration.
wts_1_34	160	185	ıt	dotless_i	it	right to ıt” (BHSD).	orthography_scan	low	review	20	Dotless i is likely OCR damage in transliteration.
wts_1_34	160	192	steyasamväsıkah	dotless_i	steyasamväsikah	Lex. steyasamväsıkah (Mvy 8756).	orthography_scan	low	review	20	Dotless i is likely OCR damage in transliteration.
wts_1_34	167	88	garı	dotless_i	gari	bewesen“ (KTh 1: 428,6); —’i garı za(g) dam	orthography_scan	medium	review	45	Dotless i is likely OCR damage in transliteration.
wts_1_34	170	89	Papageı	dotless_i	Papagei	2. Papageı.	orthography_scan	low	review	20	Dotless i is likely OCR damage in transliteration.
wts_1_34	173	92	nırakäsa	dotless_i	nirakäsa	hat keine Möglichkeit (für skt. nırakäsa	orthography_scan	low	review	20	Dotless i is likely OCR damage in transliteration.
wts_1_34	176	15	yıb	dotless_i	yib	སྐམ་ཡིབ་ skam yıb dünn, mager.	orthography_scan	medium	review	45	Dotless i is likely OCR damage in transliteration.
wts_1_34	177	156	avabhäsayantı	dotless_i	avabhäsayanti	und Wirkung erleuchtet (avabhäsayantı)“	orthography_scan	low	review	20	Dotless i is likely OCR damage in transliteration.
wts_1_34	178	216	Teıl	dotless_i	Teil	1. Teıl, Anteil, Portion.	orthography_scan	low	review	20	Dotless i is likely OCR damage in transliteration.
wts_1_34	181	56	apı	dotless_i	api	apı nirvyapeksäh)“ (Bca 6.121b); vol sgeg	orthography_scan	low	review	20	Dotless i is likely OCR damage in transliteration.
wts_1_34	182	74	gZı-Sn	dotless_i	gZi-Sn	(gZı-Sn 214,33).	orthography_scan	medium	review	45	Dotless i is likely OCR damage in transliteration.
wts_1_34	182	189	Dalaı	dotless_i	Dalai	Dalaı Lama od. Königs.	orthography_scan	low	review	20	Dotless i is likely OCR damage in transliteration.
wts_1_34	185	48	Adlıger	dotless_i	Adliger	2. Adlıger, Adel.	orthography_scan	low	review	20	Dotless i is likely OCR damage in transliteration.
wts_1_34	185	212	WvııE	dotless_i	WviiE	1966: 9, Anm. 2 und WvııE 1962: 139,	orthography_scan	low	review	20	Dotless i is likely OCR damage in transliteration.
wts_1_34	187	39	nırmänakaya	dotless_i	nirmänakaya	nırmänakaya), \ons spyod rdzogs pa’i sku (skt.	orthography_scan	medium	review	45	Dotless i is likely OCR damage in transliteration.
wts_1_34	188	90	rıs	dotless_i	ris	སྐུད་རིས་ skud rıs Stickerei.	orthography_scan	medium	review	45	Dotless i is likely OCR damage in transliteration.
wts_1_34	188	137	ımp	dotless_i	imp	„ımp.“ (Dagy).	orthography_scan	medium	review	45	Dotless i is likely OCR damage in transliteration.
wts_1_34	189	185	rayıkä	dotless_i	rayikä	rayıkä Brassica Juncea (1055. u.a. (Meul 595 f.).	orthography_scan	low	review	20	Dotless i is likely OCR damage in transliteration.
wts_1_34	189	201	räjıka	dotless_i	räjika	Lex. —’ (v. 1. ske tse’i) ’bru = räjıka (Mvy	orthography_scan	medium	review	45	Dotless i is likely OCR damage in transliteration.
wts_1_34	191	97	TIrınkrückstände	dotless_i	TIrinkrückstände	TIrınkrückstände zu trinken“ (Padm	orthography_scan	low	review	20	Dotless i is likely OCR damage in transliteration.
wts_1_34	192	92	rüın	dotless_i	rüin	2); rüın ma bka’ gter gyi — las 'byun „es	orthography_scan	low	review	20	Dotless i is likely OCR damage in transliteration.
wts_1_34	194	9	yı	dotless_i	yi	Lex. — gri yı min (Bon 24,8).	orthography_scan	medium	review	45	Dotless i is likely OCR damage in transliteration.
wts_1_34	194	13	rıb	dotless_i	rib	rıb.	orthography_scan	low	review	20	Dotless i is likely OCR damage in transliteration.
wts_1_34	195	8	gZı-Sn	dotless_i	gZi-Sn	(gZı-Sn 74,7).	orthography_scan	medium	review	45	Dotless i is likely OCR damage in transliteration.
wts_1_34	197	38	säın	dotless_i	säin	la ni bdag skyabs mchi / ji srid säın po byañ	orthography_scan	low	review	20	Dotless i is likely OCR damage in transliteration.
wts_1_34	199	21	Iskyın	dotless_i	Iskyin	སྐྱིང་གོར་ skyin gor Iskyın 9077	orthography_scan	medium	review	45	Dotless i is likely OCR damage in transliteration.
wts_1_34	200	58	skyıbs	dotless_i	skyibs	skyıbs.	orthography_scan	low	review	20	Dotless i is likely OCR damage in transliteration.
wts_1_34	203	155	wıedergeboren	dotless_i	wiedergeboren	in einem hohen Stand wıedergeboren	orthography_scan	low	review	20	Dotless i is likely OCR damage in transliteration.
wts_1_34	204	19	MıgTo	dotless_i	MigTo	der Geburten [u. a.]“ (MıgTo 93,18).	orthography_scan	low	review	20	Dotless i is likely OCR damage in transliteration.
wts_1_34	206	59	Rsı	dotless_i	Rsi	3.npr. ein Rsı.	orthography_scan	low	review	20	Dotless i is likely OCR damage in transliteration.
wts_1_34	207	40	viharatı	dotless_i	viharati	äkasänantyäyatanam upasampadya viharatı	orthography_scan	low	review	20	Dotless i is likely OCR damage in transliteration.
wts_1_34	207	196	MıgTo	dotless_i	MigTo	Verluste“ (MıgTo 93,18).	orthography_scan	low	review	20	Dotless i is likely OCR damage in transliteration.
wts_1_34	208	151	törıchten	dotless_i	törichten	Wohlwollen auf diesen törıchten Men-	orthography_scan	low	review	20	Dotless i is likely OCR damage in transliteration.
wts_1_34	210	73	ım	dotless_i	im	Königs war ım Lustgarten“ (Liyl 175a2);	orthography_scan	low	review	20	Dotless i is likely OCR damage in transliteration.
wts_1_34	211	107	sın	dotless_i	sin	(Dagy); dus skyes = sin — (Dagy); — gser sın	orthography_scan	medium	review	45	Dotless i is likely OCR damage in transliteration.
wts_1_34	212	71	garı	dotless_i	gari	Laien verloren den Glauben“ (Liy2 60); garı	orthography_scan	low	review	20	Dotless i is likely OCR damage in transliteration.
wts_1_34	212	184	glın	dotless_i	glin	glın legs kar 777 — „ich werde im südlichen	orthography_scan	low	review	20	Dotless i is likely OCR damage in transliteration.
wts_1_34	212	192	ıihäpy	dotless_i	iihäpy	’mutropapannah / tatas cyuta ıihäpy upapa-	orthography_scan	low	review	20	Dotless i is likely OCR damage in transliteration.
wts_1_34	214	101	drı	dotless_i	dri	Speise findet“ (K12 132a1); drı Zim — yı /	orthography_scan	medium	review	45	Dotless i is likely OCR damage in transliteration.
wts_1_34	214	101	yı	dotless_i	yi	Speise findet“ (K12 132a1); drı Zim — yı /	orthography_scan	medium	review	45	Dotless i is likely OCR damage in transliteration.
wts_1_34	215	21	annımmt	dotless_i	annimmt	annımmt“ (Dagy).	orthography_scan	medium	review	45	Dotless i is likely OCR damage in transliteration.
wts_1_34	218	173	äsavärısta	dotless_i	äsavärista	lauwarmen Likör (skt. äsavärısta)“ (Ahs	orthography_scan	low	review	20	Dotless i is likely OCR damage in transliteration.
wts_1_34	218	200	yarı	dotless_i	yari	wurde unschuldig abgeurteilt“ (Nel 433); yarı	orthography_scan	low	review	20	Dotless i is likely OCR damage in transliteration.
wts_1_34	219	80	dıean	dotless_i	diean	Krüppel vor, dıean Hals, Gliedern und Sin-	orthography_scan	low	review	20	Dotless i is likely OCR damage in transliteration.
wts_1_34	220	44	täyın	dotless_i	täyin	Bodhisattvas und eines Buddha (täyın)“	orthography_scan	low	review	20	Dotless i is likely OCR damage in transliteration.
wts_1_34	221	13	wıeder	dotless_i	wieder	wo Gaben verteilt werden, immer wıeder	orthography_scan	low	review	20	Dotless i is likely OCR damage in transliteration.
wts_1_34	222	96	eın	dotless_i	ein	སྐྲ་གཞར་ skra £227༡༡ eın Stäbchen zur Ohrreini-	orthography_scan	medium	review	45	Dotless i is likely OCR damage in transliteration.
wts_1_34	222	121	landıa	dotless_i	landia	landıa corymbosa Linn. u. a. (Meul 571 [.);	orthography_scan	low	review	20	Dotless i is likely OCR damage in transliteration.
wts_1_34	224	27	Ajıta	dotless_i	Ajita	rers Ajıta; skt. Kesakambala.	orthography_scan	low	review	20	Dotless i is likely OCR damage in transliteration.
wts_1_34	224	44	tbkrı	dotless_i	tbkri	ken; vgl. tbkrı.	orthography_scan	low	review	20	Dotless i is likely OCR damage in transliteration.
wts_1_34	225	5	säın	dotless_i	säin	stahl“ (Tär 136,11); säın man — dme byed	orthography_scan	low	review	20	Dotless i is likely OCR damage in transliteration.
wts_1_34	225	82	dreı	dotless_i	drei	„man muß in die Breite dreı Maßeinheiten,	orthography_scan	low	review	20	Dotless i is likely OCR damage in transliteration.
wts_1_34	226	26	lalıtäsana	dotless_i	lalitäsana	lalıtäsana.	orthography_scan	low	review	20	Dotless i is likely OCR damage in transliteration.
wts_1_34	226	70	tbrkyanı	dotless_i	tbrkyani	tbrkyanı.	orthography_scan	low	review	20	Dotless i is likely OCR damage in transliteration.
wts_1_34	226	156	Lın	dotless_i	Lin	eines Gelübdes unterbrochen wurde (Lın	orthography_scan	low	review	20	Dotless i is likely OCR damage in transliteration.
wts_1_34	227	67	sıe	dotless_i	sie	sind‘, denn sıe haben den sinnlichen Be-	orthography_scan	low	review	20	Dotless i is likely OCR damage in transliteration.
wts_1_34	232	84	flüssıger	dotless_i	flüssiger	„wenn man eine in flüssıger Butter [zubereitete] Abkochung getrunken hat“ (¥	orthography_scan	low	review	20	Dotless i is likely OCR damage in transliteration.
wts_1_34	233	146	nanı	dotless_i	nani	chen, bei der tbun sgom in nanı sgom gipfelt;	orthography_scan	low	review	20	Dotless i is likely OCR damage in transliteration.
wts_1_34	234	33	eınem	dotless_i	einem	usw. in eınem Gefäß schwenken, reinigend	orthography_scan	low	review	20	Dotless i is likely OCR damage in transliteration.
wts_1_34	236	179	cın	dotless_i	cin	wird“ (Bca 8.178b); ri dags mo ... — cın yanıs	orthography_scan	low	review	20	Dotless i is likely OCR damage in transliteration.
wts_1_34	236	179	yanıs	dotless_i	yanis	wird“ (Bca 8.178b); ri dags mo ... — cın yanıs	orthography_scan	low	review	20	Dotless i is likely OCR damage in transliteration.
wts_1_34	237	37	hınzu-	dotless_i	hinzu-	anbinden, aufstecken, aufsetzen, hınzu-	orthography_scan	low	review	20	Dotless i is likely OCR damage in transliteration.
wts_1_34	237	194	feıgn	dotless_i	feign	mix, invent, feıgn (Lıi/CoBLm 1987: 376)?	orthography_scan	low	review	20	Dotless i is likely OCR damage in transliteration.
wts_1_34	237	194	Lıi	dotless_i	Lii	mix, invent, feıgn (Lıi/CoBLm 1987: 376)?	orthography_scan	low	review	20	Dotless i is likely OCR damage in transliteration.
wts_1_34	240	26	nınth	dotless_i	ninth	nınth century“. In: AOH 36 (1982[1983]), pp. 545-548.	orthography_scan	medium	review	45	Dotless i is likely OCR damage in transliteration.
wts_1_34	242	97	vedıkä	dotless_i	vedikä	Lex. vedıkä „Opferbank, Umzäunung“	orthography_scan	low	review	20	Dotless i is likely OCR damage in transliteration.
wts_1_34	243	188	gsın	dotless_i	gsin	noch nicht ergeben“ (MTH3/3/9 6); gsın	orthography_scan	medium	review	45	Dotless i is likely OCR damage in transliteration.
wts_1_34	245	42	seın	dotless_i	sein	hören, gehorsam seın.	orthography_scan	low	review	20	Dotless i is likely OCR damage in transliteration.
wts_1_34	247	125	gzrı	dotless_i	gzri	gzrı min).	orthography_scan	medium	review	45	Dotless i is likely OCR damage in transliteration.
wts_1_34	248	144	Prajäpatı	dotless_i	Prajäpati	2. Bez. des Prajäpatı.	orthography_scan	low	review	20	Dotless i is likely OCR damage in transliteration.
wts_1_34	249	213	Hımälaya-Gebirge	dotless_i	Himälaya-Gebirge	das Hımälaya-Gebirge“ (ViśT 206,7); ri -	orthography_scan	low	review	20	Dotless i is likely OCR damage in transliteration.
wts_1_34	250	16	gZı	dotless_i	gZi	vierreihige Balustrade* (gZı 3: 47,5); ~	orthography_scan	medium	review	45	Dotless i is likely OCR damage in transliteration.
wts_1_34	253	105	kaläcıkah	dotless_i	kaläcikah	Lex. kaläcıkah (Mvy 8958); thur ma’am	orthography_scan	medium	review	45	Dotless i is likely OCR damage in transliteration.
wts_1_34	254	42	gZı-Sn	dotless_i	gZi-Sn	glättet“ (gZı-Sn 92,12).	orthography_scan	medium	review	45	Dotless i is likely OCR damage in transliteration.
wts_1_34	254	134	gZı	dotless_i	gZi	ren“ (gZı 4: 391,1).	orthography_scan	medium	review	45	Dotless i is likely OCR damage in transliteration.
wts_1_34	255	118	dGa’-Idan-pı	dotless_i	dGa’-Idan-pi	Herrscher der dGa’-Idan-pı* (Bhulg	orthography_scan	low	review	20	Dotless i is likely OCR damage in transliteration.
wts_1_34	260	23	nıs	dotless_i	nis	nıs“ (Dagy).	orthography_scan	medium	review	45	Dotless i is likely OCR damage in transliteration.
wts_1_34	260	213	bZı	dotless_i	bZi	(Mvy 2284, Abt. zas bZı°i min).	orthography_scan	low	review	20	Dotless i is likely OCR damage in transliteration.
wts_1_34	262	108	nımm	dotless_i	nimm	skt. āprcchasva nımm Abschied!)“ (Megh	orthography_scan	low	review	20	Dotless i is likely OCR damage in transliteration.
wts_1_34	263	6	Ganapatı	dotless_i	Ganapati	2. Beiname des Ganapatı.	orthography_scan	low	review	20	Dotless i is likely OCR damage in transliteration.
wts_1_34	264	48	sıe	dotless_i	sie	„er gab ihr seinen Metallbecher, sıe stülpte	orthography_scan	low	review	20	Dotless i is likely OCR damage in transliteration.
wts_1_34	264	97	sıe	dotless_i	sie	„obwohl sıe ihn fragte, gestand er es nicht	orthography_scan	low	review	20	Dotless i is likely OCR damage in transliteration.
wts_1_34	266	180	mahıkaä	dotless_i	mahikaä	Lex. mahıkaä (Mvy 1872); na bun te smug pa	orthography_scan	low	review	20	Dotless i is likely OCR damage in transliteration.
wts_1_34	270	34	wınn	dotless_i	winn	wınn.	orthography_scan	low	review	20	Dotless i is likely OCR damage in transliteration.
wts_1_34	271	69	rıb	dotless_i	rib	verbreitet“ (5751 35b3); rab rıb kyıi lin tog	orthography_scan	medium	review	45	Dotless i is likely OCR damage in transliteration.
wts_1_34	271	69	kyıi	dotless_i	kyii	verbreitet“ (5751 35b3); rab rıb kyıi lin tog	orthography_scan	medium	review	45	Dotless i is likely OCR damage in transliteration.
wts_1_34	271	173	zweı	dotless_i	zwei	zweı“ (Sumpa 14635).	orthography_scan	low	review	20	Dotless i is likely OCR damage in transliteration.
wts_1_34	275	54	dıvin	dotless_i	divin	2. [dıvin.] eine Kalkulation.	orthography_scan	low	review	20	Dotless i is likely OCR damage in transliteration.
wts_1_34	281	78	skyıl	dotless_i	skyil	seligkeit erfüllt“ (Dol1 35,8); skyıl kruns	orthography_scan	low	review	20	Dotless i is likely OCR damage in transliteration.
wts_1_34	282	74	mın	dotless_i	min	Lex. mig 97 mın (Dagy).	orthography_scan	medium	review	45	Dotless i is likely OCR damage in transliteration.
wts_1_34	289	189	dır	dotless_i	dir	(metr.) „bei dır selbst gibt es viel Unreines“	orthography_scan	low	review	20	Dotless i is likely OCR damage in transliteration.
wts_1_34	292	154	raktarajı	dotless_i	raktaraji	heit; skt. raktarajı „excroissance	orthography_scan	low	review	20	Dotless i is likely OCR damage in transliteration.
wts_1_34	293	203	sın	dotless_i	sin	sın (Dagy).	orthography_scan	medium	review	45	Dotless i is likely OCR damage in transliteration.
wts_1_34	295	151	zıl	dotless_i	zil	synon. ston zıl, vgl. KLETTER/KRIECH-	orthography_scan	low	review	20	Dotless i is likely OCR damage in transliteration.
wts_1_34	299	117	Rsı	dotless_i	Rsi	für einen Rsı.	orthography_scan	low	review	20	Dotless i is likely OCR damage in transliteration.
wts_1_34	301	210	männlıcher	dotless_i	männlicher	>’ tshogs rnams dan „ihr Scharen männlıcher und weiblicher zornvoller Gottheiten“	orthography_scan	medium	review	45	Dotless i is likely OCR damage in transliteration.
wts_1_34	303	71	nıcht	dotless_i	nicht	nıcht“ (gZer 745,2).	orthography_scan	medium	review	45	Dotless i is likely OCR damage in transliteration.
wts_1_34	305	82	äspharanakasamädhiıh	dotless_i	äspharanakasamädhiih	Lex. äspharanakasamädhiıh „alles durchdrin-	orthography_scan	medium	review	45	Dotless i is likely OCR damage in transliteration.
wts_1_34	315	206	Kamsärı	dotless_i	Kamsäri	skt. Kamsärı.	orthography_scan	low	review	20	Dotless i is likely OCR damage in transliteration.
wts_1_34	319	91	samsarıtvä	dotless_i	samsaritvä	Lex. ~ nas = samsarıtvä „im Saṃsāra um-	orthography_scan	medium	review	45	Dotless i is likely OCR damage in transliteration.
wts_1_34	320	114	nısädah	dotless_i	nisädah	Lex. nısädah (Mvy 5034).	orthography_scan	low	review	20	Dotless i is likely OCR damage in transliteration.
wts_1_34	324	98	bhrämayantı	dotless_i	bhrämayanti	~ pa = bhrämayantı (Mvy 5108).	orthography_scan	low	review	20	Dotless i is likely OCR damage in transliteration.
wts_1_34	324	125	kyın	dotless_i	kyin	kyın cha „wir wandern in den schlechten	orthography_scan	low	review	20	Dotless i is likely OCR damage in transliteration.
wts_1_34	325	56	yırvg	dotless_i	yirvg	SU) yırvg	orthography_scan	low	review	20	Dotless i is likely OCR damage in transliteration.
wts_1_34	329	65	zıert	dotless_i	ziert	zıert“ (MTH3/5/27 23).	orthography_scan	medium	review	45	Dotless i is likely OCR damage in transliteration.
wts_1_34	329	111	ıst	dotless_i	ist	.. ༡ Zin ger (metr.) „Galle ıst abführend	orthography_scan	medium	review	45	Dotless i is likely OCR damage in transliteration.
wts_1_34	336	53	garı	dotless_i	gari	གང་ garı	orthography_scan	medium	review	45	Dotless i is likely OCR damage in transliteration.
wts_1_34	336	154	garı	dotless_i	gari	གང་ garı	orthography_scan	medium	review	45	Dotless i is likely OCR damage in transliteration.
wts_1_34	336	195	cın	dotless_i	cin	cın „er hatte [schon immer] gut für alles	orthography_scan	low	review	20	Dotless i is likely OCR damage in transliteration.
wts_1_34	337	99	ganı	dotless_i	gani	"ART ""gan ga \ganı gä."	orthography_scan	low	review	20	Dotless i is likely OCR damage in transliteration.
wts_1_34	337	159	garı	dotless_i	gari	གང་གང་ gar garı	orthography_scan	medium	review	45	Dotless i is likely OCR damage in transliteration.
wts_1_34	337	185	rı	dotless_i	ri	Lex. gans rı ti se (Dagy).	orthography_scan	medium	review	45	Dotless i is likely OCR damage in transliteration.
wts_1_34	338	21	tıg	dotless_i	tig	Lex. gan 97:77 gtan tıg tıg „wie es gewiß ist“	orthography_scan	low	review	20	Dotless i is likely OCR damage in transliteration.
wts_1_34	338	21	tıg	dotless_i	tig	Lex. gan 97:77 gtan tıg tıg „wie es gewiß ist“	orthography_scan	low	review	20	Dotless i is likely OCR damage in transliteration.
wts_1_34	338	80	'gaṅı	dotless_i	'gaṅi	གང་དག་ 'gaṅı dag sauber.	orthography_scan	medium	review	45	Dotless i is likely OCR damage in transliteration.
wts_1_34	339	17	blı-	dotless_i	bli-	’gro (metr.) „man soll ein Joch weit blı-	orthography_scan	low	review	20	Dotless i is likely OCR damage in transliteration.
wts_1_34	340	91	garı	dotless_i	gari	གང་ཟྲག་ garı zag Person, Mensch.	orthography_scan	medium	review	45	Dotless i is likely OCR damage in transliteration.
wts_1_34	341	7	kyanı	dotless_i	kyani	zeigen“ (Mil 29,11); gan gis kyanı ... yig skyel	orthography_scan	medium	review	45	Dotless i is likely OCR damage in transliteration.
wts_1_34	342	50	Hımälaya	dotless_i	Himälaya	Gletscher, Bez. des Hımälaya; -’	orthography_scan	medium	review	45	Dotless i is likely OCR damage in transliteration.
wts_1_34	346	47	yıg	dotless_i	yig	གན་ཡིག་ gan yıg Privatvertrag.	orthography_scan	medium	review	45	Dotless i is likely OCR damage in transliteration.
wts_1_34	346	200	spyı	dotless_i	spyi	des spyı dpon“ (Gesar 186,20).	orthography_scan	low	review	20	Dotless i is likely OCR damage in transliteration.
wts_1_34	351	26	sın	dotless_i	sin	Lex. sın 7/£ (Dagy).	orthography_scan	medium	review	45	Dotless i is likely OCR damage in transliteration.
wts_1_34	356	14	säın	dotless_i	säin	daṅ bcas par „mit seinem Wagen und in seiner Rüstung“ (ViśT 160,30); säın 77༩7 ~$	orthography_scan	medium	review	45	Dotless i is likely OCR damage in transliteration.
wts_1_34	357	9	ımwälzen	dotless_i	imwälzen	Lex. ’gyur log tu ’jug pa „ımwälzen“ (brDa);	orthography_scan	low	review	20	Dotless i is likely OCR damage in transliteration.
wts_1_34	364	42	lıpta	dotless_i	lipta	Unreinem beschmiert (skt. lıpta) ist, nicht	orthography_scan	low	review	20	Dotless i is likely OCR damage in transliteration.
wts_1_34	364	71	pändaravasıni	dotless_i	pändaravasini	Lex. pändaravasıni (Mvy 4279).	orthography_scan	low	review	20	Dotless i is likely OCR damage in transliteration.
wts_1_34	372	151	gsarı	dotless_i	gsari	glsah“ hochberühmt“ (Nel 1803); gsarı	orthography_scan	low	review	20	Dotless i is likely OCR damage in transliteration.
wts_1_34	374	4	varıdhäräab	dotless_i	varidhäräab	rgyun = Sitalä varıdhäräab „kühle Wasserströme“ (in Mvy 214).	orthography_scan	medium	review	45	Dotless i is likely OCR damage in transliteration.
wts_1_34	375	27	yanı	dotless_i	yani	gehen]“ (Glu 36d); ’bri stag rin gsum yanı	orthography_scan	low	review	20	Dotless i is likely OCR damage in transliteration.
wts_1_34	375	171	pandı	dotless_i	pandi	der Reihe aufgestanden“ (Mil 33,16); pandı	orthography_scan	low	review	20	Dotless i is likely OCR damage in transliteration.
wts_1_34	378	54	vajrakartarı	dotless_i	vajrakartari	Vajra-Messers (skt. vajrakartarı)“ (Hev	orthography_scan	low	review	20	Dotless i is likely OCR damage in transliteration.
wts_1_34	378	101	Ha-śarı	dotless_i	Ha-śari	kri mi-dmar, Ro-kri mi-dmar, Ha-śarı mi-	orthography_scan	low	review	20	Dotless i is likely OCR damage in transliteration.
wts_1_34	381	154	sıe	dotless_i	sie	sıe das Land verlassen hatten, reisten sie	orthography_scan	low	review	20	Dotless i is likely OCR damage in transliteration.
wts_1_34	383	42	rasayananı	dotless_i	rasayanani	„vollkommene Elixiere (skt. rasayananı	orthography_scan	low	review	20	Dotless i is likely OCR damage in transliteration.
wts_1_34	386	96	gZı	dotless_i	gZi	besten Gefährtinnen“ (gZı 4: 66,4); myon	orthography_scan	medium	review	45	Dotless i is likely OCR damage in transliteration.
wts_1_34	387	133	nıen	dotless_i	nien	nıen für Laien.	orthography_scan	low	review	20	Dotless i is likely OCR damage in transliteration.
wts_1_34	392	61	gäıi	dotless_i	gäii	für Anteil“ (brDa); gla rnan gyi than gäıi	orthography_scan	medium	review	45	Dotless i is likely OCR damage in transliteration.
wts_1_34	392	175	kastärıkändam	dotless_i	kastärikändam	Lex. kastärıkändam (Mvy 5832), mrgama-	orthography_scan	low	review	20	Dotless i is likely OCR damage in transliteration.
wts_1_34	396	124	glın	dotless_i	glin	1. 1glın 1.	orthography_scan	low	review	20	Dotless i is likely OCR damage in transliteration.
wts_1_34	396	170	glın	dotless_i	glin	1. 1glın 1.	orthography_scan	low	review	20	Dotless i is likely OCR damage in transliteration.
wts_1_34	398	122	nıdana	dotless_i	nidana	skt. nıdana.	orthography_scan	low	review	20	Dotless i is likely OCR damage in transliteration.
wts_1_34	403	185	tusıtäh	dotless_i	tusitäh	Lex. tusıtäh (Mvy 3081); ’dod lha’i gnas bzi	orthography_scan	medium	review	45	Dotless i is likely OCR damage in transliteration.
wts_1_34	403	192	gśıs	dotless_i	gśis	yin pa’i gśıs „sie waren enge Vertraute für	orthography_scan	low	review	20	Dotless i is likely OCR damage in transliteration.
wts_1_34	404	64	samädhıh	dotless_i	samädhih	näma samädhıh (Mvy 567).	orthography_scan	low	review	20	Dotless i is likely OCR damage in transliteration.
wts_1_34	412	49	ı	dotless_i	i	[König] Kalyäna, [d. ı.] Mi-la rme-ba-can“	orthography_scan	low	review	20	Dotless i is likely OCR damage in transliteration.
wts_1_34	414	40	svastı	dotless_i	svasti	(brDa); dge (v. 1. bde) legs = svastı (Mvy	orthography_scan	medium	review	45	Dotless i is likely OCR damage in transliteration.
wts_1_34	414	66	kalyanamiıtra	dotless_i	kalyanamiitra	geistliche Lehrer, skt. kalyanamiıtra.	orthography_scan	low	review	20	Dotless i is likely OCR damage in transliteration.
wts_1_34	418	42	kyanı	dotless_i	kyani	(Vdk 2: 367,3); re Zig sdod ~ bsams kyanı	orthography_scan	low	review	20	Dotless i is likely OCR damage in transliteration.
wts_1_34	419	41	kyanı	dotless_i	kyani	denen es gut geht“ (Ppu 104b); ’gums kyanı	orthography_scan	low	review	20	Dotless i is likely OCR damage in transliteration.
wts_1_34	420	48	Hım-	dotless_i	Him-	edlen Arhantis Yasahprajhä usw. am Hım-	orthography_scan	low	review	20	Dotless i is likely OCR damage in transliteration.
wts_1_34	423	91	vrajamı	dotless_i	vrajami	(skt. vrajamı) schnellen Schrittes“ (HMrg	orthography_scan	low	review	20	Dotless i is likely OCR damage in transliteration.
wts_1_34	424	128	gananägatı	dotless_i	gananägati	gananägatı“ (Mvy 7970).	orthography_scan	low	review	20	Dotless i is likely OCR damage in transliteration.
wts_1_34	431	190	gsanı	dotless_i	gsani	schmücken“, sprechen; mgrin gsanı	orthography_scan	low	review	20	Dotless i is likely OCR damage in transliteration.
wts_1_34	436	11	vıpädika	dotless_i	vipädika	‚zerstörte Füße‘ (skt. vıpädika) springen an	orthography_scan	low	review	20	Dotless i is likely OCR damage in transliteration.
wts_1_34	438	134	MıgTo	dotless_i	MigTo	ren“ (MıgTo 86,10).	orthography_scan	low	review	20	Dotless i is likely OCR damage in transliteration.
wts_1_34	441	56	’oyın	dotless_i	’oyin	འགྱིང་སྟངས་ ’oyın stans Hochmut.	orthography_scan	medium	review	45	Dotless i is likely OCR damage in transliteration.
wts_1_34	442	101	samprakäsayısyati	dotless_i	samprakäsayisyati	vistarena samprakäsayısyati „er wird es aus-	orthography_scan	low	review	20	Dotless i is likely OCR damage in transliteration.
wts_1_34	447	133	yı	dotless_i	yi	mada) schwer sind“ (Vmst 1143); skra yı	orthography_scan	medium	review	45	Dotless i is likely OCR damage in transliteration.
wts_1_34	449	109	gsarı	dotless_i	gsari	erreicht werden!“ (ViśT 202,7); gsarı srags	orthography_scan	low	review	20	Dotless i is likely OCR damage in transliteration.
wts_1_34	452	46	Idın	dotless_i	Idin	འགྲོ་ལྡིང་ gro Idın.	orthography_scan	medium	review	45	Dotless i is likely OCR damage in transliteration.
wts_1_34	455	97	garı	dotless_i	gari	རྒང་གཟུགས་ 7garı gzugs eine Antilope.	orthography_scan	medium	review	45	Dotless i is likely OCR damage in transliteration.
wts_1_34	455	166	äsavarısta	dotless_i	äsavarista	bya (metr.) „man trinke alten und lauwarmen Likör (skt. äsavarısta)“ (Ahs	orthography_scan	low	review	20	Dotless i is likely OCR damage in transliteration.
wts_1_34	458	12	tärısch	dotless_i	tärisch	tärısch, heldenhaft.	orthography_scan	low	review	20	Dotless i is likely OCR damage in transliteration.
wts_1_34	458	169	vadımandala	dotless_i	vadimandala	Diskussionsrunde (skt. vadımandala) ein!“	orthography_scan	low	review	20	Dotless i is likely OCR damage in transliteration.
wts_1_34	461	102	Corydalıs	dotless_i	Corydalis	eine Art Corydalıs, synon. chu	orthography_scan	low	review	20	Dotless i is likely OCR damage in transliteration.
wts_1_34	464	144	ıyarı	dotless_i	iyari	རྒྱ་རུ་ ıyarı Antilopenhorn.	orthography_scan	medium	review	45	Dotless i is likely OCR damage in transliteration.
wts_1_34	466	19	yarıg	dotless_i	yarig	རྒྱང་ག ད &yarıg go	orthography_scan	medium	review	45	Dotless i is likely OCR damage in transliteration.
wts_1_34	466	88	royarı	dotless_i	royari	ART royarı bu Holztäfelchen für Rituale,	orthography_scan	low	review	20	Dotless i is likely OCR damage in transliteration.
wts_1_34	472	21	Ksatrıya	dotless_i	Ksatriya	Ksatrıya.	orthography_scan	low	review	20	Dotless i is likely OCR damage in transliteration.
wts_1_34	472	34	Jaimıni	dotless_i	Jaimini	Jaimıni.	orthography_scan	low	review	20	Dotless i is likely OCR damage in transliteration.
wts_1_34	477	176	rı	dotless_i	ri	sehr schwer zu gehen“ (KTh 1: 40,2); rı rab	orthography_scan	medium	review	45	Dotless i is likely OCR damage in transliteration.
wts_1_34	483	7	hetudäyıka	dotless_i	hetudäyika	„hetudäyıka [u. a. sind] diese 32 Kanäle“	orthography_scan	low	review	20	Dotless i is likely OCR damage in transliteration.
wts_1_34	483	96	nımittam	dotless_i	nimittam	Lex. nımittam (in Mvy 7626); don gan Zig	orthography_scan	low	review	20	Dotless i is likely OCR damage in transliteration.
wts_1_34	489	95	sgarı	dotless_i	sgari	སྒང་བུ་ ?sgarı bu Tgan bu 1.	orthography_scan	medium	review	45	Dotless i is likely OCR damage in transliteration.
wts_1_34	489	99	sgarı	dotless_i	sgari	སྒང་གཤགས་ sgarı 9$579$ (zw.) Kiste.	orthography_scan	medium	review	45	Dotless i is likely OCR damage in transliteration.
wts_1_34	489	102	sgarı	dotless_i	sgari	སྒང་གཤོངས་ sgarı gsons	orthography_scan	medium	review	45	Dotless i is likely OCR damage in transliteration.
wts_1_34	491	201	chandikävarıkah	dotless_i	chandikävarikah	(+. 1. om. chun) bsrun ba = chandikävarıkah	orthography_scan	low	review	20	Dotless i is likely OCR damage in transliteration.
wts_1_34	493	64	sın	dotless_i	sin	Lex. a sın (TTC).	orthography_scan	low	review	20	Dotless i is likely OCR damage in transliteration.
wts_1_34	494	158	yı	dotless_i	yi	སྒོ་ཡི་མེ་ཁོང་ sgo yı me lor Türblatt.	orthography_scan	medium	review	45	Dotless i is likely OCR damage in transliteration.
wts_1_34	499	109	kyanı	dotless_i	kyani	mel“ (Suv 20,22); srog chags rnams kyanı ...	orthography_scan	low	review	20	Dotless i is likely OCR damage in transliteration.
wts_1_34	505	48	g.yı	dotless_i	g.yi	Lex. gcan gzan g.yı (TTC).	orthography_scan	medium	review	45	Dotless i is likely OCR damage in transliteration.
wts_1_34	507	149	rın	dotless_i	rin	Fackel in der Hand hielt“ (Prav 33,18); rın	orthography_scan	low	review	20	Dotless i is likely OCR damage in transliteration.
wts_1_34	508	102	tärakalı	dotless_i	tärakali	tärakalı „Retter“ (Mvy 416).	orthography_scan	low	review	20	Dotless i is likely OCR damage in transliteration.
wts_1_34	508	150	Rsı	dotless_i	Rsi	2. Bez. für Rsı.	orthography_scan	low	review	20	Dotless i is likely OCR damage in transliteration.
wts_1_34	509	139	gZı	dotless_i	gZi	lṅa ~ „1500 Schatztruhen“ (gZı 1: 582,3);	orthography_scan	medium	review	45	Dotless i is likely OCR damage in transliteration.
wts_1_34	515	64	Zın	dotless_i	Zin	Zın (metr.) „getränkt mit dessen eigenem	orthography_scan	low	review	20	Dotless i is likely OCR damage in transliteration.
wts_1_34	515	161	glın	dotless_i	glin	säug glın ~ ro „einige spielten Bambusflöte“	orthography_scan	low	review	20	Dotless i is likely OCR damage in transliteration.
wts_1_34	516	173	zın	dotless_i	zin	zın (Dagy).	orthography_scan	medium	review	45	Dotless i is likely OCR damage in transliteration.
wts_1_34	517	211	yı	dotless_i	yi	setzen“ (Ppu 117b); ~ te rma yı bag byed	orthography_scan	medium	review	45	Dotless i is likely OCR damage in transliteration.
wts_1_34	524	114	väkkalı-	dotless_i	väkkali-	Lex. - Zes bya ba’i tin ne ’dzin = väkkalı-	orthography_scan	medium	review	45	Dotless i is likely OCR damage in transliteration.
wts_1_34	525	10	Rsı	dotless_i	Rsi	2. Bez. für Rsı.	orthography_scan	low	review	20	Dotless i is likely OCR damage in transliteration.
wts_1_34	525	54	Rsı	dotless_i	Rsi	2. Bez. für Rsı.	orthography_scan	low	review	20	Dotless i is likely OCR damage in transliteration.
wts_1_34	526	44	nanı	dotless_i	nani	ga le byas (7. byed) gdams nag ster bas nanı	orthography_scan	low	review	20	Dotless i is likely OCR damage in transliteration.
wts_1_34	526	132	Sarasvatı	dotless_i	Sarasvati	Sarasvatı.	orthography_scan	low	review	20	Dotless i is likely OCR damage in transliteration.
wts_1_34	527	136	rIa-mgrın	dotless_i	rIa-mgrin	rIa-mgrın“ (Sumpa 9a6).	orthography_scan	low	review	20	Dotless i is likely OCR damage in transliteration.
wts_1_34	531	193	byıs	dotless_i	byis	Klagelaut ausstoßen“ (T4113 30624); byıs	orthography_scan	low	review	20	Dotless i is likely OCR damage in transliteration.
wts_1_34	531	202	Zın	dotless_i	Zin	29662); - Zın ’gyelnas „sie fiel weinend hin“	orthography_scan	low	review	20	Dotless i is likely OCR damage in transliteration.
wts_1_34	532	175	rıl	dotless_i	ril	ངུར་རིལ་ nur rıl	orthography_scan	medium	review	45	Dotless i is likely OCR damage in transliteration.
wts_1_34	532	222	rıl	dotless_i	ril	ངུར་རིལ་ nur rıl Wildente, Möwe.	orthography_scan	medium	review	45	Dotless i is likely OCR damage in transliteration.
wts_1_34	533	5	weınen	dotless_i	weinen	weınen.	orthography_scan	low	review	20	Dotless i is likely OCR damage in transliteration.
wts_1_34	536	83	nıcıta	dotless_i	nicita	nıcıta) lagen“ (HMrg 56,1).	orthography_scan	low	review	20	Dotless i is likely OCR damage in transliteration.
wts_1_34	551	49	Reıs	dotless_i	Reis	1. ein Reıs.	orthography_scan	low	review	20	Dotless i is likely OCR damage in transliteration.
wts_1_34	556	191	brıs	dotless_i	bris	མངོན་བྲིས་ mnon brıs pf. zeichnen.	orthography_scan	medium	review	45	Dotless i is likely OCR damage in transliteration.
wts_1_34	558	125	Rsı	dotless_i	Rsi	3. npr. ein Rsı.	orthography_scan	low	review	20	Dotless i is likely OCR damage in transliteration.
wts_1_34	558	140	bıDa	dotless_i	biDa	mähend“ (bıDa). རྡུད	orthography_scan	medium	review	45	Dotless i is likely OCR damage in transliteration.
wts_1_34	559	185	sarı	dotless_i	sari	རྔ་གཤང་ rna gan auch 7774 sarı, rha sans Trom-	orthography_scan	medium	review	45	Dotless i is likely OCR damage in transliteration.
wts_1_34	565	192	’ognı	dotless_i	’ogni	’ognı ~”/ gon ’og (Liś 24,16).	orthography_scan	low	review	20	Dotless i is likely OCR damage in transliteration.
wts_1_34	570	180	gNa-khri	gña_khri_family	gÑa-khri	die fünf; in Tibet ist es gNa-khri btsan-po“	language_knowledge	high	exact_promotion_candidate	90	Exact Tibetan proper-name style repair; not a broad n/ñ rule.
wts_1_34	575	173	spyıl	dotless_i	spyil	seine Redegewandtheit“ (Udr 23,20); spyıl	orthography_scan	medium	review	45	Dotless i is likely OCR damage in transliteration.
wts_1_34	575	198	tüsnimbhavenadhiväsayatı	dotless_i	tüsnimbhavenadhiväsayati	pas gnan = tüsnimbhavenadhiväsayatı (7.	orthography_scan	low	review	20	Dotless i is likely OCR damage in transliteration.
wts_1_34	577	104	grıg	dotless_i	grig	grıg y	orthography_scan	low	review	20	Dotless i is likely OCR damage in transliteration.
wts_1_34	577	206	nımmt	dotless_i	nimmt	nımmt der Arme Zuflucht beim Vor-	orthography_scan	low	review	20	Dotless i is likely OCR damage in transliteration.
wts_1_34	580	53	zıg	dotless_i	zig	ཅ ཞག €/ zıg	orthography_scan	medium	review	45	Dotless i is likely OCR damage in transliteration.
wts_1_34	580	113	yanı	dotless_i	yani	keine Augen hat?“ (Ps 90d); bsod nams yanı	orthography_scan	low	review	20	Dotless i is likely OCR damage in transliteration.
wts_1_34	580	175	Tcı	dotless_i	Tci	ཅི་ཞིག་འདྲ་ ci Zig ’dra Tcı ’dra.	orthography_scan	medium	review	45	Dotless i is likely OCR damage in transliteration.
wts_1_34	581	86	yanı	dotless_i	yani	möglich geworden“ (KTh 1: 280,6); der yanı	orthography_scan	medium	review	45	Dotless i is likely OCR damage in transliteration.
wts_1_34	582	161	cın	dotless_i	cin	ཅིང་ cın	orthography_scan	medium	review	45	Dotless i is likely OCR damage in transliteration.
wts_1_34	583	101	alttıb	dotless_i	alttib	"""ca alttıb. für Ichu."	orthography_scan	low	review	20	Dotless i is likely OCR damage in transliteration.
wts_1_34	584	34	rı	dotless_i	ri	ganz klein wenig irrten“ (Tär 42,3); nub rı	orthography_scan	low	review	20	Dotless i is likely OCR damage in transliteration.
wts_1_34	586	41	Tcı	dotless_i	Tci	Tcı cog, 10 cog.	orthography_scan	low	review	20	Dotless i is likely OCR damage in transliteration.
wts_1_34	586	209	Zı	dotless_i	Zi	"ཅང"" con 27 auch cun Zi, con Zu, gcon Zı ein"	orthography_scan	medium	review	45	Dotless i is likely OCR damage in transliteration.
wts_1_34	587	9	ı	dotless_i	i	"zun cha ~ (Dagy); con Zu = »""ı min (ITC);"	orthography_scan	medium	review	45	Dotless i is likely OCR damage in transliteration.
wts_1_34	590	39	türkısch	dotless_i	türkisch	türk. türkısch	orthography_scan	low	review	20	Dotless i is likely OCR damage in transliteration.
wts_1_34	592	175	Tcıg	dotless_i	Tcig	གཅིག་ཅར་ geig car Tcıg car.	orthography_scan	medium	review	45	Dotless i is likely OCR damage in transliteration.
wts_1_34	593	120	ekäkıino	dotless_i	ekäkiino	tu son ste = ekäkıino rahogatäh „einzelne, die	orthography_scan	low	review	20	Dotless i is likely OCR damage in transliteration.
wts_1_34	594	35	srı	dotless_i	sri	གཅིན་སྲི་ gein srı	orthography_scan	medium	review	45	Dotless i is likely OCR damage in transliteration.
wts_1_34	595	160	myın	dotless_i	myin	myın myi rlag par „damit der Titel ‚König,	orthography_scan	low	review	20	Dotless i is likely OCR damage in transliteration.
wts_1_34	597	94	srı	dotless_i	sri	གཅོང་སྲི་ gcon srı 6111 Dämon.	orthography_scan	medium	review	45	Dotless i is likely OCR damage in transliteration.
wts_1_34	597	121	samgrahın	dotless_i	samgrahin	Butter beseitigt Durchfall (skt. samgrahın	orthography_scan	low	review	20	Dotless i is likely OCR damage in transliteration.
wts_1_34	599	111	nıpidana	dotless_i	nipidana	[Hand] gehalten (für skt. nıpidana) hat,	orthography_scan	low	review	20	Dotless i is likely OCR damage in transliteration.
wts_1_34	601	123	upanämayısyamah	dotless_i	upanämayisyamah	pätram upanämayısyamah „solange die Zeit	orthography_scan	low	review	20	Dotless i is likely OCR damage in transliteration.
wts_1_34	604	79	fgecır	dotless_i	fgecir	auspressen, vgl. fgecır.	orthography_scan	low	review	20	Dotless i is likely OCR damage in transliteration.
wts_1_34	604	99	ı	dotless_i	i	oder zurückgeschlagen und ı. ཏྱ. v.	orthography_scan	medium	review	45	Dotless i is likely OCR damage in transliteration.
wts_1_34	607	9	gzıgs	dotless_i	gzigs	Pflanze, synon. spyan gzıgs	orthography_scan	medium	review	45	Dotless i is likely OCR damage in transliteration.
wts_1_34	611	208	rıgs	dotless_i	rigs	Lex. sman rıgs sig (Dagy).	orthography_scan	medium	review	45	Dotless i is likely OCR damage in transliteration.
wts_1_34	615	78	Icıbs	dotless_i	Icibs	""" Icıbs SC utz, eire."	orthography_scan	low	review	20	Dotless i is likely OCR damage in transliteration.
wts_1_34	616	167	mülıya	dotless_i	müliya	mülıya (h) im Sanskrit.	orthography_scan	low	review	20	Dotless i is likely OCR damage in transliteration.
wts_1_34	616	192	zjihvänirlekhanıka	dotless_i	zjihvänirlekhanika	(v. 1. gZar) zjihvänirlekhanıka (Mvy 8974).	orthography_scan	medium	review	45	Dotless i is likely OCR damage in transliteration.
wts_1_34	618	11	alttıb	dotless_i	alttib	& :cha alttıb. auch ca.	orthography_scan	low	review	20	Dotless i is likely OCR damage in transliteration.
wts_1_34	630	49	Zın	dotless_i	Zin	behaupten“ (Bu 635,2); rmons ’gyur Zın / ~	orthography_scan	low	review	20	Dotless i is likely OCR damage in transliteration.
wts_1_34	631	118	yıg	dotless_i	yig	ཆད་ཡིག་ chad yıg Abkommen, Vertrag.	orthography_scan	medium	review	45	Dotless i is likely OCR damage in transliteration.
wts_1_34	633	151	Eıs	dotless_i	Eis	ཆཌ་རྱོཉ།། chab rom Eıs.	orthography_scan	medium	review	45	Dotless i is likely OCR damage in transliteration.
wts_1_34	634	1	gsarı	dotless_i	gsari	ཆབ་གསང་ chab gsarı	orthography_scan	medium	review	45	Dotless i is likely OCR damage in transliteration.
wts_1_34	634	220	yıb	dotless_i	yib	~ yıb byas „ich bat um Unterkunft im	orthography_scan	low	review	20	Dotless i is likely OCR damage in transliteration.
wts_1_34	639	110	grıl	dotless_i	gril	ཆིག་དྲིལ་ chig dril Tchig grıl.	orthography_scan	medium	review	45	Dotless i is likely OCR damage in transliteration.
wts_1_34	640	131	chıbs	dotless_i	chibs	ཆེབས་དཔོན་ chibs dpon alttib. chıbs pon Ver-	orthography_scan	medium	review	45	Dotless i is likely OCR damage in transliteration.
wts_1_34	640	163	rıg	dotless_i	rig	bzo rıg ~ / sgar //0 „Handwerker, Reiter	orthography_scan	low	review	20	Dotless i is likely OCR damage in transliteration.
wts_1_34	641	1	chıl	dotless_i	chil	ཆེལ་ཆེལ་ chıl chil	orthography_scan	medium	review	45	Dotless i is likely OCR damage in transliteration.
wts_1_34	641	95	yıs	dotless_i	yis	entwässerter Milch“ (T1748 12833); ~ yıs	orthography_scan	low	review	20	Dotless i is likely OCR damage in transliteration.
wts_1_34	643	125	värıvaha	dotless_i	värivaha	Lex. värıvaha (Ak 21.74).	orthography_scan	low	review	20	Dotless i is likely OCR damage in transliteration.
wts_1_34	644	19	chürıkä	dotless_i	chürikä	Lex. chürıkä (Mvy 6091); Sastri (Ak	orthography_scan	low	review	20	Dotless i is likely OCR damage in transliteration.
wts_1_34	644	103	mıg	dotless_i	mig	mıg (Dagy).	orthography_scan	medium	review	45	Dotless i is likely OCR damage in transliteration.
wts_1_34	644	176	värıdharä	dotless_i	väridharä	värıdharä „Wasserstrom“ (in Mvy 226),	orthography_scan	low	review	20	Dotless i is likely OCR damage in transliteration.
wts_1_34	647	186	sarıt	dotless_i	sarit	Lex. alpa sarıt (Ak 69.48); ~ (v. 1. bran) =	orthography_scan	low	review	20	Dotless i is likely OCR damage in transliteration.
wts_1_34	649	165	Reıs	dotless_i	Reis	1. Reıs.	orthography_scan	low	review	20	Dotless i is likely OCR damage in transliteration.
wts_1_34	649	208	cı	dotless_i	ci	Lex. ~ cı stag mo (gYu 292,2).	orthography_scan	low	review	20	Dotless i is likely OCR damage in transliteration.
wts_1_34	650	26	gIsarı	dotless_i	gIsari	„in gIsarı sind Byan und Chu-mig, diese	orthography_scan	low	review	20	Dotless i is likely OCR damage in transliteration.
wts_1_34	650	160	parısrävanam	dotless_i	parisrävanam	Lex. parısrävanam (Mvy 9020); ~ gru gsum	orthography_scan	low	review	20	Dotless i is likely OCR damage in transliteration.
wts_1_34	651	91	proportionıert	dotless_i	proportioniert	proportionıert.	orthography_scan	low	review	20	Dotless i is likely OCR damage in transliteration.
wts_1_34	651	126	mın	dotless_i	min	mın (Dagy).	orthography_scan	medium	review	45	Dotless i is likely OCR damage in transliteration.
wts_1_34	652	28	värıyantra	dotless_i	väriyantra	värıyantra), 1111 Wasser spielen“ (Yś 102b).	orthography_scan	low	review	20	Dotless i is likely OCR damage in transliteration.
wts_1_34	652	59	yı	dotless_i	yi	ཆུ་ཨ་ངགས chu yı nogs \chn 77095.	orthography_scan	medium	review	45	Dotless i is likely OCR damage in transliteration.
wts_1_34	652	213	mıg	dotless_i	mig	Lex. mıg sgyu (Dagy).	orthography_scan	medium	review	45	Dotless i is likely OCR damage in transliteration.
wts_1_34	655	48	srı	dotless_i	sri	SN chu srı.	orthography_scan	low	review	20	Dotless i is likely OCR damage in transliteration.
wts_1_34	655	82	srın	dotless_i	srin	ཆུ་ཨུན chu srın.	orthography_scan	medium	review	45	Dotless i is likely OCR damage in transliteration.
wts_1_34	656	57	skyın	dotless_i	skyin	begeben in; skyın ¬ ersetzen.	orthography_scan	low	review	20	Dotless i is likely OCR damage in transliteration.
wts_1_34	656	152	yarı	dotless_i	yari	nicht verachten“ (KanL 33a); lus - yarı /	orthography_scan	low	review	20	Dotless i is likely OCR damage in transliteration.
wts_1_34	661	210	päniyavarıkab	dotless_i	päniyavarikab	Lex. päniyavarıkab (Mvy 9070).	orthography_scan	low	review	20	Dotless i is likely OCR damage in transliteration.
wts_1_34	662	70	kılätah	dotless_i	kilätah	Lex. kılätah (Mvy 5691).	orthography_scan	low	review	20	Dotless i is likely OCR damage in transliteration.
wts_1_34	663	74	atı	dotless_i	ati	Lex. mahat (in Mvy 1063, 1406 u. ö.); atı?	orthography_scan	low	review	20	Dotless i is likely OCR damage in transliteration.
wts_1_34	667	173	atıbäalakah	dotless_i	atibäalakah	atıbäalakah „sehr jung“ (Mvy 8780).	orthography_scan	low	review	20	Dotless i is likely OCR damage in transliteration.
wts_1_34	678	23	ım	dotless_i	im	ཧད དཱ einer der sechs ım Tibeti-	orthography_scan	medium	review	45	Dotless i is likely OCR damage in transliteration.
wts_1_34	678	69	Samädhı	dotless_i	Samädhi	rab tu ’byed pa Bez. eines Samädhı.	orthography_scan	medium	review	45	Dotless i is likely OCR damage in transliteration.
wts_1_34	681	96	dharmavasıtä	dotless_i	dharmavasitä	Lex. dharmavasıtä (Mvy 777, Abt. byan	orthography_scan	low	review	20	Dotless i is likely OCR damage in transliteration.
wts_1_34	683	121	nisadäsıla	dotless_i	nisadäsila	gtun gyi 97/ = nisadäsıla (Mvy 7515); - dan	orthography_scan	low	review	20	Dotless i is likely OCR damage in transliteration.
wts_1_34	686	61	tıg	dotless_i	tig	Lex. mu tıg (Dagy).	orthography_scan	medium	review	45	Dotless i is likely OCR damage in transliteration.
wts_1_34	686	220	Sın	dotless_i	Sin	vistrnvanti (Mvy 5177); nags me = Sın nags	orthography_scan	low	review	20	Dotless i is likely OCR damage in transliteration.
wts_1_34	688	8	Dalaı	dotless_i	Dalai	Dalaı Lama“ (Dagy).	orthography_scan	medium	review	45	Dotless i is likely OCR damage in transliteration.
wts_1_34	694	15	M.I.vı	dotless_i	M.I.vi	M.I.vı.2a	orthography_scan	low	review	20	Dotless i is likely OCR damage in transliteration.
wts_1_34	694	79	ı	dotless_i	i	T1ı112	orthography_scan	low	review	20	Dotless i is likely OCR damage in transliteration.
wts_1_34	698	119	sır	dotless_i	sir	ich verberge es nicht“ (VinUp 35,20); sır	orthography_scan	low	review	20	Dotless i is likely OCR damage in transliteration.
wts_1_34	704	84	yıg	dotless_i	yig	འཆིང་ཡིག་ chiṅ ༡/79 Tchins yıg.	orthography_scan	medium	review	45	Dotless i is likely OCR damage in transliteration.
wts_1_34	705	121	ıst	dotless_i	ist	für den das Wort das Höchste ıst“ (Mvy	orthography_scan	low	review	20	Dotless i is likely OCR damage in transliteration.
wts_1_34	705	219	unıher	dotless_i	uniher	galoppierend unıher“ (Hipp 216,17).	orthography_scan	low	review	20	Dotless i is likely OCR damage in transliteration.
wts_1_34	705	232	rıgs	dotless_i	rigs	Ritual beauftragte“ (dPe 45,21); rıgs ran	orthography_scan	low	review	20	Dotless i is likely OCR damage in transliteration.
wts_1_34	708	1	jarıl	dotless_i	jaril	ཇ་རིལ་ jarıl	orthography_scan	medium	review	45	Dotless i is likely OCR damage in transliteration.
wts_1_34	708	167	danı	dotless_i	dani	handelt“ (Ps 18b); ~ smras bzin byed danı	orthography_scan	low	review	20	Dotless i is likely OCR damage in transliteration.
wts_1_34	710	105	yaṅı	dotless_i	yaṅi	ཇི་ལྟར་ཡང་ ji ltar yaṅı	orthography_scan	medium	review	45	Dotless i is likely OCR damage in transliteration.
wts_1_34	711	67	apı	dotless_i	api	auf irgendeine Weise (skt. katham cid apı)	orthography_scan	medium	review	45	Dotless i is likely OCR damage in transliteration.
wts_1_34	711	181	Zıg	dotless_i	Zig	Saṃsāra [bestehen]“ (MSg 7,24); re Zıg ~	orthography_scan	low	review	20	Dotless i is likely OCR damage in transliteration.
wts_1_34	714	51	gaṅıs	dotless_i	gaṅis	ཇོ་མོ་གངས་ jo mo gaṅıs	orthography_scan	medium	review	45	Dotless i is likely OCR damage in transliteration.
wts_1_34	714	161	sıl	dotless_i	sil	ཇོ་ཉོ།སེལ་སིལ་ jo mo sıl sil npr. ein Berg ım	orthography_scan	medium	review	45	Dotless i is likely OCR damage in transliteration.
wts_1_34	714	161	ım	dotless_i	im	ཇོ་ཉོ།སེལ་སིལ་ jo mo sıl sil npr. ein Berg ım	orthography_scan	medium	review	45	Dotless i is likely OCR damage in transliteration.
wts_1_34	716	16	snanı	dotless_i	snani	མཇལ་རྩང་ mjal snanı Vision.	orthography_scan	medium	review	45	Dotless i is likely OCR damage in transliteration.
wts_1_34	716	171	rına	dotless_i	rina	Schwanz in die Höhe“ (PT1064 F1,1); rına	orthography_scan	low	review	20	Dotless i is likely OCR damage in transliteration.
wts_1_34	718	135	IJanı	dotless_i	IJani	IJanı gehört und Tibetisch spricht“ (Sambh	orthography_scan	low	review	20	Dotless i is likely OCR damage in transliteration.
wts_1_34	722	64	nahekonımen	dotless_i	nahekonimen	nahekonımen, verstecken“ (Dagy).	orthography_scan	medium	review	45	Dotless i is likely OCR damage in transliteration.
wts_1_34	722	120	meır	dotless_i	meir	(meır.) „für euch bezahle ich diesen	orthography_scan	low	review	20	Dotless i is likely OCR damage in transliteration.
wts_1_34	723	117	Zın	dotless_i	Zin	Zın „man wandert in der Welt umher“	orthography_scan	low	review	20	Dotless i is likely OCR damage in transliteration.
wts_1_34	727	11	Inı	dotless_i	Ini	leben“ (Inı2 W53); mi ~ pa bäis bsnens pa	orthography_scan	low	review	20	Dotless i is likely OCR damage in transliteration.
wts_1_34	731	1	sdarı	dotless_i	sdari	འཇིགས་སྡང་ Jigs sdarı	orthography_scan	medium	review	45	Dotless i is likely OCR damage in transliteration.
wts_1_34	733	127	skı	dotless_i	ski	Weltzeitalter einleiten (für skı. puskarä-	orthography_scan	low	review	20	Dotless i is likely OCR damage in transliteration.
wts_1_34	733	193	samädäpayatı	dotless_i	samädäpayati	Lex. yar dag par ’dzin du ~ = samädäpayatı	orthography_scan	medium	review	45	Dotless i is likely OCR damage in transliteration.
wts_1_34	735	52	ı.S.v	dotless_i	i.S.v	don „ı.S.v. durch das Locheisen gezogen“	orthography_scan	low	review	20	Dotless i is likely OCR damage in transliteration.
wts_1_34	738	112	lorı	dotless_i	lori	lorı » eine Schuld zurückzahlen.	orthography_scan	low	review	20	Dotless i is likely OCR damage in transliteration.
wts_1_34	743	56	gnanı	dotless_i	gnani	ENTER rjes gnanı	orthography_scan	low	review	20	Dotless i is likely OCR damage in transliteration.
wts_1_34	743	182	anı-	dotless_i	ani-	wird gewiß irgendeine Gunst (skt. anı-	orthography_scan	low	review	20	Dotless i is likely OCR damage in transliteration.
wts_1_34	743	201	Samädhiı	dotless_i	Samädhii	2. ein Samädhiı.	orthography_scan	low	review	20	Dotless i is likely OCR damage in transliteration.
wts_1_34	747	12	ı	dotless_i	i	= pas kyan (metr.) „schon durch das Nachdenken über sie [d. ı. Mafjusris Gestalt] “	orthography_scan	low	review	20	Dotless i is likely OCR damage in transliteration.
wts_1_34	747	180	jındm	dotless_i	jindm	jındm. richtend.	orthography_scan	low	review	20	Dotless i is likely OCR damage in transliteration.
wts_1_34	749	28	noınmen	dotless_i	noinmen	noınmen hatten, war seine Stimme	orthography_scan	low	review	20	Dotless i is likely OCR damage in transliteration.
wts_1_34	751	104	Sıkkim	dotless_i	Sikkim	ons Sıkkim.	orthography_scan	low	review	20	Dotless i is likely OCR damage in transliteration.
wts_1_34	751	125	sınan	dotless_i	sinan	Territorium errichten“ (Liyl 17566); sınan	orthography_scan	low	review	20	Dotless i is likely OCR damage in transliteration.
wts_1_34	751	209	dınar	dotless_i	dinar	ལྗོན་ ljon auch //0/7 dınar Kupfer.	orthography_scan	medium	review	45	Dotless i is likely OCR damage in transliteration.
wts_1_34	752	59	byanı	dotless_i	byani	Gras oder Holz“ (11748 12355); byanı chub	orthography_scan	low	review	20	Dotless i is likely OCR damage in transliteration.
wts_1_34	753	28	skı	dotless_i	ski	Vergeßlichkeit (skı. musitasmrti), Zer-	orthography_scan	low	review	20	Dotless i is likely OCR damage in transliteration.
wts_1_34	753	80	meır	dotless_i	meir	(meır.) „je zwei [Kapitel] über Geistes-	orthography_scan	low	review	20	Dotless i is likely OCR damage in transliteration.
wts_1_34	753	170	führı	dotless_i	führi	führı“ (Nel 25b1); imam thar ’di / dkar	orthography_scan	medium	review	45	Dotless i is likely OCR damage in transliteration.
wts_1_34	757	9	ınit	dotless_i	init	rnams „ein Gefolge ınit Mönchen, Schülern	orthography_scan	low	review	20	Dotless i is likely OCR damage in transliteration.
wts_1_34	757	21	mıg	dotless_i	mig	ཉ་མིག་ fa mıg ein Fisch (SCHUH 2012: 1382).	orthography_scan	medium	review	45	Dotless i is likely OCR damage in transliteration.
wts_1_34	757	44	Orı	dotless_i	Ori	YNIT fa mo gyur npr. ein Orı.	orthography_scan	low	review	20	Dotless i is likely OCR damage in transliteration.
wts_1_34	757	133	künımern	dotless_i	künimern	"""X fa ra in: ~ byed, mdzad sich künımern"	orthography_scan	medium	review	45	Dotless i is likely OCR damage in transliteration.
wts_1_34	757	180	VaıNth	dotless_i	VaiNth	unsere Waden“ (VaıNth 107,3).	orthography_scan	medium	review	45	Dotless i is likely OCR damage in transliteration.
wts_1_34	760	89	garı	dotless_i	gari	Nachsicht begegnen“ (Käsy 43,30); garı dag	orthography_scan	low	review	20	Dotless i is likely OCR damage in transliteration.
wts_1_34	761	114	hänıib	dotless_i	häniib	„zerfallen“ (Mvy 9129), hänıib „Abnahme,	orthography_scan	low	review	20	Dotless i is likely OCR damage in transliteration.
wts_1_34	765	78	heıt	dotless_i	heit	༄ heıt.	orthography_scan	medium	review	45	Dotless i is likely OCR damage in transliteration.
wts_1_34	771	146	nımmt	dotless_i	nimmt	„am Morgen nımmt er ein Bad“ (gZi 2:	orthography_scan	medium	review	45	Dotless i is likely OCR damage in transliteration.
wts_1_34	773	196	haıt	dotless_i	hait	» haıt.	orthography_scan	low	review	20	Dotless i is likely OCR damage in transliteration.
wts_1_34	773	217	gıs	dotless_i	gis	sich fortbewegen“ (Suv 113,13); ~ rlun gıs	orthography_scan	medium	review	45	Dotless i is likely OCR damage in transliteration.
wts_1_34	775	1	sarı	dotless_i	sari	ཉི་སང་པད་ ;77 sarı pad	orthography_scan	medium	review	45	Dotless i is likely OCR damage in transliteration.
wts_1_34	778	149	byanı	dotless_i	byani	Tag und Nacht“ (Suv 56,11); byanı chub	orthography_scan	low	review	20	Dotless i is likely OCR damage in transliteration.
wts_1_34	779	60	Aın	dotless_i	Ain	ཉིན་རེ་ Aın re 1/7//7.	orthography_scan	medium	review	45	Dotless i is likely OCR damage in transliteration.
wts_1_34	781	26	abnımmt	dotless_i	abnimmt	abnımmt“ (Ahs 1.3.8b).	orthography_scan	low	review	20	Dotless i is likely OCR damage in transliteration.
wts_1_34	781	98	kyanı	dotless_i	kyani	erhalten habe“ (Prav 19,19); ~ ... kyanı / gan	orthography_scan	low	review	20	Dotless i is likely OCR damage in transliteration.
wts_1_34	786	139	byanı	dotless_i	byani	Scham der Nonnen“ (Ki ga 87al); byanı	orthography_scan	low	review	20	Dotless i is likely OCR damage in transliteration.
wts_1_34	787	158	upacaratı	dotless_i	upacarati	Hinterlist begegnet (skt. upacaratı) er	orthography_scan	low	review	20	Dotless i is likely OCR damage in transliteration.
wts_1_34	787	183	koınmt	dotless_i	koinmt	„Padmävati koınmt vor Scham zitternd	orthography_scan	low	review	20	Dotless i is likely OCR damage in transliteration.
wts_1_34	793	174	nıivaraka	dotless_i	niivaraka	wehrt die üblen Taten ab (skt. nıivaraka)“	orthography_scan	low	review	20	Dotless i is likely OCR damage in transliteration.
wts_1_34	795	113	Rsı	dotless_i	Rsi	oder Rsı.	orthography_scan	low	review	20	Dotless i is likely OCR damage in transliteration.
wts_1_34	801	67	ınan	dotless_i	inan	Zin ’gro (metr.) „ınan soll nur ein Joch weit	orthography_scan	low	review	20	Dotless i is likely OCR damage in transliteration.
wts_1_34	802	157	kanı	dotless_i	kani	140,20); sgo srun kin kanı ~ te „die zwei Kinkan-Torwächter“ (IDe] 125,16); ned ~ gyon	orthography_scan	low	review	20	Dotless i is likely OCR damage in transliteration.
wts_1_34	802	182	nanı	dotless_i	nani	Alter von zwölf Jahren“ (Glr 12,13); nanı	orthography_scan	low	review	20	Dotless i is likely OCR damage in transliteration.
wts_1_34	803	80	samäpattı	dotless_i	samäpatti	Hemmnis der Versenkung (samäpattı), vgl.	orthography_scan	low	review	20	Dotless i is likely OCR damage in transliteration.
wts_1_34	804	42	dväparayıga	dotless_i	dväparayiga	Zeitalter, skt. dväparayıga, vgl. SCHUH	orthography_scan	low	review	20	Dotless i is likely OCR damage in transliteration.
wts_1_34	806	130	ı.S.v	dotless_i	i.S.v	kyan 'byun „ı.S.v. Ehe vermitteln, erscheint	orthography_scan	low	review	20	Dotless i is likely OCR damage in transliteration.
wts_1_34	807	192	Schatzkanımer	dotless_i	Schatzkanimer	Schatzkanımer“ (Dagy).	orthography_scan	medium	review	45	Dotless i is likely OCR damage in transliteration.
wts_1_34	809	23	yıg	dotless_i	yig	Edelstein bekommen würde“ (Glu 3d); yıg	orthography_scan	low	review	20	Dotless i is likely OCR damage in transliteration.
wts_1_34	811	145	gZı-Sn	dotless_i	gZi-Sn	gen“ (gZı-Sn 90,11).	orthography_scan	medium	review	45	Dotless i is likely OCR damage in transliteration.
wts_1_34	812	40	Inı	dotless_i	Ini	den alten Wegen“ (Inı2 W41); gtsug lag	orthography_scan	medium	review	45	Dotless i is likely OCR damage in transliteration.
wts_1_34	812	96	miınma	dotless_i	miinma	INN miınma.	orthography_scan	low	review	20	Dotless i is likely OCR damage in transliteration.
wts_1_34	816	177	meır	dotless_i	meir	(Liyi 1857); -r smra Zin (meır.) „sie	orthography_scan	low	review	20	Dotless i is likely OCR damage in transliteration.
wts_1_34	817	183	scı	dotless_i	sci	ich dich rufe und es dir bekanntmache, scı	orthography_scan	low	review	20	Dotless i is likely OCR damage in transliteration.
wts_1_34	818	140	’säı	dotless_i	’säi	3 ’säı npr. ein Ortsname.	orthography_scan	medium	review	45	Dotless i is likely OCR damage in transliteration.
wts_1_34	818	217	meır	dotless_i	meir	jan »r bar chad man (meır.) „zahlreich	orthography_scan	low	review	20	Dotless i is likely OCR damage in transliteration.
wts_1_34	819	80	ım	dotless_i	im	Herz ım Körperinnern“ (gZi-Sn 100,36); ~	orthography_scan	medium	review	45	Dotless i is likely OCR damage in transliteration.
wts_1_34	821	43	tıg	dotless_i	tig	སྙིང་ཏིག་ säin tıg Essenz, etwas Essentielles;	orthography_scan	medium	review	45	Dotless i is likely OCR damage in transliteration.
wts_1_34	821	49	yantıg	dotless_i	yantig	yantıg (Dagy).	orthography_scan	medium	review	45	Dotless i is likely OCR damage in transliteration.
wts_1_34	823	107	nanı	dotless_i	nani	Lex. nanı ’kbor „Freundeskreis“ (TTC); sin	orthography_scan	low	review	20	Dotless i is likely OCR damage in transliteration.
wts_1_34	823	120	axillarıs	dotless_i	axillaris	spondia axillarıs (PASANG 1998: 76).	orthography_scan	low	review	20	Dotless i is likely OCR damage in transliteration.
wts_1_34	825	15	ımp	dotless_i	imp	སྙུངས་ sänns ımp. zu [1577//77 verkleinern, ver-	orthography_scan	medium	review	45	Dotless i is likely OCR damage in transliteration.
wts_1_34	837	47	Ishuımama	dotless_i	Ishuimama	Ausgabe Ishuımama/FuKuDaA 1989) zu mchog.	orthography_scan	low	review	20	Dotless i is likely OCR damage in transliteration.
wts_1_34	839	8	Atı	dotless_i	Ati	Atı H	orthography_scan	low	review	20	Dotless i is likely OCR damage in transliteration.
wts_1_34	839	10	AtıNth	dotless_i	AtiNth	AtıNth	orthography_scan	medium	review	45	Dotless i is likely OCR damage in transliteration.
wts_1_34	839	161	MacponaAıp	dotless_i	MacponaAip	MAs 1935-1963, pt. 2, pp. 53 f. (Nr. 10), MacponaAıp 1971, pp.	orthography_scan	low	review	20	Dotless i is likely OCR damage in transliteration.
wts_1_34	840	95	Gansrı	dotless_i	Gansri	Gansrı	orthography_scan	low	review	20	Dotless i is likely OCR damage in transliteration.
wts_1_34	842	67	Tıb	dotless_i	Tib	54 (IOL Tıb N 1924); Faksimile, p. 55, Fig. 6.	orthography_scan	low	review	20	Dotless i is likely OCR damage in transliteration.
wts_1_34	843	55	TrıpatHı	dotless_i	TripatHi	Vaipya/TrıpatHı 1987.	orthography_scan	medium	review	45	Dotless i is likely OCR damage in transliteration.
wts_1_34	844	102	M.I.vı	dotless_i	M.I.vi	M.I.vı.2a	orthography_scan	low	review	20	Dotless i is likely OCR damage in transliteration.
wts_1_34	846	136	SpanıEn	dotless_i	SpaniEn	Ed.: SpanıEn/IMAEDA 1979, pl. 331-349,	orthography_scan	low	review	20	Dotless i is likely OCR damage in transliteration.
wts_1_34	847	115	Saımv	dotless_i	Saimv	Saımv	orthography_scan	low	review	20	Dotless i is likely OCR damage in transliteration.
wts_1_34	848	21	Tı	dotless_i	Ti	Tı112	orthography_scan	low	review	20	Dotless i is likely OCR damage in transliteration.
wts_1_34	848	23	Tı	dotless_i	Ti	Tı113	orthography_scan	low	review	20	Dotless i is likely OCR damage in transliteration.
wts_1_34	849	45	Ratnäkarasäntı	dotless_i	Ratnäkarasänti	snan ba’i rgyan / Ratnäkarasäntı: Sätrasamuccayabhäsyaratnalokalam-	orthography_scan	medium	review	45	Dotless i is likely OCR damage in transliteration.
wts_1_34	849	149	Trisatakärıkävyakhyana	dotless_i	Trisatakärikävyakhyana	deva: Trisatakärıkävyakhyana. Abt. ’Dul ba, su 162b3-264a7.	orthography_scan	medium	review	45	Dotless i is likely OCR damage in transliteration.
wts_1_34	849	159	HamıscH	dotless_i	HamiscH	hu 1b1-135a7. Skt. teilw.: HamıscH 2005.	orthography_scan	low	review	20	Dotless i is likely OCR damage in transliteration.
wts_1_34	850	11	TıLal	dotless_i	TiLal	TıLal	orthography_scan	low	review	20	Dotless i is likely OCR damage in transliteration.
wts_1_34	850	13	TıLa	dotless_i	TiLa	TıLa2	orthography_scan	low	review	20	Dotless i is likely OCR damage in transliteration.
wts_1_34	850	131	brıs	dotless_i	bris	zin brıs.	orthography_scan	low	review	20	Dotless i is likely OCR damage in transliteration.
wts_1_34	851	5	VaıNth	dotless_i	VaiNth	VaıNth	orthography_scan	medium	review	45	Dotless i is likely OCR damage in transliteration.
wts_1_34	851	11	Vıkn	dotless_i	Vikn	Vıkn	orthography_scan	low	review	20	Dotless i is likely OCR damage in transliteration.
wts_1_34	857	58	xlıv	dotless_i	xliv	xlıv	orthography_scan	low	review	20	Dotless i is likely OCR damage in transliteration.
wts_1_34	857	81	d.ı	dotless_i	d.i	MALALASEKERA, George [d.ı. Gunapa a] 1983: Dictionary of Pali proper names. 2 vols.	orthography_scan	low	review	20	Dotless i is likely OCR damage in transliteration.
wts_1_34	859	70	RıcHaroson	dotless_i	RicHaroson	RıcHaroson, Hugh E. 1985: A corpus ofearly Tibetan inscriptions. [London:] Hertford:	orthography_scan	low	review	20	Dotless i is likely OCR damage in transliteration.
wts_1_34	863	59	Ivı	dotless_i	Ivi	Ivı	orthography_scan	low	review	20	Dotless i is likely OCR damage in transliteration.
wts_1_34	864	37	lvın	dotless_i	lvin	lvın	orthography_scan	low	review	20	Dotless i is likely OCR damage in transliteration.
wts_1_34	864	102	Dominı	dotless_i	Domini	anno Dominı	orthography_scan	low	review	20	Dotless i is likely OCR damage in transliteration.
wts_1_34	865	132	Andıast	dotless_i	Andiast	bzw. Andıast)	orthography_scan	low	review	20	Dotless i is likely OCR damage in transliteration.
wts_1_34	865	148	jınd	dotless_i	jind	jınd.	orthography_scan	low	review	20	Dotless i is likely OCR damage in transliteration.
wts_1_34	866	1	ıdent	dotless_i	ident	11, ıdent.	orthography_scan	low	review	20	Dotless i is likely OCR damage in transliteration.
wts_1_34	866	83	pagına	dotless_i	pagina	pagına, paginae; Seite, Seiten	orthography_scan	low	review	20	Dotless i is likely OCR damage in transliteration.
wts_1_34	866	201	Dolanjı	dotless_i	Dolanji	Tibetan Bonpo Monastic Centre (Dolanjı)	orthography_scan	low	review	20	Dotless i is likely OCR damage in transliteration.
wts_1_34	866	220	türkısch	dotless_i	türkisch	türkısch	orthography_scan	low	review	20	Dotless i is likely OCR damage in transliteration.
wts_1_34	866	255	varıiae	dotless_i	variiae	varia lectio, varıiae lectiones; Lesart(en)	orthography_scan	low	review	20	Dotless i is likely OCR damage in transliteration.
wts_1_34	867	59	Ixıv	dotless_i	Ixiv	Ixıv	orthography_scan	low	review	20	Dotless i is likely OCR damage in transliteration.
wts_1_34	870	73	tandız	dotless_i	tandiz	eine Pflanze, Amaranth, skt. tandız.	orthography_scan	medium	review	45	Dotless i is likely OCR damage in transliteration.
wts_1_34	871	148	konımt	dotless_i	konimt	wenn es korrumpiert ist, konımt es nur als	orthography_scan	low	review	20	Dotless i is likely OCR damage in transliteration.
wts_1_34	874	25	sıe	dotless_i	sie	sıe vom Talschluß her laut riefen, ist das	orthography_scan	low	review	20	Dotless i is likely OCR damage in transliteration.
wts_1_34	878	12	schlagarıig	dotless_i	schlagariig	ich mich schlagarıig an mein früheres	orthography_scan	low	review	20	Dotless i is likely OCR damage in transliteration.
wts_1_34	878	55	einınal	dotless_i	eininal	einınal ein bißchen daran denkst“ (gZer	orthography_scan	medium	review	45	Dotless i is likely OCR damage in transliteration.
wts_1_34	878	96	yarı	dotless_i	yari	yu-Butter“ (Ch75/12/5B 1); bran mo yarı	orthography_scan	low	review	20	Dotless i is likely OCR damage in transliteration.
wts_1_34	878	102	rmanıs	dotless_i	rmanis	Ochsen bändigt“ (Udr 20,18); mi rmanıs	orthography_scan	low	review	20	Dotless i is likely OCR damage in transliteration.
wts_1_34	879	247	Säkyamunı	dotless_i	Säkyamuni	als Säkyamunı.	orthography_scan	low	review	20	Dotless i is likely OCR damage in transliteration.
wts_1_34	880	212	träyantıka	dotless_i	träyantika	ཏཱ་ཡ་ནྡི tra ya nti eine Pflanze, skt. träyantıka	orthography_scan	medium	review	45	Dotless i is likely OCR damage in transliteration.
wts_1_34	881	195	ısa	dotless_i	isa	ma-bu-ga-Bienen kommen“ (K686 ısa 36a	orthography_scan	low	review	20	Dotless i is likely OCR damage in transliteration.
wts_1_34	884	181	yıg	dotless_i	yig	chend [zu handeln]* (MTH3/5/13 8); ~ yıg	orthography_scan	medium	review	45	Dotless i is likely OCR damage in transliteration.
wts_1_34	885	98	yıg	dotless_i	yig	Igtan yıg.	orthography_scan	low	review	20	Dotless i is likely OCR damage in transliteration.
wts_1_34	886	150	ınıga	dotless_i	iniga	BHSD 5. ¥. ınıga.	orthography_scan	low	review	20	Dotless i is likely OCR damage in transliteration.
wts_1_34	887	44	äkhyayıka	dotless_i	äkhyayika	(skt. äkhyayıka) gekennzeichnet“ (Kävyäd	orthography_scan	medium	review	45	Dotless i is likely OCR damage in transliteration.
wts_1_34	889	221	rIsa-rı	dotless_i	rIsa-ri	Tälern um den Berg rIsa-rı (Neb	orthography_scan	low	review	20	Dotless i is likely OCR damage in transliteration.
wts_1_34	893	103	öffncı	dotless_i	öffnci	18); klu pi = 690 phye „er öffncı das Tor	orthography_scan	medium	review	45	Dotless i is likely OCR damage in transliteration.
wts_1_34	897	80	ıma	dotless_i	ima	» med par ston log tn ’gro ıma myon bas „weil	orthography_scan	low	review	20	Dotless i is likely OCR damage in transliteration.
wts_1_34	898	40	yanı	dotless_i	yani	verteilen“ (Bca 6.92a); me tog ... yanı dag par	orthography_scan	low	review	20	Dotless i is likely OCR damage in transliteration.
wts_1_34	899	37	ınan	dotless_i	inan	„ınan soll zahlreiche Wasseropfer und drei-	orthography_scan	low	review	20	Dotless i is likely OCR damage in transliteration.
wts_1_34	899	136	ı	dotless_i	i	und auch ı. 5. v. hilflos“ (Dagy); ~ med =	orthography_scan	medium	review	45	Dotless i is likely OCR damage in transliteration.
wts_1_34	900	36	zın	dotless_i	zin	sogs ~ zın (Dagy).	orthography_scan	medium	review	45	Dotless i is likely OCR damage in transliteration.
wts_1_34	901	38	kyanı	dotless_i	kyani	würden“ (PT1287 443); sog dag gis kyanı	orthography_scan	medium	review	45	Dotless i is likely OCR damage in transliteration.
wts_1_34	906	143	kyanı	dotless_i	kyani	(Hev 2.4.4a); gan gis me tog dag kyanı - bar	orthography_scan	medium	review	45	Dotless i is likely OCR damage in transliteration.
wts_1_34	907	46	veranlaßı	dotless_i	veranlaßi	zu trinken veranlaßı“ (brDa); ~ pa = 'thun	orthography_scan	medium	review	45	Dotless i is likely OCR damage in transliteration.
wts_1_34	908	115	dınas	dotless_i	dinas	als es gewogen wurde“ (Glr 198,19); dınas	orthography_scan	low	review	20	Dotless i is likely OCR damage in transliteration.
wts_1_34	909	175	meır	dotless_i	meir	mig bitas byun (meır.) „[ihr] Pferdekopf	orthography_scan	low	review	20	Dotless i is likely OCR damage in transliteration.
wts_1_34	909	191	dınar	dotless_i	dinar	2: 216,2); ~ dınar ro sten 7:09 (metr.) „eine	orthography_scan	low	review	20	Dotless i is likely OCR damage in transliteration.
wts_1_34	910	237	yanı	dotless_i	yani	fiel ein Regen herab“ (Tär 110,18); ~ yanı	orthography_scan	low	review	20	Dotless i is likely OCR damage in transliteration.
wts_1_34	911	44	erıstata	dotless_i	eristata	erıstata Lin. (PW).	orthography_scan	low	review	20	Dotless i is likely OCR damage in transliteration.
wts_1_34	911	158	Ryı	dotless_i	Ryi	(skt. väjivara)“ (HMrg 51,3); ~ mmams Ryı	orthography_scan	low	review	20	Dotless i is likely OCR damage in transliteration.
wts_1_34	916	16	gsarı	dotless_i	gsari	immer der ’Jog-po“ (Gesar 275,8); gsarı	orthography_scan	low	review	20	Dotless i is likely OCR damage in transliteration.
wts_1_34	916	60	smıra	dotless_i	smira	PIE rag smıra	orthography_scan	low	review	20	Dotless i is likely OCR damage in transliteration.
wts_1_34	916	119	nalıstischen	dotless_i	nalistischen	nalıstischen Sichtweisen.	orthography_scan	low	review	20	Dotless i is likely OCR damage in transliteration.
wts_1_34	916	207	ımam	dotless_i	imam	"62,13); ~ ""di ımam gsum 0:77) byun yaṅ"	orthography_scan	low	review	20	Dotless i is likely OCR damage in transliteration.
wts_1_34	922	186	gzrı	dotless_i	gzri	gzrı min).	orthography_scan	medium	review	45	Dotless i is likely OCR damage in transliteration.
wts_1_34	922	199	gzı	dotless_i	gzi	gzı (Dagy).	orthography_scan	medium	review	45	Dotless i is likely OCR damage in transliteration.
wts_1_34	926	222	dınan	dotless_i	dinan	dınan par » herabsehen auf.	orthography_scan	low	review	20	Dotless i is likely OCR damage in transliteration.
wts_1_34	928	57	ErKır	dotless_i	ErKir	ErKır® acichtio རེ	orthography_scan	medium	review	45	Dotless i is likely OCR damage in transliteration.
wts_1_34	930	7	yı	dotless_i	yi	mo yı / ~ bzan (metr.) „der schöne Nacken	orthography_scan	medium	review	45	Dotless i is likely OCR damage in transliteration.
wts_1_34	930	168	Itenı	dotless_i	Iteni	ལྟང་ལྟེང་ ktan Itenı	orthography_scan	medium	review	45	Dotless i is likely OCR damage in transliteration.
wts_1_34	940	186	sıs	dotless_i	sis	Bam ltons Oberfläche; ~ sıs auf.	orthography_scan	low	review	20	Dotless i is likely OCR damage in transliteration.
wts_1_34	941	54	ına	dotless_i	ina	los; ına ~ ohne Rücksicht.	orthography_scan	low	review	20	Dotless i is likely OCR damage in transliteration.
wts_1_34	942	133	Scı	dotless_i	Sci	(Scı1U11 2012: 1397).	orthography_scan	low	review	20	Dotless i is likely OCR damage in transliteration.
wts_1_34	943	171	sTag-rı	dotless_i	sTag-ri	Daher wurde er bekannt als sTag-rı gAan-	orthography_scan	low	review	20	Dotless i is likely OCR damage in transliteration.
wts_1_34	946	123	ımp	dotless_i	imp	HAN stims ımp. zu †577777 etw. auflösen.	orthography_scan	low	review	20	Dotless i is likely OCR damage in transliteration.
wts_1_34	948	71	g.yanı	dotless_i	g.yani	frißt“ (8Zi 2: 337,2); jo ru sod ~ g.yanı sbye	orthography_scan	low	review	20	Dotless i is likely OCR damage in transliteration.
wts_1_34	948	106	Baunı	dotless_i	Bauni	1. Bez. für Baunı.	orthography_scan	low	review	20	Dotless i is likely OCR damage in transliteration.
wts_1_34	951	64	ardhatrayodasasatänı	dotless_i	ardhatrayodasasatäni	broya Ina ben = ardhatrayodasasatänı „1250“	orthography_scan	low	review	20	Dotless i is likely OCR damage in transliteration.
wts_1_34	951	71	päramıtä	dotless_i	päramitä	päramıtä (Mvy 1326).	orthography_scan	low	review	20	Dotless i is likely OCR damage in transliteration.
wts_1_34	952	132	MıgTo	dotless_i	MigTo	[Verse] auch spricht“ (MıgTo 173,9); gzuns	orthography_scan	medium	review	45	Dotless i is likely OCR damage in transliteration.
wts_1_34	955	172	seın	dotless_i	sein	Atem seın.	orthography_scan	low	review	20	Dotless i is likely OCR damage in transliteration.
wts_1_34	955	221	oyı	dotless_i	oyi	Scheitel zeigen“ (Samv 9.62); glog oyı skad	orthography_scan	low	review	20	Dotless i is likely OCR damage in transliteration.
wts_1_34	956	116	gZı	dotless_i	gZi	seiner eigenen Sprache“ (gZı 4 403,1); lun	orthography_scan	medium	review	45	Dotless i is likely OCR damage in transliteration.
wts_1_34	961	149	balabhadrıkä	dotless_i	balabhadrikä	Lex. balabhadrıkä (Ak 123.150); bhadrabalä	orthography_scan	low	review	20	Dotless i is likely OCR damage in transliteration.
wts_1_34	965	143	trıtt	dotless_i	tritt	danken gezähmt hat, trıtt man geradlinig	orthography_scan	low	review	20	Dotless i is likely OCR damage in transliteration.
wts_1_34	967	52	nonıs	dotless_i	nonis	(Ahs 1.2.38c); ~ bas mi nonıs ranı bZin pas	orthography_scan	low	review	20	Dotless i is likely OCR damage in transliteration.
wts_1_34	967	52	ranı	dotless_i	rani	(Ahs 1.2.38c); ~ bas mi nonıs ranı bZin pas	orthography_scan	low	review	20	Dotless i is likely OCR damage in transliteration.
wts_1_34	969	143	ındans	dotless_i	indans	wo“ (Mil 102,22); ran ındans ’gag med gan	orthography_scan	low	review	20	Dotless i is likely OCR damage in transliteration.
wts_1_34	970	123	ıns	dotless_i	ins	der ıns Tibetische übersetzten	orthography_scan	low	review	20	Dotless i is likely OCR damage in transliteration.
wts_1_34	976	163	samkramanakänı	dotless_i	samkramanakäni	Lex. samkramanakänı (Mvy 5585).	orthography_scan	low	review	20	Dotless i is likely OCR damage in transliteration.
wts_1_34	987	188	r’Isa-rı	dotless_i	r’Isa-ri	khyim ’ga’ re „dort, in der r’Isa-rı dkyil-	orthography_scan	medium	review	45	Dotless i is likely OCR damage in transliteration.
wts_1_34	989	11	tatksanıkä	dotless_i	tatksanikä	Lex. ~ (¥, ¦, phrad) pa = tatksanıkä (Mvy	orthography_scan	medium	review	45	Dotless i is likely OCR damage in transliteration.
wts_1_34	990	73	devadarı	dotless_i	devadari	skt. devadarı Pinus Deodora Roxb. (PW);	orthography_scan	low	review	20	Dotless i is likely OCR damage in transliteration.
wts_1_34	990	91	devadärıh	dotless_i	devadärih	Lex. devadärıh (Mvy 4205); gsom sin	orthography_scan	low	review	20	Dotless i is likely OCR damage in transliteration.
wts_1_34	994	146	meır	dotless_i	meir	mi byed (meır.) „auch wenn gSen-rab mi-	orthography_scan	medium	review	45	Dotless i is likely OCR damage in transliteration.
wts_1_34	995	84	parıpärna	dotless_i	paripärna	ia khri ~”0 „es sind ganze (skt. parıpärna)	orthography_scan	medium	review	45	Dotless i is likely OCR damage in transliteration.
wts_1_34	996	130	allwıssend	dotless_i	allwissend	1. allwıssend, Allwissender.	orthography_scan	low	review	20	Dotless i is likely OCR damage in transliteration.
wts_1_34	998	53	ıhar	dotless_i	ihar	AR ıhar	orthography_scan	low	review	20	Dotless i is likely OCR damage in transliteration.
wts_1_34	1000	90	särıva	dotless_i	säriva	(skt. särıva) [u.a] beseitigen [Störungen	orthography_scan	low	review	20	Dotless i is likely OCR damage in transliteration.
wts_1_34	1001	135	ziniıscher	dotless_i	ziniischer	ziniıscher Asche und Moxibustion“ (Ahs	orthography_scan	low	review	20	Dotless i is likely OCR damage in transliteration.
wts_1_34	1001	188	ıhi	dotless_i	ihi	ཀྲི ıhi Ziffer 40.	orthography_scan	medium	review	45	Dotless i is likely OCR damage in transliteration.
wts_1_34	1002	97	gyıl	dotless_i	gyil	an“ (Vdk-M 151,24); gser gyıl ~ Itar che Zin	orthography_scan	low	review	20	Dotless i is likely OCR damage in transliteration.
wts_1_34	1005	212	dafı	dotless_i	dafi	wegs vom Fleisch ab!“ (Tär 159,4); sgo dafı	orthography_scan	low	review	20	Dotless i is likely OCR damage in transliteration.
wts_1_34	1010	89	kyanı	dotless_i	kyani	Inkarnation, dachte“ (Glr 65,1); ~ kyanı	orthography_scan	low	review	20	Dotless i is likely OCR damage in transliteration.
wts_1_34	1011	79	Vıs	dotless_i	Vis	Vollkommenheit deiner Askese!“ (Vıs	orthography_scan	low	review	20	Dotless i is likely OCR damage in transliteration.
wts_1_34	1013	63	snañı	dotless_i	snañi	51,25); - gi rten sgrol ma’i snañı brüan „ein	orthography_scan	medium	review	45	Dotless i is likely OCR damage in transliteration.
wts_1_34	1016	80	vämıni	dotless_i	vämini	Körper, skt. vämıni.	orthography_scan	low	review	20	Dotless i is likely OCR damage in transliteration.
wts_1_34	1027	150	yıg	dotless_i	yig	(EVERDING 2008: 171); vgl. Ithem yıg.	orthography_scan	medium	review	45	Dotless i is likely OCR damage in transliteration.
wts_1_34	1028	225	Wıiederverkörperung	dotless_i	Wiiederverkörperung	po yis (metr.) „die Wıiederverkörperung	orthography_scan	low	review	20	Dotless i is likely OCR damage in transliteration.
wts_1_34	1034	195	gäıs	dotless_i	gäis	Aśoka!“ (Tär 21,1); sron dus kyi mchod gäıs	orthography_scan	medium	review	45	Dotless i is likely OCR damage in transliteration.
wts_1_34	1035	173	rın	dotless_i	rin	hinausgezögert wurde“ (Prav 149,22); rın	orthography_scan	low	review	20	Dotless i is likely OCR damage in transliteration.
wts_1_34	1035	188	padivaliadı	dotless_i	padivaliadi	verzögert (pkt. padivaliadı) es sich also?“	orthography_scan	low	review	20	Dotless i is likely OCR damage in transliteration.
wts_1_34	1036	95	Sıg	dotless_i	Sig	(Nägn 82,18); kye bram ze vnams = Sıg „o	orthography_scan	low	review	20	Dotless i is likely OCR damage in transliteration.
wts_1_34	1040	186	yanı	dotless_i	yani	Weg zu weisen“ (K12 21643); slar yanı	orthography_scan	low	review	20	Dotless i is likely OCR damage in transliteration.
wts_1_34	1041	57	gZı	dotless_i	gZi	scheinlicher, daß wir ihn bekommen“ (gZı	orthography_scan	medium	review	45	Dotless i is likely OCR damage in transliteration.
wts_1_34	1053	145	gZı	dotless_i	gZi	war“ (gZı 1: 568,5).	orthography_scan	medium	review	45	Dotless i is likely OCR damage in transliteration.
wts_1_34	1054	131	Imthanı	dotless_i	Imthani	མཁའང་ mtha'an Imthanı.	orthography_scan	medium	review	45	Dotless i is likely OCR damage in transliteration.
wts_1_34	1058	176	Vajrapänıs	dotless_i	Vajrapänis	Vajrapänıs.	orthography_scan	low	review	20	Dotless i is likely OCR damage in transliteration.
wts_1_34	1060	201	mädhı	dotless_i	mädhi	mädhı.	orthography_scan	low	review	20	Dotless i is likely OCR damage in transliteration.
wts_1_34	1062	165	rıgs	dotless_i	rigs	Erkenntnis höher bist“ (KunK 17,14); rıgs	orthography_scan	low	review	20	Dotless i is likely OCR damage in transliteration.
wts_1_34	1063	146	weıteifern	dotless_i	weiteifern	„1.S.v. weıteifern, Perfekt und Präsens (?)“	orthography_scan	low	review	20	Dotless i is likely OCR damage in transliteration.
wts_1_34	1066	227	darsın	dotless_i	darsin	darsın.	orthography_scan	low	review	20	Dotless i is likely OCR damage in transliteration.
wts_1_34	1068	1	yırhons	dotless_i	yirhons	SIRN WEN yırhons yans	orthography_scan	low	review	20	Dotless i is likely OCR damage in transliteration.
wts_1_34	1071	62	parıbbäsä	dotless_i	paribbäsä	= parıbbäsä „Rede, Worte; Tadel, Vorwurf,	orthography_scan	low	review	20	Dotless i is likely OCR damage in transliteration.
wts_1_34	1072	115	chanı	dotless_i	chani	15,6); kbo bos chanı ~ sam / kun don zos sam	orthography_scan	low	review	20	Dotless i is likely OCR damage in transliteration.
wts_1_34	1093	34	kyanı	dotless_i	kyani	len Schatten“ (Suv 145,16); yi dags — kyanı	orthography_scan	medium	review	45	Dotless i is likely OCR damage in transliteration.
wts_1_34	1098	87	rIsa-rı'ı	dotless_i	rIsa-ri'i	"rIsa-rı'ı thugs-ka“ (""Dzam 36,14)."	orthography_scan	medium	review	45	Dotless i is likely OCR damage in transliteration.
wts_1_34	1099	93	ım	dotless_i	im	དག བྱེད་ཁྲུས གླི ein Gebäude ım Kloster	orthography_scan	medium	review	45	Dotless i is likely OCR damage in transliteration.
wts_1_34	1099	97	glın	dotless_i	glin	glın wurde gewaschen“ (Nel 1034).	orthography_scan	low	review	20	Dotless i is likely OCR damage in transliteration.
wts_1_34	1109	5	brahmakäyıkah	dotless_i	brahmakäyikah	nah tad yathä devä brahmakäyıkah prathamä-	orthography_scan	medium	review	45	Dotless i is likely OCR damage in transliteration.
wts_1_34	1121	104	mahlın	dotless_i	mahlin	mahlın.	orthography_scan	low	review	20	Dotless i is likely OCR damage in transliteration.
wts_1_34	1134	65	tıb	dotless_i	tib	3. npr. ein tıb. Herrscher.	orthography_scan	low	review	20	Dotless i is likely OCR damage in transliteration.
wts_1_34	1143	64	śın	dotless_i	śin	(Prav 172,16); de la śın gi tshogs brgya ston	orthography_scan	medium	review	45	Dotless i is likely OCR damage in transliteration.
wts_1_34	1151	39	VısT	dotless_i	VisT	sein Opfer veranstalten will“ (VısT 202,7);	orthography_scan	low	review	20	Dotless i is likely OCR damage in transliteration.
wts_1_34	1153	59	eın	dotless_i	ein	དུག་སྲི་ dug sri eın Dämon.	orthography_scan	medium	review	45	Dotless i is likely OCR damage in transliteration.
wts_1_34	1157	3	yıd	dotless_i	yid	དུང་ངེ་ duṅ ne anhaftend, sich sehnend; in yıd	orthography_scan	medium	review	45	Dotless i is likely OCR damage in transliteration.
wts_1_34	1158	26	śwa-na’ı	dotless_i	śwa-na’i	gsan-sgrub śwa-na’ı Zal-can (Neb 60).	orthography_scan	low	review	20	Dotless i is likely OCR damage in transliteration.
wts_1_34	1158	65	gZı	dotless_i	gZi	leihen!“ (gZı 2: 70,1).	orthography_scan	medium	review	45	Dotless i is likely OCR damage in transliteration.
wts_1_34	1158	72	weıh	dotless_i	weih	weıh eines Hirsches nicht ergattert“ (Gesar	orthography_scan	low	review	20	Dotless i is likely OCR damage in transliteration.
wts_1_34	1164	19	trıkändakah	dotless_i	trikändakah	Lex. trıkändakah „aus drei Abschnitten bestehend“ (Mvy 6716); thod pa — lta bu „wie:	orthography_scan	medium	review	45	Dotless i is likely OCR damage in transliteration.
wts_1_34	1173	71	ı	dotless_i	i	beim guten Lotusgeborenen [d. ı. Brahman]	orthography_scan	low	review	20	Dotless i is likely OCR damage in transliteration.
wts_1_34	1179	78	zıegel	dotless_i	ziegel	zıegel* (Debm 2936).	orthography_scan	low	review	20	Dotless i is likely OCR damage in transliteration.
wts_1_34	1187	68	tanrtrı-	dotless_i	tanrtri-	cher Gottheiten, skt. Kälarätri; die tanrtrı-	orthography_scan	medium	review	45	Dotless i is likely OCR damage in transliteration.
wts_1_34	1193	100	yıs	dotless_i	yis	er 999 Söhne hatte“ (Liyl 17536); — yıs ...	orthography_scan	low	review	20	Dotless i is likely OCR damage in transliteration.
wts_1_34	1195	47	Arı	dotless_i	Ari	gener Arı“ (Käsy 149,26); rmam grans —s	orthography_scan	low	review	20	Dotless i is likely OCR damage in transliteration.
wts_1_34	1196	75	ındem	dotless_i	indem	zuns te „ındem der geistliche Lehrer selbst	orthography_scan	low	review	20	Dotless i is likely OCR damage in transliteration.
wts_1_34	1204	79	gnañı	dotless_i	gnañi	bka’ stsal pa / — ... gnañı ño „[der Buddha]	orthography_scan	medium	review	45	Dotless i is likely OCR damage in transliteration.
wts_1_34	1209	93	taraksıta	dotless_i	taraksita	taraksıta] leicht an den Kopf getreten“ (sBa	orthography_scan	low	review	20	Dotless i is likely OCR damage in transliteration.
wts_1_34	1224	22	garı	dotless_i	gari	dann kam Räjagrha zur Blüte“ (Udr 1,4); garı	orthography_scan	low	review	20	Dotless i is likely OCR damage in transliteration.
wts_1_34	1236	1	sarı	dotless_i	sari	དེང་སང་ den sarı	orthography_scan	medium	review	45	Dotless i is likely OCR damage in transliteration.
wts_1_34	1244	85	gZı	dotless_i	gZi	men?“ (gZı 2: 59,3).	orthography_scan	medium	review	45	Dotless i is likely OCR damage in transliteration.
wts_1_34	1252	79	MıgTo	dotless_i	MigTo	(MıgTo 184,4).	orthography_scan	low	review	20	Dotless i is likely OCR damage in transliteration.
wts_1_34	1261	94	gZı	dotless_i	gZi	gesondert erreicht man sein Ziel nicht“ (gZı	orthography_scan	medium	review	45	Dotless i is likely OCR damage in transliteration.
wts_1_34	1271	3	meır	dotless_i	meir	gron mamt{s?} 7709 lan (meır.) „doch kommen dann den Städtern sinnlos Bedenken“	orthography_scan	low	review	20	Dotless i is likely OCR damage in transliteration.
wts_1_34	1293	13	gZı	dotless_i	gZi	„stabilere Sitze machen“ (gZı 3: 762,1); —	orthography_scan	medium	review	45	Dotless i is likely OCR damage in transliteration.
wts_1_34	1295	20	kyıi	dotless_i	kyii	Schicht“ (MTH3/3/2 5); drag {g}Zan kyıi ro	orthography_scan	medium	review	45	Dotless i is likely OCR damage in transliteration.
wts_1_34	1295	85	Turmalın	dotless_i	Turmalin	2. ein Mineral, Antimon bzw. Turmalın.	orthography_scan	low	review	20	Dotless i is likely OCR damage in transliteration.
wts_1_34	1297	18	eı-	dotless_i	ei-	Unterwelt gehst, werde ich dich wie mit eı-	orthography_scan	low	review	20	Dotless i is likely OCR damage in transliteration.
wts_1_34	1305	74	Hwa-śarı	dotless_i	Hwa-śari	nas „[Hwa-śarı Mahäyäna] sagt: ‚Man wird	orthography_scan	medium	review	45	Dotless i is likely OCR damage in transliteration.
wts_1_34	1320	104	hımmlı-	dotless_i	himmli-	1. „Geruchesser“, Bez. einer Klasse hımmlı-	orthography_scan	low	review	20	Dotless i is likely OCR damage in transliteration.
wts_1_34	1325	51	'drıl	dotless_i	'dril	Bar 'drıl	orthography_scan	low	review	20	Dotless i is likely OCR damage in transliteration.
wts_1_34	1326	1	'drıl	dotless_i	'dril	Bar 'drıl	orthography_scan	low	review	20	Dotless i is likely OCR damage in transliteration.
wts_1_34	1326	54	'drıl	dotless_i	'dril	Bar 'drıl	orthography_scan	low	review	20	Dotless i is likely OCR damage in transliteration.
wts_1_34	1326	81	gZı-Sn	dotless_i	gZi-Sn	werden“ (gZı-Sn 224,6).	orthography_scan	medium	review	45	Dotless i is likely OCR damage in transliteration.
wts_1_34	1327	1	’drıl	dotless_i	’dril	Bar ’drıl	orthography_scan	low	review	20	Dotless i is likely OCR damage in transliteration.
wts_1_34	1327	47	bekannıgeben	dotless_i	bekannigeben	Glockenläuten bekannıgeben, be-	orthography_scan	low	review	20	Dotless i is likely OCR damage in transliteration.
wts_1_34	1332	23	nıtıv	dotless_i	nitiv	nıtıv“ (Dagy).	orthography_scan	medium	review	45	Dotless i is likely OCR damage in transliteration.
wts_1_34	1333	94	tarıkägama	dotless_i	tarikägama	tarıkägama!‘“ (Prav 259,12); gal te dge slon	orthography_scan	medium	review	45	Dotless i is likely OCR damage in transliteration.
