tibetan_syllable	feature_composed_target	tibetan_signs	parser_interpretation	component_rule_ids	domain	unsupported_sign_status	target_support_channel	retain_or_downgrade	rationale
གནག	gnag	U+0F42;U+0F53;U+0F42	fully_resolved	CORPUS_4E31F0FBB76E;CORPUS_7F051B17DE73;CORPUS_01025FAF5D30;CORPUS_9A673562CD7A	ordinary_tibetan_lexical_or_compound:7	none	ordinary_tibetan_lexical_or_compound=secure_independent_observation;tibetan_proper_name=nonadmissible_observation	retain	Current strict composition and admissible target support pass.
གནུབ	gnub	U+0F42;U+0F53;U+0F74;U+0F56	fully_resolved	CORPUS_4E31F0FBB76E;CORPUS_7F051B17DE73;CORPUS_84A74DBDD722;CORPUS_0C6592BB5CEF	ordinary_tibetan_lexical_or_compound:1	none	ordinary_tibetan_lexical_or_compound=nonadmissible_observation;tibetan_proper_name=nonadmissible_observation	downgrade	nonadmissible_observation
གནོག	gnog	U+0F42;U+0F53;U+0F7C;U+0F42	fully_resolved	CORPUS_4E31F0FBB76E;CORPUS_7F051B17DE73;CORPUS_16D4A9AA0695;CORPUS_9A673562CD7A	ordinary_tibetan_lexical_or_compound:1	none	ordinary_tibetan_lexical_or_compound=nonadmissible_observation;tibetan_proper_name=nonadmissible_observation	downgrade	nonadmissible_observation
གནོང	gnoṅ	U+0F42;U+0F53;U+0F7C;U+0F44	fully_resolved	CORPUS_4E31F0FBB76E;CORPUS_7F051B17DE73;CORPUS_16D4A9AA0695;SUFFIX_NG_TO_NDOT	ordinary_tibetan_lexical_or_compound:1	none	ordinary_tibetan_lexical_or_compound=secure_independent_observation;tibetan_proper_name=nonadmissible_observation	retain	Current strict composition and admissible target support pass.
གཞག	gźag	U+0F42;U+0F5E;U+0F42	fully_resolved	CORPUS_4E31F0FBB76E;ROOT_ZHA_TO_ZACUTE;CORPUS_01025FAF5D30;CORPUS_9A673562CD7A	ordinary_tibetan_lexical_or_compound:1	none	ordinary_tibetan_lexical_or_compound=secure_independent_observation	retain	Current strict composition and admissible target support pass.
གཞོན	gźon	U+0F42;U+0F5E;U+0F7C;U+0F53	fully_resolved	CORPUS_4E31F0FBB76E;ROOT_ZHA_TO_ZACUTE;CORPUS_16D4A9AA0695;CORPUS_76CFA3FCFF21	ordinary_tibetan_lexical_or_compound:1	none	ordinary_tibetan_lexical_or_compound=secure_independent_observation	retain	Current strict composition and admissible target support pass.
གཞོམ	gźom	U+0F42;U+0F5E;U+0F7C;U+0F58	fully_resolved	CORPUS_4E31F0FBB76E;ROOT_ZHA_TO_ZACUTE;CORPUS_16D4A9AA0695;CORPUS_5683E9A09D00	ordinary_tibetan_lexical_or_compound:1	none	ordinary_tibetan_lexical_or_compound=secure_independent_observation	retain	Current strict composition and admissible target support pass.
གྱག	gyag	U+0F42;U+0FB1;U+0F42	fully_resolved	CORPUS_A6063072E7A9;CORPUS_E34B3E203AE6;CORPUS_01025FAF5D30;CORPUS_9A673562CD7A	ordinary_tibetan_lexical_or_compound:2	none	ordinary_tibetan_lexical_or_compound=nonadmissible_observation;tibetan_proper_name=nonadmissible_observation	downgrade	nonadmissible_observation
གྱད	gyad	U+0F42;U+0FB1;U+0F51	fully_resolved	CORPUS_A6063072E7A9;CORPUS_E34B3E203AE6;CORPUS_01025FAF5D30;CORPUS_DDC164B090C8	ordinary_tibetan_lexical_or_compound:1	none	ordinary_tibetan_lexical_or_compound=secure_independent_observation;tibetan_proper_name=nonadmissible_observation	retain	Current strict composition and admissible target support pass.
གྱམ	gyam	U+0F42;U+0FB1;U+0F58	fully_resolved	CORPUS_A6063072E7A9;CORPUS_E34B3E203AE6;CORPUS_01025FAF5D30;CORPUS_5683E9A09D00	ordinary_tibetan_lexical_or_compound:1	none	ordinary_tibetan_lexical_or_compound=nonadmissible_observation;tibetan_proper_name=nonadmissible_observation	downgrade	nonadmissible_observation
གྱིག	gyig	U+0F42;U+0FB1;U+0F72;U+0F42	fully_resolved	CORPUS_A6063072E7A9;CORPUS_E34B3E203AE6;CORPUS_63EB474B7A3F;CORPUS_9A673562CD7A	ordinary_tibetan_lexical_or_compound:1	none	ordinary_tibetan_lexical_or_compound=nonadmissible_observation;tibetan_proper_name=nonadmissible_observation	downgrade	nonadmissible_observation
གྱིང	gyiṅ	U+0F42;U+0FB1;U+0F72;U+0F44	fully_resolved	CORPUS_A6063072E7A9;CORPUS_E34B3E203AE6;CORPUS_63EB474B7A3F;SUFFIX_NG_TO_NDOT	ordinary_tibetan_lexical_or_compound:1	none	ordinary_tibetan_lexical_or_compound=alternate_witness_only;tibetan_proper_name=nonadmissible_observation	downgrade	alternate_witness_only
གྱིན	gyin	U+0F42;U+0FB1;U+0F72;U+0F53	fully_resolved	CORPUS_A6063072E7A9;CORPUS_E34B3E203AE6;CORPUS_63EB474B7A3F;CORPUS_76CFA3FCFF21	ordinary_tibetan_lexical_or_compound:2	none	ordinary_tibetan_lexical_or_compound=secure_independent_observation;tibetan_proper_name=nonadmissible_observation	retain	Current strict composition and admissible target support pass.
གྱོ	gyo	U+0F42;U+0FB1;U+0F7C	fully_resolved	CORPUS_A6063072E7A9;CORPUS_E34B3E203AE6;CORPUS_16D4A9AA0695	unclear:1	none	ordinary_tibetan_lexical_or_compound=nonadmissible_observation;tibetan_proper_name=nonadmissible_observation	downgrade	nonadmissible_observation
གྱོག	gyog	U+0F42;U+0FB1;U+0F7C;U+0F42	fully_resolved	CORPUS_A6063072E7A9;CORPUS_E34B3E203AE6;CORPUS_16D4A9AA0695;CORPUS_9A673562CD7A	ordinary_tibetan_lexical_or_compound:1	none	ordinary_tibetan_lexical_or_compound=nonadmissible_observation;tibetan_proper_name=nonadmissible_observation	downgrade	nonadmissible_observation
གྱོགས	gyogs	U+0F42;U+0FB1;U+0F7C;U+0F42;U+0F66	fully_resolved	CORPUS_A6063072E7A9;CORPUS_E34B3E203AE6;CORPUS_16D4A9AA0695;CORPUS_9A673562CD7A;CORPUS_F685D66CEF46	ordinary_tibetan_lexical_or_compound:1	none	ordinary_tibetan_lexical_or_compound=nonadmissible_observation;tibetan_proper_name=nonadmissible_observation	downgrade	nonadmissible_observation
གྱོང	gyoṅ	U+0F42;U+0FB1;U+0F7C;U+0F44	fully_resolved	CORPUS_A6063072E7A9;CORPUS_E34B3E203AE6;CORPUS_16D4A9AA0695;SUFFIX_NG_TO_NDOT	ordinary_tibetan_lexical_or_compound:8;tibetan_proper_name:1	none	ordinary_tibetan_lexical_or_compound=derived_target_plus_independent_feature_composition;tibetan_proper_name=nonadmissible_observation	retain	Current strict composition and admissible target support pass.
གྱོད	gyod	U+0F42;U+0FB1;U+0F7C;U+0F51	fully_resolved	CORPUS_A6063072E7A9;CORPUS_E34B3E203AE6;CORPUS_16D4A9AA0695;CORPUS_DDC164B090C8	ordinary_tibetan_lexical_or_compound:1	none	ordinary_tibetan_lexical_or_compound=secure_independent_observation;tibetan_proper_name=nonadmissible_observation	retain	Current strict composition and admissible target support pass.
གྱོན	gyon	U+0F42;U+0FB1;U+0F7C;U+0F53	fully_resolved	CORPUS_A6063072E7A9;CORPUS_E34B3E203AE6;CORPUS_16D4A9AA0695;CORPUS_76CFA3FCFF21	ordinary_tibetan_lexical_or_compound:3	none	ordinary_tibetan_lexical_or_compound=secure_independent_observation;tibetan_proper_name=nonadmissible_observation	retain	Current strict composition and admissible target support pass.
གྱོས	gyos	U+0F42;U+0FB1;U+0F7C;U+0F66	fully_resolved	CORPUS_A6063072E7A9;CORPUS_E34B3E203AE6;CORPUS_16D4A9AA0695;CORPUS_735B62E02527	ordinary_tibetan_lexical_or_compound:1	none	ordinary_tibetan_lexical_or_compound=nonadmissible_observation;tibetan_proper_name=nonadmissible_observation	downgrade	nonadmissible_observation
གྲག	grag	U+0F42;U+0FB2;U+0F42	fully_resolved	CORPUS_A6063072E7A9;CORPUS_7F71AFFFC788;CORPUS_01025FAF5D30;CORPUS_9A673562CD7A	ordinary_tibetan_lexical_or_compound:2	none	ordinary_tibetan_lexical_or_compound=secure_independent_observation;tibetan_proper_name=nonadmissible_observation	retain	Current strict composition and admissible target support pass.
གྲགས	grags	U+0F42;U+0FB2;U+0F42;U+0F66	fully_resolved	CORPUS_A6063072E7A9;CORPUS_7F71AFFFC788;CORPUS_01025FAF5D30;CORPUS_9A673562CD7A;CORPUS_F685D66CEF46	ordinary_tibetan_lexical_or_compound:29;tibetan_proper_name:5;unclear:1	none	ordinary_tibetan_lexical_or_compound=secure_independent_observation;tibetan_proper_name=nonadmissible_observation	retain	Current strict composition and admissible target support pass.
གྲངས	graṅs	U+0F42;U+0FB2;U+0F44;U+0F66	fully_resolved	CORPUS_A6063072E7A9;CORPUS_7F71AFFFC788;CORPUS_01025FAF5D30;SUFFIX_NG_TO_NDOT;CORPUS_F685D66CEF46	ordinary_tibetan_lexical_or_compound:3	none	ordinary_tibetan_lexical_or_compound=nonadmissible_observation;tibetan_proper_name=nonadmissible_observation	downgrade	nonadmissible_observation
གྲབས	grabs	U+0F42;U+0FB2;U+0F56;U+0F66	fully_resolved	CORPUS_A6063072E7A9;CORPUS_7F71AFFFC788;CORPUS_01025FAF5D30;CORPUS_0C6592BB5CEF;CORPUS_F685D66CEF46	ordinary_tibetan_lexical_or_compound:4	none	ordinary_tibetan_lexical_or_compound=secure_independent_observation;tibetan_proper_name=nonadmissible_observation	retain	Current strict composition and admissible target support pass.
གྲམ	gram	U+0F42;U+0FB2;U+0F58	fully_resolved	CORPUS_A6063072E7A9;CORPUS_7F71AFFFC788;CORPUS_01025FAF5D30;CORPUS_5683E9A09D00	ordinary_tibetan_lexical_or_compound:7	none	ordinary_tibetan_lexical_or_compound=secure_independent_observation;tibetan_proper_name=nonadmissible_observation	retain	Current strict composition and admissible target support pass.
གྲིབ	grib	U+0F42;U+0FB2;U+0F72;U+0F56	fully_resolved	CORPUS_A6063072E7A9;CORPUS_7F71AFFFC788;CORPUS_63EB474B7A3F;CORPUS_0C6592BB5CEF	ordinary_tibetan_lexical_or_compound:13	none	ordinary_tibetan_lexical_or_compound=secure_independent_observation;tibetan_proper_name=nonadmissible_observation	retain	Current strict composition and admissible target support pass.
གྲིབས	gribs	U+0F42;U+0FB2;U+0F72;U+0F56;U+0F66	fully_resolved	CORPUS_A6063072E7A9;CORPUS_7F71AFFFC788;CORPUS_63EB474B7A3F;CORPUS_0C6592BB5CEF;CORPUS_F685D66CEF46	ordinary_tibetan_lexical_or_compound:1	none	ordinary_tibetan_lexical_or_compound=nonadmissible_observation;tibetan_proper_name=nonadmissible_observation	downgrade	nonadmissible_observation
གྲིམ	grim	U+0F42;U+0FB2;U+0F72;U+0F58	fully_resolved	CORPUS_A6063072E7A9;CORPUS_7F71AFFFC788;CORPUS_63EB474B7A3F;CORPUS_5683E9A09D00	ordinary_tibetan_lexical_or_compound:2	none	ordinary_tibetan_lexical_or_compound=nonadmissible_observation;tibetan_proper_name=nonadmissible_observation	downgrade	nonadmissible_observation
གྲིམས	grims	U+0F42;U+0FB2;U+0F72;U+0F58;U+0F66	fully_resolved	CORPUS_A6063072E7A9;CORPUS_7F71AFFFC788;CORPUS_63EB474B7A3F;CORPUS_5683E9A09D00;CORPUS_F685D66CEF46	ordinary_tibetan_lexical_or_compound:2	none	ordinary_tibetan_lexical_or_compound=secure_independent_observation;tibetan_proper_name=nonadmissible_observation	retain	Current strict composition and admissible target support pass.
གྲུགས	grugs	U+0F42;U+0FB2;U+0F74;U+0F42;U+0F66	fully_resolved	CORPUS_A6063072E7A9;CORPUS_7F71AFFFC788;CORPUS_84A74DBDD722;CORPUS_9A673562CD7A;CORPUS_F685D66CEF46	ordinary_tibetan_lexical_or_compound:1	none	ordinary_tibetan_lexical_or_compound=nonadmissible_observation;tibetan_proper_name=nonadmissible_observation	downgrade	nonadmissible_observation
གྲུང	gruṅ	U+0F42;U+0FB2;U+0F74;U+0F44	fully_resolved	CORPUS_A6063072E7A9;CORPUS_7F71AFFFC788;CORPUS_84A74DBDD722;SUFFIX_NG_TO_NDOT	ordinary_tibetan_lexical_or_compound:1	none	ordinary_tibetan_lexical_or_compound=secure_independent_observation;tibetan_proper_name=nonadmissible_observation	retain	Current strict composition and admissible target support pass.
གྲུམ	grum	U+0F42;U+0FB2;U+0F74;U+0F58	fully_resolved	CORPUS_A6063072E7A9;CORPUS_7F71AFFFC788;CORPUS_84A74DBDD722;CORPUS_5683E9A09D00	ordinary_tibetan_lexical_or_compound:5	none	ordinary_tibetan_lexical_or_compound=secure_independent_observation;tibetan_proper_name=nonadmissible_observation	retain	Current strict composition and admissible target support pass.
གྲུས	grus	U+0F42;U+0FB2;U+0F74;U+0F66	fully_resolved	CORPUS_A6063072E7A9;CORPUS_7F71AFFFC788;CORPUS_84A74DBDD722;CORPUS_735B62E02527	ordinary_tibetan_lexical_or_compound:2	none	ordinary_tibetan_lexical_or_compound=nonadmissible_observation;tibetan_proper_name=nonadmissible_observation	downgrade	nonadmissible_observation
གྲོག	grog	U+0F42;U+0FB2;U+0F7C;U+0F42	fully_resolved	CORPUS_A6063072E7A9;CORPUS_7F71AFFFC788;CORPUS_16D4A9AA0695;CORPUS_9A673562CD7A	ordinary_tibetan_lexical_or_compound:12	none	ordinary_tibetan_lexical_or_compound=secure_independent_observation;tibetan_proper_name=nonadmissible_observation	retain	Current strict composition and admissible target support pass.
གྲོང	groṅ	U+0F42;U+0FB2;U+0F7C;U+0F44	fully_resolved	CORPUS_A6063072E7A9;CORPUS_7F71AFFFC788;CORPUS_16D4A9AA0695;SUFFIX_NG_TO_NDOT	ordinary_tibetan_lexical_or_compound:30;tibetan_proper_name:1	none	ordinary_tibetan_lexical_or_compound=reviewed_full_target;tibetan_proper_name=nonadmissible_observation	retain	Current strict composition and admissible target support pass.
གྲོངས	groṅs	U+0F42;U+0FB2;U+0F7C;U+0F44;U+0F66	fully_resolved	CORPUS_A6063072E7A9;CORPUS_7F71AFFFC788;CORPUS_16D4A9AA0695;SUFFIX_NG_TO_NDOT;CORPUS_F685D66CEF46	ordinary_tibetan_lexical_or_compound:2	none	ordinary_tibetan_lexical_or_compound=nonadmissible_observation;tibetan_proper_name=nonadmissible_observation	downgrade	nonadmissible_observation
གྲོན	gron	U+0F42;U+0FB2;U+0F7C;U+0F53	fully_resolved	CORPUS_A6063072E7A9;CORPUS_7F71AFFFC788;CORPUS_16D4A9AA0695;CORPUS_76CFA3FCFF21	ordinary_tibetan_lexical_or_compound:3	none	ordinary_tibetan_lexical_or_compound=nonadmissible_observation;tibetan_proper_name=nonadmissible_observation	downgrade	nonadmissible_observation
གྲོམ	grom	U+0F42;U+0FB2;U+0F7C;U+0F58	fully_resolved	CORPUS_A6063072E7A9;CORPUS_7F71AFFFC788;CORPUS_16D4A9AA0695;CORPUS_5683E9A09D00	ordinary_tibetan_lexical_or_compound:2	none	ordinary_tibetan_lexical_or_compound=nonadmissible_observation;tibetan_proper_name=nonadmissible_observation	downgrade	nonadmissible_observation
གླག	glag	U+0F42;U+0FB3;U+0F42	fully_resolved	CORPUS_A6063072E7A9;CORPUS_ED2342564FDA;CORPUS_01025FAF5D30;CORPUS_9A673562CD7A	ordinary_tibetan_lexical_or_compound:5	none	ordinary_tibetan_lexical_or_compound=secure_independent_observation;tibetan_proper_name=nonadmissible_observation	retain	Current strict composition and admissible target support pass.
གླགས	glags	U+0F42;U+0FB3;U+0F42;U+0F66	fully_resolved	CORPUS_A6063072E7A9;CORPUS_ED2342564FDA;CORPUS_01025FAF5D30;CORPUS_9A673562CD7A;CORPUS_F685D66CEF46	ordinary_tibetan_lexical_or_compound:2	none	ordinary_tibetan_lexical_or_compound=secure_independent_observation;tibetan_proper_name=nonadmissible_observation	retain	Current strict composition and admissible target support pass.
གླན	glan	U+0F42;U+0FB3;U+0F53	fully_resolved	CORPUS_A6063072E7A9;CORPUS_ED2342564FDA;CORPUS_01025FAF5D30;CORPUS_76CFA3FCFF21	ordinary_tibetan_lexical_or_compound:6;tibetan_proper_name:1	none	ordinary_tibetan_lexical_or_compound=secure_independent_observation;tibetan_proper_name=nonadmissible_observation	retain	Current strict composition and admissible target support pass.
གླམ	glam	U+0F42;U+0FB3;U+0F58	fully_resolved	CORPUS_A6063072E7A9;CORPUS_ED2342564FDA;CORPUS_01025FAF5D30;CORPUS_5683E9A09D00	ordinary_tibetan_lexical_or_compound:2	none	ordinary_tibetan_lexical_or_compound=nonadmissible_observation;tibetan_proper_name=nonadmissible_observation	downgrade	nonadmissible_observation
གླས	glas	U+0F42;U+0FB3;U+0F66	fully_resolved	CORPUS_A6063072E7A9;CORPUS_ED2342564FDA;CORPUS_01025FAF5D30;CORPUS_735B62E02527	ordinary_tibetan_lexical_or_compound:3	none	ordinary_tibetan_lexical_or_compound=secure_independent_observation;tibetan_proper_name=nonadmissible_observation	retain	Current strict composition and admissible target support pass.
གླུད	glud	U+0F42;U+0FB3;U+0F74;U+0F51	fully_resolved	CORPUS_A6063072E7A9;CORPUS_ED2342564FDA;CORPUS_84A74DBDD722;CORPUS_DDC164B090C8	ordinary_tibetan_lexical_or_compound:2	none	ordinary_tibetan_lexical_or_compound=secure_independent_observation;tibetan_proper_name=nonadmissible_observation	retain	Current strict composition and admissible target support pass.
གླུམ	glum	U+0F42;U+0FB3;U+0F74;U+0F58	fully_resolved	CORPUS_A6063072E7A9;CORPUS_ED2342564FDA;CORPUS_84A74DBDD722;CORPUS_5683E9A09D00	ordinary_tibetan_lexical_or_compound:1	none	ordinary_tibetan_lexical_or_compound=secure_independent_observation;tibetan_proper_name=nonadmissible_observation	retain	Current strict composition and admissible target support pass.
གློ	glo	U+0F42;U+0FB3;U+0F7C	fully_resolved	CORPUS_A6063072E7A9;CORPUS_ED2342564FDA;CORPUS_16D4A9AA0695	ordinary_tibetan_lexical_or_compound:22	none	ordinary_tibetan_lexical_or_compound=secure_independent_observation;tibetan_proper_name=nonadmissible_observation	retain	Current strict composition and admissible target support pass.
གློག	glog	U+0F42;U+0FB3;U+0F7C;U+0F42	fully_resolved	CORPUS_A6063072E7A9;CORPUS_ED2342564FDA;CORPUS_16D4A9AA0695;CORPUS_9A673562CD7A	ordinary_tibetan_lexical_or_compound:17	none	ordinary_tibetan_lexical_or_compound=secure_independent_observation;tibetan_proper_name=nonadmissible_observation	retain	Current strict composition and admissible target support pass.
གློད	glod	U+0F42;U+0FB3;U+0F7C;U+0F51	fully_resolved	CORPUS_A6063072E7A9;CORPUS_ED2342564FDA;CORPUS_16D4A9AA0695;CORPUS_DDC164B090C8	ordinary_tibetan_lexical_or_compound:1	none	ordinary_tibetan_lexical_or_compound=secure_independent_observation;tibetan_proper_name=nonadmissible_observation	retain	Current strict composition and admissible target support pass.
གློན	glon	U+0F42;U+0FB3;U+0F7C;U+0F53	fully_resolved	CORPUS_A6063072E7A9;CORPUS_ED2342564FDA;CORPUS_16D4A9AA0695;CORPUS_76CFA3FCFF21	ordinary_tibetan_lexical_or_compound:1	none	ordinary_tibetan_lexical_or_compound=nonadmissible_observation;tibetan_proper_name=nonadmissible_observation	downgrade	nonadmissible_observation
གློས	glos	U+0F42;U+0FB3;U+0F7C;U+0F66	fully_resolved	CORPUS_A6063072E7A9;CORPUS_ED2342564FDA;CORPUS_16D4A9AA0695;CORPUS_735B62E02527	ordinary_tibetan_lexical_or_compound:1	none	ordinary_tibetan_lexical_or_compound=nonadmissible_observation;tibetan_proper_name=nonadmissible_observation	downgrade	nonadmissible_observation
ནངས	naṅs	U+0F53;U+0F44;U+0F66	fully_resolved	CORPUS_7F051B17DE73;CORPUS_01025FAF5D30;SUFFIX_NG_TO_NDOT;CORPUS_F685D66CEF46	ordinary_tibetan_lexical_or_compound:1	none	ordinary_tibetan_lexical_or_compound=nonadmissible_observation;tibetan_proper_name=nonadmissible_observation	downgrade	nonadmissible_observation
ནབ	nab	U+0F53;U+0F56	fully_resolved	CORPUS_7F051B17DE73;CORPUS_01025FAF5D30;CORPUS_0C6592BB5CEF	ordinary_tibetan_lexical_or_compound:3	none	ordinary_tibetan_lexical_or_compound=nonadmissible_observation;tibetan_proper_name=nonadmissible_observation	downgrade	nonadmissible_observation
ནམས	nams	U+0F53;U+0F58;U+0F66	fully_resolved	CORPUS_7F051B17DE73;CORPUS_01025FAF5D30;CORPUS_5683E9A09D00;CORPUS_F685D66CEF46	ordinary_tibetan_lexical_or_compound:3	none	ordinary_tibetan_lexical_or_compound=secure_independent_observation;tibetan_proper_name=nonadmissible_observation	retain	Current strict composition and admissible target support pass.
ནི	ni	U+0F53;U+0F72	fully_resolved	CORPUS_7F051B17DE73;CORPUS_63EB474B7A3F	ordinary_tibetan_lexical_or_compound:8;sanskrit_or_indic_transcription:1	none	ordinary_tibetan_lexical_or_compound=nonadmissible_observation;tibetan_proper_name=nonadmissible_observation	downgrade	nonadmissible_observation
ནིང	niṅ	U+0F53;U+0F72;U+0F44	fully_resolved	CORPUS_7F051B17DE73;CORPUS_63EB474B7A3F;SUFFIX_NG_TO_NDOT	ordinary_tibetan_lexical_or_compound:1	none	ordinary_tibetan_lexical_or_compound=secure_independent_observation;tibetan_proper_name=nonadmissible_observation	retain	Current strict composition and admissible target support pass.
ནིམ	nim	U+0F53;U+0F72;U+0F58	fully_resolved	CORPUS_7F051B17DE73;CORPUS_63EB474B7A3F;CORPUS_5683E9A09D00	ordinary_tibetan_lexical_or_compound:2	none	ordinary_tibetan_lexical_or_compound=nonadmissible_observation;tibetan_proper_name=nonadmissible_observation	downgrade	nonadmissible_observation
ནིར	nir	U+0F53;U+0F72;U+0F62	fully_resolved	CORPUS_7F051B17DE73;CORPUS_63EB474B7A3F;CORPUS_6783C3DA00D4	ordinary_tibetan_lexical_or_compound:1	none	ordinary_tibetan_lexical_or_compound=nonadmissible_observation;tibetan_proper_name=nonadmissible_observation	downgrade	nonadmissible_observation
ནུབ	nub	U+0F53;U+0F74;U+0F56	fully_resolved	CORPUS_7F051B17DE73;CORPUS_84A74DBDD722;CORPUS_0C6592BB5CEF	ordinary_tibetan_lexical_or_compound:19;tibetan_proper_name:2	none	ordinary_tibetan_lexical_or_compound=secure_independent_observation;tibetan_proper_name=nonadmissible_observation	retain	Current strict composition and admissible target support pass.
ནུར	nur	U+0F53;U+0F74;U+0F62	fully_resolved	CORPUS_7F051B17DE73;CORPUS_84A74DBDD722;CORPUS_6783C3DA00D4	ordinary_tibetan_lexical_or_compound:7	none	ordinary_tibetan_lexical_or_compound=nonadmissible_observation;tibetan_proper_name=nonadmissible_observation	downgrade	nonadmissible_observation
ནོ	no	U+0F53;U+0F7C	fully_resolved	CORPUS_7F051B17DE73;CORPUS_16D4A9AA0695	ordinary_tibetan_lexical_or_compound:7;tibetan_proper_name:2	none	ordinary_tibetan_lexical_or_compound=nonadmissible_observation;tibetan_proper_name=nonadmissible_observation	downgrade	nonadmissible_observation
ནོག	nog	U+0F53;U+0F7C;U+0F42	fully_resolved	CORPUS_7F051B17DE73;CORPUS_16D4A9AA0695;CORPUS_9A673562CD7A	ordinary_tibetan_lexical_or_compound:7	none	ordinary_tibetan_lexical_or_compound=secure_independent_observation;tibetan_proper_name=nonadmissible_observation	retain	Current strict composition and admissible target support pass.
ནོངས	noṅs	U+0F53;U+0F7C;U+0F44;U+0F66	fully_resolved	CORPUS_7F051B17DE73;CORPUS_16D4A9AA0695;SUFFIX_NG_TO_NDOT;CORPUS_F685D66CEF46	ordinary_tibetan_lexical_or_compound:2	none	ordinary_tibetan_lexical_or_compound=nonadmissible_observation;tibetan_proper_name=nonadmissible_observation	downgrade	nonadmissible_observation
ནོད	nod	U+0F53;U+0F7C;U+0F51	fully_resolved	CORPUS_7F051B17DE73;CORPUS_16D4A9AA0695;CORPUS_DDC164B090C8	ordinary_tibetan_lexical_or_compound:3	none	ordinary_tibetan_lexical_or_compound=secure_independent_observation;tibetan_proper_name=nonadmissible_observation	retain	Current strict composition and admissible target support pass.
ནོམ	nom	U+0F53;U+0F7C;U+0F58	fully_resolved	CORPUS_7F051B17DE73;CORPUS_16D4A9AA0695;CORPUS_5683E9A09D00	ordinary_tibetan_lexical_or_compound:6	none	ordinary_tibetan_lexical_or_compound=secure_independent_observation;tibetan_proper_name=nonadmissible_observation	retain	Current strict composition and admissible target support pass.
ནོས	nos	U+0F53;U+0F7C;U+0F66	fully_resolved	CORPUS_7F051B17DE73;CORPUS_16D4A9AA0695;CORPUS_735B62E02527	ordinary_tibetan_lexical_or_compound:2	none	ordinary_tibetan_lexical_or_compound=nonadmissible_observation;tibetan_proper_name=nonadmissible_observation	downgrade	nonadmissible_observation
བགག	bgag	U+0F56;U+0F42;U+0F42	fully_resolved	CORPUS_F39DE6FEA67D;CORPUS_A6063072E7A9;CORPUS_01025FAF5D30;CORPUS_9A673562CD7A	ordinary_tibetan_lexical_or_compound:1	none	ordinary_tibetan_lexical_or_compound=nonadmissible_observation;tibetan_proper_name=nonadmissible_observation	downgrade	nonadmissible_observation
བགགས	bgags	U+0F56;U+0F42;U+0F42;U+0F66	fully_resolved	CORPUS_F39DE6FEA67D;CORPUS_A6063072E7A9;CORPUS_01025FAF5D30;CORPUS_9A673562CD7A;CORPUS_F685D66CEF46	ordinary_tibetan_lexical_or_compound:1	none	ordinary_tibetan_lexical_or_compound=nonadmissible_observation;tibetan_proper_name=nonadmissible_observation	downgrade	nonadmissible_observation
བགམ	bgam	U+0F56;U+0F42;U+0F58	fully_resolved	CORPUS_F39DE6FEA67D;CORPUS_A6063072E7A9;CORPUS_01025FAF5D30;CORPUS_5683E9A09D00	ordinary_tibetan_lexical_or_compound:1	none	ordinary_tibetan_lexical_or_compound=nonadmissible_observation;tibetan_proper_name=nonadmissible_observation	downgrade	nonadmissible_observation
བགོར	bgor	U+0F56;U+0F42;U+0F7C;U+0F62	fully_resolved	CORPUS_F39DE6FEA67D;CORPUS_A6063072E7A9;CORPUS_16D4A9AA0695;CORPUS_6783C3DA00D4	ordinary_tibetan_lexical_or_compound:1	none	ordinary_tibetan_lexical_or_compound=nonadmissible_observation;tibetan_proper_name=nonadmissible_observation	downgrade	nonadmissible_observation
བགྱི	bgyi	U+0F56;U+0F42;U+0FB1;U+0F72	fully_resolved	CORPUS_F39DE6FEA67D;CORPUS_A6063072E7A9;CORPUS_E34B3E203AE6;CORPUS_63EB474B7A3F	ordinary_tibetan_lexical_or_compound:1	none	ordinary_tibetan_lexical_or_compound=nonadmissible_observation;tibetan_proper_name=nonadmissible_observation	downgrade	nonadmissible_observation
བགྱིད	bgyid	U+0F56;U+0F42;U+0FB1;U+0F72;U+0F51	fully_resolved	CORPUS_F39DE6FEA67D;CORPUS_A6063072E7A9;CORPUS_E34B3E203AE6;CORPUS_63EB474B7A3F;CORPUS_DDC164B090C8	ordinary_tibetan_lexical_or_compound:3	none	ordinary_tibetan_lexical_or_compound=secure_independent_observation;tibetan_proper_name=nonadmissible_observation	retain	Current strict composition and admissible target support pass.
བགྱིས	bgyis	U+0F56;U+0F42;U+0FB1;U+0F72;U+0F66	fully_resolved	CORPUS_F39DE6FEA67D;CORPUS_A6063072E7A9;CORPUS_E34B3E203AE6;CORPUS_63EB474B7A3F;CORPUS_735B62E02527	ordinary_tibetan_lexical_or_compound:1	none	ordinary_tibetan_lexical_or_compound=nonadmissible_observation;tibetan_proper_name=nonadmissible_observation	downgrade	nonadmissible_observation
བགྲང	bgraṅ	U+0F56;U+0F42;U+0FB2;U+0F44	fully_resolved	CORPUS_F39DE6FEA67D;CORPUS_A6063072E7A9;CORPUS_7F71AFFFC788;CORPUS_01025FAF5D30;SUFFIX_NG_TO_NDOT	ordinary_tibetan_lexical_or_compound:9	none	ordinary_tibetan_lexical_or_compound=reviewed_full_target;tibetan_proper_name=nonadmissible_observation	retain	Current strict composition and admissible target support pass.
བགྲོས	bgros	U+0F56;U+0F42;U+0FB2;U+0F7C;U+0F66	fully_resolved	CORPUS_F39DE6FEA67D;CORPUS_A6063072E7A9;CORPUS_7F71AFFFC788;CORPUS_16D4A9AA0695;CORPUS_735B62E02527	ordinary_tibetan_lexical_or_compound:2	none	ordinary_tibetan_lexical_or_compound=nonadmissible_observation;tibetan_proper_name=nonadmissible_observation	downgrade	nonadmissible_observation
བཞག	bźag	U+0F56;U+0F5E;U+0F42	fully_resolved	CORPUS_F39DE6FEA67D;ROOT_ZHA_TO_ZACUTE;CORPUS_01025FAF5D30;CORPUS_9A673562CD7A	ordinary_tibetan_lexical_or_compound:11	none	ordinary_tibetan_lexical_or_compound=secure_independent_observation	retain	Current strict composition and admissible target support pass.
བཞོན	bźon	U+0F56;U+0F5E;U+0F7C;U+0F53	fully_resolved	CORPUS_F39DE6FEA67D;ROOT_ZHA_TO_ZACUTE;CORPUS_16D4A9AA0695;CORPUS_76CFA3FCFF21	ordinary_tibetan_lexical_or_compound:1	none	ordinary_tibetan_lexical_or_compound=alternate_witness_only	downgrade	alternate_witness_only
བརྒད	brgad	U+0F56;U+0F62;U+0F92;U+0F51	fully_resolved	CORPUS_F39DE6FEA67D;CORPUS_987FBEB04DC6;CORPUS_A6063072E7A9;CORPUS_01025FAF5D30;CORPUS_DDC164B090C8	ordinary_tibetan_lexical_or_compound:1	none	ordinary_tibetan_lexical_or_compound=secure_independent_observation;tibetan_proper_name=nonadmissible_observation	retain	Current strict composition and admissible target support pass.
བརྒྱན	brgyan	U+0F56;U+0F62;U+0F92;U+0FB1;U+0F53	fully_resolved	CORPUS_F39DE6FEA67D;CORPUS_987FBEB04DC6;CORPUS_A6063072E7A9;CORPUS_E34B3E203AE6;CORPUS_01025FAF5D30;CORPUS_76CFA3FCFF21	ordinary_tibetan_lexical_or_compound:1;tibetan_proper_name:2	none	ordinary_tibetan_lexical_or_compound=secure_independent_observation;tibetan_proper_name=nonadmissible_observation	retain	Current strict composition and admissible target support pass.
བརྒྱབ	brgyab	U+0F56;U+0F62;U+0F92;U+0FB1;U+0F56	fully_resolved	CORPUS_F39DE6FEA67D;CORPUS_987FBEB04DC6;CORPUS_A6063072E7A9;CORPUS_E34B3E203AE6;CORPUS_01025FAF5D30;CORPUS_0C6592BB5CEF	ordinary_tibetan_lexical_or_compound:1	none	ordinary_tibetan_lexical_or_compound=secure_independent_observation;tibetan_proper_name=nonadmissible_observation	retain	Current strict composition and admissible target support pass.
བརྒྱར	brgyar	U+0F56;U+0F62;U+0F92;U+0FB1;U+0F62	fully_resolved	CORPUS_F39DE6FEA67D;CORPUS_987FBEB04DC6;CORPUS_A6063072E7A9;CORPUS_E34B3E203AE6;CORPUS_01025FAF5D30;CORPUS_6783C3DA00D4	ordinary_tibetan_lexical_or_compound:1	none	ordinary_tibetan_lexical_or_compound=secure_independent_observation;tibetan_proper_name=nonadmissible_observation	retain	Current strict composition and admissible target support pass.
བརྣགས	brnags	U+0F56;U+0F62;U+0FA3;U+0F42;U+0F66	fully_resolved	CORPUS_F39DE6FEA67D;CORPUS_987FBEB04DC6;CORPUS_7F051B17DE73;CORPUS_01025FAF5D30;CORPUS_9A673562CD7A;CORPUS_F685D66CEF46	ordinary_tibetan_lexical_or_compound:2	none	ordinary_tibetan_lexical_or_compound=nonadmissible_observation;tibetan_proper_name=nonadmissible_observation	downgrade	nonadmissible_observation
བརྣང	brnaṅ	U+0F56;U+0F62;U+0FA3;U+0F44	fully_resolved	CORPUS_F39DE6FEA67D;CORPUS_987FBEB04DC6;CORPUS_7F051B17DE73;CORPUS_01025FAF5D30;SUFFIX_NG_TO_NDOT	ordinary_tibetan_lexical_or_compound:2	none	ordinary_tibetan_lexical_or_compound=secure_independent_observation;tibetan_proper_name=nonadmissible_observation	retain	Current strict composition and admissible target support pass.
བརྣན	brnan	U+0F56;U+0F62;U+0FA3;U+0F53	fully_resolved	CORPUS_F39DE6FEA67D;CORPUS_987FBEB04DC6;CORPUS_7F051B17DE73;CORPUS_01025FAF5D30;CORPUS_76CFA3FCFF21	ordinary_tibetan_lexical_or_compound:1	none	ordinary_tibetan_lexical_or_compound=nonadmissible_observation;tibetan_proper_name=nonadmissible_observation	downgrade	nonadmissible_observation
བརྣོག	brnog	U+0F56;U+0F62;U+0FA3;U+0F7C;U+0F42	fully_resolved	CORPUS_F39DE6FEA67D;CORPUS_987FBEB04DC6;CORPUS_7F051B17DE73;CORPUS_16D4A9AA0695;CORPUS_9A673562CD7A	ordinary_tibetan_lexical_or_compound:2	none	ordinary_tibetan_lexical_or_compound=nonadmissible_observation;tibetan_proper_name=nonadmissible_observation	downgrade	nonadmissible_observation
བརླག	brlag	U+0F56;U+0F62;U+0FB3;U+0F42	fully_resolved	CORPUS_F39DE6FEA67D;CORPUS_5BE28982C775;CORPUS_ED2342564FDA;CORPUS_01025FAF5D30;CORPUS_9A673562CD7A	ordinary_tibetan_lexical_or_compound:2	none	ordinary_tibetan_lexical_or_compound=secure_independent_observation;tibetan_proper_name=nonadmissible_observation	retain	Current strict composition and admissible target support pass.
བརླབ	brlab	U+0F56;U+0F62;U+0FB3;U+0F56	fully_resolved	CORPUS_F39DE6FEA67D;CORPUS_5BE28982C775;CORPUS_ED2342564FDA;CORPUS_01025FAF5D30;CORPUS_0C6592BB5CEF	ordinary_tibetan_lexical_or_compound:3	none	ordinary_tibetan_lexical_or_compound=nonadmissible_observation;tibetan_proper_name=nonadmissible_observation	downgrade	nonadmissible_observation
བརླབས	brlabs	U+0F56;U+0F62;U+0FB3;U+0F56;U+0F66	fully_resolved	CORPUS_F39DE6FEA67D;CORPUS_5BE28982C775;CORPUS_ED2342564FDA;CORPUS_01025FAF5D30;CORPUS_0C6592BB5CEF;CORPUS_F685D66CEF46	ordinary_tibetan_lexical_or_compound:5	none	ordinary_tibetan_lexical_or_compound=nonadmissible_observation;tibetan_proper_name=nonadmissible_observation	downgrade	nonadmissible_observation
བརླུག	brlug	U+0F56;U+0F62;U+0FB3;U+0F74;U+0F42	fully_resolved	CORPUS_F39DE6FEA67D;CORPUS_5BE28982C775;CORPUS_ED2342564FDA;CORPUS_84A74DBDD722;CORPUS_9A673562CD7A	ordinary_tibetan_lexical_or_compound:1	none	ordinary_tibetan_lexical_or_compound=nonadmissible_observation;tibetan_proper_name=nonadmissible_observation	downgrade	nonadmissible_observation
བསྒགས	bsgags	U+0F56;U+0F66;U+0F92;U+0F42;U+0F66	fully_resolved	CORPUS_F39DE6FEA67D;CORPUS_86605D8DD3C9;CORPUS_A6063072E7A9;CORPUS_01025FAF5D30;CORPUS_9A673562CD7A;CORPUS_F685D66CEF46	ordinary_tibetan_lexical_or_compound:1	none	ordinary_tibetan_lexical_or_compound=nonadmissible_observation;tibetan_proper_name=nonadmissible_observation	downgrade	nonadmissible_observation
བསྒབ	bsgab	U+0F56;U+0F66;U+0F92;U+0F56	fully_resolved	CORPUS_F39DE6FEA67D;CORPUS_86605D8DD3C9;CORPUS_A6063072E7A9;CORPUS_01025FAF5D30;CORPUS_0C6592BB5CEF	ordinary_tibetan_lexical_or_compound:1	none	ordinary_tibetan_lexical_or_compound=nonadmissible_observation;tibetan_proper_name=nonadmissible_observation	downgrade	nonadmissible_observation
བསྒར	bsgar	U+0F56;U+0F66;U+0F92;U+0F62	fully_resolved	CORPUS_F39DE6FEA67D;CORPUS_86605D8DD3C9;CORPUS_A6063072E7A9;CORPUS_01025FAF5D30;CORPUS_6783C3DA00D4	ordinary_tibetan_lexical_or_compound:1	none	ordinary_tibetan_lexical_or_compound=nonadmissible_observation;tibetan_proper_name=nonadmissible_observation	downgrade	nonadmissible_observation
བསྒུགས	bsgugs	U+0F56;U+0F66;U+0F92;U+0F74;U+0F42;U+0F66	fully_resolved	CORPUS_F39DE6FEA67D;CORPUS_86605D8DD3C9;CORPUS_A6063072E7A9;CORPUS_84A74DBDD722;CORPUS_9A673562CD7A;CORPUS_F685D66CEF46	ordinary_tibetan_lexical_or_compound:1	none	ordinary_tibetan_lexical_or_compound=nonadmissible_observation;tibetan_proper_name=nonadmissible_observation	downgrade	nonadmissible_observation
བསྒོ	bsgo	U+0F56;U+0F66;U+0F92;U+0F7C	fully_resolved	CORPUS_F39DE6FEA67D;CORPUS_86605D8DD3C9;CORPUS_A6063072E7A9;CORPUS_16D4A9AA0695	ordinary_tibetan_lexical_or_compound:5	none	ordinary_tibetan_lexical_or_compound=secure_independent_observation;tibetan_proper_name=nonadmissible_observation	retain	Current strict composition and admissible target support pass.
བསྒོམ	bsgom	U+0F56;U+0F66;U+0F92;U+0F7C;U+0F58	fully_resolved	CORPUS_F39DE6FEA67D;CORPUS_86605D8DD3C9;CORPUS_A6063072E7A9;CORPUS_16D4A9AA0695;CORPUS_5683E9A09D00	ordinary_tibetan_lexical_or_compound:4	none	ordinary_tibetan_lexical_or_compound=nonadmissible_observation;tibetan_proper_name=nonadmissible_observation	downgrade	nonadmissible_observation
བསྒོམས	bsgoms	U+0F56;U+0F66;U+0F92;U+0F7C;U+0F58;U+0F66	fully_resolved	CORPUS_F39DE6FEA67D;CORPUS_86605D8DD3C9;CORPUS_A6063072E7A9;CORPUS_16D4A9AA0695;CORPUS_5683E9A09D00;CORPUS_F685D66CEF46	ordinary_tibetan_lexical_or_compound:4	none	ordinary_tibetan_lexical_or_compound=nonadmissible_observation;tibetan_proper_name=nonadmissible_observation	downgrade	nonadmissible_observation
བསྒོས	bsgos	U+0F56;U+0F66;U+0F92;U+0F7C;U+0F66	fully_resolved	CORPUS_F39DE6FEA67D;CORPUS_86605D8DD3C9;CORPUS_A6063072E7A9;CORPUS_16D4A9AA0695;CORPUS_735B62E02527	ordinary_tibetan_lexical_or_compound:1	none	ordinary_tibetan_lexical_or_compound=secure_independent_observation;tibetan_proper_name=nonadmissible_observation	retain	Current strict composition and admissible target support pass.
བསྒྱིངས	bsgyiṅs	U+0F56;U+0F66;U+0F92;U+0FB1;U+0F72;U+0F44;U+0F66	fully_resolved	CORPUS_F39DE6FEA67D;CORPUS_86605D8DD3C9;CORPUS_A6063072E7A9;CORPUS_E34B3E203AE6;CORPUS_63EB474B7A3F;SUFFIX_NG_TO_NDOT;CORPUS_F685D66CEF46	ordinary_tibetan_lexical_or_compound:1	none	ordinary_tibetan_lexical_or_compound=nonadmissible_observation;tibetan_proper_name=nonadmissible_observation	downgrade	nonadmissible_observation
བསྒྲགས	bsgrags	U+0F56;U+0F66;U+0F92;U+0FB2;U+0F42;U+0F66	fully_resolved	CORPUS_F39DE6FEA67D;CORPUS_86605D8DD3C9;CORPUS_A6063072E7A9;CORPUS_7F71AFFFC788;CORPUS_01025FAF5D30;CORPUS_9A673562CD7A;CORPUS_F685D66CEF46	ordinary_tibetan_lexical_or_compound:4	none	ordinary_tibetan_lexical_or_compound=secure_independent_observation;tibetan_proper_name=nonadmissible_observation	retain	Current strict composition and admissible target support pass.
བསྒྲད	bsgrad	U+0F56;U+0F66;U+0F92;U+0FB2;U+0F51	fully_resolved	CORPUS_F39DE6FEA67D;CORPUS_86605D8DD3C9;CORPUS_A6063072E7A9;CORPUS_7F71AFFFC788;CORPUS_01025FAF5D30;CORPUS_DDC164B090C8	ordinary_tibetan_lexical_or_compound:1	none	ordinary_tibetan_lexical_or_compound=nonadmissible_observation;tibetan_proper_name=nonadmissible_observation	downgrade	nonadmissible_observation
བསྒྲིག	bsgrig	U+0F56;U+0F66;U+0F92;U+0FB2;U+0F72;U+0F42	fully_resolved	CORPUS_F39DE6FEA67D;CORPUS_86605D8DD3C9;CORPUS_A6063072E7A9;CORPUS_7F71AFFFC788;CORPUS_63EB474B7A3F;CORPUS_9A673562CD7A	ordinary_tibetan_lexical_or_compound:2	none	ordinary_tibetan_lexical_or_compound=nonadmissible_observation;tibetan_proper_name=nonadmissible_observation	downgrade	nonadmissible_observation
བསྒྲིགས	bsgrigs	U+0F56;U+0F66;U+0F92;U+0FB2;U+0F72;U+0F42;U+0F66	fully_resolved	CORPUS_F39DE6FEA67D;CORPUS_86605D8DD3C9;CORPUS_A6063072E7A9;CORPUS_7F71AFFFC788;CORPUS_63EB474B7A3F;CORPUS_9A673562CD7A;CORPUS_F685D66CEF46	ordinary_tibetan_lexical_or_compound:6	none	ordinary_tibetan_lexical_or_compound=nonadmissible_observation;tibetan_proper_name=nonadmissible_observation	downgrade	nonadmissible_observation
བསྒྲིན	bsgrin	U+0F56;U+0F66;U+0F92;U+0FB2;U+0F72;U+0F53	fully_resolved	CORPUS_F39DE6FEA67D;CORPUS_86605D8DD3C9;CORPUS_A6063072E7A9;CORPUS_7F71AFFFC788;CORPUS_63EB474B7A3F;CORPUS_76CFA3FCFF21	ordinary_tibetan_lexical_or_compound:1	none	ordinary_tibetan_lexical_or_compound=nonadmissible_observation;tibetan_proper_name=nonadmissible_observation	downgrade	nonadmissible_observation
བསྒྲིམས	bsgrims	U+0F56;U+0F66;U+0F92;U+0FB2;U+0F72;U+0F58;U+0F66	fully_resolved	CORPUS_F39DE6FEA67D;CORPUS_86605D8DD3C9;CORPUS_A6063072E7A9;CORPUS_7F71AFFFC788;CORPUS_63EB474B7A3F;CORPUS_5683E9A09D00;CORPUS_F685D66CEF46	ordinary_tibetan_lexical_or_compound:3	none	ordinary_tibetan_lexical_or_compound=secure_independent_observation;tibetan_proper_name=nonadmissible_observation	retain	Current strict composition and admissible target support pass.
བསྒྲུགས	bsgrugs	U+0F56;U+0F66;U+0F92;U+0FB2;U+0F74;U+0F42;U+0F66	fully_resolved	CORPUS_F39DE6FEA67D;CORPUS_86605D8DD3C9;CORPUS_A6063072E7A9;CORPUS_7F71AFFFC788;CORPUS_84A74DBDD722;CORPUS_9A673562CD7A;CORPUS_F685D66CEF46	ordinary_tibetan_lexical_or_compound:1	none	ordinary_tibetan_lexical_or_compound=nonadmissible_observation;tibetan_proper_name=nonadmissible_observation	downgrade	nonadmissible_observation
བསྒྲུབ	bsgrub	U+0F56;U+0F66;U+0F92;U+0FB2;U+0F74;U+0F56	fully_resolved	CORPUS_F39DE6FEA67D;CORPUS_86605D8DD3C9;CORPUS_A6063072E7A9;CORPUS_7F71AFFFC788;CORPUS_84A74DBDD722;CORPUS_0C6592BB5CEF	ordinary_tibetan_lexical_or_compound:4	none	ordinary_tibetan_lexical_or_compound=nonadmissible_observation;tibetan_proper_name=nonadmissible_observation	downgrade	nonadmissible_observation
བསྒྲུབས	bsgrubs	U+0F56;U+0F66;U+0F92;U+0FB2;U+0F74;U+0F56;U+0F66	fully_resolved	CORPUS_F39DE6FEA67D;CORPUS_86605D8DD3C9;CORPUS_A6063072E7A9;CORPUS_7F71AFFFC788;CORPUS_84A74DBDD722;CORPUS_0C6592BB5CEF;CORPUS_F685D66CEF46	ordinary_tibetan_lexical_or_compound:3	none	ordinary_tibetan_lexical_or_compound=nonadmissible_observation;tibetan_proper_name=nonadmissible_observation	downgrade	nonadmissible_observation
བསྣངས	bsnaṅs	U+0F56;U+0F66;U+0FA3;U+0F44;U+0F66	fully_resolved	CORPUS_F39DE6FEA67D;CORPUS_86605D8DD3C9;CORPUS_7F051B17DE73;CORPUS_01025FAF5D30;SUFFIX_NG_TO_NDOT;CORPUS_F685D66CEF46	ordinary_tibetan_lexical_or_compound:1	none	ordinary_tibetan_lexical_or_compound=nonadmissible_observation;tibetan_proper_name=nonadmissible_observation	downgrade	nonadmissible_observation
བསྣད	bsnad	U+0F56;U+0F66;U+0FA3;U+0F51	fully_resolved	CORPUS_F39DE6FEA67D;CORPUS_86605D8DD3C9;CORPUS_7F051B17DE73;CORPUS_01025FAF5D30;CORPUS_DDC164B090C8	ordinary_tibetan_lexical_or_compound:1	none	ordinary_tibetan_lexical_or_compound=nonadmissible_observation;tibetan_proper_name=nonadmissible_observation	downgrade	nonadmissible_observation
བསྣམ	bsnam	U+0F56;U+0F66;U+0FA3;U+0F58	fully_resolved	CORPUS_F39DE6FEA67D;CORPUS_86605D8DD3C9;CORPUS_7F051B17DE73;CORPUS_01025FAF5D30;CORPUS_5683E9A09D00	ordinary_tibetan_lexical_or_compound:1	none	ordinary_tibetan_lexical_or_compound=nonadmissible_observation;tibetan_proper_name=nonadmissible_observation	downgrade	nonadmissible_observation
བསྣམས	bsnams	U+0F56;U+0F66;U+0FA3;U+0F58;U+0F66	fully_resolved	CORPUS_F39DE6FEA67D;CORPUS_86605D8DD3C9;CORPUS_7F051B17DE73;CORPUS_01025FAF5D30;CORPUS_5683E9A09D00;CORPUS_F685D66CEF46	ordinary_tibetan_lexical_or_compound:2	none	ordinary_tibetan_lexical_or_compound=secure_independent_observation;tibetan_proper_name=nonadmissible_observation	retain	Current strict composition and admissible target support pass.
བསྣར	bsnar	U+0F56;U+0F66;U+0FA3;U+0F62	fully_resolved	CORPUS_F39DE6FEA67D;CORPUS_86605D8DD3C9;CORPUS_7F051B17DE73;CORPUS_01025FAF5D30;CORPUS_6783C3DA00D4	ordinary_tibetan_lexical_or_compound:1	none	ordinary_tibetan_lexical_or_compound=nonadmissible_observation;tibetan_proper_name=nonadmissible_observation	downgrade	nonadmissible_observation
བསྣུད	bsnud	U+0F56;U+0F66;U+0FA3;U+0F74;U+0F51	fully_resolved	CORPUS_F39DE6FEA67D;CORPUS_86605D8DD3C9;CORPUS_7F051B17DE73;CORPUS_84A74DBDD722;CORPUS_DDC164B090C8	ordinary_tibetan_lexical_or_compound:2	none	ordinary_tibetan_lexical_or_compound=nonadmissible_observation;tibetan_proper_name=nonadmissible_observation	downgrade	nonadmissible_observation
བསྣུན	bsnun	U+0F56;U+0F66;U+0FA3;U+0F74;U+0F53	fully_resolved	CORPUS_F39DE6FEA67D;CORPUS_86605D8DD3C9;CORPUS_7F051B17DE73;CORPUS_84A74DBDD722;CORPUS_76CFA3FCFF21	ordinary_tibetan_lexical_or_compound:2	none	ordinary_tibetan_lexical_or_compound=nonadmissible_observation;tibetan_proper_name=nonadmissible_observation	downgrade	nonadmissible_observation
བསྣུབ	bsnub	U+0F56;U+0F66;U+0FA3;U+0F74;U+0F56	fully_resolved	CORPUS_F39DE6FEA67D;CORPUS_86605D8DD3C9;CORPUS_7F051B17DE73;CORPUS_84A74DBDD722;CORPUS_0C6592BB5CEF	ordinary_tibetan_lexical_or_compound:1	none	ordinary_tibetan_lexical_or_compound=nonadmissible_observation;tibetan_proper_name=nonadmissible_observation	downgrade	nonadmissible_observation
བསྣུར	bsnur	U+0F56;U+0F66;U+0FA3;U+0F74;U+0F62	fully_resolved	CORPUS_F39DE6FEA67D;CORPUS_86605D8DD3C9;CORPUS_7F051B17DE73;CORPUS_84A74DBDD722;CORPUS_6783C3DA00D4	ordinary_tibetan_lexical_or_compound:1	none	ordinary_tibetan_lexical_or_compound=secure_independent_observation;tibetan_proper_name=nonadmissible_observation	retain	Current strict composition and admissible target support pass.
བསྣོག	bsnog	U+0F56;U+0F66;U+0FA3;U+0F7C;U+0F42	fully_resolved	CORPUS_F39DE6FEA67D;CORPUS_86605D8DD3C9;CORPUS_7F051B17DE73;CORPUS_16D4A9AA0695;CORPUS_9A673562CD7A	ordinary_tibetan_lexical_or_compound:2	none	ordinary_tibetan_lexical_or_compound=nonadmissible_observation;tibetan_proper_name=nonadmissible_observation	downgrade	nonadmissible_observation
བསྣོན	bsnon	U+0F56;U+0F66;U+0FA3;U+0F7C;U+0F53	fully_resolved	CORPUS_F39DE6FEA67D;CORPUS_86605D8DD3C9;CORPUS_7F051B17DE73;CORPUS_16D4A9AA0695;CORPUS_76CFA3FCFF21	ordinary_tibetan_lexical_or_compound:3	none	ordinary_tibetan_lexical_or_compound=nonadmissible_observation;tibetan_proper_name=nonadmissible_observation	downgrade	nonadmissible_observation
བསྣོར	bsnor	U+0F56;U+0F66;U+0FA3;U+0F7C;U+0F62	fully_resolved	CORPUS_F39DE6FEA67D;CORPUS_86605D8DD3C9;CORPUS_7F051B17DE73;CORPUS_16D4A9AA0695;CORPUS_6783C3DA00D4	ordinary_tibetan_lexical_or_compound:1	none	ordinary_tibetan_lexical_or_compound=nonadmissible_observation;tibetan_proper_name=nonadmissible_observation	downgrade	nonadmissible_observation
བསྣོས	bsnos	U+0F56;U+0F66;U+0FA3;U+0F7C;U+0F66	fully_resolved	CORPUS_F39DE6FEA67D;CORPUS_86605D8DD3C9;CORPUS_7F051B17DE73;CORPUS_16D4A9AA0695;CORPUS_735B62E02527	ordinary_tibetan_lexical_or_compound:1	none	ordinary_tibetan_lexical_or_compound=nonadmissible_observation;tibetan_proper_name=nonadmissible_observation	downgrade	nonadmissible_observation
བཱ	ba	U+0F56;U+0F71	unsupported_orthographic_sign		ordinary_tibetan_lexical_or_compound:1;tibetan_proper_name:1	U+0F71		downgrade	unsupported_orthographic_sign
བྱག	byag	U+0F56;U+0FB1;U+0F42	fully_resolved	CORPUS_B453155DE050;CORPUS_E34B3E203AE6;CORPUS_01025FAF5D30;CORPUS_9A673562CD7A	ordinary_tibetan_lexical_or_compound:2	none	ordinary_tibetan_lexical_or_compound=derived_target_plus_independent_feature_composition;tibetan_proper_name=nonadmissible_observation	retain	Current strict composition and admissible target support pass.
བྱབ	byab	U+0F56;U+0FB1;U+0F56	fully_resolved	CORPUS_B453155DE050;CORPUS_E34B3E203AE6;CORPUS_01025FAF5D30;CORPUS_0C6592BB5CEF	ordinary_tibetan_lexical_or_compound:2	none	ordinary_tibetan_lexical_or_compound=nonadmissible_observation;tibetan_proper_name=nonadmissible_observation	downgrade	nonadmissible_observation
བྱབས	byabs	U+0F56;U+0FB1;U+0F56;U+0F66	fully_resolved	CORPUS_B453155DE050;CORPUS_E34B3E203AE6;CORPUS_01025FAF5D30;CORPUS_0C6592BB5CEF;CORPUS_F685D66CEF46	ordinary_tibetan_lexical_or_compound:3	none	ordinary_tibetan_lexical_or_compound=secure_independent_observation;tibetan_proper_name=nonadmissible_observation	retain	Current strict composition and admissible target support pass.
བྱམ	byam	U+0F56;U+0FB1;U+0F58	fully_resolved	CORPUS_B453155DE050;CORPUS_E34B3E203AE6;CORPUS_01025FAF5D30;CORPUS_5683E9A09D00	ordinary_tibetan_lexical_or_compound:3	none	ordinary_tibetan_lexical_or_compound=secure_independent_observation;tibetan_proper_name=nonadmissible_observation	retain	Current strict composition and admissible target support pass.
བྱམས	byams	U+0F56;U+0FB1;U+0F58;U+0F66	fully_resolved	CORPUS_B453155DE050;CORPUS_E34B3E203AE6;CORPUS_01025FAF5D30;CORPUS_5683E9A09D00;CORPUS_F685D66CEF46	ordinary_tibetan_lexical_or_compound:14;tibetan_proper_name:6	none	ordinary_tibetan_lexical_or_compound=secure_independent_observation;tibetan_proper_name=nonadmissible_observation	retain	Current strict composition and admissible target support pass.
བྱར	byar	U+0F56;U+0FB1;U+0F62	fully_resolved	CORPUS_B453155DE050;CORPUS_E34B3E203AE6;CORPUS_01025FAF5D30;CORPUS_6783C3DA00D4	ordinary_tibetan_lexical_or_compound:1	none	ordinary_tibetan_lexical_or_compound=nonadmissible_observation;tibetan_proper_name=nonadmissible_observation	downgrade	nonadmissible_observation
བྱིང	byiṅ	U+0F56;U+0FB1;U+0F72;U+0F44	fully_resolved	CORPUS_B453155DE050;CORPUS_E34B3E203AE6;CORPUS_63EB474B7A3F;SUFFIX_NG_TO_NDOT	ordinary_tibetan_lexical_or_compound:3	none	ordinary_tibetan_lexical_or_compound=secure_independent_observation;tibetan_proper_name=nonadmissible_observation	retain	Current strict composition and admissible target support pass.
བྱིངས	byiṅs	U+0F56;U+0FB1;U+0F72;U+0F44;U+0F66	fully_resolved	CORPUS_B453155DE050;CORPUS_E34B3E203AE6;CORPUS_63EB474B7A3F;SUFFIX_NG_TO_NDOT;CORPUS_F685D66CEF46	ordinary_tibetan_lexical_or_compound:2	none	ordinary_tibetan_lexical_or_compound=nonadmissible_observation;tibetan_proper_name=nonadmissible_observation	downgrade	nonadmissible_observation
བྱིད	byid	U+0F56;U+0FB1;U+0F72;U+0F51	fully_resolved	CORPUS_B453155DE050;CORPUS_E34B3E203AE6;CORPUS_63EB474B7A3F;CORPUS_DDC164B090C8	ordinary_tibetan_lexical_or_compound:2	none	ordinary_tibetan_lexical_or_compound=nonadmissible_observation;tibetan_proper_name=nonadmissible_observation	downgrade	nonadmissible_observation
བྱིབས	byibs	U+0F56;U+0FB1;U+0F72;U+0F56;U+0F66	fully_resolved	CORPUS_B453155DE050;CORPUS_E34B3E203AE6;CORPUS_63EB474B7A3F;CORPUS_0C6592BB5CEF;CORPUS_F685D66CEF46	ordinary_tibetan_lexical_or_compound:1	none	ordinary_tibetan_lexical_or_compound=nonadmissible_observation;tibetan_proper_name=nonadmissible_observation	downgrade	nonadmissible_observation
བྱིམ	byim	U+0F56;U+0FB1;U+0F72;U+0F58	fully_resolved	CORPUS_B453155DE050;CORPUS_E34B3E203AE6;CORPUS_63EB474B7A3F;CORPUS_5683E9A09D00	ordinary_tibetan_lexical_or_compound:1	none	ordinary_tibetan_lexical_or_compound=nonadmissible_observation;tibetan_proper_name=nonadmissible_observation	downgrade	nonadmissible_observation
བྱིས	byis	U+0F56;U+0FB1;U+0F72;U+0F66	fully_resolved	CORPUS_B453155DE050;CORPUS_E34B3E203AE6;CORPUS_63EB474B7A3F;CORPUS_735B62E02527	ordinary_tibetan_lexical_or_compound:6	none	ordinary_tibetan_lexical_or_compound=secure_independent_observation;tibetan_proper_name=nonadmissible_observation	retain	Current strict composition and admissible target support pass.
བྱུག	byug	U+0F56;U+0FB1;U+0F74;U+0F42	fully_resolved	CORPUS_B453155DE050;CORPUS_E34B3E203AE6;CORPUS_84A74DBDD722;CORPUS_9A673562CD7A	ordinary_tibetan_lexical_or_compound:10	none	ordinary_tibetan_lexical_or_compound=secure_independent_observation;tibetan_proper_name=nonadmissible_observation	retain	Current strict composition and admissible target support pass.
བྱུགས	byugs	U+0F56;U+0FB1;U+0F74;U+0F42;U+0F66	fully_resolved	CORPUS_B453155DE050;CORPUS_E34B3E203AE6;CORPUS_84A74DBDD722;CORPUS_9A673562CD7A;CORPUS_F685D66CEF46	ordinary_tibetan_lexical_or_compound:3	none	ordinary_tibetan_lexical_or_compound=nonadmissible_observation;tibetan_proper_name=nonadmissible_observation	downgrade	nonadmissible_observation
བྱུར	byur	U+0F56;U+0FB1;U+0F74;U+0F62	fully_resolved	CORPUS_B453155DE050;CORPUS_E34B3E203AE6;CORPUS_84A74DBDD722;CORPUS_6783C3DA00D4	ordinary_tibetan_lexical_or_compound:8	none	ordinary_tibetan_lexical_or_compound=secure_independent_observation;tibetan_proper_name=nonadmissible_observation	retain	Current strict composition and admissible target support pass.
བྱུས	byus	U+0F56;U+0FB1;U+0F74;U+0F66	fully_resolved	CORPUS_B453155DE050;CORPUS_E34B3E203AE6;CORPUS_84A74DBDD722;CORPUS_735B62E02527	ordinary_tibetan_lexical_or_compound:4	none	ordinary_tibetan_lexical_or_compound=secure_independent_observation;tibetan_proper_name=nonadmissible_observation	retain	Current strict composition and admissible target support pass.
བྱོ	byo	U+0F56;U+0FB1;U+0F7C	fully_resolved	CORPUS_B453155DE050;CORPUS_E34B3E203AE6;CORPUS_16D4A9AA0695	ordinary_tibetan_lexical_or_compound:2	none	ordinary_tibetan_lexical_or_compound=nonadmissible_observation;tibetan_proper_name=nonadmissible_observation	downgrade	nonadmissible_observation
བྱོག	byog	U+0F56;U+0FB1;U+0F7C;U+0F42	fully_resolved	CORPUS_B453155DE050;CORPUS_E34B3E203AE6;CORPUS_16D4A9AA0695;CORPUS_9A673562CD7A	ordinary_tibetan_lexical_or_compound:1	none	ordinary_tibetan_lexical_or_compound=nonadmissible_observation;tibetan_proper_name=nonadmissible_observation	downgrade	nonadmissible_observation
བྱོན	byon	U+0F56;U+0FB1;U+0F7C;U+0F53	fully_resolved	CORPUS_B453155DE050;CORPUS_E34B3E203AE6;CORPUS_16D4A9AA0695;CORPUS_76CFA3FCFF21	ordinary_tibetan_lexical_or_compound:11;tibetan_proper_name:1	none	ordinary_tibetan_lexical_or_compound=secure_independent_observation;tibetan_proper_name=nonadmissible_observation	retain	Current strict composition and admissible target support pass.
བྱོབས	byobs	U+0F56;U+0FB1;U+0F7C;U+0F56;U+0F66	fully_resolved	CORPUS_B453155DE050;CORPUS_E34B3E203AE6;CORPUS_16D4A9AA0695;CORPUS_0C6592BB5CEF;CORPUS_F685D66CEF46	ordinary_tibetan_lexical_or_compound:1	none	ordinary_tibetan_lexical_or_compound=nonadmissible_observation;tibetan_proper_name=nonadmissible_observation	downgrade	nonadmissible_observation
བྱོར	byor	U+0F56;U+0FB1;U+0F7C;U+0F62	fully_resolved	CORPUS_B453155DE050;CORPUS_E34B3E203AE6;CORPUS_16D4A9AA0695;CORPUS_6783C3DA00D4	ordinary_tibetan_lexical_or_compound:1	none	ordinary_tibetan_lexical_or_compound=nonadmissible_observation;tibetan_proper_name=nonadmissible_observation	downgrade	nonadmissible_observation
བྲད	brad	U+0F56;U+0FB2;U+0F51	fully_resolved	CORPUS_B453155DE050;CORPUS_7F71AFFFC788;CORPUS_01025FAF5D30;CORPUS_DDC164B090C8	ordinary_tibetan_lexical_or_compound:5	none	ordinary_tibetan_lexical_or_compound=nonadmissible_observation;tibetan_proper_name=nonadmissible_observation	downgrade	nonadmissible_observation
བྲབ	brab	U+0F56;U+0FB2;U+0F56	fully_resolved	CORPUS_B453155DE050;CORPUS_7F71AFFFC788;CORPUS_01025FAF5D30;CORPUS_0C6592BB5CEF	ordinary_tibetan_lexical_or_compound:2	none	ordinary_tibetan_lexical_or_compound=reviewed_full_target;tibetan_proper_name=nonadmissible_observation	retain	Current strict composition and admissible target support pass.
བྲམ	bram	U+0F56;U+0FB2;U+0F58	fully_resolved	CORPUS_B453155DE050;CORPUS_7F71AFFFC788;CORPUS_01025FAF5D30;CORPUS_5683E9A09D00	ordinary_tibetan_lexical_or_compound:5;unclear:1	none	ordinary_tibetan_lexical_or_compound=reviewed_full_target;tibetan_proper_name=nonadmissible_observation	retain	Current strict composition and admissible target support pass.
བྲི	bri	U+0F56;U+0FB2;U+0F72	fully_resolved	CORPUS_B453155DE050;CORPUS_7F71AFFFC788;CORPUS_63EB474B7A3F	ordinary_tibetan_lexical_or_compound:2	none	ordinary_tibetan_lexical_or_compound=reviewed_full_target;tibetan_proper_name=nonadmissible_observation	retain	Current strict composition and admissible target support pass.
བྲིད	brid	U+0F56;U+0FB2;U+0F72;U+0F51	fully_resolved	CORPUS_B453155DE050;CORPUS_7F71AFFFC788;CORPUS_63EB474B7A3F;CORPUS_DDC164B090C8	ordinary_tibetan_lexical_or_compound:4	none	ordinary_tibetan_lexical_or_compound=secure_independent_observation;tibetan_proper_name=nonadmissible_observation	retain	Current strict composition and admissible target support pass.
བྲིན	brin	U+0F56;U+0FB2;U+0F72;U+0F53	fully_resolved	CORPUS_B453155DE050;CORPUS_7F71AFFFC788;CORPUS_63EB474B7A3F;CORPUS_76CFA3FCFF21	ordinary_tibetan_lexical_or_compound:1	none	ordinary_tibetan_lexical_or_compound=secure_independent_observation;tibetan_proper_name=nonadmissible_observation	retain	Current strict composition and admissible target support pass.
བྲིམས	brims	U+0F56;U+0FB2;U+0F72;U+0F58;U+0F66	fully_resolved	CORPUS_B453155DE050;CORPUS_7F71AFFFC788;CORPUS_63EB474B7A3F;CORPUS_5683E9A09D00;CORPUS_F685D66CEF46	ordinary_tibetan_lexical_or_compound:1	none	ordinary_tibetan_lexical_or_compound=nonadmissible_observation;tibetan_proper_name=nonadmissible_observation	downgrade	nonadmissible_observation
བྲུ	bru	U+0F56;U+0FB2;U+0F74	fully_resolved	CORPUS_B453155DE050;CORPUS_7F71AFFFC788;CORPUS_84A74DBDD722	ordinary_tibetan_lexical_or_compound:1	none	ordinary_tibetan_lexical_or_compound=nonadmissible_observation;tibetan_proper_name=nonadmissible_observation	downgrade	nonadmissible_observation
བྲུག	brug	U+0F56;U+0FB2;U+0F74;U+0F42	fully_resolved	CORPUS_B453155DE050;CORPUS_7F71AFFFC788;CORPUS_84A74DBDD722;CORPUS_9A673562CD7A	ordinary_tibetan_lexical_or_compound:1	none	ordinary_tibetan_lexical_or_compound=nonadmissible_observation;tibetan_proper_name=nonadmissible_observation	downgrade	nonadmissible_observation
བྲུངས	bruṅs	U+0F56;U+0FB2;U+0F74;U+0F44;U+0F66	fully_resolved	CORPUS_B453155DE050;CORPUS_7F71AFFFC788;CORPUS_84A74DBDD722;SUFFIX_NG_TO_NDOT;CORPUS_F685D66CEF46	ordinary_tibetan_lexical_or_compound:1	none	ordinary_tibetan_lexical_or_compound=nonadmissible_observation;tibetan_proper_name=nonadmissible_observation	downgrade	nonadmissible_observation
བྲུད	brud	U+0F56;U+0FB2;U+0F74;U+0F51	fully_resolved	CORPUS_B453155DE050;CORPUS_7F71AFFFC788;CORPUS_84A74DBDD722;CORPUS_DDC164B090C8	ordinary_tibetan_lexical_or_compound:2	none	ordinary_tibetan_lexical_or_compound=nonadmissible_observation;tibetan_proper_name=nonadmissible_observation	downgrade	nonadmissible_observation
བྲུན	brun	U+0F56;U+0FB2;U+0F74;U+0F53	fully_resolved	CORPUS_B453155DE050;CORPUS_7F71AFFFC788;CORPUS_84A74DBDD722;CORPUS_76CFA3FCFF21	ordinary_tibetan_lexical_or_compound:4	none	ordinary_tibetan_lexical_or_compound=nonadmissible_observation;tibetan_proper_name=nonadmissible_observation	downgrade	nonadmissible_observation
བྲུབ	brub	U+0F56;U+0FB2;U+0F74;U+0F56	fully_resolved	CORPUS_B453155DE050;CORPUS_7F71AFFFC788;CORPUS_84A74DBDD722;CORPUS_0C6592BB5CEF	ordinary_tibetan_lexical_or_compound:3	none	ordinary_tibetan_lexical_or_compound=nonadmissible_observation;tibetan_proper_name=nonadmissible_observation	downgrade	nonadmissible_observation
བྲུབས	brubs	U+0F56;U+0FB2;U+0F74;U+0F56;U+0F66	fully_resolved	CORPUS_B453155DE050;CORPUS_7F71AFFFC788;CORPUS_84A74DBDD722;CORPUS_0C6592BB5CEF;CORPUS_F685D66CEF46	unclear:2	none	ordinary_tibetan_lexical_or_compound=nonadmissible_observation;tibetan_proper_name=nonadmissible_observation	downgrade	nonadmissible_observation
བྲུས	brus	U+0F56;U+0FB2;U+0F74;U+0F66	fully_resolved	CORPUS_B453155DE050;CORPUS_7F71AFFFC788;CORPUS_84A74DBDD722;CORPUS_735B62E02527	ordinary_tibetan_lexical_or_compound:2	none	ordinary_tibetan_lexical_or_compound=nonadmissible_observation;tibetan_proper_name=nonadmissible_observation	downgrade	nonadmissible_observation
བྲོག	brog	U+0F56;U+0FB2;U+0F7C;U+0F42	fully_resolved	CORPUS_B453155DE050;CORPUS_7F71AFFFC788;CORPUS_16D4A9AA0695;CORPUS_9A673562CD7A	ordinary_tibetan_lexical_or_compound:3	none	ordinary_tibetan_lexical_or_compound=secure_independent_observation;tibetan_proper_name=nonadmissible_observation	retain	Current strict composition and admissible target support pass.
བྲོང	broṅ	U+0F56;U+0FB2;U+0F7C;U+0F44	fully_resolved	CORPUS_B453155DE050;CORPUS_7F71AFFFC788;CORPUS_16D4A9AA0695;SUFFIX_NG_TO_NDOT	ordinary_tibetan_lexical_or_compound:2	none	ordinary_tibetan_lexical_or_compound=secure_independent_observation;tibetan_proper_name=nonadmissible_observation	retain	Current strict composition and admissible target support pass.
བྲོབ	brob	U+0F56;U+0FB2;U+0F7C;U+0F56	fully_resolved	CORPUS_B453155DE050;CORPUS_7F71AFFFC788;CORPUS_16D4A9AA0695;CORPUS_0C6592BB5CEF	ordinary_tibetan_lexical_or_compound:1	none	ordinary_tibetan_lexical_or_compound=nonadmissible_observation;tibetan_proper_name=nonadmissible_observation	downgrade	nonadmissible_observation
བྲོས	bros	U+0F56;U+0FB2;U+0F7C;U+0F66	fully_resolved	CORPUS_B453155DE050;CORPUS_7F71AFFFC788;CORPUS_16D4A9AA0695;CORPUS_735B62E02527	ordinary_tibetan_lexical_or_compound:3	none	ordinary_tibetan_lexical_or_compound=nonadmissible_observation;tibetan_proper_name=nonadmissible_observation	downgrade	nonadmissible_observation
བླངས	blaṅs	U+0F56;U+0FB3;U+0F44;U+0F66	fully_resolved	CORPUS_B453155DE050;CORPUS_ED2342564FDA;CORPUS_01025FAF5D30;SUFFIX_NG_TO_NDOT;CORPUS_F685D66CEF46	ordinary_tibetan_lexical_or_compound:10	none	ordinary_tibetan_lexical_or_compound=nonadmissible_observation;tibetan_proper_name=nonadmissible_observation	downgrade	nonadmissible_observation
བླད	blad	U+0F56;U+0FB3;U+0F51	fully_resolved	CORPUS_B453155DE050;CORPUS_ED2342564FDA;CORPUS_01025FAF5D30;CORPUS_DDC164B090C8	ordinary_tibetan_lexical_or_compound:1	none	ordinary_tibetan_lexical_or_compound=nonadmissible_observation;tibetan_proper_name=nonadmissible_observation	downgrade	nonadmissible_observation
བླན	blan	U+0F56;U+0FB3;U+0F53	fully_resolved	CORPUS_B453155DE050;CORPUS_ED2342564FDA;CORPUS_01025FAF5D30;CORPUS_76CFA3FCFF21	ordinary_tibetan_lexical_or_compound:3	none	ordinary_tibetan_lexical_or_compound=nonadmissible_observation;tibetan_proper_name=nonadmissible_observation	downgrade	nonadmissible_observation
བླར	blar	U+0F56;U+0FB3;U+0F62	fully_resolved	CORPUS_B453155DE050;CORPUS_ED2342564FDA;CORPUS_01025FAF5D30;CORPUS_6783C3DA00D4	ordinary_tibetan_lexical_or_compound:1	none	ordinary_tibetan_lexical_or_compound=nonadmissible_observation;tibetan_proper_name=nonadmissible_observation	downgrade	nonadmissible_observation
བླས	blas	U+0F56;U+0FB3;U+0F66	fully_resolved	CORPUS_B453155DE050;CORPUS_ED2342564FDA;CORPUS_01025FAF5D30;CORPUS_735B62E02527	ordinary_tibetan_lexical_or_compound:4	none	ordinary_tibetan_lexical_or_compound=secure_independent_observation;tibetan_proper_name=nonadmissible_observation	retain	Current strict composition and admissible target support pass.
བླུ	blu	U+0F56;U+0FB3;U+0F74	fully_resolved	CORPUS_B453155DE050;CORPUS_ED2342564FDA;CORPUS_84A74DBDD722	ordinary_tibetan_lexical_or_compound:1	none	ordinary_tibetan_lexical_or_compound=nonadmissible_observation;tibetan_proper_name=nonadmissible_observation	downgrade	nonadmissible_observation
བླུག	blug	U+0F56;U+0FB3;U+0F74;U+0F42	fully_resolved	CORPUS_B453155DE050;CORPUS_ED2342564FDA;CORPUS_84A74DBDD722;CORPUS_9A673562CD7A	ordinary_tibetan_lexical_or_compound:3	none	ordinary_tibetan_lexical_or_compound=nonadmissible_observation;tibetan_proper_name=nonadmissible_observation	downgrade	nonadmissible_observation
བླུགས	blugs	U+0F56;U+0FB3;U+0F74;U+0F42;U+0F66	fully_resolved	CORPUS_B453155DE050;CORPUS_ED2342564FDA;CORPUS_84A74DBDD722;CORPUS_9A673562CD7A;CORPUS_F685D66CEF46	ordinary_tibetan_lexical_or_compound:6	none	ordinary_tibetan_lexical_or_compound=nonadmissible_observation;tibetan_proper_name=nonadmissible_observation	downgrade	nonadmissible_observation
བླུན	blun	U+0F56;U+0FB3;U+0F74;U+0F53	fully_resolved	CORPUS_B453155DE050;CORPUS_ED2342564FDA;CORPUS_84A74DBDD722;CORPUS_76CFA3FCFF21	ordinary_tibetan_lexical_or_compound:3	none	ordinary_tibetan_lexical_or_compound=secure_independent_observation;tibetan_proper_name=nonadmissible_observation	retain	Current strict composition and admissible target support pass.
བློད	blod	U+0F56;U+0FB3;U+0F7C;U+0F51	fully_resolved	CORPUS_B453155DE050;CORPUS_ED2342564FDA;CORPUS_16D4A9AA0695;CORPUS_DDC164B090C8	ordinary_tibetan_lexical_or_compound:1	none	ordinary_tibetan_lexical_or_compound=nonadmissible_observation;tibetan_proper_name=nonadmissible_observation	downgrade	nonadmissible_observation
བློས	blos	U+0F56;U+0FB3;U+0F7C;U+0F66	fully_resolved	CORPUS_B453155DE050;CORPUS_ED2342564FDA;CORPUS_16D4A9AA0695;CORPUS_735B62E02527	ordinary_tibetan_lexical_or_compound:11	none	ordinary_tibetan_lexical_or_compound=secure_independent_observation;tibetan_proper_name=nonadmissible_observation	retain	Current strict composition and admissible target support pass.
མགུར	mgur	U+0F58;U+0F42;U+0F74;U+0F62	fully_resolved	CORPUS_BC919FFB8C2C;CORPUS_A6063072E7A9;CORPUS_84A74DBDD722;CORPUS_6783C3DA00D4	ordinary_tibetan_lexical_or_compound:3	none	ordinary_tibetan_lexical_or_compound=nonadmissible_observation;tibetan_proper_name=nonadmissible_observation	downgrade	nonadmissible_observation
མགྱོགས	mgyogs	U+0F58;U+0F42;U+0FB1;U+0F7C;U+0F42;U+0F66	fully_resolved	CORPUS_BC919FFB8C2C;CORPUS_A6063072E7A9;CORPUS_E34B3E203AE6;CORPUS_16D4A9AA0695;CORPUS_9A673562CD7A;CORPUS_F685D66CEF46	ordinary_tibetan_lexical_or_compound:3;tibetan_proper_name:1	none	ordinary_tibetan_lexical_or_compound=secure_independent_observation;tibetan_proper_name=nonadmissible_observation	retain	Current strict composition and admissible target support pass.
མནག	mnag	U+0F58;U+0F53;U+0F42	fully_resolved	CORPUS_BC919FFB8C2C;CORPUS_7F051B17DE73;CORPUS_01025FAF5D30;CORPUS_9A673562CD7A	ordinary_tibetan_lexical_or_compound:1	none	ordinary_tibetan_lexical_or_compound=nonadmissible_observation;tibetan_proper_name=nonadmissible_observation	downgrade	nonadmissible_observation
མནགས	mnags	U+0F58;U+0F53;U+0F42;U+0F66	fully_resolved	CORPUS_BC919FFB8C2C;CORPUS_7F051B17DE73;CORPUS_01025FAF5D30;CORPUS_9A673562CD7A;CORPUS_F685D66CEF46	ordinary_tibetan_lexical_or_compound:1	none	ordinary_tibetan_lexical_or_compound=nonadmissible_observation;tibetan_proper_name=nonadmissible_observation	downgrade	nonadmissible_observation
མནངས	mnaṅs	U+0F58;U+0F53;U+0F44;U+0F66	fully_resolved	CORPUS_BC919FFB8C2C;CORPUS_7F051B17DE73;CORPUS_01025FAF5D30;SUFFIX_NG_TO_NDOT;CORPUS_F685D66CEF46	ordinary_tibetan_lexical_or_compound:2	none	ordinary_tibetan_lexical_or_compound=nonadmissible_observation;tibetan_proper_name=nonadmissible_observation	downgrade	nonadmissible_observation
མནན	mnan	U+0F58;U+0F53;U+0F53	fully_resolved	CORPUS_BC919FFB8C2C;CORPUS_7F051B17DE73;CORPUS_01025FAF5D30;CORPUS_76CFA3FCFF21	ordinary_tibetan_lexical_or_compound:6	none	ordinary_tibetan_lexical_or_compound=nonadmissible_observation;tibetan_proper_name=nonadmissible_observation	downgrade	nonadmissible_observation
མནབ	mnab	U+0F58;U+0F53;U+0F56	fully_resolved	CORPUS_BC919FFB8C2C;CORPUS_7F051B17DE73;CORPUS_01025FAF5D30;CORPUS_0C6592BB5CEF	ordinary_tibetan_lexical_or_compound:2	none	ordinary_tibetan_lexical_or_compound=secure_independent_observation;tibetan_proper_name=nonadmissible_observation	retain	Current strict composition and admissible target support pass.
མནབས	mnabs	U+0F58;U+0F53;U+0F56;U+0F66	fully_resolved	CORPUS_BC919FFB8C2C;CORPUS_7F051B17DE73;CORPUS_01025FAF5D30;CORPUS_0C6592BB5CEF;CORPUS_F685D66CEF46	ordinary_tibetan_lexical_or_compound:1	none	ordinary_tibetan_lexical_or_compound=nonadmissible_observation;tibetan_proper_name=nonadmissible_observation	downgrade	nonadmissible_observation
མནམ	mnam	U+0F58;U+0F53;U+0F58	fully_resolved	CORPUS_BC919FFB8C2C;CORPUS_7F051B17DE73;CORPUS_01025FAF5D30;CORPUS_5683E9A09D00	ordinary_tibetan_lexical_or_compound:3	none	ordinary_tibetan_lexical_or_compound=nonadmissible_observation;tibetan_proper_name=nonadmissible_observation	downgrade	nonadmissible_observation
མནམས	mnams	U+0F58;U+0F53;U+0F58;U+0F66	fully_resolved	CORPUS_BC919FFB8C2C;CORPUS_7F051B17DE73;CORPUS_01025FAF5D30;CORPUS_5683E9A09D00;CORPUS_F685D66CEF46	ordinary_tibetan_lexical_or_compound:1	none	ordinary_tibetan_lexical_or_compound=nonadmissible_observation;tibetan_proper_name=nonadmissible_observation	downgrade	nonadmissible_observation
མནར	mnar	U+0F58;U+0F53;U+0F62	fully_resolved	CORPUS_BC919FFB8C2C;CORPUS_7F051B17DE73;CORPUS_01025FAF5D30;CORPUS_6783C3DA00D4	ordinary_tibetan_lexical_or_compound:6	none	ordinary_tibetan_lexical_or_compound=secure_independent_observation;tibetan_proper_name=nonadmissible_observation	retain	Current strict composition and admissible target support pass.
མནུན	mnun	U+0F58;U+0F53;U+0F74;U+0F53	fully_resolved	CORPUS_BC919FFB8C2C;CORPUS_7F051B17DE73;CORPUS_84A74DBDD722;CORPUS_76CFA3FCFF21	ordinary_tibetan_lexical_or_compound:1	none	ordinary_tibetan_lexical_or_compound=nonadmissible_observation;tibetan_proper_name=nonadmissible_observation	downgrade	nonadmissible_observation
མནོག	mnog	U+0F58;U+0F53;U+0F7C;U+0F42	fully_resolved	CORPUS_BC919FFB8C2C;CORPUS_7F051B17DE73;CORPUS_16D4A9AA0695;CORPUS_9A673562CD7A	ordinary_tibetan_lexical_or_compound:2	none	ordinary_tibetan_lexical_or_compound=secure_independent_observation;tibetan_proper_name=nonadmissible_observation	retain	Current strict composition and admissible target support pass.
མཱ	ma	U+0F58;U+0F71	unsupported_orthographic_sign		ordinary_tibetan_lexical_or_compound:1	U+0F71		downgrade	unsupported_orthographic_sign
མྱ	mya	U+0F58;U+0FB1	fully_resolved	CORPUS_6C68775C4C70;CORPUS_E34B3E203AE6;CORPUS_01025FAF5D30	ordinary_tibetan_lexical_or_compound:3	none	ordinary_tibetan_lexical_or_compound=secure_independent_observation;tibetan_proper_name=nonadmissible_observation	retain	Current strict composition and admissible target support pass.
མྱང	myaṅ	U+0F58;U+0FB1;U+0F44	fully_resolved	CORPUS_6C68775C4C70;CORPUS_E34B3E203AE6;CORPUS_01025FAF5D30;SUFFIX_NG_TO_NDOT	ordinary_tibetan_lexical_or_compound:2;tibetan_proper_name:1	none	ordinary_tibetan_lexical_or_compound=reviewed_full_target;tibetan_proper_name=nonadmissible_observation	retain	Current strict composition and admissible target support pass.
མྱི	myi	U+0F58;U+0FB1;U+0F72	fully_resolved	CORPUS_6C68775C4C70;CORPUS_E34B3E203AE6;CORPUS_63EB474B7A3F	ordinary_tibetan_lexical_or_compound:4	none	ordinary_tibetan_lexical_or_compound=secure_independent_observation;tibetan_proper_name=nonadmissible_observation	retain	Current strict composition and admissible target support pass.
མྱིག	myig	U+0F58;U+0FB1;U+0F72;U+0F42	fully_resolved	CORPUS_6C68775C4C70;CORPUS_E34B3E203AE6;CORPUS_63EB474B7A3F;CORPUS_9A673562CD7A	ordinary_tibetan_lexical_or_compound:4	none	ordinary_tibetan_lexical_or_compound=secure_independent_observation;tibetan_proper_name=nonadmissible_observation	retain	Current strict composition and admissible target support pass.
མྱུ	myu	U+0F58;U+0FB1;U+0F74	fully_resolved	CORPUS_6C68775C4C70;CORPUS_E34B3E203AE6;CORPUS_84A74DBDD722	ordinary_tibetan_lexical_or_compound:2	none	ordinary_tibetan_lexical_or_compound=nonadmissible_observation;tibetan_proper_name=nonadmissible_observation	downgrade	nonadmissible_observation
མྱུར	myur	U+0F58;U+0FB1;U+0F74;U+0F62	fully_resolved	CORPUS_6C68775C4C70;CORPUS_E34B3E203AE6;CORPUS_84A74DBDD722;CORPUS_6783C3DA00D4	ordinary_tibetan_lexical_or_compound:8;unclear:2	none	ordinary_tibetan_lexical_or_compound=nonadmissible_observation;tibetan_proper_name=nonadmissible_observation	downgrade	nonadmissible_observation
མྱོག	myog	U+0F58;U+0FB1;U+0F7C;U+0F42	fully_resolved	CORPUS_6C68775C4C70;CORPUS_E34B3E203AE6;CORPUS_16D4A9AA0695;CORPUS_9A673562CD7A	ordinary_tibetan_lexical_or_compound:2	none	ordinary_tibetan_lexical_or_compound=nonadmissible_observation;tibetan_proper_name=nonadmissible_observation	downgrade	nonadmissible_observation
མྱོན	myon	U+0F58;U+0FB1;U+0F7C;U+0F53	fully_resolved	CORPUS_6C68775C4C70;CORPUS_E34B3E203AE6;CORPUS_16D4A9AA0695;CORPUS_76CFA3FCFF21	ordinary_tibetan_lexical_or_compound:1	none	ordinary_tibetan_lexical_or_compound=nonadmissible_observation;tibetan_proper_name=nonadmissible_observation	downgrade	nonadmissible_observation
མྱོས	myos	U+0F58;U+0FB1;U+0F7C;U+0F66	fully_resolved	CORPUS_6C68775C4C70;CORPUS_E34B3E203AE6;CORPUS_16D4A9AA0695;CORPUS_735B62E02527	ordinary_tibetan_lexical_or_compound:4	none	ordinary_tibetan_lexical_or_compound=secure_independent_observation;tibetan_proper_name=nonadmissible_observation	retain	Current strict composition and admissible target support pass.
མྲ	mra	U+0F58;U+0FB2	fully_resolved	CORPUS_6C68775C4C70;CORPUS_7F71AFFFC788;CORPUS_01025FAF5D30	ordinary_tibetan_lexical_or_compound:1	none	ordinary_tibetan_lexical_or_compound=nonadmissible_observation;tibetan_proper_name=nonadmissible_observation	downgrade	nonadmissible_observation
ཞ	źa	U+0F5E	fully_resolved	ROOT_ZHA_TO_ZACUTE;CORPUS_01025FAF5D30	ordinary_tibetan_lexical_or_compound:1	none	ordinary_tibetan_lexical_or_compound=secure_independent_observation	retain	Current strict composition and admissible target support pass.
ཞིག	źig	U+0F5E;U+0F72;U+0F42	fully_resolved	ROOT_ZHA_TO_ZACUTE;CORPUS_63EB474B7A3F;CORPUS_9A673562CD7A	ordinary_tibetan_lexical_or_compound:2	none	ordinary_tibetan_lexical_or_compound=secure_independent_observation	retain	Current strict composition and admissible target support pass.
ཞིང	źiṅ	U+0F5E;U+0F72;U+0F44	fully_resolved	ROOT_ZHA_TO_ZACUTE;CORPUS_63EB474B7A3F;SUFFIX_NG_TO_NDOT	ordinary_tibetan_lexical_or_compound:14	none	ordinary_tibetan_lexical_or_compound=derived_target_plus_independent_feature_composition	retain	Current strict composition and admissible target support pass.
ཞིམ	źim	U+0F5E;U+0F72;U+0F58	fully_resolved	ROOT_ZHA_TO_ZACUTE;CORPUS_63EB474B7A3F;CORPUS_5683E9A09D00	tibetan_proper_name:1	none	ordinary_tibetan_lexical_or_compound=nonadmissible_observation	downgrade	nonadmissible_observation
འགག	gag	U+0F60;U+0F42;U+0F42	fully_resolved	CORPUS_91DCE7C115D4;CORPUS_A6063072E7A9;CORPUS_01025FAF5D30;CORPUS_9A673562CD7A	ordinary_tibetan_lexical_or_compound:4	none	ordinary_tibetan_lexical_or_compound=nonadmissible_observation;tibetan_proper_name=nonadmissible_observation	downgrade	nonadmissible_observation
འགགས	gags	U+0F60;U+0F42;U+0F42;U+0F66	fully_resolved	CORPUS_91DCE7C115D4;CORPUS_A6063072E7A9;CORPUS_01025FAF5D30;CORPUS_9A673562CD7A;CORPUS_F685D66CEF46	ordinary_tibetan_lexical_or_compound:1	none	ordinary_tibetan_lexical_or_compound=nonadmissible_observation;tibetan_proper_name=nonadmissible_observation	downgrade	nonadmissible_observation
འགན	gan	U+0F60;U+0F42;U+0F53	fully_resolved	CORPUS_91DCE7C115D4;CORPUS_A6063072E7A9;CORPUS_01025FAF5D30;CORPUS_76CFA3FCFF21	ordinary_tibetan_lexical_or_compound:2	none	ordinary_tibetan_lexical_or_compound=secure_independent_observation;tibetan_proper_name=nonadmissible_observation	retain	Current strict composition and admissible target support pass.
འགབ	gab	U+0F60;U+0F42;U+0F56	fully_resolved	CORPUS_91DCE7C115D4;CORPUS_A6063072E7A9;CORPUS_01025FAF5D30;CORPUS_0C6592BB5CEF	ordinary_tibetan_lexical_or_compound:2	none	ordinary_tibetan_lexical_or_compound=nonadmissible_observation;tibetan_proper_name=nonadmissible_observation	downgrade	nonadmissible_observation
འགོགས	gogs	U+0F60;U+0F42;U+0F7C;U+0F42;U+0F66	fully_resolved	CORPUS_91DCE7C115D4;CORPUS_A6063072E7A9;CORPUS_16D4A9AA0695;CORPUS_9A673562CD7A;CORPUS_F685D66CEF46	ordinary_tibetan_lexical_or_compound:1	none	ordinary_tibetan_lexical_or_compound=nonadmissible_observation;tibetan_proper_name=nonadmissible_observation	downgrade	nonadmissible_observation
འགྱངས	gyaṅs	U+0F60;U+0F42;U+0FB1;U+0F44;U+0F66	fully_resolved	CORPUS_91DCE7C115D4;CORPUS_A6063072E7A9;CORPUS_E34B3E203AE6;CORPUS_01025FAF5D30;SUFFIX_NG_TO_NDOT;CORPUS_F685D66CEF46	ordinary_tibetan_lexical_or_compound:1	none	ordinary_tibetan_lexical_or_compound=nonadmissible_observation;tibetan_proper_name=nonadmissible_observation	downgrade	nonadmissible_observation
འགྱོགས	gyogs	U+0F60;U+0F42;U+0FB1;U+0F7C;U+0F42;U+0F66	fully_resolved	CORPUS_91DCE7C115D4;CORPUS_A6063072E7A9;CORPUS_E34B3E203AE6;CORPUS_16D4A9AA0695;CORPUS_9A673562CD7A;CORPUS_F685D66CEF46	ordinary_tibetan_lexical_or_compound:1	none	ordinary_tibetan_lexical_or_compound=secure_independent_observation;tibetan_proper_name=nonadmissible_observation	retain	Current strict composition and admissible target support pass.
འགྱོད	gyod	U+0F60;U+0F42;U+0FB1;U+0F7C;U+0F51	fully_resolved	CORPUS_91DCE7C115D4;CORPUS_A6063072E7A9;CORPUS_E34B3E203AE6;CORPUS_16D4A9AA0695;CORPUS_DDC164B090C8	ordinary_tibetan_lexical_or_compound:1	none	ordinary_tibetan_lexical_or_compound=secure_independent_observation;tibetan_proper_name=nonadmissible_observation	retain	Current strict composition and admissible target support pass.
འགྲམ	gram	U+0F60;U+0F42;U+0FB2;U+0F58	fully_resolved	CORPUS_91DCE7C115D4;CORPUS_A6063072E7A9;CORPUS_7F71AFFFC788;CORPUS_01025FAF5D30;CORPUS_5683E9A09D00	ordinary_tibetan_lexical_or_compound:3	none	ordinary_tibetan_lexical_or_compound=nonadmissible_observation;tibetan_proper_name=nonadmissible_observation	downgrade	nonadmissible_observation
འགྲིབ	grib	U+0F60;U+0F42;U+0FB2;U+0F72;U+0F56	fully_resolved	CORPUS_91DCE7C115D4;CORPUS_A6063072E7A9;CORPUS_7F71AFFFC788;CORPUS_63EB474B7A3F;CORPUS_0C6592BB5CEF	ordinary_tibetan_lexical_or_compound:1	none	ordinary_tibetan_lexical_or_compound=secure_independent_observation;tibetan_proper_name=nonadmissible_observation	retain	Current strict composition and admissible target support pass.
འགྲིམ	grim	U+0F60;U+0F42;U+0FB2;U+0F72;U+0F58	fully_resolved	CORPUS_91DCE7C115D4;CORPUS_A6063072E7A9;CORPUS_7F71AFFFC788;CORPUS_63EB474B7A3F;CORPUS_5683E9A09D00	ordinary_tibetan_lexical_or_compound:1	none	ordinary_tibetan_lexical_or_compound=nonadmissible_observation;tibetan_proper_name=nonadmissible_observation	downgrade	nonadmissible_observation
འགྲོགས	grogs	U+0F60;U+0F42;U+0FB2;U+0F7C;U+0F42;U+0F66	fully_resolved	CORPUS_91DCE7C115D4;CORPUS_A6063072E7A9;CORPUS_7F71AFFFC788;CORPUS_16D4A9AA0695;CORPUS_9A673562CD7A;CORPUS_F685D66CEF46	ordinary_tibetan_lexical_or_compound:1	none	ordinary_tibetan_lexical_or_compound=secure_independent_observation;tibetan_proper_name=nonadmissible_observation	retain	Current strict composition and admissible target support pass.
འབག	bag	U+0F60;U+0F56;U+0F42	fully_resolved	CORPUS_91DCE7C115D4;CORPUS_B453155DE050;CORPUS_01025FAF5D30;CORPUS_9A673562CD7A	ordinary_tibetan_lexical_or_compound:6	none	ordinary_tibetan_lexical_or_compound=nonadmissible_observation;tibetan_proper_name=nonadmissible_observation	downgrade	nonadmissible_observation
འབགས	bags	U+0F60;U+0F56;U+0F42;U+0F66	fully_resolved	CORPUS_91DCE7C115D4;CORPUS_B453155DE050;CORPUS_01025FAF5D30;CORPUS_9A673562CD7A;CORPUS_F685D66CEF46	ordinary_tibetan_lexical_or_compound:2	none	ordinary_tibetan_lexical_or_compound=nonadmissible_observation;tibetan_proper_name=nonadmissible_observation	downgrade	nonadmissible_observation
འབངས	baṅs	U+0F60;U+0F56;U+0F44;U+0F66	fully_resolved	CORPUS_91DCE7C115D4;CORPUS_B453155DE050;CORPUS_01025FAF5D30;SUFFIX_NG_TO_NDOT;CORPUS_F685D66CEF46	tibetan_proper_name:1	none	ordinary_tibetan_lexical_or_compound=nonadmissible_observation;tibetan_proper_name=nonadmissible_observation	downgrade	nonadmissible_observation
འབིགས	bigs	U+0F60;U+0F56;U+0F72;U+0F42;U+0F66	fully_resolved	CORPUS_91DCE7C115D4;CORPUS_B453155DE050;CORPUS_63EB474B7A3F;CORPUS_9A673562CD7A;CORPUS_F685D66CEF46	ordinary_tibetan_lexical_or_compound:1	none	ordinary_tibetan_lexical_or_compound=nonadmissible_observation;tibetan_proper_name=nonadmissible_observation	downgrade	nonadmissible_observation
འབིབས	bibs	U+0F60;U+0F56;U+0F72;U+0F56;U+0F66	fully_resolved	CORPUS_91DCE7C115D4;CORPUS_B453155DE050;CORPUS_63EB474B7A3F;CORPUS_0C6592BB5CEF;CORPUS_F685D66CEF46	ordinary_tibetan_lexical_or_compound:1	none	ordinary_tibetan_lexical_or_compound=nonadmissible_observation;tibetan_proper_name=nonadmissible_observation	downgrade	nonadmissible_observation
འབུགས	bugs	U+0F60;U+0F56;U+0F74;U+0F42;U+0F66	fully_resolved	CORPUS_91DCE7C115D4;CORPUS_B453155DE050;CORPUS_84A74DBDD722;CORPUS_9A673562CD7A;CORPUS_F685D66CEF46	ordinary_tibetan_lexical_or_compound:2;unclear:1	none	ordinary_tibetan_lexical_or_compound=nonadmissible_observation;tibetan_proper_name=nonadmissible_observation	downgrade	nonadmissible_observation
འབུབས	bubs	U+0F60;U+0F56;U+0F74;U+0F56;U+0F66	fully_resolved	CORPUS_91DCE7C115D4;CORPUS_B453155DE050;CORPUS_84A74DBDD722;CORPUS_0C6592BB5CEF;CORPUS_F685D66CEF46	ordinary_tibetan_lexical_or_compound:1	none	ordinary_tibetan_lexical_or_compound=nonadmissible_observation;tibetan_proper_name=nonadmissible_observation	downgrade	nonadmissible_observation
འབུར	bur	U+0F60;U+0F56;U+0F74;U+0F62	fully_resolved	CORPUS_91DCE7C115D4;CORPUS_B453155DE050;CORPUS_84A74DBDD722;CORPUS_6783C3DA00D4	ordinary_tibetan_lexical_or_compound:6	none	ordinary_tibetan_lexical_or_compound=nonadmissible_observation;tibetan_proper_name=nonadmissible_observation	downgrade	nonadmissible_observation
འབོག	bog	U+0F60;U+0F56;U+0F7C;U+0F42	fully_resolved	CORPUS_91DCE7C115D4;CORPUS_B453155DE050;CORPUS_16D4A9AA0695;CORPUS_9A673562CD7A	ordinary_tibetan_lexical_or_compound:3	none	ordinary_tibetan_lexical_or_compound=secure_independent_observation;tibetan_proper_name=nonadmissible_observation	retain	Current strict composition and admissible target support pass.
འབོགས	bogs	U+0F60;U+0F56;U+0F7C;U+0F42;U+0F66	fully_resolved	CORPUS_91DCE7C115D4;CORPUS_B453155DE050;CORPUS_16D4A9AA0695;CORPUS_9A673562CD7A;CORPUS_F685D66CEF46	ordinary_tibetan_lexical_or_compound:3	none	ordinary_tibetan_lexical_or_compound=secure_independent_observation;tibetan_proper_name=nonadmissible_observation	retain	Current strict composition and admissible target support pass.
འབོར	bor	U+0F60;U+0F56;U+0F7C;U+0F62	fully_resolved	CORPUS_91DCE7C115D4;CORPUS_B453155DE050;CORPUS_16D4A9AA0695;CORPUS_6783C3DA00D4	ordinary_tibetan_lexical_or_compound:2	none	ordinary_tibetan_lexical_or_compound=nonadmissible_observation;tibetan_proper_name=nonadmissible_observation	downgrade	nonadmissible_observation
འབྱམས	byams	U+0F60;U+0F56;U+0FB1;U+0F58;U+0F66	fully_resolved	CORPUS_91DCE7C115D4;CORPUS_B453155DE050;CORPUS_E34B3E203AE6;CORPUS_01025FAF5D30;CORPUS_5683E9A09D00;CORPUS_F685D66CEF46	ordinary_tibetan_lexical_or_compound:2;tibetan_proper_name:1	none	ordinary_tibetan_lexical_or_compound=secure_independent_observation;tibetan_proper_name=nonadmissible_observation	retain	Current strict composition and admissible target support pass.
འབྱར	byar	U+0F60;U+0F56;U+0FB1;U+0F62	fully_resolved	CORPUS_91DCE7C115D4;CORPUS_B453155DE050;CORPUS_E34B3E203AE6;CORPUS_01025FAF5D30;CORPUS_6783C3DA00D4	ordinary_tibetan_lexical_or_compound:3	none	ordinary_tibetan_lexical_or_compound=secure_independent_observation;tibetan_proper_name=nonadmissible_observation	retain	Current strict composition and admissible target support pass.
འབྱིད	byid	U+0F60;U+0F56;U+0FB1;U+0F72;U+0F51	fully_resolved	CORPUS_91DCE7C115D4;CORPUS_B453155DE050;CORPUS_E34B3E203AE6;CORPUS_63EB474B7A3F;CORPUS_DDC164B090C8	ordinary_tibetan_lexical_or_compound:2	none	ordinary_tibetan_lexical_or_compound=secure_independent_observation;tibetan_proper_name=nonadmissible_observation	retain	Current strict composition and admissible target support pass.
འབྱིན	byin	U+0F60;U+0F56;U+0FB1;U+0F72;U+0F53	fully_resolved	CORPUS_91DCE7C115D4;CORPUS_B453155DE050;CORPUS_E34B3E203AE6;CORPUS_63EB474B7A3F;CORPUS_76CFA3FCFF21	ordinary_tibetan_lexical_or_compound:3	none	ordinary_tibetan_lexical_or_compound=nonadmissible_observation;tibetan_proper_name=nonadmissible_observation	downgrade	nonadmissible_observation
འབྱོང	byoṅ	U+0F60;U+0F56;U+0FB1;U+0F7C;U+0F44	fully_resolved	CORPUS_91DCE7C115D4;CORPUS_B453155DE050;CORPUS_E34B3E203AE6;CORPUS_16D4A9AA0695;SUFFIX_NG_TO_NDOT	ordinary_tibetan_lexical_or_compound:2	none	ordinary_tibetan_lexical_or_compound=derived_target_plus_independent_feature_composition;tibetan_proper_name=nonadmissible_observation	retain	Current strict composition and admissible target support pass.
འབྱོན	byon	U+0F60;U+0F56;U+0FB1;U+0F7C;U+0F53	fully_resolved	CORPUS_91DCE7C115D4;CORPUS_B453155DE050;CORPUS_E34B3E203AE6;CORPUS_16D4A9AA0695;CORPUS_76CFA3FCFF21	ordinary_tibetan_lexical_or_compound:1	none	ordinary_tibetan_lexical_or_compound=nonadmissible_observation;tibetan_proper_name=nonadmissible_observation	downgrade	nonadmissible_observation
འབྲང	braṅ	U+0F60;U+0F56;U+0FB2;U+0F44	fully_resolved	CORPUS_91DCE7C115D4;CORPUS_B453155DE050;CORPUS_7F71AFFFC788;CORPUS_01025FAF5D30;SUFFIX_NG_TO_NDOT	unclear:1	none	ordinary_tibetan_lexical_or_compound=nonadmissible_observation;tibetan_proper_name=nonadmissible_observation	downgrade	nonadmissible_observation
འབྲི	bri	U+0F60;U+0F56;U+0FB2;U+0F72	fully_resolved	CORPUS_91DCE7C115D4;CORPUS_B453155DE050;CORPUS_7F71AFFFC788;CORPUS_63EB474B7A3F	tibetan_proper_name:2	none	ordinary_tibetan_lexical_or_compound=nonadmissible_observation;tibetan_proper_name=nonadmissible_observation	downgrade	nonadmissible_observation
འབྲིང	briṅ	U+0F60;U+0F56;U+0FB2;U+0F72;U+0F44	fully_resolved	CORPUS_91DCE7C115D4;CORPUS_B453155DE050;CORPUS_7F71AFFFC788;CORPUS_63EB474B7A3F;SUFFIX_NG_TO_NDOT	ordinary_tibetan_lexical_or_compound:3	none	ordinary_tibetan_lexical_or_compound=secure_independent_observation;tibetan_proper_name=nonadmissible_observation	retain	Current strict composition and admissible target support pass.
འབྲིད	brid	U+0F60;U+0F56;U+0FB2;U+0F72;U+0F51	fully_resolved	CORPUS_91DCE7C115D4;CORPUS_B453155DE050;CORPUS_7F71AFFFC788;CORPUS_63EB474B7A3F;CORPUS_DDC164B090C8	ordinary_tibetan_lexical_or_compound:2	none	ordinary_tibetan_lexical_or_compound=nonadmissible_observation;tibetan_proper_name=nonadmissible_observation	downgrade	nonadmissible_observation
འབྲིམ	brim	U+0F60;U+0F56;U+0FB2;U+0F72;U+0F58	fully_resolved	CORPUS_91DCE7C115D4;CORPUS_B453155DE050;CORPUS_7F71AFFFC788;CORPUS_63EB474B7A3F;CORPUS_5683E9A09D00	ordinary_tibetan_lexical_or_compound:1	none	ordinary_tibetan_lexical_or_compound=secure_independent_observation;tibetan_proper_name=nonadmissible_observation	retain	Current strict composition and admissible target support pass.
འབྲུ	bru	U+0F60;U+0F56;U+0FB2;U+0F74	fully_resolved	CORPUS_91DCE7C115D4;CORPUS_B453155DE050;CORPUS_7F71AFFFC788;CORPUS_84A74DBDD722	ordinary_tibetan_lexical_or_compound:4;unclear:2	none	ordinary_tibetan_lexical_or_compound=secure_independent_observation;tibetan_proper_name=nonadmissible_observation	retain	Current strict composition and admissible target support pass.
འབྲུག	brug	U+0F60;U+0F56;U+0FB2;U+0F74;U+0F42	fully_resolved	CORPUS_91DCE7C115D4;CORPUS_B453155DE050;CORPUS_7F71AFFFC788;CORPUS_84A74DBDD722;CORPUS_9A673562CD7A	ordinary_tibetan_lexical_or_compound:6	none	ordinary_tibetan_lexical_or_compound=secure_independent_observation;tibetan_proper_name=nonadmissible_observation	retain	Current strict composition and admissible target support pass.
འབྲུབ	brub	U+0F60;U+0F56;U+0FB2;U+0F74;U+0F56	fully_resolved	CORPUS_91DCE7C115D4;CORPUS_B453155DE050;CORPUS_7F71AFFFC788;CORPUS_84A74DBDD722;CORPUS_0C6592BB5CEF	ordinary_tibetan_lexical_or_compound:1	none	ordinary_tibetan_lexical_or_compound=nonadmissible_observation;tibetan_proper_name=nonadmissible_observation	downgrade	nonadmissible_observation
འབྲུམ	brum	U+0F60;U+0F56;U+0FB2;U+0F74;U+0F58	fully_resolved	CORPUS_91DCE7C115D4;CORPUS_B453155DE050;CORPUS_7F71AFFFC788;CORPUS_84A74DBDD722;CORPUS_5683E9A09D00	ordinary_tibetan_lexical_or_compound:2	none	ordinary_tibetan_lexical_or_compound=nonadmissible_observation;tibetan_proper_name=nonadmissible_observation	downgrade	nonadmissible_observation
འབྲོག	brog	U+0F60;U+0F56;U+0FB2;U+0F7C;U+0F42	fully_resolved	CORPUS_91DCE7C115D4;CORPUS_B453155DE050;CORPUS_7F71AFFFC788;CORPUS_16D4A9AA0695;CORPUS_9A673562CD7A	ordinary_tibetan_lexical_or_compound:4;tibetan_proper_name:1	none	ordinary_tibetan_lexical_or_compound=secure_independent_observation;tibetan_proper_name=nonadmissible_observation	retain	Current strict composition and admissible target support pass.
འབྲོང	broṅ	U+0F60;U+0F56;U+0FB2;U+0F7C;U+0F44	fully_resolved	CORPUS_91DCE7C115D4;CORPUS_B453155DE050;CORPUS_7F71AFFFC788;CORPUS_16D4A9AA0695;SUFFIX_NG_TO_NDOT	tibetan_proper_name:1	none	ordinary_tibetan_lexical_or_compound=nonadmissible_observation;tibetan_proper_name=nonadmissible_observation	downgrade	nonadmissible_observation
འབྲོངས	broṅs	U+0F60;U+0F56;U+0FB2;U+0F7C;U+0F44;U+0F66	fully_resolved	CORPUS_91DCE7C115D4;CORPUS_B453155DE050;CORPUS_7F71AFFFC788;CORPUS_16D4A9AA0695;SUFFIX_NG_TO_NDOT;CORPUS_F685D66CEF46	ordinary_tibetan_lexical_or_compound:1	none	ordinary_tibetan_lexical_or_compound=nonadmissible_observation;tibetan_proper_name=nonadmissible_observation	downgrade	nonadmissible_observation
འབྲོམ	brom	U+0F60;U+0F56;U+0FB2;U+0F7C;U+0F58	fully_resolved	CORPUS_91DCE7C115D4;CORPUS_B453155DE050;CORPUS_7F71AFFFC788;CORPUS_16D4A9AA0695;CORPUS_5683E9A09D00	ordinary_tibetan_lexical_or_compound:1	none	ordinary_tibetan_lexical_or_compound=nonadmissible_observation;tibetan_proper_name=nonadmissible_observation	downgrade	nonadmissible_observation
ཡ	ya	U+0F61	fully_resolved	CORPUS_ED079940246D;CORPUS_01025FAF5D30	ordinary_tibetan_lexical_or_compound:17;sanskrit_or_indic_transcription:5;tibetan_proper_name:2	none	ordinary_tibetan_lexical_or_compound=secure_independent_observation;tibetan_proper_name=nonadmissible_observation	retain	Current strict composition and admissible target support pass.
ཡག	yag	U+0F61;U+0F42	fully_resolved	CORPUS_ED079940246D;CORPUS_01025FAF5D30;CORPUS_9A673562CD7A	ordinary_tibetan_lexical_or_compound:4	none	ordinary_tibetan_lexical_or_compound=secure_independent_observation;tibetan_proper_name=nonadmissible_observation	retain	Current strict composition and admissible target support pass.
ཡངས	yaṅs	U+0F61;U+0F44;U+0F66	fully_resolved	CORPUS_ED079940246D;CORPUS_01025FAF5D30;SUFFIX_NG_TO_NDOT;CORPUS_F685D66CEF46	ordinary_tibetan_lexical_or_compound:4	none	ordinary_tibetan_lexical_or_compound=nonadmissible_observation;tibetan_proper_name=nonadmissible_observation	downgrade	nonadmissible_observation
ཡད	yad	U+0F61;U+0F51	fully_resolved	CORPUS_ED079940246D;CORPUS_01025FAF5D30;CORPUS_DDC164B090C8	ordinary_tibetan_lexical_or_compound:1	none	ordinary_tibetan_lexical_or_compound=nonadmissible_observation;tibetan_proper_name=nonadmissible_observation	downgrade	nonadmissible_observation
ཡམ	yam	U+0F61;U+0F58	fully_resolved	CORPUS_ED079940246D;CORPUS_01025FAF5D30;CORPUS_5683E9A09D00	ordinary_tibetan_lexical_or_compound:1	none	ordinary_tibetan_lexical_or_compound=nonadmissible_observation;tibetan_proper_name=nonadmissible_observation	downgrade	nonadmissible_observation
ཡམས	yams	U+0F61;U+0F58;U+0F66	fully_resolved	CORPUS_ED079940246D;CORPUS_01025FAF5D30;CORPUS_5683E9A09D00;CORPUS_F685D66CEF46	ordinary_tibetan_lexical_or_compound:3	none	ordinary_tibetan_lexical_or_compound=secure_independent_observation;tibetan_proper_name=nonadmissible_observation	retain	Current strict composition and admissible target support pass.
ཡིད	yid	U+0F61;U+0F72;U+0F51	fully_resolved	CORPUS_ED079940246D;CORPUS_63EB474B7A3F;CORPUS_DDC164B090C8	ordinary_tibetan_lexical_or_compound:4	none	ordinary_tibetan_lexical_or_compound=secure_independent_observation;tibetan_proper_name=nonadmissible_observation	retain	Current strict composition and admissible target support pass.
ཡིབ	yib	U+0F61;U+0F72;U+0F56	fully_resolved	CORPUS_ED079940246D;CORPUS_63EB474B7A3F;CORPUS_0C6592BB5CEF	ordinary_tibetan_lexical_or_compound:1	none	ordinary_tibetan_lexical_or_compound=nonadmissible_observation;tibetan_proper_name=nonadmissible_observation	downgrade	nonadmissible_observation
ཡིར	yir	U+0F61;U+0F72;U+0F62	fully_resolved	CORPUS_ED079940246D;CORPUS_63EB474B7A3F;CORPUS_6783C3DA00D4	ordinary_tibetan_lexical_or_compound:1	none	ordinary_tibetan_lexical_or_compound=nonadmissible_observation;tibetan_proper_name=nonadmissible_observation	downgrade	nonadmissible_observation
ཡིས	yis	U+0F61;U+0F72;U+0F66	fully_resolved	CORPUS_ED079940246D;CORPUS_63EB474B7A3F;CORPUS_735B62E02527	ordinary_tibetan_lexical_or_compound:4	none	ordinary_tibetan_lexical_or_compound=secure_independent_observation;tibetan_proper_name=nonadmissible_observation	retain	Current strict composition and admissible target support pass.
ཡུ	yu	U+0F61;U+0F74	fully_resolved	CORPUS_ED079940246D;CORPUS_84A74DBDD722	ordinary_tibetan_lexical_or_compound:2	none	ordinary_tibetan_lexical_or_compound=secure_independent_observation;tibetan_proper_name=nonadmissible_observation	retain	Current strict composition and admissible target support pass.
ཡུག	yug	U+0F61;U+0F74;U+0F42	fully_resolved	CORPUS_ED079940246D;CORPUS_84A74DBDD722;CORPUS_9A673562CD7A	ordinary_tibetan_lexical_or_compound:16;tibetan_proper_name:1	none	ordinary_tibetan_lexical_or_compound=secure_independent_observation;tibetan_proper_name=nonadmissible_observation	retain	Current strict composition and admissible target support pass.
ཡུན	yun	U+0F61;U+0F74;U+0F53	fully_resolved	CORPUS_ED079940246D;CORPUS_84A74DBDD722;CORPUS_76CFA3FCFF21	ordinary_tibetan_lexical_or_compound:2	none	ordinary_tibetan_lexical_or_compound=nonadmissible_observation;tibetan_proper_name=nonadmissible_observation	downgrade	nonadmissible_observation
ཡུར	yur	U+0F61;U+0F74;U+0F62	fully_resolved	CORPUS_ED079940246D;CORPUS_84A74DBDD722;CORPUS_6783C3DA00D4	ordinary_tibetan_lexical_or_compound:1	none	ordinary_tibetan_lexical_or_compound=nonadmissible_observation;tibetan_proper_name=nonadmissible_observation	downgrade	nonadmissible_observation
ཡོ	yo	U+0F61;U+0F7C	fully_resolved	CORPUS_ED079940246D;CORPUS_16D4A9AA0695	ordinary_tibetan_lexical_or_compound:1	none	ordinary_tibetan_lexical_or_compound=nonadmissible_observation;tibetan_proper_name=nonadmissible_observation	downgrade	nonadmissible_observation
ཡོག	yog	U+0F61;U+0F7C;U+0F42	fully_resolved	CORPUS_ED079940246D;CORPUS_16D4A9AA0695;CORPUS_9A673562CD7A	ordinary_tibetan_lexical_or_compound:3	none	ordinary_tibetan_lexical_or_compound=secure_independent_observation;tibetan_proper_name=nonadmissible_observation	retain	Current strict composition and admissible target support pass.
ཡོགས	yogs	U+0F61;U+0F7C;U+0F42;U+0F66	fully_resolved	CORPUS_ED079940246D;CORPUS_16D4A9AA0695;CORPUS_9A673562CD7A;CORPUS_F685D66CEF46	ordinary_tibetan_lexical_or_compound:1	none	ordinary_tibetan_lexical_or_compound=nonadmissible_observation;tibetan_proper_name=nonadmissible_observation	downgrade	nonadmissible_observation
ཡོང	yoṅ	U+0F61;U+0F7C;U+0F44	fully_resolved	CORPUS_ED079940246D;CORPUS_16D4A9AA0695;SUFFIX_NG_TO_NDOT	ordinary_tibetan_lexical_or_compound:4	none	ordinary_tibetan_lexical_or_compound=secure_independent_observation;tibetan_proper_name=nonadmissible_observation	retain	Current strict composition and admissible target support pass.
ཡོམ	yom	U+0F61;U+0F7C;U+0F58	fully_resolved	CORPUS_ED079940246D;CORPUS_16D4A9AA0695;CORPUS_5683E9A09D00	ordinary_tibetan_lexical_or_compound:1	none	ordinary_tibetan_lexical_or_compound=nonadmissible_observation;tibetan_proper_name=nonadmissible_observation	downgrade	nonadmissible_observation
ཡོར	yor	U+0F61;U+0F7C;U+0F62	fully_resolved	CORPUS_ED079940246D;CORPUS_16D4A9AA0695;CORPUS_6783C3DA00D4	ordinary_tibetan_lexical_or_compound:2;tibetan_proper_name:1	none	ordinary_tibetan_lexical_or_compound=secure_independent_observation;tibetan_proper_name=nonadmissible_observation	retain	Current strict composition and admissible target support pass.
ཡོས	yos	U+0F61;U+0F7C;U+0F66	fully_resolved	CORPUS_ED079940246D;CORPUS_16D4A9AA0695;CORPUS_735B62E02527	ordinary_tibetan_lexical_or_compound:1	none	ordinary_tibetan_lexical_or_compound=nonadmissible_observation;tibetan_proper_name=nonadmissible_observation	downgrade	nonadmissible_observation
ཡཾ	ya	U+0F61;U+0F7E	unsupported_orthographic_sign		sanskrit_or_indic_transcription:1	U+0F7E		downgrade	unsupported_orthographic_sign
རག	rag	U+0F62;U+0F42	fully_resolved	CORPUS_5BE28982C775;CORPUS_01025FAF5D30;CORPUS_9A673562CD7A	ordinary_tibetan_lexical_or_compound:7	none	ordinary_tibetan_lexical_or_compound=secure_independent_observation;tibetan_proper_name=nonadmissible_observation	retain	Current strict composition and admissible target support pass.
རགས	rags	U+0F62;U+0F42;U+0F66	fully_resolved	CORPUS_5BE28982C775;CORPUS_01025FAF5D30;CORPUS_9A673562CD7A;CORPUS_F685D66CEF46	ordinary_tibetan_lexical_or_compound:13;unclear:1	none	ordinary_tibetan_lexical_or_compound=secure_independent_observation;tibetan_proper_name=nonadmissible_observation	retain	Current strict composition and admissible target support pass.
རང	raṅ	U+0F62;U+0F44	fully_resolved	CORPUS_5BE28982C775;CORPUS_01025FAF5D30;SUFFIX_NG_TO_NDOT	ordinary_tibetan_lexical_or_compound:12;sanskrit_or_indic_transcription:1;tibetan_proper_name:1	none	ordinary_tibetan_lexical_or_compound=secure_independent_observation;tibetan_proper_name=nonadmissible_observation	retain	Current strict composition and admissible target support pass.
རངས	raṅs	U+0F62;U+0F44;U+0F66	fully_resolved	CORPUS_5BE28982C775;CORPUS_01025FAF5D30;SUFFIX_NG_TO_NDOT;CORPUS_F685D66CEF46	ordinary_tibetan_lexical_or_compound:1	none	ordinary_tibetan_lexical_or_compound=nonadmissible_observation;tibetan_proper_name=nonadmissible_observation	downgrade	nonadmissible_observation
རན	ran	U+0F62;U+0F53	fully_resolved	CORPUS_5BE28982C775;CORPUS_01025FAF5D30;CORPUS_76CFA3FCFF21	ordinary_tibetan_lexical_or_compound:8	none	ordinary_tibetan_lexical_or_compound=secure_independent_observation;tibetan_proper_name=nonadmissible_observation	retain	Current strict composition and admissible target support pass.
རམ	ram	U+0F62;U+0F58	fully_resolved	CORPUS_5BE28982C775;CORPUS_01025FAF5D30;CORPUS_5683E9A09D00	ordinary_tibetan_lexical_or_compound:7;sanskrit_or_indic_transcription:1;tibetan_proper_name:2	none	ordinary_tibetan_lexical_or_compound=secure_independent_observation;tibetan_proper_name=nonadmissible_observation	retain	Current strict composition and admissible target support pass.
རམས	rams	U+0F62;U+0F58;U+0F66	fully_resolved	CORPUS_5BE28982C775;CORPUS_01025FAF5D30;CORPUS_5683E9A09D00;CORPUS_F685D66CEF46	ordinary_tibetan_lexical_or_compound:1	none	ordinary_tibetan_lexical_or_compound=secure_independent_observation;tibetan_proper_name=nonadmissible_observation	retain	Current strict composition and admissible target support pass.
རཱ	ra	U+0F62;U+0F71	unsupported_orthographic_sign		ordinary_tibetan_lexical_or_compound:1	U+0F71		downgrade	unsupported_orthographic_sign
རཱི	ri	U+0F62;U+0F71;U+0F72	unsupported_orthographic_sign		sanskrit_or_indic_transcription:1	U+0F71		downgrade	unsupported_orthographic_sign
རིན	rin	U+0F62;U+0F72;U+0F53	fully_resolved	CORPUS_5BE28982C775;CORPUS_63EB474B7A3F;CORPUS_76CFA3FCFF21	ordinary_tibetan_lexical_or_compound:11;tibetan_proper_name:3	none	ordinary_tibetan_lexical_or_compound=secure_independent_observation;tibetan_proper_name=nonadmissible_observation	retain	Current strict composition and admissible target support pass.
རིབ	rib	U+0F62;U+0F72;U+0F56	fully_resolved	CORPUS_5BE28982C775;CORPUS_63EB474B7A3F;CORPUS_0C6592BB5CEF	ordinary_tibetan_lexical_or_compound:1	none	ordinary_tibetan_lexical_or_compound=nonadmissible_observation;tibetan_proper_name=nonadmissible_observation	downgrade	nonadmissible_observation
རིར	rir	U+0F62;U+0F72;U+0F62	fully_resolved	CORPUS_5BE28982C775;CORPUS_63EB474B7A3F;CORPUS_6783C3DA00D4	ordinary_tibetan_lexical_or_compound:1	none	ordinary_tibetan_lexical_or_compound=secure_independent_observation;tibetan_proper_name=nonadmissible_observation	retain	Current strict composition and admissible target support pass.
རུང	ruṅ	U+0F62;U+0F74;U+0F44	fully_resolved	CORPUS_5BE28982C775;CORPUS_84A74DBDD722;SUFFIX_NG_TO_NDOT	ordinary_tibetan_lexical_or_compound:7	none	ordinary_tibetan_lexical_or_compound=secure_independent_observation;tibetan_proper_name=nonadmissible_observation	retain	Current strict composition and admissible target support pass.
རུམ	rum	U+0F62;U+0F74;U+0F58	fully_resolved	CORPUS_5BE28982C775;CORPUS_84A74DBDD722;CORPUS_5683E9A09D00	ordinary_tibetan_lexical_or_compound:6;tibetan_proper_name:1	none	ordinary_tibetan_lexical_or_compound=secure_independent_observation;tibetan_proper_name=nonadmissible_observation	retain	Current strict composition and admissible target support pass.
རོགས	rogs	U+0F62;U+0F7C;U+0F42;U+0F66	fully_resolved	CORPUS_5BE28982C775;CORPUS_16D4A9AA0695;CORPUS_9A673562CD7A;CORPUS_F685D66CEF46	ordinary_tibetan_lexical_or_compound:5	none	ordinary_tibetan_lexical_or_compound=secure_independent_observation;tibetan_proper_name=nonadmissible_observation	retain	Current strict composition and admissible target support pass.
རོང	roṅ	U+0F62;U+0F7C;U+0F44	fully_resolved	CORPUS_5BE28982C775;CORPUS_16D4A9AA0695;SUFFIX_NG_TO_NDOT	ordinary_tibetan_lexical_or_compound:4;tibetan_proper_name:2	none	ordinary_tibetan_lexical_or_compound=secure_independent_observation;tibetan_proper_name=nonadmissible_observation	retain	Current strict composition and admissible target support pass.
རོན	ron	U+0F62;U+0F7C;U+0F53	fully_resolved	CORPUS_5BE28982C775;CORPUS_16D4A9AA0695;CORPUS_76CFA3FCFF21	ordinary_tibetan_lexical_or_compound:2	none	ordinary_tibetan_lexical_or_compound=secure_independent_observation;tibetan_proper_name=nonadmissible_observation	retain	Current strict composition and admissible target support pass.
རོམ	rom	U+0F62;U+0F7C;U+0F58	fully_resolved	CORPUS_5BE28982C775;CORPUS_16D4A9AA0695;CORPUS_5683E9A09D00	ordinary_tibetan_lexical_or_compound:1	none	ordinary_tibetan_lexical_or_compound=secure_independent_observation;tibetan_proper_name=nonadmissible_observation	retain	Current strict composition and admissible target support pass.
རོས	ros	U+0F62;U+0F7C;U+0F66	fully_resolved	CORPUS_5BE28982C775;CORPUS_16D4A9AA0695;CORPUS_735B62E02527	ordinary_tibetan_lexical_or_compound:2	none	ordinary_tibetan_lexical_or_compound=secure_independent_observation;tibetan_proper_name=nonadmissible_observation	retain	Current strict composition and admissible target support pass.
རྒ	rga	U+0F62;U+0F92	fully_resolved	CORPUS_987FBEB04DC6;CORPUS_A6063072E7A9;CORPUS_01025FAF5D30	ordinary_tibetan_lexical_or_compound:2	none	ordinary_tibetan_lexical_or_compound=secure_independent_observation;tibetan_proper_name=nonadmissible_observation	retain	Current strict composition and admissible target support pass.
རྒས	rgas	U+0F62;U+0F92;U+0F66	fully_resolved	CORPUS_987FBEB04DC6;CORPUS_A6063072E7A9;CORPUS_01025FAF5D30;CORPUS_735B62E02527	ordinary_tibetan_lexical_or_compound:8	none	ordinary_tibetan_lexical_or_compound=secure_independent_observation;tibetan_proper_name=nonadmissible_observation	retain	Current strict composition and admissible target support pass.
རྒུ	rgu	U+0F62;U+0F92;U+0F74	fully_resolved	CORPUS_987FBEB04DC6;CORPUS_A6063072E7A9;CORPUS_84A74DBDD722	ordinary_tibetan_lexical_or_compound:1	none	ordinary_tibetan_lexical_or_compound=secure_independent_observation;tibetan_proper_name=nonadmissible_observation	retain	Current strict composition and admissible target support pass.
རྒུད	rgud	U+0F62;U+0F92;U+0F74;U+0F51	fully_resolved	CORPUS_987FBEB04DC6;CORPUS_A6063072E7A9;CORPUS_84A74DBDD722;CORPUS_DDC164B090C8	ordinary_tibetan_lexical_or_compound:4	none	ordinary_tibetan_lexical_or_compound=secure_independent_observation;tibetan_proper_name=nonadmissible_observation	retain	Current strict composition and admissible target support pass.
རྒུན	rgun	U+0F62;U+0F92;U+0F74;U+0F53	fully_resolved	CORPUS_987FBEB04DC6;CORPUS_A6063072E7A9;CORPUS_84A74DBDD722;CORPUS_76CFA3FCFF21	ordinary_tibetan_lexical_or_compound:3	none	ordinary_tibetan_lexical_or_compound=secure_independent_observation;tibetan_proper_name=nonadmissible_observation	retain	Current strict composition and admissible target support pass.
རྒོ	rgo	U+0F62;U+0F92;U+0F7C	fully_resolved	CORPUS_987FBEB04DC6;CORPUS_A6063072E7A9;CORPUS_16D4A9AA0695	ordinary_tibetan_lexical_or_compound:2	none	ordinary_tibetan_lexical_or_compound=secure_independent_observation;tibetan_proper_name=nonadmissible_observation	retain	Current strict composition and admissible target support pass.
རྒོན	rgon	U+0F62;U+0F92;U+0F7C;U+0F53	fully_resolved	CORPUS_987FBEB04DC6;CORPUS_A6063072E7A9;CORPUS_16D4A9AA0695;CORPUS_76CFA3FCFF21	ordinary_tibetan_lexical_or_compound:1	none	ordinary_tibetan_lexical_or_compound=secure_independent_observation;tibetan_proper_name=nonadmissible_observation	retain	Current strict composition and admissible target support pass.
རྒྱང	rgyaṅ	U+0F62;U+0F92;U+0FB1;U+0F44	fully_resolved	CORPUS_987FBEB04DC6;CORPUS_A6063072E7A9;CORPUS_E34B3E203AE6;CORPUS_01025FAF5D30;SUFFIX_NG_TO_NDOT	ordinary_tibetan_lexical_or_compound:13	none	ordinary_tibetan_lexical_or_compound=secure_independent_observation;tibetan_proper_name=nonadmissible_observation	retain	Current strict composition and admissible target support pass.
རྒྱམ	rgyam	U+0F62;U+0F92;U+0FB1;U+0F58	fully_resolved	CORPUS_987FBEB04DC6;CORPUS_A6063072E7A9;CORPUS_E34B3E203AE6;CORPUS_01025FAF5D30;CORPUS_5683E9A09D00	ordinary_tibetan_lexical_or_compound:2	none	ordinary_tibetan_lexical_or_compound=secure_independent_observation;tibetan_proper_name=nonadmissible_observation	retain	Current strict composition and admissible target support pass.
རྒྱུས	rgyus	U+0F62;U+0F92;U+0FB1;U+0F74;U+0F66	fully_resolved	CORPUS_987FBEB04DC6;CORPUS_A6063072E7A9;CORPUS_E34B3E203AE6;CORPUS_84A74DBDD722;CORPUS_735B62E02527	ordinary_tibetan_lexical_or_compound:1	none	ordinary_tibetan_lexical_or_compound=secure_independent_observation;tibetan_proper_name=nonadmissible_observation	retain	Current strict composition and admissible target support pass.
རྣག	rnag	U+0F62;U+0FA3;U+0F42	fully_resolved	CORPUS_987FBEB04DC6;CORPUS_7F051B17DE73;CORPUS_01025FAF5D30;CORPUS_9A673562CD7A	ordinary_tibetan_lexical_or_compound:5	none	ordinary_tibetan_lexical_or_compound=nonadmissible_observation;tibetan_proper_name=nonadmissible_observation	downgrade	nonadmissible_observation
རྣགས	rnags	U+0F62;U+0FA3;U+0F42;U+0F66	fully_resolved	CORPUS_987FBEB04DC6;CORPUS_7F051B17DE73;CORPUS_01025FAF5D30;CORPUS_9A673562CD7A;CORPUS_F685D66CEF46	ordinary_tibetan_lexical_or_compound:1	none	ordinary_tibetan_lexical_or_compound=nonadmissible_observation;tibetan_proper_name=nonadmissible_observation	downgrade	nonadmissible_observation
རྣང	rnaṅ	U+0F62;U+0FA3;U+0F44	fully_resolved	CORPUS_987FBEB04DC6;CORPUS_7F051B17DE73;CORPUS_01025FAF5D30;SUFFIX_NG_TO_NDOT	ordinary_tibetan_lexical_or_compound:1	none	ordinary_tibetan_lexical_or_compound=secure_independent_observation;tibetan_proper_name=nonadmissible_observation	retain	Current strict composition and admissible target support pass.
རྣམས	rnams	U+0F62;U+0FA3;U+0F58;U+0F66	fully_resolved	CORPUS_987FBEB04DC6;CORPUS_7F051B17DE73;CORPUS_01025FAF5D30;CORPUS_5683E9A09D00;CORPUS_F685D66CEF46	ordinary_tibetan_lexical_or_compound:2	none	ordinary_tibetan_lexical_or_compound=nonadmissible_observation;tibetan_proper_name=nonadmissible_observation	downgrade	nonadmissible_observation
རྣོགས	rnogs	U+0F62;U+0FA3;U+0F7C;U+0F42;U+0F66	fully_resolved	CORPUS_987FBEB04DC6;CORPUS_7F051B17DE73;CORPUS_16D4A9AA0695;CORPUS_9A673562CD7A;CORPUS_F685D66CEF46	ordinary_tibetan_lexical_or_compound:1	none	ordinary_tibetan_lexical_or_compound=nonadmissible_observation;tibetan_proper_name=nonadmissible_observation	downgrade	nonadmissible_observation
རྣོན	rnon	U+0F62;U+0FA3;U+0F7C;U+0F53	fully_resolved	CORPUS_987FBEB04DC6;CORPUS_7F051B17DE73;CORPUS_16D4A9AA0695;CORPUS_76CFA3FCFF21	ordinary_tibetan_lexical_or_compound:7;unclear:1	none	ordinary_tibetan_lexical_or_compound=secure_independent_observation;tibetan_proper_name=nonadmissible_observation	retain	Current strict composition and admissible target support pass.
རྣོར	rnor	U+0F62;U+0FA3;U+0F7C;U+0F62	fully_resolved	CORPUS_987FBEB04DC6;CORPUS_7F051B17DE73;CORPUS_16D4A9AA0695;CORPUS_6783C3DA00D4	ordinary_tibetan_lexical_or_compound:1	none	ordinary_tibetan_lexical_or_compound=nonadmissible_observation;tibetan_proper_name=nonadmissible_observation	downgrade	nonadmissible_observation
རྦ	rba	U+0F62;U+0FA6	fully_resolved	CORPUS_987FBEB04DC6;CORPUS_B453155DE050;CORPUS_01025FAF5D30	ordinary_tibetan_lexical_or_compound:3	none	ordinary_tibetan_lexical_or_compound=reviewed_full_target;tibetan_proper_name=nonadmissible_observation	retain	Current strict composition and admissible target support pass.
རྦད	rbad	U+0F62;U+0FA6;U+0F51	fully_resolved	CORPUS_987FBEB04DC6;CORPUS_B453155DE050;CORPUS_01025FAF5D30;CORPUS_DDC164B090C8	ordinary_tibetan_lexical_or_compound:7	none	ordinary_tibetan_lexical_or_compound=secure_independent_observation;tibetan_proper_name=nonadmissible_observation	retain	Current strict composition and admissible target support pass.
རྦབ	rbab	U+0F62;U+0FA6;U+0F56	fully_resolved	CORPUS_987FBEB04DC6;CORPUS_B453155DE050;CORPUS_01025FAF5D30;CORPUS_0C6592BB5CEF	ordinary_tibetan_lexical_or_compound:4	none	ordinary_tibetan_lexical_or_compound=secure_independent_observation;tibetan_proper_name=nonadmissible_observation	retain	Current strict composition and admissible target support pass.
རྦས	rbas	U+0F62;U+0FA6;U+0F66	fully_resolved	CORPUS_987FBEB04DC6;CORPUS_B453155DE050;CORPUS_01025FAF5D30;CORPUS_735B62E02527	ordinary_tibetan_lexical_or_compound:1	none	ordinary_tibetan_lexical_or_compound=nonadmissible_observation;tibetan_proper_name=nonadmissible_observation	downgrade	nonadmissible_observation
རྦོད	rbod	U+0F62;U+0FA6;U+0F7C;U+0F51	fully_resolved	CORPUS_987FBEB04DC6;CORPUS_B453155DE050;CORPUS_16D4A9AA0695;CORPUS_DDC164B090C8	ordinary_tibetan_lexical_or_compound:2	none	ordinary_tibetan_lexical_or_compound=secure_independent_observation;tibetan_proper_name=nonadmissible_observation	retain	Current strict composition and admissible target support pass.
རྨག	rmag	U+0F62;U+0FA8;U+0F42	fully_resolved	CORPUS_987FBEB04DC6;CORPUS_6C68775C4C70;CORPUS_01025FAF5D30;CORPUS_9A673562CD7A	ordinary_tibetan_lexical_or_compound:1	none	ordinary_tibetan_lexical_or_compound=nonadmissible_observation;tibetan_proper_name=nonadmissible_observation	downgrade	nonadmissible_observation
རྨད	rmad	U+0F62;U+0FA8;U+0F51	fully_resolved	CORPUS_987FBEB04DC6;CORPUS_6C68775C4C70;CORPUS_01025FAF5D30;CORPUS_DDC164B090C8	ordinary_tibetan_lexical_or_compound:9	none	ordinary_tibetan_lexical_or_compound=secure_independent_observation;tibetan_proper_name=nonadmissible_observation	retain	Current strict composition and admissible target support pass.
རྨན	rman	U+0F62;U+0FA8;U+0F53	fully_resolved	CORPUS_987FBEB04DC6;CORPUS_6C68775C4C70;CORPUS_01025FAF5D30;CORPUS_76CFA3FCFF21	ordinary_tibetan_lexical_or_compound:1	none	ordinary_tibetan_lexical_or_compound=nonadmissible_observation;tibetan_proper_name=nonadmissible_observation	downgrade	nonadmissible_observation
རྨས	rmas	U+0F62;U+0FA8;U+0F66	fully_resolved	CORPUS_987FBEB04DC6;CORPUS_6C68775C4C70;CORPUS_01025FAF5D30;CORPUS_735B62E02527	ordinary_tibetan_lexical_or_compound:1	none	ordinary_tibetan_lexical_or_compound=nonadmissible_observation;tibetan_proper_name=nonadmissible_observation	downgrade	nonadmissible_observation
རྨི	rmi	U+0F62;U+0FA8;U+0F72	fully_resolved	CORPUS_987FBEB04DC6;CORPUS_6C68775C4C70;CORPUS_63EB474B7A3F	ordinary_tibetan_lexical_or_compound:5	none	ordinary_tibetan_lexical_or_compound=secure_independent_observation;tibetan_proper_name=nonadmissible_observation	retain	Current strict composition and admissible target support pass.
རྨིག	rmig	U+0F62;U+0FA8;U+0F72;U+0F42	fully_resolved	CORPUS_987FBEB04DC6;CORPUS_6C68775C4C70;CORPUS_63EB474B7A3F;CORPUS_9A673562CD7A	ordinary_tibetan_lexical_or_compound:4	none	ordinary_tibetan_lexical_or_compound=secure_independent_observation;tibetan_proper_name=nonadmissible_observation	retain	Current strict composition and admissible target support pass.
རྨུ	rmu	U+0F62;U+0FA8;U+0F74	fully_resolved	CORPUS_987FBEB04DC6;CORPUS_6C68775C4C70;CORPUS_84A74DBDD722	ordinary_tibetan_lexical_or_compound:2;tibetan_proper_name:1	none	ordinary_tibetan_lexical_or_compound=nonadmissible_observation;tibetan_proper_name=nonadmissible_observation	downgrade	nonadmissible_observation
རྨུག	rmug	U+0F62;U+0FA8;U+0F74;U+0F42	fully_resolved	CORPUS_987FBEB04DC6;CORPUS_6C68775C4C70;CORPUS_84A74DBDD722;CORPUS_9A673562CD7A	ordinary_tibetan_lexical_or_compound:4	none	ordinary_tibetan_lexical_or_compound=secure_independent_observation;tibetan_proper_name=nonadmissible_observation	retain	Current strict composition and admissible target support pass.
རྨུགས	rmugs	U+0F62;U+0FA8;U+0F74;U+0F42;U+0F66	fully_resolved	CORPUS_987FBEB04DC6;CORPUS_6C68775C4C70;CORPUS_84A74DBDD722;CORPUS_9A673562CD7A;CORPUS_F685D66CEF46	ordinary_tibetan_lexical_or_compound:1	none	ordinary_tibetan_lexical_or_compound=nonadmissible_observation;tibetan_proper_name=nonadmissible_observation	downgrade	nonadmissible_observation
རྨུར	rmur	U+0F62;U+0FA8;U+0F74;U+0F62	fully_resolved	CORPUS_987FBEB04DC6;CORPUS_6C68775C4C70;CORPUS_84A74DBDD722;CORPUS_6783C3DA00D4	ordinary_tibetan_lexical_or_compound:1	none	ordinary_tibetan_lexical_or_compound=nonadmissible_observation;tibetan_proper_name=nonadmissible_observation	downgrade	nonadmissible_observation
རྨུས	rmus	U+0F62;U+0FA8;U+0F74;U+0F66	fully_resolved	CORPUS_987FBEB04DC6;CORPUS_6C68775C4C70;CORPUS_84A74DBDD722;CORPUS_735B62E02527	ordinary_tibetan_lexical_or_compound:1	none	ordinary_tibetan_lexical_or_compound=nonadmissible_observation;tibetan_proper_name=nonadmissible_observation	downgrade	nonadmissible_observation
རྨོ	rmo	U+0F62;U+0FA8;U+0F7C	fully_resolved	CORPUS_987FBEB04DC6;CORPUS_6C68775C4C70;CORPUS_16D4A9AA0695	ordinary_tibetan_lexical_or_compound:2	none	ordinary_tibetan_lexical_or_compound=secure_independent_observation;tibetan_proper_name=nonadmissible_observation	retain	Current strict composition and admissible target support pass.
རྨོག	rmog	U+0F62;U+0FA8;U+0F7C;U+0F42	fully_resolved	CORPUS_987FBEB04DC6;CORPUS_6C68775C4C70;CORPUS_16D4A9AA0695;CORPUS_9A673562CD7A	ordinary_tibetan_lexical_or_compound:5	none	ordinary_tibetan_lexical_or_compound=secure_independent_observation;tibetan_proper_name=nonadmissible_observation	retain	Current strict composition and admissible target support pass.
རྨོངས	rmoṅs	U+0F62;U+0FA8;U+0F7C;U+0F44;U+0F66	fully_resolved	CORPUS_987FBEB04DC6;CORPUS_6C68775C4C70;CORPUS_16D4A9AA0695;SUFFIX_NG_TO_NDOT;CORPUS_F685D66CEF46	ordinary_tibetan_lexical_or_compound:5	none	ordinary_tibetan_lexical_or_compound=nonadmissible_observation;tibetan_proper_name=nonadmissible_observation	downgrade	nonadmissible_observation
རྨོད	rmod	U+0F62;U+0FA8;U+0F7C;U+0F51	fully_resolved	CORPUS_987FBEB04DC6;CORPUS_6C68775C4C70;CORPUS_16D4A9AA0695;CORPUS_DDC164B090C8	ordinary_tibetan_lexical_or_compound:1	none	ordinary_tibetan_lexical_or_compound=nonadmissible_observation;tibetan_proper_name=nonadmissible_observation	downgrade	nonadmissible_observation
རྨོན	rmon	U+0F62;U+0FA8;U+0F7C;U+0F53	fully_resolved	CORPUS_987FBEB04DC6;CORPUS_6C68775C4C70;CORPUS_16D4A9AA0695;CORPUS_76CFA3FCFF21	ordinary_tibetan_lexical_or_compound:3	none	ordinary_tibetan_lexical_or_compound=nonadmissible_observation;tibetan_proper_name=nonadmissible_observation	downgrade	nonadmissible_observation
རྨཾ	rma	U+0F62;U+0FA8;U+0F7E	unsupported_orthographic_sign		ordinary_tibetan_lexical_or_compound:1	U+0F7E		downgrade	unsupported_orthographic_sign
རླག	rlag	U+0F62;U+0FB3;U+0F42	fully_resolved	CORPUS_5BE28982C775;CORPUS_ED2342564FDA;CORPUS_01025FAF5D30;CORPUS_9A673562CD7A	ordinary_tibetan_lexical_or_compound:2	none	ordinary_tibetan_lexical_or_compound=secure_independent_observation;tibetan_proper_name=nonadmissible_observation	retain	Current strict composition and admissible target support pass.
རླབས	rlabs	U+0F62;U+0FB3;U+0F56;U+0F66	fully_resolved	CORPUS_5BE28982C775;CORPUS_ED2342564FDA;CORPUS_01025FAF5D30;CORPUS_0C6592BB5CEF;CORPUS_F685D66CEF46	ordinary_tibetan_lexical_or_compound:14	none	ordinary_tibetan_lexical_or_compound=secure_independent_observation;tibetan_proper_name=nonadmissible_observation	retain	Current strict composition and admissible target support pass.
རླུང	rluṅ	U+0F62;U+0FB3;U+0F74;U+0F44	fully_resolved	CORPUS_5BE28982C775;CORPUS_ED2342564FDA;CORPUS_84A74DBDD722;SUFFIX_NG_TO_NDOT	ordinary_tibetan_lexical_or_compound:6	none	ordinary_tibetan_lexical_or_compound=secure_independent_observation;tibetan_proper_name=nonadmissible_observation	retain	Current strict composition and admissible target support pass.
རློབས	rlobs	U+0F62;U+0FB3;U+0F7C;U+0F56;U+0F66	fully_resolved	CORPUS_5BE28982C775;CORPUS_ED2342564FDA;CORPUS_16D4A9AA0695;CORPUS_0C6592BB5CEF;CORPUS_F685D66CEF46	ordinary_tibetan_lexical_or_compound:1	none	ordinary_tibetan_lexical_or_compound=nonadmissible_observation;tibetan_proper_name=nonadmissible_observation	downgrade	nonadmissible_observation
རློམས	rloms	U+0F62;U+0FB3;U+0F7C;U+0F58;U+0F66	fully_resolved	CORPUS_5BE28982C775;CORPUS_ED2342564FDA;CORPUS_16D4A9AA0695;CORPUS_5683E9A09D00;CORPUS_F685D66CEF46	ordinary_tibetan_lexical_or_compound:1	none	ordinary_tibetan_lexical_or_compound=secure_independent_observation;tibetan_proper_name=nonadmissible_observation	retain	Current strict composition and admissible target support pass.
ལགས	lags	U+0F63;U+0F42;U+0F66	fully_resolved	CORPUS_10051C382A6A;CORPUS_01025FAF5D30;CORPUS_9A673562CD7A;CORPUS_F685D66CEF46	ordinary_tibetan_lexical_or_compound:4	none	ordinary_tibetan_lexical_or_compound=secure_independent_observation;tibetan_proper_name=nonadmissible_observation	retain	Current strict composition and admissible target support pass.
ལངས	laṅs	U+0F63;U+0F44;U+0F66	fully_resolved	CORPUS_10051C382A6A;CORPUS_01025FAF5D30;SUFFIX_NG_TO_NDOT;CORPUS_F685D66CEF46	ordinary_tibetan_lexical_or_compound:3	none	ordinary_tibetan_lexical_or_compound=nonadmissible_observation;tibetan_proper_name=nonadmissible_observation	downgrade	nonadmissible_observation
ལད	lad	U+0F63;U+0F51	fully_resolved	CORPUS_10051C382A6A;CORPUS_01025FAF5D30;CORPUS_DDC164B090C8	ordinary_tibetan_lexical_or_compound:2	none	ordinary_tibetan_lexical_or_compound=nonadmissible_observation;tibetan_proper_name=nonadmissible_observation	downgrade	nonadmissible_observation
ལབ	lab	U+0F63;U+0F56	fully_resolved	CORPUS_10051C382A6A;CORPUS_01025FAF5D30;CORPUS_0C6592BB5CEF	ordinary_tibetan_lexical_or_compound:2	none	ordinary_tibetan_lexical_or_compound=secure_independent_observation;tibetan_proper_name=nonadmissible_observation	retain	Current strict composition and admissible target support pass.
ལར	lar	U+0F63;U+0F62	fully_resolved	CORPUS_10051C382A6A;CORPUS_01025FAF5D30;CORPUS_6783C3DA00D4	ordinary_tibetan_lexical_or_compound:1	none	ordinary_tibetan_lexical_or_compound=nonadmissible_observation;tibetan_proper_name=nonadmissible_observation	downgrade	nonadmissible_observation
ལཱ	la	U+0F63;U+0F71	unsupported_orthographic_sign		ordinary_tibetan_lexical_or_compound:3;sanskrit_or_indic_transcription:1	U+0F71		downgrade	unsupported_orthographic_sign
ལཱི	li	U+0F63;U+0F71;U+0F72	unsupported_orthographic_sign		sanskrit_or_indic_transcription:1	U+0F71		downgrade	unsupported_orthographic_sign
ལིན	lin	U+0F63;U+0F72;U+0F53	fully_resolved	CORPUS_10051C382A6A;CORPUS_63EB474B7A3F;CORPUS_76CFA3FCFF21	ordinary_tibetan_lexical_or_compound:1	none	ordinary_tibetan_lexical_or_compound=secure_independent_observation;tibetan_proper_name=nonadmissible_observation	retain	Current strict composition and admissible target support pass.
ལུགས	lugs	U+0F63;U+0F74;U+0F42;U+0F66	fully_resolved	CORPUS_10051C382A6A;CORPUS_84A74DBDD722;CORPUS_9A673562CD7A;CORPUS_F685D66CEF46	ordinary_tibetan_lexical_or_compound:19	none	ordinary_tibetan_lexical_or_compound=secure_independent_observation;tibetan_proper_name=nonadmissible_observation	retain	Current strict composition and admissible target support pass.
ལུད	lud	U+0F63;U+0F74;U+0F51	fully_resolved	CORPUS_10051C382A6A;CORPUS_84A74DBDD722;CORPUS_DDC164B090C8	ordinary_tibetan_lexical_or_compound:1	none	ordinary_tibetan_lexical_or_compound=nonadmissible_observation;tibetan_proper_name=nonadmissible_observation	downgrade	nonadmissible_observation
ལུམ	lum	U+0F63;U+0F74;U+0F58	fully_resolved	CORPUS_10051C382A6A;CORPUS_84A74DBDD722;CORPUS_5683E9A09D00	ordinary_tibetan_lexical_or_compound:3	none	ordinary_tibetan_lexical_or_compound=nonadmissible_observation;tibetan_proper_name=nonadmissible_observation	downgrade	nonadmissible_observation
ལོགས	logs	U+0F63;U+0F7C;U+0F42;U+0F66	fully_resolved	CORPUS_10051C382A6A;CORPUS_16D4A9AA0695;CORPUS_9A673562CD7A;CORPUS_F685D66CEF46	ordinary_tibetan_lexical_or_compound:5	none	ordinary_tibetan_lexical_or_compound=secure_independent_observation;tibetan_proper_name=nonadmissible_observation	retain	Current strict composition and admissible target support pass.
ལོངས	loṅs	U+0F63;U+0F7C;U+0F44;U+0F66	fully_resolved	CORPUS_10051C382A6A;CORPUS_16D4A9AA0695;SUFFIX_NG_TO_NDOT;CORPUS_F685D66CEF46	ordinary_tibetan_lexical_or_compound:3	none	ordinary_tibetan_lexical_or_compound=nonadmissible_observation;tibetan_proper_name=nonadmissible_observation	downgrade	nonadmissible_observation
ལོད	lod	U+0F63;U+0F7C;U+0F51	fully_resolved	CORPUS_10051C382A6A;CORPUS_16D4A9AA0695;CORPUS_DDC164B090C8	ordinary_tibetan_lexical_or_compound:1	none	ordinary_tibetan_lexical_or_compound=secure_independent_observation;tibetan_proper_name=nonadmissible_observation	retain	Current strict composition and admissible target support pass.
ལོན	lon	U+0F63;U+0F7C;U+0F53	fully_resolved	CORPUS_10051C382A6A;CORPUS_16D4A9AA0695;CORPUS_76CFA3FCFF21	ordinary_tibetan_lexical_or_compound:12	none	ordinary_tibetan_lexical_or_compound=secure_independent_observation;tibetan_proper_name=nonadmissible_observation	retain	Current strict composition and admissible target support pass.
ལོབ	lob	U+0F63;U+0F7C;U+0F56	fully_resolved	CORPUS_10051C382A6A;CORPUS_16D4A9AA0695;CORPUS_0C6592BB5CEF	ordinary_tibetan_lexical_or_compound:4	none	ordinary_tibetan_lexical_or_compound=nonadmissible_observation;tibetan_proper_name=nonadmissible_observation	downgrade	nonadmissible_observation
ལོས	los	U+0F63;U+0F7C;U+0F66	fully_resolved	CORPUS_10051C382A6A;CORPUS_16D4A9AA0695;CORPUS_735B62E02527	ordinary_tibetan_lexical_or_compound:4	none	ordinary_tibetan_lexical_or_compound=secure_independent_observation;tibetan_proper_name=nonadmissible_observation	retain	Current strict composition and admissible target support pass.
སྒ	sga	U+0F66;U+0F92	fully_resolved	CORPUS_86605D8DD3C9;CORPUS_A6063072E7A9;CORPUS_01025FAF5D30	ordinary_tibetan_lexical_or_compound:11;unclear:1	none	ordinary_tibetan_lexical_or_compound=secure_independent_observation;tibetan_proper_name=nonadmissible_observation	retain	Current strict composition and admissible target support pass.
སྒང	sgaṅ	U+0F66;U+0F92;U+0F44	fully_resolved	CORPUS_86605D8DD3C9;CORPUS_A6063072E7A9;CORPUS_01025FAF5D30;SUFFIX_NG_TO_NDOT	ordinary_tibetan_lexical_or_compound:7;tibetan_proper_name:1	none	ordinary_tibetan_lexical_or_compound=secure_independent_observation;tibetan_proper_name=nonadmissible_observation	retain	Current strict composition and admissible target support pass.
སྒབ	sgab	U+0F66;U+0F92;U+0F56	fully_resolved	CORPUS_86605D8DD3C9;CORPUS_A6063072E7A9;CORPUS_01025FAF5D30;CORPUS_0C6592BB5CEF	ordinary_tibetan_lexical_or_compound:6	none	ordinary_tibetan_lexical_or_compound=secure_independent_observation;tibetan_proper_name=nonadmissible_observation	retain	Current strict composition and admissible target support pass.
སྒམ	sgam	U+0F66;U+0F92;U+0F58	fully_resolved	CORPUS_86605D8DD3C9;CORPUS_A6063072E7A9;CORPUS_01025FAF5D30;CORPUS_5683E9A09D00	ordinary_tibetan_lexical_or_compound:10;tibetan_proper_name:2	none	ordinary_tibetan_lexical_or_compound=secure_independent_observation;tibetan_proper_name=nonadmissible_observation	retain	Current strict composition and admissible target support pass.
སྒར	sgar	U+0F66;U+0F92;U+0F62	fully_resolved	CORPUS_86605D8DD3C9;CORPUS_A6063072E7A9;CORPUS_01025FAF5D30;CORPUS_6783C3DA00D4	ordinary_tibetan_lexical_or_compound:8;tibetan_proper_name:1	none	ordinary_tibetan_lexical_or_compound=secure_independent_observation;tibetan_proper_name=nonadmissible_observation	retain	Current strict composition and admissible target support pass.
སྒུ	sgu	U+0F66;U+0F92;U+0F74	fully_resolved	CORPUS_86605D8DD3C9;CORPUS_A6063072E7A9;CORPUS_84A74DBDD722	ordinary_tibetan_lexical_or_compound:1	none	ordinary_tibetan_lexical_or_compound=nonadmissible_observation;tibetan_proper_name=nonadmissible_observation	downgrade	nonadmissible_observation
སྒུད	sgud	U+0F66;U+0F92;U+0F74;U+0F51	fully_resolved	CORPUS_86605D8DD3C9;CORPUS_A6063072E7A9;CORPUS_84A74DBDD722;CORPUS_DDC164B090C8	ordinary_tibetan_lexical_or_compound:2	none	ordinary_tibetan_lexical_or_compound=nonadmissible_observation;tibetan_proper_name=nonadmissible_observation	downgrade	nonadmissible_observation
སྒུམ	sgum	U+0F66;U+0F92;U+0F74;U+0F58	fully_resolved	CORPUS_86605D8DD3C9;CORPUS_A6063072E7A9;CORPUS_84A74DBDD722;CORPUS_5683E9A09D00	ordinary_tibetan_lexical_or_compound:2	none	ordinary_tibetan_lexical_or_compound=secure_independent_observation;tibetan_proper_name=nonadmissible_observation	retain	Current strict composition and admissible target support pass.
སྒུར	sgur	U+0F66;U+0F92;U+0F74;U+0F62	fully_resolved	CORPUS_86605D8DD3C9;CORPUS_A6063072E7A9;CORPUS_84A74DBDD722;CORPUS_6783C3DA00D4	ordinary_tibetan_lexical_or_compound:4	none	ordinary_tibetan_lexical_or_compound=nonadmissible_observation;tibetan_proper_name=nonadmissible_observation	downgrade	nonadmissible_observation
སྒོག	sgog	U+0F66;U+0F92;U+0F7C;U+0F42	fully_resolved	CORPUS_86605D8DD3C9;CORPUS_A6063072E7A9;CORPUS_16D4A9AA0695;CORPUS_9A673562CD7A	ordinary_tibetan_lexical_or_compound:3	none	ordinary_tibetan_lexical_or_compound=nonadmissible_observation;tibetan_proper_name=nonadmissible_observation	downgrade	nonadmissible_observation
སྒོང	sgoṅ	U+0F66;U+0F92;U+0F7C;U+0F44	fully_resolved	CORPUS_86605D8DD3C9;CORPUS_A6063072E7A9;CORPUS_16D4A9AA0695;SUFFIX_NG_TO_NDOT	ordinary_tibetan_lexical_or_compound:9	none	ordinary_tibetan_lexical_or_compound=secure_independent_observation;tibetan_proper_name=nonadmissible_observation	retain	Current strict composition and admissible target support pass.
སྒོམ	sgom	U+0F66;U+0F92;U+0F7C;U+0F58	fully_resolved	CORPUS_86605D8DD3C9;CORPUS_A6063072E7A9;CORPUS_16D4A9AA0695;CORPUS_5683E9A09D00	ordinary_tibetan_lexical_or_compound:18;tibetan_proper_name:1	none	ordinary_tibetan_lexical_or_compound=secure_independent_observation;tibetan_proper_name=nonadmissible_observation	retain	Current strict composition and admissible target support pass.
སྒོམས	sgoms	U+0F66;U+0F92;U+0F7C;U+0F58;U+0F66	fully_resolved	CORPUS_86605D8DD3C9;CORPUS_A6063072E7A9;CORPUS_16D4A9AA0695;CORPUS_5683E9A09D00;CORPUS_F685D66CEF46	ordinary_tibetan_lexical_or_compound:1	none	ordinary_tibetan_lexical_or_compound=secure_independent_observation;tibetan_proper_name=nonadmissible_observation	retain	Current strict composition and admissible target support pass.
སྒོར	sgor	U+0F66;U+0F92;U+0F7C;U+0F62	fully_resolved	CORPUS_86605D8DD3C9;CORPUS_A6063072E7A9;CORPUS_16D4A9AA0695;CORPUS_6783C3DA00D4	ordinary_tibetan_lexical_or_compound:6	none	ordinary_tibetan_lexical_or_compound=secure_independent_observation;tibetan_proper_name=nonadmissible_observation	retain	Current strict composition and admissible target support pass.
སྒོས	sgos	U+0F66;U+0F92;U+0F7C;U+0F66	fully_resolved	CORPUS_86605D8DD3C9;CORPUS_A6063072E7A9;CORPUS_16D4A9AA0695;CORPUS_735B62E02527	ordinary_tibetan_lexical_or_compound:2	none	ordinary_tibetan_lexical_or_compound=nonadmissible_observation;tibetan_proper_name=nonadmissible_observation	downgrade	nonadmissible_observation
སྒྱིད	sgyid	U+0F66;U+0F92;U+0FB1;U+0F72;U+0F51	fully_resolved	CORPUS_86605D8DD3C9;CORPUS_A6063072E7A9;CORPUS_E34B3E203AE6;CORPUS_63EB474B7A3F;CORPUS_DDC164B090C8	ordinary_tibetan_lexical_or_compound:9	none	ordinary_tibetan_lexical_or_compound=secure_independent_observation;tibetan_proper_name=nonadmissible_observation	retain	Current strict composition and admissible target support pass.
སྒྱུ	sgyu	U+0F66;U+0F92;U+0FB1;U+0F74	fully_resolved	CORPUS_86605D8DD3C9;CORPUS_A6063072E7A9;CORPUS_E34B3E203AE6;CORPUS_84A74DBDD722	ordinary_tibetan_lexical_or_compound:3	none	ordinary_tibetan_lexical_or_compound=secure_independent_observation;tibetan_proper_name=nonadmissible_observation	retain	Current strict composition and admissible target support pass.
སྒྱུག	sgyug	U+0F66;U+0F92;U+0FB1;U+0F74;U+0F42	fully_resolved	CORPUS_86605D8DD3C9;CORPUS_A6063072E7A9;CORPUS_E34B3E203AE6;CORPUS_84A74DBDD722;CORPUS_9A673562CD7A	ordinary_tibetan_lexical_or_compound:3	none	ordinary_tibetan_lexical_or_compound=secure_independent_observation;tibetan_proper_name=nonadmissible_observation	retain	Current strict composition and admissible target support pass.
སྒྱོ	sgyo	U+0F66;U+0F92;U+0FB1;U+0F7C	fully_resolved	CORPUS_86605D8DD3C9;CORPUS_A6063072E7A9;CORPUS_E34B3E203AE6;CORPUS_16D4A9AA0695	ordinary_tibetan_lexical_or_compound:1	none	ordinary_tibetan_lexical_or_compound=nonadmissible_observation;tibetan_proper_name=nonadmissible_observation	downgrade	nonadmissible_observation
སྒྱོགས	sgyogs	U+0F66;U+0F92;U+0FB1;U+0F7C;U+0F42;U+0F66	fully_resolved	CORPUS_86605D8DD3C9;CORPUS_A6063072E7A9;CORPUS_E34B3E203AE6;CORPUS_16D4A9AA0695;CORPUS_9A673562CD7A;CORPUS_F685D66CEF46	ordinary_tibetan_lexical_or_compound:2	none	ordinary_tibetan_lexical_or_compound=secure_independent_observation;tibetan_proper_name=nonadmissible_observation	retain	Current strict composition and admissible target support pass.
སྒྲགས	sgrags	U+0F66;U+0F92;U+0FB2;U+0F42;U+0F66	fully_resolved	CORPUS_86605D8DD3C9;CORPUS_A6063072E7A9;CORPUS_7F71AFFFC788;CORPUS_01025FAF5D30;CORPUS_9A673562CD7A;CORPUS_F685D66CEF46	ordinary_tibetan_lexical_or_compound:2	none	ordinary_tibetan_lexical_or_compound=secure_independent_observation;tibetan_proper_name=nonadmissible_observation	retain	Current strict composition and admissible target support pass.
སྒྲིག	sgrig	U+0F66;U+0F92;U+0FB2;U+0F72;U+0F42	fully_resolved	CORPUS_86605D8DD3C9;CORPUS_A6063072E7A9;CORPUS_7F71AFFFC788;CORPUS_63EB474B7A3F;CORPUS_9A673562CD7A	ordinary_tibetan_lexical_or_compound:10	none	ordinary_tibetan_lexical_or_compound=secure_independent_observation;tibetan_proper_name=nonadmissible_observation	retain	Current strict composition and admissible target support pass.
སྒྲིགས	sgrigs	U+0F66;U+0F92;U+0FB2;U+0F72;U+0F42;U+0F66	fully_resolved	CORPUS_86605D8DD3C9;CORPUS_A6063072E7A9;CORPUS_7F71AFFFC788;CORPUS_63EB474B7A3F;CORPUS_9A673562CD7A;CORPUS_F685D66CEF46	ordinary_tibetan_lexical_or_compound:9	none	ordinary_tibetan_lexical_or_compound=secure_independent_observation;tibetan_proper_name=nonadmissible_observation	retain	Current strict composition and admissible target support pass.
སྒྲིན	sgrin	U+0F66;U+0F92;U+0FB2;U+0F72;U+0F53	fully_resolved	CORPUS_86605D8DD3C9;CORPUS_A6063072E7A9;CORPUS_7F71AFFFC788;CORPUS_63EB474B7A3F;CORPUS_76CFA3FCFF21	ordinary_tibetan_lexical_or_compound:1	none	ordinary_tibetan_lexical_or_compound=nonadmissible_observation;tibetan_proper_name=nonadmissible_observation	downgrade	nonadmissible_observation
སྒྲིབ	sgrib	U+0F66;U+0F92;U+0FB2;U+0F72;U+0F56	fully_resolved	CORPUS_86605D8DD3C9;CORPUS_A6063072E7A9;CORPUS_7F71AFFFC788;CORPUS_63EB474B7A3F;CORPUS_0C6592BB5CEF	ordinary_tibetan_lexical_or_compound:12;unclear:1	none	ordinary_tibetan_lexical_or_compound=secure_independent_observation;tibetan_proper_name=nonadmissible_observation	retain	Current strict composition and admissible target support pass.
སྒྲིབས	sgribs	U+0F66;U+0F92;U+0FB2;U+0F72;U+0F56;U+0F66	fully_resolved	CORPUS_86605D8DD3C9;CORPUS_A6063072E7A9;CORPUS_7F71AFFFC788;CORPUS_63EB474B7A3F;CORPUS_0C6592BB5CEF;CORPUS_F685D66CEF46	ordinary_tibetan_lexical_or_compound:1	none	ordinary_tibetan_lexical_or_compound=nonadmissible_observation;tibetan_proper_name=nonadmissible_observation	downgrade	nonadmissible_observation
སྒྲིམ	sgrim	U+0F66;U+0F92;U+0FB2;U+0F72;U+0F58	fully_resolved	CORPUS_86605D8DD3C9;CORPUS_A6063072E7A9;CORPUS_7F71AFFFC788;CORPUS_63EB474B7A3F;CORPUS_5683E9A09D00	ordinary_tibetan_lexical_or_compound:3	none	ordinary_tibetan_lexical_or_compound=secure_independent_observation;tibetan_proper_name=nonadmissible_observation	retain	Current strict composition and admissible target support pass.
སྒྲིམས	sgrims	U+0F66;U+0F92;U+0FB2;U+0F72;U+0F58;U+0F66	fully_resolved	CORPUS_86605D8DD3C9;CORPUS_A6063072E7A9;CORPUS_7F71AFFFC788;CORPUS_63EB474B7A3F;CORPUS_5683E9A09D00;CORPUS_F685D66CEF46	ordinary_tibetan_lexical_or_compound:1	none	ordinary_tibetan_lexical_or_compound=nonadmissible_observation;tibetan_proper_name=nonadmissible_observation	downgrade	nonadmissible_observation
སྒྲུགས	sgrugs	U+0F66;U+0F92;U+0FB2;U+0F74;U+0F42;U+0F66	fully_resolved	CORPUS_86605D8DD3C9;CORPUS_A6063072E7A9;CORPUS_7F71AFFFC788;CORPUS_84A74DBDD722;CORPUS_9A673562CD7A;CORPUS_F685D66CEF46	ordinary_tibetan_lexical_or_compound:1	none	ordinary_tibetan_lexical_or_compound=nonadmissible_observation;tibetan_proper_name=nonadmissible_observation	downgrade	nonadmissible_observation
སྒྲུང	sgruṅ	U+0F66;U+0F92;U+0FB2;U+0F74;U+0F44	fully_resolved	CORPUS_86605D8DD3C9;CORPUS_A6063072E7A9;CORPUS_7F71AFFFC788;CORPUS_84A74DBDD722;SUFFIX_NG_TO_NDOT	ordinary_tibetan_lexical_or_compound:4	none	ordinary_tibetan_lexical_or_compound=derived_target_plus_independent_feature_composition;tibetan_proper_name=nonadmissible_observation	retain	Current strict composition and admissible target support pass.
སྒྲུབས	sgrubs	U+0F66;U+0F92;U+0FB2;U+0F74;U+0F56;U+0F66	fully_resolved	CORPUS_86605D8DD3C9;CORPUS_A6063072E7A9;CORPUS_7F71AFFFC788;CORPUS_84A74DBDD722;CORPUS_0C6592BB5CEF;CORPUS_F685D66CEF46	ordinary_tibetan_lexical_or_compound:2	none	ordinary_tibetan_lexical_or_compound=nonadmissible_observation;tibetan_proper_name=nonadmissible_observation	downgrade	nonadmissible_observation
སྒྲོ	sgro	U+0F66;U+0F92;U+0FB2;U+0F7C	fully_resolved	CORPUS_86605D8DD3C9;CORPUS_A6063072E7A9;CORPUS_7F71AFFFC788;CORPUS_16D4A9AA0695	ordinary_tibetan_lexical_or_compound:10;tibetan_proper_name:1	none	ordinary_tibetan_lexical_or_compound=secure_independent_observation;tibetan_proper_name=nonadmissible_observation	retain	Current strict composition and admissible target support pass.
སྒྲོགས	sgrogs	U+0F66;U+0F92;U+0FB2;U+0F7C;U+0F42;U+0F66	fully_resolved	CORPUS_86605D8DD3C9;CORPUS_A6063072E7A9;CORPUS_7F71AFFFC788;CORPUS_16D4A9AA0695;CORPUS_9A673562CD7A;CORPUS_F685D66CEF46	ordinary_tibetan_lexical_or_compound:13;tibetan_proper_name:1	none	ordinary_tibetan_lexical_or_compound=secure_independent_observation;tibetan_proper_name=nonadmissible_observation	retain	Current strict composition and admissible target support pass.
སྒྲོན	sgron	U+0F66;U+0F92;U+0FB2;U+0F7C;U+0F53	fully_resolved	CORPUS_86605D8DD3C9;CORPUS_A6063072E7A9;CORPUS_7F71AFFFC788;CORPUS_16D4A9AA0695;CORPUS_76CFA3FCFF21	ordinary_tibetan_lexical_or_compound:9;tibetan_proper_name:1	none	ordinary_tibetan_lexical_or_compound=secure_independent_observation;tibetan_proper_name=nonadmissible_observation	retain	Current strict composition and admissible target support pass.
སྒྲོབ	sgrob	U+0F66;U+0F92;U+0FB2;U+0F7C;U+0F56	fully_resolved	CORPUS_86605D8DD3C9;CORPUS_A6063072E7A9;CORPUS_7F71AFFFC788;CORPUS_16D4A9AA0695;CORPUS_0C6592BB5CEF	ordinary_tibetan_lexical_or_compound:2	none	ordinary_tibetan_lexical_or_compound=nonadmissible_observation;tibetan_proper_name=nonadmissible_observation	downgrade	nonadmissible_observation
སྒྲོམ	sgrom	U+0F66;U+0F92;U+0FB2;U+0F7C;U+0F58	fully_resolved	CORPUS_86605D8DD3C9;CORPUS_A6063072E7A9;CORPUS_7F71AFFFC788;CORPUS_16D4A9AA0695;CORPUS_5683E9A09D00	ordinary_tibetan_lexical_or_compound:6	none	ordinary_tibetan_lexical_or_compound=secure_independent_observation;tibetan_proper_name=nonadmissible_observation	retain	Current strict composition and admissible target support pass.
སྒྲོས	sgros	U+0F66;U+0F92;U+0FB2;U+0F7C;U+0F66	fully_resolved	CORPUS_86605D8DD3C9;CORPUS_A6063072E7A9;CORPUS_7F71AFFFC788;CORPUS_16D4A9AA0695;CORPUS_735B62E02527	ordinary_tibetan_lexical_or_compound:1	none	ordinary_tibetan_lexical_or_compound=nonadmissible_observation;tibetan_proper_name=nonadmissible_observation	downgrade	nonadmissible_observation
སྣག	snag	U+0F66;U+0FA3;U+0F42	fully_resolved	CORPUS_86605D8DD3C9;CORPUS_7F051B17DE73;CORPUS_01025FAF5D30;CORPUS_9A673562CD7A	ordinary_tibetan_lexical_or_compound:6	none	ordinary_tibetan_lexical_or_compound=secure_independent_observation;tibetan_proper_name=nonadmissible_observation	retain	Current strict composition and admissible target support pass.
སྣབས	snabs	U+0F66;U+0FA3;U+0F56;U+0F66	fully_resolved	CORPUS_86605D8DD3C9;CORPUS_7F051B17DE73;CORPUS_01025FAF5D30;CORPUS_0C6592BB5CEF;CORPUS_F685D66CEF46	ordinary_tibetan_lexical_or_compound:3	none	ordinary_tibetan_lexical_or_compound=secure_independent_observation;tibetan_proper_name=nonadmissible_observation	retain	Current strict composition and admissible target support pass.
སྣར	snar	U+0F66;U+0FA3;U+0F62	fully_resolved	CORPUS_86605D8DD3C9;CORPUS_7F051B17DE73;CORPUS_01025FAF5D30;CORPUS_6783C3DA00D4	ordinary_tibetan_lexical_or_compound:6;sanskrit_or_indic_transcription:1	none	ordinary_tibetan_lexical_or_compound=secure_independent_observation;tibetan_proper_name=nonadmissible_observation	retain	Current strict composition and admissible target support pass.
སྣུན	snun	U+0F66;U+0FA3;U+0F74;U+0F53	fully_resolved	CORPUS_86605D8DD3C9;CORPUS_7F051B17DE73;CORPUS_84A74DBDD722;CORPUS_76CFA3FCFF21	ordinary_tibetan_lexical_or_compound:2	none	ordinary_tibetan_lexical_or_compound=secure_independent_observation;tibetan_proper_name=nonadmissible_observation	retain	Current strict composition and admissible target support pass.
སྣུམ	snum	U+0F66;U+0FA3;U+0F74;U+0F58	fully_resolved	CORPUS_86605D8DD3C9;CORPUS_7F051B17DE73;CORPUS_84A74DBDD722;CORPUS_5683E9A09D00	ordinary_tibetan_lexical_or_compound:14	none	ordinary_tibetan_lexical_or_compound=secure_independent_observation;tibetan_proper_name=nonadmissible_observation	retain	Current strict composition and admissible target support pass.
སྣུར	snur	U+0F66;U+0FA3;U+0F74;U+0F62	fully_resolved	CORPUS_86605D8DD3C9;CORPUS_7F051B17DE73;CORPUS_84A74DBDD722;CORPUS_6783C3DA00D4	ordinary_tibetan_lexical_or_compound:2	none	ordinary_tibetan_lexical_or_compound=nonadmissible_observation;tibetan_proper_name=nonadmissible_observation	downgrade	nonadmissible_observation
སྣོག	snog	U+0F66;U+0FA3;U+0F7C;U+0F42	fully_resolved	CORPUS_86605D8DD3C9;CORPUS_7F051B17DE73;CORPUS_16D4A9AA0695;CORPUS_9A673562CD7A	ordinary_tibetan_lexical_or_compound:1	none	ordinary_tibetan_lexical_or_compound=nonadmissible_observation;tibetan_proper_name=nonadmissible_observation	downgrade	nonadmissible_observation
སྣོན	snon	U+0F66;U+0FA3;U+0F7C;U+0F53	fully_resolved	CORPUS_86605D8DD3C9;CORPUS_7F051B17DE73;CORPUS_16D4A9AA0695;CORPUS_76CFA3FCFF21	ordinary_tibetan_lexical_or_compound:4	none	ordinary_tibetan_lexical_or_compound=nonadmissible_observation;tibetan_proper_name=nonadmissible_observation	downgrade	nonadmissible_observation
སྣོམ	snom	U+0F66;U+0FA3;U+0F7C;U+0F58	fully_resolved	CORPUS_86605D8DD3C9;CORPUS_7F051B17DE73;CORPUS_16D4A9AA0695;CORPUS_5683E9A09D00	ordinary_tibetan_lexical_or_compound:2	none	ordinary_tibetan_lexical_or_compound=nonadmissible_observation;tibetan_proper_name=nonadmissible_observation	downgrade	nonadmissible_observation
སྦ	sba	U+0F66;U+0FA6	fully_resolved	CORPUS_86605D8DD3C9;CORPUS_B453155DE050;CORPUS_01025FAF5D30	ordinary_tibetan_lexical_or_compound:2	none	ordinary_tibetan_lexical_or_compound=nonadmissible_observation;tibetan_proper_name=nonadmissible_observation	downgrade	nonadmissible_observation
སྦག	sbag	U+0F66;U+0FA6;U+0F42	fully_resolved	CORPUS_86605D8DD3C9;CORPUS_B453155DE050;CORPUS_01025FAF5D30;CORPUS_9A673562CD7A	ordinary_tibetan_lexical_or_compound:1	none	ordinary_tibetan_lexical_or_compound=secure_independent_observation;tibetan_proper_name=nonadmissible_observation	retain	Current strict composition and admissible target support pass.
སྦས	sbas	U+0F66;U+0FA6;U+0F66	fully_resolved	CORPUS_86605D8DD3C9;CORPUS_B453155DE050;CORPUS_01025FAF5D30;CORPUS_735B62E02527	ordinary_tibetan_lexical_or_compound:6	none	ordinary_tibetan_lexical_or_compound=secure_independent_observation;tibetan_proper_name=nonadmissible_observation	retain	Current strict composition and admissible target support pass.
སྦུ	sbu	U+0F66;U+0FA6;U+0F74	fully_resolved	CORPUS_86605D8DD3C9;CORPUS_B453155DE050;CORPUS_84A74DBDD722	ordinary_tibetan_lexical_or_compound:1	none	ordinary_tibetan_lexical_or_compound=nonadmissible_observation;tibetan_proper_name=nonadmissible_observation	downgrade	nonadmissible_observation
སྦུབས	sbubs	U+0F66;U+0FA6;U+0F74;U+0F56;U+0F66	fully_resolved	CORPUS_86605D8DD3C9;CORPUS_B453155DE050;CORPUS_84A74DBDD722;CORPUS_0C6592BB5CEF;CORPUS_F685D66CEF46	ordinary_tibetan_lexical_or_compound:2	none	ordinary_tibetan_lexical_or_compound=nonadmissible_observation;tibetan_proper_name=nonadmissible_observation	downgrade	nonadmissible_observation
སྦུར	sbur	U+0F66;U+0FA6;U+0F74;U+0F62	fully_resolved	CORPUS_86605D8DD3C9;CORPUS_B453155DE050;CORPUS_84A74DBDD722;CORPUS_6783C3DA00D4	ordinary_tibetan_lexical_or_compound:3	none	ordinary_tibetan_lexical_or_compound=nonadmissible_observation;tibetan_proper_name=nonadmissible_observation	downgrade	nonadmissible_observation
སྦོ	sbo	U+0F66;U+0FA6;U+0F7C	fully_resolved	CORPUS_86605D8DD3C9;CORPUS_B453155DE050;CORPUS_16D4A9AA0695	ordinary_tibetan_lexical_or_compound:1	none	ordinary_tibetan_lexical_or_compound=nonadmissible_observation;tibetan_proper_name=nonadmissible_observation	downgrade	nonadmissible_observation
སྦོངས	sboṅs	U+0F66;U+0FA6;U+0F7C;U+0F44;U+0F66	fully_resolved	CORPUS_86605D8DD3C9;CORPUS_B453155DE050;CORPUS_16D4A9AA0695;SUFFIX_NG_TO_NDOT;CORPUS_F685D66CEF46	ordinary_tibetan_lexical_or_compound:1	none	ordinary_tibetan_lexical_or_compound=nonadmissible_observation;tibetan_proper_name=nonadmissible_observation	downgrade	nonadmissible_observation
སྦོས	sbos	U+0F66;U+0FA6;U+0F7C;U+0F66	fully_resolved	CORPUS_86605D8DD3C9;CORPUS_B453155DE050;CORPUS_16D4A9AA0695;CORPUS_735B62E02527	ordinary_tibetan_lexical_or_compound:1	none	ordinary_tibetan_lexical_or_compound=nonadmissible_observation;tibetan_proper_name=nonadmissible_observation	downgrade	nonadmissible_observation
སྦྱངས	sbyaṅs	U+0F66;U+0FA6;U+0FB1;U+0F44;U+0F66	fully_resolved	CORPUS_86605D8DD3C9;CORPUS_B453155DE050;CORPUS_E34B3E203AE6;CORPUS_01025FAF5D30;SUFFIX_NG_TO_NDOT;CORPUS_F685D66CEF46	ordinary_tibetan_lexical_or_compound:5	none	ordinary_tibetan_lexical_or_compound=nonadmissible_observation;tibetan_proper_name=nonadmissible_observation	downgrade	nonadmissible_observation
སྦྱོངས	sbyoṅs	U+0F66;U+0FA6;U+0FB1;U+0F7C;U+0F44;U+0F66	fully_resolved	CORPUS_86605D8DD3C9;CORPUS_B453155DE050;CORPUS_E34B3E203AE6;CORPUS_16D4A9AA0695;SUFFIX_NG_TO_NDOT;CORPUS_F685D66CEF46	ordinary_tibetan_lexical_or_compound:1	none	ordinary_tibetan_lexical_or_compound=nonadmissible_observation;tibetan_proper_name=nonadmissible_observation	downgrade	nonadmissible_observation
སྦྲགས	sbrags	U+0F66;U+0FA6;U+0FB2;U+0F42;U+0F66	fully_resolved	CORPUS_86605D8DD3C9;CORPUS_B453155DE050;CORPUS_7F71AFFFC788;CORPUS_01025FAF5D30;CORPUS_9A673562CD7A;CORPUS_F685D66CEF46	ordinary_tibetan_lexical_or_compound:2	none	ordinary_tibetan_lexical_or_compound=nonadmissible_observation;tibetan_proper_name=nonadmissible_observation	downgrade	nonadmissible_observation
སྦྲངས	sbraṅs	U+0F66;U+0FA6;U+0FB2;U+0F44;U+0F66	fully_resolved	CORPUS_86605D8DD3C9;CORPUS_B453155DE050;CORPUS_7F71AFFFC788;CORPUS_01025FAF5D30;SUFFIX_NG_TO_NDOT;CORPUS_F685D66CEF46	ordinary_tibetan_lexical_or_compound:1	none	ordinary_tibetan_lexical_or_compound=nonadmissible_observation;tibetan_proper_name=nonadmissible_observation	downgrade	nonadmissible_observation
སྦྲན	sbran	U+0F66;U+0FA6;U+0FB2;U+0F53	fully_resolved	CORPUS_86605D8DD3C9;CORPUS_B453155DE050;CORPUS_7F71AFFFC788;CORPUS_01025FAF5D30;CORPUS_76CFA3FCFF21	ordinary_tibetan_lexical_or_compound:1	none	ordinary_tibetan_lexical_or_compound=nonadmissible_observation;tibetan_proper_name=nonadmissible_observation	downgrade	nonadmissible_observation
སྦྲབ	sbrab	U+0F66;U+0FA6;U+0FB2;U+0F56	fully_resolved	CORPUS_86605D8DD3C9;CORPUS_B453155DE050;CORPUS_7F71AFFFC788;CORPUS_01025FAF5D30;CORPUS_0C6592BB5CEF	ordinary_tibetan_lexical_or_compound:1	none	ordinary_tibetan_lexical_or_compound=nonadmissible_observation;tibetan_proper_name=nonadmissible_observation	downgrade	nonadmissible_observation
སྦྲབས	sbrabs	U+0F66;U+0FA6;U+0FB2;U+0F56;U+0F66	fully_resolved	CORPUS_86605D8DD3C9;CORPUS_B453155DE050;CORPUS_7F71AFFFC788;CORPUS_01025FAF5D30;CORPUS_0C6592BB5CEF;CORPUS_F685D66CEF46	ordinary_tibetan_lexical_or_compound:1	none	ordinary_tibetan_lexical_or_compound=nonadmissible_observation;tibetan_proper_name=nonadmissible_observation	downgrade	nonadmissible_observation
སྦྲས	sbras	U+0F66;U+0FA6;U+0FB2;U+0F66	fully_resolved	CORPUS_86605D8DD3C9;CORPUS_B453155DE050;CORPUS_7F71AFFFC788;CORPUS_01025FAF5D30;CORPUS_735B62E02527	ordinary_tibetan_lexical_or_compound:1	none	ordinary_tibetan_lexical_or_compound=reviewed_full_target;tibetan_proper_name=nonadmissible_observation	retain	Current strict composition and admissible target support pass.
སྦྲིད	sbrid	U+0F66;U+0FA6;U+0FB2;U+0F72;U+0F51	fully_resolved	CORPUS_86605D8DD3C9;CORPUS_B453155DE050;CORPUS_7F71AFFFC788;CORPUS_63EB474B7A3F;CORPUS_DDC164B090C8	ordinary_tibetan_lexical_or_compound:2	none	ordinary_tibetan_lexical_or_compound=nonadmissible_observation;tibetan_proper_name=nonadmissible_observation	downgrade	nonadmissible_observation
སྦྲུག	sbrug	U+0F66;U+0FA6;U+0FB2;U+0F74;U+0F42	fully_resolved	CORPUS_86605D8DD3C9;CORPUS_B453155DE050;CORPUS_7F71AFFFC788;CORPUS_84A74DBDD722;CORPUS_9A673562CD7A	ordinary_tibetan_lexical_or_compound:1	none	ordinary_tibetan_lexical_or_compound=nonadmissible_observation;tibetan_proper_name=nonadmissible_observation	downgrade	nonadmissible_observation
སྦྲུབ	sbrub	U+0F66;U+0FA6;U+0FB2;U+0F74;U+0F56	fully_resolved	CORPUS_86605D8DD3C9;CORPUS_B453155DE050;CORPUS_7F71AFFFC788;CORPUS_84A74DBDD722;CORPUS_0C6592BB5CEF	ordinary_tibetan_lexical_or_compound:1	none	ordinary_tibetan_lexical_or_compound=nonadmissible_observation;tibetan_proper_name=nonadmissible_observation	downgrade	nonadmissible_observation
སྦྲུམ	sbrum	U+0F66;U+0FA6;U+0FB2;U+0F74;U+0F58	fully_resolved	CORPUS_86605D8DD3C9;CORPUS_B453155DE050;CORPUS_7F71AFFFC788;CORPUS_84A74DBDD722;CORPUS_5683E9A09D00	ordinary_tibetan_lexical_or_compound:1	none	ordinary_tibetan_lexical_or_compound=nonadmissible_observation;tibetan_proper_name=nonadmissible_observation	downgrade	nonadmissible_observation
སྨ	sma	U+0F66;U+0FA8	fully_resolved	CORPUS_86605D8DD3C9;CORPUS_6C68775C4C70;CORPUS_01025FAF5D30	ordinary_tibetan_lexical_or_compound:1	none	ordinary_tibetan_lexical_or_compound=nonadmissible_observation;tibetan_proper_name=nonadmissible_observation	downgrade	nonadmissible_observation
སྨགས	smags	U+0F66;U+0FA8;U+0F42;U+0F66	fully_resolved	CORPUS_86605D8DD3C9;CORPUS_6C68775C4C70;CORPUS_01025FAF5D30;CORPUS_9A673562CD7A;CORPUS_F685D66CEF46	ordinary_tibetan_lexical_or_compound:1	none	ordinary_tibetan_lexical_or_compound=secure_independent_observation;tibetan_proper_name=nonadmissible_observation	retain	Current strict composition and admissible target support pass.
སྨར	smar	U+0F66;U+0FA8;U+0F62	fully_resolved	CORPUS_86605D8DD3C9;CORPUS_6C68775C4C70;CORPUS_01025FAF5D30;CORPUS_6783C3DA00D4	ordinary_tibetan_lexical_or_compound:3;tibetan_proper_name:1	none	ordinary_tibetan_lexical_or_compound=secure_independent_observation;tibetan_proper_name=nonadmissible_observation	retain	Current strict composition and admissible target support pass.
སྨིག	smig	U+0F66;U+0FA8;U+0F72;U+0F42	fully_resolved	CORPUS_86605D8DD3C9;CORPUS_6C68775C4C70;CORPUS_63EB474B7A3F;CORPUS_9A673562CD7A	ordinary_tibetan_lexical_or_compound:1	none	ordinary_tibetan_lexical_or_compound=secure_independent_observation;tibetan_proper_name=nonadmissible_observation	retain	Current strict composition and admissible target support pass.
སྨིན	smin	U+0F66;U+0FA8;U+0F72;U+0F53	fully_resolved	CORPUS_86605D8DD3C9;CORPUS_6C68775C4C70;CORPUS_63EB474B7A3F;CORPUS_76CFA3FCFF21	ordinary_tibetan_lexical_or_compound:20	none	ordinary_tibetan_lexical_or_compound=secure_independent_observation;tibetan_proper_name=nonadmissible_observation	retain	Current strict composition and admissible target support pass.
སྨུ	smu	U+0F66;U+0FA8;U+0F74	fully_resolved	CORPUS_86605D8DD3C9;CORPUS_6C68775C4C70;CORPUS_84A74DBDD722	ordinary_tibetan_lexical_or_compound:2	none	ordinary_tibetan_lexical_or_compound=secure_independent_observation;tibetan_proper_name=nonadmissible_observation	retain	Current strict composition and admissible target support pass.
སྨུག	smug	U+0F66;U+0FA8;U+0F74;U+0F42	fully_resolved	CORPUS_86605D8DD3C9;CORPUS_6C68775C4C70;CORPUS_84A74DBDD722;CORPUS_9A673562CD7A	ordinary_tibetan_lexical_or_compound:5;tibetan_proper_name:1	none	ordinary_tibetan_lexical_or_compound=secure_independent_observation;tibetan_proper_name=nonadmissible_observation	retain	Current strict composition and admissible target support pass.
སྨུགས	smugs	U+0F66;U+0FA8;U+0F74;U+0F42;U+0F66	fully_resolved	CORPUS_86605D8DD3C9;CORPUS_6C68775C4C70;CORPUS_84A74DBDD722;CORPUS_9A673562CD7A;CORPUS_F685D66CEF46	ordinary_tibetan_lexical_or_compound:1	none	ordinary_tibetan_lexical_or_compound=nonadmissible_observation;tibetan_proper_name=nonadmissible_observation	downgrade	nonadmissible_observation
སྨོད	smod	U+0F66;U+0FA8;U+0F7C;U+0F51	fully_resolved	CORPUS_86605D8DD3C9;CORPUS_6C68775C4C70;CORPUS_16D4A9AA0695;CORPUS_DDC164B090C8	ordinary_tibetan_lexical_or_compound:6	none	ordinary_tibetan_lexical_or_compound=derived_target_plus_independent_feature_composition;tibetan_proper_name=nonadmissible_observation	retain	Current strict composition and admissible target support pass.
སྨོན	smon	U+0F66;U+0FA8;U+0F7C;U+0F53	fully_resolved	CORPUS_86605D8DD3C9;CORPUS_6C68775C4C70;CORPUS_16D4A9AA0695;CORPUS_76CFA3FCFF21	ordinary_tibetan_lexical_or_compound:10;tibetan_proper_name:4	none	ordinary_tibetan_lexical_or_compound=secure_independent_observation;tibetan_proper_name=nonadmissible_observation	retain	Current strict composition and admissible target support pass.
སྨོས	smos	U+0F66;U+0FA8;U+0F7C;U+0F66	fully_resolved	CORPUS_86605D8DD3C9;CORPUS_6C68775C4C70;CORPUS_16D4A9AA0695;CORPUS_735B62E02527	ordinary_tibetan_lexical_or_compound:7	none	ordinary_tibetan_lexical_or_compound=secure_independent_observation;tibetan_proper_name=nonadmissible_observation	retain	Current strict composition and admissible target support pass.
སྨྱག	smyag	U+0F66;U+0FA8;U+0FB1;U+0F42	fully_resolved	CORPUS_86605D8DD3C9;CORPUS_6C68775C4C70;CORPUS_E34B3E203AE6;CORPUS_01025FAF5D30;CORPUS_9A673562CD7A	ordinary_tibetan_lexical_or_compound:2	none	ordinary_tibetan_lexical_or_compound=nonadmissible_observation;tibetan_proper_name=nonadmissible_observation	downgrade	nonadmissible_observation
སྨྱགས	smyags	U+0F66;U+0FA8;U+0FB1;U+0F42;U+0F66	fully_resolved	CORPUS_86605D8DD3C9;CORPUS_6C68775C4C70;CORPUS_E34B3E203AE6;CORPUS_01025FAF5D30;CORPUS_9A673562CD7A;CORPUS_F685D66CEF46	ordinary_tibetan_lexical_or_compound:1	none	ordinary_tibetan_lexical_or_compound=nonadmissible_observation;tibetan_proper_name=nonadmissible_observation	downgrade	nonadmissible_observation
སྨྱིག	smyig	U+0F66;U+0FA8;U+0FB1;U+0F72;U+0F42	fully_resolved	CORPUS_86605D8DD3C9;CORPUS_6C68775C4C70;CORPUS_E34B3E203AE6;CORPUS_63EB474B7A3F;CORPUS_9A673562CD7A	ordinary_tibetan_lexical_or_compound:1	none	ordinary_tibetan_lexical_or_compound=secure_independent_observation;tibetan_proper_name=nonadmissible_observation	retain	Current strict composition and admissible target support pass.
སྨྱུག	smyug	U+0F66;U+0FA8;U+0FB1;U+0F74;U+0F42	fully_resolved	CORPUS_86605D8DD3C9;CORPUS_6C68775C4C70;CORPUS_E34B3E203AE6;CORPUS_84A74DBDD722;CORPUS_9A673562CD7A	ordinary_tibetan_lexical_or_compound:2	none	ordinary_tibetan_lexical_or_compound=secure_independent_observation;tibetan_proper_name=nonadmissible_observation	retain	Current strict composition and admissible target support pass.
སྨྱུང	smyuṅ	U+0F66;U+0FA8;U+0FB1;U+0F74;U+0F44	fully_resolved	CORPUS_86605D8DD3C9;CORPUS_6C68775C4C70;CORPUS_E34B3E203AE6;CORPUS_84A74DBDD722;SUFFIX_NG_TO_NDOT	ordinary_tibetan_lexical_or_compound:1	none	ordinary_tibetan_lexical_or_compound=derived_target_plus_independent_feature_composition;tibetan_proper_name=nonadmissible_observation	retain	Current strict composition and admissible target support pass.
སྨྱུན	smyun	U+0F66;U+0FA8;U+0FB1;U+0F74;U+0F53	fully_resolved	CORPUS_86605D8DD3C9;CORPUS_6C68775C4C70;CORPUS_E34B3E203AE6;CORPUS_84A74DBDD722;CORPUS_76CFA3FCFF21	ordinary_tibetan_lexical_or_compound:1	none	ordinary_tibetan_lexical_or_compound=nonadmissible_observation;tibetan_proper_name=nonadmissible_observation	downgrade	nonadmissible_observation
སྨྲས	smras	U+0F66;U+0FA8;U+0FB2;U+0F66	fully_resolved	CORPUS_86605D8DD3C9;CORPUS_6C68775C4C70;CORPUS_7F71AFFFC788;CORPUS_01025FAF5D30;CORPUS_735B62E02527	ordinary_tibetan_lexical_or_compound:6	none	ordinary_tibetan_lexical_or_compound=secure_independent_observation;tibetan_proper_name=nonadmissible_observation	retain	Current strict composition and admissible target support pass.
སྨྲིག	smrig	U+0F66;U+0FA8;U+0FB2;U+0F72;U+0F42	fully_resolved	CORPUS_86605D8DD3C9;CORPUS_6C68775C4C70;CORPUS_7F71AFFFC788;CORPUS_63EB474B7A3F;CORPUS_9A673562CD7A	ordinary_tibetan_lexical_or_compound:2	none	ordinary_tibetan_lexical_or_compound=nonadmissible_observation;tibetan_proper_name=nonadmissible_observation	downgrade	nonadmissible_observation
