tibetan_syllable	target	component_rule_ids	rule_evidence_syllables	target_in_rule_evidence	strict_leave_one_out_status	structural_unit_dependencies	domain_rule_dependencies	target_support_channel	authority_status
གནག	gnag	CORPUS_4E31F0FBB76E;CORPUS_7F051B17DE73;CORPUS_01025FAF5D30;CORPUS_9A673562CD7A	ཀན;ཁབ;ཁར;ཁུག;ཁོག;ཁྱག;ཁྲག;ཁྲམ;ཁྲལ;ཁྲོག;གཅད;གདན;གནོན;གཞི;གཡོག;གསར;གསལ;གསུམ;གྲས;གླང;ཅིག;ཅོག;ཆག;ཆང;ཆད;ཆར;ཆུག;ཆོག;ཏིག;ཐང;ཐད;ཐབ;ཐབས;ཐམ;ཐར;ཐལ;ཐེག;ཐོག;དམག;དྲེག;ནག;ནགས;ནད;ནམ;ནུ;ནེ;ནོན;ནོར;པག;པར;ཕག;ཕད;ཕན;ཕབ;ཕུག;ཕོག;ཕྱགས;ཕྱད;ཕྲན;བདག;བཙན;བརྩན;བྱད;བྱན;བྲག;བྲལ;མཚར;མཛད;ཙ;ཚག;ཚགས;ཚར;ཛ;ཟ;ཟུག;འཁར;ཡན;ཡིག;རལ;རས;རིག;རིགས;རུག;རོག;རྟགས;རྡལ;རྡེག;རྡོག;རྣོ;ལག;ལང;ལས;ལུག;ལོག;ལྷག;ཤོག;སར;སྐར;སྒྲོག;སྟག;སྟན;སྣ;སྣམ;སྣེ;སྣོད;སྤྱད;སྦྱང;སྦྱར;སྲོག;སློག	no	passed		ordinary_only	secure_independent_observation	retained
གནུབ	gnub	CORPUS_4E31F0FBB76E;CORPUS_7F051B17DE73;CORPUS_84A74DBDD722;CORPUS_0C6592BB5CEF	ཀུན;ཁབ;ཁུག;ཁུལ;ཁེབ;ཁྱབ;ཁྲབ;གཅད;གདུང;གདུབ;གནོན;གཞི;གསར;གསུམ;གུ;གྲུ;གྲུབ;ཆུག;ཆུང;ཆུད;ཆུན;ཐབ;ཐབས;ཐུ;ཐུང;ཐུན;ཐུབ;ཐུམ;ཐུར;ཐུལ;ཐེབ;ཐོབ;དུ;དྲུག;ནག;ནགས;ནད;ནམ;ནུ;ནེ;ནོན;ནོར;ཕབ;ཕུག;ཕུད;ཕུབ;ཕུར;ཕྱུགས;བཏབ;བཙུན;བརྟུལ;བརྡབ;བསྐུར;མཚུར;ཚབ;ཚུགས;ཚུར;ཚུལ;ཟུར;འབབ;ཡབ;ཡུལ;རབ;རུག;རུས;རྡུལ;རྣོ;ལུ;ལུག;ལུང;ལུས;ལེབ;སྐྱོབ;སྡེབ;སྣམ;སྣེ;སྣོད;སྲུང;སློབ	no	passed		ordinary_only	nonadmissible_observation	downgraded
གནོག	gnog	CORPUS_4E31F0FBB76E;CORPUS_7F051B17DE73;CORPUS_16D4A9AA0695;CORPUS_9A673562CD7A	ཁུག;ཁོག;ཁོལ;ཁྱག;ཁྲག;ཁྲོག;ཁྲོད;ཁྲོམ;ཁྲོལ;གཅད;གཅོད;གཏོར;གདོང;གདོན;གནོན;གཞི;གཡོག;གསར;གསུམ;གསོལ;གོ;གྲོ;གྲོས;ངོས;ཅིག;ཅོ;ཅོག;ཆག;ཆུག;ཆོག;ཏིག;ཏོག;ཐེག;ཐོ;ཐོག;ཐོད;ཐོན;ཐོབ;ཐོར;དམག;དོ;དྲེག;དྲོ;ནག;ནགས;ནད;ནམ;ནུ;ནེ;ནོན;ནོར;པག;པོར;ཕག;ཕུག;ཕོག;ཕོད;ཕོན;ཕོར;བདག;བརྟོལ;བརྩོན;བསྐོར;བྲག;མགྲོན;མཆོད;མཛོད;ཚག;ཚོལ;ཚོས;ཟུག;ཟོར;འཁོར;ཡིག;ཡོན;ཡོལ;རིག;རིགས;རུག;རོ;རོག;རྟོགས;རྡེག;རྡོག;རྡོལ;རྣོ;ལག;ལུག;ལོ;ལོག;ལོང;ལྷག;ཤོག;ཤོད;སོ;སོར;སྐོར;སྒྲོག;སྟག;སྟོང;སྟོན;སྣམ;སྣེ;སྣོད;སྤྱོད;སྦྱོང;སྦྱོར;སྲོག;སློག	no	passed		ordinary_only	nonadmissible_observation	downgraded
གནོང	gnoṅ	CORPUS_4E31F0FBB76E;CORPUS_7F051B17DE73;CORPUS_16D4A9AA0695;SUFFIX_NG_TO_NDOT	ཁུང;ཁོག;ཁོལ;ཁྲོག;ཁྲོད;ཁྲོམ;ཁྲོལ;གཅད;གཅོད;གཏོང;གཏོར;གདུང;གདོང;གདོན;གནོན;གཞི;གསར;གསུང;གསུམ;གསོལ;གོ;གྲང;གྲོ;གྲོས;ངོས;ཅིང;ཅོ;ཅོག;ཆང;ཆུང;ཆོག;ཏོག;ཐང;ཐུང;ཐོ;ཐོག;ཐོད;ཐོན;ཐོབ;ཐོར;དོ;དྲོ;ནག;ནགས;ནད;ནམ;ནུ;ནེ;ནོན;ནོར;པོར;ཕོག;ཕོད;ཕོན;ཕོར;ཕྱིང;བཏང;བརྟོལ;བརྩོན;བསྐོར;བྲང;མགྲོན;མཆོད;མཐོང;མཛོད;ཚང;ཚོལ;ཚོས;ཟོར;འཁོར;ཡང;ཡོན;ཡོལ;རིང;རོ;རོག;རྟོགས;རྡོག;རྡོལ;རྣོ;རྨང;ལང;ལུང;ལོ;ལོག;ལོང;ཤོད;སེང;སོ;སོར;སྐོང;སྐོར;སྐྱོང;སྟེང;སྟོང;སྟོན;སྣང;སྣམ;སྣེ;སྣོད;སྤྱང;སྤྱོད;སྦྱང;སྦྱོང;སྦྱོར;སྲིང	no	passed		ordinary_only	secure_independent_observation	retained
གཞག	gźag	CORPUS_4E31F0FBB76E;ROOT_ZHA_TO_ZACUTE;CORPUS_01025FAF5D30;CORPUS_9A673562CD7A	ཀན;ཁབ;ཁར;ཁུག;ཁོག;ཁྱག;ཁྲག;ཁྲམ;ཁྲལ;ཁྲོག;གཅད;གདན;གནོན;གཞི;གཞུང;གཡོག;གསར;གསལ;གསུམ;གྲས;གླང;ཅིག;ཅོག;ཆག;ཆང;ཆད;ཆར;ཆུག;ཆོག;ཏིག;ཐང;ཐད;ཐབ;ཐབས;ཐམ;ཐར;ཐལ;ཐེག;ཐོག;དམག;དྲེག;ནག;པག;པར;ཕག;ཕད;ཕན;ཕབ;ཕུག;ཕོག;ཕྱགས;ཕྱད;ཕྲན;བདག;བཙན;བརྩན;བྱད;བྱན;བྲག;བྲལ;མཚར;མཛད;ཙ;ཚག;ཚགས;ཚར;ཛ;ཞང;ཟ;ཟུག;འཁར;ཡན;ཡིག;རལ;རས;རིག;རིགས;རུག;རོག;རྟགས;རྡལ;རྡེག;རྡོག;ལག;ལང;ལས;ལུག;ལོག;ལྷག;ཤོག;སར;སྐར;སྒྲོག;སྟག;སྟན;སྣ;སྤྱད;སྦྱང;སྦྱར;སྲོག;སློག	no	passed		ordinary_only	secure_independent_observation	retained
གཞོན	gźon	CORPUS_4E31F0FBB76E;ROOT_ZHA_TO_ZACUTE;CORPUS_16D4A9AA0695;CORPUS_76CFA3FCFF21	ཀན;ཁོག;ཁོན;ཁོལ;ཁྲོག;ཁྲོད;ཁྲོན;ཁྲོམ;ཁྲོལ;གཅད;གཅོད;གཏོར;གདོང;གདོན;གནོན;གཞི;གཞུང;གསར;གསུམ;གསོལ;གོ;གྲོ;གྲོས;ངོས;ཅོ;ཅོག;ཆུན;ཆེན;ཆོག;ཏོག;ཐུན;ཐེན;ཐོ;ཐོག;ཐོད;ཐོན;ཐོབ;ཐོར;དམན;དོ;དྲོ;ནོན;པན;པོར;ཕན;ཕོག;ཕོད;ཕོན;ཕོར;ཕྱིན;ཕྲན;བཙན;བརྟོལ;བརྩོན;བསྐོར;བྱན;བྱིན;བྲན;བློན;མཁན;མགྲོན;མཆོད;མཐུན;མཛོད;ཚུན;ཚོལ;ཚོས;ཞང;ཟན;ཟོར;འཁོར;ཡན;ཡིན;ཡོན;ཡོལ;རོ;རོག;རྒྱུན;རྟོགས;རྡོག;རྡོལ;རྩེན;ལེན;ལོ;ལོག;ལོང;ཤན;ཤོད;སོ;སོར;སྐོར;སྟན;སྟོང;སྟོན;སྤྱན;སྤྱོད;སྦྱོང;སྦྱོར	no	passed		ordinary_only	secure_independent_observation	retained
གཞོམ	gźom	CORPUS_4E31F0FBB76E;ROOT_ZHA_TO_ZACUTE;CORPUS_16D4A9AA0695;CORPUS_5683E9A09D00	ཁོག;ཁོམ;ཁོལ;ཁྱིམ;ཁྲམ;ཁྲོག;ཁྲོད;ཁྲོམ;ཁྲོལ;གཅད;གཅོད;གཏོར;གདོང;གདོན;གནོན;གཞི;གཞུང;གསར;གསུམ;གསོལ;གོ;གྲོ;གྲོས;ངོས;ཅོ;ཅོག;ཆོག;ཏོག;ཐམ;ཐམས;ཐུམ;ཐེམ;ཐོ;ཐོག;ཐོད;ཐོན;ཐོབ;ཐོར;དོ;དྲོ;ནམ;པོར;ཕམ;ཕོག;ཕོད;ཕོན;ཕོར;ཕྱམ;བཅོམ;བརྟོལ;བརྩོན;བསྐོར;མགྲོན;མཆོད;མཛོད;ཙམ;ཚིམ;ཚོལ;ཚོས;ཞང;ཟོར;འཁོར;ཡུམ;ཡོན;ཡོལ;རིམ;རིམས;རོ;རོག;རྟོགས;རྡོག;རྡོལ;ལམ;ལོ;ལོག;ལོང;ཤོད;སོ;སོར;སྐམ;སྐོར;སྟོང;སྟོན;སྡོམ;སྣམ;སྤྱོད;སྦྱོང;སྦྱོར	no	passed		ordinary_only	secure_independent_observation	retained
གྱག	gyag	CORPUS_A6063072E7A9;CORPUS_E34B3E203AE6;CORPUS_01025FAF5D30;CORPUS_9A673562CD7A	ཀན;ཁབ;ཁར;ཁུག;ཁོག;ཁྱག;ཁྱབ;ཁྱེར;ཁྲག;ཁྲམ;ཁྲལ;ཁྲོག;གཅད;གདན;གཡོག;གསལ;གི;གུ;གེ;གོ;གྱིས;གྲང;གྲས;གྲི;གྲོ;གྲོལ;གླང;ཅིག;ཅོག;ཆག;ཆང;ཆད;ཆར;ཆུག;ཆོག;ཏིག;ཐང;ཐད;ཐབ;ཐབས;ཐམ;ཐར;ཐལ;ཐེག;ཐོག;དམག;དྲེག;ནག;པག;པར;ཕག;ཕད;ཕན;ཕབ;ཕུག;ཕོག;ཕྱགས;ཕྱད;ཕྱམ;ཕྱིན;ཕྱུགས;ཕྲན;བདག;བཙན;བརྩན;བྱད;བྱན;བྱེད;བྲག;བྲལ;མགར;མགོན;མཚར;མཛད;ཙ;ཚག;ཚགས;ཚར;ཛ;ཟ;ཟུག;འཁར;ཡན;ཡིག;རལ;རས;རིག;རིགས;རུག;རོག;རྒོལ;རྟགས;རྡལ;རྡེག;རྡོག;ལག;ལང;ལས;ལུག;ལོག;ལྷག;ཤོག;སར;སྐར;སྐྱོང;སྒྲ;སྒྲོག;སྟག;སྟན;སྣ;སྤྱད;སྦྱང;སྦྱར;སྲོག;སློག	no	passed		ordinary_only	nonadmissible_observation	downgraded
གྱད	gyad	CORPUS_A6063072E7A9;CORPUS_E34B3E203AE6;CORPUS_01025FAF5D30;CORPUS_DDC164B090C8	ཀན;ཁབ;ཁར;ཁྱག;ཁྱད;ཁྱབ;ཁྱེར;ཁྲག;ཁྲམ;ཁྲལ;ཁྲོད;གཅད;གདན;གསལ;གི;གུ;གེ;གོ;གྱིས;གྲང;གྲས;གྲི;གྲོ;གྲོལ;གླང;ཆག;ཆང;ཆད;ཆར;ཆུད;ཐང;ཐད;ཐབ;ཐབས;ཐམ;ཐར;ཐལ;ཐེད;ཐོད;དྲོད;ནད;པད;པར;ཕག;ཕད;ཕན;ཕབ;ཕུད;ཕོད;ཕྱགས;ཕྱད;ཕྱམ;ཕྱིན;ཕྱུགས;ཕྱེད;ཕྲད;ཕྲན;བཙན;བརྩན;བྱད;བྱན;བྱེད;བྲལ;བྲེད;མགར;མགོན;མཐུད;མཚར;མཛད;ཙ;ཚགས;ཚར;ཚུད;ཛ;ཟ;འཁར;ཡན;ཡོད;རལ;རས;རྒོད;རྒོལ;རྒྱུད;རྟགས;རྡལ;རྩེད;ལག;ལང;ལས;ཤེད;ཤོད;སར;སྐད;སྐར;སྐྱིད;སྐྱེད;སྐྱོང;སྒྲ;སྟན;སྟོད;སྡོད;སྣ;སྤྱད;སྦྱང;སྦྱར;སྲིད	no	passed		ordinary_only	secure_independent_observation	retained
གྱམ	gyam	CORPUS_A6063072E7A9;CORPUS_E34B3E203AE6;CORPUS_01025FAF5D30;CORPUS_5683E9A09D00	ཀན;ཁབ;ཁར;ཁོམ;ཁྱག;ཁྱབ;ཁྱིམ;ཁྱེར;ཁྲག;ཁྲམ;ཁྲལ;ཁྲོམ;གཅད;གདན;གསལ;གསུམ;གི;གུ;གེ;གོ;གྱིས;གྲང;གྲས;གྲི;གྲོ;གྲོལ;གླང;ཆག;ཆང;ཆད;ཆར;ཐང;ཐད;ཐབ;ཐབས;ཐམ;ཐམས;ཐར;ཐལ;ཐུམ;ཐེམ;ནམ;པར;ཕག;ཕད;ཕན;ཕབ;ཕམ;ཕྱགས;ཕྱད;ཕྱམ;ཕྱིན;ཕྱུགས;ཕྲན;བཅོམ;བཙན;བརྩན;བྱད;བྱན;བྱེད;བྲལ;མགར;མགོན;མཚར;མཛད;ཙ;ཙམ;ཚགས;ཚར;ཚིམ;ཛ;ཟ;འཁར;ཡན;ཡུམ;རལ;རས;རིམ;རིམས;རྒོལ;རྟགས;རྡལ;ལག;ལང;ལམ;ལས;སར;སྐམ;སྐར;སྐྱོང;སྒྲ;སྟན;སྡོམ;སྣ;སྣམ;སྤྱད;སྦྱང;སྦྱར	no	passed		ordinary_only	nonadmissible_observation	downgraded
གྱིག	gyig	CORPUS_A6063072E7A9;CORPUS_E34B3E203AE6;CORPUS_63EB474B7A3F;CORPUS_9A673562CD7A	ཀི;ཁུག;ཁོག;ཁྱག;ཁྱབ;ཁྱེར;ཁྲག;ཁྲིད;ཁྲོག;གཡོག;གི;གུ;གེ;གོ;གྱིས;གྲང;གྲས;གྲི;གྲོ;གྲོལ;གླང;གླིང;ཅི;ཅིག;ཅོག;ཆག;ཆིག;ཆུག;ཆོག;ཏི;ཏིག;ཐིག;ཐེག;ཐོག;དམག;དྲེག;ནག;པག;ཕག;ཕུག;ཕོག;ཕྱད;ཕྱམ;ཕྱིན;ཕྱུགས;ཕྲིན;བདག;བྱན;བྱིན;བྱེད;བྲག;མགར;མགོན;མགྲིན;ཙི;ཚག;ཚིགས;ཚིལ;ཛི;ཟུག;ཡི;ཡིག;ཡིན;རི;རིག;རིགས;རིལ;རིས;རུག;རོག;རྒོལ;རྡེག;རྡོག;ལག;ལིང;ལུག;ལོག;ལྷག;ཤོག;སྐྱིད;སྐྱིལ;སྐྱོང;སྒྲ;སྒྲོག;སྟག;སྦྱང;སྲིང;སྲོག;སློག	no	passed		ordinary_only	nonadmissible_observation	downgraded
གྱིང	gyiṅ	CORPUS_A6063072E7A9;CORPUS_E34B3E203AE6;CORPUS_63EB474B7A3F;SUFFIX_NG_TO_NDOT	ཀི;ཁུང;ཁྱག;ཁྱབ;ཁྱེར;ཁྲིད;གཏོང;གདུང;གདོང;གསུང;གི;གུ;གེ;གོ;གྱིས;གྲང;གྲས;གྲི;གྲོ;གྲོལ;གླང;གླིང;ཅི;ཅིག;ཅིང;ཆང;ཆིག;ཆུང;ཏི;ཏིག;ཐང;ཐིག;ཐུང;ཕྱད;ཕྱམ;ཕྱིང;ཕྱིན;ཕྱུགས;ཕྲིན;བཏང;བྱན;བྱིན;བྱེད;བྲང;མགར;མགོན;མགྲིན;མཐོང;ཙི;ཚང;ཚིགས;ཚིལ;ཛི;ཡང;ཡི;ཡིན;རི;རིག;རིང;རིལ;རིས;རྒོལ;རྨང;ལང;ལིང;ལུང;ལོང;སེང;སྐོང;སྐྱིད;སྐྱིལ;སྐྱོང;སྒྲ;སྟེང;སྟོང;སྣང;སྤྱང;སྦྱང;སྦྱོང;སྲིང	no	passed		ordinary_only	alternate_witness_only	downgraded
གྱིན	gyin	CORPUS_A6063072E7A9;CORPUS_E34B3E203AE6;CORPUS_63EB474B7A3F;CORPUS_76CFA3FCFF21	ཀན;ཀི;ཁོན;ཁྱག;ཁྱབ;ཁྱེར;ཁྲིད;ཁྲོན;གདོན;གི;གུ;གེ;གོ;གྱིས;གྲང;གྲས;གྲི;གྲོ;གྲོལ;གླང;གླིང;ཅི;ཅིག;ཆིག;ཆུན;ཆེན;ཏི;ཏིག;ཐིག;ཐུན;ཐེན;ཐོན;དམན;ནོན;པན;ཕན;ཕོན;ཕྱད;ཕྱམ;ཕྱིན;ཕྱུགས;ཕྲན;ཕྲིན;བཙན;བྱན;བྱིན;བྱེད;བྲན;བློན;མཁན;མགར;མགོན;མགྲིན;མཐུན;ཙི;ཚིགས;ཚིལ;ཚུན;ཛི;ཟན;ཡན;ཡི;ཡིན;ཡོན;རི;རིག;རིལ;རིས;རྒོལ;རྒྱུན;རྩེན;ལིང;ལེན;ཤན;སྐྱིད;སྐྱིལ;སྐྱོང;སྒྲ;སྟན;སྟོན;སྤྱན;སྦྱང;སྲིང	no	passed		ordinary_only	secure_independent_observation	retained
གྱོ	gyo	CORPUS_A6063072E7A9;CORPUS_E34B3E203AE6;CORPUS_16D4A9AA0695	ཁོག;ཁོལ;ཁྱག;ཁྱབ;ཁྱེར;ཁྲོག;ཁྲོད;ཁྲོམ;ཁྲོལ;གཅོད;གཏོར;གདོང;གདོན;གསོལ;གི;གུ;གེ;གོ;གྱིས;གྲང;གྲས;གྲི;གྲོ;གྲོལ;གྲོས;གླང;ངོས;ཅོ;ཅོག;ཆོག;ཏོག;ཐོ;ཐོག;ཐོད;ཐོན;ཐོབ;ཐོར;དོ;དྲོ;པོར;ཕོག;ཕོད;ཕོན;ཕོར;ཕྱད;ཕྱམ;ཕྱིན;ཕྱུགས;བརྟོལ;བརྩོན;བསྐོར;བྱན;བྱེད;མགར;མགོན;མགྲོན;མཆོད;མཛོད;ཚོལ;ཚོས;ཟོར;འཁོར;ཡོན;ཡོལ;རོ;རོག;རྒོལ;རྟོགས;རྡོག;རྡོལ;ལོ;ལོག;ལོང;ཤོད;སོ;སོར;སྐོར;སྐྱོང;སྒྲ;སྟོང;སྟོན;སྤྱོད;སྦྱང;སྦྱོང;སྦྱོར	no	passed		ordinary_only	nonadmissible_observation	downgraded
གྱོག	gyog	CORPUS_A6063072E7A9;CORPUS_E34B3E203AE6;CORPUS_16D4A9AA0695;CORPUS_9A673562CD7A	ཁུག;ཁོག;ཁོལ;ཁྱག;ཁྱབ;ཁྱེར;ཁྲག;ཁྲོག;ཁྲོད;ཁྲོམ;ཁྲོལ;གཅོད;གཏོར;གདོང;གདོན;གཡོག;གསོལ;གི;གུ;གེ;གོ;གྱིས;གྲང;གྲས;གྲི;གྲོ;གྲོལ;གྲོས;གླང;ངོས;ཅིག;ཅོ;ཅོག;ཆག;ཆུག;ཆོག;ཏིག;ཏོག;ཐེག;ཐོ;ཐོག;ཐོད;ཐོན;ཐོབ;ཐོར;དམག;དོ;དྲེག;དྲོ;ནག;པག;པོར;ཕག;ཕུག;ཕོག;ཕོད;ཕོན;ཕོར;ཕྱད;ཕྱམ;ཕྱིན;ཕྱུགས;བདག;བརྟོལ;བརྩོན;བསྐོར;བྱན;བྱེད;བྲག;མགར;མགོན;མགྲོན;མཆོད;མཛོད;ཚག;ཚོལ;ཚོས;ཟུག;ཟོར;འཁོར;ཡིག;ཡོན;ཡོལ;རིག;རིགས;རུག;རོ;རོག;རྒོལ;རྟོགས;རྡེག;རྡོག;རྡོལ;ལག;ལུག;ལོ;ལོག;ལོང;ལྷག;ཤོག;ཤོད;སོ;སོར;སྐོར;སྐྱོང;སྒྲ;སྒྲོག;སྟག;སྟོང;སྟོན;སྤྱོད;སྦྱང;སྦྱོང;སྦྱོར;སྲོག;སློག	no	passed		ordinary_only	nonadmissible_observation	downgraded
གྱོགས	gyogs	CORPUS_A6063072E7A9;CORPUS_E34B3E203AE6;CORPUS_16D4A9AA0695;CORPUS_9A673562CD7A;CORPUS_F685D66CEF46	ཁུག;ཁུགས;ཁེབས;ཁོག;ཁོལ;ཁྱག;ཁྱབ;ཁྱེར;ཁྲག;ཁྲོག;ཁྲོད;ཁྲོམ;ཁྲོལ;གཅོད;གཏོར;གདོང;གདོན;གཡོག;གཡོགས;གསོལ;གི;གུ;གེ;གོ;གྱིས;གྲང;གྲས;གྲི;གྲོ;གྲོལ;གྲོས;གླང;ངོས;ཅིག;ཅོ;ཅོག;ཆག;ཆགས;ཆུག;ཆོག;ཏིག;ཏོག;ཐབས;ཐམས;ཐེག;ཐེབས;ཐོ;ཐོག;ཐོད;ཐོན;ཐོབ;ཐོར;དམག;དོ;དྲེག;དྲོ;ནག;ནགས;པག;པགས;པོར;ཕག;ཕུག;ཕུགས;ཕོག;ཕོད;ཕོན;ཕོར;ཕྱད;ཕྱམ;ཕྱིན;ཕྱུགས;བདག;བརྟགས;བརྟོལ;བརྩོན;བསྐོར;བྱན;བྱེད;བྲག;མགར;མགོན;མགྲོན;མཆོད;མཛོད;ཚག;ཚགས;ཚོལ;ཚོས;ཟུག;ཟོར;འཁོར;ཡིག;ཡོན;ཡོལ;རིག;རིགས;རིམས;རུག;རོ;རོག;རྒོལ;རྟོགས;རྡེག;རྡོག;རྡོལ;ལག;ལུག;ལོ;ལོག;ལོང;ལྕགས;ལྷག;ཤོག;ཤོད;སོ;སོར;སྐོར;སྐྱོང;སྒྲ;སྒྲོག;སྟག;སྟོང;སྟོན;སྤྱོད;སྦྱང;སྦྱོང;སྦྱོར;སྲོག;སློག	no	passed		ordinary_only	nonadmissible_observation	downgraded
གྱོང	gyoṅ	CORPUS_A6063072E7A9;CORPUS_E34B3E203AE6;CORPUS_16D4A9AA0695;SUFFIX_NG_TO_NDOT	ཁུང;ཁོག;ཁོལ;ཁྱག;ཁྱབ;ཁྱེར;ཁྲོག;ཁྲོད;ཁྲོམ;ཁྲོལ;གཅོད;གཏོང;གཏོར;གདུང;གདོང;གདོན;གསུང;གསོལ;གི;གུ;གེ;གོ;གྱིས;གྲང;གྲས;གྲི;གྲོ;གྲོལ;གྲོས;གླང;ངོས;ཅིང;ཅོ;ཅོག;ཆང;ཆུང;ཆོག;ཏོག;ཐང;ཐུང;ཐོ;ཐོག;ཐོད;ཐོན;ཐོབ;ཐོར;དོ;དྲོ;པོར;ཕོག;ཕོད;ཕོན;ཕོར;ཕྱད;ཕྱམ;ཕྱིང;ཕྱིན;ཕྱུགས;བཏང;བརྟོལ;བརྩོན;བསྐོར;བྱན;བྱེད;བྲང;མགར;མགོན;མགྲོན;མཆོད;མཐོང;མཛོད;ཚང;ཚོལ;ཚོས;ཟོར;འཁོར;ཡང;ཡོན;ཡོལ;རིང;རོ;རོག;རྒོལ;རྟོགས;རྡོག;རྡོལ;རྨང;ལང;ལུང;ལོ;ལོག;ལོང;ཤོད;སེང;སོ;སོར;སྐོང;སྐོར;སྐྱོང;སྒྲ;སྟེང;སྟོང;སྟོན;སྣང;སྤྱང;སྤྱོད;སྦྱང;སྦྱོང;སྦྱོར;སྲིང	no	passed		ordinary_only	derived_target_plus_independent_feature_composition	retained
གྱོད	gyod	CORPUS_A6063072E7A9;CORPUS_E34B3E203AE6;CORPUS_16D4A9AA0695;CORPUS_DDC164B090C8	ཁོག;ཁོལ;ཁྱག;ཁྱད;ཁྱབ;ཁྱེར;ཁྲོག;ཁྲོད;ཁྲོམ;ཁྲོལ;གཅོད;གཏོར;གདོང;གདོན;གསོལ;གི;གུ;གེ;གོ;གྱིས;གྲང;གྲས;གྲི;གྲོ;གྲོལ;གྲོས;གླང;ངོས;ཅོ;ཅོག;ཆད;ཆུད;ཆོག;ཏོག;ཐད;ཐེད;ཐོ;ཐོག;ཐོད;ཐོན;ཐོབ;ཐོར;དོ;དྲོ;དྲོད;ནད;པད;པོར;ཕད;ཕུད;ཕོག;ཕོད;ཕོན;ཕོར;ཕྱད;ཕྱམ;ཕྱིན;ཕྱུགས;ཕྱེད;ཕྲད;བརྟོལ;བརྩོན;བསྐོར;བྱད;བྱན;བྱེད;བྲེད;མགར;མགོན;མགྲོན;མཆོད;མཐུད;མཛོད;ཚུད;ཚོལ;ཚོས;ཟོར;འཁོར;ཡོད;ཡོན;ཡོལ;རོ;རོག;རྒོད;རྒོལ;རྒྱུད;རྟོགས;རྡོག;རྡོལ;རྩེད;ལོ;ལོག;ལོང;ཤེད;ཤོད;སོ;སོར;སྐད;སྐོར;སྐྱིད;སྐྱེད;སྐྱོང;སྒྲ;སྟོང;སྟོད;སྟོན;སྡོད;སྤྱད;སྤྱོད;སྦྱང;སྦྱོང;སྦྱོར;སྲིད	no	passed		ordinary_only	secure_independent_observation	retained
གྱོན	gyon	CORPUS_A6063072E7A9;CORPUS_E34B3E203AE6;CORPUS_16D4A9AA0695;CORPUS_76CFA3FCFF21	ཀན;ཁོག;ཁོན;ཁོལ;ཁྱག;ཁྱབ;ཁྱེར;ཁྲོག;ཁྲོད;ཁྲོན;ཁྲོམ;ཁྲོལ;གཅོད;གཏོར;གདོང;གདོན;གསོལ;གི;གུ;གེ;གོ;གྱིས;གྲང;གྲས;གྲི;གྲོ;གྲོལ;གྲོས;གླང;ངོས;ཅོ;ཅོག;ཆུན;ཆེན;ཆོག;ཏོག;ཐུན;ཐེན;ཐོ;ཐོག;ཐོད;ཐོན;ཐོབ;ཐོར;དམན;དོ;དྲོ;ནོན;པན;པོར;ཕན;ཕོག;ཕོད;ཕོན;ཕོར;ཕྱད;ཕྱམ;ཕྱིན;ཕྱུགས;ཕྲན;བཙན;བརྟོལ;བརྩོན;བསྐོར;བྱན;བྱིན;བྱེད;བྲན;བློན;མཁན;མགར;མགོན;མགྲོན;མཆོད;མཐུན;མཛོད;ཚུན;ཚོལ;ཚོས;ཟན;ཟོར;འཁོར;ཡན;ཡིན;ཡོན;ཡོལ;རོ;རོག;རྒོལ;རྒྱུན;རྟོགས;རྡོག;རྡོལ;རྩེན;ལེན;ལོ;ལོག;ལོང;ཤན;ཤོད;སོ;སོར;སྐོར;སྐྱོང;སྒྲ;སྟན;སྟོང;སྟོན;སྤྱན;སྤྱོད;སྦྱང;སྦྱོང;སྦྱོར	no	passed		ordinary_only	secure_independent_observation	retained
གྱོས	gyos	CORPUS_A6063072E7A9;CORPUS_E34B3E203AE6;CORPUS_16D4A9AA0695;CORPUS_735B62E02527	ཁོག;ཁོལ;ཁྱག;ཁྱབ;ཁྱེར;ཁྲོག;ཁྲོད;ཁྲོམ;ཁྲོལ;གཅོད;གཏོར;གདོང;གདོན;གསོལ;གི;གུ;གེ;གོ;གྱིས;གྲང;གྲས;གྲི;གྲོ;གྲོལ;གྲོས;གླང;ངོས;ཅོ;ཅོག;ཆོག;ཆོས;ཏོག;ཐོ;ཐོག;ཐོད;ཐོན;ཐོབ;ཐོར;ཐོས;དོ;དྲོ;པོར;པོས;ཕོག;ཕོད;ཕོན;ཕོར;ཕྱད;ཕྱམ;ཕྱིན;ཕྱིས;ཕྱུགས;བཅོས;བརྟོལ;བརྩོན;བསྐོར;བསྡུས;བྱན;བྱེད;མཁས;མགར;མགོན;མགྲོན;མཆོད;མཛོད;ཚོལ;ཚོས;ཟས;ཟོར;འཁོར;ཡས;ཡོན;ཡོལ;རས;རིས;རུས;རོ;རོག;རྒོལ;རྟོགས;རྡོག;རྡོལ;རྡོས;ལས;ལུས;ལོ;ལོག;ལོང;ལྷས;ཤས;ཤོད;སོ;སོར;སྐོར;སྐྱེས;སྐྱོང;སྒྲ;སྟོང;སྟོན;སྤྱོད;སྦྱང;སྦྱོང;སྦྱོར	no	passed		ordinary_only	nonadmissible_observation	downgraded
གྲག	grag	CORPUS_A6063072E7A9;CORPUS_7F71AFFFC788;CORPUS_01025FAF5D30;CORPUS_9A673562CD7A	ཀན;ཁབ;ཁར;ཁུག;ཁོག;ཁྱག;ཁྲག;ཁྲབ;ཁྲམ;ཁྲལ;ཁྲོག;ཁྲོན;ཁྲོམ;ཁྲོལ;གཅད;གདན;གཡོག;གསལ;གི;གུ;གེ;གོ;གྱིས;གྲང;གྲས;གྲི;གྲུ;གྲོ;གྲོལ;གླང;ཅིག;ཅོག;ཆག;ཆང;ཆད;ཆར;ཆུག;ཆོག;ཏིག;ཐང;ཐད;ཐབ;ཐབས;ཐམ;ཐར;ཐལ;ཐེག;ཐོག;དམག;དྲེ;དྲེག;དྲོ;ནག;པག;པར;ཕག;ཕད;ཕན;ཕབ;ཕུག;ཕོག;ཕྱགས;ཕྱད;ཕྲད;ཕྲན;ཕྲིན;ཕྲུག;བདག;བཙན;བརྩན;བྱད;བྱན;བྲག;བྲང;བྲན;བྲལ;བྲེད;བྲོ;མགར;མགོན;མགྲོན;མཚར;མཛད;ཙ;ཚག;ཚགས;ཚར;ཛ;ཟ;ཟུག;འཁར;ཡན;ཡིག;རལ;རས;རིག;རིགས;རུག;རོག;རྒོལ;རྟགས;རྡལ;རྡེག;རྡོག;ལག;ལང;ལས;ལུག;ལོག;ལྷག;ཤོག;སར;སྐར;སྒྲ;སྒྲོག;སྟག;སྟན;སྣ;སྤྱད;སྦྱང;སྦྱར;སྦྲང;སྲོག;སློག	no	passed		ordinary_only	secure_independent_observation	retained
གྲགས	grags	CORPUS_A6063072E7A9;CORPUS_7F71AFFFC788;CORPUS_01025FAF5D30;CORPUS_9A673562CD7A;CORPUS_F685D66CEF46	ཀན;ཁབ;ཁར;ཁུག;ཁུགས;ཁེབས;ཁོག;ཁྱག;ཁྲག;ཁྲབ;ཁྲམ;ཁྲལ;ཁྲོག;ཁྲོན;ཁྲོམ;ཁྲོལ;གཅད;གདན;གཡོག;གཡོགས;གསལ;གི;གུ;གེ;གོ;གྱིས;གྲང;གྲས;གྲི;གྲུ;གྲོ;གྲོལ;གླང;ཅིག;ཅོག;ཆག;ཆགས;ཆང;ཆད;ཆར;ཆུག;ཆོག;ཏིག;ཐང;ཐད;ཐབ;ཐབས;ཐམ;ཐམས;ཐར;ཐལ;ཐེག;ཐེབས;ཐོག;དམག;དྲེ;དྲེག;དྲོ;ནག;ནགས;པག;པགས;པར;ཕག;ཕད;ཕན;ཕབ;ཕུག;ཕུགས;ཕོག;ཕྱགས;ཕྱད;ཕྲད;ཕྲན;ཕྲིན;ཕྲུག;བདག;བཙན;བརྟགས;བརྩན;བྱད;བྱན;བྲག;བྲང;བྲན;བྲལ;བྲེད;བྲོ;མགར;མགོན;མགྲོན;མཚར;མཛད;ཙ;ཚག;ཚགས;ཚར;ཛ;ཟ;ཟུག;འཁར;ཡན;ཡིག;རལ;རས;རིག;རིགས;རིམས;རུག;རོག;རྒོལ;རྟགས;རྟོགས;རྡལ;རྡེག;རྡོག;ལག;ལང;ལས;ལུག;ལོག;ལྕགས;ལྷག;ཤོག;སར;སྐར;སྒྲ;སྒྲོག;སྟག;སྟན;སྣ;སྤྱད;སྦྱང;སྦྱར;སྦྲང;སྲོག;སློག	no	passed		ordinary_only	secure_independent_observation	retained
གྲངས	graṅs	CORPUS_A6063072E7A9;CORPUS_7F71AFFFC788;CORPUS_01025FAF5D30;SUFFIX_NG_TO_NDOT;CORPUS_F685D66CEF46	ཀན;ཁབ;ཁར;ཁུགས;ཁུང;ཁེབས;ཁྲག;ཁྲབ;ཁྲམ;ཁྲལ;ཁྲོག;ཁྲོན;ཁྲོམ;ཁྲོལ;གཅད;གཏོང;གདན;གདུང;གདོང;གཡོགས;གསལ;གསུང;གི;གུ;གེ;གོ;གྱིས;གྲང;གྲས;གྲི;གྲུ;གྲོ;གྲོལ;གླང;ཅིང;ཆག;ཆགས;ཆང;ཆད;ཆར;ཆུང;ཐང;ཐད;ཐབ;ཐབས;ཐམ;ཐམས;ཐར;ཐལ;ཐུང;ཐེབས;དྲེ;དྲོ;ནགས;པགས;པར;ཕག;ཕད;ཕན;ཕབ;ཕུགས;ཕྱགས;ཕྱད;ཕྱིང;ཕྲད;ཕྲན;ཕྲིན;ཕྲུག;བཏང;བཙན;བརྟགས;བརྩན;བྱད;བྱན;བྲང;བྲན;བྲལ;བྲེད;བྲོ;མགར;མགོན;མགྲོན;མཐོང;མཚར;མཛད;ཙ;ཚགས;ཚང;ཚར;ཛ;ཟ;འཁར;ཡང;ཡན;རལ;རས;རིགས;རིང;རིམས;རྒོལ;རྟགས;རྟོགས;རྡལ;རྨང;ལག;ལང;ལས;ལུང;ལོང;ལྕགས;སར;སེང;སྐར;སྐོང;སྐྱོང;སྒྲ;སྟན;སྟེང;སྟོང;སྣ;སྣང;སྤྱང;སྤྱད;སྦྱང;སྦྱར;སྦྱོང;སྦྲང;སྲིང;སྲོག	no	passed		ordinary_only	nonadmissible_observation	downgraded
གྲབས	grabs	CORPUS_A6063072E7A9;CORPUS_7F71AFFFC788;CORPUS_01025FAF5D30;CORPUS_0C6592BB5CEF;CORPUS_F685D66CEF46	ཀན;ཁབ;ཁར;ཁུགས;ཁེབ;ཁེབས;ཁྱབ;ཁྲག;ཁྲབ;ཁྲམ;ཁྲལ;ཁྲོག;ཁྲོན;ཁྲོམ;ཁྲོལ;གཅད;གདན;གདུབ;གཡོགས;གསལ;གི;གུ;གེ;གོ;གྱིས;གྲང;གྲས;གྲི;གྲུ;གྲུབ;གྲོ;གྲོལ;གླང;ཆག;ཆགས;ཆང;ཆད;ཆར;ཐང;ཐད;ཐབ;ཐབས;ཐམ;ཐམས;ཐར;ཐལ;ཐུབ;ཐེབ;ཐེབས;ཐོབ;དྲེ;དྲོ;ནགས;པགས;པར;ཕག;ཕད;ཕན;ཕབ;ཕུགས;ཕུབ;ཕྱགས;ཕྱད;ཕྲད;ཕྲན;ཕྲིན;ཕྲུག;བཏབ;བཙན;བརྟགས;བརྡབ;བརྩན;བྱད;བྱན;བྲང;བྲན;བྲལ;བྲེད;བྲོ;མགར;མགོན;མགྲོན;མཚར;མཛད;ཙ;ཚགས;ཚབ;ཚར;ཛ;ཟ;འཁར;འབབ;ཡན;ཡབ;རབ;རལ;རས;རིགས;རིམས;རྒོལ;རྟགས;རྟོགས;རྡལ;ལག;ལང;ལས;ལེབ;ལྕགས;སར;སྐར;སྐྱོབ;སྒྲ;སྟན;སྡེབ;སྣ;སྤྱད;སྦྱང;སྦྱར;སྦྲང;སྲོག;སློབ	no	passed		ordinary_only	secure_independent_observation	retained
གྲམ	gram	CORPUS_A6063072E7A9;CORPUS_7F71AFFFC788;CORPUS_01025FAF5D30;CORPUS_5683E9A09D00	ཀན;ཁབ;ཁར;ཁོམ;ཁྱིམ;ཁྲག;ཁྲབ;ཁྲམ;ཁྲལ;ཁྲོག;ཁྲོན;ཁྲོམ;ཁྲོལ;གཅད;གདན;གསལ;གསུམ;གི;གུ;གེ;གོ;གྱིས;གྲང;གྲས;གྲི;གྲུ;གྲོ;གྲོལ;གླང;ཆག;ཆང;ཆད;ཆར;ཐང;ཐད;ཐབ;ཐབས;ཐམ;ཐམས;ཐར;ཐལ;ཐུམ;ཐེམ;དྲེ;དྲོ;ནམ;པར;ཕག;ཕད;ཕན;ཕབ;ཕམ;ཕྱགས;ཕྱད;ཕྱམ;ཕྲད;ཕྲན;ཕྲིན;ཕྲུག;བཅོམ;བཙན;བརྩན;བྱད;བྱན;བྲང;བྲན;བྲལ;བྲེད;བྲོ;མགར;མགོན;མགྲོན;མཚར;མཛད;ཙ;ཙམ;ཚགས;ཚར;ཚིམ;ཛ;ཟ;འཁར;ཡན;ཡུམ;རལ;རས;རིམ;རིམས;རྒོལ;རྟགས;རྡལ;ལག;ལང;ལམ;ལས;སར;སྐམ;སྐར;སྒྲ;སྟན;སྡོམ;སྣ;སྣམ;སྤྱད;སྦྱང;སྦྱར;སྦྲང;སྲོག	no	passed		ordinary_only	secure_independent_observation	retained
གྲིབ	grib	CORPUS_A6063072E7A9;CORPUS_7F71AFFFC788;CORPUS_63EB474B7A3F;CORPUS_0C6592BB5CEF	ཀི;ཁབ;ཁེབ;ཁྱབ;ཁྲག;ཁྲབ;ཁྲིད;ཁྲོག;ཁྲོན;ཁྲོམ;ཁྲོལ;གདུབ;གི;གུ;གེ;གོ;གྱིས;གྲང;གྲས;གྲི;གྲུ;གྲུབ;གྲོ;གྲོལ;གླང;གླིང;ཅི;ཅིག;ཆིག;ཏི;ཏིག;ཐབ;ཐབས;ཐིག;ཐུབ;ཐེབ;ཐོབ;དྲེ;དྲོ;ཕབ;ཕུབ;ཕྲད;ཕྲན;ཕྲིན;ཕྲུག;བཏབ;བརྡབ;བྱིན;བྲང;བྲན;བྲེད;བྲོ;མགར;མགོན;མགྲིན;མགྲོན;ཙི;ཚབ;ཚིགས;ཚིལ;ཛི;འབབ;ཡབ;ཡི;ཡིན;རབ;རི;རིག;རིལ;རིས;རྒོལ;ལིང;ལེབ;སྐྱིད;སྐྱིལ;སྐྱོབ;སྒྲ;སྡེབ;སྦྲང;སྲིང;སྲོག;སློབ	no	passed		ordinary_only	secure_independent_observation	retained
གྲིབས	gribs	CORPUS_A6063072E7A9;CORPUS_7F71AFFFC788;CORPUS_63EB474B7A3F;CORPUS_0C6592BB5CEF;CORPUS_F685D66CEF46	ཀི;ཁབ;ཁུགས;ཁེབ;ཁེབས;ཁྱབ;ཁྲག;ཁྲབ;ཁྲིད;ཁྲོག;ཁྲོན;ཁྲོམ;ཁྲོལ;གདུབ;གཡོགས;གི;གུ;གེ;གོ;གྱིས;གྲང;གྲས;གྲི;གྲུ;གྲུབ;གྲོ;གྲོལ;གླང;གླིང;ཅི;ཅིག;ཆགས;ཆིག;ཏི;ཏིག;ཐབ;ཐབས;ཐམས;ཐིག;ཐུབ;ཐེབ;ཐེབས;ཐོབ;དྲེ;དྲོ;ནགས;པགས;ཕབ;ཕུགས;ཕུབ;ཕྲད;ཕྲན;ཕྲིན;ཕྲུག;བཏབ;བརྟགས;བརྡབ;བྱིན;བྲང;བྲན;བྲེད;བྲོ;མགར;མགོན;མགྲིན;མགྲོན;ཙི;ཚགས;ཚབ;ཚིགས;ཚིལ;ཛི;འབབ;ཡབ;ཡི;ཡིན;རབ;རི;རིག;རིགས;རིམས;རིལ;རིས;རྒོལ;རྟོགས;ལིང;ལེབ;ལྕགས;སྐྱིད;སྐྱིལ;སྐྱོབ;སྒྲ;སྡེབ;སྦྲང;སྲིང;སྲོག;སློབ	no	passed		ordinary_only	nonadmissible_observation	downgraded
གྲིམ	grim	CORPUS_A6063072E7A9;CORPUS_7F71AFFFC788;CORPUS_63EB474B7A3F;CORPUS_5683E9A09D00	ཀི;ཁོམ;ཁྱིམ;ཁྲག;ཁྲབ;ཁྲམ;ཁྲིད;ཁྲོག;ཁྲོན;ཁྲོམ;ཁྲོལ;གསུམ;གི;གུ;གེ;གོ;གྱིས;གྲང;གྲས;གྲི;གྲུ;གྲོ;གྲོལ;གླང;གླིང;ཅི;ཅིག;ཆིག;ཏི;ཏིག;ཐམ;ཐམས;ཐིག;ཐུམ;ཐེམ;དྲེ;དྲོ;ནམ;ཕམ;ཕྱམ;ཕྲད;ཕྲན;ཕྲིན;ཕྲུག;བཅོམ;བྱིན;བྲང;བྲན;བྲེད;བྲོ;མགར;མགོན;མགྲིན;མགྲོན;ཙམ;ཙི;ཚིགས;ཚིམ;ཚིལ;ཛི;ཡི;ཡིན;ཡུམ;རི;རིག;རིམ;རིམས;རིལ;རིས;རྒོལ;ལམ;ལིང;སྐམ;སྐྱིད;སྐྱིལ;སྒྲ;སྡོམ;སྣམ;སྦྲང;སྲིང;སྲོག	no	passed		ordinary_only	nonadmissible_observation	downgraded
གྲིམས	grims	CORPUS_A6063072E7A9;CORPUS_7F71AFFFC788;CORPUS_63EB474B7A3F;CORPUS_5683E9A09D00;CORPUS_F685D66CEF46	ཀི;ཁུགས;ཁེབས;ཁོམ;ཁྱིམ;ཁྲག;ཁྲབ;ཁྲམ;ཁྲིད;ཁྲོག;ཁྲོན;ཁྲོམ;ཁྲོལ;གཡོགས;གསུམ;གི;གུ;གེ;གོ;གྱིས;གྲང;གྲས;གྲི;གྲུ;གྲོ;གྲོལ;གླང;གླིང;ཅི;ཅིག;ཆགས;ཆིག;ཏི;ཏིག;ཐབས;ཐམ;ཐམས;ཐིག;ཐུམ;ཐེབས;ཐེམ;དྲེ;དྲོ;ནགས;ནམ;པགས;ཕམ;ཕུགས;ཕྱམ;ཕྲད;ཕྲན;ཕྲིན;ཕྲུག;བཅོམ;བརྟགས;བྱིན;བྲང;བྲན;བྲེད;བྲོ;མགར;མགོན;མགྲིན;མགྲོན;ཙམ;ཙི;ཚགས;ཚིགས;ཚིམ;ཚིལ;ཛི;ཡི;ཡིན;ཡུམ;རི;རིག;རིགས;རིམ;རིམས;རིལ;རིས;རྒོལ;རྟོགས;ལམ;ལིང;ལྕགས;སྐམ;སྐྱིད;སྐྱིལ;སྒྲ;སྡོམ;སྣམ;སྦྲང;སྲིང;སྲོག	no	passed		ordinary_only	secure_independent_observation	retained
གྲུགས	grugs	CORPUS_A6063072E7A9;CORPUS_7F71AFFFC788;CORPUS_84A74DBDD722;CORPUS_9A673562CD7A;CORPUS_F685D66CEF46	ཀུན;ཁུག;ཁུགས;ཁུལ;ཁེབས;ཁོག;ཁྱག;ཁྲག;ཁྲབ;ཁྲོག;ཁྲོན;ཁྲོམ;ཁྲོལ;གདུང;གཡོག;གཡོགས;གི;གུ;གེ;གོ;གྱིས;གྲང;གྲས;གྲི;གྲུ;གྲོ;གྲོལ;གླང;ཅིག;ཅོག;ཆག;ཆགས;ཆུག;ཆུང;ཆུད;ཆུན;ཆོག;ཏིག;ཐབས;ཐམས;ཐུ;ཐུང;ཐུན;ཐུབ;ཐུམ;ཐུར;ཐུལ;ཐེག;ཐེབས;ཐོག;དམག;དུ;དྲུག;དྲེ;དྲེག;དྲོ;ནག;ནགས;ནུ;པག;པགས;ཕག;ཕུག;ཕུགས;ཕུད;ཕུབ;ཕུར;ཕོག;ཕྱུགས;ཕྲད;ཕྲན;ཕྲིན;ཕྲུག;བདག;བཙུན;བརྟགས;བརྟུལ;བསྐུར;བྲག;བྲང;བྲན;བྲེད;བྲོ;མགར;མགོན;མགྲོན;མཚུར;ཚག;ཚགས;ཚུགས;ཚུར;ཚུལ;ཟུག;ཟུར;ཡིག;ཡུལ;རིག;རིགས;རིམས;རུག;རུས;རོག;རྒོལ;རྟོགས;རྡུལ;རྡེག;རྡོག;ལག;ལུ;ལུག;ལུང;ལུས;ལོག;ལྕགས;ལྷག;ཤོག;སྒྲ;སྒྲོག;སྟག;སྦྲང;སྲུང;སྲོག;སློག	no	passed		ordinary_only	nonadmissible_observation	downgraded
གྲུང	gruṅ	CORPUS_A6063072E7A9;CORPUS_7F71AFFFC788;CORPUS_84A74DBDD722;SUFFIX_NG_TO_NDOT	ཀུན;ཁུག;ཁུང;ཁུལ;ཁྲག;ཁྲབ;ཁྲོག;ཁྲོན;ཁྲོམ;ཁྲོལ;གཏོང;གདུང;གདོང;གསུང;གི;གུ;གེ;གོ;གྱིས;གྲང;གྲས;གྲི;གྲུ;གྲོ;གྲོལ;གླང;ཅིང;ཆང;ཆུག;ཆུང;ཆུད;ཆུན;ཐང;ཐུ;ཐུང;ཐུན;ཐུབ;ཐུམ;ཐུར;ཐུལ;དུ;དྲུག;དྲེ;དྲོ;ནུ;ཕུག;ཕུད;ཕུབ;ཕུར;ཕྱིང;ཕྱུགས;ཕྲད;ཕྲན;ཕྲིན;ཕྲུག;བཏང;བཙུན;བརྟུལ;བསྐུར;བྲང;བྲན;བྲེད;བྲོ;མགར;མགོན;མགྲོན;མཐོང;མཚུར;ཚང;ཚུགས;ཚུར;ཚུལ;ཟུར;ཡང;ཡུལ;རིང;རུག;རུས;རྒོལ;རྡུལ;རྨང;ལང;ལུ;ལུག;ལུང;ལུས;ལོང;སེང;སྐོང;སྐྱོང;སྒྲ;སྟེང;སྟོང;སྣང;སྤྱང;སྦྱང;སྦྱོང;སྦྲང;སྲིང;སྲུང;སྲོག	no	passed		ordinary_only	secure_independent_observation	retained
གྲུམ	grum	CORPUS_A6063072E7A9;CORPUS_7F71AFFFC788;CORPUS_84A74DBDD722;CORPUS_5683E9A09D00	ཀུན;ཁུག;ཁུལ;ཁོམ;ཁྱིམ;ཁྲག;ཁྲབ;ཁྲམ;ཁྲོག;ཁྲོན;ཁྲོམ;ཁྲོལ;གདུང;གསུམ;གི;གུ;གེ;གོ;གྱིས;གྲང;གྲས;གྲི;གྲུ;གྲོ;གྲོལ;གླང;ཆུག;ཆུང;ཆུད;ཆུན;ཐམ;ཐམས;ཐུ;ཐུང;ཐུན;ཐུབ;ཐུམ;ཐུར;ཐུལ;ཐེམ;དུ;དྲུག;དྲེ;དྲོ;ནམ;ནུ;ཕམ;ཕུག;ཕུད;ཕུབ;ཕུར;ཕྱམ;ཕྱུགས;ཕྲད;ཕྲན;ཕྲིན;ཕྲུག;བཅོམ;བཙུན;བརྟུལ;བསྐུར;བྲང;བྲན;བྲེད;བྲོ;མགར;མགོན;མགྲོན;མཚུར;ཙམ;ཚིམ;ཚུགས;ཚུར;ཚུལ;ཟུར;ཡུམ;ཡུལ;རིམ;རིམས;རུག;རུས;རྒོལ;རྡུལ;ལམ;ལུ;ལུག;ལུང;ལུས;སྐམ;སྒྲ;སྡོམ;སྣམ;སྦྲང;སྲུང;སྲོག	no	passed		ordinary_only	secure_independent_observation	retained
གྲུས	grus	CORPUS_A6063072E7A9;CORPUS_7F71AFFFC788;CORPUS_84A74DBDD722;CORPUS_735B62E02527	ཀུན;ཁུག;ཁུལ;ཁྲག;ཁྲབ;ཁྲོག;ཁྲོན;ཁྲོམ;ཁྲོལ;གདུང;གི;གུ;གེ;གོ;གྱིས;གྲང;གྲས;གྲི;གྲུ;གྲོ;གྲོལ;གྲོས;གླང;ངོས;ཆུག;ཆུང;ཆུད;ཆུན;ཆོས;ཐུ;ཐུང;ཐུན;ཐུབ;ཐུམ;ཐུར;ཐུལ;ཐོས;དུ;དྲུག;དྲེ;དྲོ;ནུ;པོས;ཕུག;ཕུད;ཕུབ;ཕུར;ཕྱིས;ཕྱུགས;ཕྲད;ཕྲན;ཕྲིན;ཕྲུག;བཅོས;བཙུན;བརྟུལ;བསྐུར;བསྡུས;བྲང;བྲན;བྲེད;བྲོ;མཁས;མགར;མགོན;མགྲོན;མཚུར;ཚུགས;ཚུར;ཚུལ;ཚོས;ཟས;ཟུར;ཡས;ཡུལ;རས;རིས;རུག;རུས;རྒོལ;རྡུལ;རྡོས;ལས;ལུ;ལུག;ལུང;ལུས;ལྷས;ཤས;སྐྱེས;སྒྲ;སྦྲང;སྲུང;སྲོག	no	passed		ordinary_only	nonadmissible_observation	downgraded
གྲོག	grog	CORPUS_A6063072E7A9;CORPUS_7F71AFFFC788;CORPUS_16D4A9AA0695;CORPUS_9A673562CD7A	ཁུག;ཁོག;ཁོལ;ཁྱག;ཁྲག;ཁྲབ;ཁྲོག;ཁྲོད;ཁྲོན;ཁྲོམ;ཁྲོལ;གཅོད;གཏོར;གདོང;གདོན;གཡོག;གསོལ;གི;གུ;གེ;གོ;གྱིས;གྲང;གྲས;གྲི;གྲུ;གྲོ;གྲོལ;གྲོས;གླང;ངོས;ཅིག;ཅོ;ཅོག;ཆག;ཆུག;ཆོག;ཏིག;ཏོག;ཐེག;ཐོ;ཐོག;ཐོད;ཐོན;ཐོབ;ཐོར;དམག;དོ;དྲེ;དྲེག;དྲོ;ནག;པག;པོར;ཕག;ཕུག;ཕོག;ཕོད;ཕོན;ཕོར;ཕྲད;ཕྲན;ཕྲིན;ཕྲུག;བདག;བརྟོལ;བརྩོན;བསྐོར;བྲག;བྲང;བྲན;བྲེད;བྲོ;མགར;མགོན;མགྲོན;མཆོད;མཛོད;ཚག;ཚོལ;ཚོས;ཟུག;ཟོར;འཁོར;ཡིག;ཡོན;ཡོལ;རིག;རིགས;རུག;རོ;རོག;རྒོལ;རྟོགས;རྡེག;རྡོག;རྡོལ;ལག;ལུག;ལོ;ལོག;ལོང;ལྷག;ཤོག;ཤོད;སོ;སོར;སྐོར;སྒྲ;སྒྲོག;སྟག;སྟོང;སྟོན;སྤྱོད;སྦྱོང;སྦྱོར;སྦྲང;སྲོག;སློག	no	passed		ordinary_only	secure_independent_observation	retained
གྲོང	groṅ	CORPUS_A6063072E7A9;CORPUS_7F71AFFFC788;CORPUS_16D4A9AA0695;SUFFIX_NG_TO_NDOT	ཁུང;ཁོག;ཁོལ;ཁྲག;ཁྲབ;ཁྲོག;ཁྲོད;ཁྲོན;ཁྲོམ;ཁྲོལ;གཅོད;གཏོང;གཏོར;གདུང;གདོང;གདོན;གསུང;གསོལ;གི;གུ;གེ;གོ;གྱིས;གྲང;གྲས;གྲི;གྲུ;གྲོ;གྲོལ;གྲོས;གླང;ངོས;ཅིང;ཅོ;ཅོག;ཆང;ཆུང;ཆོག;ཏོག;ཐང;ཐུང;ཐོ;ཐོག;ཐོད;ཐོན;ཐོབ;ཐོར;དོ;དྲེ;དྲོ;པོར;ཕོག;ཕོད;ཕོན;ཕོར;ཕྱིང;ཕྲད;ཕྲན;ཕྲིན;ཕྲུག;བཏང;བརྟོལ;བརྩོན;བསྐོར;བྲང;བྲན;བྲེད;བྲོ;མགར;མགོན;མགྲོན;མཆོད;མཐོང;མཛོད;ཚང;ཚོལ;ཚོས;ཟོར;འཁོར;ཡང;ཡོན;ཡོལ;རིང;རོ;རོག;རྒོལ;རྟོགས;རྡོག;རྡོལ;རྨང;ལང;ལུང;ལོ;ལོག;ལོང;ཤོད;སེང;སོ;སོར;སྐོང;སྐོར;སྐྱོང;སྒྲ;སྟེང;སྟོང;སྟོན;སྣང;སྤྱང;སྤྱོད;སྦྱང;སྦྱོང;སྦྱོར;སྦྲང;སྲིང;སྲོག	no	passed		ordinary_only	secure_independent_observation	retained
གྲོངས	groṅs	CORPUS_A6063072E7A9;CORPUS_7F71AFFFC788;CORPUS_16D4A9AA0695;SUFFIX_NG_TO_NDOT;CORPUS_F685D66CEF46	ཁུགས;ཁུང;ཁེབས;ཁོག;ཁོལ;ཁྲག;ཁྲབ;ཁྲོག;ཁྲོད;ཁྲོན;ཁྲོམ;ཁྲོལ;གཅོད;གཏོང;གཏོར;གདུང;གདོང;གདོན;གཡོགས;གསུང;གསོལ;གི;གུ;གེ;གོ;གྱིས;གྲང;གྲས;གྲི;གྲུ;གྲོ;གྲོལ;གྲོས;གླང;ངོས;ཅིང;ཅོ;ཅོག;ཆགས;ཆང;ཆུང;ཆོག;ཏོག;ཐང;ཐབས;ཐམས;ཐུང;ཐེབས;ཐོ;ཐོག;ཐོད;ཐོན;ཐོབ;ཐོར;དོ;དྲེ;དྲོ;ནགས;པགས;པོར;ཕུགས;ཕོག;ཕོད;ཕོན;ཕོར;ཕྱིང;ཕྲད;ཕྲན;ཕྲིན;ཕྲུག;བཏང;བརྟགས;བརྟོལ;བརྩོན;བསྐོར;བྲང;བྲན;བྲེད;བྲོ;མགར;མགོན;མགྲོན;མཆོད;མཐོང;མཛོད;ཚགས;ཚང;ཚོལ;ཚོས;ཟོར;འཁོར;ཡང;ཡོན;ཡོལ;རིགས;རིང;རིམས;རོ;རོག;རྒོལ;རྟོགས;རྡོག;རྡོལ;རྨང;ལང;ལུང;ལོ;ལོག;ལོང;ལྕགས;ཤོད;སེང;སོ;སོར;སྐོང;སྐོར;སྐྱོང;སྒྲ;སྟེང;སྟོང;སྟོན;སྣང;སྤྱང;སྤྱོད;སྦྱང;སྦྱོང;སྦྱོར;སྦྲང;སྲིང;སྲོག	no	passed		ordinary_only	nonadmissible_observation	downgraded
གྲོན	gron	CORPUS_A6063072E7A9;CORPUS_7F71AFFFC788;CORPUS_16D4A9AA0695;CORPUS_76CFA3FCFF21	ཀན;ཁོག;ཁོན;ཁོལ;ཁྲག;ཁྲབ;ཁྲོག;ཁྲོད;ཁྲོན;ཁྲོམ;ཁྲོལ;གཅོད;གཏོར;གདོང;གདོན;གསོལ;གི;གུ;གེ;གོ;གྱིས;གྲང;གྲས;གྲི;གྲུ;གྲོ;གྲོལ;གྲོས;གླང;ངོས;ཅོ;ཅོག;ཆུན;ཆེན;ཆོག;ཏོག;ཐུན;ཐེན;ཐོ;ཐོག;ཐོད;ཐོན;ཐོབ;ཐོར;དམན;དོ;དྲེ;དྲོ;ནོན;པན;པོར;ཕན;ཕོག;ཕོད;ཕོན;ཕོར;ཕྱིན;ཕྲད;ཕྲན;ཕྲིན;ཕྲུག;བཙན;བརྟོལ;བརྩོན;བསྐོར;བྱན;བྱིན;བྲང;བྲན;བྲེད;བྲོ;བློན;མཁན;མགར;མགོན;མགྲོན;མཆོད;མཐུན;མཛོད;ཚུན;ཚོལ;ཚོས;ཟན;ཟོར;འཁོར;ཡན;ཡིན;ཡོན;ཡོལ;རོ;རོག;རྒོལ;རྒྱུན;རྟོགས;རྡོག;རྡོལ;རྩེན;ལེན;ལོ;ལོག;ལོང;ཤན;ཤོད;སོ;སོར;སྐོར;སྒྲ;སྟན;སྟོང;སྟོན;སྤྱན;སྤྱོད;སྦྱོང;སྦྱོར;སྦྲང;སྲོག	no	passed		ordinary_only	nonadmissible_observation	downgraded
གྲོམ	grom	CORPUS_A6063072E7A9;CORPUS_7F71AFFFC788;CORPUS_16D4A9AA0695;CORPUS_5683E9A09D00	ཁོག;ཁོམ;ཁོལ;ཁྱིམ;ཁྲག;ཁྲབ;ཁྲམ;ཁྲོག;ཁྲོད;ཁྲོན;ཁྲོམ;ཁྲོལ;གཅོད;གཏོར;གདོང;གདོན;གསུམ;གསོལ;གི;གུ;གེ;གོ;གྱིས;གྲང;གྲས;གྲི;གྲུ;གྲོ;གྲོལ;གྲོས;གླང;ངོས;ཅོ;ཅོག;ཆོག;ཏོག;ཐམ;ཐམས;ཐུམ;ཐེམ;ཐོ;ཐོག;ཐོད;ཐོན;ཐོབ;ཐོར;དོ;དྲེ;དྲོ;ནམ;པོར;ཕམ;ཕོག;ཕོད;ཕོན;ཕོར;ཕྱམ;ཕྲད;ཕྲན;ཕྲིན;ཕྲུག;བཅོམ;བརྟོལ;བརྩོན;བསྐོར;བྲང;བྲན;བྲེད;བྲོ;མགར;མགོན;མགྲོན;མཆོད;མཛོད;ཙམ;ཚིམ;ཚོལ;ཚོས;ཟོར;འཁོར;ཡུམ;ཡོན;ཡོལ;རིམ;རིམས;རོ;རོག;རྒོལ;རྟོགས;རྡོག;རྡོལ;ལམ;ལོ;ལོག;ལོང;ཤོད;སོ;སོར;སྐམ;སྐོར;སྒྲ;སྟོང;སྟོན;སྡོམ;སྣམ;སྤྱོད;སྦྱོང;སྦྱོར;སྦྲང;སྲོག	no	passed		ordinary_only	nonadmissible_observation	downgraded
གླག	glag	CORPUS_A6063072E7A9;CORPUS_ED2342564FDA;CORPUS_01025FAF5D30;CORPUS_9A673562CD7A	ཀན;ཀློང;ཁབ;ཁར;ཁུག;ཁོག;ཁྱག;ཁྲག;ཁྲམ;ཁྲལ;ཁྲོག;གཅད;གདན;གཡོག;གསལ;གི;གུ;གེ;གོ;གྱིས;གྲང;གྲས;གྲི;གྲོ;གྲོལ;གླང;གླུ;ཅིག;ཅོག;ཆག;ཆང;ཆད;ཆར;ཆུག;ཆོག;ཏིག;ཐང;ཐད;ཐབ;ཐབས;ཐམ;ཐར;ཐལ;ཐེག;ཐོག;དམག;དྲེག;ནག;པག;པར;ཕག;ཕད;ཕན;ཕབ;ཕུག;ཕོག;ཕྱགས;ཕྱད;ཕྲན;བདག;བཙན;བརྩན;བྱད;བྱན;བྲག;བྲལ;བླང;བློ;མགར;མགོན;མཚར;མཛད;ཙ;ཚག;ཚགས;ཚར;ཛ;ཟ;ཟུག;ཟླ;འཁར;ཡན;ཡིག;རལ;རས;རིག;རིགས;རུག;རོག;རྒོལ;རྟགས;རྡལ;རྡེག;རྡོག;ལག;ལང;ལས;ལུག;ལོག;ལྷག;ཤོག;སར;སྐར;སྒྲ;སྒྲོག;སྟག;སྟན;སྣ;སྤྱད;སྦྱང;སྦྱར;སྲོག;སློག	no	passed		ordinary_only	secure_independent_observation	retained
གླགས	glags	CORPUS_A6063072E7A9;CORPUS_ED2342564FDA;CORPUS_01025FAF5D30;CORPUS_9A673562CD7A;CORPUS_F685D66CEF46	ཀན;ཀློང;ཁབ;ཁར;ཁུག;ཁུགས;ཁེབས;ཁོག;ཁྱག;ཁྲག;ཁྲམ;ཁྲལ;ཁྲོག;གཅད;གདན;གཡོག;གཡོགས;གསལ;གི;གུ;གེ;གོ;གྱིས;གྲང;གྲས;གྲི;གྲོ;གྲོལ;གླང;གླུ;ཅིག;ཅོག;ཆག;ཆགས;ཆང;ཆད;ཆར;ཆུག;ཆོག;ཏིག;ཐང;ཐད;ཐབ;ཐབས;ཐམ;ཐམས;ཐར;ཐལ;ཐེག;ཐེབས;ཐོག;དམག;དྲེག;ནག;ནགས;པག;པགས;པར;ཕག;ཕད;ཕན;ཕབ;ཕུག;ཕུགས;ཕོག;ཕྱགས;ཕྱད;ཕྲན;བདག;བཙན;བརྟགས;བརྩན;བྱད;བྱན;བྲག;བྲལ;བླང;བློ;མགར;མགོན;མཚར;མཛད;ཙ;ཚག;ཚགས;ཚར;ཛ;ཟ;ཟུག;ཟླ;འཁར;ཡན;ཡིག;རལ;རས;རིག;རིགས;རིམས;རུག;རོག;རྒོལ;རྟགས;རྟོགས;རྡལ;རྡེག;རྡོག;ལག;ལང;ལས;ལུག;ལོག;ལྕགས;ལྷག;ཤོག;སར;སྐར;སྒྲ;སྒྲོག;སྟག;སྟན;སྣ;སྤྱད;སྦྱང;སྦྱར;སྲོག;སློག	no	passed		ordinary_only	secure_independent_observation	retained
གླན	glan	CORPUS_A6063072E7A9;CORPUS_ED2342564FDA;CORPUS_01025FAF5D30;CORPUS_76CFA3FCFF21	ཀན;ཀློང;ཁབ;ཁར;ཁོན;ཁྲག;ཁྲམ;ཁྲལ;ཁྲོན;གཅད;གདན;གདོན;གསལ;གི;གུ;གེ;གོ;གྱིས;གྲང;གྲས;གྲི;གྲོ;གྲོལ;གླང;གླུ;ཆག;ཆང;ཆད;ཆར;ཆུན;ཆེན;ཐང;ཐད;ཐབ;ཐབས;ཐམ;ཐར;ཐལ;ཐུན;ཐེན;ཐོན;དམན;ནོན;པན;པར;ཕག;ཕད;ཕན;ཕབ;ཕོན;ཕྱགས;ཕྱད;ཕྱིན;ཕྲན;བཙན;བརྩན;བྱད;བྱན;བྱིན;བྲན;བྲལ;བླང;བློ;བློན;མཁན;མགར;མགོན;མཐུན;མཚར;མཛད;ཙ;ཚགས;ཚར;ཚུན;ཛ;ཟ;ཟན;ཟླ;འཁར;ཡན;ཡིན;ཡོན;རལ;རས;རྒོལ;རྒྱུན;རྟགས;རྡལ;རྩེན;ལག;ལང;ལས;ལེན;ཤན;སར;སྐར;སྒྲ;སྟན;སྟོན;སྣ;སྤྱད;སྤྱན;སྦྱང;སྦྱར;སློག	no	passed		ordinary_only	secure_independent_observation	retained
གླམ	glam	CORPUS_A6063072E7A9;CORPUS_ED2342564FDA;CORPUS_01025FAF5D30;CORPUS_5683E9A09D00	ཀན;ཀློང;ཁབ;ཁར;ཁོམ;ཁྱིམ;ཁྲག;ཁྲམ;ཁྲལ;ཁྲོམ;གཅད;གདན;གསལ;གསུམ;གི;གུ;གེ;གོ;གྱིས;གྲང;གྲས;གྲི;གྲོ;གྲོལ;གླང;གླུ;ཆག;ཆང;ཆད;ཆར;ཐང;ཐད;ཐབ;ཐབས;ཐམ;ཐམས;ཐར;ཐལ;ཐུམ;ཐེམ;ནམ;པར;ཕག;ཕད;ཕན;ཕབ;ཕམ;ཕྱགས;ཕྱད;ཕྱམ;ཕྲན;བཅོམ;བཙན;བརྩན;བྱད;བྱན;བྲལ;བླང;བློ;མགར;མགོན;མཚར;མཛད;ཙ;ཙམ;ཚགས;ཚར;ཚིམ;ཛ;ཟ;ཟླ;འཁར;ཡན;ཡུམ;རལ;རས;རིམ;རིམས;རྒོལ;རྟགས;རྡལ;ལག;ལང;ལམ;ལས;སར;སྐམ;སྐར;སྒྲ;སྟན;སྡོམ;སྣ;སྣམ;སྤྱད;སྦྱང;སྦྱར;སློག	no	passed		ordinary_only	nonadmissible_observation	downgraded
གླས	glas	CORPUS_A6063072E7A9;CORPUS_ED2342564FDA;CORPUS_01025FAF5D30;CORPUS_735B62E02527	ཀན;ཀློང;ཁབ;ཁར;ཁྲག;ཁྲམ;ཁྲལ;གཅད;གདན;གསལ;གི;གུ;གེ;གོ;གྱིས;གྲང;གྲས;གྲི;གྲོ;གྲོལ;གྲོས;གླང;གླུ;ངོས;ཆག;ཆང;ཆད;ཆར;ཆོས;ཐང;ཐད;ཐབ;ཐབས;ཐམ;ཐར;ཐལ;ཐོས;པར;པོས;ཕག;ཕད;ཕན;ཕབ;ཕྱགས;ཕྱད;ཕྱིས;ཕྲན;བཅོས;བཙན;བརྩན;བསྡུས;བྱད;བྱན;བྲལ;བླང;བློ;མཁས;མགར;མགོན;མཚར;མཛད;ཙ;ཚགས;ཚར;ཚོས;ཛ;ཟ;ཟས;ཟླ;འཁར;ཡན;ཡས;རལ;རས;རིས;རུས;རྒོལ;རྟགས;རྡལ;རྡོས;ལག;ལང;ལས;ལུས;ལྷས;ཤས;སར;སྐར;སྐྱེས;སྒྲ;སྟན;སྣ;སྤྱད;སྦྱང;སྦྱར;སློག	no	passed		ordinary_only	secure_independent_observation	retained
གླུད	glud	CORPUS_A6063072E7A9;CORPUS_ED2342564FDA;CORPUS_84A74DBDD722;CORPUS_DDC164B090C8	ཀུན;ཀློང;ཁུག;ཁུལ;ཁྱད;ཁྲོད;གདུང;གི;གུ;གེ;གོ;གྱིས;གྲང;གྲས;གྲི;གྲུ;གྲོ;གྲོལ;གླང;གླུ;ཆད;ཆུག;ཆུང;ཆུད;ཆུན;ཐད;ཐུ;ཐུང;ཐུན;ཐུབ;ཐུམ;ཐུར;ཐུལ;ཐེད;ཐོད;དུ;དྲུག;དྲོད;ནད;ནུ;པད;ཕད;ཕུག;ཕུད;ཕུབ;ཕུར;ཕོད;ཕྱད;ཕྱུགས;ཕྱེད;ཕྲད;བཙུན;བརྟུལ;བསྐུར;བྱད;བྲེད;བླང;བློ;མགར;མགོན;མཐུད;མཚུར;ཚུགས;ཚུད;ཚུར;ཚུལ;ཟུར;ཟླ;ཡུལ;ཡོད;རུག;རུས;རྒོད;རྒོལ;རྒྱུད;རྡུལ;རྩེད;ལུ;ལུག;ལུང;ལུས;ཤེད;ཤོད;སྐད;སྐྱིད;སྐྱེད;སྒྲ;སྟོད;སྡོད;སྤྱད;སྲིད;སྲུང;སློག	no	passed		ordinary_only	secure_independent_observation	retained
གླུམ	glum	CORPUS_A6063072E7A9;CORPUS_ED2342564FDA;CORPUS_84A74DBDD722;CORPUS_5683E9A09D00	ཀུན;ཀློང;ཁུག;ཁུལ;ཁོམ;ཁྱིམ;ཁྲམ;ཁྲོམ;གདུང;གསུམ;གི;གུ;གེ;གོ;གྱིས;གྲང;གྲས;གྲི;གྲུ;གྲོ;གྲོལ;གླང;གླུ;ཆུག;ཆུང;ཆུད;ཆུན;ཐམ;ཐམས;ཐུ;ཐུང;ཐུན;ཐུབ;ཐུམ;ཐུར;ཐུལ;ཐེམ;དུ;དྲུག;ནམ;ནུ;ཕམ;ཕུག;ཕུད;ཕུབ;ཕུར;ཕྱམ;ཕྱུགས;བཅོམ;བཙུན;བརྟུལ;བསྐུར;བླང;བློ;མགར;མགོན;མཚུར;ཙམ;ཚིམ;ཚུགས;ཚུར;ཚུལ;ཟུར;ཟླ;ཡུམ;ཡུལ;རིམ;རིམས;རུག;རུས;རྒོལ;རྡུལ;ལམ;ལུ;ལུག;ལུང;ལུས;སྐམ;སྒྲ;སྡོམ;སྣམ;སྲུང;སློག	no	passed		ordinary_only	secure_independent_observation	retained
གློ	glo	CORPUS_A6063072E7A9;CORPUS_ED2342564FDA;CORPUS_16D4A9AA0695	ཀློང;ཁོག;ཁོལ;ཁྲོག;ཁྲོད;ཁྲོམ;ཁྲོལ;གཅོད;གཏོར;གདོང;གདོན;གསོལ;གི;གུ;གེ;གོ;གྱིས;གྲང;གྲས;གྲི;གྲོ;གྲོལ;གྲོས;གླང;གླུ;ངོས;ཅོ;ཅོག;ཆོག;ཏོག;ཐོ;ཐོག;ཐོད;ཐོན;ཐོབ;ཐོར;དོ;དྲོ;པོར;ཕོག;ཕོད;ཕོན;ཕོར;བརྟོལ;བརྩོན;བསྐོར;བླང;བློ;མགར;མགོན;མགྲོན;མཆོད;མཛོད;ཚོལ;ཚོས;ཟོར;ཟླ;འཁོར;ཡོན;ཡོལ;རོ;རོག;རྒོལ;རྟོགས;རྡོག;རྡོལ;ལོ;ལོག;ལོང;ཤོད;སོ;སོར;སྐོར;སྒྲ;སྟོང;སྟོན;སྤྱོད;སྦྱོང;སྦྱོར;སློག	no	passed		ordinary_only	secure_independent_observation	retained
གློག	glog	CORPUS_A6063072E7A9;CORPUS_ED2342564FDA;CORPUS_16D4A9AA0695;CORPUS_9A673562CD7A	ཀློང;ཁུག;ཁོག;ཁོལ;ཁྱག;ཁྲག;ཁྲོག;ཁྲོད;ཁྲོམ;ཁྲོལ;གཅོད;གཏོར;གདོང;གདོན;གཡོག;གསོལ;གི;གུ;གེ;གོ;གྱིས;གྲང;གྲས;གྲི;གྲོ;གྲོལ;གྲོས;གླང;གླུ;ངོས;ཅིག;ཅོ;ཅོག;ཆག;ཆུག;ཆོག;ཏིག;ཏོག;ཐེག;ཐོ;ཐོག;ཐོད;ཐོན;ཐོབ;ཐོར;དམག;དོ;དྲེག;དྲོ;ནག;པག;པོར;ཕག;ཕུག;ཕོག;ཕོད;ཕོན;ཕོར;བདག;བརྟོལ;བརྩོན;བསྐོར;བྲག;བླང;བློ;མགར;མགོན;མགྲོན;མཆོད;མཛོད;ཚག;ཚོལ;ཚོས;ཟུག;ཟོར;ཟླ;འཁོར;ཡིག;ཡོན;ཡོལ;རིག;རིགས;རུག;རོ;རོག;རྒོལ;རྟོགས;རྡེག;རྡོག;རྡོལ;ལག;ལུག;ལོ;ལོག;ལོང;ལྷག;ཤོག;ཤོད;སོ;སོར;སྐོར;སྒྲ;སྒྲོག;སྟག;སྟོང;སྟོན;སྤྱོད;སྦྱོང;སྦྱོར;སྲོག;སློག	no	passed		ordinary_only	secure_independent_observation	retained
གློད	glod	CORPUS_A6063072E7A9;CORPUS_ED2342564FDA;CORPUS_16D4A9AA0695;CORPUS_DDC164B090C8	ཀློང;ཁོག;ཁོལ;ཁྱད;ཁྲོག;ཁྲོད;ཁྲོམ;ཁྲོལ;གཅོད;གཏོར;གདོང;གདོན;གསོལ;གི;གུ;གེ;གོ;གྱིས;གྲང;གྲས;གྲི;གྲོ;གྲོལ;གྲོས;གླང;གླུ;ངོས;ཅོ;ཅོག;ཆད;ཆུད;ཆོག;ཏོག;ཐད;ཐེད;ཐོ;ཐོག;ཐོད;ཐོན;ཐོབ;ཐོར;དོ;དྲོ;དྲོད;ནད;པད;པོར;ཕད;ཕུད;ཕོག;ཕོད;ཕོན;ཕོར;ཕྱད;ཕྱེད;ཕྲད;བརྟོལ;བརྩོན;བསྐོར;བྱད;བྲེད;བླང;བློ;མགར;མགོན;མགྲོན;མཆོད;མཐུད;མཛོད;ཚུད;ཚོལ;ཚོས;ཟོར;ཟླ;འཁོར;ཡོད;ཡོན;ཡོལ;རོ;རོག;རྒོད;རྒོལ;རྒྱུད;རྟོགས;རྡོག;རྡོལ;རྩེད;ལོ;ལོག;ལོང;ཤེད;ཤོད;སོ;སོར;སྐད;སྐོར;སྐྱིད;སྐྱེད;སྒྲ;སྟོང;སྟོད;སྟོན;སྡོད;སྤྱད;སྤྱོད;སྦྱོང;སྦྱོར;སྲིད;སློག	no	passed		ordinary_only	secure_independent_observation	retained
གློན	glon	CORPUS_A6063072E7A9;CORPUS_ED2342564FDA;CORPUS_16D4A9AA0695;CORPUS_76CFA3FCFF21	ཀན;ཀློང;ཁོག;ཁོན;ཁོལ;ཁྲོག;ཁྲོད;ཁྲོན;ཁྲོམ;ཁྲོལ;གཅོད;གཏོར;གདོང;གདོན;གསོལ;གི;གུ;གེ;གོ;གྱིས;གྲང;གྲས;གྲི;གྲོ;གྲོལ;གྲོས;གླང;གླུ;ངོས;ཅོ;ཅོག;ཆུན;ཆེན;ཆོག;ཏོག;ཐུན;ཐེན;ཐོ;ཐོག;ཐོད;ཐོན;ཐོབ;ཐོར;དམན;དོ;དྲོ;ནོན;པན;པོར;ཕན;ཕོག;ཕོད;ཕོན;ཕོར;ཕྱིན;ཕྲན;བཙན;བརྟོལ;བརྩོན;བསྐོར;བྱན;བྱིན;བྲན;བླང;བློ;བློན;མཁན;མགར;མགོན;མགྲོན;མཆོད;མཐུན;མཛོད;ཚུན;ཚོལ;ཚོས;ཟན;ཟོར;ཟླ;འཁོར;ཡན;ཡིན;ཡོན;ཡོལ;རོ;རོག;རྒོལ;རྒྱུན;རྟོགས;རྡོག;རྡོལ;རྩེན;ལེན;ལོ;ལོག;ལོང;ཤན;ཤོད;སོ;སོར;སྐོར;སྒྲ;སྟན;སྟོང;སྟོན;སྤྱན;སྤྱོད;སྦྱོང;སྦྱོར;སློག	no	passed		ordinary_only	nonadmissible_observation	downgraded
གློས	glos	CORPUS_A6063072E7A9;CORPUS_ED2342564FDA;CORPUS_16D4A9AA0695;CORPUS_735B62E02527	ཀློང;ཁོག;ཁོལ;ཁྲོག;ཁྲོད;ཁྲོམ;ཁྲོལ;གཅོད;གཏོར;གདོང;གདོན;གསོལ;གི;གུ;གེ;གོ;གྱིས;གྲང;གྲས;གྲི;གྲོ;གྲོལ;གྲོས;གླང;གླུ;ངོས;ཅོ;ཅོག;ཆོག;ཆོས;ཏོག;ཐོ;ཐོག;ཐོད;ཐོན;ཐོབ;ཐོར;ཐོས;དོ;དྲོ;པོར;པོས;ཕོག;ཕོད;ཕོན;ཕོར;ཕྱིས;བཅོས;བརྟོལ;བརྩོན;བསྐོར;བསྡུས;བླང;བློ;མཁས;མགར;མགོན;མགྲོན;མཆོད;མཛོད;ཚོལ;ཚོས;ཟས;ཟོར;ཟླ;འཁོར;ཡས;ཡོན;ཡོལ;རས;རིས;རུས;རོ;རོག;རྒོལ;རྟོགས;རྡོག;རྡོལ;རྡོས;ལས;ལུས;ལོ;ལོག;ལོང;ལྷས;ཤས;ཤོད;སོ;སོར;སྐོར;སྐྱེས;སྒྲ;སྟོང;སྟོན;སྤྱོད;སྦྱོང;སྦྱོར;སློག	no	passed		ordinary_only	nonadmissible_observation	downgraded
ནངས	naṅs	CORPUS_7F051B17DE73;CORPUS_01025FAF5D30;SUFFIX_NG_TO_NDOT;CORPUS_F685D66CEF46	ཀན;ཁབ;ཁར;ཁུགས;ཁུང;ཁེབས;ཁྲག;ཁྲམ;ཁྲལ;གཅད;གཏོང;གདན;གདུང;གདོང;གནོན;གཡོགས;གསལ;གསུང;གྲང;གྲས;གླང;ཅིང;ཆག;ཆགས;ཆང;ཆད;ཆར;ཆུང;ཐང;ཐད;ཐབ;ཐབས;ཐམ;ཐམས;ཐར;ཐལ;ཐུང;ཐེབས;ནག;ནགས;ནད;ནམ;ནུ;ནེ;ནོན;ནོར;པགས;པར;ཕག;ཕད;ཕན;ཕབ;ཕུགས;ཕྱགས;ཕྱད;ཕྱིང;ཕྲན;བཏང;བཙན;བརྟགས;བརྩན;བྱད;བྱན;བྲང;བྲལ;མཐོང;མཚར;མཛད;ཙ;ཚགས;ཚང;ཚར;ཛ;ཟ;འཁར;ཡང;ཡན;རལ;རས;རིགས;རིང;རིམས;རྟགས;རྟོགས;རྡལ;རྣོ;རྨང;ལག;ལང;ལས;ལུང;ལོང;ལྕགས;སར;སེང;སྐར;སྐོང;སྐྱོང;སྟན;སྟེང;སྟོང;སྣ;སྣང;སྣམ;སྣེ;སྣོད;སྤྱང;སྤྱད;སྦྱང;སྦྱར;སྦྱོང;སྲིང	no	passed		ordinary_only	nonadmissible_observation	downgraded
ནབ	nab	CORPUS_7F051B17DE73;CORPUS_01025FAF5D30;CORPUS_0C6592BB5CEF	ཀན;ཁབ;ཁར;ཁེབ;ཁྱབ;ཁྲག;ཁྲབ;ཁྲམ;ཁྲལ;གཅད;གདན;གདུབ;གནོན;གསལ;གྲས;གྲུབ;གླང;ཆག;ཆང;ཆད;ཆར;ཐང;ཐད;ཐབ;ཐབས;ཐམ;ཐར;ཐལ;ཐུབ;ཐེབ;ཐོབ;ནག;ནགས;ནད;ནམ;ནུ;ནེ;ནོན;ནོར;པར;ཕག;ཕད;ཕན;ཕབ;ཕུབ;ཕྱགས;ཕྱད;ཕྲན;བཏབ;བཙན;བརྡབ;བརྩན;བྱད;བྱན;བྲལ;མཚར;མཛད;ཙ;ཚགས;ཚབ;ཚར;ཛ;ཟ;འཁར;འབབ;ཡན;ཡབ;རབ;རལ;རས;རྟགས;རྡལ;རྣོ;ལག;ལང;ལས;ལེབ;སར;སྐར;སྐྱོབ;སྟན;སྡེབ;སྣ;སྣམ;སྣེ;སྣོད;སྤྱད;སྦྱང;སྦྱར;སློབ	no	passed		ordinary_only	nonadmissible_observation	downgraded
ནམས	nams	CORPUS_7F051B17DE73;CORPUS_01025FAF5D30;CORPUS_5683E9A09D00;CORPUS_F685D66CEF46	ཀན;ཁབ;ཁར;ཁུགས;ཁེབས;ཁོམ;ཁྱིམ;ཁྲག;ཁྲམ;ཁྲལ;ཁྲོམ;གཅད;གདན;གནོན;གཡོགས;གསལ;གསུམ;གྲས;གླང;ཆག;ཆགས;ཆང;ཆད;ཆར;ཐང;ཐད;ཐབ;ཐབས;ཐམ;ཐམས;ཐར;ཐལ;ཐུམ;ཐེབས;ཐེམ;ནག;ནགས;ནད;ནམ;ནུ;ནེ;ནོན;ནོར;པགས;པར;ཕག;ཕད;ཕན;ཕབ;ཕམ;ཕུགས;ཕྱགས;ཕྱད;ཕྱམ;ཕྲན;བཅོམ;བཙན;བརྟགས;བརྩན;བྱད;བྱན;བྲལ;མཚར;མཛད;ཙ;ཙམ;ཚགས;ཚར;ཚིམ;ཛ;ཟ;འཁར;ཡན;ཡུམ;རལ;རས;རིགས;རིམ;རིམས;རྟགས;རྟོགས;རྡལ;རྣོ;ལག;ལང;ལམ;ལས;ལྕགས;སར;སྐམ;སྐར;སྟན;སྡོམ;སྣ;སྣམ;སྣེ;སྣོད;སྤྱད;སྦྱང;སྦྱར	no	passed		ordinary_only	secure_independent_observation	retained
ནི	ni	CORPUS_7F051B17DE73;CORPUS_63EB474B7A3F	ཀི;ཁྲིད;གནོན;གི;གྲི;གླིང;ཅི;ཅིག;ཆིག;ཏི;ཏིག;ཐིག;ནག;ནགས;ནད;ནམ;ནུ;ནེ;ནོན;ནོར;ཕྲིན;བྱིན;མགྲིན;ཙི;ཚིགས;ཚིལ;ཛི;ཡི;ཡིན;རི;རིག;རིལ;རིས;རྣོ;ལིང;སྐྱིད;སྐྱིལ;སྣམ;སྣེ;སྣོད;སྲིང	no	passed		ordinary_only	nonadmissible_observation	downgraded
ནིང	niṅ	CORPUS_7F051B17DE73;CORPUS_63EB474B7A3F;SUFFIX_NG_TO_NDOT	ཀི;ཁུང;ཁྲིད;གཏོང;གདུང;གདོང;གནོན;གསུང;གི;གྲང;གྲི;གླིང;ཅི;ཅིག;ཅིང;ཆང;ཆིག;ཆུང;ཏི;ཏིག;ཐང;ཐིག;ཐུང;ནག;ནགས;ནད;ནམ;ནུ;ནེ;ནོན;ནོར;ཕྱིང;ཕྲིན;བཏང;བྱིན;བྲང;མགྲིན;མཐོང;ཙི;ཚང;ཚིགས;ཚིལ;ཛི;ཡང;ཡི;ཡིན;རི;རིག;རིང;རིལ;རིས;རྣོ;རྨང;ལང;ལིང;ལུང;ལོང;སེང;སྐོང;སྐྱིད;སྐྱིལ;སྐྱོང;སྟེང;སྟོང;སྣང;སྣམ;སྣེ;སྣོད;སྤྱང;སྦྱང;སྦྱོང;སྲིང	no	passed		ordinary_only	secure_independent_observation	retained
ནིམ	nim	CORPUS_7F051B17DE73;CORPUS_63EB474B7A3F;CORPUS_5683E9A09D00	ཀི;ཁོམ;ཁྱིམ;ཁྲམ;ཁྲིད;ཁྲོམ;གནོན;གསུམ;གི;གྲི;གླིང;ཅི;ཅིག;ཆིག;ཏི;ཏིག;ཐམ;ཐམས;ཐིག;ཐུམ;ཐེམ;ནག;ནགས;ནད;ནམ;ནུ;ནེ;ནོན;ནོར;ཕམ;ཕྱམ;ཕྲིན;བཅོམ;བྱིན;མགྲིན;ཙམ;ཙི;ཚིགས;ཚིམ;ཚིལ;ཛི;ཡི;ཡིན;ཡུམ;རི;རིག;རིམ;རིམས;རིལ;རིས;རྣོ;ལམ;ལིང;སྐམ;སྐྱིད;སྐྱིལ;སྡོམ;སྣམ;སྣེ;སྣོད;སྲིང	no	passed		ordinary_only	nonadmissible_observation	downgraded
ནིར	nir	CORPUS_7F051B17DE73;CORPUS_63EB474B7A3F;CORPUS_6783C3DA00D4	ཀར;ཀི;ཁར;ཁེར;ཁྲིད;གཏོར;གནོན;གསར;གི;གྲི;གླིང;ཅི;ཅིག;ཆར;ཆིག;ཆེར;ཏི;ཏིག;ཐར;ཐིག;ཐུར;ཐེར;ཐོར;ནག;ནགས;ནད;ནམ;ནུ;ནེ;ནོན;ནོར;པར;པོར;ཕུར;ཕོར;ཕྱར;ཕྲིན;བདར;བརྡར;བྱིན;མཁར;མགྲིན;ཙི;ཚར;ཚིགས;ཚིལ;ཚུར;ཛི;ཟུར;ཟེར;འཁོར;འབར;ཡར;ཡི;ཡིན;རི;རིག;རིལ;རིས;རྣོ;ལིང;ཤོར;སེར;སོར;སྐར;སྐོར;སྐྱིད;སྐྱིལ;སྟེར;སྣམ;སྣེ;སྣོད;སྦྱར;སྦྱོར;སྲིང	no	passed		ordinary_only	nonadmissible_observation	downgraded
ནུབ	nub	CORPUS_7F051B17DE73;CORPUS_84A74DBDD722;CORPUS_0C6592BB5CEF	ཀུན;ཁབ;ཁུག;ཁུལ;ཁེབ;ཁྱབ;ཁྲབ;གདུང;གདུབ;གནོན;གུ;གྲུ;གྲུབ;ཆུག;ཆུང;ཆུད;ཆུན;ཐབ;ཐབས;ཐུ;ཐུང;ཐུན;ཐུབ;ཐུམ;ཐུར;ཐུལ;ཐེབ;ཐོབ;དུ;དྲུག;ནག;ནགས;ནད;ནམ;ནུ;ནེ;ནོན;ནོར;ཕབ;ཕུག;ཕུད;ཕུབ;ཕུར;ཕྱུགས;བཏབ;བཙུན;བརྟུལ;བརྡབ;བསྐུར;མཚུར;ཚབ;ཚུགས;ཚུར;ཚུལ;ཟུར;འབབ;ཡབ;ཡུལ;རབ;རུག;རུས;རྡུལ;རྣོ;ལུ;ལུག;ལུང;ལུས;ལེབ;སྐྱོབ;སྡེབ;སྣམ;སྣེ;སྣོད;སྲུང;སློབ	no	passed		ordinary_only	secure_independent_observation	retained
ནུར	nur	CORPUS_7F051B17DE73;CORPUS_84A74DBDD722;CORPUS_6783C3DA00D4	ཀར;ཀུན;ཁར;ཁུག;ཁུལ;ཁེར;གཏོར;གདུང;གནོན;གསར;གུ;གྲུ;ཆར;ཆུག;ཆུང;ཆུད;ཆུན;ཆེར;ཐར;ཐུ;ཐུང;ཐུན;ཐུབ;ཐུམ;ཐུར;ཐུལ;ཐེར;ཐོར;དུ;དྲུག;ནག;ནགས;ནད;ནམ;ནུ;ནེ;ནོན;ནོར;པར;པོར;ཕུག;ཕུད;ཕུབ;ཕུར;ཕོར;ཕྱར;ཕྱུགས;བདར;བཙུན;བརྟུལ;བརྡར;བསྐུར;མཁར;མཚུར;ཚར;ཚུགས;ཚུར;ཚུལ;ཟུར;ཟེར;འཁོར;འབར;ཡར;ཡུལ;རུག;རུས;རྡུལ;རྣོ;ལུ;ལུག;ལུང;ལུས;ཤོར;སེར;སོར;སྐར;སྐོར;སྟེར;སྣམ;སྣེ;སྣོད;སྦྱར;སྦྱོར;སྲུང	no	passed		ordinary_only	nonadmissible_observation	downgraded
ནོ	no	CORPUS_7F051B17DE73;CORPUS_16D4A9AA0695	ཁོག;ཁོལ;ཁྲོག;ཁྲོད;ཁྲོམ;ཁྲོལ;གཅོད;གཏོར;གདོང;གདོན;གནོན;གསོལ;གོ;གྲོ;གྲོས;ངོས;ཅོ;ཅོག;ཆོག;ཏོག;ཐོ;ཐོག;ཐོད;ཐོན;ཐོབ;ཐོར;དོ;དྲོ;ནག;ནགས;ནད;ནམ;ནུ;ནེ;ནོན;ནོར;པོར;ཕོག;ཕོད;ཕོན;ཕོར;བརྟོལ;བརྩོན;བསྐོར;མགྲོན;མཆོད;མཛོད;ཚོལ;ཚོས;ཟོར;འཁོར;ཡོན;ཡོལ;རོ;རོག;རྟོགས;རྡོག;རྡོལ;རྣོ;ལོ;ལོག;ལོང;ཤོད;སོ;སོར;སྐོར;སྟོང;སྟོན;སྣམ;སྣེ;སྣོད;སྤྱོད;སྦྱོང;སྦྱོར	no	passed		ordinary_only	nonadmissible_observation	downgraded
ནོག	nog	CORPUS_7F051B17DE73;CORPUS_16D4A9AA0695;CORPUS_9A673562CD7A	ཁུག;ཁོག;ཁོལ;ཁྱག;ཁྲག;ཁྲོག;ཁྲོད;ཁྲོམ;ཁྲོལ;གཅོད;གཏོར;གདོང;གདོན;གནོན;གཡོག;གསོལ;གོ;གྲོ;གྲོས;ངོས;ཅིག;ཅོ;ཅོག;ཆག;ཆུག;ཆོག;ཏིག;ཏོག;ཐེག;ཐོ;ཐོག;ཐོད;ཐོན;ཐོབ;ཐོར;དམག;དོ;དྲེག;དྲོ;ནག;ནགས;ནད;ནམ;ནུ;ནེ;ནོན;ནོར;པག;པོར;ཕག;ཕུག;ཕོག;ཕོད;ཕོན;ཕོར;བདག;བརྟོལ;བརྩོན;བསྐོར;བྲག;མགྲོན;མཆོད;མཛོད;ཚག;ཚོལ;ཚོས;ཟུག;ཟོར;འཁོར;ཡིག;ཡོན;ཡོལ;རིག;རིགས;རུག;རོ;རོག;རྟོགས;རྡེག;རྡོག;རྡོལ;རྣོ;ལག;ལུག;ལོ;ལོག;ལོང;ལྷག;ཤོག;ཤོད;སོ;སོར;སྐོར;སྒྲོག;སྟག;སྟོང;སྟོན;སྣམ;སྣེ;སྣོད;སྤྱོད;སྦྱོང;སྦྱོར;སྲོག;སློག	no	passed		ordinary_only	secure_independent_observation	retained
ནོངས	noṅs	CORPUS_7F051B17DE73;CORPUS_16D4A9AA0695;SUFFIX_NG_TO_NDOT;CORPUS_F685D66CEF46	ཁུགས;ཁུང;ཁེབས;ཁོག;ཁོལ;ཁྲོག;ཁྲོད;ཁྲོམ;ཁྲོལ;གཅོད;གཏོང;གཏོར;གདུང;གདོང;གདོན;གནོན;གཡོགས;གསུང;གསོལ;གོ;གྲང;གྲོ;གྲོས;ངོས;ཅིང;ཅོ;ཅོག;ཆགས;ཆང;ཆུང;ཆོག;ཏོག;ཐང;ཐབས;ཐམས;ཐུང;ཐེབས;ཐོ;ཐོག;ཐོད;ཐོན;ཐོབ;ཐོར;དོ;དྲོ;ནག;ནགས;ནད;ནམ;ནུ;ནེ;ནོན;ནོར;པགས;པོར;ཕུགས;ཕོག;ཕོད;ཕོན;ཕོར;ཕྱིང;བཏང;བརྟགས;བརྟོལ;བརྩོན;བསྐོར;བྲང;མགྲོན;མཆོད;མཐོང;མཛོད;ཚགས;ཚང;ཚོལ;ཚོས;ཟོར;འཁོར;ཡང;ཡོན;ཡོལ;རིགས;རིང;རིམས;རོ;རོག;རྟོགས;རྡོག;རྡོལ;རྣོ;རྨང;ལང;ལུང;ལོ;ལོག;ལོང;ལྕགས;ཤོད;སེང;སོ;སོར;སྐོང;སྐོར;སྐྱོང;སྟེང;སྟོང;སྟོན;སྣང;སྣམ;སྣེ;སྣོད;སྤྱང;སྤྱོད;སྦྱང;སྦྱོང;སྦྱོར;སྲིང	no	passed		ordinary_only	nonadmissible_observation	downgraded
ནོད	nod	CORPUS_7F051B17DE73;CORPUS_16D4A9AA0695;CORPUS_DDC164B090C8	ཁོག;ཁོལ;ཁྱད;ཁྲོག;ཁྲོད;ཁྲོམ;ཁྲོལ;གཅོད;གཏོར;གདོང;གདོན;གནོན;གསོལ;གོ;གྲོ;གྲོས;ངོས;ཅོ;ཅོག;ཆད;ཆུད;ཆོག;ཏོག;ཐད;ཐེད;ཐོ;ཐོག;ཐོད;ཐོན;ཐོབ;ཐོར;དོ;དྲོ;དྲོད;ནག;ནགས;ནད;ནམ;ནུ;ནེ;ནོན;ནོར;པད;པོར;ཕད;ཕུད;ཕོག;ཕོད;ཕོན;ཕོར;ཕྱད;ཕྱེད;ཕྲད;བརྟོལ;བརྩོན;བསྐོར;བྱད;བྲེད;མགྲོན;མཆོད;མཐུད;མཛོད;ཚུད;ཚོལ;ཚོས;ཟོར;འཁོར;ཡོད;ཡོན;ཡོལ;རོ;རོག;རྒོད;རྒྱུད;རྟོགས;རྡོག;རྡོལ;རྣོ;རྩེད;ལོ;ལོག;ལོང;ཤེད;ཤོད;སོ;སོར;སྐད;སྐོར;སྐྱིད;སྐྱེད;སྟོང;སྟོད;སྟོན;སྡོད;སྣམ;སྣེ;སྣོད;སྤྱད;སྤྱོད;སྦྱོང;སྦྱོར;སྲིད	no	passed		ordinary_only	secure_independent_observation	retained
ནོམ	nom	CORPUS_7F051B17DE73;CORPUS_16D4A9AA0695;CORPUS_5683E9A09D00	ཁོག;ཁོམ;ཁོལ;ཁྱིམ;ཁྲམ;ཁྲོག;ཁྲོད;ཁྲོམ;ཁྲོལ;གཅོད;གཏོར;གདོང;གདོན;གནོན;གསུམ;གསོལ;གོ;གྲོ;གྲོས;ངོས;ཅོ;ཅོག;ཆོག;ཏོག;ཐམ;ཐམས;ཐུམ;ཐེམ;ཐོ;ཐོག;ཐོད;ཐོན;ཐོབ;ཐོར;དོ;དྲོ;ནག;ནགས;ནད;ནམ;ནུ;ནེ;ནོན;ནོར;པོར;ཕམ;ཕོག;ཕོད;ཕོན;ཕོར;ཕྱམ;བཅོམ;བརྟོལ;བརྩོན;བསྐོར;མགྲོན;མཆོད;མཛོད;ཙམ;ཚིམ;ཚོལ;ཚོས;ཟོར;འཁོར;ཡུམ;ཡོན;ཡོལ;རིམ;རིམས;རོ;རོག;རྟོགས;རྡོག;རྡོལ;རྣོ;ལམ;ལོ;ལོག;ལོང;ཤོད;སོ;སོར;སྐམ;སྐོར;སྟོང;སྟོན;སྡོམ;སྣམ;སྣེ;སྣོད;སྤྱོད;སྦྱོང;སྦྱོར	no	passed		ordinary_only	secure_independent_observation	retained
ནོས	nos	CORPUS_7F051B17DE73;CORPUS_16D4A9AA0695;CORPUS_735B62E02527	ཁོག;ཁོལ;ཁྲོག;ཁྲོད;ཁྲོམ;ཁྲོལ;གཅོད;གཏོར;གདོང;གདོན;གནོན;གསོལ;གོ;གྲས;གྲོ;གྲོས;ངོས;ཅོ;ཅོག;ཆོག;ཆོས;ཏོག;ཐོ;ཐོག;ཐོད;ཐོན;ཐོབ;ཐོར;ཐོས;དོ;དྲོ;ནག;ནགས;ནད;ནམ;ནུ;ནེ;ནོན;ནོར;པོར;པོས;ཕོག;ཕོད;ཕོན;ཕོར;ཕྱིས;བཅོས;བརྟོལ;བརྩོན;བསྐོར;བསྡུས;མཁས;མགྲོན;མཆོད;མཛོད;ཚོལ;ཚོས;ཟས;ཟོར;འཁོར;ཡས;ཡོན;ཡོལ;རས;རིས;རུས;རོ;རོག;རྟོགས;རྡོག;རྡོལ;རྡོས;རྣོ;ལས;ལུས;ལོ;ལོག;ལོང;ལྷས;ཤས;ཤོད;སོ;སོར;སྐོར;སྐྱེས;སྟོང;སྟོན;སྣམ;སྣེ;སྣོད;སྤྱོད;སྦྱོང;སྦྱོར	no	passed		ordinary_only	nonadmissible_observation	downgraded
བགག	bgag	CORPUS_F39DE6FEA67D;CORPUS_A6063072E7A9;CORPUS_01025FAF5D30;CORPUS_9A673562CD7A	ཀན;ཁབ;ཁར;ཁུག;ཁོག;ཁྱག;ཁྲག;ཁྲམ;ཁྲལ;ཁྲོག;གཅད;གདན;གཡོག;གསལ;གི;གུ;གེ;གོ;གྱིས;གྲང;གྲས;གྲི;གྲོ;གྲོལ;གླང;ཅིག;ཅོག;ཆག;ཆང;ཆད;ཆར;ཆུག;ཆོག;ཏིག;ཐང;ཐད;ཐབ;ཐབས;ཐམ;ཐར;ཐལ;ཐེག;ཐོག;དམག;དྲེག;ནག;པག;པར;ཕག;ཕད;ཕན;ཕབ;ཕུག;ཕོག;ཕྱགས;ཕྱད;ཕྲན;བཅད;བདག;བཙན;བཞི;བཟློག;བརྒྱུད;བརྟགས;བརྟུལ;བརྟེན;བརྡེག;བརྡོལ;བརྩན;བསྐལ;བསྐོར;བསྐྱེད;བསྒྱུར;བསྟན;བསྟོད;བྱད;བྱན;བྲག;བྲལ;མགར;མགོན;མཚར;མཛད;ཙ;ཚག;ཚགས;ཚར;ཛ;ཟ;ཟུག;འཁར;ཡན;ཡིག;རལ;རས;རིག;རིགས;རུག;རོག;རྒོལ;རྟགས;རྡལ;རྡེག;རྡོག;ལག;ལང;ལས;ལུག;ལོག;ལྷག;ཤོག;སར;སྐར;སྒྲ;སྒྲོག;སྟག;སྟན;སྣ;སྤྱད;སྦྱང;སྦྱར;སྲོག;སློག	no	passed		ordinary_only	nonadmissible_observation	downgraded
བགགས	bgags	CORPUS_F39DE6FEA67D;CORPUS_A6063072E7A9;CORPUS_01025FAF5D30;CORPUS_9A673562CD7A;CORPUS_F685D66CEF46	ཀན;ཁབ;ཁར;ཁུག;ཁུགས;ཁེབས;ཁོག;ཁྱག;ཁྲག;ཁྲམ;ཁྲལ;ཁྲོག;གཅད;གདན;གཡོག;གཡོགས;གསལ;གི;གུ;གེ;གོ;གྱིས;གྲང;གྲས;གྲི;གྲོ;གྲོལ;གླང;ཅིག;ཅོག;ཆག;ཆགས;ཆང;ཆད;ཆར;ཆུག;ཆོག;ཏིག;ཐང;ཐད;ཐབ;ཐབས;ཐམ;ཐམས;ཐར;ཐལ;ཐེག;ཐེབས;ཐོག;དམག;དྲེག;ནག;ནགས;པག;པགས;པར;ཕག;ཕད;ཕན;ཕབ;ཕུག;ཕུགས;ཕོག;ཕྱགས;ཕྱད;ཕྲན;བཅད;བདག;བཙན;བཞི;བཟློག;བརྒྱུད;བརྟགས;བརྟུལ;བརྟེན;བརྡེག;བརྡོལ;བརྩན;བསྐལ;བསྐོར;བསྐྱེད;བསྒྱུར;བསྟན;བསྟོད;བྱད;བྱན;བྲག;བྲལ;མགར;མགོན;མཚར;མཛད;ཙ;ཚག;ཚགས;ཚར;ཛ;ཟ;ཟུག;འཁར;ཡན;ཡིག;རལ;རས;རིག;རིགས;རིམས;རུག;རོག;རྒོལ;རྟགས;རྟོགས;རྡལ;རྡེག;རྡོག;ལག;ལང;ལས;ལུག;ལོག;ལྕགས;ལྷག;ཤོག;སར;སྐར;སྒྲ;སྒྲོག;སྟག;སྟན;སྣ;སྤྱད;སྦྱང;སྦྱར;སྲོག;སློག	no	passed		ordinary_only	nonadmissible_observation	downgraded
བགམ	bgam	CORPUS_F39DE6FEA67D;CORPUS_A6063072E7A9;CORPUS_01025FAF5D30;CORPUS_5683E9A09D00	ཀན;ཁབ;ཁར;ཁོམ;ཁྱིམ;ཁྲག;ཁྲམ;ཁྲལ;ཁྲོམ;གཅད;གདན;གསལ;གསུམ;གི;གུ;གེ;གོ;གྱིས;གྲང;གྲས;གྲི;གྲོ;གྲོལ;གླང;ཆག;ཆང;ཆད;ཆར;ཐང;ཐད;ཐབ;ཐབས;ཐམ;ཐམས;ཐར;ཐལ;ཐུམ;ཐེམ;ནམ;པར;ཕག;ཕད;ཕན;ཕབ;ཕམ;ཕྱགས;ཕྱད;ཕྱམ;ཕྲན;བཅད;བཅོམ;བཙན;བཞི;བཟློག;བརྒྱུད;བརྟགས;བརྟུལ;བརྟེན;བརྡེག;བརྡོལ;བརྩན;བསྐལ;བསྐོར;བསྐྱེད;བསྒྱུར;བསྟན;བསྟོད;བྱད;བྱན;བྲལ;མགར;མགོན;མཚར;མཛད;ཙ;ཙམ;ཚགས;ཚར;ཚིམ;ཛ;ཟ;འཁར;ཡན;ཡུམ;རལ;རས;རིམ;རིམས;རྒོལ;རྟགས;རྡལ;ལག;ལང;ལམ;ལས;སར;སྐམ;སྐར;སྒྲ;སྟན;སྡོམ;སྣ;སྣམ;སྤྱད;སྦྱང;སྦྱར	no	passed		ordinary_only	nonadmissible_observation	downgraded
བགོར	bgor	CORPUS_F39DE6FEA67D;CORPUS_A6063072E7A9;CORPUS_16D4A9AA0695;CORPUS_6783C3DA00D4	ཀར;ཁར;ཁེར;ཁོག;ཁོལ;ཁྲོག;ཁྲོད;ཁྲོམ;ཁྲོལ;གཅོད;གཏོར;གདོང;གདོན;གསར;གསོལ;གི;གུ;གེ;གོ;གྱིས;གྲང;གྲས;གྲི;གྲོ;གྲོལ;གྲོས;གླང;ངོས;ཅོ;ཅོག;ཆར;ཆེར;ཆོག;ཏོག;ཐར;ཐུར;ཐེར;ཐོ;ཐོག;ཐོད;ཐོན;ཐོབ;ཐོར;དོ;དྲོ;ནོར;པར;པོར;ཕུར;ཕོག;ཕོད;ཕོན;ཕོར;ཕྱར;བཅད;བདར;བཞི;བཟློག;བརྒྱུད;བརྟགས;བརྟུལ;བརྟེན;བརྟོལ;བརྡར;བརྡེག;བརྡོལ;བརྩོན;བསྐལ;བསྐོར;བསྐྱེད;བསྒྱུར;བསྟན;བསྟོད;མཁར;མགར;མགོན;མགྲོན;མཆོད;མཛོད;ཚར;ཚུར;ཚོལ;ཚོས;ཟུར;ཟེར;ཟོར;འཁོར;འབར;ཡར;ཡོན;ཡོལ;རོ;རོག;རྒོལ;རྟོགས;རྡོག;རྡོལ;ལོ;ལོག;ལོང;ཤོད;ཤོར;སེར;སོ;སོར;སྐར;སྐོར;སྒྲ;སྟེར;སྟོང;སྟོན;སྤྱོད;སྦྱར;སྦྱོང;སྦྱོར	no	passed		ordinary_only	nonadmissible_observation	downgraded
བགྱི	bgyi	CORPUS_F39DE6FEA67D;CORPUS_A6063072E7A9;CORPUS_E34B3E203AE6;CORPUS_63EB474B7A3F	ཀི;ཁྱག;ཁྱབ;ཁྱེར;ཁྲིད;གི;གུ;གེ;གོ;གྱིས;གྲང;གྲས;གྲི;གྲོ;གྲོལ;གླང;གླིང;ཅི;ཅིག;ཆིག;ཏི;ཏིག;ཐིག;ཕྱད;ཕྱམ;ཕྱིན;ཕྱུགས;ཕྲིན;བཅད;བཞི;བཟློག;བརྒྱུད;བརྟགས;བརྟུལ;བརྟེན;བརྡེག;བརྡོལ;བསྐལ;བསྐོར;བསྐྱེད;བསྒྱུར;བསྟན;བསྟོད;བྱན;བྱིན;བྱེད;མགར;མགོན;མགྲིན;ཙི;ཚིགས;ཚིལ;ཛི;ཡི;ཡིན;རི;རིག;རིལ;རིས;རྒོལ;ལིང;སྐྱིད;སྐྱིལ;སྐྱོང;སྒྲ;སྦྱང;སྲིང	no	passed		ordinary_only	nonadmissible_observation	downgraded
བགྱིད	bgyid	CORPUS_F39DE6FEA67D;CORPUS_A6063072E7A9;CORPUS_E34B3E203AE6;CORPUS_63EB474B7A3F;CORPUS_DDC164B090C8	ཀི;ཁྱག;ཁྱད;ཁྱབ;ཁྱེར;ཁྲིད;ཁྲོད;གི;གུ;གེ;གོ;གྱིས;གྲང;གྲས;གྲི;གྲོ;གྲོལ;གླང;གླིང;ཅི;ཅིག;ཆད;ཆིག;ཆུད;ཏི;ཏིག;ཐད;ཐིག;ཐེད;ཐོད;དྲོད;ནད;པད;ཕད;ཕུད;ཕོད;ཕྱད;ཕྱམ;ཕྱིན;ཕྱུགས;ཕྱེད;ཕྲད;ཕྲིན;བཅད;བཞི;བཟློག;བརྒྱུད;བརྟགས;བརྟུལ;བརྟེན;བརྡེག;བརྡོལ;བསྐལ;བསྐོར;བསྐྱེད;བསྒྱུར;བསྟན;བསྟོད;བྱད;བྱན;བྱིན;བྱེད;བྲེད;མགར;མགོན;མགྲིན;མཐུད;ཙི;ཚིགས;ཚིལ;ཚུད;ཛི;ཡི;ཡིན;ཡོད;རི;རིག;རིལ;རིས;རྒོད;རྒོལ;རྒྱུད;རྩེད;ལིང;ཤེད;ཤོད;སྐད;སྐྱིད;སྐྱིལ;སྐྱེད;སྐྱོང;སྒྲ;སྟོད;སྡོད;སྤྱད;སྦྱང;སྲིང;སྲིད	no	passed		ordinary_only	secure_independent_observation	retained
བགྱིས	bgyis	CORPUS_F39DE6FEA67D;CORPUS_A6063072E7A9;CORPUS_E34B3E203AE6;CORPUS_63EB474B7A3F;CORPUS_735B62E02527	ཀི;ཁྱག;ཁྱབ;ཁྱེར;ཁྲིད;གི;གུ;གེ;གོ;གྱིས;གྲང;གྲས;གྲི;གྲོ;གྲོལ;གྲོས;གླང;གླིང;ངོས;ཅི;ཅིག;ཆིག;ཆོས;ཏི;ཏིག;ཐིག;ཐོས;པོས;ཕྱད;ཕྱམ;ཕྱིན;ཕྱིས;ཕྱུགས;ཕྲིན;བཅད;བཅོས;བཞི;བཟློག;བརྒྱུད;བརྟགས;བརྟུལ;བརྟེན;བརྡེག;བརྡོལ;བསྐལ;བསྐོར;བསྐྱེད;བསྒྱུར;བསྟན;བསྟོད;བསྡུས;བྱན;བྱིན;བྱེད;མཁས;མགར;མགོན;མགྲིན;ཙི;ཚིགས;ཚིལ;ཚོས;ཛི;ཟས;ཡས;ཡི;ཡིན;རས;རི;རིག;རིལ;རིས;རུས;རྒོལ;རྡོས;ལས;ལིང;ལུས;ལྷས;ཤས;སྐྱིད;སྐྱིལ;སྐྱེས;སྐྱོང;སྒྲ;སྦྱང;སྲིང	no	passed		ordinary_only	nonadmissible_observation	downgraded
བགྲང	bgraṅ	CORPUS_F39DE6FEA67D;CORPUS_A6063072E7A9;CORPUS_7F71AFFFC788;CORPUS_01025FAF5D30;SUFFIX_NG_TO_NDOT	ཀན;ཁབ;ཁར;ཁུང;ཁྲག;ཁྲབ;ཁྲམ;ཁྲལ;ཁྲོག;ཁྲོན;ཁྲོམ;ཁྲོལ;གཅད;གཏོང;གདན;གདུང;གདོང;གསལ;གསུང;གི;གུ;གེ;གོ;གྱིས;གྲང;གྲས;གྲི;གྲུ;གྲོ;གྲོལ;གླང;ཅིང;ཆག;ཆང;ཆད;ཆར;ཆུང;ཐང;ཐད;ཐབ;ཐབས;ཐམ;ཐར;ཐལ;ཐུང;དྲེ;དྲོ;པར;ཕག;ཕད;ཕན;ཕབ;ཕྱགས;ཕྱད;ཕྱིང;ཕྲད;ཕྲན;ཕྲིན;ཕྲུག;བཅད;བཏང;བཙན;བཞི;བཟློག;བརྒྱུད;བརྟགས;བརྟུལ;བརྟེན;བརྡེག;བརྡོལ;བརྩན;བསྐལ;བསྐོར;བསྐྱེད;བསྒྱུར;བསྟན;བསྟོད;བྱད;བྱན;བྲང;བྲན;བྲལ;བྲེད;བྲོ;མགར;མགོན;མགྲོན;མཐོང;མཚར;མཛད;ཙ;ཚགས;ཚང;ཚར;ཛ;ཟ;འཁར;ཡང;ཡན;རལ;རས;རིང;རྒོལ;རྟགས;རྡལ;རྨང;ལག;ལང;ལས;ལུང;ལོང;སར;སེང;སྐར;སྐོང;སྐྱོང;སྒྲ;སྟན;སྟེང;སྟོང;སྣ;སྣང;སྤྱང;སྤྱད;སྦྱང;སྦྱར;སྦྱོང;སྦྲང;སྲིང;སྲོག	no	passed		ordinary_only	secure_independent_observation	retained
བགྲོས	bgros	CORPUS_F39DE6FEA67D;CORPUS_A6063072E7A9;CORPUS_7F71AFFFC788;CORPUS_16D4A9AA0695;CORPUS_735B62E02527	ཁོག;ཁོལ;ཁྲག;ཁྲབ;ཁྲོག;ཁྲོད;ཁྲོན;ཁྲོམ;ཁྲོལ;གཅོད;གཏོར;གདོང;གདོན;གསོལ;གི;གུ;གེ;གོ;གྱིས;གྲང;གྲས;གྲི;གྲུ;གྲོ;གྲོལ;གྲོས;གླང;ངོས;ཅོ;ཅོག;ཆོག;ཆོས;ཏོག;ཐོ;ཐོག;ཐོད;ཐོན;ཐོབ;ཐོར;ཐོས;དོ;དྲེ;དྲོ;པོར;པོས;ཕོག;ཕོད;ཕོན;ཕོར;ཕྱིས;ཕྲད;ཕྲན;ཕྲིན;ཕྲུག;བཅད;བཅོས;བཞི;བཟློག;བརྒྱུད;བརྟགས;བརྟུལ;བརྟེན;བརྟོལ;བརྡེག;བརྡོལ;བརྩོན;བསྐལ;བསྐོར;བསྐྱེད;བསྒྱུར;བསྟན;བསྟོད;བསྡུས;བྲང;བྲན;བྲེད;བྲོ;མཁས;མགར;མགོན;མགྲོན;མཆོད;མཛོད;ཚོལ;ཚོས;ཟས;ཟོར;འཁོར;ཡས;ཡོན;ཡོལ;རས;རིས;རུས;རོ;རོག;རྒོལ;རྟོགས;རྡོག;རྡོལ;རྡོས;ལས;ལུས;ལོ;ལོག;ལོང;ལྷས;ཤས;ཤོད;སོ;སོར;སྐོར;སྐྱེས;སྒྲ;སྟོང;སྟོན;སྤྱོད;སྦྱོང;སྦྱོར;སྦྲང;སྲོག	no	passed		ordinary_only	nonadmissible_observation	downgraded
བཞག	bźag	CORPUS_F39DE6FEA67D;ROOT_ZHA_TO_ZACUTE;CORPUS_01025FAF5D30;CORPUS_9A673562CD7A	ཀན;ཁབ;ཁར;ཁུག;ཁོག;ཁྱག;ཁྲག;ཁྲམ;ཁྲལ;ཁྲོག;གཅད;གདན;གཞུང;གཡོག;གསལ;གྲས;གླང;ཅིག;ཅོག;ཆག;ཆང;ཆད;ཆར;ཆུག;ཆོག;ཏིག;ཐང;ཐད;ཐབ;ཐབས;ཐམ;ཐར;ཐལ;ཐེག;ཐོག;དམག;དྲེག;ནག;པག;པར;ཕག;ཕད;ཕན;ཕབ;ཕུག;ཕོག;ཕྱགས;ཕྱད;ཕྲན;བཅད;བདག;བཙན;བཞི;བཟློག;བརྒྱུད;བརྟགས;བརྟུལ;བརྟེན;བརྡེག;བརྡོལ;བརྩན;བསྐལ;བསྐོར;བསྐྱེད;བསྒྱུར;བསྟན;བསྟོད;བྱད;བྱན;བྲག;བྲལ;མཚར;མཛད;ཙ;ཚག;ཚགས;ཚར;ཛ;ཞང;ཟ;ཟུག;འཁར;ཡན;ཡིག;རལ;རས;རིག;རིགས;རུག;རོག;རྟགས;རྡལ;རྡེག;རྡོག;ལག;ལང;ལས;ལུག;ལོག;ལྷག;ཤོག;སར;སྐར;སྒྲོག;སྟག;སྟན;སྣ;སྤྱད;སྦྱང;སྦྱར;སྲོག;སློག	no	passed		ordinary_only	secure_independent_observation	retained
བཞོན	bźon	CORPUS_F39DE6FEA67D;ROOT_ZHA_TO_ZACUTE;CORPUS_16D4A9AA0695;CORPUS_76CFA3FCFF21	ཀན;ཁོག;ཁོན;ཁོལ;ཁྲོག;ཁྲོད;ཁྲོན;ཁྲོམ;ཁྲོལ;གཅོད;གཏོར;གདོང;གདོན;གཞུང;གསོལ;གོ;གྲོ;གྲོས;ངོས;ཅོ;ཅོག;ཆུན;ཆེན;ཆོག;ཏོག;ཐུན;ཐེན;ཐོ;ཐོག;ཐོད;ཐོན;ཐོབ;ཐོར;དམན;དོ;དྲོ;ནོན;པན;པོར;ཕན;ཕོག;ཕོད;ཕོན;ཕོར;ཕྱིན;ཕྲན;བཅད;བཙན;བཞི;བཟློག;བརྒྱུད;བརྟགས;བརྟུལ;བརྟེན;བརྟོལ;བརྡེག;བརྡོལ;བརྩོན;བསྐལ;བསྐོར;བསྐྱེད;བསྒྱུར;བསྟན;བསྟོད;བྱན;བྱིན;བྲན;བློན;མཁན;མགྲོན;མཆོད;མཐུན;མཛོད;ཚུན;ཚོལ;ཚོས;ཞང;ཟན;ཟོར;འཁོར;ཡན;ཡིན;ཡོན;ཡོལ;རོ;རོག;རྒྱུན;རྟོགས;རྡོག;རྡོལ;རྩེན;ལེན;ལོ;ལོག;ལོང;ཤན;ཤོད;སོ;སོར;སྐོར;སྟན;སྟོང;སྟོན;སྤྱན;སྤྱོད;སྦྱོང;སྦྱོར	no	passed		ordinary_only	alternate_witness_only	downgraded
བརྒད	brgad	CORPUS_F39DE6FEA67D;CORPUS_987FBEB04DC6;CORPUS_A6063072E7A9;CORPUS_01025FAF5D30;CORPUS_DDC164B090C8	ཀན;ཁབ;ཁར;ཁྱད;ཁྲག;ཁྲམ;ཁྲལ;ཁྲོད;གཅད;གདན;གསལ;གི;གུ;གེ;གོ;གྱིས;གྲང;གྲས;གྲི;གྲོ;གྲོལ;གླང;ཆག;ཆང;ཆད;ཆར;ཆུད;ཐང;ཐད;ཐབ;ཐབས;ཐམ;ཐར;ཐལ;ཐེད;ཐོད;དྲོད;ནད;པད;པར;ཕག;ཕད;ཕན;ཕབ;ཕུད;ཕོད;ཕྱགས;ཕྱད;ཕྱེད;ཕྲད;ཕྲན;བཅད;བཙན;བཞི;བཟློག;བརྒྱུད;བརྟགས;བརྟུལ;བརྟེན;བརྡར;བརྡེག;བརྡོལ;བརྩན;བསྐལ;བསྐོར;བསྐྱེད;བསྒྱུར;བསྟན;བསྟོད;བྱད;བྱན;བྲལ;བྲེད;མགར;མགོན;མཐུད;མཚར;མཛད;ཙ;ཚགས;ཚར;ཚུད;ཛ;ཟ;འཁར;ཡན;ཡོད;རལ;རས;རྒོད;རྒོལ;རྒྱུད;རྟགས;རྟོག;རྡལ;རྩ;རྩེད;རྫི;ལག;ལང;ལས;ཤེད;ཤོད;སར;སྐད;སྐར;སྐྱིད;སྐྱེད;སྒྲ;སྟན;སྟོད;སྡོད;སྣ;སྤྱད;སྦྱང;སྦྱར;སྲིད	no	passed		ordinary_only	secure_independent_observation	retained
བརྒྱན	brgyan	CORPUS_F39DE6FEA67D;CORPUS_987FBEB04DC6;CORPUS_A6063072E7A9;CORPUS_E34B3E203AE6;CORPUS_01025FAF5D30;CORPUS_76CFA3FCFF21	ཀན;ཁབ;ཁར;ཁོན;ཁྱག;ཁྱབ;ཁྱེར;ཁྲག;ཁྲམ;ཁྲལ;ཁྲོན;གཅད;གདན;གདོན;གསལ;གི;གུ;གེ;གོ;གྱིས;གྲང;གྲས;གྲི;གྲོ;གྲོལ;གླང;ཆག;ཆང;ཆད;ཆར;ཆུན;ཆེན;ཐང;ཐད;ཐབ;ཐབས;ཐམ;ཐར;ཐལ;ཐུན;ཐེན;ཐོན;དམན;ནོན;པན;པར;ཕག;ཕད;ཕན;ཕབ;ཕོན;ཕྱགས;ཕྱད;ཕྱམ;ཕྱིན;ཕྱུགས;ཕྲན;བཅད;བཙན;བཞི;བཟློག;བརྒྱུད;བརྟགས;བརྟུལ;བརྟེན;བརྡར;བརྡེག;བརྡོལ;བརྩན;བསྐལ;བསྐོར;བསྐྱེད;བསྒྱུར;བསྟན;བསྟོད;བྱད;བྱན;བྱིན;བྱེད;བྲན;བྲལ;བློན;མཁན;མགར;མགོན;མཐུན;མཚར;མཛད;ཙ;ཚགས;ཚར;ཚུན;ཛ;ཟ;ཟན;འཁར;ཡན;ཡིན;ཡོན;རལ;རས;རྒོལ;རྒྱུན;རྟགས;རྟོག;རྡལ;རྩ;རྩེན;རྫི;ལག;ལང;ལས;ལེན;ཤན;སར;སྐར;སྐྱོང;སྒྲ;སྟན;སྟོན;སྣ;སྤྱད;སྤྱན;སྦྱང;སྦྱར	no	passed		ordinary_only	secure_independent_observation	retained
བརྒྱབ	brgyab	CORPUS_F39DE6FEA67D;CORPUS_987FBEB04DC6;CORPUS_A6063072E7A9;CORPUS_E34B3E203AE6;CORPUS_01025FAF5D30;CORPUS_0C6592BB5CEF	ཀན;ཁབ;ཁར;ཁེབ;ཁྱག;ཁྱབ;ཁྱེར;ཁྲག;ཁྲབ;ཁྲམ;ཁྲལ;གཅད;གདན;གདུབ;གསལ;གི;གུ;གེ;གོ;གྱིས;གྲང;གྲས;གྲི;གྲུབ;གྲོ;གྲོལ;གླང;ཆག;ཆང;ཆད;ཆར;ཐང;ཐད;ཐབ;ཐབས;ཐམ;ཐར;ཐལ;ཐུབ;ཐེབ;ཐོབ;པར;ཕག;ཕད;ཕན;ཕབ;ཕུབ;ཕྱགས;ཕྱད;ཕྱམ;ཕྱིན;ཕྱུགས;ཕྲན;བཅད;བཏབ;བཙན;བཞི;བཟློག;བརྒྱུད;བརྟགས;བརྟུལ;བརྟེན;བརྡབ;བརྡར;བརྡེག;བརྡོལ;བརྩན;བསྐལ;བསྐོར;བསྐྱེད;བསྒྱུར;བསྟན;བསྟོད;བྱད;བྱན;བྱེད;བྲལ;མགར;མགོན;མཚར;མཛད;ཙ;ཚགས;ཚབ;ཚར;ཛ;ཟ;འཁར;འབབ;ཡན;ཡབ;རབ;རལ;རས;རྒོལ;རྟགས;རྟོག;རྡལ;རྩ;རྫི;ལག;ལང;ལས;ལེབ;སར;སྐར;སྐྱོང;སྐྱོབ;སྒྲ;སྟན;སྡེབ;སྣ;སྤྱད;སྦྱང;སྦྱར;སློབ	no	passed		ordinary_only	secure_independent_observation	retained
བརྒྱར	brgyar	CORPUS_F39DE6FEA67D;CORPUS_987FBEB04DC6;CORPUS_A6063072E7A9;CORPUS_E34B3E203AE6;CORPUS_01025FAF5D30;CORPUS_6783C3DA00D4	ཀན;ཀར;ཁབ;ཁར;ཁེར;ཁྱག;ཁྱབ;ཁྱེར;ཁྲག;ཁྲམ;ཁྲལ;གཅད;གཏོར;གདན;གསར;གསལ;གི;གུ;གེ;གོ;གྱིས;གྲང;གྲས;གྲི;གྲོ;གྲོལ;གླང;ཆག;ཆང;ཆད;ཆར;ཆེར;ཐང;ཐད;ཐབ;ཐབས;ཐམ;ཐར;ཐལ;ཐུར;ཐེར;ཐོར;ནོར;པར;པོར;ཕག;ཕད;ཕན;ཕབ;ཕུར;ཕོར;ཕྱགས;ཕྱད;ཕྱམ;ཕྱར;ཕྱིན;ཕྱུགས;ཕྲན;བཅད;བདར;བཙན;བཞི;བཟློག;བརྒྱུད;བརྟགས;བརྟུལ;བརྟེན;བརྡར;བརྡེག;བརྡོལ;བརྩན;བསྐལ;བསྐོར;བསྐྱེད;བསྒྱུར;བསྟན;བསྟོད;བྱད;བྱན;བྱེད;བྲལ;མཁར;མགར;མགོན;མཚར;མཛད;ཙ;ཚགས;ཚར;ཚུར;ཛ;ཟ;ཟུར;ཟེར;འཁར;འཁོར;འབར;ཡན;ཡར;རལ;རས;རྒོལ;རྟགས;རྟོག;རྡལ;རྩ;རྫི;ལག;ལང;ལས;ཤོར;སར;སེར;སོར;སྐར;སྐོར;སྐྱོང;སྒྲ;སྟན;སྟེར;སྣ;སྤྱད;སྦྱང;སྦྱར;སྦྱོར	no	passed		ordinary_only	secure_independent_observation	retained
བརྣགས	brnags	CORPUS_F39DE6FEA67D;CORPUS_987FBEB04DC6;CORPUS_7F051B17DE73;CORPUS_01025FAF5D30;CORPUS_9A673562CD7A;CORPUS_F685D66CEF46	ཀན;ཁབ;ཁར;ཁུག;ཁུགས;ཁེབས;ཁོག;ཁྱག;ཁྲག;ཁྲམ;ཁྲལ;ཁྲོག;གཅད;གདན;གནོན;གཡོག;གཡོགས;གསལ;གྲས;གླང;ཅིག;ཅོག;ཆག;ཆགས;ཆང;ཆད;ཆར;ཆུག;ཆོག;ཏིག;ཐང;ཐད;ཐབ;ཐབས;ཐམ;ཐམས;ཐར;ཐལ;ཐེག;ཐེབས;ཐོག;དམག;དྲེག;ནག;ནགས;ནད;ནམ;ནུ;ནེ;ནོན;ནོར;པག;པགས;པར;ཕག;ཕད;ཕན;ཕབ;ཕུག;ཕུགས;ཕོག;ཕྱགས;ཕྱད;ཕྲན;བཅད;བདག;བཙན;བཞི;བཟློག;བརྒྱུད;བརྟགས;བརྟུལ;བརྟེན;བརྡར;བརྡེག;བརྡོལ;བརྩན;བསྐལ;བསྐོར;བསྐྱེད;བསྒྱུར;བསྟན;བསྟོད;བྱད;བྱན;བྲག;བྲལ;མཚར;མཛད;ཙ;ཚག;ཚགས;ཚར;ཛ;ཟ;ཟུག;འཁར;ཡན;ཡིག;རལ;རས;རིག;རིགས;རིམས;རུག;རོག;རྟགས;རྟོག;རྟོགས;རྡལ;རྡེག;རྡོག;རྣོ;རྩ;རྫི;ལག;ལང;ལས;ལུག;ལོག;ལྕགས;ལྷག;ཤོག;སར;སྐར;སྒྲོག;སྟག;སྟན;སྣ;སྣམ;སྣེ;སྣོད;སྤྱད;སྦྱང;སྦྱར;སྲོག;སློག	no	passed		ordinary_only	nonadmissible_observation	downgraded
བརྣང	brnaṅ	CORPUS_F39DE6FEA67D;CORPUS_987FBEB04DC6;CORPUS_7F051B17DE73;CORPUS_01025FAF5D30;SUFFIX_NG_TO_NDOT	ཀན;ཁབ;ཁར;ཁུང;ཁྲག;ཁྲམ;ཁྲལ;གཅད;གཏོང;གདན;གདུང;གདོང;གནོན;གསལ;གསུང;གྲང;གྲས;གླང;ཅིང;ཆག;ཆང;ཆད;ཆར;ཆུང;ཐང;ཐད;ཐབ;ཐབས;ཐམ;ཐར;ཐལ;ཐུང;ནག;ནགས;ནད;ནམ;ནུ;ནེ;ནོན;ནོར;པར;ཕག;ཕད;ཕན;ཕབ;ཕྱགས;ཕྱད;ཕྱིང;ཕྲན;བཅད;བཏང;བཙན;བཞི;བཟློག;བརྒྱུད;བརྟགས;བརྟུལ;བརྟེན;བརྡར;བརྡེག;བརྡོལ;བརྩན;བསྐལ;བསྐོར;བསྐྱེད;བསྒྱུར;བསྟན;བསྟོད;བྱད;བྱན;བྲང;བྲལ;མཐོང;མཚར;མཛད;ཙ;ཚགས;ཚང;ཚར;ཛ;ཟ;འཁར;ཡང;ཡན;རལ;རས;རིང;རྟགས;རྟོག;རྡལ;རྣོ;རྨང;རྩ;རྫི;ལག;ལང;ལས;ལུང;ལོང;སར;སེང;སྐར;སྐོང;སྐྱོང;སྟན;སྟེང;སྟོང;སྣ;སྣང;སྣམ;སྣེ;སྣོད;སྤྱང;སྤྱད;སྦྱང;སྦྱར;སྦྱོང;སྲིང	no	passed		ordinary_only	secure_independent_observation	retained
བརྣན	brnan	CORPUS_F39DE6FEA67D;CORPUS_987FBEB04DC6;CORPUS_7F051B17DE73;CORPUS_01025FAF5D30;CORPUS_76CFA3FCFF21	ཀན;ཁབ;ཁར;ཁོན;ཁྲག;ཁྲམ;ཁྲལ;ཁྲོན;གཅད;གདན;གདོན;གནོན;གསལ;གྲས;གླང;ཆག;ཆང;ཆད;ཆར;ཆུན;ཆེན;ཐང;ཐད;ཐབ;ཐབས;ཐམ;ཐར;ཐལ;ཐུན;ཐེན;ཐོན;དམན;ནག;ནགས;ནད;ནམ;ནུ;ནེ;ནོན;ནོར;པན;པར;ཕག;ཕད;ཕན;ཕབ;ཕོན;ཕྱགས;ཕྱད;ཕྱིན;ཕྲན;བཅད;བཙན;བཞི;བཟློག;བརྒྱུད;བརྟགས;བརྟུལ;བརྟེན;བརྡར;བརྡེག;བརྡོལ;བརྩན;བསྐལ;བསྐོར;བསྐྱེད;བསྒྱུར;བསྟན;བསྟོད;བྱད;བྱན;བྱིན;བྲན;བྲལ;བློན;མཁན;མཐུན;མཚར;མཛད;ཙ;ཚགས;ཚར;ཚུན;ཛ;ཟ;ཟན;འཁར;ཡན;ཡིན;ཡོན;རལ;རས;རྒྱུན;རྟགས;རྟོག;རྡལ;རྣོ;རྩ;རྩེན;རྫི;ལག;ལང;ལས;ལེན;ཤན;སར;སྐར;སྟན;སྟོན;སྣ;སྣམ;སྣེ;སྣོད;སྤྱད;སྤྱན;སྦྱང;སྦྱར	no	passed		ordinary_only	nonadmissible_observation	downgraded
བརྣོག	brnog	CORPUS_F39DE6FEA67D;CORPUS_987FBEB04DC6;CORPUS_7F051B17DE73;CORPUS_16D4A9AA0695;CORPUS_9A673562CD7A	ཁུག;ཁོག;ཁོལ;ཁྱག;ཁྲག;ཁྲོག;ཁྲོད;ཁྲོམ;ཁྲོལ;གཅོད;གཏོར;གདོང;གདོན;གནོན;གཡོག;གསོལ;གོ;གྲོ;གྲོས;ངོས;ཅིག;ཅོ;ཅོག;ཆག;ཆུག;ཆོག;ཏིག;ཏོག;ཐེག;ཐོ;ཐོག;ཐོད;ཐོན;ཐོབ;ཐོར;དམག;དོ;དྲེག;དྲོ;ནག;ནགས;ནད;ནམ;ནུ;ནེ;ནོན;ནོར;པག;པོར;ཕག;ཕུག;ཕོག;ཕོད;ཕོན;ཕོར;བཅད;བདག;བཞི;བཟློག;བརྒྱུད;བརྟགས;བརྟུལ;བརྟེན;བརྟོལ;བརྡར;བརྡེག;བརྡོལ;བརྩན;བརྩོན;བསྐལ;བསྐོར;བསྐྱེད;བསྒྱུར;བསྟན;བསྟོད;བྲག;མགྲོན;མཆོད;མཛོད;ཚག;ཚོལ;ཚོས;ཟུག;ཟོར;འཁོར;ཡིག;ཡོན;ཡོལ;རིག;རིགས;རུག;རོ;རོག;རྟོག;རྟོགས;རྡེག;རྡོག;རྡོལ;རྣོ;རྩ;རྫི;ལག;ལུག;ལོ;ལོག;ལོང;ལྷག;ཤོག;ཤོད;སོ;སོར;སྐོར;སྒྲོག;སྟག;སྟོང;སྟོན;སྣམ;སྣེ;སྣོད;སྤྱོད;སྦྱོང;སྦྱོར;སྲོག;སློག	no	passed		ordinary_only	nonadmissible_observation	downgraded
བརླག	brlag	CORPUS_F39DE6FEA67D;CORPUS_5BE28982C775;CORPUS_ED2342564FDA;CORPUS_01025FAF5D30;CORPUS_9A673562CD7A	ཀན;ཀློང;ཁབ;ཁར;ཁུག;ཁོག;ཁྱག;ཁྲག;ཁྲམ;ཁྲལ;ཁྲོག;གཅད;གདན;གཡོག;གསལ;གྲས;གླང;གླུ;ཅིག;ཅོག;ཆག;ཆང;ཆད;ཆར;ཆུག;ཆོག;ཏིག;ཐང;ཐད;ཐབ;ཐབས;ཐམ;ཐར;ཐལ;ཐེག;ཐོག;དམག;དྲེག;ནག;པག;པར;ཕག;ཕད;ཕན;ཕབ;ཕུག;ཕོག;ཕྱགས;ཕྱད;ཕྲན;བཅད;བདག;བཙན;བཞི;བཟློག;བརྒྱུད;བརྟགས;བརྟུལ;བརྟེན;བརྡེག;བརྡོལ;བརྩན;བསྐལ;བསྐོར;བསྐྱེད;བསྒྱུར;བསྟན;བསྟོད;བྱད;བྱན;བྲག;བྲལ;བླང;བློ;མཚར;མཛད;ཙ;ཚག;ཚགས;ཚར;ཛ;ཟ;ཟུག;ཟླ;འཁར;ཡན;ཡིག;རབ;རལ;རས;རི;རིག;རིགས;རིང;རིམ;རིལ;རུག;རུས;རོ;རོག;རྟགས;རྡལ;རྡེག;རྡོག;ལག;ལང;ལས;ལུག;ལོག;ལྷག;ཤོག;སར;སྐར;སྒྲོག;སྟག;སྟན;སྣ;སྤྱད;སྦྱང;སྦྱར;སྲོག;སློག	no	passed		ordinary_only	secure_independent_observation	retained
བརླབ	brlab	CORPUS_F39DE6FEA67D;CORPUS_5BE28982C775;CORPUS_ED2342564FDA;CORPUS_01025FAF5D30;CORPUS_0C6592BB5CEF	ཀན;ཀློང;ཁབ;ཁར;ཁེབ;ཁྱབ;ཁྲག;ཁྲབ;ཁྲམ;ཁྲལ;གཅད;གདན;གདུབ;གསལ;གྲས;གྲུབ;གླང;གླུ;ཆག;ཆང;ཆད;ཆར;ཐང;ཐད;ཐབ;ཐབས;ཐམ;ཐར;ཐལ;ཐུབ;ཐེབ;ཐོབ;པར;ཕག;ཕད;ཕན;ཕབ;ཕུབ;ཕྱགས;ཕྱད;ཕྲན;བཅད;བཏབ;བཙན;བཞི;བཟློག;བརྒྱུད;བརྟགས;བརྟུལ;བརྟེན;བརྡབ;བརྡེག;བརྡོལ;བརྩན;བསྐལ;བསྐོར;བསྐྱེད;བསྒྱུར;བསྟན;བསྟོད;བྱད;བྱན;བྲལ;བླང;བློ;མཚར;མཛད;ཙ;ཚགས;ཚབ;ཚར;ཛ;ཟ;ཟླ;འཁར;འབབ;ཡན;ཡབ;རབ;རལ;རས;རི;རིག;རིགས;རིང;རིམ;རིལ;རུག;རུས;རོ;རོག;རྟགས;རྡལ;ལག;ལང;ལས;ལེབ;སར;སྐར;སྐྱོབ;སྟན;སྡེབ;སྣ;སྤྱད;སྦྱང;སྦྱར;སློག;སློབ	no	passed		ordinary_only	nonadmissible_observation	downgraded
བརླབས	brlabs	CORPUS_F39DE6FEA67D;CORPUS_5BE28982C775;CORPUS_ED2342564FDA;CORPUS_01025FAF5D30;CORPUS_0C6592BB5CEF;CORPUS_F685D66CEF46	ཀན;ཀློང;ཁབ;ཁར;ཁུགས;ཁེབ;ཁེབས;ཁྱབ;ཁྲག;ཁྲབ;ཁྲམ;ཁྲལ;གཅད;གདན;གདུབ;གཡོགས;གསལ;གྲས;གྲུབ;གླང;གླུ;ཆག;ཆགས;ཆང;ཆད;ཆར;ཐང;ཐད;ཐབ;ཐབས;ཐམ;ཐམས;ཐར;ཐལ;ཐུབ;ཐེབ;ཐེབས;ཐོབ;ནགས;པགས;པར;ཕག;ཕད;ཕན;ཕབ;ཕུགས;ཕུབ;ཕྱགས;ཕྱད;ཕྲན;བཅད;བཏབ;བཙན;བཞི;བཟློག;བརྒྱུད;བརྟགས;བརྟུལ;བརྟེན;བརྡབ;བརྡེག;བརྡོལ;བརྩན;བསྐལ;བསྐོར;བསྐྱེད;བསྒྱུར;བསྟན;བསྟོད;བྱད;བྱན;བྲལ;བླང;བློ;མཚར;མཛད;ཙ;ཚགས;ཚབ;ཚར;ཛ;ཟ;ཟླ;འཁར;འབབ;ཡན;ཡབ;རབ;རལ;རས;རི;རིག;རིགས;རིང;རིམ;རིམས;རིལ;རུག;རུས;རོ;རོག;རྟགས;རྟོགས;རྡལ;ལག;ལང;ལས;ལེབ;ལྕགས;སར;སྐར;སྐྱོབ;སྟན;སྡེབ;སྣ;སྤྱད;སྦྱང;སྦྱར;སློག;སློབ	no	passed		ordinary_only	nonadmissible_observation	downgraded
བརླུག	brlug	CORPUS_F39DE6FEA67D;CORPUS_5BE28982C775;CORPUS_ED2342564FDA;CORPUS_84A74DBDD722;CORPUS_9A673562CD7A	ཀུན;ཀློང;ཁུག;ཁུལ;ཁོག;ཁྱག;ཁྲག;ཁྲོག;གདུང;གཡོག;གུ;གྲུ;གླང;གླུ;ཅིག;ཅོག;ཆག;ཆུག;ཆུང;ཆུད;ཆུན;ཆོག;ཏིག;ཐུ;ཐུང;ཐུན;ཐུབ;ཐུམ;ཐུར;ཐུལ;ཐེག;ཐོག;དམག;དུ;དྲུག;དྲེག;ནག;ནུ;པག;ཕག;ཕུག;ཕུད;ཕུབ;ཕུར;ཕོག;ཕྱུགས;བཅད;བདག;བཙུན;བཞི;བཟློག;བརྒྱུད;བརྟགས;བརྟུལ;བརྟེན;བརྡེག;བརྡོལ;བསྐལ;བསྐུར;བསྐོར;བསྐྱེད;བསྒྱུར;བསྟན;བསྟོད;བྲག;བླང;བློ;མཚུར;ཚག;ཚུགས;ཚུར;ཚུལ;ཟུག;ཟུར;ཟླ;ཡིག;ཡུལ;རབ;རལ;རས;རི;རིག;རིགས;རིང;རིམ;རིལ;རུག;རུས;རོ;རོག;རྡུལ;རྡེག;རྡོག;ལག;ལུ;ལུག;ལུང;ལུས;ལོག;ལྷག;ཤོག;སྒྲོག;སྟག;སྲུང;སྲོག;སློག	no	passed		ordinary_only	nonadmissible_observation	downgraded
བསྒགས	bsgags	CORPUS_F39DE6FEA67D;CORPUS_86605D8DD3C9;CORPUS_A6063072E7A9;CORPUS_01025FAF5D30;CORPUS_9A673562CD7A;CORPUS_F685D66CEF46	ཀན;ཁབ;ཁར;ཁུག;ཁུགས;ཁེབས;ཁོག;ཁྱག;ཁྲག;ཁྲམ;ཁྲལ;ཁྲོག;གཅད;གདན;གཡོག;གཡོགས;གསལ;གི;གུ;གེ;གོ;གྱིས;གྲང;གྲས;གྲི;གྲོ;གྲོལ;གླང;ཅིག;ཅོག;ཆག;ཆགས;ཆང;ཆད;ཆར;ཆུག;ཆོག;ཏིག;ཐང;ཐད;ཐབ;ཐབས;ཐམ;ཐམས;ཐར;ཐལ;ཐེག;ཐེབས;ཐོག;དམག;དྲེག;ནག;ནགས;པག;པགས;པར;ཕག;ཕད;ཕན;ཕབ;ཕུག;ཕུགས;ཕོག;ཕྱགས;ཕྱད;ཕྲན;བཅད;བདག;བཙན;བཞི;བཟློག;བརྒྱུད;བརྟགས;བརྟུལ;བརྟེན;བརྡེག;བརྡོལ;བརྩན;བསྐལ;བསྐོར;བསྐྱེད;བསྒྱུར;བསྟན;བསྟོད;བྱད;བྱན;བྲག;བྲལ;མགར;མགོན;མཚར;མཛད;ཙ;ཚག;ཚགས;ཚར;ཛ;ཟ;ཟུག;འཁར;ཡན;ཡིག;རལ;རས;རིག;རིགས;རིམས;རུག;རོག;རྒོལ;རྟགས;རྟོགས;རྡལ;རྡེག;རྡོག;ལག;ལང;ལས;ལུག;ལོག;ལྕགས;ལྷག;ཤོག;སར;སྐར;སྐོང;སྒོ;སྒྱུར;སྒྲ;སྒྲུབ;སྒྲོག;སྒྲོལ;སྟག;སྟན;སྡེ;སྣ;སྣམ;སྣེ;སྤར;སྤྱད;སྦྱང;སྦྱར;སྦྱིན;སྦྲང;སྲོག;སློག	no	passed		ordinary_only	nonadmissible_observation	downgraded
བསྒབ	bsgab	CORPUS_F39DE6FEA67D;CORPUS_86605D8DD3C9;CORPUS_A6063072E7A9;CORPUS_01025FAF5D30;CORPUS_0C6592BB5CEF	ཀན;ཁབ;ཁར;ཁེབ;ཁྱབ;ཁྲག;ཁྲབ;ཁྲམ;ཁྲལ;གཅད;གདན;གདུབ;གསལ;གི;གུ;གེ;གོ;གྱིས;གྲང;གྲས;གྲི;གྲུབ;གྲོ;གྲོལ;གླང;ཆག;ཆང;ཆད;ཆར;ཐང;ཐད;ཐབ;ཐབས;ཐམ;ཐར;ཐལ;ཐུབ;ཐེབ;ཐོབ;པར;ཕག;ཕད;ཕན;ཕབ;ཕུབ;ཕྱགས;ཕྱད;ཕྲན;བཅད;བཏབ;བཙན;བཞི;བཟློག;བརྒྱུད;བརྟགས;བརྟུལ;བརྟེན;བརྡབ;བརྡེག;བརྡོལ;བརྩན;བསྐལ;བསྐོར;བསྐྱེད;བསྒྱུར;བསྟན;བསྟོད;བྱད;བྱན;བྲལ;མགར;མགོན;མཚར;མཛད;ཙ;ཚགས;ཚབ;ཚར;ཛ;ཟ;འཁར;འབབ;ཡན;ཡབ;རབ;རལ;རས;རྒོལ;རྟགས;རྡལ;ལག;ལང;ལས;ལེབ;སར;སྐར;སྐོང;སྐྱོབ;སྒོ;སྒྱུར;སྒྲ;སྒྲུབ;སྒྲོལ;སྟན;སྡེ;སྡེབ;སྣ;སྣམ;སྣེ;སྤར;སྤྱད;སྦྱང;སྦྱར;སྦྱིན;སྦྲང;སློབ	no	passed		ordinary_only	nonadmissible_observation	downgraded
བསྒར	bsgar	CORPUS_F39DE6FEA67D;CORPUS_86605D8DD3C9;CORPUS_A6063072E7A9;CORPUS_01025FAF5D30;CORPUS_6783C3DA00D4	ཀན;ཀར;ཁབ;ཁར;ཁེར;ཁྲག;ཁྲམ;ཁྲལ;གཅད;གཏོར;གདན;གསར;གསལ;གི;གུ;གེ;གོ;གྱིས;གྲང;གྲས;གྲི;གྲོ;གྲོལ;གླང;ཆག;ཆང;ཆད;ཆར;ཆེར;ཐང;ཐད;ཐབ;ཐབས;ཐམ;ཐར;ཐལ;ཐུར;ཐེར;ཐོར;ནོར;པར;པོར;ཕག;ཕད;ཕན;ཕབ;ཕུར;ཕོར;ཕྱགས;ཕྱད;ཕྱར;ཕྲན;བཅད;བདར;བཙན;བཞི;བཟློག;བརྒྱུད;བརྟགས;བརྟུལ;བརྟེན;བརྡར;བརྡེག;བརྡོལ;བརྩན;བསྐལ;བསྐོར;བསྐྱེད;བསྒྱུར;བསྟན;བསྟོད;བྱད;བྱན;བྲལ;མཁར;མགར;མགོན;མཚར;མཛད;ཙ;ཚགས;ཚར;ཚུར;ཛ;ཟ;ཟུར;ཟེར;འཁར;འཁོར;འབར;ཡན;ཡར;རལ;རས;རྒོལ;རྟགས;རྡལ;ལག;ལང;ལས;ཤོར;སར;སེར;སོར;སྐར;སྐོང;སྐོར;སྒོ;སྒྱུར;སྒྲ;སྒྲུབ;སྒྲོལ;སྟན;སྟེར;སྡེ;སྣ;སྣམ;སྣེ;སྤར;སྤྱད;སྦྱང;སྦྱར;སྦྱིན;སྦྱོར;སྦྲང	no	passed		ordinary_only	nonadmissible_observation	downgraded
བསྒུགས	bsgugs	CORPUS_F39DE6FEA67D;CORPUS_86605D8DD3C9;CORPUS_A6063072E7A9;CORPUS_84A74DBDD722;CORPUS_9A673562CD7A;CORPUS_F685D66CEF46	ཀུན;ཁུག;ཁུགས;ཁུལ;ཁེབས;ཁོག;ཁྱག;ཁྲག;ཁྲོག;གདུང;གཡོག;གཡོགས;གི;གུ;གེ;གོ;གྱིས;གྲང;གྲས;གྲི;གྲུ;གྲོ;གྲོལ;གླང;ཅིག;ཅོག;ཆག;ཆགས;ཆུག;ཆུང;ཆུད;ཆུན;ཆོག;ཏིག;ཐབས;ཐམས;ཐུ;ཐུང;ཐུན;ཐུབ;ཐུམ;ཐུར;ཐུལ;ཐེག;ཐེབས;ཐོག;དམག;དུ;དྲུག;དྲེག;ནག;ནགས;ནུ;པག;པགས;ཕག;ཕུག;ཕུགས;ཕུད;ཕུབ;ཕུར;ཕོག;ཕྱུགས;བཅད;བདག;བཙུན;བཞི;བཟློག;བརྒྱུད;བརྟགས;བརྟུལ;བརྟེན;བརྡེག;བརྡོལ;བསྐལ;བསྐུར;བསྐོར;བསྐྱེད;བསྒྱུར;བསྟན;བསྟོད;བྲག;མགར;མགོན;མཚུར;ཚག;ཚགས;ཚུགས;ཚུར;ཚུལ;ཟུག;ཟུར;ཡིག;ཡུལ;རིག;རིགས;རིམས;རུག;རུས;རོག;རྒོལ;རྟོགས;རྡུལ;རྡེག;རྡོག;ལག;ལུ;ལུག;ལུང;ལུས;ལོག;ལྕགས;ལྷག;ཤོག;སྐར;སྐོང;སྒོ;སྒྱུར;སྒྲ;སྒྲུབ;སྒྲོག;སྒྲོལ;སྟག;སྟན;སྡེ;སྣམ;སྣེ;སྤར;སྦྱིན;སྦྲང;སྲུང;སྲོག;སློག	no	passed		ordinary_only	nonadmissible_observation	downgraded
བསྒོ	bsgo	CORPUS_F39DE6FEA67D;CORPUS_86605D8DD3C9;CORPUS_A6063072E7A9;CORPUS_16D4A9AA0695	ཁོག;ཁོལ;ཁྲོག;ཁྲོད;ཁྲོམ;ཁྲོལ;གཅོད;གཏོར;གདོང;གདོན;གསོལ;གི;གུ;གེ;གོ;གྱིས;གྲང;གྲས;གྲི;གྲོ;གྲོལ;གྲོས;གླང;ངོས;ཅོ;ཅོག;ཆོག;ཏོག;ཐོ;ཐོག;ཐོད;ཐོན;ཐོབ;ཐོར;དོ;དྲོ;པོར;ཕོག;ཕོད;ཕོན;ཕོར;བཅད;བཞི;བཟློག;བརྒྱུད;བརྟགས;བརྟུལ;བརྟེན;བརྟོལ;བརྡེག;བརྡོལ;བརྩོན;བསྐལ;བསྐོར;བསྐྱེད;བསྒྱུར;བསྟན;བསྟོད;མགར;མགོན;མགྲོན;མཆོད;མཛོད;ཚོལ;ཚོས;ཟོར;འཁོར;ཡོན;ཡོལ;རོ;རོག;རྒོལ;རྟོགས;རྡོག;རྡོལ;ལོ;ལོག;ལོང;ཤོད;སོ;སོར;སྐར;སྐོང;སྐོར;སྒོ;སྒྱུར;སྒྲ;སྒྲུབ;སྒྲོལ;སྟན;སྟོང;སྟོན;སྡེ;སྣམ;སྣེ;སྤར;སྤྱོད;སྦྱིན;སྦྱོང;སྦྱོར;སྦྲང	no	passed		ordinary_only	secure_independent_observation	retained
བསྒོམ	bsgom	CORPUS_F39DE6FEA67D;CORPUS_86605D8DD3C9;CORPUS_A6063072E7A9;CORPUS_16D4A9AA0695;CORPUS_5683E9A09D00	ཁོག;ཁོམ;ཁོལ;ཁྱིམ;ཁྲམ;ཁྲོག;ཁྲོད;ཁྲོམ;ཁྲོལ;གཅོད;གཏོར;གདོང;གདོན;གསུམ;གསོལ;གི;གུ;གེ;གོ;གྱིས;གྲང;གྲས;གྲི;གྲོ;གྲོལ;གྲོས;གླང;ངོས;ཅོ;ཅོག;ཆོག;ཏོག;ཐམ;ཐམས;ཐུམ;ཐེམ;ཐོ;ཐོག;ཐོད;ཐོན;ཐོབ;ཐོར;དོ;དྲོ;ནམ;པོར;ཕམ;ཕོག;ཕོད;ཕོན;ཕོར;ཕྱམ;བཅད;བཅོམ;བཞི;བཟློག;བརྒྱུད;བརྟགས;བརྟུལ;བརྟེན;བརྟོལ;བརྡེག;བརྡོལ;བརྩོན;བསྐལ;བསྐོར;བསྐྱེད;བསྒྱུར;བསྟན;བསྟོད;མགར;མགོན;མགྲོན;མཆོད;མཛོད;ཙམ;ཚིམ;ཚོལ;ཚོས;ཟོར;འཁོར;ཡུམ;ཡོན;ཡོལ;རིམ;རིམས;རོ;རོག;རྒོལ;རྟོགས;རྡོག;རྡོལ;ལམ;ལོ;ལོག;ལོང;ཤོད;སོ;སོར;སྐམ;སྐར;སྐོང;སྐོར;སྒོ;སྒྱུར;སྒྲ;སྒྲུབ;སྒྲོལ;སྟན;སྟོང;སྟོན;སྡེ;སྡོམ;སྣམ;སྣེ;སྤར;སྤྱོད;སྦྱིན;སྦྱོང;སྦྱོར;སྦྲང	no	passed		ordinary_only	nonadmissible_observation	downgraded
བསྒོམས	bsgoms	CORPUS_F39DE6FEA67D;CORPUS_86605D8DD3C9;CORPUS_A6063072E7A9;CORPUS_16D4A9AA0695;CORPUS_5683E9A09D00;CORPUS_F685D66CEF46	ཁུགས;ཁེབས;ཁོག;ཁོམ;ཁོལ;ཁྱིམ;ཁྲམ;ཁྲོག;ཁྲོད;ཁྲོམ;ཁྲོལ;གཅོད;གཏོར;གདོང;གདོན;གཡོགས;གསུམ;གསོལ;གི;གུ;གེ;གོ;གྱིས;གྲང;གྲས;གྲི;གྲོ;གྲོལ;གྲོས;གླང;ངོས;ཅོ;ཅོག;ཆགས;ཆོག;ཏོག;ཐབས;ཐམ;ཐམས;ཐུམ;ཐེབས;ཐེམ;ཐོ;ཐོག;ཐོད;ཐོན;ཐོབ;ཐོར;དོ;དྲོ;ནགས;ནམ;པགས;པོར;ཕམ;ཕུགས;ཕོག;ཕོད;ཕོན;ཕོར;ཕྱམ;བཅད;བཅོམ;བཞི;བཟློག;བརྒྱུད;བརྟགས;བརྟུལ;བརྟེན;བརྟོལ;བརྡེག;བརྡོལ;བརྩོན;བསྐལ;བསྐོར;བསྐྱེད;བསྒྱུར;བསྟན;བསྟོད;མགར;མགོན;མགྲོན;མཆོད;མཛོད;ཙམ;ཚགས;ཚིམ;ཚོལ;ཚོས;ཟོར;འཁོར;ཡུམ;ཡོན;ཡོལ;རིགས;རིམ;རིམས;རོ;རོག;རྒོལ;རྟོགས;རྡོག;རྡོལ;ལམ;ལོ;ལོག;ལོང;ལྕགས;ཤོད;སོ;སོར;སྐམ;སྐར;སྐོང;སྐོར;སྒོ;སྒྱུར;སྒྲ;སྒྲུབ;སྒྲོལ;སྟན;སྟོང;སྟོན;སྡེ;སྡོམ;སྣམ;སྣེ;སྤར;སྤྱོད;སྦྱིན;སྦྱོང;སྦྱོར;སྦྲང	no	passed		ordinary_only	nonadmissible_observation	downgraded
བསྒོས	bsgos	CORPUS_F39DE6FEA67D;CORPUS_86605D8DD3C9;CORPUS_A6063072E7A9;CORPUS_16D4A9AA0695;CORPUS_735B62E02527	ཁོག;ཁོལ;ཁྲོག;ཁྲོད;ཁྲོམ;ཁྲོལ;གཅོད;གཏོར;གདོང;གདོན;གསོལ;གི;གུ;གེ;གོ;གྱིས;གྲང;གྲས;གྲི;གྲོ;གྲོལ;གྲོས;གླང;ངོས;ཅོ;ཅོག;ཆོག;ཆོས;ཏོག;ཐོ;ཐོག;ཐོད;ཐོན;ཐོབ;ཐོར;ཐོས;དོ;དྲོ;པོར;པོས;ཕོག;ཕོད;ཕོན;ཕོར;ཕྱིས;བཅད;བཅོས;བཞི;བཟློག;བརྒྱུད;བརྟགས;བརྟུལ;བརྟེན;བརྟོལ;བརྡེག;བརྡོལ;བརྩོན;བསྐལ;བསྐོར;བསྐྱེད;བསྒྱུར;བསྟན;བསྟོད;བསྡུས;མཁས;མགར;མགོན;མགྲོན;མཆོད;མཛོད;ཚོལ;ཚོས;ཟས;ཟོར;འཁོར;ཡས;ཡོན;ཡོལ;རས;རིས;རུས;རོ;རོག;རྒོལ;རྟོགས;རྡོག;རྡོལ;རྡོས;ལས;ལུས;ལོ;ལོག;ལོང;ལྷས;ཤས;ཤོད;སོ;སོར;སྐར;སྐོང;སྐོར;སྐྱེས;སྒོ;སྒྱུར;སྒྲ;སྒྲུབ;སྒྲོལ;སྟན;སྟོང;སྟོན;སྡེ;སྣམ;སྣེ;སྤར;སྤྱོད;སྦྱིན;སྦྱོང;སྦྱོར;སྦྲང	no	passed		ordinary_only	secure_independent_observation	retained
བསྒྱིངས	bsgyiṅs	CORPUS_F39DE6FEA67D;CORPUS_86605D8DD3C9;CORPUS_A6063072E7A9;CORPUS_E34B3E203AE6;CORPUS_63EB474B7A3F;SUFFIX_NG_TO_NDOT;CORPUS_F685D66CEF46	ཀི;ཁུགས;ཁུང;ཁེབས;ཁྱག;ཁྱབ;ཁྱེར;ཁྲིད;གཏོང;གདུང;གདོང;གཡོགས;གསུང;གི;གུ;གེ;གོ;གྱིས;གྲང;གྲས;གྲི;གྲོ;གྲོལ;གླང;གླིང;ཅི;ཅིག;ཅིང;ཆགས;ཆང;ཆིག;ཆུང;ཏི;ཏིག;ཐང;ཐབས;ཐམས;ཐིག;ཐུང;ཐེབས;ནགས;པགས;ཕུགས;ཕྱད;ཕྱམ;ཕྱིང;ཕྱིན;ཕྱུགས;ཕྲིན;བཅད;བཏང;བཞི;བཟློག;བརྒྱུད;བརྟགས;བརྟུལ;བརྟེན;བརྡེག;བརྡོལ;བསྐལ;བསྐོར;བསྐྱེད;བསྒྱུར;བསྟན;བསྟོད;བྱན;བྱིན;བྱེད;བྲང;མགར;མགོན;མགྲིན;མཐོང;ཙི;ཚགས;ཚང;ཚིགས;ཚིལ;ཛི;ཡང;ཡི;ཡིན;རི;རིག;རིགས;རིང;རིམས;རིལ;རིས;རྒོལ;རྟོགས;རྨང;ལང;ལིང;ལུང;ལོང;ལྕགས;སེང;སྐར;སྐོང;སྐྱིད;སྐྱིལ;སྐྱོང;སྒོ;སྒྱུར;སྒྲ;སྒྲུབ;སྒྲོལ;སྟན;སྟེང;སྟོང;སྡེ;སྣང;སྣམ;སྣེ;སྤར;སྤྱང;སྦྱང;སྦྱིན;སྦྱོང;སྦྲང;སྲིང	no	passed		ordinary_only	nonadmissible_observation	downgraded
བསྒྲགས	bsgrags	CORPUS_F39DE6FEA67D;CORPUS_86605D8DD3C9;CORPUS_A6063072E7A9;CORPUS_7F71AFFFC788;CORPUS_01025FAF5D30;CORPUS_9A673562CD7A;CORPUS_F685D66CEF46	ཀན;ཁབ;ཁར;ཁུག;ཁུགས;ཁེབས;ཁོག;ཁྱག;ཁྲག;ཁྲབ;ཁྲམ;ཁྲལ;ཁྲོག;ཁྲོན;ཁྲོམ;ཁྲོལ;གཅད;གདན;གཡོག;གཡོགས;གསལ;གི;གུ;གེ;གོ;གྱིས;གྲང;གྲས;གྲི;གྲུ;གྲོ;གྲོལ;གླང;ཅིག;ཅོག;ཆག;ཆགས;ཆང;ཆད;ཆར;ཆུག;ཆོག;ཏིག;ཐང;ཐད;ཐབ;ཐབས;ཐམ;ཐམས;ཐར;ཐལ;ཐེག;ཐེབས;ཐོག;དམག;དྲེ;དྲེག;དྲོ;ནག;ནགས;པག;པགས;པར;ཕག;ཕད;ཕན;ཕབ;ཕུག;ཕུགས;ཕོག;ཕྱགས;ཕྱད;ཕྲད;ཕྲན;ཕྲིན;ཕྲུག;བཅད;བདག;བཙན;བཞི;བཟློག;བརྒྱུད;བརྟགས;བརྟུལ;བརྟེན;བརྡེག;བརྡོལ;བརྩན;བསྐལ;བསྐོར;བསྐྱེད;བསྒྱུར;བསྟན;བསྟོད;བྱད;བྱན;བྲག;བྲང;བྲན;བྲལ;བྲེད;བྲོ;མགར;མགོན;མགྲོན;མཚར;མཛད;ཙ;ཚག;ཚགས;ཚར;ཛ;ཟ;ཟུག;འཁར;ཡན;ཡིག;རལ;རས;རིག;རིགས;རིམས;རུག;རོག;རྒོལ;རྟགས;རྟོགས;རྡལ;རྡེག;རྡོག;ལག;ལང;ལས;ལུག;ལོག;ལྕགས;ལྷག;ཤོག;སར;སྐར;སྐོང;སྒོ;སྒྱུར;སྒྲ;སྒྲུབ;སྒྲོག;སྒྲོལ;སྟག;སྟན;སྡེ;སྣ;སྣམ;སྣེ;སྤར;སྤྱད;སྦྱང;སྦྱར;སྦྱིན;སྦྲང;སྲོག;སློག	no	passed		ordinary_only	secure_independent_observation	retained
བསྒྲད	bsgrad	CORPUS_F39DE6FEA67D;CORPUS_86605D8DD3C9;CORPUS_A6063072E7A9;CORPUS_7F71AFFFC788;CORPUS_01025FAF5D30;CORPUS_DDC164B090C8	ཀན;ཁབ;ཁར;ཁྱད;ཁྲག;ཁྲབ;ཁྲམ;ཁྲལ;ཁྲོག;ཁྲོད;ཁྲོན;ཁྲོམ;ཁྲོལ;གཅད;གདན;གསལ;གི;གུ;གེ;གོ;གྱིས;གྲང;གྲས;གྲི;གྲུ;གྲོ;གྲོལ;གླང;ཆག;ཆང;ཆད;ཆར;ཆུད;ཐང;ཐད;ཐབ;ཐབས;ཐམ;ཐར;ཐལ;ཐེད;ཐོད;དྲེ;དྲོ;དྲོད;ནད;པད;པར;ཕག;ཕད;ཕན;ཕབ;ཕུད;ཕོད;ཕྱགས;ཕྱད;ཕྱེད;ཕྲད;ཕྲན;ཕྲིན;ཕྲུག;བཅད;བཙན;བཞི;བཟློག;བརྒྱུད;བརྟགས;བརྟུལ;བརྟེན;བརྡེག;བརྡོལ;བརྩན;བསྐལ;བསྐོར;བསྐྱེད;བསྒྱུར;བསྟན;བསྟོད;བྱད;བྱན;བྲང;བྲན;བྲལ;བྲེད;བྲོ;མགར;མགོན;མགྲོན;མཐུད;མཚར;མཛད;ཙ;ཚགས;ཚར;ཚུད;ཛ;ཟ;འཁར;ཡན;ཡོད;རལ;རས;རྒོད;རྒོལ;རྒྱུད;རྟགས;རྡལ;རྩེད;ལག;ལང;ལས;ཤེད;ཤོད;སར;སྐད;སྐར;སྐོང;སྐྱིད;སྐྱེད;སྒོ;སྒྱུར;སྒྲ;སྒྲུབ;སྒྲོལ;སྟན;སྟོད;སྡེ;སྡོད;སྣ;སྣམ;སྣེ;སྤར;སྤྱད;སྦྱང;སྦྱར;སྦྱིན;སྦྲང;སྲིད;སྲོག	no	passed		ordinary_only	nonadmissible_observation	downgraded
བསྒྲིག	bsgrig	CORPUS_F39DE6FEA67D;CORPUS_86605D8DD3C9;CORPUS_A6063072E7A9;CORPUS_7F71AFFFC788;CORPUS_63EB474B7A3F;CORPUS_9A673562CD7A	ཀི;ཁུག;ཁོག;ཁྱག;ཁྲག;ཁྲབ;ཁྲིད;ཁྲོག;ཁྲོན;ཁྲོམ;ཁྲོལ;གཡོག;གི;གུ;གེ;གོ;གྱིས;གྲང;གྲས;གྲི;གྲུ;གྲོ;གྲོལ;གླང;གླིང;ཅི;ཅིག;ཅོག;ཆག;ཆིག;ཆུག;ཆོག;ཏི;ཏིག;ཐིག;ཐེག;ཐོག;དམག;དྲེ;དྲེག;དྲོ;ནག;པག;ཕག;ཕུག;ཕོག;ཕྲད;ཕྲན;ཕྲིན;ཕྲུག;བཅད;བདག;བཞི;བཟློག;བརྒྱུད;བརྟགས;བརྟུལ;བརྟེན;བརྡེག;བརྡོལ;བསྐལ;བསྐོར;བསྐྱེད;བསྒྱུར;བསྟན;བསྟོད;བྱིན;བྲག;བྲང;བྲན;བྲེད;བྲོ;མགར;མགོན;མགྲིན;མགྲོན;ཙི;ཚག;ཚིགས;ཚིལ;ཛི;ཟུག;ཡི;ཡིག;ཡིན;རི;རིག;རིགས;རིལ;རིས;རུག;རོག;རྒོལ;རྡེག;རྡོག;ལག;ལིང;ལུག;ལོག;ལྷག;ཤོག;སྐར;སྐོང;སྐྱིད;སྐྱིལ;སྒོ;སྒྱུར;སྒྲ;སྒྲུབ;སྒྲོག;སྒྲོལ;སྟག;སྟན;སྡེ;སྣམ;སྣེ;སྤར;སྦྱིན;སྦྲང;སྲིང;སྲོག;སློག	no	passed		ordinary_only	nonadmissible_observation	downgraded
བསྒྲིགས	bsgrigs	CORPUS_F39DE6FEA67D;CORPUS_86605D8DD3C9;CORPUS_A6063072E7A9;CORPUS_7F71AFFFC788;CORPUS_63EB474B7A3F;CORPUS_9A673562CD7A;CORPUS_F685D66CEF46	ཀི;ཁུག;ཁུགས;ཁེབས;ཁོག;ཁྱག;ཁྲག;ཁྲབ;ཁྲིད;ཁྲོག;ཁྲོན;ཁྲོམ;ཁྲོལ;གཡོག;གཡོགས;གི;གུ;གེ;གོ;གྱིས;གྲང;གྲས;གྲི;གྲུ;གྲོ;གྲོལ;གླང;གླིང;ཅི;ཅིག;ཅོག;ཆག;ཆགས;ཆིག;ཆུག;ཆོག;ཏི;ཏིག;ཐབས;ཐམས;ཐིག;ཐེག;ཐེབས;ཐོག;དམག;དྲེ;དྲེག;དྲོ;ནག;ནགས;པག;པགས;ཕག;ཕུག;ཕུགས;ཕོག;ཕྲད;ཕྲན;ཕྲིན;ཕྲུག;བཅད;བདག;བཞི;བཟློག;བརྒྱུད;བརྟགས;བརྟུལ;བརྟེན;བརྡེག;བརྡོལ;བསྐལ;བསྐོར;བསྐྱེད;བསྒྱུར;བསྟན;བསྟོད;བྱིན;བྲག;བྲང;བྲན;བྲེད;བྲོ;མགར;མགོན;མགྲིན;མགྲོན;ཙི;ཚག;ཚགས;ཚིགས;ཚིལ;ཛི;ཟུག;ཡི;ཡིག;ཡིན;རི;རིག;རིགས;རིམས;རིལ;རིས;རུག;རོག;རྒོལ;རྟོགས;རྡེག;རྡོག;ལག;ལིང;ལུག;ལོག;ལྕགས;ལྷག;ཤོག;སྐར;སྐོང;སྐྱིད;སྐྱིལ;སྒོ;སྒྱུར;སྒྲ;སྒྲུབ;སྒྲོག;སྒྲོལ;སྟག;སྟན;སྡེ;སྣམ;སྣེ;སྤར;སྦྱིན;སྦྲང;སྲིང;སྲོག;སློག	no	passed		ordinary_only	nonadmissible_observation	downgraded
བསྒྲིན	bsgrin	CORPUS_F39DE6FEA67D;CORPUS_86605D8DD3C9;CORPUS_A6063072E7A9;CORPUS_7F71AFFFC788;CORPUS_63EB474B7A3F;CORPUS_76CFA3FCFF21	ཀན;ཀི;ཁོན;ཁྲག;ཁྲབ;ཁྲིད;ཁྲོག;ཁྲོན;ཁྲོམ;ཁྲོལ;གདོན;གི;གུ;གེ;གོ;གྱིས;གྲང;གྲས;གྲི;གྲུ;གྲོ;གྲོལ;གླང;གླིང;ཅི;ཅིག;ཆིག;ཆུན;ཆེན;ཏི;ཏིག;ཐིག;ཐུན;ཐེན;ཐོན;དམན;དྲེ;དྲོ;ནོན;པན;ཕན;ཕོན;ཕྱིན;ཕྲད;ཕྲན;ཕྲིན;ཕྲུག;བཅད;བཙན;བཞི;བཟློག;བརྒྱུད;བརྟགས;བརྟུལ;བརྟེན;བརྡེག;བརྡོལ;བསྐལ;བསྐོར;བསྐྱེད;བསྒྱུར;བསྟན;བསྟོད;བྱན;བྱིན;བྲང;བྲན;བྲེད;བྲོ;བློན;མཁན;མགར;མགོན;མགྲིན;མགྲོན;མཐུན;ཙི;ཚིགས;ཚིལ;ཚུན;ཛི;ཟན;ཡན;ཡི;ཡིན;ཡོན;རི;རིག;རིལ;རིས;རྒོལ;རྒྱུན;རྩེན;ལིང;ལེན;ཤན;སྐར;སྐོང;སྐྱིད;སྐྱིལ;སྒོ;སྒྱུར;སྒྲ;སྒྲུབ;སྒྲོལ;སྟན;སྟོན;སྡེ;སྣམ;སྣེ;སྤར;སྤྱན;སྦྱིན;སྦྲང;སྲིང;སྲོག	no	passed		ordinary_only	nonadmissible_observation	downgraded
བསྒྲིམས	bsgrims	CORPUS_F39DE6FEA67D;CORPUS_86605D8DD3C9;CORPUS_A6063072E7A9;CORPUS_7F71AFFFC788;CORPUS_63EB474B7A3F;CORPUS_5683E9A09D00;CORPUS_F685D66CEF46	ཀི;ཁུགས;ཁེབས;ཁོམ;ཁྱིམ;ཁྲག;ཁྲབ;ཁྲམ;ཁྲིད;ཁྲོག;ཁྲོན;ཁྲོམ;ཁྲོལ;གཡོགས;གསུམ;གི;གུ;གེ;གོ;གྱིས;གྲང;གྲས;གྲི;གྲུ;གྲོ;གྲོལ;གླང;གླིང;ཅི;ཅིག;ཆགས;ཆིག;ཏི;ཏིག;ཐབས;ཐམ;ཐམས;ཐིག;ཐུམ;ཐེབས;ཐེམ;དྲེ;དྲོ;ནགས;ནམ;པགས;ཕམ;ཕུགས;ཕྱམ;ཕྲད;ཕྲན;ཕྲིན;ཕྲུག;བཅད;བཅོམ;བཞི;བཟློག;བརྒྱུད;བརྟགས;བརྟུལ;བརྟེན;བརྡེག;བརྡོལ;བསྐལ;བསྐོར;བསྐྱེད;བསྒྱུར;བསྟན;བསྟོད;བྱིན;བྲང;བྲན;བྲེད;བྲོ;མགར;མགོན;མགྲིན;མགྲོན;ཙམ;ཙི;ཚགས;ཚིགས;ཚིམ;ཚིལ;ཛི;ཡི;ཡིན;ཡུམ;རི;རིག;རིགས;རིམ;རིམས;རིལ;རིས;རྒོལ;རྟོགས;ལམ;ལིང;ལྕགས;སྐམ;སྐར;སྐོང;སྐྱིད;སྐྱིལ;སྒོ;སྒྱུར;སྒྲ;སྒྲུབ;སྒྲོལ;སྟན;སྡེ;སྡོམ;སྣམ;སྣེ;སྤར;སྦྱིན;སྦྲང;སྲིང;སྲོག	no	passed		ordinary_only	secure_independent_observation	retained
བསྒྲུགས	bsgrugs	CORPUS_F39DE6FEA67D;CORPUS_86605D8DD3C9;CORPUS_A6063072E7A9;CORPUS_7F71AFFFC788;CORPUS_84A74DBDD722;CORPUS_9A673562CD7A;CORPUS_F685D66CEF46	ཀུན;ཁུག;ཁུགས;ཁུལ;ཁེབས;ཁོག;ཁྱག;ཁྲག;ཁྲབ;ཁྲོག;ཁྲོན;ཁྲོམ;ཁྲོལ;གདུང;གཡོག;གཡོགས;གི;གུ;གེ;གོ;གྱིས;གྲང;གྲས;གྲི;གྲུ;གྲོ;གྲོལ;གླང;ཅིག;ཅོག;ཆག;ཆགས;ཆུག;ཆུང;ཆུད;ཆུན;ཆོག;ཏིག;ཐབས;ཐམས;ཐུ;ཐུང;ཐུན;ཐུབ;ཐུམ;ཐུར;ཐུལ;ཐེག;ཐེབས;ཐོག;དམག;དུ;དྲུག;དྲེ;དྲེག;དྲོ;ནག;ནགས;ནུ;པག;པགས;ཕག;ཕུག;ཕུགས;ཕུད;ཕུབ;ཕུར;ཕོག;ཕྱུགས;ཕྲད;ཕྲན;ཕྲིན;ཕྲུག;བཅད;བདག;བཙུན;བཞི;བཟློག;བརྒྱུད;བརྟགས;བརྟུལ;བརྟེན;བརྡེག;བརྡོལ;བསྐལ;བསྐུར;བསྐོར;བསྐྱེད;བསྒྱུར;བསྟན;བསྟོད;བྲག;བྲང;བྲན;བྲེད;བྲོ;མགར;མགོན;མགྲོན;མཚུར;ཚག;ཚགས;ཚུགས;ཚུར;ཚུལ;ཟུག;ཟུར;ཡིག;ཡུལ;རིག;རིགས;རིམས;རུག;རུས;རོག;རྒོལ;རྟོགས;རྡུལ;རྡེག;རྡོག;ལག;ལུ;ལུག;ལུང;ལུས;ལོག;ལྕགས;ལྷག;ཤོག;སྐར;སྐོང;སྒོ;སྒྱུར;སྒྲ;སྒྲུབ;སྒྲོག;སྒྲོལ;སྟག;སྟན;སྡེ;སྣམ;སྣེ;སྤར;སྦྱིན;སྦྲང;སྲུང;སྲོག;སློག	no	passed		ordinary_only	nonadmissible_observation	downgraded
བསྒྲུབ	bsgrub	CORPUS_F39DE6FEA67D;CORPUS_86605D8DD3C9;CORPUS_A6063072E7A9;CORPUS_7F71AFFFC788;CORPUS_84A74DBDD722;CORPUS_0C6592BB5CEF	ཀུན;ཁབ;ཁུག;ཁུལ;ཁེབ;ཁྱབ;ཁྲག;ཁྲབ;ཁྲོག;ཁྲོན;ཁྲོམ;ཁྲོལ;གདུང;གདུབ;གི;གུ;གེ;གོ;གྱིས;གྲང;གྲས;གྲི;གྲུ;གྲུབ;གྲོ;གྲོལ;གླང;ཆུག;ཆུང;ཆུད;ཆུན;ཐབ;ཐབས;ཐུ;ཐུང;ཐུན;ཐུབ;ཐུམ;ཐུར;ཐུལ;ཐེབ;ཐོབ;དུ;དྲུག;དྲེ;དྲོ;ནུ;ཕབ;ཕུག;ཕུད;ཕུབ;ཕུར;ཕྱུགས;ཕྲད;ཕྲན;ཕྲིན;ཕྲུག;བཅད;བཏབ;བཙུན;བཞི;བཟློག;བརྒྱུད;བརྟགས;བརྟུལ;བརྟེན;བརྡབ;བརྡེག;བརྡོལ;བསྐལ;བསྐུར;བསྐོར;བསྐྱེད;བསྒྱུར;བསྟན;བསྟོད;བྲང;བྲན;བྲེད;བྲོ;མགར;མགོན;མགྲོན;མཚུར;ཚབ;ཚུགས;ཚུར;ཚུལ;ཟུར;འབབ;ཡབ;ཡུལ;རབ;རུག;རུས;རྒོལ;རྡུལ;ལུ;ལུག;ལུང;ལུས;ལེབ;སྐར;སྐོང;སྐྱོབ;སྒོ;སྒྱུར;སྒྲ;སྒྲུབ;སྒྲོལ;སྟན;སྡེ;སྡེབ;སྣམ;སྣེ;སྤར;སྦྱིན;སྦྲང;སྲུང;སྲོག;སློབ	no	passed		ordinary_only	nonadmissible_observation	downgraded
བསྒྲུབས	bsgrubs	CORPUS_F39DE6FEA67D;CORPUS_86605D8DD3C9;CORPUS_A6063072E7A9;CORPUS_7F71AFFFC788;CORPUS_84A74DBDD722;CORPUS_0C6592BB5CEF;CORPUS_F685D66CEF46	ཀུན;ཁབ;ཁུག;ཁུགས;ཁུལ;ཁེབ;ཁེབས;ཁྱབ;ཁྲག;ཁྲབ;ཁྲོག;ཁྲོན;ཁྲོམ;ཁྲོལ;གདུང;གདུབ;གཡོགས;གི;གུ;གེ;གོ;གྱིས;གྲང;གྲས;གྲི;གྲུ;གྲུབ;གྲོ;གྲོལ;གླང;ཆགས;ཆུག;ཆུང;ཆུད;ཆུན;ཐབ;ཐབས;ཐམས;ཐུ;ཐུང;ཐུན;ཐུབ;ཐུམ;ཐུར;ཐུལ;ཐེབ;ཐེབས;ཐོབ;དུ;དྲུག;དྲེ;དྲོ;ནགས;ནུ;པགས;ཕབ;ཕུག;ཕུགས;ཕུད;ཕུབ;ཕུར;ཕྱུགས;ཕྲད;ཕྲན;ཕྲིན;ཕྲུག;བཅད;བཏབ;བཙུན;བཞི;བཟློག;བརྒྱུད;བརྟགས;བརྟུལ;བརྟེན;བརྡབ;བརྡེག;བརྡོལ;བསྐལ;བསྐུར;བསྐོར;བསྐྱེད;བསྒྱུར;བསྟན;བསྟོད;བྲང;བྲན;བྲེད;བྲོ;མགར;མགོན;མགྲོན;མཚུར;ཚགས;ཚབ;ཚུགས;ཚུར;ཚུལ;ཟུར;འབབ;ཡབ;ཡུལ;རབ;རིགས;རིམས;རུག;རུས;རྒོལ;རྟོགས;རྡུལ;ལུ;ལུག;ལུང;ལུས;ལེབ;ལྕགས;སྐར;སྐོང;སྐྱོབ;སྒོ;སྒྱུར;སྒྲ;སྒྲུབ;སྒྲོལ;སྟན;སྡེ;སྡེབ;སྣམ;སྣེ;སྤར;སྦྱིན;སྦྲང;སྲུང;སྲོག;སློབ	no	passed		ordinary_only	nonadmissible_observation	downgraded
བསྣངས	bsnaṅs	CORPUS_F39DE6FEA67D;CORPUS_86605D8DD3C9;CORPUS_7F051B17DE73;CORPUS_01025FAF5D30;SUFFIX_NG_TO_NDOT;CORPUS_F685D66CEF46	ཀན;ཁབ;ཁར;ཁུགས;ཁུང;ཁེབས;ཁྲག;ཁྲམ;ཁྲལ;གཅད;གཏོང;གདན;གདུང;གདོང;གནོན;གཡོགས;གསལ;གསུང;གྲང;གྲས;གླང;ཅིང;ཆག;ཆགས;ཆང;ཆད;ཆར;ཆུང;ཐང;ཐད;ཐབ;ཐབས;ཐམ;ཐམས;ཐར;ཐལ;ཐུང;ཐེབས;ནག;ནགས;ནད;ནམ;ནུ;ནེ;ནོན;ནོར;པགས;པར;ཕག;ཕད;ཕན;ཕབ;ཕུགས;ཕྱགས;ཕྱད;ཕྱིང;ཕྲན;བཅད;བཏང;བཙན;བཞི;བཟློག;བརྒྱུད;བརྟགས;བརྟུལ;བརྟེན;བརྡེག;བརྡོལ;བརྩན;བསྐལ;བསྐོར;བསྐྱེད;བསྒྱུར;བསྟན;བསྟོད;བྱད;བྱན;བྲང;བྲལ;མཐོང;མཚར;མཛད;ཙ;ཚགས;ཚང;ཚར;ཛ;ཟ;འཁར;ཡང;ཡན;རལ;རས;རིགས;རིང;རིམས;རྟགས;རྟོགས;རྡལ;རྣོ;རྨང;ལག;ལང;ལས;ལུང;ལོང;ལྕགས;སར;སེང;སྐར;སྐོང;སྐྱོང;སྒོ;སྒྱུར;སྒྲུབ;སྒྲོལ;སྟན;སྟེང;སྟོང;སྡེ;སྣ;སྣང;སྣམ;སྣེ;སྣོད;སྤར;སྤྱང;སྤྱད;སྦྱང;སྦྱར;སྦྱིན;སྦྱོང;སྦྲང;སྲིང	no	passed		ordinary_only	nonadmissible_observation	downgraded
བསྣད	bsnad	CORPUS_F39DE6FEA67D;CORPUS_86605D8DD3C9;CORPUS_7F051B17DE73;CORPUS_01025FAF5D30;CORPUS_DDC164B090C8	ཀན;ཁབ;ཁར;ཁྱད;ཁྲག;ཁྲམ;ཁྲལ;ཁྲོད;གཅད;གདན;གནོན;གསལ;གྲས;གླང;ཆག;ཆང;ཆད;ཆར;ཆུད;ཐང;ཐད;ཐབ;ཐབས;ཐམ;ཐར;ཐལ;ཐེད;ཐོད;དྲོད;ནག;ནགས;ནད;ནམ;ནུ;ནེ;ནོན;ནོར;པད;པར;ཕག;ཕད;ཕན;ཕབ;ཕུད;ཕོད;ཕྱགས;ཕྱད;ཕྱེད;ཕྲད;ཕྲན;བཅད;བཙན;བཞི;བཟློག;བརྒྱུད;བརྟགས;བརྟུལ;བརྟེན;བརྡེག;བརྡོལ;བརྩན;བསྐལ;བསྐོར;བསྐྱེད;བསྒྱུར;བསྟན;བསྟོད;བྱད;བྱན;བྲལ;བྲེད;མཐུད;མཚར;མཛད;ཙ;ཚགས;ཚར;ཚུད;ཛ;ཟ;འཁར;ཡན;ཡོད;རལ;རས;རྒོད;རྒྱུད;རྟགས;རྡལ;རྣོ;རྩེད;ལག;ལང;ལས;ཤེད;ཤོད;སར;སྐད;སྐར;སྐོང;སྐྱིད;སྐྱེད;སྒོ;སྒྱུར;སྒྲུབ;སྒྲོལ;སྟན;སྟོད;སྡེ;སྡོད;སྣ;སྣམ;སྣེ;སྣོད;སྤར;སྤྱད;སྦྱང;སྦྱར;སྦྱིན;སྦྲང;སྲིད	no	passed		ordinary_only	nonadmissible_observation	downgraded
བསྣམ	bsnam	CORPUS_F39DE6FEA67D;CORPUS_86605D8DD3C9;CORPUS_7F051B17DE73;CORPUS_01025FAF5D30;CORPUS_5683E9A09D00	ཀན;ཁབ;ཁར;ཁོམ;ཁྱིམ;ཁྲག;ཁྲམ;ཁྲལ;ཁྲོམ;གཅད;གདན;གནོན;གསལ;གསུམ;གྲས;གླང;ཆག;ཆང;ཆད;ཆར;ཐང;ཐད;ཐབ;ཐབས;ཐམ;ཐམས;ཐར;ཐལ;ཐུམ;ཐེམ;ནག;ནགས;ནད;ནམ;ནུ;ནེ;ནོན;ནོར;པར;ཕག;ཕད;ཕན;ཕབ;ཕམ;ཕྱགས;ཕྱད;ཕྱམ;ཕྲན;བཅད;བཅོམ;བཙན;བཞི;བཟློག;བརྒྱུད;བརྟགས;བརྟུལ;བརྟེན;བརྡེག;བརྡོལ;བརྩན;བསྐལ;བསྐོར;བསྐྱེད;བསྒྱུར;བསྟན;བསྟོད;བྱད;བྱན;བྲལ;མཚར;མཛད;ཙ;ཙམ;ཚགས;ཚར;ཚིམ;ཛ;ཟ;འཁར;ཡན;ཡུམ;རལ;རས;རིམ;རིམས;རྟགས;རྡལ;རྣོ;ལག;ལང;ལམ;ལས;སར;སྐམ;སྐར;སྐོང;སྒོ;སྒྱུར;སྒྲུབ;སྒྲོལ;སྟན;སྡེ;སྡོམ;སྣ;སྣམ;སྣེ;སྣོད;སྤར;སྤྱད;སྦྱང;སྦྱར;སྦྱིན;སྦྲང	no	passed		ordinary_only	nonadmissible_observation	downgraded
བསྣམས	bsnams	CORPUS_F39DE6FEA67D;CORPUS_86605D8DD3C9;CORPUS_7F051B17DE73;CORPUS_01025FAF5D30;CORPUS_5683E9A09D00;CORPUS_F685D66CEF46	ཀན;ཁབ;ཁར;ཁུགས;ཁེབས;ཁོམ;ཁྱིམ;ཁྲག;ཁྲམ;ཁྲལ;ཁྲོམ;གཅད;གདན;གནོན;གཡོགས;གསལ;གསུམ;གྲས;གླང;ཆག;ཆགས;ཆང;ཆད;ཆར;ཐང;ཐད;ཐབ;ཐབས;ཐམ;ཐམས;ཐར;ཐལ;ཐུམ;ཐེབས;ཐེམ;ནག;ནགས;ནད;ནམ;ནུ;ནེ;ནོན;ནོར;པགས;པར;ཕག;ཕད;ཕན;ཕབ;ཕམ;ཕུགས;ཕྱགས;ཕྱད;ཕྱམ;ཕྲན;བཅད;བཅོམ;བཙན;བཞི;བཟློག;བརྒྱུད;བརྟགས;བརྟུལ;བརྟེན;བརྡེག;བརྡོལ;བརྩན;བསྐལ;བསྐོར;བསྐྱེད;བསྒྱུར;བསྟན;བསྟོད;བྱད;བྱན;བྲལ;མཚར;མཛད;ཙ;ཙམ;ཚགས;ཚར;ཚིམ;ཛ;ཟ;འཁར;ཡན;ཡུམ;རལ;རས;རིགས;རིམ;རིམས;རྟགས;རྟོགས;རྡལ;རྣོ;ལག;ལང;ལམ;ལས;ལྕགས;སར;སྐམ;སྐར;སྐོང;སྒོ;སྒྱུར;སྒྲུབ;སྒྲོལ;སྟན;སྡེ;སྡོམ;སྣ;སྣམ;སྣེ;སྣོད;སྤར;སྤྱད;སྦྱང;སྦྱར;སྦྱིན;སྦྲང	no	passed		ordinary_only	secure_independent_observation	retained
བསྣར	bsnar	CORPUS_F39DE6FEA67D;CORPUS_86605D8DD3C9;CORPUS_7F051B17DE73;CORPUS_01025FAF5D30;CORPUS_6783C3DA00D4	ཀན;ཀར;ཁབ;ཁར;ཁེར;ཁྲག;ཁྲམ;ཁྲལ;གཅད;གཏོར;གདན;གནོན;གསར;གསལ;གྲས;གླང;ཆག;ཆང;ཆད;ཆར;ཆེར;ཐང;ཐད;ཐབ;ཐབས;ཐམ;ཐར;ཐལ;ཐུར;ཐེར;ཐོར;ནག;ནགས;ནད;ནམ;ནུ;ནེ;ནོན;ནོར;པར;པོར;ཕག;ཕད;ཕན;ཕབ;ཕུར;ཕོར;ཕྱགས;ཕྱད;ཕྱར;ཕྲན;བཅད;བདར;བཙན;བཞི;བཟློག;བརྒྱུད;བརྟགས;བརྟུལ;བརྟེན;བརྡར;བརྡེག;བརྡོལ;བརྩན;བསྐལ;བསྐོར;བསྐྱེད;བསྒྱུར;བསྟན;བསྟོད;བྱད;བྱན;བྲལ;མཁར;མཚར;མཛད;ཙ;ཚགས;ཚར;ཚུར;ཛ;ཟ;ཟུར;ཟེར;འཁར;འཁོར;འབར;ཡན;ཡར;རལ;རས;རྟགས;རྡལ;རྣོ;ལག;ལང;ལས;ཤོར;སར;སེར;སོར;སྐར;སྐོང;སྐོར;སྒོ;སྒྱུར;སྒྲུབ;སྒྲོལ;སྟན;སྟེར;སྡེ;སྣ;སྣམ;སྣེ;སྣོད;སྤར;སྤྱད;སྦྱང;སྦྱར;སྦྱིན;སྦྱོར;སྦྲང	no	passed		ordinary_only	nonadmissible_observation	downgraded
བསྣུད	bsnud	CORPUS_F39DE6FEA67D;CORPUS_86605D8DD3C9;CORPUS_7F051B17DE73;CORPUS_84A74DBDD722;CORPUS_DDC164B090C8	ཀུན;ཁུག;ཁུལ;ཁྱད;ཁྲོད;གདུང;གནོན;གུ;གྲུ;ཆད;ཆུག;ཆུང;ཆུད;ཆུན;ཐད;ཐུ;ཐུང;ཐུན;ཐུབ;ཐུམ;ཐུར;ཐུལ;ཐེད;ཐོད;དུ;དྲུག;དྲོད;ནག;ནགས;ནད;ནམ;ནུ;ནེ;ནོན;ནོར;པད;ཕད;ཕུག;ཕུད;ཕུབ;ཕུར;ཕོད;ཕྱད;ཕྱུགས;ཕྱེད;ཕྲད;བཅད;བཙུན;བཞི;བཟློག;བརྒྱུད;བརྟགས;བརྟུལ;བརྟེན;བརྡེག;བརྡོལ;བསྐལ;བསྐུར;བསྐོར;བསྐྱེད;བསྒྱུར;བསྟན;བསྟོད;བྱད;བྲེད;མཐུད;མཚུར;ཚུགས;ཚུད;ཚུར;ཚུལ;ཟུར;ཡུལ;ཡོད;རུག;རུས;རྒོད;རྒྱུད;རྡུལ;རྣོ;རྩེད;ལུ;ལུག;ལུང;ལུས;ཤེད;ཤོད;སྐད;སྐར;སྐོང;སྐྱིད;སྐྱེད;སྒོ;སྒྱུར;སྒྲུབ;སྒྲོལ;སྟན;སྟོད;སྡེ;སྡོད;སྣམ;སྣེ;སྣོད;སྤར;སྤྱད;སྦྱིན;སྦྲང;སྲིད;སྲུང	no	passed		ordinary_only	nonadmissible_observation	downgraded
བསྣུན	bsnun	CORPUS_F39DE6FEA67D;CORPUS_86605D8DD3C9;CORPUS_7F051B17DE73;CORPUS_84A74DBDD722;CORPUS_76CFA3FCFF21	ཀན;ཀུན;ཁུག;ཁུལ;ཁོན;ཁྲོན;གདུང;གདོན;གནོན;གུ;གྲུ;ཆུག;ཆུང;ཆུད;ཆུན;ཆེན;ཐུ;ཐུང;ཐུན;ཐུབ;ཐུམ;ཐུར;ཐུལ;ཐེན;ཐོན;དམན;དུ;དྲུག;ནག;ནགས;ནད;ནམ;ནུ;ནེ;ནོན;ནོར;པན;ཕན;ཕུག;ཕུད;ཕུབ;ཕུར;ཕོན;ཕྱིན;ཕྱུགས;ཕྲན;བཅད;བཙན;བཙུན;བཞི;བཟློག;བརྒྱུད;བརྟགས;བརྟུལ;བརྟེན;བརྡེག;བརྡོལ;བསྐལ;བསྐུར;བསྐོར;བསྐྱེད;བསྒྱུར;བསྟན;བསྟོད;བྱན;བྱིན;བྲན;བློན;མཁན;མཐུན;མཚུར;ཚུགས;ཚུན;ཚུར;ཚུལ;ཟན;ཟུར;ཡན;ཡིན;ཡུལ;ཡོན;རུག;རུས;རྒྱུན;རྡུལ;རྣོ;རྩེན;ལུ;ལུག;ལུང;ལུས;ལེན;ཤན;སྐར;སྐོང;སྒོ;སྒྱུར;སྒྲུབ;སྒྲོལ;སྟན;སྟོན;སྡེ;སྣམ;སྣེ;སྣོད;སྤར;སྤྱན;སྦྱིན;སྦྲང;སྲུང	no	passed		ordinary_only	nonadmissible_observation	downgraded
བསྣུབ	bsnub	CORPUS_F39DE6FEA67D;CORPUS_86605D8DD3C9;CORPUS_7F051B17DE73;CORPUS_84A74DBDD722;CORPUS_0C6592BB5CEF	ཀུན;ཁབ;ཁུག;ཁུལ;ཁེབ;ཁྱབ;ཁྲབ;གདུང;གདུབ;གནོན;གུ;གྲུ;གྲུབ;ཆུག;ཆུང;ཆུད;ཆུན;ཐབ;ཐབས;ཐུ;ཐུང;ཐུན;ཐུབ;ཐུམ;ཐུར;ཐུལ;ཐེབ;ཐོབ;དུ;དྲུག;ནག;ནགས;ནད;ནམ;ནུ;ནེ;ནོན;ནོར;ཕབ;ཕུག;ཕུད;ཕུབ;ཕུར;ཕྱུགས;བཅད;བཏབ;བཙུན;བཞི;བཟློག;བརྒྱུད;བརྟགས;བརྟུལ;བརྟེན;བརྡབ;བརྡེག;བརྡོལ;བསྐལ;བསྐུར;བསྐོར;བསྐྱེད;བསྒྱུར;བསྟན;བསྟོད;མཚུར;ཚབ;ཚུགས;ཚུར;ཚུལ;ཟུར;འབབ;ཡབ;ཡུལ;རབ;རུག;རུས;རྡུལ;རྣོ;ལུ;ལུག;ལུང;ལུས;ལེབ;སྐར;སྐོང;སྐྱོབ;སྒོ;སྒྱུར;སྒྲུབ;སྒྲོལ;སྟན;སྡེ;སྡེབ;སྣམ;སྣེ;སྣོད;སྤར;སྦྱིན;སྦྲང;སྲུང;སློབ	no	passed		ordinary_only	nonadmissible_observation	downgraded
བསྣུར	bsnur	CORPUS_F39DE6FEA67D;CORPUS_86605D8DD3C9;CORPUS_7F051B17DE73;CORPUS_84A74DBDD722;CORPUS_6783C3DA00D4	ཀར;ཀུན;ཁར;ཁུག;ཁུལ;ཁེར;གཏོར;གདུང;གནོན;གསར;གུ;གྲུ;ཆར;ཆུག;ཆུང;ཆུད;ཆུན;ཆེར;ཐར;ཐུ;ཐུང;ཐུན;ཐུབ;ཐུམ;ཐུར;ཐུལ;ཐེར;ཐོར;དུ;དྲུག;ནག;ནགས;ནད;ནམ;ནུ;ནེ;ནོན;ནོར;པར;པོར;ཕུག;ཕུད;ཕུབ;ཕུར;ཕོར;ཕྱར;ཕྱུགས;བཅད;བདར;བཙུན;བཞི;བཟློག;བརྒྱུད;བརྟགས;བརྟུལ;བརྟེན;བརྡར;བརྡེག;བརྡོལ;བསྐལ;བསྐུར;བསྐོར;བསྐྱེད;བསྒྱུར;བསྟན;བསྟོད;མཁར;མཚུར;ཚར;ཚུགས;ཚུར;ཚུལ;ཟུར;ཟེར;འཁོར;འབར;ཡར;ཡུལ;རུག;རུས;རྡུལ;རྣོ;ལུ;ལུག;ལུང;ལུས;ཤོར;སེར;སོར;སྐར;སྐོང;སྐོར;སྒོ;སྒྱུར;སྒྲུབ;སྒྲོལ;སྟན;སྟེར;སྡེ;སྣམ;སྣེ;སྣོད;སྤར;སྦྱར;སྦྱིན;སྦྱོར;སྦྲང;སྲུང	no	passed		ordinary_only	secure_independent_observation	retained
བསྣོག	bsnog	CORPUS_F39DE6FEA67D;CORPUS_86605D8DD3C9;CORPUS_7F051B17DE73;CORPUS_16D4A9AA0695;CORPUS_9A673562CD7A	ཁུག;ཁོག;ཁོལ;ཁྱག;ཁྲག;ཁྲོག;ཁྲོད;ཁྲོམ;ཁྲོལ;གཅོད;གཏོར;གདོང;གདོན;གནོན;གཡོག;གསོལ;གོ;གྲོ;གྲོས;ངོས;ཅིག;ཅོ;ཅོག;ཆག;ཆུག;ཆོག;ཏིག;ཏོག;ཐེག;ཐོ;ཐོག;ཐོད;ཐོན;ཐོབ;ཐོར;དམག;དོ;དྲེག;དྲོ;ནག;ནགས;ནད;ནམ;ནུ;ནེ;ནོན;ནོར;པག;པོར;ཕག;ཕུག;ཕོག;ཕོད;ཕོན;ཕོར;བཅད;བདག;བཞི;བཟློག;བརྒྱུད;བརྟགས;བརྟུལ;བརྟེན;བརྟོལ;བརྡེག;བརྡོལ;བརྩོན;བསྐལ;བསྐོར;བསྐྱེད;བསྒྱུར;བསྟན;བསྟོད;བྲག;མགྲོན;མཆོད;མཛོད;ཚག;ཚོལ;ཚོས;ཟུག;ཟོར;འཁོར;ཡིག;ཡོན;ཡོལ;རིག;རིགས;རུག;རོ;རོག;རྟོགས;རྡེག;རྡོག;རྡོལ;རྣོ;ལག;ལུག;ལོ;ལོག;ལོང;ལྷག;ཤོག;ཤོད;སོ;སོར;སྐར;སྐོང;སྐོར;སྒོ;སྒྱུར;སྒྲུབ;སྒྲོག;སྒྲོལ;སྟག;སྟན;སྟོང;སྟོན;སྡེ;སྣམ;སྣེ;སྣོད;སྤར;སྤྱོད;སྦྱིན;སྦྱོང;སྦྱོར;སྦྲང;སྲོག;སློག	no	passed		ordinary_only	nonadmissible_observation	downgraded
བསྣོན	bsnon	CORPUS_F39DE6FEA67D;CORPUS_86605D8DD3C9;CORPUS_7F051B17DE73;CORPUS_16D4A9AA0695;CORPUS_76CFA3FCFF21	ཀན;ཁོག;ཁོན;ཁོལ;ཁྲོག;ཁྲོད;ཁྲོན;ཁྲོམ;ཁྲོལ;གཅོད;གཏོར;གདོང;གདོན;གནོན;གསོལ;གོ;གྲོ;གྲོས;ངོས;ཅོ;ཅོག;ཆུན;ཆེན;ཆོག;ཏོག;ཐུན;ཐེན;ཐོ;ཐོག;ཐོད;ཐོན;ཐོབ;ཐོར;དམན;དོ;དྲོ;ནག;ནགས;ནད;ནམ;ནུ;ནེ;ནོན;ནོར;པན;པོར;ཕན;ཕོག;ཕོད;ཕོན;ཕོར;ཕྱིན;ཕྲན;བཅད;བཙན;བཞི;བཟློག;བརྒྱུད;བརྟགས;བརྟུལ;བརྟེན;བརྟོལ;བརྡེག;བརྡོལ;བརྩོན;བསྐལ;བསྐོར;བསྐྱེད;བསྒྱུར;བསྟན;བསྟོད;བྱན;བྱིན;བྲན;བློན;མཁན;མགྲོན;མཆོད;མཐུན;མཛོད;ཚུན;ཚོལ;ཚོས;ཟན;ཟོར;འཁོར;ཡན;ཡིན;ཡོན;ཡོལ;རོ;རོག;རྒྱུན;རྟོགས;རྡོག;རྡོལ;རྣོ;རྩེན;ལེན;ལོ;ལོག;ལོང;ཤན;ཤོད;སོ;སོར;སྐར;སྐོང;སྐོར;སྒོ;སྒྱུར;སྒྲུབ;སྒྲོལ;སྟན;སྟོང;སྟོན;སྡེ;སྣམ;སྣེ;སྣོད;སྤར;སྤྱན;སྤྱོད;སྦྱིན;སྦྱོང;སྦྱོར;སྦྲང	no	passed		ordinary_only	nonadmissible_observation	downgraded
བསྣོར	bsnor	CORPUS_F39DE6FEA67D;CORPUS_86605D8DD3C9;CORPUS_7F051B17DE73;CORPUS_16D4A9AA0695;CORPUS_6783C3DA00D4	ཀར;ཁར;ཁེར;ཁོག;ཁོལ;ཁྲོག;ཁྲོད;ཁྲོམ;ཁྲོལ;གཅོད;གཏོར;གདོང;གདོན;གནོན;གསར;གསོལ;གོ;གྲོ;གྲོས;ངོས;ཅོ;ཅོག;ཆར;ཆེར;ཆོག;ཏོག;ཐར;ཐུར;ཐེར;ཐོ;ཐོག;ཐོད;ཐོན;ཐོབ;ཐོར;དོ;དྲོ;ནག;ནགས;ནད;ནམ;ནུ;ནེ;ནོན;ནོར;པར;པོར;ཕུར;ཕོག;ཕོད;ཕོན;ཕོར;ཕྱར;བཅད;བདར;བཞི;བཟློག;བརྒྱུད;བརྟགས;བརྟུལ;བརྟེན;བརྟོལ;བརྡར;བརྡེག;བརྡོལ;བརྩོན;བསྐལ;བསྐོར;བསྐྱེད;བསྒྱུར;བསྟན;བསྟོད;མཁར;མགྲོན;མཆོད;མཛོད;ཚར;ཚུར;ཚོལ;ཚོས;ཟུར;ཟེར;ཟོར;འཁོར;འབར;ཡར;ཡོན;ཡོལ;རོ;རོག;རྟོགས;རྡོག;རྡོལ;རྣོ;ལོ;ལོག;ལོང;ཤོད;ཤོར;སེར;སོ;སོར;སྐར;སྐོང;སྐོར;སྒོ;སྒྱུར;སྒྲུབ;སྒྲོལ;སྟན;སྟེར;སྟོང;སྟོན;སྡེ;སྣམ;སྣེ;སྣོད;སྤར;སྤྱོད;སྦྱར;སྦྱིན;སྦྱོང;སྦྱོར;སྦྲང	no	passed		ordinary_only	nonadmissible_observation	downgraded
བསྣོས	bsnos	CORPUS_F39DE6FEA67D;CORPUS_86605D8DD3C9;CORPUS_7F051B17DE73;CORPUS_16D4A9AA0695;CORPUS_735B62E02527	ཁོག;ཁོལ;ཁྲོག;ཁྲོད;ཁྲོམ;ཁྲོལ;གཅོད;གཏོར;གདོང;གདོན;གནོན;གསོལ;གོ;གྲས;གྲོ;གྲོས;ངོས;ཅོ;ཅོག;ཆོག;ཆོས;ཏོག;ཐོ;ཐོག;ཐོད;ཐོན;ཐོབ;ཐོར;ཐོས;དོ;དྲོ;ནག;ནགས;ནད;ནམ;ནུ;ནེ;ནོན;ནོར;པོར;པོས;ཕོག;ཕོད;ཕོན;ཕོར;ཕྱིས;བཅད;བཅོས;བཞི;བཟློག;བརྒྱུད;བརྟགས;བརྟུལ;བརྟེན;བརྟོལ;བརྡེག;བརྡོལ;བརྩོན;བསྐལ;བསྐོར;བསྐྱེད;བསྒྱུར;བསྟན;བསྟོད;བསྡུས;མཁས;མགྲོན;མཆོད;མཛོད;ཚོལ;ཚོས;ཟས;ཟོར;འཁོར;ཡས;ཡོན;ཡོལ;རས;རིས;རུས;རོ;རོག;རྟོགས;རྡོག;རྡོལ;རྡོས;རྣོ;ལས;ལུས;ལོ;ལོག;ལོང;ལྷས;ཤས;ཤོད;སོ;སོར;སྐར;སྐོང;སྐོར;སྐྱེས;སྒོ;སྒྱུར;སྒྲུབ;སྒྲོལ;སྟན;སྟོང;སྟོན;སྡེ;སྣམ;སྣེ;སྣོད;སྤར;སྤྱོད;སྦྱིན;སྦྱོང;སྦྱོར;སྦྲང	no	passed		ordinary_only	nonadmissible_observation	downgraded
བཱ	ba			no	insufficient		ordinary_only	no_feature_target	downgraded
བྱག	byag	CORPUS_B453155DE050;CORPUS_E34B3E203AE6;CORPUS_01025FAF5D30;CORPUS_9A673562CD7A	ཀན;ཁབ;ཁར;ཁུག;ཁོག;ཁྱག;ཁྱབ;ཁྱེར;ཁྲག;ཁྲམ;ཁྲལ;ཁྲོག;གཅད;གདན;གཡོག;གསལ;གྲས;གླང;ཅིག;ཅོག;ཆག;ཆང;ཆད;ཆར;ཆུག;ཆོག;ཏིག;ཐང;ཐད;ཐབ;ཐབས;ཐམ;ཐར;ཐལ;ཐེག;ཐོག;དམག;དྲེག;ནག;པག;པར;ཕག;ཕད;ཕན;ཕབ;ཕུག;ཕོག;ཕྱགས;ཕྱད;ཕྱམ;ཕྱིན;ཕྱུགས;ཕྲན;བདག;བཙན;བརྩན;བྱད;བྱན;བྱི;བྱིན;བྱེད;བྲག;བྲང;བྲན;བྲལ;བྲོ;བླང;མཚར;མཛད;ཙ;ཚག;ཚགས;ཚར;ཛ;ཟ;ཟུག;འཁར;འབར;ཡན;ཡིག;རལ;རས;རིག;རིགས;རུག;རོག;རྟགས;རྡལ;རྡེག;རྡོག;ལག;ལང;ལས;ལུག;ལོག;ལྷག;ཤོག;སར;སྐར;སྐྱོང;སྒྲོག;སྟག;སྟན;སྣ;སྤྱད;སྦྱང;སྦྱར;སྦྱོང;སྲོག;སློག	no	passed		ordinary_only	nonadmissible_observation	downgraded
བྱབ	byab	CORPUS_B453155DE050;CORPUS_E34B3E203AE6;CORPUS_01025FAF5D30;CORPUS_0C6592BB5CEF	ཀན;ཁབ;ཁར;ཁེབ;ཁྱག;ཁྱབ;ཁྱེར;ཁྲག;ཁྲབ;ཁྲམ;ཁྲལ;གཅད;གདན;གདུབ;གསལ;གྲས;གྲུབ;གླང;ཆག;ཆང;ཆད;ཆར;ཐང;ཐད;ཐབ;ཐབས;ཐམ;ཐར;ཐལ;ཐུབ;ཐེབ;ཐོབ;པར;ཕག;ཕད;ཕན;ཕབ;ཕུབ;ཕྱགས;ཕྱད;ཕྱམ;ཕྱིན;ཕྱུགས;ཕྲན;བཏབ;བཙན;བརྡབ;བརྩན;བྱད;བྱན;བྱི;བྱིན;བྱེད;བྲག;བྲང;བྲན;བྲལ;བྲོ;བླང;མཚར;མཛད;ཙ;ཚགས;ཚབ;ཚར;ཛ;ཟ;འཁར;འབབ;འབར;ཡན;ཡབ;རབ;རལ;རས;རྟགས;རྡལ;ལག;ལང;ལས;ལེབ;སར;སྐར;སྐྱོང;སྐྱོབ;སྟན;སྡེབ;སྣ;སྤྱད;སྦྱང;སྦྱར;སྦྱོང;སློབ	no	passed		ordinary_only	nonadmissible_observation	downgraded
བྱབས	byabs	CORPUS_B453155DE050;CORPUS_E34B3E203AE6;CORPUS_01025FAF5D30;CORPUS_0C6592BB5CEF;CORPUS_F685D66CEF46	ཀན;ཁབ;ཁར;ཁུགས;ཁེབ;ཁེབས;ཁྱག;ཁྱབ;ཁྱེར;ཁྲག;ཁྲབ;ཁྲམ;ཁྲལ;གཅད;གདན;གདུབ;གཡོགས;གསལ;གྲས;གྲུབ;གླང;ཆག;ཆགས;ཆང;ཆད;ཆར;ཐང;ཐད;ཐབ;ཐབས;ཐམ;ཐམས;ཐར;ཐལ;ཐུབ;ཐེབ;ཐེབས;ཐོབ;ནགས;པགས;པར;ཕག;ཕད;ཕན;ཕབ;ཕུགས;ཕུབ;ཕྱགས;ཕྱད;ཕྱམ;ཕྱིན;ཕྱུགས;ཕྲན;བཏབ;བཙན;བརྟགས;བརྡབ;བརྩན;བྱད;བྱན;བྱི;བྱིན;བྱེད;བྲག;བྲང;བྲན;བྲལ;བྲོ;བླང;མཚར;མཛད;ཙ;ཚགས;ཚབ;ཚར;ཛ;ཟ;འཁར;འབབ;འབར;ཡན;ཡབ;རབ;རལ;རས;རིགས;རིམས;རྟགས;རྟོགས;རྡལ;ལག;ལང;ལས;ལེབ;ལྕགས;སར;སྐར;སྐྱོང;སྐྱོབ;སྟན;སྡེབ;སྣ;སྤྱད;སྦྱང;སྦྱར;སྦྱོང;སློབ	no	passed		ordinary_only	secure_independent_observation	retained
བྱམ	byam	CORPUS_B453155DE050;CORPUS_E34B3E203AE6;CORPUS_01025FAF5D30;CORPUS_5683E9A09D00	ཀན;ཁབ;ཁར;ཁོམ;ཁྱག;ཁྱབ;ཁྱིམ;ཁྱེར;ཁྲག;ཁྲམ;ཁྲལ;ཁྲོམ;གཅད;གདན;གསལ;གསུམ;གྲས;གླང;ཆག;ཆང;ཆད;ཆར;ཐང;ཐད;ཐབ;ཐབས;ཐམ;ཐམས;ཐར;ཐལ;ཐུམ;ཐེམ;ནམ;པར;ཕག;ཕད;ཕན;ཕབ;ཕམ;ཕྱགས;ཕྱད;ཕྱམ;ཕྱིན;ཕྱུགས;ཕྲན;བཅོམ;བཙན;བརྩན;བྱད;བྱན;བྱི;བྱིན;བྱེད;བྲག;བྲང;བྲན;བྲལ;བྲོ;བླང;མཚར;མཛད;ཙ;ཙམ;ཚགས;ཚར;ཚིམ;ཛ;ཟ;འཁར;འབར;ཡན;ཡུམ;རལ;རས;རིམ;རིམས;རྟགས;རྡལ;ལག;ལང;ལམ;ལས;སར;སྐམ;སྐར;སྐྱོང;སྟན;སྡོམ;སྣ;སྣམ;སྤྱད;སྦྱང;སྦྱར;སྦྱོང	no	passed		ordinary_only	secure_independent_observation	retained
བྱམས	byams	CORPUS_B453155DE050;CORPUS_E34B3E203AE6;CORPUS_01025FAF5D30;CORPUS_5683E9A09D00;CORPUS_F685D66CEF46	ཀན;ཁབ;ཁར;ཁུགས;ཁེབས;ཁོམ;ཁྱག;ཁྱབ;ཁྱིམ;ཁྱེར;ཁྲག;ཁྲམ;ཁྲལ;ཁྲོམ;གཅད;གདན;གཡོགས;གསལ;གསུམ;གྲས;གླང;ཆག;ཆགས;ཆང;ཆད;ཆར;ཐང;ཐད;ཐབ;ཐབས;ཐམ;ཐམས;ཐར;ཐལ;ཐུམ;ཐེབས;ཐེམ;ནགས;ནམ;པགས;པར;ཕག;ཕད;ཕན;ཕབ;ཕམ;ཕུགས;ཕྱགས;ཕྱད;ཕྱམ;ཕྱིན;ཕྱུགས;ཕྲན;བཅོམ;བཙན;བརྟགས;བརྩན;བྱད;བྱན;བྱི;བྱིན;བྱེད;བྲག;བྲང;བྲན;བྲལ;བྲོ;བླང;མཚར;མཛད;ཙ;ཙམ;ཚགས;ཚར;ཚིམ;ཛ;ཟ;འཁར;འབར;ཡན;ཡུམ;རལ;རས;རིགས;རིམ;རིམས;རྟགས;རྟོགས;རྡལ;ལག;ལང;ལམ;ལས;ལྕགས;སར;སྐམ;སྐར;སྐྱོང;སྟན;སྡོམ;སྣ;སྣམ;སྤྱད;སྦྱང;སྦྱར;སྦྱོང	no	passed		ordinary_only	secure_independent_observation	retained
བྱར	byar	CORPUS_B453155DE050;CORPUS_E34B3E203AE6;CORPUS_01025FAF5D30;CORPUS_6783C3DA00D4	ཀན;ཀར;ཁབ;ཁར;ཁེར;ཁྱག;ཁྱབ;ཁྱེར;ཁྲག;ཁྲམ;ཁྲལ;གཅད;གཏོར;གདན;གསར;གསལ;གྲས;གླང;ཆག;ཆང;ཆད;ཆར;ཆེར;ཐང;ཐད;ཐབ;ཐབས;ཐམ;ཐར;ཐལ;ཐུར;ཐེར;ཐོར;ནོར;པར;པོར;ཕག;ཕད;ཕན;ཕབ;ཕུར;ཕོར;ཕྱགས;ཕྱད;ཕྱམ;ཕྱར;ཕྱིན;ཕྱུགས;ཕྲན;བདར;བཙན;བརྡར;བརྩན;བྱད;བྱན;བྱི;བྱིན;བྱེད;བྲག;བྲང;བྲན;བྲལ;བྲོ;བླང;མཁར;མཚར;མཛད;ཙ;ཚགས;ཚར;ཚུར;ཛ;ཟ;ཟུར;ཟེར;འཁར;འཁོར;འབར;ཡན;ཡར;རལ;རས;རྟགས;རྡལ;ལག;ལང;ལས;ཤོར;སར;སེར;སོར;སྐར;སྐོར;སྐྱོང;སྟན;སྟེར;སྣ;སྤྱད;སྦྱང;སྦྱར;སྦྱོང;སྦྱོར	no	passed		ordinary_only	nonadmissible_observation	downgraded
བྱིང	byiṅ	CORPUS_B453155DE050;CORPUS_E34B3E203AE6;CORPUS_63EB474B7A3F;SUFFIX_NG_TO_NDOT	ཀི;ཁུང;ཁྱག;ཁྱབ;ཁྱེར;ཁྲིད;གཏོང;གདུང;གདོང;གསུང;གི;གྲང;གྲི;གླིང;ཅི;ཅིག;ཅིང;ཆང;ཆིག;ཆུང;ཏི;ཏིག;ཐང;ཐིག;ཐུང;ཕྱད;ཕྱམ;ཕྱིང;ཕྱིན;ཕྱུགས;ཕྲིན;བཏང;བྱད;བྱན;བྱི;བྱིན;བྱེད;བྲག;བྲང;བྲན;བྲལ;བྲོ;བླང;མགྲིན;མཐོང;ཙི;ཚང;ཚིགས;ཚིལ;ཛི;འབར;ཡང;ཡི;ཡིན;རི;རིག;རིང;རིལ;རིས;རྨང;ལང;ལིང;ལུང;ལོང;སེང;སྐོང;སྐྱིད;སྐྱིལ;སྐྱོང;སྟེང;སྟོང;སྣང;སྤྱང;སྦྱང;སྦྱོང;སྲིང	no	passed		ordinary_only	secure_independent_observation	retained
བྱིངས	byiṅs	CORPUS_B453155DE050;CORPUS_E34B3E203AE6;CORPUS_63EB474B7A3F;SUFFIX_NG_TO_NDOT;CORPUS_F685D66CEF46	ཀི;ཁུགས;ཁུང;ཁེབས;ཁྱག;ཁྱབ;ཁྱེར;ཁྲིད;གཏོང;གདུང;གདོང;གཡོགས;གསུང;གི;གྲང;གྲི;གླིང;ཅི;ཅིག;ཅིང;ཆགས;ཆང;ཆིག;ཆུང;ཏི;ཏིག;ཐང;ཐབས;ཐམས;ཐིག;ཐུང;ཐེབས;ནགས;པགས;ཕུགས;ཕྱད;ཕྱམ;ཕྱིང;ཕྱིན;ཕྱུགས;ཕྲིན;བཏང;བརྟགས;བྱད;བྱན;བྱི;བྱིན;བྱེད;བྲག;བྲང;བྲན;བྲལ;བྲོ;བླང;མགྲིན;མཐོང;ཙི;ཚགས;ཚང;ཚིགས;ཚིལ;ཛི;འབར;ཡང;ཡི;ཡིན;རི;རིག;རིགས;རིང;རིམས;རིལ;རིས;རྟོགས;རྨང;ལང;ལིང;ལུང;ལོང;ལྕགས;སེང;སྐོང;སྐྱིད;སྐྱིལ;སྐྱོང;སྟེང;སྟོང;སྣང;སྤྱང;སྦྱང;སྦྱོང;སྲིང	no	passed		ordinary_only	nonadmissible_observation	downgraded
བྱིད	byid	CORPUS_B453155DE050;CORPUS_E34B3E203AE6;CORPUS_63EB474B7A3F;CORPUS_DDC164B090C8	ཀི;ཁྱག;ཁྱད;ཁྱབ;ཁྱེར;ཁྲིད;ཁྲོད;གི;གྲི;གླིང;ཅི;ཅིག;ཆད;ཆིག;ཆུད;ཏི;ཏིག;ཐད;ཐིག;ཐེད;ཐོད;དྲོད;ནད;པད;ཕད;ཕུད;ཕོད;ཕྱད;ཕྱམ;ཕྱིན;ཕྱུགས;ཕྱེད;ཕྲད;ཕྲིན;བྱད;བྱན;བྱི;བྱིན;བྱེད;བྲག;བྲང;བྲན;བྲལ;བྲེད;བྲོ;བླང;མགྲིན;མཐུད;ཙི;ཚིགས;ཚིལ;ཚུད;ཛི;འབར;ཡི;ཡིན;ཡོད;རི;རིག;རིལ;རིས;རྒོད;རྒྱུད;རྩེད;ལིང;ཤེད;ཤོད;སྐད;སྐྱིད;སྐྱིལ;སྐྱེད;སྐྱོང;སྟོད;སྡོད;སྤྱད;སྦྱང;སྦྱོང;སྲིང;སྲིད	no	passed		ordinary_only	nonadmissible_observation	downgraded
བྱིབས	byibs	CORPUS_B453155DE050;CORPUS_E34B3E203AE6;CORPUS_63EB474B7A3F;CORPUS_0C6592BB5CEF;CORPUS_F685D66CEF46	ཀི;ཁབ;ཁུགས;ཁེབ;ཁེབས;ཁྱག;ཁྱབ;ཁྱེར;ཁྲབ;ཁྲིད;གདུབ;གཡོགས;གི;གྲི;གྲུབ;གླིང;ཅི;ཅིག;ཆགས;ཆིག;ཏི;ཏིག;ཐབ;ཐབས;ཐམས;ཐིག;ཐུབ;ཐེབ;ཐེབས;ཐོབ;ནགས;པགས;ཕབ;ཕུགས;ཕུབ;ཕྱད;ཕྱམ;ཕྱིན;ཕྱུགས;ཕྲིན;བཏབ;བརྟགས;བརྡབ;བྱད;བྱན;བྱི;བྱིན;བྱེད;བྲག;བྲང;བྲན;བྲལ;བྲོ;བླང;མགྲིན;ཙི;ཚགས;ཚབ;ཚིགས;ཚིལ;ཛི;འབབ;འབར;ཡབ;ཡི;ཡིན;རབ;རི;རིག;རིགས;རིམས;རིལ;རིས;རྟོགས;ལིང;ལེབ;ལྕགས;སྐྱིད;སྐྱིལ;སྐྱོང;སྐྱོབ;སྡེབ;སྦྱང;སྦྱོང;སྲིང;སློབ	no	passed		ordinary_only	nonadmissible_observation	downgraded
བྱིམ	byim	CORPUS_B453155DE050;CORPUS_E34B3E203AE6;CORPUS_63EB474B7A3F;CORPUS_5683E9A09D00	ཀི;ཁོམ;ཁྱག;ཁྱབ;ཁྱིམ;ཁྱེར;ཁྲམ;ཁྲིད;ཁྲོམ;གསུམ;གི;གྲི;གླིང;ཅི;ཅིག;ཆིག;ཏི;ཏིག;ཐམ;ཐམས;ཐིག;ཐུམ;ཐེམ;ནམ;ཕམ;ཕྱད;ཕྱམ;ཕྱིན;ཕྱུགས;ཕྲིན;བཅོམ;བྱད;བྱན;བྱི;བྱིན;བྱེད;བྲག;བྲང;བྲན;བྲལ;བྲོ;བླང;མགྲིན;ཙམ;ཙི;ཚིགས;ཚིམ;ཚིལ;ཛི;འབར;ཡི;ཡིན;ཡུམ;རི;རིག;རིམ;རིམས;རིལ;རིས;ལམ;ལིང;སྐམ;སྐྱིད;སྐྱིལ;སྐྱོང;སྡོམ;སྣམ;སྦྱང;སྦྱོང;སྲིང	no	passed		ordinary_only	nonadmissible_observation	downgraded
བྱིས	byis	CORPUS_B453155DE050;CORPUS_E34B3E203AE6;CORPUS_63EB474B7A3F;CORPUS_735B62E02527	ཀི;ཁྱག;ཁྱབ;ཁྱེར;ཁྲིད;གི;གྲས;གྲི;གྲོས;གླིང;ངོས;ཅི;ཅིག;ཆིག;ཆོས;ཏི;ཏིག;ཐིག;ཐོས;པོས;ཕྱད;ཕྱམ;ཕྱིན;ཕྱིས;ཕྱུགས;ཕྲིན;བཅོས;བསྡུས;བྱད;བྱན;བྱི;བྱིན;བྱེད;བྲག;བྲང;བྲན;བྲལ;བྲོ;བླང;མཁས;མགྲིན;ཙི;ཚིགས;ཚིལ;ཚོས;ཛི;ཟས;འབར;ཡས;ཡི;ཡིན;རས;རི;རིག;རིལ;རིས;རུས;རྡོས;ལས;ལིང;ལུས;ལྷས;ཤས;སྐྱིད;སྐྱིལ;སྐྱེས;སྐྱོང;སྦྱང;སྦྱོང;སྲིང	no	passed		ordinary_only	secure_independent_observation	retained
བྱུག	byug	CORPUS_B453155DE050;CORPUS_E34B3E203AE6;CORPUS_84A74DBDD722;CORPUS_9A673562CD7A	ཀུན;ཁུག;ཁུལ;ཁོག;ཁྱག;ཁྱབ;ཁྱེར;ཁྲག;ཁྲོག;གདུང;གཡོག;གུ;གྲུ;ཅིག;ཅོག;ཆག;ཆུག;ཆུང;ཆུད;ཆུན;ཆོག;ཏིག;ཐུ;ཐུང;ཐུན;ཐུབ;ཐུམ;ཐུར;ཐུལ;ཐེག;ཐོག;དམག;དུ;དྲུག;དྲེག;ནག;ནུ;པག;ཕག;ཕུག;ཕུད;ཕུབ;ཕུར;ཕོག;ཕྱད;ཕྱམ;ཕྱིན;ཕྱུགས;བདག;བཙུན;བརྟུལ;བསྐུར;བྱད;བྱན;བྱི;བྱིན;བྱེད;བྲག;བྲང;བྲན;བྲལ;བྲོ;བླང;མཚུར;ཚག;ཚུགས;ཚུར;ཚུལ;ཟུག;ཟུར;འབར;ཡིག;ཡུལ;རིག;རིགས;རུག;རུས;རོག;རྡུལ;རྡེག;རྡོག;ལག;ལུ;ལུག;ལུང;ལུས;ལོག;ལྷག;ཤོག;སྐྱོང;སྒྲོག;སྟག;སྦྱང;སྦྱོང;སྲུང;སྲོག;སློག	no	passed		ordinary_only	secure_independent_observation	retained
བྱུགས	byugs	CORPUS_B453155DE050;CORPUS_E34B3E203AE6;CORPUS_84A74DBDD722;CORPUS_9A673562CD7A;CORPUS_F685D66CEF46	ཀུན;ཁུག;ཁུགས;ཁུལ;ཁེབས;ཁོག;ཁྱག;ཁྱབ;ཁྱེར;ཁྲག;ཁྲོག;གདུང;གཡོག;གཡོགས;གུ;གྲུ;ཅིག;ཅོག;ཆག;ཆགས;ཆུག;ཆུང;ཆུད;ཆུན;ཆོག;ཏིག;ཐབས;ཐམས;ཐུ;ཐུང;ཐུན;ཐུབ;ཐུམ;ཐུར;ཐུལ;ཐེག;ཐེབས;ཐོག;དམག;དུ;དྲུག;དྲེག;ནག;ནགས;ནུ;པག;པགས;ཕག;ཕུག;ཕུགས;ཕུད;ཕུབ;ཕུར;ཕོག;ཕྱད;ཕྱམ;ཕྱིན;ཕྱུགས;བདག;བཙུན;བརྟགས;བརྟུལ;བསྐུར;བྱད;བྱན;བྱི;བྱིན;བྱེད;བྲག;བྲང;བྲན;བྲལ;བྲོ;བླང;མཚུར;ཚག;ཚགས;ཚུགས;ཚུར;ཚུལ;ཟུག;ཟུར;འབར;ཡིག;ཡུལ;རིག;རིགས;རིམས;རུག;རུས;རོག;རྟོགས;རྡུལ;རྡེག;རྡོག;ལག;ལུ;ལུག;ལུང;ལུས;ལོག;ལྕགས;ལྷག;ཤོག;སྐྱོང;སྒྲོག;སྟག;སྦྱང;སྦྱོང;སྲུང;སྲོག;སློག	no	passed		ordinary_only	nonadmissible_observation	downgraded
བྱུར	byur	CORPUS_B453155DE050;CORPUS_E34B3E203AE6;CORPUS_84A74DBDD722;CORPUS_6783C3DA00D4	ཀར;ཀུན;ཁར;ཁུག;ཁུལ;ཁེར;ཁྱག;ཁྱབ;ཁྱེར;གཏོར;གདུང;གསར;གུ;གྲུ;ཆར;ཆུག;ཆུང;ཆུད;ཆུན;ཆེར;ཐར;ཐུ;ཐུང;ཐུན;ཐུབ;ཐུམ;ཐུར;ཐུལ;ཐེར;ཐོར;དུ;དྲུག;ནུ;ནོར;པར;པོར;ཕུག;ཕུད;ཕུབ;ཕུར;ཕོར;ཕྱད;ཕྱམ;ཕྱར;ཕྱིན;ཕྱུགས;བདར;བཙུན;བརྟུལ;བརྡར;བསྐུར;བྱད;བྱན;བྱི;བྱིན;བྱེད;བྲག;བྲང;བྲན;བྲལ;བྲོ;བླང;མཁར;མཚུར;ཚར;ཚུགས;ཚུར;ཚུལ;ཟུར;ཟེར;འཁོར;འབར;ཡར;ཡུལ;རུག;རུས;རྡུལ;ལུ;ལུག;ལུང;ལུས;ཤོར;སེར;སོར;སྐར;སྐོར;སྐྱོང;སྟེར;སྦྱང;སྦྱར;སྦྱོང;སྦྱོར;སྲུང	no	passed		ordinary_only	secure_independent_observation	retained
བྱུས	byus	CORPUS_B453155DE050;CORPUS_E34B3E203AE6;CORPUS_84A74DBDD722;CORPUS_735B62E02527	ཀུན;ཁུག;ཁུལ;ཁྱག;ཁྱབ;ཁྱེར;གདུང;གུ;གྲས;གྲུ;གྲོས;ངོས;ཆུག;ཆུང;ཆུད;ཆུན;ཆོས;ཐུ;ཐུང;ཐུན;ཐུབ;ཐུམ;ཐུར;ཐུལ;ཐོས;དུ;དྲུག;ནུ;པོས;ཕུག;ཕུད;ཕུབ;ཕུར;ཕྱད;ཕྱམ;ཕྱིན;ཕྱིས;ཕྱུགས;བཅོས;བཙུན;བརྟུལ;བསྐུར;བསྡུས;བྱད;བྱན;བྱི;བྱིན;བྱེད;བྲག;བྲང;བྲན;བྲལ;བྲོ;བླང;མཁས;མཚུར;ཚུགས;ཚུར;ཚུལ;ཚོས;ཟས;ཟུར;འབར;ཡས;ཡུལ;རས;རིས;རུག;རུས;རྡུལ;རྡོས;ལས;ལུ;ལུག;ལུང;ལུས;ལྷས;ཤས;སྐྱེས;སྐྱོང;སྦྱང;སྦྱོང;སྲུང	no	passed		ordinary_only	secure_independent_observation	retained
བྱོ	byo	CORPUS_B453155DE050;CORPUS_E34B3E203AE6;CORPUS_16D4A9AA0695	ཁོག;ཁོལ;ཁྱག;ཁྱབ;ཁྱེར;ཁྲོག;ཁྲོད;ཁྲོམ;ཁྲོལ;གཅོད;གཏོར;གདོང;གདོན;གསོལ;གོ;གྲོ;གྲོས;ངོས;ཅོ;ཅོག;ཆོག;ཏོག;ཐོ;ཐོག;ཐོད;ཐོན;ཐོབ;ཐོར;དོ;དྲོ;པོར;ཕོག;ཕོད;ཕོན;ཕོར;ཕྱད;ཕྱམ;ཕྱིན;ཕྱུགས;བརྟོལ;བརྩོན;བསྐོར;བྱད;བྱན;བྱི;བྱིན;བྱེད;བྲག;བྲང;བྲན;བྲལ;བྲོ;བླང;མགྲོན;མཆོད;མཛོད;ཚོལ;ཚོས;ཟོར;འཁོར;འབར;ཡོན;ཡོལ;རོ;རོག;རྟོགས;རྡོག;རྡོལ;ལོ;ལོག;ལོང;ཤོད;སོ;སོར;སྐོར;སྐྱོང;སྟོང;སྟོན;སྤྱོད;སྦྱང;སྦྱོང;སྦྱོར	no	passed		ordinary_only	nonadmissible_observation	downgraded
བྱོག	byog	CORPUS_B453155DE050;CORPUS_E34B3E203AE6;CORPUS_16D4A9AA0695;CORPUS_9A673562CD7A	ཁུག;ཁོག;ཁོལ;ཁྱག;ཁྱབ;ཁྱེར;ཁྲག;ཁྲོག;ཁྲོད;ཁྲོམ;ཁྲོལ;གཅོད;གཏོར;གདོང;གདོན;གཡོག;གསོལ;གོ;གྲོ;གྲོས;ངོས;ཅིག;ཅོ;ཅོག;ཆག;ཆུག;ཆོག;ཏིག;ཏོག;ཐེག;ཐོ;ཐོག;ཐོད;ཐོན;ཐོབ;ཐོར;དམག;དོ;དྲེག;དྲོ;ནག;པག;པོར;ཕག;ཕུག;ཕོག;ཕོད;ཕོན;ཕོར;ཕྱད;ཕྱམ;ཕྱིན;ཕྱུགས;བདག;བརྟོལ;བརྩོན;བསྐོར;བྱད;བྱན;བྱི;བྱིན;བྱེད;བྲག;བྲང;བྲན;བྲལ;བྲོ;བླང;མགྲོན;མཆོད;མཛོད;ཚག;ཚོལ;ཚོས;ཟུག;ཟོར;འཁོར;འབར;ཡིག;ཡོན;ཡོལ;རིག;རིགས;རུག;རོ;རོག;རྟོགས;རྡེག;རྡོག;རྡོལ;ལག;ལུག;ལོ;ལོག;ལོང;ལྷག;ཤོག;ཤོད;སོ;སོར;སྐོར;སྐྱོང;སྒྲོག;སྟག;སྟོང;སྟོན;སྤྱོད;སྦྱང;སྦྱོང;སྦྱོར;སྲོག;སློག	no	passed		ordinary_only	nonadmissible_observation	downgraded
བྱོན	byon	CORPUS_B453155DE050;CORPUS_E34B3E203AE6;CORPUS_16D4A9AA0695;CORPUS_76CFA3FCFF21	ཀན;ཁོག;ཁོན;ཁོལ;ཁྱག;ཁྱབ;ཁྱེར;ཁྲོག;ཁྲོད;ཁྲོན;ཁྲོམ;ཁྲོལ;གཅོད;གཏོར;གདོང;གདོན;གསོལ;གོ;གྲོ;གྲོས;ངོས;ཅོ;ཅོག;ཆུན;ཆེན;ཆོག;ཏོག;ཐུན;ཐེན;ཐོ;ཐོག;ཐོད;ཐོན;ཐོབ;ཐོར;དམན;དོ;དྲོ;ནོན;པན;པོར;ཕན;ཕོག;ཕོད;ཕོན;ཕོར;ཕྱད;ཕྱམ;ཕྱིན;ཕྱུགས;ཕྲན;བཙན;བརྟོལ;བརྩོན;བསྐོར;བྱད;བྱན;བྱི;བྱིན;བྱེད;བྲག;བྲང;བྲན;བྲལ;བྲོ;བླང;བློན;མཁན;མགྲོན;མཆོད;མཐུན;མཛོད;ཚུན;ཚོལ;ཚོས;ཟན;ཟོར;འཁོར;འབར;ཡན;ཡིན;ཡོན;ཡོལ;རོ;རོག;རྒྱུན;རྟོགས;རྡོག;རྡོལ;རྩེན;ལེན;ལོ;ལོག;ལོང;ཤན;ཤོད;སོ;སོར;སྐོར;སྐྱོང;སྟན;སྟོང;སྟོན;སྤྱན;སྤྱོད;སྦྱང;སྦྱོང;སྦྱོར	no	passed		ordinary_only	secure_independent_observation	retained
བྱོབས	byobs	CORPUS_B453155DE050;CORPUS_E34B3E203AE6;CORPUS_16D4A9AA0695;CORPUS_0C6592BB5CEF;CORPUS_F685D66CEF46	ཁབ;ཁུགས;ཁེབ;ཁེབས;ཁོག;ཁོལ;ཁྱག;ཁྱབ;ཁྱེར;ཁྲབ;ཁྲོག;ཁྲོད;ཁྲོམ;ཁྲོལ;གཅོད;གཏོར;གདུབ;གདོང;གདོན;གཡོགས;གསོལ;གོ;གྲུབ;གྲོ;གྲོས;ངོས;ཅོ;ཅོག;ཆགས;ཆོག;ཏོག;ཐབ;ཐབས;ཐམས;ཐུབ;ཐེབ;ཐེབས;ཐོ;ཐོག;ཐོད;ཐོན;ཐོབ;ཐོར;དོ;དྲོ;ནགས;པགས;པོར;ཕབ;ཕུགས;ཕུབ;ཕོག;ཕོད;ཕོན;ཕོར;ཕྱད;ཕྱམ;ཕྱིན;ཕྱུགས;བཏབ;བརྟགས;བརྟོལ;བརྡབ;བརྩོན;བསྐོར;བྱད;བྱན;བྱི;བྱིན;བྱེད;བྲག;བྲང;བྲན;བྲལ;བྲོ;བླང;མགྲོན;མཆོད;མཛོད;ཚགས;ཚབ;ཚོལ;ཚོས;ཟོར;འཁོར;འབབ;འབར;ཡབ;ཡོན;ཡོལ;རབ;རིགས;རིམས;རོ;རོག;རྟོགས;རྡོག;རྡོལ;ལེབ;ལོ;ལོག;ལོང;ལྕགས;ཤོད;སོ;སོར;སྐོར;སྐྱོང;སྐྱོབ;སྟོང;སྟོན;སྡེབ;སྤྱོད;སྦྱང;སྦྱོང;སྦྱོར;སློབ	no	passed		ordinary_only	nonadmissible_observation	downgraded
བྱོར	byor	CORPUS_B453155DE050;CORPUS_E34B3E203AE6;CORPUS_16D4A9AA0695;CORPUS_6783C3DA00D4	ཀར;ཁར;ཁེར;ཁོག;ཁོལ;ཁྱག;ཁྱབ;ཁྱེར;ཁྲོག;ཁྲོད;ཁྲོམ;ཁྲོལ;གཅོད;གཏོར;གདོང;གདོན;གསར;གསོལ;གོ;གྲོ;གྲོས;ངོས;ཅོ;ཅོག;ཆར;ཆེར;ཆོག;ཏོག;ཐར;ཐུར;ཐེར;ཐོ;ཐོག;ཐོད;ཐོན;ཐོབ;ཐོར;དོ;དྲོ;ནོར;པར;པོར;ཕུར;ཕོག;ཕོད;ཕོན;ཕོར;ཕྱད;ཕྱམ;ཕྱར;ཕྱིན;ཕྱུགས;བདར;བརྟོལ;བརྡར;བརྩོན;བསྐོར;བྱད;བྱན;བྱི;བྱིན;བྱེད;བྲག;བྲང;བྲན;བྲལ;བྲོ;བླང;མཁར;མགྲོན;མཆོད;མཛོད;ཚར;ཚུར;ཚོལ;ཚོས;ཟུར;ཟེར;ཟོར;འཁོར;འབར;ཡར;ཡོན;ཡོལ;རོ;རོག;རྟོགས;རྡོག;རྡོལ;ལོ;ལོག;ལོང;ཤོད;ཤོར;སེར;སོ;སོར;སྐར;སྐོར;སྐྱོང;སྟེར;སྟོང;སྟོན;སྤྱོད;སྦྱང;སྦྱར;སྦྱོང;སྦྱོར	no	passed		ordinary_only	nonadmissible_observation	downgraded
བྲད	brad	CORPUS_B453155DE050;CORPUS_7F71AFFFC788;CORPUS_01025FAF5D30;CORPUS_DDC164B090C8	ཀན;ཁབ;ཁར;ཁྱད;ཁྲག;ཁྲབ;ཁྲམ;ཁྲལ;ཁྲོག;ཁྲོད;ཁྲོན;ཁྲོམ;ཁྲོལ;གཅད;གདན;གསལ;གྲང;གྲས;གྲི;གྲུ;གྲོ;གླང;ཆག;ཆང;ཆད;ཆར;ཆུད;ཐང;ཐད;ཐབ;ཐབས;ཐམ;ཐར;ཐལ;ཐེད;ཐོད;དྲེ;དྲོ;དྲོད;ནད;པད;པར;ཕག;ཕད;ཕན;ཕབ;ཕུད;ཕོད;ཕྱགས;ཕྱད;ཕྱེད;ཕྲད;ཕྲན;ཕྲིན;ཕྲུག;བཙན;བརྩན;བྱད;བྱན;བྱི;བྱིན;བྱེད;བྲག;བྲང;བྲན;བྲལ;བྲེད;བྲོ;བླང;མགྲོན;མཐུད;མཚར;མཛད;ཙ;ཚགས;ཚར;ཚུད;ཛ;ཟ;འཁར;འབར;ཡན;ཡོད;རལ;རས;རྒོད;རྒྱུད;རྟགས;རྡལ;རྩེད;ལག;ལང;ལས;ཤེད;ཤོད;སར;སྐད;སྐར;སྐྱིད;སྐྱེད;སྟན;སྟོད;སྡོད;སྣ;སྤྱད;སྦྱང;སྦྱར;སྦྱོང;སྦྲང;སྲིད;སྲོག	no	passed		ordinary_only	nonadmissible_observation	downgraded
བྲབ	brab	CORPUS_B453155DE050;CORPUS_7F71AFFFC788;CORPUS_01025FAF5D30;CORPUS_0C6592BB5CEF	ཀན;ཁབ;ཁར;ཁེབ;ཁྱབ;ཁྲག;ཁྲབ;ཁྲམ;ཁྲལ;ཁྲོག;ཁྲོན;ཁྲོམ;ཁྲོལ;གཅད;གདན;གདུབ;གསལ;གྲང;གྲས;གྲི;གྲུ;གྲུབ;གྲོ;གླང;ཆག;ཆང;ཆད;ཆར;ཐང;ཐད;ཐབ;ཐབས;ཐམ;ཐར;ཐལ;ཐུབ;ཐེབ;ཐོབ;དྲེ;དྲོ;པར;ཕག;ཕད;ཕན;ཕབ;ཕུབ;ཕྱགས;ཕྱད;ཕྲད;ཕྲན;ཕྲིན;ཕྲུག;བཏབ;བཙན;བརྡབ;བརྩན;བྱད;བྱན;བྱི;བྱིན;བྱེད;བྲག;བྲང;བྲན;བྲལ;བྲེད;བྲོ;བླང;མགྲོན;མཚར;མཛད;ཙ;ཚགས;ཚབ;ཚར;ཛ;ཟ;འཁར;འབབ;འབར;ཡན;ཡབ;རབ;རལ;རས;རྟགས;རྡལ;ལག;ལང;ལས;ལེབ;སར;སྐར;སྐྱོབ;སྟན;སྡེབ;སྣ;སྤྱད;སྦྱང;སྦྱར;སྦྱོང;སྦྲང;སྲོག;སློབ	no	passed		ordinary_only	secure_independent_observation	retained
བྲམ	bram	CORPUS_B453155DE050;CORPUS_7F71AFFFC788;CORPUS_01025FAF5D30;CORPUS_5683E9A09D00	ཀན;ཁབ;ཁར;ཁོམ;ཁྱིམ;ཁྲག;ཁྲབ;ཁྲམ;ཁྲལ;ཁྲོག;ཁྲོན;ཁྲོམ;ཁྲོལ;གཅད;གདན;གསལ;གསུམ;གྲང;གྲས;གྲི;གྲུ;གྲོ;གླང;ཆག;ཆང;ཆད;ཆར;ཐང;ཐད;ཐབ;ཐབས;ཐམ;ཐམས;ཐར;ཐལ;ཐུམ;ཐེམ;དྲེ;དྲོ;ནམ;པར;ཕག;ཕད;ཕན;ཕབ;ཕམ;ཕྱགས;ཕྱད;ཕྱམ;ཕྲད;ཕྲན;ཕྲིན;ཕྲུག;བཅོམ;བཙན;བརྩན;བྱད;བྱན;བྱི;བྱིན;བྱེད;བྲག;བྲང;བྲན;བྲལ;བྲེད;བྲོ;བླང;མགྲོན;མཚར;མཛད;ཙ;ཙམ;ཚགས;ཚར;ཚིམ;ཛ;ཟ;འཁར;འབར;ཡན;ཡུམ;རལ;རས;རིམ;རིམས;རྟགས;རྡལ;ལག;ལང;ལམ;ལས;སར;སྐམ;སྐར;སྟན;སྡོམ;སྣ;སྣམ;སྤྱད;སྦྱང;སྦྱར;སྦྱོང;སྦྲང;སྲོག	no	passed		ordinary_only	secure_independent_observation	retained
བྲི	bri	CORPUS_B453155DE050;CORPUS_7F71AFFFC788;CORPUS_63EB474B7A3F	ཀི;ཁྲག;ཁྲབ;ཁྲིད;ཁྲོག;ཁྲོན;ཁྲོམ;ཁྲོལ;གི;གྲང;གྲི;གྲུ;གྲོ;གླིང;ཅི;ཅིག;ཆིག;ཏི;ཏིག;ཐིག;དྲེ;དྲོ;ཕྲད;ཕྲན;ཕྲིན;ཕྲུག;བྱད;བྱི;བྱིན;བྱེད;བྲག;བྲང;བྲན;བྲལ;བྲེད;བྲོ;བླང;མགྲིན;མགྲོན;ཙི;ཚིགས;ཚིལ;ཛི;འབར;ཡི;ཡིན;རི;རིག;རིལ;རིས;ལིང;སྐྱིད;སྐྱིལ;སྦྱང;སྦྱོང;སྦྲང;སྲིང;སྲོག	no	passed		ordinary_only	secure_independent_observation	retained
བྲིད	brid	CORPUS_B453155DE050;CORPUS_7F71AFFFC788;CORPUS_63EB474B7A3F;CORPUS_DDC164B090C8	ཀི;ཁྱད;ཁྲག;ཁྲབ;ཁྲིད;ཁྲོག;ཁྲོད;ཁྲོན;ཁྲོམ;ཁྲོལ;གི;གྲང;གྲི;གྲུ;གྲོ;གླིང;ཅི;ཅིག;ཆད;ཆིག;ཆུད;ཏི;ཏིག;ཐད;ཐིག;ཐེད;ཐོད;དྲེ;དྲོ;དྲོད;ནད;པད;ཕད;ཕུད;ཕོད;ཕྱད;ཕྱེད;ཕྲད;ཕྲན;ཕྲིན;ཕྲུག;བྱད;བྱི;བྱིན;བྱེད;བྲག;བྲང;བྲན;བྲལ;བྲེད;བྲོ;བླང;མགྲིན;མགྲོན;མཐུད;ཙི;ཚིགས;ཚིལ;ཚུད;ཛི;འབར;ཡི;ཡིན;ཡོད;རི;རིག;རིལ;རིས;རྒོད;རྒྱུད;རྩེད;ལིང;ཤེད;ཤོད;སྐད;སྐྱིད;སྐྱིལ;སྐྱེད;སྟོད;སྡོད;སྤྱད;སྦྱང;སྦྱོང;སྦྲང;སྲིང;སྲིད;སྲོག	no	passed		ordinary_only	secure_independent_observation	retained
བྲིན	brin	CORPUS_B453155DE050;CORPUS_7F71AFFFC788;CORPUS_63EB474B7A3F;CORPUS_76CFA3FCFF21	ཀན;ཀི;ཁོན;ཁྲག;ཁྲབ;ཁྲིད;ཁྲོག;ཁྲོན;ཁྲོམ;ཁྲོལ;གདོན;གི;གྲང;གྲི;གྲུ;གྲོ;གླིང;ཅི;ཅིག;ཆིག;ཆུན;ཆེན;ཏི;ཏིག;ཐིག;ཐུན;ཐེན;ཐོན;དམན;དྲེ;དྲོ;ནོན;པན;ཕན;ཕོན;ཕྱིན;ཕྲད;ཕྲན;ཕྲིན;ཕྲུག;བཙན;བྱད;བྱན;བྱི;བྱིན;བྱེད;བྲག;བྲང;བྲན;བྲལ;བྲེད;བྲོ;བླང;བློན;མཁན;མགྲིན;མགྲོན;མཐུན;ཙི;ཚིགས;ཚིལ;ཚུན;ཛི;ཟན;འབར;ཡན;ཡི;ཡིན;ཡོན;རི;རིག;རིལ;རིས;རྒྱུན;རྩེན;ལིང;ལེན;ཤན;སྐྱིད;སྐྱིལ;སྟན;སྟོན;སྤྱན;སྦྱང;སྦྱོང;སྦྲང;སྲིང;སྲོག	no	passed		ordinary_only	secure_independent_observation	retained
བྲིམས	brims	CORPUS_B453155DE050;CORPUS_7F71AFFFC788;CORPUS_63EB474B7A3F;CORPUS_5683E9A09D00;CORPUS_F685D66CEF46	ཀི;ཁུགས;ཁེབས;ཁོམ;ཁྱིམ;ཁྲག;ཁྲབ;ཁྲམ;ཁྲིད;ཁྲོག;ཁྲོན;ཁྲོམ;ཁྲོལ;གཡོགས;གསུམ;གི;གྲང;གྲི;གྲུ;གྲོ;གླིང;ཅི;ཅིག;ཆགས;ཆིག;ཏི;ཏིག;ཐབས;ཐམ;ཐམས;ཐིག;ཐུམ;ཐེབས;ཐེམ;དྲེ;དྲོ;ནགས;ནམ;པགས;ཕམ;ཕུགས;ཕྱམ;ཕྲད;ཕྲན;ཕྲིན;ཕྲུག;བཅོམ;བརྟགས;བྱད;བྱི;བྱིན;བྱེད;བྲག;བྲང;བྲན;བྲལ;བྲེད;བྲོ;བླང;མགྲིན;མགྲོན;ཙམ;ཙི;ཚགས;ཚིགས;ཚིམ;ཚིལ;ཛི;འབར;ཡི;ཡིན;ཡུམ;རི;རིག;རིགས;རིམ;རིམས;རིལ;རིས;རྟོགས;ལམ;ལིང;ལྕགས;སྐམ;སྐྱིད;སྐྱིལ;སྡོམ;སྣམ;སྦྱང;སྦྱོང;སྦྲང;སྲིང;སྲོག	no	passed		ordinary_only	nonadmissible_observation	downgraded
བྲུ	bru	CORPUS_B453155DE050;CORPUS_7F71AFFFC788;CORPUS_84A74DBDD722	ཀུན;ཁུག;ཁུལ;ཁྲག;ཁྲབ;ཁྲོག;ཁྲོན;ཁྲོམ;ཁྲོལ;གདུང;གུ;གྲང;གྲི;གྲུ;གྲོ;ཆུག;ཆུང;ཆུད;ཆུན;ཐུ;ཐུང;ཐུན;ཐུབ;ཐུམ;ཐུར;ཐུལ;དུ;དྲུག;དྲེ;དྲོ;ནུ;ཕུག;ཕུད;ཕུབ;ཕུར;ཕྱུགས;ཕྲད;ཕྲན;ཕྲིན;ཕྲུག;བཙུན;བརྟུལ;བསྐུར;བྱད;བྱི;བྱིན;བྱེད;བྲག;བྲང;བྲན;བྲལ;བྲེད;བྲོ;བླང;མགྲོན;མཚུར;ཚུགས;ཚུར;ཚུལ;ཟུར;འབར;ཡུལ;རུག;རུས;རྡུལ;ལུ;ལུག;ལུང;ལུས;སྦྱང;སྦྱོང;སྦྲང;སྲུང;སྲོག	no	passed		ordinary_only	nonadmissible_observation	downgraded
བྲུག	brug	CORPUS_B453155DE050;CORPUS_7F71AFFFC788;CORPUS_84A74DBDD722;CORPUS_9A673562CD7A	ཀུན;ཁུག;ཁུལ;ཁོག;ཁྱག;ཁྲག;ཁྲབ;ཁྲོག;ཁྲོན;ཁྲོམ;ཁྲོལ;གདུང;གཡོག;གུ;གྲང;གྲི;གྲུ;གྲོ;ཅིག;ཅོག;ཆག;ཆུག;ཆུང;ཆུད;ཆུན;ཆོག;ཏིག;ཐུ;ཐུང;ཐུན;ཐུབ;ཐུམ;ཐུར;ཐུལ;ཐེག;ཐོག;དམག;དུ;དྲུག;དྲེ;དྲེག;དྲོ;ནག;ནུ;པག;ཕག;ཕུག;ཕུད;ཕུབ;ཕུར;ཕོག;ཕྱུགས;ཕྲད;ཕྲན;ཕྲིན;ཕྲུག;བདག;བཙུན;བརྟུལ;བསྐུར;བྱད;བྱི;བྱིན;བྱེད;བྲག;བྲང;བྲན;བྲལ;བྲེད;བྲོ;བླང;མགྲོན;མཚུར;ཚག;ཚུགས;ཚུར;ཚུལ;ཟུག;ཟུར;འབར;ཡིག;ཡུལ;རིག;རིགས;རུག;རུས;རོག;རྡུལ;རྡེག;རྡོག;ལག;ལུ;ལུག;ལུང;ལུས;ལོག;ལྷག;ཤོག;སྒྲོག;སྟག;སྦྱང;སྦྱོང;སྦྲང;སྲུང;སྲོག;སློག	no	passed		ordinary_only	nonadmissible_observation	downgraded
བྲུངས	bruṅs	CORPUS_B453155DE050;CORPUS_7F71AFFFC788;CORPUS_84A74DBDD722;SUFFIX_NG_TO_NDOT;CORPUS_F685D66CEF46	ཀུན;ཁུག;ཁུགས;ཁུང;ཁུལ;ཁེབས;ཁྲག;ཁྲབ;ཁྲོག;ཁྲོན;ཁྲོམ;ཁྲོལ;གཏོང;གདུང;གདོང;གཡོགས;གསུང;གུ;གྲང;གྲི;གྲུ;གྲོ;ཅིང;ཆགས;ཆང;ཆུག;ཆུང;ཆུད;ཆུན;ཐང;ཐབས;ཐམས;ཐུ;ཐུང;ཐུན;ཐུབ;ཐུམ;ཐུར;ཐུལ;ཐེབས;དུ;དྲུག;དྲེ;དྲོ;ནགས;ནུ;པགས;ཕུག;ཕུགས;ཕུད;ཕུབ;ཕུར;ཕྱིང;ཕྱུགས;ཕྲད;ཕྲན;ཕྲིན;ཕྲུག;བཏང;བཙུན;བརྟགས;བརྟུལ;བསྐུར;བྱད;བྱི;བྱིན;བྱེད;བྲག;བྲང;བྲན;བྲལ;བྲེད;བྲོ;བླང;མགྲོན;མཐོང;མཚུར;ཚགས;ཚང;ཚུགས;ཚུར;ཚུལ;ཟུར;འབར;ཡང;ཡུལ;རིགས;རིང;རིམས;རུག;རུས;རྟོགས;རྡུལ;རྨང;ལང;ལུ;ལུག;ལུང;ལུས;ལོང;ལྕགས;སེང;སྐོང;སྐྱོང;སྟེང;སྟོང;སྣང;སྤྱང;སྦྱང;སྦྱོང;སྦྲང;སྲིང;སྲུང;སྲོག	no	passed		ordinary_only	nonadmissible_observation	downgraded
བྲུད	brud	CORPUS_B453155DE050;CORPUS_7F71AFFFC788;CORPUS_84A74DBDD722;CORPUS_DDC164B090C8	ཀུན;ཁུག;ཁུལ;ཁྱད;ཁྲག;ཁྲབ;ཁྲོག;ཁྲོད;ཁྲོན;ཁྲོམ;ཁྲོལ;གདུང;གུ;གྲང;གྲི;གྲུ;གྲོ;ཆད;ཆུག;ཆུང;ཆུད;ཆུན;ཐད;ཐུ;ཐུང;ཐུན;ཐུབ;ཐུམ;ཐུར;ཐུལ;ཐེད;ཐོད;དུ;དྲུག;དྲེ;དྲོ;དྲོད;ནད;ནུ;པད;ཕད;ཕུག;ཕུད;ཕུབ;ཕུར;ཕོད;ཕྱད;ཕྱུགས;ཕྱེད;ཕྲད;ཕྲན;ཕྲིན;ཕྲུག;བཙུན;བརྟུལ;བསྐུར;བྱད;བྱི;བྱིན;བྱེད;བྲག;བྲང;བྲན;བྲལ;བྲེད;བྲོ;བླང;མགྲོན;མཐུད;མཚུར;ཚུགས;ཚུད;ཚུར;ཚུལ;ཟུར;འབར;ཡུལ;ཡོད;རུག;རུས;རྒོད;རྒྱུད;རྡུལ;རྩེད;ལུ;ལུག;ལུང;ལུས;ཤེད;ཤོད;སྐད;སྐྱིད;སྐྱེད;སྟོད;སྡོད;སྤྱད;སྦྱང;སྦྱོང;སྦྲང;སྲིད;སྲུང;སྲོག	no	passed		ordinary_only	nonadmissible_observation	downgraded
བྲུན	brun	CORPUS_B453155DE050;CORPUS_7F71AFFFC788;CORPUS_84A74DBDD722;CORPUS_76CFA3FCFF21	ཀན;ཀུན;ཁུག;ཁུལ;ཁོན;ཁྲག;ཁྲབ;ཁྲོག;ཁྲོན;ཁྲོམ;ཁྲོལ;གདུང;གདོན;གུ;གྲང;གྲི;གྲུ;གྲོ;ཆུག;ཆུང;ཆུད;ཆུན;ཆེན;ཐུ;ཐུང;ཐུན;ཐུབ;ཐུམ;ཐུར;ཐུལ;ཐེན;ཐོན;དམན;དུ;དྲུག;དྲེ;དྲོ;ནུ;ནོན;པན;ཕན;ཕུག;ཕུད;ཕུབ;ཕུར;ཕོན;ཕྱིན;ཕྱུགས;ཕྲད;ཕྲན;ཕྲིན;ཕྲུག;བཙན;བཙུན;བརྟུལ;བསྐུར;བྱད;བྱན;བྱི;བྱིན;བྱེད;བྲག;བྲང;བྲན;བྲལ;བྲེད;བྲོ;བླང;བློན;མཁན;མགྲོན;མཐུན;མཚུར;ཚུགས;ཚུན;ཚུར;ཚུལ;ཟན;ཟུར;འབར;ཡན;ཡིན;ཡུལ;ཡོན;རུག;རུས;རྒྱུན;རྡུལ;རྩེན;ལུ;ལུག;ལུང;ལུས;ལེན;ཤན;སྟན;སྟོན;སྤྱན;སྦྱང;སྦྱོང;སྦྲང;སྲུང;སྲོག	no	passed		ordinary_only	nonadmissible_observation	downgraded
བྲུབ	brub	CORPUS_B453155DE050;CORPUS_7F71AFFFC788;CORPUS_84A74DBDD722;CORPUS_0C6592BB5CEF	ཀུན;ཁབ;ཁུག;ཁུལ;ཁེབ;ཁྱབ;ཁྲག;ཁྲབ;ཁྲོག;ཁྲོན;ཁྲོམ;ཁྲོལ;གདུང;གདུབ;གུ;གྲང;གྲི;གྲུ;གྲུབ;གྲོ;ཆུག;ཆུང;ཆུད;ཆུན;ཐབ;ཐབས;ཐུ;ཐུང;ཐུན;ཐུབ;ཐུམ;ཐུར;ཐུལ;ཐེབ;ཐོབ;དུ;དྲུག;དྲེ;དྲོ;ནུ;ཕབ;ཕུག;ཕུད;ཕུབ;ཕུར;ཕྱུགས;ཕྲད;ཕྲན;ཕྲིན;ཕྲུག;བཏབ;བཙུན;བརྟུལ;བརྡབ;བསྐུར;བྱད;བྱི;བྱིན;བྱེད;བྲག;བྲང;བྲན;བྲལ;བྲེད;བྲོ;བླང;མགྲོན;མཚུར;ཚབ;ཚུགས;ཚུར;ཚུལ;ཟུར;འབབ;འབར;ཡབ;ཡུལ;རབ;རུག;རུས;རྡུལ;ལུ;ལུག;ལུང;ལུས;ལེབ;སྐྱོབ;སྡེབ;སྦྱང;སྦྱོང;སྦྲང;སྲུང;སྲོག;སློབ	no	passed		ordinary_only	nonadmissible_observation	downgraded
བྲུབས	brubs	CORPUS_B453155DE050;CORPUS_7F71AFFFC788;CORPUS_84A74DBDD722;CORPUS_0C6592BB5CEF;CORPUS_F685D66CEF46	ཀུན;ཁབ;ཁུག;ཁུགས;ཁུལ;ཁེབ;ཁེབས;ཁྱབ;ཁྲག;ཁྲབ;ཁྲོག;ཁྲོན;ཁྲོམ;ཁྲོལ;གདུང;གདུབ;གཡོགས;གུ;གྲང;གྲི;གྲུ;གྲུབ;གྲོ;ཆགས;ཆུག;ཆུང;ཆུད;ཆུན;ཐབ;ཐབས;ཐམས;ཐུ;ཐུང;ཐུན;ཐུབ;ཐུམ;ཐུར;ཐུལ;ཐེབ;ཐེབས;ཐོབ;དུ;དྲུག;དྲེ;དྲོ;ནགས;ནུ;པགས;ཕབ;ཕུག;ཕུགས;ཕུད;ཕུབ;ཕུར;ཕྱུགས;ཕྲད;ཕྲན;ཕྲིན;ཕྲུག;བཏབ;བཙུན;བརྟགས;བརྟུལ;བརྡབ;བསྐུར;བྱད;བྱི;བྱིན;བྱེད;བྲག;བྲང;བྲན;བྲལ;བྲེད;བྲོ;བླང;མགྲོན;མཚུར;ཚགས;ཚབ;ཚུགས;ཚུར;ཚུལ;ཟུར;འབབ;འབར;ཡབ;ཡུལ;རབ;རིགས;རིམས;རུག;རུས;རྟོགས;རྡུལ;ལུ;ལུག;ལུང;ལུས;ལེབ;ལྕགས;སྐྱོབ;སྡེབ;སྦྱང;སྦྱོང;སྦྲང;སྲུང;སྲོག;སློབ	no	passed		ordinary_only	nonadmissible_observation	downgraded
བྲུས	brus	CORPUS_B453155DE050;CORPUS_7F71AFFFC788;CORPUS_84A74DBDD722;CORPUS_735B62E02527	ཀུན;ཁུག;ཁུལ;ཁྲག;ཁྲབ;ཁྲོག;ཁྲོན;ཁྲོམ;ཁྲོལ;གདུང;གུ;གྲང;གྲས;གྲི;གྲུ;གྲོ;གྲོས;ངོས;ཆུག;ཆུང;ཆུད;ཆུན;ཆོས;ཐུ;ཐུང;ཐུན;ཐུབ;ཐུམ;ཐུར;ཐུལ;ཐོས;དུ;དྲུག;དྲེ;དྲོ;ནུ;པོས;ཕུག;ཕུད;ཕུབ;ཕུར;ཕྱིས;ཕྱུགས;ཕྲད;ཕྲན;ཕྲིན;ཕྲུག;བཅོས;བཙུན;བརྟུལ;བསྐུར;བསྡུས;བྱད;བྱི;བྱིན;བྱེད;བྲག;བྲང;བྲན;བྲལ;བྲེད;བྲོ;བླང;མཁས;མགྲོན;མཚུར;ཚུགས;ཚུར;ཚུལ;ཚོས;ཟས;ཟུར;འབར;ཡས;ཡུལ;རས;རིས;རུག;རུས;རྡུལ;རྡོས;ལས;ལུ;ལུག;ལུང;ལུས;ལྷས;ཤས;སྐྱེས;སྦྱང;སྦྱོང;སྦྲང;སྲུང;སྲོག	no	passed		ordinary_only	nonadmissible_observation	downgraded
བྲོག	brog	CORPUS_B453155DE050;CORPUS_7F71AFFFC788;CORPUS_16D4A9AA0695;CORPUS_9A673562CD7A	ཁུག;ཁོག;ཁོལ;ཁྱག;ཁྲག;ཁྲབ;ཁྲོག;ཁྲོད;ཁྲོན;ཁྲོམ;ཁྲོལ;གཅོད;གཏོར;གདོང;གདོན;གཡོག;གསོལ;གོ;གྲང;གྲི;གྲུ;གྲོ;གྲོས;ངོས;ཅིག;ཅོ;ཅོག;ཆག;ཆུག;ཆོག;ཏིག;ཏོག;ཐེག;ཐོ;ཐོག;ཐོད;ཐོན;ཐོབ;ཐོར;དམག;དོ;དྲེ;དྲེག;དྲོ;ནག;པག;པོར;ཕག;ཕུག;ཕོག;ཕོད;ཕོན;ཕོར;ཕྲད;ཕྲན;ཕྲིན;ཕྲུག;བདག;བརྟོལ;བརྩོན;བསྐོར;བྱད;བྱི;བྱིན;བྱེད;བྲག;བྲང;བྲན;བྲལ;བྲེད;བྲོ;བླང;མགྲོན;མཆོད;མཛོད;ཚག;ཚོལ;ཚོས;ཟུག;ཟོར;འཁོར;འབར;ཡིག;ཡོན;ཡོལ;རིག;རིགས;རུག;རོ;རོག;རྟོགས;རྡེག;རྡོག;རྡོལ;ལག;ལུག;ལོ;ལོག;ལོང;ལྷག;ཤོག;ཤོད;སོ;སོར;སྐོར;སྒྲོག;སྟག;སྟོང;སྟོན;སྤྱོད;སྦྱང;སྦྱོང;སྦྱོར;སྦྲང;སྲོག;སློག	no	passed		ordinary_only	secure_independent_observation	retained
བྲོང	broṅ	CORPUS_B453155DE050;CORPUS_7F71AFFFC788;CORPUS_16D4A9AA0695;SUFFIX_NG_TO_NDOT	ཁུང;ཁོག;ཁོལ;ཁྲག;ཁྲབ;ཁྲོག;ཁྲོད;ཁྲོན;ཁྲོམ;ཁྲོལ;གཅོད;གཏོང;གཏོར;གདུང;གདོང;གདོན;གསུང;གསོལ;གོ;གྲང;གྲི;གྲུ;གྲོ;གྲོས;ངོས;ཅིང;ཅོ;ཅོག;ཆང;ཆུང;ཆོག;ཏོག;ཐང;ཐུང;ཐོ;ཐོག;ཐོད;ཐོན;ཐོབ;ཐོར;དོ;དྲེ;དྲོ;པོར;ཕོག;ཕོད;ཕོན;ཕོར;ཕྱིང;ཕྲད;ཕྲན;ཕྲིན;ཕྲུག;བཏང;བརྟོལ;བརྩོན;བསྐོར;བྱད;བྱི;བྱིན;བྱེད;བྲག;བྲང;བྲན;བྲལ;བྲེད;བྲོ;བླང;མགྲོན;མཆོད;མཐོང;མཛོད;ཚང;ཚོལ;ཚོས;ཟོར;འཁོར;འབར;ཡང;ཡོན;ཡོལ;རིང;རོ;རོག;རྟོགས;རྡོག;རྡོལ;རྨང;ལང;ལུང;ལོ;ལོག;ལོང;ཤོད;སེང;སོ;སོར;སྐོང;སྐོར;སྐྱོང;སྟེང;སྟོང;སྟོན;སྣང;སྤྱང;སྤྱོད;སྦྱང;སྦྱོང;སྦྱོར;སྦྲང;སྲིང;སྲོག	no	passed		ordinary_only	secure_independent_observation	retained
བྲོབ	brob	CORPUS_B453155DE050;CORPUS_7F71AFFFC788;CORPUS_16D4A9AA0695;CORPUS_0C6592BB5CEF	ཁབ;ཁེབ;ཁོག;ཁོལ;ཁྱབ;ཁྲག;ཁྲབ;ཁྲོག;ཁྲོད;ཁྲོན;ཁྲོམ;ཁྲོལ;གཅོད;གཏོར;གདུབ;གདོང;གདོན;གསོལ;གོ;གྲང;གྲི;གྲུ;གྲུབ;གྲོ;གྲོས;ངོས;ཅོ;ཅོག;ཆོག;ཏོག;ཐབ;ཐབས;ཐུབ;ཐེབ;ཐོ;ཐོག;ཐོད;ཐོན;ཐོབ;ཐོར;དོ;དྲེ;དྲོ;པོར;ཕབ;ཕུབ;ཕོག;ཕོད;ཕོན;ཕོར;ཕྲད;ཕྲན;ཕྲིན;ཕྲུག;བཏབ;བརྟོལ;བརྡབ;བརྩོན;བསྐོར;བྱད;བྱི;བྱིན;བྱེད;བྲག;བྲང;བྲན;བྲལ;བྲེད;བྲོ;བླང;མགྲོན;མཆོད;མཛོད;ཚབ;ཚོལ;ཚོས;ཟོར;འཁོར;འབབ;འབར;ཡབ;ཡོན;ཡོལ;རབ;རོ;རོག;རྟོགས;རྡོག;རྡོལ;ལེབ;ལོ;ལོག;ལོང;ཤོད;སོ;སོར;སྐོར;སྐྱོབ;སྟོང;སྟོན;སྡེབ;སྤྱོད;སྦྱང;སྦྱོང;སྦྱོར;སྦྲང;སྲོག;སློབ	no	passed		ordinary_only	nonadmissible_observation	downgraded
བྲོས	bros	CORPUS_B453155DE050;CORPUS_7F71AFFFC788;CORPUS_16D4A9AA0695;CORPUS_735B62E02527	ཁོག;ཁོལ;ཁྲག;ཁྲབ;ཁྲོག;ཁྲོད;ཁྲོན;ཁྲོམ;ཁྲོལ;གཅོད;གཏོར;གདོང;གདོན;གསོལ;གོ;གྲང;གྲས;གྲི;གྲུ;གྲོ;གྲོས;ངོས;ཅོ;ཅོག;ཆོག;ཆོས;ཏོག;ཐོ;ཐོག;ཐོད;ཐོན;ཐོབ;ཐོར;ཐོས;དོ;དྲེ;དྲོ;པོར;པོས;ཕོག;ཕོད;ཕོན;ཕོར;ཕྱིས;ཕྲད;ཕྲན;ཕྲིན;ཕྲུག;བཅོས;བརྟོལ;བརྩོན;བསྐོར;བསྡུས;བྱད;བྱི;བྱིན;བྱེད;བྲག;བྲང;བྲན;བྲལ;བྲེད;བྲོ;བླང;མཁས;མགྲོན;མཆོད;མཛོད;ཚོལ;ཚོས;ཟས;ཟོར;འཁོར;འབར;ཡས;ཡོན;ཡོལ;རས;རིས;རུས;རོ;རོག;རྟོགས;རྡོག;རྡོལ;རྡོས;ལས;ལུས;ལོ;ལོག;ལོང;ལྷས;ཤས;ཤོད;སོ;སོར;སྐོར;སྐྱེས;སྟོང;སྟོན;སྤྱོད;སྦྱང;སྦྱོང;སྦྱོར;སྦྲང;སྲོག	no	passed		ordinary_only	nonadmissible_observation	downgraded
བླངས	blaṅs	CORPUS_B453155DE050;CORPUS_ED2342564FDA;CORPUS_01025FAF5D30;SUFFIX_NG_TO_NDOT;CORPUS_F685D66CEF46	ཀན;ཀློང;ཁབ;ཁར;ཁུགས;ཁུང;ཁེབས;ཁྲག;ཁྲམ;ཁྲལ;གཅད;གཏོང;གདན;གདུང;གདོང;གཡོགས;གསལ;གསུང;གྲང;གྲས;གླང;གླུ;ཅིང;ཆག;ཆགས;ཆང;ཆད;ཆར;ཆུང;ཐང;ཐད;ཐབ;ཐབས;ཐམ;ཐམས;ཐར;ཐལ;ཐུང;ཐེབས;ནགས;པགས;པར;ཕག;ཕད;ཕན;ཕབ;ཕུགས;ཕྱགས;ཕྱད;ཕྱིང;ཕྲན;བཏང;བཙན;བརྟགས;བརྩན;བྱད;བྱན;བྱི;བྱིན;བྱེད;བྲག;བྲང;བྲན;བྲལ;བྲོ;བླང;བློ;མཐོང;མཚར;མཛད;ཙ;ཚགས;ཚང;ཚར;ཛ;ཟ;ཟླ;འཁར;འབར;ཡང;ཡན;རལ;རས;རིགས;རིང;རིམས;རྟགས;རྟོགས;རྡལ;རྨང;ལག;ལང;ལས;ལུང;ལོང;ལྕགས;སར;སེང;སྐར;སྐོང;སྐྱོང;སྟན;སྟེང;སྟོང;སྣ;སྣང;སྤྱང;སྤྱད;སྦྱང;སྦྱར;སྦྱོང;སྲིང;སློག	no	passed		ordinary_only	nonadmissible_observation	downgraded
བླད	blad	CORPUS_B453155DE050;CORPUS_ED2342564FDA;CORPUS_01025FAF5D30;CORPUS_DDC164B090C8	ཀན;ཀློང;ཁབ;ཁར;ཁྱད;ཁྲག;ཁྲམ;ཁྲལ;ཁྲོད;གཅད;གདན;གསལ;གྲས;གླང;གླུ;ཆག;ཆང;ཆད;ཆར;ཆུད;ཐང;ཐད;ཐབ;ཐབས;ཐམ;ཐར;ཐལ;ཐེད;ཐོད;དྲོད;ནད;པད;པར;ཕག;ཕད;ཕན;ཕབ;ཕུད;ཕོད;ཕྱགས;ཕྱད;ཕྱེད;ཕྲད;ཕྲན;བཙན;བརྩན;བྱད;བྱན;བྱི;བྱིན;བྱེད;བྲག;བྲང;བྲན;བྲལ;བྲེད;བྲོ;བླང;བློ;མཐུད;མཚར;མཛད;ཙ;ཚགས;ཚར;ཚུད;ཛ;ཟ;ཟླ;འཁར;འབར;ཡན;ཡོད;རལ;རས;རྒོད;རྒྱུད;རྟགས;རྡལ;རྩེད;ལག;ལང;ལས;ཤེད;ཤོད;སར;སྐད;སྐར;སྐྱིད;སྐྱེད;སྟན;སྟོད;སྡོད;སྣ;སྤྱད;སྦྱང;སྦྱར;སྦྱོང;སྲིད;སློག	no	passed		ordinary_only	nonadmissible_observation	downgraded
བླན	blan	CORPUS_B453155DE050;CORPUS_ED2342564FDA;CORPUS_01025FAF5D30;CORPUS_76CFA3FCFF21	ཀན;ཀློང;ཁབ;ཁར;ཁོན;ཁྲག;ཁྲམ;ཁྲལ;ཁྲོན;གཅད;གདན;གདོན;གསལ;གྲས;གླང;གླུ;ཆག;ཆང;ཆད;ཆར;ཆུན;ཆེན;ཐང;ཐད;ཐབ;ཐབས;ཐམ;ཐར;ཐལ;ཐུན;ཐེན;ཐོན;དམན;ནོན;པན;པར;ཕག;ཕད;ཕན;ཕབ;ཕོན;ཕྱགས;ཕྱད;ཕྱིན;ཕྲན;བཙན;བརྩན;བྱད;བྱན;བྱི;བྱིན;བྱེད;བྲག;བྲང;བྲན;བྲལ;བྲོ;བླང;བློ;བློན;མཁན;མཐུན;མཚར;མཛད;ཙ;ཚགས;ཚར;ཚུན;ཛ;ཟ;ཟན;ཟླ;འཁར;འབར;ཡན;ཡིན;ཡོན;རལ;རས;རྒྱུན;རྟགས;རྡལ;རྩེན;ལག;ལང;ལས;ལེན;ཤན;སར;སྐར;སྟན;སྟོན;སྣ;སྤྱད;སྤྱན;སྦྱང;སྦྱར;སྦྱོང;སློག	no	passed		ordinary_only	nonadmissible_observation	downgraded
བླར	blar	CORPUS_B453155DE050;CORPUS_ED2342564FDA;CORPUS_01025FAF5D30;CORPUS_6783C3DA00D4	ཀན;ཀར;ཀློང;ཁབ;ཁར;ཁེར;ཁྲག;ཁྲམ;ཁྲལ;གཅད;གཏོར;གདན;གསར;གསལ;གྲས;གླང;གླུ;ཆག;ཆང;ཆད;ཆར;ཆེར;ཐང;ཐད;ཐབ;ཐབས;ཐམ;ཐར;ཐལ;ཐུར;ཐེར;ཐོར;ནོར;པར;པོར;ཕག;ཕད;ཕན;ཕབ;ཕུར;ཕོར;ཕྱགས;ཕྱད;ཕྱར;ཕྲན;བདར;བཙན;བརྡར;བརྩན;བྱད;བྱན;བྱི;བྱིན;བྱེད;བྲག;བྲང;བྲན;བྲལ;བྲོ;བླང;བློ;མཁར;མཚར;མཛད;ཙ;ཚགས;ཚར;ཚུར;ཛ;ཟ;ཟུར;ཟེར;ཟླ;འཁར;འཁོར;འབར;ཡན;ཡར;རལ;རས;རྟགས;རྡལ;ལག;ལང;ལས;ཤོར;སར;སེར;སོར;སྐར;སྐོར;སྟན;སྟེར;སྣ;སྤྱད;སྦྱང;སྦྱར;སྦྱོང;སྦྱོར;སློག	no	passed		ordinary_only	nonadmissible_observation	downgraded
བླས	blas	CORPUS_B453155DE050;CORPUS_ED2342564FDA;CORPUS_01025FAF5D30;CORPUS_735B62E02527	ཀན;ཀློང;ཁབ;ཁར;ཁྲག;ཁྲམ;ཁྲལ;གཅད;གདན;གསལ;གྲས;གྲོས;གླང;གླུ;ངོས;ཆག;ཆང;ཆད;ཆར;ཆོས;ཐང;ཐད;ཐབ;ཐབས;ཐམ;ཐར;ཐལ;ཐོས;པར;པོས;ཕག;ཕད;ཕན;ཕབ;ཕྱགས;ཕྱད;ཕྱིས;ཕྲན;བཅོས;བཙན;བརྩན;བསྡུས;བྱད;བྱན;བྱི;བྱིན;བྱེད;བྲག;བྲང;བྲན;བྲལ;བྲོ;བླང;བློ;མཁས;མཚར;མཛད;ཙ;ཚགས;ཚར;ཚོས;ཛ;ཟ;ཟས;ཟླ;འཁར;འབར;ཡན;ཡས;རལ;རས;རིས;རུས;རྟགས;རྡལ;རྡོས;ལག;ལང;ལས;ལུས;ལྷས;ཤས;སར;སྐར;སྐྱེས;སྟན;སྣ;སྤྱད;སྦྱང;སྦྱར;སྦྱོང;སློག	no	passed		ordinary_only	secure_independent_observation	retained
བླུ	blu	CORPUS_B453155DE050;CORPUS_ED2342564FDA;CORPUS_84A74DBDD722	ཀུན;ཀློང;ཁུག;ཁུལ;གདུང;གུ;གྲུ;གླང;གླུ;ཆུག;ཆུང;ཆུད;ཆུན;ཐུ;ཐུང;ཐུན;ཐུབ;ཐུམ;ཐུར;ཐུལ;དུ;དྲུག;ནུ;ཕུག;ཕུད;ཕུབ;ཕུར;ཕྱུགས;བཙུན;བརྟུལ;བསྐུར;བྱད;བྱི;བྱིན;བྱེད;བྲག;བྲང;བྲན;བྲལ;བྲོ;བླང;བློ;མཚུར;ཚུགས;ཚུར;ཚུལ;ཟུར;ཟླ;འབར;ཡུལ;རུག;རུས;རྡུལ;ལུ;ལུག;ལུང;ལུས;སྦྱང;སྦྱོང;སྲུང;སློག	no	passed		ordinary_only	nonadmissible_observation	downgraded
བླུག	blug	CORPUS_B453155DE050;CORPUS_ED2342564FDA;CORPUS_84A74DBDD722;CORPUS_9A673562CD7A	ཀུན;ཀློང;ཁུག;ཁུལ;ཁོག;ཁྱག;ཁྲག;ཁྲོག;གདུང;གཡོག;གུ;གྲུ;གླང;གླུ;ཅིག;ཅོག;ཆག;ཆུག;ཆུང;ཆུད;ཆུན;ཆོག;ཏིག;ཐུ;ཐུང;ཐུན;ཐུབ;ཐུམ;ཐུར;ཐུལ;ཐེག;ཐོག;དམག;དུ;དྲུག;དྲེག;ནག;ནུ;པག;ཕག;ཕུག;ཕུད;ཕུབ;ཕུར;ཕོག;ཕྱུགས;བདག;བཙུན;བརྟུལ;བསྐུར;བྱད;བྱི;བྱིན;བྱེད;བྲག;བྲང;བྲན;བྲལ;བྲོ;བླང;བློ;མཚུར;ཚག;ཚུགས;ཚུར;ཚུལ;ཟུག;ཟུར;ཟླ;འབར;ཡིག;ཡུལ;རིག;རིགས;རུག;རུས;རོག;རྡུལ;རྡེག;རྡོག;ལག;ལུ;ལུག;ལུང;ལུས;ལོག;ལྷག;ཤོག;སྒྲོག;སྟག;སྦྱང;སྦྱོང;སྲུང;སྲོག;སློག	no	passed		ordinary_only	nonadmissible_observation	downgraded
བླུགས	blugs	CORPUS_B453155DE050;CORPUS_ED2342564FDA;CORPUS_84A74DBDD722;CORPUS_9A673562CD7A;CORPUS_F685D66CEF46	ཀུན;ཀློང;ཁུག;ཁུགས;ཁུལ;ཁེབས;ཁོག;ཁྱག;ཁྲག;ཁྲོག;གདུང;གཡོག;གཡོགས;གུ;གྲུ;གླང;གླུ;ཅིག;ཅོག;ཆག;ཆགས;ཆུག;ཆུང;ཆུད;ཆུན;ཆོག;ཏིག;ཐབས;ཐམས;ཐུ;ཐུང;ཐུན;ཐུབ;ཐུམ;ཐུར;ཐུལ;ཐེག;ཐེབས;ཐོག;དམག;དུ;དྲུག;དྲེག;ནག;ནགས;ནུ;པག;པགས;ཕག;ཕུག;ཕུགས;ཕུད;ཕུབ;ཕུར;ཕོག;ཕྱུགས;བདག;བཙུན;བརྟགས;བརྟུལ;བསྐུར;བྱད;བྱི;བྱིན;བྱེད;བྲག;བྲང;བྲན;བྲལ;བྲོ;བླང;བློ;མཚུར;ཚག;ཚགས;ཚུགས;ཚུར;ཚུལ;ཟུག;ཟུར;ཟླ;འབར;ཡིག;ཡུལ;རིག;རིགས;རིམས;རུག;རུས;རོག;རྟོགས;རྡུལ;རྡེག;རྡོག;ལག;ལུ;ལུག;ལུང;ལུས;ལོག;ལྕགས;ལྷག;ཤོག;སྒྲོག;སྟག;སྦྱང;སྦྱོང;སྲུང;སྲོག;སློག	no	passed		ordinary_only	nonadmissible_observation	downgraded
བླུན	blun	CORPUS_B453155DE050;CORPUS_ED2342564FDA;CORPUS_84A74DBDD722;CORPUS_76CFA3FCFF21	ཀན;ཀུན;ཀློང;ཁུག;ཁུལ;ཁོན;ཁྲོན;གདུང;གདོན;གུ;གྲུ;གླང;གླུ;ཆུག;ཆུང;ཆུད;ཆུན;ཆེན;ཐུ;ཐུང;ཐུན;ཐུབ;ཐུམ;ཐུར;ཐུལ;ཐེན;ཐོན;དམན;དུ;དྲུག;ནུ;ནོན;པན;ཕན;ཕུག;ཕུད;ཕུབ;ཕུར;ཕོན;ཕྱིན;ཕྱུགས;ཕྲན;བཙན;བཙུན;བརྟུལ;བསྐུར;བྱད;བྱན;བྱི;བྱིན;བྱེད;བྲག;བྲང;བྲན;བྲལ;བྲོ;བླང;བློ;བློན;མཁན;མཐུན;མཚུར;ཚུགས;ཚུན;ཚུར;ཚུལ;ཟན;ཟུར;ཟླ;འབར;ཡན;ཡིན;ཡུལ;ཡོན;རུག;རུས;རྒྱུན;རྡུལ;རྩེན;ལུ;ལུག;ལུང;ལུས;ལེན;ཤན;སྟན;སྟོན;སྤྱན;སྦྱང;སྦྱོང;སྲུང;སློག	no	passed		ordinary_only	secure_independent_observation	retained
བློད	blod	CORPUS_B453155DE050;CORPUS_ED2342564FDA;CORPUS_16D4A9AA0695;CORPUS_DDC164B090C8	ཀློང;ཁོག;ཁོལ;ཁྱད;ཁྲོག;ཁྲོད;ཁྲོམ;ཁྲོལ;གཅོད;གཏོར;གདོང;གདོན;གསོལ;གོ;གྲོ;གྲོས;གླང;གླུ;ངོས;ཅོ;ཅོག;ཆད;ཆུད;ཆོག;ཏོག;ཐད;ཐེད;ཐོ;ཐོག;ཐོད;ཐོན;ཐོབ;ཐོར;དོ;དྲོ;དྲོད;ནད;པད;པོར;ཕད;ཕུད;ཕོག;ཕོད;ཕོན;ཕོར;ཕྱད;ཕྱེད;ཕྲད;བརྟོལ;བརྩོན;བསྐོར;བྱད;བྱི;བྱིན;བྱེད;བྲག;བྲང;བྲན;བྲལ;བྲེད;བྲོ;བླང;བློ;མགྲོན;མཆོད;མཐུད;མཛོད;ཚུད;ཚོལ;ཚོས;ཟོར;ཟླ;འཁོར;འབར;ཡོད;ཡོན;ཡོལ;རོ;རོག;རྒོད;རྒྱུད;རྟོགས;རྡོག;རྡོལ;རྩེད;ལོ;ལོག;ལོང;ཤེད;ཤོད;སོ;སོར;སྐད;སྐོར;སྐྱིད;སྐྱེད;སྟོང;སྟོད;སྟོན;སྡོད;སྤྱད;སྤྱོད;སྦྱང;སྦྱོང;སྦྱོར;སྲིད;སློག	no	passed		ordinary_only	nonadmissible_observation	downgraded
བློས	blos	CORPUS_B453155DE050;CORPUS_ED2342564FDA;CORPUS_16D4A9AA0695;CORPUS_735B62E02527	ཀློང;ཁོག;ཁོལ;ཁྲོག;ཁྲོད;ཁྲོམ;ཁྲོལ;གཅོད;གཏོར;གདོང;གདོན;གསོལ;གོ;གྲས;གྲོ;གྲོས;གླང;གླུ;ངོས;ཅོ;ཅོག;ཆོག;ཆོས;ཏོག;ཐོ;ཐོག;ཐོད;ཐོན;ཐོབ;ཐོར;ཐོས;དོ;དྲོ;པོར;པོས;ཕོག;ཕོད;ཕོན;ཕོར;ཕྱིས;བཅོས;བརྟོལ;བརྩོན;བསྐོར;བསྡུས;བྱད;བྱི;བྱིན;བྱེད;བྲག;བྲང;བྲན;བྲལ;བྲོ;བླང;བློ;མཁས;མགྲོན;མཆོད;མཛོད;ཚོལ;ཚོས;ཟས;ཟོར;ཟླ;འཁོར;འབར;ཡས;ཡོན;ཡོལ;རས;རིས;རུས;རོ;རོག;རྟོགས;རྡོག;རྡོལ;རྡོས;ལས;ལུས;ལོ;ལོག;ལོང;ལྷས;ཤས;ཤོད;སོ;སོར;སྐོར;སྐྱེས;སྟོང;སྟོན;སྤྱོད;སྦྱང;སྦྱོང;སྦྱོར;སློག	no	passed		ordinary_only	secure_independent_observation	retained
མགུར	mgur	CORPUS_BC919FFB8C2C;CORPUS_A6063072E7A9;CORPUS_84A74DBDD722;CORPUS_6783C3DA00D4	ཀར;ཀུན;ཁར;ཁུག;ཁུལ;ཁེར;གཏོར;གདུང;གསར;གི;གུ;གེ;གོ;གྱིས;གྲང;གྲས;གྲི;གྲུ;གྲོ;གྲོལ;གླང;ཆར;ཆུག;ཆུང;ཆུད;ཆུན;ཆེར;ཐར;ཐུ;ཐུང;ཐུན;ཐུབ;ཐུམ;ཐུར;ཐུལ;ཐེར;ཐོར;དུ;དྲུག;ནུ;ནོར;པར;པོར;ཕུག;ཕུད;ཕུབ;ཕུར;ཕོར;ཕྱར;ཕྱུགས;བདར;བཙུན;བརྟུལ;བརྡར;བསྐུར;མཁར;མགར;མགོན;མཐར;མཐུན;མཐོ;མཚར;མཚུར;ཚར;ཚུགས;ཚུར;ཚུལ;ཟུར;ཟེར;འཁོར;འབར;ཡར;ཡུལ;རུག;རུས;རྒོལ;རྡུལ;ལུ;ལུག;ལུང;ལུས;ཤོར;སེར;སོར;སྐར;སྐོར;སྒྲ;སྟེར;སྦྱར;སྦྱོར;སྲུང	no	passed		ordinary_only	nonadmissible_observation	downgraded
མགྱོགས	mgyogs	CORPUS_BC919FFB8C2C;CORPUS_A6063072E7A9;CORPUS_E34B3E203AE6;CORPUS_16D4A9AA0695;CORPUS_9A673562CD7A;CORPUS_F685D66CEF46	ཁུག;ཁུགས;ཁེབས;ཁོག;ཁོལ;ཁྱག;ཁྱབ;ཁྱེར;ཁྲག;ཁྲོག;ཁྲོད;ཁྲོམ;ཁྲོལ;གཅོད;གཏོར;གདོང;གདོན;གཡོག;གཡོགས;གསོལ;གི;གུ;གེ;གོ;གྱིས;གྲང;གྲས;གྲི;གྲོ;གྲོལ;གྲོས;གླང;ངོས;ཅིག;ཅོ;ཅོག;ཆག;ཆགས;ཆུག;ཆོག;ཏིག;ཏོག;ཐབས;ཐམས;ཐེག;ཐེབས;ཐོ;ཐོག;ཐོད;ཐོན;ཐོབ;ཐོར;དམག;དོ;དྲེག;དྲོ;ནག;ནགས;པག;པགས;པོར;ཕག;ཕུག;ཕུགས;ཕོག;ཕོད;ཕོན;ཕོར;ཕྱད;ཕྱམ;ཕྱིན;ཕྱུགས;བདག;བརྟགས;བརྟོལ;བརྩོན;བསྐོར;བྱན;བྱེད;བྲག;མཁར;མགར;མགོན;མགྲོན;མཆོད;མཐར;མཐུན;མཐོ;མཚར;མཚུར;མཛོད;ཚག;ཚགས;ཚོལ;ཚོས;ཟུག;ཟོར;འཁོར;ཡིག;ཡོན;ཡོལ;རིག;རིགས;རིམས;རུག;རོ;རོག;རྒོལ;རྟོགས;རྡེག;རྡོག;རྡོལ;ལག;ལུག;ལོ;ལོག;ལོང;ལྕགས;ལྷག;ཤོག;ཤོད;སོ;སོར;སྐོར;སྐྱོང;སྒྲ;སྒྲོག;སྟག;སྟོང;སྟོན;སྤྱོད;སྦྱང;སྦྱོང;སྦྱོར;སྲོག;སློག	no	passed		ordinary_only	secure_independent_observation	retained
མནག	mnag	CORPUS_BC919FFB8C2C;CORPUS_7F051B17DE73;CORPUS_01025FAF5D30;CORPUS_9A673562CD7A	ཀན;ཁབ;ཁར;ཁུག;ཁོག;ཁྱག;ཁྲག;ཁྲམ;ཁྲལ;ཁྲོག;གཅད;གདན;གནོན;གཡོག;གསལ;གྲས;གླང;ཅིག;ཅོག;ཆག;ཆང;ཆད;ཆར;ཆུག;ཆོག;ཏིག;ཐང;ཐད;ཐབ;ཐབས;ཐམ;ཐར;ཐལ;ཐེག;ཐོག;དམག;དྲེག;ནག;ནགས;ནད;ནམ;ནུ;ནེ;ནོན;ནོར;པག;པར;ཕག;ཕད;ཕན;ཕབ;ཕུག;ཕོག;ཕྱགས;ཕྱད;ཕྲན;བདག;བཙན;བརྩན;བྱད;བྱན;བྲག;བྲལ;མཁར;མཐར;མཐུན;མཐོ;མཚར;མཚུར;མཛད;ཙ;ཚག;ཚགས;ཚར;ཛ;ཟ;ཟུག;འཁར;ཡན;ཡིག;རལ;རས;རིག;རིགས;རུག;རོག;རྟགས;རྡལ;རྡེག;རྡོག;རྣོ;ལག;ལང;ལས;ལུག;ལོག;ལྷག;ཤོག;སར;སྐར;སྒྲོག;སྟག;སྟན;སྣ;སྣམ;སྣེ;སྣོད;སྤྱད;སྦྱང;སྦྱར;སྲོག;སློག	no	passed		ordinary_only	nonadmissible_observation	downgraded
མནགས	mnags	CORPUS_BC919FFB8C2C;CORPUS_7F051B17DE73;CORPUS_01025FAF5D30;CORPUS_9A673562CD7A;CORPUS_F685D66CEF46	ཀན;ཁབ;ཁར;ཁུག;ཁུགས;ཁེབས;ཁོག;ཁྱག;ཁྲག;ཁྲམ;ཁྲལ;ཁྲོག;གཅད;གདན;གནོན;གཡོག;གཡོགས;གསལ;གྲས;གླང;ཅིག;ཅོག;ཆག;ཆགས;ཆང;ཆད;ཆར;ཆུག;ཆོག;ཏིག;ཐང;ཐད;ཐབ;ཐབས;ཐམ;ཐམས;ཐར;ཐལ;ཐེག;ཐེབས;ཐོག;དམག;དྲེག;ནག;ནགས;ནད;ནམ;ནུ;ནེ;ནོན;ནོར;པག;པགས;པར;ཕག;ཕད;ཕན;ཕབ;ཕུག;ཕུགས;ཕོག;ཕྱགས;ཕྱད;ཕྲན;བདག;བཙན;བརྟགས;བརྩན;བྱད;བྱན;བྲག;བྲལ;མཁར;མཐར;མཐུན;མཐོ;མཚར;མཚུར;མཛད;ཙ;ཚག;ཚགས;ཚར;ཛ;ཟ;ཟུག;འཁར;ཡན;ཡིག;རལ;རས;རིག;རིགས;རིམས;རུག;རོག;རྟགས;རྟོགས;རྡལ;རྡེག;རྡོག;རྣོ;ལག;ལང;ལས;ལུག;ལོག;ལྕགས;ལྷག;ཤོག;སར;སྐར;སྒྲོག;སྟག;སྟན;སྣ;སྣམ;སྣེ;སྣོད;སྤྱད;སྦྱང;སྦྱར;སྲོག;སློག	no	passed		ordinary_only	nonadmissible_observation	downgraded
མནངས	mnaṅs	CORPUS_BC919FFB8C2C;CORPUS_7F051B17DE73;CORPUS_01025FAF5D30;SUFFIX_NG_TO_NDOT;CORPUS_F685D66CEF46	ཀན;ཁབ;ཁར;ཁུགས;ཁུང;ཁེབས;ཁྲག;ཁྲམ;ཁྲལ;གཅད;གཏོང;གདན;གདུང;གདོང;གནོན;གཡོགས;གསལ;གསུང;གྲང;གྲས;གླང;ཅིང;ཆག;ཆགས;ཆང;ཆད;ཆར;ཆུང;ཐང;ཐད;ཐབ;ཐབས;ཐམ;ཐམས;ཐར;ཐལ;ཐུང;ཐེབས;ནག;ནགས;ནད;ནམ;ནུ;ནེ;ནོན;ནོར;པགས;པར;ཕག;ཕད;ཕན;ཕབ;ཕུགས;ཕྱགས;ཕྱད;ཕྱིང;ཕྲན;བཏང;བཙན;བརྟགས;བརྩན;བྱད;བྱན;བྲང;བྲལ;མཁར;མཐར;མཐུན;མཐོ;མཐོང;མཚར;མཚུར;མཛད;ཙ;ཚགས;ཚང;ཚར;ཛ;ཟ;འཁར;ཡང;ཡན;རལ;རས;རིགས;རིང;རིམས;རྟགས;རྟོགས;རྡལ;རྣོ;རྨང;ལག;ལང;ལས;ལུང;ལོང;ལྕགས;སར;སེང;སྐར;སྐོང;སྐྱོང;སྟན;སྟེང;སྟོང;སྣ;སྣང;སྣམ;སྣེ;སྣོད;སྤྱང;སྤྱད;སྦྱང;སྦྱར;སྦྱོང;སྲིང	no	passed		ordinary_only	nonadmissible_observation	downgraded
མནན	mnan	CORPUS_BC919FFB8C2C;CORPUS_7F051B17DE73;CORPUS_01025FAF5D30;CORPUS_76CFA3FCFF21	ཀན;ཁབ;ཁར;ཁོན;ཁྲག;ཁྲམ;ཁྲལ;ཁྲོན;གཅད;གདན;གདོན;གནོན;གསལ;གྲས;གླང;ཆག;ཆང;ཆད;ཆར;ཆུན;ཆེན;ཐང;ཐད;ཐབ;ཐབས;ཐམ;ཐར;ཐལ;ཐུན;ཐེན;ཐོན;དམན;ནག;ནགས;ནད;ནམ;ནུ;ནེ;ནོན;ནོར;པན;པར;ཕག;ཕད;ཕན;ཕབ;ཕོན;ཕྱགས;ཕྱད;ཕྱིན;ཕྲན;བཙན;བརྩན;བྱད;བྱན;བྱིན;བྲན;བྲལ;བློན;མཁན;མཁར;མཐར;མཐུན;མཐོ;མཚར;མཚུར;མཛད;ཙ;ཚགས;ཚར;ཚུན;ཛ;ཟ;ཟན;འཁར;ཡན;ཡིན;ཡོན;རལ;རས;རྒྱུན;རྟགས;རྡལ;རྣོ;རྩེན;ལག;ལང;ལས;ལེན;ཤན;སར;སྐར;སྟན;སྟོན;སྣ;སྣམ;སྣེ;སྣོད;སྤྱད;སྤྱན;སྦྱང;སྦྱར	no	passed		ordinary_only	nonadmissible_observation	downgraded
མནབ	mnab	CORPUS_BC919FFB8C2C;CORPUS_7F051B17DE73;CORPUS_01025FAF5D30;CORPUS_0C6592BB5CEF	ཀན;ཁབ;ཁར;ཁེབ;ཁྱབ;ཁྲག;ཁྲབ;ཁྲམ;ཁྲལ;གཅད;གདན;གདུབ;གནོན;གསལ;གྲས;གྲུབ;གླང;ཆག;ཆང;ཆད;ཆར;ཐང;ཐད;ཐབ;ཐབས;ཐམ;ཐར;ཐལ;ཐུབ;ཐེབ;ཐོབ;ནག;ནགས;ནད;ནམ;ནུ;ནེ;ནོན;ནོར;པར;ཕག;ཕད;ཕན;ཕབ;ཕུབ;ཕྱགས;ཕྱད;ཕྲན;བཏབ;བཙན;བརྡབ;བརྩན;བྱད;བྱན;བྲལ;མཁར;མཐར;མཐུན;མཐོ;མཚར;མཚུར;མཛད;ཙ;ཚགས;ཚབ;ཚར;ཛ;ཟ;འཁར;འབབ;ཡན;ཡབ;རབ;རལ;རས;རྟགས;རྡལ;རྣོ;ལག;ལང;ལས;ལེབ;སར;སྐར;སྐྱོབ;སྟན;སྡེབ;སྣ;སྣམ;སྣེ;སྣོད;སྤྱད;སྦྱང;སྦྱར;སློབ	no	passed		ordinary_only	secure_independent_observation	retained
མནབས	mnabs	CORPUS_BC919FFB8C2C;CORPUS_7F051B17DE73;CORPUS_01025FAF5D30;CORPUS_0C6592BB5CEF;CORPUS_F685D66CEF46	ཀན;ཁབ;ཁར;ཁུགས;ཁེབ;ཁེབས;ཁྱབ;ཁྲག;ཁྲབ;ཁྲམ;ཁྲལ;གཅད;གདན;གདུབ;གནོན;གཡོགས;གསལ;གྲས;གྲུབ;གླང;ཆག;ཆགས;ཆང;ཆད;ཆར;ཐང;ཐད;ཐབ;ཐབས;ཐམ;ཐམས;ཐར;ཐལ;ཐུབ;ཐེབ;ཐེབས;ཐོབ;ནག;ནགས;ནད;ནམ;ནུ;ནེ;ནོན;ནོར;པགས;པར;ཕག;ཕད;ཕན;ཕབ;ཕུགས;ཕུབ;ཕྱགས;ཕྱད;ཕྲན;བཏབ;བཙན;བརྟགས;བརྡབ;བརྩན;བྱད;བྱན;བྲལ;མཁར;མཐར;མཐུན;མཐོ;མཚར;མཚུར;མཛད;ཙ;ཚགས;ཚབ;ཚར;ཛ;ཟ;འཁར;འབབ;ཡན;ཡབ;རབ;རལ;རས;རིགས;རིམས;རྟགས;རྟོགས;རྡལ;རྣོ;ལག;ལང;ལས;ལེབ;ལྕགས;སར;སྐར;སྐྱོབ;སྟན;སྡེབ;སྣ;སྣམ;སྣེ;སྣོད;སྤྱད;སྦྱང;སྦྱར;སློབ	no	passed		ordinary_only	nonadmissible_observation	downgraded
མནམ	mnam	CORPUS_BC919FFB8C2C;CORPUS_7F051B17DE73;CORPUS_01025FAF5D30;CORPUS_5683E9A09D00	ཀན;ཁབ;ཁར;ཁོམ;ཁྱིམ;ཁྲག;ཁྲམ;ཁྲལ;ཁྲོམ;གཅད;གདན;གནོན;གསལ;གསུམ;གྲས;གླང;ཆག;ཆང;ཆད;ཆར;ཐང;ཐད;ཐབ;ཐབས;ཐམ;ཐམས;ཐར;ཐལ;ཐུམ;ཐེམ;ནག;ནགས;ནད;ནམ;ནུ;ནེ;ནོན;ནོར;པར;ཕག;ཕད;ཕན;ཕབ;ཕམ;ཕྱགས;ཕྱད;ཕྱམ;ཕྲན;བཅོམ;བཙན;བརྩན;བྱད;བྱན;བྲལ;མཁར;མཐར;མཐུན;མཐོ;མཚར;མཚུར;མཛད;ཙ;ཙམ;ཚགས;ཚར;ཚིམ;ཛ;ཟ;འཁར;ཡན;ཡུམ;རལ;རས;རིམ;རིམས;རྟགས;རྡལ;རྣོ;ལག;ལང;ལམ;ལས;སར;སྐམ;སྐར;སྟན;སྡོམ;སྣ;སྣམ;སྣེ;སྣོད;སྤྱད;སྦྱང;སྦྱར	no	passed		ordinary_only	nonadmissible_observation	downgraded
མནམས	mnams	CORPUS_BC919FFB8C2C;CORPUS_7F051B17DE73;CORPUS_01025FAF5D30;CORPUS_5683E9A09D00;CORPUS_F685D66CEF46	ཀན;ཁབ;ཁར;ཁུགས;ཁེབས;ཁོམ;ཁྱིམ;ཁྲག;ཁྲམ;ཁྲལ;ཁྲོམ;གཅད;གདན;གནོན;གཡོགས;གསལ;གསུམ;གྲས;གླང;ཆག;ཆགས;ཆང;ཆད;ཆར;ཐང;ཐད;ཐབ;ཐབས;ཐམ;ཐམས;ཐར;ཐལ;ཐུམ;ཐེབས;ཐེམ;ནག;ནགས;ནད;ནམ;ནུ;ནེ;ནོན;ནོར;པགས;པར;ཕག;ཕད;ཕན;ཕབ;ཕམ;ཕུགས;ཕྱགས;ཕྱད;ཕྱམ;ཕྲན;བཅོམ;བཙན;བརྟགས;བརྩན;བྱད;བྱན;བྲལ;མཁར;མཐར;མཐུན;མཐོ;མཚར;མཚུར;མཛད;ཙ;ཙམ;ཚགས;ཚར;ཚིམ;ཛ;ཟ;འཁར;ཡན;ཡུམ;རལ;རས;རིགས;རིམ;རིམས;རྟགས;རྟོགས;རྡལ;རྣོ;ལག;ལང;ལམ;ལས;ལྕགས;སར;སྐམ;སྐར;སྟན;སྡོམ;སྣ;སྣམ;སྣེ;སྣོད;སྤྱད;སྦྱང;སྦྱར	no	passed		ordinary_only	nonadmissible_observation	downgraded
མནར	mnar	CORPUS_BC919FFB8C2C;CORPUS_7F051B17DE73;CORPUS_01025FAF5D30;CORPUS_6783C3DA00D4	ཀན;ཀར;ཁབ;ཁར;ཁེར;ཁྲག;ཁྲམ;ཁྲལ;གཅད;གཏོར;གདན;གནོན;གསར;གསལ;གྲས;གླང;ཆག;ཆང;ཆད;ཆར;ཆེར;ཐང;ཐད;ཐབ;ཐབས;ཐམ;ཐར;ཐལ;ཐུར;ཐེར;ཐོར;ནག;ནགས;ནད;ནམ;ནུ;ནེ;ནོན;ནོར;པར;པོར;ཕག;ཕད;ཕན;ཕབ;ཕུར;ཕོར;ཕྱགས;ཕྱད;ཕྱར;ཕྲན;བདར;བཙན;བརྡར;བརྩན;བྱད;བྱན;བྲལ;མཁར;མཐར;མཐུན;མཐོ;མཚར;མཚུར;མཛད;ཙ;ཚགས;ཚར;ཚུར;ཛ;ཟ;ཟུར;ཟེར;འཁར;འཁོར;འབར;ཡན;ཡར;རལ;རས;རྟགས;རྡལ;རྣོ;ལག;ལང;ལས;ཤོར;སར;སེར;སོར;སྐར;སྐོར;སྟན;སྟེར;སྣ;སྣམ;སྣེ;སྣོད;སྤྱད;སྦྱང;སྦྱར;སྦྱོར	no	passed		ordinary_only	secure_independent_observation	retained
མནུན	mnun	CORPUS_BC919FFB8C2C;CORPUS_7F051B17DE73;CORPUS_84A74DBDD722;CORPUS_76CFA3FCFF21	ཀན;ཀུན;ཁུག;ཁུལ;ཁོན;ཁྲོན;གདུང;གདོན;གནོན;གུ;གྲུ;ཆུག;ཆུང;ཆུད;ཆུན;ཆེན;ཐུ;ཐུང;ཐུན;ཐུབ;ཐུམ;ཐུར;ཐུལ;ཐེན;ཐོན;དམན;དུ;དྲུག;ནག;ནགས;ནད;ནམ;ནུ;ནེ;ནོན;ནོར;པན;ཕན;ཕུག;ཕུད;ཕུབ;ཕུར;ཕོན;ཕྱིན;ཕྱུགས;ཕྲན;བཙན;བཙུན;བརྟུལ;བསྐུར;བྱན;བྱིན;བྲན;བློན;མཁན;མཁར;མཐར;མཐུན;མཐོ;མཚར;མཚུར;ཚུགས;ཚུན;ཚུར;ཚུལ;ཟན;ཟུར;ཡན;ཡིན;ཡུལ;ཡོན;རུག;རུས;རྒྱུན;རྡུལ;རྣོ;རྩེན;ལུ;ལུག;ལུང;ལུས;ལེན;ཤན;སྟན;སྟོན;སྣམ;སྣེ;སྣོད;སྤྱན;སྲུང	no	passed		ordinary_only	nonadmissible_observation	downgraded
མནོག	mnog	CORPUS_BC919FFB8C2C;CORPUS_7F051B17DE73;CORPUS_16D4A9AA0695;CORPUS_9A673562CD7A	ཁུག;ཁོག;ཁོལ;ཁྱག;ཁྲག;ཁྲོག;ཁྲོད;ཁྲོམ;ཁྲོལ;གཅོད;གཏོར;གདོང;གདོན;གནོན;གཡོག;གསོལ;གོ;གྲོ;གྲོས;ངོས;ཅིག;ཅོ;ཅོག;ཆག;ཆུག;ཆོག;ཏིག;ཏོག;ཐེག;ཐོ;ཐོག;ཐོད;ཐོན;ཐོབ;ཐོར;དམག;དོ;དྲེག;དྲོ;ནག;ནགས;ནད;ནམ;ནུ;ནེ;ནོན;ནོར;པག;པོར;ཕག;ཕུག;ཕོག;ཕོད;ཕོན;ཕོར;བདག;བརྟོལ;བརྩོན;བསྐོར;བྲག;མཁར;མགྲོན;མཆོད;མཐར;མཐུན;མཐོ;མཚར;མཚུར;མཛོད;ཚག;ཚོལ;ཚོས;ཟུག;ཟོར;འཁོར;ཡིག;ཡོན;ཡོལ;རིག;རིགས;རུག;རོ;རོག;རྟོགས;རྡེག;རྡོག;རྡོལ;རྣོ;ལག;ལུག;ལོ;ལོག;ལོང;ལྷག;ཤོག;ཤོད;སོ;སོར;སྐོར;སྒྲོག;སྟག;སྟོང;སྟོན;སྣམ;སྣེ;སྣོད;སྤྱོད;སྦྱོང;སྦྱོར;སྲོག;སློག	no	passed		ordinary_only	secure_independent_observation	retained
མཱ	ma			no	insufficient		ordinary_only	no_feature_target	downgraded
མྱ	mya	CORPUS_6C68775C4C70;CORPUS_E34B3E203AE6;CORPUS_01025FAF5D30	ཀན;ཁབ;ཁར;ཁྱག;ཁྱབ;ཁྱེར;ཁྲག;ཁྲམ;ཁྲལ;གཅད;གདན;གསལ;གྲས;གླང;ཆག;ཆང;ཆད;ཆར;ཐང;ཐད;ཐབ;ཐབས;ཐམ;ཐར;ཐལ;པར;ཕག;ཕད;ཕན;ཕབ;ཕྱགས;ཕྱད;ཕྱམ;ཕྱིན;ཕྱུགས;ཕྲན;བཙན;བརྩན;བྱད;བྱན;བྱེད;བྲལ;མཚར;མཛད;མོ;ཙ;ཚགས;ཚར;ཛ;ཟ;འཁར;ཡན;རལ;རས;རྟགས;རྡལ;རྨ;རྨང;ལག;ལང;ལས;སར;སྐར;སྐྱོང;སྟན;སྣ;སྤྱད;སྦྱང;སྦྱར;སྨད;སྨྲ	no	passed		ordinary_only	secure_independent_observation	retained
མྱང	myaṅ	CORPUS_6C68775C4C70;CORPUS_E34B3E203AE6;CORPUS_01025FAF5D30;SUFFIX_NG_TO_NDOT	ཀན;ཁབ;ཁར;ཁུང;ཁྱག;ཁྱབ;ཁྱེར;ཁྲག;ཁྲམ;ཁྲལ;གཅད;གཏོང;གདན;གདུང;གདོང;གསལ;གསུང;གྲང;གྲས;གླང;ཅིང;ཆག;ཆང;ཆད;ཆར;ཆུང;ཐང;ཐད;ཐབ;ཐབས;ཐམ;ཐར;ཐལ;ཐུང;པར;ཕག;ཕད;ཕན;ཕབ;ཕྱགས;ཕྱད;ཕྱམ;ཕྱིང;ཕྱིན;ཕྱུགས;ཕྲན;བཏང;བཙན;བརྩན;བྱད;བྱན;བྱེད;བྲང;བྲལ;མཐོང;མཚར;མཛད;མོ;ཙ;ཚགས;ཚང;ཚར;ཛ;ཟ;འཁར;ཡང;ཡན;རལ;རས;རིང;རྟགས;རྡལ;རྨ;རྨང;ལག;ལང;ལས;ལུང;ལོང;སར;སེང;སྐར;སྐོང;སྐྱོང;སྟན;སྟེང;སྟོང;སྣ;སྣང;སྤྱང;སྤྱད;སྦྱང;སྦྱར;སྦྱོང;སྨད;སྨྲ;སྲིང	no	passed		ordinary_only	secure_independent_observation	retained
མྱི	myi	CORPUS_6C68775C4C70;CORPUS_E34B3E203AE6;CORPUS_63EB474B7A3F	ཀི;ཁྱག;ཁྱབ;ཁྱེར;ཁྲིད;གི;གྲི;གླིང;ཅི;ཅིག;ཆིག;ཏི;ཏིག;ཐིག;ཕྱད;ཕྱམ;ཕྱིན;ཕྱུགས;ཕྲིན;བྱན;བྱིན;བྱེད;མགྲིན;མོ;ཙི;ཚིགས;ཚིལ;ཛི;ཡི;ཡིན;རི;རིག;རིལ;རིས;རྨ;རྨང;ལིང;སྐྱིད;སྐྱིལ;སྐྱོང;སྦྱང;སྨད;སྨྲ;སྲིང	no	passed		ordinary_only	secure_independent_observation	retained
མྱིག	myig	CORPUS_6C68775C4C70;CORPUS_E34B3E203AE6;CORPUS_63EB474B7A3F;CORPUS_9A673562CD7A	ཀི;ཁུག;ཁོག;ཁྱག;ཁྱབ;ཁྱེར;ཁྲག;ཁྲིད;ཁྲོག;གཡོག;གི;གྲི;གླིང;ཅི;ཅིག;ཅོག;ཆག;ཆིག;ཆུག;ཆོག;ཏི;ཏིག;ཐིག;ཐེག;ཐོག;དམག;དྲེག;ནག;པག;ཕག;ཕུག;ཕོག;ཕྱད;ཕྱམ;ཕྱིན;ཕྱུགས;ཕྲིན;བདག;བྱན;བྱིན;བྱེད;བྲག;མགྲིན;མོ;ཙི;ཚག;ཚིགས;ཚིལ;ཛི;ཟུག;ཡི;ཡིག;ཡིན;རི;རིག;རིགས;རིལ;རིས;རུག;རོག;རྡེག;རྡོག;རྨ;རྨང;ལག;ལིང;ལུག;ལོག;ལྷག;ཤོག;སྐྱིད;སྐྱིལ;སྐྱོང;སྒྲོག;སྟག;སྦྱང;སྨད;སྨྲ;སྲིང;སྲོག;སློག	no	passed		ordinary_only	secure_independent_observation	retained
མྱུ	myu	CORPUS_6C68775C4C70;CORPUS_E34B3E203AE6;CORPUS_84A74DBDD722	ཀུན;ཁུག;ཁུལ;ཁྱག;ཁྱབ;ཁྱེར;གདུང;གུ;གྲུ;ཆུག;ཆུང;ཆུད;ཆུན;ཐུ;ཐུང;ཐུན;ཐུབ;ཐུམ;ཐུར;ཐུལ;དུ;དྲུག;ནུ;ཕུག;ཕུད;ཕུབ;ཕུར;ཕྱད;ཕྱམ;ཕྱིན;ཕྱུགས;བཙུན;བརྟུལ;བསྐུར;བྱན;བྱེད;མཚུར;མོ;ཚུགས;ཚུར;ཚུལ;ཟུར;ཡུལ;རུག;རུས;རྡུལ;རྨ;རྨང;ལུ;ལུག;ལུང;ལུས;སྐྱོང;སྦྱང;སྨད;སྨྲ;སྲུང	no	passed		ordinary_only	nonadmissible_observation	downgraded
མྱུར	myur	CORPUS_6C68775C4C70;CORPUS_E34B3E203AE6;CORPUS_84A74DBDD722;CORPUS_6783C3DA00D4	ཀར;ཀུན;ཁར;ཁུག;ཁུལ;ཁེར;ཁྱག;ཁྱབ;ཁྱེར;གཏོར;གདུང;གསར;གུ;གྲུ;ཆར;ཆུག;ཆུང;ཆུད;ཆུན;ཆེར;ཐར;ཐུ;ཐུང;ཐུན;ཐུབ;ཐུམ;ཐུར;ཐུལ;ཐེར;ཐོར;དུ;དྲུག;ནུ;ནོར;པར;པོར;ཕུག;ཕུད;ཕུབ;ཕུར;ཕོར;ཕྱད;ཕྱམ;ཕྱར;ཕྱིན;ཕྱུགས;བདར;བཙུན;བརྟུལ;བརྡར;བསྐུར;བྱན;བྱེད;མཁར;མཚུར;མོ;ཚར;ཚུགས;ཚུར;ཚུལ;ཟུར;ཟེར;འཁོར;འབར;ཡར;ཡུལ;རུག;རུས;རྡུལ;རྨ;རྨང;ལུ;ལུག;ལུང;ལུས;ཤོར;སེར;སོར;སྐར;སྐོར;སྐྱོང;སྟེར;སྦྱང;སྦྱར;སྦྱོར;སྨད;སྨྲ;སྲུང	no	passed		ordinary_only	nonadmissible_observation	downgraded
མྱོག	myog	CORPUS_6C68775C4C70;CORPUS_E34B3E203AE6;CORPUS_16D4A9AA0695;CORPUS_9A673562CD7A	ཁུག;ཁོག;ཁོལ;ཁྱག;ཁྱབ;ཁྱེར;ཁྲག;ཁྲོག;ཁྲོད;ཁྲོམ;ཁྲོལ;གཅོད;གཏོར;གདོང;གདོན;གཡོག;གསོལ;གོ;གྲོ;གྲོས;ངོས;ཅིག;ཅོ;ཅོག;ཆག;ཆུག;ཆོག;ཏིག;ཏོག;ཐེག;ཐོ;ཐོག;ཐོད;ཐོན;ཐོབ;ཐོར;དམག;དོ;དྲེག;དྲོ;ནག;པག;པོར;ཕག;ཕུག;ཕོག;ཕོད;ཕོན;ཕོར;ཕྱད;ཕྱམ;ཕྱིན;ཕྱུགས;བདག;བརྟོལ;བརྩོན;བསྐོར;བྱན;བྱེད;བྲག;མགྲོན;མཆོད;མཛོད;མོ;ཚག;ཚོལ;ཚོས;ཟུག;ཟོར;འཁོར;ཡིག;ཡོན;ཡོལ;རིག;རིགས;རུག;རོ;རོག;རྟོགས;རྡེག;རྡོག;རྡོལ;རྨ;རྨང;ལག;ལུག;ལོ;ལོག;ལོང;ལྷག;ཤོག;ཤོད;སོ;སོར;སྐོར;སྐྱོང;སྒྲོག;སྟག;སྟོང;སྟོན;སྤྱོད;སྦྱང;སྦྱོང;སྦྱོར;སྨད;སྨྲ;སྲོག;སློག	no	passed		ordinary_only	nonadmissible_observation	downgraded
མྱོན	myon	CORPUS_6C68775C4C70;CORPUS_E34B3E203AE6;CORPUS_16D4A9AA0695;CORPUS_76CFA3FCFF21	ཀན;ཁོག;ཁོན;ཁོལ;ཁྱག;ཁྱབ;ཁྱེར;ཁྲོག;ཁྲོད;ཁྲོན;ཁྲོམ;ཁྲོལ;གཅོད;གཏོར;གདོང;གདོན;གསོལ;གོ;གྲོ;གྲོས;ངོས;ཅོ;ཅོག;ཆུན;ཆེན;ཆོག;ཏོག;ཐུན;ཐེན;ཐོ;ཐོག;ཐོད;ཐོན;ཐོབ;ཐོར;དམན;དོ;དྲོ;ནོན;པན;པོར;ཕན;ཕོག;ཕོད;ཕོན;ཕོར;ཕྱད;ཕྱམ;ཕྱིན;ཕྱུགས;ཕྲན;བཙན;བརྟོལ;བརྩོན;བསྐོར;བྱན;བྱིན;བྱེད;བྲན;བློན;མཁན;མགྲོན;མཆོད;མཐུན;མཛོད;མོ;ཚུན;ཚོལ;ཚོས;ཟན;ཟོར;འཁོར;ཡན;ཡིན;ཡོན;ཡོལ;རོ;རོག;རྒྱུན;རྟོགས;རྡོག;རྡོལ;རྨ;རྨང;རྩེན;ལེན;ལོ;ལོག;ལོང;ཤན;ཤོད;སོ;སོར;སྐོར;སྐྱོང;སྟན;སྟོང;སྟོན;སྤྱན;སྤྱོད;སྦྱང;སྦྱོང;སྦྱོར;སྨད;སྨྲ	no	passed		ordinary_only	nonadmissible_observation	downgraded
མྱོས	myos	CORPUS_6C68775C4C70;CORPUS_E34B3E203AE6;CORPUS_16D4A9AA0695;CORPUS_735B62E02527	ཁོག;ཁོལ;ཁྱག;ཁྱབ;ཁྱེར;ཁྲོག;ཁྲོད;ཁྲོམ;ཁྲོལ;གཅོད;གཏོར;གདོང;གདོན;གསོལ;གོ;གྲས;གྲོ;གྲོས;ངོས;ཅོ;ཅོག;ཆོག;ཆོས;ཏོག;ཐོ;ཐོག;ཐོད;ཐོན;ཐོབ;ཐོར;ཐོས;དོ;དྲོ;པོར;པོས;ཕོག;ཕོད;ཕོན;ཕོར;ཕྱད;ཕྱམ;ཕྱིན;ཕྱིས;ཕྱུགས;བཅོས;བརྟོལ;བརྩོན;བསྐོར;བསྡུས;བྱན;བྱེད;མཁས;མགྲོན;མཆོད;མཛོད;མོ;ཚོལ;ཚོས;ཟས;ཟོར;འཁོར;ཡས;ཡོན;ཡོལ;རས;རིས;རུས;རོ;རོག;རྟོགས;རྡོག;རྡོལ;རྡོས;རྨ;རྨང;ལས;ལུས;ལོ;ལོག;ལོང;ལྷས;ཤས;ཤོད;སོ;སོར;སྐོར;སྐྱེས;སྐྱོང;སྟོང;སྟོན;སྤྱོད;སྦྱང;སྦྱོང;སྦྱོར;སྨད;སྨྲ	no	passed		ordinary_only	secure_independent_observation	retained
མྲ	mra	CORPUS_6C68775C4C70;CORPUS_7F71AFFFC788;CORPUS_01025FAF5D30	ཀན;ཁབ;ཁར;ཁྲག;ཁྲབ;ཁྲམ;ཁྲལ;ཁྲོག;ཁྲོན;ཁྲོམ;ཁྲོལ;གཅད;གདན;གསལ;གྲང;གྲས;གྲི;གྲུ;གྲོ;གླང;ཆག;ཆང;ཆད;ཆར;ཐང;ཐད;ཐབ;ཐབས;ཐམ;ཐར;ཐལ;དྲེ;དྲོ;པར;ཕག;ཕད;ཕན;ཕབ;ཕྱགས;ཕྱད;ཕྲད;ཕྲན;ཕྲིན;ཕྲུག;བཙན;བརྩན;བྱད;བྱན;བྲང;བྲན;བྲལ;བྲེད;བྲོ;མགྲོན;མཚར;མཛད;མོ;ཙ;ཚགས;ཚར;ཛ;ཟ;འཁར;ཡན;རལ;རས;རྟགས;རྡལ;རྨ;རྨང;ལག;ལང;ལས;སར;སྐར;སྟན;སྣ;སྤྱད;སྦྱང;སྦྱར;སྦྲང;སྨད;སྨྲ;སྲོག	no	passed		ordinary_only	nonadmissible_observation	downgraded
ཞ	źa	ROOT_ZHA_TO_ZACUTE;CORPUS_01025FAF5D30	ཀན;ཁབ;ཁར;ཁྲག;ཁྲམ;ཁྲལ;གཅད;གདན;གཞུང;གསལ;གྲས;གླང;ཆག;ཆང;ཆད;ཆར;ཐང;ཐད;ཐབ;ཐབས;ཐམ;ཐར;ཐལ;པར;ཕག;ཕད;ཕན;ཕབ;ཕྱགས;ཕྱད;ཕྲན;བཙན;བརྩན;བྱད;བྱན;བྲལ;མཚར;མཛད;ཙ;ཚགས;ཚར;ཛ;ཞང;ཟ;འཁར;ཡན;རལ;རས;རྟགས;རྡལ;ལག;ལང;ལས;སར;སྐར;སྟན;སྣ;སྤྱད;སྦྱང;སྦྱར	no	passed		ordinary_only	secure_independent_observation	retained
ཞིག	źig	ROOT_ZHA_TO_ZACUTE;CORPUS_63EB474B7A3F;CORPUS_9A673562CD7A	ཀི;ཁུག;ཁོག;ཁྱག;ཁྲག;ཁྲིད;ཁྲོག;གཞུང;གཡོག;གི;གྲི;གླིང;ཅི;ཅིག;ཅོག;ཆག;ཆིག;ཆུག;ཆོག;ཏི;ཏིག;ཐིག;ཐེག;ཐོག;དམག;དྲེག;ནག;པག;ཕག;ཕུག;ཕོག;ཕྲིན;བདག;བྱིན;བྲག;མགྲིན;ཙི;ཚག;ཚིགས;ཚིལ;ཛི;ཞང;ཟུག;ཡི;ཡིག;ཡིན;རི;རིག;རིགས;རིལ;རིས;རུག;རོག;རྡེག;རྡོག;ལག;ལིང;ལུག;ལོག;ལྷག;ཤོག;སྐྱིད;སྐྱིལ;སྒྲོག;སྟག;སྲིང;སྲོག;སློག	no	passed		ordinary_only	secure_independent_observation	retained
ཞིང	źiṅ	ROOT_ZHA_TO_ZACUTE;CORPUS_63EB474B7A3F;SUFFIX_NG_TO_NDOT	ཀི;ཁུང;ཁྲིད;གཏོང;གདུང;གདོང;གཞུང;གསུང;གི;གྲང;གྲི;གླིང;ཅི;ཅིག;ཅིང;ཆང;ཆིག;ཆུང;ཏི;ཏིག;ཐང;ཐིག;ཐུང;ཕྱིང;ཕྲིན;བཏང;བྱིན;བྲང;མགྲིན;མཐོང;ཙི;ཚང;ཚིགས;ཚིལ;ཛི;ཞང;ཡང;ཡི;ཡིན;རི;རིག;རིང;རིལ;རིས;རྨང;ལང;ལིང;ལུང;ལོང;སེང;སྐོང;སྐྱིད;སྐྱིལ;སྐྱོང;སྟེང;སྟོང;སྣང;སྤྱང;སྦྱང;སྦྱོང;སྲིང	no	passed		ordinary_only	derived_target_plus_independent_feature_composition	retained
ཞིམ	źim	ROOT_ZHA_TO_ZACUTE;CORPUS_63EB474B7A3F;CORPUS_5683E9A09D00	ཀི;ཁོམ;ཁྱིམ;ཁྲམ;ཁྲིད;ཁྲོམ;གཞུང;གསུམ;གི;གྲི;གླིང;ཅི;ཅིག;ཆིག;ཏི;ཏིག;ཐམ;ཐམས;ཐིག;ཐུམ;ཐེམ;ནམ;ཕམ;ཕྱམ;ཕྲིན;བཅོམ;བྱིན;མགྲིན;ཙམ;ཙི;ཚིགས;ཚིམ;ཚིལ;ཛི;ཞང;ཡི;ཡིན;ཡུམ;རི;རིག;རིམ;རིམས;རིལ;རིས;ལམ;ལིང;སྐམ;སྐྱིད;སྐྱིལ;སྡོམ;སྣམ;སྲིང	no	passed		ordinary_only	nonadmissible_observation	downgraded
འགག	gag	CORPUS_91DCE7C115D4;CORPUS_A6063072E7A9;CORPUS_01025FAF5D30;CORPUS_9A673562CD7A	ཀན;ཁབ;ཁར;ཁུག;ཁོག;ཁྱག;ཁྲག;ཁྲམ;ཁྲལ;ཁྲོག;གཅད;གདན;གཡོག;གསལ;གི;གུ;གེ;གོ;གྱིས;གྲང;གྲས;གྲི;གྲོ;གྲོལ;གླང;ཅིག;ཅོག;ཆག;ཆང;ཆད;ཆར;ཆུག;ཆོག;ཏིག;ཐང;ཐད;ཐབ;ཐབས;ཐམ;ཐར;ཐལ;ཐེག;ཐོག;དམག;དྲེག;ནག;པག;པར;ཕག;ཕད;ཕན;ཕབ;ཕུག;ཕོག;ཕྱགས;ཕྱད;ཕྲན;བདག;བཙན;བརྩན;བྱད;བྱན;བྲག;བྲལ;མགར;མགོན;མཚར;མཛད;ཙ;ཚག;ཚགས;ཚར;ཛ;ཟ;ཟུག;འཁར;འགྲོ;འབབ;འབར;འབུམ;འབྱུང;འབྱོར;ཡན;ཡིག;རལ;རས;རིག;རིགས;རུག;རོག;རྒོལ;རྟགས;རྡལ;རྡེག;རྡོག;ལག;ལང;ལས;ལུག;ལོག;ལྷག;ཤོག;སར;སྐར;སྒྲ;སྒྲོག;སྟག;སྟན;སྣ;སྤྱད;སྦྱང;སྦྱར;སྲོག;སློག	no	passed		ordinary_only	nonadmissible_observation	downgraded
འགགས	gags	CORPUS_91DCE7C115D4;CORPUS_A6063072E7A9;CORPUS_01025FAF5D30;CORPUS_9A673562CD7A;CORPUS_F685D66CEF46	ཀན;ཁབ;ཁར;ཁུག;ཁུགས;ཁེབས;ཁོག;ཁྱག;ཁྲག;ཁྲམ;ཁྲལ;ཁྲོག;གཅད;གདན;གཡོག;གཡོགས;གསལ;གི;གུ;གེ;གོ;གྱིས;གྲང;གྲས;གྲི;གྲོ;གྲོལ;གླང;ཅིག;ཅོག;ཆག;ཆགས;ཆང;ཆད;ཆར;ཆུག;ཆོག;ཏིག;ཐང;ཐད;ཐབ;ཐབས;ཐམ;ཐམས;ཐར;ཐལ;ཐེག;ཐེབས;ཐོག;དམག;དྲེག;ནག;ནགས;པག;པགས;པར;ཕག;ཕད;ཕན;ཕབ;ཕུག;ཕུགས;ཕོག;ཕྱགས;ཕྱད;ཕྲན;བདག;བཙན;བརྟགས;བརྩན;བྱད;བྱན;བྲག;བྲལ;མགར;མགོན;མཚར;མཛད;ཙ;ཚག;ཚགས;ཚར;ཛ;ཟ;ཟུག;འཁར;འགྲོ;འབབ;འབར;འབུམ;འབྱུང;འབྱོར;ཡན;ཡིག;རལ;རས;རིག;རིགས;རིམས;རུག;རོག;རྒོལ;རྟགས;རྟོགས;རྡལ;རྡེག;རྡོག;ལག;ལང;ལས;ལུག;ལོག;ལྕགས;ལྷག;ཤོག;སར;སྐར;སྒྲ;སྒྲོག;སྟག;སྟན;སྣ;སྤྱད;སྦྱང;སྦྱར;སྲོག;སློག	no	passed		ordinary_only	nonadmissible_observation	downgraded
འགན	gan	CORPUS_91DCE7C115D4;CORPUS_A6063072E7A9;CORPUS_01025FAF5D30;CORPUS_76CFA3FCFF21	ཀན;ཁབ;ཁར;ཁོན;ཁྲག;ཁྲམ;ཁྲལ;ཁྲོན;གཅད;གདན;གདོན;གསལ;གི;གུ;གེ;གོ;གྱིས;གྲང;གྲས;གྲི;གྲོ;གྲོལ;གླང;ཆག;ཆང;ཆད;ཆར;ཆུན;ཆེན;ཐང;ཐད;ཐབ;ཐབས;ཐམ;ཐར;ཐལ;ཐུན;ཐེན;ཐོན;དམན;ནོན;པན;པར;ཕག;ཕད;ཕན;ཕབ;ཕོན;ཕྱགས;ཕྱད;ཕྱིན;ཕྲན;བཙན;བརྩན;བྱད;བྱན;བྱིན;བྲན;བྲལ;བློན;མཁན;མགར;མགོན;མཐུན;མཚར;མཛད;ཙ;ཚགས;ཚར;ཚུན;ཛ;ཟ;ཟན;འཁར;འགྲོ;འབབ;འབར;འབུམ;འབྱུང;འབྱོར;ཡན;ཡིན;ཡོན;རལ;རས;རྒོལ;རྒྱུན;རྟགས;རྡལ;རྩེན;ལག;ལང;ལས;ལེན;ཤན;སར;སྐར;སྒྲ;སྟན;སྟོན;སྣ;སྤྱད;སྤྱན;སྦྱང;སྦྱར	no	passed		ordinary_only	secure_independent_observation	retained
འགབ	gab	CORPUS_91DCE7C115D4;CORPUS_A6063072E7A9;CORPUS_01025FAF5D30;CORPUS_0C6592BB5CEF	ཀན;ཁབ;ཁར;ཁེབ;ཁྱབ;ཁྲག;ཁྲབ;ཁྲམ;ཁྲལ;གཅད;གདན;གདུབ;གསལ;གི;གུ;གེ;གོ;གྱིས;གྲང;གྲས;གྲི;གྲུབ;གྲོ;གྲོལ;གླང;ཆག;ཆང;ཆད;ཆར;ཐང;ཐད;ཐབ;ཐབས;ཐམ;ཐར;ཐལ;ཐུབ;ཐེབ;ཐོབ;པར;ཕག;ཕད;ཕན;ཕབ;ཕུབ;ཕྱགས;ཕྱད;ཕྲན;བཏབ;བཙན;བརྡབ;བརྩན;བྱད;བྱན;བྲལ;མགར;མགོན;མཚར;མཛད;ཙ;ཚགས;ཚབ;ཚར;ཛ;ཟ;འཁར;འགྲོ;འབབ;འབར;འབུམ;འབྱུང;འབྱོར;ཡན;ཡབ;རབ;རལ;རས;རྒོལ;རྟགས;རྡལ;ལག;ལང;ལས;ལེབ;སར;སྐར;སྐྱོབ;སྒྲ;སྟན;སྡེབ;སྣ;སྤྱད;སྦྱང;སྦྱར;སློབ	no	passed		ordinary_only	nonadmissible_observation	downgraded
འགོགས	gogs	CORPUS_91DCE7C115D4;CORPUS_A6063072E7A9;CORPUS_16D4A9AA0695;CORPUS_9A673562CD7A;CORPUS_F685D66CEF46	ཁུག;ཁུགས;ཁེབས;ཁོག;ཁོལ;ཁྱག;ཁྲག;ཁྲོག;ཁྲོད;ཁྲོམ;ཁྲོལ;གཅོད;གཏོར;གདོང;གདོན;གཡོག;གཡོགས;གསོལ;གི;གུ;གེ;གོ;གྱིས;གྲང;གྲས;གྲི;གྲོ;གྲོལ;གྲོས;གླང;ངོས;ཅིག;ཅོ;ཅོག;ཆག;ཆགས;ཆུག;ཆོག;ཏིག;ཏོག;ཐབས;ཐམས;ཐེག;ཐེབས;ཐོ;ཐོག;ཐོད;ཐོན;ཐོབ;ཐོར;དམག;དོ;དྲེག;དྲོ;ནག;ནགས;པག;པགས;པོར;ཕག;ཕུག;ཕུགས;ཕོག;ཕོད;ཕོན;ཕོར;བདག;བརྟགས;བརྟོལ;བརྩོན;བསྐོར;བྲག;མགར;མགོན;མགྲོན;མཆོད;མཛོད;ཚག;ཚགས;ཚོལ;ཚོས;ཟུག;ཟོར;འཁོར;འགྲོ;འབབ;འབར;འབུམ;འབྱུང;འབྱོར;ཡིག;ཡོན;ཡོལ;རིག;རིགས;རིམས;རུག;རོ;རོག;རྒོལ;རྟོགས;རྡེག;རྡོག;རྡོལ;ལག;ལུག;ལོ;ལོག;ལོང;ལྕགས;ལྷག;ཤོག;ཤོད;སོ;སོར;སྐོར;སྒྲ;སྒྲོག;སྟག;སྟོང;སྟོན;སྤྱོད;སྦྱོང;སྦྱོར;སྲོག;སློག	no	passed		ordinary_only	nonadmissible_observation	downgraded
འགྱངས	gyaṅs	CORPUS_91DCE7C115D4;CORPUS_A6063072E7A9;CORPUS_E34B3E203AE6;CORPUS_01025FAF5D30;SUFFIX_NG_TO_NDOT;CORPUS_F685D66CEF46	ཀན;ཁབ;ཁར;ཁུགས;ཁུང;ཁེབས;ཁྱག;ཁྱབ;ཁྱེར;ཁྲག;ཁྲམ;ཁྲལ;གཅད;གཏོང;གདན;གདུང;གདོང;གཡོགས;གསལ;གསུང;གི;གུ;གེ;གོ;གྱིས;གྲང;གྲས;གྲི;གྲོ;གྲོལ;གླང;ཅིང;ཆག;ཆགས;ཆང;ཆད;ཆར;ཆུང;ཐང;ཐད;ཐབ;ཐབས;ཐམ;ཐམས;ཐར;ཐལ;ཐུང;ཐེབས;ནགས;པགས;པར;ཕག;ཕད;ཕན;ཕབ;ཕུགས;ཕྱགས;ཕྱད;ཕྱམ;ཕྱིང;ཕྱིན;ཕྱུགས;ཕྲན;བཏང;བཙན;བརྟགས;བརྩན;བྱད;བྱན;བྱེད;བྲང;བྲལ;མགར;མགོན;མཐོང;མཚར;མཛད;ཙ;ཚགས;ཚང;ཚར;ཛ;ཟ;འཁར;འགྲོ;འབབ;འབར;འབུམ;འབྱུང;འབྱོར;ཡང;ཡན;རལ;རས;རིགས;རིང;རིམས;རྒོལ;རྟགས;རྟོགས;རྡལ;རྨང;ལག;ལང;ལས;ལུང;ལོང;ལྕགས;སར;སེང;སྐར;སྐོང;སྐྱོང;སྒྲ;སྟན;སྟེང;སྟོང;སྣ;སྣང;སྤྱང;སྤྱད;སྦྱང;སྦྱར;སྦྱོང;སྲིང	no	passed		ordinary_only	nonadmissible_observation	downgraded
འགྱོགས	gyogs	CORPUS_91DCE7C115D4;CORPUS_A6063072E7A9;CORPUS_E34B3E203AE6;CORPUS_16D4A9AA0695;CORPUS_9A673562CD7A;CORPUS_F685D66CEF46	ཁུག;ཁུགས;ཁེབས;ཁོག;ཁོལ;ཁྱག;ཁྱབ;ཁྱེར;ཁྲག;ཁྲོག;ཁྲོད;ཁྲོམ;ཁྲོལ;གཅོད;གཏོར;གདོང;གདོན;གཡོག;གཡོགས;གསོལ;གི;གུ;གེ;གོ;གྱིས;གྲང;གྲས;གྲི;གྲོ;གྲོལ;གྲོས;གླང;ངོས;ཅིག;ཅོ;ཅོག;ཆག;ཆགས;ཆུག;ཆོག;ཏིག;ཏོག;ཐབས;ཐམས;ཐེག;ཐེབས;ཐོ;ཐོག;ཐོད;ཐོན;ཐོབ;ཐོར;དམག;དོ;དྲེག;དྲོ;ནག;ནགས;པག;པགས;པོར;ཕག;ཕུག;ཕུགས;ཕོག;ཕོད;ཕོན;ཕོར;ཕྱད;ཕྱམ;ཕྱིན;ཕྱུགས;བདག;བརྟགས;བརྟོལ;བརྩོན;བསྐོར;བྱན;བྱེད;བྲག;མགར;མགོན;མགྲོན;མཆོད;མཛོད;ཚག;ཚགས;ཚོལ;ཚོས;ཟུག;ཟོར;འཁོར;འགྲོ;འབབ;འབར;འབུམ;འབྱུང;འབྱོར;ཡིག;ཡོན;ཡོལ;རིག;རིགས;རིམས;རུག;རོ;རོག;རྒོལ;རྟོགས;རྡེག;རྡོག;རྡོལ;ལག;ལུག;ལོ;ལོག;ལོང;ལྕགས;ལྷག;ཤོག;ཤོད;སོ;སོར;སྐོར;སྐྱོང;སྒྲ;སྒྲོག;སྟག;སྟོང;སྟོན;སྤྱོད;སྦྱང;སྦྱོང;སྦྱོར;སྲོག;སློག	no	passed		ordinary_only	secure_independent_observation	retained
འགྱོད	gyod	CORPUS_91DCE7C115D4;CORPUS_A6063072E7A9;CORPUS_E34B3E203AE6;CORPUS_16D4A9AA0695;CORPUS_DDC164B090C8	ཁོག;ཁོལ;ཁྱག;ཁྱད;ཁྱབ;ཁྱེར;ཁྲོག;ཁྲོད;ཁྲོམ;ཁྲོལ;གཅོད;གཏོར;གདོང;གདོན;གསོལ;གི;གུ;གེ;གོ;གྱིས;གྲང;གྲས;གྲི;གྲོ;གྲོལ;གྲོས;གླང;ངོས;ཅོ;ཅོག;ཆད;ཆུད;ཆོག;ཏོག;ཐད;ཐེད;ཐོ;ཐོག;ཐོད;ཐོན;ཐོབ;ཐོར;དོ;དྲོ;དྲོད;ནད;པད;པོར;ཕད;ཕུད;ཕོག;ཕོད;ཕོན;ཕོར;ཕྱད;ཕྱམ;ཕྱིན;ཕྱུགས;ཕྱེད;ཕྲད;བརྟོལ;བརྩོན;བསྐོར;བྱད;བྱན;བྱེད;བྲེད;མགར;མགོན;མགྲོན;མཆོད;མཐུད;མཛོད;ཚུད;ཚོལ;ཚོས;ཟོར;འཁོར;འགྲོ;འབབ;འབར;འབུམ;འབྱུང;འབྱོར;ཡོད;ཡོན;ཡོལ;རོ;རོག;རྒོད;རྒོལ;རྒྱུད;རྟོགས;རྡོག;རྡོལ;རྩེད;ལོ;ལོག;ལོང;ཤེད;ཤོད;སོ;སོར;སྐད;སྐོར;སྐྱིད;སྐྱེད;སྐྱོང;སྒྲ;སྟོང;སྟོད;སྟོན;སྡོད;སྤྱད;སྤྱོད;སྦྱང;སྦྱོང;སྦྱོར;སྲིད	no	passed		ordinary_only	secure_independent_observation	retained
འགྲམ	gram	CORPUS_91DCE7C115D4;CORPUS_A6063072E7A9;CORPUS_7F71AFFFC788;CORPUS_01025FAF5D30;CORPUS_5683E9A09D00	ཀན;ཁབ;ཁར;ཁོམ;ཁྱིམ;ཁྲག;ཁྲབ;ཁྲམ;ཁྲལ;ཁྲོག;ཁྲོན;ཁྲོམ;ཁྲོལ;གཅད;གདན;གསལ;གསུམ;གི;གུ;གེ;གོ;གྱིས;གྲང;གྲས;གྲི;གྲུ;གྲོ;གྲོལ;གླང;ཆག;ཆང;ཆད;ཆར;ཐང;ཐད;ཐབ;ཐབས;ཐམ;ཐམས;ཐར;ཐལ;ཐུམ;ཐེམ;དྲེ;དྲོ;ནམ;པར;ཕག;ཕད;ཕན;ཕབ;ཕམ;ཕྱགས;ཕྱད;ཕྱམ;ཕྲད;ཕྲན;ཕྲིན;ཕྲུག;བཅོམ;བཙན;བརྩན;བྱད;བྱན;བྲང;བྲན;བྲལ;བྲེད;བྲོ;མགར;མགོན;མགྲོན;མཚར;མཛད;ཙ;ཙམ;ཚགས;ཚར;ཚིམ;ཛ;ཟ;འཁར;འགྲོ;འབབ;འབར;འབུམ;འབྱུང;འབྱོར;ཡན;ཡུམ;རལ;རས;རིམ;རིམས;རྒོལ;རྟགས;རྡལ;ལག;ལང;ལམ;ལས;སར;སྐམ;སྐར;སྒྲ;སྟན;སྡོམ;སྣ;སྣམ;སྤྱད;སྦྱང;སྦྱར;སྦྲང;སྲོག	no	passed		ordinary_only	nonadmissible_observation	downgraded
འགྲིབ	grib	CORPUS_91DCE7C115D4;CORPUS_A6063072E7A9;CORPUS_7F71AFFFC788;CORPUS_63EB474B7A3F;CORPUS_0C6592BB5CEF	ཀི;ཁབ;ཁེབ;ཁྱབ;ཁྲག;ཁྲབ;ཁྲིད;ཁྲོག;ཁྲོན;ཁྲོམ;ཁྲོལ;གདུབ;གི;གུ;གེ;གོ;གྱིས;གྲང;གྲས;གྲི;གྲུ;གྲུབ;གྲོ;གྲོལ;གླང;གླིང;ཅི;ཅིག;ཆིག;ཏི;ཏིག;ཐབ;ཐབས;ཐིག;ཐུབ;ཐེབ;ཐོབ;དྲེ;དྲོ;ཕབ;ཕུབ;ཕྲད;ཕྲན;ཕྲིན;ཕྲུག;བཏབ;བརྡབ;བྱིན;བྲང;བྲན;བྲེད;བྲོ;མགར;མགོན;མགྲིན;མགྲོན;ཙི;ཚབ;ཚིགས;ཚིལ;ཛི;འགྲོ;འབབ;འབར;འབུམ;འབྱུང;འབྱོར;ཡབ;ཡི;ཡིན;རབ;རི;རིག;རིལ;རིས;རྒོལ;ལིང;ལེབ;སྐྱིད;སྐྱིལ;སྐྱོབ;སྒྲ;སྡེབ;སྦྲང;སྲིང;སྲོག;སློབ	no	passed		ordinary_only	secure_independent_observation	retained
འགྲིམ	grim	CORPUS_91DCE7C115D4;CORPUS_A6063072E7A9;CORPUS_7F71AFFFC788;CORPUS_63EB474B7A3F;CORPUS_5683E9A09D00	ཀི;ཁོམ;ཁྱིམ;ཁྲག;ཁྲབ;ཁྲམ;ཁྲིད;ཁྲོག;ཁྲོན;ཁྲོམ;ཁྲོལ;གསུམ;གི;གུ;གེ;གོ;གྱིས;གྲང;གྲས;གྲི;གྲུ;གྲོ;གྲོལ;གླང;གླིང;ཅི;ཅིག;ཆིག;ཏི;ཏིག;ཐམ;ཐམས;ཐིག;ཐུམ;ཐེམ;དྲེ;དྲོ;ནམ;ཕམ;ཕྱམ;ཕྲད;ཕྲན;ཕྲིན;ཕྲུག;བཅོམ;བྱིན;བྲང;བྲན;བྲེད;བྲོ;མགར;མགོན;མགྲིན;མགྲོན;ཙམ;ཙི;ཚིགས;ཚིམ;ཚིལ;ཛི;འགྲོ;འབབ;འབར;འབུམ;འབྱུང;འབྱོར;ཡི;ཡིན;ཡུམ;རི;རིག;རིམ;རིམས;རིལ;རིས;རྒོལ;ལམ;ལིང;སྐམ;སྐྱིད;སྐྱིལ;སྒྲ;སྡོམ;སྣམ;སྦྲང;སྲིང;སྲོག	no	passed		ordinary_only	nonadmissible_observation	downgraded
འགྲོགས	grogs	CORPUS_91DCE7C115D4;CORPUS_A6063072E7A9;CORPUS_7F71AFFFC788;CORPUS_16D4A9AA0695;CORPUS_9A673562CD7A;CORPUS_F685D66CEF46	ཁུག;ཁུགས;ཁེབས;ཁོག;ཁོལ;ཁྱག;ཁྲག;ཁྲབ;ཁྲོག;ཁྲོད;ཁྲོན;ཁྲོམ;ཁྲོལ;གཅོད;གཏོར;གདོང;གདོན;གཡོག;གཡོགས;གསོལ;གི;གུ;གེ;གོ;གྱིས;གྲང;གྲས;གྲི;གྲུ;གྲོ;གྲོལ;གྲོས;གླང;ངོས;ཅིག;ཅོ;ཅོག;ཆག;ཆགས;ཆུག;ཆོག;ཏིག;ཏོག;ཐབས;ཐམས;ཐེག;ཐེབས;ཐོ;ཐོག;ཐོད;ཐོན;ཐོབ;ཐོར;དམག;དོ;དྲེ;དྲེག;དྲོ;ནག;ནགས;པག;པགས;པོར;ཕག;ཕུག;ཕུགས;ཕོག;ཕོད;ཕོན;ཕོར;ཕྲད;ཕྲན;ཕྲིན;ཕྲུག;བདག;བརྟགས;བརྟོལ;བརྩོན;བསྐོར;བྲག;བྲང;བྲན;བྲེད;བྲོ;མགར;མགོན;མགྲོན;མཆོད;མཛོད;ཚག;ཚགས;ཚོལ;ཚོས;ཟུག;ཟོར;འཁོར;འགྲོ;འབབ;འབར;འབུམ;འབྱུང;འབྱོར;ཡིག;ཡོན;ཡོལ;རིག;རིགས;རིམས;རུག;རོ;རོག;རྒོལ;རྟོགས;རྡེག;རྡོག;རྡོལ;ལག;ལུག;ལོ;ལོག;ལོང;ལྕགས;ལྷག;ཤོག;ཤོད;སོ;སོར;སྐོར;སྒྲ;སྒྲོག;སྟག;སྟོང;སྟོན;སྤྱོད;སྦྱོང;སྦྱོར;སྦྲང;སྲོག;སློག	no	passed		ordinary_only	secure_independent_observation	retained
འབག	bag	CORPUS_91DCE7C115D4;CORPUS_B453155DE050;CORPUS_01025FAF5D30;CORPUS_9A673562CD7A	ཀན;ཁབ;ཁར;ཁུག;ཁོག;ཁྱག;ཁྲག;ཁྲམ;ཁྲལ;ཁྲོག;གཅད;གདན;གཡོག;གསལ;གྲས;གླང;ཅིག;ཅོག;ཆག;ཆང;ཆད;ཆར;ཆུག;ཆོག;ཏིག;ཐང;ཐད;ཐབ;ཐབས;ཐམ;ཐར;ཐལ;ཐེག;ཐོག;དམག;དྲེག;ནག;པག;པར;ཕག;ཕད;ཕན;ཕབ;ཕུག;ཕོག;ཕྱགས;ཕྱད;ཕྲན;བདག;བཙན;བརྩན;བྱད;བྱན;བྱི;བྱིན;བྱེད;བྲག;བྲང;བྲན;བྲལ;བྲོ;བླང;མཚར;མཛད;ཙ;ཚག;ཚགས;ཚར;ཛ;ཟ;ཟུག;འཁར;འགྲོ;འབབ;འབར;འབུམ;འབྱུང;འབྱོར;ཡན;ཡིག;རལ;རས;རིག;རིགས;རུག;རོག;རྟགས;རྡལ;རྡེག;རྡོག;ལག;ལང;ལས;ལུག;ལོག;ལྷག;ཤོག;སར;སྐར;སྒྲོག;སྟག;སྟན;སྣ;སྤྱད;སྦྱང;སྦྱར;སྦྱོང;སྲོག;སློག	no	passed		ordinary_only	nonadmissible_observation	downgraded
འབགས	bags	CORPUS_91DCE7C115D4;CORPUS_B453155DE050;CORPUS_01025FAF5D30;CORPUS_9A673562CD7A;CORPUS_F685D66CEF46	ཀན;ཁབ;ཁར;ཁུག;ཁུགས;ཁེབས;ཁོག;ཁྱག;ཁྲག;ཁྲམ;ཁྲལ;ཁྲོག;གཅད;གདན;གཡོག;གཡོགས;གསལ;གྲས;གླང;ཅིག;ཅོག;ཆག;ཆགས;ཆང;ཆད;ཆར;ཆུག;ཆོག;ཏིག;ཐང;ཐད;ཐབ;ཐབས;ཐམ;ཐམས;ཐར;ཐལ;ཐེག;ཐེབས;ཐོག;དམག;དྲེག;ནག;ནགས;པག;པགས;པར;ཕག;ཕད;ཕན;ཕབ;ཕུག;ཕུགས;ཕོག;ཕྱགས;ཕྱད;ཕྲན;བདག;བཙན;བརྟགས;བརྩན;བྱད;བྱན;བྱི;བྱིན;བྱེད;བྲག;བྲང;བྲན;བྲལ;བྲོ;བླང;མཚར;མཛད;ཙ;ཚག;ཚགས;ཚར;ཛ;ཟ;ཟུག;འཁར;འགྲོ;འབབ;འབར;འབུམ;འབྱུང;འབྱོར;ཡན;ཡིག;རལ;རས;རིག;རིགས;རིམས;རུག;རོག;རྟགས;རྟོགས;རྡལ;རྡེག;རྡོག;ལག;ལང;ལས;ལུག;ལོག;ལྕགས;ལྷག;ཤོག;སར;སྐར;སྒྲོག;སྟག;སྟན;སྣ;སྤྱད;སྦྱང;སྦྱར;སྦྱོང;སྲོག;སློག	no	passed		ordinary_only	nonadmissible_observation	downgraded
འབངས	baṅs	CORPUS_91DCE7C115D4;CORPUS_B453155DE050;CORPUS_01025FAF5D30;SUFFIX_NG_TO_NDOT;CORPUS_F685D66CEF46	ཀན;ཁབ;ཁར;ཁུགས;ཁུང;ཁེབས;ཁྲག;ཁྲམ;ཁྲལ;གཅད;གཏོང;གདན;གདུང;གདོང;གཡོགས;གསལ;གསུང;གྲང;གྲས;གླང;ཅིང;ཆག;ཆགས;ཆང;ཆད;ཆར;ཆུང;ཐང;ཐད;ཐབ;ཐབས;ཐམ;ཐམས;ཐར;ཐལ;ཐུང;ཐེབས;ནགས;པགས;པར;ཕག;ཕད;ཕན;ཕབ;ཕུགས;ཕྱགས;ཕྱད;ཕྱིང;ཕྲན;བཏང;བཙན;བརྟགས;བརྩན;བྱད;བྱན;བྱི;བྱིན;བྱེད;བྲག;བྲང;བྲན;བྲལ;བྲོ;བླང;མཐོང;མཚར;མཛད;ཙ;ཚགས;ཚང;ཚར;ཛ;ཟ;འཁར;འགྲོ;འབབ;འབར;འབུམ;འབྱུང;འབྱོར;ཡང;ཡན;རལ;རས;རིགས;རིང;རིམས;རྟགས;རྟོགས;རྡལ;རྨང;ལག;ལང;ལས;ལུང;ལོང;ལྕགས;སར;སེང;སྐར;སྐོང;སྐྱོང;སྟན;སྟེང;སྟོང;སྣ;སྣང;སྤྱང;སྤྱད;སྦྱང;སྦྱར;སྦྱོང;སྲིང	no	passed		ordinary_only	nonadmissible_observation	downgraded
འབིགས	bigs	CORPUS_91DCE7C115D4;CORPUS_B453155DE050;CORPUS_63EB474B7A3F;CORPUS_9A673562CD7A;CORPUS_F685D66CEF46	ཀི;ཁུག;ཁུགས;ཁེབས;ཁོག;ཁྱག;ཁྲག;ཁྲིད;ཁྲོག;གཡོག;གཡོགས;གི;གྲི;གླིང;ཅི;ཅིག;ཅོག;ཆག;ཆགས;ཆིག;ཆུག;ཆོག;ཏི;ཏིག;ཐབས;ཐམས;ཐིག;ཐེག;ཐེབས;ཐོག;དམག;དྲེག;ནག;ནགས;པག;པགས;ཕག;ཕུག;ཕུགས;ཕོག;ཕྲིན;བདག;བརྟགས;བྱད;བྱི;བྱིན;བྱེད;བྲག;བྲང;བྲན;བྲལ;བྲོ;བླང;མགྲིན;ཙི;ཚག;ཚགས;ཚིགས;ཚིལ;ཛི;ཟུག;འགྲོ;འབབ;འབར;འབུམ;འབྱུང;འབྱོར;ཡི;ཡིག;ཡིན;རི;རིག;རིགས;རིམས;རིལ;རིས;རུག;རོག;རྟོགས;རྡེག;རྡོག;ལག;ལིང;ལུག;ལོག;ལྕགས;ལྷག;ཤོག;སྐྱིད;སྐྱིལ;སྒྲོག;སྟག;སྦྱང;སྦྱོང;སྲིང;སྲོག;སློག	no	passed		ordinary_only	nonadmissible_observation	downgraded
འབིབས	bibs	CORPUS_91DCE7C115D4;CORPUS_B453155DE050;CORPUS_63EB474B7A3F;CORPUS_0C6592BB5CEF;CORPUS_F685D66CEF46	ཀི;ཁབ;ཁུགས;ཁེབ;ཁེབས;ཁྱབ;ཁྲབ;ཁྲིད;གདུབ;གཡོགས;གི;གྲི;གྲུབ;གླིང;ཅི;ཅིག;ཆགས;ཆིག;ཏི;ཏིག;ཐབ;ཐབས;ཐམས;ཐིག;ཐུབ;ཐེབ;ཐེབས;ཐོབ;ནགས;པགས;ཕབ;ཕུགས;ཕུབ;ཕྲིན;བཏབ;བརྟགས;བརྡབ;བྱད;བྱི;བྱིན;བྱེད;བྲག;བྲང;བྲན;བྲལ;བྲོ;བླང;མགྲིན;ཙི;ཚགས;ཚབ;ཚིགས;ཚིལ;ཛི;འགྲོ;འབབ;འབར;འབུམ;འབྱུང;འབྱོར;ཡབ;ཡི;ཡིན;རབ;རི;རིག;རིགས;རིམས;རིལ;རིས;རྟོགས;ལིང;ལེབ;ལྕགས;སྐྱིད;སྐྱིལ;སྐྱོབ;སྡེབ;སྦྱང;སྦྱོང;སྲིང;སློབ	no	passed		ordinary_only	nonadmissible_observation	downgraded
འབུགས	bugs	CORPUS_91DCE7C115D4;CORPUS_B453155DE050;CORPUS_84A74DBDD722;CORPUS_9A673562CD7A;CORPUS_F685D66CEF46	ཀུན;ཁུག;ཁུགས;ཁུལ;ཁེབས;ཁོག;ཁྱག;ཁྲག;ཁྲོག;གདུང;གཡོག;གཡོགས;གུ;གྲུ;ཅིག;ཅོག;ཆག;ཆགས;ཆུག;ཆུང;ཆུད;ཆུན;ཆོག;ཏིག;ཐབས;ཐམས;ཐུ;ཐུང;ཐུན;ཐུབ;ཐུམ;ཐུར;ཐུལ;ཐེག;ཐེབས;ཐོག;དམག;དུ;དྲུག;དྲེག;ནག;ནགས;ནུ;པག;པགས;ཕག;ཕུག;ཕུགས;ཕུད;ཕུབ;ཕུར;ཕོག;ཕྱུགས;བདག;བཙུན;བརྟགས;བརྟུལ;བསྐུར;བྱད;བྱི;བྱིན;བྱེད;བྲག;བྲང;བྲན;བྲལ;བྲོ;བླང;མཚུར;ཚག;ཚགས;ཚུགས;ཚུར;ཚུལ;ཟུག;ཟུར;འགྲོ;འབབ;འབར;འབུམ;འབྱུང;འབྱོར;ཡིག;ཡུལ;རིག;རིགས;རིམས;རུག;རུས;རོག;རྟོགས;རྡུལ;རྡེག;རྡོག;ལག;ལུ;ལུག;ལུང;ལུས;ལོག;ལྕགས;ལྷག;ཤོག;སྒྲོག;སྟག;སྦྱང;སྦྱོང;སྲུང;སྲོག;སློག	no	passed		ordinary_only	nonadmissible_observation	downgraded
འབུབས	bubs	CORPUS_91DCE7C115D4;CORPUS_B453155DE050;CORPUS_84A74DBDD722;CORPUS_0C6592BB5CEF;CORPUS_F685D66CEF46	ཀུན;ཁབ;ཁུག;ཁུགས;ཁུལ;ཁེབ;ཁེབས;ཁྱབ;ཁྲབ;གདུང;གདུབ;གཡོགས;གུ;གྲུ;གྲུབ;ཆགས;ཆུག;ཆུང;ཆུད;ཆུན;ཐབ;ཐབས;ཐམས;ཐུ;ཐུང;ཐུན;ཐུབ;ཐུམ;ཐུར;ཐུལ;ཐེབ;ཐེབས;ཐོབ;དུ;དྲུག;ནགས;ནུ;པགས;ཕབ;ཕུག;ཕུགས;ཕུད;ཕུབ;ཕུར;ཕྱུགས;བཏབ;བཙུན;བརྟགས;བརྟུལ;བརྡབ;བསྐུར;བྱད;བྱི;བྱིན;བྱེད;བྲག;བྲང;བྲན;བྲལ;བྲོ;བླང;མཚུར;ཚགས;ཚབ;ཚུགས;ཚུར;ཚུལ;ཟུར;འགྲོ;འབབ;འབར;འབུམ;འབྱུང;འབྱོར;ཡབ;ཡུལ;རབ;རིགས;རིམས;རུག;རུས;རྟོགས;རྡུལ;ལུ;ལུག;ལུང;ལུས;ལེབ;ལྕགས;སྐྱོབ;སྡེབ;སྦྱང;སྦྱོང;སྲུང;སློབ	no	passed		ordinary_only	nonadmissible_observation	downgraded
འབུར	bur	CORPUS_91DCE7C115D4;CORPUS_B453155DE050;CORPUS_84A74DBDD722;CORPUS_6783C3DA00D4	ཀར;ཀུན;ཁར;ཁུག;ཁུལ;ཁེར;གཏོར;གདུང;གསར;གུ;གྲུ;ཆར;ཆུག;ཆུང;ཆུད;ཆུན;ཆེར;ཐར;ཐུ;ཐུང;ཐུན;ཐུབ;ཐུམ;ཐུར;ཐུལ;ཐེར;ཐོར;དུ;དྲུག;ནུ;ནོར;པར;པོར;ཕུག;ཕུད;ཕུབ;ཕུར;ཕོར;ཕྱར;ཕྱུགས;བདར;བཙུན;བརྟུལ;བརྡར;བསྐུར;བྱད;བྱི;བྱིན;བྱེད;བྲག;བྲང;བྲན;བྲལ;བྲོ;བླང;མཁར;མཚུར;ཚར;ཚུགས;ཚུར;ཚུལ;ཟུར;ཟེར;འཁོར;འགྲོ;འབབ;འབར;འབུམ;འབྱུང;འབྱོར;ཡར;ཡུལ;རུག;རུས;རྡུལ;ལུ;ལུག;ལུང;ལུས;ཤོར;སེར;སོར;སྐར;སྐོར;སྟེར;སྦྱང;སྦྱར;སྦྱོང;སྦྱོར;སྲུང	no	passed		ordinary_only	nonadmissible_observation	downgraded
འབོག	bog	CORPUS_91DCE7C115D4;CORPUS_B453155DE050;CORPUS_16D4A9AA0695;CORPUS_9A673562CD7A	ཁུག;ཁོག;ཁོལ;ཁྱག;ཁྲག;ཁྲོག;ཁྲོད;ཁྲོམ;ཁྲོལ;གཅོད;གཏོར;གདོང;གདོན;གཡོག;གསོལ;གོ;གྲོ;གྲོས;ངོས;ཅིག;ཅོ;ཅོག;ཆག;ཆུག;ཆོག;ཏིག;ཏོག;ཐེག;ཐོ;ཐོག;ཐོད;ཐོན;ཐོབ;ཐོར;དམག;དོ;དྲེག;དྲོ;ནག;པག;པོར;ཕག;ཕུག;ཕོག;ཕོད;ཕོན;ཕོར;བདག;བརྟོལ;བརྩོན;བསྐོར;བྱད;བྱི;བྱིན;བྱེད;བྲག;བྲང;བྲན;བྲལ;བྲོ;བླང;མགྲོན;མཆོད;མཛོད;ཚག;ཚོལ;ཚོས;ཟུག;ཟོར;འཁོར;འགྲོ;འབབ;འབར;འབུམ;འབྱུང;འབྱོར;ཡིག;ཡོན;ཡོལ;རིག;རིགས;རུག;རོ;རོག;རྟོགས;རྡེག;རྡོག;རྡོལ;ལག;ལུག;ལོ;ལོག;ལོང;ལྷག;ཤོག;ཤོད;སོ;སོར;སྐོར;སྒྲོག;སྟག;སྟོང;སྟོན;སྤྱོད;སྦྱང;སྦྱོང;སྦྱོར;སྲོག;སློག	no	passed		ordinary_only	secure_independent_observation	retained
འབོགས	bogs	CORPUS_91DCE7C115D4;CORPUS_B453155DE050;CORPUS_16D4A9AA0695;CORPUS_9A673562CD7A;CORPUS_F685D66CEF46	ཁུག;ཁུགས;ཁེབས;ཁོག;ཁོལ;ཁྱག;ཁྲག;ཁྲོག;ཁྲོད;ཁྲོམ;ཁྲོལ;གཅོད;གཏོར;གདོང;གདོན;གཡོག;གཡོགས;གསོལ;གོ;གྲོ;གྲོས;ངོས;ཅིག;ཅོ;ཅོག;ཆག;ཆགས;ཆུག;ཆོག;ཏིག;ཏོག;ཐབས;ཐམས;ཐེག;ཐེབས;ཐོ;ཐོག;ཐོད;ཐོན;ཐོབ;ཐོར;དམག;དོ;དྲེག;དྲོ;ནག;ནགས;པག;པགས;པོར;ཕག;ཕུག;ཕུགས;ཕོག;ཕོད;ཕོན;ཕོར;བདག;བརྟགས;བརྟོལ;བརྩོན;བསྐོར;བྱད;བྱི;བྱིན;བྱེད;བྲག;བྲང;བྲན;བྲལ;བྲོ;བླང;མགྲོན;མཆོད;མཛོད;ཚག;ཚགས;ཚོལ;ཚོས;ཟུག;ཟོར;འཁོར;འགྲོ;འབབ;འབར;འབུམ;འབྱུང;འབྱོར;ཡིག;ཡོན;ཡོལ;རིག;རིགས;རིམས;རུག;རོ;རོག;རྟོགས;རྡེག;རྡོག;རྡོལ;ལག;ལུག;ལོ;ལོག;ལོང;ལྕགས;ལྷག;ཤོག;ཤོད;སོ;སོར;སྐོར;སྒྲོག;སྟག;སྟོང;སྟོན;སྤྱོད;སྦྱང;སྦྱོང;སྦྱོར;སྲོག;སློག	no	passed		ordinary_only	secure_independent_observation	retained
འབོར	bor	CORPUS_91DCE7C115D4;CORPUS_B453155DE050;CORPUS_16D4A9AA0695;CORPUS_6783C3DA00D4	ཀར;ཁར;ཁེར;ཁོག;ཁོལ;ཁྲོག;ཁྲོད;ཁྲོམ;ཁྲོལ;གཅོད;གཏོར;གདོང;གདོན;གསར;གསོལ;གོ;གྲོ;གྲོས;ངོས;ཅོ;ཅོག;ཆར;ཆེར;ཆོག;ཏོག;ཐར;ཐུར;ཐེར;ཐོ;ཐོག;ཐོད;ཐོན;ཐོབ;ཐོར;དོ;དྲོ;ནོར;པར;པོར;ཕུར;ཕོག;ཕོད;ཕོན;ཕོར;ཕྱར;བདར;བརྟོལ;བརྡར;བརྩོན;བསྐོར;བྱད;བྱི;བྱིན;བྱེད;བྲག;བྲང;བྲན;བྲལ;བྲོ;བླང;མཁར;མགྲོན;མཆོད;མཛོད;ཚར;ཚུར;ཚོལ;ཚོས;ཟུར;ཟེར;ཟོར;འཁོར;འགྲོ;འབབ;འབར;འབུམ;འབྱུང;འབྱོར;ཡར;ཡོན;ཡོལ;རོ;རོག;རྟོགས;རྡོག;རྡོལ;ལོ;ལོག;ལོང;ཤོད;ཤོར;སེར;སོ;སོར;སྐར;སྐོར;སྟེར;སྟོང;སྟོན;སྤྱོད;སྦྱང;སྦྱར;སྦྱོང;སྦྱོར	no	passed		ordinary_only	nonadmissible_observation	downgraded
འབྱམས	byams	CORPUS_91DCE7C115D4;CORPUS_B453155DE050;CORPUS_E34B3E203AE6;CORPUS_01025FAF5D30;CORPUS_5683E9A09D00;CORPUS_F685D66CEF46	ཀན;ཁབ;ཁར;ཁུགས;ཁེབས;ཁོམ;ཁྱག;ཁྱབ;ཁྱིམ;ཁྱེར;ཁྲག;ཁྲམ;ཁྲལ;ཁྲོམ;གཅད;གདན;གཡོགས;གསལ;གསུམ;གྲས;གླང;ཆག;ཆགས;ཆང;ཆད;ཆར;ཐང;ཐད;ཐབ;ཐབས;ཐམ;ཐམས;ཐར;ཐལ;ཐུམ;ཐེབས;ཐེམ;ནགས;ནམ;པགས;པར;ཕག;ཕད;ཕན;ཕབ;ཕམ;ཕུགས;ཕྱགས;ཕྱད;ཕྱམ;ཕྱིན;ཕྱུགས;ཕྲན;བཅོམ;བཙན;བརྟགས;བརྩན;བྱད;བྱན;བྱི;བྱིན;བྱེད;བྲག;བྲང;བྲན;བྲལ;བྲོ;བླང;མཚར;མཛད;ཙ;ཙམ;ཚགས;ཚར;ཚིམ;ཛ;ཟ;འཁར;འགྲོ;འབབ;འབར;འབུམ;འབྱུང;འབྱོར;ཡན;ཡུམ;རལ;རས;རིགས;རིམ;རིམས;རྟགས;རྟོགས;རྡལ;ལག;ལང;ལམ;ལས;ལྕགས;སར;སྐམ;སྐར;སྐྱོང;སྟན;སྡོམ;སྣ;སྣམ;སྤྱད;སྦྱང;སྦྱར;སྦྱོང	no	passed		ordinary_only	secure_independent_observation	retained
འབྱར	byar	CORPUS_91DCE7C115D4;CORPUS_B453155DE050;CORPUS_E34B3E203AE6;CORPUS_01025FAF5D30;CORPUS_6783C3DA00D4	ཀན;ཀར;ཁབ;ཁར;ཁེར;ཁྱག;ཁྱབ;ཁྱེར;ཁྲག;ཁྲམ;ཁྲལ;གཅད;གཏོར;གདན;གསར;གསལ;གྲས;གླང;ཆག;ཆང;ཆད;ཆར;ཆེར;ཐང;ཐད;ཐབ;ཐབས;ཐམ;ཐར;ཐལ;ཐུར;ཐེར;ཐོར;ནོར;པར;པོར;ཕག;ཕད;ཕན;ཕབ;ཕུར;ཕོར;ཕྱགས;ཕྱད;ཕྱམ;ཕྱར;ཕྱིན;ཕྱུགས;ཕྲན;བདར;བཙན;བརྡར;བརྩན;བྱད;བྱན;བྱི;བྱིན;བྱེད;བྲག;བྲང;བྲན;བྲལ;བྲོ;བླང;མཁར;མཚར;མཛད;ཙ;ཚགས;ཚར;ཚུར;ཛ;ཟ;ཟུར;ཟེར;འཁར;འཁོར;འགྲོ;འབབ;འབར;འབུམ;འབྱུང;འབྱོར;ཡན;ཡར;རལ;རས;རྟགས;རྡལ;ལག;ལང;ལས;ཤོར;སར;སེར;སོར;སྐར;སྐོར;སྐྱོང;སྟན;སྟེར;སྣ;སྤྱད;སྦྱང;སྦྱར;སྦྱོང;སྦྱོར	no	passed		ordinary_only	secure_independent_observation	retained
འབྱིད	byid	CORPUS_91DCE7C115D4;CORPUS_B453155DE050;CORPUS_E34B3E203AE6;CORPUS_63EB474B7A3F;CORPUS_DDC164B090C8	ཀི;ཁྱག;ཁྱད;ཁྱབ;ཁྱེར;ཁྲིད;ཁྲོད;གི;གྲི;གླིང;ཅི;ཅིག;ཆད;ཆིག;ཆུད;ཏི;ཏིག;ཐད;ཐིག;ཐེད;ཐོད;དྲོད;ནད;པད;ཕད;ཕུད;ཕོད;ཕྱད;ཕྱམ;ཕྱིན;ཕྱུགས;ཕྱེད;ཕྲད;ཕྲིན;བྱད;བྱན;བྱི;བྱིན;བྱེད;བྲག;བྲང;བྲན;བྲལ;བྲེད;བྲོ;བླང;མགྲིན;མཐུད;ཙི;ཚིགས;ཚིལ;ཚུད;ཛི;འགྲོ;འབབ;འབར;འབུམ;འབྱུང;འབྱོར;ཡི;ཡིན;ཡོད;རི;རིག;རིལ;རིས;རྒོད;རྒྱུད;རྩེད;ལིང;ཤེད;ཤོད;སྐད;སྐྱིད;སྐྱིལ;སྐྱེད;སྐྱོང;སྟོད;སྡོད;སྤྱད;སྦྱང;སྦྱོང;སྲིང;སྲིད	no	passed		ordinary_only	secure_independent_observation	retained
འབྱིན	byin	CORPUS_91DCE7C115D4;CORPUS_B453155DE050;CORPUS_E34B3E203AE6;CORPUS_63EB474B7A3F;CORPUS_76CFA3FCFF21	ཀན;ཀི;ཁོན;ཁྱག;ཁྱབ;ཁྱེར;ཁྲིད;ཁྲོན;གདོན;གི;གྲི;གླིང;ཅི;ཅིག;ཆིག;ཆུན;ཆེན;ཏི;ཏིག;ཐིག;ཐུན;ཐེན;ཐོན;དམན;ནོན;པན;ཕན;ཕོན;ཕྱད;ཕྱམ;ཕྱིན;ཕྱུགས;ཕྲན;ཕྲིན;བཙན;བྱད;བྱན;བྱི;བྱིན;བྱེད;བྲག;བྲང;བྲན;བྲལ;བྲོ;བླང;བློན;མཁན;མགྲིན;མཐུན;ཙི;ཚིགས;ཚིལ;ཚུན;ཛི;ཟན;འགྲོ;འབབ;འབར;འབུམ;འབྱུང;འབྱོར;ཡན;ཡི;ཡིན;ཡོན;རི;རིག;རིལ;རིས;རྒྱུན;རྩེན;ལིང;ལེན;ཤན;སྐྱིད;སྐྱིལ;སྐྱོང;སྟན;སྟོན;སྤྱན;སྦྱང;སྦྱོང;སྲིང	no	passed		ordinary_only	nonadmissible_observation	downgraded
འབྱོང	byoṅ	CORPUS_91DCE7C115D4;CORPUS_B453155DE050;CORPUS_E34B3E203AE6;CORPUS_16D4A9AA0695;SUFFIX_NG_TO_NDOT	ཁུང;ཁོག;ཁོལ;ཁྱག;ཁྱབ;ཁྱེར;ཁྲོག;ཁྲོད;ཁྲོམ;ཁྲོལ;གཅོད;གཏོང;གཏོར;གདུང;གདོང;གདོན;གསུང;གསོལ;གོ;གྲང;གྲོ;གྲོས;ངོས;ཅིང;ཅོ;ཅོག;ཆང;ཆུང;ཆོག;ཏོག;ཐང;ཐུང;ཐོ;ཐོག;ཐོད;ཐོན;ཐོབ;ཐོར;དོ;དྲོ;པོར;ཕོག;ཕོད;ཕོན;ཕོར;ཕྱད;ཕྱམ;ཕྱིང;ཕྱིན;ཕྱུགས;བཏང;བརྟོལ;བརྩོན;བསྐོར;བྱད;བྱན;བྱི;བྱིན;བྱེད;བྲག;བྲང;བྲན;བྲལ;བྲོ;བླང;མགྲོན;མཆོད;མཐོང;མཛོད;ཚང;ཚོལ;ཚོས;ཟོར;འཁོར;འགྲོ;འབབ;འབར;འབུམ;འབྱུང;འབྱོར;ཡང;ཡོན;ཡོལ;རིང;རོ;རོག;རྟོགས;རྡོག;རྡོལ;རྨང;ལང;ལུང;ལོ;ལོག;ལོང;ཤོད;སེང;སོ;སོར;སྐོང;སྐོར;སྐྱོང;སྟེང;སྟོང;སྟོན;སྣང;སྤྱང;སྤྱོད;སྦྱང;སྦྱོང;སྦྱོར;སྲིང	no	passed		ordinary_only	derived_target_plus_independent_feature_composition	retained
འབྱོན	byon	CORPUS_91DCE7C115D4;CORPUS_B453155DE050;CORPUS_E34B3E203AE6;CORPUS_16D4A9AA0695;CORPUS_76CFA3FCFF21	ཀན;ཁོག;ཁོན;ཁོལ;ཁྱག;ཁྱབ;ཁྱེར;ཁྲོག;ཁྲོད;ཁྲོན;ཁྲོམ;ཁྲོལ;གཅོད;གཏོར;གདོང;གདོན;གསོལ;གོ;གྲོ;གྲོས;ངོས;ཅོ;ཅོག;ཆུན;ཆེན;ཆོག;ཏོག;ཐུན;ཐེན;ཐོ;ཐོག;ཐོད;ཐོན;ཐོབ;ཐོར;དམན;དོ;དྲོ;ནོན;པན;པོར;ཕན;ཕོག;ཕོད;ཕོན;ཕོར;ཕྱད;ཕྱམ;ཕྱིན;ཕྱུགས;ཕྲན;བཙན;བརྟོལ;བརྩོན;བསྐོར;བྱད;བྱན;བྱི;བྱིན;བྱེད;བྲག;བྲང;བྲན;བྲལ;བྲོ;བླང;བློན;མཁན;མགྲོན;མཆོད;མཐུན;མཛོད;ཚུན;ཚོལ;ཚོས;ཟན;ཟོར;འཁོར;འགྲོ;འབབ;འབར;འབུམ;འབྱུང;འབྱོར;ཡན;ཡིན;ཡོན;ཡོལ;རོ;རོག;རྒྱུན;རྟོགས;རྡོག;རྡོལ;རྩེན;ལེན;ལོ;ལོག;ལོང;ཤན;ཤོད;སོ;སོར;སྐོར;སྐྱོང;སྟན;སྟོང;སྟོན;སྤྱན;སྤྱོད;སྦྱང;སྦྱོང;སྦྱོར	no	passed		ordinary_only	nonadmissible_observation	downgraded
འབྲང	braṅ	CORPUS_91DCE7C115D4;CORPUS_B453155DE050;CORPUS_7F71AFFFC788;CORPUS_01025FAF5D30;SUFFIX_NG_TO_NDOT	ཀན;ཁབ;ཁར;ཁུང;ཁྲག;ཁྲབ;ཁྲམ;ཁྲལ;ཁྲོག;ཁྲོན;ཁྲོམ;ཁྲོལ;གཅད;གཏོང;གདན;གདུང;གདོང;གསལ;གསུང;གྲང;གྲས;གྲི;གྲུ;གྲོ;གླང;ཅིང;ཆག;ཆང;ཆད;ཆར;ཆུང;ཐང;ཐད;ཐབ;ཐབས;ཐམ;ཐར;ཐལ;ཐུང;དྲེ;དྲོ;པར;ཕག;ཕད;ཕན;ཕབ;ཕྱགས;ཕྱད;ཕྱིང;ཕྲད;ཕྲན;ཕྲིན;ཕྲུག;བཏང;བཙན;བརྩན;བྱད;བྱན;བྱི;བྱིན;བྱེད;བྲག;བྲང;བྲན;བྲལ;བྲེད;བྲོ;བླང;མགྲོན;མཐོང;མཚར;མཛད;ཙ;ཚགས;ཚང;ཚར;ཛ;ཟ;འཁར;འགྲོ;འབབ;འབར;འབུམ;འབྱུང;འབྱོར;ཡང;ཡན;རལ;རས;རིང;རྟགས;རྡལ;རྨང;ལག;ལང;ལས;ལུང;ལོང;སར;སེང;སྐར;སྐོང;སྐྱོང;སྟན;སྟེང;སྟོང;སྣ;སྣང;སྤྱང;སྤྱད;སྦྱང;སྦྱར;སྦྱོང;སྦྲང;སྲིང;སྲོག	no	passed		ordinary_only	nonadmissible_observation	downgraded
འབྲི	bri	CORPUS_91DCE7C115D4;CORPUS_B453155DE050;CORPUS_7F71AFFFC788;CORPUS_63EB474B7A3F	ཀི;ཁྲག;ཁྲབ;ཁྲིད;ཁྲོག;ཁྲོན;ཁྲོམ;ཁྲོལ;གི;གྲང;གྲི;གྲུ;གྲོ;གླིང;ཅི;ཅིག;ཆིག;ཏི;ཏིག;ཐིག;དྲེ;དྲོ;ཕྲད;ཕྲན;ཕྲིན;ཕྲུག;བྱད;བྱི;བྱིན;བྱེད;བྲག;བྲང;བྲན;བྲལ;བྲེད;བྲོ;བླང;མགྲིན;མགྲོན;ཙི;ཚིགས;ཚིལ;ཛི;འགྲོ;འབབ;འབར;འབུམ;འབྱུང;འབྱོར;ཡི;ཡིན;རི;རིག;རིལ;རིས;ལིང;སྐྱིད;སྐྱིལ;སྦྱང;སྦྱོང;སྦྲང;སྲིང;སྲོག	no	passed		ordinary_only	nonadmissible_observation	downgraded
འབྲིང	briṅ	CORPUS_91DCE7C115D4;CORPUS_B453155DE050;CORPUS_7F71AFFFC788;CORPUS_63EB474B7A3F;SUFFIX_NG_TO_NDOT	ཀི;ཁུང;ཁྲག;ཁྲབ;ཁྲིད;ཁྲོག;ཁྲོན;ཁྲོམ;ཁྲོལ;གཏོང;གདུང;གདོང;གསུང;གི;གྲང;གྲི;གྲུ;གྲོ;གླིང;ཅི;ཅིག;ཅིང;ཆང;ཆིག;ཆུང;ཏི;ཏིག;ཐང;ཐིག;ཐུང;དྲེ;དྲོ;ཕྱིང;ཕྲད;ཕྲན;ཕྲིན;ཕྲུག;བཏང;བྱད;བྱི;བྱིན;བྱེད;བྲག;བྲང;བྲན;བྲལ;བྲེད;བྲོ;བླང;མགྲིན;མགྲོན;མཐོང;ཙི;ཚང;ཚིགས;ཚིལ;ཛི;འགྲོ;འབབ;འབར;འབུམ;འབྱུང;འབྱོར;ཡང;ཡི;ཡིན;རི;རིག;རིང;རིལ;རིས;རྨང;ལང;ལིང;ལུང;ལོང;སེང;སྐོང;སྐྱིད;སྐྱིལ;སྐྱོང;སྟེང;སྟོང;སྣང;སྤྱང;སྦྱང;སྦྱོང;སྦྲང;སྲིང;སྲོག	no	passed		ordinary_only	secure_independent_observation	retained
འབྲིད	brid	CORPUS_91DCE7C115D4;CORPUS_B453155DE050;CORPUS_7F71AFFFC788;CORPUS_63EB474B7A3F;CORPUS_DDC164B090C8	ཀི;ཁྱད;ཁྲག;ཁྲབ;ཁྲིད;ཁྲོག;ཁྲོད;ཁྲོན;ཁྲོམ;ཁྲོལ;གི;གྲང;གྲི;གྲུ;གྲོ;གླིང;ཅི;ཅིག;ཆད;ཆིག;ཆུད;ཏི;ཏིག;ཐད;ཐིག;ཐེད;ཐོད;དྲེ;དྲོ;དྲོད;ནད;པད;ཕད;ཕུད;ཕོད;ཕྱད;ཕྱེད;ཕྲད;ཕྲན;ཕྲིན;ཕྲུག;བྱད;བྱི;བྱིན;བྱེད;བྲག;བྲང;བྲན;བྲལ;བྲེད;བྲོ;བླང;མགྲིན;མགྲོན;མཐུད;ཙི;ཚིགས;ཚིལ;ཚུད;ཛི;འགྲོ;འབབ;འབར;འབུམ;འབྱུང;འབྱོར;ཡི;ཡིན;ཡོད;རི;རིག;རིལ;རིས;རྒོད;རྒྱུད;རྩེད;ལིང;ཤེད;ཤོད;སྐད;སྐྱིད;སྐྱིལ;སྐྱེད;སྟོད;སྡོད;སྤྱད;སྦྱང;སྦྱོང;སྦྲང;སྲིང;སྲིད;སྲོག	no	passed		ordinary_only	nonadmissible_observation	downgraded
འབྲིམ	brim	CORPUS_91DCE7C115D4;CORPUS_B453155DE050;CORPUS_7F71AFFFC788;CORPUS_63EB474B7A3F;CORPUS_5683E9A09D00	ཀི;ཁོམ;ཁྱིམ;ཁྲག;ཁྲབ;ཁྲམ;ཁྲིད;ཁྲོག;ཁྲོན;ཁྲོམ;ཁྲོལ;གསུམ;གི;གྲང;གྲི;གྲུ;གྲོ;གླིང;ཅི;ཅིག;ཆིག;ཏི;ཏིག;ཐམ;ཐམས;ཐིག;ཐུམ;ཐེམ;དྲེ;དྲོ;ནམ;ཕམ;ཕྱམ;ཕྲད;ཕྲན;ཕྲིན;ཕྲུག;བཅོམ;བྱད;བྱི;བྱིན;བྱེད;བྲག;བྲང;བྲན;བྲལ;བྲེད;བྲོ;བླང;མགྲིན;མགྲོན;ཙམ;ཙི;ཚིགས;ཚིམ;ཚིལ;ཛི;འགྲོ;འབབ;འབར;འབུམ;འབྱུང;འབྱོར;ཡི;ཡིན;ཡུམ;རི;རིག;རིམ;རིམས;རིལ;རིས;ལམ;ལིང;སྐམ;སྐྱིད;སྐྱིལ;སྡོམ;སྣམ;སྦྱང;སྦྱོང;སྦྲང;སྲིང;སྲོག	no	passed		ordinary_only	secure_independent_observation	retained
འབྲུ	bru	CORPUS_91DCE7C115D4;CORPUS_B453155DE050;CORPUS_7F71AFFFC788;CORPUS_84A74DBDD722	ཀུན;ཁུག;ཁུལ;ཁྲག;ཁྲབ;ཁྲོག;ཁྲོན;ཁྲོམ;ཁྲོལ;གདུང;གུ;གྲང;གྲི;གྲུ;གྲོ;ཆུག;ཆུང;ཆུད;ཆུན;ཐུ;ཐུང;ཐུན;ཐུབ;ཐུམ;ཐུར;ཐུལ;དུ;དྲུག;དྲེ;དྲོ;ནུ;ཕུག;ཕུད;ཕུབ;ཕུར;ཕྱུགས;ཕྲད;ཕྲན;ཕྲིན;ཕྲུག;བཙུན;བརྟུལ;བསྐུར;བྱད;བྱི;བྱིན;བྱེད;བྲག;བྲང;བྲན;བྲལ;བྲེད;བྲོ;བླང;མགྲོན;མཚུར;ཚུགས;ཚུར;ཚུལ;ཟུར;འགྲོ;འབབ;འབར;འབུམ;འབྱུང;འབྱོར;ཡུལ;རུག;རུས;རྡུལ;ལུ;ལུག;ལུང;ལུས;སྦྱང;སྦྱོང;སྦྲང;སྲུང;སྲོག	no	passed		ordinary_only	secure_independent_observation	retained
འབྲུག	brug	CORPUS_91DCE7C115D4;CORPUS_B453155DE050;CORPUS_7F71AFFFC788;CORPUS_84A74DBDD722;CORPUS_9A673562CD7A	ཀུན;ཁུག;ཁུལ;ཁོག;ཁྱག;ཁྲག;ཁྲབ;ཁྲོག;ཁྲོན;ཁྲོམ;ཁྲོལ;གདུང;གཡོག;གུ;གྲང;གྲི;གྲུ;གྲོ;ཅིག;ཅོག;ཆག;ཆུག;ཆུང;ཆུད;ཆུན;ཆོག;ཏིག;ཐུ;ཐུང;ཐུན;ཐུབ;ཐུམ;ཐུར;ཐུལ;ཐེག;ཐོག;དམག;དུ;དྲུག;དྲེ;དྲེག;དྲོ;ནག;ནུ;པག;ཕག;ཕུག;ཕུད;ཕུབ;ཕུར;ཕོག;ཕྱུགས;ཕྲད;ཕྲན;ཕྲིན;ཕྲུག;བདག;བཙུན;བརྟུལ;བསྐུར;བྱད;བྱི;བྱིན;བྱེད;བྲག;བྲང;བྲན;བྲལ;བྲེད;བྲོ;བླང;མགྲོན;མཚུར;ཚག;ཚུགས;ཚུར;ཚུལ;ཟུག;ཟུར;འགྲོ;འབབ;འབར;འབུམ;འབྱུང;འབྱོར;ཡིག;ཡུལ;རིག;རིགས;རུག;རུས;རོག;རྡུལ;རྡེག;རྡོག;ལག;ལུ;ལུག;ལུང;ལུས;ལོག;ལྷག;ཤོག;སྒྲོག;སྟག;སྦྱང;སྦྱོང;སྦྲང;སྲུང;སྲོག;སློག	no	passed		ordinary_only	secure_independent_observation	retained
འབྲུབ	brub	CORPUS_91DCE7C115D4;CORPUS_B453155DE050;CORPUS_7F71AFFFC788;CORPUS_84A74DBDD722;CORPUS_0C6592BB5CEF	ཀུན;ཁབ;ཁུག;ཁུལ;ཁེབ;ཁྱབ;ཁྲག;ཁྲབ;ཁྲོག;ཁྲོན;ཁྲོམ;ཁྲོལ;གདུང;གདུབ;གུ;གྲང;གྲི;གྲུ;གྲུབ;གྲོ;ཆུག;ཆུང;ཆུད;ཆུན;ཐབ;ཐབས;ཐུ;ཐུང;ཐུན;ཐུབ;ཐུམ;ཐུར;ཐུལ;ཐེབ;ཐོབ;དུ;དྲུག;དྲེ;དྲོ;ནུ;ཕབ;ཕུག;ཕུད;ཕུབ;ཕུར;ཕྱུགས;ཕྲད;ཕྲན;ཕྲིན;ཕྲུག;བཏབ;བཙུན;བརྟུལ;བརྡབ;བསྐུར;བྱད;བྱི;བྱིན;བྱེད;བྲག;བྲང;བྲན;བྲལ;བྲེད;བྲོ;བླང;མགྲོན;མཚུར;ཚབ;ཚུགས;ཚུར;ཚུལ;ཟུར;འགྲོ;འབབ;འབར;འབུམ;འབྱུང;འབྱོར;ཡབ;ཡུལ;རབ;རུག;རུས;རྡུལ;ལུ;ལུག;ལུང;ལུས;ལེབ;སྐྱོབ;སྡེབ;སྦྱང;སྦྱོང;སྦྲང;སྲུང;སྲོག;སློབ	no	passed		ordinary_only	nonadmissible_observation	downgraded
འབྲུམ	brum	CORPUS_91DCE7C115D4;CORPUS_B453155DE050;CORPUS_7F71AFFFC788;CORPUS_84A74DBDD722;CORPUS_5683E9A09D00	ཀུན;ཁུག;ཁུལ;ཁོམ;ཁྱིམ;ཁྲག;ཁྲབ;ཁྲམ;ཁྲོག;ཁྲོན;ཁྲོམ;ཁྲོལ;གདུང;གསུམ;གུ;གྲང;གྲི;གྲུ;གྲོ;ཆུག;ཆུང;ཆུད;ཆུན;ཐམ;ཐམས;ཐུ;ཐུང;ཐུན;ཐུབ;ཐུམ;ཐུར;ཐུལ;ཐེམ;དུ;དྲུག;དྲེ;དྲོ;ནམ;ནུ;ཕམ;ཕུག;ཕུད;ཕུབ;ཕུར;ཕྱམ;ཕྱུགས;ཕྲད;ཕྲན;ཕྲིན;ཕྲུག;བཅོམ;བཙུན;བརྟུལ;བསྐུར;བྱད;བྱི;བྱིན;བྱེད;བྲག;བྲང;བྲན;བྲལ;བྲེད;བྲོ;བླང;མགྲོན;མཚུར;ཙམ;ཚིམ;ཚུགས;ཚུར;ཚུལ;ཟུར;འགྲོ;འབབ;འབར;འབུམ;འབྱུང;འབྱོར;ཡུམ;ཡུལ;རིམ;རིམས;རུག;རུས;རྡུལ;ལམ;ལུ;ལུག;ལུང;ལུས;སྐམ;སྡོམ;སྣམ;སྦྱང;སྦྱོང;སྦྲང;སྲུང;སྲོག	no	passed		ordinary_only	nonadmissible_observation	downgraded
འབྲོག	brog	CORPUS_91DCE7C115D4;CORPUS_B453155DE050;CORPUS_7F71AFFFC788;CORPUS_16D4A9AA0695;CORPUS_9A673562CD7A	ཁུག;ཁོག;ཁོལ;ཁྱག;ཁྲག;ཁྲབ;ཁྲོག;ཁྲོད;ཁྲོན;ཁྲོམ;ཁྲོལ;གཅོད;གཏོར;གདོང;གདོན;གཡོག;གསོལ;གོ;གྲང;གྲི;གྲུ;གྲོ;གྲོས;ངོས;ཅིག;ཅོ;ཅོག;ཆག;ཆུག;ཆོག;ཏིག;ཏོག;ཐེག;ཐོ;ཐོག;ཐོད;ཐོན;ཐོབ;ཐོར;དམག;དོ;དྲེ;དྲེག;དྲོ;ནག;པག;པོར;ཕག;ཕུག;ཕོག;ཕོད;ཕོན;ཕོར;ཕྲད;ཕྲན;ཕྲིན;ཕྲུག;བདག;བརྟོལ;བརྩོན;བསྐོར;བྱད;བྱི;བྱིན;བྱེད;བྲག;བྲང;བྲན;བྲལ;བྲེད;བྲོ;བླང;མགྲོན;མཆོད;མཛོད;ཚག;ཚོལ;ཚོས;ཟུག;ཟོར;འཁོར;འགྲོ;འབབ;འབར;འབུམ;འབྱུང;འབྱོར;ཡིག;ཡོན;ཡོལ;རིག;རིགས;རུག;རོ;རོག;རྟོགས;རྡེག;རྡོག;རྡོལ;ལག;ལུག;ལོ;ལོག;ལོང;ལྷག;ཤོག;ཤོད;སོ;སོར;སྐོར;སྒྲོག;སྟག;སྟོང;སྟོན;སྤྱོད;སྦྱང;སྦྱོང;སྦྱོར;སྦྲང;སྲོག;སློག	no	passed		ordinary_only	secure_independent_observation	retained
འབྲོང	broṅ	CORPUS_91DCE7C115D4;CORPUS_B453155DE050;CORPUS_7F71AFFFC788;CORPUS_16D4A9AA0695;SUFFIX_NG_TO_NDOT	ཁུང;ཁོག;ཁོལ;ཁྲག;ཁྲབ;ཁྲོག;ཁྲོད;ཁྲོན;ཁྲོམ;ཁྲོལ;གཅོད;གཏོང;གཏོར;གདུང;གདོང;གདོན;གསུང;གསོལ;གོ;གྲང;གྲི;གྲུ;གྲོ;གྲོས;ངོས;ཅིང;ཅོ;ཅོག;ཆང;ཆུང;ཆོག;ཏོག;ཐང;ཐུང;ཐོ;ཐོག;ཐོད;ཐོན;ཐོབ;ཐོར;དོ;དྲེ;དྲོ;པོར;ཕོག;ཕོད;ཕོན;ཕོར;ཕྱིང;ཕྲད;ཕྲན;ཕྲིན;ཕྲུག;བཏང;བརྟོལ;བརྩོན;བསྐོར;བྱད;བྱི;བྱིན;བྱེད;བྲག;བྲང;བྲན;བྲལ;བྲེད;བྲོ;བླང;མགྲོན;མཆོད;མཐོང;མཛོད;ཚང;ཚོལ;ཚོས;ཟོར;འཁོར;འགྲོ;འབབ;འབར;འབུམ;འབྱུང;འབྱོར;ཡང;ཡོན;ཡོལ;རིང;རོ;རོག;རྟོགས;རྡོག;རྡོལ;རྨང;ལང;ལུང;ལོ;ལོག;ལོང;ཤོད;སེང;སོ;སོར;སྐོང;སྐོར;སྐྱོང;སྟེང;སྟོང;སྟོན;སྣང;སྤྱང;སྤྱོད;སྦྱང;སྦྱོང;སྦྱོར;སྦྲང;སྲིང;སྲོག	no	passed		ordinary_only	nonadmissible_observation	downgraded
འབྲོངས	broṅs	CORPUS_91DCE7C115D4;CORPUS_B453155DE050;CORPUS_7F71AFFFC788;CORPUS_16D4A9AA0695;SUFFIX_NG_TO_NDOT;CORPUS_F685D66CEF46	ཁུགས;ཁུང;ཁེབས;ཁོག;ཁོལ;ཁྲག;ཁྲབ;ཁྲོག;ཁྲོད;ཁྲོན;ཁྲོམ;ཁྲོལ;གཅོད;གཏོང;གཏོར;གདུང;གདོང;གདོན;གཡོགས;གསུང;གསོལ;གོ;གྲང;གྲི;གྲུ;གྲོ;གྲོས;ངོས;ཅིང;ཅོ;ཅོག;ཆགས;ཆང;ཆུང;ཆོག;ཏོག;ཐང;ཐབས;ཐམས;ཐུང;ཐེབས;ཐོ;ཐོག;ཐོད;ཐོན;ཐོབ;ཐོར;དོ;དྲེ;དྲོ;ནགས;པགས;པོར;ཕུགས;ཕོག;ཕོད;ཕོན;ཕོར;ཕྱིང;ཕྲད;ཕྲན;ཕྲིན;ཕྲུག;བཏང;བརྟགས;བརྟོལ;བརྩོན;བསྐོར;བྱད;བྱི;བྱིན;བྱེད;བྲག;བྲང;བྲན;བྲལ;བྲེད;བྲོ;བླང;མགྲོན;མཆོད;མཐོང;མཛོད;ཚགས;ཚང;ཚོལ;ཚོས;ཟོར;འཁོར;འགྲོ;འབབ;འབར;འབུམ;འབྱུང;འབྱོར;ཡང;ཡོན;ཡོལ;རིགས;རིང;རིམས;རོ;རོག;རྟོགས;རྡོག;རྡོལ;རྨང;ལང;ལུང;ལོ;ལོག;ལོང;ལྕགས;ཤོད;སེང;སོ;སོར;སྐོང;སྐོར;སྐྱོང;སྟེང;སྟོང;སྟོན;སྣང;སྤྱང;སྤྱོད;སྦྱང;སྦྱོང;སྦྱོར;སྦྲང;སྲིང;སྲོག	no	passed		ordinary_only	nonadmissible_observation	downgraded
འབྲོམ	brom	CORPUS_91DCE7C115D4;CORPUS_B453155DE050;CORPUS_7F71AFFFC788;CORPUS_16D4A9AA0695;CORPUS_5683E9A09D00	ཁོག;ཁོམ;ཁོལ;ཁྱིམ;ཁྲག;ཁྲབ;ཁྲམ;ཁྲོག;ཁྲོད;ཁྲོན;ཁྲོམ;ཁྲོལ;གཅོད;གཏོར;གདོང;གདོན;གསུམ;གསོལ;གོ;གྲང;གྲི;གྲུ;གྲོ;གྲོས;ངོས;ཅོ;ཅོག;ཆོག;ཏོག;ཐམ;ཐམས;ཐུམ;ཐེམ;ཐོ;ཐོག;ཐོད;ཐོན;ཐོབ;ཐོར;དོ;དྲེ;དྲོ;ནམ;པོར;ཕམ;ཕོག;ཕོད;ཕོན;ཕོར;ཕྱམ;ཕྲད;ཕྲན;ཕྲིན;ཕྲུག;བཅོམ;བརྟོལ;བརྩོན;བསྐོར;བྱད;བྱི;བྱིན;བྱེད;བྲག;བྲང;བྲན;བྲལ;བྲེད;བྲོ;བླང;མགྲོན;མཆོད;མཛོད;ཙམ;ཚིམ;ཚོལ;ཚོས;ཟོར;འཁོར;འགྲོ;འབབ;འབར;འབུམ;འབྱུང;འབྱོར;ཡུམ;ཡོན;ཡོལ;རིམ;རིམས;རོ;རོག;རྟོགས;རྡོག;རྡོལ;ལམ;ལོ;ལོག;ལོང;ཤོད;སོ;སོར;སྐམ;སྐོར;སྟོང;སྟོན;སྡོམ;སྣམ;སྤྱོད;སྦྱང;སྦྱོང;སྦྱོར;སྦྲང;སྲོག	no	passed		ordinary_only	nonadmissible_observation	downgraded
ཡ	ya	CORPUS_ED079940246D;CORPUS_01025FAF5D30	ཀན;ཁབ;ཁར;ཁྲག;ཁྲམ;ཁྲལ;གཅད;གདན;གསལ;གྲས;གླང;ཆག;ཆང;ཆད;ཆར;ཐང;ཐད;ཐབ;ཐབས;ཐམ;ཐར;ཐལ;པར;ཕག;ཕད;ཕན;ཕབ;ཕྱགས;ཕྱད;ཕྲན;བཙན;བརྩན;བྱད;བྱན;བྲལ;མཚར;མཛད;ཙ;ཚགས;ཚར;ཛ;ཟ;འཁར;ཡང;ཡན;ཡབ;ཡར;ཡས;ཡི;ཡིག;ཡུམ;ཡུལ;ཡེ;ཡོད;ཡོན;ཡོལ;རལ;རས;རྟགས;རྡལ;ལག;ལང;ལས;སར;སྐར;སྟན;སྣ;སྤྱད;སྦྱང;སྦྱར	no	passed		ordinary_only	secure_independent_observation	retained
ཡག	yag	CORPUS_ED079940246D;CORPUS_01025FAF5D30;CORPUS_9A673562CD7A	ཀན;ཁབ;ཁར;ཁུག;ཁོག;ཁྱག;ཁྲག;ཁྲམ;ཁྲལ;ཁྲོག;གཅད;གདན;གཡོག;གསལ;གྲས;གླང;ཅིག;ཅོག;ཆག;ཆང;ཆད;ཆར;ཆུག;ཆོག;ཏིག;ཐང;ཐད;ཐབ;ཐབས;ཐམ;ཐར;ཐལ;ཐེག;ཐོག;དམག;དྲེག;ནག;པག;པར;ཕག;ཕད;ཕན;ཕབ;ཕུག;ཕོག;ཕྱགས;ཕྱད;ཕྲན;བདག;བཙན;བརྩན;བྱད;བྱན;བྲག;བྲལ;མཚར;མཛད;ཙ;ཚག;ཚགས;ཚར;ཛ;ཟ;ཟུག;འཁར;ཡང;ཡན;ཡབ;ཡར;ཡས;ཡི;ཡིག;ཡུམ;ཡུལ;ཡེ;ཡོད;ཡོན;ཡོལ;རལ;རས;རིག;རིགས;རུག;རོག;རྟགས;རྡལ;རྡེག;རྡོག;ལག;ལང;ལས;ལུག;ལོག;ལྷག;ཤོག;སར;སྐར;སྒྲོག;སྟག;སྟན;སྣ;སྤྱད;སྦྱང;སྦྱར;སྲོག;སློག	no	passed		ordinary_only	secure_independent_observation	retained
ཡངས	yaṅs	CORPUS_ED079940246D;CORPUS_01025FAF5D30;SUFFIX_NG_TO_NDOT;CORPUS_F685D66CEF46	ཀན;ཁབ;ཁར;ཁུགས;ཁུང;ཁེབས;ཁྲག;ཁྲམ;ཁྲལ;གཅད;གཏོང;གདན;གདུང;གདོང;གཡོགས;གསལ;གསུང;གྲང;གྲས;གླང;ཅིང;ཆག;ཆགས;ཆང;ཆད;ཆར;ཆུང;ཐང;ཐད;ཐབ;ཐབས;ཐམ;ཐམས;ཐར;ཐལ;ཐུང;ཐེབས;ནགས;པགས;པར;ཕག;ཕད;ཕན;ཕབ;ཕུགས;ཕྱགས;ཕྱད;ཕྱིང;ཕྲན;བཏང;བཙན;བརྟགས;བརྩན;བྱད;བྱན;བྲང;བྲལ;མཐོང;མཚར;མཛད;ཙ;ཚགས;ཚང;ཚར;ཛ;ཟ;འཁར;ཡང;ཡན;ཡབ;ཡར;ཡས;ཡི;ཡིག;ཡུམ;ཡུལ;ཡེ;ཡོད;ཡོན;ཡོལ;རལ;རས;རིགས;རིང;རིམས;རྟགས;རྟོགས;རྡལ;རྨང;ལག;ལང;ལས;ལུང;ལོང;ལྕགས;སར;སེང;སྐར;སྐོང;སྐྱོང;སྟན;སྟེང;སྟོང;སྣ;སྣང;སྤྱང;སྤྱད;སྦྱང;སྦྱར;སྦྱོང;སྲིང	no	passed		ordinary_only	nonadmissible_observation	downgraded
ཡད	yad	CORPUS_ED079940246D;CORPUS_01025FAF5D30;CORPUS_DDC164B090C8	ཀན;ཁབ;ཁར;ཁྱད;ཁྲག;ཁྲམ;ཁྲལ;ཁྲོད;གཅད;གདན;གསལ;གྲས;གླང;ཆག;ཆང;ཆད;ཆར;ཆུད;ཐང;ཐད;ཐབ;ཐབས;ཐམ;ཐར;ཐལ;ཐེད;ཐོད;དྲོད;ནད;པད;པར;ཕག;ཕད;ཕན;ཕབ;ཕུད;ཕོད;ཕྱགས;ཕྱད;ཕྱེད;ཕྲད;ཕྲན;བཙན;བརྩན;བྱད;བྱན;བྲལ;བྲེད;མཐུད;མཚར;མཛད;ཙ;ཚགས;ཚར;ཚུད;ཛ;ཟ;འཁར;ཡང;ཡན;ཡབ;ཡར;ཡས;ཡི;ཡིག;ཡུམ;ཡུལ;ཡེ;ཡོད;ཡོན;ཡོལ;རལ;རས;རྒོད;རྒྱུད;རྟགས;རྡལ;རྩེད;ལག;ལང;ལས;ཤེད;ཤོད;སར;སྐད;སྐར;སྐྱིད;སྐྱེད;སྟན;སྟོད;སྡོད;སྣ;སྤྱད;སྦྱང;སྦྱར;སྲིད	no	passed		ordinary_only	nonadmissible_observation	downgraded
ཡམ	yam	CORPUS_ED079940246D;CORPUS_01025FAF5D30;CORPUS_5683E9A09D00	ཀན;ཁབ;ཁར;ཁོམ;ཁྱིམ;ཁྲག;ཁྲམ;ཁྲལ;ཁྲོམ;གཅད;གདན;གསལ;གསུམ;གྲས;གླང;ཆག;ཆང;ཆད;ཆར;ཐང;ཐད;ཐབ;ཐབས;ཐམ;ཐམས;ཐར;ཐལ;ཐུམ;ཐེམ;ནམ;པར;ཕག;ཕད;ཕན;ཕབ;ཕམ;ཕྱགས;ཕྱད;ཕྱམ;ཕྲན;བཅོམ;བཙན;བརྩན;བྱད;བྱན;བྲལ;མཚར;མཛད;ཙ;ཙམ;ཚགས;ཚར;ཚིམ;ཛ;ཟ;འཁར;ཡང;ཡན;ཡབ;ཡར;ཡས;ཡི;ཡིག;ཡུམ;ཡུལ;ཡེ;ཡོད;ཡོན;ཡོལ;རལ;རས;རིམ;རིམས;རྟགས;རྡལ;ལག;ལང;ལམ;ལས;སར;སྐམ;སྐར;སྟན;སྡོམ;སྣ;སྣམ;སྤྱད;སྦྱང;སྦྱར	no	passed		ordinary_only	nonadmissible_observation	downgraded
ཡམས	yams	CORPUS_ED079940246D;CORPUS_01025FAF5D30;CORPUS_5683E9A09D00;CORPUS_F685D66CEF46	ཀན;ཁབ;ཁར;ཁུགས;ཁེབས;ཁོམ;ཁྱིམ;ཁྲག;ཁྲམ;ཁྲལ;ཁྲོམ;གཅད;གདན;གཡོགས;གསལ;གསུམ;གྲས;གླང;ཆག;ཆགས;ཆང;ཆད;ཆར;ཐང;ཐད;ཐབ;ཐབས;ཐམ;ཐམས;ཐར;ཐལ;ཐུམ;ཐེབས;ཐེམ;ནགས;ནམ;པགས;པར;ཕག;ཕད;ཕན;ཕབ;ཕམ;ཕུགས;ཕྱགས;ཕྱད;ཕྱམ;ཕྲན;བཅོམ;བཙན;བརྟགས;བརྩན;བྱད;བྱན;བྲལ;མཚར;མཛད;ཙ;ཙམ;ཚགས;ཚར;ཚིམ;ཛ;ཟ;འཁར;ཡང;ཡན;ཡབ;ཡར;ཡས;ཡི;ཡིག;ཡུམ;ཡུལ;ཡེ;ཡོད;ཡོན;ཡོལ;རལ;རས;རིགས;རིམ;རིམས;རྟགས;རྟོགས;རྡལ;ལག;ལང;ལམ;ལས;ལྕགས;སར;སྐམ;སྐར;སྟན;སྡོམ;སྣ;སྣམ;སྤྱད;སྦྱང;སྦྱར	no	passed		ordinary_only	secure_independent_observation	retained
ཡིད	yid	CORPUS_ED079940246D;CORPUS_63EB474B7A3F;CORPUS_DDC164B090C8	ཀི;ཁྱད;ཁྲིད;ཁྲོད;གི;གྲི;གླིང;ཅི;ཅིག;ཆད;ཆིག;ཆུད;ཏི;ཏིག;ཐད;ཐིག;ཐེད;ཐོད;དྲོད;ནད;པད;ཕད;ཕུད;ཕོད;ཕྱད;ཕྱེད;ཕྲད;ཕྲིན;བྱད;བྱིན;བྲེད;མགྲིན;མཐུད;ཙི;ཚིགས;ཚིལ;ཚུད;ཛི;ཡང;ཡན;ཡབ;ཡར;ཡས;ཡི;ཡིག;ཡིན;ཡུམ;ཡུལ;ཡེ;ཡོད;ཡོན;ཡོལ;རི;རིག;རིལ;རིས;རྒོད;རྒྱུད;རྩེད;ལིང;ཤེད;ཤོད;སྐད;སྐྱིད;སྐྱིལ;སྐྱེད;སྟོད;སྡོད;སྤྱད;སྲིང;སྲིད	no	passed		ordinary_only	secure_independent_observation	retained
ཡིབ	yib	CORPUS_ED079940246D;CORPUS_63EB474B7A3F;CORPUS_0C6592BB5CEF	ཀི;ཁབ;ཁེབ;ཁྱབ;ཁྲབ;ཁྲིད;གདུབ;གི;གྲི;གྲུབ;གླིང;ཅི;ཅིག;ཆིག;ཏི;ཏིག;ཐབ;ཐབས;ཐིག;ཐུབ;ཐེབ;ཐོབ;ཕབ;ཕུབ;ཕྲིན;བཏབ;བརྡབ;བྱིན;མགྲིན;ཙི;ཚབ;ཚིགས;ཚིལ;ཛི;འབབ;ཡང;ཡན;ཡབ;ཡར;ཡས;ཡི;ཡིག;ཡིན;ཡུམ;ཡུལ;ཡེ;ཡོད;ཡོན;ཡོལ;རབ;རི;རིག;རིལ;རིས;ལིང;ལེབ;སྐྱིད;སྐྱིལ;སྐྱོབ;སྡེབ;སྲིང;སློབ	no	passed		ordinary_only	nonadmissible_observation	downgraded
ཡིར	yir	CORPUS_ED079940246D;CORPUS_63EB474B7A3F;CORPUS_6783C3DA00D4	ཀར;ཀི;ཁར;ཁེར;ཁྲིད;གཏོར;གསར;གི;གྲི;གླིང;ཅི;ཅིག;ཆར;ཆིག;ཆེར;ཏི;ཏིག;ཐར;ཐིག;ཐུར;ཐེར;ཐོར;ནོར;པར;པོར;ཕུར;ཕོར;ཕྱར;ཕྲིན;བདར;བརྡར;བྱིན;མཁར;མགྲིན;ཙི;ཚར;ཚིགས;ཚིལ;ཚུར;ཛི;ཟུར;ཟེར;འཁོར;འབར;ཡང;ཡན;ཡབ;ཡར;ཡས;ཡི;ཡིག;ཡིན;ཡུམ;ཡུལ;ཡེ;ཡོད;ཡོན;ཡོལ;རི;རིག;རིལ;རིས;ལིང;ཤོར;སེར;སོར;སྐར;སྐོར;སྐྱིད;སྐྱིལ;སྟེར;སྦྱར;སྦྱོར;སྲིང	no	passed		ordinary_only	nonadmissible_observation	downgraded
ཡིས	yis	CORPUS_ED079940246D;CORPUS_63EB474B7A3F;CORPUS_735B62E02527	ཀི;ཁྲིད;གི;གྲས;གྲི;གྲོས;གླིང;ངོས;ཅི;ཅིག;ཆིག;ཆོས;ཏི;ཏིག;ཐིག;ཐོས;པོས;ཕྱིས;ཕྲིན;བཅོས;བསྡུས;བྱིན;མཁས;མགྲིན;ཙི;ཚིགས;ཚིལ;ཚོས;ཛི;ཟས;ཡང;ཡན;ཡབ;ཡར;ཡས;ཡི;ཡིག;ཡིན;ཡུམ;ཡུལ;ཡེ;ཡོད;ཡོན;ཡོལ;རས;རི;རིག;རིལ;རིས;རུས;རྡོས;ལས;ལིང;ལུས;ལྷས;ཤས;སྐྱིད;སྐྱིལ;སྐྱེས;སྲིང	no	passed		ordinary_only	secure_independent_observation	retained
ཡུ	yu	CORPUS_ED079940246D;CORPUS_84A74DBDD722	ཀུན;ཁུག;ཁུལ;གདུང;གུ;གྲུ;ཆུག;ཆུང;ཆུད;ཆུན;ཐུ;ཐུང;ཐུན;ཐུབ;ཐུམ;ཐུར;ཐུལ;དུ;དྲུག;ནུ;ཕུག;ཕུད;ཕུབ;ཕུར;ཕྱུགས;བཙུན;བརྟུལ;བསྐུར;མཚུར;ཚུགས;ཚུར;ཚུལ;ཟུར;ཡང;ཡན;ཡབ;ཡར;ཡས;ཡི;ཡིག;ཡུམ;ཡུལ;ཡེ;ཡོད;ཡོན;ཡོལ;རུག;རུས;རྡུལ;ལུ;ལུག;ལུང;ལུས;སྲུང	no	passed		ordinary_only	secure_independent_observation	retained
ཡུག	yug	CORPUS_ED079940246D;CORPUS_84A74DBDD722;CORPUS_9A673562CD7A	ཀུན;ཁུག;ཁུལ;ཁོག;ཁྱག;ཁྲག;ཁྲོག;གདུང;གཡོག;གུ;གྲུ;ཅིག;ཅོག;ཆག;ཆུག;ཆུང;ཆུད;ཆུན;ཆོག;ཏིག;ཐུ;ཐུང;ཐུན;ཐུབ;ཐུམ;ཐུར;ཐུལ;ཐེག;ཐོག;དམག;དུ;དྲུག;དྲེག;ནག;ནུ;པག;ཕག;ཕུག;ཕུད;ཕུབ;ཕུར;ཕོག;ཕྱུགས;བདག;བཙུན;བརྟུལ;བསྐུར;བྲག;མཚུར;ཚག;ཚུགས;ཚུར;ཚུལ;ཟུག;ཟུར;ཡང;ཡན;ཡབ;ཡར;ཡས;ཡི;ཡིག;ཡུམ;ཡུལ;ཡེ;ཡོད;ཡོན;ཡོལ;རིག;རིགས;རུག;རུས;རོག;རྡུལ;རྡེག;རྡོག;ལག;ལུ;ལུག;ལུང;ལུས;ལོག;ལྷག;ཤོག;སྒྲོག;སྟག;སྲུང;སྲོག;སློག	no	passed		ordinary_only	secure_independent_observation	retained
ཡུན	yun	CORPUS_ED079940246D;CORPUS_84A74DBDD722;CORPUS_76CFA3FCFF21	ཀན;ཀུན;ཁུག;ཁུལ;ཁོན;ཁྲོན;གདུང;གདོན;གུ;གྲུ;ཆུག;ཆུང;ཆུད;ཆུན;ཆེན;ཐུ;ཐུང;ཐུན;ཐུབ;ཐུམ;ཐུར;ཐུལ;ཐེན;ཐོན;དམན;དུ;དྲུག;ནུ;ནོན;པན;ཕན;ཕུག;ཕུད;ཕུབ;ཕུར;ཕོན;ཕྱིན;ཕྱུགས;ཕྲན;བཙན;བཙུན;བརྟུལ;བསྐུར;བྱན;བྱིན;བྲན;བློན;མཁན;མཐུན;མཚུར;ཚུགས;ཚུན;ཚུར;ཚུལ;ཟན;ཟུར;ཡང;ཡན;ཡབ;ཡར;ཡས;ཡི;ཡིག;ཡིན;ཡུམ;ཡུལ;ཡེ;ཡོད;ཡོན;ཡོལ;རུག;རུས;རྒྱུན;རྡུལ;རྩེན;ལུ;ལུག;ལུང;ལུས;ལེན;ཤན;སྟན;སྟོན;སྤྱན;སྲུང	no	passed		ordinary_only	nonadmissible_observation	downgraded
ཡུར	yur	CORPUS_ED079940246D;CORPUS_84A74DBDD722;CORPUS_6783C3DA00D4	ཀར;ཀུན;ཁར;ཁུག;ཁུལ;ཁེར;གཏོར;གདུང;གསར;གུ;གྲུ;ཆར;ཆུག;ཆུང;ཆུད;ཆུན;ཆེར;ཐར;ཐུ;ཐུང;ཐུན;ཐུབ;ཐུམ;ཐུར;ཐུལ;ཐེར;ཐོར;དུ;དྲུག;ནུ;ནོར;པར;པོར;ཕུག;ཕུད;ཕུབ;ཕུར;ཕོར;ཕྱར;ཕྱུགས;བདར;བཙུན;བརྟུལ;བརྡར;བསྐུར;མཁར;མཚུར;ཚར;ཚུགས;ཚུར;ཚུལ;ཟུར;ཟེར;འཁོར;འབར;ཡང;ཡན;ཡབ;ཡར;ཡས;ཡི;ཡིག;ཡུམ;ཡུལ;ཡེ;ཡོད;ཡོན;ཡོལ;རུག;རུས;རྡུལ;ལུ;ལུག;ལུང;ལུས;ཤོར;སེར;སོར;སྐར;སྐོར;སྟེར;སྦྱར;སྦྱོར;སྲུང	no	passed		ordinary_only	nonadmissible_observation	downgraded
ཡོ	yo	CORPUS_ED079940246D;CORPUS_16D4A9AA0695	ཁོག;ཁོལ;ཁྲོག;ཁྲོད;ཁྲོམ;ཁྲོལ;གཅོད;གཏོར;གདོང;གདོན;གསོལ;གོ;གྲོ;གྲོས;ངོས;ཅོ;ཅོག;ཆོག;ཏོག;ཐོ;ཐོག;ཐོད;ཐོན;ཐོབ;ཐོར;དོ;དྲོ;པོར;ཕོག;ཕོད;ཕོན;ཕོར;བརྟོལ;བརྩོན;བསྐོར;མགྲོན;མཆོད;མཛོད;ཚོལ;ཚོས;ཟོར;འཁོར;ཡང;ཡན;ཡབ;ཡར;ཡས;ཡི;ཡིག;ཡུམ;ཡུལ;ཡེ;ཡོད;ཡོན;ཡོལ;རོ;རོག;རྟོགས;རྡོག;རྡོལ;ལོ;ལོག;ལོང;ཤོད;སོ;སོར;སྐོར;སྟོང;སྟོན;སྤྱོད;སྦྱོང;སྦྱོར	no	passed		ordinary_only	nonadmissible_observation	downgraded
ཡོག	yog	CORPUS_ED079940246D;CORPUS_16D4A9AA0695;CORPUS_9A673562CD7A	ཁུག;ཁོག;ཁོལ;ཁྱག;ཁྲག;ཁྲོག;ཁྲོད;ཁྲོམ;ཁྲོལ;གཅོད;གཏོར;གདོང;གདོན;གཡོག;གསོལ;གོ;གྲོ;གྲོས;ངོས;ཅིག;ཅོ;ཅོག;ཆག;ཆུག;ཆོག;ཏིག;ཏོག;ཐེག;ཐོ;ཐོག;ཐོད;ཐོན;ཐོབ;ཐོར;དམག;དོ;དྲེག;དྲོ;ནག;པག;པོར;ཕག;ཕུག;ཕོག;ཕོད;ཕོན;ཕོར;བདག;བརྟོལ;བརྩོན;བསྐོར;བྲག;མགྲོན;མཆོད;མཛོད;ཚག;ཚོལ;ཚོས;ཟུག;ཟོར;འཁོར;ཡང;ཡན;ཡབ;ཡར;ཡས;ཡི;ཡིག;ཡུམ;ཡུལ;ཡེ;ཡོད;ཡོན;ཡོལ;རིག;རིགས;རུག;རོ;རོག;རྟོགས;རྡེག;རྡོག;རྡོལ;ལག;ལུག;ལོ;ལོག;ལོང;ལྷག;ཤོག;ཤོད;སོ;སོར;སྐོར;སྒྲོག;སྟག;སྟོང;སྟོན;སྤྱོད;སྦྱོང;སྦྱོར;སྲོག;སློག	no	passed		ordinary_only	secure_independent_observation	retained
ཡོགས	yogs	CORPUS_ED079940246D;CORPUS_16D4A9AA0695;CORPUS_9A673562CD7A;CORPUS_F685D66CEF46	ཁུག;ཁུགས;ཁེབས;ཁོག;ཁོལ;ཁྱག;ཁྲག;ཁྲོག;ཁྲོད;ཁྲོམ;ཁྲོལ;གཅོད;གཏོར;གདོང;གདོན;གཡོག;གཡོགས;གསོལ;གོ;གྲོ;གྲོས;ངོས;ཅིག;ཅོ;ཅོག;ཆག;ཆགས;ཆུག;ཆོག;ཏིག;ཏོག;ཐབས;ཐམས;ཐེག;ཐེབས;ཐོ;ཐོག;ཐོད;ཐོན;ཐོབ;ཐོར;དམག;དོ;དྲེག;དྲོ;ནག;ནགས;པག;པགས;པོར;ཕག;ཕུག;ཕུགས;ཕོག;ཕོད;ཕོན;ཕོར;བདག;བརྟགས;བརྟོལ;བརྩོན;བསྐོར;བྲག;མགྲོན;མཆོད;མཛོད;ཚག;ཚགས;ཚོལ;ཚོས;ཟུག;ཟོར;འཁོར;ཡང;ཡན;ཡབ;ཡར;ཡས;ཡི;ཡིག;ཡུམ;ཡུལ;ཡེ;ཡོད;ཡོན;ཡོལ;རིག;རིགས;རིམས;རུག;རོ;རོག;རྟོགས;རྡེག;རྡོག;རྡོལ;ལག;ལུག;ལོ;ལོག;ལོང;ལྕགས;ལྷག;ཤོག;ཤོད;སོ;སོར;སྐོར;སྒྲོག;སྟག;སྟོང;སྟོན;སྤྱོད;སྦྱོང;སྦྱོར;སྲོག;སློག	no	passed		ordinary_only	nonadmissible_observation	downgraded
ཡོང	yoṅ	CORPUS_ED079940246D;CORPUS_16D4A9AA0695;SUFFIX_NG_TO_NDOT	ཁུང;ཁོག;ཁོལ;ཁྲོག;ཁྲོད;ཁྲོམ;ཁྲོལ;གཅོད;གཏོང;གཏོར;གདུང;གདོང;གདོན;གསུང;གསོལ;གོ;གྲང;གྲོ;གྲོས;ངོས;ཅིང;ཅོ;ཅོག;ཆང;ཆུང;ཆོག;ཏོག;ཐང;ཐུང;ཐོ;ཐོག;ཐོད;ཐོན;ཐོབ;ཐོར;དོ;དྲོ;པོར;ཕོག;ཕོད;ཕོན;ཕོར;ཕྱིང;བཏང;བརྟོལ;བརྩོན;བསྐོར;བྲང;མགྲོན;མཆོད;མཐོང;མཛོད;ཚང;ཚོལ;ཚོས;ཟོར;འཁོར;ཡང;ཡན;ཡབ;ཡར;ཡས;ཡི;ཡིག;ཡུམ;ཡུལ;ཡེ;ཡོད;ཡོན;ཡོལ;རིང;རོ;རོག;རྟོགས;རྡོག;རྡོལ;རྨང;ལང;ལུང;ལོ;ལོག;ལོང;ཤོད;སེང;སོ;སོར;སྐོང;སྐོར;སྐྱོང;སྟེང;སྟོང;སྟོན;སྣང;སྤྱང;སྤྱོད;སྦྱང;སྦྱོང;སྦྱོར;སྲིང	no	passed		ordinary_only	secure_independent_observation	retained
ཡོམ	yom	CORPUS_ED079940246D;CORPUS_16D4A9AA0695;CORPUS_5683E9A09D00	ཁོག;ཁོམ;ཁོལ;ཁྱིམ;ཁྲམ;ཁྲོག;ཁྲོད;ཁྲོམ;ཁྲོལ;གཅོད;གཏོར;གདོང;གདོན;གསུམ;གསོལ;གོ;གྲོ;གྲོས;ངོས;ཅོ;ཅོག;ཆོག;ཏོག;ཐམ;ཐམས;ཐུམ;ཐེམ;ཐོ;ཐོག;ཐོད;ཐོན;ཐོབ;ཐོར;དོ;དྲོ;ནམ;པོར;ཕམ;ཕོག;ཕོད;ཕོན;ཕོར;ཕྱམ;བཅོམ;བརྟོལ;བརྩོན;བསྐོར;མགྲོན;མཆོད;མཛོད;ཙམ;ཚིམ;ཚོལ;ཚོས;ཟོར;འཁོར;ཡང;ཡན;ཡབ;ཡར;ཡས;ཡི;ཡིག;ཡུམ;ཡུལ;ཡེ;ཡོད;ཡོན;ཡོལ;རིམ;རིམས;རོ;རོག;རྟོགས;རྡོག;རྡོལ;ལམ;ལོ;ལོག;ལོང;ཤོད;སོ;སོར;སྐམ;སྐོར;སྟོང;སྟོན;སྡོམ;སྣམ;སྤྱོད;སྦྱོང;སྦྱོར	no	passed		ordinary_only	nonadmissible_observation	downgraded
ཡོར	yor	CORPUS_ED079940246D;CORPUS_16D4A9AA0695;CORPUS_6783C3DA00D4	ཀར;ཁར;ཁེར;ཁོག;ཁོལ;ཁྲོག;ཁྲོད;ཁྲོམ;ཁྲོལ;གཅོད;གཏོར;གདོང;གདོན;གསར;གསོལ;གོ;གྲོ;གྲོས;ངོས;ཅོ;ཅོག;ཆར;ཆེར;ཆོག;ཏོག;ཐར;ཐུར;ཐེར;ཐོ;ཐོག;ཐོད;ཐོན;ཐོབ;ཐོར;དོ;དྲོ;ནོར;པར;པོར;ཕུར;ཕོག;ཕོད;ཕོན;ཕོར;ཕྱར;བདར;བརྟོལ;བརྡར;བརྩོན;བསྐོར;མཁར;མགྲོན;མཆོད;མཛོད;ཚར;ཚུར;ཚོལ;ཚོས;ཟུར;ཟེར;ཟོར;འཁོར;འབར;ཡང;ཡན;ཡབ;ཡར;ཡས;ཡི;ཡིག;ཡུམ;ཡུལ;ཡེ;ཡོད;ཡོན;ཡོལ;རོ;རོག;རྟོགས;རྡོག;རྡོལ;ལོ;ལོག;ལོང;ཤོད;ཤོར;སེར;སོ;སོར;སྐར;སྐོར;སྟེར;སྟོང;སྟོན;སྤྱོད;སྦྱར;སྦྱོང;སྦྱོར	no	passed		ordinary_only	secure_independent_observation	retained
ཡོས	yos	CORPUS_ED079940246D;CORPUS_16D4A9AA0695;CORPUS_735B62E02527	ཁོག;ཁོལ;ཁྲོག;ཁྲོད;ཁྲོམ;ཁྲོལ;གཅོད;གཏོར;གདོང;གདོན;གསོལ;གོ;གྲས;གྲོ;གྲོས;ངོས;ཅོ;ཅོག;ཆོག;ཆོས;ཏོག;ཐོ;ཐོག;ཐོད;ཐོན;ཐོབ;ཐོར;ཐོས;དོ;དྲོ;པོར;པོས;ཕོག;ཕོད;ཕོན;ཕོར;ཕྱིས;བཅོས;བརྟོལ;བརྩོན;བསྐོར;བསྡུས;མཁས;མགྲོན;མཆོད;མཛོད;ཚོལ;ཚོས;ཟས;ཟོར;འཁོར;ཡང;ཡན;ཡབ;ཡར;ཡས;ཡི;ཡིག;ཡུམ;ཡུལ;ཡེ;ཡོད;ཡོན;ཡོལ;རས;རིས;རུས;རོ;རོག;རྟོགས;རྡོག;རྡོལ;རྡོས;ལས;ལུས;ལོ;ལོག;ལོང;ལྷས;ཤས;ཤོད;སོ;སོར;སྐོར;སྐྱེས;སྟོང;སྟོན;སྤྱོད;སྦྱོང;སྦྱོར	no	passed		ordinary_only	nonadmissible_observation	downgraded
ཡཾ	ya			no	insufficient		ordinary_only	no_feature_target	downgraded
རག	rag	CORPUS_5BE28982C775;CORPUS_01025FAF5D30;CORPUS_9A673562CD7A	ཀན;ཁབ;ཁར;ཁུག;ཁོག;ཁྱག;ཁྲག;ཁྲམ;ཁྲལ;ཁྲོག;གཅད;གདན;གཡོག;གསལ;གྲས;གླང;ཅིག;ཅོག;ཆག;ཆང;ཆད;ཆར;ཆུག;ཆོག;ཏིག;ཐང;ཐད;ཐབ;ཐབས;ཐམ;ཐར;ཐལ;ཐེག;ཐོག;དམག;དྲེག;ནག;པག;པར;ཕག;ཕད;ཕན;ཕབ;ཕུག;ཕོག;ཕྱགས;ཕྱད;ཕྲན;བདག;བཙན;བརྩན;བྱད;བྱན;བྲག;བྲལ;མཚར;མཛད;ཙ;ཚག;ཚགས;ཚར;ཛ;ཟ;ཟུག;འཁར;ཡན;ཡིག;རབ;རལ;རས;རི;རིག;རིགས;རིང;རིམ;རིལ;རུག;རུས;རོ;རོག;རྟགས;རྡལ;རྡེག;རྡོག;ལག;ལང;ལས;ལུག;ལོག;ལྷག;ཤོག;སར;སྐར;སྒྲོག;སྟག;སྟན;སྣ;སྤྱད;སྦྱང;སྦྱར;སྲོག;སློག	no	passed		ordinary_only	secure_independent_observation	retained
རགས	rags	CORPUS_5BE28982C775;CORPUS_01025FAF5D30;CORPUS_9A673562CD7A;CORPUS_F685D66CEF46	ཀན;ཁབ;ཁར;ཁུག;ཁུགས;ཁེབས;ཁོག;ཁྱག;ཁྲག;ཁྲམ;ཁྲལ;ཁྲོག;གཅད;གདན;གཡོག;གཡོགས;གསལ;གྲས;གླང;ཅིག;ཅོག;ཆག;ཆགས;ཆང;ཆད;ཆར;ཆུག;ཆོག;ཏིག;ཐང;ཐད;ཐབ;ཐབས;ཐམ;ཐམས;ཐར;ཐལ;ཐེག;ཐེབས;ཐོག;དམག;དྲེག;ནག;ནགས;པག;པགས;པར;ཕག;ཕད;ཕན;ཕབ;ཕུག;ཕུགས;ཕོག;ཕྱགས;ཕྱད;ཕྲན;བདག;བཙན;བརྟགས;བརྩན;བྱད;བྱན;བྲག;བྲལ;མཚར;མཛད;ཙ;ཚག;ཚགས;ཚར;ཛ;ཟ;ཟུག;འཁར;ཡན;ཡིག;རབ;རལ;རས;རི;རིག;རིགས;རིང;རིམ;རིམས;རིལ;རུག;རུས;རོ;རོག;རྟགས;རྟོགས;རྡལ;རྡེག;རྡོག;ལག;ལང;ལས;ལུག;ལོག;ལྕགས;ལྷག;ཤོག;སར;སྐར;སྒྲོག;སྟག;སྟན;སྣ;སྤྱད;སྦྱང;སྦྱར;སྲོག;སློག	no	passed		ordinary_only	secure_independent_observation	retained
རང	raṅ	CORPUS_5BE28982C775;CORPUS_01025FAF5D30;SUFFIX_NG_TO_NDOT	ཀན;ཁབ;ཁར;ཁུང;ཁྲག;ཁྲམ;ཁྲལ;གཅད;གཏོང;གདན;གདུང;གདོང;གསལ;གསུང;གྲང;གྲས;གླང;ཅིང;ཆག;ཆང;ཆད;ཆར;ཆུང;ཐང;ཐད;ཐབ;ཐབས;ཐམ;ཐར;ཐལ;ཐུང;པར;ཕག;ཕད;ཕན;ཕབ;ཕྱགས;ཕྱད;ཕྱིང;ཕྲན;བཏང;བཙན;བརྩན;བྱད;བྱན;བྲང;བྲལ;མཐོང;མཚར;མཛད;ཙ;ཚགས;ཚང;ཚར;ཛ;ཟ;འཁར;ཡང;ཡན;རབ;རལ;རས;རི;རིག;རིགས;རིང;རིམ;རིལ;རུག;རུས;རོ;རོག;རྟགས;རྡལ;རྨང;ལག;ལང;ལས;ལུང;ལོང;སར;སེང;སྐར;སྐོང;སྐྱོང;སྟན;སྟེང;སྟོང;སྣ;སྣང;སྤྱང;སྤྱད;སྦྱང;སྦྱར;སྦྱོང;སྲིང	no	passed		ordinary_only	secure_independent_observation	retained
རངས	raṅs	CORPUS_5BE28982C775;CORPUS_01025FAF5D30;SUFFIX_NG_TO_NDOT;CORPUS_F685D66CEF46	ཀན;ཁབ;ཁར;ཁུགས;ཁུང;ཁེབས;ཁྲག;ཁྲམ;ཁྲལ;གཅད;གཏོང;གདན;གདུང;གདོང;གཡོགས;གསལ;གསུང;གྲང;གྲས;གླང;ཅིང;ཆག;ཆགས;ཆང;ཆད;ཆར;ཆུང;ཐང;ཐད;ཐབ;ཐབས;ཐམ;ཐམས;ཐར;ཐལ;ཐུང;ཐེབས;ནགས;པགས;པར;ཕག;ཕད;ཕན;ཕབ;ཕུགས;ཕྱགས;ཕྱད;ཕྱིང;ཕྲན;བཏང;བཙན;བརྟགས;བརྩན;བྱད;བྱན;བྲང;བྲལ;མཐོང;མཚར;མཛད;ཙ;ཚགས;ཚང;ཚར;ཛ;ཟ;འཁར;ཡང;ཡན;རབ;རལ;རས;རི;རིག;རིགས;རིང;རིམ;རིམས;རིལ;རུག;རུས;རོ;རོག;རྟགས;རྟོགས;རྡལ;རྨང;ལག;ལང;ལས;ལུང;ལོང;ལྕགས;སར;སེང;སྐར;སྐོང;སྐྱོང;སྟན;སྟེང;སྟོང;སྣ;སྣང;སྤྱང;སྤྱད;སྦྱང;སྦྱར;སྦྱོང;སྲིང	no	passed		ordinary_only	nonadmissible_observation	downgraded
རན	ran	CORPUS_5BE28982C775;CORPUS_01025FAF5D30;CORPUS_76CFA3FCFF21	ཀན;ཁབ;ཁར;ཁོན;ཁྲག;ཁྲམ;ཁྲལ;ཁྲོན;གཅད;གདན;གདོན;གསལ;གྲས;གླང;ཆག;ཆང;ཆད;ཆར;ཆུན;ཆེན;ཐང;ཐད;ཐབ;ཐབས;ཐམ;ཐར;ཐལ;ཐུན;ཐེན;ཐོན;དམན;ནོན;པན;པར;ཕག;ཕད;ཕན;ཕབ;ཕོན;ཕྱགས;ཕྱད;ཕྱིན;ཕྲན;བཙན;བརྩན;བྱད;བྱན;བྱིན;བྲན;བྲལ;བློན;མཁན;མཐུན;མཚར;མཛད;ཙ;ཚགས;ཚར;ཚུན;ཛ;ཟ;ཟན;འཁར;ཡན;ཡིན;ཡོན;རབ;རལ;རས;རི;རིག;རིགས;རིང;རིམ;རིལ;རུག;རུས;རོ;རོག;རྒྱུན;རྟགས;རྡལ;རྩེན;ལག;ལང;ལས;ལེན;ཤན;སར;སྐར;སྟན;སྟོན;སྣ;སྤྱད;སྤྱན;སྦྱང;སྦྱར	no	passed		ordinary_only	secure_independent_observation	retained
རམ	ram	CORPUS_5BE28982C775;CORPUS_01025FAF5D30;CORPUS_5683E9A09D00	ཀན;ཁབ;ཁར;ཁོམ;ཁྱིམ;ཁྲག;ཁྲམ;ཁྲལ;ཁྲོམ;གཅད;གདན;གསལ;གསུམ;གྲས;གླང;ཆག;ཆང;ཆད;ཆར;ཐང;ཐད;ཐབ;ཐབས;ཐམ;ཐམས;ཐར;ཐལ;ཐུམ;ཐེམ;ནམ;པར;ཕག;ཕད;ཕན;ཕབ;ཕམ;ཕྱགས;ཕྱད;ཕྱམ;ཕྲན;བཅོམ;བཙན;བརྩན;བྱད;བྱན;བྲལ;མཚར;མཛད;ཙ;ཙམ;ཚགས;ཚར;ཚིམ;ཛ;ཟ;འཁར;ཡན;ཡུམ;རབ;རལ;རས;རི;རིག;རིགས;རིང;རིམ;རིམས;རིལ;རུག;རུས;རོ;རོག;རྟགས;རྡལ;ལག;ལང;ལམ;ལས;སར;སྐམ;སྐར;སྟན;སྡོམ;སྣ;སྣམ;སྤྱད;སྦྱང;སྦྱར	no	passed		ordinary_only	secure_independent_observation	retained
རམས	rams	CORPUS_5BE28982C775;CORPUS_01025FAF5D30;CORPUS_5683E9A09D00;CORPUS_F685D66CEF46	ཀན;ཁབ;ཁར;ཁུགས;ཁེབས;ཁོམ;ཁྱིམ;ཁྲག;ཁྲམ;ཁྲལ;ཁྲོམ;གཅད;གདན;གཡོགས;གསལ;གསུམ;གྲས;གླང;ཆག;ཆགས;ཆང;ཆད;ཆར;ཐང;ཐད;ཐབ;ཐབས;ཐམ;ཐམས;ཐར;ཐལ;ཐུམ;ཐེབས;ཐེམ;ནགས;ནམ;པགས;པར;ཕག;ཕད;ཕན;ཕབ;ཕམ;ཕུགས;ཕྱགས;ཕྱད;ཕྱམ;ཕྲན;བཅོམ;བཙན;བརྟགས;བརྩན;བྱད;བྱན;བྲལ;མཚར;མཛད;ཙ;ཙམ;ཚགས;ཚར;ཚིམ;ཛ;ཟ;འཁར;ཡན;ཡུམ;རབ;རལ;རས;རི;རིག;རིགས;རིང;རིམ;རིམས;རིལ;རུག;རུས;རོ;རོག;རྟགས;རྟོགས;རྡལ;ལག;ལང;ལམ;ལས;ལྕགས;སར;སྐམ;སྐར;སྟན;སྡོམ;སྣ;སྣམ;སྤྱད;སྦྱང;སྦྱར	no	passed		ordinary_only	secure_independent_observation	retained
རཱ	ra			no	insufficient		ordinary_only	no_feature_target	downgraded
རཱི	ri			no	insufficient		ordinary_only	no_feature_target	downgraded
རིན	rin	CORPUS_5BE28982C775;CORPUS_63EB474B7A3F;CORPUS_76CFA3FCFF21	ཀན;ཀི;ཁོན;ཁྲིད;ཁྲོན;གདོན;གི;གྲི;གླིང;ཅི;ཅིག;ཆིག;ཆུན;ཆེན;ཏི;ཏིག;ཐིག;ཐུན;ཐེན;ཐོན;དམན;ནོན;པན;ཕན;ཕོན;ཕྱིན;ཕྲན;ཕྲིན;བཙན;བྱན;བྱིན;བྲན;བློན;མཁན;མགྲིན;མཐུན;ཙི;ཚིགས;ཚིལ;ཚུན;ཛི;ཟན;ཡན;ཡི;ཡིན;ཡོན;རབ;རལ;རས;རི;རིག;རིགས;རིང;རིམ;རིལ;རིས;རུག;རུས;རོ;རོག;རྒྱུན;རྩེན;ལིང;ལེན;ཤན;སྐྱིད;སྐྱིལ;སྟན;སྟོན;སྤྱན;སྲིང	no	passed		ordinary_only	secure_independent_observation	retained
རིབ	rib	CORPUS_5BE28982C775;CORPUS_63EB474B7A3F;CORPUS_0C6592BB5CEF	ཀི;ཁབ;ཁེབ;ཁྱབ;ཁྲབ;ཁྲིད;གདུབ;གི;གྲི;གྲུབ;གླིང;ཅི;ཅིག;ཆིག;ཏི;ཏིག;ཐབ;ཐབས;ཐིག;ཐུབ;ཐེབ;ཐོབ;ཕབ;ཕུབ;ཕྲིན;བཏབ;བརྡབ;བྱིན;མགྲིན;ཙི;ཚབ;ཚིགས;ཚིལ;ཛི;འབབ;ཡབ;ཡི;ཡིན;རབ;རལ;རས;རི;རིག;རིགས;རིང;རིམ;རིལ;རིས;རུག;རུས;རོ;རོག;ལིང;ལེབ;སྐྱིད;སྐྱིལ;སྐྱོབ;སྡེབ;སྲིང;སློབ	no	passed		ordinary_only	nonadmissible_observation	downgraded
རིར	rir	CORPUS_5BE28982C775;CORPUS_63EB474B7A3F;CORPUS_6783C3DA00D4	ཀར;ཀི;ཁར;ཁེར;ཁྲིད;གཏོར;གསར;གི;གྲི;གླིང;ཅི;ཅིག;ཆར;ཆིག;ཆེར;ཏི;ཏིག;ཐར;ཐིག;ཐུར;ཐེར;ཐོར;ནོར;པར;པོར;ཕུར;ཕོར;ཕྱར;ཕྲིན;བདར;བརྡར;བྱིན;མཁར;མགྲིན;ཙི;ཚར;ཚིགས;ཚིལ;ཚུར;ཛི;ཟུར;ཟེར;འཁོར;འབར;ཡར;ཡི;ཡིན;རབ;རལ;རས;རི;རིག;རིགས;རིང;རིམ;རིལ;རིས;རུག;རུས;རོ;རོག;ལིང;ཤོར;སེར;སོར;སྐར;སྐོར;སྐྱིད;སྐྱིལ;སྟེར;སྦྱར;སྦྱོར;སྲིང	no	passed		ordinary_only	secure_independent_observation	retained
རུང	ruṅ	CORPUS_5BE28982C775;CORPUS_84A74DBDD722;SUFFIX_NG_TO_NDOT	ཀུན;ཁུག;ཁུང;ཁུལ;གཏོང;གདུང;གདོང;གསུང;གུ;གྲང;གྲུ;ཅིང;ཆང;ཆུག;ཆུང;ཆུད;ཆུན;ཐང;ཐུ;ཐུང;ཐུན;ཐུབ;ཐུམ;ཐུར;ཐུལ;དུ;དྲུག;ནུ;ཕུག;ཕུད;ཕུབ;ཕུར;ཕྱིང;ཕྱུགས;བཏང;བཙུན;བརྟུལ;བསྐུར;བྲང;མཐོང;མཚུར;ཚང;ཚུགས;ཚུར;ཚུལ;ཟུར;ཡང;ཡུལ;རབ;རལ;རས;རི;རིག;རིགས;རིང;རིམ;རིལ;རུག;རུས;རོ;རོག;རྡུལ;རྨང;ལང;ལུ;ལུག;ལུང;ལུས;ལོང;སེང;སྐོང;སྐྱོང;སྟེང;སྟོང;སྣང;སྤྱང;སྦྱང;སྦྱོང;སྲིང;སྲུང	no	passed		ordinary_only	secure_independent_observation	retained
རུམ	rum	CORPUS_5BE28982C775;CORPUS_84A74DBDD722;CORPUS_5683E9A09D00	ཀུན;ཁུག;ཁུལ;ཁོམ;ཁྱིམ;ཁྲམ;ཁྲོམ;གདུང;གསུམ;གུ;གྲུ;ཆུག;ཆུང;ཆུད;ཆུན;ཐམ;ཐམས;ཐུ;ཐུང;ཐུན;ཐུབ;ཐུམ;ཐུར;ཐུལ;ཐེམ;དུ;དྲུག;ནམ;ནུ;ཕམ;ཕུག;ཕུད;ཕུབ;ཕུར;ཕྱམ;ཕྱུགས;བཅོམ;བཙུན;བརྟུལ;བསྐུར;མཚུར;ཙམ;ཚིམ;ཚུགས;ཚུར;ཚུལ;ཟུར;ཡུམ;ཡུལ;རབ;རལ;རས;རི;རིག;རིགས;རིང;རིམ;རིམས;རིལ;རུག;རུས;རོ;རོག;རྡུལ;ལམ;ལུ;ལུག;ལུང;ལུས;སྐམ;སྡོམ;སྣམ;སྲུང	no	passed		ordinary_only	secure_independent_observation	retained
རོགས	rogs	CORPUS_5BE28982C775;CORPUS_16D4A9AA0695;CORPUS_9A673562CD7A;CORPUS_F685D66CEF46	ཁུག;ཁུགས;ཁེབས;ཁོག;ཁོལ;ཁྱག;ཁྲག;ཁྲོག;ཁྲོད;ཁྲོམ;ཁྲོལ;གཅོད;གཏོར;གདོང;གདོན;གཡོག;གཡོགས;གསོལ;གོ;གྲོ;གྲོས;ངོས;ཅིག;ཅོ;ཅོག;ཆག;ཆགས;ཆུག;ཆོག;ཏིག;ཏོག;ཐབས;ཐམས;ཐེག;ཐེབས;ཐོ;ཐོག;ཐོད;ཐོན;ཐོབ;ཐོར;དམག;དོ;དྲེག;དྲོ;ནག;ནགས;པག;པགས;པོར;ཕག;ཕུག;ཕུགས;ཕོག;ཕོད;ཕོན;ཕོར;བདག;བརྟགས;བརྟོལ;བརྩོན;བསྐོར;བྲག;མགྲོན;མཆོད;མཛོད;ཚག;ཚགས;ཚོལ;ཚོས;ཟུག;ཟོར;འཁོར;ཡིག;ཡོན;ཡོལ;རབ;རལ;རས;རི;རིག;རིགས;རིང;རིམ;རིམས;རིལ;རུག;རུས;རོ;རོག;རྟོགས;རྡེག;རྡོག;རྡོལ;ལག;ལུག;ལོ;ལོག;ལོང;ལྕགས;ལྷག;ཤོག;ཤོད;སོ;སོར;སྐོར;སྒྲོག;སྟག;སྟོང;སྟོན;སྤྱོད;སྦྱོང;སྦྱོར;སྲོག;སློག	no	passed		ordinary_only	secure_independent_observation	retained
རོང	roṅ	CORPUS_5BE28982C775;CORPUS_16D4A9AA0695;SUFFIX_NG_TO_NDOT	ཁུང;ཁོག;ཁོལ;ཁྲོག;ཁྲོད;ཁྲོམ;ཁྲོལ;གཅོད;གཏོང;གཏོར;གདུང;གདོང;གདོན;གསུང;གསོལ;གོ;གྲང;གྲོ;གྲོས;ངོས;ཅིང;ཅོ;ཅོག;ཆང;ཆུང;ཆོག;ཏོག;ཐང;ཐུང;ཐོ;ཐོག;ཐོད;ཐོན;ཐོབ;ཐོར;དོ;དྲོ;པོར;ཕོག;ཕོད;ཕོན;ཕོར;ཕྱིང;བཏང;བརྟོལ;བརྩོན;བསྐོར;བྲང;མགྲོན;མཆོད;མཐོང;མཛོད;ཚང;ཚོལ;ཚོས;ཟོར;འཁོར;ཡང;ཡོན;ཡོལ;རབ;རལ;རས;རི;རིག;རིགས;རིང;རིམ;རིལ;རུག;རུས;རོ;རོག;རྟོགས;རྡོག;རྡོལ;རྨང;ལང;ལུང;ལོ;ལོག;ལོང;ཤོད;སེང;སོ;སོར;སྐོང;སྐོར;སྐྱོང;སྟེང;སྟོང;སྟོན;སྣང;སྤྱང;སྤྱོད;སྦྱང;སྦྱོང;སྦྱོར;སྲིང	no	passed		ordinary_only	secure_independent_observation	retained
རོན	ron	CORPUS_5BE28982C775;CORPUS_16D4A9AA0695;CORPUS_76CFA3FCFF21	ཀན;ཁོག;ཁོན;ཁོལ;ཁྲོག;ཁྲོད;ཁྲོན;ཁྲོམ;ཁྲོལ;གཅོད;གཏོར;གདོང;གདོན;གསོལ;གོ;གྲོ;གྲོས;ངོས;ཅོ;ཅོག;ཆུན;ཆེན;ཆོག;ཏོག;ཐུན;ཐེན;ཐོ;ཐོག;ཐོད;ཐོན;ཐོབ;ཐོར;དམན;དོ;དྲོ;ནོན;པན;པོར;ཕན;ཕོག;ཕོད;ཕོན;ཕོར;ཕྱིན;ཕྲན;བཙན;བརྟོལ;བརྩོན;བསྐོར;བྱན;བྱིན;བྲན;བློན;མཁན;མགྲོན;མཆོད;མཐུན;མཛོད;ཚུན;ཚོལ;ཚོས;ཟན;ཟོར;འཁོར;ཡན;ཡིན;ཡོན;ཡོལ;རབ;རལ;རས;རི;རིག;རིགས;རིང;རིམ;རིལ;རུག;རུས;རོ;རོག;རྒྱུན;རྟོགས;རྡོག;རྡོལ;རྩེན;ལེན;ལོ;ལོག;ལོང;ཤན;ཤོད;སོ;སོར;སྐོར;སྟན;སྟོང;སྟོན;སྤྱན;སྤྱོད;སྦྱོང;སྦྱོར	no	passed		ordinary_only	secure_independent_observation	retained
རོམ	rom	CORPUS_5BE28982C775;CORPUS_16D4A9AA0695;CORPUS_5683E9A09D00	ཁོག;ཁོམ;ཁོལ;ཁྱིམ;ཁྲམ;ཁྲོག;ཁྲོད;ཁྲོམ;ཁྲོལ;གཅོད;གཏོར;གདོང;གདོན;གསུམ;གསོལ;གོ;གྲོ;གྲོས;ངོས;ཅོ;ཅོག;ཆོག;ཏོག;ཐམ;ཐམས;ཐུམ;ཐེམ;ཐོ;ཐོག;ཐོད;ཐོན;ཐོབ;ཐོར;དོ;དྲོ;ནམ;པོར;ཕམ;ཕོག;ཕོད;ཕོན;ཕོར;ཕྱམ;བཅོམ;བརྟོལ;བརྩོན;བསྐོར;མགྲོན;མཆོད;མཛོད;ཙམ;ཚིམ;ཚོལ;ཚོས;ཟོར;འཁོར;ཡུམ;ཡོན;ཡོལ;རབ;རལ;རས;རི;རིག;རིགས;རིང;རིམ;རིམས;རིལ;རུག;རུས;རོ;རོག;རྟོགས;རྡོག;རྡོལ;ལམ;ལོ;ལོག;ལོང;ཤོད;སོ;སོར;སྐམ;སྐོར;སྟོང;སྟོན;སྡོམ;སྣམ;སྤྱོད;སྦྱོང;སྦྱོར	no	passed		ordinary_only	secure_independent_observation	retained
རོས	ros	CORPUS_5BE28982C775;CORPUS_16D4A9AA0695;CORPUS_735B62E02527	ཁོག;ཁོལ;ཁྲོག;ཁྲོད;ཁྲོམ;ཁྲོལ;གཅོད;གཏོར;གདོང;གདོན;གསོལ;གོ;གྲས;གྲོ;གྲོས;ངོས;ཅོ;ཅོག;ཆོག;ཆོས;ཏོག;ཐོ;ཐོག;ཐོད;ཐོན;ཐོབ;ཐོར;ཐོས;དོ;དྲོ;པོར;པོས;ཕོག;ཕོད;ཕོན;ཕོར;ཕྱིས;བཅོས;བརྟོལ;བརྩོན;བསྐོར;བསྡུས;མཁས;མགྲོན;མཆོད;མཛོད;ཚོལ;ཚོས;ཟས;ཟོར;འཁོར;ཡས;ཡོན;ཡོལ;རབ;རལ;རས;རི;རིག;རིགས;རིང;རིམ;རིལ;རིས;རུག;རུས;རོ;རོག;རྟོགས;རྡོག;རྡོལ;རྡོས;ལས;ལུས;ལོ;ལོག;ལོང;ལྷས;ཤས;ཤོད;སོ;སོར;སྐོར;སྐྱེས;སྟོང;སྟོན;སྤྱོད;སྦྱོང;སྦྱོར	no	passed		ordinary_only	secure_independent_observation	retained
རྒ	rga	CORPUS_987FBEB04DC6;CORPUS_A6063072E7A9;CORPUS_01025FAF5D30	ཀན;ཁབ;ཁར;ཁྲག;ཁྲམ;ཁྲལ;གཅད;གདན;གསལ;གི;གུ;གེ;གོ;གྱིས;གྲང;གྲས;གྲི;གྲོ;གྲོལ;གླང;ཆག;ཆང;ཆད;ཆར;ཐང;ཐད;ཐབ;ཐབས;ཐམ;ཐར;ཐལ;པར;ཕག;ཕད;ཕན;ཕབ;ཕྱགས;ཕྱད;ཕྲན;བཙན;བརྟགས;བརྡར;བརྩན;བྱད;བྱན;བྲལ;མགར;མགོན;མཚར;མཛད;ཙ;ཚགས;ཚར;ཛ;ཟ;འཁར;ཡན;རལ;རས;རྒོལ;རྟགས;རྟོག;རྡལ;རྩ;རྫི;ལག;ལང;ལས;སར;སྐར;སྒྲ;སྟན;སྣ;སྤྱད;སྦྱང;སྦྱར	no	passed		ordinary_only	secure_independent_observation	retained
རྒས	rgas	CORPUS_987FBEB04DC6;CORPUS_A6063072E7A9;CORPUS_01025FAF5D30;CORPUS_735B62E02527	ཀན;ཁབ;ཁར;ཁྲག;ཁྲམ;ཁྲལ;གཅད;གདན;གསལ;གི;གུ;གེ;གོ;གྱིས;གྲང;གྲས;གྲི;གྲོ;གྲོལ;གྲོས;གླང;ངོས;ཆག;ཆང;ཆད;ཆར;ཆོས;ཐང;ཐད;ཐབ;ཐབས;ཐམ;ཐར;ཐལ;ཐོས;པར;པོས;ཕག;ཕད;ཕན;ཕབ;ཕྱགས;ཕྱད;ཕྱིས;ཕྲན;བཅོས;བཙན;བརྟགས;བརྡར;བརྩན;བསྡུས;བྱད;བྱན;བྲལ;མཁས;མགར;མགོན;མཚར;མཛད;ཙ;ཚགས;ཚར;ཚོས;ཛ;ཟ;ཟས;འཁར;ཡན;ཡས;རལ;རས;རིས;རུས;རྒོལ;རྟགས;རྟོག;རྡལ;རྡོས;རྩ;རྫི;ལག;ལང;ལས;ལུས;ལྷས;ཤས;སར;སྐར;སྐྱེས;སྒྲ;སྟན;སྣ;སྤྱད;སྦྱང;སྦྱར	no	passed		ordinary_only	secure_independent_observation	retained
རྒུ	rgu	CORPUS_987FBEB04DC6;CORPUS_A6063072E7A9;CORPUS_84A74DBDD722	ཀུན;ཁུག;ཁུལ;གདུང;གི;གུ;གེ;གོ;གྱིས;གྲང;གྲས;གྲི;གྲུ;གྲོ;གྲོལ;གླང;ཆུག;ཆུང;ཆུད;ཆུན;ཐུ;ཐུང;ཐུན;ཐུབ;ཐུམ;ཐུར;ཐུལ;དུ;དྲུག;ནུ;ཕུག;ཕུད;ཕུབ;ཕུར;ཕྱུགས;བཙུན;བརྟགས;བརྟུལ;བརྡར;བརྩན;བསྐུར;མགར;མགོན;མཚུར;ཚུགས;ཚུར;ཚུལ;ཟུར;ཡུལ;རུག;རུས;རྒོལ;རྟོག;རྡུལ;རྩ;རྫི;ལུ;ལུག;ལུང;ལུས;སྒྲ;སྲུང	no	passed		ordinary_only	secure_independent_observation	retained
རྒུད	rgud	CORPUS_987FBEB04DC6;CORPUS_A6063072E7A9;CORPUS_84A74DBDD722;CORPUS_DDC164B090C8	ཀུན;ཁུག;ཁུལ;ཁྱད;ཁྲོད;གདུང;གི;གུ;གེ;གོ;གྱིས;གྲང;གྲས;གྲི;གྲུ;གྲོ;གྲོལ;གླང;ཆད;ཆུག;ཆུང;ཆུད;ཆུན;ཐད;ཐུ;ཐུང;ཐུན;ཐུབ;ཐུམ;ཐུར;ཐུལ;ཐེད;ཐོད;དུ;དྲུག;དྲོད;ནད;ནུ;པད;ཕད;ཕུག;ཕུད;ཕུབ;ཕུར;ཕོད;ཕྱད;ཕྱུགས;ཕྱེད;ཕྲད;བཙུན;བརྟགས;བརྟུལ;བརྡར;བརྩན;བསྐུར;བྱད;བྲེད;མགར;མགོན;མཐུད;མཚུར;ཚུགས;ཚུད;ཚུར;ཚུལ;ཟུར;ཡུལ;ཡོད;རུག;རུས;རྒོད;རྒོལ;རྒྱུད;རྟོག;རྡུལ;རྩ;རྩེད;རྫི;ལུ;ལུག;ལུང;ལུས;ཤེད;ཤོད;སྐད;སྐྱིད;སྐྱེད;སྒྲ;སྟོད;སྡོད;སྤྱད;སྲིད;སྲུང	no	passed		ordinary_only	secure_independent_observation	retained
རྒུན	rgun	CORPUS_987FBEB04DC6;CORPUS_A6063072E7A9;CORPUS_84A74DBDD722;CORPUS_76CFA3FCFF21	ཀན;ཀུན;ཁུག;ཁུལ;ཁོན;ཁྲོན;གདུང;གདོན;གི;གུ;གེ;གོ;གྱིས;གྲང;གྲས;གྲི;གྲུ;གྲོ;གྲོལ;གླང;ཆུག;ཆུང;ཆུད;ཆུན;ཆེན;ཐུ;ཐུང;ཐུན;ཐུབ;ཐུམ;ཐུར;ཐུལ;ཐེན;ཐོན;དམན;དུ;དྲུག;ནུ;ནོན;པན;ཕན;ཕུག;ཕུད;ཕུབ;ཕུར;ཕོན;ཕྱིན;ཕྱུགས;ཕྲན;བཙན;བཙུན;བརྟགས;བརྟུལ;བརྡར;བརྩན;བསྐུར;བྱན;བྱིན;བྲན;བློན;མཁན;མགར;མགོན;མཐུན;མཚུར;ཚུགས;ཚུན;ཚུར;ཚུལ;ཟན;ཟུར;ཡན;ཡིན;ཡུལ;ཡོན;རུག;རུས;རྒོལ;རྒྱུན;རྟོག;རྡུལ;རྩ;རྩེན;རྫི;ལུ;ལུག;ལུང;ལུས;ལེན;ཤན;སྒྲ;སྟན;སྟོན;སྤྱན;སྲུང	no	passed		ordinary_only	secure_independent_observation	retained
རྒོ	rgo	CORPUS_987FBEB04DC6;CORPUS_A6063072E7A9;CORPUS_16D4A9AA0695	ཁོག;ཁོལ;ཁྲོག;ཁྲོད;ཁྲོམ;ཁྲོལ;གཅོད;གཏོར;གདོང;གདོན;གསོལ;གི;གུ;གེ;གོ;གྱིས;གྲང;གྲས;གྲི;གྲོ;གྲོལ;གྲོས;གླང;ངོས;ཅོ;ཅོག;ཆོག;ཏོག;ཐོ;ཐོག;ཐོད;ཐོན;ཐོབ;ཐོར;དོ;དྲོ;པོར;ཕོག;ཕོད;ཕོན;ཕོར;བརྟགས;བརྟོལ;བརྡར;བརྩན;བརྩོན;བསྐོར;མགར;མགོན;མགྲོན;མཆོད;མཛོད;ཚོལ;ཚོས;ཟོར;འཁོར;ཡོན;ཡོལ;རོ;རོག;རྒོལ;རྟོག;རྟོགས;རྡོག;རྡོལ;རྩ;རྫི;ལོ;ལོག;ལོང;ཤོད;སོ;སོར;སྐོར;སྒྲ;སྟོང;སྟོན;སྤྱོད;སྦྱོང;སྦྱོར	no	passed		ordinary_only	secure_independent_observation	retained
རྒོན	rgon	CORPUS_987FBEB04DC6;CORPUS_A6063072E7A9;CORPUS_16D4A9AA0695;CORPUS_76CFA3FCFF21	ཀན;ཁོག;ཁོན;ཁོལ;ཁྲོག;ཁྲོད;ཁྲོན;ཁྲོམ;ཁྲོལ;གཅོད;གཏོར;གདོང;གདོན;གསོལ;གི;གུ;གེ;གོ;གྱིས;གྲང;གྲས;གྲི;གྲོ;གྲོལ;གྲོས;གླང;ངོས;ཅོ;ཅོག;ཆུན;ཆེན;ཆོག;ཏོག;ཐུན;ཐེན;ཐོ;ཐོག;ཐོད;ཐོན;ཐོབ;ཐོར;དམན;དོ;དྲོ;ནོན;པན;པོར;ཕན;ཕོག;ཕོད;ཕོན;ཕོར;ཕྱིན;ཕྲན;བཙན;བརྟགས;བརྟོལ;བརྡར;བརྩན;བརྩོན;བསྐོར;བྱན;བྱིན;བྲན;བློན;མཁན;མགར;མགོན;མགྲོན;མཆོད;མཐུན;མཛོད;ཚུན;ཚོལ;ཚོས;ཟན;ཟོར;འཁོར;ཡན;ཡིན;ཡོན;ཡོལ;རོ;རོག;རྒོལ;རྒྱུན;རྟོག;རྟོགས;རྡོག;རྡོལ;རྩ;རྩེན;རྫི;ལེན;ལོ;ལོག;ལོང;ཤན;ཤོད;སོ;སོར;སྐོར;སྒྲ;སྟན;སྟོང;སྟོན;སྤྱན;སྤྱོད;སྦྱོང;སྦྱོར	no	passed		ordinary_only	secure_independent_observation	retained
རྒྱང	rgyaṅ	CORPUS_987FBEB04DC6;CORPUS_A6063072E7A9;CORPUS_E34B3E203AE6;CORPUS_01025FAF5D30;SUFFIX_NG_TO_NDOT	ཀན;ཁབ;ཁར;ཁུང;ཁྱག;ཁྱབ;ཁྱེར;ཁྲག;ཁྲམ;ཁྲལ;གཅད;གཏོང;གདན;གདུང;གདོང;གསལ;གསུང;གི;གུ;གེ;གོ;གྱིས;གྲང;གྲས;གྲི;གྲོ;གྲོལ;གླང;ཅིང;ཆག;ཆང;ཆད;ཆར;ཆུང;ཐང;ཐད;ཐབ;ཐབས;ཐམ;ཐར;ཐལ;ཐུང;པར;ཕག;ཕད;ཕན;ཕབ;ཕྱགས;ཕྱད;ཕྱམ;ཕྱིང;ཕྱིན;ཕྱུགས;ཕྲན;བཏང;བཙན;བརྟགས;བརྡར;བརྩན;བྱད;བྱན;བྱེད;བྲང;བྲལ;མགར;མགོན;མཐོང;མཚར;མཛད;ཙ;ཚགས;ཚང;ཚར;ཛ;ཟ;འཁར;ཡང;ཡན;རལ;རས;རིང;རྒོལ;རྟགས;རྟོག;རྡལ;རྨང;རྩ;རྫི;ལག;ལང;ལས;ལུང;ལོང;སར;སེང;སྐར;སྐོང;སྐྱོང;སྒྲ;སྟན;སྟེང;སྟོང;སྣ;སྣང;སྤྱང;སྤྱད;སྦྱང;སྦྱར;སྦྱོང;སྲིང	no	passed		ordinary_only	secure_independent_observation	retained
རྒྱམ	rgyam	CORPUS_987FBEB04DC6;CORPUS_A6063072E7A9;CORPUS_E34B3E203AE6;CORPUS_01025FAF5D30;CORPUS_5683E9A09D00	ཀན;ཁབ;ཁར;ཁོམ;ཁྱག;ཁྱབ;ཁྱིམ;ཁྱེར;ཁྲག;ཁྲམ;ཁྲལ;ཁྲོམ;གཅད;གདན;གསལ;གསུམ;གི;གུ;གེ;གོ;གྱིས;གྲང;གྲས;གྲི;གྲོ;གྲོལ;གླང;ཆག;ཆང;ཆད;ཆར;ཐང;ཐད;ཐབ;ཐབས;ཐམ;ཐམས;ཐར;ཐལ;ཐུམ;ཐེམ;ནམ;པར;ཕག;ཕད;ཕན;ཕབ;ཕམ;ཕྱགས;ཕྱད;ཕྱམ;ཕྱིན;ཕྱུགས;ཕྲན;བཅོམ;བཙན;བརྟགས;བརྡར;བརྩན;བྱད;བྱན;བྱེད;བྲལ;མགར;མགོན;མཚར;མཛད;ཙ;ཙམ;ཚགས;ཚར;ཚིམ;ཛ;ཟ;འཁར;ཡན;ཡུམ;རལ;རས;རིམ;རིམས;རྒོལ;རྟགས;རྟོག;རྡལ;རྩ;རྫི;ལག;ལང;ལམ;ལས;སར;སྐམ;སྐར;སྐྱོང;སྒྲ;སྟན;སྡོམ;སྣ;སྣམ;སྤྱད;སྦྱང;སྦྱར	no	passed		ordinary_only	secure_independent_observation	retained
རྒྱུས	rgyus	CORPUS_987FBEB04DC6;CORPUS_A6063072E7A9;CORPUS_E34B3E203AE6;CORPUS_84A74DBDD722;CORPUS_735B62E02527	ཀུན;ཁུག;ཁུལ;ཁྱག;ཁྱབ;ཁྱེར;གདུང;གི;གུ;གེ;གོ;གྱིས;གྲང;གྲས;གྲི;གྲུ;གྲོ;གྲོལ;གྲོས;གླང;ངོས;ཆུག;ཆུང;ཆུད;ཆུན;ཆོས;ཐུ;ཐུང;ཐུན;ཐུབ;ཐུམ;ཐུར;ཐུལ;ཐོས;དུ;དྲུག;ནུ;པོས;ཕུག;ཕུད;ཕུབ;ཕུར;ཕྱད;ཕྱམ;ཕྱིན;ཕྱིས;ཕྱུགས;བཅོས;བཙུན;བརྟགས;བརྟུལ;བརྡར;བརྩན;བསྐུར;བསྡུས;བྱན;བྱེད;མཁས;མགར;མགོན;མཚུར;ཚུགས;ཚུར;ཚུལ;ཚོས;ཟས;ཟུར;ཡས;ཡུལ;རས;རིས;རུག;རུས;རྒོལ;རྟོག;རྡུལ;རྡོས;རྩ;རྫི;ལས;ལུ;ལུག;ལུང;ལུས;ལྷས;ཤས;སྐྱེས;སྐྱོང;སྒྲ;སྦྱང;སྲུང	no	passed		ordinary_only	secure_independent_observation	retained
རྣག	rnag	CORPUS_987FBEB04DC6;CORPUS_7F051B17DE73;CORPUS_01025FAF5D30;CORPUS_9A673562CD7A	ཀན;ཁབ;ཁར;ཁུག;ཁོག;ཁྱག;ཁྲག;ཁྲམ;ཁྲལ;ཁྲོག;གཅད;གདན;གནོན;གཡོག;གསལ;གྲས;གླང;ཅིག;ཅོག;ཆག;ཆང;ཆད;ཆར;ཆུག;ཆོག;ཏིག;ཐང;ཐད;ཐབ;ཐབས;ཐམ;ཐར;ཐལ;ཐེག;ཐོག;དམག;དྲེག;ནག;ནགས;ནད;ནམ;ནུ;ནེ;ནོན;ནོར;པག;པར;ཕག;ཕད;ཕན;ཕབ;ཕུག;ཕོག;ཕྱགས;ཕྱད;ཕྲན;བདག;བཙན;བརྟགས;བརྡར;བརྩན;བྱད;བྱན;བྲག;བྲལ;མཚར;མཛད;ཙ;ཚག;ཚགས;ཚར;ཛ;ཟ;ཟུག;འཁར;ཡན;ཡིག;རལ;རས;རིག;རིགས;རུག;རོག;རྟགས;རྟོག;རྡལ;རྡེག;རྡོག;རྣོ;རྩ;རྫི;ལག;ལང;ལས;ལུག;ལོག;ལྷག;ཤོག;སར;སྐར;སྒྲོག;སྟག;སྟན;སྣ;སྣམ;སྣེ;སྣོད;སྤྱད;སྦྱང;སྦྱར;སྲོག;སློག	no	passed		ordinary_only	nonadmissible_observation	downgraded
རྣགས	rnags	CORPUS_987FBEB04DC6;CORPUS_7F051B17DE73;CORPUS_01025FAF5D30;CORPUS_9A673562CD7A;CORPUS_F685D66CEF46	ཀན;ཁབ;ཁར;ཁུག;ཁུགས;ཁེབས;ཁོག;ཁྱག;ཁྲག;ཁྲམ;ཁྲལ;ཁྲོག;གཅད;གདན;གནོན;གཡོག;གཡོགས;གསལ;གྲས;གླང;ཅིག;ཅོག;ཆག;ཆགས;ཆང;ཆད;ཆར;ཆུག;ཆོག;ཏིག;ཐང;ཐད;ཐབ;ཐབས;ཐམ;ཐམས;ཐར;ཐལ;ཐེག;ཐེབས;ཐོག;དམག;དྲེག;ནག;ནགས;ནད;ནམ;ནུ;ནེ;ནོན;ནོར;པག;པགས;པར;ཕག;ཕད;ཕན;ཕབ;ཕུག;ཕུགས;ཕོག;ཕྱགས;ཕྱད;ཕྲན;བདག;བཙན;བརྟགས;བརྡར;བརྩན;བྱད;བྱན;བྲག;བྲལ;མཚར;མཛད;ཙ;ཚག;ཚགས;ཚར;ཛ;ཟ;ཟུག;འཁར;ཡན;ཡིག;རལ;རས;རིག;རིགས;རིམས;རུག;རོག;རྟགས;རྟོག;རྟོགས;རྡལ;རྡེག;རྡོག;རྣོ;རྩ;རྫི;ལག;ལང;ལས;ལུག;ལོག;ལྕགས;ལྷག;ཤོག;སར;སྐར;སྒྲོག;སྟག;སྟན;སྣ;སྣམ;སྣེ;སྣོད;སྤྱད;སྦྱང;སྦྱར;སྲོག;སློག	no	passed		ordinary_only	nonadmissible_observation	downgraded
རྣང	rnaṅ	CORPUS_987FBEB04DC6;CORPUS_7F051B17DE73;CORPUS_01025FAF5D30;SUFFIX_NG_TO_NDOT	ཀན;ཁབ;ཁར;ཁུང;ཁྲག;ཁྲམ;ཁྲལ;གཅད;གཏོང;གདན;གདུང;གདོང;གནོན;གསལ;གསུང;གྲང;གྲས;གླང;ཅིང;ཆག;ཆང;ཆད;ཆར;ཆུང;ཐང;ཐད;ཐབ;ཐབས;ཐམ;ཐར;ཐལ;ཐུང;ནག;ནགས;ནད;ནམ;ནུ;ནེ;ནོན;ནོར;པར;ཕག;ཕད;ཕན;ཕབ;ཕྱགས;ཕྱད;ཕྱིང;ཕྲན;བཏང;བཙན;བརྟགས;བརྡར;བརྩན;བྱད;བྱན;བྲང;བྲལ;མཐོང;མཚར;མཛད;ཙ;ཚགས;ཚང;ཚར;ཛ;ཟ;འཁར;ཡང;ཡན;རལ;རས;རིང;རྟགས;རྟོག;རྡལ;རྣོ;རྨང;རྩ;རྫི;ལག;ལང;ལས;ལུང;ལོང;སར;སེང;སྐར;སྐོང;སྐྱོང;སྟན;སྟེང;སྟོང;སྣ;སྣང;སྣམ;སྣེ;སྣོད;སྤྱང;སྤྱད;སྦྱང;སྦྱར;སྦྱོང;སྲིང	no	passed		ordinary_only	secure_independent_observation	retained
རྣམས	rnams	CORPUS_987FBEB04DC6;CORPUS_7F051B17DE73;CORPUS_01025FAF5D30;CORPUS_5683E9A09D00;CORPUS_F685D66CEF46	ཀན;ཁབ;ཁར;ཁུགས;ཁེབས;ཁོམ;ཁྱིམ;ཁྲག;ཁྲམ;ཁྲལ;ཁྲོམ;གཅད;གདན;གནོན;གཡོགས;གསལ;གསུམ;གྲས;གླང;ཆག;ཆགས;ཆང;ཆད;ཆར;ཐང;ཐད;ཐབ;ཐབས;ཐམ;ཐམས;ཐར;ཐལ;ཐུམ;ཐེབས;ཐེམ;ནག;ནགས;ནད;ནམ;ནུ;ནེ;ནོན;ནོར;པགས;པར;ཕག;ཕད;ཕན;ཕབ;ཕམ;ཕུགས;ཕྱགས;ཕྱད;ཕྱམ;ཕྲན;བཅོམ;བཙན;བརྟགས;བརྡར;བརྩན;བྱད;བྱན;བྲལ;མཚར;མཛད;ཙ;ཙམ;ཚགས;ཚར;ཚིམ;ཛ;ཟ;འཁར;ཡན;ཡུམ;རལ;རས;རིགས;རིམ;རིམས;རྟགས;རྟོག;རྟོགས;རྡལ;རྣོ;རྩ;རྫི;ལག;ལང;ལམ;ལས;ལྕགས;སར;སྐམ;སྐར;སྟན;སྡོམ;སྣ;སྣམ;སྣེ;སྣོད;སྤྱད;སྦྱང;སྦྱར	no	passed		ordinary_only	nonadmissible_observation	downgraded
རྣོགས	rnogs	CORPUS_987FBEB04DC6;CORPUS_7F051B17DE73;CORPUS_16D4A9AA0695;CORPUS_9A673562CD7A;CORPUS_F685D66CEF46	ཁུག;ཁུགས;ཁེབས;ཁོག;ཁོལ;ཁྱག;ཁྲག;ཁྲོག;ཁྲོད;ཁྲོམ;ཁྲོལ;གཅོད;གཏོར;གདོང;གདོན;གནོན;གཡོག;གཡོགས;གསོལ;གོ;གྲོ;གྲོས;ངོས;ཅིག;ཅོ;ཅོག;ཆག;ཆགས;ཆུག;ཆོག;ཏིག;ཏོག;ཐབས;ཐམས;ཐེག;ཐེབས;ཐོ;ཐོག;ཐོད;ཐོན;ཐོབ;ཐོར;དམག;དོ;དྲེག;དྲོ;ནག;ནགས;ནད;ནམ;ནུ;ནེ;ནོན;ནོར;པག;པགས;པོར;ཕག;ཕུག;ཕུགས;ཕོག;ཕོད;ཕོན;ཕོར;བདག;བརྟགས;བརྟོལ;བརྡར;བརྩན;བརྩོན;བསྐོར;བྲག;མགྲོན;མཆོད;མཛོད;ཚག;ཚགས;ཚོལ;ཚོས;ཟུག;ཟོར;འཁོར;ཡིག;ཡོན;ཡོལ;རིག;རིགས;རིམས;རུག;རོ;རོག;རྟོག;རྟོགས;རྡེག;རྡོག;རྡོལ;རྣོ;རྩ;རྫི;ལག;ལུག;ལོ;ལོག;ལོང;ལྕགས;ལྷག;ཤོག;ཤོད;སོ;སོར;སྐོར;སྒྲོག;སྟག;སྟོང;སྟོན;སྣམ;སྣེ;སྣོད;སྤྱོད;སྦྱོང;སྦྱོར;སྲོག;སློག	no	passed		ordinary_only	nonadmissible_observation	downgraded
རྣོན	rnon	CORPUS_987FBEB04DC6;CORPUS_7F051B17DE73;CORPUS_16D4A9AA0695;CORPUS_76CFA3FCFF21	ཀན;ཁོག;ཁོན;ཁོལ;ཁྲོག;ཁྲོད;ཁྲོན;ཁྲོམ;ཁྲོལ;གཅོད;གཏོར;གདོང;གདོན;གནོན;གསོལ;གོ;གྲོ;གྲོས;ངོས;ཅོ;ཅོག;ཆུན;ཆེན;ཆོག;ཏོག;ཐུན;ཐེན;ཐོ;ཐོག;ཐོད;ཐོན;ཐོབ;ཐོར;དམན;དོ;དྲོ;ནག;ནགས;ནད;ནམ;ནུ;ནེ;ནོན;ནོར;པན;པོར;ཕན;ཕོག;ཕོད;ཕོན;ཕོར;ཕྱིན;ཕྲན;བཙན;བརྟགས;བརྟོལ;བརྡར;བརྩན;བརྩོན;བསྐོར;བྱན;བྱིན;བྲན;བློན;མཁན;མགྲོན;མཆོད;མཐུན;མཛོད;ཚུན;ཚོལ;ཚོས;ཟན;ཟོར;འཁོར;ཡན;ཡིན;ཡོན;ཡོལ;རོ;རོག;རྒྱུན;རྟོག;རྟོགས;རྡོག;རྡོལ;རྣོ;རྩ;རྩེན;རྫི;ལེན;ལོ;ལོག;ལོང;ཤན;ཤོད;སོ;སོར;སྐོར;སྟན;སྟོང;སྟོན;སྣམ;སྣེ;སྣོད;སྤྱན;སྤྱོད;སྦྱོང;སྦྱོར	no	passed		ordinary_only	secure_independent_observation	retained
རྣོར	rnor	CORPUS_987FBEB04DC6;CORPUS_7F051B17DE73;CORPUS_16D4A9AA0695;CORPUS_6783C3DA00D4	ཀར;ཁར;ཁེར;ཁོག;ཁོལ;ཁྲོག;ཁྲོད;ཁྲོམ;ཁྲོལ;གཅོད;གཏོར;གདོང;གདོན;གནོན;གསར;གསོལ;གོ;གྲོ;གྲོས;ངོས;ཅོ;ཅོག;ཆར;ཆེར;ཆོག;ཏོག;ཐར;ཐུར;ཐེར;ཐོ;ཐོག;ཐོད;ཐོན;ཐོབ;ཐོར;དོ;དྲོ;ནག;ནགས;ནད;ནམ;ནུ;ནེ;ནོན;ནོར;པར;པོར;ཕུར;ཕོག;ཕོད;ཕོན;ཕོར;ཕྱར;བདར;བརྟགས;བརྟོལ;བརྡར;བརྩན;བརྩོན;བསྐོར;མཁར;མགྲོན;མཆོད;མཛོད;ཚར;ཚུར;ཚོལ;ཚོས;ཟུར;ཟེར;ཟོར;འཁོར;འབར;ཡར;ཡོན;ཡོལ;རོ;རོག;རྟོག;རྟོགས;རྡོག;རྡོལ;རྣོ;རྩ;རྫི;ལོ;ལོག;ལོང;ཤོད;ཤོར;སེར;སོ;སོར;སྐར;སྐོར;སྟེར;སྟོང;སྟོན;སྣམ;སྣེ;སྣོད;སྤྱོད;སྦྱར;སྦྱོང;སྦྱོར	no	passed		ordinary_only	nonadmissible_observation	downgraded
རྦ	rba	CORPUS_987FBEB04DC6;CORPUS_B453155DE050;CORPUS_01025FAF5D30	ཀན;ཁབ;ཁར;ཁྲག;ཁྲམ;ཁྲལ;གཅད;གདན;གསལ;གྲས;གླང;ཆག;ཆང;ཆད;ཆར;ཐང;ཐད;ཐབ;ཐབས;ཐམ;ཐར;ཐལ;པར;ཕག;ཕད;ཕན;ཕབ;ཕྱགས;ཕྱད;ཕྲན;བཙན;བརྟགས;བརྡར;བརྩན;བྱད;བྱན;བྱི;བྱིན;བྱེད;བྲག;བྲང;བྲན;བྲལ;བྲོ;བླང;མཚར;མཛད;ཙ;ཚགས;ཚར;ཛ;ཟ;འཁར;འབར;ཡན;རལ;རས;རྟགས;རྟོག;རྡལ;རྩ;རྫི;ལག;ལང;ལས;སར;སྐར;སྟན;སྣ;སྤྱད;སྦྱང;སྦྱར;སྦྱོང	no	passed		ordinary_only	secure_independent_observation	retained
རྦད	rbad	CORPUS_987FBEB04DC6;CORPUS_B453155DE050;CORPUS_01025FAF5D30;CORPUS_DDC164B090C8	ཀན;ཁབ;ཁར;ཁྱད;ཁྲག;ཁྲམ;ཁྲལ;ཁྲོད;གཅད;གདན;གསལ;གྲས;གླང;ཆག;ཆང;ཆད;ཆར;ཆུད;ཐང;ཐད;ཐབ;ཐབས;ཐམ;ཐར;ཐལ;ཐེད;ཐོད;དྲོད;ནད;པད;པར;ཕག;ཕད;ཕན;ཕབ;ཕུད;ཕོད;ཕྱགས;ཕྱད;ཕྱེད;ཕྲད;ཕྲན;བཙན;བརྟགས;བརྡར;བརྩན;བྱད;བྱན;བྱི;བྱིན;བྱེད;བྲག;བྲང;བྲན;བྲལ;བྲེད;བྲོ;བླང;མཐུད;མཚར;མཛད;ཙ;ཚགས;ཚར;ཚུད;ཛ;ཟ;འཁར;འབར;ཡན;ཡོད;རལ;རས;རྒོད;རྒྱུད;རྟགས;རྟོག;རྡལ;རྩ;རྩེད;རྫི;ལག;ལང;ལས;ཤེད;ཤོད;སར;སྐད;སྐར;སྐྱིད;སྐྱེད;སྟན;སྟོད;སྡོད;སྣ;སྤྱད;སྦྱང;སྦྱར;སྦྱོང;སྲིད	no	passed		ordinary_only	secure_independent_observation	retained
རྦབ	rbab	CORPUS_987FBEB04DC6;CORPUS_B453155DE050;CORPUS_01025FAF5D30;CORPUS_0C6592BB5CEF	ཀན;ཁབ;ཁར;ཁེབ;ཁྱབ;ཁྲག;ཁྲབ;ཁྲམ;ཁྲལ;གཅད;གདན;གདུབ;གསལ;གྲས;གྲུབ;གླང;ཆག;ཆང;ཆད;ཆར;ཐང;ཐད;ཐབ;ཐབས;ཐམ;ཐར;ཐལ;ཐུབ;ཐེབ;ཐོབ;པར;ཕག;ཕད;ཕན;ཕབ;ཕུབ;ཕྱགས;ཕྱད;ཕྲན;བཏབ;བཙན;བརྟགས;བརྡབ;བརྡར;བརྩན;བྱད;བྱན;བྱི;བྱིན;བྱེད;བྲག;བྲང;བྲན;བྲལ;བྲོ;བླང;མཚར;མཛད;ཙ;ཚགས;ཚབ;ཚར;ཛ;ཟ;འཁར;འབབ;འབར;ཡན;ཡབ;རབ;རལ;རས;རྟགས;རྟོག;རྡལ;རྩ;རྫི;ལག;ལང;ལས;ལེབ;སར;སྐར;སྐྱོབ;སྟན;སྡེབ;སྣ;སྤྱད;སྦྱང;སྦྱར;སྦྱོང;སློབ	no	passed		ordinary_only	secure_independent_observation	retained
རྦས	rbas	CORPUS_987FBEB04DC6;CORPUS_B453155DE050;CORPUS_01025FAF5D30;CORPUS_735B62E02527	ཀན;ཁབ;ཁར;ཁྲག;ཁྲམ;ཁྲལ;གཅད;གདན;གསལ;གྲས;གྲོས;གླང;ངོས;ཆག;ཆང;ཆད;ཆར;ཆོས;ཐང;ཐད;ཐབ;ཐབས;ཐམ;ཐར;ཐལ;ཐོས;པར;པོས;ཕག;ཕད;ཕན;ཕབ;ཕྱགས;ཕྱད;ཕྱིས;ཕྲན;བཅོས;བཙན;བརྟགས;བརྡར;བརྩན;བསྡུས;བྱད;བྱན;བྱི;བྱིན;བྱེད;བྲག;བྲང;བྲན;བྲལ;བྲོ;བླང;མཁས;མཚར;མཛད;ཙ;ཚགས;ཚར;ཚོས;ཛ;ཟ;ཟས;འཁར;འབར;ཡན;ཡས;རལ;རས;རིས;རུས;རྟགས;རྟོག;རྡལ;རྡོས;རྩ;རྫི;ལག;ལང;ལས;ལུས;ལྷས;ཤས;སར;སྐར;སྐྱེས;སྟན;སྣ;སྤྱད;སྦྱང;སྦྱར;སྦྱོང	no	passed		ordinary_only	nonadmissible_observation	downgraded
རྦོད	rbod	CORPUS_987FBEB04DC6;CORPUS_B453155DE050;CORPUS_16D4A9AA0695;CORPUS_DDC164B090C8	ཁོག;ཁོལ;ཁྱད;ཁྲོག;ཁྲོད;ཁྲོམ;ཁྲོལ;གཅོད;གཏོར;གདོང;གདོན;གསོལ;གོ;གྲོ;གྲོས;ངོས;ཅོ;ཅོག;ཆད;ཆུད;ཆོག;ཏོག;ཐད;ཐེད;ཐོ;ཐོག;ཐོད;ཐོན;ཐོབ;ཐོར;དོ;དྲོ;དྲོད;ནད;པད;པོར;ཕད;ཕུད;ཕོག;ཕོད;ཕོན;ཕོར;ཕྱད;ཕྱེད;ཕྲད;བརྟགས;བརྟོལ;བརྡར;བརྩན;བརྩོན;བསྐོར;བྱད;བྱི;བྱིན;བྱེད;བྲག;བྲང;བྲན;བྲལ;བྲེད;བྲོ;བླང;མགྲོན;མཆོད;མཐུད;མཛོད;ཚུད;ཚོལ;ཚོས;ཟོར;འཁོར;འབར;ཡོད;ཡོན;ཡོལ;རོ;རོག;རྒོད;རྒྱུད;རྟོག;རྟོགས;རྡོག;རྡོལ;རྩ;རྩེད;རྫི;ལོ;ལོག;ལོང;ཤེད;ཤོད;སོ;སོར;སྐད;སྐོར;སྐྱིད;སྐྱེད;སྟོང;སྟོད;སྟོན;སྡོད;སྤྱད;སྤྱོད;སྦྱང;སྦྱོང;སྦྱོར;སྲིད	no	passed		ordinary_only	secure_independent_observation	retained
རྨག	rmag	CORPUS_987FBEB04DC6;CORPUS_6C68775C4C70;CORPUS_01025FAF5D30;CORPUS_9A673562CD7A	ཀན;ཁབ;ཁར;ཁུག;ཁོག;ཁྱག;ཁྲག;ཁྲམ;ཁྲལ;ཁྲོག;གཅད;གདན;གཡོག;གསལ;གྲས;གླང;ཅིག;ཅོག;ཆག;ཆང;ཆད;ཆར;ཆུག;ཆོག;ཏིག;ཐང;ཐད;ཐབ;ཐབས;ཐམ;ཐར;ཐལ;ཐེག;ཐོག;དམག;དྲེག;ནག;པག;པར;ཕག;ཕད;ཕན;ཕབ;ཕུག;ཕོག;ཕྱགས;ཕྱད;ཕྲན;བདག;བཙན;བརྟགས;བརྡར;བརྩན;བྱད;བྱན;བྲག;བྲལ;མཚར;མཛད;མོ;ཙ;ཚག;ཚགས;ཚར;ཛ;ཟ;ཟུག;འཁར;ཡན;ཡིག;རལ;རས;རིག;རིགས;རུག;རོག;རྟགས;རྟོག;རྡལ;རྡེག;རྡོག;རྨ;རྨང;རྩ;རྫི;ལག;ལང;ལས;ལུག;ལོག;ལྷག;ཤོག;སར;སྐར;སྒྲོག;སྟག;སྟན;སྣ;སྤྱད;སྦྱང;སྦྱར;སྨད;སྨྲ;སྲོག;སློག	no	passed		ordinary_only	nonadmissible_observation	downgraded
རྨད	rmad	CORPUS_987FBEB04DC6;CORPUS_6C68775C4C70;CORPUS_01025FAF5D30;CORPUS_DDC164B090C8	ཀན;ཁབ;ཁར;ཁྱད;ཁྲག;ཁྲམ;ཁྲལ;ཁྲོད;གཅད;གདན;གསལ;གྲས;གླང;ཆག;ཆང;ཆད;ཆར;ཆུད;ཐང;ཐད;ཐབ;ཐབས;ཐམ;ཐར;ཐལ;ཐེད;ཐོད;དྲོད;ནད;པད;པར;ཕག;ཕད;ཕན;ཕབ;ཕུད;ཕོད;ཕྱགས;ཕྱད;ཕྱེད;ཕྲད;ཕྲན;བཙན;བརྟགས;བརྡར;བརྩན;བྱད;བྱན;བྲལ;བྲེད;མཐུད;མཚར;མཛད;མོ;ཙ;ཚགས;ཚར;ཚུད;ཛ;ཟ;འཁར;ཡན;ཡོད;རལ;རས;རྒོད;རྒྱུད;རྟགས;རྟོག;རྡལ;རྨ;རྨང;རྩ;རྩེད;རྫི;ལག;ལང;ལས;ཤེད;ཤོད;སར;སྐད;སྐར;སྐྱིད;སྐྱེད;སྟན;སྟོད;སྡོད;སྣ;སྤྱད;སྦྱང;སྦྱར;སྨད;སྨྲ;སྲིད	no	passed		ordinary_only	secure_independent_observation	retained
རྨན	rman	CORPUS_987FBEB04DC6;CORPUS_6C68775C4C70;CORPUS_01025FAF5D30;CORPUS_76CFA3FCFF21	ཀན;ཁབ;ཁར;ཁོན;ཁྲག;ཁྲམ;ཁྲལ;ཁྲོན;གཅད;གདན;གདོན;གསལ;གྲས;གླང;ཆག;ཆང;ཆད;ཆར;ཆུན;ཆེན;ཐང;ཐད;ཐབ;ཐབས;ཐམ;ཐར;ཐལ;ཐུན;ཐེན;ཐོན;དམན;ནོན;པན;པར;ཕག;ཕད;ཕན;ཕབ;ཕོན;ཕྱགས;ཕྱད;ཕྱིན;ཕྲན;བཙན;བརྟགས;བརྡར;བརྩན;བྱད;བྱན;བྱིན;བྲན;བྲལ;བློན;མཁན;མཐུན;མཚར;མཛད;མོ;ཙ;ཚགས;ཚར;ཚུན;ཛ;ཟ;ཟན;འཁར;ཡན;ཡིན;ཡོན;རལ;རས;རྒྱུན;རྟགས;རྟོག;རྡལ;རྨ;རྨང;རྩ;རྩེན;རྫི;ལག;ལང;ལས;ལེན;ཤན;སར;སྐར;སྟན;སྟོན;སྣ;སྤྱད;སྤྱན;སྦྱང;སྦྱར;སྨད;སྨྲ	no	passed		ordinary_only	nonadmissible_observation	downgraded
རྨས	rmas	CORPUS_987FBEB04DC6;CORPUS_6C68775C4C70;CORPUS_01025FAF5D30;CORPUS_735B62E02527	ཀན;ཁབ;ཁར;ཁྲག;ཁྲམ;ཁྲལ;གཅད;གདན;གསལ;གྲས;གྲོས;གླང;ངོས;ཆག;ཆང;ཆད;ཆར;ཆོས;ཐང;ཐད;ཐབ;ཐབས;ཐམ;ཐར;ཐལ;ཐོས;པར;པོས;ཕག;ཕད;ཕན;ཕབ;ཕྱགས;ཕྱད;ཕྱིས;ཕྲན;བཅོས;བཙན;བརྟགས;བརྡར;བརྩན;བསྡུས;བྱད;བྱན;བྲལ;མཁས;མཚར;མཛད;མོ;ཙ;ཚགས;ཚར;ཚོས;ཛ;ཟ;ཟས;འཁར;ཡན;ཡས;རལ;རས;རིས;རུས;རྟགས;རྟོག;རྡལ;རྡོས;རྨ;རྨང;རྩ;རྫི;ལག;ལང;ལས;ལུས;ལྷས;ཤས;སར;སྐར;སྐྱེས;སྟན;སྣ;སྤྱད;སྦྱང;སྦྱར;སྨད;སྨྲ	no	passed		ordinary_only	nonadmissible_observation	downgraded
རྨི	rmi	CORPUS_987FBEB04DC6;CORPUS_6C68775C4C70;CORPUS_63EB474B7A3F	ཀི;ཁྲིད;གི;གྲི;གླིང;ཅི;ཅིག;ཆིག;ཏི;ཏིག;ཐིག;ཕྲིན;བརྟགས;བརྡར;བརྩན;བྱིན;མགྲིན;མོ;ཙི;ཚིགས;ཚིལ;ཛི;ཡི;ཡིན;རི;རིག;རིལ;རིས;རྟོག;རྨ;རྨང;རྩ;རྫི;ལིང;སྐྱིད;སྐྱིལ;སྨད;སྨྲ;སྲིང	no	passed		ordinary_only	secure_independent_observation	retained
རྨིག	rmig	CORPUS_987FBEB04DC6;CORPUS_6C68775C4C70;CORPUS_63EB474B7A3F;CORPUS_9A673562CD7A	ཀི;ཁུག;ཁོག;ཁྱག;ཁྲག;ཁྲིད;ཁྲོག;གཡོག;གི;གྲི;གླིང;ཅི;ཅིག;ཅོག;ཆག;ཆིག;ཆུག;ཆོག;ཏི;ཏིག;ཐིག;ཐེག;ཐོག;དམག;དྲེག;ནག;པག;ཕག;ཕུག;ཕོག;ཕྲིན;བདག;བརྟགས;བརྡར;བརྩན;བྱིན;བྲག;མགྲིན;མོ;ཙི;ཚག;ཚིགས;ཚིལ;ཛི;ཟུག;ཡི;ཡིག;ཡིན;རི;རིག;རིགས;རིལ;རིས;རུག;རོག;རྟོག;རྡེག;རྡོག;རྨ;རྨང;རྩ;རྫི;ལག;ལིང;ལུག;ལོག;ལྷག;ཤོག;སྐྱིད;སྐྱིལ;སྒྲོག;སྟག;སྨད;སྨྲ;སྲིང;སྲོག;སློག	no	passed		ordinary_only	secure_independent_observation	retained
རྨུ	rmu	CORPUS_987FBEB04DC6;CORPUS_6C68775C4C70;CORPUS_84A74DBDD722	ཀུན;ཁུག;ཁུལ;གདུང;གུ;གྲུ;ཆུག;ཆུང;ཆུད;ཆུན;ཐུ;ཐུང;ཐུན;ཐུབ;ཐུམ;ཐུར;ཐུལ;དུ;དྲུག;ནུ;ཕུག;ཕུད;ཕུབ;ཕུར;ཕྱུགས;བཙུན;བརྟགས;བརྟུལ;བརྡར;བརྩན;བསྐུར;མཚུར;མོ;ཚུགས;ཚུར;ཚུལ;ཟུར;ཡུལ;རུག;རུས;རྟོག;རྡུལ;རྨ;རྨང;རྩ;རྫི;ལུ;ལུག;ལུང;ལུས;སྨད;སྨྲ;སྲུང	no	passed		ordinary_only	nonadmissible_observation	downgraded
རྨུག	rmug	CORPUS_987FBEB04DC6;CORPUS_6C68775C4C70;CORPUS_84A74DBDD722;CORPUS_9A673562CD7A	ཀུན;ཁུག;ཁུལ;ཁོག;ཁྱག;ཁྲག;ཁྲོག;གདུང;གཡོག;གུ;གྲུ;ཅིག;ཅོག;ཆག;ཆུག;ཆུང;ཆུད;ཆུན;ཆོག;ཏིག;ཐུ;ཐུང;ཐུན;ཐུབ;ཐུམ;ཐུར;ཐུལ;ཐེག;ཐོག;དམག;དུ;དྲུག;དྲེག;ནག;ནུ;པག;ཕག;ཕུག;ཕུད;ཕུབ;ཕུར;ཕོག;ཕྱུགས;བདག;བཙུན;བརྟགས;བརྟུལ;བརྡར;བརྩན;བསྐུར;བྲག;མཚུར;མོ;ཚག;ཚུགས;ཚུར;ཚུལ;ཟུག;ཟུར;ཡིག;ཡུལ;རིག;རིགས;རུག;རུས;རོག;རྟོག;རྡུལ;རྡེག;རྡོག;རྨ;རྨང;རྩ;རྫི;ལག;ལུ;ལུག;ལུང;ལུས;ལོག;ལྷག;ཤོག;སྒྲོག;སྟག;སྨད;སྨྲ;སྲུང;སྲོག;སློག	no	passed		ordinary_only	secure_independent_observation	retained
རྨུགས	rmugs	CORPUS_987FBEB04DC6;CORPUS_6C68775C4C70;CORPUS_84A74DBDD722;CORPUS_9A673562CD7A;CORPUS_F685D66CEF46	ཀུན;ཁུག;ཁུགས;ཁུལ;ཁེབས;ཁོག;ཁྱག;ཁྲག;ཁྲོག;གདུང;གཡོག;གཡོགས;གུ;གྲུ;ཅིག;ཅོག;ཆག;ཆགས;ཆུག;ཆུང;ཆུད;ཆུན;ཆོག;ཏིག;ཐབས;ཐམས;ཐུ;ཐུང;ཐུན;ཐུབ;ཐུམ;ཐུར;ཐུལ;ཐེག;ཐེབས;ཐོག;དམག;དུ;དྲུག;དྲེག;ནག;ནགས;ནུ;པག;པགས;ཕག;ཕུག;ཕུགས;ཕུད;ཕུབ;ཕུར;ཕོག;ཕྱུགས;བདག;བཙུན;བརྟགས;བརྟུལ;བརྡར;བརྩན;བསྐུར;བྲག;མཚུར;མོ;ཚག;ཚགས;ཚུགས;ཚུར;ཚུལ;ཟུག;ཟུར;ཡིག;ཡུལ;རིག;རིགས;རིམས;རུག;རུས;རོག;རྟོག;རྟོགས;རྡུལ;རྡེག;རྡོག;རྨ;རྨང;རྩ;རྫི;ལག;ལུ;ལུག;ལུང;ལུས;ལོག;ལྕགས;ལྷག;ཤོག;སྒྲོག;སྟག;སྨད;སྨྲ;སྲུང;སྲོག;སློག	no	passed		ordinary_only	nonadmissible_observation	downgraded
རྨུར	rmur	CORPUS_987FBEB04DC6;CORPUS_6C68775C4C70;CORPUS_84A74DBDD722;CORPUS_6783C3DA00D4	ཀར;ཀུན;ཁར;ཁུག;ཁུལ;ཁེར;གཏོར;གདུང;གསར;གུ;གྲུ;ཆར;ཆུག;ཆུང;ཆུད;ཆུན;ཆེར;ཐར;ཐུ;ཐུང;ཐུན;ཐུབ;ཐུམ;ཐུར;ཐུལ;ཐེར;ཐོར;དུ;དྲུག;ནུ;ནོར;པར;པོར;ཕུག;ཕུད;ཕུབ;ཕུར;ཕོར;ཕྱར;ཕྱུགས;བདར;བཙུན;བརྟགས;བརྟུལ;བརྡར;བརྩན;བསྐུར;མཁར;མཚུར;མོ;ཚར;ཚུགས;ཚུར;ཚུལ;ཟུར;ཟེར;འཁོར;འབར;ཡར;ཡུལ;རུག;རུས;རྟོག;རྡུལ;རྨ;རྨང;རྩ;རྫི;ལུ;ལུག;ལུང;ལུས;ཤོར;སེར;སོར;སྐར;སྐོར;སྟེར;སྦྱར;སྦྱོར;སྨད;སྨྲ;སྲུང	no	passed		ordinary_only	nonadmissible_observation	downgraded
རྨུས	rmus	CORPUS_987FBEB04DC6;CORPUS_6C68775C4C70;CORPUS_84A74DBDD722;CORPUS_735B62E02527	ཀུན;ཁུག;ཁུལ;གདུང;གུ;གྲས;གྲུ;གྲོས;ངོས;ཆུག;ཆུང;ཆུད;ཆུན;ཆོས;ཐུ;ཐུང;ཐུན;ཐུབ;ཐུམ;ཐུར;ཐུལ;ཐོས;དུ;དྲུག;ནུ;པོས;ཕུག;ཕུད;ཕུབ;ཕུར;ཕྱིས;ཕྱུགས;བཅོས;བཙུན;བརྟགས;བརྟུལ;བརྡར;བརྩན;བསྐུར;བསྡུས;མཁས;མཚུར;མོ;ཚུགས;ཚུར;ཚུལ;ཚོས;ཟས;ཟུར;ཡས;ཡུལ;རས;རིས;རུག;རུས;རྟོག;རྡུལ;རྡོས;རྨ;རྨང;རྩ;རྫི;ལས;ལུ;ལུག;ལུང;ལུས;ལྷས;ཤས;སྐྱེས;སྨད;སྨྲ;སྲུང	no	passed		ordinary_only	nonadmissible_observation	downgraded
རྨོ	rmo	CORPUS_987FBEB04DC6;CORPUS_6C68775C4C70;CORPUS_16D4A9AA0695	ཁོག;ཁོལ;ཁྲོག;ཁྲོད;ཁྲོམ;ཁྲོལ;གཅོད;གཏོར;གདོང;གདོན;གསོལ;གོ;གྲོ;གྲོས;ངོས;ཅོ;ཅོག;ཆོག;ཏོག;ཐོ;ཐོག;ཐོད;ཐོན;ཐོབ;ཐོར;དོ;དྲོ;པོར;ཕོག;ཕོད;ཕོན;ཕོར;བརྟགས;བརྟོལ;བརྡར;བརྩན;བརྩོན;བསྐོར;མགྲོན;མཆོད;མཛོད;མོ;ཚོལ;ཚོས;ཟོར;འཁོར;ཡོན;ཡོལ;རོ;རོག;རྟོག;རྟོགས;རྡོག;རྡོལ;རྨ;རྨང;རྩ;རྫི;ལོ;ལོག;ལོང;ཤོད;སོ;སོར;སྐོར;སྟོང;སྟོན;སྤྱོད;སྦྱོང;སྦྱོར;སྨད;སྨྲ	no	passed		ordinary_only	secure_independent_observation	retained
རྨོག	rmog	CORPUS_987FBEB04DC6;CORPUS_6C68775C4C70;CORPUS_16D4A9AA0695;CORPUS_9A673562CD7A	ཁུག;ཁོག;ཁོལ;ཁྱག;ཁྲག;ཁྲོག;ཁྲོད;ཁྲོམ;ཁྲོལ;གཅོད;གཏོར;གདོང;གདོན;གཡོག;གསོལ;གོ;གྲོ;གྲོས;ངོས;ཅིག;ཅོ;ཅོག;ཆག;ཆུག;ཆོག;ཏིག;ཏོག;ཐེག;ཐོ;ཐོག;ཐོད;ཐོན;ཐོབ;ཐོར;དམག;དོ;དྲེག;དྲོ;ནག;པག;པོར;ཕག;ཕུག;ཕོག;ཕོད;ཕོན;ཕོར;བདག;བརྟགས;བརྟོལ;བརྡར;བརྩན;བརྩོན;བསྐོར;བྲག;མགྲོན;མཆོད;མཛོད;མོ;ཚག;ཚོལ;ཚོས;ཟུག;ཟོར;འཁོར;ཡིག;ཡོན;ཡོལ;རིག;རིགས;རུག;རོ;རོག;རྟོག;རྟོགས;རྡེག;རྡོག;རྡོལ;རྨ;རྨང;རྩ;རྫི;ལག;ལུག;ལོ;ལོག;ལོང;ལྷག;ཤོག;ཤོད;སོ;སོར;སྐོར;སྒྲོག;སྟག;སྟོང;སྟོན;སྤྱོད;སྦྱོང;སྦྱོར;སྨད;སྨྲ;སྲོག;སློག	no	passed		ordinary_only	secure_independent_observation	retained
རྨོངས	rmoṅs	CORPUS_987FBEB04DC6;CORPUS_6C68775C4C70;CORPUS_16D4A9AA0695;SUFFIX_NG_TO_NDOT;CORPUS_F685D66CEF46	ཁུགས;ཁུང;ཁེབས;ཁོག;ཁོལ;ཁྲོག;ཁྲོད;ཁྲོམ;ཁྲོལ;གཅོད;གཏོང;གཏོར;གདུང;གདོང;གདོན;གཡོགས;གསུང;གསོལ;གོ;གྲང;གྲོ;གྲོས;ངོས;ཅིང;ཅོ;ཅོག;ཆགས;ཆང;ཆུང;ཆོག;ཏོག;ཐང;ཐབས;ཐམས;ཐུང;ཐེབས;ཐོ;ཐོག;ཐོད;ཐོན;ཐོབ;ཐོར;དོ;དྲོ;ནགས;པགས;པོར;ཕུགས;ཕོག;ཕོད;ཕོན;ཕོར;ཕྱིང;བཏང;བརྟགས;བརྟོལ;བརྡར;བརྩན;བརྩོན;བསྐོར;བྲང;མགྲོན;མཆོད;མཐོང;མཛོད;མོ;ཚགས;ཚང;ཚོལ;ཚོས;ཟོར;འཁོར;ཡང;ཡོན;ཡོལ;རིགས;རིང;རིམས;རོ;རོག;རྟོག;རྟོགས;རྡོག;རྡོལ;རྨ;རྨང;རྩ;རྫི;ལང;ལུང;ལོ;ལོག;ལོང;ལྕགས;ཤོད;སེང;སོ;སོར;སྐོང;སྐོར;སྐྱོང;སྟེང;སྟོང;སྟོན;སྣང;སྤྱང;སྤྱོད;སྦྱང;སྦྱོང;སྦྱོར;སྨད;སྨྲ;སྲིང	no	passed		ordinary_only	nonadmissible_observation	downgraded
རྨོད	rmod	CORPUS_987FBEB04DC6;CORPUS_6C68775C4C70;CORPUS_16D4A9AA0695;CORPUS_DDC164B090C8	ཁོག;ཁོལ;ཁྱད;ཁྲོག;ཁྲོད;ཁྲོམ;ཁྲོལ;གཅོད;གཏོར;གདོང;གདོན;གསོལ;གོ;གྲོ;གྲོས;ངོས;ཅོ;ཅོག;ཆད;ཆུད;ཆོག;ཏོག;ཐད;ཐེད;ཐོ;ཐོག;ཐོད;ཐོན;ཐོབ;ཐོར;དོ;དྲོ;དྲོད;ནད;པད;པོར;ཕད;ཕུད;ཕོག;ཕོད;ཕོན;ཕོར;ཕྱད;ཕྱེད;ཕྲད;བརྟགས;བརྟོལ;བརྡར;བརྩན;བརྩོན;བསྐོར;བྱད;བྲེད;མགྲོན;མཆོད;མཐུད;མཛོད;མོ;ཚུད;ཚོལ;ཚོས;ཟོར;འཁོར;ཡོད;ཡོན;ཡོལ;རོ;རོག;རྒོད;རྒྱུད;རྟོག;རྟོགས;རྡོག;རྡོལ;རྨ;རྨང;རྩ;རྩེད;རྫི;ལོ;ལོག;ལོང;ཤེད;ཤོད;སོ;སོར;སྐད;སྐོར;སྐྱིད;སྐྱེད;སྟོང;སྟོད;སྟོན;སྡོད;སྤྱད;སྤྱོད;སྦྱོང;སྦྱོར;སྨད;སྨྲ;སྲིད	no	passed		ordinary_only	nonadmissible_observation	downgraded
རྨོན	rmon	CORPUS_987FBEB04DC6;CORPUS_6C68775C4C70;CORPUS_16D4A9AA0695;CORPUS_76CFA3FCFF21	ཀན;ཁོག;ཁོན;ཁོལ;ཁྲོག;ཁྲོད;ཁྲོན;ཁྲོམ;ཁྲོལ;གཅོད;གཏོར;གདོང;གདོན;གསོལ;གོ;གྲོ;གྲོས;ངོས;ཅོ;ཅོག;ཆུན;ཆེན;ཆོག;ཏོག;ཐུན;ཐེན;ཐོ;ཐོག;ཐོད;ཐོན;ཐོབ;ཐོར;དམན;དོ;དྲོ;ནོན;པན;པོར;ཕན;ཕོག;ཕོད;ཕོན;ཕོར;ཕྱིན;ཕྲན;བཙན;བརྟགས;བརྟོལ;བརྡར;བརྩན;བརྩོན;བསྐོར;བྱན;བྱིན;བྲན;བློན;མཁན;མགྲོན;མཆོད;མཐུན;མཛོད;མོ;ཚུན;ཚོལ;ཚོས;ཟན;ཟོར;འཁོར;ཡན;ཡིན;ཡོན;ཡོལ;རོ;རོག;རྒྱུན;རྟོག;རྟོགས;རྡོག;རྡོལ;རྨ;རྨང;རྩ;རྩེན;རྫི;ལེན;ལོ;ལོག;ལོང;ཤན;ཤོད;སོ;སོར;སྐོར;སྟན;སྟོང;སྟོན;སྤྱན;སྤྱོད;སྦྱོང;སྦྱོར;སྨད;སྨྲ	no	passed		ordinary_only	nonadmissible_observation	downgraded
རྨཾ	rma			no	insufficient		ordinary_only	no_feature_target	downgraded
རླག	rlag	CORPUS_5BE28982C775;CORPUS_ED2342564FDA;CORPUS_01025FAF5D30;CORPUS_9A673562CD7A	ཀན;ཀློང;ཁབ;ཁར;ཁུག;ཁོག;ཁྱག;ཁྲག;ཁྲམ;ཁྲལ;ཁྲོག;གཅད;གདན;གཡོག;གསལ;གྲས;གླང;གླུ;ཅིག;ཅོག;ཆག;ཆང;ཆད;ཆར;ཆུག;ཆོག;ཏིག;ཐང;ཐད;ཐབ;ཐབས;ཐམ;ཐར;ཐལ;ཐེག;ཐོག;དམག;དྲེག;ནག;པག;པར;ཕག;ཕད;ཕན;ཕབ;ཕུག;ཕོག;ཕྱགས;ཕྱད;ཕྲན;བདག;བཙན;བརྩན;བྱད;བྱན;བྲག;བྲལ;བླང;བློ;མཚར;མཛད;ཙ;ཚག;ཚགས;ཚར;ཛ;ཟ;ཟུག;ཟླ;འཁར;ཡན;ཡིག;རབ;རལ;རས;རི;རིག;རིགས;རིང;རིམ;རིལ;རུག;རུས;རོ;རོག;རྟགས;རྡལ;རྡེག;རྡོག;ལག;ལང;ལས;ལུག;ལོག;ལྷག;ཤོག;སར;སྐར;སྒྲོག;སྟག;སྟན;སྣ;སྤྱད;སྦྱང;སྦྱར;སྲོག;སློག	no	passed		ordinary_only	secure_independent_observation	retained
རླབས	rlabs	CORPUS_5BE28982C775;CORPUS_ED2342564FDA;CORPUS_01025FAF5D30;CORPUS_0C6592BB5CEF;CORPUS_F685D66CEF46	ཀན;ཀློང;ཁབ;ཁར;ཁུགས;ཁེབ;ཁེབས;ཁྱབ;ཁྲག;ཁྲབ;ཁྲམ;ཁྲལ;གཅད;གདན;གདུབ;གཡོགས;གསལ;གྲས;གྲུབ;གླང;གླུ;ཆག;ཆགས;ཆང;ཆད;ཆར;ཐང;ཐད;ཐབ;ཐབས;ཐམ;ཐམས;ཐར;ཐལ;ཐུབ;ཐེབ;ཐེབས;ཐོབ;ནགས;པགས;པར;ཕག;ཕད;ཕན;ཕབ;ཕུགས;ཕུབ;ཕྱགས;ཕྱད;ཕྲན;བཏབ;བཙན;བརྟགས;བརྡབ;བརྩན;བྱད;བྱན;བྲལ;བླང;བློ;མཚར;མཛད;ཙ;ཚགས;ཚབ;ཚར;ཛ;ཟ;ཟླ;འཁར;འབབ;ཡན;ཡབ;རབ;རལ;རས;རི;རིག;རིགས;རིང;རིམ;རིམས;རིལ;རུག;རུས;རོ;རོག;རྟགས;རྟོགས;རྡལ;ལག;ལང;ལས;ལེབ;ལྕགས;སར;སྐར;སྐྱོབ;སྟན;སྡེབ;སྣ;སྤྱད;སྦྱང;སྦྱར;སློག;སློབ	no	passed		ordinary_only	secure_independent_observation	retained
རླུང	rluṅ	CORPUS_5BE28982C775;CORPUS_ED2342564FDA;CORPUS_84A74DBDD722;SUFFIX_NG_TO_NDOT	ཀུན;ཀློང;ཁུག;ཁུང;ཁུལ;གཏོང;གདུང;གདོང;གསུང;གུ;གྲང;གྲུ;གླང;གླུ;ཅིང;ཆང;ཆུག;ཆུང;ཆུད;ཆུན;ཐང;ཐུ;ཐུང;ཐུན;ཐུབ;ཐུམ;ཐུར;ཐུལ;དུ;དྲུག;ནུ;ཕུག;ཕུད;ཕུབ;ཕུར;ཕྱིང;ཕྱུགས;བཏང;བཙུན;བརྟུལ;བསྐུར;བྲང;བླང;བློ;མཐོང;མཚུར;ཚང;ཚུགས;ཚུར;ཚུལ;ཟུར;ཟླ;ཡང;ཡུལ;རབ;རལ;རས;རི;རིག;རིགས;རིང;རིམ;རིལ;རུག;རུས;རོ;རོག;རྡུལ;རྨང;ལང;ལུ;ལུག;ལུང;ལུས;ལོང;སེང;སྐོང;སྐྱོང;སྟེང;སྟོང;སྣང;སྤྱང;སྦྱང;སྦྱོང;སྲིང;སྲུང;སློག	no	passed		ordinary_only	secure_independent_observation	retained
རློབས	rlobs	CORPUS_5BE28982C775;CORPUS_ED2342564FDA;CORPUS_16D4A9AA0695;CORPUS_0C6592BB5CEF;CORPUS_F685D66CEF46	ཀློང;ཁབ;ཁུགས;ཁེབ;ཁེབས;ཁོག;ཁོལ;ཁྱབ;ཁྲབ;ཁྲོག;ཁྲོད;ཁྲོམ;ཁྲོལ;གཅོད;གཏོར;གདུབ;གདོང;གདོན;གཡོགས;གསོལ;གོ;གྲུབ;གྲོ;གྲོས;གླང;གླུ;ངོས;ཅོ;ཅོག;ཆགས;ཆོག;ཏོག;ཐབ;ཐབས;ཐམས;ཐུབ;ཐེབ;ཐེབས;ཐོ;ཐོག;ཐོད;ཐོན;ཐོབ;ཐོར;དོ;དྲོ;ནགས;པགས;པོར;ཕབ;ཕུགས;ཕུབ;ཕོག;ཕོད;ཕོན;ཕོར;བཏབ;བརྟགས;བརྟོལ;བརྡབ;བརྩོན;བསྐོར;བླང;བློ;མགྲོན;མཆོད;མཛོད;ཚགས;ཚབ;ཚོལ;ཚོས;ཟོར;ཟླ;འཁོར;འབབ;ཡབ;ཡོན;ཡོལ;རབ;རལ;རས;རི;རིག;རིགས;རིང;རིམ;རིམས;རིལ;རུག;རུས;རོ;རོག;རྟོགས;རྡོག;རྡོལ;ལེབ;ལོ;ལོག;ལོང;ལྕགས;ཤོད;སོ;སོར;སྐོར;སྐྱོབ;སྟོང;སྟོན;སྡེབ;སྤྱོད;སྦྱོང;སྦྱོར;སློག;སློབ	no	passed		ordinary_only	nonadmissible_observation	downgraded
རློམས	rloms	CORPUS_5BE28982C775;CORPUS_ED2342564FDA;CORPUS_16D4A9AA0695;CORPUS_5683E9A09D00;CORPUS_F685D66CEF46	ཀློང;ཁུགས;ཁེབས;ཁོག;ཁོམ;ཁོལ;ཁྱིམ;ཁྲམ;ཁྲོག;ཁྲོད;ཁྲོམ;ཁྲོལ;གཅོད;གཏོར;གདོང;གདོན;གཡོགས;གསུམ;གསོལ;གོ;གྲོ;གྲོས;གླང;གླུ;ངོས;ཅོ;ཅོག;ཆགས;ཆོག;ཏོག;ཐབས;ཐམ;ཐམས;ཐུམ;ཐེབས;ཐེམ;ཐོ;ཐོག;ཐོད;ཐོན;ཐོབ;ཐོར;དོ;དྲོ;ནགས;ནམ;པགས;པོར;ཕམ;ཕུགས;ཕོག;ཕོད;ཕོན;ཕོར;ཕྱམ;བཅོམ;བརྟགས;བརྟོལ;བརྩོན;བསྐོར;བླང;བློ;མགྲོན;མཆོད;མཛོད;ཙམ;ཚགས;ཚིམ;ཚོལ;ཚོས;ཟོར;ཟླ;འཁོར;ཡུམ;ཡོན;ཡོལ;རབ;རལ;རས;རི;རིག;རིགས;རིང;རིམ;རིམས;རིལ;རུག;རུས;རོ;རོག;རྟོགས;རྡོག;རྡོལ;ལམ;ལོ;ལོག;ལོང;ལྕགས;ཤོད;སོ;སོར;སྐམ;སྐོར;སྟོང;སྟོན;སྡོམ;སྣམ;སྤྱོད;སྦྱོང;སྦྱོར;སློག	no	passed		ordinary_only	secure_independent_observation	retained
ལགས	lags	CORPUS_10051C382A6A;CORPUS_01025FAF5D30;CORPUS_9A673562CD7A;CORPUS_F685D66CEF46	ཀན;ཁབ;ཁར;ཁུག;ཁུགས;ཁེབས;ཁོག;ཁྱག;ཁྲག;ཁྲམ;ཁྲལ;ཁྲོག;གཅད;གདན;གཡོག;གཡོགས;གསལ;གྲས;གླང;ཅིག;ཅོག;ཆག;ཆགས;ཆང;ཆད;ཆར;ཆུག;ཆོག;ཏིག;ཐང;ཐད;ཐབ;ཐབས;ཐམ;ཐམས;ཐར;ཐལ;ཐེག;ཐེབས;ཐོག;དམག;དྲེག;ནག;ནགས;པག;པགས;པར;ཕག;ཕད;ཕན;ཕབ;ཕུག;ཕུགས;ཕོག;ཕྱགས;ཕྱད;ཕྲན;བདག;བཙན;བརྟགས;བརྩན;བྱད;བྱན;བྲག;བྲལ;མཚར;མཛད;ཙ;ཚག;ཚགས;ཚར;ཛ;ཟ;ཟུག;འཁར;ཡན;ཡིག;རལ;རས;རིག;རིགས;རིམས;རུག;རོག;རྟགས;རྟོགས;རྡལ;རྡེག;རྡོག;ལག;ལང;ལམ;ལས;ལིང;ལུ;ལུག;ལུང;ལུས;ལེ;ལེགས;ལེན;ལེབ;ལོ;ལོག;ལོང;ལྕགས;ལྷག;ཤོག;སར;སྐར;སྒྲོག;སྟག;སྟན;སྣ;སྤྱད;སྦྱང;སྦྱར;སྲོག;སློག	no	passed		ordinary_only	secure_independent_observation	retained
ལངས	laṅs	CORPUS_10051C382A6A;CORPUS_01025FAF5D30;SUFFIX_NG_TO_NDOT;CORPUS_F685D66CEF46	ཀན;ཁབ;ཁར;ཁུགས;ཁུང;ཁེབས;ཁྲག;ཁྲམ;ཁྲལ;གཅད;གཏོང;གདན;གདུང;གདོང;གཡོགས;གསལ;གསུང;གྲང;གྲས;གླང;ཅིང;ཆག;ཆགས;ཆང;ཆད;ཆར;ཆུང;ཐང;ཐད;ཐབ;ཐབས;ཐམ;ཐམས;ཐར;ཐལ;ཐུང;ཐེབས;ནགས;པགས;པར;ཕག;ཕད;ཕན;ཕབ;ཕུགས;ཕྱགས;ཕྱད;ཕྱིང;ཕྲན;བཏང;བཙན;བརྟགས;བརྩན;བྱད;བྱན;བྲང;བྲལ;མཐོང;མཚར;མཛད;ཙ;ཚགས;ཚང;ཚར;ཛ;ཟ;འཁར;ཡང;ཡན;རལ;རས;རིགས;རིང;རིམས;རྟགས;རྟོགས;རྡལ;རྨང;ལག;ལང;ལམ;ལས;ལིང;ལུ;ལུག;ལུང;ལུས;ལེ;ལེགས;ལེན;ལེབ;ལོ;ལོག;ལོང;ལྕགས;སར;སེང;སྐར;སྐོང;སྐྱོང;སྟན;སྟེང;སྟོང;སྣ;སྣང;སྤྱང;སྤྱད;སྦྱང;སྦྱར;སྦྱོང;སྲིང	no	passed		ordinary_only	nonadmissible_observation	downgraded
ལད	lad	CORPUS_10051C382A6A;CORPUS_01025FAF5D30;CORPUS_DDC164B090C8	ཀན;ཁབ;ཁར;ཁྱད;ཁྲག;ཁྲམ;ཁྲལ;ཁྲོད;གཅད;གདན;གསལ;གྲས;གླང;ཆག;ཆང;ཆད;ཆར;ཆུད;ཐང;ཐད;ཐབ;ཐབས;ཐམ;ཐར;ཐལ;ཐེད;ཐོད;དྲོད;ནད;པད;པར;ཕག;ཕད;ཕན;ཕབ;ཕུད;ཕོད;ཕྱགས;ཕྱད;ཕྱེད;ཕྲད;ཕྲན;བཙན;བརྩན;བྱད;བྱན;བྲལ;བྲེད;མཐུད;མཚར;མཛད;ཙ;ཚགས;ཚར;ཚུད;ཛ;ཟ;འཁར;ཡན;ཡོད;རལ;རས;རྒོད;རྒྱུད;རྟགས;རྡལ;རྩེད;ལག;ལང;ལམ;ལས;ལིང;ལུ;ལུག;ལུང;ལུས;ལེ;ལེགས;ལེན;ལེབ;ལོ;ལོག;ལོང;ཤེད;ཤོད;སར;སྐད;སྐར;སྐྱིད;སྐྱེད;སྟན;སྟོད;སྡོད;སྣ;སྤྱད;སྦྱང;སྦྱར;སྲིད	no	passed		ordinary_only	nonadmissible_observation	downgraded
ལབ	lab	CORPUS_10051C382A6A;CORPUS_01025FAF5D30;CORPUS_0C6592BB5CEF	ཀན;ཁབ;ཁར;ཁེབ;ཁྱབ;ཁྲག;ཁྲབ;ཁྲམ;ཁྲལ;གཅད;གདན;གདུབ;གསལ;གྲས;གྲུབ;གླང;ཆག;ཆང;ཆད;ཆར;ཐང;ཐད;ཐབ;ཐབས;ཐམ;ཐར;ཐལ;ཐུབ;ཐེབ;ཐོབ;པར;ཕག;ཕད;ཕན;ཕབ;ཕུབ;ཕྱགས;ཕྱད;ཕྲན;བཏབ;བཙན;བརྡབ;བརྩན;བྱད;བྱན;བྲལ;མཚར;མཛད;ཙ;ཚགས;ཚབ;ཚར;ཛ;ཟ;འཁར;འབབ;ཡན;ཡབ;རབ;རལ;རས;རྟགས;རྡལ;ལག;ལང;ལམ;ལས;ལིང;ལུ;ལུག;ལུང;ལུས;ལེ;ལེགས;ལེན;ལེབ;ལོ;ལོག;ལོང;སར;སྐར;སྐྱོབ;སྟན;སྡེབ;སྣ;སྤྱད;སྦྱང;སྦྱར;སློབ	no	passed		ordinary_only	secure_independent_observation	retained
ལར	lar	CORPUS_10051C382A6A;CORPUS_01025FAF5D30;CORPUS_6783C3DA00D4	ཀན;ཀར;ཁབ;ཁར;ཁེར;ཁྲག;ཁྲམ;ཁྲལ;གཅད;གཏོར;གདན;གསར;གསལ;གྲས;གླང;ཆག;ཆང;ཆད;ཆར;ཆེར;ཐང;ཐད;ཐབ;ཐབས;ཐམ;ཐར;ཐལ;ཐུར;ཐེར;ཐོར;ནོར;པར;པོར;ཕག;ཕད;ཕན;ཕབ;ཕུར;ཕོར;ཕྱགས;ཕྱད;ཕྱར;ཕྲན;བདར;བཙན;བརྡར;བརྩན;བྱད;བྱན;བྲལ;མཁར;མཚར;མཛད;ཙ;ཚགས;ཚར;ཚུར;ཛ;ཟ;ཟུར;ཟེར;འཁར;འཁོར;འབར;ཡན;ཡར;རལ;རས;རྟགས;རྡལ;ལག;ལང;ལམ;ལས;ལིང;ལུ;ལུག;ལུང;ལུས;ལེ;ལེགས;ལེན;ལེབ;ལོ;ལོག;ལོང;ཤོར;སར;སེར;སོར;སྐར;སྐོར;སྟན;སྟེར;སྣ;སྤྱད;སྦྱང;སྦྱར;སྦྱོར	no	passed		ordinary_only	nonadmissible_observation	downgraded
ལཱ	la			no	insufficient		ordinary_only	no_feature_target	downgraded
ལཱི	li			no	insufficient		ordinary_only	no_feature_target	downgraded
ལིན	lin	CORPUS_10051C382A6A;CORPUS_63EB474B7A3F;CORPUS_76CFA3FCFF21	ཀན;ཀི;ཁོན;ཁྲིད;ཁྲོན;གདོན;གི;གྲི;གླིང;ཅི;ཅིག;ཆིག;ཆུན;ཆེན;ཏི;ཏིག;ཐིག;ཐུན;ཐེན;ཐོན;དམན;ནོན;པན;ཕན;ཕོན;ཕྱིན;ཕྲན;ཕྲིན;བཙན;བྱན;བྱིན;བྲན;བློན;མཁན;མགྲིན;མཐུན;ཙི;ཚིགས;ཚིལ;ཚུན;ཛི;ཟན;ཡན;ཡི;ཡིན;ཡོན;རི;རིག;རིལ;རིས;རྒྱུན;རྩེན;ལག;ལང;ལམ;ལས;ལིང;ལུ;ལུག;ལུང;ལུས;ལེ;ལེགས;ལེན;ལེབ;ལོ;ལོག;ལོང;ཤན;སྐྱིད;སྐྱིལ;སྟན;སྟོན;སྤྱན;སྲིང	no	passed		ordinary_only	secure_independent_observation	retained
ལུགས	lugs	CORPUS_10051C382A6A;CORPUS_84A74DBDD722;CORPUS_9A673562CD7A;CORPUS_F685D66CEF46	ཀུན;ཁུག;ཁུགས;ཁུལ;ཁེབས;ཁོག;ཁྱག;ཁྲག;ཁྲོག;གདུང;གཡོག;གཡོགས;གུ;གྲུ;ཅིག;ཅོག;ཆག;ཆགས;ཆུག;ཆུང;ཆུད;ཆུན;ཆོག;ཏིག;ཐབས;ཐམས;ཐུ;ཐུང;ཐུན;ཐུབ;ཐུམ;ཐུར;ཐུལ;ཐེག;ཐེབས;ཐོག;དམག;དུ;དྲུག;དྲེག;ནག;ནགས;ནུ;པག;པགས;ཕག;ཕུག;ཕུགས;ཕུད;ཕུབ;ཕུར;ཕོག;ཕྱུགས;བདག;བཙུན;བརྟགས;བརྟུལ;བསྐུར;བྲག;མཚུར;ཚག;ཚགས;ཚུགས;ཚུར;ཚུལ;ཟུག;ཟུར;ཡིག;ཡུལ;རིག;རིགས;རིམས;རུག;རུས;རོག;རྟོགས;རྡུལ;རྡེག;རྡོག;ལག;ལང;ལམ;ལས;ལིང;ལུ;ལུག;ལུང;ལུས;ལེ;ལེགས;ལེན;ལེབ;ལོ;ལོག;ལོང;ལྕགས;ལྷག;ཤོག;སྒྲོག;སྟག;སྲུང;སྲོག;སློག	no	passed		ordinary_only	secure_independent_observation	retained
ལུད	lud	CORPUS_10051C382A6A;CORPUS_84A74DBDD722;CORPUS_DDC164B090C8	ཀུན;ཁུག;ཁུལ;ཁྱད;ཁྲོད;གདུང;གུ;གྲུ;ཆད;ཆུག;ཆུང;ཆུད;ཆུན;ཐད;ཐུ;ཐུང;ཐུན;ཐུབ;ཐུམ;ཐུར;ཐུལ;ཐེད;ཐོད;དུ;དྲུག;དྲོད;ནད;ནུ;པད;ཕད;ཕུག;ཕུད;ཕུབ;ཕུར;ཕོད;ཕྱད;ཕྱུགས;ཕྱེད;ཕྲད;བཙུན;བརྟུལ;བསྐུར;བྱད;བྲེད;མཐུད;མཚུར;ཚུགས;ཚུད;ཚུར;ཚུལ;ཟུར;ཡུལ;ཡོད;རུག;རུས;རྒོད;རྒྱུད;རྡུལ;རྩེད;ལག;ལང;ལམ;ལས;ལིང;ལུ;ལུག;ལུང;ལུས;ལེ;ལེགས;ལེན;ལེབ;ལོ;ལོག;ལོང;ཤེད;ཤོད;སྐད;སྐྱིད;སྐྱེད;སྟོད;སྡོད;སྤྱད;སྲིད;སྲུང	no	passed		ordinary_only	nonadmissible_observation	downgraded
ལུམ	lum	CORPUS_10051C382A6A;CORPUS_84A74DBDD722;CORPUS_5683E9A09D00	ཀུན;ཁུག;ཁུལ;ཁོམ;ཁྱིམ;ཁྲམ;ཁྲོམ;གདུང;གསུམ;གུ;གྲུ;ཆུག;ཆུང;ཆུད;ཆུན;ཐམ;ཐམས;ཐུ;ཐུང;ཐུན;ཐུབ;ཐུམ;ཐུར;ཐུལ;ཐེམ;དུ;དྲུག;ནམ;ནུ;ཕམ;ཕུག;ཕུད;ཕུབ;ཕུར;ཕྱམ;ཕྱུགས;བཅོམ;བཙུན;བརྟུལ;བསྐུར;མཚུར;ཙམ;ཚིམ;ཚུགས;ཚུར;ཚུལ;ཟུར;ཡུམ;ཡུལ;རིམ;རིམས;རུག;རུས;རྡུལ;ལག;ལང;ལམ;ལས;ལིང;ལུ;ལུག;ལུང;ལུས;ལེ;ལེགས;ལེན;ལེབ;ལོ;ལོག;ལོང;སྐམ;སྡོམ;སྣམ;སྲུང	no	passed		ordinary_only	nonadmissible_observation	downgraded
ལོགས	logs	CORPUS_10051C382A6A;CORPUS_16D4A9AA0695;CORPUS_9A673562CD7A;CORPUS_F685D66CEF46	ཁུག;ཁུགས;ཁེབས;ཁོག;ཁོལ;ཁྱག;ཁྲག;ཁྲོག;ཁྲོད;ཁྲོམ;ཁྲོལ;གཅོད;གཏོར;གདོང;གདོན;གཡོག;གཡོགས;གསོལ;གོ;གྲོ;གྲོས;ངོས;ཅིག;ཅོ;ཅོག;ཆག;ཆགས;ཆུག;ཆོག;ཏིག;ཏོག;ཐབས;ཐམས;ཐེག;ཐེབས;ཐོ;ཐོག;ཐོད;ཐོན;ཐོབ;ཐོར;དམག;དོ;དྲེག;དྲོ;ནག;ནགས;པག;པགས;པོར;ཕག;ཕུག;ཕུགས;ཕོག;ཕོད;ཕོན;ཕོར;བདག;བརྟགས;བརྟོལ;བརྩོན;བསྐོར;བྲག;མགྲོན;མཆོད;མཛོད;ཚག;ཚགས;ཚོལ;ཚོས;ཟུག;ཟོར;འཁོར;ཡིག;ཡོན;ཡོལ;རིག;རིགས;རིམས;རུག;རོ;རོག;རྟོགས;རྡེག;རྡོག;རྡོལ;ལག;ལང;ལམ;ལས;ལིང;ལུ;ལུག;ལུང;ལུས;ལེ;ལེགས;ལེན;ལེབ;ལོ;ལོག;ལོང;ལྕགས;ལྷག;ཤོག;ཤོད;སོ;སོར;སྐོར;སྒྲོག;སྟག;སྟོང;སྟོན;སྤྱོད;སྦྱོང;སྦྱོར;སྲོག;སློག	no	passed		ordinary_only	secure_independent_observation	retained
ལོངས	loṅs	CORPUS_10051C382A6A;CORPUS_16D4A9AA0695;SUFFIX_NG_TO_NDOT;CORPUS_F685D66CEF46	ཁུགས;ཁུང;ཁེབས;ཁོག;ཁོལ;ཁྲོག;ཁྲོད;ཁྲོམ;ཁྲོལ;གཅོད;གཏོང;གཏོར;གདུང;གདོང;གདོན;གཡོགས;གསུང;གསོལ;གོ;གྲང;གྲོ;གྲོས;ངོས;ཅིང;ཅོ;ཅོག;ཆགས;ཆང;ཆུང;ཆོག;ཏོག;ཐང;ཐབས;ཐམས;ཐུང;ཐེབས;ཐོ;ཐོག;ཐོད;ཐོན;ཐོབ;ཐོར;དོ;དྲོ;ནགས;པགས;པོར;ཕུགས;ཕོག;ཕོད;ཕོན;ཕོར;ཕྱིང;བཏང;བརྟགས;བརྟོལ;བརྩོན;བསྐོར;བྲང;མགྲོན;མཆོད;མཐོང;མཛོད;ཚགས;ཚང;ཚོལ;ཚོས;ཟོར;འཁོར;ཡང;ཡོན;ཡོལ;རིགས;རིང;རིམས;རོ;རོག;རྟོགས;རྡོག;རྡོལ;རྨང;ལག;ལང;ལམ;ལས;ལིང;ལུ;ལུག;ལུང;ལུས;ལེ;ལེགས;ལེན;ལེབ;ལོ;ལོག;ལོང;ལྕགས;ཤོད;སེང;སོ;སོར;སྐོང;སྐོར;སྐྱོང;སྟེང;སྟོང;སྟོན;སྣང;སྤྱང;སྤྱོད;སྦྱང;སྦྱོང;སྦྱོར;སྲིང	no	passed		ordinary_only	nonadmissible_observation	downgraded
ལོད	lod	CORPUS_10051C382A6A;CORPUS_16D4A9AA0695;CORPUS_DDC164B090C8	ཁོག;ཁོལ;ཁྱད;ཁྲོག;ཁྲོད;ཁྲོམ;ཁྲོལ;གཅོད;གཏོར;གདོང;གདོན;གསོལ;གོ;གྲོ;གྲོས;ངོས;ཅོ;ཅོག;ཆད;ཆུད;ཆོག;ཏོག;ཐད;ཐེད;ཐོ;ཐོག;ཐོད;ཐོན;ཐོབ;ཐོར;དོ;དྲོ;དྲོད;ནད;པད;པོར;ཕད;ཕུད;ཕོག;ཕོད;ཕོན;ཕོར;ཕྱད;ཕྱེད;ཕྲད;བརྟོལ;བརྩོན;བསྐོར;བྱད;བྲེད;མགྲོན;མཆོད;མཐུད;མཛོད;ཚུད;ཚོལ;ཚོས;ཟོར;འཁོར;ཡོད;ཡོན;ཡོལ;རོ;རོག;རྒོད;རྒྱུད;རྟོགས;རྡོག;རྡོལ;རྩེད;ལག;ལང;ལམ;ལས;ལིང;ལུ;ལུག;ལུང;ལུས;ལེ;ལེགས;ལེན;ལེབ;ལོ;ལོག;ལོང;ཤེད;ཤོད;སོ;སོར;སྐད;སྐོར;སྐྱིད;སྐྱེད;སྟོང;སྟོད;སྟོན;སྡོད;སྤྱད;སྤྱོད;སྦྱོང;སྦྱོར;སྲིད	no	passed		ordinary_only	secure_independent_observation	retained
ལོན	lon	CORPUS_10051C382A6A;CORPUS_16D4A9AA0695;CORPUS_76CFA3FCFF21	ཀན;ཁོག;ཁོན;ཁོལ;ཁྲོག;ཁྲོད;ཁྲོན;ཁྲོམ;ཁྲོལ;གཅོད;གཏོར;གདོང;གདོན;གསོལ;གོ;གྲོ;གྲོས;ངོས;ཅོ;ཅོག;ཆུན;ཆེན;ཆོག;ཏོག;ཐུན;ཐེན;ཐོ;ཐོག;ཐོད;ཐོན;ཐོབ;ཐོར;དམན;དོ;དྲོ;ནོན;པན;པོར;ཕན;ཕོག;ཕོད;ཕོན;ཕོར;ཕྱིན;ཕྲན;བཙན;བརྟོལ;བརྩོན;བསྐོར;བྱན;བྱིན;བྲན;བློན;མཁན;མགྲོན;མཆོད;མཐུན;མཛོད;ཚུན;ཚོལ;ཚོས;ཟན;ཟོར;འཁོར;ཡན;ཡིན;ཡོན;ཡོལ;རོ;རོག;རྒྱུན;རྟོགས;རྡོག;རྡོལ;རྩེན;ལག;ལང;ལམ;ལས;ལིང;ལུ;ལུག;ལུང;ལུས;ལེ;ལེགས;ལེན;ལེབ;ལོ;ལོག;ལོང;ཤན;ཤོད;སོ;སོར;སྐོར;སྟན;སྟོང;སྟོན;སྤྱན;སྤྱོད;སྦྱོང;སྦྱོར	no	passed		ordinary_only	secure_independent_observation	retained
ལོབ	lob	CORPUS_10051C382A6A;CORPUS_16D4A9AA0695;CORPUS_0C6592BB5CEF	ཁབ;ཁེབ;ཁོག;ཁོལ;ཁྱབ;ཁྲབ;ཁྲོག;ཁྲོད;ཁྲོམ;ཁྲོལ;གཅོད;གཏོར;གདུབ;གདོང;གདོན;གསོལ;གོ;གྲུབ;གྲོ;གྲོས;ངོས;ཅོ;ཅོག;ཆོག;ཏོག;ཐབ;ཐབས;ཐུབ;ཐེབ;ཐོ;ཐོག;ཐོད;ཐོན;ཐོབ;ཐོར;དོ;དྲོ;པོར;ཕབ;ཕུབ;ཕོག;ཕོད;ཕོན;ཕོར;བཏབ;བརྟོལ;བརྡབ;བརྩོན;བསྐོར;མགྲོན;མཆོད;མཛོད;ཚབ;ཚོལ;ཚོས;ཟོར;འཁོར;འབབ;ཡབ;ཡོན;ཡོལ;རབ;རོ;རོག;རྟོགས;རྡོག;རྡོལ;ལག;ལང;ལམ;ལས;ལིང;ལུ;ལུག;ལུང;ལུས;ལེ;ལེགས;ལེན;ལེབ;ལོ;ལོག;ལོང;ཤོད;སོ;སོར;སྐོར;སྐྱོབ;སྟོང;སྟོན;སྡེབ;སྤྱོད;སྦྱོང;སྦྱོར;སློབ	no	passed		ordinary_only	nonadmissible_observation	downgraded
ལོས	los	CORPUS_10051C382A6A;CORPUS_16D4A9AA0695;CORPUS_735B62E02527	ཁོག;ཁོལ;ཁྲོག;ཁྲོད;ཁྲོམ;ཁྲོལ;གཅོད;གཏོར;གདོང;གདོན;གསོལ;གོ;གྲས;གྲོ;གྲོས;ངོས;ཅོ;ཅོག;ཆོག;ཆོས;ཏོག;ཐོ;ཐོག;ཐོད;ཐོན;ཐོབ;ཐོར;ཐོས;དོ;དྲོ;པོར;པོས;ཕོག;ཕོད;ཕོན;ཕོར;ཕྱིས;བཅོས;བརྟོལ;བརྩོན;བསྐོར;བསྡུས;མཁས;མགྲོན;མཆོད;མཛོད;ཚོལ;ཚོས;ཟས;ཟོར;འཁོར;ཡས;ཡོན;ཡོལ;རས;རིས;རུས;རོ;རོག;རྟོགས;རྡོག;རྡོལ;རྡོས;ལག;ལང;ལམ;ལས;ལིང;ལུ;ལུག;ལུང;ལུས;ལེ;ལེགས;ལེན;ལེབ;ལོ;ལོག;ལོང;ལྷས;ཤས;ཤོད;སོ;སོར;སྐོར;སྐྱེས;སྟོང;སྟོན;སྤྱོད;སྦྱོང;སྦྱོར	no	passed		ordinary_only	secure_independent_observation	retained
སྒ	sga	CORPUS_86605D8DD3C9;CORPUS_A6063072E7A9;CORPUS_01025FAF5D30	ཀན;ཁབ;ཁར;ཁྲག;ཁྲམ;ཁྲལ;གཅད;གདན;གསལ;གི;གུ;གེ;གོ;གྱིས;གྲང;གྲས;གྲི;གྲོ;གྲོལ;གླང;ཆག;ཆང;ཆད;ཆར;ཐང;ཐད;ཐབ;ཐབས;ཐམ;ཐར;ཐལ;པར;ཕག;ཕད;ཕན;ཕབ;ཕྱགས;ཕྱད;ཕྲན;བཙན;བརྩན;བསྐལ;བྱད;བྱན;བྲལ;མགར;མགོན;མཚར;མཛད;ཙ;ཚགས;ཚར;ཛ;ཟ;འཁར;ཡན;རལ;རས;རྒོལ;རྟགས;རྡལ;ལག;ལང;ལས;སར;སྐར;སྐོང;སྒོ;སྒྱུར;སྒྲ;སྒྲུབ;སྒྲོལ;སྟན;སྡེ;སྣ;སྣམ;སྣེ;སྤར;སྤྱད;སྦྱང;སྦྱར;སྦྱིན;སྦྲང	no	passed		ordinary_only	secure_independent_observation	retained
སྒང	sgaṅ	CORPUS_86605D8DD3C9;CORPUS_A6063072E7A9;CORPUS_01025FAF5D30;SUFFIX_NG_TO_NDOT	ཀན;ཁབ;ཁར;ཁུང;ཁྲག;ཁྲམ;ཁྲལ;གཅད;གཏོང;གདན;གདུང;གདོང;གསལ;གསུང;གི;གུ;གེ;གོ;གྱིས;གྲང;གྲས;གྲི;གྲོ;གྲོལ;གླང;ཅིང;ཆག;ཆང;ཆད;ཆར;ཆུང;ཐང;ཐད;ཐབ;ཐབས;ཐམ;ཐར;ཐལ;ཐུང;པར;ཕག;ཕད;ཕན;ཕབ;ཕྱགས;ཕྱད;ཕྱིང;ཕྲན;བཏང;བཙན;བརྩན;བསྐལ;བྱད;བྱན;བྲང;བྲལ;མགར;མགོན;མཐོང;མཚར;མཛད;ཙ;ཚགས;ཚང;ཚར;ཛ;ཟ;འཁར;ཡང;ཡན;རལ;རས;རིང;རྒོལ;རྟགས;རྡལ;རྨང;ལག;ལང;ལས;ལུང;ལོང;སར;སེང;སྐར;སྐོང;སྐྱོང;སྒོ;སྒྱུར;སྒྲ;སྒྲུབ;སྒྲོལ;སྟན;སྟེང;སྟོང;སྡེ;སྣ;སྣང;སྣམ;སྣེ;སྤར;སྤྱང;སྤྱད;སྦྱང;སྦྱར;སྦྱིན;སྦྱོང;སྦྲང;སྲིང	no	passed		ordinary_only	secure_independent_observation	retained
སྒབ	sgab	CORPUS_86605D8DD3C9;CORPUS_A6063072E7A9;CORPUS_01025FAF5D30;CORPUS_0C6592BB5CEF	ཀན;ཁབ;ཁར;ཁེབ;ཁྱབ;ཁྲག;ཁྲབ;ཁྲམ;ཁྲལ;གཅད;གདན;གདུབ;གསལ;གི;གུ;གེ;གོ;གྱིས;གྲང;གྲས;གྲི;གྲུབ;གྲོ;གྲོལ;གླང;ཆག;ཆང;ཆད;ཆར;ཐང;ཐད;ཐབ;ཐབས;ཐམ;ཐར;ཐལ;ཐུབ;ཐེབ;ཐོབ;པར;ཕག;ཕད;ཕན;ཕབ;ཕུབ;ཕྱགས;ཕྱད;ཕྲན;བཏབ;བཙན;བརྡབ;བརྩན;བསྐལ;བྱད;བྱན;བྲལ;མགར;མགོན;མཚར;མཛད;ཙ;ཚགས;ཚབ;ཚར;ཛ;ཟ;འཁར;འབབ;ཡན;ཡབ;རབ;རལ;རས;རྒོལ;རྟགས;རྡལ;ལག;ལང;ལས;ལེབ;སར;སྐར;སྐོང;སྐྱོབ;སྒོ;སྒྱུར;སྒྲ;སྒྲུབ;སྒྲོལ;སྟན;སྡེ;སྡེབ;སྣ;སྣམ;སྣེ;སྤར;སྤྱད;སྦྱང;སྦྱར;སྦྱིན;སྦྲང;སློབ	no	passed		ordinary_only	secure_independent_observation	retained
སྒམ	sgam	CORPUS_86605D8DD3C9;CORPUS_A6063072E7A9;CORPUS_01025FAF5D30;CORPUS_5683E9A09D00	ཀན;ཁབ;ཁར;ཁོམ;ཁྱིམ;ཁྲག;ཁྲམ;ཁྲལ;ཁྲོམ;གཅད;གདན;གསལ;གསུམ;གི;གུ;གེ;གོ;གྱིས;གྲང;གྲས;གྲི;གྲོ;གྲོལ;གླང;ཆག;ཆང;ཆད;ཆར;ཐང;ཐད;ཐབ;ཐབས;ཐམ;ཐམས;ཐར;ཐལ;ཐུམ;ཐེམ;ནམ;པར;ཕག;ཕད;ཕན;ཕབ;ཕམ;ཕྱགས;ཕྱད;ཕྱམ;ཕྲན;བཅོམ;བཙན;བརྩན;བསྐལ;བྱད;བྱན;བྲལ;མགར;མགོན;མཚར;མཛད;ཙ;ཙམ;ཚགས;ཚར;ཚིམ;ཛ;ཟ;འཁར;ཡན;ཡུམ;རལ;རས;རིམ;རིམས;རྒོལ;རྟགས;རྡལ;ལག;ལང;ལམ;ལས;སར;སྐམ;སྐར;སྐོང;སྒོ;སྒྱུར;སྒྲ;སྒྲུབ;སྒྲོལ;སྟན;སྡེ;སྡོམ;སྣ;སྣམ;སྣེ;སྤར;སྤྱད;སྦྱང;སྦྱར;སྦྱིན;སྦྲང	no	passed		ordinary_only	secure_independent_observation	retained
སྒར	sgar	CORPUS_86605D8DD3C9;CORPUS_A6063072E7A9;CORPUS_01025FAF5D30;CORPUS_6783C3DA00D4	ཀན;ཀར;ཁབ;ཁར;ཁེར;ཁྲག;ཁྲམ;ཁྲལ;གཅད;གཏོར;གདན;གསར;གསལ;གི;གུ;གེ;གོ;གྱིས;གྲང;གྲས;གྲི;གྲོ;གྲོལ;གླང;ཆག;ཆང;ཆད;ཆར;ཆེར;ཐང;ཐད;ཐབ;ཐབས;ཐམ;ཐར;ཐལ;ཐུར;ཐེར;ཐོར;ནོར;པར;པོར;ཕག;ཕད;ཕན;ཕབ;ཕུར;ཕོར;ཕྱགས;ཕྱད;ཕྱར;ཕྲན;བདར;བཙན;བརྡར;བརྩན;བསྐལ;བྱད;བྱན;བྲལ;མཁར;མགར;མགོན;མཚར;མཛད;ཙ;ཚགས;ཚར;ཚུར;ཛ;ཟ;ཟུར;ཟེར;འཁར;འཁོར;འབར;ཡན;ཡར;རལ;རས;རྒོལ;རྟགས;རྡལ;ལག;ལང;ལས;ཤོར;སར;སེར;སོར;སྐར;སྐོང;སྐོར;སྒོ;སྒྱུར;སྒྲ;སྒྲུབ;སྒྲོལ;སྟན;སྟེར;སྡེ;སྣ;སྣམ;སྣེ;སྤར;སྤྱད;སྦྱང;སྦྱར;སྦྱིན;སྦྱོར;སྦྲང	no	passed		ordinary_only	secure_independent_observation	retained
སྒུ	sgu	CORPUS_86605D8DD3C9;CORPUS_A6063072E7A9;CORPUS_84A74DBDD722	ཀུན;ཁུག;ཁུལ;གདུང;གི;གུ;གེ;གོ;གྱིས;གྲང;གྲས;གྲི;གྲུ;གྲོ;གྲོལ;གླང;ཆུག;ཆུང;ཆུད;ཆུན;ཐུ;ཐུང;ཐུན;ཐུབ;ཐུམ;ཐུར;ཐུལ;དུ;དྲུག;ནུ;ཕུག;ཕུད;ཕུབ;ཕུར;ཕྱུགས;བཙུན;བརྟུལ;བསྐལ;བསྐུར;མགར;མགོན;མཚུར;ཚུགས;ཚུར;ཚུལ;ཟུར;ཡུལ;རུག;རུས;རྒོལ;རྡུལ;ལུ;ལུག;ལུང;ལུས;སྐར;སྐོང;སྒོ;སྒྱུར;སྒྲ;སྒྲུབ;སྒྲོལ;སྟན;སྡེ;སྣམ;སྣེ;སྤར;སྦྱིན;སྦྲང;སྲུང	no	passed		ordinary_only	nonadmissible_observation	downgraded
སྒུད	sgud	CORPUS_86605D8DD3C9;CORPUS_A6063072E7A9;CORPUS_84A74DBDD722;CORPUS_DDC164B090C8	ཀུན;ཁུག;ཁུལ;ཁྱད;ཁྲོད;གདུང;གི;གུ;གེ;གོ;གྱིས;གྲང;གྲས;གྲི;གྲུ;གྲོ;གྲོལ;གླང;ཆད;ཆུག;ཆུང;ཆུད;ཆུན;ཐད;ཐུ;ཐུང;ཐུན;ཐུབ;ཐུམ;ཐུར;ཐུལ;ཐེད;ཐོད;དུ;དྲུག;དྲོད;ནད;ནུ;པད;ཕད;ཕུག;ཕུད;ཕུབ;ཕུར;ཕོད;ཕྱད;ཕྱུགས;ཕྱེད;ཕྲད;བཙུན;བརྟུལ;བསྐལ;བསྐུར;བྱད;བྲེད;མགར;མགོན;མཐུད;མཚུར;ཚུགས;ཚུད;ཚུར;ཚུལ;ཟུར;ཡུལ;ཡོད;རུག;རུས;རྒོད;རྒོལ;རྒྱུད;རྡུལ;རྩེད;ལུ;ལུག;ལུང;ལུས;ཤེད;ཤོད;སྐད;སྐར;སྐོང;སྐྱིད;སྐྱེད;སྒོ;སྒྱུར;སྒྲ;སྒྲུབ;སྒྲོལ;སྟན;སྟོད;སྡེ;སྡོད;སྣམ;སྣེ;སྤར;སྤྱད;སྦྱིན;སྦྲང;སྲིད;སྲུང	no	passed		ordinary_only	nonadmissible_observation	downgraded
སྒུམ	sgum	CORPUS_86605D8DD3C9;CORPUS_A6063072E7A9;CORPUS_84A74DBDD722;CORPUS_5683E9A09D00	ཀུན;ཁུག;ཁུལ;ཁོམ;ཁྱིམ;ཁྲམ;ཁྲོམ;གདུང;གསུམ;གི;གུ;གེ;གོ;གྱིས;གྲང;གྲས;གྲི;གྲུ;གྲོ;གྲོལ;གླང;ཆུག;ཆུང;ཆུད;ཆུན;ཐམ;ཐམས;ཐུ;ཐུང;ཐུན;ཐུབ;ཐུམ;ཐུར;ཐུལ;ཐེམ;དུ;དྲུག;ནམ;ནུ;ཕམ;ཕུག;ཕུད;ཕུབ;ཕུར;ཕྱམ;ཕྱུགས;བཅོམ;བཙུན;བརྟུལ;བསྐལ;བསྐུར;མགར;མགོན;མཚུར;ཙམ;ཚིམ;ཚུགས;ཚུར;ཚུལ;ཟུར;ཡུམ;ཡུལ;རིམ;རིམས;རུག;རུས;རྒོལ;རྡུལ;ལམ;ལུ;ལུག;ལུང;ལུས;སྐམ;སྐར;སྐོང;སྒོ;སྒྱུར;སྒྲ;སྒྲུབ;སྒྲོལ;སྟན;སྡེ;སྡོམ;སྣམ;སྣེ;སྤར;སྦྱིན;སྦྲང;སྲུང	no	passed		ordinary_only	secure_independent_observation	retained
སྒུར	sgur	CORPUS_86605D8DD3C9;CORPUS_A6063072E7A9;CORPUS_84A74DBDD722;CORPUS_6783C3DA00D4	ཀར;ཀུན;ཁར;ཁུག;ཁུལ;ཁེར;གཏོར;གདུང;གསར;གི;གུ;གེ;གོ;གྱིས;གྲང;གྲས;གྲི;གྲུ;གྲོ;གྲོལ;གླང;ཆར;ཆུག;ཆུང;ཆུད;ཆུན;ཆེར;ཐར;ཐུ;ཐུང;ཐུན;ཐུབ;ཐུམ;ཐུར;ཐུལ;ཐེར;ཐོར;དུ;དྲུག;ནུ;ནོར;པར;པོར;ཕུག;ཕུད;ཕུབ;ཕུར;ཕོར;ཕྱར;ཕྱུགས;བདར;བཙུན;བརྟུལ;བརྡར;བསྐལ;བསྐུར;མཁར;མགར;མགོན;མཚུར;ཚར;ཚུགས;ཚུར;ཚུལ;ཟུར;ཟེར;འཁོར;འབར;ཡར;ཡུལ;རུག;རུས;རྒོལ;རྡུལ;ལུ;ལུག;ལུང;ལུས;ཤོར;སེར;སོར;སྐར;སྐོང;སྐོར;སྒོ;སྒྱུར;སྒྲ;སྒྲུབ;སྒྲོལ;སྟན;སྟེར;སྡེ;སྣམ;སྣེ;སྤར;སྦྱར;སྦྱིན;སྦྱོར;སྦྲང;སྲུང	no	passed		ordinary_only	nonadmissible_observation	downgraded
སྒོག	sgog	CORPUS_86605D8DD3C9;CORPUS_A6063072E7A9;CORPUS_16D4A9AA0695;CORPUS_9A673562CD7A	ཁུག;ཁོག;ཁོལ;ཁྱག;ཁྲག;ཁྲོག;ཁྲོད;ཁྲོམ;ཁྲོལ;གཅོད;གཏོར;གདོང;གདོན;གཡོག;གསོལ;གི;གུ;གེ;གོ;གྱིས;གྲང;གྲས;གྲི;གྲོ;གྲོལ;གྲོས;གླང;ངོས;ཅིག;ཅོ;ཅོག;ཆག;ཆུག;ཆོག;ཏིག;ཏོག;ཐེག;ཐོ;ཐོག;ཐོད;ཐོན;ཐོབ;ཐོར;དམག;དོ;དྲེག;དྲོ;ནག;པག;པོར;ཕག;ཕུག;ཕོག;ཕོད;ཕོན;ཕོར;བདག;བརྟོལ;བརྩོན;བསྐལ;བསྐོར;བྲག;མགར;མགོན;མགྲོན;མཆོད;མཛོད;ཚག;ཚོལ;ཚོས;ཟུག;ཟོར;འཁོར;ཡིག;ཡོན;ཡོལ;རིག;རིགས;རུག;རོ;རོག;རྒོལ;རྟོགས;རྡེག;རྡོག;རྡོལ;ལག;ལུག;ལོ;ལོག;ལོང;ལྷག;ཤོག;ཤོད;སོ;སོར;སྐར;སྐོང;སྐོར;སྒོ;སྒྱུར;སྒྲ;སྒྲུབ;སྒྲོག;སྒྲོལ;སྟག;སྟན;སྟོང;སྟོན;སྡེ;སྣམ;སྣེ;སྤར;སྤྱོད;སྦྱིན;སྦྱོང;སྦྱོར;སྦྲང;སྲོག;སློག	no	passed		ordinary_only	nonadmissible_observation	downgraded
སྒོང	sgoṅ	CORPUS_86605D8DD3C9;CORPUS_A6063072E7A9;CORPUS_16D4A9AA0695;SUFFIX_NG_TO_NDOT	ཁུང;ཁོག;ཁོལ;ཁྲོག;ཁྲོད;ཁྲོམ;ཁྲོལ;གཅོད;གཏོང;གཏོར;གདུང;གདོང;གདོན;གསུང;གསོལ;གི;གུ;གེ;གོ;གྱིས;གྲང;གྲས;གྲི;གྲོ;གྲོལ;གྲོས;གླང;ངོས;ཅིང;ཅོ;ཅོག;ཆང;ཆུང;ཆོག;ཏོག;ཐང;ཐུང;ཐོ;ཐོག;ཐོད;ཐོན;ཐོབ;ཐོར;དོ;དྲོ;པོར;ཕོག;ཕོད;ཕོན;ཕོར;ཕྱིང;བཏང;བརྟོལ;བརྩོན;བསྐལ;བསྐོར;བྲང;མགར;མགོན;མགྲོན;མཆོད;མཐོང;མཛོད;ཚང;ཚོལ;ཚོས;ཟོར;འཁོར;ཡང;ཡོན;ཡོལ;རིང;རོ;རོག;རྒོལ;རྟོགས;རྡོག;རྡོལ;རྨང;ལང;ལུང;ལོ;ལོག;ལོང;ཤོད;སེང;སོ;སོར;སྐར;སྐོང;སྐོར;སྐྱོང;སྒོ;སྒྱུར;སྒྲ;སྒྲུབ;སྒྲོལ;སྟན;སྟེང;སྟོང;སྟོན;སྡེ;སྣང;སྣམ;སྣེ;སྤར;སྤྱང;སྤྱོད;སྦྱང;སྦྱིན;སྦྱོང;སྦྱོར;སྦྲང;སྲིང	no	passed		ordinary_only	secure_independent_observation	retained
སྒོམ	sgom	CORPUS_86605D8DD3C9;CORPUS_A6063072E7A9;CORPUS_16D4A9AA0695;CORPUS_5683E9A09D00	ཁོག;ཁོམ;ཁོལ;ཁྱིམ;ཁྲམ;ཁྲོག;ཁྲོད;ཁྲོམ;ཁྲོལ;གཅོད;གཏོར;གདོང;གདོན;གསུམ;གསོལ;གི;གུ;གེ;གོ;གྱིས;གྲང;གྲས;གྲི;གྲོ;གྲོལ;གྲོས;གླང;ངོས;ཅོ;ཅོག;ཆོག;ཏོག;ཐམ;ཐམས;ཐུམ;ཐེམ;ཐོ;ཐོག;ཐོད;ཐོན;ཐོབ;ཐོར;དོ;དྲོ;ནམ;པོར;ཕམ;ཕོག;ཕོད;ཕོན;ཕོར;ཕྱམ;བཅོམ;བརྟོལ;བརྩོན;བསྐལ;བསྐོར;མགར;མགོན;མགྲོན;མཆོད;མཛོད;ཙམ;ཚིམ;ཚོལ;ཚོས;ཟོར;འཁོར;ཡུམ;ཡོན;ཡོལ;རིམ;རིམས;རོ;རོག;རྒོལ;རྟོགས;རྡོག;རྡོལ;ལམ;ལོ;ལོག;ལོང;ཤོད;སོ;སོར;སྐམ;སྐར;སྐོང;སྐོར;སྒོ;སྒྱུར;སྒྲ;སྒྲུབ;སྒྲོལ;སྟན;སྟོང;སྟོན;སྡེ;སྡོམ;སྣམ;སྣེ;སྤར;སྤྱོད;སྦྱིན;སྦྱོང;སྦྱོར;སྦྲང	no	passed		ordinary_only	secure_independent_observation	retained
སྒོམས	sgoms	CORPUS_86605D8DD3C9;CORPUS_A6063072E7A9;CORPUS_16D4A9AA0695;CORPUS_5683E9A09D00;CORPUS_F685D66CEF46	ཁུགས;ཁེབས;ཁོག;ཁོམ;ཁོལ;ཁྱིམ;ཁྲམ;ཁྲོག;ཁྲོད;ཁྲོམ;ཁྲོལ;གཅོད;གཏོར;གདོང;གདོན;གཡོགས;གསུམ;གསོལ;གི;གུ;གེ;གོ;གྱིས;གྲང;གྲས;གྲི;གྲོ;གྲོལ;གྲོས;གླང;ངོས;ཅོ;ཅོག;ཆགས;ཆོག;ཏོག;ཐབས;ཐམ;ཐམས;ཐུམ;ཐེབས;ཐེམ;ཐོ;ཐོག;ཐོད;ཐོན;ཐོབ;ཐོར;དོ;དྲོ;ནགས;ནམ;པགས;པོར;ཕམ;ཕུགས;ཕོག;ཕོད;ཕོན;ཕོར;ཕྱམ;བཅོམ;བརྟགས;བརྟོལ;བརྩོན;བསྐལ;བསྐོར;མགར;མགོན;མགྲོན;མཆོད;མཛོད;ཙམ;ཚགས;ཚིམ;ཚོལ;ཚོས;ཟོར;འཁོར;ཡུམ;ཡོན;ཡོལ;རིགས;རིམ;རིམས;རོ;རོག;རྒོལ;རྟོགས;རྡོག;རྡོལ;ལམ;ལོ;ལོག;ལོང;ལྕགས;ཤོད;སོ;སོར;སྐམ;སྐར;སྐོང;སྐོར;སྒོ;སྒྱུར;སྒྲ;སྒྲུབ;སྒྲོལ;སྟན;སྟོང;སྟོན;སྡེ;སྡོམ;སྣམ;སྣེ;སྤར;སྤྱོད;སྦྱིན;སྦྱོང;སྦྱོར;སྦྲང	no	passed		ordinary_only	secure_independent_observation	retained
སྒོར	sgor	CORPUS_86605D8DD3C9;CORPUS_A6063072E7A9;CORPUS_16D4A9AA0695;CORPUS_6783C3DA00D4	ཀར;ཁར;ཁེར;ཁོག;ཁོལ;ཁྲོག;ཁྲོད;ཁྲོམ;ཁྲོལ;གཅོད;གཏོར;གདོང;གདོན;གསར;གསོལ;གི;གུ;གེ;གོ;གྱིས;གྲང;གྲས;གྲི;གྲོ;གྲོལ;གྲོས;གླང;ངོས;ཅོ;ཅོག;ཆར;ཆེར;ཆོག;ཏོག;ཐར;ཐུར;ཐེར;ཐོ;ཐོག;ཐོད;ཐོན;ཐོབ;ཐོར;དོ;དྲོ;ནོར;པར;པོར;ཕུར;ཕོག;ཕོད;ཕོན;ཕོར;ཕྱར;བདར;བརྟོལ;བརྡར;བརྩོན;བསྐལ;བསྐོར;མཁར;མགར;མགོན;མགྲོན;མཆོད;མཛོད;ཚར;ཚུར;ཚོལ;ཚོས;ཟུར;ཟེར;ཟོར;འཁོར;འབར;ཡར;ཡོན;ཡོལ;རོ;རོག;རྒོལ;རྟོགས;རྡོག;རྡོལ;ལོ;ལོག;ལོང;ཤོད;ཤོར;སེར;སོ;སོར;སྐར;སྐོང;སྐོར;སྒོ;སྒྱུར;སྒྲ;སྒྲུབ;སྒྲོལ;སྟན;སྟེར;སྟོང;སྟོན;སྡེ;སྣམ;སྣེ;སྤར;སྤྱོད;སྦྱར;སྦྱིན;སྦྱོང;སྦྱོར;སྦྲང	no	passed		ordinary_only	secure_independent_observation	retained
སྒོས	sgos	CORPUS_86605D8DD3C9;CORPUS_A6063072E7A9;CORPUS_16D4A9AA0695;CORPUS_735B62E02527	ཁོག;ཁོལ;ཁྲོག;ཁྲོད;ཁྲོམ;ཁྲོལ;གཅོད;གཏོར;གདོང;གདོན;གསོལ;གི;གུ;གེ;གོ;གྱིས;གྲང;གྲས;གྲི;གྲོ;གྲོལ;གྲོས;གླང;ངོས;ཅོ;ཅོག;ཆོག;ཆོས;ཏོག;ཐོ;ཐོག;ཐོད;ཐོན;ཐོབ;ཐོར;ཐོས;དོ;དྲོ;པོར;པོས;ཕོག;ཕོད;ཕོན;ཕོར;ཕྱིས;བཅོས;བརྟོལ;བརྩོན;བསྐལ;བསྐོར;བསྡུས;མཁས;མགར;མགོན;མགྲོན;མཆོད;མཛོད;ཚོལ;ཚོས;ཟས;ཟོར;འཁོར;ཡས;ཡོན;ཡོལ;རས;རིས;རུས;རོ;རོག;རྒོལ;རྟོགས;རྡོག;རྡོལ;རྡོས;ལས;ལུས;ལོ;ལོག;ལོང;ལྷས;ཤས;ཤོད;སོ;སོར;སྐར;སྐོང;སྐོར;སྐྱེས;སྒོ;སྒྱུར;སྒྲ;སྒྲུབ;སྒྲོལ;སྟན;སྟོང;སྟོན;སྡེ;སྣམ;སྣེ;སྤར;སྤྱོད;སྦྱིན;སྦྱོང;སྦྱོར;སྦྲང	no	passed		ordinary_only	nonadmissible_observation	downgraded
སྒྱིད	sgyid	CORPUS_86605D8DD3C9;CORPUS_A6063072E7A9;CORPUS_E34B3E203AE6;CORPUS_63EB474B7A3F;CORPUS_DDC164B090C8	ཀི;ཁྱག;ཁྱད;ཁྱབ;ཁྱེར;ཁྲིད;ཁྲོད;གི;གུ;གེ;གོ;གྱིས;གྲང;གྲས;གྲི;གྲོ;གྲོལ;གླང;གླིང;ཅི;ཅིག;ཆད;ཆིག;ཆུད;ཏི;ཏིག;ཐད;ཐིག;ཐེད;ཐོད;དྲོད;ནད;པད;ཕད;ཕུད;ཕོད;ཕྱད;ཕྱམ;ཕྱིན;ཕྱུགས;ཕྱེད;ཕྲད;ཕྲིན;བསྐལ;བྱད;བྱན;བྱིན;བྱེད;བྲེད;མགར;མགོན;མགྲིན;མཐུད;ཙི;ཚིགས;ཚིལ;ཚུད;ཛི;ཡི;ཡིན;ཡོད;རི;རིག;རིལ;རིས;རྒོད;རྒོལ;རྒྱུད;རྩེད;ལིང;ཤེད;ཤོད;སྐད;སྐར;སྐོང;སྐྱིད;སྐྱིལ;སྐྱེད;སྐྱོང;སྒོ;སྒྱུར;སྒྲ;སྒྲུབ;སྒྲོལ;སྟན;སྟོད;སྡེ;སྡོད;སྣམ;སྣེ;སྤར;སྤྱད;སྦྱང;སྦྱིན;སྦྲང;སྲིང;སྲིད	no	passed		ordinary_only	secure_independent_observation	retained
སྒྱུ	sgyu	CORPUS_86605D8DD3C9;CORPUS_A6063072E7A9;CORPUS_E34B3E203AE6;CORPUS_84A74DBDD722	ཀུན;ཁུག;ཁུལ;ཁྱག;ཁྱབ;ཁྱེར;གདུང;གི;གུ;གེ;གོ;གྱིས;གྲང;གྲས;གྲི;གྲུ;གྲོ;གྲོལ;གླང;ཆུག;ཆུང;ཆུད;ཆུན;ཐུ;ཐུང;ཐུན;ཐུབ;ཐུམ;ཐུར;ཐུལ;དུ;དྲུག;ནུ;ཕུག;ཕུད;ཕུབ;ཕུར;ཕྱད;ཕྱམ;ཕྱིན;ཕྱུགས;བཙུན;བརྟུལ;བསྐལ;བསྐུར;བྱན;བྱེད;མགར;མགོན;མཚུར;ཚུགས;ཚུར;ཚུལ;ཟུར;ཡུལ;རུག;རུས;རྒོལ;རྡུལ;ལུ;ལུག;ལུང;ལུས;སྐར;སྐོང;སྐྱོང;སྒོ;སྒྱུར;སྒྲ;སྒྲུབ;སྒྲོལ;སྟན;སྡེ;སྣམ;སྣེ;སྤར;སྦྱང;སྦྱིན;སྦྲང;སྲུང	no	passed		ordinary_only	secure_independent_observation	retained
སྒྱུག	sgyug	CORPUS_86605D8DD3C9;CORPUS_A6063072E7A9;CORPUS_E34B3E203AE6;CORPUS_84A74DBDD722;CORPUS_9A673562CD7A	ཀུན;ཁུག;ཁུལ;ཁོག;ཁྱག;ཁྱབ;ཁྱེར;ཁྲག;ཁྲོག;གདུང;གཡོག;གི;གུ;གེ;གོ;གྱིས;གྲང;གྲས;གྲི;གྲུ;གྲོ;གྲོལ;གླང;ཅིག;ཅོག;ཆག;ཆུག;ཆུང;ཆུད;ཆུན;ཆོག;ཏིག;ཐུ;ཐུང;ཐུན;ཐུབ;ཐུམ;ཐུར;ཐུལ;ཐེག;ཐོག;དམག;དུ;དྲུག;དྲེག;ནག;ནུ;པག;ཕག;ཕུག;ཕུད;ཕུབ;ཕུར;ཕོག;ཕྱད;ཕྱམ;ཕྱིན;ཕྱུགས;བདག;བཙུན;བརྟུལ;བསྐལ;བསྐུར;བྱན;བྱེད;བྲག;མགར;མགོན;མཚུར;ཚག;ཚུགས;ཚུར;ཚུལ;ཟུག;ཟུར;ཡིག;ཡུལ;རིག;རིགས;རུག;རུས;རོག;རྒོལ;རྡུལ;རྡེག;རྡོག;ལག;ལུ;ལུག;ལུང;ལུས;ལོག;ལྷག;ཤོག;སྐར;སྐོང;སྐྱོང;སྒོ;སྒྱུར;སྒྲ;སྒྲུབ;སྒྲོག;སྒྲོལ;སྟག;སྟན;སྡེ;སྣམ;སྣེ;སྤར;སྦྱང;སྦྱིན;སྦྲང;སྲུང;སྲོག;སློག	no	passed		ordinary_only	secure_independent_observation	retained
སྒྱོ	sgyo	CORPUS_86605D8DD3C9;CORPUS_A6063072E7A9;CORPUS_E34B3E203AE6;CORPUS_16D4A9AA0695	ཁོག;ཁོལ;ཁྱག;ཁྱབ;ཁྱེར;ཁྲོག;ཁྲོད;ཁྲོམ;ཁྲོལ;གཅོད;གཏོར;གདོང;གདོན;གསོལ;གི;གུ;གེ;གོ;གྱིས;གྲང;གྲས;གྲི;གྲོ;གྲོལ;གྲོས;གླང;ངོས;ཅོ;ཅོག;ཆོག;ཏོག;ཐོ;ཐོག;ཐོད;ཐོན;ཐོབ;ཐོར;དོ;དྲོ;པོར;ཕོག;ཕོད;ཕོན;ཕོར;ཕྱད;ཕྱམ;ཕྱིན;ཕྱུགས;བརྟོལ;བརྩོན;བསྐལ;བསྐོར;བྱན;བྱེད;མགར;མགོན;མགྲོན;མཆོད;མཛོད;ཚོལ;ཚོས;ཟོར;འཁོར;ཡོན;ཡོལ;རོ;རོག;རྒོལ;རྟོགས;རྡོག;རྡོལ;ལོ;ལོག;ལོང;ཤོད;སོ;སོར;སྐར;སྐོང;སྐོར;སྐྱོང;སྒོ;སྒྱུར;སྒྲ;སྒྲུབ;སྒྲོལ;སྟན;སྟོང;སྟོན;སྡེ;སྣམ;སྣེ;སྤར;སྤྱོད;སྦྱང;སྦྱིན;སྦྱོང;སྦྱོར;སྦྲང	no	passed		ordinary_only	nonadmissible_observation	downgraded
སྒྱོགས	sgyogs	CORPUS_86605D8DD3C9;CORPUS_A6063072E7A9;CORPUS_E34B3E203AE6;CORPUS_16D4A9AA0695;CORPUS_9A673562CD7A;CORPUS_F685D66CEF46	ཁུག;ཁུགས;ཁེབས;ཁོག;ཁོལ;ཁྱག;ཁྱབ;ཁྱེར;ཁྲག;ཁྲོག;ཁྲོད;ཁྲོམ;ཁྲོལ;གཅོད;གཏོར;གདོང;གདོན;གཡོག;གཡོགས;གསོལ;གི;གུ;གེ;གོ;གྱིས;གྲང;གྲས;གྲི;གྲོ;གྲོལ;གྲོས;གླང;ངོས;ཅིག;ཅོ;ཅོག;ཆག;ཆགས;ཆུག;ཆོག;ཏིག;ཏོག;ཐབས;ཐམས;ཐེག;ཐེབས;ཐོ;ཐོག;ཐོད;ཐོན;ཐོབ;ཐོར;དམག;དོ;དྲེག;དྲོ;ནག;ནགས;པག;པགས;པོར;ཕག;ཕུག;ཕུགས;ཕོག;ཕོད;ཕོན;ཕོར;ཕྱད;ཕྱམ;ཕྱིན;ཕྱུགས;བདག;བརྟགས;བརྟོལ;བརྩོན;བསྐལ;བསྐོར;བྱན;བྱེད;བྲག;མགར;མགོན;མགྲོན;མཆོད;མཛོད;ཚག;ཚགས;ཚོལ;ཚོས;ཟུག;ཟོར;འཁོར;ཡིག;ཡོན;ཡོལ;རིག;རིགས;རིམས;རུག;རོ;རོག;རྒོལ;རྟོགས;རྡེག;རྡོག;རྡོལ;ལག;ལུག;ལོ;ལོག;ལོང;ལྕགས;ལྷག;ཤོག;ཤོད;སོ;སོར;སྐར;སྐོང;སྐོར;སྐྱོང;སྒོ;སྒྱུར;སྒྲ;སྒྲུབ;སྒྲོག;སྒྲོལ;སྟག;སྟན;སྟོང;སྟོན;སྡེ;སྣམ;སྣེ;སྤར;སྤྱོད;སྦྱང;སྦྱིན;སྦྱོང;སྦྱོར;སྦྲང;སྲོག;སློག	no	passed		ordinary_only	secure_independent_observation	retained
སྒྲགས	sgrags	CORPUS_86605D8DD3C9;CORPUS_A6063072E7A9;CORPUS_7F71AFFFC788;CORPUS_01025FAF5D30;CORPUS_9A673562CD7A;CORPUS_F685D66CEF46	ཀན;ཁབ;ཁར;ཁུག;ཁུགས;ཁེབས;ཁོག;ཁྱག;ཁྲག;ཁྲབ;ཁྲམ;ཁྲལ;ཁྲོག;ཁྲོན;ཁྲོམ;ཁྲོལ;གཅད;གདན;གཡོག;གཡོགས;གསལ;གི;གུ;གེ;གོ;གྱིས;གྲང;གྲས;གྲི;གྲུ;གྲོ;གྲོལ;གླང;ཅིག;ཅོག;ཆག;ཆགས;ཆང;ཆད;ཆར;ཆུག;ཆོག;ཏིག;ཐང;ཐད;ཐབ;ཐབས;ཐམ;ཐམས;ཐར;ཐལ;ཐེག;ཐེབས;ཐོག;དམག;དྲེ;དྲེག;དྲོ;ནག;ནགས;པག;པགས;པར;ཕག;ཕད;ཕན;ཕབ;ཕུག;ཕུགས;ཕོག;ཕྱགས;ཕྱད;ཕྲད;ཕྲན;ཕྲིན;ཕྲུག;བདག;བཙན;བརྟགས;བརྩན;བསྐལ;བྱད;བྱན;བྲག;བྲང;བྲན;བྲལ;བྲེད;བྲོ;མགར;མགོན;མགྲོན;མཚར;མཛད;ཙ;ཚག;ཚགས;ཚར;ཛ;ཟ;ཟུག;འཁར;ཡན;ཡིག;རལ;རས;རིག;རིགས;རིམས;རུག;རོག;རྒོལ;རྟགས;རྟོགས;རྡལ;རྡེག;རྡོག;ལག;ལང;ལས;ལུག;ལོག;ལྕགས;ལྷག;ཤོག;སར;སྐར;སྐོང;སྒོ;སྒྱུར;སྒྲ;སྒྲུབ;སྒྲོག;སྒྲོལ;སྟག;སྟན;སྡེ;སྣ;སྣམ;སྣེ;སྤར;སྤྱད;སྦྱང;སྦྱར;སྦྱིན;སྦྲང;སྲོག;སློག	no	passed		ordinary_only	secure_independent_observation	retained
སྒྲིག	sgrig	CORPUS_86605D8DD3C9;CORPUS_A6063072E7A9;CORPUS_7F71AFFFC788;CORPUS_63EB474B7A3F;CORPUS_9A673562CD7A	ཀི;ཁུག;ཁོག;ཁྱག;ཁྲག;ཁྲབ;ཁྲིད;ཁྲོག;ཁྲོན;ཁྲོམ;ཁྲོལ;གཡོག;གི;གུ;གེ;གོ;གྱིས;གྲང;གྲས;གྲི;གྲུ;གྲོ;གྲོལ;གླང;གླིང;ཅི;ཅིག;ཅོག;ཆག;ཆིག;ཆུག;ཆོག;ཏི;ཏིག;ཐིག;ཐེག;ཐོག;དམག;དྲེ;དྲེག;དྲོ;ནག;པག;ཕག;ཕུག;ཕོག;ཕྲད;ཕྲན;ཕྲིན;ཕྲུག;བདག;བསྐལ;བྱིན;བྲག;བྲང;བྲན;བྲེད;བྲོ;མགར;མགོན;མགྲིན;མགྲོན;ཙི;ཚག;ཚིགས;ཚིལ;ཛི;ཟུག;ཡི;ཡིག;ཡིན;རི;རིག;རིགས;རིལ;རིས;རུག;རོག;རྒོལ;རྡེག;རྡོག;ལག;ལིང;ལུག;ལོག;ལྷག;ཤོག;སྐར;སྐོང;སྐྱིད;སྐྱིལ;སྒོ;སྒྱུར;སྒྲ;སྒྲུབ;སྒྲོག;སྒྲོལ;སྟག;སྟན;སྡེ;སྣམ;སྣེ;སྤར;སྦྱིན;སྦྲང;སྲིང;སྲོག;སློག	no	passed		ordinary_only	secure_independent_observation	retained
སྒྲིགས	sgrigs	CORPUS_86605D8DD3C9;CORPUS_A6063072E7A9;CORPUS_7F71AFFFC788;CORPUS_63EB474B7A3F;CORPUS_9A673562CD7A;CORPUS_F685D66CEF46	ཀི;ཁུག;ཁུགས;ཁེབས;ཁོག;ཁྱག;ཁྲག;ཁྲབ;ཁྲིད;ཁྲོག;ཁྲོན;ཁྲོམ;ཁྲོལ;གཡོག;གཡོགས;གི;གུ;གེ;གོ;གྱིས;གྲང;གྲས;གྲི;གྲུ;གྲོ;གྲོལ;གླང;གླིང;ཅི;ཅིག;ཅོག;ཆག;ཆགས;ཆིག;ཆུག;ཆོག;ཏི;ཏིག;ཐབས;ཐམས;ཐིག;ཐེག;ཐེབས;ཐོག;དམག;དྲེ;དྲེག;དྲོ;ནག;ནགས;པག;པགས;ཕག;ཕུག;ཕུགས;ཕོག;ཕྲད;ཕྲན;ཕྲིན;ཕྲུག;བདག;བརྟགས;བསྐལ;བྱིན;བྲག;བྲང;བྲན;བྲེད;བྲོ;མགར;མགོན;མགྲིན;མགྲོན;ཙི;ཚག;ཚགས;ཚིགས;ཚིལ;ཛི;ཟུག;ཡི;ཡིག;ཡིན;རི;རིག;རིགས;རིམས;རིལ;རིས;རུག;རོག;རྒོལ;རྟོགས;རྡེག;རྡོག;ལག;ལིང;ལུག;ལོག;ལྕགས;ལྷག;ཤོག;སྐར;སྐོང;སྐྱིད;སྐྱིལ;སྒོ;སྒྱུར;སྒྲ;སྒྲུབ;སྒྲོག;སྒྲོལ;སྟག;སྟན;སྡེ;སྣམ;སྣེ;སྤར;སྦྱིན;སྦྲང;སྲིང;སྲོག;སློག	no	passed		ordinary_only	secure_independent_observation	retained
སྒྲིན	sgrin	CORPUS_86605D8DD3C9;CORPUS_A6063072E7A9;CORPUS_7F71AFFFC788;CORPUS_63EB474B7A3F;CORPUS_76CFA3FCFF21	ཀན;ཀི;ཁོན;ཁྲག;ཁྲབ;ཁྲིད;ཁྲོག;ཁྲོན;ཁྲོམ;ཁྲོལ;གདོན;གི;གུ;གེ;གོ;གྱིས;གྲང;གྲས;གྲི;གྲུ;གྲོ;གྲོལ;གླང;གླིང;ཅི;ཅིག;ཆིག;ཆུན;ཆེན;ཏི;ཏིག;ཐིག;ཐུན;ཐེན;ཐོན;དམན;དྲེ;དྲོ;ནོན;པན;ཕན;ཕོན;ཕྱིན;ཕྲད;ཕྲན;ཕྲིན;ཕྲུག;བཙན;བསྐལ;བྱན;བྱིན;བྲང;བྲན;བྲེད;བྲོ;བློན;མཁན;མགར;མགོན;མགྲིན;མགྲོན;མཐུན;ཙི;ཚིགས;ཚིལ;ཚུན;ཛི;ཟན;ཡན;ཡི;ཡིན;ཡོན;རི;རིག;རིལ;རིས;རྒོལ;རྒྱུན;རྩེན;ལིང;ལེན;ཤན;སྐར;སྐོང;སྐྱིད;སྐྱིལ;སྒོ;སྒྱུར;སྒྲ;སྒྲུབ;སྒྲོལ;སྟན;སྟོན;སྡེ;སྣམ;སྣེ;སྤར;སྤྱན;སྦྱིན;སྦྲང;སྲིང;སྲོག	no	passed		ordinary_only	nonadmissible_observation	downgraded
སྒྲིབ	sgrib	CORPUS_86605D8DD3C9;CORPUS_A6063072E7A9;CORPUS_7F71AFFFC788;CORPUS_63EB474B7A3F;CORPUS_0C6592BB5CEF	ཀི;ཁབ;ཁེབ;ཁྱབ;ཁྲག;ཁྲབ;ཁྲིད;ཁྲོག;ཁྲོན;ཁྲོམ;ཁྲོལ;གདུབ;གི;གུ;གེ;གོ;གྱིས;གྲང;གྲས;གྲི;གྲུ;གྲུབ;གྲོ;གྲོལ;གླང;གླིང;ཅི;ཅིག;ཆིག;ཏི;ཏིག;ཐབ;ཐབས;ཐིག;ཐུབ;ཐེབ;ཐོབ;དྲེ;དྲོ;ཕབ;ཕུབ;ཕྲད;ཕྲན;ཕྲིན;ཕྲུག;བཏབ;བརྡབ;བསྐལ;བྱིན;བྲང;བྲན;བྲེད;བྲོ;མགར;མགོན;མགྲིན;མགྲོན;ཙི;ཚབ;ཚིགས;ཚིལ;ཛི;འབབ;ཡབ;ཡི;ཡིན;རབ;རི;རིག;རིལ;རིས;རྒོལ;ལིང;ལེབ;སྐར;སྐོང;སྐྱིད;སྐྱིལ;སྐྱོབ;སྒོ;སྒྱུར;སྒྲ;སྒྲུབ;སྒྲོལ;སྟན;སྡེ;སྡེབ;སྣམ;སྣེ;སྤར;སྦྱིན;སྦྲང;སྲིང;སྲོག;སློབ	no	passed		ordinary_only	secure_independent_observation	retained
སྒྲིབས	sgribs	CORPUS_86605D8DD3C9;CORPUS_A6063072E7A9;CORPUS_7F71AFFFC788;CORPUS_63EB474B7A3F;CORPUS_0C6592BB5CEF;CORPUS_F685D66CEF46	ཀི;ཁབ;ཁུགས;ཁེབ;ཁེབས;ཁྱབ;ཁྲག;ཁྲབ;ཁྲིད;ཁྲོག;ཁྲོན;ཁྲོམ;ཁྲོལ;གདུབ;གཡོགས;གི;གུ;གེ;གོ;གྱིས;གྲང;གྲས;གྲི;གྲུ;གྲུབ;གྲོ;གྲོལ;གླང;གླིང;ཅི;ཅིག;ཆགས;ཆིག;ཏི;ཏིག;ཐབ;ཐབས;ཐམས;ཐིག;ཐུབ;ཐེབ;ཐེབས;ཐོབ;དྲེ;དྲོ;ནགས;པགས;ཕབ;ཕུགས;ཕུབ;ཕྲད;ཕྲན;ཕྲིན;ཕྲུག;བཏབ;བརྟགས;བརྡབ;བསྐལ;བྱིན;བྲང;བྲན;བྲེད;བྲོ;མགར;མགོན;མགྲིན;མགྲོན;ཙི;ཚགས;ཚབ;ཚིགས;ཚིལ;ཛི;འབབ;ཡབ;ཡི;ཡིན;རབ;རི;རིག;རིགས;རིམས;རིལ;རིས;རྒོལ;རྟོགས;ལིང;ལེབ;ལྕགས;སྐར;སྐོང;སྐྱིད;སྐྱིལ;སྐྱོབ;སྒོ;སྒྱུར;སྒྲ;སྒྲུབ;སྒྲོལ;སྟན;སྡེ;སྡེབ;སྣམ;སྣེ;སྤར;སྦྱིན;སྦྲང;སྲིང;སྲོག;སློབ	no	passed		ordinary_only	nonadmissible_observation	downgraded
སྒྲིམ	sgrim	CORPUS_86605D8DD3C9;CORPUS_A6063072E7A9;CORPUS_7F71AFFFC788;CORPUS_63EB474B7A3F;CORPUS_5683E9A09D00	ཀི;ཁོམ;ཁྱིམ;ཁྲག;ཁྲབ;ཁྲམ;ཁྲིད;ཁྲོག;ཁྲོན;ཁྲོམ;ཁྲོལ;གསུམ;གི;གུ;གེ;གོ;གྱིས;གྲང;གྲས;གྲི;གྲུ;གྲོ;གྲོལ;གླང;གླིང;ཅི;ཅིག;ཆིག;ཏི;ཏིག;ཐམ;ཐམས;ཐིག;ཐུམ;ཐེམ;དྲེ;དྲོ;ནམ;ཕམ;ཕྱམ;ཕྲད;ཕྲན;ཕྲིན;ཕྲུག;བཅོམ;བསྐལ;བྱིན;བྲང;བྲན;བྲེད;བྲོ;མགར;མགོན;མགྲིན;མགྲོན;ཙམ;ཙི;ཚིགས;ཚིམ;ཚིལ;ཛི;ཡི;ཡིན;ཡུམ;རི;རིག;རིམ;རིམས;རིལ;རིས;རྒོལ;ལམ;ལིང;སྐམ;སྐར;སྐོང;སྐྱིད;སྐྱིལ;སྒོ;སྒྱུར;སྒྲ;སྒྲུབ;སྒྲོལ;སྟན;སྡེ;སྡོམ;སྣམ;སྣེ;སྤར;སྦྱིན;སྦྲང;སྲིང;སྲོག	no	passed		ordinary_only	secure_independent_observation	retained
སྒྲིམས	sgrims	CORPUS_86605D8DD3C9;CORPUS_A6063072E7A9;CORPUS_7F71AFFFC788;CORPUS_63EB474B7A3F;CORPUS_5683E9A09D00;CORPUS_F685D66CEF46	ཀི;ཁུགས;ཁེབས;ཁོམ;ཁྱིམ;ཁྲག;ཁྲབ;ཁྲམ;ཁྲིད;ཁྲོག;ཁྲོན;ཁྲོམ;ཁྲོལ;གཡོགས;གསུམ;གི;གུ;གེ;གོ;གྱིས;གྲང;གྲས;གྲི;གྲུ;གྲོ;གྲོལ;གླང;གླིང;ཅི;ཅིག;ཆགས;ཆིག;ཏི;ཏིག;ཐབས;ཐམ;ཐམས;ཐིག;ཐུམ;ཐེབས;ཐེམ;དྲེ;དྲོ;ནགས;ནམ;པགས;ཕམ;ཕུགས;ཕྱམ;ཕྲད;ཕྲན;ཕྲིན;ཕྲུག;བཅོམ;བརྟགས;བསྐལ;བྱིན;བྲང;བྲན;བྲེད;བྲོ;མགར;མགོན;མགྲིན;མགྲོན;ཙམ;ཙི;ཚགས;ཚིགས;ཚིམ;ཚིལ;ཛི;ཡི;ཡིན;ཡུམ;རི;རིག;རིགས;རིམ;རིམས;རིལ;རིས;རྒོལ;རྟོགས;ལམ;ལིང;ལྕགས;སྐམ;སྐར;སྐོང;སྐྱིད;སྐྱིལ;སྒོ;སྒྱུར;སྒྲ;སྒྲུབ;སྒྲོལ;སྟན;སྡེ;སྡོམ;སྣམ;སྣེ;སྤར;སྦྱིན;སྦྲང;སྲིང;སྲོག	no	passed		ordinary_only	nonadmissible_observation	downgraded
སྒྲུགས	sgrugs	CORPUS_86605D8DD3C9;CORPUS_A6063072E7A9;CORPUS_7F71AFFFC788;CORPUS_84A74DBDD722;CORPUS_9A673562CD7A;CORPUS_F685D66CEF46	ཀུན;ཁུག;ཁུགས;ཁུལ;ཁེབས;ཁོག;ཁྱག;ཁྲག;ཁྲབ;ཁྲོག;ཁྲོན;ཁྲོམ;ཁྲོལ;གདུང;གཡོག;གཡོགས;གི;གུ;གེ;གོ;གྱིས;གྲང;གྲས;གྲི;གྲུ;གྲོ;གྲོལ;གླང;ཅིག;ཅོག;ཆག;ཆགས;ཆུག;ཆུང;ཆུད;ཆུན;ཆོག;ཏིག;ཐབས;ཐམས;ཐུ;ཐུང;ཐུན;ཐུབ;ཐུམ;ཐུར;ཐུལ;ཐེག;ཐེབས;ཐོག;དམག;དུ;དྲུག;དྲེ;དྲེག;དྲོ;ནག;ནགས;ནུ;པག;པགས;ཕག;ཕུག;ཕུགས;ཕུད;ཕུབ;ཕུར;ཕོག;ཕྱུགས;ཕྲད;ཕྲན;ཕྲིན;ཕྲུག;བདག;བཙུན;བརྟགས;བརྟུལ;བསྐལ;བསྐུར;བྲག;བྲང;བྲན;བྲེད;བྲོ;མགར;མགོན;མགྲོན;མཚུར;ཚག;ཚགས;ཚུགས;ཚུར;ཚུལ;ཟུག;ཟུར;ཡིག;ཡུལ;རིག;རིགས;རིམས;རུག;རུས;རོག;རྒོལ;རྟོགས;རྡུལ;རྡེག;རྡོག;ལག;ལུ;ལུག;ལུང;ལུས;ལོག;ལྕགས;ལྷག;ཤོག;སྐར;སྐོང;སྒོ;སྒྱུར;སྒྲ;སྒྲུབ;སྒྲོག;སྒྲོལ;སྟག;སྟན;སྡེ;སྣམ;སྣེ;སྤར;སྦྱིན;སྦྲང;སྲུང;སྲོག;སློག	no	passed		ordinary_only	nonadmissible_observation	downgraded
སྒྲུང	sgruṅ	CORPUS_86605D8DD3C9;CORPUS_A6063072E7A9;CORPUS_7F71AFFFC788;CORPUS_84A74DBDD722;SUFFIX_NG_TO_NDOT	ཀུན;ཁུག;ཁུང;ཁུལ;ཁྲག;ཁྲབ;ཁྲོག;ཁྲོན;ཁྲོམ;ཁྲོལ;གཏོང;གདུང;གདོང;གསུང;གི;གུ;གེ;གོ;གྱིས;གྲང;གྲས;གྲི;གྲུ;གྲོ;གྲོལ;གླང;ཅིང;ཆང;ཆུག;ཆུང;ཆུད;ཆུན;ཐང;ཐུ;ཐུང;ཐུན;ཐུབ;ཐུམ;ཐུར;ཐུལ;དུ;དྲུག;དྲེ;དྲོ;ནུ;ཕུག;ཕུད;ཕུབ;ཕུར;ཕྱིང;ཕྱུགས;ཕྲད;ཕྲན;ཕྲིན;ཕྲུག;བཏང;བཙུན;བརྟུལ;བསྐལ;བསྐུར;བྲང;བྲན;བྲེད;བྲོ;མགར;མགོན;མགྲོན;མཐོང;མཚུར;ཚང;ཚུགས;ཚུར;ཚུལ;ཟུར;ཡང;ཡུལ;རིང;རུག;རུས;རྒོལ;རྡུལ;རྨང;ལང;ལུ;ལུག;ལུང;ལུས;ལོང;སེང;སྐར;སྐོང;སྐྱོང;སྒོ;སྒྱུར;སྒྲ;སྒྲུབ;སྒྲོལ;སྟན;སྟེང;སྟོང;སྡེ;སྣང;སྣམ;སྣེ;སྤར;སྤྱང;སྦྱང;སྦྱིན;སྦྱོང;སྦྲང;སྲིང;སྲུང;སྲོག	no	passed		ordinary_only	derived_target_plus_independent_feature_composition	retained
སྒྲུབས	sgrubs	CORPUS_86605D8DD3C9;CORPUS_A6063072E7A9;CORPUS_7F71AFFFC788;CORPUS_84A74DBDD722;CORPUS_0C6592BB5CEF;CORPUS_F685D66CEF46	ཀུན;ཁབ;ཁུག;ཁུགས;ཁུལ;ཁེབ;ཁེབས;ཁྱབ;ཁྲག;ཁྲབ;ཁྲོག;ཁྲོན;ཁྲོམ;ཁྲོལ;གདུང;གདུབ;གཡོགས;གི;གུ;གེ;གོ;གྱིས;གྲང;གྲས;གྲི;གྲུ;གྲུབ;གྲོ;གྲོལ;གླང;ཆགས;ཆུག;ཆུང;ཆུད;ཆུན;ཐབ;ཐབས;ཐམས;ཐུ;ཐུང;ཐུན;ཐུབ;ཐུམ;ཐུར;ཐུལ;ཐེབ;ཐེབས;ཐོབ;དུ;དྲུག;དྲེ;དྲོ;ནགས;ནུ;པགས;ཕབ;ཕུག;ཕུགས;ཕུད;ཕུབ;ཕུར;ཕྱུགས;ཕྲད;ཕྲན;ཕྲིན;ཕྲུག;བཏབ;བཙུན;བརྟགས;བརྟུལ;བརྡབ;བསྐལ;བསྐུར;བྲང;བྲན;བྲེད;བྲོ;མགར;མགོན;མགྲོན;མཚུར;ཚགས;ཚབ;ཚུགས;ཚུར;ཚུལ;ཟུར;འབབ;ཡབ;ཡུལ;རབ;རིགས;རིམས;རུག;རུས;རྒོལ;རྟོགས;རྡུལ;ལུ;ལུག;ལུང;ལུས;ལེབ;ལྕགས;སྐར;སྐོང;སྐྱོབ;སྒོ;སྒྱུར;སྒྲ;སྒྲུབ;སྒྲོལ;སྟན;སྡེ;སྡེབ;སྣམ;སྣེ;སྤར;སྦྱིན;སྦྲང;སྲུང;སྲོག;སློབ	no	passed		ordinary_only	nonadmissible_observation	downgraded
སྒྲོ	sgro	CORPUS_86605D8DD3C9;CORPUS_A6063072E7A9;CORPUS_7F71AFFFC788;CORPUS_16D4A9AA0695	ཁོག;ཁོལ;ཁྲག;ཁྲབ;ཁྲོག;ཁྲོད;ཁྲོན;ཁྲོམ;ཁྲོལ;གཅོད;གཏོར;གདོང;གདོན;གསོལ;གི;གུ;གེ;གོ;གྱིས;གྲང;གྲས;གྲི;གྲུ;གྲོ;གྲོལ;གྲོས;གླང;ངོས;ཅོ;ཅོག;ཆོག;ཏོག;ཐོ;ཐོག;ཐོད;ཐོན;ཐོབ;ཐོར;དོ;དྲེ;དྲོ;པོར;ཕོག;ཕོད;ཕོན;ཕོར;ཕྲད;ཕྲན;ཕྲིན;ཕྲུག;བརྟོལ;བརྩོན;བསྐལ;བསྐོར;བྲང;བྲན;བྲེད;བྲོ;མགར;མགོན;མགྲོན;མཆོད;མཛོད;ཚོལ;ཚོས;ཟོར;འཁོར;ཡོན;ཡོལ;རོ;རོག;རྒོལ;རྟོགས;རྡོག;རྡོལ;ལོ;ལོག;ལོང;ཤོད;སོ;སོར;སྐར;སྐོང;སྐོར;སྒོ;སྒྱུར;སྒྲ;སྒྲུབ;སྒྲོལ;སྟན;སྟོང;སྟོན;སྡེ;སྣམ;སྣེ;སྤར;སྤྱོད;སྦྱིན;སྦྱོང;སྦྱོར;སྦྲང;སྲོག	no	passed		ordinary_only	secure_independent_observation	retained
སྒྲོགས	sgrogs	CORPUS_86605D8DD3C9;CORPUS_A6063072E7A9;CORPUS_7F71AFFFC788;CORPUS_16D4A9AA0695;CORPUS_9A673562CD7A;CORPUS_F685D66CEF46	ཁུག;ཁུགས;ཁེབས;ཁོག;ཁོལ;ཁྱག;ཁྲག;ཁྲབ;ཁྲོག;ཁྲོད;ཁྲོན;ཁྲོམ;ཁྲོལ;གཅོད;གཏོར;གདོང;གདོན;གཡོག;གཡོགས;གསོལ;གི;གུ;གེ;གོ;གྱིས;གྲང;གྲས;གྲི;གྲུ;གྲོ;གྲོལ;གྲོས;གླང;ངོས;ཅིག;ཅོ;ཅོག;ཆག;ཆགས;ཆུག;ཆོག;ཏིག;ཏོག;ཐབས;ཐམས;ཐེག;ཐེབས;ཐོ;ཐོག;ཐོད;ཐོན;ཐོབ;ཐོར;དམག;དོ;དྲེ;དྲེག;དྲོ;ནག;ནགས;པག;པགས;པོར;ཕག;ཕུག;ཕུགས;ཕོག;ཕོད;ཕོན;ཕོར;ཕྲད;ཕྲན;ཕྲིན;ཕྲུག;བདག;བརྟགས;བརྟོལ;བརྩོན;བསྐལ;བསྐོར;བྲག;བྲང;བྲན;བྲེད;བྲོ;མགར;མགོན;མགྲོན;མཆོད;མཛོད;ཚག;ཚགས;ཚོལ;ཚོས;ཟུག;ཟོར;འཁོར;ཡིག;ཡོན;ཡོལ;རིག;རིགས;རིམས;རུག;རོ;རོག;རྒོལ;རྟོགས;རྡེག;རྡོག;རྡོལ;ལག;ལུག;ལོ;ལོག;ལོང;ལྕགས;ལྷག;ཤོག;ཤོད;སོ;སོར;སྐར;སྐོང;སྐོར;སྒོ;སྒྱུར;སྒྲ;སྒྲུབ;སྒྲོག;སྒྲོལ;སྟག;སྟན;སྟོང;སྟོན;སྡེ;སྣམ;སྣེ;སྤར;སྤྱོད;སྦྱིན;སྦྱོང;སྦྱོར;སྦྲང;སྲོག;སློག	no	passed		ordinary_only	secure_independent_observation	retained
སྒྲོན	sgron	CORPUS_86605D8DD3C9;CORPUS_A6063072E7A9;CORPUS_7F71AFFFC788;CORPUS_16D4A9AA0695;CORPUS_76CFA3FCFF21	ཀན;ཁོག;ཁོན;ཁོལ;ཁྲག;ཁྲབ;ཁྲོག;ཁྲོད;ཁྲོན;ཁྲོམ;ཁྲོལ;གཅོད;གཏོར;གདོང;གདོན;གསོལ;གི;གུ;གེ;གོ;གྱིས;གྲང;གྲས;གྲི;གྲུ;གྲོ;གྲོལ;གྲོས;གླང;ངོས;ཅོ;ཅོག;ཆུན;ཆེན;ཆོག;ཏོག;ཐུན;ཐེན;ཐོ;ཐོག;ཐོད;ཐོན;ཐོབ;ཐོར;དམན;དོ;དྲེ;དྲོ;ནོན;པན;པོར;ཕན;ཕོག;ཕོད;ཕོན;ཕོར;ཕྱིན;ཕྲད;ཕྲན;ཕྲིན;ཕྲུག;བཙན;བརྟོལ;བརྩོན;བསྐལ;བསྐོར;བྱན;བྱིན;བྲང;བྲན;བྲེད;བྲོ;བློན;མཁན;མགར;མགོན;མགྲོན;མཆོད;མཐུན;མཛོད;ཚུན;ཚོལ;ཚོས;ཟན;ཟོར;འཁོར;ཡན;ཡིན;ཡོན;ཡོལ;རོ;རོག;རྒོལ;རྒྱུན;རྟོགས;རྡོག;རྡོལ;རྩེན;ལེན;ལོ;ལོག;ལོང;ཤན;ཤོད;སོ;སོར;སྐར;སྐོང;སྐོར;སྒོ;སྒྱུར;སྒྲ;སྒྲུབ;སྒྲོལ;སྟན;སྟོང;སྟོན;སྡེ;སྣམ;སྣེ;སྤར;སྤྱན;སྤྱོད;སྦྱིན;སྦྱོང;སྦྱོར;སྦྲང;སྲོག	no	passed		ordinary_only	secure_independent_observation	retained
སྒྲོབ	sgrob	CORPUS_86605D8DD3C9;CORPUS_A6063072E7A9;CORPUS_7F71AFFFC788;CORPUS_16D4A9AA0695;CORPUS_0C6592BB5CEF	ཁབ;ཁེབ;ཁོག;ཁོལ;ཁྱབ;ཁྲག;ཁྲབ;ཁྲོག;ཁྲོད;ཁྲོན;ཁྲོམ;ཁྲོལ;གཅོད;གཏོར;གདུབ;གདོང;གདོན;གསོལ;གི;གུ;གེ;གོ;གྱིས;གྲང;གྲས;གྲི;གྲུ;གྲུབ;གྲོ;གྲོལ;གྲོས;གླང;ངོས;ཅོ;ཅོག;ཆོག;ཏོག;ཐབ;ཐབས;ཐུབ;ཐེབ;ཐོ;ཐོག;ཐོད;ཐོན;ཐོབ;ཐོར;དོ;དྲེ;དྲོ;པོར;ཕབ;ཕུབ;ཕོག;ཕོད;ཕོན;ཕོར;ཕྲད;ཕྲན;ཕྲིན;ཕྲུག;བཏབ;བརྟོལ;བརྡབ;བརྩོན;བསྐལ;བསྐོར;བྲང;བྲན;བྲེད;བྲོ;མགར;མགོན;མགྲོན;མཆོད;མཛོད;ཚབ;ཚོལ;ཚོས;ཟོར;འཁོར;འབབ;ཡབ;ཡོན;ཡོལ;རབ;རོ;རོག;རྒོལ;རྟོགས;རྡོག;རྡོལ;ལེབ;ལོ;ལོག;ལོང;ཤོད;སོ;སོར;སྐར;སྐོང;སྐོར;སྐྱོབ;སྒོ;སྒྱུར;སྒྲ;སྒྲུབ;སྒྲོལ;སྟན;སྟོང;སྟོན;སྡེ;སྡེབ;སྣམ;སྣེ;སྤར;སྤྱོད;སྦྱིན;སྦྱོང;སྦྱོར;སྦྲང;སྲོག;སློབ	no	passed		ordinary_only	nonadmissible_observation	downgraded
སྒྲོམ	sgrom	CORPUS_86605D8DD3C9;CORPUS_A6063072E7A9;CORPUS_7F71AFFFC788;CORPUS_16D4A9AA0695;CORPUS_5683E9A09D00	ཁོག;ཁོམ;ཁོལ;ཁྱིམ;ཁྲག;ཁྲབ;ཁྲམ;ཁྲོག;ཁྲོད;ཁྲོན;ཁྲོམ;ཁྲོལ;གཅོད;གཏོར;གདོང;གདོན;གསུམ;གསོལ;གི;གུ;གེ;གོ;གྱིས;གྲང;གྲས;གྲི;གྲུ;གྲོ;གྲོལ;གྲོས;གླང;ངོས;ཅོ;ཅོག;ཆོག;ཏོག;ཐམ;ཐམས;ཐུམ;ཐེམ;ཐོ;ཐོག;ཐོད;ཐོན;ཐོབ;ཐོར;དོ;དྲེ;དྲོ;ནམ;པོར;ཕམ;ཕོག;ཕོད;ཕོན;ཕོར;ཕྱམ;ཕྲད;ཕྲན;ཕྲིན;ཕྲུག;བཅོམ;བརྟོལ;བརྩོན;བསྐལ;བསྐོར;བྲང;བྲན;བྲེད;བྲོ;མགར;མགོན;མགྲོན;མཆོད;མཛོད;ཙམ;ཚིམ;ཚོལ;ཚོས;ཟོར;འཁོར;ཡུམ;ཡོན;ཡོལ;རིམ;རིམས;རོ;རོག;རྒོལ;རྟོགས;རྡོག;རྡོལ;ལམ;ལོ;ལོག;ལོང;ཤོད;སོ;སོར;སྐམ;སྐར;སྐོང;སྐོར;སྒོ;སྒྱུར;སྒྲ;སྒྲུབ;སྒྲོལ;སྟན;སྟོང;སྟོན;སྡེ;སྡོམ;སྣམ;སྣེ;སྤར;སྤྱོད;སྦྱིན;སྦྱོང;སྦྱོར;སྦྲང;སྲོག	no	passed		ordinary_only	secure_independent_observation	retained
སྒྲོས	sgros	CORPUS_86605D8DD3C9;CORPUS_A6063072E7A9;CORPUS_7F71AFFFC788;CORPUS_16D4A9AA0695;CORPUS_735B62E02527	ཁོག;ཁོལ;ཁྲག;ཁྲབ;ཁྲོག;ཁྲོད;ཁྲོན;ཁྲོམ;ཁྲོལ;གཅོད;གཏོར;གདོང;གདོན;གསོལ;གི;གུ;གེ;གོ;གྱིས;གྲང;གྲས;གྲི;གྲུ;གྲོ;གྲོལ;གྲོས;གླང;ངོས;ཅོ;ཅོག;ཆོག;ཆོས;ཏོག;ཐོ;ཐོག;ཐོད;ཐོན;ཐོབ;ཐོར;ཐོས;དོ;དྲེ;དྲོ;པོར;པོས;ཕོག;ཕོད;ཕོན;ཕོར;ཕྱིས;ཕྲད;ཕྲན;ཕྲིན;ཕྲུག;བཅོས;བརྟོལ;བརྩོན;བསྐལ;བསྐོར;བསྡུས;བྲང;བྲན;བྲེད;བྲོ;མཁས;མགར;མགོན;མགྲོན;མཆོད;མཛོད;ཚོལ;ཚོས;ཟས;ཟོར;འཁོར;ཡས;ཡོན;ཡོལ;རས;རིས;རུས;རོ;རོག;རྒོལ;རྟོགས;རྡོག;རྡོལ;རྡོས;ལས;ལུས;ལོ;ལོག;ལོང;ལྷས;ཤས;ཤོད;སོ;སོར;སྐར;སྐོང;སྐོར;སྐྱེས;སྒོ;སྒྱུར;སྒྲ;སྒྲུབ;སྒྲོལ;སྟན;སྟོང;སྟོན;སྡེ;སྣམ;སྣེ;སྤར;སྤྱོད;སྦྱིན;སྦྱོང;སྦྱོར;སྦྲང;སྲོག	no	passed		ordinary_only	nonadmissible_observation	downgraded
སྣག	snag	CORPUS_86605D8DD3C9;CORPUS_7F051B17DE73;CORPUS_01025FAF5D30;CORPUS_9A673562CD7A	ཀན;ཁབ;ཁར;ཁུག;ཁོག;ཁྱག;ཁྲག;ཁྲམ;ཁྲལ;ཁྲོག;གཅད;གདན;གནོན;གཡོག;གསལ;གྲས;གླང;ཅིག;ཅོག;ཆག;ཆང;ཆད;ཆར;ཆུག;ཆོག;ཏིག;ཐང;ཐད;ཐབ;ཐབས;ཐམ;ཐར;ཐལ;ཐེག;ཐོག;དམག;དྲེག;ནག;ནགས;ནད;ནམ;ནུ;ནེ;ནོན;ནོར;པག;པར;ཕག;ཕད;ཕན;ཕབ;ཕུག;ཕོག;ཕྱགས;ཕྱད;ཕྲན;བདག;བཙན;བརྩན;བསྐལ;བྱད;བྱན;བྲག;བྲལ;མཚར;མཛད;ཙ;ཚག;ཚགས;ཚར;ཛ;ཟ;ཟུག;འཁར;ཡན;ཡིག;རལ;རས;རིག;རིགས;རུག;རོག;རྟགས;རྡལ;རྡེག;རྡོག;རྣོ;ལག;ལང;ལས;ལུག;ལོག;ལྷག;ཤོག;སར;སྐར;སྐོང;སྒོ;སྒྱུར;སྒྲུབ;སྒྲོག;སྒྲོལ;སྟག;སྟན;སྡེ;སྣ;སྣམ;སྣེ;སྣོད;སྤར;སྤྱད;སྦྱང;སྦྱར;སྦྱིན;སྦྲང;སྲོག;སློག	no	passed		ordinary_only	secure_independent_observation	retained
སྣབས	snabs	CORPUS_86605D8DD3C9;CORPUS_7F051B17DE73;CORPUS_01025FAF5D30;CORPUS_0C6592BB5CEF;CORPUS_F685D66CEF46	ཀན;ཁབ;ཁར;ཁུགས;ཁེབ;ཁེབས;ཁྱབ;ཁྲག;ཁྲབ;ཁྲམ;ཁྲལ;གཅད;གདན;གདུབ;གནོན;གཡོགས;གསལ;གྲས;གྲུབ;གླང;ཆག;ཆགས;ཆང;ཆད;ཆར;ཐང;ཐད;ཐབ;ཐབས;ཐམ;ཐམས;ཐར;ཐལ;ཐུབ;ཐེབ;ཐེབས;ཐོབ;ནག;ནགས;ནད;ནམ;ནུ;ནེ;ནོན;ནོར;པགས;པར;ཕག;ཕད;ཕན;ཕབ;ཕུགས;ཕུབ;ཕྱགས;ཕྱད;ཕྲན;བཏབ;བཙན;བརྟགས;བརྡབ;བརྩན;བསྐལ;བྱད;བྱན;བྲལ;མཚར;མཛད;ཙ;ཚགས;ཚབ;ཚར;ཛ;ཟ;འཁར;འབབ;ཡན;ཡབ;རབ;རལ;རས;རིགས;རིམས;རྟགས;རྟོགས;རྡལ;རྣོ;ལག;ལང;ལས;ལེབ;ལྕགས;སར;སྐར;སྐོང;སྐྱོབ;སྒོ;སྒྱུར;སྒྲུབ;སྒྲོལ;སྟན;སྡེ;སྡེབ;སྣ;སྣམ;སྣེ;སྣོད;སྤར;སྤྱད;སྦྱང;སྦྱར;སྦྱིན;སྦྲང;སློབ	no	passed		ordinary_only	secure_independent_observation	retained
སྣར	snar	CORPUS_86605D8DD3C9;CORPUS_7F051B17DE73;CORPUS_01025FAF5D30;CORPUS_6783C3DA00D4	ཀན;ཀར;ཁབ;ཁར;ཁེར;ཁྲག;ཁྲམ;ཁྲལ;གཅད;གཏོར;གདན;གནོན;གསར;གསལ;གྲས;གླང;ཆག;ཆང;ཆད;ཆར;ཆེར;ཐང;ཐད;ཐབ;ཐབས;ཐམ;ཐར;ཐལ;ཐུར;ཐེར;ཐོར;ནག;ནགས;ནད;ནམ;ནུ;ནེ;ནོན;ནོར;པར;པོར;ཕག;ཕད;ཕན;ཕབ;ཕུར;ཕོར;ཕྱགས;ཕྱད;ཕྱར;ཕྲན;བདར;བཙན;བརྡར;བརྩན;བསྐལ;བྱད;བྱན;བྲལ;མཁར;མཚར;མཛད;ཙ;ཚགས;ཚར;ཚུར;ཛ;ཟ;ཟུར;ཟེར;འཁར;འཁོར;འབར;ཡན;ཡར;རལ;རས;རྟགས;རྡལ;རྣོ;ལག;ལང;ལས;ཤོར;སར;སེར;སོར;སྐར;སྐོང;སྐོར;སྒོ;སྒྱུར;སྒྲུབ;སྒྲོལ;སྟན;སྟེར;སྡེ;སྣ;སྣམ;སྣེ;སྣོད;སྤར;སྤྱད;སྦྱང;སྦྱར;སྦྱིན;སྦྱོར;སྦྲང	no	passed		ordinary_only	secure_independent_observation	retained
སྣུན	snun	CORPUS_86605D8DD3C9;CORPUS_7F051B17DE73;CORPUS_84A74DBDD722;CORPUS_76CFA3FCFF21	ཀན;ཀུན;ཁུག;ཁུལ;ཁོན;ཁྲོན;གདུང;གདོན;གནོན;གུ;གྲུ;ཆུག;ཆུང;ཆུད;ཆུན;ཆེན;ཐུ;ཐུང;ཐུན;ཐུབ;ཐུམ;ཐུར;ཐུལ;ཐེན;ཐོན;དམན;དུ;དྲུག;ནག;ནགས;ནད;ནམ;ནུ;ནེ;ནོན;ནོར;པན;ཕན;ཕུག;ཕུད;ཕུབ;ཕུར;ཕོན;ཕྱིན;ཕྱུགས;ཕྲན;བཙན;བཙུན;བརྟུལ;བསྐལ;བསྐུར;བྱན;བྱིན;བྲན;བློན;མཁན;མཐུན;མཚུར;ཚུགས;ཚུན;ཚུར;ཚུལ;ཟན;ཟུར;ཡན;ཡིན;ཡུལ;ཡོན;རུག;རུས;རྒྱུན;རྡུལ;རྣོ;རྩེན;ལུ;ལུག;ལུང;ལུས;ལེན;ཤན;སྐར;སྐོང;སྒོ;སྒྱུར;སྒྲུབ;སྒྲོལ;སྟན;སྟོན;སྡེ;སྣམ;སྣེ;སྣོད;སྤར;སྤྱན;སྦྱིན;སྦྲང;སྲུང	no	passed		ordinary_only	secure_independent_observation	retained
སྣུམ	snum	CORPUS_86605D8DD3C9;CORPUS_7F051B17DE73;CORPUS_84A74DBDD722;CORPUS_5683E9A09D00	ཀུན;ཁུག;ཁུལ;ཁོམ;ཁྱིམ;ཁྲམ;ཁྲོམ;གདུང;གནོན;གསུམ;གུ;གྲུ;ཆུག;ཆུང;ཆུད;ཆུན;ཐམ;ཐམས;ཐུ;ཐུང;ཐུན;ཐུབ;ཐུམ;ཐུར;ཐུལ;ཐེམ;དུ;དྲུག;ནག;ནགས;ནད;ནམ;ནུ;ནེ;ནོན;ནོར;ཕམ;ཕུག;ཕུད;ཕུབ;ཕུར;ཕྱམ;ཕྱུགས;བཅོམ;བཙུན;བརྟུལ;བསྐལ;བསྐུར;མཚུར;ཙམ;ཚིམ;ཚུགས;ཚུར;ཚུལ;ཟུར;ཡུམ;ཡུལ;རིམ;རིམས;རུག;རུས;རྡུལ;རྣོ;ལམ;ལུ;ལུག;ལུང;ལུས;སྐམ;སྐར;སྐོང;སྒོ;སྒྱུར;སྒྲུབ;སྒྲོལ;སྟན;སྡེ;སྡོམ;སྣམ;སྣེ;སྣོད;སྤར;སྦྱིན;སྦྲང;སྲུང	no	passed		ordinary_only	secure_independent_observation	retained
སྣུར	snur	CORPUS_86605D8DD3C9;CORPUS_7F051B17DE73;CORPUS_84A74DBDD722;CORPUS_6783C3DA00D4	ཀར;ཀུན;ཁར;ཁུག;ཁུལ;ཁེར;གཏོར;གདུང;གནོན;གསར;གུ;གྲུ;ཆར;ཆུག;ཆུང;ཆུད;ཆུན;ཆེར;ཐར;ཐུ;ཐུང;ཐུན;ཐུབ;ཐུམ;ཐུར;ཐུལ;ཐེར;ཐོར;དུ;དྲུག;ནག;ནགས;ནད;ནམ;ནུ;ནེ;ནོན;ནོར;པར;པོར;ཕུག;ཕུད;ཕུབ;ཕུར;ཕོར;ཕྱར;ཕྱུགས;བདར;བཙུན;བརྟུལ;བརྡར;བསྐལ;བསྐུར;མཁར;མཚུར;ཚར;ཚུགས;ཚུར;ཚུལ;ཟུར;ཟེར;འཁོར;འབར;ཡར;ཡུལ;རུག;རུས;རྡུལ;རྣོ;ལུ;ལུག;ལུང;ལུས;ཤོར;སེར;སོར;སྐར;སྐོང;སྐོར;སྒོ;སྒྱུར;སྒྲུབ;སྒྲོལ;སྟན;སྟེར;སྡེ;སྣམ;སྣེ;སྣོད;སྤར;སྦྱར;སྦྱིན;སྦྱོར;སྦྲང;སྲུང	no	passed		ordinary_only	nonadmissible_observation	downgraded
སྣོག	snog	CORPUS_86605D8DD3C9;CORPUS_7F051B17DE73;CORPUS_16D4A9AA0695;CORPUS_9A673562CD7A	ཁུག;ཁོག;ཁོལ;ཁྱག;ཁྲག;ཁྲོག;ཁྲོད;ཁྲོམ;ཁྲོལ;གཅོད;གཏོར;གདོང;གདོན;གནོན;གཡོག;གསོལ;གོ;གྲོ;གྲོས;ངོས;ཅིག;ཅོ;ཅོག;ཆག;ཆུག;ཆོག;ཏིག;ཏོག;ཐེག;ཐོ;ཐོག;ཐོད;ཐོན;ཐོབ;ཐོར;དམག;དོ;དྲེག;དྲོ;ནག;ནགས;ནད;ནམ;ནུ;ནེ;ནོན;ནོར;པག;པོར;ཕག;ཕུག;ཕོག;ཕོད;ཕོན;ཕོར;བདག;བརྟོལ;བརྩོན;བསྐལ;བསྐོར;བྲག;མགྲོན;མཆོད;མཛོད;ཚག;ཚོལ;ཚོས;ཟུག;ཟོར;འཁོར;ཡིག;ཡོན;ཡོལ;རིག;རིགས;རུག;རོ;རོག;རྟོགས;རྡེག;རྡོག;རྡོལ;རྣོ;ལག;ལུག;ལོ;ལོག;ལོང;ལྷག;ཤོག;ཤོད;སོ;སོར;སྐར;སྐོང;སྐོར;སྒོ;སྒྱུར;སྒྲུབ;སྒྲོག;སྒྲོལ;སྟག;སྟན;སྟོང;སྟོན;སྡེ;སྣམ;སྣེ;སྣོད;སྤར;སྤྱོད;སྦྱིན;སྦྱོང;སྦྱོར;སྦྲང;སྲོག;སློག	no	passed		ordinary_only	nonadmissible_observation	downgraded
སྣོན	snon	CORPUS_86605D8DD3C9;CORPUS_7F051B17DE73;CORPUS_16D4A9AA0695;CORPUS_76CFA3FCFF21	ཀན;ཁོག;ཁོན;ཁོལ;ཁྲོག;ཁྲོད;ཁྲོན;ཁྲོམ;ཁྲོལ;གཅོད;གཏོར;གདོང;གདོན;གནོན;གསོལ;གོ;གྲོ;གྲོས;ངོས;ཅོ;ཅོག;ཆུན;ཆེན;ཆོག;ཏོག;ཐུན;ཐེན;ཐོ;ཐོག;ཐོད;ཐོན;ཐོབ;ཐོར;དམན;དོ;དྲོ;ནག;ནགས;ནད;ནམ;ནུ;ནེ;ནོན;ནོར;པན;པོར;ཕན;ཕོག;ཕོད;ཕོན;ཕོར;ཕྱིན;ཕྲན;བཙན;བརྟོལ;བརྩོན;བསྐལ;བསྐོར;བྱན;བྱིན;བྲན;བློན;མཁན;མགྲོན;མཆོད;མཐུན;མཛོད;ཚུན;ཚོལ;ཚོས;ཟན;ཟོར;འཁོར;ཡན;ཡིན;ཡོན;ཡོལ;རོ;རོག;རྒྱུན;རྟོགས;རྡོག;རྡོལ;རྣོ;རྩེན;ལེན;ལོ;ལོག;ལོང;ཤན;ཤོད;སོ;སོར;སྐར;སྐོང;སྐོར;སྒོ;སྒྱུར;སྒྲུབ;སྒྲོལ;སྟན;སྟོང;སྟོན;སྡེ;སྣམ;སྣེ;སྣོད;སྤར;སྤྱན;སྤྱོད;སྦྱིན;སྦྱོང;སྦྱོར;སྦྲང	no	passed		ordinary_only	nonadmissible_observation	downgraded
སྣོམ	snom	CORPUS_86605D8DD3C9;CORPUS_7F051B17DE73;CORPUS_16D4A9AA0695;CORPUS_5683E9A09D00	ཁོག;ཁོམ;ཁོལ;ཁྱིམ;ཁྲམ;ཁྲོག;ཁྲོད;ཁྲོམ;ཁྲོལ;གཅོད;གཏོར;གདོང;གདོན;གནོན;གསུམ;གསོལ;གོ;གྲོ;གྲོས;ངོས;ཅོ;ཅོག;ཆོག;ཏོག;ཐམ;ཐམས;ཐུམ;ཐེམ;ཐོ;ཐོག;ཐོད;ཐོན;ཐོབ;ཐོར;དོ;དྲོ;ནག;ནགས;ནད;ནམ;ནུ;ནེ;ནོན;ནོར;པོར;ཕམ;ཕོག;ཕོད;ཕོན;ཕོར;ཕྱམ;བཅོམ;བརྟོལ;བརྩོན;བསྐལ;བསྐོར;མགྲོན;མཆོད;མཛོད;ཙམ;ཚིམ;ཚོལ;ཚོས;ཟོར;འཁོར;ཡུམ;ཡོན;ཡོལ;རིམ;རིམས;རོ;རོག;རྟོགས;རྡོག;རྡོལ;རྣོ;ལམ;ལོ;ལོག;ལོང;ཤོད;སོ;སོར;སྐམ;སྐར;སྐོང;སྐོར;སྒོ;སྒྱུར;སྒྲུབ;སྒྲོལ;སྟན;སྟོང;སྟོན;སྡེ;སྡོམ;སྣམ;སྣེ;སྣོད;སྤར;སྤྱོད;སྦྱིན;སྦྱོང;སྦྱོར;སྦྲང	no	passed		ordinary_only	nonadmissible_observation	downgraded
སྦ	sba	CORPUS_86605D8DD3C9;CORPUS_B453155DE050;CORPUS_01025FAF5D30	ཀན;ཁབ;ཁར;ཁྲག;ཁྲམ;ཁྲལ;གཅད;གདན;གསལ;གྲས;གླང;ཆག;ཆང;ཆད;ཆར;ཐང;ཐད;ཐབ;ཐབས;ཐམ;ཐར;ཐལ;པར;ཕག;ཕད;ཕན;ཕབ;ཕྱགས;ཕྱད;ཕྲན;བཙན;བརྩན;བསྐལ;བྱད;བྱན;བྱི;བྱིན;བྱེད;བྲག;བྲང;བྲན;བྲལ;བྲོ;བླང;མཚར;མཛད;ཙ;ཚགས;ཚར;ཛ;ཟ;འཁར;འབར;ཡན;རལ;རས;རྟགས;རྡལ;ལག;ལང;ལས;སར;སྐར;སྐོང;སྒོ;སྒྱུར;སྒྲུབ;སྒྲོལ;སྟན;སྡེ;སྣ;སྣམ;སྣེ;སྤར;སྤྱད;སྦྱང;སྦྱར;སྦྱིན;སྦྱོང;སྦྲང	no	passed		ordinary_only	nonadmissible_observation	downgraded
སྦག	sbag	CORPUS_86605D8DD3C9;CORPUS_B453155DE050;CORPUS_01025FAF5D30;CORPUS_9A673562CD7A	ཀན;ཁབ;ཁར;ཁུག;ཁོག;ཁྱག;ཁྲག;ཁྲམ;ཁྲལ;ཁྲོག;གཅད;གདན;གཡོག;གསལ;གྲས;གླང;ཅིག;ཅོག;ཆག;ཆང;ཆད;ཆར;ཆུག;ཆོག;ཏིག;ཐང;ཐད;ཐབ;ཐབས;ཐམ;ཐར;ཐལ;ཐེག;ཐོག;དམག;དྲེག;ནག;པག;པར;ཕག;ཕད;ཕན;ཕབ;ཕུག;ཕོག;ཕྱགས;ཕྱད;ཕྲན;བདག;བཙན;བརྩན;བསྐལ;བྱད;བྱན;བྱི;བྱིན;བྱེད;བྲག;བྲང;བྲན;བྲལ;བྲོ;བླང;མཚར;མཛད;ཙ;ཚག;ཚགས;ཚར;ཛ;ཟ;ཟུག;འཁར;འབར;ཡན;ཡིག;རལ;རས;རིག;རིགས;རུག;རོག;རྟགས;རྡལ;རྡེག;རྡོག;ལག;ལང;ལས;ལུག;ལོག;ལྷག;ཤོག;སར;སྐར;སྐོང;སྒོ;སྒྱུར;སྒྲུབ;སྒྲོག;སྒྲོལ;སྟག;སྟན;སྡེ;སྣ;སྣམ;སྣེ;སྤར;སྤྱད;སྦྱང;སྦྱར;སྦྱིན;སྦྱོང;སྦྲང;སྲོག;སློག	no	passed		ordinary_only	secure_independent_observation	retained
སྦས	sbas	CORPUS_86605D8DD3C9;CORPUS_B453155DE050;CORPUS_01025FAF5D30;CORPUS_735B62E02527	ཀན;ཁབ;ཁར;ཁྲག;ཁྲམ;ཁྲལ;གཅད;གདན;གསལ;གྲས;གྲོས;གླང;ངོས;ཆག;ཆང;ཆད;ཆར;ཆོས;ཐང;ཐད;ཐབ;ཐབས;ཐམ;ཐར;ཐལ;ཐོས;པར;པོས;ཕག;ཕད;ཕན;ཕབ;ཕྱགས;ཕྱད;ཕྱིས;ཕྲན;བཅོས;བཙན;བརྩན;བསྐལ;བསྡུས;བྱད;བྱན;བྱི;བྱིན;བྱེད;བྲག;བྲང;བྲན;བྲལ;བྲོ;བླང;མཁས;མཚར;མཛད;ཙ;ཚགས;ཚར;ཚོས;ཛ;ཟ;ཟས;འཁར;འབར;ཡན;ཡས;རལ;རས;རིས;རུས;རྟགས;རྡལ;རྡོས;ལག;ལང;ལས;ལུས;ལྷས;ཤས;སར;སྐར;སྐོང;སྐྱེས;སྒོ;སྒྱུར;སྒྲུབ;སྒྲོལ;སྟན;སྡེ;སྣ;སྣམ;སྣེ;སྤར;སྤྱད;སྦྱང;སྦྱར;སྦྱིན;སྦྱོང;སྦྲང	no	passed		ordinary_only	secure_independent_observation	retained
སྦུ	sbu	CORPUS_86605D8DD3C9;CORPUS_B453155DE050;CORPUS_84A74DBDD722	ཀུན;ཁུག;ཁུལ;གདུང;གུ;གྲུ;ཆུག;ཆུང;ཆུད;ཆུན;ཐུ;ཐུང;ཐུན;ཐུབ;ཐུམ;ཐུར;ཐུལ;དུ;དྲུག;ནུ;ཕུག;ཕུད;ཕུབ;ཕུར;ཕྱུགས;བཙུན;བརྟུལ;བསྐལ;བསྐུར;བྱད;བྱི;བྱིན;བྱེད;བྲག;བྲང;བྲན;བྲལ;བྲོ;བླང;མཚུར;ཚུགས;ཚུར;ཚུལ;ཟུར;འབར;ཡུལ;རུག;རུས;རྡུལ;ལུ;ལུག;ལུང;ལུས;སྐར;སྐོང;སྒོ;སྒྱུར;སྒྲུབ;སྒྲོལ;སྟན;སྡེ;སྣམ;སྣེ;སྤར;སྦྱང;སྦྱིན;སྦྱོང;སྦྲང;སྲུང	no	passed		ordinary_only	nonadmissible_observation	downgraded
སྦུབས	sbubs	CORPUS_86605D8DD3C9;CORPUS_B453155DE050;CORPUS_84A74DBDD722;CORPUS_0C6592BB5CEF;CORPUS_F685D66CEF46	ཀུན;ཁབ;ཁུག;ཁུགས;ཁུལ;ཁེབ;ཁེབས;ཁྱབ;ཁྲབ;གདུང;གདུབ;གཡོགས;གུ;གྲུ;གྲུབ;ཆགས;ཆུག;ཆུང;ཆུད;ཆུན;ཐབ;ཐབས;ཐམས;ཐུ;ཐུང;ཐུན;ཐུབ;ཐུམ;ཐུར;ཐུལ;ཐེབ;ཐེབས;ཐོབ;དུ;དྲུག;ནགས;ནུ;པགས;ཕབ;ཕུག;ཕུགས;ཕུད;ཕུབ;ཕུར;ཕྱུགས;བཏབ;བཙུན;བརྟགས;བརྟུལ;བརྡབ;བསྐལ;བསྐུར;བྱད;བྱི;བྱིན;བྱེད;བྲག;བྲང;བྲན;བྲལ;བྲོ;བླང;མཚུར;ཚགས;ཚབ;ཚུགས;ཚུར;ཚུལ;ཟུར;འབབ;འབར;ཡབ;ཡུལ;རབ;རིགས;རིམས;རུག;རུས;རྟོགས;རྡུལ;ལུ;ལུག;ལུང;ལུས;ལེབ;ལྕགས;སྐར;སྐོང;སྐྱོབ;སྒོ;སྒྱུར;སྒྲུབ;སྒྲོལ;སྟན;སྡེ;སྡེབ;སྣམ;སྣེ;སྤར;སྦྱང;སྦྱིན;སྦྱོང;སྦྲང;སྲུང;སློབ	no	passed		ordinary_only	nonadmissible_observation	downgraded
སྦུར	sbur	CORPUS_86605D8DD3C9;CORPUS_B453155DE050;CORPUS_84A74DBDD722;CORPUS_6783C3DA00D4	ཀར;ཀུན;ཁར;ཁུག;ཁུལ;ཁེར;གཏོར;གདུང;གསར;གུ;གྲུ;ཆར;ཆུག;ཆུང;ཆུད;ཆུན;ཆེར;ཐར;ཐུ;ཐུང;ཐུན;ཐུབ;ཐུམ;ཐུར;ཐུལ;ཐེར;ཐོར;དུ;དྲུག;ནུ;ནོར;པར;པོར;ཕུག;ཕུད;ཕུབ;ཕུར;ཕོར;ཕྱར;ཕྱུགས;བདར;བཙུན;བརྟུལ;བརྡར;བསྐལ;བསྐུར;བྱད;བྱི;བྱིན;བྱེད;བྲག;བྲང;བྲན;བྲལ;བྲོ;བླང;མཁར;མཚུར;ཚར;ཚུགས;ཚུར;ཚུལ;ཟུར;ཟེར;འཁོར;འབར;ཡར;ཡུལ;རུག;རུས;རྡུལ;ལུ;ལུག;ལུང;ལུས;ཤོར;སེར;སོར;སྐར;སྐོང;སྐོར;སྒོ;སྒྱུར;སྒྲུབ;སྒྲོལ;སྟན;སྟེར;སྡེ;སྣམ;སྣེ;སྤར;སྦྱང;སྦྱར;སྦྱིན;སྦྱོང;སྦྱོར;སྦྲང;སྲུང	no	passed		ordinary_only	nonadmissible_observation	downgraded
སྦོ	sbo	CORPUS_86605D8DD3C9;CORPUS_B453155DE050;CORPUS_16D4A9AA0695	ཁོག;ཁོལ;ཁྲོག;ཁྲོད;ཁྲོམ;ཁྲོལ;གཅོད;གཏོར;གདོང;གདོན;གསོལ;གོ;གྲོ;གྲོས;ངོས;ཅོ;ཅོག;ཆོག;ཏོག;ཐོ;ཐོག;ཐོད;ཐོན;ཐོབ;ཐོར;དོ;དྲོ;པོར;ཕོག;ཕོད;ཕོན;ཕོར;བརྟོལ;བརྩོན;བསྐལ;བསྐོར;བྱད;བྱི;བྱིན;བྱེད;བྲག;བྲང;བྲན;བྲལ;བྲོ;བླང;མགྲོན;མཆོད;མཛོད;ཚོལ;ཚོས;ཟོར;འཁོར;འབར;ཡོན;ཡོལ;རོ;རོག;རྟོགས;རྡོག;རྡོལ;ལོ;ལོག;ལོང;ཤོད;སོ;སོར;སྐར;སྐོང;སྐོར;སྒོ;སྒྱུར;སྒྲུབ;སྒྲོལ;སྟན;སྟོང;སྟོན;སྡེ;སྣམ;སྣེ;སྤར;སྤྱོད;སྦྱང;སྦྱིན;སྦྱོང;སྦྱོར;སྦྲང	no	passed		ordinary_only	nonadmissible_observation	downgraded
སྦོངས	sboṅs	CORPUS_86605D8DD3C9;CORPUS_B453155DE050;CORPUS_16D4A9AA0695;SUFFIX_NG_TO_NDOT;CORPUS_F685D66CEF46	ཁུགས;ཁུང;ཁེབས;ཁོག;ཁོལ;ཁྲོག;ཁྲོད;ཁྲོམ;ཁྲོལ;གཅོད;གཏོང;གཏོར;གདུང;གདོང;གདོན;གཡོགས;གསུང;གསོལ;གོ;གྲང;གྲོ;གྲོས;ངོས;ཅིང;ཅོ;ཅོག;ཆགས;ཆང;ཆུང;ཆོག;ཏོག;ཐང;ཐབས;ཐམས;ཐུང;ཐེབས;ཐོ;ཐོག;ཐོད;ཐོན;ཐོབ;ཐོར;དོ;དྲོ;ནགས;པགས;པོར;ཕུགས;ཕོག;ཕོད;ཕོན;ཕོར;ཕྱིང;བཏང;བརྟགས;བརྟོལ;བརྩོན;བསྐལ;བསྐོར;བྱད;བྱི;བྱིན;བྱེད;བྲག;བྲང;བྲན;བྲལ;བྲོ;བླང;མགྲོན;མཆོད;མཐོང;མཛོད;ཚགས;ཚང;ཚོལ;ཚོས;ཟོར;འཁོར;འབར;ཡང;ཡོན;ཡོལ;རིགས;རིང;རིམས;རོ;རོག;རྟོགས;རྡོག;རྡོལ;རྨང;ལང;ལུང;ལོ;ལོག;ལོང;ལྕགས;ཤོད;སེང;སོ;སོར;སྐར;སྐོང;སྐོར;སྐྱོང;སྒོ;སྒྱུར;སྒྲུབ;སྒྲོལ;སྟན;སྟེང;སྟོང;སྟོན;སྡེ;སྣང;སྣམ;སྣེ;སྤར;སྤྱང;སྤྱོད;སྦྱང;སྦྱིན;སྦྱོང;སྦྱོར;སྦྲང;སྲིང	no	passed		ordinary_only	nonadmissible_observation	downgraded
སྦོས	sbos	CORPUS_86605D8DD3C9;CORPUS_B453155DE050;CORPUS_16D4A9AA0695;CORPUS_735B62E02527	ཁོག;ཁོལ;ཁྲོག;ཁྲོད;ཁྲོམ;ཁྲོལ;གཅོད;གཏོར;གདོང;གདོན;གསོལ;གོ;གྲས;གྲོ;གྲོས;ངོས;ཅོ;ཅོག;ཆོག;ཆོས;ཏོག;ཐོ;ཐོག;ཐོད;ཐོན;ཐོབ;ཐོར;ཐོས;དོ;དྲོ;པོར;པོས;ཕོག;ཕོད;ཕོན;ཕོར;ཕྱིས;བཅོས;བརྟོལ;བརྩོན;བསྐལ;བསྐོར;བསྡུས;བྱད;བྱི;བྱིན;བྱེད;བྲག;བྲང;བྲན;བྲལ;བྲོ;བླང;མཁས;མགྲོན;མཆོད;མཛོད;ཚོལ;ཚོས;ཟས;ཟོར;འཁོར;འབར;ཡས;ཡོན;ཡོལ;རས;རིས;རུས;རོ;རོག;རྟོགས;རྡོག;རྡོལ;རྡོས;ལས;ལུས;ལོ;ལོག;ལོང;ལྷས;ཤས;ཤོད;སོ;སོར;སྐར;སྐོང;སྐོར;སྐྱེས;སྒོ;སྒྱུར;སྒྲུབ;སྒྲོལ;སྟན;སྟོང;སྟོན;སྡེ;སྣམ;སྣེ;སྤར;སྤྱོད;སྦྱང;སྦྱིན;སྦྱོང;སྦྱོར;སྦྲང	no	passed		ordinary_only	nonadmissible_observation	downgraded
སྦྱངས	sbyaṅs	CORPUS_86605D8DD3C9;CORPUS_B453155DE050;CORPUS_E34B3E203AE6;CORPUS_01025FAF5D30;SUFFIX_NG_TO_NDOT;CORPUS_F685D66CEF46	ཀན;ཁབ;ཁར;ཁུགས;ཁུང;ཁེབས;ཁྱག;ཁྱབ;ཁྱེར;ཁྲག;ཁྲམ;ཁྲལ;གཅད;གཏོང;གདན;གདུང;གདོང;གཡོགས;གསལ;གསུང;གྲང;གྲས;གླང;ཅིང;ཆག;ཆགས;ཆང;ཆད;ཆར;ཆུང;ཐང;ཐད;ཐབ;ཐབས;ཐམ;ཐམས;ཐར;ཐལ;ཐུང;ཐེབས;ནགས;པགས;པར;ཕག;ཕད;ཕན;ཕབ;ཕུགས;ཕྱགས;ཕྱད;ཕྱམ;ཕྱིང;ཕྱིན;ཕྱུགས;ཕྲན;བཏང;བཙན;བརྟགས;བརྩན;བསྐལ;བྱད;བྱན;བྱི;བྱིན;བྱེད;བྲག;བྲང;བྲན;བྲལ;བྲོ;བླང;མཐོང;མཚར;མཛད;ཙ;ཚགས;ཚང;ཚར;ཛ;ཟ;འཁར;འབར;ཡང;ཡན;རལ;རས;རིགས;རིང;རིམས;རྟགས;རྟོགས;རྡལ;རྨང;ལག;ལང;ལས;ལུང;ལོང;ལྕགས;སར;སེང;སྐར;སྐོང;སྐྱོང;སྒོ;སྒྱུར;སྒྲུབ;སྒྲོལ;སྟན;སྟེང;སྟོང;སྡེ;སྣ;སྣང;སྣམ;སྣེ;སྤར;སྤྱང;སྤྱད;སྦྱང;སྦྱར;སྦྱིན;སྦྱོང;སྦྲང;སྲིང	no	passed		ordinary_only	nonadmissible_observation	downgraded
སྦྱོངས	sbyoṅs	CORPUS_86605D8DD3C9;CORPUS_B453155DE050;CORPUS_E34B3E203AE6;CORPUS_16D4A9AA0695;SUFFIX_NG_TO_NDOT;CORPUS_F685D66CEF46	ཁུགས;ཁུང;ཁེབས;ཁོག;ཁོལ;ཁྱག;ཁྱབ;ཁྱེར;ཁྲོག;ཁྲོད;ཁྲོམ;ཁྲོལ;གཅོད;གཏོང;གཏོར;གདུང;གདོང;གདོན;གཡོགས;གསུང;གསོལ;གོ;གྲང;གྲོ;གྲོས;ངོས;ཅིང;ཅོ;ཅོག;ཆགས;ཆང;ཆུང;ཆོག;ཏོག;ཐང;ཐབས;ཐམས;ཐུང;ཐེབས;ཐོ;ཐོག;ཐོད;ཐོན;ཐོབ;ཐོར;དོ;དྲོ;ནགས;པགས;པོར;ཕུགས;ཕོག;ཕོད;ཕོན;ཕོར;ཕྱད;ཕྱམ;ཕྱིང;ཕྱིན;ཕྱུགས;བཏང;བརྟགས;བརྟོལ;བརྩོན;བསྐལ;བསྐོར;བྱད;བྱན;བྱི;བྱིན;བྱེད;བྲག;བྲང;བྲན;བྲལ;བྲོ;བླང;མགྲོན;མཆོད;མཐོང;མཛོད;ཚགས;ཚང;ཚོལ;ཚོས;ཟོར;འཁོར;འབར;ཡང;ཡོན;ཡོལ;རིགས;རིང;རིམས;རོ;རོག;རྟོགས;རྡོག;རྡོལ;རྨང;ལང;ལུང;ལོ;ལོག;ལོང;ལྕགས;ཤོད;སེང;སོ;སོར;སྐར;སྐོང;སྐོར;སྐྱོང;སྒོ;སྒྱུར;སྒྲུབ;སྒྲོལ;སྟན;སྟེང;སྟོང;སྟོན;སྡེ;སྣང;སྣམ;སྣེ;སྤར;སྤྱང;སྤྱོད;སྦྱང;སྦྱིན;སྦྱོང;སྦྱོར;སྦྲང;སྲིང	no	passed		ordinary_only	nonadmissible_observation	downgraded
སྦྲགས	sbrags	CORPUS_86605D8DD3C9;CORPUS_B453155DE050;CORPUS_7F71AFFFC788;CORPUS_01025FAF5D30;CORPUS_9A673562CD7A;CORPUS_F685D66CEF46	ཀན;ཁབ;ཁར;ཁུག;ཁུགས;ཁེབས;ཁོག;ཁྱག;ཁྲག;ཁྲབ;ཁྲམ;ཁྲལ;ཁྲོག;ཁྲོན;ཁྲོམ;ཁྲོལ;གཅད;གདན;གཡོག;གཡོགས;གསལ;གྲང;གྲས;གྲི;གྲུ;གྲོ;གླང;ཅིག;ཅོག;ཆག;ཆགས;ཆང;ཆད;ཆར;ཆུག;ཆོག;ཏིག;ཐང;ཐད;ཐབ;ཐབས;ཐམ;ཐམས;ཐར;ཐལ;ཐེག;ཐེབས;ཐོག;དམག;དྲེ;དྲེག;དྲོ;ནག;ནགས;པག;པགས;པར;ཕག;ཕད;ཕན;ཕབ;ཕུག;ཕུགས;ཕོག;ཕྱགས;ཕྱད;ཕྲད;ཕྲན;ཕྲིན;ཕྲུག;བདག;བཙན;བརྟགས;བརྩན;བསྐལ;བྱད;བྱན;བྱི;བྱིན;བྱེད;བྲག;བྲང;བྲན;བྲལ;བྲེད;བྲོ;བླང;མགྲོན;མཚར;མཛད;ཙ;ཚག;ཚགས;ཚར;ཛ;ཟ;ཟུག;འཁར;འབར;ཡན;ཡིག;རལ;རས;རིག;རིགས;རིམས;རུག;རོག;རྟགས;རྟོགས;རྡལ;རྡེག;རྡོག;ལག;ལང;ལས;ལུག;ལོག;ལྕགས;ལྷག;ཤོག;སར;སྐར;སྐོང;སྒོ;སྒྱུར;སྒྲུབ;སྒྲོག;སྒྲོལ;སྟག;སྟན;སྡེ;སྣ;སྣམ;སྣེ;སྤར;སྤྱད;སྦྱང;སྦྱར;སྦྱིན;སྦྱོང;སྦྲང;སྲོག;སློག	no	passed		ordinary_only	nonadmissible_observation	downgraded
སྦྲངས	sbraṅs	CORPUS_86605D8DD3C9;CORPUS_B453155DE050;CORPUS_7F71AFFFC788;CORPUS_01025FAF5D30;SUFFIX_NG_TO_NDOT;CORPUS_F685D66CEF46	ཀན;ཁབ;ཁར;ཁུགས;ཁུང;ཁེབས;ཁྲག;ཁྲབ;ཁྲམ;ཁྲལ;ཁྲོག;ཁྲོན;ཁྲོམ;ཁྲོལ;གཅད;གཏོང;གདན;གདུང;གདོང;གཡོགས;གསལ;གསུང;གྲང;གྲས;གྲི;གྲུ;གྲོ;གླང;ཅིང;ཆག;ཆགས;ཆང;ཆད;ཆར;ཆུང;ཐང;ཐད;ཐབ;ཐབས;ཐམ;ཐམས;ཐར;ཐལ;ཐུང;ཐེབས;དྲེ;དྲོ;ནགས;པགས;པར;ཕག;ཕད;ཕན;ཕབ;ཕུགས;ཕྱགས;ཕྱད;ཕྱིང;ཕྲད;ཕྲན;ཕྲིན;ཕྲུག;བཏང;བཙན;བརྟགས;བརྩན;བསྐལ;བྱད;བྱན;བྱི;བྱིན;བྱེད;བྲག;བྲང;བྲན;བྲལ;བྲེད;བྲོ;བླང;མགྲོན;མཐོང;མཚར;མཛད;ཙ;ཚགས;ཚང;ཚར;ཛ;ཟ;འཁར;འབར;ཡང;ཡན;རལ;རས;རིགས;རིང;རིམས;རྟགས;རྟོགས;རྡལ;རྨང;ལག;ལང;ལས;ལུང;ལོང;ལྕགས;སར;སེང;སྐར;སྐོང;སྐྱོང;སྒོ;སྒྱུར;སྒྲུབ;སྒྲོལ;སྟན;སྟེང;སྟོང;སྡེ;སྣ;སྣང;སྣམ;སྣེ;སྤར;སྤྱང;སྤྱད;སྦྱང;སྦྱར;སྦྱིན;སྦྱོང;སྦྲང;སྲིང;སྲོག	no	passed		ordinary_only	nonadmissible_observation	downgraded
སྦྲན	sbran	CORPUS_86605D8DD3C9;CORPUS_B453155DE050;CORPUS_7F71AFFFC788;CORPUS_01025FAF5D30;CORPUS_76CFA3FCFF21	ཀན;ཁབ;ཁར;ཁོན;ཁྲག;ཁྲབ;ཁྲམ;ཁྲལ;ཁྲོག;ཁྲོན;ཁྲོམ;ཁྲོལ;གཅད;གདན;གདོན;གསལ;གྲང;གྲས;གྲི;གྲུ;གྲོ;གླང;ཆག;ཆང;ཆད;ཆར;ཆུན;ཆེན;ཐང;ཐད;ཐབ;ཐབས;ཐམ;ཐར;ཐལ;ཐུན;ཐེན;ཐོན;དམན;དྲེ;དྲོ;ནོན;པན;པར;ཕག;ཕད;ཕན;ཕབ;ཕོན;ཕྱགས;ཕྱད;ཕྱིན;ཕྲད;ཕྲན;ཕྲིན;ཕྲུག;བཙན;བརྩན;བསྐལ;བྱད;བྱན;བྱི;བྱིན;བྱེད;བྲག;བྲང;བྲན;བྲལ;བྲེད;བྲོ;བླང;བློན;མཁན;མགྲོན;མཐུན;མཚར;མཛད;ཙ;ཚགས;ཚར;ཚུན;ཛ;ཟ;ཟན;འཁར;འབར;ཡན;ཡིན;ཡོན;རལ;རས;རྒྱུན;རྟགས;རྡལ;རྩེན;ལག;ལང;ལས;ལེན;ཤན;སར;སྐར;སྐོང;སྒོ;སྒྱུར;སྒྲུབ;སྒྲོལ;སྟན;སྟོན;སྡེ;སྣ;སྣམ;སྣེ;སྤར;སྤྱད;སྤྱན;སྦྱང;སྦྱར;སྦྱིན;སྦྱོང;སྦྲང;སྲོག	no	passed		ordinary_only	nonadmissible_observation	downgraded
སྦྲབ	sbrab	CORPUS_86605D8DD3C9;CORPUS_B453155DE050;CORPUS_7F71AFFFC788;CORPUS_01025FAF5D30;CORPUS_0C6592BB5CEF	ཀན;ཁབ;ཁར;ཁེབ;ཁྱབ;ཁྲག;ཁྲབ;ཁྲམ;ཁྲལ;ཁྲོག;ཁྲོན;ཁྲོམ;ཁྲོལ;གཅད;གདན;གདུབ;གསལ;གྲང;གྲས;གྲི;གྲུ;གྲུབ;གྲོ;གླང;ཆག;ཆང;ཆད;ཆར;ཐང;ཐད;ཐབ;ཐབས;ཐམ;ཐར;ཐལ;ཐུབ;ཐེབ;ཐོབ;དྲེ;དྲོ;པར;ཕག;ཕད;ཕན;ཕབ;ཕུབ;ཕྱགས;ཕྱད;ཕྲད;ཕྲན;ཕྲིན;ཕྲུག;བཏབ;བཙན;བརྡབ;བརྩན;བསྐལ;བྱད;བྱན;བྱི;བྱིན;བྱེད;བྲག;བྲང;བྲན;བྲལ;བྲེད;བྲོ;བླང;མགྲོན;མཚར;མཛད;ཙ;ཚགས;ཚབ;ཚར;ཛ;ཟ;འཁར;འབབ;འབར;ཡན;ཡབ;རབ;རལ;རས;རྟགས;རྡལ;ལག;ལང;ལས;ལེབ;སར;སྐར;སྐོང;སྐྱོབ;སྒོ;སྒྱུར;སྒྲུབ;སྒྲོལ;སྟན;སྡེ;སྡེབ;སྣ;སྣམ;སྣེ;སྤར;སྤྱད;སྦྱང;སྦྱར;སྦྱིན;སྦྱོང;སྦྲང;སྲོག;སློབ	no	passed		ordinary_only	nonadmissible_observation	downgraded
སྦྲབས	sbrabs	CORPUS_86605D8DD3C9;CORPUS_B453155DE050;CORPUS_7F71AFFFC788;CORPUS_01025FAF5D30;CORPUS_0C6592BB5CEF;CORPUS_F685D66CEF46	ཀན;ཁབ;ཁར;ཁུགས;ཁེབ;ཁེབས;ཁྱབ;ཁྲག;ཁྲབ;ཁྲམ;ཁྲལ;ཁྲོག;ཁྲོན;ཁྲོམ;ཁྲོལ;གཅད;གདན;གདུབ;གཡོགས;གསལ;གྲང;གྲས;གྲི;གྲུ;གྲུབ;གྲོ;གླང;ཆག;ཆགས;ཆང;ཆད;ཆར;ཐང;ཐད;ཐབ;ཐབས;ཐམ;ཐམས;ཐར;ཐལ;ཐུབ;ཐེབ;ཐེབས;ཐོབ;དྲེ;དྲོ;ནགས;པགས;པར;ཕག;ཕད;ཕན;ཕབ;ཕུགས;ཕུབ;ཕྱགས;ཕྱད;ཕྲད;ཕྲན;ཕྲིན;ཕྲུག;བཏབ;བཙན;བརྟགས;བརྡབ;བརྩན;བསྐལ;བྱད;བྱན;བྱི;བྱིན;བྱེད;བྲག;བྲང;བྲན;བྲལ;བྲེད;བྲོ;བླང;མགྲོན;མཚར;མཛད;ཙ;ཚགས;ཚབ;ཚར;ཛ;ཟ;འཁར;འབབ;འབར;ཡན;ཡབ;རབ;རལ;རས;རིགས;རིམས;རྟགས;རྟོགས;རྡལ;ལག;ལང;ལས;ལེབ;ལྕགས;སར;སྐར;སྐོང;སྐྱོབ;སྒོ;སྒྱུར;སྒྲུབ;སྒྲོལ;སྟན;སྡེ;སྡེབ;སྣ;སྣམ;སྣེ;སྤར;སྤྱད;སྦྱང;སྦྱར;སྦྱིན;སྦྱོང;སྦྲང;སྲོག;སློབ	no	passed		ordinary_only	nonadmissible_observation	downgraded
སྦྲས	sbras	CORPUS_86605D8DD3C9;CORPUS_B453155DE050;CORPUS_7F71AFFFC788;CORPUS_01025FAF5D30;CORPUS_735B62E02527	ཀན;ཁབ;ཁར;ཁྲག;ཁྲབ;ཁྲམ;ཁྲལ;ཁྲོག;ཁྲོན;ཁྲོམ;ཁྲོལ;གཅད;གདན;གསལ;གྲང;གྲས;གྲི;གྲུ;གྲོ;གྲོས;གླང;ངོས;ཆག;ཆང;ཆད;ཆར;ཆོས;ཐང;ཐད;ཐབ;ཐབས;ཐམ;ཐར;ཐལ;ཐོས;དྲེ;དྲོ;པར;པོས;ཕག;ཕད;ཕན;ཕབ;ཕྱགས;ཕྱད;ཕྱིས;ཕྲད;ཕྲན;ཕྲིན;ཕྲུག;བཅོས;བཙན;བརྩན;བསྐལ;བསྡུས;བྱད;བྱན;བྱི;བྱིན;བྱེད;བྲག;བྲང;བྲན;བྲལ;བྲེད;བྲོ;བླང;མཁས;མགྲོན;མཚར;མཛད;ཙ;ཚགས;ཚར;ཚོས;ཛ;ཟ;ཟས;འཁར;འབར;ཡན;ཡས;རལ;རས;རིས;རུས;རྟགས;རྡལ;རྡོས;ལག;ལང;ལས;ལུས;ལྷས;ཤས;སར;སྐར;སྐོང;སྐྱེས;སྒོ;སྒྱུར;སྒྲུབ;སྒྲོལ;སྟན;སྡེ;སྣ;སྣམ;སྣེ;སྤར;སྤྱད;སྦྱང;སྦྱར;སྦྱིན;སྦྱོང;སྦྲང;སྲོག	no	passed		ordinary_only	secure_independent_observation	retained
སྦྲིད	sbrid	CORPUS_86605D8DD3C9;CORPUS_B453155DE050;CORPUS_7F71AFFFC788;CORPUS_63EB474B7A3F;CORPUS_DDC164B090C8	ཀི;ཁྱད;ཁྲག;ཁྲབ;ཁྲིད;ཁྲོག;ཁྲོད;ཁྲོན;ཁྲོམ;ཁྲོལ;གི;གྲང;གྲི;གྲུ;གྲོ;གླིང;ཅི;ཅིག;ཆད;ཆིག;ཆུད;ཏི;ཏིག;ཐད;ཐིག;ཐེད;ཐོད;དྲེ;དྲོ;དྲོད;ནད;པད;ཕད;ཕུད;ཕོད;ཕྱད;ཕྱེད;ཕྲད;ཕྲན;ཕྲིན;ཕྲུག;བསྐལ;བྱད;བྱི;བྱིན;བྱེད;བྲག;བྲང;བྲན;བྲལ;བྲེད;བྲོ;བླང;མགྲིན;མགྲོན;མཐུད;ཙི;ཚིགས;ཚིལ;ཚུད;ཛི;འབར;ཡི;ཡིན;ཡོད;རི;རིག;རིལ;རིས;རྒོད;རྒྱུད;རྩེད;ལིང;ཤེད;ཤོད;སྐད;སྐར;སྐོང;སྐྱིད;སྐྱིལ;སྐྱེད;སྒོ;སྒྱུར;སྒྲུབ;སྒྲོལ;སྟན;སྟོད;སྡེ;སྡོད;སྣམ;སྣེ;སྤར;སྤྱད;སྦྱང;སྦྱིན;སྦྱོང;སྦྲང;སྲིང;སྲིད;སྲོག	no	passed		ordinary_only	nonadmissible_observation	downgraded
སྦྲུག	sbrug	CORPUS_86605D8DD3C9;CORPUS_B453155DE050;CORPUS_7F71AFFFC788;CORPUS_84A74DBDD722;CORPUS_9A673562CD7A	ཀུན;ཁུག;ཁུལ;ཁོག;ཁྱག;ཁྲག;ཁྲབ;ཁྲོག;ཁྲོན;ཁྲོམ;ཁྲོལ;གདུང;གཡོག;གུ;གྲང;གྲི;གྲུ;གྲོ;ཅིག;ཅོག;ཆག;ཆུག;ཆུང;ཆུད;ཆུན;ཆོག;ཏིག;ཐུ;ཐུང;ཐུན;ཐུབ;ཐུམ;ཐུར;ཐུལ;ཐེག;ཐོག;དམག;དུ;དྲུག;དྲེ;དྲེག;དྲོ;ནག;ནུ;པག;ཕག;ཕུག;ཕུད;ཕུབ;ཕུར;ཕོག;ཕྱུགས;ཕྲད;ཕྲན;ཕྲིན;ཕྲུག;བདག;བཙུན;བརྟུལ;བསྐལ;བསྐུར;བྱད;བྱི;བྱིན;བྱེད;བྲག;བྲང;བྲན;བྲལ;བྲེད;བྲོ;བླང;མགྲོན;མཚུར;ཚག;ཚུགས;ཚུར;ཚུལ;ཟུག;ཟུར;འབར;ཡིག;ཡུལ;རིག;རིགས;རུག;རུས;རོག;རྡུལ;རྡེག;རྡོག;ལག;ལུ;ལུག;ལུང;ལུས;ལོག;ལྷག;ཤོག;སྐར;སྐོང;སྒོ;སྒྱུར;སྒྲུབ;སྒྲོག;སྒྲོལ;སྟག;སྟན;སྡེ;སྣམ;སྣེ;སྤར;སྦྱང;སྦྱིན;སྦྱོང;སྦྲང;སྲུང;སྲོག;སློག	no	passed		ordinary_only	nonadmissible_observation	downgraded
སྦྲུབ	sbrub	CORPUS_86605D8DD3C9;CORPUS_B453155DE050;CORPUS_7F71AFFFC788;CORPUS_84A74DBDD722;CORPUS_0C6592BB5CEF	ཀུན;ཁབ;ཁུག;ཁུལ;ཁེབ;ཁྱབ;ཁྲག;ཁྲབ;ཁྲོག;ཁྲོན;ཁྲོམ;ཁྲོལ;གདུང;གདུབ;གུ;གྲང;གྲི;གྲུ;གྲུབ;གྲོ;ཆུག;ཆུང;ཆུད;ཆུན;ཐབ;ཐབས;ཐུ;ཐུང;ཐུན;ཐུབ;ཐུམ;ཐུར;ཐུལ;ཐེབ;ཐོབ;དུ;དྲུག;དྲེ;དྲོ;ནུ;ཕབ;ཕུག;ཕུད;ཕུབ;ཕུར;ཕྱུགས;ཕྲད;ཕྲན;ཕྲིན;ཕྲུག;བཏབ;བཙུན;བརྟུལ;བརྡབ;བསྐལ;བསྐུར;བྱད;བྱི;བྱིན;བྱེད;བྲག;བྲང;བྲན;བྲལ;བྲེད;བྲོ;བླང;མགྲོན;མཚུར;ཚབ;ཚུགས;ཚུར;ཚུལ;ཟུར;འབབ;འབར;ཡབ;ཡུལ;རབ;རུག;རུས;རྡུལ;ལུ;ལུག;ལུང;ལུས;ལེབ;སྐར;སྐོང;སྐྱོབ;སྒོ;སྒྱུར;སྒྲུབ;སྒྲོལ;སྟན;སྡེ;སྡེབ;སྣམ;སྣེ;སྤར;སྦྱང;སྦྱིན;སྦྱོང;སྦྲང;སྲུང;སྲོག;སློབ	no	passed		ordinary_only	nonadmissible_observation	downgraded
སྦྲུམ	sbrum	CORPUS_86605D8DD3C9;CORPUS_B453155DE050;CORPUS_7F71AFFFC788;CORPUS_84A74DBDD722;CORPUS_5683E9A09D00	ཀུན;ཁུག;ཁུལ;ཁོམ;ཁྱིམ;ཁྲག;ཁྲབ;ཁྲམ;ཁྲོག;ཁྲོན;ཁྲོམ;ཁྲོལ;གདུང;གསུམ;གུ;གྲང;གྲི;གྲུ;གྲོ;ཆུག;ཆུང;ཆུད;ཆུན;ཐམ;ཐམས;ཐུ;ཐུང;ཐུན;ཐུབ;ཐུམ;ཐུར;ཐུལ;ཐེམ;དུ;དྲུག;དྲེ;དྲོ;ནམ;ནུ;ཕམ;ཕུག;ཕུད;ཕུབ;ཕུར;ཕྱམ;ཕྱུགས;ཕྲད;ཕྲན;ཕྲིན;ཕྲུག;བཅོམ;བཙུན;བརྟུལ;བསྐལ;བསྐུར;བྱད;བྱི;བྱིན;བྱེད;བྲག;བྲང;བྲན;བྲལ;བྲེད;བྲོ;བླང;མགྲོན;མཚུར;ཙམ;ཚིམ;ཚུགས;ཚུར;ཚུལ;ཟུར;འབར;ཡུམ;ཡུལ;རིམ;རིམས;རུག;རུས;རྡུལ;ལམ;ལུ;ལུག;ལུང;ལུས;སྐམ;སྐར;སྐོང;སྒོ;སྒྱུར;སྒྲུབ;སྒྲོལ;སྟན;སྡེ;སྡོམ;སྣམ;སྣེ;སྤར;སྦྱང;སྦྱིན;སྦྱོང;སྦྲང;སྲུང;སྲོག	no	passed		ordinary_only	nonadmissible_observation	downgraded
སྨ	sma	CORPUS_86605D8DD3C9;CORPUS_6C68775C4C70;CORPUS_01025FAF5D30	ཀན;ཁབ;ཁར;ཁྲག;ཁྲམ;ཁྲལ;གཅད;གདན;གསལ;གྲས;གླང;ཆག;ཆང;ཆད;ཆར;ཐང;ཐད;ཐབ;ཐབས;ཐམ;ཐར;ཐལ;པར;ཕག;ཕད;ཕན;ཕབ;ཕྱགས;ཕྱད;ཕྲན;བཙན;བརྩན;བསྐལ;བྱད;བྱན;བྲལ;མཚར;མཛད;མོ;ཙ;ཚགས;ཚར;ཛ;ཟ;འཁར;ཡན;རལ;རས;རྟགས;རྡལ;རྨ;རྨང;ལག;ལང;ལས;སར;སྐར;སྐོང;སྒོ;སྒྱུར;སྒྲུབ;སྒྲོལ;སྟན;སྡེ;སྣ;སྣམ;སྣེ;སྤར;སྤྱད;སྦྱང;སྦྱར;སྦྱིན;སྦྲང;སྨད;སྨྲ	no	passed		ordinary_only	nonadmissible_observation	downgraded
སྨགས	smags	CORPUS_86605D8DD3C9;CORPUS_6C68775C4C70;CORPUS_01025FAF5D30;CORPUS_9A673562CD7A;CORPUS_F685D66CEF46	ཀན;ཁབ;ཁར;ཁུག;ཁུགས;ཁེབས;ཁོག;ཁྱག;ཁྲག;ཁྲམ;ཁྲལ;ཁྲོག;གཅད;གདན;གཡོག;གཡོགས;གསལ;གྲས;གླང;ཅིག;ཅོག;ཆག;ཆགས;ཆང;ཆད;ཆར;ཆུག;ཆོག;ཏིག;ཐང;ཐད;ཐབ;ཐབས;ཐམ;ཐམས;ཐར;ཐལ;ཐེག;ཐེབས;ཐོག;དམག;དྲེག;ནག;ནགས;པག;པགས;པར;ཕག;ཕད;ཕན;ཕབ;ཕུག;ཕུགས;ཕོག;ཕྱགས;ཕྱད;ཕྲན;བདག;བཙན;བརྟགས;བརྩན;བསྐལ;བྱད;བྱན;བྲག;བྲལ;མཚར;མཛད;མོ;ཙ;ཚག;ཚགས;ཚར;ཛ;ཟ;ཟུག;འཁར;ཡན;ཡིག;རལ;རས;རིག;རིགས;རིམས;རུག;རོག;རྟགས;རྟོགས;རྡལ;རྡེག;རྡོག;རྨ;རྨང;ལག;ལང;ལས;ལུག;ལོག;ལྕགས;ལྷག;ཤོག;སར;སྐར;སྐོང;སྒོ;སྒྱུར;སྒྲུབ;སྒྲོག;སྒྲོལ;སྟག;སྟན;སྡེ;སྣ;སྣམ;སྣེ;སྤར;སྤྱད;སྦྱང;སྦྱར;སྦྱིན;སྦྲང;སྨད;སྨྲ;སྲོག;སློག	no	passed		ordinary_only	secure_independent_observation	retained
སྨར	smar	CORPUS_86605D8DD3C9;CORPUS_6C68775C4C70;CORPUS_01025FAF5D30;CORPUS_6783C3DA00D4	ཀན;ཀར;ཁབ;ཁར;ཁེར;ཁྲག;ཁྲམ;ཁྲལ;གཅད;གཏོར;གདན;གསར;གསལ;གྲས;གླང;ཆག;ཆང;ཆད;ཆར;ཆེར;ཐང;ཐད;ཐབ;ཐབས;ཐམ;ཐར;ཐལ;ཐུར;ཐེར;ཐོར;ནོར;པར;པོར;ཕག;ཕད;ཕན;ཕབ;ཕུར;ཕོར;ཕྱགས;ཕྱད;ཕྱར;ཕྲན;བདར;བཙན;བརྡར;བརྩན;བསྐལ;བྱད;བྱན;བྲལ;མཁར;མཚར;མཛད;མོ;ཙ;ཚགས;ཚར;ཚུར;ཛ;ཟ;ཟུར;ཟེར;འཁར;འཁོར;འབར;ཡན;ཡར;རལ;རས;རྟགས;རྡལ;རྨ;རྨང;ལག;ལང;ལས;ཤོར;སར;སེར;སོར;སྐར;སྐོང;སྐོར;སྒོ;སྒྱུར;སྒྲུབ;སྒྲོལ;སྟན;སྟེར;སྡེ;སྣ;སྣམ;སྣེ;སྤར;སྤྱད;སྦྱང;སྦྱར;སྦྱིན;སྦྱོར;སྦྲང;སྨད;སྨྲ	no	passed		ordinary_only	secure_independent_observation	retained
སྨིག	smig	CORPUS_86605D8DD3C9;CORPUS_6C68775C4C70;CORPUS_63EB474B7A3F;CORPUS_9A673562CD7A	ཀི;ཁུག;ཁོག;ཁྱག;ཁྲག;ཁྲིད;ཁྲོག;གཡོག;གི;གྲི;གླིང;ཅི;ཅིག;ཅོག;ཆག;ཆིག;ཆུག;ཆོག;ཏི;ཏིག;ཐིག;ཐེག;ཐོག;དམག;དྲེག;ནག;པག;ཕག;ཕུག;ཕོག;ཕྲིན;བདག;བསྐལ;བྱིན;བྲག;མགྲིན;མོ;ཙི;ཚག;ཚིགས;ཚིལ;ཛི;ཟུག;ཡི;ཡིག;ཡིན;རི;རིག;རིགས;རིལ;རིས;རུག;རོག;རྡེག;རྡོག;རྨ;རྨང;ལག;ལིང;ལུག;ལོག;ལྷག;ཤོག;སྐར;སྐོང;སྐྱིད;སྐྱིལ;སྒོ;སྒྱུར;སྒྲུབ;སྒྲོག;སྒྲོལ;སྟག;སྟན;སྡེ;སྣམ;སྣེ;སྤར;སྦྱིན;སྦྲང;སྨད;སྨྲ;སྲིང;སྲོག;སློག	no	passed		ordinary_only	secure_independent_observation	retained
སྨིན	smin	CORPUS_86605D8DD3C9;CORPUS_6C68775C4C70;CORPUS_63EB474B7A3F;CORPUS_76CFA3FCFF21	ཀན;ཀི;ཁོན;ཁྲིད;ཁྲོན;གདོན;གི;གྲི;གླིང;ཅི;ཅིག;ཆིག;ཆུན;ཆེན;ཏི;ཏིག;ཐིག;ཐུན;ཐེན;ཐོན;དམན;ནོན;པན;ཕན;ཕོན;ཕྱིན;ཕྲན;ཕྲིན;བཙན;བསྐལ;བྱན;བྱིན;བྲན;བློན;མཁན;མགྲིན;མཐུན;མོ;ཙི;ཚིགས;ཚིལ;ཚུན;ཛི;ཟན;ཡན;ཡི;ཡིན;ཡོན;རི;རིག;རིལ;རིས;རྒྱུན;རྨ;རྨང;རྩེན;ལིང;ལེན;ཤན;སྐར;སྐོང;སྐྱིད;སྐྱིལ;སྒོ;སྒྱུར;སྒྲུབ;སྒྲོལ;སྟན;སྟོན;སྡེ;སྣམ;སྣེ;སྤར;སྤྱན;སྦྱིན;སྦྲང;སྨད;སྨྲ;སྲིང	no	passed		ordinary_only	secure_independent_observation	retained
སྨུ	smu	CORPUS_86605D8DD3C9;CORPUS_6C68775C4C70;CORPUS_84A74DBDD722	ཀུན;ཁུག;ཁུལ;གདུང;གུ;གྲུ;ཆུག;ཆུང;ཆུད;ཆུན;ཐུ;ཐུང;ཐུན;ཐུབ;ཐུམ;ཐུར;ཐུལ;དུ;དྲུག;ནུ;ཕུག;ཕུད;ཕུབ;ཕུར;ཕྱུགས;བཙུན;བརྟུལ;བསྐལ;བསྐུར;མཚུར;མོ;ཚུགས;ཚུར;ཚུལ;ཟུར;ཡུལ;རུག;རུས;རྡུལ;རྨ;རྨང;ལུ;ལུག;ལུང;ལུས;སྐར;སྐོང;སྒོ;སྒྱུར;སྒྲུབ;སྒྲོལ;སྟན;སྡེ;སྣམ;སྣེ;སྤར;སྦྱིན;སྦྲང;སྨད;སྨྲ;སྲུང	no	passed		ordinary_only	secure_independent_observation	retained
སྨུག	smug	CORPUS_86605D8DD3C9;CORPUS_6C68775C4C70;CORPUS_84A74DBDD722;CORPUS_9A673562CD7A	ཀུན;ཁུག;ཁུལ;ཁོག;ཁྱག;ཁྲག;ཁྲོག;གདུང;གཡོག;གུ;གྲུ;ཅིག;ཅོག;ཆག;ཆུག;ཆུང;ཆུད;ཆུན;ཆོག;ཏིག;ཐུ;ཐུང;ཐུན;ཐུབ;ཐུམ;ཐུར;ཐུལ;ཐེག;ཐོག;དམག;དུ;དྲུག;དྲེག;ནག;ནུ;པག;ཕག;ཕུག;ཕུད;ཕུབ;ཕུར;ཕོག;ཕྱུགས;བདག;བཙུན;བརྟུལ;བསྐལ;བསྐུར;བྲག;མཚུར;མོ;ཚག;ཚུགས;ཚུར;ཚུལ;ཟུག;ཟུར;ཡིག;ཡུལ;རིག;རིགས;རུག;རུས;རོག;རྡུལ;རྡེག;རྡོག;རྨ;རྨང;ལག;ལུ;ལུག;ལུང;ལུས;ལོག;ལྷག;ཤོག;སྐར;སྐོང;སྒོ;སྒྱུར;སྒྲུབ;སྒྲོག;སྒྲོལ;སྟག;སྟན;སྡེ;སྣམ;སྣེ;སྤར;སྦྱིན;སྦྲང;སྨད;སྨྲ;སྲུང;སྲོག;སློག	no	passed		ordinary_only	secure_independent_observation	retained
སྨུགས	smugs	CORPUS_86605D8DD3C9;CORPUS_6C68775C4C70;CORPUS_84A74DBDD722;CORPUS_9A673562CD7A;CORPUS_F685D66CEF46	ཀུན;ཁུག;ཁུགས;ཁུལ;ཁེབས;ཁོག;ཁྱག;ཁྲག;ཁྲོག;གདུང;གཡོག;གཡོགས;གུ;གྲུ;ཅིག;ཅོག;ཆག;ཆགས;ཆུག;ཆུང;ཆུད;ཆུན;ཆོག;ཏིག;ཐབས;ཐམས;ཐུ;ཐུང;ཐུན;ཐུབ;ཐུམ;ཐུར;ཐུལ;ཐེག;ཐེབས;ཐོག;དམག;དུ;དྲུག;དྲེག;ནག;ནགས;ནུ;པག;པགས;ཕག;ཕུག;ཕུགས;ཕུད;ཕུབ;ཕུར;ཕོག;ཕྱུགས;བདག;བཙུན;བརྟགས;བརྟུལ;བསྐལ;བསྐུར;བྲག;མཚུར;མོ;ཚག;ཚགས;ཚུགས;ཚུར;ཚུལ;ཟུག;ཟུར;ཡིག;ཡུལ;རིག;རིགས;རིམས;རུག;རུས;རོག;རྟོགས;རྡུལ;རྡེག;རྡོག;རྨ;རྨང;ལག;ལུ;ལུག;ལུང;ལུས;ལོག;ལྕགས;ལྷག;ཤོག;སྐར;སྐོང;སྒོ;སྒྱུར;སྒྲུབ;སྒྲོག;སྒྲོལ;སྟག;སྟན;སྡེ;སྣམ;སྣེ;སྤར;སྦྱིན;སྦྲང;སྨད;སྨྲ;སྲུང;སྲོག;སློག	no	passed		ordinary_only	nonadmissible_observation	downgraded
སྨོད	smod	CORPUS_86605D8DD3C9;CORPUS_6C68775C4C70;CORPUS_16D4A9AA0695;CORPUS_DDC164B090C8	ཁོག;ཁོལ;ཁྱད;ཁྲོག;ཁྲོད;ཁྲོམ;ཁྲོལ;གཅོད;གཏོར;གདོང;གདོན;གསོལ;གོ;གྲོ;གྲོས;ངོས;ཅོ;ཅོག;ཆད;ཆུད;ཆོག;ཏོག;ཐད;ཐེད;ཐོ;ཐོག;ཐོད;ཐོན;ཐོབ;ཐོར;དོ;དྲོ;དྲོད;ནད;པད;པོར;ཕད;ཕུད;ཕོག;ཕོད;ཕོན;ཕོར;ཕྱད;ཕྱེད;ཕྲད;བརྟོལ;བརྩོན;བསྐལ;བསྐོར;བྱད;བྲེད;མགྲོན;མཆོད;མཐུད;མཛོད;མོ;ཚུད;ཚོལ;ཚོས;ཟོར;འཁོར;ཡོད;ཡོན;ཡོལ;རོ;རོག;རྒོད;རྒྱུད;རྟོགས;རྡོག;རྡོལ;རྨ;རྨང;རྩེད;ལོ;ལོག;ལོང;ཤེད;ཤོད;སོ;སོར;སྐད;སྐར;སྐོང;སྐོར;སྐྱིད;སྐྱེད;སྒོ;སྒྱུར;སྒྲུབ;སྒྲོལ;སྟན;སྟོང;སྟོད;སྟོན;སྡེ;སྡོད;སྣམ;སྣེ;སྤར;སྤྱད;སྤྱོད;སྦྱིན;སྦྱོང;སྦྱོར;སྦྲང;སྨད;སྨྲ;སྲིད	no	passed		ordinary_only	nonadmissible_observation	downgraded
སྨོན	smon	CORPUS_86605D8DD3C9;CORPUS_6C68775C4C70;CORPUS_16D4A9AA0695;CORPUS_76CFA3FCFF21	ཀན;ཁོག;ཁོན;ཁོལ;ཁྲོག;ཁྲོད;ཁྲོན;ཁྲོམ;ཁྲོལ;གཅོད;གཏོར;གདོང;གདོན;གསོལ;གོ;གྲོ;གྲོས;ངོས;ཅོ;ཅོག;ཆུན;ཆེན;ཆོག;ཏོག;ཐུན;ཐེན;ཐོ;ཐོག;ཐོད;ཐོན;ཐོབ;ཐོར;དམན;དོ;དྲོ;ནོན;པན;པོར;ཕན;ཕོག;ཕོད;ཕོན;ཕོར;ཕྱིན;ཕྲན;བཙན;བརྟོལ;བརྩོན;བསྐལ;བསྐོར;བྱན;བྱིན;བྲན;བློན;མཁན;མགྲོན;མཆོད;མཐུན;མཛོད;མོ;ཚུན;ཚོལ;ཚོས;ཟན;ཟོར;འཁོར;ཡན;ཡིན;ཡོན;ཡོལ;རོ;རོག;རྒྱུན;རྟོགས;རྡོག;རྡོལ;རྨ;རྨང;རྩེན;ལེན;ལོ;ལོག;ལོང;ཤན;ཤོད;སོ;སོར;སྐར;སྐོང;སྐོར;སྒོ;སྒྱུར;སྒྲུབ;སྒྲོལ;སྟན;སྟོང;སྟོན;སྡེ;སྣམ;སྣེ;སྤར;སྤྱན;སྤྱོད;སྦྱིན;སྦྱོང;སྦྱོར;སྦྲང;སྨད;སྨྲ	no	passed		ordinary_only	secure_independent_observation	retained
སྨོས	smos	CORPUS_86605D8DD3C9;CORPUS_6C68775C4C70;CORPUS_16D4A9AA0695;CORPUS_735B62E02527	ཁོག;ཁོལ;ཁྲོག;ཁྲོད;ཁྲོམ;ཁྲོལ;གཅོད;གཏོར;གདོང;གདོན;གསོལ;གོ;གྲས;གྲོ;གྲོས;ངོས;ཅོ;ཅོག;ཆོག;ཆོས;ཏོག;ཐོ;ཐོག;ཐོད;ཐོན;ཐོབ;ཐོར;ཐོས;དོ;དྲོ;པོར;པོས;ཕོག;ཕོད;ཕོན;ཕོར;ཕྱིས;བཅོས;བརྟོལ;བརྩོན;བསྐལ;བསྐོར;བསྡུས;མཁས;མགྲོན;མཆོད;མཛོད;མོ;ཚོལ;ཚོས;ཟས;ཟོར;འཁོར;ཡས;ཡོན;ཡོལ;རས;རིས;རུས;རོ;རོག;རྟོགས;རྡོག;རྡོལ;རྡོས;རྨ;རྨང;ལས;ལུས;ལོ;ལོག;ལོང;ལྷས;ཤས;ཤོད;སོ;སོར;སྐར;སྐོང;སྐོར;སྐྱེས;སྒོ;སྒྱུར;སྒྲུབ;སྒྲོལ;སྟན;སྟོང;སྟོན;སྡེ;སྣམ;སྣེ;སྤར;སྤྱོད;སྦྱིན;སྦྱོང;སྦྱོར;སྦྲང;སྨད;སྨྲ	no	passed		ordinary_only	secure_independent_observation	retained
སྨྱག	smyag	CORPUS_86605D8DD3C9;CORPUS_6C68775C4C70;CORPUS_E34B3E203AE6;CORPUS_01025FAF5D30;CORPUS_9A673562CD7A	ཀན;ཁབ;ཁར;ཁུག;ཁོག;ཁྱག;ཁྱབ;ཁྱེར;ཁྲག;ཁྲམ;ཁྲལ;ཁྲོག;གཅད;གདན;གཡོག;གསལ;གྲས;གླང;ཅིག;ཅོག;ཆག;ཆང;ཆད;ཆར;ཆུག;ཆོག;ཏིག;ཐང;ཐད;ཐབ;ཐབས;ཐམ;ཐར;ཐལ;ཐེག;ཐོག;དམག;དྲེག;ནག;པག;པར;ཕག;ཕད;ཕན;ཕབ;ཕུག;ཕོག;ཕྱགས;ཕྱད;ཕྱམ;ཕྱིན;ཕྱུགས;ཕྲན;བདག;བཙན;བརྩན;བསྐལ;བྱད;བྱན;བྱེད;བྲག;བྲལ;མཚར;མཛད;མོ;ཙ;ཚག;ཚགས;ཚར;ཛ;ཟ;ཟུག;འཁར;ཡན;ཡིག;རལ;རས;རིག;རིགས;རུག;རོག;རྟགས;རྡལ;རྡེག;རྡོག;རྨ;རྨང;ལག;ལང;ལས;ལུག;ལོག;ལྷག;ཤོག;སར;སྐར;སྐོང;སྐྱོང;སྒོ;སྒྱུར;སྒྲུབ;སྒྲོག;སྒྲོལ;སྟག;སྟན;སྡེ;སྣ;སྣམ;སྣེ;སྤར;སྤྱད;སྦྱང;སྦྱར;སྦྱིན;སྦྲང;སྨད;སྨྲ;སྲོག;སློག	no	passed		ordinary_only	nonadmissible_observation	downgraded
སྨྱགས	smyags	CORPUS_86605D8DD3C9;CORPUS_6C68775C4C70;CORPUS_E34B3E203AE6;CORPUS_01025FAF5D30;CORPUS_9A673562CD7A;CORPUS_F685D66CEF46	ཀན;ཁབ;ཁར;ཁུག;ཁུགས;ཁེབས;ཁོག;ཁྱག;ཁྱབ;ཁྱེར;ཁྲག;ཁྲམ;ཁྲལ;ཁྲོག;གཅད;གདན;གཡོག;གཡོགས;གསལ;གྲས;གླང;ཅིག;ཅོག;ཆག;ཆགས;ཆང;ཆད;ཆར;ཆུག;ཆོག;ཏིག;ཐང;ཐད;ཐབ;ཐབས;ཐམ;ཐམས;ཐར;ཐལ;ཐེག;ཐེབས;ཐོག;དམག;དྲེག;ནག;ནགས;པག;པགས;པར;ཕག;ཕད;ཕན;ཕབ;ཕུག;ཕུགས;ཕོག;ཕྱགས;ཕྱད;ཕྱམ;ཕྱིན;ཕྱུགས;ཕྲན;བདག;བཙན;བརྟགས;བརྩན;བསྐལ;བྱད;བྱན;བྱེད;བྲག;བྲལ;མཚར;མཛད;མོ;ཙ;ཚག;ཚགས;ཚར;ཛ;ཟ;ཟུག;འཁར;ཡན;ཡིག;རལ;རས;རིག;རིགས;རིམས;རུག;རོག;རྟགས;རྟོགས;རྡལ;རྡེག;རྡོག;རྨ;རྨང;ལག;ལང;ལས;ལུག;ལོག;ལྕགས;ལྷག;ཤོག;སར;སྐར;སྐོང;སྐྱོང;སྒོ;སྒྱུར;སྒྲུབ;སྒྲོག;སྒྲོལ;སྟག;སྟན;སྡེ;སྣ;སྣམ;སྣེ;སྤར;སྤྱད;སྦྱང;སྦྱར;སྦྱིན;སྦྲང;སྨད;སྨྲ;སྲོག;སློག	no	passed		ordinary_only	nonadmissible_observation	downgraded
སྨྱིག	smyig	CORPUS_86605D8DD3C9;CORPUS_6C68775C4C70;CORPUS_E34B3E203AE6;CORPUS_63EB474B7A3F;CORPUS_9A673562CD7A	ཀི;ཁུག;ཁོག;ཁྱག;ཁྱབ;ཁྱེར;ཁྲག;ཁྲིད;ཁྲོག;གཡོག;གི;གྲི;གླིང;ཅི;ཅིག;ཅོག;ཆག;ཆིག;ཆུག;ཆོག;ཏི;ཏིག;ཐིག;ཐེག;ཐོག;དམག;དྲེག;ནག;པག;ཕག;ཕུག;ཕོག;ཕྱད;ཕྱམ;ཕྱིན;ཕྱུགས;ཕྲིན;བདག;བསྐལ;བྱན;བྱིན;བྱེད;བྲག;མགྲིན;མོ;ཙི;ཚག;ཚིགས;ཚིལ;ཛི;ཟུག;ཡི;ཡིག;ཡིན;རི;རིག;རིགས;རིལ;རིས;རུག;རོག;རྡེག;རྡོག;རྨ;རྨང;ལག;ལིང;ལུག;ལོག;ལྷག;ཤོག;སྐར;སྐོང;སྐྱིད;སྐྱིལ;སྐྱོང;སྒོ;སྒྱུར;སྒྲུབ;སྒྲོག;སྒྲོལ;སྟག;སྟན;སྡེ;སྣམ;སྣེ;སྤར;སྦྱང;སྦྱིན;སྦྲང;སྨད;སྨྲ;སྲིང;སྲོག;སློག	no	passed		ordinary_only	secure_independent_observation	retained
སྨྱུག	smyug	CORPUS_86605D8DD3C9;CORPUS_6C68775C4C70;CORPUS_E34B3E203AE6;CORPUS_84A74DBDD722;CORPUS_9A673562CD7A	ཀུན;ཁུག;ཁུལ;ཁོག;ཁྱག;ཁྱབ;ཁྱེར;ཁྲག;ཁྲོག;གདུང;གཡོག;གུ;གྲུ;ཅིག;ཅོག;ཆག;ཆུག;ཆུང;ཆུད;ཆུན;ཆོག;ཏིག;ཐུ;ཐུང;ཐུན;ཐུབ;ཐུམ;ཐུར;ཐུལ;ཐེག;ཐོག;དམག;དུ;དྲུག;དྲེག;ནག;ནུ;པག;ཕག;ཕུག;ཕུད;ཕུབ;ཕུར;ཕོག;ཕྱད;ཕྱམ;ཕྱིན;ཕྱུགས;བདག;བཙུན;བརྟུལ;བསྐལ;བསྐུར;བྱན;བྱེད;བྲག;མཚུར;མོ;ཚག;ཚུགས;ཚུར;ཚུལ;ཟུག;ཟུར;ཡིག;ཡུལ;རིག;རིགས;རུག;རུས;རོག;རྡུལ;རྡེག;རྡོག;རྨ;རྨང;ལག;ལུ;ལུག;ལུང;ལུས;ལོག;ལྷག;ཤོག;སྐར;སྐོང;སྐྱོང;སྒོ;སྒྱུར;སྒྲུབ;སྒྲོག;སྒྲོལ;སྟག;སྟན;སྡེ;སྣམ;སྣེ;སྤར;སྦྱང;སྦྱིན;སྦྲང;སྨད;སྨྲ;སྲུང;སྲོག;སློག	no	passed		ordinary_only	secure_independent_observation	retained
སྨྱུང	smyuṅ	CORPUS_86605D8DD3C9;CORPUS_6C68775C4C70;CORPUS_E34B3E203AE6;CORPUS_84A74DBDD722;SUFFIX_NG_TO_NDOT	ཀུན;ཁུག;ཁུང;ཁུལ;ཁྱག;ཁྱབ;ཁྱེར;གཏོང;གདུང;གདོང;གསུང;གུ;གྲང;གྲུ;ཅིང;ཆང;ཆུག;ཆུང;ཆུད;ཆུན;ཐང;ཐུ;ཐུང;ཐུན;ཐུབ;ཐུམ;ཐུར;ཐུལ;དུ;དྲུག;ནུ;ཕུག;ཕུད;ཕུབ;ཕུར;ཕྱད;ཕྱམ;ཕྱིང;ཕྱིན;ཕྱུགས;བཏང;བཙུན;བརྟུལ;བསྐལ;བསྐུར;བྱན;བྱེད;བྲང;མཐོང;མཚུར;མོ;ཚང;ཚུགས;ཚུར;ཚུལ;ཟུར;ཡང;ཡུལ;རིང;རུག;རུས;རྡུལ;རྨ;རྨང;ལང;ལུ;ལུག;ལུང;ལུས;ལོང;སེང;སྐར;སྐོང;སྐྱོང;སྒོ;སྒྱུར;སྒྲུབ;སྒྲོལ;སྟན;སྟེང;སྟོང;སྡེ;སྣང;སྣམ;སྣེ;སྤར;སྤྱང;སྦྱང;སྦྱིན;སྦྱོང;སྦྲང;སྨད;སྨྲ;སྲིང;སྲུང	no	passed		ordinary_only	derived_target_plus_independent_feature_composition	retained
སྨྱུན	smyun	CORPUS_86605D8DD3C9;CORPUS_6C68775C4C70;CORPUS_E34B3E203AE6;CORPUS_84A74DBDD722;CORPUS_76CFA3FCFF21	ཀན;ཀུན;ཁུག;ཁུལ;ཁོན;ཁྱག;ཁྱབ;ཁྱེར;ཁྲོན;གདུང;གདོན;གུ;གྲུ;ཆུག;ཆུང;ཆུད;ཆུན;ཆེན;ཐུ;ཐུང;ཐུན;ཐུབ;ཐུམ;ཐུར;ཐུལ;ཐེན;ཐོན;དམན;དུ;དྲུག;ནུ;ནོན;པན;ཕན;ཕུག;ཕུད;ཕུབ;ཕུར;ཕོན;ཕྱད;ཕྱམ;ཕྱིན;ཕྱུགས;ཕྲན;བཙན;བཙུན;བརྟུལ;བསྐལ;བསྐུར;བྱན;བྱིན;བྱེད;བྲན;བློན;མཁན;མཐུན;མཚུར;མོ;ཚུགས;ཚུན;ཚུར;ཚུལ;ཟན;ཟུར;ཡན;ཡིན;ཡུལ;ཡོན;རུག;རུས;རྒྱུན;རྡུལ;རྨ;རྨང;རྩེན;ལུ;ལུག;ལུང;ལུས;ལེན;ཤན;སྐར;སྐོང;སྐྱོང;སྒོ;སྒྱུར;སྒྲུབ;སྒྲོལ;སྟན;སྟོན;སྡེ;སྣམ;སྣེ;སྤར;སྤྱན;སྦྱང;སྦྱིན;སྦྲང;སྨད;སྨྲ;སྲུང	no	passed		ordinary_only	nonadmissible_observation	downgraded
སྨྲས	smras	CORPUS_86605D8DD3C9;CORPUS_6C68775C4C70;CORPUS_7F71AFFFC788;CORPUS_01025FAF5D30;CORPUS_735B62E02527	ཀན;ཁབ;ཁར;ཁྲག;ཁྲབ;ཁྲམ;ཁྲལ;ཁྲོག;ཁྲོན;ཁྲོམ;ཁྲོལ;གཅད;གདན;གསལ;གྲང;གྲས;གྲི;གྲུ;གྲོ;གྲོས;གླང;ངོས;ཆག;ཆང;ཆད;ཆར;ཆོས;ཐང;ཐད;ཐབ;ཐབས;ཐམ;ཐར;ཐལ;ཐོས;དྲེ;དྲོ;པར;པོས;ཕག;ཕད;ཕན;ཕབ;ཕྱགས;ཕྱད;ཕྱིས;ཕྲད;ཕྲན;ཕྲིན;ཕྲུག;བཅོས;བཙན;བརྩན;བསྐལ;བསྡུས;བྱད;བྱན;བྲང;བྲན;བྲལ;བྲེད;བྲོ;མཁས;མགྲོན;མཚར;མཛད;མོ;ཙ;ཚགས;ཚར;ཚོས;ཛ;ཟ;ཟས;འཁར;ཡན;ཡས;རལ;རས;རིས;རུས;རྟགས;རྡལ;རྡོས;རྨ;རྨང;ལག;ལང;ལས;ལུས;ལྷས;ཤས;སར;སྐར;སྐོང;སྐྱེས;སྒོ;སྒྱུར;སྒྲུབ;སྒྲོལ;སྟན;སྡེ;སྣ;སྣམ;སྣེ;སྤར;སྤྱད;སྦྱང;སྦྱར;སྦྱིན;སྦྲང;སྨད;སྨྲ;སྲོག	no	passed		ordinary_only	secure_independent_observation	retained
སྨྲིག	smrig	CORPUS_86605D8DD3C9;CORPUS_6C68775C4C70;CORPUS_7F71AFFFC788;CORPUS_63EB474B7A3F;CORPUS_9A673562CD7A	ཀི;ཁུག;ཁོག;ཁྱག;ཁྲག;ཁྲབ;ཁྲིད;ཁྲོག;ཁྲོན;ཁྲོམ;ཁྲོལ;གཡོག;གི;གྲང;གྲི;གྲུ;གྲོ;གླིང;ཅི;ཅིག;ཅོག;ཆག;ཆིག;ཆུག;ཆོག;ཏི;ཏིག;ཐིག;ཐེག;ཐོག;དམག;དྲེ;དྲེག;དྲོ;ནག;པག;ཕག;ཕུག;ཕོག;ཕྲད;ཕྲན;ཕྲིན;ཕྲུག;བདག;བསྐལ;བྱིན;བྲག;བྲང;བྲན;བྲེད;བྲོ;མགྲིན;མགྲོན;མོ;ཙི;ཚག;ཚིགས;ཚིལ;ཛི;ཟུག;ཡི;ཡིག;ཡིན;རི;རིག;རིགས;རིལ;རིས;རུག;རོག;རྡེག;རྡོག;རྨ;རྨང;ལག;ལིང;ལུག;ལོག;ལྷག;ཤོག;སྐར;སྐོང;སྐྱིད;སྐྱིལ;སྒོ;སྒྱུར;སྒྲུབ;སྒྲོག;སྒྲོལ;སྟག;སྟན;སྡེ;སྣམ;སྣེ;སྤར;སྦྱིན;སྦྲང;སྨད;སྨྲ;སྲིང;སྲོག;སློག	no	passed		ordinary_only	nonadmissible_observation	downgraded
