volume	page	line	token_index	tibetan_syllable	latin_source	latin_target	tibetan_role	tibetan_feature	latin_realization	structural_unit	evidence_provenance	source_or_target	independence_class	feature_teaching_status	domain	alignment	confidence
wts_1_34	35	164	3	ཞང	Zan	źaṅ	suffix_coda	ང	ṅ	token_final	reviewed_tibetan_exact_final_ng_historical_witness	target	reviewed	reviewed_explicit_feature_evidence	ordinary_tibetan_lexical_or_compound	secure_reviewed_alignment	high
wts_1_34	35	164	3	ཞང	Zan	źaṅ	pre_coda_structural_unit	ཞ	Za	pre_coda_stem	reviewed_tibetan_exact_final_ng_historical_witness	source	historical_source	unaffected_feature_from_reviewed_source	ordinary_tibetan_lexical_or_compound	secure_reviewed_alignment	medium
wts_1_34	35	164	3	ཞང	Zaṅ	źaṅ				full_token	reviewed_correction_supersession_bridge	source	reviewed	not_feature_evidence	ordinary_tibetan_lexical_or_compound	secure_reviewed_alignment	high
wts_1_34	35	206	3	བཞི	bzi	bźi	root_consonant	ཞ	ź	root	reviewed_tibetan_exact_transcription_integrity	target	reviewed	reviewed_explicit_feature_evidence	ordinary_tibetan_lexical_or_compound	secure_reviewed_alignment	high
wts_1_34	35	206	3	བཞི	bzi	bźi	unsegmented_structural_unit	བཞི	b□i	unaffected_span_support	reviewed_tibetan_exact_transcription_integrity	source	historical_source	unaffected_feature_from_reviewed_source	ordinary_tibetan_lexical_or_compound	secure_reviewed_alignment	medium
wts_1_34	36	79	3	བང	ban	baṅ	suffix_coda			token_final	reviewed_tibetan_exact_final_ng_source_compatible	target	reviewed	role_unresolved	sanskrit_or_indic_transcription	secure_reviewed_alignment	none
wts_1_34	37	119	2	ཐུང	thun	thuṅ	suffix_coda	ང	ṅ	token_final	reviewed_tibetan_exact_final_ng_consensus	target	reviewed	reviewed_explicit_feature_evidence	ordinary_tibetan_lexical_or_compound	secure_reviewed_alignment	high
wts_1_34	37	119	2	ཐུང	thun	thuṅ	pre_coda_structural_unit	ཐུ	thu	pre_coda_stem	reviewed_tibetan_exact_final_ng_consensus	source	historical_source	unaffected_feature_from_reviewed_source	ordinary_tibetan_lexical_or_compound	secure_reviewed_alignment	medium
wts_1_34	39	188	2	ཕྲེང	phren	phreṅ	suffix_coda	ང	ṅ	token_final	reviewed_tibetan_exact_final_ng_consensus	target	reviewed	reviewed_explicit_feature_evidence	ordinary_tibetan_lexical_or_compound	secure_reviewed_alignment	high
wts_1_34	39	188	2	ཕྲེང	phren	phreṅ	pre_coda_structural_unit	ཕྲེ	phre	pre_coda_stem	reviewed_tibetan_exact_final_ng_consensus	source	historical_source	unaffected_feature_from_reviewed_source	ordinary_tibetan_lexical_or_compound	secure_reviewed_alignment	medium
wts_1_34	40	97	3	བཞི	bzi	bźi	root_consonant	ཞ	ź	root	reviewed_tibetan_exact_transcription_integrity	target	reviewed	reviewed_explicit_feature_evidence	ordinary_tibetan_lexical_or_compound	secure_reviewed_alignment	high
wts_1_34	40	97	3	བཞི	bzi	bźi	unsegmented_structural_unit	བཞི	b□i	unaffected_span_support	reviewed_tibetan_exact_transcription_integrity	source	historical_source	unaffected_feature_from_reviewed_source	ordinary_tibetan_lexical_or_compound	secure_reviewed_alignment	medium
wts_1_34	40	127	4	དབང	dban	dbaṅ	suffix_coda	ང	ṅ	token_final	reviewed_tibetan_exact_final_ng_consensus	target	reviewed	reviewed_explicit_feature_evidence	ordinary_tibetan_lexical_or_compound	secure_reviewed_alignment	high
wts_1_34	40	127	4	དབང	dban	dbaṅ	pre_coda_structural_unit	དབ	dba	pre_coda_stem	reviewed_tibetan_exact_final_ng_consensus	source	historical_source	unaffected_feature_from_reviewed_source	ordinary_tibetan_lexical_or_compound	secure_reviewed_alignment	medium
wts_1_34	41	143	2	མང	man	maṅ	suffix_coda			token_final	reviewed_tibetan_exact_final_ng_consensus	target	reviewed	role_unresolved	ordinary_tibetan_lexical_or_compound	secure_reviewed_alignment	none
wts_1_34	43	158	2	རིང	rin	riṅ	suffix_coda	ང	ṅ	token_final	reviewed_tibetan_exact_final_ng_consensus	target	reviewed	reviewed_explicit_feature_evidence	ordinary_tibetan_lexical_or_compound	secure_reviewed_alignment	high
wts_1_34	43	158	2	རིང	rin	riṅ	pre_coda_structural_unit	རི	ri	pre_coda_stem	reviewed_tibetan_exact_final_ng_consensus	source	historical_source	unaffected_feature_from_reviewed_source	ordinary_tibetan_lexical_or_compound	secure_reviewed_alignment	medium
wts_1_34	46	52	2	ལིང	lin	liṅ	suffix_coda	ང	ṅ	token_final	reviewed_tibetan_exact_final_ng_consensus	target	reviewed	reviewed_explicit_feature_evidence	ordinary_tibetan_lexical_or_compound	secure_reviewed_alignment	high
wts_1_34	46	52	2	ལིང	lin	liṅ	pre_coda_structural_unit	ལི	li	pre_coda_stem	reviewed_tibetan_exact_final_ng_consensus	source	historical_source	unaffected_feature_from_reviewed_source	ordinary_tibetan_lexical_or_compound	secure_reviewed_alignment	medium
wts_1_34	46	58	2	ལིང	lin	liṅ	suffix_coda	ང	ṅ	token_final	reviewed_tibetan_exact_final_ng_consensus	target	reviewed	reviewed_explicit_feature_evidence	ordinary_tibetan_lexical_or_compound	secure_reviewed_alignment	high
wts_1_34	46	58	2	ལིང	lin	liṅ	pre_coda_structural_unit	ལི	li	pre_coda_stem	reviewed_tibetan_exact_final_ng_consensus	source	historical_source	unaffected_feature_from_reviewed_source	ordinary_tibetan_lexical_or_compound	secure_reviewed_alignment	medium
wts_1_34	46	65	2	ལིང	lin	liṅ	suffix_coda	ང	ṅ	token_final	reviewed_tibetan_exact_final_ng_consensus	target	reviewed	reviewed_explicit_feature_evidence	ordinary_tibetan_lexical_or_compound	secure_reviewed_alignment	high
wts_1_34	46	65	2	ལིང	lin	liṅ	pre_coda_structural_unit	ལི	li	pre_coda_stem	reviewed_tibetan_exact_final_ng_consensus	source	historical_source	unaffected_feature_from_reviewed_source	ordinary_tibetan_lexical_or_compound	secure_reviewed_alignment	medium
wts_1_34	46	97	2	ལིང	lin	liṅ	suffix_coda	ང	ṅ	token_final	reviewed_tibetan_exact_final_ng_consensus	target	reviewed	reviewed_explicit_feature_evidence	ordinary_tibetan_lexical_or_compound	secure_reviewed_alignment	high
wts_1_34	46	97	2	ལིང	lin	liṅ	pre_coda_structural_unit	ལི	li	pre_coda_stem	reviewed_tibetan_exact_final_ng_consensus	source	historical_source	unaffected_feature_from_reviewed_source	ordinary_tibetan_lexical_or_compound	secure_reviewed_alignment	medium
wts_1_34	46	103	2	ལིང	lin	liṅ	suffix_coda	ང	ṅ	token_final	reviewed_tibetan_exact_final_ng_consensus	target	reviewed	reviewed_explicit_feature_evidence	ordinary_tibetan_lexical_or_compound	secure_reviewed_alignment	high
wts_1_34	46	103	2	ལིང	lin	liṅ	pre_coda_structural_unit	ལི	li	pre_coda_stem	reviewed_tibetan_exact_final_ng_consensus	source	historical_source	unaffected_feature_from_reviewed_source	ordinary_tibetan_lexical_or_compound	secure_reviewed_alignment	medium
wts_1_34	46	105	2	ལིང	lin	liṅ	suffix_coda	ང	ṅ	token_final	reviewed_tibetan_exact_final_ng_consensus	target	reviewed	reviewed_explicit_feature_evidence	ordinary_tibetan_lexical_or_compound	secure_reviewed_alignment	high
wts_1_34	46	105	2	ལིང	lin	liṅ	pre_coda_structural_unit	ལི	li	pre_coda_stem	reviewed_tibetan_exact_final_ng_consensus	source	historical_source	unaffected_feature_from_reviewed_source	ordinary_tibetan_lexical_or_compound	secure_reviewed_alignment	medium
wts_1_34	47	150	3	བོང	bon	boṅ	suffix_coda			token_final	reviewed_tibetan_exact_final_ng_consensus	target	reviewed	role_unresolved	ordinary_tibetan_lexical_or_compound	secure_reviewed_alignment	none
wts_1_34	47	196	3	བོང	bon	boṅ	suffix_coda			token_final	reviewed_tibetan_exact_final_ng_consensus	target	reviewed	role_unresolved	ordinary_tibetan_lexical_or_compound	secure_reviewed_alignment	none
wts_1_34	48	99	2	ཀིང	kin	kiṅ	suffix_coda	ང	ṅ	token_final	reviewed_tibetan_exact_final_ng_consensus	target	reviewed	reviewed_explicit_feature_evidence	ordinary_tibetan_lexical_or_compound	secure_reviewed_alignment	high
wts_1_34	48	99	2	ཀིང	kin	kiṅ	pre_coda_structural_unit	ཀི	ki	pre_coda_stem	reviewed_tibetan_exact_final_ng_consensus	source	historical_source	unaffected_feature_from_reviewed_source	ordinary_tibetan_lexical_or_compound	secure_reviewed_alignment	medium
wts_1_34	49	149	4	གླིང	glin	gliṅ	suffix_coda	ང	ṅ	token_final	reviewed_tibetan_exact_final_ng_consensus	target	reviewed	reviewed_explicit_feature_evidence	ordinary_tibetan_lexical_or_compound	secure_reviewed_alignment	high
wts_1_34	49	149	4	གླིང	glin	gliṅ	pre_coda_structural_unit	གླི	gli	pre_coda_stem	reviewed_tibetan_exact_final_ng_consensus	source	historical_source	unaffected_feature_from_reviewed_source	ordinary_tibetan_lexical_or_compound	secure_reviewed_alignment	medium
wts_1_34	49	157	4	བྲང	bran	braṅ	suffix_coda	ང	ṅ	token_final	reviewed_tibetan_exact_final_ng_consensus	target	reviewed	reviewed_explicit_feature_evidence	ordinary_tibetan_lexical_or_compound	secure_reviewed_alignment	high
wts_1_34	49	157	4	བྲང	bran	braṅ	pre_coda_structural_unit	བྲ	bra	pre_coda_stem	reviewed_tibetan_exact_final_ng_consensus	source	historical_source	unaffected_feature_from_reviewed_source	ordinary_tibetan_lexical_or_compound	secure_reviewed_alignment	medium
wts_1_34	49	206	4	བྲང	bran	braṅ	suffix_coda	ང	ṅ	token_final	reviewed_tibetan_exact_final_ng_consensus	target	reviewed	reviewed_explicit_feature_evidence	ordinary_tibetan_lexical_or_compound	secure_reviewed_alignment	high
wts_1_34	49	206	4	བྲང	bran	braṅ	pre_coda_structural_unit	བྲ	bra	pre_coda_stem	reviewed_tibetan_exact_final_ng_consensus	source	historical_source	unaffected_feature_from_reviewed_source	ordinary_tibetan_lexical_or_compound	secure_reviewed_alignment	medium
wts_1_34	50	34	2	ཚང	tshan	tshaṅ	suffix_coda	ང	ṅ	token_final	reviewed_tibetan_exact_final_ng_consensus	target	reviewed	reviewed_explicit_feature_evidence	ordinary_tibetan_lexical_or_compound	secure_reviewed_alignment	high
wts_1_34	50	34	2	ཚང	tshan	tshaṅ	pre_coda_structural_unit	ཚ	tsha	pre_coda_stem	reviewed_tibetan_exact_final_ng_consensus	source	historical_source	unaffected_feature_from_reviewed_source	ordinary_tibetan_lexical_or_compound	secure_reviewed_alignment	medium
wts_1_34	51	40	3	མང	man	maṅ	suffix_coda			token_final	reviewed_tibetan_exact_final_ng_consensus	target	reviewed	role_unresolved	ordinary_tibetan_lexical_or_compound	secure_reviewed_alignment	none
wts_1_34	52	69	3	ཚང	tshan	tshaṅ	suffix_coda	ང	ṅ	token_final	reviewed_tibetan_exact_final_ng_consensus	target	reviewed	reviewed_explicit_feature_evidence	ordinary_tibetan_lexical_or_compound	secure_reviewed_alignment	high
wts_1_34	52	69	3	ཚང	tshan	tshaṅ	pre_coda_structural_unit	ཚ	tsha	pre_coda_stem	reviewed_tibetan_exact_final_ng_consensus	source	historical_source	unaffected_feature_from_reviewed_source	ordinary_tibetan_lexical_or_compound	secure_reviewed_alignment	medium
wts_1_34	52	81	3	སྐྱོང	skyon	skyoṅ	suffix_coda	ང	ṅ	token_final	reviewed_tibetan_exact_final_ng_consensus	target	reviewed	reviewed_explicit_feature_evidence	ordinary_tibetan_lexical_or_compound	secure_reviewed_alignment	high
wts_1_34	52	81	3	སྐྱོང	skyon	skyoṅ	pre_coda_structural_unit	སྐྱོ	skyo	pre_coda_stem	reviewed_tibetan_exact_final_ng_consensus	source	historical_source	unaffected_feature_from_reviewed_source	ordinary_tibetan_lexical_or_compound	secure_reviewed_alignment	medium
wts_1_34	52	81	4	དབང	dban	dbaṅ	suffix_coda	ང	ṅ	token_final	reviewed_tibetan_exact_final_ng_consensus	target	reviewed	reviewed_explicit_feature_evidence	ordinary_tibetan_lexical_or_compound	secure_reviewed_alignment	high
wts_1_34	52	81	4	དབང	dban	dbaṅ	pre_coda_structural_unit	དབ	dba	pre_coda_stem	reviewed_tibetan_exact_final_ng_consensus	source	historical_source	unaffected_feature_from_reviewed_source	ordinary_tibetan_lexical_or_compound	secure_reviewed_alignment	medium
wts_1_34	52	85	3	ཕྲེང	phren	phreṅ	suffix_coda	ང	ṅ	token_final	reviewed_tibetan_exact_final_ng_consensus	target	reviewed	reviewed_explicit_feature_evidence	ordinary_tibetan_lexical_or_compound	secure_reviewed_alignment	high
wts_1_34	52	85	3	ཕྲེང	phren	phreṅ	pre_coda_structural_unit	ཕྲེ	phre	pre_coda_stem	reviewed_tibetan_exact_final_ng_consensus	source	historical_source	unaffected_feature_from_reviewed_source	ordinary_tibetan_lexical_or_compound	secure_reviewed_alignment	medium
wts_1_34	52	135	3	རང	ran	raṅ	suffix_coda	ང	ṅ	token_final	reviewed_tibetan_exact_script_ng_witness	target	reviewed	reviewed_explicit_feature_evidence	ordinary_tibetan_lexical_or_compound	secure_reviewed_alignment	high
wts_1_34	52	135	3	རང	ran	raṅ	pre_coda_structural_unit	ར	ra	pre_coda_stem	reviewed_tibetan_exact_script_ng_witness	source	historical_source	unaffected_feature_from_reviewed_source	ordinary_tibetan_lexical_or_compound	secure_reviewed_alignment	medium
wts_1_34	52	135	4	བྱུང	byun	byuṅ	suffix_coda	ང	ṅ	token_final	reviewed_tibetan_exact_final_ng_consensus	target	reviewed	reviewed_explicit_feature_evidence	ordinary_tibetan_lexical_or_compound	secure_reviewed_alignment	high
wts_1_34	52	135	4	བྱུང	byun	byuṅ	pre_coda_structural_unit	བྱུ	byu	pre_coda_stem	reviewed_tibetan_exact_final_ng_consensus	source	historical_source	unaffected_feature_from_reviewed_source	ordinary_tibetan_lexical_or_compound	secure_reviewed_alignment	medium
wts_1_34	52	166	2	རང	ran	raṅ	suffix_coda	ང	ṅ	token_final	reviewed_tibetan_exact_script_ng_witness	target	reviewed	reviewed_explicit_feature_evidence	ordinary_tibetan_lexical_or_compound	secure_reviewed_alignment	high
wts_1_34	52	166	2	རང	ran	raṅ	pre_coda_structural_unit	ར	ra	pre_coda_stem	reviewed_tibetan_exact_script_ng_witness	source	historical_source	unaffected_feature_from_reviewed_source	ordinary_tibetan_lexical_or_compound	secure_reviewed_alignment	medium
wts_1_34	52	166	3	བྱུང	byun	byuṅ	suffix_coda	ང	ṅ	token_final	reviewed_tibetan_exact_final_ng_consensus	target	reviewed	reviewed_explicit_feature_evidence	ordinary_tibetan_lexical_or_compound	secure_reviewed_alignment	high
wts_1_34	52	166	3	བྱུང	byun	byuṅ	pre_coda_structural_unit	བྱུ	byu	pre_coda_stem	reviewed_tibetan_exact_final_ng_consensus	source	historical_source	unaffected_feature_from_reviewed_source	ordinary_tibetan_lexical_or_compound	secure_reviewed_alignment	medium
wts_1_34	54	18	1	ཀིང	kin	kiṅ	suffix_coda	ང	ṅ	token_final	reviewed_tibetan_exact_final_ng_consensus	target	reviewed	reviewed_explicit_feature_evidence	ordinary_tibetan_lexical_or_compound	secure_reviewed_alignment	high
wts_1_34	54	18	1	ཀིང	kin	kiṅ	pre_coda_structural_unit	ཀི	ki	pre_coda_stem	reviewed_tibetan_exact_final_ng_consensus	source	historical_source	unaffected_feature_from_reviewed_source	ordinary_tibetan_lexical_or_compound	secure_reviewed_alignment	medium
wts_1_34	54	45	1	ཀིང	kin	kiṅ	suffix_coda	ང	ṅ	token_final	reviewed_tibetan_exact_final_ng_consensus	target	reviewed	reviewed_explicit_feature_evidence	ordinary_tibetan_lexical_or_compound	secure_reviewed_alignment	high
wts_1_34	54	45	1	ཀིང	kin	kiṅ	pre_coda_structural_unit	ཀི	ki	pre_coda_stem	reviewed_tibetan_exact_final_ng_consensus	source	historical_source	unaffected_feature_from_reviewed_source	ordinary_tibetan_lexical_or_compound	secure_reviewed_alignment	medium
wts_1_34	54	47	1	ཀིང	kin	kiṅ	suffix_coda	ང	ṅ	token_final	reviewed_tibetan_exact_final_ng_consensus	target	reviewed	reviewed_explicit_feature_evidence	ordinary_tibetan_lexical_or_compound	secure_reviewed_alignment	high
wts_1_34	54	47	1	ཀིང	kin	kiṅ	pre_coda_structural_unit	ཀི	ki	pre_coda_stem	reviewed_tibetan_exact_final_ng_consensus	source	historical_source	unaffected_feature_from_reviewed_source	ordinary_tibetan_lexical_or_compound	secure_reviewed_alignment	medium
wts_1_34	54	70	1	ཀིང	kin	kiṅ	suffix_coda	ང	ṅ	token_final	reviewed_tibetan_exact_final_ng_consensus	target	reviewed	reviewed_explicit_feature_evidence	ordinary_tibetan_lexical_or_compound	secure_reviewed_alignment	high
wts_1_34	54	70	1	ཀིང	kin	kiṅ	pre_coda_structural_unit	ཀི	ki	pre_coda_stem	reviewed_tibetan_exact_final_ng_consensus	source	historical_source	unaffected_feature_from_reviewed_source	ordinary_tibetan_lexical_or_compound	secure_reviewed_alignment	medium
wts_1_34	54	134	2	བྱང	byan	byaṅ	suffix_coda	ང	ṅ	token_final	reviewed_tibetan_exact_final_ng_consensus	target	reviewed	reviewed_explicit_feature_evidence	ordinary_tibetan_lexical_or_compound	secure_reviewed_alignment	high
wts_1_34	54	134	2	བྱང	byan	byaṅ	pre_coda_structural_unit	བྱ	bya	pre_coda_stem	reviewed_tibetan_exact_final_ng_consensus	source	historical_source	unaffected_feature_from_reviewed_source	ordinary_tibetan_lexical_or_compound	secure_reviewed_alignment	medium
wts_1_34	54	164	3	ཁོང	khon	khoṅ	suffix_coda	ང	ṅ	token_final	reviewed_tibetan_exact_final_ng_historical_witness	target	reviewed	reviewed_explicit_feature_evidence	ordinary_tibetan_lexical_or_compound	secure_reviewed_alignment	high
wts_1_34	54	164	3	ཁོང	khon	khoṅ	pre_coda_structural_unit	ཁོ	kho	pre_coda_stem	reviewed_tibetan_exact_final_ng_historical_witness	source	historical_source	unaffected_feature_from_reviewed_source	ordinary_tibetan_lexical_or_compound	secure_reviewed_alignment	medium
wts_1_34	54	168	3	ཀོང	kon	koṅ	suffix_coda	ང	ṅ	token_final	reviewed_tibetan_exact_final_ng_consensus	target	reviewed	reviewed_explicit_feature_evidence	ordinary_tibetan_lexical_or_compound	secure_reviewed_alignment	high
wts_1_34	54	168	3	ཀོང	kon	koṅ	pre_coda_structural_unit	ཀོ	ko	pre_coda_stem	reviewed_tibetan_exact_final_ng_consensus	source	historical_source	unaffected_feature_from_reviewed_source	ordinary_tibetan_lexical_or_compound	secure_reviewed_alignment	medium
wts_1_34	54	191	3	ཕྲེང	phren	phreṅ	suffix_coda	ང	ṅ	token_final	reviewed_tibetan_exact_final_ng_consensus	target	reviewed	reviewed_explicit_feature_evidence	ordinary_tibetan_lexical_or_compound	secure_reviewed_alignment	high
wts_1_34	54	191	3	ཕྲེང	phren	phreṅ	pre_coda_structural_unit	ཕྲེ	phre	pre_coda_stem	reviewed_tibetan_exact_final_ng_consensus	source	historical_source	unaffected_feature_from_reviewed_source	ordinary_tibetan_lexical_or_compound	secure_reviewed_alignment	medium
wts_1_34	54	214	2	ཚང	tshan	tshaṅ	suffix_coda	ང	ṅ	token_final	reviewed_tibetan_exact_final_ng_consensus	target	reviewed	reviewed_explicit_feature_evidence	ordinary_tibetan_lexical_or_compound	secure_reviewed_alignment	high
wts_1_34	54	214	2	ཚང	tshan	tshaṅ	pre_coda_structural_unit	ཚ	tsha	pre_coda_stem	reviewed_tibetan_exact_final_ng_consensus	source	historical_source	unaffected_feature_from_reviewed_source	ordinary_tibetan_lexical_or_compound	secure_reviewed_alignment	medium
wts_1_34	56	115	3	ཆུང	chun	chuṅ	suffix_coda	ང	ṅ	token_final	reviewed_tibetan_exact_script_ng_witness	target	reviewed	reviewed_explicit_feature_evidence	ordinary_tibetan_lexical_or_compound	secure_reviewed_alignment	high
wts_1_34	56	115	3	ཆུང	chun	chuṅ	pre_coda_structural_unit	ཆུ	chu	pre_coda_stem	reviewed_tibetan_exact_script_ng_witness	source	historical_source	unaffected_feature_from_reviewed_source	ordinary_tibetan_lexical_or_compound	secure_reviewed_alignment	medium
wts_1_34	56	117	3	ཆུང	chun	chuṅ	suffix_coda	ང	ṅ	token_final	reviewed_tibetan_exact_script_ng_witness	target	reviewed	reviewed_explicit_feature_evidence	ordinary_tibetan_lexical_or_compound	secure_reviewed_alignment	high
wts_1_34	56	117	3	ཆུང	chun	chuṅ	pre_coda_structural_unit	ཆུ	chu	pre_coda_stem	reviewed_tibetan_exact_script_ng_witness	source	historical_source	unaffected_feature_from_reviewed_source	ordinary_tibetan_lexical_or_compound	secure_reviewed_alignment	medium
wts_1_34	56	164	3	མང	man	maṅ	suffix_coda			token_final	reviewed_tibetan_exact_final_ng_consensus	target	reviewed	role_unresolved	ordinary_tibetan_lexical_or_compound	secure_reviewed_alignment	none
wts_1_34	57	207	2	ཡང	yan	yaṅ	suffix_coda	ང	ṅ	token_final	reviewed_tibetan_exact_script_ng_witness	target	reviewed	reviewed_explicit_feature_evidence	ordinary_tibetan_lexical_or_compound	secure_reviewed_alignment	high
wts_1_34	57	207	2	ཡང	yan	yaṅ	pre_coda_structural_unit	ཡ	ya	pre_coda_stem	reviewed_tibetan_exact_script_ng_witness	source	historical_source	unaffected_feature_from_reviewed_source	ordinary_tibetan_lexical_or_compound	secure_reviewed_alignment	medium
wts_1_34	59	196	3	གྲོང	gron	groṅ	suffix_coda	ང	ṅ	token_final	reviewed_tibetan_exact_final_ng_consensus	target	reviewed	reviewed_explicit_feature_evidence	ordinary_tibetan_lexical_or_compound	secure_reviewed_alignment	high
wts_1_34	59	196	3	གྲོང	gron	groṅ	pre_coda_structural_unit	གྲོ	gro	pre_coda_stem	reviewed_tibetan_exact_final_ng_consensus	source	historical_source	unaffected_feature_from_reviewed_source	ordinary_tibetan_lexical_or_compound	secure_reviewed_alignment	medium
wts_1_34	60	101	4	ཆུང	chun	chuṅ	suffix_coda	ང	ṅ	token_final	reviewed_tibetan_exact_script_ng_witness	target	reviewed	reviewed_explicit_feature_evidence	ordinary_tibetan_lexical_or_compound	secure_reviewed_alignment	high
wts_1_34	60	101	4	ཆུང	chun	chuṅ	pre_coda_structural_unit	ཆུ	chu	pre_coda_stem	reviewed_tibetan_exact_script_ng_witness	source	historical_source	unaffected_feature_from_reviewed_source	ordinary_tibetan_lexical_or_compound	secure_reviewed_alignment	medium
wts_1_34	60	118	4	ཆུང	chun	chuṅ	suffix_coda	ང	ṅ	token_final	reviewed_tibetan_exact_script_ng_witness	target	reviewed	reviewed_explicit_feature_evidence	ordinary_tibetan_lexical_or_compound	secure_reviewed_alignment	high
wts_1_34	60	118	4	ཆུང	chun	chuṅ	pre_coda_structural_unit	ཆུ	chu	pre_coda_stem	reviewed_tibetan_exact_script_ng_witness	source	historical_source	unaffected_feature_from_reviewed_source	ordinary_tibetan_lexical_or_compound	secure_reviewed_alignment	medium
wts_1_34	60	190	4	ཆུང	chun	chuṅ	suffix_coda	ང	ṅ	token_final	reviewed_tibetan_exact_script_ng_witness	target	reviewed	reviewed_explicit_feature_evidence	ordinary_tibetan_lexical_or_compound	secure_reviewed_alignment	high
wts_1_34	60	190	4	ཆུང	chun	chuṅ	pre_coda_structural_unit	ཆུ	chu	pre_coda_stem	reviewed_tibetan_exact_script_ng_witness	source	historical_source	unaffected_feature_from_reviewed_source	ordinary_tibetan_lexical_or_compound	secure_reviewed_alignment	medium
wts_1_34	61	164	3	གླིང	glin	gliṅ	suffix_coda	ང	ṅ	token_final	reviewed_tibetan_exact_final_ng_consensus	target	reviewed	reviewed_explicit_feature_evidence	ordinary_tibetan_lexical_or_compound	secure_reviewed_alignment	high
wts_1_34	61	164	3	གླིང	glin	gliṅ	pre_coda_structural_unit	གླི	gli	pre_coda_stem	reviewed_tibetan_exact_final_ng_consensus	source	historical_source	unaffected_feature_from_reviewed_source	ordinary_tibetan_lexical_or_compound	secure_reviewed_alignment	medium
wts_1_34	61	210	3	གླིང	glin	gliṅ	suffix_coda	ང	ṅ	token_final	reviewed_tibetan_exact_final_ng_consensus	target	reviewed	reviewed_explicit_feature_evidence	ordinary_tibetan_lexical_or_compound	secure_reviewed_alignment	high
wts_1_34	61	210	3	གླིང	glin	gliṅ	pre_coda_structural_unit	གླི	gli	pre_coda_stem	reviewed_tibetan_exact_final_ng_consensus	source	historical_source	unaffected_feature_from_reviewed_source	ordinary_tibetan_lexical_or_compound	secure_reviewed_alignment	medium
wts_1_34	62	26	3	གླིང	glin	gliṅ	suffix_coda	ང	ṅ	token_final	reviewed_tibetan_exact_final_ng_consensus	target	reviewed	reviewed_explicit_feature_evidence	ordinary_tibetan_lexical_or_compound	secure_reviewed_alignment	high
wts_1_34	62	26	3	གླིང	glin	gliṅ	pre_coda_structural_unit	གླི	gli	pre_coda_stem	reviewed_tibetan_exact_final_ng_consensus	source	historical_source	unaffected_feature_from_reviewed_source	ordinary_tibetan_lexical_or_compound	secure_reviewed_alignment	medium
wts_1_34	64	130	3	སེང	sen	seṅ	suffix_coda	ང	ṅ	token_final	reviewed_tibetan_exact_final_ng_consensus	target	reviewed	reviewed_explicit_feature_evidence	ordinary_tibetan_lexical_or_compound	secure_reviewed_alignment	high
wts_1_34	64	130	3	སེང	sen	seṅ	pre_coda_structural_unit	སེ	se	pre_coda_stem	reviewed_tibetan_exact_final_ng_consensus	source	historical_source	unaffected_feature_from_reviewed_source	ordinary_tibetan_lexical_or_compound	secure_reviewed_alignment	medium
wts_1_34	68	108	3	འབྱུང	byun	byuṅ	suffix_coda	ང	ṅ	token_final	reviewed_tibetan_exact_final_ng_consensus	target	reviewed	reviewed_explicit_feature_evidence	ordinary_tibetan_lexical_or_compound	secure_reviewed_alignment	high
wts_1_34	68	108	3	འབྱུང	byun	byuṅ	pre_coda_structural_unit	འབྱུ	byu	pre_coda_stem	reviewed_tibetan_exact_final_ng_consensus	source	historical_source	unaffected_feature_from_reviewed_source	ordinary_tibetan_lexical_or_compound	secure_reviewed_alignment	medium
wts_1_34	70	37	3	གང	gan	gaṅ	suffix_coda			token_final	reviewed_tibetan_exact_script_ng_witness	target	reviewed	role_unresolved	ordinary_tibetan_lexical_or_compound	secure_reviewed_alignment	none
wts_1_34	71	137	4	སྣང	snan	snaṅ	suffix_coda	ང	ṅ	token_final	reviewed_tibetan_exact_script_ng_witness	target	reviewed	reviewed_explicit_feature_evidence	ordinary_tibetan_lexical_or_compound	secure_reviewed_alignment	high
wts_1_34	71	137	4	སྣང	snan	snaṅ	pre_coda_structural_unit	སྣ	sna	pre_coda_stem	reviewed_tibetan_exact_script_ng_witness	source	historical_source	unaffected_feature_from_reviewed_source	ordinary_tibetan_lexical_or_compound	secure_reviewed_alignment	medium
wts_1_34	71	143	3	འཆང	chan	chaṅ	suffix_coda	ང	ṅ	token_final	reviewed_tibetan_exact_final_ng_consensus	target	reviewed	reviewed_explicit_feature_evidence	ordinary_tibetan_lexical_or_compound	secure_reviewed_alignment	high
wts_1_34	71	143	3	འཆང	chan	chaṅ	pre_coda_structural_unit	འཆ	cha	pre_coda_stem	reviewed_tibetan_exact_final_ng_consensus	source	historical_source	unaffected_feature_from_reviewed_source	ordinary_tibetan_lexical_or_compound	secure_reviewed_alignment	medium
wts_1_34	71	152	3	འཆང	chan	chaṅ	suffix_coda	ང	ṅ	token_final	reviewed_tibetan_exact_final_ng_consensus	target	reviewed	reviewed_explicit_feature_evidence	ordinary_tibetan_lexical_or_compound	secure_reviewed_alignment	high
wts_1_34	71	152	3	འཆང	chan	chaṅ	pre_coda_structural_unit	འཆ	cha	pre_coda_stem	reviewed_tibetan_exact_final_ng_consensus	source	historical_source	unaffected_feature_from_reviewed_source	ordinary_tibetan_lexical_or_compound	secure_reviewed_alignment	medium
wts_1_34	72	32	3	གཏོང	gton	gtoṅ	suffix_coda	ང	ṅ	token_final	reviewed_tibetan_exact_final_ng_consensus	target	reviewed	reviewed_explicit_feature_evidence	ordinary_tibetan_lexical_or_compound	secure_reviewed_alignment	high
wts_1_34	72	32	3	གཏོང	gton	gtoṅ	pre_coda_structural_unit	གཏོ	gto	pre_coda_stem	reviewed_tibetan_exact_final_ng_consensus	source	historical_source	unaffected_feature_from_reviewed_source	ordinary_tibetan_lexical_or_compound	secure_reviewed_alignment	medium
wts_1_34	73	209	3	སྣང	snan	snaṅ	suffix_coda	ང	ṅ	token_final	reviewed_tibetan_exact_script_ng_witness	target	reviewed	reviewed_explicit_feature_evidence	ordinary_tibetan_lexical_or_compound	secure_reviewed_alignment	high
wts_1_34	73	209	3	སྣང	snan	snaṅ	pre_coda_structural_unit	སྣ	sna	pre_coda_stem	reviewed_tibetan_exact_script_ng_witness	source	historical_source	unaffected_feature_from_reviewed_source	ordinary_tibetan_lexical_or_compound	secure_reviewed_alignment	medium
wts_1_34	74	160	3	འབྱུང	byun	byuṅ	suffix_coda	ང	ṅ	token_final	reviewed_tibetan_exact_final_ng_consensus	target	reviewed	reviewed_explicit_feature_evidence	ordinary_tibetan_lexical_or_compound	secure_reviewed_alignment	high
wts_1_34	74	160	3	འབྱུང	byun	byuṅ	pre_coda_structural_unit	འབྱུ	byu	pre_coda_stem	reviewed_tibetan_exact_final_ng_consensus	source	historical_source	unaffected_feature_from_reviewed_source	ordinary_tibetan_lexical_or_compound	secure_reviewed_alignment	medium
wts_1_34	74	212	3	འབྱུང	byun	byuṅ	suffix_coda	ང	ṅ	token_final	reviewed_tibetan_exact_final_ng_consensus	target	reviewed	reviewed_explicit_feature_evidence	ordinary_tibetan_lexical_or_compound	secure_reviewed_alignment	high
wts_1_34	74	212	3	འབྱུང	byun	byuṅ	pre_coda_structural_unit	འབྱུ	byu	pre_coda_stem	reviewed_tibetan_exact_final_ng_consensus	source	historical_source	unaffected_feature_from_reviewed_source	ordinary_tibetan_lexical_or_compound	secure_reviewed_alignment	medium
wts_1_34	75	1	3	འབྲང	bran	braṅ	suffix_coda	ང	ṅ	token_final	reviewed_tibetan_exact_final_ng_consensus	target	reviewed	reviewed_explicit_feature_evidence	ordinary_tibetan_lexical_or_compound	secure_reviewed_alignment	high
wts_1_34	75	1	3	འབྲང	bran	braṅ	pre_coda_structural_unit	འབྲ	bra	pre_coda_stem	reviewed_tibetan_exact_final_ng_consensus	source	historical_source	unaffected_feature_from_reviewed_source	ordinary_tibetan_lexical_or_compound	secure_reviewed_alignment	medium
wts_1_34	75	96	3	མྱོང	myon	myoṅ	suffix_coda	ང	ṅ	token_final	reviewed_tibetan_exact_final_ng_consensus	target	reviewed	reviewed_explicit_feature_evidence	ordinary_tibetan_lexical_or_compound	secure_reviewed_alignment	high
wts_1_34	75	96	3	མྱོང	myon	myoṅ	pre_coda_structural_unit	མྱོ	myo	pre_coda_stem	reviewed_tibetan_exact_final_ng_consensus	source	historical_source	unaffected_feature_from_reviewed_source	ordinary_tibetan_lexical_or_compound	secure_reviewed_alignment	medium
wts_1_34	76	68	4	སྡང	sdan	sdaṅ	suffix_coda	ང	ṅ	token_final	reviewed_tibetan_exact_final_ng_consensus	target	reviewed	reviewed_explicit_feature_evidence	ordinary_tibetan_lexical_or_compound	secure_reviewed_alignment	high
wts_1_34	76	68	4	སྡང	sdan	sdaṅ	pre_coda_structural_unit	སྡ	sda	pre_coda_stem	reviewed_tibetan_exact_final_ng_consensus	source	historical_source	unaffected_feature_from_reviewed_source	ordinary_tibetan_lexical_or_compound	secure_reviewed_alignment	medium
wts_1_34	76	112	3	བཟང	bzan	bzaṅ	suffix_coda	ང	ṅ	token_final	reviewed_tibetan_exact_final_ng_consensus	target	reviewed	reviewed_explicit_feature_evidence	tibetan_proper_name	secure_reviewed_alignment	high
wts_1_34	76	112	3	བཟང	bzan	bzaṅ	pre_coda_structural_unit	བཟ	bza	pre_coda_stem	reviewed_tibetan_exact_final_ng_consensus	source	historical_source	unaffected_feature_from_reviewed_source	tibetan_proper_name	secure_reviewed_alignment	medium
wts_1_34	76	130	3	བཟང	bzan	bzaṅ	suffix_coda	ང	ṅ	token_final	reviewed_tibetan_exact_final_ng_consensus	target	reviewed	reviewed_explicit_feature_evidence	ordinary_tibetan_lexical_or_compound	secure_reviewed_alignment	high
wts_1_34	76	130	3	བཟང	bzan	bzaṅ	pre_coda_structural_unit	བཟ	bza	pre_coda_stem	reviewed_tibetan_exact_final_ng_consensus	source	historical_source	unaffected_feature_from_reviewed_source	ordinary_tibetan_lexical_or_compound	secure_reviewed_alignment	medium
wts_1_34	76	145	3	བཟང	bzan	bzaṅ	suffix_coda	ང	ṅ	token_final	reviewed_tibetan_exact_final_ng_consensus	target	reviewed	reviewed_explicit_feature_evidence	tibetan_proper_name	secure_reviewed_alignment	high
wts_1_34	76	145	3	བཟང	bzan	bzaṅ	pre_coda_structural_unit	བཟ	bza	pre_coda_stem	reviewed_tibetan_exact_final_ng_consensus	source	historical_source	unaffected_feature_from_reviewed_source	tibetan_proper_name	secure_reviewed_alignment	medium
wts_1_34	77	49	3	སྲུང	srun	sruṅ	suffix_coda	ང	ṅ	token_final	reviewed_tibetan_exact_final_ng_consensus	target	reviewed	reviewed_explicit_feature_evidence	ordinary_tibetan_lexical_or_compound	secure_reviewed_alignment	high
wts_1_34	77	49	3	སྲུང	srun	sruṅ	pre_coda_structural_unit	སྲུ	sru	pre_coda_stem	reviewed_tibetan_exact_final_ng_consensus	source	historical_source	unaffected_feature_from_reviewed_source	ordinary_tibetan_lexical_or_compound	secure_reviewed_alignment	medium
wts_1_34	77	156	2	གཏོང	gton	gtoṅ	suffix_coda	ང	ṅ	token_final	reviewed_tibetan_exact_final_ng_consensus	target	reviewed	reviewed_explicit_feature_evidence	ordinary_tibetan_lexical_or_compound	secure_reviewed_alignment	high
wts_1_34	77	156	2	གཏོང	gton	gtoṅ	pre_coda_structural_unit	གཏོ	gto	pre_coda_stem	reviewed_tibetan_exact_final_ng_consensus	source	historical_source	unaffected_feature_from_reviewed_source	ordinary_tibetan_lexical_or_compound	secure_reviewed_alignment	medium
wts_1_34	77	180	3	འབྱུང	byun	byuṅ	suffix_coda	ང	ṅ	token_final	reviewed_tibetan_exact_final_ng_consensus	target	reviewed	reviewed_explicit_feature_evidence	ordinary_tibetan_lexical_or_compound	secure_reviewed_alignment	high
wts_1_34	77	180	3	འབྱུང	byun	byuṅ	pre_coda_structural_unit	འབྱུ	byu	pre_coda_stem	reviewed_tibetan_exact_final_ng_consensus	source	historical_source	unaffected_feature_from_reviewed_source	ordinary_tibetan_lexical_or_compound	secure_reviewed_alignment	medium
wts_1_34	78	67	2	མཐོང	mthon	mthoṅ	suffix_coda	ང	ṅ	token_final	reviewed_tibetan_exact_final_ng_consensus	target	reviewed	reviewed_explicit_feature_evidence	ordinary_tibetan_lexical_or_compound	secure_reviewed_alignment	high
wts_1_34	78	67	2	མཐོང	mthon	mthoṅ	pre_coda_structural_unit	མཐོ	mtho	pre_coda_stem	reviewed_tibetan_exact_final_ng_consensus	source	historical_source	unaffected_feature_from_reviewed_source	ordinary_tibetan_lexical_or_compound	secure_reviewed_alignment	medium
wts_1_34	78	103	2	དོང	don	doṅ	suffix_coda			token_final	reviewed_tibetan_exact_final_ng_consensus	target	reviewed	role_unresolved	ordinary_tibetan_lexical_or_compound	secure_reviewed_alignment	none
wts_1_34	78	105	2	དོང	don	doṅ	suffix_coda			token_final	reviewed_tibetan_exact_final_ng_consensus	target	reviewed	role_unresolved	ordinary_tibetan_lexical_or_compound	secure_reviewed_alignment	none
wts_1_34	79	168	5	འོང	on	oṅ	suffix_coda			token_final	reviewed_tibetan_exact_final_ng_consensus	target	reviewed	role_unresolved	ordinary_tibetan_lexical_or_compound	secure_reviewed_alignment	none
wts_1_34	79	221	5	འོང	on	oṅ	suffix_coda			token_final	reviewed_tibetan_exact_final_ng_consensus	target	reviewed	role_unresolved	ordinary_tibetan_lexical_or_compound	secure_reviewed_alignment	none
wts_1_34	80	28	3	གདུང	gdun	gduṅ	suffix_coda	ང	ṅ	token_final	reviewed_tibetan_exact_final_ng_consensus	target	reviewed	reviewed_explicit_feature_evidence	ordinary_tibetan_lexical_or_compound	secure_reviewed_alignment	high
wts_1_34	80	28	3	གདུང	gdun	gduṅ	pre_coda_structural_unit	གདུ	gdu	pre_coda_stem	reviewed_tibetan_exact_final_ng_consensus	source	historical_source	unaffected_feature_from_reviewed_source	ordinary_tibetan_lexical_or_compound	secure_reviewed_alignment	medium
wts_1_34	80	116	3	ལྗང	ldan	ldaṅ	suffix_coda	ང	ṅ	token_final	reviewed_same_tibetan_target_final_nasal_only	target	reviewed	reviewed_explicit_feature_evidence	ordinary_tibetan_lexical_or_compound	secure_reviewed_alignment	high
wts_1_34	80	116	3	ལྗང	ldan	ldaṅ	pre_coda_structural_unit	ལྗ	lda	pre_coda_stem	reviewed_same_tibetan_target_final_nasal_only	source	historical_source	unaffected_feature_from_reviewed_source	ordinary_tibetan_lexical_or_compound	secure_reviewed_alignment	medium
wts_1_34	80	126	3	དྲང	dran	draṅ	suffix_coda	ང	ṅ	token_final	reviewed_tibetan_exact_final_ng_historical_witness	target	reviewed	reviewed_explicit_feature_evidence	ordinary_tibetan_lexical_or_compound	secure_reviewed_alignment	high
wts_1_34	80	126	3	དྲང	dran	draṅ	pre_coda_structural_unit	དྲ	dra	pre_coda_stem	reviewed_tibetan_exact_final_ng_historical_witness	source	historical_source	unaffected_feature_from_reviewed_source	ordinary_tibetan_lexical_or_compound	secure_reviewed_alignment	medium
wts_1_34	80	130	3	གདུང	gdun	gduṅ	suffix_coda	ང	ṅ	token_final	reviewed_tibetan_exact_final_ng_consensus	target	reviewed	reviewed_explicit_feature_evidence	ordinary_tibetan_lexical_or_compound	secure_reviewed_alignment	high
wts_1_34	80	130	3	གདུང	gdun	gduṅ	pre_coda_structural_unit	གདུ	gdu	pre_coda_stem	reviewed_tibetan_exact_final_ng_consensus	source	historical_source	unaffected_feature_from_reviewed_source	ordinary_tibetan_lexical_or_compound	secure_reviewed_alignment	medium
wts_1_34	81	45	3	སྣང	snan	snaṅ	suffix_coda	ང	ṅ	token_final	reviewed_tibetan_exact_script_ng_witness	target	reviewed	reviewed_explicit_feature_evidence	ordinary_tibetan_lexical_or_compound	secure_reviewed_alignment	high
wts_1_34	81	45	3	སྣང	snan	snaṅ	pre_coda_structural_unit	སྣ	sna	pre_coda_stem	reviewed_tibetan_exact_script_ng_witness	source	historical_source	unaffected_feature_from_reviewed_source	ordinary_tibetan_lexical_or_compound	secure_reviewed_alignment	medium
wts_1_34	81	67	3	སྣང	snan	snaṅ	suffix_coda	ང	ṅ	token_final	reviewed_tibetan_exact_script_ng_witness	target	reviewed	reviewed_explicit_feature_evidence	tibetan_proper_name	secure_reviewed_alignment	high
wts_1_34	81	67	3	སྣང	snan	snaṅ	pre_coda_structural_unit	སྣ	sna	pre_coda_stem	reviewed_tibetan_exact_script_ng_witness	source	historical_source	unaffected_feature_from_reviewed_source	tibetan_proper_name	secure_reviewed_alignment	medium
wts_1_34	81	136	3	འབྱུང	byun	byuṅ	suffix_coda	ང	ṅ	token_final	reviewed_tibetan_exact_final_ng_consensus	target	reviewed	reviewed_explicit_feature_evidence	ordinary_tibetan_lexical_or_compound	secure_reviewed_alignment	high
wts_1_34	81	136	3	འབྱུང	byun	byuṅ	pre_coda_structural_unit	འབྱུ	byu	pre_coda_stem	reviewed_tibetan_exact_final_ng_consensus	source	historical_source	unaffected_feature_from_reviewed_source	ordinary_tibetan_lexical_or_compound	secure_reviewed_alignment	medium
wts_1_34	82	32	3	བཟང	bzan	bzaṅ	suffix_coda	ང	ṅ	token_final	reviewed_tibetan_exact_final_ng_consensus	target	reviewed	reviewed_explicit_feature_evidence	ordinary_tibetan_lexical_or_compound	secure_reviewed_alignment	high
wts_1_34	82	32	3	བཟང	bzan	bzaṅ	pre_coda_structural_unit	བཟ	bza	pre_coda_stem	reviewed_tibetan_exact_final_ng_consensus	source	historical_source	unaffected_feature_from_reviewed_source	ordinary_tibetan_lexical_or_compound	secure_reviewed_alignment	medium
wts_1_34	82	42	3	འོང	on	oṅ	suffix_coda			token_final	reviewed_tibetan_exact_final_ng_consensus	target	reviewed	role_unresolved	ordinary_tibetan_lexical_or_compound	secure_reviewed_alignment	none
wts_1_34	82	57	3	ལང	lan	laṅ	suffix_coda	ང	ṅ	token_final	reviewed_tibetan_exact_final_ng_consensus	target	reviewed	reviewed_explicit_feature_evidence	ordinary_tibetan_lexical_or_compound	secure_reviewed_alignment	high
wts_1_34	82	57	3	ལང	lan	laṅ	pre_coda_structural_unit	ལ	la	pre_coda_stem	reviewed_tibetan_exact_final_ng_consensus	source	historical_source	unaffected_feature_from_reviewed_source	ordinary_tibetan_lexical_or_compound	secure_reviewed_alignment	medium
wts_1_34	82	106	3	ལང	lani	laṅ	unsegmented_structural_unit	ལང	la□	unaffected_span_support	reviewed_tibetan_exact_ocr_signature	source	historical_source	unaffected_feature_from_reviewed_source	ordinary_tibetan_lexical_or_compound	secure_reviewed_alignment	medium
wts_1_34	82	132	3	སློང	slon	sloṅ	suffix_coda	ང	ṅ	token_final	reviewed_tibetan_exact_final_ng_historical_witness	target	reviewed	reviewed_explicit_feature_evidence	ordinary_tibetan_lexical_or_compound	secure_reviewed_alignment	high
wts_1_34	82	132	3	སློང	slon	sloṅ	pre_coda_structural_unit	སློ	slo	pre_coda_stem	reviewed_tibetan_exact_final_ng_historical_witness	source	historical_source	unaffected_feature_from_reviewed_source	ordinary_tibetan_lexical_or_compound	secure_reviewed_alignment	medium
wts_1_34	82	157	3	སློང	slon	sloṅ	suffix_coda	ང	ṅ	token_final	reviewed_tibetan_exact_final_ng_historical_witness	target	reviewed	reviewed_explicit_feature_evidence	ordinary_tibetan_lexical_or_compound	secure_reviewed_alignment	high
wts_1_34	82	157	3	སློང	slon	sloṅ	pre_coda_structural_unit	སློ	slo	pre_coda_stem	reviewed_tibetan_exact_final_ng_historical_witness	source	historical_source	unaffected_feature_from_reviewed_source	ordinary_tibetan_lexical_or_compound	secure_reviewed_alignment	medium
wts_1_34	83	1	2	སྣང	snan	snaṅ	suffix_coda	ང	ṅ	token_final	reviewed_tibetan_exact_script_ng_witness	target	reviewed	reviewed_explicit_feature_evidence	ordinary_tibetan_lexical_or_compound	secure_reviewed_alignment	high
wts_1_34	83	1	2	སྣང	snan	snaṅ	pre_coda_structural_unit	སྣ	sna	pre_coda_stem	reviewed_tibetan_exact_script_ng_witness	source	historical_source	unaffected_feature_from_reviewed_source	ordinary_tibetan_lexical_or_compound	secure_reviewed_alignment	medium
wts_1_34	83	3	2	སྣང	snan	snaṅ	suffix_coda	ང	ṅ	token_final	reviewed_tibetan_exact_script_ng_witness	target	reviewed	reviewed_explicit_feature_evidence	tibetan_proper_name	secure_reviewed_alignment	high
wts_1_34	83	3	2	སྣང	snan	snaṅ	pre_coda_structural_unit	སྣ	sna	pre_coda_stem	reviewed_tibetan_exact_script_ng_witness	source	historical_source	unaffected_feature_from_reviewed_source	tibetan_proper_name	secure_reviewed_alignment	medium
wts_1_34	83	14	2	སྣང	snan	snaṅ	suffix_coda	ང	ṅ	token_final	reviewed_tibetan_exact_script_ng_witness	target	reviewed	reviewed_explicit_feature_evidence	ordinary_tibetan_lexical_or_compound	secure_reviewed_alignment	high
wts_1_34	83	14	2	སྣང	snan	snaṅ	pre_coda_structural_unit	སྣ	sna	pre_coda_stem	reviewed_tibetan_exact_script_ng_witness	source	historical_source	unaffected_feature_from_reviewed_source	ordinary_tibetan_lexical_or_compound	secure_reviewed_alignment	medium
wts_1_34	83	23	2	སྣང	snan	snaṅ	suffix_coda	ང	ṅ	token_final	reviewed_tibetan_exact_script_ng_witness	target	reviewed	reviewed_explicit_feature_evidence	ordinary_tibetan_lexical_or_compound	secure_reviewed_alignment	high
wts_1_34	83	23	2	སྣང	snan	snaṅ	pre_coda_structural_unit	སྣ	sna	pre_coda_stem	reviewed_tibetan_exact_script_ng_witness	source	historical_source	unaffected_feature_from_reviewed_source	ordinary_tibetan_lexical_or_compound	secure_reviewed_alignment	medium
wts_1_34	83	156	2	འབྱུང	byun	byuṅ	suffix_coda	ང	ṅ	token_final	reviewed_tibetan_exact_final_ng_consensus	target	reviewed	reviewed_explicit_feature_evidence	ordinary_tibetan_lexical_or_compound	secure_reviewed_alignment	high
wts_1_34	83	156	2	འབྱུང	byun	byuṅ	pre_coda_structural_unit	འབྱུ	byu	pre_coda_stem	reviewed_tibetan_exact_final_ng_consensus	source	historical_source	unaffected_feature_from_reviewed_source	ordinary_tibetan_lexical_or_compound	secure_reviewed_alignment	medium
wts_1_34	83	162	2	འབྱུང	byun	byuṅ	suffix_coda	ང	ṅ	token_final	reviewed_tibetan_exact_final_ng_consensus	target	reviewed	reviewed_explicit_feature_evidence	ordinary_tibetan_lexical_or_compound	secure_reviewed_alignment	high
wts_1_34	83	162	2	འབྱུང	byun	byuṅ	pre_coda_structural_unit	འབྱུ	byu	pre_coda_stem	reviewed_tibetan_exact_final_ng_consensus	source	historical_source	unaffected_feature_from_reviewed_source	ordinary_tibetan_lexical_or_compound	secure_reviewed_alignment	medium
wts_1_34	83	182	2	འབྱུང	byun	byuṅ	suffix_coda	ང	ṅ	token_final	reviewed_tibetan_exact_final_ng_consensus	target	reviewed	reviewed_explicit_feature_evidence	ordinary_tibetan_lexical_or_compound	secure_reviewed_alignment	high
wts_1_34	83	182	2	འབྱུང	byun	byuṅ	pre_coda_structural_unit	འབྱུ	byu	pre_coda_stem	reviewed_tibetan_exact_final_ng_consensus	source	historical_source	unaffected_feature_from_reviewed_source	ordinary_tibetan_lexical_or_compound	secure_reviewed_alignment	medium
wts_1_34	84	53	2	སྦྱོང	sbyon	sbyoṅ	suffix_coda	ང	ṅ	token_final	reviewed_tibetan_exact_final_ng_consensus	target	reviewed	reviewed_explicit_feature_evidence	ordinary_tibetan_lexical_or_compound	secure_reviewed_alignment	high
wts_1_34	84	53	2	སྦྱོང	sbyon	sbyoṅ	pre_coda_structural_unit	སྦྱོ	sbyo	pre_coda_stem	reviewed_tibetan_exact_final_ng_consensus	source	historical_source	unaffected_feature_from_reviewed_source	ordinary_tibetan_lexical_or_compound	secure_reviewed_alignment	medium
wts_1_34	84	98	2	ཚང	tshan	tshaṅ	suffix_coda	ང	ṅ	token_final	reviewed_tibetan_exact_final_ng_consensus	target	reviewed	reviewed_explicit_feature_evidence	tibetan_proper_name	secure_reviewed_alignment	high
wts_1_34	84	98	2	ཚང	tshan	tshaṅ	pre_coda_structural_unit	ཚ	tsha	pre_coda_stem	reviewed_tibetan_exact_final_ng_consensus	source	historical_source	unaffected_feature_from_reviewed_source	tibetan_proper_name	secure_reviewed_alignment	medium
wts_1_34	85	104	2	གཞི	gZi	gźi	root_consonant	ཞ	ź	root	reviewed_tibetan_exact_transcription_integrity	target	reviewed	reviewed_explicit_feature_evidence	ordinary_tibetan_lexical_or_compound	secure_reviewed_alignment	high
wts_1_34	85	104	2	གཞི	gZi	gźi	unsegmented_structural_unit	གཞི	g□i	unaffected_span_support	reviewed_tibetan_exact_transcription_integrity	source	historical_source	unaffected_feature_from_reviewed_source	ordinary_tibetan_lexical_or_compound	secure_reviewed_alignment	medium
wts_1_34	86	1	2	བཟང	bzan	bzaṅ	suffix_coda	ང	ṅ	token_final	reviewed_tibetan_exact_final_ng_consensus	target	reviewed	reviewed_explicit_feature_evidence	ordinary_tibetan_lexical_or_compound	secure_reviewed_alignment	high
wts_1_34	86	1	2	བཟང	bzan	bzaṅ	pre_coda_structural_unit	བཟ	bza	pre_coda_stem	reviewed_tibetan_exact_final_ng_consensus	source	historical_source	unaffected_feature_from_reviewed_source	ordinary_tibetan_lexical_or_compound	secure_reviewed_alignment	medium
wts_1_34	86	7	2	བཟང	bzan	bzaṅ	suffix_coda	ང	ṅ	token_final	reviewed_tibetan_exact_final_ng_consensus	target	reviewed	reviewed_explicit_feature_evidence	ordinary_tibetan_lexical_or_compound	secure_reviewed_alignment	high
wts_1_34	86	7	2	བཟང	bzan	bzaṅ	pre_coda_structural_unit	བཟ	bza	pre_coda_stem	reviewed_tibetan_exact_final_ng_consensus	source	historical_source	unaffected_feature_from_reviewed_source	ordinary_tibetan_lexical_or_compound	secure_reviewed_alignment	medium
wts_1_34	86	30	2	བཟང	bzan	bzaṅ	suffix_coda	ང	ṅ	token_final	reviewed_tibetan_exact_final_ng_consensus	target	reviewed	reviewed_explicit_feature_evidence	ordinary_tibetan_lexical_or_compound	secure_reviewed_alignment	high
wts_1_34	86	30	2	བཟང	bzan	bzaṅ	pre_coda_structural_unit	བཟ	bza	pre_coda_stem	reviewed_tibetan_exact_final_ng_consensus	source	historical_source	unaffected_feature_from_reviewed_source	ordinary_tibetan_lexical_or_compound	secure_reviewed_alignment	medium
wts_1_34	86	55	2	བཟང	bzan	bzaṅ	suffix_coda	ང	ṅ	token_final	reviewed_tibetan_exact_final_ng_consensus	target	reviewed	reviewed_explicit_feature_evidence	ordinary_tibetan_lexical_or_compound	secure_reviewed_alignment	high
wts_1_34	86	55	2	བཟང	bzan	bzaṅ	pre_coda_structural_unit	བཟ	bza	pre_coda_stem	reviewed_tibetan_exact_final_ng_consensus	source	historical_source	unaffected_feature_from_reviewed_source	ordinary_tibetan_lexical_or_compound	secure_reviewed_alignment	medium
wts_1_34	86	60	2	བཟང	bzan	bzaṅ	suffix_coda	ང	ṅ	token_final	reviewed_tibetan_exact_final_ng_consensus	target	reviewed	reviewed_explicit_feature_evidence	tibetan_proper_name	secure_reviewed_alignment	high
wts_1_34	86	60	2	བཟང	bzan	bzaṅ	pre_coda_structural_unit	བཟ	bza	pre_coda_stem	reviewed_tibetan_exact_final_ng_consensus	source	historical_source	unaffected_feature_from_reviewed_source	tibetan_proper_name	secure_reviewed_alignment	medium
wts_1_34	86	64	2	བཟང	bzan	bzaṅ	suffix_coda	ང	ṅ	token_final	reviewed_tibetan_exact_final_ng_consensus	target	reviewed	reviewed_explicit_feature_evidence	ordinary_tibetan_lexical_or_compound	secure_reviewed_alignment	high
wts_1_34	86	64	2	བཟང	bzan	bzaṅ	pre_coda_structural_unit	བཟ	bza	pre_coda_stem	reviewed_tibetan_exact_final_ng_consensus	source	historical_source	unaffected_feature_from_reviewed_source	ordinary_tibetan_lexical_or_compound	secure_reviewed_alignment	medium
wts_1_34	86	178	4	ལྟར	Itar	ltar	unsegmented_structural_unit	ལྟར	□tar	unaffected_span_support	reviewed_tibetan_exact_initial_i_l_family	source	historical_source	unaffected_feature_from_reviewed_source	tibetan_proper_name	secure_reviewed_alignment	medium
wts_1_34	86	191	3	བཟང	bzan	bzaṅ	suffix_coda	ང	ṅ	token_final	reviewed_tibetan_exact_final_ng_consensus	target	reviewed	reviewed_explicit_feature_evidence	sanskrit_or_indic_transcription	secure_reviewed_alignment	high
wts_1_34	86	191	3	བཟང	bzan	bzaṅ	pre_coda_structural_unit	བཟ	bza	pre_coda_stem	reviewed_tibetan_exact_final_ng_consensus	source	historical_source	unaffected_feature_from_reviewed_source	sanskrit_or_indic_transcription	secure_reviewed_alignment	medium
wts_1_34	87	30	3	ཀོང	kon	koṅ	suffix_coda	ང	ṅ	token_final	reviewed_tibetan_exact_final_ng_consensus	target	reviewed	reviewed_explicit_feature_evidence	ordinary_tibetan_lexical_or_compound	secure_reviewed_alignment	high
wts_1_34	87	30	3	ཀོང	kon	koṅ	pre_coda_structural_unit	ཀོ	ko	pre_coda_stem	reviewed_tibetan_exact_final_ng_consensus	source	historical_source	unaffected_feature_from_reviewed_source	ordinary_tibetan_lexical_or_compound	secure_reviewed_alignment	medium
wts_1_34	87	67	3	ཐང	than	thaṅ	suffix_coda	ང	ṅ	token_final	reviewed_tibetan_exact_final_ng_consensus	target	reviewed	reviewed_explicit_feature_evidence	ordinary_tibetan_lexical_or_compound	secure_reviewed_alignment	high
wts_1_34	87	67	3	ཐང	than	thaṅ	pre_coda_structural_unit	ཐ	tha	pre_coda_stem	reviewed_tibetan_exact_final_ng_consensus	source	historical_source	unaffected_feature_from_reviewed_source	ordinary_tibetan_lexical_or_compound	secure_reviewed_alignment	medium
wts_1_34	87	155	2	སློང	slon	sloṅ	suffix_coda	ང	ṅ	token_final	reviewed_tibetan_exact_final_ng_historical_witness	target	reviewed	reviewed_explicit_feature_evidence	ordinary_tibetan_lexical_or_compound	secure_reviewed_alignment	high
wts_1_34	87	155	2	སློང	slon	sloṅ	pre_coda_structural_unit	སློ	slo	pre_coda_stem	reviewed_tibetan_exact_final_ng_historical_witness	source	historical_source	unaffected_feature_from_reviewed_source	ordinary_tibetan_lexical_or_compound	secure_reviewed_alignment	medium
wts_1_34	87	195	2	སློང	slon	sloṅ	suffix_coda	ང	ṅ	token_final	reviewed_tibetan_exact_final_ng_historical_witness	target	reviewed	reviewed_explicit_feature_evidence	unclear	secure_reviewed_alignment	high
wts_1_34	87	195	2	སློང	slon	sloṅ	pre_coda_structural_unit	སློ	slo	pre_coda_stem	reviewed_tibetan_exact_final_ng_historical_witness	source	historical_source	unaffected_feature_from_reviewed_source	unclear	secure_reviewed_alignment	medium
wts_1_34	88	1	2	སློང	slon	sloṅ	suffix_coda	ང	ṅ	token_final	reviewed_tibetan_exact_final_ng_historical_witness	target	reviewed	reviewed_explicit_feature_evidence	ordinary_tibetan_lexical_or_compound	secure_reviewed_alignment	high
wts_1_34	88	1	2	སློང	slon	sloṅ	pre_coda_structural_unit	སློ	slo	pre_coda_stem	reviewed_tibetan_exact_final_ng_historical_witness	source	historical_source	unaffected_feature_from_reviewed_source	ordinary_tibetan_lexical_or_compound	secure_reviewed_alignment	medium
wts_1_34	88	8	2	སློང	slon	sloṅ	suffix_coda	ང	ṅ	token_final	reviewed_tibetan_exact_final_ng_historical_witness	target	reviewed	reviewed_explicit_feature_evidence	ordinary_tibetan_lexical_or_compound	secure_reviewed_alignment	high
wts_1_34	88	8	2	སློང	slon	sloṅ	pre_coda_structural_unit	སློ	slo	pre_coda_stem	reviewed_tibetan_exact_final_ng_historical_witness	source	historical_source	unaffected_feature_from_reviewed_source	ordinary_tibetan_lexical_or_compound	secure_reviewed_alignment	medium
wts_1_34	88	164	4	མྱོང	myon	myoṅ	suffix_coda	ང	ṅ	token_final	reviewed_tibetan_exact_final_ng_consensus	target	reviewed	reviewed_explicit_feature_evidence	ordinary_tibetan_lexical_or_compound	secure_reviewed_alignment	high
wts_1_34	88	164	4	མྱོང	myon	myoṅ	pre_coda_structural_unit	མྱོ	myo	pre_coda_stem	reviewed_tibetan_exact_final_ng_consensus	source	historical_source	unaffected_feature_from_reviewed_source	ordinary_tibetan_lexical_or_compound	secure_reviewed_alignment	medium
wts_1_34	88	182	4	མྱོང	myon	myoṅ	suffix_coda	ང	ṅ	token_final	reviewed_tibetan_exact_final_ng_consensus	target	reviewed	reviewed_explicit_feature_evidence	ordinary_tibetan_lexical_or_compound	secure_reviewed_alignment	high
wts_1_34	88	182	4	མྱོང	myon	myoṅ	pre_coda_structural_unit	མྱོ	myo	pre_coda_stem	reviewed_tibetan_exact_final_ng_consensus	source	historical_source	unaffected_feature_from_reviewed_source	ordinary_tibetan_lexical_or_compound	secure_reviewed_alignment	medium
wts_1_34	88	198	4	མྱོང	myon	myoṅ	suffix_coda	ང	ṅ	token_final	reviewed_tibetan_exact_final_ng_consensus	target	reviewed	reviewed_explicit_feature_evidence	ordinary_tibetan_lexical_or_compound	secure_reviewed_alignment	high
wts_1_34	88	198	4	མྱོང	myon	myoṅ	pre_coda_structural_unit	མྱོ	myo	pre_coda_stem	reviewed_tibetan_exact_final_ng_consensus	source	historical_source	unaffected_feature_from_reviewed_source	ordinary_tibetan_lexical_or_compound	secure_reviewed_alignment	medium
wts_1_34	89	167	2	བང	ban	baṅ	suffix_coda			token_final	reviewed_tibetan_exact_final_ng_source_compatible	target	reviewed	role_unresolved	tibetan_proper_name	secure_reviewed_alignment	none
wts_1_34	90	1	2	ཝང	wan	waṅ	suffix_coda	ང	ṅ	token_final	reviewed_tibetan_exact_final_ng_consensus	target	reviewed	reviewed_explicit_feature_evidence	ordinary_tibetan_lexical_or_compound	secure_reviewed_alignment	high
wts_1_34	90	1	2	ཝང	wan	waṅ	pre_coda_structural_unit	ཝ	wa	pre_coda_stem	reviewed_tibetan_exact_final_ng_consensus	source	historical_source	unaffected_feature_from_reviewed_source	ordinary_tibetan_lexical_or_compound	secure_reviewed_alignment	medium
wts_1_34	90	7	2	ཝང	wan	waṅ	suffix_coda	ང	ṅ	token_final	reviewed_tibetan_exact_final_ng_consensus	target	reviewed	reviewed_explicit_feature_evidence	ordinary_tibetan_lexical_or_compound	secure_reviewed_alignment	high
wts_1_34	90	7	2	ཝང	wan	waṅ	pre_coda_structural_unit	ཝ	wa	pre_coda_stem	reviewed_tibetan_exact_final_ng_consensus	source	historical_source	unaffected_feature_from_reviewed_source	ordinary_tibetan_lexical_or_compound	secure_reviewed_alignment	medium
wts_1_34	91	117	2	ཚང	tshan	tshaṅ	suffix_coda	ང	ṅ	token_final	reviewed_tibetan_exact_final_ng_consensus	target	reviewed	reviewed_explicit_feature_evidence	ordinary_tibetan_lexical_or_compound	secure_reviewed_alignment	high
wts_1_34	91	117	2	ཚང	tshan	tshaṅ	pre_coda_structural_unit	ཚ	tsha	pre_coda_stem	reviewed_tibetan_exact_final_ng_consensus	source	historical_source	unaffected_feature_from_reviewed_source	ordinary_tibetan_lexical_or_compound	secure_reviewed_alignment	medium
wts_1_34	92	49	2	ཤིང	sin	siṅ	suffix_coda	ང	ṅ	token_final	reviewed_tibetan_exact_final_ng_source_compatible	target	reviewed	reviewed_explicit_feature_evidence	ordinary_tibetan_lexical_or_compound	secure_reviewed_alignment	high
wts_1_34	92	49	2	ཤིང	sin	siṅ	pre_coda_structural_unit	ཤི	si	pre_coda_stem	reviewed_tibetan_exact_final_ng_source_compatible	source	historical_source	unaffected_feature_from_reviewed_source	ordinary_tibetan_lexical_or_compound	secure_reviewed_alignment	medium
wts_1_34	92	180	3	ཐང	than	thaṅ	suffix_coda	ང	ṅ	token_final	reviewed_tibetan_exact_final_ng_consensus	target	reviewed	reviewed_explicit_feature_evidence	ordinary_tibetan_lexical_or_compound	secure_reviewed_alignment	high
wts_1_34	92	180	3	ཐང	than	thaṅ	pre_coda_structural_unit	ཐ	tha	pre_coda_stem	reviewed_tibetan_exact_final_ng_consensus	source	historical_source	unaffected_feature_from_reviewed_source	ordinary_tibetan_lexical_or_compound	secure_reviewed_alignment	medium
wts_1_34	92	180	5	གླིང	glin	gliṅ	suffix_coda	ང	ṅ	token_final	reviewed_tibetan_exact_final_ng_consensus	target	reviewed	reviewed_explicit_feature_evidence	ordinary_tibetan_lexical_or_compound	secure_reviewed_alignment	high
wts_1_34	92	180	5	གླིང	glin	gliṅ	pre_coda_structural_unit	གླི	gli	pre_coda_stem	reviewed_tibetan_exact_final_ng_consensus	source	historical_source	unaffected_feature_from_reviewed_source	ordinary_tibetan_lexical_or_compound	secure_reviewed_alignment	medium
wts_1_34	93	62	1	ཀོ	Ikog	lkog	unsegmented_structural_unit	ཀོ	□kog	unaffected_span_support	reviewed_tibetan_exact_initial_i_l_family	source	historical_source	unaffected_feature_from_reviewed_source	ordinary_tibetan_lexical_or_compound	secure_reviewed_alignment	medium
wts_1_34	93	62	2	སྐོ	Ikog	lkog	unsegmented_structural_unit	སྐོ	□kog	unaffected_span_support	reviewed_tibetan_exact_initial_i_l_family	source	historical_source	unaffected_feature_from_reviewed_source	ordinary_tibetan_lexical_or_compound	secure_reviewed_alignment	medium
wts_1_34	93	97	2	གྱོང	gyon	gyoṅ	suffix_coda	ང	ṅ	token_final	reviewed_tibetan_exact_final_ng_historical_witness	target	reviewed	reviewed_explicit_feature_evidence	ordinary_tibetan_lexical_or_compound	secure_reviewed_alignment	high
wts_1_34	93	97	2	གྱོང	gyon	gyoṅ	pre_coda_structural_unit	གྱོ	gyo	pre_coda_stem	reviewed_tibetan_exact_final_ng_historical_witness	source	historical_source	unaffected_feature_from_reviewed_source	ordinary_tibetan_lexical_or_compound	secure_reviewed_alignment	medium
wts_1_34	93	106	2	གྱོང	gyon	gyoṅ	suffix_coda	ང	ṅ	token_final	reviewed_tibetan_exact_final_ng_historical_witness	target	reviewed	reviewed_explicit_feature_evidence	ordinary_tibetan_lexical_or_compound	secure_reviewed_alignment	high
wts_1_34	93	106	2	གྱོང	gyon	gyoṅ	pre_coda_structural_unit	གྱོ	gyo	pre_coda_stem	reviewed_tibetan_exact_final_ng_historical_witness	source	historical_source	unaffected_feature_from_reviewed_source	ordinary_tibetan_lexical_or_compound	secure_reviewed_alignment	medium
wts_1_34	94	118	2	ལྤགས	Ipags	lpags	unsegmented_structural_unit	ལྤགས	□pags	unaffected_span_support	reviewed_tibetan_exact_initial_i_l_family	source	historical_source	unaffected_feature_from_reviewed_source	ordinary_tibetan_lexical_or_compound	secure_reviewed_alignment	medium
wts_1_34	94	133	2	ལྤགས	Ipags	lpags	unsegmented_structural_unit	ལྤགས	□pags	unaffected_span_support	reviewed_tibetan_exact_initial_i_l_family	source	historical_source	unaffected_feature_from_reviewed_source	ordinary_tibetan_lexical_or_compound	secure_reviewed_alignment	medium
wts_1_34	94	144	3	མཁན	Ipags	lpags	unsegmented_structural_unit	མཁན	□pags	unaffected_span_support	reviewed_tibetan_exact_initial_i_l_family	source	historical_source	unaffected_feature_from_reviewed_source	unclear	secure_reviewed_alignment	medium
wts_1_34	96	165	1	ཀོང	kon	koṅ	suffix_coda	ང	ṅ	token_final	reviewed_tibetan_exact_final_ng_consensus	target	reviewed	reviewed_explicit_feature_evidence	ordinary_tibetan_lexical_or_compound	secure_reviewed_alignment	high
wts_1_34	96	165	1	ཀོང	kon	koṅ	pre_coda_structural_unit	ཀོ	ko	pre_coda_stem	reviewed_tibetan_exact_final_ng_consensus	source	historical_source	unaffected_feature_from_reviewed_source	ordinary_tibetan_lexical_or_compound	secure_reviewed_alignment	medium
wts_1_34	96	214	1	ཀོང	kon	koṅ	suffix_coda	ང	ṅ	token_final	reviewed_tibetan_exact_final_ng_consensus	target	reviewed	reviewed_explicit_feature_evidence	ordinary_tibetan_lexical_or_compound	secure_reviewed_alignment	high
wts_1_34	96	214	1	ཀོང	kon	koṅ	pre_coda_structural_unit	ཀོ	ko	pre_coda_stem	reviewed_tibetan_exact_final_ng_consensus	source	historical_source	unaffected_feature_from_reviewed_source	ordinary_tibetan_lexical_or_compound	secure_reviewed_alignment	medium
wts_1_34	97	5	1	ཀོང	kon	koṅ	suffix_coda	ང	ṅ	token_final	reviewed_tibetan_exact_final_ng_consensus	target	reviewed	reviewed_explicit_feature_evidence	tibetan_proper_name	secure_reviewed_alignment	high
wts_1_34	97	5	1	ཀོང	kon	koṅ	pre_coda_structural_unit	ཀོ	ko	pre_coda_stem	reviewed_tibetan_exact_final_ng_consensus	source	historical_source	unaffected_feature_from_reviewed_source	tibetan_proper_name	secure_reviewed_alignment	medium
wts_1_34	97	18	1	ཀོང	kon	koṅ	suffix_coda	ང	ṅ	token_final	reviewed_tibetan_exact_final_ng_consensus	target	reviewed	reviewed_explicit_feature_evidence	ordinary_tibetan_lexical_or_compound	secure_reviewed_alignment	high
wts_1_34	97	18	1	ཀོང	kon	koṅ	pre_coda_structural_unit	ཀོ	ko	pre_coda_stem	reviewed_tibetan_exact_final_ng_consensus	source	historical_source	unaffected_feature_from_reviewed_source	ordinary_tibetan_lexical_or_compound	secure_reviewed_alignment	medium
wts_1_34	97	19	1	ཀོང	kon	koṅ	suffix_coda	ང	ṅ	token_final	reviewed_tibetan_exact_final_ng_consensus	target	reviewed	reviewed_explicit_feature_evidence	ordinary_tibetan_lexical_or_compound	secure_reviewed_alignment	high
wts_1_34	97	19	1	ཀོང	kon	koṅ	pre_coda_structural_unit	ཀོ	ko	pre_coda_stem	reviewed_tibetan_exact_final_ng_consensus	source	historical_source	unaffected_feature_from_reviewed_source	ordinary_tibetan_lexical_or_compound	secure_reviewed_alignment	medium
wts_1_34	97	19	2	ཀོང	kon	koṅ	suffix_coda	ང	ṅ	token_final	reviewed_tibetan_exact_final_ng_consensus	target	reviewed	reviewed_explicit_feature_evidence	ordinary_tibetan_lexical_or_compound	secure_reviewed_alignment	high
wts_1_34	97	19	2	ཀོང	kon	koṅ	pre_coda_structural_unit	ཀོ	ko	pre_coda_stem	reviewed_tibetan_exact_final_ng_consensus	source	historical_source	unaffected_feature_from_reviewed_source	ordinary_tibetan_lexical_or_compound	secure_reviewed_alignment	medium
wts_1_34	97	25	1	ཀོང	kon	koṅ	suffix_coda	ང	ṅ	token_final	reviewed_tibetan_exact_final_ng_consensus	target	reviewed	reviewed_explicit_feature_evidence	ordinary_tibetan_lexical_or_compound	secure_reviewed_alignment	high
wts_1_34	97	25	1	ཀོང	kon	koṅ	pre_coda_structural_unit	ཀོ	ko	pre_coda_stem	reviewed_tibetan_exact_final_ng_consensus	source	historical_source	unaffected_feature_from_reviewed_source	ordinary_tibetan_lexical_or_compound	secure_reviewed_alignment	medium
wts_1_34	97	41	1	ཀོང	kon	koṅ	suffix_coda	ང	ṅ	token_final	reviewed_tibetan_exact_final_ng_consensus	target	reviewed	reviewed_explicit_feature_evidence	ordinary_tibetan_lexical_or_compound	secure_reviewed_alignment	high
wts_1_34	97	41	1	ཀོང	kon	koṅ	pre_coda_structural_unit	ཀོ	ko	pre_coda_stem	reviewed_tibetan_exact_final_ng_consensus	source	historical_source	unaffected_feature_from_reviewed_source	ordinary_tibetan_lexical_or_compound	secure_reviewed_alignment	medium
wts_1_34	97	46	1	ཀོང	kon	koṅ	suffix_coda	ང	ṅ	token_final	reviewed_tibetan_exact_final_ng_consensus	target	reviewed	reviewed_explicit_feature_evidence	ordinary_tibetan_lexical_or_compound	secure_reviewed_alignment	high
wts_1_34	97	46	1	ཀོང	kon	koṅ	pre_coda_structural_unit	ཀོ	ko	pre_coda_stem	reviewed_tibetan_exact_final_ng_consensus	source	historical_source	unaffected_feature_from_reviewed_source	ordinary_tibetan_lexical_or_compound	secure_reviewed_alignment	medium
wts_1_34	97	56	1	ཀོང	kon	koṅ	suffix_coda	ང	ṅ	token_final	reviewed_tibetan_exact_final_ng_consensus	target	reviewed	reviewed_explicit_feature_evidence	ordinary_tibetan_lexical_or_compound	secure_reviewed_alignment	high
wts_1_34	97	56	1	ཀོང	kon	koṅ	pre_coda_structural_unit	ཀོ	ko	pre_coda_stem	reviewed_tibetan_exact_final_ng_consensus	source	historical_source	unaffected_feature_from_reviewed_source	ordinary_tibetan_lexical_or_compound	secure_reviewed_alignment	medium
wts_1_34	97	75	1	ཀོང	kon	koṅ	suffix_coda	ང	ṅ	token_final	reviewed_tibetan_exact_final_ng_consensus	target	reviewed	reviewed_explicit_feature_evidence	ordinary_tibetan_lexical_or_compound	secure_reviewed_alignment	high
wts_1_34	97	75	1	ཀོང	kon	koṅ	pre_coda_structural_unit	ཀོ	ko	pre_coda_stem	reviewed_tibetan_exact_final_ng_consensus	source	historical_source	unaffected_feature_from_reviewed_source	ordinary_tibetan_lexical_or_compound	secure_reviewed_alignment	medium
wts_1_34	97	78	1	ཀོང	kon	koṅ	suffix_coda	ང	ṅ	token_final	reviewed_tibetan_exact_final_ng_consensus	target	reviewed	reviewed_explicit_feature_evidence	ordinary_tibetan_lexical_or_compound	secure_reviewed_alignment	high
wts_1_34	97	78	1	ཀོང	kon	koṅ	pre_coda_structural_unit	ཀོ	ko	pre_coda_stem	reviewed_tibetan_exact_final_ng_consensus	source	historical_source	unaffected_feature_from_reviewed_source	ordinary_tibetan_lexical_or_compound	secure_reviewed_alignment	medium
wts_1_34	97	87	1	ཀོང	kon	koṅ	suffix_coda	ང	ṅ	token_final	reviewed_tibetan_exact_final_ng_consensus	target	reviewed	reviewed_explicit_feature_evidence	ordinary_tibetan_lexical_or_compound	secure_reviewed_alignment	high
wts_1_34	97	87	1	ཀོང	kon	koṅ	pre_coda_structural_unit	ཀོ	ko	pre_coda_stem	reviewed_tibetan_exact_final_ng_consensus	source	historical_source	unaffected_feature_from_reviewed_source	ordinary_tibetan_lexical_or_compound	secure_reviewed_alignment	medium
wts_1_34	97	88	1	ཀོང	kon	koṅ	suffix_coda	ང	ṅ	token_final	reviewed_tibetan_exact_final_ng_consensus	target	reviewed	reviewed_explicit_feature_evidence	ordinary_tibetan_lexical_or_compound	secure_reviewed_alignment	high
wts_1_34	97	88	1	ཀོང	kon	koṅ	pre_coda_structural_unit	ཀོ	ko	pre_coda_stem	reviewed_tibetan_exact_final_ng_consensus	source	historical_source	unaffected_feature_from_reviewed_source	ordinary_tibetan_lexical_or_compound	secure_reviewed_alignment	medium
wts_1_34	97	98	1	ཀོང	kon	koṅ	suffix_coda	ང	ṅ	token_final	reviewed_tibetan_exact_final_ng_consensus	target	reviewed	reviewed_explicit_feature_evidence	ordinary_tibetan_lexical_or_compound	secure_reviewed_alignment	high
wts_1_34	97	98	1	ཀོང	kon	koṅ	pre_coda_structural_unit	ཀོ	ko	pre_coda_stem	reviewed_tibetan_exact_final_ng_consensus	source	historical_source	unaffected_feature_from_reviewed_source	ordinary_tibetan_lexical_or_compound	secure_reviewed_alignment	medium
wts_1_34	97	111	1	ཀོང	kon	koṅ	suffix_coda	ང	ṅ	token_final	reviewed_tibetan_exact_final_ng_consensus	target	reviewed	reviewed_explicit_feature_evidence	ordinary_tibetan_lexical_or_compound	secure_reviewed_alignment	high
wts_1_34	97	111	1	ཀོང	kon	koṅ	pre_coda_structural_unit	ཀོ	ko	pre_coda_stem	reviewed_tibetan_exact_final_ng_consensus	source	historical_source	unaffected_feature_from_reviewed_source	ordinary_tibetan_lexical_or_compound	secure_reviewed_alignment	medium
wts_1_34	97	111	3	བྲང	bran	braṅ	suffix_coda	ང	ṅ	token_final	reviewed_tibetan_exact_final_ng_consensus	target	reviewed	reviewed_explicit_feature_evidence	ordinary_tibetan_lexical_or_compound	secure_reviewed_alignment	high
wts_1_34	97	111	3	བྲང	bran	braṅ	pre_coda_structural_unit	བྲ	bra	pre_coda_stem	reviewed_tibetan_exact_final_ng_consensus	source	historical_source	unaffected_feature_from_reviewed_source	ordinary_tibetan_lexical_or_compound	secure_reviewed_alignment	medium
wts_1_34	97	141	1	ཀོང	kon	koṅ	suffix_coda	ང	ṅ	token_final	reviewed_tibetan_exact_final_ng_consensus	target	reviewed	reviewed_explicit_feature_evidence	ordinary_tibetan_lexical_or_compound	secure_reviewed_alignment	high
wts_1_34	97	141	1	ཀོང	kon	koṅ	pre_coda_structural_unit	ཀོ	ko	pre_coda_stem	reviewed_tibetan_exact_final_ng_consensus	source	historical_source	unaffected_feature_from_reviewed_source	ordinary_tibetan_lexical_or_compound	secure_reviewed_alignment	medium
wts_1_34	97	158	1	ཀོང	kon	koṅ	suffix_coda	ང	ṅ	token_final	reviewed_tibetan_exact_final_ng_consensus	target	reviewed	reviewed_explicit_feature_evidence	ordinary_tibetan_lexical_or_compound	secure_reviewed_alignment	high
wts_1_34	97	158	1	ཀོང	kon	koṅ	pre_coda_structural_unit	ཀོ	ko	pre_coda_stem	reviewed_tibetan_exact_final_ng_consensus	source	historical_source	unaffected_feature_from_reviewed_source	ordinary_tibetan_lexical_or_compound	secure_reviewed_alignment	medium
wts_1_34	98	23	1	ཀོང	kon	koṅ	suffix_coda	ང	ṅ	token_final	reviewed_tibetan_exact_final_ng_consensus	target	reviewed	reviewed_explicit_feature_evidence	tibetan_proper_name	secure_reviewed_alignment	high
wts_1_34	98	23	1	ཀོང	kon	koṅ	pre_coda_structural_unit	ཀོ	ko	pre_coda_stem	reviewed_tibetan_exact_final_ng_consensus	source	historical_source	unaffected_feature_from_reviewed_source	tibetan_proper_name	secure_reviewed_alignment	medium
wts_1_34	98	43	1	ཀོང	kon	koṅ	suffix_coda	ང	ṅ	token_final	reviewed_tibetan_exact_final_ng_consensus	target	reviewed	reviewed_explicit_feature_evidence	tibetan_proper_name	secure_reviewed_alignment	high
wts_1_34	98	43	1	ཀོང	kon	koṅ	pre_coda_structural_unit	ཀོ	ko	pre_coda_stem	reviewed_tibetan_exact_final_ng_consensus	source	historical_source	unaffected_feature_from_reviewed_source	tibetan_proper_name	secure_reviewed_alignment	medium
wts_1_34	98	48	1	ཀོང	kon	koṅ	suffix_coda	ང	ṅ	token_final	reviewed_tibetan_exact_final_ng_consensus	target	reviewed	reviewed_explicit_feature_evidence	tibetan_proper_name	secure_reviewed_alignment	high
wts_1_34	98	48	1	ཀོང	kon	koṅ	pre_coda_structural_unit	ཀོ	ko	pre_coda_stem	reviewed_tibetan_exact_final_ng_consensus	source	historical_source	unaffected_feature_from_reviewed_source	tibetan_proper_name	secure_reviewed_alignment	medium
wts_1_34	98	51	1	ཀོང	kon	koṅ	suffix_coda	ང	ṅ	token_final	reviewed_tibetan_exact_final_ng_consensus	target	reviewed	reviewed_explicit_feature_evidence	ordinary_tibetan_lexical_or_compound	secure_reviewed_alignment	high
wts_1_34	98	51	1	ཀོང	kon	koṅ	pre_coda_structural_unit	ཀོ	ko	pre_coda_stem	reviewed_tibetan_exact_final_ng_consensus	source	historical_source	unaffected_feature_from_reviewed_source	ordinary_tibetan_lexical_or_compound	secure_reviewed_alignment	medium
wts_1_34	98	60	1	ཀོང	kon	koṅ	suffix_coda	ང	ṅ	token_final	reviewed_tibetan_exact_final_ng_consensus	target	reviewed	reviewed_explicit_feature_evidence	ordinary_tibetan_lexical_or_compound	secure_reviewed_alignment	high
wts_1_34	98	60	1	ཀོང	kon	koṅ	pre_coda_structural_unit	ཀོ	ko	pre_coda_stem	reviewed_tibetan_exact_final_ng_consensus	source	historical_source	unaffected_feature_from_reviewed_source	ordinary_tibetan_lexical_or_compound	secure_reviewed_alignment	medium
wts_1_34	98	104	3	ཀོང	kon	koṅ	suffix_coda	ང	ṅ	token_final	reviewed_tibetan_exact_final_ng_consensus	target	reviewed	reviewed_explicit_feature_evidence	ordinary_tibetan_lexical_or_compound	marker_or_damage	high
wts_1_34	98	104	3	ཀོང	kon	koṅ	pre_coda_structural_unit	ཀོ	ko	pre_coda_stem	reviewed_tibetan_exact_final_ng_consensus	source	historical_source	unaffected_feature_from_reviewed_source	ordinary_tibetan_lexical_or_compound	marker_or_damage	medium
wts_1_34	98	106	1	ཀོང	kon	koṅ	suffix_coda	ང	ṅ	token_final	reviewed_tibetan_exact_final_ng_consensus	target	reviewed	reviewed_explicit_feature_evidence	ordinary_tibetan_lexical_or_compound	secure_reviewed_alignment	high
wts_1_34	98	106	1	ཀོང	kon	koṅ	pre_coda_structural_unit	ཀོ	ko	pre_coda_stem	reviewed_tibetan_exact_final_ng_consensus	source	historical_source	unaffected_feature_from_reviewed_source	ordinary_tibetan_lexical_or_compound	secure_reviewed_alignment	medium
wts_1_34	98	114	1	ཀོང	kon	koṅ	suffix_coda	ང	ṅ	token_final	reviewed_tibetan_exact_final_ng_consensus	target	reviewed	reviewed_explicit_feature_evidence	ordinary_tibetan_lexical_or_compound	secure_reviewed_alignment	high
wts_1_34	98	114	1	ཀོང	kon	koṅ	pre_coda_structural_unit	ཀོ	ko	pre_coda_stem	reviewed_tibetan_exact_final_ng_consensus	source	historical_source	unaffected_feature_from_reviewed_source	ordinary_tibetan_lexical_or_compound	secure_reviewed_alignment	medium
wts_1_34	98	118	1	ཀོང	kon	koṅ	suffix_coda	ང	ṅ	token_final	reviewed_tibetan_exact_final_ng_consensus	target	reviewed	reviewed_explicit_feature_evidence	ordinary_tibetan_lexical_or_compound	secure_reviewed_alignment	high
wts_1_34	98	118	1	ཀོང	kon	koṅ	pre_coda_structural_unit	ཀོ	ko	pre_coda_stem	reviewed_tibetan_exact_final_ng_consensus	source	historical_source	unaffected_feature_from_reviewed_source	ordinary_tibetan_lexical_or_compound	secure_reviewed_alignment	medium
wts_1_34	98	161	1	ཀོང	kon	koṅ	suffix_coda	ང	ṅ	token_final	reviewed_tibetan_exact_final_ng_consensus	target	reviewed	reviewed_explicit_feature_evidence	ordinary_tibetan_lexical_or_compound	secure_reviewed_alignment	high
wts_1_34	98	161	1	ཀོང	kon	koṅ	pre_coda_structural_unit	ཀོ	ko	pre_coda_stem	reviewed_tibetan_exact_final_ng_consensus	source	historical_source	unaffected_feature_from_reviewed_source	ordinary_tibetan_lexical_or_compound	secure_reviewed_alignment	medium
wts_1_34	98	167	1	ཀོང	kon	koṅ	suffix_coda	ང	ṅ	token_final	reviewed_tibetan_exact_final_ng_consensus	target	reviewed	reviewed_explicit_feature_evidence	ordinary_tibetan_lexical_or_compound	secure_reviewed_alignment	high
wts_1_34	98	167	1	ཀོང	kon	koṅ	pre_coda_structural_unit	ཀོ	ko	pre_coda_stem	reviewed_tibetan_exact_final_ng_consensus	source	historical_source	unaffected_feature_from_reviewed_source	ordinary_tibetan_lexical_or_compound	secure_reviewed_alignment	medium
wts_1_34	98	193	1	ཀོང	kon	koṅ	suffix_coda	ང	ṅ	token_final	reviewed_tibetan_exact_final_ng_consensus	target	reviewed	reviewed_explicit_feature_evidence	ordinary_tibetan_lexical_or_compound	secure_reviewed_alignment	high
wts_1_34	98	193	1	ཀོང	kon	koṅ	pre_coda_structural_unit	ཀོ	ko	pre_coda_stem	reviewed_tibetan_exact_final_ng_consensus	source	historical_source	unaffected_feature_from_reviewed_source	ordinary_tibetan_lexical_or_compound	secure_reviewed_alignment	medium
wts_1_34	98	199	1	ཀོང	kon	koṅ	suffix_coda	ང	ṅ	token_final	reviewed_tibetan_exact_final_ng_consensus	target	reviewed	reviewed_explicit_feature_evidence	ordinary_tibetan_lexical_or_compound	secure_reviewed_alignment	high
wts_1_34	98	199	1	ཀོང	kon	koṅ	pre_coda_structural_unit	ཀོ	ko	pre_coda_stem	reviewed_tibetan_exact_final_ng_consensus	source	historical_source	unaffected_feature_from_reviewed_source	ordinary_tibetan_lexical_or_compound	secure_reviewed_alignment	medium
wts_1_34	98	221	1	ཀོང	kon	koṅ	suffix_coda	ང	ṅ	token_final	reviewed_tibetan_exact_final_ng_consensus	target	reviewed	reviewed_explicit_feature_evidence	ordinary_tibetan_lexical_or_compound	secure_reviewed_alignment	high
wts_1_34	98	221	1	ཀོང	kon	koṅ	pre_coda_structural_unit	ཀོ	ko	pre_coda_stem	reviewed_tibetan_exact_final_ng_consensus	source	historical_source	unaffected_feature_from_reviewed_source	ordinary_tibetan_lexical_or_compound	secure_reviewed_alignment	medium
wts_1_34	99	1	1	ཀོང	kon	koṅ	suffix_coda	ང	ṅ	token_final	reviewed_tibetan_exact_final_ng_consensus	target	reviewed	reviewed_explicit_feature_evidence	ordinary_tibetan_lexical_or_compound	secure_reviewed_alignment	high
wts_1_34	99	1	1	ཀོང	kon	koṅ	pre_coda_structural_unit	ཀོ	ko	pre_coda_stem	reviewed_tibetan_exact_final_ng_consensus	source	historical_source	unaffected_feature_from_reviewed_source	ordinary_tibetan_lexical_or_compound	secure_reviewed_alignment	medium
wts_1_34	99	3	1	ཀོང	kon	koṅ	suffix_coda	ང	ṅ	token_final	reviewed_tibetan_exact_final_ng_consensus	target	reviewed	reviewed_explicit_feature_evidence	ordinary_tibetan_lexical_or_compound	secure_reviewed_alignment	high
wts_1_34	99	3	1	ཀོང	kon	koṅ	pre_coda_structural_unit	ཀོ	ko	pre_coda_stem	reviewed_tibetan_exact_final_ng_consensus	source	historical_source	unaffected_feature_from_reviewed_source	ordinary_tibetan_lexical_or_compound	secure_reviewed_alignment	medium
wts_1_34	99	10	1	ཀོང	kon	koṅ	suffix_coda	ང	ṅ	token_final	reviewed_tibetan_exact_final_ng_consensus	target	reviewed	reviewed_explicit_feature_evidence	ordinary_tibetan_lexical_or_compound	secure_reviewed_alignment	high
wts_1_34	99	10	1	ཀོང	kon	koṅ	pre_coda_structural_unit	ཀོ	ko	pre_coda_stem	reviewed_tibetan_exact_final_ng_consensus	source	historical_source	unaffected_feature_from_reviewed_source	ordinary_tibetan_lexical_or_compound	secure_reviewed_alignment	medium
wts_1_34	99	16	1	ཀོང	kon	koṅ	suffix_coda	ང	ṅ	token_final	reviewed_tibetan_exact_final_ng_consensus	target	reviewed	reviewed_explicit_feature_evidence	ordinary_tibetan_lexical_or_compound	secure_reviewed_alignment	high
wts_1_34	99	16	1	ཀོང	kon	koṅ	pre_coda_structural_unit	ཀོ	ko	pre_coda_stem	reviewed_tibetan_exact_final_ng_consensus	source	historical_source	unaffected_feature_from_reviewed_source	ordinary_tibetan_lexical_or_compound	secure_reviewed_alignment	medium
wts_1_34	99	16	2	ལུང	lun	luṅ	suffix_coda	ང	ṅ	token_final	reviewed_tibetan_exact_final_ng_source_compatible	target	reviewed	reviewed_explicit_feature_evidence	ordinary_tibetan_lexical_or_compound	secure_reviewed_alignment	high
wts_1_34	99	16	2	ལུང	lun	luṅ	pre_coda_structural_unit	ལུ	lu	pre_coda_stem	reviewed_tibetan_exact_final_ng_source_compatible	source	historical_source	unaffected_feature_from_reviewed_source	ordinary_tibetan_lexical_or_compound	secure_reviewed_alignment	medium
wts_1_34	99	21	1	ཀོང	kon	koṅ	suffix_coda	ང	ṅ	token_final	reviewed_tibetan_exact_final_ng_consensus	target	reviewed	reviewed_explicit_feature_evidence	ordinary_tibetan_lexical_or_compound	secure_reviewed_alignment	high
wts_1_34	99	21	1	ཀོང	kon	koṅ	pre_coda_structural_unit	ཀོ	ko	pre_coda_stem	reviewed_tibetan_exact_final_ng_consensus	source	historical_source	unaffected_feature_from_reviewed_source	ordinary_tibetan_lexical_or_compound	secure_reviewed_alignment	medium
wts_1_34	99	38	1	ཀོང	kon	koṅ	suffix_coda	ང	ṅ	token_final	reviewed_tibetan_exact_final_ng_consensus	target	reviewed	reviewed_explicit_feature_evidence	ordinary_tibetan_lexical_or_compound	secure_reviewed_alignment	high
wts_1_34	99	38	1	ཀོང	kon	koṅ	pre_coda_structural_unit	ཀོ	ko	pre_coda_stem	reviewed_tibetan_exact_final_ng_consensus	source	historical_source	unaffected_feature_from_reviewed_source	ordinary_tibetan_lexical_or_compound	secure_reviewed_alignment	medium
wts_1_34	99	38	3	ཀོང	kon	koṅ	suffix_coda	ང	ṅ	token_final	reviewed_tibetan_exact_final_ng_consensus	target	reviewed	reviewed_explicit_feature_evidence	ordinary_tibetan_lexical_or_compound	secure_reviewed_alignment	high
wts_1_34	99	38	3	ཀོང	kon	koṅ	pre_coda_structural_unit	ཀོ	ko	pre_coda_stem	reviewed_tibetan_exact_final_ng_consensus	source	historical_source	unaffected_feature_from_reviewed_source	ordinary_tibetan_lexical_or_compound	secure_reviewed_alignment	medium
wts_1_34	99	41	1	ཀོང	kon	koṅ	suffix_coda	ང	ṅ	token_final	reviewed_tibetan_exact_final_ng_consensus	target	reviewed	reviewed_explicit_feature_evidence	ordinary_tibetan_lexical_or_compound	secure_reviewed_alignment	high
wts_1_34	99	41	1	ཀོང	kon	koṅ	pre_coda_structural_unit	ཀོ	ko	pre_coda_stem	reviewed_tibetan_exact_final_ng_consensus	source	historical_source	unaffected_feature_from_reviewed_source	ordinary_tibetan_lexical_or_compound	secure_reviewed_alignment	medium
wts_1_34	99	86	4	ཆུང	chun	chuṅ	suffix_coda	ང	ṅ	token_final	reviewed_tibetan_exact_script_ng_witness	target	reviewed	reviewed_explicit_feature_evidence	ordinary_tibetan_lexical_or_compound	secure_reviewed_alignment	high
wts_1_34	99	86	4	ཆུང	chun	chuṅ	pre_coda_structural_unit	ཆུ	chu	pre_coda_stem	reviewed_tibetan_exact_script_ng_witness	source	historical_source	unaffected_feature_from_reviewed_source	ordinary_tibetan_lexical_or_compound	secure_reviewed_alignment	medium
wts_1_34	104	89	1	ཀྱང	kyan	kyaṅ	suffix_coda	ང	ṅ	token_final	reviewed_tibetan_exact_final_ng_source_compatible	target	reviewed	reviewed_explicit_feature_evidence	ordinary_tibetan_lexical_or_compound	secure_reviewed_alignment	high
wts_1_34	104	89	1	ཀྱང	kyan	kyaṅ	pre_coda_structural_unit	ཀྱ	kya	pre_coda_stem	reviewed_tibetan_exact_final_ng_source_compatible	source	historical_source	unaffected_feature_from_reviewed_source	ordinary_tibetan_lexical_or_compound	secure_reviewed_alignment	medium
wts_1_34	106	3	8	དབང	dban	dbaṅ	suffix_coda	ང	ṅ	token_final	reviewed_tibetan_exact_final_ng_consensus	target	reviewed	reviewed_explicit_feature_evidence	unclear	marker_or_damage	high
wts_1_34	106	3	8	དབང	dban	dbaṅ	pre_coda_structural_unit	དབ	dba	pre_coda_stem	reviewed_tibetan_exact_final_ng_consensus	source	historical_source	unaffected_feature_from_reviewed_source	unclear	marker_or_damage	medium
wts_1_34	107	1	2	ཐང	than	thaṅ	suffix_coda	ང	ṅ	token_final	reviewed_tibetan_exact_final_ng_consensus	target	reviewed	reviewed_explicit_feature_evidence	ordinary_tibetan_lexical_or_compound	secure_reviewed_alignment	high
wts_1_34	107	1	2	ཐང	than	thaṅ	pre_coda_structural_unit	ཐ	tha	pre_coda_stem	reviewed_tibetan_exact_final_ng_consensus	source	historical_source	unaffected_feature_from_reviewed_source	ordinary_tibetan_lexical_or_compound	secure_reviewed_alignment	medium
wts_1_34	107	3	2	ཐང	than	thaṅ	suffix_coda	ང	ṅ	token_final	reviewed_tibetan_exact_final_ng_consensus	target	reviewed	reviewed_explicit_feature_evidence	tibetan_proper_name	secure_reviewed_alignment	high
wts_1_34	107	3	2	ཐང	than	thaṅ	pre_coda_structural_unit	ཐ	tha	pre_coda_stem	reviewed_tibetan_exact_final_ng_consensus	source	historical_source	unaffected_feature_from_reviewed_source	tibetan_proper_name	secure_reviewed_alignment	medium
wts_1_34	107	127	2	ཤིང	Sin	Siṅ	suffix_coda	ང	ṅ	token_final	reviewed_tibetan_exact_final_ng_source_compatible	target	reviewed	reviewed_explicit_feature_evidence	ordinary_tibetan_lexical_or_compound	secure_reviewed_alignment	high
wts_1_34	107	127	2	ཤིང	Sin	Siṅ	pre_coda_structural_unit	ཤི	Si	pre_coda_stem	reviewed_tibetan_exact_final_ng_source_compatible	source	historical_source	unaffected_feature_from_reviewed_source	ordinary_tibetan_lexical_or_compound	secure_reviewed_alignment	medium
wts_1_34	107	133	2	ཏང	tan	taṅ	suffix_coda	ང	ṅ	token_final	reviewed_tibetan_exact_final_ng_consensus	target	reviewed	reviewed_explicit_feature_evidence	ordinary_tibetan_lexical_or_compound	secure_reviewed_alignment	high
wts_1_34	107	133	2	ཏང	tan	taṅ	pre_coda_structural_unit	ཏ	ta	pre_coda_stem	reviewed_tibetan_exact_final_ng_consensus	source	historical_source	unaffected_feature_from_reviewed_source	ordinary_tibetan_lexical_or_compound	secure_reviewed_alignment	medium
wts_1_34	107	152	2	རང	ran	raṅ	suffix_coda	ང	ṅ	token_final	reviewed_tibetan_exact_script_ng_witness	target	reviewed	reviewed_explicit_feature_evidence	ordinary_tibetan_lexical_or_compound	secure_reviewed_alignment	high
wts_1_34	107	152	2	རང	ran	raṅ	pre_coda_structural_unit	ར	ra	pre_coda_stem	reviewed_tibetan_exact_script_ng_witness	source	historical_source	unaffected_feature_from_reviewed_source	ordinary_tibetan_lexical_or_compound	secure_reviewed_alignment	medium
wts_1_34	109	55	1	ཀྲོང	kron	kroṅ	suffix_coda	ང	ṅ	token_final	reviewed_tibetan_exact_final_ng_source_compatible	target	reviewed	reviewed_explicit_feature_evidence	ordinary_tibetan_lexical_or_compound	secure_reviewed_alignment	high
wts_1_34	109	55	1	ཀྲོང	kron	kroṅ	pre_coda_structural_unit	ཀྲོ	kro	pre_coda_stem	reviewed_tibetan_exact_final_ng_source_compatible	source	historical_source	unaffected_feature_from_reviewed_source	ordinary_tibetan_lexical_or_compound	secure_reviewed_alignment	medium
wts_1_34	109	88	1	ཀྲོང	kron	kroṅ	suffix_coda	ང	ṅ	token_final	reviewed_tibetan_exact_final_ng_source_compatible	target	reviewed	reviewed_explicit_feature_evidence	ordinary_tibetan_lexical_or_compound	secure_reviewed_alignment	high
wts_1_34	109	88	1	ཀྲོང	kron	kroṅ	pre_coda_structural_unit	ཀྲོ	kro	pre_coda_stem	reviewed_tibetan_exact_final_ng_source_compatible	source	historical_source	unaffected_feature_from_reviewed_source	ordinary_tibetan_lexical_or_compound	secure_reviewed_alignment	medium
wts_1_34	109	88	2	ཀྲོང	kron	kroṅ	suffix_coda	ང	ṅ	token_final	reviewed_tibetan_exact_final_ng_source_compatible	target	reviewed	reviewed_explicit_feature_evidence	ordinary_tibetan_lexical_or_compound	secure_reviewed_alignment	high
wts_1_34	109	88	2	ཀྲོང	kron	kroṅ	pre_coda_structural_unit	ཀྲོ	kro	pre_coda_stem	reviewed_tibetan_exact_final_ng_source_compatible	source	historical_source	unaffected_feature_from_reviewed_source	ordinary_tibetan_lexical_or_compound	secure_reviewed_alignment	medium
wts_1_34	109	100	1	ཀྲོང	kron	kroṅ	suffix_coda	ང	ṅ	token_final	reviewed_tibetan_exact_final_ng_source_compatible	target	reviewed	reviewed_explicit_feature_evidence	ordinary_tibetan_lexical_or_compound	secure_reviewed_alignment	high
wts_1_34	109	100	1	ཀྲོང	kron	kroṅ	pre_coda_structural_unit	ཀྲོ	kro	pre_coda_stem	reviewed_tibetan_exact_final_ng_source_compatible	source	historical_source	unaffected_feature_from_reviewed_source	ordinary_tibetan_lexical_or_compound	secure_reviewed_alignment	medium
wts_1_34	110	77	2	ཁུང	khun	khuṅ	suffix_coda	ང	ṅ	token_final	reviewed_tibetan_exact_final_ng_consensus	target	reviewed	reviewed_explicit_feature_evidence	ordinary_tibetan_lexical_or_compound	secure_reviewed_alignment	high
wts_1_34	110	77	2	ཁུང	khun	khuṅ	pre_coda_structural_unit	ཁུ	khu	pre_coda_stem	reviewed_tibetan_exact_final_ng_consensus	source	historical_source	unaffected_feature_from_reviewed_source	ordinary_tibetan_lexical_or_compound	secure_reviewed_alignment	medium
wts_1_34	111	3	2	གཞུང	gzun	gźuṅ				full_token	reviewed_tibetan_exact_manual_multi_error	source	reviewed	not_feature_evidence	ordinary_tibetan_lexical_or_compound	secure_reviewed_alignment	high
wts_1_34	111	163	2	ཁང	khan	khaṅ	suffix_coda	ང	ṅ	token_final	reviewed_tibetan_exact_final_ng_consensus	target	reviewed	reviewed_explicit_feature_evidence	ordinary_tibetan_lexical_or_compound	secure_reviewed_alignment	high
wts_1_34	111	163	2	ཁང	khan	khaṅ	pre_coda_structural_unit	ཁ	kha	pre_coda_stem	reviewed_tibetan_exact_final_ng_consensus	source	historical_source	unaffected_feature_from_reviewed_source	ordinary_tibetan_lexical_or_compound	secure_reviewed_alignment	medium
wts_1_34	112	31	2	གླང	glan	glaṅ	suffix_coda	ང	ṅ	token_final	reviewed_tibetan_exact_final_ng_consensus	target	reviewed	reviewed_explicit_feature_evidence	ordinary_tibetan_lexical_or_compound	secure_reviewed_alignment	high
wts_1_34	112	31	2	གླང	glan	glaṅ	pre_coda_structural_unit	གླ	gla	pre_coda_stem	reviewed_tibetan_exact_final_ng_consensus	source	historical_source	unaffected_feature_from_reviewed_source	ordinary_tibetan_lexical_or_compound	secure_reviewed_alignment	medium
wts_1_34	112	138	5	རིང	rin	riṅ	suffix_coda	ང	ṅ	token_final	reviewed_tibetan_exact_final_ng_consensus	target	reviewed	reviewed_explicit_feature_evidence	tibetan_proper_name	secure_reviewed_alignment	high
wts_1_34	112	138	5	རིང	rin	riṅ	pre_coda_structural_unit	རི	ri	pre_coda_stem	reviewed_tibetan_exact_final_ng_consensus	source	historical_source	unaffected_feature_from_reviewed_source	tibetan_proper_name	secure_reviewed_alignment	medium
wts_1_34	113	33	4	ལྔ	Ina	lṅa	unsegmented_structural_unit	ལྔ	□□a	unaffected_span_support	reviewed_tibetan_exact_initial_i_l_family	source	historical_source	unaffected_feature_from_reviewed_source	ordinary_tibetan_lexical_or_compound	secure_reviewed_alignment	medium
wts_1_34	113	66	3	ཁྱུང	khyun	khyuṅ	suffix_coda	ང	ṅ	token_final	reviewed_tibetan_exact_final_ng_consensus	target	reviewed	reviewed_explicit_feature_evidence	ordinary_tibetan_lexical_or_compound	secure_reviewed_alignment	high
wts_1_34	113	66	3	ཁྱུང	khyun	khyuṅ	pre_coda_structural_unit	ཁྱུ	khyu	pre_coda_stem	reviewed_tibetan_exact_final_ng_consensus	source	historical_source	unaffected_feature_from_reviewed_source	ordinary_tibetan_lexical_or_compound	secure_reviewed_alignment	medium
wts_1_34	113	134	4	ཁྱུང	khyun	khyuṅ	suffix_coda	ང	ṅ	token_final	reviewed_tibetan_exact_final_ng_consensus	target	reviewed	reviewed_explicit_feature_evidence	ordinary_tibetan_lexical_or_compound	secure_reviewed_alignment	high
wts_1_34	113	134	4	ཁྱུང	khyun	khyuṅ	pre_coda_structural_unit	ཁྱུ	khyu	pre_coda_stem	reviewed_tibetan_exact_final_ng_consensus	source	historical_source	unaffected_feature_from_reviewed_source	ordinary_tibetan_lexical_or_compound	secure_reviewed_alignment	medium
wts_1_34	113	164	2	དབང	dban	dbaṅ	suffix_coda	ང	ṅ	token_final	reviewed_tibetan_exact_final_ng_consensus	target	reviewed	reviewed_explicit_feature_evidence	ordinary_tibetan_lexical_or_compound	secure_reviewed_alignment	high
wts_1_34	113	164	2	དབང	dban	dbaṅ	pre_coda_structural_unit	དབ	dba	pre_coda_stem	reviewed_tibetan_exact_final_ng_consensus	source	historical_source	unaffected_feature_from_reviewed_source	ordinary_tibetan_lexical_or_compound	secure_reviewed_alignment	medium
wts_1_34	113	203	5	གླིང	glin	gliṅ	suffix_coda	ང	ṅ	token_final	reviewed_tibetan_exact_final_ng_consensus	target	reviewed	reviewed_explicit_feature_evidence	ordinary_tibetan_lexical_or_compound	secure_reviewed_alignment	high
wts_1_34	113	203	5	གླིང	glin	gliṅ	pre_coda_structural_unit	གླི	gli	pre_coda_stem	reviewed_tibetan_exact_final_ng_consensus	source	historical_source	unaffected_feature_from_reviewed_source	ordinary_tibetan_lexical_or_compound	secure_reviewed_alignment	medium
wts_1_34	114	8	4	ཆུང	chun	chuṅ	suffix_coda	ང	ṅ	token_final	reviewed_tibetan_exact_script_ng_witness	target	reviewed	reviewed_explicit_feature_evidence	ordinary_tibetan_lexical_or_compound	secure_reviewed_alignment	high
wts_1_34	114	8	4	ཆུང	chun	chuṅ	pre_coda_structural_unit	ཆུ	chu	pre_coda_stem	reviewed_tibetan_exact_script_ng_witness	source	historical_source	unaffected_feature_from_reviewed_source	ordinary_tibetan_lexical_or_compound	secure_reviewed_alignment	medium
wts_1_34	114	54	4	ཆུང	chun	chuṅ	suffix_coda	ང	ṅ	token_final	reviewed_tibetan_exact_script_ng_witness	target	reviewed	reviewed_explicit_feature_evidence	tibetan_proper_name	secure_reviewed_alignment	high
wts_1_34	114	54	4	ཆུང	chun	chuṅ	pre_coda_structural_unit	ཆུ	chu	pre_coda_stem	reviewed_tibetan_exact_script_ng_witness	source	historical_source	unaffected_feature_from_reviewed_source	tibetan_proper_name	secure_reviewed_alignment	medium
wts_1_34	114	95	14	དུང	dun	duṅ	suffix_coda			token_final	reviewed_tibetan_exact_final_ng_consensus	target	reviewed	role_unresolved	tibetan_proper_name	secure_reviewed_alignment	none
wts_1_34	114	154	3	གདོང	gdon	gdoṅ	suffix_coda	ང	ṅ	token_final	reviewed_tibetan_exact_final_ng_consensus	target	reviewed	reviewed_explicit_feature_evidence	tibetan_proper_name	secure_reviewed_alignment	high
wts_1_34	114	154	3	གདོང	gdon	gdoṅ	pre_coda_structural_unit	གདོ	gdo	pre_coda_stem	reviewed_tibetan_exact_final_ng_consensus	source	historical_source	unaffected_feature_from_reviewed_source	tibetan_proper_name	secure_reviewed_alignment	medium
wts_1_34	114	218	3	དབང	dban	dbaṅ	suffix_coda	ང	ṅ	token_final	reviewed_tibetan_exact_final_ng_consensus	target	reviewed	reviewed_explicit_feature_evidence	ordinary_tibetan_lexical_or_compound	secure_reviewed_alignment	high
wts_1_34	114	218	3	དབང	dban	dbaṅ	pre_coda_structural_unit	དབ	dba	pre_coda_stem	reviewed_tibetan_exact_final_ng_consensus	source	historical_source	unaffected_feature_from_reviewed_source	ordinary_tibetan_lexical_or_compound	secure_reviewed_alignment	medium
wts_1_34	115	26	2	ཤིང	sin	siṅ	suffix_coda	ང	ṅ	token_final	reviewed_tibetan_exact_final_ng_source_compatible	target	reviewed	reviewed_explicit_feature_evidence	ordinary_tibetan_lexical_or_compound	secure_reviewed_alignment	high
wts_1_34	115	26	2	ཤིང	sin	siṅ	pre_coda_structural_unit	ཤི	si	pre_coda_stem	reviewed_tibetan_exact_final_ng_source_compatible	source	historical_source	unaffected_feature_from_reviewed_source	ordinary_tibetan_lexical_or_compound	secure_reviewed_alignment	medium
wts_1_34	115	56	1	ཀླུང	klun	kluṅ	suffix_coda	ང	ṅ	token_final	reviewed_tibetan_exact_final_ng_consensus	target	reviewed	reviewed_explicit_feature_evidence	ordinary_tibetan_lexical_or_compound	secure_reviewed_alignment	high
wts_1_34	115	56	1	ཀླུང	klun	kluṅ	pre_coda_structural_unit	ཀླུ	klu	pre_coda_stem	reviewed_tibetan_exact_final_ng_consensus	source	historical_source	unaffected_feature_from_reviewed_source	ordinary_tibetan_lexical_or_compound	secure_reviewed_alignment	medium
wts_1_34	115	94	1	ཀླུང	klun	kluṅ	suffix_coda	ང	ṅ	token_final	reviewed_tibetan_exact_final_ng_consensus	target	reviewed	reviewed_explicit_feature_evidence	ordinary_tibetan_lexical_or_compound	secure_reviewed_alignment	high
wts_1_34	115	94	1	ཀླུང	klun	kluṅ	pre_coda_structural_unit	ཀླུ	klu	pre_coda_stem	reviewed_tibetan_exact_final_ng_consensus	source	historical_source	unaffected_feature_from_reviewed_source	ordinary_tibetan_lexical_or_compound	secure_reviewed_alignment	medium
wts_1_34	115	169	1	ཀླུང	klun	kluṅ	suffix_coda	ང	ṅ	token_final	reviewed_tibetan_exact_final_ng_consensus	target	reviewed	reviewed_explicit_feature_evidence	ordinary_tibetan_lexical_or_compound	secure_reviewed_alignment	high
wts_1_34	115	169	1	ཀླུང	klun	kluṅ	pre_coda_structural_unit	ཀླུ	klu	pre_coda_stem	reviewed_tibetan_exact_final_ng_consensus	source	historical_source	unaffected_feature_from_reviewed_source	ordinary_tibetan_lexical_or_compound	secure_reviewed_alignment	medium
wts_1_34	115	182	1	ཀླུང	klun	kluṅ	suffix_coda	ང	ṅ	token_final	reviewed_tibetan_exact_final_ng_consensus	target	reviewed	reviewed_explicit_feature_evidence	ordinary_tibetan_lexical_or_compound	secure_reviewed_alignment	high
wts_1_34	115	182	1	ཀླུང	klun	kluṅ	pre_coda_structural_unit	ཀླུ	klu	pre_coda_stem	reviewed_tibetan_exact_final_ng_consensus	source	historical_source	unaffected_feature_from_reviewed_source	ordinary_tibetan_lexical_or_compound	secure_reviewed_alignment	medium
wts_1_34	115	185	1	ཀླུང	klun	kluṅ	suffix_coda	ང	ṅ	token_final	reviewed_tibetan_exact_final_ng_consensus	target	reviewed	reviewed_explicit_feature_evidence	tibetan_proper_name	secure_reviewed_alignment	high
wts_1_34	115	185	1	ཀླུང	klun	kluṅ	pre_coda_structural_unit	ཀླུ	klu	pre_coda_stem	reviewed_tibetan_exact_final_ng_consensus	source	historical_source	unaffected_feature_from_reviewed_source	tibetan_proper_name	secure_reviewed_alignment	medium
wts_1_34	115	191	1	ཀླུང	klun	kluṅ	suffix_coda	ང	ṅ	token_final	reviewed_tibetan_exact_final_ng_consensus	target	reviewed	reviewed_explicit_feature_evidence	ordinary_tibetan_lexical_or_compound	secure_reviewed_alignment	high
wts_1_34	115	191	1	ཀླུང	klun	kluṅ	pre_coda_structural_unit	ཀླུ	klu	pre_coda_stem	reviewed_tibetan_exact_final_ng_consensus	source	historical_source	unaffected_feature_from_reviewed_source	ordinary_tibetan_lexical_or_compound	secure_reviewed_alignment	medium
wts_1_34	115	204	1	ཀླུང	klun	kluṅ	suffix_coda	ང	ṅ	token_final	reviewed_tibetan_exact_final_ng_consensus	target	reviewed	reviewed_explicit_feature_evidence	unclear	secure_reviewed_alignment	high
wts_1_34	115	204	1	ཀླུང	klun	kluṅ	pre_coda_structural_unit	ཀླུ	klu	pre_coda_stem	reviewed_tibetan_exact_final_ng_consensus	source	historical_source	unaffected_feature_from_reviewed_source	unclear	secure_reviewed_alignment	medium
wts_1_34	115	209	1	ཀླུང	klun	kluṅ	suffix_coda	ང	ṅ	token_final	reviewed_tibetan_exact_final_ng_consensus	target	reviewed	reviewed_explicit_feature_evidence	ordinary_tibetan_lexical_or_compound	secure_reviewed_alignment	high
wts_1_34	115	209	1	ཀླུང	klun	kluṅ	pre_coda_structural_unit	ཀླུ	klu	pre_coda_stem	reviewed_tibetan_exact_final_ng_consensus	source	historical_source	unaffected_feature_from_reviewed_source	ordinary_tibetan_lexical_or_compound	secure_reviewed_alignment	medium
wts_1_34	116	54	4	དབང	dban	dbaṅ	suffix_coda	ང	ṅ	token_final	reviewed_tibetan_exact_final_ng_consensus	target	reviewed	reviewed_explicit_feature_evidence	ordinary_tibetan_lexical_or_compound	secure_reviewed_alignment	high
wts_1_34	116	54	4	དབང	dban	dbaṅ	pre_coda_structural_unit	དབ	dba	pre_coda_stem	reviewed_tibetan_exact_final_ng_consensus	source	historical_source	unaffected_feature_from_reviewed_source	ordinary_tibetan_lexical_or_compound	secure_reviewed_alignment	medium
wts_1_34	116	112	2	བྱང	byan	byaṅ	suffix_coda	ང	ṅ	token_final	reviewed_tibetan_exact_final_ng_consensus	target	reviewed	reviewed_explicit_feature_evidence	tibetan_proper_name	secure_reviewed_alignment	high
wts_1_34	116	112	2	བྱང	byan	byaṅ	pre_coda_structural_unit	བྱ	bya	pre_coda_stem	reviewed_tibetan_exact_final_ng_consensus	source	historical_source	unaffected_feature_from_reviewed_source	tibetan_proper_name	secure_reviewed_alignment	medium
wts_1_34	117	1	4	ཐང	than	thaṅ	suffix_coda	ང	ṅ	token_final	reviewed_tibetan_exact_final_ng_consensus	target	reviewed	reviewed_explicit_feature_evidence	ordinary_tibetan_lexical_or_compound	secure_reviewed_alignment	high
wts_1_34	117	1	4	ཐང	than	thaṅ	pre_coda_structural_unit	ཐ	tha	pre_coda_stem	reviewed_tibetan_exact_final_ng_consensus	source	historical_source	unaffected_feature_from_reviewed_source	ordinary_tibetan_lexical_or_compound	secure_reviewed_alignment	medium
wts_1_34	117	15	4	ཐང	than	thaṅ	suffix_coda	ང	ṅ	token_final	reviewed_tibetan_exact_final_ng_consensus	target	reviewed	reviewed_explicit_feature_evidence	tibetan_proper_name	secure_reviewed_alignment	high
wts_1_34	117	15	4	ཐང	than	thaṅ	pre_coda_structural_unit	ཐ	tha	pre_coda_stem	reviewed_tibetan_exact_final_ng_consensus	source	historical_source	unaffected_feature_from_reviewed_source	tibetan_proper_name	secure_reviewed_alignment	medium
wts_1_34	117	129	1	ཀློང	klon	kloṅ	suffix_coda	ང	ṅ	token_final	reviewed_tibetan_exact_final_ng_source_compatible	target	reviewed	reviewed_explicit_feature_evidence	ordinary_tibetan_lexical_or_compound	secure_reviewed_alignment	high
wts_1_34	117	129	1	ཀློང	klon	kloṅ	pre_coda_structural_unit	ཀློ	klo	pre_coda_stem	reviewed_tibetan_exact_final_ng_source_compatible	source	historical_source	unaffected_feature_from_reviewed_source	ordinary_tibetan_lexical_or_compound	secure_reviewed_alignment	medium
wts_1_34	117	165	1	ཀློང	klon	kloṅ	suffix_coda	ང	ṅ	token_final	reviewed_tibetan_exact_final_ng_source_compatible	target	reviewed	reviewed_explicit_feature_evidence	ordinary_tibetan_lexical_or_compound	secure_reviewed_alignment	high
wts_1_34	117	165	1	ཀློང	klon	kloṅ	pre_coda_structural_unit	ཀློ	klo	pre_coda_stem	reviewed_tibetan_exact_final_ng_source_compatible	source	historical_source	unaffected_feature_from_reviewed_source	ordinary_tibetan_lexical_or_compound	secure_reviewed_alignment	medium
wts_1_34	117	172	1	ཀློང	klon	kloṅ	suffix_coda	ང	ṅ	token_final	reviewed_tibetan_exact_final_ng_source_compatible	target	reviewed	reviewed_explicit_feature_evidence	ordinary_tibetan_lexical_or_compound	secure_reviewed_alignment	high
wts_1_34	117	172	1	ཀློང	klon	kloṅ	pre_coda_structural_unit	ཀློ	klo	pre_coda_stem	reviewed_tibetan_exact_final_ng_source_compatible	source	historical_source	unaffected_feature_from_reviewed_source	ordinary_tibetan_lexical_or_compound	secure_reviewed_alignment	medium
wts_1_34	117	184	1	ཀློང	klon	kloṅ	suffix_coda	ང	ṅ	token_final	reviewed_tibetan_exact_final_ng_source_compatible	target	reviewed	reviewed_explicit_feature_evidence	ordinary_tibetan_lexical_or_compound	secure_reviewed_alignment	high
wts_1_34	117	184	1	ཀློང	klon	kloṅ	pre_coda_structural_unit	ཀློ	klo	pre_coda_stem	reviewed_tibetan_exact_final_ng_source_compatible	source	historical_source	unaffected_feature_from_reviewed_source	ordinary_tibetan_lexical_or_compound	secure_reviewed_alignment	medium
wts_1_34	117	189	1	ཀློང	klon	kloṅ	suffix_coda	ང	ṅ	token_final	reviewed_tibetan_exact_final_ng_source_compatible	target	reviewed	reviewed_explicit_feature_evidence	ordinary_tibetan_lexical_or_compound	secure_reviewed_alignment	high
wts_1_34	117	189	1	ཀློང	klon	kloṅ	pre_coda_structural_unit	ཀློ	klo	pre_coda_stem	reviewed_tibetan_exact_final_ng_source_compatible	source	historical_source	unaffected_feature_from_reviewed_source	ordinary_tibetan_lexical_or_compound	secure_reviewed_alignment	medium
wts_1_34	117	196	1	ཀློང	klon	kloṅ	suffix_coda	ང	ṅ	token_final	reviewed_tibetan_exact_final_ng_source_compatible	target	reviewed	reviewed_explicit_feature_evidence	ordinary_tibetan_lexical_or_compound	secure_reviewed_alignment	high
wts_1_34	117	196	1	ཀློང	klon	kloṅ	pre_coda_structural_unit	ཀློ	klo	pre_coda_stem	reviewed_tibetan_exact_final_ng_source_compatible	source	historical_source	unaffected_feature_from_reviewed_source	ordinary_tibetan_lexical_or_compound	secure_reviewed_alignment	medium
wts_1_34	117	202	1	ཀློང	klon	kloṅ	suffix_coda	ང	ṅ	token_final	reviewed_tibetan_exact_final_ng_source_compatible	target	reviewed	reviewed_explicit_feature_evidence	ordinary_tibetan_lexical_or_compound	secure_reviewed_alignment	high
wts_1_34	117	202	1	ཀློང	klon	kloṅ	pre_coda_structural_unit	ཀློ	klo	pre_coda_stem	reviewed_tibetan_exact_final_ng_source_compatible	source	historical_source	unaffected_feature_from_reviewed_source	ordinary_tibetan_lexical_or_compound	secure_reviewed_alignment	medium
wts_1_34	118	23	1	ཀློང	klon	kloṅ	suffix_coda	ང	ṅ	token_final	reviewed_tibetan_exact_final_ng_source_compatible	target	reviewed	reviewed_explicit_feature_evidence	ordinary_tibetan_lexical_or_compound	secure_reviewed_alignment	high
wts_1_34	118	23	1	ཀློང	klon	kloṅ	pre_coda_structural_unit	ཀློ	klo	pre_coda_stem	reviewed_tibetan_exact_final_ng_source_compatible	source	historical_source	unaffected_feature_from_reviewed_source	ordinary_tibetan_lexical_or_compound	secure_reviewed_alignment	medium
wts_1_34	118	23	2	ཐང	than	thaṅ	suffix_coda	ང	ṅ	token_final	reviewed_tibetan_exact_final_ng_consensus	target	reviewed	reviewed_explicit_feature_evidence	ordinary_tibetan_lexical_or_compound	secure_reviewed_alignment	high
wts_1_34	118	23	2	ཐང	than	thaṅ	pre_coda_structural_unit	ཐ	tha	pre_coda_stem	reviewed_tibetan_exact_final_ng_consensus	source	historical_source	unaffected_feature_from_reviewed_source	ordinary_tibetan_lexical_or_compound	secure_reviewed_alignment	medium
wts_1_34	118	29	1	ཀློང	klon	kloṅ	suffix_coda	ང	ṅ	token_final	reviewed_tibetan_exact_final_ng_source_compatible	target	reviewed	reviewed_explicit_feature_evidence	ordinary_tibetan_lexical_or_compound	secure_reviewed_alignment	high
wts_1_34	118	29	1	ཀློང	klon	kloṅ	pre_coda_structural_unit	ཀློ	klo	pre_coda_stem	reviewed_tibetan_exact_final_ng_source_compatible	source	historical_source	unaffected_feature_from_reviewed_source	ordinary_tibetan_lexical_or_compound	secure_reviewed_alignment	medium
wts_1_34	118	40	1	ཀློང	klon	kloṅ	suffix_coda	ང	ṅ	token_final	reviewed_tibetan_exact_final_ng_source_compatible	target	reviewed	reviewed_explicit_feature_evidence	tibetan_proper_name	secure_reviewed_alignment	high
wts_1_34	118	40	1	ཀློང	klon	kloṅ	pre_coda_structural_unit	ཀློ	klo	pre_coda_stem	reviewed_tibetan_exact_final_ng_source_compatible	source	historical_source	unaffected_feature_from_reviewed_source	tibetan_proper_name	secure_reviewed_alignment	medium
wts_1_34	118	44	1	ཀློང	klon	kloṅ	suffix_coda	ང	ṅ	token_final	reviewed_tibetan_exact_final_ng_source_compatible	target	reviewed	reviewed_explicit_feature_evidence	tibetan_proper_name	secure_reviewed_alignment	high
wts_1_34	118	44	1	ཀློང	klon	kloṅ	pre_coda_structural_unit	ཀློ	klo	pre_coda_stem	reviewed_tibetan_exact_final_ng_source_compatible	source	historical_source	unaffected_feature_from_reviewed_source	tibetan_proper_name	secure_reviewed_alignment	medium
wts_1_34	118	56	1	ཀློང	klon	kloṅ	suffix_coda	ང	ṅ	token_final	reviewed_tibetan_exact_final_ng_source_compatible	target	reviewed	reviewed_explicit_feature_evidence	ordinary_tibetan_lexical_or_compound	secure_reviewed_alignment	high
wts_1_34	118	56	1	ཀློང	klon	kloṅ	pre_coda_structural_unit	ཀློ	klo	pre_coda_stem	reviewed_tibetan_exact_final_ng_source_compatible	source	historical_source	unaffected_feature_from_reviewed_source	ordinary_tibetan_lexical_or_compound	secure_reviewed_alignment	medium
wts_1_34	118	64	1	ཀློང	klon	kloṅ	suffix_coda	ང	ṅ	token_final	reviewed_tibetan_exact_final_ng_source_compatible	target	reviewed	reviewed_explicit_feature_evidence	ordinary_tibetan_lexical_or_compound	secure_reviewed_alignment	high
wts_1_34	118	64	1	ཀློང	klon	kloṅ	pre_coda_structural_unit	ཀློ	klo	pre_coda_stem	reviewed_tibetan_exact_final_ng_source_compatible	source	historical_source	unaffected_feature_from_reviewed_source	ordinary_tibetan_lexical_or_compound	secure_reviewed_alignment	medium
wts_1_34	118	74	1	ཀློང	klon	kloṅ	suffix_coda	ང	ṅ	token_final	reviewed_tibetan_exact_final_ng_source_compatible	target	reviewed	reviewed_explicit_feature_evidence	ordinary_tibetan_lexical_or_compound	secure_reviewed_alignment	high
wts_1_34	118	74	1	ཀློང	klon	kloṅ	pre_coda_structural_unit	ཀློ	klo	pre_coda_stem	reviewed_tibetan_exact_final_ng_source_compatible	source	historical_source	unaffected_feature_from_reviewed_source	ordinary_tibetan_lexical_or_compound	secure_reviewed_alignment	medium
wts_1_34	118	77	1	ཀློང	klon	kloṅ	suffix_coda	ང	ṅ	token_final	reviewed_tibetan_exact_final_ng_source_compatible	target	reviewed	reviewed_explicit_feature_evidence	ordinary_tibetan_lexical_or_compound	secure_reviewed_alignment	high
wts_1_34	118	77	1	ཀློང	klon	kloṅ	pre_coda_structural_unit	ཀློ	klo	pre_coda_stem	reviewed_tibetan_exact_final_ng_source_compatible	source	historical_source	unaffected_feature_from_reviewed_source	ordinary_tibetan_lexical_or_compound	secure_reviewed_alignment	medium
wts_1_34	119	1	3	སྐྱོང	skyon	skyoṅ	suffix_coda	ང	ṅ	token_final	reviewed_tibetan_exact_final_ng_consensus	target	reviewed	reviewed_explicit_feature_evidence	ordinary_tibetan_lexical_or_compound	secure_reviewed_alignment	high
wts_1_34	119	1	3	སྐྱོང	skyon	skyoṅ	pre_coda_structural_unit	སྐྱོ	skyo	pre_coda_stem	reviewed_tibetan_exact_final_ng_consensus	source	historical_source	unaffected_feature_from_reviewed_source	ordinary_tibetan_lexical_or_compound	secure_reviewed_alignment	medium
wts_1_34	120	100	2	བཞི	bzi	bźi	root_consonant	ཞ	ź	root	reviewed_tibetan_exact_transcription_integrity	target	reviewed	reviewed_explicit_feature_evidence	ordinary_tibetan_lexical_or_compound	secure_reviewed_alignment	high
wts_1_34	120	100	2	བཞི	bzi	bźi	unsegmented_structural_unit	བཞི	b□i	unaffected_span_support	reviewed_tibetan_exact_transcription_integrity	source	historical_source	unaffected_feature_from_reviewed_source	ordinary_tibetan_lexical_or_compound	secure_reviewed_alignment	medium
wts_1_34	121	100	2	སྐྱོང	skyon	skyoṅ	suffix_coda	ང	ṅ	token_final	reviewed_tibetan_exact_final_ng_consensus	target	reviewed	reviewed_explicit_feature_evidence	ordinary_tibetan_lexical_or_compound	secure_reviewed_alignment	high
wts_1_34	121	100	2	སྐྱོང	skyon	skyoṅ	pre_coda_structural_unit	སྐྱོ	skyo	pre_coda_stem	reviewed_tibetan_exact_final_ng_consensus	source	historical_source	unaffected_feature_from_reviewed_source	ordinary_tibetan_lexical_or_compound	secure_reviewed_alignment	medium
wts_1_34	121	136	2	ཁུང	khun	khuṅ	suffix_coda	ང	ṅ	token_final	reviewed_tibetan_exact_final_ng_consensus	target	reviewed	reviewed_explicit_feature_evidence	ordinary_tibetan_lexical_or_compound	secure_reviewed_alignment	high
wts_1_34	121	136	2	ཁུང	khun	khuṅ	pre_coda_structural_unit	ཁུ	khu	pre_coda_stem	reviewed_tibetan_exact_final_ng_consensus	source	historical_source	unaffected_feature_from_reviewed_source	ordinary_tibetan_lexical_or_compound	secure_reviewed_alignment	medium
wts_1_34	121	151	2	ཆུང	chun	chuṅ	suffix_coda	ང	ṅ	token_final	reviewed_tibetan_exact_script_ng_witness	target	reviewed	reviewed_explicit_feature_evidence	ordinary_tibetan_lexical_or_compound	secure_reviewed_alignment	high
wts_1_34	121	151	2	ཆུང	chun	chuṅ	pre_coda_structural_unit	ཆུ	chu	pre_coda_stem	reviewed_tibetan_exact_script_ng_witness	source	historical_source	unaffected_feature_from_reviewed_source	ordinary_tibetan_lexical_or_compound	secure_reviewed_alignment	medium
wts_1_34	121	151	3	རིང	rin	riṅ	suffix_coda	ང	ṅ	token_final	reviewed_tibetan_exact_final_ng_consensus	target	reviewed	reviewed_explicit_feature_evidence	ordinary_tibetan_lexical_or_compound	secure_reviewed_alignment	high
wts_1_34	121	151	3	རིང	rin	riṅ	pre_coda_structural_unit	རི	ri	pre_coda_stem	reviewed_tibetan_exact_final_ng_consensus	source	historical_source	unaffected_feature_from_reviewed_source	ordinary_tibetan_lexical_or_compound	secure_reviewed_alignment	medium
wts_1_34	121	157	2	སྒང	sgan	sgaṅ	suffix_coda	ང	ṅ	token_final	reviewed_tibetan_exact_final_ng_consensus	target	reviewed	reviewed_explicit_feature_evidence	ordinary_tibetan_lexical_or_compound	secure_reviewed_alignment	high
wts_1_34	121	157	2	སྒང	sgan	sgaṅ	pre_coda_structural_unit	སྒ	sga	pre_coda_stem	reviewed_tibetan_exact_final_ng_consensus	source	historical_source	unaffected_feature_from_reviewed_source	ordinary_tibetan_lexical_or_compound	secure_reviewed_alignment	medium
wts_1_34	121	193	2	ཆུང	chun	chuṅ	suffix_coda	ང	ṅ	token_final	reviewed_tibetan_exact_script_ng_witness	target	reviewed	reviewed_explicit_feature_evidence	ordinary_tibetan_lexical_or_compound	secure_reviewed_alignment	high
wts_1_34	121	193	2	ཆུང	chun	chuṅ	pre_coda_structural_unit	ཆུ	chu	pre_coda_stem	reviewed_tibetan_exact_script_ng_witness	source	historical_source	unaffected_feature_from_reviewed_source	ordinary_tibetan_lexical_or_compound	secure_reviewed_alignment	medium
wts_1_34	121	195	2	ཆུང	chun	chuṅ	suffix_coda	ང	ṅ	token_final	reviewed_tibetan_exact_script_ng_witness	target	reviewed	reviewed_explicit_feature_evidence	tibetan_proper_name	secure_reviewed_alignment	high
wts_1_34	121	195	2	ཆུང	chun	chuṅ	pre_coda_structural_unit	ཆུ	chu	pre_coda_stem	reviewed_tibetan_exact_script_ng_witness	source	historical_source	unaffected_feature_from_reviewed_source	tibetan_proper_name	secure_reviewed_alignment	medium
wts_1_34	121	195	3	རིང	rin	riṅ	suffix_coda	ང	ṅ	token_final	reviewed_tibetan_exact_final_ng_consensus	target	reviewed	reviewed_explicit_feature_evidence	tibetan_proper_name	secure_reviewed_alignment	high
wts_1_34	121	195	3	རིང	rin	riṅ	pre_coda_structural_unit	རི	ri	pre_coda_stem	reviewed_tibetan_exact_final_ng_consensus	source	historical_source	unaffected_feature_from_reviewed_source	tibetan_proper_name	secure_reviewed_alignment	medium
wts_1_34	123	114	3	སྐྱོང	skyon	skyoṅ	suffix_coda	ང	ṅ	token_final	reviewed_tibetan_exact_final_ng_consensus	target	reviewed	reviewed_explicit_feature_evidence	ordinary_tibetan_lexical_or_compound	secure_reviewed_alignment	high
wts_1_34	123	114	3	སྐྱོང	skyon	skyoṅ	pre_coda_structural_unit	སྐྱོ	skyo	pre_coda_stem	reviewed_tibetan_exact_final_ng_consensus	source	historical_source	unaffected_feature_from_reviewed_source	ordinary_tibetan_lexical_or_compound	secure_reviewed_alignment	medium
wts_1_34	124	1	3	རྒྱང	rgyan	rgyaṅ	suffix_coda	ང	ṅ	token_final	reviewed_tibetan_exact_final_ng_consensus	target	reviewed	reviewed_explicit_feature_evidence	ordinary_tibetan_lexical_or_compound	secure_reviewed_alignment	high
wts_1_34	124	1	3	རྒྱང	rgyan	rgyaṅ	pre_coda_structural_unit	རྒྱ	rgya	pre_coda_stem	reviewed_tibetan_exact_final_ng_consensus	source	historical_source	unaffected_feature_from_reviewed_source	ordinary_tibetan_lexical_or_compound	secure_reviewed_alignment	medium
wts_1_34	124	3	3	རྒྱང	rgyani	rgyaṅ	unsegmented_structural_unit	རྒྱང	rgya□	unaffected_span_support	reviewed_tibetan_exact_ocr_signature	source	historical_source	unaffected_feature_from_reviewed_source	ordinary_tibetan_lexical_or_compound	secure_reviewed_alignment	medium
wts_1_34	124	27	3	སྟོང	ston	stoṅ	suffix_coda	ང	ṅ	token_final	reviewed_tibetan_exact_final_ng_consensus	target	reviewed	reviewed_explicit_feature_evidence	tibetan_proper_name	secure_reviewed_alignment	high
wts_1_34	124	27	3	སྟོང	ston	stoṅ	pre_coda_structural_unit	སྟོ	sto	pre_coda_stem	reviewed_tibetan_exact_final_ng_consensus	source	historical_source	unaffected_feature_from_reviewed_source	tibetan_proper_name	secure_reviewed_alignment	medium
wts_1_34	124	33	3	དུང	dun	duṅ	suffix_coda			token_final	reviewed_tibetan_exact_final_ng_consensus	target	reviewed	role_unresolved	tibetan_proper_name	secure_reviewed_alignment	none
wts_1_34	124	33	4	སྐྱོང	skyon	skyoṅ	suffix_coda	ང	ṅ	token_final	reviewed_tibetan_exact_final_ng_consensus	target	reviewed	reviewed_explicit_feature_evidence	tibetan_proper_name	secure_reviewed_alignment	high
wts_1_34	124	33	4	སྐྱོང	skyon	skyoṅ	pre_coda_structural_unit	སྐྱོ	skyo	pre_coda_stem	reviewed_tibetan_exact_final_ng_consensus	source	historical_source	unaffected_feature_from_reviewed_source	tibetan_proper_name	secure_reviewed_alignment	medium
wts_1_34	124	43	3	དུང	dun	duṅ	suffix_coda			token_final	reviewed_tibetan_exact_final_ng_consensus	target	reviewed	role_unresolved	tibetan_proper_name	secure_reviewed_alignment	none
wts_1_34	124	43	4	ལོང	lon	loṅ	suffix_coda	ང	ṅ	token_final	reviewed_tibetan_exact_final_ng_consensus	target	reviewed	reviewed_explicit_feature_evidence	tibetan_proper_name	secure_reviewed_alignment	high
wts_1_34	124	43	4	ལོང	lon	loṅ	pre_coda_structural_unit	ལོ	lo	pre_coda_stem	reviewed_tibetan_exact_final_ng_consensus	source	historical_source	unaffected_feature_from_reviewed_source	tibetan_proper_name	secure_reviewed_alignment	medium
wts_1_34	124	78	3	སེང	sen	seṅ	suffix_coda	ང	ṅ	token_final	reviewed_tibetan_exact_final_ng_consensus	target	reviewed	reviewed_explicit_feature_evidence	tibetan_proper_name	secure_reviewed_alignment	high
wts_1_34	124	78	3	སེང	sen	seṅ	pre_coda_structural_unit	སེ	se	pre_coda_stem	reviewed_tibetan_exact_final_ng_consensus	source	historical_source	unaffected_feature_from_reviewed_source	tibetan_proper_name	secure_reviewed_alignment	medium
wts_1_34	125	145	2	གང	gan	gaṅ	suffix_coda			token_final	reviewed_tibetan_exact_script_ng_witness	target	reviewed	role_unresolved	ordinary_tibetan_lexical_or_compound	secure_reviewed_alignment	none
wts_1_34	126	166	3	བཟང	bzan	bzaṅ	suffix_coda	ང	ṅ	token_final	reviewed_tibetan_exact_final_ng_consensus	target	reviewed	reviewed_explicit_feature_evidence	ordinary_tibetan_lexical_or_compound	secure_reviewed_alignment	high
wts_1_34	126	166	3	བཟང	bzan	bzaṅ	pre_coda_structural_unit	བཟ	bza	pre_coda_stem	reviewed_tibetan_exact_final_ng_consensus	source	historical_source	unaffected_feature_from_reviewed_source	ordinary_tibetan_lexical_or_compound	secure_reviewed_alignment	medium
wts_1_34	126	189	3	འབྱུང	byun	byuṅ	suffix_coda	ང	ṅ	token_final	reviewed_tibetan_exact_final_ng_consensus	target	reviewed	reviewed_explicit_feature_evidence	ordinary_tibetan_lexical_or_compound	secure_reviewed_alignment	high
wts_1_34	126	189	3	འབྱུང	byun	byuṅ	pre_coda_structural_unit	འབྱུ	byu	pre_coda_stem	reviewed_tibetan_exact_final_ng_consensus	source	historical_source	unaffected_feature_from_reviewed_source	ordinary_tibetan_lexical_or_compound	secure_reviewed_alignment	medium
wts_1_34	127	15	3	སེང	sen	seṅ	suffix_coda	ང	ṅ	token_final	reviewed_tibetan_exact_final_ng_consensus	target	reviewed	reviewed_explicit_feature_evidence	tibetan_proper_name	secure_reviewed_alignment	high
wts_1_34	127	15	3	སེང	sen	seṅ	pre_coda_structural_unit	སེ	se	pre_coda_stem	reviewed_tibetan_exact_final_ng_consensus	source	historical_source	unaffected_feature_from_reviewed_source	tibetan_proper_name	secure_reviewed_alignment	medium
wts_1_34	128	80	2	སྲུང	srun	sruṅ	suffix_coda	ང	ṅ	token_final	reviewed_tibetan_exact_final_ng_consensus	target	reviewed	reviewed_explicit_feature_evidence	ordinary_tibetan_lexical_or_compound	secure_reviewed_alignment	high
wts_1_34	128	80	2	སྲུང	srun	sruṅ	pre_coda_structural_unit	སྲུ	sru	pre_coda_stem	reviewed_tibetan_exact_final_ng_consensus	source	historical_source	unaffected_feature_from_reviewed_source	ordinary_tibetan_lexical_or_compound	secure_reviewed_alignment	medium
wts_1_34	128	152	2	ཁང	khan	khaṅ	suffix_coda	ང	ṅ	token_final	reviewed_tibetan_exact_final_ng_consensus	target	reviewed	reviewed_explicit_feature_evidence	ordinary_tibetan_lexical_or_compound	secure_reviewed_alignment	high
wts_1_34	128	152	2	ཁང	khan	khaṅ	pre_coda_structural_unit	ཁ	kha	pre_coda_stem	reviewed_tibetan_exact_final_ng_consensus	source	historical_source	unaffected_feature_from_reviewed_source	ordinary_tibetan_lexical_or_compound	secure_reviewed_alignment	medium
wts_1_34	128	152	4	ཚང	tshan	tshaṅ	suffix_coda	ང	ṅ	token_final	reviewed_tibetan_exact_final_ng_consensus	target	reviewed	reviewed_explicit_feature_evidence	ordinary_tibetan_lexical_or_compound	secure_reviewed_alignment	high
wts_1_34	128	152	4	ཚང	tshan	tshaṅ	pre_coda_structural_unit	ཚ	tsha	pre_coda_stem	reviewed_tibetan_exact_final_ng_consensus	source	historical_source	unaffected_feature_from_reviewed_source	ordinary_tibetan_lexical_or_compound	secure_reviewed_alignment	medium
wts_1_34	129	88	3	གང	gan	gaṅ	suffix_coda			token_final	reviewed_tibetan_exact_script_ng_witness	target	reviewed	role_unresolved	ordinary_tibetan_lexical_or_compound	secure_reviewed_alignment	none
wts_1_34	129	110	3	དབང	dban	dbaṅ	suffix_coda	ང	ṅ	token_final	reviewed_tibetan_exact_final_ng_consensus	target	reviewed	reviewed_explicit_feature_evidence	ordinary_tibetan_lexical_or_compound	secure_reviewed_alignment	high
wts_1_34	129	110	3	དབང	dban	dbaṅ	pre_coda_structural_unit	དབ	dba	pre_coda_stem	reviewed_tibetan_exact_final_ng_consensus	source	historical_source	unaffected_feature_from_reviewed_source	ordinary_tibetan_lexical_or_compound	secure_reviewed_alignment	medium
wts_1_34	129	124	2	ཐང	than	thaṅ	suffix_coda	ང	ṅ	token_final	reviewed_tibetan_exact_final_ng_consensus	target	reviewed	reviewed_explicit_feature_evidence	ordinary_tibetan_lexical_or_compound	secure_reviewed_alignment	high
wts_1_34	129	124	2	ཐང	than	thaṅ	pre_coda_structural_unit	ཐ	tha	pre_coda_stem	reviewed_tibetan_exact_final_ng_consensus	source	historical_source	unaffected_feature_from_reviewed_source	ordinary_tibetan_lexical_or_compound	secure_reviewed_alignment	medium
wts_1_34	131	65	2	ཤིང	sin	siṅ	suffix_coda	ང	ṅ	token_final	reviewed_tibetan_exact_final_ng_source_compatible	target	reviewed	reviewed_explicit_feature_evidence	ordinary_tibetan_lexical_or_compound	secure_reviewed_alignment	high
wts_1_34	131	65	2	ཤིང	sin	siṅ	pre_coda_structural_unit	ཤི	si	pre_coda_stem	reviewed_tibetan_exact_final_ng_source_compatible	source	historical_source	unaffected_feature_from_reviewed_source	ordinary_tibetan_lexical_or_compound	secure_reviewed_alignment	medium
wts_1_34	131	110	2	ཤིང	sin	siṅ	suffix_coda	ང	ṅ	token_final	reviewed_tibetan_exact_final_ng_source_compatible	target	reviewed	reviewed_explicit_feature_evidence	ordinary_tibetan_lexical_or_compound	secure_reviewed_alignment	high
wts_1_34	131	110	2	ཤིང	sin	siṅ	pre_coda_structural_unit	ཤི	si	pre_coda_stem	reviewed_tibetan_exact_final_ng_source_compatible	source	historical_source	unaffected_feature_from_reviewed_source	ordinary_tibetan_lexical_or_compound	secure_reviewed_alignment	medium
wts_1_34	131	139	2	ཤིང	Sin	Siṅ	suffix_coda	ང	ṅ	token_final	reviewed_tibetan_exact_final_ng_source_compatible	target	reviewed	reviewed_explicit_feature_evidence	ordinary_tibetan_lexical_or_compound	secure_reviewed_alignment	high
wts_1_34	131	139	2	ཤིང	Sin	Siṅ	pre_coda_structural_unit	ཤི	Si	pre_coda_stem	reviewed_tibetan_exact_final_ng_source_compatible	source	historical_source	unaffected_feature_from_reviewed_source	ordinary_tibetan_lexical_or_compound	secure_reviewed_alignment	medium
wts_1_34	132	136	1	བཀང	bkan	bkaṅ	suffix_coda	ང	ṅ	token_final	reviewed_tibetan_exact_final_ng_consensus	target	reviewed	reviewed_explicit_feature_evidence	ordinary_tibetan_lexical_or_compound	secure_reviewed_alignment	high
wts_1_34	132	136	1	བཀང	bkan	bkaṅ	pre_coda_structural_unit	བཀ	bka	pre_coda_stem	reviewed_tibetan_exact_final_ng_consensus	source	historical_source	unaffected_feature_from_reviewed_source	ordinary_tibetan_lexical_or_compound	secure_reviewed_alignment	medium
wts_1_34	132	156	1	བཀང	bkan	bkaṅ	suffix_coda	ང	ṅ	token_final	reviewed_tibetan_exact_final_ng_consensus	target	reviewed	reviewed_explicit_feature_evidence	ordinary_tibetan_lexical_or_compound	secure_reviewed_alignment	high
wts_1_34	132	156	1	བཀང	bkan	bkaṅ	pre_coda_structural_unit	བཀ	bka	pre_coda_stem	reviewed_tibetan_exact_final_ng_consensus	source	historical_source	unaffected_feature_from_reviewed_source	ordinary_tibetan_lexical_or_compound	secure_reviewed_alignment	medium
wts_1_34	134	62	3	ཐང	than	thaṅ	suffix_coda	ང	ṅ	token_final	reviewed_tibetan_exact_final_ng_consensus	target	reviewed	reviewed_explicit_feature_evidence	tibetan_proper_name	secure_reviewed_alignment	high
wts_1_34	134	62	3	ཐང	than	thaṅ	pre_coda_structural_unit	ཐ	tha	pre_coda_stem	reviewed_tibetan_exact_final_ng_consensus	source	historical_source	unaffected_feature_from_reviewed_source	tibetan_proper_name	secure_reviewed_alignment	medium
wts_1_34	134	129	2	གུང	gun	guṅ	suffix_coda			token_final	reviewed_tibetan_exact_final_ng_consensus	target	reviewed	role_unresolved	ordinary_tibetan_lexical_or_compound	secure_reviewed_alignment	none
wts_1_34	140	1	2	ཐང	than	thaṅ	suffix_coda	ང	ṅ	token_final	reviewed_tibetan_exact_final_ng_consensus	target	reviewed	reviewed_explicit_feature_evidence	ordinary_tibetan_lexical_or_compound	secure_reviewed_alignment	high
wts_1_34	140	1	2	ཐང	than	thaṅ	pre_coda_structural_unit	ཐ	tha	pre_coda_stem	reviewed_tibetan_exact_final_ng_consensus	source	historical_source	unaffected_feature_from_reviewed_source	ordinary_tibetan_lexical_or_compound	secure_reviewed_alignment	medium
wts_1_34	140	14	2	ཐང	than	thaṅ	suffix_coda	ང	ṅ	token_final	reviewed_tibetan_exact_final_ng_consensus	target	reviewed	reviewed_explicit_feature_evidence	ordinary_tibetan_lexical_or_compound	secure_reviewed_alignment	high
wts_1_34	140	14	2	ཐང	than	thaṅ	pre_coda_structural_unit	ཐ	tha	pre_coda_stem	reviewed_tibetan_exact_final_ng_consensus	source	historical_source	unaffected_feature_from_reviewed_source	ordinary_tibetan_lexical_or_compound	secure_reviewed_alignment	medium
wts_1_34	140	100	2	དྲུང	drun	druṅ	suffix_coda	ང	ṅ	token_final	reviewed_tibetan_exact_final_ng_consensus	target	reviewed	reviewed_explicit_feature_evidence	ordinary_tibetan_lexical_or_compound	secure_reviewed_alignment	high
wts_1_34	140	100	2	དྲུང	drun	druṅ	pre_coda_structural_unit	དྲུ	dru	pre_coda_stem	reviewed_tibetan_exact_final_ng_consensus	source	historical_source	unaffected_feature_from_reviewed_source	ordinary_tibetan_lexical_or_compound	secure_reviewed_alignment	medium
wts_1_34	140	124	2	དྲུང	drun	druṅ	suffix_coda	ང	ṅ	token_final	reviewed_tibetan_exact_final_ng_consensus	target	reviewed	reviewed_explicit_feature_evidence	ordinary_tibetan_lexical_or_compound	secure_reviewed_alignment	high
wts_1_34	140	124	2	དྲུང	drun	druṅ	pre_coda_structural_unit	དྲུ	dru	pre_coda_stem	reviewed_tibetan_exact_final_ng_consensus	source	historical_source	unaffected_feature_from_reviewed_source	ordinary_tibetan_lexical_or_compound	secure_reviewed_alignment	medium
wts_1_34	141	31	3	ལྔ	Ina	lṅa	unsegmented_structural_unit	ལྔ	□□a	unaffected_span_support	reviewed_tibetan_exact_initial_i_l_family	source	historical_source	unaffected_feature_from_reviewed_source	ordinary_tibetan_lexical_or_compound	secure_reviewed_alignment	medium
wts_1_34	141	104	2	བྱང	byan	byaṅ	suffix_coda	ང	ṅ	token_final	reviewed_tibetan_exact_final_ng_consensus	target	reviewed	reviewed_explicit_feature_evidence	ordinary_tibetan_lexical_or_compound	secure_reviewed_alignment	high
wts_1_34	141	104	2	བྱང	byan	byaṅ	pre_coda_structural_unit	བྱ	bya	pre_coda_stem	reviewed_tibetan_exact_final_ng_consensus	source	historical_source	unaffected_feature_from_reviewed_source	ordinary_tibetan_lexical_or_compound	secure_reviewed_alignment	medium
wts_1_34	141	132	2	བྱང	byan	byaṅ	suffix_coda	ང	ṅ	token_final	reviewed_tibetan_exact_final_ng_consensus	target	reviewed	reviewed_explicit_feature_evidence	ordinary_tibetan_lexical_or_compound	secure_reviewed_alignment	high
wts_1_34	141	132	2	བྱང	byan	byaṅ	pre_coda_structural_unit	བྱ	bya	pre_coda_stem	reviewed_tibetan_exact_final_ng_consensus	source	historical_source	unaffected_feature_from_reviewed_source	ordinary_tibetan_lexical_or_compound	secure_reviewed_alignment	medium
wts_1_34	141	199	2	དབང	dban	dbaṅ	suffix_coda	ང	ṅ	token_final	reviewed_tibetan_exact_final_ng_consensus	target	reviewed	reviewed_explicit_feature_evidence	ordinary_tibetan_lexical_or_compound	secure_reviewed_alignment	high
wts_1_34	141	199	2	དབང	dban	dbaṅ	pre_coda_structural_unit	དབ	dba	pre_coda_stem	reviewed_tibetan_exact_final_ng_consensus	source	historical_source	unaffected_feature_from_reviewed_source	ordinary_tibetan_lexical_or_compound	secure_reviewed_alignment	medium
wts_1_34	142	190	2	བཞི	bzi	bźi	root_consonant	ཞ	ź	root	reviewed_tibetan_exact_transcription_integrity	target	reviewed	reviewed_explicit_feature_evidence	ordinary_tibetan_lexical_or_compound	secure_reviewed_alignment	high
wts_1_34	142	190	2	བཞི	bzi	bźi	unsegmented_structural_unit	བཞི	b□i	unaffected_span_support	reviewed_tibetan_exact_transcription_integrity	source	historical_source	unaffected_feature_from_reviewed_source	ordinary_tibetan_lexical_or_compound	secure_reviewed_alignment	medium
wts_1_34	143	52	2	ལུང	lun	luṅ	suffix_coda	ང	ṅ	token_final	reviewed_tibetan_exact_final_ng_source_compatible	target	reviewed	reviewed_explicit_feature_evidence	ordinary_tibetan_lexical_or_compound	secure_reviewed_alignment	high
wts_1_34	143	52	2	ལུང	lun	luṅ	pre_coda_structural_unit	ལུ	lu	pre_coda_stem	reviewed_tibetan_exact_final_ng_source_compatible	source	historical_source	unaffected_feature_from_reviewed_source	ordinary_tibetan_lexical_or_compound	secure_reviewed_alignment	medium
wts_1_34	143	78	2	ལུང	lun	luṅ	suffix_coda	ང	ṅ	token_final	reviewed_tibetan_exact_final_ng_source_compatible	target	reviewed	reviewed_explicit_feature_evidence	ordinary_tibetan_lexical_or_compound	secure_reviewed_alignment	high
wts_1_34	143	78	2	ལུང	lun	luṅ	pre_coda_structural_unit	ལུ	lu	pre_coda_stem	reviewed_tibetan_exact_final_ng_source_compatible	source	historical_source	unaffected_feature_from_reviewed_source	ordinary_tibetan_lexical_or_compound	secure_reviewed_alignment	medium
wts_1_34	143	157	2	སྲུང	srun	sruṅ	suffix_coda	ང	ṅ	token_final	reviewed_tibetan_exact_final_ng_consensus	target	reviewed	reviewed_explicit_feature_evidence	ordinary_tibetan_lexical_or_compound	secure_reviewed_alignment	high
wts_1_34	143	157	2	སྲུང	srun	sruṅ	pre_coda_structural_unit	སྲུ	sru	pre_coda_stem	reviewed_tibetan_exact_final_ng_consensus	source	historical_source	unaffected_feature_from_reviewed_source	ordinary_tibetan_lexical_or_compound	secure_reviewed_alignment	medium
wts_1_34	143	191	2	སྲུང	srun	sruṅ	suffix_coda	ང	ṅ	token_final	reviewed_tibetan_exact_final_ng_consensus	target	reviewed	reviewed_explicit_feature_evidence	ordinary_tibetan_lexical_or_compound	secure_reviewed_alignment	high
wts_1_34	143	191	2	སྲུང	srun	sruṅ	pre_coda_structural_unit	སྲུ	sru	pre_coda_stem	reviewed_tibetan_exact_final_ng_consensus	source	historical_source	unaffected_feature_from_reviewed_source	ordinary_tibetan_lexical_or_compound	secure_reviewed_alignment	medium
wts_1_34	144	15	2	བསྲུང	bsrun	bsruṅ	suffix_coda	ང	ṅ	token_final	reviewed_tibetan_exact_final_ng_consensus	target	reviewed	reviewed_explicit_feature_evidence	ordinary_tibetan_lexical_or_compound	secure_reviewed_alignment	high
wts_1_34	144	15	2	བསྲུང	bsrun	bsruṅ	pre_coda_structural_unit	བསྲུ	bsru	pre_coda_stem	reviewed_tibetan_exact_final_ng_consensus	source	historical_source	unaffected_feature_from_reviewed_source	ordinary_tibetan_lexical_or_compound	secure_reviewed_alignment	medium
wts_1_34	144	17	2	གུང	gun	guṅ	suffix_coda			token_final	reviewed_tibetan_exact_final_ng_consensus	target	reviewed	role_unresolved	ordinary_tibetan_lexical_or_compound	secure_reviewed_alignment	none
wts_1_34	146	105	2	གཏོང	gton	gtoṅ	suffix_coda	ང	ṅ	token_final	reviewed_tibetan_exact_final_ng_consensus	target	reviewed	reviewed_explicit_feature_evidence	ordinary_tibetan_lexical_or_compound	secure_reviewed_alignment	high
wts_1_34	146	105	2	གཏོང	gton	gtoṅ	pre_coda_structural_unit	གཏོ	gto	pre_coda_stem	reviewed_tibetan_exact_final_ng_consensus	source	historical_source	unaffected_feature_from_reviewed_source	ordinary_tibetan_lexical_or_compound	secure_reviewed_alignment	medium
wts_1_34	152	191	2	དྲང	dran	draṅ	suffix_coda	ང	ṅ	token_final	reviewed_tibetan_exact_final_ng_historical_witness	target	reviewed	reviewed_explicit_feature_evidence	ordinary_tibetan_lexical_or_compound	secure_reviewed_alignment	high
wts_1_34	152	191	2	དྲང	dran	draṅ	pre_coda_structural_unit	དྲ	dra	pre_coda_stem	reviewed_tibetan_exact_final_ng_historical_witness	source	historical_source	unaffected_feature_from_reviewed_source	ordinary_tibetan_lexical_or_compound	secure_reviewed_alignment	medium
wts_1_34	155	1	2	བྱང	byan	byaṅ	suffix_coda	ང	ṅ	token_final	reviewed_tibetan_exact_final_ng_consensus	target	reviewed	reviewed_explicit_feature_evidence	ordinary_tibetan_lexical_or_compound	secure_reviewed_alignment	high
wts_1_34	155	1	2	བྱང	byan	byaṅ	pre_coda_structural_unit	བྱ	bya	pre_coda_stem	reviewed_tibetan_exact_final_ng_consensus	source	historical_source	unaffected_feature_from_reviewed_source	ordinary_tibetan_lexical_or_compound	secure_reviewed_alignment	medium
wts_1_34	155	22	2	བྱང	byan	byaṅ	suffix_coda	ང	ṅ	token_final	reviewed_tibetan_exact_final_ng_consensus	target	reviewed	reviewed_explicit_feature_evidence	ordinary_tibetan_lexical_or_compound	secure_reviewed_alignment	high
wts_1_34	155	22	2	བྱང	byan	byaṅ	pre_coda_structural_unit	བྱ	bya	pre_coda_stem	reviewed_tibetan_exact_final_ng_consensus	source	historical_source	unaffected_feature_from_reviewed_source	ordinary_tibetan_lexical_or_compound	secure_reviewed_alignment	medium
wts_1_34	155	186	1	རྐང	rkan	rkaṅ	suffix_coda	ང	ṅ	token_final	reviewed_tibetan_exact_final_ng_consensus	target	reviewed	reviewed_explicit_feature_evidence	ordinary_tibetan_lexical_or_compound	secure_reviewed_alignment	high
wts_1_34	155	186	1	རྐང	rkan	rkaṅ	pre_coda_structural_unit	རྐ	rka	pre_coda_stem	reviewed_tibetan_exact_final_ng_consensus	source	historical_source	unaffected_feature_from_reviewed_source	ordinary_tibetan_lexical_or_compound	secure_reviewed_alignment	medium
wts_1_34	155	188	1	རྐང	rkan	rkaṅ	suffix_coda	ང	ṅ	token_final	reviewed_tibetan_exact_final_ng_consensus	target	reviewed	reviewed_explicit_feature_evidence	ordinary_tibetan_lexical_or_compound	secure_reviewed_alignment	high
wts_1_34	155	188	1	རྐང	rkan	rkaṅ	pre_coda_structural_unit	རྐ	rka	pre_coda_stem	reviewed_tibetan_exact_final_ng_consensus	source	historical_source	unaffected_feature_from_reviewed_source	ordinary_tibetan_lexical_or_compound	secure_reviewed_alignment	medium
wts_1_34	155	193	1	རྐང	rkan	rkaṅ	suffix_coda	ང	ṅ	token_final	reviewed_tibetan_exact_final_ng_consensus	target	reviewed	reviewed_explicit_feature_evidence	ordinary_tibetan_lexical_or_compound	secure_reviewed_alignment	high
wts_1_34	155	193	1	རྐང	rkan	rkaṅ	pre_coda_structural_unit	རྐ	rka	pre_coda_stem	reviewed_tibetan_exact_final_ng_consensus	source	historical_source	unaffected_feature_from_reviewed_source	ordinary_tibetan_lexical_or_compound	secure_reviewed_alignment	medium
wts_1_34	156	10	1	རྐང	rkan	rkaṅ	suffix_coda	ང	ṅ	token_final	reviewed_tibetan_exact_final_ng_consensus	target	reviewed	reviewed_explicit_feature_evidence	ordinary_tibetan_lexical_or_compound	secure_reviewed_alignment	high
wts_1_34	156	10	1	རྐང	rkan	rkaṅ	pre_coda_structural_unit	རྐ	rka	pre_coda_stem	reviewed_tibetan_exact_final_ng_consensus	source	historical_source	unaffected_feature_from_reviewed_source	ordinary_tibetan_lexical_or_compound	secure_reviewed_alignment	medium
wts_1_34	156	16	1	རྐང	rkan	rkaṅ	suffix_coda	ང	ṅ	token_final	reviewed_tibetan_exact_final_ng_consensus	target	reviewed	reviewed_explicit_feature_evidence	ordinary_tibetan_lexical_or_compound	secure_reviewed_alignment	high
wts_1_34	156	16	1	རྐང	rkan	rkaṅ	pre_coda_structural_unit	རྐ	rka	pre_coda_stem	reviewed_tibetan_exact_final_ng_consensus	source	historical_source	unaffected_feature_from_reviewed_source	ordinary_tibetan_lexical_or_compound	secure_reviewed_alignment	medium
wts_1_34	156	20	1	རྐང	rkan	rkaṅ	suffix_coda	ང	ṅ	token_final	reviewed_tibetan_exact_final_ng_consensus	target	reviewed	reviewed_explicit_feature_evidence	ordinary_tibetan_lexical_or_compound	secure_reviewed_alignment	high
wts_1_34	156	20	1	རྐང	rkan	rkaṅ	pre_coda_structural_unit	རྐ	rka	pre_coda_stem	reviewed_tibetan_exact_final_ng_consensus	source	historical_source	unaffected_feature_from_reviewed_source	ordinary_tibetan_lexical_or_compound	secure_reviewed_alignment	medium
wts_1_34	156	42	1	རྐང	rkan	rkaṅ	suffix_coda	ང	ṅ	token_final	reviewed_tibetan_exact_final_ng_consensus	target	reviewed	reviewed_explicit_feature_evidence	ordinary_tibetan_lexical_or_compound	secure_reviewed_alignment	high
wts_1_34	156	42	1	རྐང	rkan	rkaṅ	pre_coda_structural_unit	རྐ	rka	pre_coda_stem	reviewed_tibetan_exact_final_ng_consensus	source	historical_source	unaffected_feature_from_reviewed_source	ordinary_tibetan_lexical_or_compound	secure_reviewed_alignment	medium
wts_1_34	156	42	2	གླིང	glin	gliṅ	suffix_coda	ང	ṅ	token_final	reviewed_tibetan_exact_final_ng_consensus	target	reviewed	reviewed_explicit_feature_evidence	ordinary_tibetan_lexical_or_compound	secure_reviewed_alignment	high
wts_1_34	156	42	2	གླིང	glin	gliṅ	pre_coda_structural_unit	གླི	gli	pre_coda_stem	reviewed_tibetan_exact_final_ng_consensus	source	historical_source	unaffected_feature_from_reviewed_source	ordinary_tibetan_lexical_or_compound	secure_reviewed_alignment	medium
wts_1_34	156	60	1	རྐང	rkan	rkaṅ	suffix_coda	ང	ṅ	token_final	reviewed_tibetan_exact_final_ng_consensus	target	reviewed	reviewed_explicit_feature_evidence	ordinary_tibetan_lexical_or_compound	secure_reviewed_alignment	high
wts_1_34	156	60	1	རྐང	rkan	rkaṅ	pre_coda_structural_unit	རྐ	rka	pre_coda_stem	reviewed_tibetan_exact_final_ng_consensus	source	historical_source	unaffected_feature_from_reviewed_source	ordinary_tibetan_lexical_or_compound	secure_reviewed_alignment	medium
wts_1_34	156	76	1	རྐང	rkan	rkaṅ	suffix_coda	ང	ṅ	token_final	reviewed_tibetan_exact_final_ng_consensus	target	reviewed	reviewed_explicit_feature_evidence	ordinary_tibetan_lexical_or_compound	secure_reviewed_alignment	high
wts_1_34	156	76	1	རྐང	rkan	rkaṅ	pre_coda_structural_unit	རྐ	rka	pre_coda_stem	reviewed_tibetan_exact_final_ng_consensus	source	historical_source	unaffected_feature_from_reviewed_source	ordinary_tibetan_lexical_or_compound	secure_reviewed_alignment	medium
wts_1_34	156	86	1	རྐང	rkan	rkaṅ	suffix_coda	ང	ṅ	token_final	reviewed_tibetan_exact_final_ng_consensus	target	reviewed	reviewed_explicit_feature_evidence	ordinary_tibetan_lexical_or_compound	secure_reviewed_alignment	high
wts_1_34	156	86	1	རྐང	rkan	rkaṅ	pre_coda_structural_unit	རྐ	rka	pre_coda_stem	reviewed_tibetan_exact_final_ng_consensus	source	historical_source	unaffected_feature_from_reviewed_source	ordinary_tibetan_lexical_or_compound	secure_reviewed_alignment	medium
wts_1_34	156	108	1	རྐང	rkan	rkaṅ	suffix_coda	ང	ṅ	token_final	reviewed_tibetan_exact_final_ng_consensus	target	reviewed	reviewed_explicit_feature_evidence	ordinary_tibetan_lexical_or_compound	secure_reviewed_alignment	high
wts_1_34	156	108	1	རྐང	rkan	rkaṅ	pre_coda_structural_unit	རྐ	rka	pre_coda_stem	reviewed_tibetan_exact_final_ng_consensus	source	historical_source	unaffected_feature_from_reviewed_source	ordinary_tibetan_lexical_or_compound	secure_reviewed_alignment	medium
wts_1_34	156	116	1	རྐང	rkan	rkaṅ	suffix_coda	ང	ṅ	token_final	reviewed_tibetan_exact_final_ng_consensus	target	reviewed	reviewed_explicit_feature_evidence	ordinary_tibetan_lexical_or_compound	secure_reviewed_alignment	high
wts_1_34	156	116	1	རྐང	rkan	rkaṅ	pre_coda_structural_unit	རྐ	rka	pre_coda_stem	reviewed_tibetan_exact_final_ng_consensus	source	historical_source	unaffected_feature_from_reviewed_source	ordinary_tibetan_lexical_or_compound	secure_reviewed_alignment	medium
wts_1_34	156	140	1	རྐང	rkan	rkaṅ	suffix_coda	ང	ṅ	token_final	reviewed_tibetan_exact_final_ng_consensus	target	reviewed	reviewed_explicit_feature_evidence	ordinary_tibetan_lexical_or_compound	secure_reviewed_alignment	high
wts_1_34	156	140	1	རྐང	rkan	rkaṅ	pre_coda_structural_unit	རྐ	rka	pre_coda_stem	reviewed_tibetan_exact_final_ng_consensus	source	historical_source	unaffected_feature_from_reviewed_source	ordinary_tibetan_lexical_or_compound	secure_reviewed_alignment	medium
wts_1_34	156	154	1	རྐང	rkan	rkaṅ	suffix_coda	ང	ṅ	token_final	reviewed_tibetan_exact_final_ng_consensus	target	reviewed	reviewed_explicit_feature_evidence	ordinary_tibetan_lexical_or_compound	secure_reviewed_alignment	high
wts_1_34	156	154	1	རྐང	rkan	rkaṅ	pre_coda_structural_unit	རྐ	rka	pre_coda_stem	reviewed_tibetan_exact_final_ng_consensus	source	historical_source	unaffected_feature_from_reviewed_source	ordinary_tibetan_lexical_or_compound	secure_reviewed_alignment	medium
wts_1_34	156	169	1	རྐང	rkan	rkaṅ	suffix_coda	ང	ṅ	token_final	reviewed_tibetan_exact_final_ng_consensus	target	reviewed	reviewed_explicit_feature_evidence	ordinary_tibetan_lexical_or_compound	secure_reviewed_alignment	high
wts_1_34	156	169	1	རྐང	rkan	rkaṅ	pre_coda_structural_unit	རྐ	rka	pre_coda_stem	reviewed_tibetan_exact_final_ng_consensus	source	historical_source	unaffected_feature_from_reviewed_source	ordinary_tibetan_lexical_or_compound	secure_reviewed_alignment	medium
wts_1_34	156	182	1	རྐང	rkan	rkaṅ	suffix_coda	ང	ṅ	token_final	reviewed_tibetan_exact_final_ng_consensus	target	reviewed	reviewed_explicit_feature_evidence	ordinary_tibetan_lexical_or_compound	secure_reviewed_alignment	high
wts_1_34	156	182	1	རྐང	rkan	rkaṅ	pre_coda_structural_unit	རྐ	rka	pre_coda_stem	reviewed_tibetan_exact_final_ng_consensus	source	historical_source	unaffected_feature_from_reviewed_source	ordinary_tibetan_lexical_or_compound	secure_reviewed_alignment	medium
wts_1_34	156	201	1	རྐང	rkan	rkaṅ	suffix_coda	ང	ṅ	token_final	reviewed_tibetan_exact_final_ng_consensus	target	reviewed	reviewed_explicit_feature_evidence	ordinary_tibetan_lexical_or_compound	marker_or_damage	high
wts_1_34	156	201	1	རྐང	rkan	rkaṅ	pre_coda_structural_unit	རྐ	rka	pre_coda_stem	reviewed_tibetan_exact_final_ng_consensus	source	historical_source	unaffected_feature_from_reviewed_source	ordinary_tibetan_lexical_or_compound	marker_or_damage	medium
wts_1_34	157	1	1	རྐང	rkan	rkaṅ	suffix_coda	ང	ṅ	token_final	reviewed_tibetan_exact_final_ng_consensus	target	reviewed	reviewed_explicit_feature_evidence	ordinary_tibetan_lexical_or_compound	secure_reviewed_alignment	high
wts_1_34	157	1	1	རྐང	rkan	rkaṅ	pre_coda_structural_unit	རྐ	rka	pre_coda_stem	reviewed_tibetan_exact_final_ng_consensus	source	historical_source	unaffected_feature_from_reviewed_source	ordinary_tibetan_lexical_or_compound	secure_reviewed_alignment	medium
wts_1_34	157	16	1	རྐང	rkan	rkaṅ	suffix_coda	ང	ṅ	token_final	reviewed_tibetan_exact_final_ng_consensus	target	reviewed	reviewed_explicit_feature_evidence	ordinary_tibetan_lexical_or_compound	secure_reviewed_alignment	high
wts_1_34	157	16	1	རྐང	rkan	rkaṅ	pre_coda_structural_unit	རྐ	rka	pre_coda_stem	reviewed_tibetan_exact_final_ng_consensus	source	historical_source	unaffected_feature_from_reviewed_source	ordinary_tibetan_lexical_or_compound	secure_reviewed_alignment	medium
wts_1_34	157	24	1	རྐང	rkan	rkaṅ	suffix_coda	ང	ṅ	token_final	reviewed_tibetan_exact_final_ng_consensus	target	reviewed	reviewed_explicit_feature_evidence	ordinary_tibetan_lexical_or_compound	secure_reviewed_alignment	high
wts_1_34	157	24	1	རྐང	rkan	rkaṅ	pre_coda_structural_unit	རྐ	rka	pre_coda_stem	reviewed_tibetan_exact_final_ng_consensus	source	historical_source	unaffected_feature_from_reviewed_source	ordinary_tibetan_lexical_or_compound	secure_reviewed_alignment	medium
wts_1_34	157	25	1	རྐང	rkan	rkaṅ	suffix_coda	ང	ṅ	token_final	reviewed_tibetan_exact_final_ng_consensus	target	reviewed	reviewed_explicit_feature_evidence	ordinary_tibetan_lexical_or_compound	secure_reviewed_alignment	high
wts_1_34	157	25	1	རྐང	rkan	rkaṅ	pre_coda_structural_unit	རྐ	rka	pre_coda_stem	reviewed_tibetan_exact_final_ng_consensus	source	historical_source	unaffected_feature_from_reviewed_source	ordinary_tibetan_lexical_or_compound	secure_reviewed_alignment	medium
wts_1_34	157	25	2	རྟིང	rtin	rtiṅ	suffix_coda	ང	ṅ	token_final	reviewed_tibetan_exact_final_ng_source_compatible	target	reviewed	reviewed_explicit_feature_evidence	ordinary_tibetan_lexical_or_compound	secure_reviewed_alignment	high
wts_1_34	157	25	2	རྟིང	rtin	rtiṅ	pre_coda_structural_unit	རྟི	rti	pre_coda_stem	reviewed_tibetan_exact_final_ng_source_compatible	source	historical_source	unaffected_feature_from_reviewed_source	ordinary_tibetan_lexical_or_compound	secure_reviewed_alignment	medium
wts_1_34	157	27	1	རྐང	rkan	rkaṅ	suffix_coda	ང	ṅ	token_final	reviewed_tibetan_exact_final_ng_consensus	target	reviewed	reviewed_explicit_feature_evidence	ordinary_tibetan_lexical_or_compound	secure_reviewed_alignment	high
wts_1_34	157	27	1	རྐང	rkan	rkaṅ	pre_coda_structural_unit	རྐ	rka	pre_coda_stem	reviewed_tibetan_exact_final_ng_consensus	source	historical_source	unaffected_feature_from_reviewed_source	ordinary_tibetan_lexical_or_compound	secure_reviewed_alignment	medium
wts_1_34	157	37	1	རྐང	rkan	rkaṅ	suffix_coda	ང	ṅ	token_final	reviewed_tibetan_exact_final_ng_consensus	target	reviewed	reviewed_explicit_feature_evidence	ordinary_tibetan_lexical_or_compound	secure_reviewed_alignment	high
wts_1_34	157	37	1	རྐང	rkan	rkaṅ	pre_coda_structural_unit	རྐ	rka	pre_coda_stem	reviewed_tibetan_exact_final_ng_consensus	source	historical_source	unaffected_feature_from_reviewed_source	ordinary_tibetan_lexical_or_compound	secure_reviewed_alignment	medium
wts_1_34	157	44	1	རྐང	rkan	rkaṅ	suffix_coda	ང	ṅ	token_final	reviewed_tibetan_exact_final_ng_consensus	target	reviewed	reviewed_explicit_feature_evidence	ordinary_tibetan_lexical_or_compound	secure_reviewed_alignment	high
wts_1_34	157	44	1	རྐང	rkan	rkaṅ	pre_coda_structural_unit	རྐ	rka	pre_coda_stem	reviewed_tibetan_exact_final_ng_consensus	source	historical_source	unaffected_feature_from_reviewed_source	ordinary_tibetan_lexical_or_compound	secure_reviewed_alignment	medium
wts_1_34	157	50	1	རྐང	rkan	rkaṅ	suffix_coda	ང	ṅ	token_final	reviewed_tibetan_exact_final_ng_consensus	target	reviewed	reviewed_explicit_feature_evidence	ordinary_tibetan_lexical_or_compound	secure_reviewed_alignment	high
wts_1_34	157	50	1	རྐང	rkan	rkaṅ	pre_coda_structural_unit	རྐ	rka	pre_coda_stem	reviewed_tibetan_exact_final_ng_consensus	source	historical_source	unaffected_feature_from_reviewed_source	ordinary_tibetan_lexical_or_compound	secure_reviewed_alignment	medium
wts_1_34	157	52	1	རྐང	rkan	rkaṅ	suffix_coda	ང	ṅ	token_final	reviewed_tibetan_exact_final_ng_consensus	target	reviewed	reviewed_explicit_feature_evidence	ordinary_tibetan_lexical_or_compound	secure_reviewed_alignment	high
wts_1_34	157	52	1	རྐང	rkan	rkaṅ	pre_coda_structural_unit	རྐ	rka	pre_coda_stem	reviewed_tibetan_exact_final_ng_consensus	source	historical_source	unaffected_feature_from_reviewed_source	ordinary_tibetan_lexical_or_compound	secure_reviewed_alignment	medium
wts_1_34	157	52	2	སྟེང	sten	steṅ	suffix_coda	ང	ṅ	token_final	reviewed_tibetan_exact_final_ng_consensus	target	reviewed	reviewed_explicit_feature_evidence	ordinary_tibetan_lexical_or_compound	secure_reviewed_alignment	high
wts_1_34	157	52	2	སྟེང	sten	steṅ	pre_coda_structural_unit	སྟེ	ste	pre_coda_stem	reviewed_tibetan_exact_final_ng_consensus	source	historical_source	unaffected_feature_from_reviewed_source	ordinary_tibetan_lexical_or_compound	secure_reviewed_alignment	medium
wts_1_34	157	58	1	རྐང	rkan	rkaṅ	suffix_coda	ང	ṅ	token_final	reviewed_tibetan_exact_final_ng_consensus	target	reviewed	reviewed_explicit_feature_evidence	ordinary_tibetan_lexical_or_compound	secure_reviewed_alignment	high
wts_1_34	157	58	1	རྐང	rkan	rkaṅ	pre_coda_structural_unit	རྐ	rka	pre_coda_stem	reviewed_tibetan_exact_final_ng_consensus	source	historical_source	unaffected_feature_from_reviewed_source	ordinary_tibetan_lexical_or_compound	secure_reviewed_alignment	medium
wts_1_34	157	58	2	སྟོང	ston	stoṅ	suffix_coda	ང	ṅ	token_final	reviewed_tibetan_exact_final_ng_consensus	target	reviewed	reviewed_explicit_feature_evidence	ordinary_tibetan_lexical_or_compound	secure_reviewed_alignment	high
wts_1_34	157	58	2	སྟོང	ston	stoṅ	pre_coda_structural_unit	སྟོ	sto	pre_coda_stem	reviewed_tibetan_exact_final_ng_consensus	source	historical_source	unaffected_feature_from_reviewed_source	ordinary_tibetan_lexical_or_compound	secure_reviewed_alignment	medium
wts_1_34	157	64	1	རྐང	rkan	rkaṅ	suffix_coda	ང	ṅ	token_final	reviewed_tibetan_exact_final_ng_consensus	target	reviewed	reviewed_explicit_feature_evidence	ordinary_tibetan_lexical_or_compound	secure_reviewed_alignment	high
wts_1_34	157	64	1	རྐང	rkan	rkaṅ	pre_coda_structural_unit	རྐ	rka	pre_coda_stem	reviewed_tibetan_exact_final_ng_consensus	source	historical_source	unaffected_feature_from_reviewed_source	ordinary_tibetan_lexical_or_compound	secure_reviewed_alignment	medium
wts_1_34	157	64	2	ཐང	than	thaṅ	suffix_coda	ང	ṅ	token_final	reviewed_tibetan_exact_final_ng_consensus	target	reviewed	reviewed_explicit_feature_evidence	ordinary_tibetan_lexical_or_compound	secure_reviewed_alignment	high
wts_1_34	157	64	2	ཐང	than	thaṅ	pre_coda_structural_unit	ཐ	tha	pre_coda_stem	reviewed_tibetan_exact_final_ng_consensus	source	historical_source	unaffected_feature_from_reviewed_source	ordinary_tibetan_lexical_or_compound	secure_reviewed_alignment	medium
wts_1_34	157	78	1	རྐང	rkan	rkaṅ	suffix_coda	ང	ṅ	token_final	reviewed_tibetan_exact_final_ng_consensus	target	reviewed	reviewed_explicit_feature_evidence	ordinary_tibetan_lexical_or_compound	secure_reviewed_alignment	high
wts_1_34	157	78	1	རྐང	rkan	rkaṅ	pre_coda_structural_unit	རྐ	rka	pre_coda_stem	reviewed_tibetan_exact_final_ng_consensus	source	historical_source	unaffected_feature_from_reviewed_source	ordinary_tibetan_lexical_or_compound	secure_reviewed_alignment	medium
wts_1_34	157	78	2	ཐུང	thun	thuṅ	suffix_coda	ང	ṅ	token_final	reviewed_tibetan_exact_final_ng_consensus	target	reviewed	reviewed_explicit_feature_evidence	ordinary_tibetan_lexical_or_compound	secure_reviewed_alignment	high
wts_1_34	157	78	2	ཐུང	thun	thuṅ	pre_coda_structural_unit	ཐུ	thu	pre_coda_stem	reviewed_tibetan_exact_final_ng_consensus	source	historical_source	unaffected_feature_from_reviewed_source	ordinary_tibetan_lexical_or_compound	secure_reviewed_alignment	medium
wts_1_34	157	80	1	རྐང	rkan	rkaṅ	suffix_coda	ང	ṅ	token_final	reviewed_tibetan_exact_final_ng_consensus	target	reviewed	reviewed_explicit_feature_evidence	ordinary_tibetan_lexical_or_compound	secure_reviewed_alignment	high
wts_1_34	157	80	1	རྐང	rkan	rkaṅ	pre_coda_structural_unit	རྐ	rka	pre_coda_stem	reviewed_tibetan_exact_final_ng_consensus	source	historical_source	unaffected_feature_from_reviewed_source	ordinary_tibetan_lexical_or_compound	secure_reviewed_alignment	medium
wts_1_34	157	104	1	རྐང	rkan	rkaṅ	suffix_coda	ང	ṅ	token_final	reviewed_tibetan_exact_final_ng_consensus	target	reviewed	reviewed_explicit_feature_evidence	ordinary_tibetan_lexical_or_compound	secure_reviewed_alignment	high
wts_1_34	157	104	1	རྐང	rkan	rkaṅ	pre_coda_structural_unit	རྐ	rka	pre_coda_stem	reviewed_tibetan_exact_final_ng_consensus	source	historical_source	unaffected_feature_from_reviewed_source	ordinary_tibetan_lexical_or_compound	secure_reviewed_alignment	medium
wts_1_34	157	112	1	རྐང	rkan	rkaṅ	suffix_coda	ང	ṅ	token_final	reviewed_tibetan_exact_final_ng_consensus	target	reviewed	reviewed_explicit_feature_evidence	ordinary_tibetan_lexical_or_compound	secure_reviewed_alignment	high
wts_1_34	157	112	1	རྐང	rkan	rkaṅ	pre_coda_structural_unit	རྐ	rka	pre_coda_stem	reviewed_tibetan_exact_final_ng_consensus	source	historical_source	unaffected_feature_from_reviewed_source	ordinary_tibetan_lexical_or_compound	secure_reviewed_alignment	medium
wts_1_34	157	127	1	རྐང	rkan	rkaṅ	suffix_coda	ང	ṅ	token_final	reviewed_tibetan_exact_final_ng_consensus	target	reviewed	reviewed_explicit_feature_evidence	ordinary_tibetan_lexical_or_compound	secure_reviewed_alignment	high
wts_1_34	157	127	1	རྐང	rkan	rkaṅ	pre_coda_structural_unit	རྐ	rka	pre_coda_stem	reviewed_tibetan_exact_final_ng_consensus	source	historical_source	unaffected_feature_from_reviewed_source	ordinary_tibetan_lexical_or_compound	secure_reviewed_alignment	medium
wts_1_34	157	127	2	འཐུང	thun	thuṅ	suffix_coda	ང	ṅ	token_final	reviewed_tibetan_exact_final_ng_consensus	target	reviewed	reviewed_explicit_feature_evidence	ordinary_tibetan_lexical_or_compound	secure_reviewed_alignment	high
wts_1_34	157	127	2	འཐུང	thun	thuṅ	pre_coda_structural_unit	འཐུ	thu	pre_coda_stem	reviewed_tibetan_exact_final_ng_consensus	source	historical_source	unaffected_feature_from_reviewed_source	ordinary_tibetan_lexical_or_compound	secure_reviewed_alignment	medium
wts_1_34	157	127	3	དབང	dban	dbaṅ	suffix_coda	ང	ṅ	token_final	reviewed_tibetan_exact_final_ng_consensus	target	reviewed	reviewed_explicit_feature_evidence	ordinary_tibetan_lexical_or_compound	secure_reviewed_alignment	high
wts_1_34	157	127	3	དབང	dban	dbaṅ	pre_coda_structural_unit	དབ	dba	pre_coda_stem	reviewed_tibetan_exact_final_ng_consensus	source	historical_source	unaffected_feature_from_reviewed_source	ordinary_tibetan_lexical_or_compound	secure_reviewed_alignment	medium
wts_1_34	157	135	1	རྐང	rkan	rkaṅ	suffix_coda	ང	ṅ	token_final	reviewed_tibetan_exact_final_ng_consensus	target	reviewed	reviewed_explicit_feature_evidence	ordinary_tibetan_lexical_or_compound	secure_reviewed_alignment	high
wts_1_34	157	135	1	རྐང	rkan	rkaṅ	pre_coda_structural_unit	རྐ	rka	pre_coda_stem	reviewed_tibetan_exact_final_ng_consensus	source	historical_source	unaffected_feature_from_reviewed_source	ordinary_tibetan_lexical_or_compound	secure_reviewed_alignment	medium
wts_1_34	157	135	3	ཀིང	kin	kiṅ	suffix_coda	ང	ṅ	token_final	reviewed_tibetan_exact_final_ng_consensus	target	reviewed	reviewed_explicit_feature_evidence	ordinary_tibetan_lexical_or_compound	secure_reviewed_alignment	high
wts_1_34	157	135	3	ཀིང	kin	kiṅ	pre_coda_structural_unit	ཀི	ki	pre_coda_stem	reviewed_tibetan_exact_final_ng_consensus	source	historical_source	unaffected_feature_from_reviewed_source	ordinary_tibetan_lexical_or_compound	secure_reviewed_alignment	medium
wts_1_34	157	136	1	རྐང	rkan	rkaṅ	suffix_coda	ང	ṅ	token_final	reviewed_tibetan_exact_final_ng_consensus	target	reviewed	reviewed_explicit_feature_evidence	ordinary_tibetan_lexical_or_compound	secure_reviewed_alignment	high
wts_1_34	157	136	1	རྐང	rkan	rkaṅ	pre_coda_structural_unit	རྐ	rka	pre_coda_stem	reviewed_tibetan_exact_final_ng_consensus	source	historical_source	unaffected_feature_from_reviewed_source	ordinary_tibetan_lexical_or_compound	secure_reviewed_alignment	medium
wts_1_34	157	136	2	དུང	dun	duṅ	suffix_coda			token_final	reviewed_tibetan_exact_final_ng_consensus	target	reviewed	role_unresolved	ordinary_tibetan_lexical_or_compound	secure_reviewed_alignment	none
wts_1_34	157	155	1	རྐང	rkan	rkaṅ	suffix_coda	ང	ṅ	token_final	reviewed_tibetan_exact_final_ng_consensus	target	reviewed	reviewed_explicit_feature_evidence	ordinary_tibetan_lexical_or_compound	secure_reviewed_alignment	high
wts_1_34	157	155	1	རྐང	rkan	rkaṅ	pre_coda_structural_unit	རྐ	rka	pre_coda_stem	reviewed_tibetan_exact_final_ng_consensus	source	historical_source	unaffected_feature_from_reviewed_source	ordinary_tibetan_lexical_or_compound	secure_reviewed_alignment	medium
wts_1_34	157	163	1	རྐང	rkan	rkaṅ	suffix_coda	ང	ṅ	token_final	reviewed_tibetan_exact_final_ng_consensus	target	reviewed	reviewed_explicit_feature_evidence	ordinary_tibetan_lexical_or_compound	secure_reviewed_alignment	high
wts_1_34	157	163	1	རྐང	rkan	rkaṅ	pre_coda_structural_unit	རྐ	rka	pre_coda_stem	reviewed_tibetan_exact_final_ng_consensus	source	historical_source	unaffected_feature_from_reviewed_source	ordinary_tibetan_lexical_or_compound	secure_reviewed_alignment	medium
wts_1_34	157	204	1	རྐང	rkan	rkaṅ	suffix_coda	ང	ṅ	token_final	reviewed_tibetan_exact_final_ng_consensus	target	reviewed	reviewed_explicit_feature_evidence	ordinary_tibetan_lexical_or_compound	secure_reviewed_alignment	high
wts_1_34	157	204	1	རྐང	rkan	rkaṅ	pre_coda_structural_unit	རྐ	rka	pre_coda_stem	reviewed_tibetan_exact_final_ng_consensus	source	historical_source	unaffected_feature_from_reviewed_source	ordinary_tibetan_lexical_or_compound	secure_reviewed_alignment	medium
wts_1_34	158	1	1	རྐང	rkan	rkaṅ	suffix_coda	ང	ṅ	token_final	reviewed_tibetan_exact_final_ng_consensus	target	reviewed	reviewed_explicit_feature_evidence	ordinary_tibetan_lexical_or_compound	secure_reviewed_alignment	high
wts_1_34	158	1	1	རྐང	rkan	rkaṅ	pre_coda_structural_unit	རྐ	rka	pre_coda_stem	reviewed_tibetan_exact_final_ng_consensus	source	historical_source	unaffected_feature_from_reviewed_source	ordinary_tibetan_lexical_or_compound	secure_reviewed_alignment	medium
wts_1_34	158	12	1	རྐང	rkan	rkaṅ	suffix_coda	ང	ṅ	token_final	reviewed_tibetan_exact_final_ng_consensus	target	reviewed	reviewed_explicit_feature_evidence	ordinary_tibetan_lexical_or_compound	secure_reviewed_alignment	high
wts_1_34	158	12	1	རྐང	rkan	rkaṅ	pre_coda_structural_unit	རྐ	rka	pre_coda_stem	reviewed_tibetan_exact_final_ng_consensus	source	historical_source	unaffected_feature_from_reviewed_source	ordinary_tibetan_lexical_or_compound	secure_reviewed_alignment	medium
wts_1_34	158	24	1	རྐང	rkan	rkaṅ	suffix_coda	ང	ṅ	token_final	reviewed_tibetan_exact_final_ng_consensus	target	reviewed	reviewed_explicit_feature_evidence	ordinary_tibetan_lexical_or_compound	secure_reviewed_alignment	high
wts_1_34	158	24	1	རྐང	rkan	rkaṅ	pre_coda_structural_unit	རྐ	rka	pre_coda_stem	reviewed_tibetan_exact_final_ng_consensus	source	historical_source	unaffected_feature_from_reviewed_source	ordinary_tibetan_lexical_or_compound	secure_reviewed_alignment	medium
wts_1_34	158	35	1	རྐང	rkan	rkaṅ	suffix_coda	ང	ṅ	token_final	reviewed_tibetan_exact_final_ng_consensus	target	reviewed	reviewed_explicit_feature_evidence	ordinary_tibetan_lexical_or_compound	secure_reviewed_alignment	high
wts_1_34	158	35	1	རྐང	rkan	rkaṅ	pre_coda_structural_unit	རྐ	rka	pre_coda_stem	reviewed_tibetan_exact_final_ng_consensus	source	historical_source	unaffected_feature_from_reviewed_source	ordinary_tibetan_lexical_or_compound	secure_reviewed_alignment	medium
wts_1_34	158	40	1	རྐང	rkan	rkaṅ	suffix_coda	ང	ṅ	token_final	reviewed_tibetan_exact_final_ng_consensus	target	reviewed	reviewed_explicit_feature_evidence	ordinary_tibetan_lexical_or_compound	secure_reviewed_alignment	high
wts_1_34	158	40	1	རྐང	rkan	rkaṅ	pre_coda_structural_unit	རྐ	rka	pre_coda_stem	reviewed_tibetan_exact_final_ng_consensus	source	historical_source	unaffected_feature_from_reviewed_source	ordinary_tibetan_lexical_or_compound	secure_reviewed_alignment	medium
wts_1_34	158	57	1	རྐང	rkan	rkaṅ	suffix_coda	ང	ṅ	token_final	reviewed_tibetan_exact_final_ng_consensus	target	reviewed	reviewed_explicit_feature_evidence	ordinary_tibetan_lexical_or_compound	secure_reviewed_alignment	high
wts_1_34	158	57	1	རྐང	rkan	rkaṅ	pre_coda_structural_unit	རྐ	rka	pre_coda_stem	reviewed_tibetan_exact_final_ng_consensus	source	historical_source	unaffected_feature_from_reviewed_source	ordinary_tibetan_lexical_or_compound	secure_reviewed_alignment	medium
wts_1_34	158	104	1	རྐང	rkan	rkaṅ	suffix_coda	ང	ṅ	token_final	reviewed_tibetan_exact_final_ng_consensus	target	reviewed	reviewed_explicit_feature_evidence	ordinary_tibetan_lexical_or_compound	secure_reviewed_alignment	high
wts_1_34	158	104	1	རྐང	rkan	rkaṅ	pre_coda_structural_unit	རྐ	rka	pre_coda_stem	reviewed_tibetan_exact_final_ng_consensus	source	historical_source	unaffected_feature_from_reviewed_source	ordinary_tibetan_lexical_or_compound	secure_reviewed_alignment	medium
wts_1_34	158	159	1	རྐང	rkan	rkaṅ	suffix_coda	ང	ṅ	token_final	reviewed_tibetan_exact_final_ng_consensus	target	reviewed	reviewed_explicit_feature_evidence	ordinary_tibetan_lexical_or_compound	secure_reviewed_alignment	high
wts_1_34	158	159	1	རྐང	rkan	rkaṅ	pre_coda_structural_unit	རྐ	rka	pre_coda_stem	reviewed_tibetan_exact_final_ng_consensus	source	historical_source	unaffected_feature_from_reviewed_source	ordinary_tibetan_lexical_or_compound	secure_reviewed_alignment	medium
wts_1_34	158	193	1	རྐང	rkan	rkaṅ	suffix_coda	ང	ṅ	token_final	reviewed_tibetan_exact_final_ng_consensus	target	reviewed	reviewed_explicit_feature_evidence	ordinary_tibetan_lexical_or_compound	secure_reviewed_alignment	high
wts_1_34	158	193	1	རྐང	rkan	rkaṅ	pre_coda_structural_unit	རྐ	rka	pre_coda_stem	reviewed_tibetan_exact_final_ng_consensus	source	historical_source	unaffected_feature_from_reviewed_source	ordinary_tibetan_lexical_or_compound	secure_reviewed_alignment	medium
wts_1_34	158	209	1	རྐང	rkan	rkaṅ	suffix_coda	ང	ṅ	token_final	reviewed_tibetan_exact_final_ng_consensus	target	reviewed	reviewed_explicit_feature_evidence	ordinary_tibetan_lexical_or_compound	secure_reviewed_alignment	high
wts_1_34	158	209	1	རྐང	rkan	rkaṅ	pre_coda_structural_unit	རྐ	rka	pre_coda_stem	reviewed_tibetan_exact_final_ng_consensus	source	historical_source	unaffected_feature_from_reviewed_source	ordinary_tibetan_lexical_or_compound	secure_reviewed_alignment	medium
wts_1_34	159	3	1	རྐང	rkan	rkaṅ	suffix_coda	ང	ṅ	token_final	reviewed_tibetan_exact_final_ng_consensus	target	reviewed	reviewed_explicit_feature_evidence	ordinary_tibetan_lexical_or_compound	secure_reviewed_alignment	high
wts_1_34	159	3	1	རྐང	rkan	rkaṅ	pre_coda_structural_unit	རྐ	rka	pre_coda_stem	reviewed_tibetan_exact_final_ng_consensus	source	historical_source	unaffected_feature_from_reviewed_source	ordinary_tibetan_lexical_or_compound	secure_reviewed_alignment	medium
wts_1_34	159	9	1	རྐང	rkan	rkaṅ	suffix_coda	ང	ṅ	token_final	reviewed_tibetan_exact_final_ng_consensus	target	reviewed	reviewed_explicit_feature_evidence	ordinary_tibetan_lexical_or_compound	secure_reviewed_alignment	high
wts_1_34	159	9	1	རྐང	rkan	rkaṅ	pre_coda_structural_unit	རྐ	rka	pre_coda_stem	reviewed_tibetan_exact_final_ng_consensus	source	historical_source	unaffected_feature_from_reviewed_source	ordinary_tibetan_lexical_or_compound	secure_reviewed_alignment	medium
wts_1_34	159	14	1	རྐང	rkan	rkaṅ	suffix_coda	ང	ṅ	token_final	reviewed_tibetan_exact_final_ng_consensus	target	reviewed	reviewed_explicit_feature_evidence	ordinary_tibetan_lexical_or_compound	secure_reviewed_alignment	high
wts_1_34	159	14	1	རྐང	rkan	rkaṅ	pre_coda_structural_unit	རྐ	rka	pre_coda_stem	reviewed_tibetan_exact_final_ng_consensus	source	historical_source	unaffected_feature_from_reviewed_source	ordinary_tibetan_lexical_or_compound	secure_reviewed_alignment	medium
wts_1_34	159	33	1	རྐང	rkan	rkaṅ	suffix_coda	ང	ṅ	token_final	reviewed_tibetan_exact_final_ng_consensus	target	reviewed	reviewed_explicit_feature_evidence	ordinary_tibetan_lexical_or_compound	secure_reviewed_alignment	high
wts_1_34	159	33	1	རྐང	rkan	rkaṅ	pre_coda_structural_unit	རྐ	rka	pre_coda_stem	reviewed_tibetan_exact_final_ng_consensus	source	historical_source	unaffected_feature_from_reviewed_source	ordinary_tibetan_lexical_or_compound	secure_reviewed_alignment	medium
wts_1_34	159	34	1	རྐང	rkan	rkaṅ	suffix_coda	ང	ṅ	token_final	reviewed_tibetan_exact_final_ng_consensus	target	reviewed	reviewed_explicit_feature_evidence	ordinary_tibetan_lexical_or_compound	secure_reviewed_alignment	high
wts_1_34	159	34	1	རྐང	rkan	rkaṅ	pre_coda_structural_unit	རྐ	rka	pre_coda_stem	reviewed_tibetan_exact_final_ng_consensus	source	historical_source	unaffected_feature_from_reviewed_source	ordinary_tibetan_lexical_or_compound	secure_reviewed_alignment	medium
wts_1_34	159	43	1	རྐང	rkan	rkaṅ	suffix_coda	ང	ṅ	token_final	reviewed_tibetan_exact_final_ng_consensus	target	reviewed	reviewed_explicit_feature_evidence	ordinary_tibetan_lexical_or_compound	secure_reviewed_alignment	high
wts_1_34	159	43	1	རྐང	rkan	rkaṅ	pre_coda_structural_unit	རྐ	rka	pre_coda_stem	reviewed_tibetan_exact_final_ng_consensus	source	historical_source	unaffected_feature_from_reviewed_source	ordinary_tibetan_lexical_or_compound	secure_reviewed_alignment	medium
wts_1_34	159	52	1	རྐང	rkan	rkaṅ	suffix_coda	ང	ṅ	token_final	reviewed_tibetan_exact_final_ng_consensus	target	reviewed	reviewed_explicit_feature_evidence	ordinary_tibetan_lexical_or_compound	secure_reviewed_alignment	high
wts_1_34	159	52	1	རྐང	rkan	rkaṅ	pre_coda_structural_unit	རྐ	rka	pre_coda_stem	reviewed_tibetan_exact_final_ng_consensus	source	historical_source	unaffected_feature_from_reviewed_source	ordinary_tibetan_lexical_or_compound	secure_reviewed_alignment	medium
wts_1_34	159	70	1	རྐང	rkan	rkaṅ	suffix_coda	ང	ṅ	token_final	reviewed_tibetan_exact_final_ng_consensus	target	reviewed	reviewed_explicit_feature_evidence	ordinary_tibetan_lexical_or_compound	secure_reviewed_alignment	high
wts_1_34	159	70	1	རྐང	rkan	rkaṅ	pre_coda_structural_unit	རྐ	rka	pre_coda_stem	reviewed_tibetan_exact_final_ng_consensus	source	historical_source	unaffected_feature_from_reviewed_source	ordinary_tibetan_lexical_or_compound	secure_reviewed_alignment	medium
wts_1_34	159	73	1	རྐང	rkan	rkaṅ	suffix_coda	ང	ṅ	token_final	reviewed_tibetan_exact_final_ng_consensus	target	reviewed	reviewed_explicit_feature_evidence	ordinary_tibetan_lexical_or_compound	secure_reviewed_alignment	high
wts_1_34	159	73	1	རྐང	rkan	rkaṅ	pre_coda_structural_unit	རྐ	rka	pre_coda_stem	reviewed_tibetan_exact_final_ng_consensus	source	historical_source	unaffected_feature_from_reviewed_source	ordinary_tibetan_lexical_or_compound	secure_reviewed_alignment	medium
wts_1_34	159	73	2	མང	man	maṅ	suffix_coda			token_final	reviewed_tibetan_exact_final_ng_consensus	target	reviewed	role_unresolved	ordinary_tibetan_lexical_or_compound	secure_reviewed_alignment	none
wts_1_34	159	78	1	རྐང	rkan	rkaṅ	suffix_coda	ང	ṅ	token_final	reviewed_tibetan_exact_final_ng_consensus	target	reviewed	reviewed_explicit_feature_evidence	ordinary_tibetan_lexical_or_compound	secure_reviewed_alignment	high
wts_1_34	159	78	1	རྐང	rkan	rkaṅ	pre_coda_structural_unit	རྐ	rka	pre_coda_stem	reviewed_tibetan_exact_final_ng_consensus	source	historical_source	unaffected_feature_from_reviewed_source	ordinary_tibetan_lexical_or_compound	secure_reviewed_alignment	medium
wts_1_34	159	84	1	རྐང	rkan	rkaṅ	suffix_coda	ང	ṅ	token_final	reviewed_tibetan_exact_final_ng_consensus	target	reviewed	reviewed_explicit_feature_evidence	ordinary_tibetan_lexical_or_compound	secure_reviewed_alignment	high
wts_1_34	159	84	1	རྐང	rkan	rkaṅ	pre_coda_structural_unit	རྐ	rka	pre_coda_stem	reviewed_tibetan_exact_final_ng_consensus	source	historical_source	unaffected_feature_from_reviewed_source	ordinary_tibetan_lexical_or_compound	secure_reviewed_alignment	medium
wts_1_34	159	87	1	རྐང	rkan	rkaṅ	suffix_coda	ང	ṅ	token_final	reviewed_tibetan_exact_final_ng_consensus	target	reviewed	reviewed_explicit_feature_evidence	ordinary_tibetan_lexical_or_compound	secure_reviewed_alignment	high
wts_1_34	159	87	1	རྐང	rkan	rkaṅ	pre_coda_structural_unit	རྐ	rka	pre_coda_stem	reviewed_tibetan_exact_final_ng_consensus	source	historical_source	unaffected_feature_from_reviewed_source	ordinary_tibetan_lexical_or_compound	secure_reviewed_alignment	medium
wts_1_34	159	96	1	རྐང	rkan	rkaṅ	suffix_coda	ང	ṅ	token_final	reviewed_tibetan_exact_final_ng_consensus	target	reviewed	reviewed_explicit_feature_evidence	ordinary_tibetan_lexical_or_compound	secure_reviewed_alignment	high
wts_1_34	159	96	1	རྐང	rkan	rkaṅ	pre_coda_structural_unit	རྐ	rka	pre_coda_stem	reviewed_tibetan_exact_final_ng_consensus	source	historical_source	unaffected_feature_from_reviewed_source	ordinary_tibetan_lexical_or_compound	secure_reviewed_alignment	medium
wts_1_34	159	106	1	རྐང	rkan	rkaṅ	suffix_coda	ང	ṅ	token_final	reviewed_tibetan_exact_final_ng_consensus	target	reviewed	reviewed_explicit_feature_evidence	ordinary_tibetan_lexical_or_compound	secure_reviewed_alignment	high
wts_1_34	159	106	1	རྐང	rkan	rkaṅ	pre_coda_structural_unit	རྐ	rka	pre_coda_stem	reviewed_tibetan_exact_final_ng_consensus	source	historical_source	unaffected_feature_from_reviewed_source	ordinary_tibetan_lexical_or_compound	secure_reviewed_alignment	medium
wts_1_34	159	131	1	རྐང	rkan	rkaṅ	suffix_coda	ང	ṅ	token_final	reviewed_tibetan_exact_final_ng_consensus	target	reviewed	reviewed_explicit_feature_evidence	ordinary_tibetan_lexical_or_compound	secure_reviewed_alignment	high
wts_1_34	159	131	1	རྐང	rkan	rkaṅ	pre_coda_structural_unit	རྐ	rka	pre_coda_stem	reviewed_tibetan_exact_final_ng_consensus	source	historical_source	unaffected_feature_from_reviewed_source	ordinary_tibetan_lexical_or_compound	secure_reviewed_alignment	medium
wts_1_34	159	136	1	རྐང	rkan	rkaṅ	suffix_coda	ང	ṅ	token_final	reviewed_tibetan_exact_final_ng_consensus	target	reviewed	reviewed_explicit_feature_evidence	ordinary_tibetan_lexical_or_compound	secure_reviewed_alignment	high
wts_1_34	159	136	1	རྐང	rkan	rkaṅ	pre_coda_structural_unit	རྐ	rka	pre_coda_stem	reviewed_tibetan_exact_final_ng_consensus	source	historical_source	unaffected_feature_from_reviewed_source	ordinary_tibetan_lexical_or_compound	secure_reviewed_alignment	medium
wts_1_34	159	140	1	རྐང	rkan	rkaṅ	suffix_coda	ང	ṅ	token_final	reviewed_tibetan_exact_final_ng_consensus	target	reviewed	reviewed_explicit_feature_evidence	ordinary_tibetan_lexical_or_compound	secure_reviewed_alignment	high
wts_1_34	159	140	1	རྐང	rkan	rkaṅ	pre_coda_structural_unit	རྐ	rka	pre_coda_stem	reviewed_tibetan_exact_final_ng_consensus	source	historical_source	unaffected_feature_from_reviewed_source	ordinary_tibetan_lexical_or_compound	secure_reviewed_alignment	medium
wts_1_34	159	140	2	བཞག	bZag	bźag	root_consonant	ཞ	ź	root	reviewed_tibetan_exact_transcription_integrity	target	reviewed	reviewed_explicit_feature_evidence	ordinary_tibetan_lexical_or_compound	secure_reviewed_alignment	high
wts_1_34	159	140	2	བཞག	bZag	bźag	unsegmented_structural_unit	བཞག	b□ag	unaffected_span_support	reviewed_tibetan_exact_transcription_integrity	source	historical_source	unaffected_feature_from_reviewed_source	ordinary_tibetan_lexical_or_compound	secure_reviewed_alignment	medium
wts_1_34	159	144	1	རྐང	rkan	rkaṅ	suffix_coda	ང	ṅ	token_final	reviewed_tibetan_exact_final_ng_consensus	target	reviewed	reviewed_explicit_feature_evidence	ordinary_tibetan_lexical_or_compound	secure_reviewed_alignment	high
wts_1_34	159	144	1	རྐང	rkan	rkaṅ	pre_coda_structural_unit	རྐ	rka	pre_coda_stem	reviewed_tibetan_exact_final_ng_consensus	source	historical_source	unaffected_feature_from_reviewed_source	ordinary_tibetan_lexical_or_compound	secure_reviewed_alignment	medium
wts_1_34	159	161	1	རྐང	rkan	rkaṅ	suffix_coda	ང	ṅ	token_final	reviewed_tibetan_exact_final_ng_consensus	target	reviewed	reviewed_explicit_feature_evidence	ordinary_tibetan_lexical_or_compound	marker_or_damage	high
wts_1_34	159	161	1	རྐང	rkan	rkaṅ	pre_coda_structural_unit	རྐ	rka	pre_coda_stem	reviewed_tibetan_exact_final_ng_consensus	source	historical_source	unaffected_feature_from_reviewed_source	ordinary_tibetan_lexical_or_compound	marker_or_damage	medium
wts_1_34	159	174	1	རྐང	rkan	rkaṅ	suffix_coda	ང	ṅ	token_final	reviewed_tibetan_exact_final_ng_consensus	target	reviewed	reviewed_explicit_feature_evidence	ordinary_tibetan_lexical_or_compound	secure_reviewed_alignment	high
wts_1_34	159	174	1	རྐང	rkan	rkaṅ	pre_coda_structural_unit	རྐ	rka	pre_coda_stem	reviewed_tibetan_exact_final_ng_consensus	source	historical_source	unaffected_feature_from_reviewed_source	ordinary_tibetan_lexical_or_compound	secure_reviewed_alignment	medium
wts_1_34	159	183	1	རྐང	rkan	rkaṅ	suffix_coda	ང	ṅ	token_final	reviewed_tibetan_exact_final_ng_consensus	target	reviewed	reviewed_explicit_feature_evidence	ordinary_tibetan_lexical_or_compound	secure_reviewed_alignment	high
wts_1_34	159	183	1	རྐང	rkan	rkaṅ	pre_coda_structural_unit	རྐ	rka	pre_coda_stem	reviewed_tibetan_exact_final_ng_consensus	source	historical_source	unaffected_feature_from_reviewed_source	ordinary_tibetan_lexical_or_compound	secure_reviewed_alignment	medium
wts_1_34	159	183	2	ཡང	yan	yaṅ	suffix_coda	ང	ṅ	token_final	reviewed_tibetan_exact_script_ng_witness	target	reviewed	reviewed_explicit_feature_evidence	ordinary_tibetan_lexical_or_compound	secure_reviewed_alignment	high
wts_1_34	159	183	2	ཡང	yan	yaṅ	pre_coda_structural_unit	ཡ	ya	pre_coda_stem	reviewed_tibetan_exact_script_ng_witness	source	historical_source	unaffected_feature_from_reviewed_source	ordinary_tibetan_lexical_or_compound	secure_reviewed_alignment	medium
wts_1_34	159	189	1	རྐང	rkan	rkaṅ	suffix_coda	ང	ṅ	token_final	reviewed_tibetan_exact_final_ng_consensus	target	reviewed	reviewed_explicit_feature_evidence	ordinary_tibetan_lexical_or_compound	secure_reviewed_alignment	high
wts_1_34	159	189	1	རྐང	rkan	rkaṅ	pre_coda_structural_unit	རྐ	rka	pre_coda_stem	reviewed_tibetan_exact_final_ng_consensus	source	historical_source	unaffected_feature_from_reviewed_source	ordinary_tibetan_lexical_or_compound	secure_reviewed_alignment	medium
wts_1_34	159	189	2	རིང	rin	riṅ	suffix_coda	ང	ṅ	token_final	reviewed_tibetan_exact_final_ng_consensus	target	reviewed	reviewed_explicit_feature_evidence	ordinary_tibetan_lexical_or_compound	secure_reviewed_alignment	high
wts_1_34	159	189	2	རིང	rin	riṅ	pre_coda_structural_unit	རི	ri	pre_coda_stem	reviewed_tibetan_exact_final_ng_consensus	source	historical_source	unaffected_feature_from_reviewed_source	ordinary_tibetan_lexical_or_compound	secure_reviewed_alignment	medium
wts_1_34	159	194	1	རྐང	rkan	rkaṅ	suffix_coda	ང	ṅ	token_final	reviewed_tibetan_exact_final_ng_consensus	target	reviewed	reviewed_explicit_feature_evidence	ordinary_tibetan_lexical_or_compound	secure_reviewed_alignment	high
wts_1_34	159	194	1	རྐང	rkan	rkaṅ	pre_coda_structural_unit	རྐ	rka	pre_coda_stem	reviewed_tibetan_exact_final_ng_consensus	source	historical_source	unaffected_feature_from_reviewed_source	ordinary_tibetan_lexical_or_compound	secure_reviewed_alignment	medium
wts_1_34	159	204	1	རྐང	rkan	rkaṅ	suffix_coda	ང	ṅ	token_final	reviewed_tibetan_exact_final_ng_consensus	target	reviewed	reviewed_explicit_feature_evidence	ordinary_tibetan_lexical_or_compound	secure_reviewed_alignment	high
wts_1_34	159	204	1	རྐང	rkan	rkaṅ	pre_coda_structural_unit	རྐ	rka	pre_coda_stem	reviewed_tibetan_exact_final_ng_consensus	source	historical_source	unaffected_feature_from_reviewed_source	ordinary_tibetan_lexical_or_compound	secure_reviewed_alignment	medium
wts_1_34	159	207	1	རྐང	rkan	rkaṅ	suffix_coda	ང	ṅ	token_final	reviewed_tibetan_exact_final_ng_consensus	target	reviewed	reviewed_explicit_feature_evidence	ordinary_tibetan_lexical_or_compound	secure_reviewed_alignment	high
wts_1_34	159	207	1	རྐང	rkan	rkaṅ	pre_coda_structural_unit	རྐ	rka	pre_coda_stem	reviewed_tibetan_exact_final_ng_consensus	source	historical_source	unaffected_feature_from_reviewed_source	ordinary_tibetan_lexical_or_compound	secure_reviewed_alignment	medium
wts_1_34	160	1	1	རྐང	rkan	rkaṅ	suffix_coda	ང	ṅ	token_final	reviewed_tibetan_exact_final_ng_consensus	target	reviewed	reviewed_explicit_feature_evidence	ordinary_tibetan_lexical_or_compound	secure_reviewed_alignment	high
wts_1_34	160	1	1	རྐང	rkan	rkaṅ	pre_coda_structural_unit	རྐ	rka	pre_coda_stem	reviewed_tibetan_exact_final_ng_consensus	source	historical_source	unaffected_feature_from_reviewed_source	ordinary_tibetan_lexical_or_compound	secure_reviewed_alignment	medium
wts_1_34	160	11	1	རྐང	rkan	rkaṅ	suffix_coda	ང	ṅ	token_final	reviewed_tibetan_exact_final_ng_consensus	target	reviewed	reviewed_explicit_feature_evidence	ordinary_tibetan_lexical_or_compound	secure_reviewed_alignment	high
wts_1_34	160	11	1	རྐང	rkan	rkaṅ	pre_coda_structural_unit	རྐ	rka	pre_coda_stem	reviewed_tibetan_exact_final_ng_consensus	source	historical_source	unaffected_feature_from_reviewed_source	ordinary_tibetan_lexical_or_compound	secure_reviewed_alignment	medium
wts_1_34	162	188	3	བྲང	bran	braṅ	suffix_coda	ང	ṅ	token_final	reviewed_tibetan_exact_final_ng_consensus	target	reviewed	reviewed_explicit_feature_evidence	ordinary_tibetan_lexical_or_compound	secure_reviewed_alignment	high
wts_1_34	162	188	3	བྲང	bran	braṅ	pre_coda_structural_unit	བྲ	bra	pre_coda_stem	reviewed_tibetan_exact_final_ng_consensus	source	historical_source	unaffected_feature_from_reviewed_source	ordinary_tibetan_lexical_or_compound	secure_reviewed_alignment	medium
wts_1_34	163	54	1	རྐྱང	rkyan	rkyaṅ	suffix_coda	ང	ṅ	token_final	reviewed_tibetan_exact_final_ng_consensus	target	reviewed	reviewed_explicit_feature_evidence	ordinary_tibetan_lexical_or_compound	secure_reviewed_alignment	high
wts_1_34	163	54	1	རྐྱང	rkyan	rkyaṅ	pre_coda_structural_unit	རྐྱ	rkya	pre_coda_stem	reviewed_tibetan_exact_final_ng_consensus	source	historical_source	unaffected_feature_from_reviewed_source	ordinary_tibetan_lexical_or_compound	secure_reviewed_alignment	medium
wts_1_34	163	54	2	རྐྱང	rkyan	rkyaṅ	suffix_coda	ང	ṅ	token_final	reviewed_tibetan_exact_final_ng_consensus	target	reviewed	reviewed_explicit_feature_evidence	ordinary_tibetan_lexical_or_compound	secure_reviewed_alignment	high
wts_1_34	163	54	2	རྐྱང	rkyan	rkyaṅ	pre_coda_structural_unit	རྐྱ	rkya	pre_coda_stem	reviewed_tibetan_exact_final_ng_consensus	source	historical_source	unaffected_feature_from_reviewed_source	ordinary_tibetan_lexical_or_compound	secure_reviewed_alignment	medium
wts_1_34	163	99	1	རྐྱང	rkyan	rkyaṅ	suffix_coda	ང	ṅ	token_final	reviewed_tibetan_exact_final_ng_consensus	target	reviewed	reviewed_explicit_feature_evidence	ordinary_tibetan_lexical_or_compound	secure_reviewed_alignment	high
wts_1_34	163	99	1	རྐྱང	rkyan	rkyaṅ	pre_coda_structural_unit	རྐྱ	rkya	pre_coda_stem	reviewed_tibetan_exact_final_ng_consensus	source	historical_source	unaffected_feature_from_reviewed_source	ordinary_tibetan_lexical_or_compound	secure_reviewed_alignment	medium
wts_1_34	163	99	2	རྐྱང	rkyan	rkyaṅ	suffix_coda	ང	ṅ	token_final	reviewed_tibetan_exact_final_ng_consensus	target	reviewed	reviewed_explicit_feature_evidence	ordinary_tibetan_lexical_or_compound	secure_reviewed_alignment	high
wts_1_34	163	99	2	རྐྱང	rkyan	rkyaṅ	pre_coda_structural_unit	རྐྱ	rkya	pre_coda_stem	reviewed_tibetan_exact_final_ng_consensus	source	historical_source	unaffected_feature_from_reviewed_source	ordinary_tibetan_lexical_or_compound	secure_reviewed_alignment	medium
wts_1_34	163	106	1	རྐྱང	rkyan	rkyaṅ	suffix_coda	ང	ṅ	token_final	reviewed_tibetan_exact_final_ng_consensus	target	reviewed	reviewed_explicit_feature_evidence	ordinary_tibetan_lexical_or_compound	secure_reviewed_alignment	high
wts_1_34	163	106	1	རྐྱང	rkyan	rkyaṅ	pre_coda_structural_unit	རྐྱ	rkya	pre_coda_stem	reviewed_tibetan_exact_final_ng_consensus	source	historical_source	unaffected_feature_from_reviewed_source	ordinary_tibetan_lexical_or_compound	secure_reviewed_alignment	medium
wts_1_34	163	112	1	རྐྱང	rkyan	rkyaṅ	suffix_coda	ང	ṅ	token_final	reviewed_tibetan_exact_final_ng_consensus	target	reviewed	reviewed_explicit_feature_evidence	ordinary_tibetan_lexical_or_compound	secure_reviewed_alignment	high
wts_1_34	163	112	1	རྐྱང	rkyan	rkyaṅ	pre_coda_structural_unit	རྐྱ	rkya	pre_coda_stem	reviewed_tibetan_exact_final_ng_consensus	source	historical_source	unaffected_feature_from_reviewed_source	ordinary_tibetan_lexical_or_compound	secure_reviewed_alignment	medium
wts_1_34	163	118	1	རྐྱང	rkyan	rkyaṅ	suffix_coda	ང	ṅ	token_final	reviewed_tibetan_exact_final_ng_consensus	target	reviewed	reviewed_explicit_feature_evidence	ordinary_tibetan_lexical_or_compound	secure_reviewed_alignment	high
wts_1_34	163	118	1	རྐྱང	rkyan	rkyaṅ	pre_coda_structural_unit	རྐྱ	rkya	pre_coda_stem	reviewed_tibetan_exact_final_ng_consensus	source	historical_source	unaffected_feature_from_reviewed_source	ordinary_tibetan_lexical_or_compound	secure_reviewed_alignment	medium
wts_1_34	163	126	1	རྐྱང	rkyan	rkyaṅ	suffix_coda	ང	ṅ	token_final	reviewed_tibetan_exact_final_ng_consensus	target	reviewed	reviewed_explicit_feature_evidence	ordinary_tibetan_lexical_or_compound	secure_reviewed_alignment	high
wts_1_34	163	126	1	རྐྱང	rkyan	rkyaṅ	pre_coda_structural_unit	རྐྱ	rkya	pre_coda_stem	reviewed_tibetan_exact_final_ng_consensus	source	historical_source	unaffected_feature_from_reviewed_source	ordinary_tibetan_lexical_or_compound	secure_reviewed_alignment	medium
wts_1_34	163	126	2	ཐང	than	thaṅ	suffix_coda	ང	ṅ	token_final	reviewed_tibetan_exact_final_ng_consensus	target	reviewed	reviewed_explicit_feature_evidence	ordinary_tibetan_lexical_or_compound	secure_reviewed_alignment	high
wts_1_34	163	126	2	ཐང	than	thaṅ	pre_coda_structural_unit	ཐ	tha	pre_coda_stem	reviewed_tibetan_exact_final_ng_consensus	source	historical_source	unaffected_feature_from_reviewed_source	ordinary_tibetan_lexical_or_compound	secure_reviewed_alignment	medium
wts_1_34	163	141	1	རྐྱང	rkyan	rkyaṅ	suffix_coda	ང	ṅ	token_final	reviewed_tibetan_exact_final_ng_consensus	target	reviewed	reviewed_explicit_feature_evidence	ordinary_tibetan_lexical_or_compound	secure_reviewed_alignment	high
wts_1_34	163	141	1	རྐྱང	rkyan	rkyaṅ	pre_coda_structural_unit	རྐྱ	rkya	pre_coda_stem	reviewed_tibetan_exact_final_ng_consensus	source	historical_source	unaffected_feature_from_reviewed_source	ordinary_tibetan_lexical_or_compound	secure_reviewed_alignment	medium
wts_1_34	163	154	1	རྐྱང	rkyan	rkyaṅ	suffix_coda	ང	ṅ	token_final	reviewed_tibetan_exact_final_ng_consensus	target	reviewed	reviewed_explicit_feature_evidence	ordinary_tibetan_lexical_or_compound	secure_reviewed_alignment	high
wts_1_34	163	154	1	རྐྱང	rkyan	rkyaṅ	pre_coda_structural_unit	རྐྱ	rkya	pre_coda_stem	reviewed_tibetan_exact_final_ng_consensus	source	historical_source	unaffected_feature_from_reviewed_source	ordinary_tibetan_lexical_or_compound	secure_reviewed_alignment	medium
wts_1_34	163	157	1	རྐྱང	rkyan	rkyaṅ	suffix_coda	ང	ṅ	token_final	reviewed_tibetan_exact_final_ng_consensus	target	reviewed	reviewed_explicit_feature_evidence	ordinary_tibetan_lexical_or_compound	secure_reviewed_alignment	high
wts_1_34	163	157	1	རྐྱང	rkyan	rkyaṅ	pre_coda_structural_unit	རྐྱ	rkya	pre_coda_stem	reviewed_tibetan_exact_final_ng_consensus	source	historical_source	unaffected_feature_from_reviewed_source	ordinary_tibetan_lexical_or_compound	secure_reviewed_alignment	medium
wts_1_34	163	158	1	རྐྱང	rkyan	rkyaṅ	suffix_coda	ང	ṅ	token_final	reviewed_tibetan_exact_final_ng_consensus	target	reviewed	reviewed_explicit_feature_evidence	ordinary_tibetan_lexical_or_compound	secure_reviewed_alignment	high
wts_1_34	163	158	1	རྐྱང	rkyan	rkyaṅ	pre_coda_structural_unit	རྐྱ	rkya	pre_coda_stem	reviewed_tibetan_exact_final_ng_consensus	source	historical_source	unaffected_feature_from_reviewed_source	ordinary_tibetan_lexical_or_compound	secure_reviewed_alignment	medium
wts_1_34	163	164	1	རྐྱང	rkyan	rkyaṅ	suffix_coda	ང	ṅ	token_final	reviewed_tibetan_exact_final_ng_consensus	target	reviewed	reviewed_explicit_feature_evidence	ordinary_tibetan_lexical_or_compound	secure_reviewed_alignment	high
wts_1_34	163	164	1	རྐྱང	rkyan	rkyaṅ	pre_coda_structural_unit	རྐྱ	rkya	pre_coda_stem	reviewed_tibetan_exact_final_ng_consensus	source	historical_source	unaffected_feature_from_reviewed_source	ordinary_tibetan_lexical_or_compound	secure_reviewed_alignment	medium
wts_1_34	164	1	1	རྐྱང	rkyan	rkyaṅ	suffix_coda	ང	ṅ	token_final	reviewed_tibetan_exact_final_ng_consensus	target	reviewed	reviewed_explicit_feature_evidence	ordinary_tibetan_lexical_or_compound	secure_reviewed_alignment	high
wts_1_34	164	1	1	རྐྱང	rkyan	rkyaṅ	pre_coda_structural_unit	རྐྱ	rkya	pre_coda_stem	reviewed_tibetan_exact_final_ng_consensus	source	historical_source	unaffected_feature_from_reviewed_source	ordinary_tibetan_lexical_or_compound	secure_reviewed_alignment	medium
wts_1_34	164	15	1	རྐྱང	rkyan	rkyaṅ	suffix_coda	ང	ṅ	token_final	reviewed_tibetan_exact_final_ng_consensus	target	reviewed	reviewed_explicit_feature_evidence	ordinary_tibetan_lexical_or_compound	secure_reviewed_alignment	high
wts_1_34	164	15	1	རྐྱང	rkyan	rkyaṅ	pre_coda_structural_unit	རྐྱ	rkya	pre_coda_stem	reviewed_tibetan_exact_final_ng_consensus	source	historical_source	unaffected_feature_from_reviewed_source	ordinary_tibetan_lexical_or_compound	secure_reviewed_alignment	medium
wts_1_34	164	22	1	རྐྱང	rkyan	rkyaṅ	suffix_coda	ང	ṅ	token_final	reviewed_tibetan_exact_final_ng_consensus	target	reviewed	reviewed_explicit_feature_evidence	ordinary_tibetan_lexical_or_compound	secure_reviewed_alignment	high
wts_1_34	164	22	1	རྐྱང	rkyan	rkyaṅ	pre_coda_structural_unit	རྐྱ	rkya	pre_coda_stem	reviewed_tibetan_exact_final_ng_consensus	source	historical_source	unaffected_feature_from_reviewed_source	ordinary_tibetan_lexical_or_compound	secure_reviewed_alignment	medium
wts_1_34	164	31	1	རྐྱང	rkyan	rkyaṅ	suffix_coda	ང	ṅ	token_final	reviewed_tibetan_exact_final_ng_consensus	target	reviewed	reviewed_explicit_feature_evidence	ordinary_tibetan_lexical_or_compound	secure_reviewed_alignment	high
wts_1_34	164	31	1	རྐྱང	rkyan	rkyaṅ	pre_coda_structural_unit	རྐྱ	rkya	pre_coda_stem	reviewed_tibetan_exact_final_ng_consensus	source	historical_source	unaffected_feature_from_reviewed_source	ordinary_tibetan_lexical_or_compound	secure_reviewed_alignment	medium
wts_1_34	164	35	1	རྐྱང	rkyan	rkyaṅ	suffix_coda	ང	ṅ	token_final	reviewed_tibetan_exact_final_ng_consensus	target	reviewed	reviewed_explicit_feature_evidence	ordinary_tibetan_lexical_or_compound	secure_reviewed_alignment	high
wts_1_34	164	35	1	རྐྱང	rkyan	rkyaṅ	pre_coda_structural_unit	རྐྱ	rkya	pre_coda_stem	reviewed_tibetan_exact_final_ng_consensus	source	historical_source	unaffected_feature_from_reviewed_source	ordinary_tibetan_lexical_or_compound	secure_reviewed_alignment	medium
wts_1_34	164	44	1	རྐྱང	rkyan	rkyaṅ	suffix_coda	ང	ṅ	token_final	reviewed_tibetan_exact_final_ng_consensus	target	reviewed	reviewed_explicit_feature_evidence	ordinary_tibetan_lexical_or_compound	secure_reviewed_alignment	high
wts_1_34	164	44	1	རྐྱང	rkyan	rkyaṅ	pre_coda_structural_unit	རྐྱ	rkya	pre_coda_stem	reviewed_tibetan_exact_final_ng_consensus	source	historical_source	unaffected_feature_from_reviewed_source	ordinary_tibetan_lexical_or_compound	secure_reviewed_alignment	medium
wts_1_34	165	180	3	སོང	son	soṅ	suffix_coda	ང	ṅ	token_final	reviewed_tibetan_exact_final_ng_consensus	target	reviewed	reviewed_explicit_feature_evidence	ordinary_tibetan_lexical_or_compound	secure_reviewed_alignment	high
wts_1_34	165	180	3	སོང	son	soṅ	pre_coda_structural_unit	སོ	so	pre_coda_stem	reviewed_tibetan_exact_final_ng_consensus	source	historical_source	unaffected_feature_from_reviewed_source	ordinary_tibetan_lexical_or_compound	secure_reviewed_alignment	medium
wts_1_34	167	43	1	ལྐོག	Ikog	lkog	unsegmented_structural_unit	ལྐོག	□kog	unaffected_span_support	reviewed_tibetan_exact_initial_i_l_family	source	historical_source	unaffected_feature_from_reviewed_source	ordinary_tibetan_lexical_or_compound	secure_reviewed_alignment	medium
wts_1_34	167	81	1	ལྐོག	Ikog	lkog	unsegmented_structural_unit	ལྐོག	□kog	unaffected_span_support	reviewed_tibetan_exact_initial_i_l_family	source	historical_source	unaffected_feature_from_reviewed_source	ordinary_tibetan_lexical_or_compound	secure_reviewed_alignment	medium
wts_1_34	167	81	2	ཏུ	Ikog	lkog	unsegmented_structural_unit	ཏུ	□kog	unaffected_span_support	reviewed_tibetan_exact_initial_i_l_family	source	historical_source	unaffected_feature_from_reviewed_source	ordinary_tibetan_lexical_or_compound	secure_reviewed_alignment	medium
wts_1_34	167	102	1	ལྐོག	Ikog	lkog	unsegmented_structural_unit	ལྐོག	□kog	unaffected_span_support	reviewed_tibetan_exact_initial_i_l_family	source	historical_source	unaffected_feature_from_reviewed_source	ordinary_tibetan_lexical_or_compound	secure_reviewed_alignment	medium
wts_1_34	167	104	1	ལྐོག	Ikog	lkog	unsegmented_structural_unit	ལྐོག	□kog	unaffected_span_support	reviewed_tibetan_exact_initial_i_l_family	source	historical_source	unaffected_feature_from_reviewed_source	ordinary_tibetan_lexical_or_compound	secure_reviewed_alignment	medium
wts_1_34	167	110	1	ལྐོག	Ikog	lkog	unsegmented_structural_unit	ལྐོག	□kog	unaffected_span_support	reviewed_tibetan_exact_initial_i_l_family	source	historical_source	unaffected_feature_from_reviewed_source	ordinary_tibetan_lexical_or_compound	secure_reviewed_alignment	medium
wts_1_34	167	156	1	ལྐོག	Ikog	lkog	unsegmented_structural_unit	ལྐོག	□kog	unaffected_span_support	reviewed_tibetan_exact_initial_i_l_family	source	historical_source	unaffected_feature_from_reviewed_source	ordinary_tibetan_lexical_or_compound	secure_reviewed_alignment	medium
wts_1_34	167	178	1	ལྐོག	Ikog	lkog	unsegmented_structural_unit	ལྐོག	□kog	unaffected_span_support	reviewed_tibetan_exact_initial_i_l_family	source	historical_source	unaffected_feature_from_reviewed_source	ordinary_tibetan_lexical_or_compound	secure_reviewed_alignment	medium
wts_1_34	167	185	1	ལྐོག	Ikog	lkog	unsegmented_structural_unit	ལྐོག	□kog	unaffected_span_support	reviewed_tibetan_exact_initial_i_l_family	source	historical_source	unaffected_feature_from_reviewed_source	ordinary_tibetan_lexical_or_compound	secure_reviewed_alignment	medium
wts_1_34	167	193	1	ལྐོག	Ikog	lkog	unsegmented_structural_unit	ལྐོག	□kog	unaffected_span_support	reviewed_tibetan_exact_initial_i_l_family	source	historical_source	unaffected_feature_from_reviewed_source	ordinary_tibetan_lexical_or_compound	secure_reviewed_alignment	medium
wts_1_34	176	149	2	ཁུང	khun	khuṅ	suffix_coda	ང	ṅ	token_final	reviewed_tibetan_exact_final_ng_consensus	target	reviewed	reviewed_explicit_feature_evidence	ordinary_tibetan_lexical_or_compound	secure_reviewed_alignment	high
wts_1_34	176	149	2	ཁུང	khun	khuṅ	pre_coda_structural_unit	ཁུ	khu	pre_coda_stem	reviewed_tibetan_exact_final_ng_consensus	source	historical_source	unaffected_feature_from_reviewed_source	ordinary_tibetan_lexical_or_compound	secure_reviewed_alignment	medium
wts_1_34	177	61	2	ཆུང	chun	chuṅ	suffix_coda	ང	ṅ	token_final	reviewed_tibetan_exact_script_ng_witness	target	reviewed	reviewed_explicit_feature_evidence	ordinary_tibetan_lexical_or_compound	secure_reviewed_alignment	high
wts_1_34	177	61	2	ཆུང	chun	chuṅ	pre_coda_structural_unit	ཆུ	chu	pre_coda_stem	reviewed_tibetan_exact_script_ng_witness	source	historical_source	unaffected_feature_from_reviewed_source	ordinary_tibetan_lexical_or_compound	secure_reviewed_alignment	medium
wts_1_34	180	59	3	བཟང	bzan	bzaṅ	suffix_coda	ང	ṅ	token_final	reviewed_tibetan_exact_final_ng_consensus	target	reviewed	reviewed_explicit_feature_evidence	ordinary_tibetan_lexical_or_compound	secure_reviewed_alignment	high
wts_1_34	180	59	3	བཟང	bzan	bzaṅ	pre_coda_structural_unit	བཟ	bza	pre_coda_stem	reviewed_tibetan_exact_final_ng_consensus	source	historical_source	unaffected_feature_from_reviewed_source	ordinary_tibetan_lexical_or_compound	secure_reviewed_alignment	medium
wts_1_34	184	156	3	གནང	gnan	gnaṅ	suffix_coda	ང	ṅ	token_final	reviewed_tibetan_exact_final_ng_consensus	target	reviewed	reviewed_explicit_feature_evidence	ordinary_tibetan_lexical_or_compound	secure_reviewed_alignment	high
wts_1_34	184	156	3	གནང	gnan	gnaṅ	pre_coda_structural_unit	གན	gna	pre_coda_stem	reviewed_tibetan_exact_final_ng_consensus	source	historical_source	unaffected_feature_from_reviewed_source	ordinary_tibetan_lexical_or_compound	secure_reviewed_alignment	medium
wts_1_34	185	52	2	དབང	dban	dbaṅ	suffix_coda	ང	ṅ	token_final	reviewed_tibetan_exact_final_ng_consensus	target	reviewed	reviewed_explicit_feature_evidence	ordinary_tibetan_lexical_or_compound	secure_reviewed_alignment	high
wts_1_34	185	52	2	དབང	dban	dbaṅ	pre_coda_structural_unit	དབ	dba	pre_coda_stem	reviewed_tibetan_exact_final_ng_consensus	source	historical_source	unaffected_feature_from_reviewed_source	ordinary_tibetan_lexical_or_compound	secure_reviewed_alignment	medium
wts_1_34	186	120	3	རིང	rin	riṅ	suffix_coda	ང	ṅ	token_final	reviewed_tibetan_exact_final_ng_consensus	target	reviewed	reviewed_explicit_feature_evidence	ordinary_tibetan_lexical_or_compound	secure_reviewed_alignment	high
wts_1_34	186	120	3	རིང	rin	riṅ	pre_coda_structural_unit	རི	ri	pre_coda_stem	reviewed_tibetan_exact_final_ng_consensus	source	historical_source	unaffected_feature_from_reviewed_source	ordinary_tibetan_lexical_or_compound	secure_reviewed_alignment	medium
wts_1_34	187	17	2	གསུང	gsun	gsuṅ	suffix_coda	ང	ṅ	token_final	reviewed_tibetan_exact_final_ng_consensus	target	reviewed	reviewed_explicit_feature_evidence	ordinary_tibetan_lexical_or_compound	secure_reviewed_alignment	high
wts_1_34	187	17	2	གསུང	gsun	gsuṅ	pre_coda_structural_unit	གསུ	gsu	pre_coda_stem	reviewed_tibetan_exact_final_ng_consensus	source	historical_source	unaffected_feature_from_reviewed_source	ordinary_tibetan_lexical_or_compound	secure_reviewed_alignment	medium
wts_1_34	189	151	2	སྟོང	ston	stoṅ	suffix_coda	ང	ṅ	token_final	reviewed_tibetan_exact_final_ng_consensus	target	reviewed	reviewed_explicit_feature_evidence	ordinary_tibetan_lexical_or_compound	secure_reviewed_alignment	high
wts_1_34	189	151	2	སྟོང	ston	stoṅ	pre_coda_structural_unit	སྟོ	sto	pre_coda_stem	reviewed_tibetan_exact_final_ng_consensus	source	historical_source	unaffected_feature_from_reviewed_source	ordinary_tibetan_lexical_or_compound	secure_reviewed_alignment	medium
wts_1_34	189	160	4	གཏོང	gton	gtoṅ	suffix_coda	ང	ṅ	token_final	reviewed_tibetan_exact_final_ng_consensus	target	reviewed	reviewed_explicit_feature_evidence	ordinary_tibetan_lexical_or_compound	secure_reviewed_alignment	high
wts_1_34	189	160	4	གཏོང	gton	gtoṅ	pre_coda_structural_unit	གཏོ	gto	pre_coda_stem	reviewed_tibetan_exact_final_ng_consensus	source	historical_source	unaffected_feature_from_reviewed_source	ordinary_tibetan_lexical_or_compound	secure_reviewed_alignment	medium
wts_1_34	190	7	2	འཆིང	chin	chiṅ	suffix_coda	ང	ṅ	token_final	reviewed_tibetan_exact_final_ng_consensus	target	reviewed	reviewed_explicit_feature_evidence	ordinary_tibetan_lexical_or_compound	secure_reviewed_alignment	high
wts_1_34	190	7	2	འཆིང	chin	chiṅ	pre_coda_structural_unit	འཆི	chi	pre_coda_stem	reviewed_tibetan_exact_final_ng_consensus	source	historical_source	unaffected_feature_from_reviewed_source	ordinary_tibetan_lexical_or_compound	secure_reviewed_alignment	medium
wts_1_34	190	51	4	མང	man	maṅ	suffix_coda			token_final	reviewed_tibetan_exact_final_ng_consensus	target	reviewed	role_unresolved	ordinary_tibetan_lexical_or_compound	secure_reviewed_alignment	none
wts_1_34	190	96	4	མང	man	maṅ	suffix_coda			token_final	reviewed_tibetan_exact_final_ng_consensus	target	reviewed	role_unresolved	ordinary_tibetan_lexical_or_compound	secure_reviewed_alignment	none
wts_1_34	190	161	2	བཞག	bZag	bźag	root_consonant	ཞ	ź	root	reviewed_tibetan_exact_transcription_integrity	target	reviewed	reviewed_explicit_feature_evidence	ordinary_tibetan_lexical_or_compound	secure_reviewed_alignment	high
wts_1_34	190	161	2	བཞག	bZag	bźag	unsegmented_structural_unit	བཞག	b□ag	unaffected_span_support	reviewed_tibetan_exact_transcription_integrity	source	historical_source	unaffected_feature_from_reviewed_source	ordinary_tibetan_lexical_or_compound	secure_reviewed_alignment	medium
wts_1_34	190	198	1	སྐོང	skon	skoṅ	suffix_coda	ང	ṅ	token_final	reviewed_tibetan_exact_final_ng_consensus	target	reviewed	reviewed_explicit_feature_evidence	ordinary_tibetan_lexical_or_compound	secure_reviewed_alignment	high
wts_1_34	190	198	1	སྐོང	skon	skoṅ	pre_coda_structural_unit	སྐོ	sko	pre_coda_stem	reviewed_tibetan_exact_final_ng_consensus	source	historical_source	unaffected_feature_from_reviewed_source	ordinary_tibetan_lexical_or_compound	secure_reviewed_alignment	medium
wts_1_34	190	209	1	སྐོང	skon	skoṅ	suffix_coda	ང	ṅ	token_final	reviewed_tibetan_exact_final_ng_consensus	target	reviewed	reviewed_explicit_feature_evidence	ordinary_tibetan_lexical_or_compound	secure_reviewed_alignment	high
wts_1_34	190	209	1	སྐོང	skon	skoṅ	pre_coda_structural_unit	སྐོ	sko	pre_coda_stem	reviewed_tibetan_exact_final_ng_consensus	source	historical_source	unaffected_feature_from_reviewed_source	ordinary_tibetan_lexical_or_compound	secure_reviewed_alignment	medium
wts_1_34	193	56	2	ཐང	than	thaṅ	suffix_coda	ང	ṅ	token_final	reviewed_tibetan_exact_final_ng_consensus	target	reviewed	reviewed_explicit_feature_evidence	ordinary_tibetan_lexical_or_compound	secure_reviewed_alignment	high
wts_1_34	193	56	2	ཐང	than	thaṅ	pre_coda_structural_unit	ཐ	tha	pre_coda_stem	reviewed_tibetan_exact_final_ng_consensus	source	historical_source	unaffected_feature_from_reviewed_source	ordinary_tibetan_lexical_or_compound	secure_reviewed_alignment	medium
wts_1_34	195	57	2	སེང	sen	seṅ	suffix_coda	ང	ṅ	token_final	reviewed_tibetan_exact_final_ng_consensus	target	reviewed	reviewed_explicit_feature_evidence	ordinary_tibetan_lexical_or_compound	secure_reviewed_alignment	high
wts_1_34	195	57	2	སེང	sen	seṅ	pre_coda_structural_unit	སེ	se	pre_coda_stem	reviewed_tibetan_exact_final_ng_consensus	source	historical_source	unaffected_feature_from_reviewed_source	ordinary_tibetan_lexical_or_compound	secure_reviewed_alignment	medium
wts_1_34	195	82	3	སང	san	saṅ	suffix_coda	ང	ṅ	token_final	reviewed_tibetan_exact_final_ng_source_compatible	target	reviewed	reviewed_explicit_feature_evidence	ordinary_tibetan_lexical_or_compound	secure_reviewed_alignment	high
wts_1_34	195	82	3	སང	san	saṅ	pre_coda_structural_unit	ས	sa	pre_coda_stem	reviewed_tibetan_exact_final_ng_source_compatible	source	historical_source	unaffected_feature_from_reviewed_source	ordinary_tibetan_lexical_or_compound	secure_reviewed_alignment	medium
wts_1_34	195	96	2	སེང	sen	seṅ	suffix_coda	ང	ṅ	token_final	reviewed_tibetan_exact_final_ng_consensus	target	reviewed	reviewed_explicit_feature_evidence	ordinary_tibetan_lexical_or_compound	secure_reviewed_alignment	high
wts_1_34	195	96	2	སེང	sen	seṅ	pre_coda_structural_unit	སེ	se	pre_coda_stem	reviewed_tibetan_exact_final_ng_consensus	source	historical_source	unaffected_feature_from_reviewed_source	ordinary_tibetan_lexical_or_compound	secure_reviewed_alignment	medium
wts_1_34	195	116	2	སེང	sen	seṅ	suffix_coda	ང	ṅ	token_final	reviewed_tibetan_exact_final_ng_consensus	target	reviewed	reviewed_explicit_feature_evidence	ordinary_tibetan_lexical_or_compound	secure_reviewed_alignment	high
wts_1_34	195	116	2	སེང	sen	seṅ	pre_coda_structural_unit	སེ	se	pre_coda_stem	reviewed_tibetan_exact_final_ng_consensus	source	historical_source	unaffected_feature_from_reviewed_source	ordinary_tibetan_lexical_or_compound	secure_reviewed_alignment	medium
wts_1_34	195	116	3	སེང	sen	seṅ	suffix_coda	ང	ṅ	token_final	reviewed_tibetan_exact_final_ng_consensus	target	reviewed	reviewed_explicit_feature_evidence	ordinary_tibetan_lexical_or_compound	secure_reviewed_alignment	high
wts_1_34	195	116	3	སེང	sen	seṅ	pre_coda_structural_unit	སེ	se	pre_coda_stem	reviewed_tibetan_exact_final_ng_consensus	source	historical_source	unaffected_feature_from_reviewed_source	ordinary_tibetan_lexical_or_compound	secure_reviewed_alignment	medium
wts_1_34	197	103	3	སོང	son	soṅ	suffix_coda	ང	ṅ	token_final	reviewed_tibetan_exact_final_ng_consensus	target	reviewed	reviewed_explicit_feature_evidence	ordinary_tibetan_lexical_or_compound	secure_reviewed_alignment	high
wts_1_34	197	103	3	སོང	son	soṅ	pre_coda_structural_unit	སོ	so	pre_coda_stem	reviewed_tibetan_exact_final_ng_consensus	source	historical_source	unaffected_feature_from_reviewed_source	ordinary_tibetan_lexical_or_compound	secure_reviewed_alignment	medium
wts_1_34	197	105	3	སོང	son	soṅ	suffix_coda	ང	ṅ	token_final	reviewed_tibetan_exact_final_ng_consensus	target	reviewed	reviewed_explicit_feature_evidence	ordinary_tibetan_lexical_or_compound	secure_reviewed_alignment	high
wts_1_34	197	105	3	སོང	son	soṅ	pre_coda_structural_unit	སོ	so	pre_coda_stem	reviewed_tibetan_exact_final_ng_consensus	source	historical_source	unaffected_feature_from_reviewed_source	ordinary_tibetan_lexical_or_compound	secure_reviewed_alignment	medium
wts_1_34	198	94	3	སྐྱི	dan	daṅ	suffix_coda			token_final	reviewed_tibetan_exact_script_ng_witness	target	reviewed	role_unresolved	unclear	marker_or_damage	none
wts_1_34	198	102	2	ལྡང	ldan	ldaṅ	suffix_coda	ང	ṅ	token_final	reviewed_tibetan_exact_final_ng_consensus	target	reviewed	reviewed_explicit_feature_evidence	ordinary_tibetan_lexical_or_compound	secure_reviewed_alignment	high
wts_1_34	198	102	2	ལྡང	ldan	ldaṅ	pre_coda_structural_unit	ལྡ	lda	pre_coda_stem	reviewed_tibetan_exact_final_ng_consensus	source	historical_source	unaffected_feature_from_reviewed_source	ordinary_tibetan_lexical_or_compound	secure_reviewed_alignment	medium
wts_1_34	198	137	2	བུང	bun	buṅ	suffix_coda			token_final	reviewed_tibetan_exact_final_ng_source_compatible	target	reviewed	role_unresolved	ordinary_tibetan_lexical_or_compound	secure_reviewed_alignment	none
wts_1_34	199	164	2	ཐང	than	thaṅ	suffix_coda	ང	ṅ	token_final	reviewed_tibetan_exact_final_ng_consensus	target	reviewed	reviewed_explicit_feature_evidence	ordinary_tibetan_lexical_or_compound	secure_reviewed_alignment	high
wts_1_34	199	164	2	ཐང	than	thaṅ	pre_coda_structural_unit	ཐ	tha	pre_coda_stem	reviewed_tibetan_exact_final_ng_consensus	source	historical_source	unaffected_feature_from_reviewed_source	ordinary_tibetan_lexical_or_compound	secure_reviewed_alignment	medium
wts_1_34	200	51	2	ཀྲུང	krun	kruṅ	suffix_coda	ང	ṅ	token_final	reviewed_tibetan_exact_final_ng_consensus	target	reviewed	reviewed_explicit_feature_evidence	ordinary_tibetan_lexical_or_compound	secure_reviewed_alignment	high
wts_1_34	200	51	2	ཀྲུང	krun	kruṅ	pre_coda_structural_unit	ཀྲུ	kru	pre_coda_stem	reviewed_tibetan_exact_final_ng_consensus	source	historical_source	unaffected_feature_from_reviewed_source	ordinary_tibetan_lexical_or_compound	secure_reviewed_alignment	medium
wts_1_34	200	90	2	ཀྲུང	krun	kruṅ	suffix_coda	ང	ṅ	token_final	reviewed_tibetan_exact_final_ng_consensus	target	reviewed	reviewed_explicit_feature_evidence	ordinary_tibetan_lexical_or_compound	secure_reviewed_alignment	high
wts_1_34	200	90	2	ཀྲུང	krun	kruṅ	pre_coda_structural_unit	ཀྲུ	kru	pre_coda_stem	reviewed_tibetan_exact_final_ng_consensus	source	historical_source	unaffected_feature_from_reviewed_source	ordinary_tibetan_lexical_or_compound	secure_reviewed_alignment	medium
wts_1_34	200	105	2	ཀྲུང	krun	kruṅ	suffix_coda	ང	ṅ	token_final	reviewed_tibetan_exact_final_ng_consensus	target	reviewed	reviewed_explicit_feature_evidence	ordinary_tibetan_lexical_or_compound	secure_reviewed_alignment	high
wts_1_34	200	105	2	ཀྲུང	krun	kruṅ	pre_coda_structural_unit	ཀྲུ	kru	pre_coda_stem	reviewed_tibetan_exact_final_ng_consensus	source	historical_source	unaffected_feature_from_reviewed_source	ordinary_tibetan_lexical_or_compound	secure_reviewed_alignment	medium
wts_1_34	200	161	3	ཀྲུང	krun	kruṅ	suffix_coda	ང	ṅ	token_final	reviewed_tibetan_exact_final_ng_consensus	target	reviewed	reviewed_explicit_feature_evidence	ordinary_tibetan_lexical_or_compound	secure_reviewed_alignment	high
wts_1_34	200	161	3	ཀྲུང	krun	kruṅ	pre_coda_structural_unit	ཀྲུ	kru	pre_coda_stem	reviewed_tibetan_exact_final_ng_consensus	source	historical_source	unaffected_feature_from_reviewed_source	ordinary_tibetan_lexical_or_compound	secure_reviewed_alignment	medium
wts_1_34	200	182	2	གང	gan	gaṅ	suffix_coda			token_final	reviewed_tibetan_exact_script_ng_witness	target	reviewed	role_unresolved	ordinary_tibetan_lexical_or_compound	secure_reviewed_alignment	none
wts_1_34	208	47	3	ལྔ	Ina	lṅa	unsegmented_structural_unit	ལྔ	□□a	unaffected_span_support	reviewed_tibetan_exact_initial_i_l_family	source	historical_source	unaffected_feature_from_reviewed_source	ordinary_tibetan_lexical_or_compound	secure_reviewed_alignment	medium
wts_1_34	208	47	5	དུང	dun	duṅ	suffix_coda			token_final	reviewed_tibetan_exact_final_ng_consensus	target	reviewed	role_unresolved	ordinary_tibetan_lexical_or_compound	secure_reviewed_alignment	none
wts_1_34	208	65	4	དབང	dban	dbaṅ	suffix_coda	ང	ṅ	token_final	reviewed_tibetan_exact_final_ng_consensus	target	reviewed	reviewed_explicit_feature_evidence	ordinary_tibetan_lexical_or_compound	secure_reviewed_alignment	high
wts_1_34	208	65	4	དབང	dban	dbaṅ	pre_coda_structural_unit	དབ	dba	pre_coda_stem	reviewed_tibetan_exact_final_ng_consensus	source	historical_source	unaffected_feature_from_reviewed_source	ordinary_tibetan_lexical_or_compound	secure_reviewed_alignment	medium
wts_1_34	210	132	2	ཤིང	sin	siṅ	suffix_coda	ང	ṅ	token_final	reviewed_tibetan_exact_final_ng_source_compatible	target	reviewed	reviewed_explicit_feature_evidence	ordinary_tibetan_lexical_or_compound	secure_reviewed_alignment	high
wts_1_34	210	132	2	ཤིང	sin	siṅ	pre_coda_structural_unit	ཤི	si	pre_coda_stem	reviewed_tibetan_exact_final_ng_source_compatible	source	historical_source	unaffected_feature_from_reviewed_source	ordinary_tibetan_lexical_or_compound	secure_reviewed_alignment	medium
wts_1_34	211	115	2	ཤིང	Sin	Siṅ	suffix_coda	ང	ṅ	token_final	reviewed_tibetan_exact_final_ng_source_compatible	target	reviewed	reviewed_explicit_feature_evidence	ordinary_tibetan_lexical_or_compound	secure_reviewed_alignment	high
wts_1_34	211	115	2	ཤིང	Sin	Siṅ	pre_coda_structural_unit	ཤི	Si	pre_coda_stem	reviewed_tibetan_exact_final_ng_source_compatible	source	historical_source	unaffected_feature_from_reviewed_source	ordinary_tibetan_lexical_or_compound	secure_reviewed_alignment	medium
wts_1_34	212	1	2	ཆང	chan	chaṅ	suffix_coda	ང	ṅ	token_final	reviewed_tibetan_exact_final_ng_consensus	target	reviewed	reviewed_explicit_feature_evidence	ordinary_tibetan_lexical_or_compound	secure_reviewed_alignment	high
wts_1_34	212	1	2	ཆང	chan	chaṅ	pre_coda_structural_unit	ཆ	cha	pre_coda_stem	reviewed_tibetan_exact_final_ng_consensus	source	historical_source	unaffected_feature_from_reviewed_source	ordinary_tibetan_lexical_or_compound	secure_reviewed_alignment	medium
wts_1_34	212	3	2	ཆང	chan	chaṅ	suffix_coda	ང	ṅ	token_final	reviewed_tibetan_exact_final_ng_consensus	target	reviewed	reviewed_explicit_feature_evidence	ordinary_tibetan_lexical_or_compound	secure_reviewed_alignment	high
wts_1_34	212	3	2	ཆང	chan	chaṅ	pre_coda_structural_unit	ཆ	cha	pre_coda_stem	reviewed_tibetan_exact_final_ng_consensus	source	historical_source	unaffected_feature_from_reviewed_source	ordinary_tibetan_lexical_or_compound	secure_reviewed_alignment	medium
wts_1_34	215	144	3	སེང	sen	seṅ	suffix_coda	ང	ṅ	token_final	reviewed_tibetan_exact_final_ng_consensus	target	reviewed	reviewed_explicit_feature_evidence	ordinary_tibetan_lexical_or_compound	secure_reviewed_alignment	high
wts_1_34	215	144	3	སེང	sen	seṅ	pre_coda_structural_unit	སེ	se	pre_coda_stem	reviewed_tibetan_exact_final_ng_consensus	source	historical_source	unaffected_feature_from_reviewed_source	ordinary_tibetan_lexical_or_compound	secure_reviewed_alignment	medium
wts_1_34	215	185	2	བཟང	bzan	bzaṅ	suffix_coda	ང	ṅ	token_final	reviewed_tibetan_exact_final_ng_consensus	target	reviewed	reviewed_explicit_feature_evidence	ordinary_tibetan_lexical_or_compound	secure_reviewed_alignment	high
wts_1_34	215	185	2	བཟང	bzan	bzaṅ	pre_coda_structural_unit	བཟ	bza	pre_coda_stem	reviewed_tibetan_exact_final_ng_consensus	source	historical_source	unaffected_feature_from_reviewed_source	ordinary_tibetan_lexical_or_compound	secure_reviewed_alignment	medium
wts_1_34	217	62	2	སེང	sen	seṅ	suffix_coda	ང	ṅ	token_final	reviewed_tibetan_exact_final_ng_consensus	target	reviewed	reviewed_explicit_feature_evidence	ordinary_tibetan_lexical_or_compound	secure_reviewed_alignment	high
wts_1_34	217	62	2	སེང	sen	seṅ	pre_coda_structural_unit	སེ	se	pre_coda_stem	reviewed_tibetan_exact_final_ng_consensus	source	historical_source	unaffected_feature_from_reviewed_source	ordinary_tibetan_lexical_or_compound	secure_reviewed_alignment	medium
wts_1_34	217	151	1	སྐྱོང	skyon	skyoṅ	suffix_coda	ང	ṅ	token_final	reviewed_tibetan_exact_final_ng_consensus	target	reviewed	reviewed_explicit_feature_evidence	ordinary_tibetan_lexical_or_compound	secure_reviewed_alignment	high
wts_1_34	217	151	1	སྐྱོང	skyon	skyoṅ	pre_coda_structural_unit	སྐྱོ	skyo	pre_coda_stem	reviewed_tibetan_exact_final_ng_consensus	source	historical_source	unaffected_feature_from_reviewed_source	ordinary_tibetan_lexical_or_compound	secure_reviewed_alignment	medium
wts_1_34	217	159	1	སྐྱོང	skyon	skyoṅ	suffix_coda	ང	ṅ	token_final	reviewed_tibetan_exact_final_ng_consensus	target	reviewed	reviewed_explicit_feature_evidence	ordinary_tibetan_lexical_or_compound	secure_reviewed_alignment	high
wts_1_34	217	159	1	སྐྱོང	skyon	skyoṅ	pre_coda_structural_unit	སྐྱོ	skyo	pre_coda_stem	reviewed_tibetan_exact_final_ng_consensus	source	historical_source	unaffected_feature_from_reviewed_source	ordinary_tibetan_lexical_or_compound	secure_reviewed_alignment	medium
wts_1_34	218	1	1	སྐྱོང	skyon	skyoṅ	suffix_coda	ང	ṅ	token_final	reviewed_tibetan_exact_final_ng_consensus	target	reviewed	reviewed_explicit_feature_evidence	ordinary_tibetan_lexical_or_compound	secure_reviewed_alignment	high
wts_1_34	218	1	1	སྐྱོང	skyon	skyoṅ	pre_coda_structural_unit	སྐྱོ	skyo	pre_coda_stem	reviewed_tibetan_exact_final_ng_consensus	source	historical_source	unaffected_feature_from_reviewed_source	ordinary_tibetan_lexical_or_compound	secure_reviewed_alignment	medium
wts_1_34	218	16	1	སྐྱོང	skyon	skyoṅ	suffix_coda	ང	ṅ	token_final	reviewed_tibetan_exact_final_ng_consensus	target	reviewed	reviewed_explicit_feature_evidence	ordinary_tibetan_lexical_or_compound	secure_reviewed_alignment	high
wts_1_34	218	16	1	སྐྱོང	skyon	skyoṅ	pre_coda_structural_unit	སྐྱོ	skyo	pre_coda_stem	reviewed_tibetan_exact_final_ng_consensus	source	historical_source	unaffected_feature_from_reviewed_source	ordinary_tibetan_lexical_or_compound	secure_reviewed_alignment	medium
wts_1_34	218	25	1	སྐྱོང	skyon	skyoṅ	suffix_coda	ང	ṅ	token_final	reviewed_tibetan_exact_final_ng_consensus	target	reviewed	reviewed_explicit_feature_evidence	ordinary_tibetan_lexical_or_compound	secure_reviewed_alignment	high
wts_1_34	218	25	1	སྐྱོང	skyon	skyoṅ	pre_coda_structural_unit	སྐྱོ	skyo	pre_coda_stem	reviewed_tibetan_exact_final_ng_consensus	source	historical_source	unaffected_feature_from_reviewed_source	ordinary_tibetan_lexical_or_compound	secure_reviewed_alignment	medium
wts_1_34	218	38	1	སྐྱོང	skyon	skyoṅ	suffix_coda	ང	ṅ	token_final	reviewed_tibetan_exact_final_ng_consensus	target	reviewed	reviewed_explicit_feature_evidence	ordinary_tibetan_lexical_or_compound	secure_reviewed_alignment	high
wts_1_34	218	38	1	སྐྱོང	skyon	skyoṅ	pre_coda_structural_unit	སྐྱོ	skyo	pre_coda_stem	reviewed_tibetan_exact_final_ng_consensus	source	historical_source	unaffected_feature_from_reviewed_source	ordinary_tibetan_lexical_or_compound	secure_reviewed_alignment	medium
wts_1_34	218	41	1	སྐྱོང	skyon	skyoṅ	suffix_coda	ང	ṅ	token_final	reviewed_tibetan_exact_final_ng_consensus	target	reviewed	reviewed_explicit_feature_evidence	ordinary_tibetan_lexical_or_compound	secure_reviewed_alignment	high
wts_1_34	218	41	1	སྐྱོང	skyon	skyoṅ	pre_coda_structural_unit	སྐྱོ	skyo	pre_coda_stem	reviewed_tibetan_exact_final_ng_consensus	source	historical_source	unaffected_feature_from_reviewed_source	ordinary_tibetan_lexical_or_compound	secure_reviewed_alignment	medium
wts_1_34	218	44	1	སྐྱོང	skyon	skyoṅ	suffix_coda	ང	ṅ	token_final	reviewed_tibetan_exact_final_ng_consensus	target	reviewed	reviewed_explicit_feature_evidence	ordinary_tibetan_lexical_or_compound	secure_reviewed_alignment	high
wts_1_34	218	44	1	སྐྱོང	skyon	skyoṅ	pre_coda_structural_unit	སྐྱོ	skyo	pre_coda_stem	reviewed_tibetan_exact_final_ng_consensus	source	historical_source	unaffected_feature_from_reviewed_source	ordinary_tibetan_lexical_or_compound	secure_reviewed_alignment	medium
wts_1_34	218	130	3	ཤིང	sin	siṅ	suffix_coda	ང	ṅ	token_final	reviewed_tibetan_exact_final_ng_source_compatible	target	reviewed	reviewed_explicit_feature_evidence	ordinary_tibetan_lexical_or_compound	secure_reviewed_alignment	high
wts_1_34	218	130	3	ཤིང	sin	siṅ	pre_coda_structural_unit	ཤི	si	pre_coda_stem	reviewed_tibetan_exact_final_ng_source_compatible	source	historical_source	unaffected_feature_from_reviewed_source	ordinary_tibetan_lexical_or_compound	secure_reviewed_alignment	medium
wts_1_34	219	44	2	བགྲང	bgran	bgraṅ	suffix_coda	ང	ṅ	token_final	reviewed_tibetan_exact_final_ng_source_compatible	target	reviewed	reviewed_explicit_feature_evidence	ordinary_tibetan_lexical_or_compound	secure_reviewed_alignment	high
wts_1_34	219	44	2	བགྲང	bgran	bgraṅ	pre_coda_structural_unit	བགྲ	bgra	pre_coda_stem	reviewed_tibetan_exact_final_ng_source_compatible	source	historical_source	unaffected_feature_from_reviewed_source	ordinary_tibetan_lexical_or_compound	secure_reviewed_alignment	medium
wts_1_34	219	127	3	བགྲང	bgran	bgraṅ	suffix_coda	ང	ṅ	token_final	reviewed_tibetan_exact_final_ng_source_compatible	target	reviewed	reviewed_explicit_feature_evidence	ordinary_tibetan_lexical_or_compound	secure_reviewed_alignment	high
wts_1_34	219	127	3	བགྲང	bgran	bgraṅ	pre_coda_structural_unit	བགྲ	bgra	pre_coda_stem	reviewed_tibetan_exact_final_ng_source_compatible	source	historical_source	unaffected_feature_from_reviewed_source	ordinary_tibetan_lexical_or_compound	secure_reviewed_alignment	medium
wts_1_34	221	1	2	སྦྱང	sbyan	sbyaṅ	suffix_coda	ང	ṅ	token_final	reviewed_tibetan_exact_final_ng_consensus	target	reviewed	reviewed_explicit_feature_evidence	ordinary_tibetan_lexical_or_compound	secure_reviewed_alignment	high
wts_1_34	221	1	2	སྦྱང	sbyan	sbyaṅ	pre_coda_structural_unit	སྦྱ	sbya	pre_coda_stem	reviewed_tibetan_exact_final_ng_consensus	source	historical_source	unaffected_feature_from_reviewed_source	ordinary_tibetan_lexical_or_compound	secure_reviewed_alignment	medium
wts_1_34	221	19	2	སྦྱང	sbyan	sbyaṅ	suffix_coda	ང	ṅ	token_final	reviewed_tibetan_exact_final_ng_consensus	target	reviewed	reviewed_explicit_feature_evidence	ordinary_tibetan_lexical_or_compound	secure_reviewed_alignment	high
wts_1_34	221	19	2	སྦྱང	sbyan	sbyaṅ	pre_coda_structural_unit	སྦྱ	sbya	pre_coda_stem	reviewed_tibetan_exact_final_ng_consensus	source	historical_source	unaffected_feature_from_reviewed_source	ordinary_tibetan_lexical_or_compound	secure_reviewed_alignment	medium
wts_1_34	222	9	4	སྲིང	srin	sriṅ	suffix_coda	ང	ṅ	token_final	reviewed_tibetan_exact_final_ng_consensus	target	reviewed	reviewed_explicit_feature_evidence	ordinary_tibetan_lexical_or_compound	secure_reviewed_alignment	high
wts_1_34	222	9	4	སྲིང	srin	sriṅ	pre_coda_structural_unit	སྲི	sri	pre_coda_stem	reviewed_tibetan_exact_final_ng_consensus	source	historical_source	unaffected_feature_from_reviewed_source	ordinary_tibetan_lexical_or_compound	secure_reviewed_alignment	medium
wts_1_34	222	118	2	བཟང	bzan	bzaṅ	suffix_coda	ང	ṅ	token_final	reviewed_tibetan_exact_final_ng_consensus	target	reviewed	reviewed_explicit_feature_evidence	ordinary_tibetan_lexical_or_compound	secure_reviewed_alignment	high
wts_1_34	222	118	2	བཟང	bzan	bzaṅ	pre_coda_structural_unit	བཟ	bza	pre_coda_stem	reviewed_tibetan_exact_final_ng_consensus	source	historical_source	unaffected_feature_from_reviewed_source	ordinary_tibetan_lexical_or_compound	secure_reviewed_alignment	medium
wts_1_34	224	17	2	རྐང	rkan	rkaṅ	suffix_coda	ང	ṅ	token_final	reviewed_tibetan_exact_final_ng_consensus	target	reviewed	reviewed_explicit_feature_evidence	ordinary_tibetan_lexical_or_compound	secure_reviewed_alignment	high
wts_1_34	224	17	2	རྐང	rkan	rkaṅ	pre_coda_structural_unit	རྐ	rka	pre_coda_stem	reviewed_tibetan_exact_final_ng_consensus	source	historical_source	unaffected_feature_from_reviewed_source	ordinary_tibetan_lexical_or_compound	secure_reviewed_alignment	medium
wts_1_34	229	163	2	གཏོང	gton	gtoṅ	suffix_coda	ང	ṅ	token_final	reviewed_tibetan_exact_final_ng_consensus	target	reviewed	reviewed_explicit_feature_evidence	ordinary_tibetan_lexical_or_compound	secure_reviewed_alignment	high
wts_1_34	229	163	2	གཏོང	gton	gtoṅ	pre_coda_structural_unit	གཏོ	gto	pre_coda_stem	reviewed_tibetan_exact_final_ng_consensus	source	historical_source	unaffected_feature_from_reviewed_source	ordinary_tibetan_lexical_or_compound	secure_reviewed_alignment	medium
wts_1_34	230	39	2	སློང	slon	sloṅ	suffix_coda	ང	ṅ	token_final	reviewed_tibetan_exact_final_ng_historical_witness	target	reviewed	reviewed_explicit_feature_evidence	ordinary_tibetan_lexical_or_compound	secure_reviewed_alignment	high
wts_1_34	230	39	2	སློང	slon	sloṅ	pre_coda_structural_unit	སློ	slo	pre_coda_stem	reviewed_tibetan_exact_final_ng_historical_witness	source	historical_source	unaffected_feature_from_reviewed_source	ordinary_tibetan_lexical_or_compound	secure_reviewed_alignment	medium
wts_1_34	230	191	2	བཞག	bzag	bźag	root_consonant	ཞ	ź	root	reviewed_tibetan_exact_transcription_integrity	target	reviewed	reviewed_explicit_feature_evidence	ordinary_tibetan_lexical_or_compound	secure_reviewed_alignment	high
wts_1_34	230	191	2	བཞག	bzag	bźag	unsegmented_structural_unit	བཞག	b□ag	unaffected_span_support	reviewed_tibetan_exact_transcription_integrity	source	historical_source	unaffected_feature_from_reviewed_source	ordinary_tibetan_lexical_or_compound	secure_reviewed_alignment	medium
wts_1_34	232	1	2	ཁང	khan	khaṅ	suffix_coda	ང	ṅ	token_final	reviewed_tibetan_exact_final_ng_consensus	target	reviewed	reviewed_explicit_feature_evidence	ordinary_tibetan_lexical_or_compound	secure_reviewed_alignment	high
wts_1_34	232	1	2	ཁང	khan	khaṅ	pre_coda_structural_unit	ཁ	kha	pre_coda_stem	reviewed_tibetan_exact_final_ng_consensus	source	historical_source	unaffected_feature_from_reviewed_source	ordinary_tibetan_lexical_or_compound	secure_reviewed_alignment	medium
wts_1_34	232	10	2	ཁང	khan	khaṅ	suffix_coda	ང	ṅ	token_final	reviewed_tibetan_exact_final_ng_consensus	target	reviewed	reviewed_explicit_feature_evidence	ordinary_tibetan_lexical_or_compound	secure_reviewed_alignment	high
wts_1_34	232	10	2	ཁང	khan	khaṅ	pre_coda_structural_unit	ཁ	kha	pre_coda_stem	reviewed_tibetan_exact_final_ng_consensus	source	historical_source	unaffected_feature_from_reviewed_source	ordinary_tibetan_lexical_or_compound	secure_reviewed_alignment	medium
wts_1_34	232	78	2	ཐང	than	thaṅ	suffix_coda	ང	ṅ	token_final	reviewed_tibetan_exact_final_ng_consensus	target	reviewed	reviewed_explicit_feature_evidence	ordinary_tibetan_lexical_or_compound	secure_reviewed_alignment	high
wts_1_34	232	78	2	ཐང	than	thaṅ	pre_coda_structural_unit	ཐ	tha	pre_coda_stem	reviewed_tibetan_exact_final_ng_consensus	source	historical_source	unaffected_feature_from_reviewed_source	ordinary_tibetan_lexical_or_compound	secure_reviewed_alignment	medium
wts_1_34	233	1	2	ཐང	than	thaṅ	suffix_coda	ང	ṅ	token_final	reviewed_tibetan_exact_final_ng_consensus	target	reviewed	reviewed_explicit_feature_evidence	ordinary_tibetan_lexical_or_compound	secure_reviewed_alignment	high
wts_1_34	233	1	2	ཐང	than	thaṅ	pre_coda_structural_unit	ཐ	tha	pre_coda_stem	reviewed_tibetan_exact_final_ng_consensus	source	historical_source	unaffected_feature_from_reviewed_source	ordinary_tibetan_lexical_or_compound	secure_reviewed_alignment	medium
wts_1_34	233	10	2	ཐང	than	thaṅ	suffix_coda	ང	ṅ	token_final	reviewed_tibetan_exact_final_ng_consensus	target	reviewed	reviewed_explicit_feature_evidence	ordinary_tibetan_lexical_or_compound	secure_reviewed_alignment	high
wts_1_34	233	10	2	ཐང	than	thaṅ	pre_coda_structural_unit	ཐ	tha	pre_coda_stem	reviewed_tibetan_exact_final_ng_consensus	source	historical_source	unaffected_feature_from_reviewed_source	ordinary_tibetan_lexical_or_compound	secure_reviewed_alignment	medium
wts_1_34	233	23	4	མིང	min	miṅ	suffix_coda			token_final	reviewed_tibetan_exact_final_ng_consensus	target	reviewed	role_unresolved	ordinary_tibetan_lexical_or_compound	secure_reviewed_alignment	none
wts_1_34	241	159	2	སྐོང	skon	skoṅ	suffix_coda	ང	ṅ	token_final	reviewed_tibetan_exact_final_ng_consensus	target	reviewed	reviewed_explicit_feature_evidence	ordinary_tibetan_lexical_or_compound	secure_reviewed_alignment	high
wts_1_34	241	159	2	སྐོང	skon	skoṅ	pre_coda_structural_unit	སྐོ	sko	pre_coda_stem	reviewed_tibetan_exact_final_ng_consensus	source	historical_source	unaffected_feature_from_reviewed_source	ordinary_tibetan_lexical_or_compound	secure_reviewed_alignment	medium
wts_1_34	241	172	2	བཀང	bkan	bkaṅ	suffix_coda	ང	ṅ	token_final	reviewed_tibetan_exact_final_ng_consensus	target	reviewed	reviewed_explicit_feature_evidence	ordinary_tibetan_lexical_or_compound	secure_reviewed_alignment	high
wts_1_34	241	172	2	བཀང	bkan	bkaṅ	pre_coda_structural_unit	བཀ	bka	pre_coda_stem	reviewed_tibetan_exact_final_ng_consensus	source	historical_source	unaffected_feature_from_reviewed_source	ordinary_tibetan_lexical_or_compound	secure_reviewed_alignment	medium
wts_1_34	241	195	2	སྐོང	skon	skoṅ	suffix_coda	ང	ṅ	token_final	reviewed_tibetan_exact_final_ng_consensus	target	reviewed	reviewed_explicit_feature_evidence	ordinary_tibetan_lexical_or_compound	secure_reviewed_alignment	high
wts_1_34	241	195	2	སྐོང	skon	skoṅ	pre_coda_structural_unit	སྐོ	sko	pre_coda_stem	reviewed_tibetan_exact_final_ng_consensus	source	historical_source	unaffected_feature_from_reviewed_source	ordinary_tibetan_lexical_or_compound	secure_reviewed_alignment	medium
wts_1_34	245	182	3	བྱང	byan	byaṅ	suffix_coda	ང	ṅ	token_final	reviewed_tibetan_exact_final_ng_consensus	target	reviewed	reviewed_explicit_feature_evidence	ordinary_tibetan_lexical_or_compound	secure_reviewed_alignment	high
wts_1_34	245	182	3	བྱང	byan	byaṅ	pre_coda_structural_unit	བྱ	bya	pre_coda_stem	reviewed_tibetan_exact_final_ng_consensus	source	historical_source	unaffected_feature_from_reviewed_source	ordinary_tibetan_lexical_or_compound	secure_reviewed_alignment	medium
wts_1_34	248	15	2	གདང	gdan	gdaṅ	suffix_coda	ང	ṅ	token_final	reviewed_tibetan_exact_final_ng_source_compatible	target	reviewed	reviewed_explicit_feature_evidence	ordinary_tibetan_lexical_or_compound	secure_reviewed_alignment	high
wts_1_34	248	15	2	གདང	gdan	gdaṅ	pre_coda_structural_unit	གད	gda	pre_coda_stem	reviewed_tibetan_exact_final_ng_source_compatible	source	historical_source	unaffected_feature_from_reviewed_source	ordinary_tibetan_lexical_or_compound	secure_reviewed_alignment	medium
wts_1_34	248	148	2	ནིང	nin	niṅ	unsegmented_structural_unit	ནིང	ni□	unaffected_span_support	reviewed_tibetan_exact_ocr_signature	source	historical_source	unaffected_feature_from_reviewed_source	ordinary_tibetan_lexical_or_compound	secure_reviewed_alignment	medium
wts_1_34	249	40	2	ཕུང	phun	phuṅ	suffix_coda	ང	ṅ	token_final	reviewed_tibetan_exact_final_ng_consensus	target	reviewed	reviewed_explicit_feature_evidence	ordinary_tibetan_lexical_or_compound	secure_reviewed_alignment	high
wts_1_34	249	40	2	ཕུང	phun	phuṅ	pre_coda_structural_unit	ཕུ	phu	pre_coda_stem	reviewed_tibetan_exact_final_ng_consensus	source	historical_source	unaffected_feature_from_reviewed_source	ordinary_tibetan_lexical_or_compound	secure_reviewed_alignment	medium
wts_1_34	249	62	2	འཕང	phan	phaṅ	suffix_coda	ང	ṅ	token_final	reviewed_tibetan_exact_final_ng_consensus	target	reviewed	reviewed_explicit_feature_evidence	ordinary_tibetan_lexical_or_compound	secure_reviewed_alignment	high
wts_1_34	249	62	2	འཕང	phan	phaṅ	pre_coda_structural_unit	འཕ	pha	pre_coda_stem	reviewed_tibetan_exact_final_ng_consensus	source	historical_source	unaffected_feature_from_reviewed_source	ordinary_tibetan_lexical_or_compound	secure_reviewed_alignment	medium
wts_1_34	249	112	2	འཕང	phan	phaṅ	suffix_coda	ང	ṅ	token_final	reviewed_tibetan_exact_final_ng_consensus	target	reviewed	reviewed_explicit_feature_evidence	ordinary_tibetan_lexical_or_compound	secure_reviewed_alignment	high
wts_1_34	249	112	2	འཕང	phan	phaṅ	pre_coda_structural_unit	འཕ	pha	pre_coda_stem	reviewed_tibetan_exact_final_ng_consensus	source	historical_source	unaffected_feature_from_reviewed_source	ordinary_tibetan_lexical_or_compound	secure_reviewed_alignment	medium
wts_1_34	250	44	3	མིང	min	miṅ	suffix_coda			token_final	reviewed_tibetan_exact_final_ng_consensus	target	reviewed	role_unresolved	ordinary_tibetan_lexical_or_compound	secure_reviewed_alignment	none
wts_1_34	251	98	2	སྦྱང	sbyani	sbyaṅ	unsegmented_structural_unit	སྦྱང	sbya□	unaffected_span_support	reviewed_tibetan_exact_ocr_signature	source	historical_source	unaffected_feature_from_reviewed_source	ordinary_tibetan_lexical_or_compound	secure_reviewed_alignment	medium
wts_1_34	253	208	2	ཡང	yan	yaṅ	suffix_coda	ང	ṅ	token_final	reviewed_tibetan_exact_script_ng_witness	target	reviewed	reviewed_explicit_feature_evidence	ordinary_tibetan_lexical_or_compound	secure_reviewed_alignment	high
wts_1_34	253	208	2	ཡང	yan	yaṅ	pre_coda_structural_unit	ཡ	ya	pre_coda_stem	reviewed_tibetan_exact_script_ng_witness	source	historical_source	unaffected_feature_from_reviewed_source	ordinary_tibetan_lexical_or_compound	secure_reviewed_alignment	medium
wts_1_34	256	15	2	སང	san	saṅ	suffix_coda	ང	ṅ	token_final	reviewed_tibetan_exact_final_ng_source_compatible	target	reviewed	reviewed_explicit_feature_evidence	ordinary_tibetan_lexical_or_compound	secure_reviewed_alignment	high
wts_1_34	256	15	2	སང	san	saṅ	pre_coda_structural_unit	ས	sa	pre_coda_stem	reviewed_tibetan_exact_final_ng_source_compatible	source	historical_source	unaffected_feature_from_reviewed_source	ordinary_tibetan_lexical_or_compound	secure_reviewed_alignment	medium
wts_1_34	256	57	2	སེང	sen	seṅ	suffix_coda	ང	ṅ	token_final	reviewed_tibetan_exact_final_ng_consensus	target	reviewed	reviewed_explicit_feature_evidence	ordinary_tibetan_lexical_or_compound	secure_reviewed_alignment	high
wts_1_34	256	57	2	སེང	sen	seṅ	pre_coda_structural_unit	སེ	se	pre_coda_stem	reviewed_tibetan_exact_final_ng_consensus	source	historical_source	unaffected_feature_from_reviewed_source	ordinary_tibetan_lexical_or_compound	secure_reviewed_alignment	medium
wts_1_34	256	61	3	ཆུང	chun	chuṅ	suffix_coda	ང	ṅ	token_final	reviewed_tibetan_exact_script_ng_witness	target	reviewed	reviewed_explicit_feature_evidence	ordinary_tibetan_lexical_or_compound	secure_reviewed_alignment	high
wts_1_34	256	61	3	ཆུང	chun	chuṅ	pre_coda_structural_unit	ཆུ	chu	pre_coda_stem	reviewed_tibetan_exact_script_ng_witness	source	historical_source	unaffected_feature_from_reviewed_source	ordinary_tibetan_lexical_or_compound	secure_reviewed_alignment	medium
wts_1_34	256	61	4	ངུ	hu	ṅu	unsegmented_structural_unit	ངུ	□u	unaffected_span_support	reviewed_tibetan_exact_script_ng_witness	source	historical_source	unaffected_feature_from_reviewed_source	ordinary_tibetan_lexical_or_compound	secure_reviewed_alignment	medium
wts_1_34	256	80	2	སློང	slon	sloṅ	suffix_coda	ང	ṅ	token_final	reviewed_tibetan_exact_final_ng_historical_witness	target	reviewed	reviewed_explicit_feature_evidence	ordinary_tibetan_lexical_or_compound	secure_reviewed_alignment	high
wts_1_34	256	80	2	སློང	slon	sloṅ	pre_coda_structural_unit	སློ	slo	pre_coda_stem	reviewed_tibetan_exact_final_ng_historical_witness	source	historical_source	unaffected_feature_from_reviewed_source	ordinary_tibetan_lexical_or_compound	secure_reviewed_alignment	medium
wts_1_34	257	53	2	ཁུང	khun	khuṅ	suffix_coda	ང	ṅ	token_final	reviewed_tibetan_exact_final_ng_consensus	target	reviewed	reviewed_explicit_feature_evidence	ordinary_tibetan_lexical_or_compound	secure_reviewed_alignment	high
wts_1_34	257	53	2	ཁུང	khun	khuṅ	pre_coda_structural_unit	ཁུ	khu	pre_coda_stem	reviewed_tibetan_exact_final_ng_consensus	source	historical_source	unaffected_feature_from_reviewed_source	ordinary_tibetan_lexical_or_compound	secure_reviewed_alignment	medium
wts_1_34	257	97	1	ཁང	khan	khaṅ	suffix_coda	ང	ṅ	token_final	reviewed_tibetan_exact_final_ng_consensus	target	reviewed	reviewed_explicit_feature_evidence	ordinary_tibetan_lexical_or_compound	secure_reviewed_alignment	high
wts_1_34	257	97	1	ཁང	khan	khaṅ	pre_coda_structural_unit	ཁ	kha	pre_coda_stem	reviewed_tibetan_exact_final_ng_consensus	source	historical_source	unaffected_feature_from_reviewed_source	ordinary_tibetan_lexical_or_compound	secure_reviewed_alignment	medium
wts_1_34	257	106	1	ཁང	khan	khaṅ	suffix_coda	ང	ṅ	token_final	reviewed_tibetan_exact_final_ng_consensus	target	reviewed	reviewed_explicit_feature_evidence	ordinary_tibetan_lexical_or_compound	secure_reviewed_alignment	high
wts_1_34	257	106	1	ཁང	khan	khaṅ	pre_coda_structural_unit	ཁ	kha	pre_coda_stem	reviewed_tibetan_exact_final_ng_consensus	source	historical_source	unaffected_feature_from_reviewed_source	ordinary_tibetan_lexical_or_compound	secure_reviewed_alignment	medium
wts_1_34	257	119	1	ཁང	khan	khaṅ	suffix_coda	ང	ṅ	token_final	reviewed_tibetan_exact_final_ng_consensus	target	reviewed	reviewed_explicit_feature_evidence	ordinary_tibetan_lexical_or_compound	secure_reviewed_alignment	high
wts_1_34	257	119	1	ཁང	khan	khaṅ	pre_coda_structural_unit	ཁ	kha	pre_coda_stem	reviewed_tibetan_exact_final_ng_consensus	source	historical_source	unaffected_feature_from_reviewed_source	ordinary_tibetan_lexical_or_compound	secure_reviewed_alignment	medium
wts_1_34	257	131	1	ཁང	khan	khaṅ	suffix_coda	ང	ṅ	token_final	reviewed_tibetan_exact_final_ng_consensus	target	reviewed	reviewed_explicit_feature_evidence	ordinary_tibetan_lexical_or_compound	secure_reviewed_alignment	high
wts_1_34	257	131	1	ཁང	khan	khaṅ	pre_coda_structural_unit	ཁ	kha	pre_coda_stem	reviewed_tibetan_exact_final_ng_consensus	source	historical_source	unaffected_feature_from_reviewed_source	ordinary_tibetan_lexical_or_compound	secure_reviewed_alignment	medium
wts_1_34	257	138	1	ཁང	khan	khaṅ	suffix_coda	ང	ṅ	token_final	reviewed_tibetan_exact_final_ng_consensus	target	reviewed	reviewed_explicit_feature_evidence	ordinary_tibetan_lexical_or_compound	secure_reviewed_alignment	high
wts_1_34	257	138	1	ཁང	khan	khaṅ	pre_coda_structural_unit	ཁ	kha	pre_coda_stem	reviewed_tibetan_exact_final_ng_consensus	source	historical_source	unaffected_feature_from_reviewed_source	ordinary_tibetan_lexical_or_compound	secure_reviewed_alignment	medium
wts_1_34	257	147	1	ཁང	khan	khaṅ	suffix_coda	ང	ṅ	token_final	reviewed_tibetan_exact_final_ng_consensus	target	reviewed	reviewed_explicit_feature_evidence	ordinary_tibetan_lexical_or_compound	secure_reviewed_alignment	high
wts_1_34	257	147	1	ཁང	khan	khaṅ	pre_coda_structural_unit	ཁ	kha	pre_coda_stem	reviewed_tibetan_exact_final_ng_consensus	source	historical_source	unaffected_feature_from_reviewed_source	ordinary_tibetan_lexical_or_compound	secure_reviewed_alignment	medium
wts_1_34	257	153	1	ཁང	khan	khaṅ	suffix_coda	ང	ṅ	token_final	reviewed_tibetan_exact_final_ng_consensus	target	reviewed	reviewed_explicit_feature_evidence	ordinary_tibetan_lexical_or_compound	secure_reviewed_alignment	high
wts_1_34	257	153	1	ཁང	khan	khaṅ	pre_coda_structural_unit	ཁ	kha	pre_coda_stem	reviewed_tibetan_exact_final_ng_consensus	source	historical_source	unaffected_feature_from_reviewed_source	ordinary_tibetan_lexical_or_compound	secure_reviewed_alignment	medium
wts_1_34	257	153	2	སྟེང	steh	steṅ	suffix_coda	ང	ṅ	token_final	reviewed_tibetan_exact_final_ng_consensus	target	reviewed	reviewed_explicit_feature_evidence	ordinary_tibetan_lexical_or_compound	secure_reviewed_alignment	high
wts_1_34	257	153	2	སྟེང	steh	steṅ	pre_coda_structural_unit	སྟེ	ste	pre_coda_stem	reviewed_tibetan_exact_final_ng_consensus	source	historical_source	unaffected_feature_from_reviewed_source	ordinary_tibetan_lexical_or_compound	secure_reviewed_alignment	medium
wts_1_34	257	161	1	ཁང	khan	khaṅ	suffix_coda	ང	ṅ	token_final	reviewed_tibetan_exact_final_ng_consensus	target	reviewed	reviewed_explicit_feature_evidence	ordinary_tibetan_lexical_or_compound	secure_reviewed_alignment	high
wts_1_34	257	161	1	ཁང	khan	khaṅ	pre_coda_structural_unit	ཁ	kha	pre_coda_stem	reviewed_tibetan_exact_final_ng_consensus	source	historical_source	unaffected_feature_from_reviewed_source	ordinary_tibetan_lexical_or_compound	secure_reviewed_alignment	medium
wts_1_34	257	163	1	ཁང	khan	khaṅ	suffix_coda	ང	ṅ	token_final	reviewed_tibetan_exact_final_ng_consensus	target	reviewed	reviewed_explicit_feature_evidence	ordinary_tibetan_lexical_or_compound	secure_reviewed_alignment	high
wts_1_34	257	163	1	ཁང	khan	khaṅ	pre_coda_structural_unit	ཁ	kha	pre_coda_stem	reviewed_tibetan_exact_final_ng_consensus	source	historical_source	unaffected_feature_from_reviewed_source	ordinary_tibetan_lexical_or_compound	secure_reviewed_alignment	medium
wts_1_34	257	170	1	ཁང	khan	khaṅ	suffix_coda	ང	ṅ	token_final	reviewed_tibetan_exact_final_ng_consensus	target	reviewed	reviewed_explicit_feature_evidence	ordinary_tibetan_lexical_or_compound	secure_reviewed_alignment	high
wts_1_34	257	170	1	ཁང	khan	khaṅ	pre_coda_structural_unit	ཁ	kha	pre_coda_stem	reviewed_tibetan_exact_final_ng_consensus	source	historical_source	unaffected_feature_from_reviewed_source	ordinary_tibetan_lexical_or_compound	secure_reviewed_alignment	medium
wts_1_34	257	179	1	ཁང	khan	khaṅ	suffix_coda	ང	ṅ	token_final	reviewed_tibetan_exact_final_ng_consensus	target	reviewed	reviewed_explicit_feature_evidence	ordinary_tibetan_lexical_or_compound	secure_reviewed_alignment	high
wts_1_34	257	179	1	ཁང	khan	khaṅ	pre_coda_structural_unit	ཁ	kha	pre_coda_stem	reviewed_tibetan_exact_final_ng_consensus	source	historical_source	unaffected_feature_from_reviewed_source	ordinary_tibetan_lexical_or_compound	secure_reviewed_alignment	medium
wts_1_34	258	1	1	ཁང	khan	khaṅ	suffix_coda	ང	ṅ	token_final	reviewed_tibetan_exact_final_ng_consensus	target	reviewed	reviewed_explicit_feature_evidence	ordinary_tibetan_lexical_or_compound	secure_reviewed_alignment	high
wts_1_34	258	1	1	ཁང	khan	khaṅ	pre_coda_structural_unit	ཁ	kha	pre_coda_stem	reviewed_tibetan_exact_final_ng_consensus	source	historical_source	unaffected_feature_from_reviewed_source	ordinary_tibetan_lexical_or_compound	secure_reviewed_alignment	medium
wts_1_34	258	40	1	ཁང	khan	khaṅ	suffix_coda	ང	ṅ	token_final	reviewed_tibetan_exact_final_ng_consensus	target	reviewed	reviewed_explicit_feature_evidence	ordinary_tibetan_lexical_or_compound	secure_reviewed_alignment	high
wts_1_34	258	40	1	ཁང	khan	khaṅ	pre_coda_structural_unit	ཁ	kha	pre_coda_stem	reviewed_tibetan_exact_final_ng_consensus	source	historical_source	unaffected_feature_from_reviewed_source	ordinary_tibetan_lexical_or_compound	secure_reviewed_alignment	medium
wts_1_34	258	65	1	ཁང	khan	khaṅ	suffix_coda	ང	ṅ	token_final	reviewed_tibetan_exact_final_ng_consensus	target	reviewed	reviewed_explicit_feature_evidence	ordinary_tibetan_lexical_or_compound	secure_reviewed_alignment	high
wts_1_34	258	65	1	ཁང	khan	khaṅ	pre_coda_structural_unit	ཁ	kha	pre_coda_stem	reviewed_tibetan_exact_final_ng_consensus	source	historical_source	unaffected_feature_from_reviewed_source	ordinary_tibetan_lexical_or_compound	secure_reviewed_alignment	medium
wts_1_34	258	71	1	ཁང	khan	khaṅ	suffix_coda	ང	ṅ	token_final	reviewed_tibetan_exact_final_ng_consensus	target	reviewed	reviewed_explicit_feature_evidence	ordinary_tibetan_lexical_or_compound	secure_reviewed_alignment	high
wts_1_34	258	71	1	ཁང	khan	khaṅ	pre_coda_structural_unit	ཁ	kha	pre_coda_stem	reviewed_tibetan_exact_final_ng_consensus	source	historical_source	unaffected_feature_from_reviewed_source	ordinary_tibetan_lexical_or_compound	secure_reviewed_alignment	medium
wts_1_34	258	82	1	ཁང	khan	khaṅ	suffix_coda	ང	ṅ	token_final	reviewed_tibetan_exact_final_ng_consensus	target	reviewed	reviewed_explicit_feature_evidence	ordinary_tibetan_lexical_or_compound	secure_reviewed_alignment	high
wts_1_34	258	82	1	ཁང	khan	khaṅ	pre_coda_structural_unit	ཁ	kha	pre_coda_stem	reviewed_tibetan_exact_final_ng_consensus	source	historical_source	unaffected_feature_from_reviewed_source	ordinary_tibetan_lexical_or_compound	secure_reviewed_alignment	medium
wts_1_34	258	91	1	ཁང	khan	khaṅ	suffix_coda	ང	ṅ	token_final	reviewed_tibetan_exact_final_ng_consensus	target	reviewed	reviewed_explicit_feature_evidence	ordinary_tibetan_lexical_or_compound	secure_reviewed_alignment	high
wts_1_34	258	91	1	ཁང	khan	khaṅ	pre_coda_structural_unit	ཁ	kha	pre_coda_stem	reviewed_tibetan_exact_final_ng_consensus	source	historical_source	unaffected_feature_from_reviewed_source	ordinary_tibetan_lexical_or_compound	secure_reviewed_alignment	medium
wts_1_34	258	91	2	རྨང	rman	rmaṅ	suffix_coda	ང	ṅ	token_final	reviewed_tibetan_exact_final_ng_consensus	target	reviewed	reviewed_explicit_feature_evidence	ordinary_tibetan_lexical_or_compound	secure_reviewed_alignment	high
wts_1_34	258	91	2	རྨང	rman	rmaṅ	pre_coda_structural_unit	རྨ	rma	pre_coda_stem	reviewed_tibetan_exact_final_ng_consensus	source	historical_source	unaffected_feature_from_reviewed_source	ordinary_tibetan_lexical_or_compound	secure_reviewed_alignment	medium
wts_1_34	258	114	1	ཁང	khan	khaṅ	suffix_coda	ང	ṅ	token_final	reviewed_tibetan_exact_final_ng_consensus	target	reviewed	reviewed_explicit_feature_evidence	ordinary_tibetan_lexical_or_compound	secure_reviewed_alignment	high
wts_1_34	258	114	1	ཁང	khan	khaṅ	pre_coda_structural_unit	ཁ	kha	pre_coda_stem	reviewed_tibetan_exact_final_ng_consensus	source	historical_source	unaffected_feature_from_reviewed_source	ordinary_tibetan_lexical_or_compound	secure_reviewed_alignment	medium
wts_1_34	258	116	1	ཁང	khan	khaṅ	suffix_coda	ང	ṅ	token_final	reviewed_tibetan_exact_final_ng_consensus	target	reviewed	reviewed_explicit_feature_evidence	ordinary_tibetan_lexical_or_compound	secure_reviewed_alignment	high
wts_1_34	258	116	1	ཁང	khan	khaṅ	pre_coda_structural_unit	ཁ	kha	pre_coda_stem	reviewed_tibetan_exact_final_ng_consensus	source	historical_source	unaffected_feature_from_reviewed_source	ordinary_tibetan_lexical_or_compound	secure_reviewed_alignment	medium
wts_1_34	258	140	1	ཁང	khan	khaṅ	suffix_coda	ང	ṅ	token_final	reviewed_tibetan_exact_final_ng_consensus	target	reviewed	reviewed_explicit_feature_evidence	ordinary_tibetan_lexical_or_compound	secure_reviewed_alignment	high
wts_1_34	258	140	1	ཁང	khan	khaṅ	pre_coda_structural_unit	ཁ	kha	pre_coda_stem	reviewed_tibetan_exact_final_ng_consensus	source	historical_source	unaffected_feature_from_reviewed_source	ordinary_tibetan_lexical_or_compound	secure_reviewed_alignment	medium
wts_1_34	258	149	1	ཁང	khan	khaṅ	suffix_coda	ང	ṅ	token_final	reviewed_tibetan_exact_final_ng_consensus	target	reviewed	reviewed_explicit_feature_evidence	ordinary_tibetan_lexical_or_compound	secure_reviewed_alignment	high
wts_1_34	258	149	1	ཁང	khan	khaṅ	pre_coda_structural_unit	ཁ	kha	pre_coda_stem	reviewed_tibetan_exact_final_ng_consensus	source	historical_source	unaffected_feature_from_reviewed_source	ordinary_tibetan_lexical_or_compound	secure_reviewed_alignment	medium
wts_1_34	258	195	1	ཁང	khan	khaṅ	suffix_coda	ང	ṅ	token_final	reviewed_tibetan_exact_final_ng_consensus	target	reviewed	reviewed_explicit_feature_evidence	ordinary_tibetan_lexical_or_compound	secure_reviewed_alignment	high
wts_1_34	258	195	1	ཁང	khan	khaṅ	pre_coda_structural_unit	ཁ	kha	pre_coda_stem	reviewed_tibetan_exact_final_ng_consensus	source	historical_source	unaffected_feature_from_reviewed_source	ordinary_tibetan_lexical_or_compound	secure_reviewed_alignment	medium
wts_1_34	259	74	2	རིང	rin	riṅ	suffix_coda	ང	ṅ	token_final	reviewed_tibetan_exact_final_ng_consensus	target	reviewed	reviewed_explicit_feature_evidence	ordinary_tibetan_lexical_or_compound	secure_reviewed_alignment	high
wts_1_34	259	74	2	རིང	rin	riṅ	pre_coda_structural_unit	རི	ri	pre_coda_stem	reviewed_tibetan_exact_final_ng_consensus	source	historical_source	unaffected_feature_from_reviewed_source	ordinary_tibetan_lexical_or_compound	secure_reviewed_alignment	medium
wts_1_34	263	53	2	སོང	son	soṅ	suffix_coda	ང	ṅ	token_final	reviewed_tibetan_exact_final_ng_consensus	target	reviewed	reviewed_explicit_feature_evidence	ordinary_tibetan_lexical_or_compound	secure_reviewed_alignment	high
wts_1_34	263	53	2	སོང	son	soṅ	pre_coda_structural_unit	སོ	so	pre_coda_stem	reviewed_tibetan_exact_final_ng_consensus	source	historical_source	unaffected_feature_from_reviewed_source	ordinary_tibetan_lexical_or_compound	secure_reviewed_alignment	medium
wts_1_34	263	105	2	སོང	son	soṅ	suffix_coda	ང	ṅ	token_final	reviewed_tibetan_exact_final_ng_consensus	target	reviewed	reviewed_explicit_feature_evidence	ordinary_tibetan_lexical_or_compound	secure_reviewed_alignment	high
wts_1_34	263	105	2	སོང	son	soṅ	pre_coda_structural_unit	སོ	so	pre_coda_stem	reviewed_tibetan_exact_final_ng_consensus	source	historical_source	unaffected_feature_from_reviewed_source	ordinary_tibetan_lexical_or_compound	secure_reviewed_alignment	medium
wts_1_34	263	201	2	ཆུང	chun	chuṅ	suffix_coda	ང	ṅ	token_final	reviewed_tibetan_exact_script_ng_witness	target	reviewed	reviewed_explicit_feature_evidence	ordinary_tibetan_lexical_or_compound	secure_reviewed_alignment	high
wts_1_34	263	201	2	ཆུང	chun	chuṅ	pre_coda_structural_unit	ཆུ	chu	pre_coda_stem	reviewed_tibetan_exact_script_ng_witness	source	historical_source	unaffected_feature_from_reviewed_source	ordinary_tibetan_lexical_or_compound	secure_reviewed_alignment	medium
wts_1_34	264	57	2	བླང	blan	blaṅ	suffix_coda	ང	ṅ	token_final	reviewed_tibetan_exact_final_ng_consensus	target	reviewed	reviewed_explicit_feature_evidence	ordinary_tibetan_lexical_or_compound	secure_reviewed_alignment	high
wts_1_34	264	57	2	བླང	blan	blaṅ	pre_coda_structural_unit	བླ	bla	pre_coda_stem	reviewed_tibetan_exact_final_ng_consensus	source	historical_source	unaffected_feature_from_reviewed_source	ordinary_tibetan_lexical_or_compound	secure_reviewed_alignment	medium
wts_1_34	265	26	2	འཕང	phan	phaṅ	suffix_coda	ང	ṅ	token_final	reviewed_tibetan_exact_final_ng_consensus	target	reviewed	reviewed_explicit_feature_evidence	ordinary_tibetan_lexical_or_compound	secure_reviewed_alignment	high
wts_1_34	265	26	2	འཕང	phan	phaṅ	pre_coda_structural_unit	འཕ	pha	pre_coda_stem	reviewed_tibetan_exact_final_ng_consensus	source	historical_source	unaffected_feature_from_reviewed_source	ordinary_tibetan_lexical_or_compound	secure_reviewed_alignment	medium
wts_1_34	265	154	3	དབང	dban	dbaṅ	suffix_coda	ང	ṅ	token_final	reviewed_tibetan_exact_final_ng_consensus	target	reviewed	reviewed_explicit_feature_evidence	ordinary_tibetan_lexical_or_compound	secure_reviewed_alignment	high
wts_1_34	265	154	3	དབང	dban	dbaṅ	pre_coda_structural_unit	དབ	dba	pre_coda_stem	reviewed_tibetan_exact_final_ng_consensus	source	historical_source	unaffected_feature_from_reviewed_source	ordinary_tibetan_lexical_or_compound	secure_reviewed_alignment	medium
wts_1_34	266	167	3	སྒང	sgan	sgaṅ	suffix_coda	ང	ṅ	token_final	reviewed_tibetan_exact_final_ng_consensus	target	reviewed	reviewed_explicit_feature_evidence	ordinary_tibetan_lexical_or_compound	secure_reviewed_alignment	high
wts_1_34	266	167	3	སྒང	sgan	sgaṅ	pre_coda_structural_unit	སྒ	sga	pre_coda_stem	reviewed_tibetan_exact_final_ng_consensus	source	historical_source	unaffected_feature_from_reviewed_source	ordinary_tibetan_lexical_or_compound	secure_reviewed_alignment	medium
wts_1_34	267	30	1	ཁུང	khun	khuṅ	suffix_coda	ང	ṅ	token_final	reviewed_tibetan_exact_final_ng_consensus	target	reviewed	reviewed_explicit_feature_evidence	ordinary_tibetan_lexical_or_compound	secure_reviewed_alignment	high
wts_1_34	267	30	1	ཁུང	khun	khuṅ	pre_coda_structural_unit	ཁུ	khu	pre_coda_stem	reviewed_tibetan_exact_final_ng_consensus	source	historical_source	unaffected_feature_from_reviewed_source	ordinary_tibetan_lexical_or_compound	secure_reviewed_alignment	medium
wts_1_34	267	66	1	ཁུང	khun	khuṅ	suffix_coda	ང	ṅ	token_final	reviewed_tibetan_exact_final_ng_consensus	target	reviewed	reviewed_explicit_feature_evidence	ordinary_tibetan_lexical_or_compound	secure_reviewed_alignment	high
wts_1_34	267	66	1	ཁུང	khun	khuṅ	pre_coda_structural_unit	ཁུ	khu	pre_coda_stem	reviewed_tibetan_exact_final_ng_consensus	source	historical_source	unaffected_feature_from_reviewed_source	ordinary_tibetan_lexical_or_compound	secure_reviewed_alignment	medium
wts_1_34	267	87	1	ཁུང	khun	khuṅ	suffix_coda	ང	ṅ	token_final	reviewed_tibetan_exact_final_ng_consensus	target	reviewed	reviewed_explicit_feature_evidence	ordinary_tibetan_lexical_or_compound	secure_reviewed_alignment	high
wts_1_34	267	87	1	ཁུང	khun	khuṅ	pre_coda_structural_unit	ཁུ	khu	pre_coda_stem	reviewed_tibetan_exact_final_ng_consensus	source	historical_source	unaffected_feature_from_reviewed_source	ordinary_tibetan_lexical_or_compound	secure_reviewed_alignment	medium
wts_1_34	268	206	2	གདང	gdan	gdaṅ	suffix_coda	ང	ṅ	token_final	reviewed_tibetan_exact_final_ng_source_compatible	target	reviewed	reviewed_explicit_feature_evidence	ordinary_tibetan_lexical_or_compound	secure_reviewed_alignment	high
wts_1_34	268	206	2	གདང	gdan	gdaṅ	pre_coda_structural_unit	གད	gda	pre_coda_stem	reviewed_tibetan_exact_final_ng_source_compatible	source	historical_source	unaffected_feature_from_reviewed_source	ordinary_tibetan_lexical_or_compound	secure_reviewed_alignment	medium
wts_1_34	269	32	2	མོང	mon	moṅ	suffix_coda			token_final	reviewed_tibetan_exact_final_ng_consensus	target	reviewed	role_unresolved	ordinary_tibetan_lexical_or_compound	secure_reviewed_alignment	none
wts_1_34	269	59	2	ཤིང	sin	siṅ	suffix_coda	ང	ṅ	token_final	reviewed_tibetan_exact_final_ng_source_compatible	target	reviewed	reviewed_explicit_feature_evidence	ordinary_tibetan_lexical_or_compound	secure_reviewed_alignment	high
wts_1_34	269	59	2	ཤིང	sin	siṅ	pre_coda_structural_unit	ཤི	si	pre_coda_stem	reviewed_tibetan_exact_final_ng_source_compatible	source	historical_source	unaffected_feature_from_reviewed_source	ordinary_tibetan_lexical_or_compound	secure_reviewed_alignment	medium
wts_1_34	270	3	2	གྱོང	gyon	gyoṅ	suffix_coda	ང	ṅ	token_final	reviewed_tibetan_exact_final_ng_historical_witness	target	reviewed	reviewed_explicit_feature_evidence	ordinary_tibetan_lexical_or_compound	secure_reviewed_alignment	high
wts_1_34	270	3	2	གྱོང	gyon	gyoṅ	pre_coda_structural_unit	གྱོ	gyo	pre_coda_stem	reviewed_tibetan_exact_final_ng_historical_witness	source	historical_source	unaffected_feature_from_reviewed_source	ordinary_tibetan_lexical_or_compound	secure_reviewed_alignment	medium
wts_1_34	271	133	2	རྐྱང	rkyan	rkyaṅ	suffix_coda	ང	ṅ	token_final	reviewed_tibetan_exact_final_ng_consensus	target	reviewed	reviewed_explicit_feature_evidence	ordinary_tibetan_lexical_or_compound	secure_reviewed_alignment	high
wts_1_34	271	133	2	རྐྱང	rkyan	rkyaṅ	pre_coda_structural_unit	རྐྱ	rkya	pre_coda_stem	reviewed_tibetan_exact_final_ng_consensus	source	historical_source	unaffected_feature_from_reviewed_source	ordinary_tibetan_lexical_or_compound	secure_reviewed_alignment	medium
wts_1_34	274	45	2	རང	ran	raṅ	suffix_coda	ང	ṅ	token_final	reviewed_tibetan_exact_script_ng_witness	target	reviewed	reviewed_explicit_feature_evidence	ordinary_tibetan_lexical_or_compound	secure_reviewed_alignment	high
wts_1_34	274	45	2	རང	ran	raṅ	pre_coda_structural_unit	ར	ra	pre_coda_stem	reviewed_tibetan_exact_script_ng_witness	source	historical_source	unaffected_feature_from_reviewed_source	ordinary_tibetan_lexical_or_compound	secure_reviewed_alignment	medium
wts_1_34	275	173	1	ཁོང	khon	khoṅ	suffix_coda	ང	ṅ	token_final	reviewed_tibetan_exact_final_ng_historical_witness	target	reviewed	reviewed_explicit_feature_evidence	ordinary_tibetan_lexical_or_compound	secure_reviewed_alignment	high
wts_1_34	275	173	1	ཁོང	khon	khoṅ	pre_coda_structural_unit	ཁོ	kho	pre_coda_stem	reviewed_tibetan_exact_final_ng_historical_witness	source	historical_source	unaffected_feature_from_reviewed_source	ordinary_tibetan_lexical_or_compound	secure_reviewed_alignment	medium
wts_1_34	276	1	1	ཁོང	khon	khoṅ	suffix_coda	ང	ṅ	token_final	reviewed_tibetan_exact_final_ng_historical_witness	target	reviewed	reviewed_explicit_feature_evidence	ordinary_tibetan_lexical_or_compound	secure_reviewed_alignment	high
wts_1_34	276	1	1	ཁོང	khon	khoṅ	pre_coda_structural_unit	ཁོ	kho	pre_coda_stem	reviewed_tibetan_exact_final_ng_historical_witness	source	historical_source	unaffected_feature_from_reviewed_source	ordinary_tibetan_lexical_or_compound	secure_reviewed_alignment	medium
wts_1_34	276	32	1	ཁོང	khon	khoṅ	suffix_coda	ང	ṅ	token_final	reviewed_tibetan_exact_final_ng_historical_witness	target	reviewed	reviewed_explicit_feature_evidence	ordinary_tibetan_lexical_or_compound	secure_reviewed_alignment	high
wts_1_34	276	32	1	ཁོང	khon	khoṅ	pre_coda_structural_unit	ཁོ	kho	pre_coda_stem	reviewed_tibetan_exact_final_ng_historical_witness	source	historical_source	unaffected_feature_from_reviewed_source	ordinary_tibetan_lexical_or_compound	secure_reviewed_alignment	medium
wts_1_34	276	39	1	ཁོང	khon	khoṅ	suffix_coda	ང	ṅ	token_final	reviewed_tibetan_exact_final_ng_historical_witness	target	reviewed	reviewed_explicit_feature_evidence	ordinary_tibetan_lexical_or_compound	secure_reviewed_alignment	high
wts_1_34	276	39	1	ཁོང	khon	khoṅ	pre_coda_structural_unit	ཁོ	kho	pre_coda_stem	reviewed_tibetan_exact_final_ng_historical_witness	source	historical_source	unaffected_feature_from_reviewed_source	ordinary_tibetan_lexical_or_compound	secure_reviewed_alignment	medium
wts_1_34	276	77	1	ཁོང	khon	khoṅ	suffix_coda	ང	ṅ	token_final	reviewed_tibetan_exact_final_ng_historical_witness	target	reviewed	reviewed_explicit_feature_evidence	ordinary_tibetan_lexical_or_compound	secure_reviewed_alignment	high
wts_1_34	276	77	1	ཁོང	khon	khoṅ	pre_coda_structural_unit	ཁོ	kho	pre_coda_stem	reviewed_tibetan_exact_final_ng_historical_witness	source	historical_source	unaffected_feature_from_reviewed_source	ordinary_tibetan_lexical_or_compound	secure_reviewed_alignment	medium
wts_1_34	276	79	1	ཁོང	khon	khoṅ	suffix_coda	ང	ṅ	token_final	reviewed_tibetan_exact_final_ng_historical_witness	target	reviewed	reviewed_explicit_feature_evidence	ordinary_tibetan_lexical_or_compound	secure_reviewed_alignment	high
wts_1_34	276	79	1	ཁོང	khon	khoṅ	pre_coda_structural_unit	ཁོ	kho	pre_coda_stem	reviewed_tibetan_exact_final_ng_historical_witness	source	historical_source	unaffected_feature_from_reviewed_source	ordinary_tibetan_lexical_or_compound	secure_reviewed_alignment	medium
wts_1_34	276	94	1	ཁོང	khon	khoṅ	suffix_coda	ང	ṅ	token_final	reviewed_tibetan_exact_final_ng_historical_witness	target	reviewed	reviewed_explicit_feature_evidence	ordinary_tibetan_lexical_or_compound	secure_reviewed_alignment	high
wts_1_34	276	94	1	ཁོང	khon	khoṅ	pre_coda_structural_unit	ཁོ	kho	pre_coda_stem	reviewed_tibetan_exact_final_ng_historical_witness	source	historical_source	unaffected_feature_from_reviewed_source	ordinary_tibetan_lexical_or_compound	secure_reviewed_alignment	medium
wts_1_34	276	105	1	ཁོང	khon	khoṅ	suffix_coda	ང	ṅ	token_final	reviewed_tibetan_exact_final_ng_historical_witness	target	reviewed	reviewed_explicit_feature_evidence	ordinary_tibetan_lexical_or_compound	secure_reviewed_alignment	high
wts_1_34	276	105	1	ཁོང	khon	khoṅ	pre_coda_structural_unit	ཁོ	kho	pre_coda_stem	reviewed_tibetan_exact_final_ng_historical_witness	source	historical_source	unaffected_feature_from_reviewed_source	ordinary_tibetan_lexical_or_compound	secure_reviewed_alignment	medium
wts_1_34	276	114	1	ཁོང	khon	khoṅ	suffix_coda	ང	ṅ	token_final	reviewed_tibetan_exact_final_ng_historical_witness	target	reviewed	reviewed_explicit_feature_evidence	ordinary_tibetan_lexical_or_compound	secure_reviewed_alignment	high
wts_1_34	276	114	1	ཁོང	khon	khoṅ	pre_coda_structural_unit	ཁོ	kho	pre_coda_stem	reviewed_tibetan_exact_final_ng_historical_witness	source	historical_source	unaffected_feature_from_reviewed_source	ordinary_tibetan_lexical_or_compound	secure_reviewed_alignment	medium
wts_1_34	276	120	1	ཁོང	khon	khoṅ	suffix_coda	ང	ṅ	token_final	reviewed_tibetan_exact_final_ng_historical_witness	target	reviewed	reviewed_explicit_feature_evidence	ordinary_tibetan_lexical_or_compound	secure_reviewed_alignment	high
wts_1_34	276	120	1	ཁོང	khon	khoṅ	pre_coda_structural_unit	ཁོ	kho	pre_coda_stem	reviewed_tibetan_exact_final_ng_historical_witness	source	historical_source	unaffected_feature_from_reviewed_source	ordinary_tibetan_lexical_or_compound	secure_reviewed_alignment	medium
wts_1_34	276	121	1	ཁོང	khon	khoṅ	suffix_coda	ང	ṅ	token_final	reviewed_tibetan_exact_final_ng_historical_witness	target	reviewed	reviewed_explicit_feature_evidence	ordinary_tibetan_lexical_or_compound	secure_reviewed_alignment	high
wts_1_34	276	121	1	ཁོང	khon	khoṅ	pre_coda_structural_unit	ཁོ	kho	pre_coda_stem	reviewed_tibetan_exact_final_ng_historical_witness	source	historical_source	unaffected_feature_from_reviewed_source	ordinary_tibetan_lexical_or_compound	secure_reviewed_alignment	medium
wts_1_34	276	131	1	ཁོང	khon	khoṅ	suffix_coda	ང	ṅ	token_final	reviewed_tibetan_exact_final_ng_historical_witness	target	reviewed	reviewed_explicit_feature_evidence	ordinary_tibetan_lexical_or_compound	secure_reviewed_alignment	high
wts_1_34	276	131	1	ཁོང	khon	khoṅ	pre_coda_structural_unit	ཁོ	kho	pre_coda_stem	reviewed_tibetan_exact_final_ng_historical_witness	source	historical_source	unaffected_feature_from_reviewed_source	ordinary_tibetan_lexical_or_compound	secure_reviewed_alignment	medium
wts_1_34	276	157	1	ཁོང	khon	khoṅ	suffix_coda	ང	ṅ	token_final	reviewed_tibetan_exact_final_ng_historical_witness	target	reviewed	reviewed_explicit_feature_evidence	ordinary_tibetan_lexical_or_compound	secure_reviewed_alignment	high
wts_1_34	276	157	1	ཁོང	khon	khoṅ	pre_coda_structural_unit	ཁོ	kho	pre_coda_stem	reviewed_tibetan_exact_final_ng_historical_witness	source	historical_source	unaffected_feature_from_reviewed_source	ordinary_tibetan_lexical_or_compound	secure_reviewed_alignment	medium
wts_1_34	276	169	1	ཁོང	khon	khoṅ	suffix_coda	ང	ṅ	token_final	reviewed_tibetan_exact_final_ng_historical_witness	target	reviewed	reviewed_explicit_feature_evidence	ordinary_tibetan_lexical_or_compound	secure_reviewed_alignment	high
wts_1_34	276	169	1	ཁོང	khon	khoṅ	pre_coda_structural_unit	ཁོ	kho	pre_coda_stem	reviewed_tibetan_exact_final_ng_historical_witness	source	historical_source	unaffected_feature_from_reviewed_source	ordinary_tibetan_lexical_or_compound	secure_reviewed_alignment	medium
wts_1_34	276	177	1	ཁོང	khon	khoṅ	suffix_coda	ང	ṅ	token_final	reviewed_tibetan_exact_final_ng_historical_witness	target	reviewed	reviewed_explicit_feature_evidence	ordinary_tibetan_lexical_or_compound	secure_reviewed_alignment	high
wts_1_34	276	177	1	ཁོང	khon	khoṅ	pre_coda_structural_unit	ཁོ	kho	pre_coda_stem	reviewed_tibetan_exact_final_ng_historical_witness	source	historical_source	unaffected_feature_from_reviewed_source	ordinary_tibetan_lexical_or_compound	secure_reviewed_alignment	medium
wts_1_34	276	192	1	ཁོང	khon	khoṅ	suffix_coda	ང	ṅ	token_final	reviewed_tibetan_exact_final_ng_historical_witness	target	reviewed	reviewed_explicit_feature_evidence	ordinary_tibetan_lexical_or_compound	secure_reviewed_alignment	high
wts_1_34	276	192	1	ཁོང	khon	khoṅ	pre_coda_structural_unit	ཁོ	kho	pre_coda_stem	reviewed_tibetan_exact_final_ng_historical_witness	source	historical_source	unaffected_feature_from_reviewed_source	ordinary_tibetan_lexical_or_compound	secure_reviewed_alignment	medium
wts_1_34	276	206	1	ཁོང	khon	khoṅ	suffix_coda	ང	ṅ	token_final	reviewed_tibetan_exact_final_ng_historical_witness	target	reviewed	reviewed_explicit_feature_evidence	ordinary_tibetan_lexical_or_compound	secure_reviewed_alignment	high
wts_1_34	276	206	1	ཁོང	khon	khoṅ	pre_coda_structural_unit	ཁོ	kho	pre_coda_stem	reviewed_tibetan_exact_final_ng_historical_witness	source	historical_source	unaffected_feature_from_reviewed_source	ordinary_tibetan_lexical_or_compound	secure_reviewed_alignment	medium
wts_1_34	277	1	1	ཁོང	khon	khoṅ	suffix_coda	ང	ṅ	token_final	reviewed_tibetan_exact_final_ng_historical_witness	target	reviewed	reviewed_explicit_feature_evidence	ordinary_tibetan_lexical_or_compound	secure_reviewed_alignment	high
wts_1_34	277	1	1	ཁོང	khon	khoṅ	pre_coda_structural_unit	ཁོ	kho	pre_coda_stem	reviewed_tibetan_exact_final_ng_historical_witness	source	historical_source	unaffected_feature_from_reviewed_source	ordinary_tibetan_lexical_or_compound	secure_reviewed_alignment	medium
wts_1_34	277	8	1	ཁོང	khon	khoṅ	suffix_coda	ང	ṅ	token_final	reviewed_tibetan_exact_final_ng_historical_witness	target	reviewed	reviewed_explicit_feature_evidence	ordinary_tibetan_lexical_or_compound	secure_reviewed_alignment	high
wts_1_34	277	8	1	ཁོང	khon	khoṅ	pre_coda_structural_unit	ཁོ	kho	pre_coda_stem	reviewed_tibetan_exact_final_ng_historical_witness	source	historical_source	unaffected_feature_from_reviewed_source	ordinary_tibetan_lexical_or_compound	secure_reviewed_alignment	medium
wts_1_34	277	11	1	ཁོང	khon	khoṅ	suffix_coda	ང	ṅ	token_final	reviewed_tibetan_exact_final_ng_historical_witness	target	reviewed	reviewed_explicit_feature_evidence	ordinary_tibetan_lexical_or_compound	secure_reviewed_alignment	high
wts_1_34	277	11	1	ཁོང	khon	khoṅ	pre_coda_structural_unit	ཁོ	kho	pre_coda_stem	reviewed_tibetan_exact_final_ng_historical_witness	source	historical_source	unaffected_feature_from_reviewed_source	ordinary_tibetan_lexical_or_compound	secure_reviewed_alignment	medium
wts_1_34	277	20	1	ཁོང	khon	khoṅ	suffix_coda	ང	ṅ	token_final	reviewed_tibetan_exact_final_ng_historical_witness	target	reviewed	reviewed_explicit_feature_evidence	ordinary_tibetan_lexical_or_compound	secure_reviewed_alignment	high
wts_1_34	277	20	1	ཁོང	khon	khoṅ	pre_coda_structural_unit	ཁོ	kho	pre_coda_stem	reviewed_tibetan_exact_final_ng_historical_witness	source	historical_source	unaffected_feature_from_reviewed_source	ordinary_tibetan_lexical_or_compound	secure_reviewed_alignment	medium
wts_1_34	277	20	2	རང	ran	raṅ	suffix_coda	ང	ṅ	token_final	reviewed_tibetan_exact_script_ng_witness	target	reviewed	reviewed_explicit_feature_evidence	ordinary_tibetan_lexical_or_compound	secure_reviewed_alignment	high
wts_1_34	277	20	2	རང	ran	raṅ	pre_coda_structural_unit	ར	ra	pre_coda_stem	reviewed_tibetan_exact_script_ng_witness	source	historical_source	unaffected_feature_from_reviewed_source	ordinary_tibetan_lexical_or_compound	secure_reviewed_alignment	medium
wts_1_34	277	28	1	ཁོང	khon	khoṅ	suffix_coda	ང	ṅ	token_final	reviewed_tibetan_exact_final_ng_historical_witness	target	reviewed	reviewed_explicit_feature_evidence	ordinary_tibetan_lexical_or_compound	secure_reviewed_alignment	high
wts_1_34	277	28	1	ཁོང	khon	khoṅ	pre_coda_structural_unit	ཁོ	kho	pre_coda_stem	reviewed_tibetan_exact_final_ng_historical_witness	source	historical_source	unaffected_feature_from_reviewed_source	ordinary_tibetan_lexical_or_compound	secure_reviewed_alignment	medium
wts_1_34	277	30	1	ཁོང	khon	khoṅ	suffix_coda	ང	ṅ	token_final	reviewed_tibetan_exact_final_ng_historical_witness	target	reviewed	reviewed_explicit_feature_evidence	ordinary_tibetan_lexical_or_compound	secure_reviewed_alignment	high
wts_1_34	277	30	1	ཁོང	khon	khoṅ	pre_coda_structural_unit	ཁོ	kho	pre_coda_stem	reviewed_tibetan_exact_final_ng_historical_witness	source	historical_source	unaffected_feature_from_reviewed_source	ordinary_tibetan_lexical_or_compound	secure_reviewed_alignment	medium
wts_1_34	277	51	1	ཁོང	khon	khoṅ	suffix_coda	ང	ṅ	token_final	reviewed_tibetan_exact_final_ng_historical_witness	target	reviewed	reviewed_explicit_feature_evidence	ordinary_tibetan_lexical_or_compound	secure_reviewed_alignment	high
wts_1_34	277	51	1	ཁོང	khon	khoṅ	pre_coda_structural_unit	ཁོ	kho	pre_coda_stem	reviewed_tibetan_exact_final_ng_historical_witness	source	historical_source	unaffected_feature_from_reviewed_source	ordinary_tibetan_lexical_or_compound	secure_reviewed_alignment	medium
wts_1_34	277	57	1	ཁོང	khon	khoṅ	suffix_coda	ང	ṅ	token_final	reviewed_tibetan_exact_final_ng_historical_witness	target	reviewed	reviewed_explicit_feature_evidence	ordinary_tibetan_lexical_or_compound	secure_reviewed_alignment	high
wts_1_34	277	57	1	ཁོང	khon	khoṅ	pre_coda_structural_unit	ཁོ	kho	pre_coda_stem	reviewed_tibetan_exact_final_ng_historical_witness	source	historical_source	unaffected_feature_from_reviewed_source	ordinary_tibetan_lexical_or_compound	secure_reviewed_alignment	medium
wts_1_34	277	65	1	ཁོང	khon	khoṅ	suffix_coda	ང	ṅ	token_final	reviewed_tibetan_exact_final_ng_historical_witness	target	reviewed	reviewed_explicit_feature_evidence	ordinary_tibetan_lexical_or_compound	secure_reviewed_alignment	high
wts_1_34	277	65	1	ཁོང	khon	khoṅ	pre_coda_structural_unit	ཁོ	kho	pre_coda_stem	reviewed_tibetan_exact_final_ng_historical_witness	source	historical_source	unaffected_feature_from_reviewed_source	ordinary_tibetan_lexical_or_compound	secure_reviewed_alignment	medium
wts_1_34	277	188	2	ཏིང	tin	tiṅ	suffix_coda	ང	ṅ	token_final	reviewed_tibetan_exact_final_ng_historical_witness	target	reviewed	reviewed_explicit_feature_evidence	ordinary_tibetan_lexical_or_compound	secure_reviewed_alignment	high
wts_1_34	277	188	2	ཏིང	tin	tiṅ	pre_coda_structural_unit	ཏི	ti	pre_coda_stem	reviewed_tibetan_exact_final_ng_historical_witness	source	historical_source	unaffected_feature_from_reviewed_source	ordinary_tibetan_lexical_or_compound	secure_reviewed_alignment	medium
wts_1_34	282	1	3	ཤིང	sin	siṅ	suffix_coda	ང	ṅ	token_final	reviewed_tibetan_exact_final_ng_source_compatible	target	reviewed	reviewed_explicit_feature_evidence	ordinary_tibetan_lexical_or_compound	secure_reviewed_alignment	high
wts_1_34	282	1	3	ཤིང	sin	siṅ	pre_coda_structural_unit	ཤི	si	pre_coda_stem	reviewed_tibetan_exact_final_ng_source_compatible	source	historical_source	unaffected_feature_from_reviewed_source	ordinary_tibetan_lexical_or_compound	secure_reviewed_alignment	medium
wts_1_34	284	206	2	ཕུང	phun	phuṅ	suffix_coda	ང	ṅ	token_final	reviewed_tibetan_exact_final_ng_consensus	target	reviewed	reviewed_explicit_feature_evidence	ordinary_tibetan_lexical_or_compound	secure_reviewed_alignment	high
wts_1_34	284	206	2	ཕུང	phun	phuṅ	pre_coda_structural_unit	ཕུ	phu	pre_coda_stem	reviewed_tibetan_exact_final_ng_consensus	source	historical_source	unaffected_feature_from_reviewed_source	ordinary_tibetan_lexical_or_compound	secure_reviewed_alignment	medium
wts_1_34	285	33	2	སྦྱོང	sbyon	sbyoṅ	suffix_coda	ང	ṅ	token_final	reviewed_tibetan_exact_final_ng_consensus	target	reviewed	reviewed_explicit_feature_evidence	ordinary_tibetan_lexical_or_compound	secure_reviewed_alignment	high
wts_1_34	285	33	2	སྦྱོང	sbyon	sbyoṅ	pre_coda_structural_unit	སྦྱོ	sbyo	pre_coda_stem	reviewed_tibetan_exact_final_ng_consensus	source	historical_source	unaffected_feature_from_reviewed_source	ordinary_tibetan_lexical_or_compound	secure_reviewed_alignment	medium
wts_1_34	285	79	2	ཚང	tshan	tshaṅ	suffix_coda	ང	ṅ	token_final	reviewed_tibetan_exact_final_ng_consensus	target	reviewed	reviewed_explicit_feature_evidence	ordinary_tibetan_lexical_or_compound	secure_reviewed_alignment	high
wts_1_34	285	79	2	ཚང	tshan	tshaṅ	pre_coda_structural_unit	ཚ	tsha	pre_coda_stem	reviewed_tibetan_exact_final_ng_consensus	source	historical_source	unaffected_feature_from_reviewed_source	ordinary_tibetan_lexical_or_compound	secure_reviewed_alignment	medium
wts_1_34	286	1	2	སྐྱོང	skyon	skyoṅ	suffix_coda	ང	ṅ	token_final	reviewed_tibetan_exact_final_ng_consensus	target	reviewed	reviewed_explicit_feature_evidence	ordinary_tibetan_lexical_or_compound	secure_reviewed_alignment	high
wts_1_34	286	1	2	སྐྱོང	skyon	skyoṅ	pre_coda_structural_unit	སྐྱོ	skyo	pre_coda_stem	reviewed_tibetan_exact_final_ng_consensus	source	historical_source	unaffected_feature_from_reviewed_source	ordinary_tibetan_lexical_or_compound	secure_reviewed_alignment	medium
wts_1_34	286	21	2	སྐྱོང	skyon	skyoṅ	suffix_coda	ང	ṅ	token_final	reviewed_tibetan_exact_final_ng_consensus	target	reviewed	reviewed_explicit_feature_evidence	ordinary_tibetan_lexical_or_compound	secure_reviewed_alignment	high
wts_1_34	286	21	2	སྐྱོང	skyon	skyoṅ	pre_coda_structural_unit	སྐྱོ	skyo	pre_coda_stem	reviewed_tibetan_exact_final_ng_consensus	source	historical_source	unaffected_feature_from_reviewed_source	ordinary_tibetan_lexical_or_compound	secure_reviewed_alignment	medium
wts_1_34	286	103	3	རྐང	rkan	rkaṅ	suffix_coda	ང	ṅ	token_final	reviewed_tibetan_exact_final_ng_consensus	target	reviewed	reviewed_explicit_feature_evidence	ordinary_tibetan_lexical_or_compound	secure_reviewed_alignment	high
wts_1_34	286	103	3	རྐང	rkan	rkaṅ	pre_coda_structural_unit	རྐ	rka	pre_coda_stem	reviewed_tibetan_exact_final_ng_consensus	source	historical_source	unaffected_feature_from_reviewed_source	ordinary_tibetan_lexical_or_compound	secure_reviewed_alignment	medium
wts_1_34	287	97	2	སེང	sen	seṅ	suffix_coda	ང	ṅ	token_final	reviewed_tibetan_exact_final_ng_consensus	target	reviewed	reviewed_explicit_feature_evidence	ordinary_tibetan_lexical_or_compound	secure_reviewed_alignment	high
wts_1_34	287	97	2	སེང	sen	seṅ	pre_coda_structural_unit	སེ	se	pre_coda_stem	reviewed_tibetan_exact_final_ng_consensus	source	historical_source	unaffected_feature_from_reviewed_source	ordinary_tibetan_lexical_or_compound	secure_reviewed_alignment	medium
wts_1_34	287	130	2	གང	gan	gaṅ	suffix_coda			token_final	reviewed_tibetan_exact_script_ng_witness	target	reviewed	role_unresolved	ordinary_tibetan_lexical_or_compound	secure_reviewed_alignment	none
wts_1_34	288	169	3	ལྔ	Ina	lṅa	unsegmented_structural_unit	ལྔ	□□a	unaffected_span_support	reviewed_tibetan_exact_initial_i_l_family	source	historical_source	unaffected_feature_from_reviewed_source	ordinary_tibetan_lexical_or_compound	secure_reviewed_alignment	medium
wts_1_34	288	180	2	ཚང	tshan	tshaṅ	suffix_coda	ང	ṅ	token_final	reviewed_tibetan_exact_final_ng_consensus	target	reviewed	reviewed_explicit_feature_evidence	ordinary_tibetan_lexical_or_compound	secure_reviewed_alignment	high
wts_1_34	288	180	2	ཚང	tshan	tshaṅ	pre_coda_structural_unit	ཚ	tsha	pre_coda_stem	reviewed_tibetan_exact_final_ng_consensus	source	historical_source	unaffected_feature_from_reviewed_source	ordinary_tibetan_lexical_or_compound	secure_reviewed_alignment	medium
wts_1_34	289	119	2	མང	man	maṅ	suffix_coda			token_final	reviewed_tibetan_exact_final_ng_consensus	target	reviewed	role_unresolved	ordinary_tibetan_lexical_or_compound	secure_reviewed_alignment	none
wts_1_34	290	18	2	རང	ran	raṅ	suffix_coda	ང	ṅ	token_final	reviewed_tibetan_exact_script_ng_witness	target	reviewed	reviewed_explicit_feature_evidence	ordinary_tibetan_lexical_or_compound	secure_reviewed_alignment	high
wts_1_34	290	18	2	རང	ran	raṅ	pre_coda_structural_unit	ར	ra	pre_coda_stem	reviewed_tibetan_exact_script_ng_witness	source	historical_source	unaffected_feature_from_reviewed_source	ordinary_tibetan_lexical_or_compound	secure_reviewed_alignment	medium
wts_1_34	291	9	2	ཕུང	phun	phuṅ	suffix_coda	ང	ṅ	token_final	reviewed_tibetan_exact_final_ng_consensus	target	reviewed	reviewed_explicit_feature_evidence	ordinary_tibetan_lexical_or_compound	secure_reviewed_alignment	high
wts_1_34	291	9	2	ཕུང	phun	phuṅ	pre_coda_structural_unit	ཕུ	phu	pre_coda_stem	reviewed_tibetan_exact_final_ng_consensus	source	historical_source	unaffected_feature_from_reviewed_source	ordinary_tibetan_lexical_or_compound	secure_reviewed_alignment	medium
wts_1_34	291	9	3	ཕུང	phun	phuṅ	suffix_coda	ང	ṅ	token_final	reviewed_tibetan_exact_final_ng_consensus	target	reviewed	reviewed_explicit_feature_evidence	ordinary_tibetan_lexical_or_compound	secure_reviewed_alignment	high
wts_1_34	291	9	3	ཕུང	phun	phuṅ	pre_coda_structural_unit	ཕུ	phu	pre_coda_stem	reviewed_tibetan_exact_final_ng_consensus	source	historical_source	unaffected_feature_from_reviewed_source	ordinary_tibetan_lexical_or_compound	secure_reviewed_alignment	medium
wts_1_34	292	129	2	འཐུང	thun	thuṅ	suffix_coda	ང	ṅ	token_final	reviewed_tibetan_exact_final_ng_consensus	target	reviewed	reviewed_explicit_feature_evidence	ordinary_tibetan_lexical_or_compound	secure_reviewed_alignment	high
wts_1_34	292	129	2	འཐུང	thun	thuṅ	pre_coda_structural_unit	འཐུ	thu	pre_coda_stem	reviewed_tibetan_exact_final_ng_consensus	source	historical_source	unaffected_feature_from_reviewed_source	ordinary_tibetan_lexical_or_compound	secure_reviewed_alignment	medium
wts_1_34	293	196	2	ཤིང	sin	siṅ	suffix_coda	ང	ṅ	token_final	reviewed_tibetan_exact_final_ng_source_compatible	target	reviewed	reviewed_explicit_feature_evidence	ordinary_tibetan_lexical_or_compound	secure_reviewed_alignment	high
wts_1_34	293	196	2	ཤིང	sin	siṅ	pre_coda_structural_unit	ཤི	si	pre_coda_stem	reviewed_tibetan_exact_final_ng_source_compatible	source	historical_source	unaffected_feature_from_reviewed_source	ordinary_tibetan_lexical_or_compound	secure_reviewed_alignment	medium
wts_1_34	295	45	2	གླིང	glin	gliṅ	suffix_coda	ང	ṅ	token_final	reviewed_tibetan_exact_final_ng_consensus	target	reviewed	reviewed_explicit_feature_evidence	ordinary_tibetan_lexical_or_compound	secure_reviewed_alignment	high
wts_1_34	295	45	2	གླིང	glin	gliṅ	pre_coda_structural_unit	གླི	gli	pre_coda_stem	reviewed_tibetan_exact_final_ng_consensus	source	historical_source	unaffected_feature_from_reviewed_source	ordinary_tibetan_lexical_or_compound	secure_reviewed_alignment	medium
wts_1_34	295	114	3	ཤིང	sin	siṅ	suffix_coda	ང	ṅ	token_final	reviewed_tibetan_exact_final_ng_source_compatible	target	reviewed	reviewed_explicit_feature_evidence	ordinary_tibetan_lexical_or_compound	secure_reviewed_alignment	high
wts_1_34	295	114	3	ཤིང	sin	siṅ	pre_coda_structural_unit	ཤི	si	pre_coda_stem	reviewed_tibetan_exact_final_ng_source_compatible	source	historical_source	unaffected_feature_from_reviewed_source	ordinary_tibetan_lexical_or_compound	secure_reviewed_alignment	medium
wts_1_34	297	62	2	ཁང	khan	khaṅ	suffix_coda	ང	ṅ	token_final	reviewed_tibetan_exact_final_ng_consensus	target	reviewed	reviewed_explicit_feature_evidence	ordinary_tibetan_lexical_or_compound	secure_reviewed_alignment	high
wts_1_34	297	62	2	ཁང	khan	khaṅ	pre_coda_structural_unit	ཁ	kha	pre_coda_stem	reviewed_tibetan_exact_final_ng_consensus	source	historical_source	unaffected_feature_from_reviewed_source	ordinary_tibetan_lexical_or_compound	secure_reviewed_alignment	medium
wts_1_34	297	139	3	ཆུང	chun	chuṅ	suffix_coda	ང	ṅ	token_final	reviewed_tibetan_exact_script_ng_witness	target	reviewed	reviewed_explicit_feature_evidence	ordinary_tibetan_lexical_or_compound	secure_reviewed_alignment	high
wts_1_34	297	139	3	ཆུང	chun	chuṅ	pre_coda_structural_unit	ཆུ	chu	pre_coda_stem	reviewed_tibetan_exact_script_ng_witness	source	historical_source	unaffected_feature_from_reviewed_source	ordinary_tibetan_lexical_or_compound	secure_reviewed_alignment	medium
wts_1_34	297	175	3	དབང	dban	dbaṅ	suffix_coda	ང	ṅ	token_final	reviewed_tibetan_exact_final_ng_consensus	target	reviewed	reviewed_explicit_feature_evidence	ordinary_tibetan_lexical_or_compound	secure_reviewed_alignment	high
wts_1_34	297	175	3	དབང	dban	dbaṅ	pre_coda_structural_unit	དབ	dba	pre_coda_stem	reviewed_tibetan_exact_final_ng_consensus	source	historical_source	unaffected_feature_from_reviewed_source	ordinary_tibetan_lexical_or_compound	secure_reviewed_alignment	medium
wts_1_34	302	25	2	ཆུང	chun	chuṅ	suffix_coda	ང	ṅ	token_final	reviewed_tibetan_exact_script_ng_witness	target	reviewed	reviewed_explicit_feature_evidence	ordinary_tibetan_lexical_or_compound	secure_reviewed_alignment	high
wts_1_34	302	25	2	ཆུང	chun	chuṅ	pre_coda_structural_unit	ཆུ	chu	pre_coda_stem	reviewed_tibetan_exact_script_ng_witness	source	historical_source	unaffected_feature_from_reviewed_source	ordinary_tibetan_lexical_or_compound	secure_reviewed_alignment	medium
wts_1_34	303	1	2	དབང	dban	dbaṅ	suffix_coda	ང	ṅ	token_final	reviewed_tibetan_exact_final_ng_consensus	target	reviewed	reviewed_explicit_feature_evidence	ordinary_tibetan_lexical_or_compound	secure_reviewed_alignment	high
wts_1_34	303	1	2	དབང	dban	dbaṅ	pre_coda_structural_unit	དབ	dba	pre_coda_stem	reviewed_tibetan_exact_final_ng_consensus	source	historical_source	unaffected_feature_from_reviewed_source	ordinary_tibetan_lexical_or_compound	secure_reviewed_alignment	medium
wts_1_34	303	3	2	དབང	dban	dbaṅ	suffix_coda	ང	ṅ	token_final	reviewed_tibetan_exact_final_ng_consensus	target	reviewed	reviewed_explicit_feature_evidence	ordinary_tibetan_lexical_or_compound	secure_reviewed_alignment	high
wts_1_34	303	3	2	དབང	dban	dbaṅ	pre_coda_structural_unit	དབ	dba	pre_coda_stem	reviewed_tibetan_exact_final_ng_consensus	source	historical_source	unaffected_feature_from_reviewed_source	ordinary_tibetan_lexical_or_compound	secure_reviewed_alignment	medium
wts_1_34	303	117	2	ཆུང	chun	chuṅ	suffix_coda	ང	ṅ	token_final	reviewed_tibetan_exact_script_ng_witness	target	reviewed	reviewed_explicit_feature_evidence	ordinary_tibetan_lexical_or_compound	secure_reviewed_alignment	high
wts_1_34	303	117	2	ཆུང	chun	chuṅ	pre_coda_structural_unit	ཆུ	chu	pre_coda_stem	reviewed_tibetan_exact_script_ng_witness	source	historical_source	unaffected_feature_from_reviewed_source	ordinary_tibetan_lexical_or_compound	secure_reviewed_alignment	medium
wts_1_34	303	125	2	ཆུང	chun	chuṅ	suffix_coda	ང	ṅ	token_final	reviewed_tibetan_exact_script_ng_witness	target	reviewed	reviewed_explicit_feature_evidence	ordinary_tibetan_lexical_or_compound	secure_reviewed_alignment	high
wts_1_34	303	125	2	ཆུང	chun	chuṅ	pre_coda_structural_unit	ཆུ	chu	pre_coda_stem	reviewed_tibetan_exact_script_ng_witness	source	historical_source	unaffected_feature_from_reviewed_source	ordinary_tibetan_lexical_or_compound	secure_reviewed_alignment	medium
wts_1_34	304	68	2	ཆུང	chun	chuṅ	suffix_coda	ང	ṅ	token_final	reviewed_tibetan_exact_script_ng_witness	target	reviewed	reviewed_explicit_feature_evidence	ordinary_tibetan_lexical_or_compound	secure_reviewed_alignment	high
wts_1_34	304	68	2	ཆུང	chun	chuṅ	pre_coda_structural_unit	ཆུ	chu	pre_coda_stem	reviewed_tibetan_exact_script_ng_witness	source	historical_source	unaffected_feature_from_reviewed_source	ordinary_tibetan_lexical_or_compound	secure_reviewed_alignment	medium
wts_1_34	304	87	2	དྲུང	drun	druṅ	suffix_coda	ང	ṅ	token_final	reviewed_tibetan_exact_final_ng_consensus	target	reviewed	reviewed_explicit_feature_evidence	ordinary_tibetan_lexical_or_compound	secure_reviewed_alignment	high
wts_1_34	304	87	2	དྲུང	drun	druṅ	pre_coda_structural_unit	དྲུ	dru	pre_coda_stem	reviewed_tibetan_exact_final_ng_consensus	source	historical_source	unaffected_feature_from_reviewed_source	ordinary_tibetan_lexical_or_compound	secure_reviewed_alignment	medium
wts_1_34	310	109	4	འཁོར	\mkhar	↓ mkhar	unsegmented_structural_unit	འཁོར	□mkhar	unaffected_span_support	reviewed_tibetan_exact_reference_marker	source	historical_source	unaffected_feature_from_reviewed_source	ordinary_tibetan_lexical_or_compound	secure_reviewed_alignment	medium
wts_1_34	311	30	3	རླངས	\mkha’	↑ mkha’	unsegmented_structural_unit	རླངས	□mkha’	unaffected_span_support	reviewed_tibetan_exact_reference_marker	source	historical_source	unaffected_feature_from_reviewed_source	ordinary_tibetan_lexical_or_compound	secure_reviewed_alignment	medium
wts_1_34	314	84	2	ལྔ	Ina	lṅa	unsegmented_structural_unit	ལྔ	□□a	unaffected_span_support	reviewed_tibetan_exact_initial_i_l_family	source	historical_source	unaffected_feature_from_reviewed_source	ordinary_tibetan_lexical_or_compound	secure_reviewed_alignment	medium
wts_1_34	315	119	2	གོང	gon	goṅ	suffix_coda			token_final	reviewed_tibetan_exact_final_ng_consensus	target	reviewed	role_unresolved	ordinary_tibetan_lexical_or_compound	secure_reviewed_alignment	none
wts_1_34	321	174	2	ལིང	lin	liṅ	suffix_coda	ང	ṅ	token_final	reviewed_tibetan_exact_final_ng_consensus	target	reviewed	reviewed_explicit_feature_evidence	ordinary_tibetan_lexical_or_compound	secure_reviewed_alignment	high
wts_1_34	321	174	2	ལིང	lin	liṅ	pre_coda_structural_unit	ལི	li	pre_coda_stem	reviewed_tibetan_exact_final_ng_consensus	source	historical_source	unaffected_feature_from_reviewed_source	ordinary_tibetan_lexical_or_compound	secure_reviewed_alignment	medium
wts_1_34	322	61	3	གཏིང	gtin	gtiṅ	suffix_coda	ང	ṅ	token_final	reviewed_tibetan_exact_final_ng_consensus	target	reviewed	reviewed_explicit_feature_evidence	ordinary_tibetan_lexical_or_compound	secure_reviewed_alignment	high
wts_1_34	322	61	3	གཏིང	gtin	gtiṅ	pre_coda_structural_unit	གཏི	gti	pre_coda_stem	reviewed_tibetan_exact_final_ng_consensus	source	historical_source	unaffected_feature_from_reviewed_source	ordinary_tibetan_lexical_or_compound	secure_reviewed_alignment	medium
wts_1_34	322	122	3	བཞི	bzi	bźi	root_consonant	ཞ	ź	root	reviewed_tibetan_exact_transcription_integrity	target	reviewed	reviewed_explicit_feature_evidence	ordinary_tibetan_lexical_or_compound	secure_reviewed_alignment	high
wts_1_34	322	122	3	བཞི	bzi	bźi	unsegmented_structural_unit	བཞི	b□i	unaffected_span_support	reviewed_tibetan_exact_transcription_integrity	source	historical_source	unaffected_feature_from_reviewed_source	ordinary_tibetan_lexical_or_compound	secure_reviewed_alignment	medium
wts_1_34	322	162	3	རྐང	rkan	rkaṅ	suffix_coda	ང	ṅ	token_final	reviewed_tibetan_exact_final_ng_consensus	target	reviewed	reviewed_explicit_feature_evidence	ordinary_tibetan_lexical_or_compound	secure_reviewed_alignment	high
wts_1_34	322	162	3	རྐང	rkan	rkaṅ	pre_coda_structural_unit	རྐ	rka	pre_coda_stem	reviewed_tibetan_exact_final_ng_consensus	source	historical_source	unaffected_feature_from_reviewed_source	ordinary_tibetan_lexical_or_compound	secure_reviewed_alignment	medium
wts_1_34	322	177	3	གདོང	gdon	gdoṅ	suffix_coda	ང	ṅ	token_final	reviewed_tibetan_exact_final_ng_consensus	target	reviewed	reviewed_explicit_feature_evidence	ordinary_tibetan_lexical_or_compound	secure_reviewed_alignment	high
wts_1_34	322	177	3	གདོང	gdon	gdoṅ	pre_coda_structural_unit	གདོ	gdo	pre_coda_stem	reviewed_tibetan_exact_final_ng_consensus	source	historical_source	unaffected_feature_from_reviewed_source	ordinary_tibetan_lexical_or_compound	secure_reviewed_alignment	medium
wts_1_34	327	131	3	བ	Tmkhran	↑ mkhran	unsegmented_structural_unit	བ	□mkhran	unaffected_span_support	reviewed_tibetan_exact_reference_marker	source	historical_source	unaffected_feature_from_reviewed_source	ordinary_tibetan_lexical_or_compound	secure_reviewed_alignment	medium
wts_1_34	328	31	2	ཤིང	Sin	Siṅ	suffix_coda	ང	ṅ	token_final	reviewed_tibetan_exact_final_ng_source_compatible	target	reviewed	reviewed_explicit_feature_evidence	ordinary_tibetan_lexical_or_compound	secure_reviewed_alignment	high
wts_1_34	328	31	2	ཤིང	Sin	Siṅ	pre_coda_structural_unit	ཤི	Si	pre_coda_stem	reviewed_tibetan_exact_final_ng_source_compatible	source	historical_source	unaffected_feature_from_reviewed_source	ordinary_tibetan_lexical_or_compound	secure_reviewed_alignment	medium
wts_1_34	329	48	2	ཤིང	sin	siṅ	suffix_coda	ང	ṅ	token_final	reviewed_tibetan_exact_final_ng_source_compatible	target	reviewed	reviewed_explicit_feature_evidence	ordinary_tibetan_lexical_or_compound	secure_reviewed_alignment	high
wts_1_34	329	48	2	ཤིང	sin	siṅ	pre_coda_structural_unit	ཤི	si	pre_coda_stem	reviewed_tibetan_exact_final_ng_source_compatible	source	historical_source	unaffected_feature_from_reviewed_source	ordinary_tibetan_lexical_or_compound	secure_reviewed_alignment	medium
wts_1_34	332	90	2	སྣང	snan	snaṅ	suffix_coda	ང	ṅ	token_final	reviewed_tibetan_exact_script_ng_witness	target	reviewed	reviewed_explicit_feature_evidence	ordinary_tibetan_lexical_or_compound	secure_reviewed_alignment	high
wts_1_34	332	90	2	སྣང	snan	snaṅ	pre_coda_structural_unit	སྣ	sna	pre_coda_stem	reviewed_tibetan_exact_script_ng_witness	source	historical_source	unaffected_feature_from_reviewed_source	ordinary_tibetan_lexical_or_compound	secure_reviewed_alignment	medium
wts_1_34	334	190	3	དབང	dban	dbaṅ	suffix_coda	ང	ṅ	token_final	reviewed_tibetan_exact_final_ng_consensus	target	reviewed	reviewed_explicit_feature_evidence	ordinary_tibetan_lexical_or_compound	secure_reviewed_alignment	high
wts_1_34	334	190	3	དབང	dban	dbaṅ	pre_coda_structural_unit	དབ	dba	pre_coda_stem	reviewed_tibetan_exact_final_ng_consensus	source	historical_source	unaffected_feature_from_reviewed_source	ordinary_tibetan_lexical_or_compound	secure_reviewed_alignment	medium
wts_1_34	335	54	3	ཐང	than	thaṅ	suffix_coda	ང	ṅ	token_final	reviewed_tibetan_exact_final_ng_consensus	target	reviewed	reviewed_explicit_feature_evidence	ordinary_tibetan_lexical_or_compound	secure_reviewed_alignment	high
wts_1_34	335	54	3	ཐང	than	thaṅ	pre_coda_structural_unit	ཐ	tha	pre_coda_stem	reviewed_tibetan_exact_final_ng_consensus	source	historical_source	unaffected_feature_from_reviewed_source	ordinary_tibetan_lexical_or_compound	secure_reviewed_alignment	medium
wts_1_34	335	100	3	ཐང	than	thaṅ	suffix_coda	ང	ṅ	token_final	reviewed_tibetan_exact_final_ng_consensus	target	reviewed	reviewed_explicit_feature_evidence	ordinary_tibetan_lexical_or_compound	secure_reviewed_alignment	high
wts_1_34	335	100	3	ཐང	than	thaṅ	pre_coda_structural_unit	ཐ	tha	pre_coda_stem	reviewed_tibetan_exact_final_ng_consensus	source	historical_source	unaffected_feature_from_reviewed_source	ordinary_tibetan_lexical_or_compound	secure_reviewed_alignment	medium
wts_1_34	336	22	1	གང	gan	gaṅ	suffix_coda			token_final	reviewed_tibetan_exact_script_ng_witness	target	reviewed	role_unresolved	ordinary_tibetan_lexical_or_compound	secure_reviewed_alignment	none
wts_1_34	337	1	1	གང	gan	gaṅ	suffix_coda			token_final	reviewed_tibetan_exact_script_ng_witness	target	reviewed	role_unresolved	ordinary_tibetan_lexical_or_compound	secure_reviewed_alignment	none
wts_1_34	337	54	3	ཆུང	chun	chuṅ	suffix_coda	ང	ṅ	token_final	reviewed_tibetan_exact_script_ng_witness	target	reviewed	reviewed_explicit_feature_evidence	ordinary_tibetan_lexical_or_compound	secure_reviewed_alignment	high
wts_1_34	337	54	3	ཆུང	chun	chuṅ	pre_coda_structural_unit	ཆུ	chu	pre_coda_stem	reviewed_tibetan_exact_script_ng_witness	source	historical_source	unaffected_feature_from_reviewed_source	ordinary_tibetan_lexical_or_compound	secure_reviewed_alignment	medium
wts_1_34	337	101	1	གང	gah	gaṅ	suffix_coda			token_final	reviewed_tibetan_exact_final_ng_consensus	target	reviewed	role_unresolved	ordinary_tibetan_lexical_or_compound	secure_reviewed_alignment	none
wts_1_34	337	101	3	ཆུང	chun	chuṅ	suffix_coda	ང	ṅ	token_final	reviewed_tibetan_exact_script_ng_witness	target	reviewed	reviewed_explicit_feature_evidence	ordinary_tibetan_lexical_or_compound	secure_reviewed_alignment	high
wts_1_34	337	101	3	ཆུང	chun	chuṅ	pre_coda_structural_unit	ཆུ	chu	pre_coda_stem	reviewed_tibetan_exact_script_ng_witness	source	historical_source	unaffected_feature_from_reviewed_source	ordinary_tibetan_lexical_or_compound	secure_reviewed_alignment	medium
wts_1_34	337	111	1	གང	gan	gaṅ	suffix_coda			token_final	reviewed_tibetan_exact_script_ng_witness	target	reviewed	role_unresolved	ordinary_tibetan_lexical_or_compound	secure_reviewed_alignment	none
wts_1_34	337	148	1	གང	gan	gaṅ	suffix_coda			token_final	reviewed_tibetan_exact_script_ng_witness	target	reviewed	role_unresolved	ordinary_tibetan_lexical_or_compound	secure_reviewed_alignment	none
wts_1_34	337	172	1	གང	gan	gaṅ	suffix_coda			token_final	reviewed_tibetan_exact_script_ng_witness	target	reviewed	role_unresolved	ordinary_tibetan_lexical_or_compound	secure_reviewed_alignment	none
wts_1_34	337	187	1	གང	gan	gaṅ	suffix_coda			token_final	reviewed_tibetan_exact_script_ng_witness	target	reviewed	role_unresolved	ordinary_tibetan_lexical_or_compound	secure_reviewed_alignment	none
wts_1_34	337	187	2	གང	gan	gaṅ	suffix_coda			token_final	reviewed_tibetan_exact_script_ng_witness	target	reviewed	role_unresolved	ordinary_tibetan_lexical_or_compound	secure_reviewed_alignment	none
wts_1_34	338	1	1	གང	gan	gaṅ	suffix_coda			token_final	reviewed_tibetan_exact_script_ng_witness	target	reviewed	role_unresolved	ordinary_tibetan_lexical_or_compound	secure_reviewed_alignment	none
wts_1_34	338	2	1	གང	gan	gaṅ	suffix_coda			token_final	reviewed_tibetan_exact_script_ng_witness	target	reviewed	role_unresolved	ordinary_tibetan_lexical_or_compound	secure_reviewed_alignment	none
wts_1_34	338	4	1	གང	gan	gaṅ	suffix_coda			token_final	reviewed_tibetan_exact_script_ng_witness	target	reviewed	role_unresolved	ordinary_tibetan_lexical_or_compound	secure_reviewed_alignment	none
wts_1_34	338	11	1	གང	gan	gaṅ	suffix_coda			token_final	reviewed_tibetan_exact_script_ng_witness	target	reviewed	role_unresolved	ordinary_tibetan_lexical_or_compound	secure_reviewed_alignment	none
wts_1_34	338	18	1	གང	gan	gaṅ	suffix_coda			token_final	reviewed_tibetan_exact_script_ng_witness	target	reviewed	role_unresolved	ordinary_tibetan_lexical_or_compound	secure_reviewed_alignment	none
wts_1_34	338	19	1	གང	gan	gaṅ	suffix_coda			token_final	reviewed_tibetan_exact_script_ng_witness	target	reviewed	role_unresolved	ordinary_tibetan_lexical_or_compound	secure_reviewed_alignment	none
wts_1_34	338	26	1	གང	gan	gaṅ	suffix_coda			token_final	reviewed_tibetan_exact_script_ng_witness	target	reviewed	role_unresolved	ordinary_tibetan_lexical_or_compound	secure_reviewed_alignment	none
wts_1_34	338	26	2	སྟར	Itar	ltar	unsegmented_structural_unit	སྟར	□tar	unaffected_span_support	reviewed_tibetan_exact_initial_i_l_family	source	historical_source	unaffected_feature_from_reviewed_source	ordinary_tibetan_lexical_or_compound	secure_reviewed_alignment	medium
wts_1_34	338	47	1	གང	gan	gaṅ	suffix_coda			token_final	reviewed_tibetan_exact_script_ng_witness	target	reviewed	role_unresolved	ordinary_tibetan_lexical_or_compound	secure_reviewed_alignment	none
wts_1_34	338	48	1	གང	gan	gaṅ	suffix_coda			token_final	reviewed_tibetan_exact_script_ng_witness	target	reviewed	role_unresolved	ordinary_tibetan_lexical_or_compound	secure_reviewed_alignment	none
wts_1_34	338	61	1	གང	gan	gaṅ	suffix_coda			token_final	reviewed_tibetan_exact_script_ng_witness	target	reviewed	role_unresolved	ordinary_tibetan_lexical_or_compound	secure_reviewed_alignment	none
wts_1_34	338	68	1	གང	gan	gaṅ	suffix_coda			token_final	reviewed_tibetan_exact_script_ng_witness	target	reviewed	role_unresolved	ordinary_tibetan_lexical_or_compound	secure_reviewed_alignment	none
wts_1_34	338	83	3	དག	Tganı	↑ gaṅ	suffix_coda			token_final	reviewed_tibetan_exact_script_ng_witness	target	reviewed	role_unresolved	unclear	marker_or_damage	none
wts_1_34	338	85	1	གང	gan	gaṅ	suffix_coda			token_final	reviewed_tibetan_exact_script_ng_witness	target	reviewed	role_unresolved	ordinary_tibetan_lexical_or_compound	secure_reviewed_alignment	none
wts_1_34	338	87	1	གང	gan	gaṅ	suffix_coda			token_final	reviewed_tibetan_exact_script_ng_witness	target	reviewed	role_unresolved	ordinary_tibetan_lexical_or_compound	secure_reviewed_alignment	none
wts_1_34	338	96	1	གང	gan	gaṅ	suffix_coda			token_final	reviewed_tibetan_exact_script_ng_witness	target	reviewed	role_unresolved	ordinary_tibetan_lexical_or_compound	secure_reviewed_alignment	none
wts_1_34	338	98	1	གང	gan	gaṅ	suffix_coda			token_final	reviewed_tibetan_exact_script_ng_witness	target	reviewed	role_unresolved	ordinary_tibetan_lexical_or_compound	secure_reviewed_alignment	none
wts_1_34	338	114	1	གང	gan	gaṅ	suffix_coda			token_final	reviewed_tibetan_exact_script_ng_witness	target	reviewed	role_unresolved	ordinary_tibetan_lexical_or_compound	secure_reviewed_alignment	none
wts_1_34	338	116	1	གང	gan	gaṅ	suffix_coda			token_final	reviewed_tibetan_exact_script_ng_witness	target	reviewed	role_unresolved	ordinary_tibetan_lexical_or_compound	secure_reviewed_alignment	none
wts_1_34	338	123	1	གང	gan	gaṅ	suffix_coda			token_final	reviewed_tibetan_exact_script_ng_witness	target	reviewed	role_unresolved	ordinary_tibetan_lexical_or_compound	marker_or_damage	none
wts_1_34	338	135	1	གང	gani	gaṅ	unsegmented_structural_unit	གང	ga□	unaffected_span_support	reviewed_tibetan_exact_ocr_signature	source	historical_source	unaffected_feature_from_reviewed_source	ordinary_tibetan_lexical_or_compound	secure_reviewed_alignment	medium
wts_1_34	338	138	1	གང	gan	gaṅ	suffix_coda			token_final	reviewed_tibetan_exact_script_ng_witness	target	reviewed	role_unresolved	ordinary_tibetan_lexical_or_compound	secure_reviewed_alignment	none
wts_1_34	338	175	1	གང	gan	gaṅ	suffix_coda			token_final	reviewed_tibetan_exact_script_ng_witness	target	reviewed	role_unresolved	ordinary_tibetan_lexical_or_compound	secure_reviewed_alignment	none
wts_1_34	339	1	1	གང	gan	gaṅ	suffix_coda			token_final	reviewed_tibetan_exact_script_ng_witness	target	reviewed	role_unresolved	ordinary_tibetan_lexical_or_compound	secure_reviewed_alignment	none
wts_1_34	339	51	1	གང	gan	gaṅ	suffix_coda			token_final	reviewed_tibetan_exact_script_ng_witness	target	reviewed	role_unresolved	ordinary_tibetan_lexical_or_compound	secure_reviewed_alignment	none
wts_1_34	339	80	1	གང	gan	gaṅ	suffix_coda			token_final	reviewed_tibetan_exact_script_ng_witness	target	reviewed	role_unresolved	ordinary_tibetan_lexical_or_compound	secure_reviewed_alignment	none
wts_1_34	339	110	1	གང	gan	gaṅ	suffix_coda			token_final	reviewed_tibetan_exact_script_ng_witness	target	reviewed	role_unresolved	ordinary_tibetan_lexical_or_compound	secure_reviewed_alignment	none
wts_1_34	339	122	1	གང	gan	gaṅ	suffix_coda			token_final	reviewed_tibetan_exact_script_ng_witness	target	reviewed	role_unresolved	ordinary_tibetan_lexical_or_compound	secure_reviewed_alignment	none
wts_1_34	339	144	1	གང	gan	gaṅ	suffix_coda			token_final	reviewed_tibetan_exact_script_ng_witness	target	reviewed	role_unresolved	ordinary_tibetan_lexical_or_compound	secure_reviewed_alignment	none
wts_1_34	339	162	1	གང	gan	gaṅ	suffix_coda			token_final	reviewed_tibetan_exact_script_ng_witness	target	reviewed	role_unresolved	ordinary_tibetan_lexical_or_compound	secure_reviewed_alignment	none
wts_1_34	339	164	1	གང	gan	gaṅ	suffix_coda			token_final	reviewed_tibetan_exact_script_ng_witness	target	reviewed	role_unresolved	ordinary_tibetan_lexical_or_compound	secure_reviewed_alignment	none
wts_1_34	339	169	1	གང	gan	gaṅ	suffix_coda			token_final	reviewed_tibetan_exact_script_ng_witness	target	reviewed	role_unresolved	ordinary_tibetan_lexical_or_compound	secure_reviewed_alignment	none
wts_1_34	340	15	2	ཞིག	Zig	źig	unsegmented_structural_unit	ཞིག	□ig	unaffected_span_support	reviewed_tibetan_exact_ocr_signature	source	historical_source	unaffected_feature_from_reviewed_source	ordinary_tibetan_lexical_or_compound	secure_reviewed_alignment	medium
wts_1_34	341	1	2	རུང	run	ruṅ	suffix_coda	ང	ṅ	token_final	reviewed_tibetan_exact_final_ng_historical_witness	target	reviewed	reviewed_explicit_feature_evidence	ordinary_tibetan_lexical_or_compound	secure_reviewed_alignment	high
wts_1_34	341	1	2	རུང	run	ruṅ	pre_coda_structural_unit	རུ	ru	pre_coda_stem	reviewed_tibetan_exact_final_ng_historical_witness	source	historical_source	unaffected_feature_from_reviewed_source	ordinary_tibetan_lexical_or_compound	secure_reviewed_alignment	medium
wts_1_34	341	47	1	གང	gan	gaṅ	suffix_coda			token_final	reviewed_tibetan_exact_script_ng_witness	target	reviewed	role_unresolved	ordinary_tibetan_lexical_or_compound	secure_reviewed_alignment	none
wts_1_34	341	140	3	ཐང	than	thaṅ	suffix_coda	ང	ṅ	token_final	reviewed_tibetan_exact_final_ng_consensus	target	reviewed	reviewed_explicit_feature_evidence	ordinary_tibetan_lexical_or_compound	secure_reviewed_alignment	high
wts_1_34	341	140	3	ཐང	than	thaṅ	pre_coda_structural_unit	ཐ	tha	pre_coda_stem	reviewed_tibetan_exact_final_ng_consensus	source	historical_source	unaffected_feature_from_reviewed_source	ordinary_tibetan_lexical_or_compound	secure_reviewed_alignment	medium
wts_1_34	341	190	4	ཆུང	chun	chuṅ	suffix_coda	ང	ṅ	token_final	reviewed_tibetan_exact_script_ng_witness	target	reviewed	reviewed_explicit_feature_evidence	ordinary_tibetan_lexical_or_compound	secure_reviewed_alignment	high
wts_1_34	341	190	4	ཆུང	chun	chuṅ	pre_coda_structural_unit	ཆུ	chu	pre_coda_stem	reviewed_tibetan_exact_script_ng_witness	source	historical_source	unaffected_feature_from_reviewed_source	ordinary_tibetan_lexical_or_compound	secure_reviewed_alignment	medium
wts_1_34	341	197	1	གང	gan	gaṅ	suffix_coda			token_final	reviewed_tibetan_exact_script_ng_witness	target	reviewed	role_unresolved	ordinary_tibetan_lexical_or_compound	secure_reviewed_alignment	none
wts_1_34	344	1	3	དབང	dban	dbaṅ	suffix_coda	ང	ṅ	token_final	reviewed_tibetan_exact_final_ng_consensus	target	reviewed	reviewed_explicit_feature_evidence	ordinary_tibetan_lexical_or_compound	secure_reviewed_alignment	high
wts_1_34	344	1	3	དབང	dban	dbaṅ	pre_coda_structural_unit	དབ	dba	pre_coda_stem	reviewed_tibetan_exact_final_ng_consensus	source	historical_source	unaffected_feature_from_reviewed_source	ordinary_tibetan_lexical_or_compound	secure_reviewed_alignment	medium
wts_1_34	344	18	2	སེང	seh	seṅ	suffix_coda	ང	ṅ	token_final	reviewed_tibetan_exact_final_ng_consensus	target	reviewed	reviewed_explicit_feature_evidence	ordinary_tibetan_lexical_or_compound	secure_reviewed_alignment	high
wts_1_34	344	18	2	སེང	seh	seṅ	pre_coda_structural_unit	སེ	se	pre_coda_stem	reviewed_tibetan_exact_final_ng_consensus	source	historical_source	unaffected_feature_from_reviewed_source	ordinary_tibetan_lexical_or_compound	secure_reviewed_alignment	medium
wts_1_34	346	106	2	ཁུང	khun	khuṅ	suffix_coda	ང	ṅ	token_final	reviewed_tibetan_exact_final_ng_consensus	target	reviewed	reviewed_explicit_feature_evidence	ordinary_tibetan_lexical_or_compound	secure_reviewed_alignment	high
wts_1_34	346	106	2	ཁུང	khun	khuṅ	pre_coda_structural_unit	ཁུ	khu	pre_coda_stem	reviewed_tibetan_exact_final_ng_consensus	source	historical_source	unaffected_feature_from_reviewed_source	ordinary_tibetan_lexical_or_compound	secure_reviewed_alignment	medium
wts_1_34	346	127	2	ཁུང	khun	khuṅ	suffix_coda	ང	ṅ	token_final	reviewed_tibetan_exact_final_ng_consensus	target	reviewed	reviewed_explicit_feature_evidence	ordinary_tibetan_lexical_or_compound	secure_reviewed_alignment	high
wts_1_34	346	127	2	ཁུང	khun	khuṅ	pre_coda_structural_unit	ཁུ	khu	pre_coda_stem	reviewed_tibetan_exact_final_ng_consensus	source	historical_source	unaffected_feature_from_reviewed_source	ordinary_tibetan_lexical_or_compound	secure_reviewed_alignment	medium
wts_1_34	347	185	4	གཞི	gZi	gźi	root_consonant	ཞ	ź	root	reviewed_tibetan_exact_transcription_integrity	target	reviewed	reviewed_explicit_feature_evidence	ordinary_tibetan_lexical_or_compound	secure_reviewed_alignment	high
wts_1_34	347	185	4	གཞི	gZi	gźi	unsegmented_structural_unit	གཞི	g□i	unaffected_span_support	reviewed_tibetan_exact_transcription_integrity	source	historical_source	unaffected_feature_from_reviewed_source	ordinary_tibetan_lexical_or_compound	secure_reviewed_alignment	medium
wts_1_34	348	78	3	མཐོང	mthon	mthoṅ	suffix_coda	ང	ṅ	token_final	reviewed_tibetan_exact_final_ng_consensus	target	reviewed	reviewed_explicit_feature_evidence	ordinary_tibetan_lexical_or_compound	secure_reviewed_alignment	high
wts_1_34	348	78	3	མཐོང	mthon	mthoṅ	pre_coda_structural_unit	མཐོ	mtho	pre_coda_stem	reviewed_tibetan_exact_final_ng_consensus	source	historical_source	unaffected_feature_from_reviewed_source	ordinary_tibetan_lexical_or_compound	secure_reviewed_alignment	medium
wts_1_34	350	14	2	གོང	gon	goṅ	suffix_coda			token_final	reviewed_tibetan_exact_final_ng_consensus	target	reviewed	role_unresolved	ordinary_tibetan_lexical_or_compound	secure_reviewed_alignment	none
wts_1_34	350	27	2	ཝང	wan	waṅ	suffix_coda	ང	ṅ	token_final	reviewed_tibetan_exact_final_ng_consensus	target	reviewed	reviewed_explicit_feature_evidence	ordinary_tibetan_lexical_or_compound	secure_reviewed_alignment	high
wts_1_34	350	27	2	ཝང	wan	waṅ	pre_coda_structural_unit	ཝ	wa	pre_coda_stem	reviewed_tibetan_exact_final_ng_consensus	source	historical_source	unaffected_feature_from_reviewed_source	ordinary_tibetan_lexical_or_compound	secure_reviewed_alignment	medium
wts_1_34	350	60	2	ལིང	lin	liṅ	suffix_coda	ང	ṅ	token_final	reviewed_tibetan_exact_final_ng_consensus	target	reviewed	reviewed_explicit_feature_evidence	ordinary_tibetan_lexical_or_compound	secure_reviewed_alignment	high
wts_1_34	350	60	2	ལིང	lin	liṅ	pre_coda_structural_unit	ལི	li	pre_coda_stem	reviewed_tibetan_exact_final_ng_consensus	source	historical_source	unaffected_feature_from_reviewed_source	ordinary_tibetan_lexical_or_compound	secure_reviewed_alignment	medium
wts_1_34	351	71	2	ལིང	lin	liṅ	suffix_coda	ང	ṅ	token_final	reviewed_tibetan_exact_final_ng_consensus	target	reviewed	reviewed_explicit_feature_evidence	ordinary_tibetan_lexical_or_compound	secure_reviewed_alignment	high
wts_1_34	351	71	2	ལིང	lin	liṅ	pre_coda_structural_unit	ལི	li	pre_coda_stem	reviewed_tibetan_exact_final_ng_consensus	source	historical_source	unaffected_feature_from_reviewed_source	ordinary_tibetan_lexical_or_compound	secure_reviewed_alignment	medium
wts_1_34	351	159	1	གུང	gun	guṅ	suffix_coda			token_final	reviewed_tibetan_exact_final_ng_consensus	target	reviewed	role_unresolved	ordinary_tibetan_lexical_or_compound	secure_reviewed_alignment	none
wts_1_34	351	193	1	གུང	gun	guṅ	suffix_coda			token_final	reviewed_tibetan_exact_final_ng_consensus	target	reviewed	role_unresolved	ordinary_tibetan_lexical_or_compound	secure_reviewed_alignment	none
wts_1_34	351	199	1	གུང	gun	guṅ	suffix_coda			token_final	reviewed_tibetan_exact_final_ng_consensus	target	reviewed	role_unresolved	ordinary_tibetan_lexical_or_compound	secure_reviewed_alignment	none
wts_1_34	351	206	1	གུང	gun	guṅ	suffix_coda			token_final	reviewed_tibetan_exact_final_ng_consensus	target	reviewed	role_unresolved	ordinary_tibetan_lexical_or_compound	secure_reviewed_alignment	none
wts_1_34	352	1	1	གུང	gun	guṅ	suffix_coda			token_final	reviewed_tibetan_exact_final_ng_consensus	target	reviewed	role_unresolved	ordinary_tibetan_lexical_or_compound	secure_reviewed_alignment	none
wts_1_34	352	1	2	ཐང	than	thaṅ	suffix_coda	ང	ṅ	token_final	reviewed_tibetan_exact_final_ng_consensus	target	reviewed	reviewed_explicit_feature_evidence	ordinary_tibetan_lexical_or_compound	secure_reviewed_alignment	high
wts_1_34	352	1	2	ཐང	than	thaṅ	pre_coda_structural_unit	ཐ	tha	pre_coda_stem	reviewed_tibetan_exact_final_ng_consensus	source	historical_source	unaffected_feature_from_reviewed_source	ordinary_tibetan_lexical_or_compound	secure_reviewed_alignment	medium
wts_1_34	352	21	1	གུང	gun	guṅ	suffix_coda			token_final	reviewed_tibetan_exact_final_ng_consensus	target	reviewed	role_unresolved	ordinary_tibetan_lexical_or_compound	secure_reviewed_alignment	none
wts_1_34	352	39	1	གུང	gun	guṅ	suffix_coda			token_final	reviewed_tibetan_exact_final_ng_consensus	target	reviewed	role_unresolved	ordinary_tibetan_lexical_or_compound	secure_reviewed_alignment	none
wts_1_34	352	48	1	གུང	gun	guṅ	suffix_coda			token_final	reviewed_tibetan_exact_final_ng_consensus	target	reviewed	role_unresolved	ordinary_tibetan_lexical_or_compound	secure_reviewed_alignment	none
wts_1_34	352	54	1	གུང	gun	guṅ	suffix_coda			token_final	reviewed_tibetan_exact_final_ng_consensus	target	reviewed	role_unresolved	ordinary_tibetan_lexical_or_compound	secure_reviewed_alignment	none
wts_1_34	352	70	1	གུང	gun	guṅ	suffix_coda			token_final	reviewed_tibetan_exact_final_ng_consensus	target	reviewed	role_unresolved	ordinary_tibetan_lexical_or_compound	secure_reviewed_alignment	none
wts_1_34	352	76	1	གུང	gun	guṅ	suffix_coda			token_final	reviewed_tibetan_exact_final_ng_consensus	target	reviewed	role_unresolved	ordinary_tibetan_lexical_or_compound	secure_reviewed_alignment	none
wts_1_34	352	105	1	གུང	gun	guṅ	suffix_coda			token_final	reviewed_tibetan_exact_final_ng_consensus	target	reviewed	role_unresolved	ordinary_tibetan_lexical_or_compound	secure_reviewed_alignment	none
wts_1_34	353	25	2	ཁང	khan	khaṅ	suffix_coda	ང	ṅ	token_final	reviewed_tibetan_exact_final_ng_consensus	target	reviewed	reviewed_explicit_feature_evidence	ordinary_tibetan_lexical_or_compound	secure_reviewed_alignment	high
wts_1_34	353	25	2	ཁང	khan	khaṅ	pre_coda_structural_unit	ཁ	kha	pre_coda_stem	reviewed_tibetan_exact_final_ng_consensus	source	historical_source	unaffected_feature_from_reviewed_source	ordinary_tibetan_lexical_or_compound	secure_reviewed_alignment	medium
wts_1_34	355	1	3	ཤིང	sin	siṅ	suffix_coda	ང	ṅ	token_final	reviewed_tibetan_exact_final_ng_source_compatible	target	reviewed	reviewed_explicit_feature_evidence	ordinary_tibetan_lexical_or_compound	secure_reviewed_alignment	high
wts_1_34	355	1	3	ཤིང	sin	siṅ	pre_coda_structural_unit	ཤི	si	pre_coda_stem	reviewed_tibetan_exact_final_ng_source_compatible	source	historical_source	unaffected_feature_from_reviewed_source	ordinary_tibetan_lexical_or_compound	secure_reviewed_alignment	medium
wts_1_34	355	3	3	ཤིང	sin	siṅ	suffix_coda	ང	ṅ	token_final	reviewed_tibetan_exact_final_ng_source_compatible	target	reviewed	reviewed_explicit_feature_evidence	ordinary_tibetan_lexical_or_compound	secure_reviewed_alignment	high
wts_1_34	355	3	3	ཤིང	sin	siṅ	pre_coda_structural_unit	ཤི	si	pre_coda_stem	reviewed_tibetan_exact_final_ng_source_compatible	source	historical_source	unaffected_feature_from_reviewed_source	ordinary_tibetan_lexical_or_compound	secure_reviewed_alignment	medium
wts_1_34	357	33	2	འཕང	phan	phaṅ	suffix_coda	ང	ṅ	token_final	reviewed_tibetan_exact_final_ng_consensus	target	reviewed	reviewed_explicit_feature_evidence	ordinary_tibetan_lexical_or_compound	secure_reviewed_alignment	high
wts_1_34	357	33	2	འཕང	phan	phaṅ	pre_coda_structural_unit	འཕ	pha	pre_coda_stem	reviewed_tibetan_exact_final_ng_consensus	source	historical_source	unaffected_feature_from_reviewed_source	ordinary_tibetan_lexical_or_compound	secure_reviewed_alignment	medium
wts_1_34	358	128	3	ལོང	lon	loṅ	suffix_coda	ང	ṅ	token_final	reviewed_tibetan_exact_final_ng_consensus	target	reviewed	reviewed_explicit_feature_evidence	ordinary_tibetan_lexical_or_compound	secure_reviewed_alignment	high
wts_1_34	358	128	3	ལོང	lon	loṅ	pre_coda_structural_unit	ལོ	lo	pre_coda_stem	reviewed_tibetan_exact_final_ng_consensus	source	historical_source	unaffected_feature_from_reviewed_source	ordinary_tibetan_lexical_or_compound	secure_reviewed_alignment	medium
wts_1_34	359	57	1	གོང	gon	goṅ	suffix_coda			token_final	reviewed_tibetan_exact_final_ng_consensus	target	reviewed	role_unresolved	ordinary_tibetan_lexical_or_compound	secure_reviewed_alignment	none
wts_1_34	359	84	1	གོང	gon	goṅ	suffix_coda			token_final	reviewed_tibetan_exact_final_ng_consensus	target	reviewed	role_unresolved	ordinary_tibetan_lexical_or_compound	secure_reviewed_alignment	none
wts_1_34	359	161	1	གོང	gon	goṅ	suffix_coda			token_final	reviewed_tibetan_exact_final_ng_consensus	target	reviewed	role_unresolved	ordinary_tibetan_lexical_or_compound	secure_reviewed_alignment	none
wts_1_34	359	210	1	གོང	gon	goṅ	suffix_coda			token_final	reviewed_tibetan_exact_final_ng_consensus	target	reviewed	role_unresolved	ordinary_tibetan_lexical_or_compound	secure_reviewed_alignment	none
wts_1_34	360	4	1	གོང	gon	goṅ	suffix_coda			token_final	reviewed_tibetan_exact_final_ng_consensus	target	reviewed	role_unresolved	ordinary_tibetan_lexical_or_compound	secure_reviewed_alignment	none
wts_1_34	360	4	2	གོང	gon	goṅ	suffix_coda			token_final	reviewed_tibetan_exact_final_ng_consensus	target	reviewed	role_unresolved	ordinary_tibetan_lexical_or_compound	secure_reviewed_alignment	none
wts_1_34	360	8	1	གོང	gon	goṅ	suffix_coda			token_final	reviewed_tibetan_exact_final_ng_consensus	target	reviewed	role_unresolved	ordinary_tibetan_lexical_or_compound	secure_reviewed_alignment	none
wts_1_34	360	14	1	གོང	gon	goṅ	suffix_coda			token_final	reviewed_tibetan_exact_final_ng_consensus	target	reviewed	role_unresolved	ordinary_tibetan_lexical_or_compound	secure_reviewed_alignment	none
wts_1_34	360	20	1	གོང	gon	goṅ	suffix_coda			token_final	reviewed_tibetan_exact_final_ng_consensus	target	reviewed	role_unresolved	ordinary_tibetan_lexical_or_compound	marker_or_damage	none
wts_1_34	360	25	1	གོང	gon	goṅ	suffix_coda			token_final	reviewed_tibetan_exact_final_ng_consensus	target	reviewed	role_unresolved	ordinary_tibetan_lexical_or_compound	secure_reviewed_alignment	none
wts_1_34	360	30	1	གོང	gon	goṅ	suffix_coda			token_final	reviewed_tibetan_exact_final_ng_consensus	target	reviewed	role_unresolved	ordinary_tibetan_lexical_or_compound	secure_reviewed_alignment	none
wts_1_34	360	30	2	ཐང	than	thaṅ	suffix_coda	ང	ṅ	token_final	reviewed_tibetan_exact_final_ng_consensus	target	reviewed	reviewed_explicit_feature_evidence	ordinary_tibetan_lexical_or_compound	secure_reviewed_alignment	high
wts_1_34	360	30	2	ཐང	than	thaṅ	pre_coda_structural_unit	ཐ	tha	pre_coda_stem	reviewed_tibetan_exact_final_ng_consensus	source	historical_source	unaffected_feature_from_reviewed_source	ordinary_tibetan_lexical_or_compound	secure_reviewed_alignment	medium
wts_1_34	360	38	1	གོང	gon	goṅ	suffix_coda			token_final	reviewed_tibetan_exact_final_ng_consensus	target	reviewed	role_unresolved	ordinary_tibetan_lexical_or_compound	secure_reviewed_alignment	none
wts_1_34	360	47	1	གོང	gon	goṅ	suffix_coda			token_final	reviewed_tibetan_exact_final_ng_consensus	target	reviewed	role_unresolved	ordinary_tibetan_lexical_or_compound	secure_reviewed_alignment	none
wts_1_34	360	56	1	གོང	gon	goṅ	suffix_coda			token_final	reviewed_tibetan_exact_final_ng_consensus	target	reviewed	role_unresolved	ordinary_tibetan_lexical_or_compound	secure_reviewed_alignment	none
wts_1_34	360	56	3	གོང	gon	goṅ	suffix_coda			token_final	reviewed_tibetan_exact_final_ng_consensus	target	reviewed	role_unresolved	ordinary_tibetan_lexical_or_compound	secure_reviewed_alignment	none
wts_1_34	360	66	1	གོང	gon	goṅ	suffix_coda			token_final	reviewed_tibetan_exact_final_ng_consensus	target	reviewed	role_unresolved	ordinary_tibetan_lexical_or_compound	secure_reviewed_alignment	none
wts_1_34	360	73	1	གོང	gon	goṅ	suffix_coda			token_final	reviewed_tibetan_exact_final_ng_consensus	target	reviewed	role_unresolved	ordinary_tibetan_lexical_or_compound	secure_reviewed_alignment	none
wts_1_34	360	111	1	གོང	gon	goṅ	suffix_coda			token_final	reviewed_tibetan_exact_final_ng_consensus	target	reviewed	role_unresolved	ordinary_tibetan_lexical_or_compound	secure_reviewed_alignment	none
wts_1_34	360	125	1	གོང	gon	goṅ	suffix_coda			token_final	reviewed_tibetan_exact_final_ng_consensus	target	reviewed	role_unresolved	ordinary_tibetan_lexical_or_compound	secure_reviewed_alignment	none
wts_1_34	360	143	1	གོང	gon	goṅ	suffix_coda			token_final	reviewed_tibetan_exact_final_ng_consensus	target	reviewed	role_unresolved	ordinary_tibetan_lexical_or_compound	secure_reviewed_alignment	none
wts_1_34	360	146	1	གོང	gon	goṅ	suffix_coda			token_final	reviewed_tibetan_exact_final_ng_consensus	target	reviewed	role_unresolved	ordinary_tibetan_lexical_or_compound	secure_reviewed_alignment	none
wts_1_34	360	151	1	གོང	gon	goṅ	suffix_coda			token_final	reviewed_tibetan_exact_final_ng_consensus	target	reviewed	role_unresolved	ordinary_tibetan_lexical_or_compound	secure_reviewed_alignment	none
wts_1_34	361	1	1	གོང	gon	goṅ	suffix_coda			token_final	reviewed_tibetan_exact_final_ng_consensus	target	reviewed	role_unresolved	ordinary_tibetan_lexical_or_compound	secure_reviewed_alignment	none
wts_1_34	361	1	3	གོང	gon	goṅ	suffix_coda			token_final	reviewed_tibetan_exact_final_ng_consensus	target	reviewed	role_unresolved	ordinary_tibetan_lexical_or_compound	secure_reviewed_alignment	none
wts_1_34	361	50	1	གོང	gon	goṅ	suffix_coda			token_final	reviewed_tibetan_exact_final_ng_consensus	target	reviewed	role_unresolved	ordinary_tibetan_lexical_or_compound	secure_reviewed_alignment	none
wts_1_34	361	50	3	གོང	gon	goṅ	suffix_coda			token_final	reviewed_tibetan_exact_final_ng_consensus	target	reviewed	role_unresolved	ordinary_tibetan_lexical_or_compound	secure_reviewed_alignment	none
wts_1_34	361	57	1	གོང	gon	goṅ	suffix_coda			token_final	reviewed_tibetan_exact_final_ng_consensus	target	reviewed	role_unresolved	ordinary_tibetan_lexical_or_compound	secure_reviewed_alignment	none
wts_1_34	361	78	1	གོང	gon	goṅ	suffix_coda			token_final	reviewed_tibetan_exact_final_ng_consensus	target	reviewed	role_unresolved	ordinary_tibetan_lexical_or_compound	secure_reviewed_alignment	none
wts_1_34	361	84	1	གོང	gon	goṅ	suffix_coda			token_final	reviewed_tibetan_exact_final_ng_consensus	target	reviewed	role_unresolved	ordinary_tibetan_lexical_or_compound	secure_reviewed_alignment	none
wts_1_34	361	88	1	གོང	gon	goṅ	suffix_coda			token_final	reviewed_tibetan_exact_final_ng_consensus	target	reviewed	role_unresolved	ordinary_tibetan_lexical_or_compound	secure_reviewed_alignment	none
wts_1_34	361	101	1	གོང	gon	goṅ	suffix_coda			token_final	reviewed_tibetan_exact_final_ng_consensus	target	reviewed	role_unresolved	ordinary_tibetan_lexical_or_compound	secure_reviewed_alignment	none
wts_1_34	361	118	1	གོང	gon	goṅ	suffix_coda			token_final	reviewed_tibetan_exact_final_ng_consensus	target	reviewed	role_unresolved	ordinary_tibetan_lexical_or_compound	secure_reviewed_alignment	none
wts_1_34	364	163	2	བཟང	bzan	bzaṅ	suffix_coda	ང	ṅ	token_final	reviewed_tibetan_exact_final_ng_consensus	target	reviewed	reviewed_explicit_feature_evidence	ordinary_tibetan_lexical_or_compound	secure_reviewed_alignment	high
wts_1_34	364	163	2	བཟང	bzan	bzaṅ	pre_coda_structural_unit	བཟ	bza	pre_coda_stem	reviewed_tibetan_exact_final_ng_consensus	source	historical_source	unaffected_feature_from_reviewed_source	ordinary_tibetan_lexical_or_compound	secure_reviewed_alignment	medium
wts_1_34	365	186	3	སྣང	snan	snaṅ	suffix_coda	ང	ṅ	token_final	reviewed_tibetan_exact_script_ng_witness	target	reviewed	reviewed_explicit_feature_evidence	ordinary_tibetan_lexical_or_compound	secure_reviewed_alignment	high
wts_1_34	365	186	3	སྣང	snan	snaṅ	pre_coda_structural_unit	སྣ	sna	pre_coda_stem	reviewed_tibetan_exact_script_ng_witness	source	historical_source	unaffected_feature_from_reviewed_source	ordinary_tibetan_lexical_or_compound	secure_reviewed_alignment	medium
wts_1_34	366	115	2	ལིང	lin	liṅ	suffix_coda	ང	ṅ	token_final	reviewed_tibetan_exact_final_ng_consensus	target	reviewed	reviewed_explicit_feature_evidence	ordinary_tibetan_lexical_or_compound	secure_reviewed_alignment	high
wts_1_34	366	115	2	ལིང	lin	liṅ	pre_coda_structural_unit	ལི	li	pre_coda_stem	reviewed_tibetan_exact_final_ng_consensus	source	historical_source	unaffected_feature_from_reviewed_source	ordinary_tibetan_lexical_or_compound	secure_reviewed_alignment	medium
wts_1_34	367	25	2	གོང	gon	goṅ	suffix_coda			token_final	reviewed_tibetan_exact_final_ng_consensus	target	reviewed	role_unresolved	ordinary_tibetan_lexical_or_compound	secure_reviewed_alignment	none
wts_1_34	367	59	2	ཤིང	Sin	Siṅ	suffix_coda	ང	ṅ	token_final	reviewed_tibetan_exact_final_ng_source_compatible	target	reviewed	reviewed_explicit_feature_evidence	ordinary_tibetan_lexical_or_compound	secure_reviewed_alignment	high
wts_1_34	367	59	2	ཤིང	Sin	Siṅ	pre_coda_structural_unit	ཤི	Si	pre_coda_stem	reviewed_tibetan_exact_final_ng_source_compatible	source	historical_source	unaffected_feature_from_reviewed_source	ordinary_tibetan_lexical_or_compound	secure_reviewed_alignment	medium
wts_1_34	370	54	1	གྱོང	gyon	gyoṅ	suffix_coda	ང	ṅ	token_final	reviewed_tibetan_exact_final_ng_historical_witness	target	reviewed	reviewed_explicit_feature_evidence	ordinary_tibetan_lexical_or_compound	secure_reviewed_alignment	high
wts_1_34	370	54	1	གྱོང	gyon	gyoṅ	pre_coda_structural_unit	གྱོ	gyo	pre_coda_stem	reviewed_tibetan_exact_final_ng_historical_witness	source	historical_source	unaffected_feature_from_reviewed_source	ordinary_tibetan_lexical_or_compound	secure_reviewed_alignment	medium
wts_1_34	370	60	1	གྱོང	gyon	gyoṅ	suffix_coda	ང	ṅ	token_final	reviewed_tibetan_exact_final_ng_historical_witness	target	reviewed	reviewed_explicit_feature_evidence	ordinary_tibetan_lexical_or_compound	secure_reviewed_alignment	high
wts_1_34	370	60	1	གྱོང	gyon	gyoṅ	pre_coda_structural_unit	གྱོ	gyo	pre_coda_stem	reviewed_tibetan_exact_final_ng_historical_witness	source	historical_source	unaffected_feature_from_reviewed_source	ordinary_tibetan_lexical_or_compound	secure_reviewed_alignment	medium
wts_1_34	370	70	1	གྱོང	gyon	gyoṅ	suffix_coda	ང	ṅ	token_final	reviewed_tibetan_exact_final_ng_historical_witness	target	reviewed	reviewed_explicit_feature_evidence	ordinary_tibetan_lexical_or_compound	secure_reviewed_alignment	high
wts_1_34	370	70	1	གྱོང	gyon	gyoṅ	pre_coda_structural_unit	གྱོ	gyo	pre_coda_stem	reviewed_tibetan_exact_final_ng_historical_witness	source	historical_source	unaffected_feature_from_reviewed_source	ordinary_tibetan_lexical_or_compound	secure_reviewed_alignment	medium
wts_1_34	370	112	1	གྱོང	gyon	gyoṅ	suffix_coda	ང	ṅ	token_final	reviewed_tibetan_exact_final_ng_historical_witness	target	reviewed	reviewed_explicit_feature_evidence	ordinary_tibetan_lexical_or_compound	secure_reviewed_alignment	high
wts_1_34	370	112	1	གྱོང	gyon	gyoṅ	pre_coda_structural_unit	གྱོ	gyo	pre_coda_stem	reviewed_tibetan_exact_final_ng_historical_witness	source	historical_source	unaffected_feature_from_reviewed_source	ordinary_tibetan_lexical_or_compound	secure_reviewed_alignment	medium
wts_1_34	370	123	1	གྱོང	gyon	gyoṅ	suffix_coda	ང	ṅ	token_final	reviewed_tibetan_exact_final_ng_historical_witness	target	reviewed	reviewed_explicit_feature_evidence	ordinary_tibetan_lexical_or_compound	secure_reviewed_alignment	high
wts_1_34	370	123	1	གྱོང	gyon	gyoṅ	pre_coda_structural_unit	གྱོ	gyo	pre_coda_stem	reviewed_tibetan_exact_final_ng_historical_witness	source	historical_source	unaffected_feature_from_reviewed_source	ordinary_tibetan_lexical_or_compound	secure_reviewed_alignment	medium
wts_1_34	373	75	1	གྲང	gran	graṅ	suffix_coda	ང	ṅ	token_final	reviewed_tibetan_exact_final_ng_consensus	target	reviewed	reviewed_explicit_feature_evidence	ordinary_tibetan_lexical_or_compound	secure_reviewed_alignment	high
wts_1_34	373	75	1	གྲང	gran	graṅ	pre_coda_structural_unit	གྲ	gra	pre_coda_stem	reviewed_tibetan_exact_final_ng_consensus	source	historical_source	unaffected_feature_from_reviewed_source	ordinary_tibetan_lexical_or_compound	secure_reviewed_alignment	medium
wts_1_34	373	123	1	གྲང	gran	graṅ	suffix_coda	ང	ṅ	token_final	reviewed_tibetan_exact_final_ng_consensus	target	reviewed	reviewed_explicit_feature_evidence	ordinary_tibetan_lexical_or_compound	secure_reviewed_alignment	high
wts_1_34	373	123	1	གྲང	gran	graṅ	pre_coda_structural_unit	གྲ	gra	pre_coda_stem	reviewed_tibetan_exact_final_ng_consensus	source	historical_source	unaffected_feature_from_reviewed_source	ordinary_tibetan_lexical_or_compound	secure_reviewed_alignment	medium
wts_1_34	373	154	1	གྲང	gran	graṅ	suffix_coda	ང	ṅ	token_final	reviewed_tibetan_exact_final_ng_consensus	target	reviewed	reviewed_explicit_feature_evidence	ordinary_tibetan_lexical_or_compound	secure_reviewed_alignment	high
wts_1_34	373	154	1	གྲང	gran	graṅ	pre_coda_structural_unit	གྲ	gra	pre_coda_stem	reviewed_tibetan_exact_final_ng_consensus	source	historical_source	unaffected_feature_from_reviewed_source	ordinary_tibetan_lexical_or_compound	secure_reviewed_alignment	medium
wts_1_34	373	161	1	གྲང	gran	graṅ	suffix_coda	ང	ṅ	token_final	reviewed_tibetan_exact_final_ng_consensus	target	reviewed	reviewed_explicit_feature_evidence	ordinary_tibetan_lexical_or_compound	secure_reviewed_alignment	high
wts_1_34	373	161	1	གྲང	gran	graṅ	pre_coda_structural_unit	གྲ	gra	pre_coda_stem	reviewed_tibetan_exact_final_ng_consensus	source	historical_source	unaffected_feature_from_reviewed_source	ordinary_tibetan_lexical_or_compound	secure_reviewed_alignment	medium
wts_1_34	373	163	1	གྲང	gran	graṅ	suffix_coda	ང	ṅ	token_final	reviewed_tibetan_exact_final_ng_consensus	target	reviewed	reviewed_explicit_feature_evidence	ordinary_tibetan_lexical_or_compound	secure_reviewed_alignment	high
wts_1_34	373	163	1	གྲང	gran	graṅ	pre_coda_structural_unit	གྲ	gra	pre_coda_stem	reviewed_tibetan_exact_final_ng_consensus	source	historical_source	unaffected_feature_from_reviewed_source	ordinary_tibetan_lexical_or_compound	secure_reviewed_alignment	medium
wts_1_34	373	181	1	གྲང	gran	graṅ	suffix_coda	ང	ṅ	token_final	reviewed_tibetan_exact_final_ng_consensus	target	reviewed	reviewed_explicit_feature_evidence	ordinary_tibetan_lexical_or_compound	secure_reviewed_alignment	high
wts_1_34	373	181	1	གྲང	gran	graṅ	pre_coda_structural_unit	གྲ	gra	pre_coda_stem	reviewed_tibetan_exact_final_ng_consensus	source	historical_source	unaffected_feature_from_reviewed_source	ordinary_tibetan_lexical_or_compound	secure_reviewed_alignment	medium
wts_1_34	373	206	1	གྲང	gran	graṅ	suffix_coda	ང	ṅ	token_final	reviewed_tibetan_exact_final_ng_consensus	target	reviewed	reviewed_explicit_feature_evidence	ordinary_tibetan_lexical_or_compound	secure_reviewed_alignment	high
wts_1_34	373	206	1	གྲང	gran	graṅ	pre_coda_structural_unit	གྲ	gra	pre_coda_stem	reviewed_tibetan_exact_final_ng_consensus	source	historical_source	unaffected_feature_from_reviewed_source	ordinary_tibetan_lexical_or_compound	secure_reviewed_alignment	medium
wts_1_34	373	211	1	གྲང	gran	graṅ	suffix_coda	ང	ṅ	token_final	reviewed_tibetan_exact_final_ng_consensus	target	reviewed	reviewed_explicit_feature_evidence	ordinary_tibetan_lexical_or_compound	secure_reviewed_alignment	high
wts_1_34	373	211	1	གྲང	gran	graṅ	pre_coda_structural_unit	གྲ	gra	pre_coda_stem	reviewed_tibetan_exact_final_ng_consensus	source	historical_source	unaffected_feature_from_reviewed_source	ordinary_tibetan_lexical_or_compound	secure_reviewed_alignment	medium
wts_1_34	374	7	1	གྲང	gran	graṅ	suffix_coda	ང	ṅ	token_final	reviewed_tibetan_exact_final_ng_consensus	target	reviewed	reviewed_explicit_feature_evidence	ordinary_tibetan_lexical_or_compound	secure_reviewed_alignment	high
wts_1_34	374	7	1	གྲང	gran	graṅ	pre_coda_structural_unit	གྲ	gra	pre_coda_stem	reviewed_tibetan_exact_final_ng_consensus	source	historical_source	unaffected_feature_from_reviewed_source	ordinary_tibetan_lexical_or_compound	secure_reviewed_alignment	medium
wts_1_34	374	19	1	གྲང	gran	graṅ	suffix_coda	ང	ṅ	token_final	reviewed_tibetan_exact_final_ng_consensus	target	reviewed	reviewed_explicit_feature_evidence	ordinary_tibetan_lexical_or_compound	secure_reviewed_alignment	high
wts_1_34	374	19	1	གྲང	gran	graṅ	pre_coda_structural_unit	གྲ	gra	pre_coda_stem	reviewed_tibetan_exact_final_ng_consensus	source	historical_source	unaffected_feature_from_reviewed_source	ordinary_tibetan_lexical_or_compound	secure_reviewed_alignment	medium
wts_1_34	374	19	2	གཞི	gZi	gźi	root_consonant	ཞ	ź	root	reviewed_tibetan_exact_transcription_integrity	target	reviewed	reviewed_explicit_feature_evidence	ordinary_tibetan_lexical_or_compound	secure_reviewed_alignment	high
wts_1_34	374	19	2	གཞི	gZi	gźi	unsegmented_structural_unit	གཞི	g□i	unaffected_span_support	reviewed_tibetan_exact_transcription_integrity	source	historical_source	unaffected_feature_from_reviewed_source	ordinary_tibetan_lexical_or_compound	secure_reviewed_alignment	medium
wts_1_34	374	26	1	གྲང	gran	graṅ	suffix_coda	ང	ṅ	token_final	reviewed_tibetan_exact_final_ng_consensus	target	reviewed	reviewed_explicit_feature_evidence	ordinary_tibetan_lexical_or_compound	secure_reviewed_alignment	high
wts_1_34	374	26	1	གྲང	gran	graṅ	pre_coda_structural_unit	གྲ	gra	pre_coda_stem	reviewed_tibetan_exact_final_ng_consensus	source	historical_source	unaffected_feature_from_reviewed_source	ordinary_tibetan_lexical_or_compound	secure_reviewed_alignment	medium
wts_1_34	374	36	1	གྲང	gran	graṅ	suffix_coda	ང	ṅ	token_final	reviewed_tibetan_exact_final_ng_consensus	target	reviewed	reviewed_explicit_feature_evidence	ordinary_tibetan_lexical_or_compound	secure_reviewed_alignment	high
wts_1_34	374	36	1	གྲང	gran	graṅ	pre_coda_structural_unit	གྲ	gra	pre_coda_stem	reviewed_tibetan_exact_final_ng_consensus	source	historical_source	unaffected_feature_from_reviewed_source	ordinary_tibetan_lexical_or_compound	secure_reviewed_alignment	medium
wts_1_34	374	39	1	གྲང	gran	graṅ	suffix_coda	ང	ṅ	token_final	reviewed_tibetan_exact_final_ng_consensus	target	reviewed	reviewed_explicit_feature_evidence	ordinary_tibetan_lexical_or_compound	secure_reviewed_alignment	high
wts_1_34	374	39	1	གྲང	gran	graṅ	pre_coda_structural_unit	གྲ	gra	pre_coda_stem	reviewed_tibetan_exact_final_ng_consensus	source	historical_source	unaffected_feature_from_reviewed_source	ordinary_tibetan_lexical_or_compound	secure_reviewed_alignment	medium
wts_1_34	374	39	4	སོང	son	soṅ	suffix_coda	ང	ṅ	token_final	reviewed_tibetan_exact_final_ng_consensus	target	reviewed	reviewed_explicit_feature_evidence	ordinary_tibetan_lexical_or_compound	secure_reviewed_alignment	high
wts_1_34	374	39	4	སོང	son	soṅ	pre_coda_structural_unit	སོ	so	pre_coda_stem	reviewed_tibetan_exact_final_ng_consensus	source	historical_source	unaffected_feature_from_reviewed_source	ordinary_tibetan_lexical_or_compound	secure_reviewed_alignment	medium
wts_1_34	379	35	2	རིང	rin	riṅ	suffix_coda	ང	ṅ	token_final	reviewed_tibetan_exact_final_ng_consensus	target	reviewed	reviewed_explicit_feature_evidence	ordinary_tibetan_lexical_or_compound	secure_reviewed_alignment	high
wts_1_34	379	35	2	རིང	rin	riṅ	pre_coda_structural_unit	རི	ri	pre_coda_stem	reviewed_tibetan_exact_final_ng_consensus	source	historical_source	unaffected_feature_from_reviewed_source	ordinary_tibetan_lexical_or_compound	secure_reviewed_alignment	medium
wts_1_34	380	1	2	ལིང	lin	liṅ	suffix_coda	ང	ṅ	token_final	reviewed_tibetan_exact_final_ng_consensus	target	reviewed	reviewed_explicit_feature_evidence	ordinary_tibetan_lexical_or_compound	secure_reviewed_alignment	high
wts_1_34	380	1	2	ལིང	lin	liṅ	pre_coda_structural_unit	ལི	li	pre_coda_stem	reviewed_tibetan_exact_final_ng_consensus	source	historical_source	unaffected_feature_from_reviewed_source	ordinary_tibetan_lexical_or_compound	secure_reviewed_alignment	medium
wts_1_34	380	7	2	ལིང	lin	liṅ	suffix_coda	ང	ṅ	token_final	reviewed_tibetan_exact_final_ng_consensus	target	reviewed	reviewed_explicit_feature_evidence	ordinary_tibetan_lexical_or_compound	secure_reviewed_alignment	high
wts_1_34	380	7	2	ལིང	lin	liṅ	pre_coda_structural_unit	ལི	li	pre_coda_stem	reviewed_tibetan_exact_final_ng_consensus	source	historical_source	unaffected_feature_from_reviewed_source	ordinary_tibetan_lexical_or_compound	secure_reviewed_alignment	medium
wts_1_34	381	119	2	བཞི	bZi	bźi	root_consonant	ཞ	ź	root	reviewed_tibetan_exact_transcription_integrity	target	reviewed	reviewed_explicit_feature_evidence	ordinary_tibetan_lexical_or_compound	secure_reviewed_alignment	high
wts_1_34	381	119	2	བཞི	bZi	bźi	unsegmented_structural_unit	བཞི	b□i	unaffected_span_support	reviewed_tibetan_exact_transcription_integrity	source	historical_source	unaffected_feature_from_reviewed_source	ordinary_tibetan_lexical_or_compound	secure_reviewed_alignment	medium
wts_1_34	386	3	5	ལིང	lin	liṅ	suffix_coda	ང	ṅ	token_final	reviewed_tibetan_exact_final_ng_consensus	target	reviewed	reviewed_explicit_feature_evidence	ordinary_tibetan_lexical_or_compound	secure_reviewed_alignment	high
wts_1_34	386	3	5	ལིང	lin	liṅ	pre_coda_structural_unit	ལི	li	pre_coda_stem	reviewed_tibetan_exact_final_ng_consensus	source	historical_source	unaffected_feature_from_reviewed_source	ordinary_tibetan_lexical_or_compound	secure_reviewed_alignment	medium
wts_1_34	386	12	5	ལིང	lin	liṅ	suffix_coda	ང	ṅ	token_final	reviewed_tibetan_exact_final_ng_consensus	target	reviewed	reviewed_explicit_feature_evidence	ordinary_tibetan_lexical_or_compound	secure_reviewed_alignment	high
wts_1_34	386	12	5	ལིང	lin	liṅ	pre_coda_structural_unit	ལི	li	pre_coda_stem	reviewed_tibetan_exact_final_ng_consensus	source	historical_source	unaffected_feature_from_reviewed_source	ordinary_tibetan_lexical_or_compound	secure_reviewed_alignment	medium
wts_1_34	386	22	2	ཚང	tshan	tshaṅ	suffix_coda	ང	ṅ	token_final	reviewed_tibetan_exact_final_ng_consensus	target	reviewed	reviewed_explicit_feature_evidence	ordinary_tibetan_lexical_or_compound	secure_reviewed_alignment	high
wts_1_34	386	22	2	ཚང	tshan	tshaṅ	pre_coda_structural_unit	ཚ	tsha	pre_coda_stem	reviewed_tibetan_exact_final_ng_consensus	source	historical_source	unaffected_feature_from_reviewed_source	ordinary_tibetan_lexical_or_compound	secure_reviewed_alignment	medium
wts_1_34	386	25	2	ཞིང	Zin	źiṅ	suffix_coda	ང	ṅ	token_final	reviewed_tibetan_exact_final_ng_consensus	target	reviewed	reviewed_explicit_feature_evidence	ordinary_tibetan_lexical_or_compound	secure_reviewed_alignment	high
wts_1_34	386	25	2	ཞིང	Zin	źiṅ	pre_coda_structural_unit	ཞི	Zi	pre_coda_stem	reviewed_tibetan_exact_final_ng_consensus	source	historical_source	unaffected_feature_from_reviewed_source	ordinary_tibetan_lexical_or_compound	secure_reviewed_alignment	medium
wts_1_34	386	25	2	ཞིང	Ziṅ	źiṅ				full_token	reviewed_correction_supersession_bridge	source	reviewed	not_feature_evidence	ordinary_tibetan_lexical_or_compound	secure_reviewed_alignment	high
wts_1_34	386	111	3	ཆུང	chun	chuṅ	suffix_coda	ང	ṅ	token_final	reviewed_tibetan_exact_script_ng_witness	target	reviewed	reviewed_explicit_feature_evidence	ordinary_tibetan_lexical_or_compound	secure_reviewed_alignment	high
wts_1_34	386	111	3	ཆུང	chun	chuṅ	pre_coda_structural_unit	ཆུ	chu	pre_coda_stem	reviewed_tibetan_exact_script_ng_witness	source	historical_source	unaffected_feature_from_reviewed_source	ordinary_tibetan_lexical_or_compound	secure_reviewed_alignment	medium
wts_1_34	386	123	3	ཆུང	chun	chuṅ	suffix_coda	ང	ṅ	token_final	reviewed_tibetan_exact_script_ng_witness	target	reviewed	reviewed_explicit_feature_evidence	ordinary_tibetan_lexical_or_compound	secure_reviewed_alignment	high
wts_1_34	386	123	3	ཆུང	chun	chuṅ	pre_coda_structural_unit	ཆུ	chu	pre_coda_stem	reviewed_tibetan_exact_script_ng_witness	source	historical_source	unaffected_feature_from_reviewed_source	ordinary_tibetan_lexical_or_compound	secure_reviewed_alignment	medium
wts_1_34	386	149	1	གྲོང	gron	groṅ	suffix_coda	ང	ṅ	token_final	reviewed_tibetan_exact_final_ng_consensus	target	reviewed	reviewed_explicit_feature_evidence	ordinary_tibetan_lexical_or_compound	secure_reviewed_alignment	high
wts_1_34	386	149	1	གྲོང	gron	groṅ	pre_coda_structural_unit	གྲོ	gro	pre_coda_stem	reviewed_tibetan_exact_final_ng_consensus	source	historical_source	unaffected_feature_from_reviewed_source	ordinary_tibetan_lexical_or_compound	secure_reviewed_alignment	medium
wts_1_34	387	2	1	གྲོང	gron	groṅ	suffix_coda	ང	ṅ	token_final	reviewed_tibetan_exact_final_ng_consensus	target	reviewed	reviewed_explicit_feature_evidence	ordinary_tibetan_lexical_or_compound	secure_reviewed_alignment	high
wts_1_34	387	2	1	གྲོང	gron	groṅ	pre_coda_structural_unit	གྲོ	gro	pre_coda_stem	reviewed_tibetan_exact_final_ng_consensus	source	historical_source	unaffected_feature_from_reviewed_source	ordinary_tibetan_lexical_or_compound	secure_reviewed_alignment	medium
wts_1_34	387	144	1	གྲོང	gron	groṅ	suffix_coda	ང	ṅ	token_final	reviewed_tibetan_exact_final_ng_consensus	target	reviewed	reviewed_explicit_feature_evidence	ordinary_tibetan_lexical_or_compound	marker_or_damage	high
wts_1_34	387	144	1	གྲོང	gron	groṅ	pre_coda_structural_unit	གྲོ	gro	pre_coda_stem	reviewed_tibetan_exact_final_ng_consensus	source	historical_source	unaffected_feature_from_reviewed_source	ordinary_tibetan_lexical_or_compound	marker_or_damage	medium
wts_1_34	387	151	1	གྲོང	gron	groṅ	suffix_coda	ང	ṅ	token_final	reviewed_tibetan_exact_final_ng_consensus	target	reviewed	reviewed_explicit_feature_evidence	ordinary_tibetan_lexical_or_compound	secure_reviewed_alignment	high
wts_1_34	387	151	1	གྲོང	gron	groṅ	pre_coda_structural_unit	གྲོ	gro	pre_coda_stem	reviewed_tibetan_exact_final_ng_consensus	source	historical_source	unaffected_feature_from_reviewed_source	ordinary_tibetan_lexical_or_compound	secure_reviewed_alignment	medium
wts_1_34	387	161	1	གྲོང	gron	groṅ	suffix_coda	ང	ṅ	token_final	reviewed_tibetan_exact_final_ng_consensus	target	reviewed	reviewed_explicit_feature_evidence	ordinary_tibetan_lexical_or_compound	secure_reviewed_alignment	high
wts_1_34	387	161	1	གྲོང	gron	groṅ	pre_coda_structural_unit	གྲོ	gro	pre_coda_stem	reviewed_tibetan_exact_final_ng_consensus	source	historical_source	unaffected_feature_from_reviewed_source	ordinary_tibetan_lexical_or_compound	secure_reviewed_alignment	medium
wts_1_34	388	1	1	གྲོང	gron	groṅ	suffix_coda	ང	ṅ	token_final	reviewed_tibetan_exact_final_ng_consensus	target	reviewed	reviewed_explicit_feature_evidence	ordinary_tibetan_lexical_or_compound	secure_reviewed_alignment	high
wts_1_34	388	1	1	གྲོང	gron	groṅ	pre_coda_structural_unit	གྲོ	gro	pre_coda_stem	reviewed_tibetan_exact_final_ng_consensus	source	historical_source	unaffected_feature_from_reviewed_source	ordinary_tibetan_lexical_or_compound	secure_reviewed_alignment	medium
wts_1_34	388	3	1	གྲོང	gron	groṅ	suffix_coda	ང	ṅ	token_final	reviewed_tibetan_exact_final_ng_consensus	target	reviewed	reviewed_explicit_feature_evidence	ordinary_tibetan_lexical_or_compound	secure_reviewed_alignment	high
wts_1_34	388	3	1	གྲོང	gron	groṅ	pre_coda_structural_unit	གྲོ	gro	pre_coda_stem	reviewed_tibetan_exact_final_ng_consensus	source	historical_source	unaffected_feature_from_reviewed_source	ordinary_tibetan_lexical_or_compound	secure_reviewed_alignment	medium
wts_1_34	388	9	1	གྲོང	gron	groṅ	suffix_coda	ང	ṅ	token_final	reviewed_tibetan_exact_final_ng_consensus	target	reviewed	reviewed_explicit_feature_evidence	ordinary_tibetan_lexical_or_compound	secure_reviewed_alignment	high
wts_1_34	388	9	1	གྲོང	gron	groṅ	pre_coda_structural_unit	གྲོ	gro	pre_coda_stem	reviewed_tibetan_exact_final_ng_consensus	source	historical_source	unaffected_feature_from_reviewed_source	ordinary_tibetan_lexical_or_compound	secure_reviewed_alignment	medium
wts_1_34	388	40	1	གྲོང	gron	groṅ	suffix_coda	ང	ṅ	token_final	reviewed_tibetan_exact_final_ng_consensus	target	reviewed	reviewed_explicit_feature_evidence	ordinary_tibetan_lexical_or_compound	secure_reviewed_alignment	high
wts_1_34	388	40	1	གྲོང	gron	groṅ	pre_coda_structural_unit	གྲོ	gro	pre_coda_stem	reviewed_tibetan_exact_final_ng_consensus	source	historical_source	unaffected_feature_from_reviewed_source	ordinary_tibetan_lexical_or_compound	secure_reviewed_alignment	medium
wts_1_34	388	64	1	གྲོང	gron	groṅ	suffix_coda	ང	ṅ	token_final	reviewed_tibetan_exact_final_ng_consensus	target	reviewed	reviewed_explicit_feature_evidence	ordinary_tibetan_lexical_or_compound	secure_reviewed_alignment	high
wts_1_34	388	64	1	གྲོང	gron	groṅ	pre_coda_structural_unit	གྲོ	gro	pre_coda_stem	reviewed_tibetan_exact_final_ng_consensus	source	historical_source	unaffected_feature_from_reviewed_source	ordinary_tibetan_lexical_or_compound	secure_reviewed_alignment	medium
wts_1_34	388	115	1	གྲོང	gron	groṅ	suffix_coda	ང	ṅ	token_final	reviewed_tibetan_exact_final_ng_consensus	target	reviewed	reviewed_explicit_feature_evidence	ordinary_tibetan_lexical_or_compound	secure_reviewed_alignment	high
wts_1_34	388	115	1	གྲོང	gron	groṅ	pre_coda_structural_unit	གྲོ	gro	pre_coda_stem	reviewed_tibetan_exact_final_ng_consensus	source	historical_source	unaffected_feature_from_reviewed_source	ordinary_tibetan_lexical_or_compound	secure_reviewed_alignment	medium
wts_1_34	390	79	2	དབང	dban	dbaṅ	suffix_coda	ང	ṅ	token_final	reviewed_tibetan_exact_final_ng_consensus	target	reviewed	reviewed_explicit_feature_evidence	ordinary_tibetan_lexical_or_compound	secure_reviewed_alignment	high
wts_1_34	390	79	2	དབང	dban	dbaṅ	pre_coda_structural_unit	དབ	dba	pre_coda_stem	reviewed_tibetan_exact_final_ng_consensus	source	historical_source	unaffected_feature_from_reviewed_source	ordinary_tibetan_lexical_or_compound	secure_reviewed_alignment	medium
wts_1_34	390	123	2	གཞི	gZi	gźi	root_consonant	ཞ	ź	root	reviewed_tibetan_exact_transcription_integrity	target	reviewed	reviewed_explicit_feature_evidence	ordinary_tibetan_lexical_or_compound	secure_reviewed_alignment	high
wts_1_34	390	123	2	གཞི	gZi	gźi	unsegmented_structural_unit	གཞི	g□i	unaffected_span_support	reviewed_tibetan_exact_transcription_integrity	source	historical_source	unaffected_feature_from_reviewed_source	ordinary_tibetan_lexical_or_compound	secure_reviewed_alignment	medium
wts_1_34	391	1	2	ཁང	khan	khaṅ	suffix_coda	ང	ṅ	token_final	reviewed_tibetan_exact_final_ng_consensus	target	reviewed	reviewed_explicit_feature_evidence	ordinary_tibetan_lexical_or_compound	secure_reviewed_alignment	high
wts_1_34	391	1	2	ཁང	khan	khaṅ	pre_coda_structural_unit	ཁ	kha	pre_coda_stem	reviewed_tibetan_exact_final_ng_consensus	source	historical_source	unaffected_feature_from_reviewed_source	ordinary_tibetan_lexical_or_compound	secure_reviewed_alignment	medium
wts_1_34	391	6	2	ཁང	khan	khaṅ	suffix_coda	ང	ṅ	token_final	reviewed_tibetan_exact_final_ng_consensus	target	reviewed	reviewed_explicit_feature_evidence	ordinary_tibetan_lexical_or_compound	secure_reviewed_alignment	high
wts_1_34	391	6	2	ཁང	khan	khaṅ	pre_coda_structural_unit	ཁ	kha	pre_coda_stem	reviewed_tibetan_exact_final_ng_consensus	source	historical_source	unaffected_feature_from_reviewed_source	ordinary_tibetan_lexical_or_compound	secure_reviewed_alignment	medium
wts_1_34	393	80	1	གླང	glan	glaṅ	suffix_coda	ང	ṅ	token_final	reviewed_tibetan_exact_final_ng_consensus	target	reviewed	reviewed_explicit_feature_evidence	ordinary_tibetan_lexical_or_compound	secure_reviewed_alignment	high
wts_1_34	393	80	1	གླང	glan	glaṅ	pre_coda_structural_unit	གླ	gla	pre_coda_stem	reviewed_tibetan_exact_final_ng_consensus	source	historical_source	unaffected_feature_from_reviewed_source	ordinary_tibetan_lexical_or_compound	secure_reviewed_alignment	medium
wts_1_34	393	103	1	གླང	glan	glaṅ	suffix_coda	ང	ṅ	token_final	reviewed_tibetan_exact_final_ng_consensus	target	reviewed	reviewed_explicit_feature_evidence	ordinary_tibetan_lexical_or_compound	secure_reviewed_alignment	high
wts_1_34	393	103	1	གླང	glan	glaṅ	pre_coda_structural_unit	གླ	gla	pre_coda_stem	reviewed_tibetan_exact_final_ng_consensus	source	historical_source	unaffected_feature_from_reviewed_source	ordinary_tibetan_lexical_or_compound	secure_reviewed_alignment	medium
wts_1_34	393	110	1	གླང	glan	glaṅ	suffix_coda	ང	ṅ	token_final	reviewed_tibetan_exact_final_ng_consensus	target	reviewed	reviewed_explicit_feature_evidence	ordinary_tibetan_lexical_or_compound	secure_reviewed_alignment	high
wts_1_34	393	110	1	གླང	glan	glaṅ	pre_coda_structural_unit	གླ	gla	pre_coda_stem	reviewed_tibetan_exact_final_ng_consensus	source	historical_source	unaffected_feature_from_reviewed_source	ordinary_tibetan_lexical_or_compound	secure_reviewed_alignment	medium
wts_1_34	393	113	1	གླང	glan	glaṅ	suffix_coda	ང	ṅ	token_final	reviewed_tibetan_exact_final_ng_consensus	target	reviewed	reviewed_explicit_feature_evidence	ordinary_tibetan_lexical_or_compound	secure_reviewed_alignment	high
wts_1_34	393	113	1	གླང	glan	glaṅ	pre_coda_structural_unit	གླ	gla	pre_coda_stem	reviewed_tibetan_exact_final_ng_consensus	source	historical_source	unaffected_feature_from_reviewed_source	ordinary_tibetan_lexical_or_compound	secure_reviewed_alignment	medium
wts_1_34	393	124	1	གླང	glan	glaṅ	suffix_coda	ང	ṅ	token_final	reviewed_tibetan_exact_final_ng_consensus	target	reviewed	reviewed_explicit_feature_evidence	ordinary_tibetan_lexical_or_compound	secure_reviewed_alignment	high
wts_1_34	393	124	1	གླང	glan	glaṅ	pre_coda_structural_unit	གླ	gla	pre_coda_stem	reviewed_tibetan_exact_final_ng_consensus	source	historical_source	unaffected_feature_from_reviewed_source	ordinary_tibetan_lexical_or_compound	secure_reviewed_alignment	medium
wts_1_34	393	153	1	གླང	glan	glaṅ	suffix_coda	ང	ṅ	token_final	reviewed_tibetan_exact_final_ng_consensus	target	reviewed	reviewed_explicit_feature_evidence	ordinary_tibetan_lexical_or_compound	secure_reviewed_alignment	high
wts_1_34	393	153	1	གླང	glan	glaṅ	pre_coda_structural_unit	གླ	gla	pre_coda_stem	reviewed_tibetan_exact_final_ng_consensus	source	historical_source	unaffected_feature_from_reviewed_source	ordinary_tibetan_lexical_or_compound	secure_reviewed_alignment	medium
wts_1_34	393	162	1	གླང	glan	glaṅ	suffix_coda	ང	ṅ	token_final	reviewed_tibetan_exact_final_ng_consensus	target	reviewed	reviewed_explicit_feature_evidence	ordinary_tibetan_lexical_or_compound	secure_reviewed_alignment	high
wts_1_34	393	162	1	གླང	glan	glaṅ	pre_coda_structural_unit	གླ	gla	pre_coda_stem	reviewed_tibetan_exact_final_ng_consensus	source	historical_source	unaffected_feature_from_reviewed_source	ordinary_tibetan_lexical_or_compound	secure_reviewed_alignment	medium
wts_1_34	393	167	1	གླང	glan	glaṅ	suffix_coda	ང	ṅ	token_final	reviewed_tibetan_exact_final_ng_consensus	target	reviewed	reviewed_explicit_feature_evidence	ordinary_tibetan_lexical_or_compound	secure_reviewed_alignment	high
wts_1_34	393	167	1	གླང	glan	glaṅ	pre_coda_structural_unit	གླ	gla	pre_coda_stem	reviewed_tibetan_exact_final_ng_consensus	source	historical_source	unaffected_feature_from_reviewed_source	ordinary_tibetan_lexical_or_compound	secure_reviewed_alignment	medium
wts_1_34	393	171	1	གླང	glan	glaṅ	suffix_coda	ང	ṅ	token_final	reviewed_tibetan_exact_final_ng_consensus	target	reviewed	reviewed_explicit_feature_evidence	ordinary_tibetan_lexical_or_compound	secure_reviewed_alignment	high
wts_1_34	393	171	1	གླང	glan	glaṅ	pre_coda_structural_unit	གླ	gla	pre_coda_stem	reviewed_tibetan_exact_final_ng_consensus	source	historical_source	unaffected_feature_from_reviewed_source	ordinary_tibetan_lexical_or_compound	secure_reviewed_alignment	medium
wts_1_34	393	174	1	གླང	glan	glaṅ	suffix_coda	ང	ṅ	token_final	reviewed_tibetan_exact_final_ng_consensus	target	reviewed	reviewed_explicit_feature_evidence	ordinary_tibetan_lexical_or_compound	secure_reviewed_alignment	high
wts_1_34	393	174	1	གླང	glan	glaṅ	pre_coda_structural_unit	གླ	gla	pre_coda_stem	reviewed_tibetan_exact_final_ng_consensus	source	historical_source	unaffected_feature_from_reviewed_source	ordinary_tibetan_lexical_or_compound	secure_reviewed_alignment	medium
wts_1_34	393	181	1	གླང	glan	glaṅ	suffix_coda	ང	ṅ	token_final	reviewed_tibetan_exact_final_ng_consensus	target	reviewed	reviewed_explicit_feature_evidence	ordinary_tibetan_lexical_or_compound	secure_reviewed_alignment	high
wts_1_34	393	181	1	གླང	glan	glaṅ	pre_coda_structural_unit	གླ	gla	pre_coda_stem	reviewed_tibetan_exact_final_ng_consensus	source	historical_source	unaffected_feature_from_reviewed_source	ordinary_tibetan_lexical_or_compound	secure_reviewed_alignment	medium
wts_1_34	393	183	1	གླང	glan	glaṅ	suffix_coda	ང	ṅ	token_final	reviewed_tibetan_exact_final_ng_consensus	target	reviewed	reviewed_explicit_feature_evidence	ordinary_tibetan_lexical_or_compound	secure_reviewed_alignment	high
wts_1_34	393	183	1	གླང	glan	glaṅ	pre_coda_structural_unit	གླ	gla	pre_coda_stem	reviewed_tibetan_exact_final_ng_consensus	source	historical_source	unaffected_feature_from_reviewed_source	ordinary_tibetan_lexical_or_compound	secure_reviewed_alignment	medium
wts_1_34	393	191	1	གླང	glan	glaṅ	suffix_coda	ང	ṅ	token_final	reviewed_tibetan_exact_final_ng_consensus	target	reviewed	reviewed_explicit_feature_evidence	ordinary_tibetan_lexical_or_compound	secure_reviewed_alignment	high
wts_1_34	393	191	1	གླང	glan	glaṅ	pre_coda_structural_unit	གླ	gla	pre_coda_stem	reviewed_tibetan_exact_final_ng_consensus	source	historical_source	unaffected_feature_from_reviewed_source	ordinary_tibetan_lexical_or_compound	secure_reviewed_alignment	medium
wts_1_34	393	193	1	གླང	glan	glaṅ	suffix_coda	ང	ṅ	token_final	reviewed_tibetan_exact_final_ng_consensus	target	reviewed	reviewed_explicit_feature_evidence	tibetan_proper_name	secure_reviewed_alignment	high
wts_1_34	393	193	1	གླང	glan	glaṅ	pre_coda_structural_unit	གླ	gla	pre_coda_stem	reviewed_tibetan_exact_final_ng_consensus	source	historical_source	unaffected_feature_from_reviewed_source	tibetan_proper_name	secure_reviewed_alignment	medium
wts_1_34	394	1	1	གླང	glan	glaṅ	suffix_coda	ང	ṅ	token_final	reviewed_tibetan_exact_final_ng_consensus	target	reviewed	reviewed_explicit_feature_evidence	ordinary_tibetan_lexical_or_compound	secure_reviewed_alignment	high
wts_1_34	394	1	1	གླང	glan	glaṅ	pre_coda_structural_unit	གླ	gla	pre_coda_stem	reviewed_tibetan_exact_final_ng_consensus	source	historical_source	unaffected_feature_from_reviewed_source	ordinary_tibetan_lexical_or_compound	secure_reviewed_alignment	medium
wts_1_34	394	3	1	གླང	glan	glaṅ	suffix_coda	ང	ṅ	token_final	reviewed_tibetan_exact_final_ng_consensus	target	reviewed	reviewed_explicit_feature_evidence	ordinary_tibetan_lexical_or_compound	secure_reviewed_alignment	high
wts_1_34	394	3	1	གླང	glan	glaṅ	pre_coda_structural_unit	གླ	gla	pre_coda_stem	reviewed_tibetan_exact_final_ng_consensus	source	historical_source	unaffected_feature_from_reviewed_source	ordinary_tibetan_lexical_or_compound	secure_reviewed_alignment	medium
wts_1_34	394	6	1	གླང	glan	glaṅ	suffix_coda	ང	ṅ	token_final	reviewed_tibetan_exact_final_ng_consensus	target	reviewed	reviewed_explicit_feature_evidence	ordinary_tibetan_lexical_or_compound	secure_reviewed_alignment	high
wts_1_34	394	6	1	གླང	glan	glaṅ	pre_coda_structural_unit	གླ	gla	pre_coda_stem	reviewed_tibetan_exact_final_ng_consensus	source	historical_source	unaffected_feature_from_reviewed_source	ordinary_tibetan_lexical_or_compound	secure_reviewed_alignment	medium
wts_1_34	394	43	1	གླང	glan	glaṅ	suffix_coda	ང	ṅ	token_final	reviewed_tibetan_exact_final_ng_consensus	target	reviewed	reviewed_explicit_feature_evidence	ordinary_tibetan_lexical_or_compound	secure_reviewed_alignment	high
wts_1_34	394	43	1	གླང	glan	glaṅ	pre_coda_structural_unit	གླ	gla	pre_coda_stem	reviewed_tibetan_exact_final_ng_consensus	source	historical_source	unaffected_feature_from_reviewed_source	ordinary_tibetan_lexical_or_compound	secure_reviewed_alignment	medium
wts_1_34	394	59	1	གླང	glan	glaṅ	suffix_coda	ང	ṅ	token_final	reviewed_tibetan_exact_final_ng_consensus	target	reviewed	reviewed_explicit_feature_evidence	ordinary_tibetan_lexical_or_compound	secure_reviewed_alignment	high
wts_1_34	394	59	1	གླང	glan	glaṅ	pre_coda_structural_unit	གླ	gla	pre_coda_stem	reviewed_tibetan_exact_final_ng_consensus	source	historical_source	unaffected_feature_from_reviewed_source	ordinary_tibetan_lexical_or_compound	secure_reviewed_alignment	medium
wts_1_34	394	100	1	གླང	glan	glaṅ	suffix_coda	ང	ṅ	token_final	reviewed_tibetan_exact_final_ng_consensus	target	reviewed	reviewed_explicit_feature_evidence	ordinary_tibetan_lexical_or_compound	secure_reviewed_alignment	high
wts_1_34	394	100	1	གླང	glan	glaṅ	pre_coda_structural_unit	གླ	gla	pre_coda_stem	reviewed_tibetan_exact_final_ng_consensus	source	historical_source	unaffected_feature_from_reviewed_source	ordinary_tibetan_lexical_or_compound	secure_reviewed_alignment	medium
wts_1_34	394	110	1	གླང	glan	glaṅ	suffix_coda	ང	ṅ	token_final	reviewed_tibetan_exact_final_ng_consensus	target	reviewed	reviewed_explicit_feature_evidence	ordinary_tibetan_lexical_or_compound	secure_reviewed_alignment	high
wts_1_34	394	110	1	གླང	glan	glaṅ	pre_coda_structural_unit	གླ	gla	pre_coda_stem	reviewed_tibetan_exact_final_ng_consensus	source	historical_source	unaffected_feature_from_reviewed_source	ordinary_tibetan_lexical_or_compound	secure_reviewed_alignment	medium
wts_1_34	394	112	1	གླང	glan	glaṅ	suffix_coda	ང	ṅ	token_final	reviewed_tibetan_exact_final_ng_consensus	target	reviewed	reviewed_explicit_feature_evidence	ordinary_tibetan_lexical_or_compound	secure_reviewed_alignment	high
wts_1_34	394	112	1	གླང	glan	glaṅ	pre_coda_structural_unit	གླ	gla	pre_coda_stem	reviewed_tibetan_exact_final_ng_consensus	source	historical_source	unaffected_feature_from_reviewed_source	ordinary_tibetan_lexical_or_compound	secure_reviewed_alignment	medium
wts_1_34	394	154	1	གླང	glan	glaṅ	suffix_coda	ང	ṅ	token_final	reviewed_tibetan_exact_final_ng_consensus	target	reviewed	reviewed_explicit_feature_evidence	ordinary_tibetan_lexical_or_compound	secure_reviewed_alignment	high
wts_1_34	394	154	1	གླང	glan	glaṅ	pre_coda_structural_unit	གླ	gla	pre_coda_stem	reviewed_tibetan_exact_final_ng_consensus	source	historical_source	unaffected_feature_from_reviewed_source	ordinary_tibetan_lexical_or_compound	secure_reviewed_alignment	medium
wts_1_34	394	170	1	གླང	glan	glaṅ	suffix_coda	ང	ṅ	token_final	reviewed_tibetan_exact_final_ng_consensus	target	reviewed	reviewed_explicit_feature_evidence	ordinary_tibetan_lexical_or_compound	secure_reviewed_alignment	high
wts_1_34	394	170	1	གླང	glan	glaṅ	pre_coda_structural_unit	གླ	gla	pre_coda_stem	reviewed_tibetan_exact_final_ng_consensus	source	historical_source	unaffected_feature_from_reviewed_source	ordinary_tibetan_lexical_or_compound	secure_reviewed_alignment	medium
wts_1_34	394	174	1	གླང	glan	glaṅ	suffix_coda	ང	ṅ	token_final	reviewed_tibetan_exact_final_ng_consensus	target	reviewed	reviewed_explicit_feature_evidence	ordinary_tibetan_lexical_or_compound	secure_reviewed_alignment	high
wts_1_34	394	174	1	གླང	glan	glaṅ	pre_coda_structural_unit	གླ	gla	pre_coda_stem	reviewed_tibetan_exact_final_ng_consensus	source	historical_source	unaffected_feature_from_reviewed_source	ordinary_tibetan_lexical_or_compound	secure_reviewed_alignment	medium
wts_1_34	394	180	1	གླང	glan	glaṅ	suffix_coda	ང	ṅ	token_final	reviewed_tibetan_exact_final_ng_consensus	target	reviewed	reviewed_explicit_feature_evidence	ordinary_tibetan_lexical_or_compound	secure_reviewed_alignment	high
wts_1_34	394	180	1	གླང	glan	glaṅ	pre_coda_structural_unit	གླ	gla	pre_coda_stem	reviewed_tibetan_exact_final_ng_consensus	source	historical_source	unaffected_feature_from_reviewed_source	ordinary_tibetan_lexical_or_compound	secure_reviewed_alignment	medium
wts_1_34	394	190	1	གླང	glan	glaṅ	suffix_coda	ང	ṅ	token_final	reviewed_tibetan_exact_final_ng_consensus	target	reviewed	reviewed_explicit_feature_evidence	ordinary_tibetan_lexical_or_compound	secure_reviewed_alignment	high
wts_1_34	394	190	1	གླང	glan	glaṅ	pre_coda_structural_unit	གླ	gla	pre_coda_stem	reviewed_tibetan_exact_final_ng_consensus	source	historical_source	unaffected_feature_from_reviewed_source	ordinary_tibetan_lexical_or_compound	secure_reviewed_alignment	medium
wts_1_34	394	196	1	གླང	glan	glaṅ	suffix_coda	ང	ṅ	token_final	reviewed_tibetan_exact_final_ng_consensus	target	reviewed	reviewed_explicit_feature_evidence	ordinary_tibetan_lexical_or_compound	secure_reviewed_alignment	high
wts_1_34	394	196	1	གླང	glan	glaṅ	pre_coda_structural_unit	གླ	gla	pre_coda_stem	reviewed_tibetan_exact_final_ng_consensus	source	historical_source	unaffected_feature_from_reviewed_source	ordinary_tibetan_lexical_or_compound	secure_reviewed_alignment	medium
wts_1_34	394	196	3	གདོང	gdon	gdoṅ	suffix_coda	ང	ṅ	token_final	reviewed_tibetan_exact_final_ng_consensus	target	reviewed	reviewed_explicit_feature_evidence	ordinary_tibetan_lexical_or_compound	secure_reviewed_alignment	high
wts_1_34	394	196	3	གདོང	gdon	gdoṅ	pre_coda_structural_unit	གདོ	gdo	pre_coda_stem	reviewed_tibetan_exact_final_ng_consensus	source	historical_source	unaffected_feature_from_reviewed_source	ordinary_tibetan_lexical_or_compound	secure_reviewed_alignment	medium
wts_1_34	394	206	1	གླང	glan	glaṅ	suffix_coda	ང	ṅ	token_final	reviewed_tibetan_exact_final_ng_consensus	target	reviewed	reviewed_explicit_feature_evidence	ordinary_tibetan_lexical_or_compound	secure_reviewed_alignment	high
wts_1_34	394	206	1	གླང	glan	glaṅ	pre_coda_structural_unit	གླ	gla	pre_coda_stem	reviewed_tibetan_exact_final_ng_consensus	source	historical_source	unaffected_feature_from_reviewed_source	ordinary_tibetan_lexical_or_compound	secure_reviewed_alignment	medium
wts_1_34	395	3	1	གླང	glan	glaṅ	suffix_coda	ང	ṅ	token_final	reviewed_tibetan_exact_final_ng_consensus	target	reviewed	reviewed_explicit_feature_evidence	ordinary_tibetan_lexical_or_compound	secure_reviewed_alignment	high
wts_1_34	395	3	1	གླང	glan	glaṅ	pre_coda_structural_unit	གླ	gla	pre_coda_stem	reviewed_tibetan_exact_final_ng_consensus	source	historical_source	unaffected_feature_from_reviewed_source	ordinary_tibetan_lexical_or_compound	secure_reviewed_alignment	medium
wts_1_34	395	11	1	གླང	glan	glaṅ	suffix_coda	ང	ṅ	token_final	reviewed_tibetan_exact_final_ng_consensus	target	reviewed	reviewed_explicit_feature_evidence	ordinary_tibetan_lexical_or_compound	secure_reviewed_alignment	high
wts_1_34	395	11	1	གླང	glan	glaṅ	pre_coda_structural_unit	གླ	gla	pre_coda_stem	reviewed_tibetan_exact_final_ng_consensus	source	historical_source	unaffected_feature_from_reviewed_source	ordinary_tibetan_lexical_or_compound	secure_reviewed_alignment	medium
wts_1_34	395	29	1	གླང	glan	glaṅ	suffix_coda	ང	ṅ	token_final	reviewed_tibetan_exact_final_ng_consensus	target	reviewed	reviewed_explicit_feature_evidence	ordinary_tibetan_lexical_or_compound	secure_reviewed_alignment	high
wts_1_34	395	29	1	གླང	glan	glaṅ	pre_coda_structural_unit	གླ	gla	pre_coda_stem	reviewed_tibetan_exact_final_ng_consensus	source	historical_source	unaffected_feature_from_reviewed_source	ordinary_tibetan_lexical_or_compound	secure_reviewed_alignment	medium
wts_1_34	395	32	1	གླང	glan	glaṅ	suffix_coda	ང	ṅ	token_final	reviewed_tibetan_exact_final_ng_consensus	target	reviewed	reviewed_explicit_feature_evidence	ordinary_tibetan_lexical_or_compound	secure_reviewed_alignment	high
wts_1_34	395	32	1	གླང	glan	glaṅ	pre_coda_structural_unit	གླ	gla	pre_coda_stem	reviewed_tibetan_exact_final_ng_consensus	source	historical_source	unaffected_feature_from_reviewed_source	ordinary_tibetan_lexical_or_compound	secure_reviewed_alignment	medium
wts_1_34	395	35	1	གླང	glan	glaṅ	suffix_coda	ང	ṅ	token_final	reviewed_tibetan_exact_final_ng_consensus	target	reviewed	reviewed_explicit_feature_evidence	ordinary_tibetan_lexical_or_compound	secure_reviewed_alignment	high
wts_1_34	395	35	1	གླང	glan	glaṅ	pre_coda_structural_unit	གླ	gla	pre_coda_stem	reviewed_tibetan_exact_final_ng_consensus	source	historical_source	unaffected_feature_from_reviewed_source	ordinary_tibetan_lexical_or_compound	secure_reviewed_alignment	medium
wts_1_34	395	43	1	གླང	glan	glaṅ	suffix_coda	ང	ṅ	token_final	reviewed_tibetan_exact_final_ng_consensus	target	reviewed	reviewed_explicit_feature_evidence	ordinary_tibetan_lexical_or_compound	secure_reviewed_alignment	high
wts_1_34	395	43	1	གླང	glan	glaṅ	pre_coda_structural_unit	གླ	gla	pre_coda_stem	reviewed_tibetan_exact_final_ng_consensus	source	historical_source	unaffected_feature_from_reviewed_source	ordinary_tibetan_lexical_or_compound	secure_reviewed_alignment	medium
wts_1_34	395	50	1	གླང	glan	glaṅ	suffix_coda	ང	ṅ	token_final	reviewed_tibetan_exact_final_ng_consensus	target	reviewed	reviewed_explicit_feature_evidence	ordinary_tibetan_lexical_or_compound	secure_reviewed_alignment	high
wts_1_34	395	50	1	གླང	glan	glaṅ	pre_coda_structural_unit	གླ	gla	pre_coda_stem	reviewed_tibetan_exact_final_ng_consensus	source	historical_source	unaffected_feature_from_reviewed_source	ordinary_tibetan_lexical_or_compound	secure_reviewed_alignment	medium
wts_1_34	395	54	1	གླང	glan	glaṅ	suffix_coda	ང	ṅ	token_final	reviewed_tibetan_exact_final_ng_consensus	target	reviewed	reviewed_explicit_feature_evidence	ordinary_tibetan_lexical_or_compound	secure_reviewed_alignment	high
wts_1_34	395	54	1	གླང	glan	glaṅ	pre_coda_structural_unit	གླ	gla	pre_coda_stem	reviewed_tibetan_exact_final_ng_consensus	source	historical_source	unaffected_feature_from_reviewed_source	ordinary_tibetan_lexical_or_compound	secure_reviewed_alignment	medium
wts_1_34	395	57	1	གླང	glan	glaṅ	suffix_coda	ང	ṅ	token_final	reviewed_tibetan_exact_final_ng_consensus	target	reviewed	reviewed_explicit_feature_evidence	ordinary_tibetan_lexical_or_compound	secure_reviewed_alignment	high
wts_1_34	395	57	1	གླང	glan	glaṅ	pre_coda_structural_unit	གླ	gla	pre_coda_stem	reviewed_tibetan_exact_final_ng_consensus	source	historical_source	unaffected_feature_from_reviewed_source	ordinary_tibetan_lexical_or_compound	secure_reviewed_alignment	medium
wts_1_34	395	57	2	ཤིང	sin	siṅ	suffix_coda	ང	ṅ	token_final	reviewed_tibetan_exact_final_ng_source_compatible	target	reviewed	reviewed_explicit_feature_evidence	ordinary_tibetan_lexical_or_compound	secure_reviewed_alignment	high
wts_1_34	395	57	2	ཤིང	sin	siṅ	pre_coda_structural_unit	ཤི	si	pre_coda_stem	reviewed_tibetan_exact_final_ng_source_compatible	source	historical_source	unaffected_feature_from_reviewed_source	ordinary_tibetan_lexical_or_compound	secure_reviewed_alignment	medium
wts_1_34	395	63	1	གླང	glan	glaṅ	suffix_coda	ང	ṅ	token_final	reviewed_tibetan_exact_final_ng_consensus	target	reviewed	reviewed_explicit_feature_evidence	ordinary_tibetan_lexical_or_compound	secure_reviewed_alignment	high
wts_1_34	395	63	1	གླང	glan	glaṅ	pre_coda_structural_unit	གླ	gla	pre_coda_stem	reviewed_tibetan_exact_final_ng_consensus	source	historical_source	unaffected_feature_from_reviewed_source	ordinary_tibetan_lexical_or_compound	secure_reviewed_alignment	medium
wts_1_34	395	66	1	གླང	glan	glaṅ	suffix_coda	ང	ṅ	token_final	reviewed_tibetan_exact_final_ng_consensus	target	reviewed	reviewed_explicit_feature_evidence	ordinary_tibetan_lexical_or_compound	secure_reviewed_alignment	high
wts_1_34	395	66	1	གླང	glan	glaṅ	pre_coda_structural_unit	གླ	gla	pre_coda_stem	reviewed_tibetan_exact_final_ng_consensus	source	historical_source	unaffected_feature_from_reviewed_source	ordinary_tibetan_lexical_or_compound	secure_reviewed_alignment	medium
wts_1_34	395	69	1	གླང	glan	glaṅ	suffix_coda	ང	ṅ	token_final	reviewed_tibetan_exact_final_ng_consensus	target	reviewed	reviewed_explicit_feature_evidence	ordinary_tibetan_lexical_or_compound	secure_reviewed_alignment	high
wts_1_34	395	69	1	གླང	glan	glaṅ	pre_coda_structural_unit	གླ	gla	pre_coda_stem	reviewed_tibetan_exact_final_ng_consensus	source	historical_source	unaffected_feature_from_reviewed_source	ordinary_tibetan_lexical_or_compound	secure_reviewed_alignment	medium
wts_1_34	395	194	2	ཁང	khan	khaṅ	suffix_coda	ང	ṅ	token_final	reviewed_tibetan_exact_final_ng_consensus	target	reviewed	reviewed_explicit_feature_evidence	ordinary_tibetan_lexical_or_compound	secure_reviewed_alignment	high
wts_1_34	395	194	2	ཁང	khan	khaṅ	pre_coda_structural_unit	ཁ	kha	pre_coda_stem	reviewed_tibetan_exact_final_ng_consensus	source	historical_source	unaffected_feature_from_reviewed_source	ordinary_tibetan_lexical_or_compound	secure_reviewed_alignment	medium
wts_1_34	395	196	2	གང	gan	gaṅ	suffix_coda			token_final	reviewed_tibetan_exact_script_ng_witness	target	reviewed	role_unresolved	ordinary_tibetan_lexical_or_compound	secure_reviewed_alignment	none
wts_1_34	396	56	1	གླིང	glin	gliṅ	suffix_coda	ང	ṅ	token_final	reviewed_tibetan_exact_final_ng_consensus	target	reviewed	reviewed_explicit_feature_evidence	ordinary_tibetan_lexical_or_compound	secure_reviewed_alignment	high
wts_1_34	396	56	1	གླིང	glin	gliṅ	pre_coda_structural_unit	གླི	gli	pre_coda_stem	reviewed_tibetan_exact_final_ng_consensus	source	historical_source	unaffected_feature_from_reviewed_source	ordinary_tibetan_lexical_or_compound	secure_reviewed_alignment	medium
wts_1_34	396	97	1	གླིང	glin	gliṅ	suffix_coda	ང	ṅ	token_final	reviewed_tibetan_exact_final_ng_consensus	target	reviewed	reviewed_explicit_feature_evidence	ordinary_tibetan_lexical_or_compound	secure_reviewed_alignment	high
wts_1_34	396	97	1	གླིང	glin	gliṅ	pre_coda_structural_unit	གླི	gli	pre_coda_stem	reviewed_tibetan_exact_final_ng_consensus	source	historical_source	unaffected_feature_from_reviewed_source	ordinary_tibetan_lexical_or_compound	secure_reviewed_alignment	medium
wts_1_34	396	103	1	གླིང	glin	gliṅ	suffix_coda	ང	ṅ	token_final	reviewed_tibetan_exact_final_ng_consensus	target	reviewed	reviewed_explicit_feature_evidence	ordinary_tibetan_lexical_or_compound	secure_reviewed_alignment	high
wts_1_34	396	103	1	གླིང	glin	gliṅ	pre_coda_structural_unit	གླི	gli	pre_coda_stem	reviewed_tibetan_exact_final_ng_consensus	source	historical_source	unaffected_feature_from_reviewed_source	ordinary_tibetan_lexical_or_compound	secure_reviewed_alignment	medium
wts_1_34	396	105	1	གླིང	glin	gliṅ	suffix_coda	ང	ṅ	token_final	reviewed_tibetan_exact_final_ng_consensus	target	reviewed	reviewed_explicit_feature_evidence	ordinary_tibetan_lexical_or_compound	secure_reviewed_alignment	high
wts_1_34	396	105	1	གླིང	glin	gliṅ	pre_coda_structural_unit	གླི	gli	pre_coda_stem	reviewed_tibetan_exact_final_ng_consensus	source	historical_source	unaffected_feature_from_reviewed_source	ordinary_tibetan_lexical_or_compound	secure_reviewed_alignment	medium
wts_1_34	396	110	1	གླིང	glin	gliṅ	suffix_coda	ང	ṅ	token_final	reviewed_tibetan_exact_final_ng_consensus	target	reviewed	reviewed_explicit_feature_evidence	ordinary_tibetan_lexical_or_compound	secure_reviewed_alignment	high
wts_1_34	396	110	1	གླིང	glin	gliṅ	pre_coda_structural_unit	གླི	gli	pre_coda_stem	reviewed_tibetan_exact_final_ng_consensus	source	historical_source	unaffected_feature_from_reviewed_source	ordinary_tibetan_lexical_or_compound	secure_reviewed_alignment	medium
wts_1_34	396	112	1	གླིང	glin	gliṅ	suffix_coda	ང	ṅ	token_final	reviewed_tibetan_exact_final_ng_consensus	target	reviewed	reviewed_explicit_feature_evidence	ordinary_tibetan_lexical_or_compound	secure_reviewed_alignment	high
wts_1_34	396	112	1	གླིང	glin	gliṅ	pre_coda_structural_unit	གླི	gli	pre_coda_stem	reviewed_tibetan_exact_final_ng_consensus	source	historical_source	unaffected_feature_from_reviewed_source	ordinary_tibetan_lexical_or_compound	secure_reviewed_alignment	medium
wts_1_34	396	116	1	གླིང	glin	gliṅ	suffix_coda	ང	ṅ	token_final	reviewed_tibetan_exact_final_ng_consensus	target	reviewed	reviewed_explicit_feature_evidence	ordinary_tibetan_lexical_or_compound	secure_reviewed_alignment	high
wts_1_34	396	116	1	གླིང	glin	gliṅ	pre_coda_structural_unit	གླི	gli	pre_coda_stem	reviewed_tibetan_exact_final_ng_consensus	source	historical_source	unaffected_feature_from_reviewed_source	ordinary_tibetan_lexical_or_compound	secure_reviewed_alignment	medium
wts_1_34	396	134	1	གླིང	glin	gliṅ	suffix_coda	ང	ṅ	token_final	reviewed_tibetan_exact_final_ng_consensus	target	reviewed	reviewed_explicit_feature_evidence	ordinary_tibetan_lexical_or_compound	secure_reviewed_alignment	high
wts_1_34	396	134	1	གླིང	glin	gliṅ	pre_coda_structural_unit	གླི	gli	pre_coda_stem	reviewed_tibetan_exact_final_ng_consensus	source	historical_source	unaffected_feature_from_reviewed_source	ordinary_tibetan_lexical_or_compound	secure_reviewed_alignment	medium
wts_1_34	396	149	1	གླིང	glin	gliṅ	suffix_coda	ང	ṅ	token_final	reviewed_tibetan_exact_final_ng_consensus	target	reviewed	reviewed_explicit_feature_evidence	ordinary_tibetan_lexical_or_compound	secure_reviewed_alignment	high
wts_1_34	396	149	1	གླིང	glin	gliṅ	pre_coda_structural_unit	གླི	gli	pre_coda_stem	reviewed_tibetan_exact_final_ng_consensus	source	historical_source	unaffected_feature_from_reviewed_source	ordinary_tibetan_lexical_or_compound	secure_reviewed_alignment	medium
wts_1_34	396	154	1	གླིང	glin	gliṅ	suffix_coda	ང	ṅ	token_final	reviewed_tibetan_exact_final_ng_consensus	target	reviewed	reviewed_explicit_feature_evidence	ordinary_tibetan_lexical_or_compound	secure_reviewed_alignment	high
wts_1_34	396	154	1	གླིང	glin	gliṅ	pre_coda_structural_unit	གླི	gli	pre_coda_stem	reviewed_tibetan_exact_final_ng_consensus	source	historical_source	unaffected_feature_from_reviewed_source	ordinary_tibetan_lexical_or_compound	secure_reviewed_alignment	medium
wts_1_34	396	160	1	གླིང	glin	gliṅ	suffix_coda	ང	ṅ	token_final	reviewed_tibetan_exact_final_ng_consensus	target	reviewed	reviewed_explicit_feature_evidence	ordinary_tibetan_lexical_or_compound	secure_reviewed_alignment	high
wts_1_34	396	160	1	གླིང	glin	gliṅ	pre_coda_structural_unit	གླི	gli	pre_coda_stem	reviewed_tibetan_exact_final_ng_consensus	source	historical_source	unaffected_feature_from_reviewed_source	ordinary_tibetan_lexical_or_compound	secure_reviewed_alignment	medium
wts_1_34	396	178	2	བཞི	bZi	bźi	root_consonant	ཞ	ź	root	reviewed_tibetan_exact_transcription_integrity	target	reviewed	reviewed_explicit_feature_evidence	ordinary_tibetan_lexical_or_compound	secure_reviewed_alignment	high
wts_1_34	396	178	2	བཞི	bZi	bźi	unsegmented_structural_unit	བཞི	b□i	unaffected_span_support	reviewed_tibetan_exact_transcription_integrity	source	historical_source	unaffected_feature_from_reviewed_source	ordinary_tibetan_lexical_or_compound	secure_reviewed_alignment	medium
wts_1_34	396	189	2	བཞི	bZi	bźi	root_consonant	ཞ	ź	root	reviewed_tibetan_exact_transcription_integrity	target	reviewed	reviewed_explicit_feature_evidence	ordinary_tibetan_lexical_or_compound	secure_reviewed_alignment	high
wts_1_34	396	189	2	བཞི	bZi	bźi	unsegmented_structural_unit	བཞི	b□i	unaffected_span_support	reviewed_tibetan_exact_transcription_integrity	source	historical_source	unaffected_feature_from_reviewed_source	ordinary_tibetan_lexical_or_compound	secure_reviewed_alignment	medium
wts_1_34	396	196	1	གླིང	glin	gliṅ	suffix_coda	ང	ṅ	token_final	reviewed_tibetan_exact_final_ng_consensus	target	reviewed	reviewed_explicit_feature_evidence	ordinary_tibetan_lexical_or_compound	secure_reviewed_alignment	high
wts_1_34	396	196	1	གླིང	glin	gliṅ	pre_coda_structural_unit	གླི	gli	pre_coda_stem	reviewed_tibetan_exact_final_ng_consensus	source	historical_source	unaffected_feature_from_reviewed_source	ordinary_tibetan_lexical_or_compound	secure_reviewed_alignment	medium
wts_1_34	396	200	1	གླིང	glin	gliṅ	suffix_coda	ང	ṅ	token_final	reviewed_tibetan_exact_final_ng_consensus	target	reviewed	reviewed_explicit_feature_evidence	ordinary_tibetan_lexical_or_compound	secure_reviewed_alignment	high
wts_1_34	396	200	1	གླིང	glin	gliṅ	pre_coda_structural_unit	གླི	gli	pre_coda_stem	reviewed_tibetan_exact_final_ng_consensus	source	historical_source	unaffected_feature_from_reviewed_source	ordinary_tibetan_lexical_or_compound	secure_reviewed_alignment	medium
wts_1_34	397	112	2	འགོང	gon	goṅ	suffix_coda	ང	ṅ	token_final	reviewed_tibetan_exact_prefixed_final_ng_consensus	target	reviewed	reviewed_explicit_feature_evidence	ordinary_tibetan_lexical_or_compound	secure_reviewed_alignment	high
wts_1_34	397	112	2	འགོང	gon	goṅ	pre_coda_structural_unit	འགོ	go	pre_coda_stem	reviewed_tibetan_exact_prefixed_final_ng_consensus	source	historical_source	unaffected_feature_from_reviewed_source	ordinary_tibetan_lexical_or_compound	secure_reviewed_alignment	medium
wts_1_34	398	35	2	ཤིང	sin	siṅ	suffix_coda	ང	ṅ	token_final	reviewed_tibetan_exact_final_ng_source_compatible	target	reviewed	reviewed_explicit_feature_evidence	ordinary_tibetan_lexical_or_compound	secure_reviewed_alignment	high
wts_1_34	398	35	2	ཤིང	sin	siṅ	pre_coda_structural_unit	ཤི	si	pre_coda_stem	reviewed_tibetan_exact_final_ng_source_compatible	source	historical_source	unaffected_feature_from_reviewed_source	ordinary_tibetan_lexical_or_compound	secure_reviewed_alignment	medium
wts_1_34	399	55	2	ཁུང	khun	khuṅ	suffix_coda	ང	ṅ	token_final	reviewed_tibetan_exact_final_ng_consensus	target	reviewed	reviewed_explicit_feature_evidence	ordinary_tibetan_lexical_or_compound	secure_reviewed_alignment	high
wts_1_34	399	55	2	ཁུང	khun	khuṅ	pre_coda_structural_unit	ཁུ	khu	pre_coda_stem	reviewed_tibetan_exact_final_ng_consensus	source	historical_source	unaffected_feature_from_reviewed_source	ordinary_tibetan_lexical_or_compound	secure_reviewed_alignment	medium
wts_1_34	399	107	2	ཁུང	khun	khuṅ	suffix_coda	ང	ṅ	token_final	reviewed_tibetan_exact_final_ng_consensus	target	reviewed	reviewed_explicit_feature_evidence	ordinary_tibetan_lexical_or_compound	secure_reviewed_alignment	high
wts_1_34	399	107	2	ཁུང	khun	khuṅ	pre_coda_structural_unit	ཁུ	khu	pre_coda_stem	reviewed_tibetan_exact_final_ng_consensus	source	historical_source	unaffected_feature_from_reviewed_source	ordinary_tibetan_lexical_or_compound	secure_reviewed_alignment	medium
wts_1_34	400	5	3	ཆུང	chun	chuṅ	suffix_coda	ང	ṅ	token_final	reviewed_tibetan_exact_script_ng_witness	target	reviewed	reviewed_explicit_feature_evidence	ordinary_tibetan_lexical_or_compound	secure_reviewed_alignment	high
wts_1_34	400	5	3	ཆུང	chun	chuṅ	pre_coda_structural_unit	ཆུ	chu	pre_coda_stem	reviewed_tibetan_exact_script_ng_witness	source	historical_source	unaffected_feature_from_reviewed_source	ordinary_tibetan_lexical_or_compound	secure_reviewed_alignment	medium
wts_1_34	400	10	3	ཆུང	chun	chuṅ	suffix_coda	ང	ṅ	token_final	reviewed_tibetan_exact_script_ng_witness	target	reviewed	reviewed_explicit_feature_evidence	ordinary_tibetan_lexical_or_compound	secure_reviewed_alignment	high
wts_1_34	400	10	3	ཆུང	chun	chuṅ	pre_coda_structural_unit	ཆུ	chu	pre_coda_stem	reviewed_tibetan_exact_script_ng_witness	source	historical_source	unaffected_feature_from_reviewed_source	ordinary_tibetan_lexical_or_compound	secure_reviewed_alignment	medium
wts_1_34	401	56	2	འཐུང	thun	thuṅ	suffix_coda	ང	ṅ	token_final	reviewed_tibetan_exact_final_ng_consensus	target	reviewed	reviewed_explicit_feature_evidence	ordinary_tibetan_lexical_or_compound	secure_reviewed_alignment	high
wts_1_34	401	56	2	འཐུང	thun	thuṅ	pre_coda_structural_unit	འཐུ	thu	pre_coda_stem	reviewed_tibetan_exact_final_ng_consensus	source	historical_source	unaffected_feature_from_reviewed_source	ordinary_tibetan_lexical_or_compound	secure_reviewed_alignment	medium
wts_1_34	401	77	2	སྤྱང	spyan	spyaṅ	suffix_coda	ང	ṅ	token_final	reviewed_tibetan_exact_final_ng_consensus	target	reviewed	reviewed_explicit_feature_evidence	ordinary_tibetan_lexical_or_compound	secure_reviewed_alignment	high
wts_1_34	401	77	2	སྤྱང	spyan	spyaṅ	pre_coda_structural_unit	སྤྱ	spya	pre_coda_stem	reviewed_tibetan_exact_final_ng_consensus	source	historical_source	unaffected_feature_from_reviewed_source	ordinary_tibetan_lexical_or_compound	secure_reviewed_alignment	medium
wts_1_34	401	80	2	ཕྲེང	phren	phreṅ	suffix_coda	ང	ṅ	token_final	reviewed_tibetan_exact_final_ng_consensus	target	reviewed	reviewed_explicit_feature_evidence	ordinary_tibetan_lexical_or_compound	secure_reviewed_alignment	high
wts_1_34	401	80	2	ཕྲེང	phren	phreṅ	pre_coda_structural_unit	ཕྲེ	phre	pre_coda_stem	reviewed_tibetan_exact_final_ng_consensus	source	historical_source	unaffected_feature_from_reviewed_source	ordinary_tibetan_lexical_or_compound	secure_reviewed_alignment	medium
wts_1_34	403	109	1	དགའ	Ina	lṅa	unsegmented_structural_unit	དགའ	□□a	unaffected_span_support	reviewed_tibetan_exact_initial_i_l_family	source	historical_source	unaffected_feature_from_reviewed_source	ordinary_tibetan_lexical_or_compound	secure_reviewed_alignment	medium
wts_1_34	403	162	4	བྲང	bran	braṅ	suffix_coda	ང	ṅ	token_final	reviewed_tibetan_exact_final_ng_consensus	target	reviewed	reviewed_explicit_feature_evidence	ordinary_tibetan_lexical_or_compound	secure_reviewed_alignment	high
wts_1_34	403	162	4	བྲང	bran	braṅ	pre_coda_structural_unit	བྲ	bra	pre_coda_stem	reviewed_tibetan_exact_final_ng_consensus	source	historical_source	unaffected_feature_from_reviewed_source	ordinary_tibetan_lexical_or_compound	secure_reviewed_alignment	medium
wts_1_34	404	16	2	སྣང	snah	snaṅ	suffix_coda	ང	ṅ	token_final	reviewed_tibetan_exact_final_ng_consensus	target	reviewed	reviewed_explicit_feature_evidence	ordinary_tibetan_lexical_or_compound	secure_reviewed_alignment	high
wts_1_34	404	16	2	སྣང	snah	snaṅ	pre_coda_structural_unit	སྣ	sna	pre_coda_stem	reviewed_tibetan_exact_final_ng_consensus	source	historical_source	unaffected_feature_from_reviewed_source	ordinary_tibetan_lexical_or_compound	secure_reviewed_alignment	medium
wts_1_34	404	99	3	ཤིང	Sin	Siṅ	suffix_coda	ང	ṅ	token_final	reviewed_tibetan_exact_final_ng_source_compatible	target	reviewed	reviewed_explicit_feature_evidence	ordinary_tibetan_lexical_or_compound	secure_reviewed_alignment	high
wts_1_34	404	99	3	ཤིང	Sin	Siṅ	pre_coda_structural_unit	ཤི	Si	pre_coda_stem	reviewed_tibetan_exact_final_ng_source_compatible	source	historical_source	unaffected_feature_from_reviewed_source	ordinary_tibetan_lexical_or_compound	secure_reviewed_alignment	medium
wts_1_34	404	105	4	གཞི	gZi	gźi	root_consonant	ཞ	ź	root	reviewed_tibetan_exact_transcription_integrity	target	reviewed	reviewed_explicit_feature_evidence	ordinary_tibetan_lexical_or_compound	secure_reviewed_alignment	high
wts_1_34	404	105	4	གཞི	gZi	gźi	unsegmented_structural_unit	གཞི	g□i	unaffected_span_support	reviewed_tibetan_exact_transcription_integrity	source	historical_source	unaffected_feature_from_reviewed_source	ordinary_tibetan_lexical_or_compound	secure_reviewed_alignment	medium
wts_1_34	406	163	2	སེང	sen	seṅ	suffix_coda	ང	ṅ	token_final	reviewed_tibetan_exact_final_ng_consensus	target	reviewed	reviewed_explicit_feature_evidence	ordinary_tibetan_lexical_or_compound	secure_reviewed_alignment	high
wts_1_34	406	163	2	སེང	sen	seṅ	pre_coda_structural_unit	སེ	se	pre_coda_stem	reviewed_tibetan_exact_final_ng_consensus	source	historical_source	unaffected_feature_from_reviewed_source	ordinary_tibetan_lexical_or_compound	secure_reviewed_alignment	medium
wts_1_34	407	109	1	དགུང	dgun	dguṅ	suffix_coda	ང	ṅ	token_final	reviewed_tibetan_exact_final_ng_historical_witness	target	reviewed	reviewed_explicit_feature_evidence	ordinary_tibetan_lexical_or_compound	secure_reviewed_alignment	high
wts_1_34	407	109	1	དགུང	dgun	dguṅ	pre_coda_structural_unit	དགུ	dgu	pre_coda_stem	reviewed_tibetan_exact_final_ng_historical_witness	source	historical_source	unaffected_feature_from_reviewed_source	ordinary_tibetan_lexical_or_compound	secure_reviewed_alignment	medium
wts_1_34	407	136	1	དགུང	dgun	dguṅ	suffix_coda	ང	ṅ	token_final	reviewed_tibetan_exact_final_ng_historical_witness	target	reviewed	reviewed_explicit_feature_evidence	ordinary_tibetan_lexical_or_compound	secure_reviewed_alignment	high
wts_1_34	407	136	1	དགུང	dgun	dguṅ	pre_coda_structural_unit	དགུ	dgu	pre_coda_stem	reviewed_tibetan_exact_final_ng_historical_witness	source	historical_source	unaffected_feature_from_reviewed_source	ordinary_tibetan_lexical_or_compound	secure_reviewed_alignment	medium
wts_1_34	407	161	1	དགུང	dgun	dguṅ	suffix_coda	ང	ṅ	token_final	reviewed_tibetan_exact_final_ng_historical_witness	target	reviewed	reviewed_explicit_feature_evidence	ordinary_tibetan_lexical_or_compound	secure_reviewed_alignment	high
wts_1_34	407	161	1	དགུང	dgun	dguṅ	pre_coda_structural_unit	དགུ	dgu	pre_coda_stem	reviewed_tibetan_exact_final_ng_historical_witness	source	historical_source	unaffected_feature_from_reviewed_source	ordinary_tibetan_lexical_or_compound	secure_reviewed_alignment	medium
wts_1_34	407	168	1	དགུང	dgun	dguṅ	suffix_coda	ང	ṅ	token_final	reviewed_tibetan_exact_final_ng_historical_witness	target	reviewed	reviewed_explicit_feature_evidence	ordinary_tibetan_lexical_or_compound	secure_reviewed_alignment	high
wts_1_34	407	168	1	དགུང	dgun	dguṅ	pre_coda_structural_unit	དགུ	dgu	pre_coda_stem	reviewed_tibetan_exact_final_ng_historical_witness	source	historical_source	unaffected_feature_from_reviewed_source	ordinary_tibetan_lexical_or_compound	secure_reviewed_alignment	medium
wts_1_34	407	173	1	དགུང	dgun	dguṅ	suffix_coda	ང	ṅ	token_final	reviewed_tibetan_exact_final_ng_historical_witness	target	reviewed	reviewed_explicit_feature_evidence	ordinary_tibetan_lexical_or_compound	secure_reviewed_alignment	high
wts_1_34	407	173	1	དགུང	dgun	dguṅ	pre_coda_structural_unit	དགུ	dgu	pre_coda_stem	reviewed_tibetan_exact_final_ng_historical_witness	source	historical_source	unaffected_feature_from_reviewed_source	ordinary_tibetan_lexical_or_compound	secure_reviewed_alignment	medium
wts_1_34	407	186	1	དགུང	dgun	dguṅ	suffix_coda	ང	ṅ	token_final	reviewed_tibetan_exact_final_ng_historical_witness	target	reviewed	reviewed_explicit_feature_evidence	ordinary_tibetan_lexical_or_compound	secure_reviewed_alignment	high
wts_1_34	407	186	1	དགུང	dgun	dguṅ	pre_coda_structural_unit	དགུ	dgu	pre_coda_stem	reviewed_tibetan_exact_final_ng_historical_witness	source	historical_source	unaffected_feature_from_reviewed_source	ordinary_tibetan_lexical_or_compound	secure_reviewed_alignment	medium
wts_1_34	407	191	1	དགུང	dgun	dguṅ	suffix_coda	ང	ṅ	token_final	reviewed_tibetan_exact_final_ng_historical_witness	target	reviewed	reviewed_explicit_feature_evidence	ordinary_tibetan_lexical_or_compound	secure_reviewed_alignment	high
wts_1_34	407	191	1	དགུང	dgun	dguṅ	pre_coda_structural_unit	དགུ	dgu	pre_coda_stem	reviewed_tibetan_exact_final_ng_historical_witness	source	historical_source	unaffected_feature_from_reviewed_source	ordinary_tibetan_lexical_or_compound	secure_reviewed_alignment	medium
wts_1_34	408	2	1	དགུང	dgun	dguṅ	suffix_coda	ང	ṅ	token_final	reviewed_tibetan_exact_final_ng_historical_witness	target	reviewed	reviewed_explicit_feature_evidence	ordinary_tibetan_lexical_or_compound	secure_reviewed_alignment	high
wts_1_34	408	2	1	དགུང	dgun	dguṅ	pre_coda_structural_unit	དགུ	dgu	pre_coda_stem	reviewed_tibetan_exact_final_ng_historical_witness	source	historical_source	unaffected_feature_from_reviewed_source	ordinary_tibetan_lexical_or_compound	secure_reviewed_alignment	medium
wts_1_34	408	51	4	ཆུང	chun	chuṅ	suffix_coda	ང	ṅ	token_final	reviewed_tibetan_exact_script_ng_witness	target	reviewed	reviewed_explicit_feature_evidence	ordinary_tibetan_lexical_or_compound	secure_reviewed_alignment	high
wts_1_34	408	51	4	ཆུང	chun	chuṅ	pre_coda_structural_unit	ཆུ	chu	pre_coda_stem	reviewed_tibetan_exact_script_ng_witness	source	historical_source	unaffected_feature_from_reviewed_source	ordinary_tibetan_lexical_or_compound	secure_reviewed_alignment	medium
wts_1_34	408	68	2	འབྲིང	brin	briṅ	suffix_coda	ང	ṅ	token_final	reviewed_tibetan_exact_final_ng_consensus	target	reviewed	reviewed_explicit_feature_evidence	ordinary_tibetan_lexical_or_compound	secure_reviewed_alignment	high
wts_1_34	408	68	2	འབྲིང	brin	briṅ	pre_coda_structural_unit	འབྲི	bri	pre_coda_stem	reviewed_tibetan_exact_final_ng_consensus	source	historical_source	unaffected_feature_from_reviewed_source	ordinary_tibetan_lexical_or_compound	secure_reviewed_alignment	medium
wts_1_34	408	96	4	ཆུང	chun	chuṅ	suffix_coda	ང	ṅ	token_final	reviewed_tibetan_exact_script_ng_witness	target	reviewed	reviewed_explicit_feature_evidence	ordinary_tibetan_lexical_or_compound	secure_reviewed_alignment	high
wts_1_34	408	96	4	ཆུང	chun	chuṅ	pre_coda_structural_unit	ཆུ	chu	pre_coda_stem	reviewed_tibetan_exact_script_ng_witness	source	historical_source	unaffected_feature_from_reviewed_source	ordinary_tibetan_lexical_or_compound	secure_reviewed_alignment	medium
wts_1_34	408	103	3	འབྲིང	brin	briṅ	suffix_coda	ང	ṅ	token_final	reviewed_tibetan_exact_final_ng_consensus	target	reviewed	reviewed_explicit_feature_evidence	ordinary_tibetan_lexical_or_compound	secure_reviewed_alignment	high
wts_1_34	408	103	3	འབྲིང	brin	briṅ	pre_coda_structural_unit	འབྲི	bri	pre_coda_stem	reviewed_tibetan_exact_final_ng_consensus	source	historical_source	unaffected_feature_from_reviewed_source	ordinary_tibetan_lexical_or_compound	secure_reviewed_alignment	medium
wts_1_34	408	115	3	འབྲིང	brin	briṅ	suffix_coda	ང	ṅ	token_final	reviewed_tibetan_exact_final_ng_consensus	target	reviewed	reviewed_explicit_feature_evidence	ordinary_tibetan_lexical_or_compound	secure_reviewed_alignment	high
wts_1_34	408	115	3	འབྲིང	brin	briṅ	pre_coda_structural_unit	འབྲི	bri	pre_coda_stem	reviewed_tibetan_exact_final_ng_consensus	source	historical_source	unaffected_feature_from_reviewed_source	ordinary_tibetan_lexical_or_compound	secure_reviewed_alignment	medium
wts_1_34	409	33	2	ཆུང	chun	chuṅ	suffix_coda	ང	ṅ	token_final	reviewed_tibetan_exact_script_ng_witness	target	reviewed	reviewed_explicit_feature_evidence	ordinary_tibetan_lexical_or_compound	secure_reviewed_alignment	high
wts_1_34	409	33	2	ཆུང	chun	chuṅ	pre_coda_structural_unit	ཆུ	chu	pre_coda_stem	reviewed_tibetan_exact_script_ng_witness	source	historical_source	unaffected_feature_from_reviewed_source	ordinary_tibetan_lexical_or_compound	secure_reviewed_alignment	medium
wts_1_34	409	58	2	སྟོང	ston	stoṅ	suffix_coda	ང	ṅ	token_final	reviewed_tibetan_exact_final_ng_consensus	target	reviewed	reviewed_explicit_feature_evidence	ordinary_tibetan_lexical_or_compound	secure_reviewed_alignment	high
wts_1_34	409	58	2	སྟོང	ston	stoṅ	pre_coda_structural_unit	སྟོ	sto	pre_coda_stem	reviewed_tibetan_exact_final_ng_consensus	source	historical_source	unaffected_feature_from_reviewed_source	ordinary_tibetan_lexical_or_compound	secure_reviewed_alignment	medium
wts_1_34	409	104	2	སྟོང	ston	stoṅ	suffix_coda	ང	ṅ	token_final	reviewed_tibetan_exact_final_ng_consensus	target	reviewed	reviewed_explicit_feature_evidence	ordinary_tibetan_lexical_or_compound	secure_reviewed_alignment	high
wts_1_34	409	104	2	སྟོང	ston	stoṅ	pre_coda_structural_unit	སྟོ	sto	pre_coda_stem	reviewed_tibetan_exact_final_ng_consensus	source	historical_source	unaffected_feature_from_reviewed_source	ordinary_tibetan_lexical_or_compound	secure_reviewed_alignment	medium
wts_1_34	413	26	3	སློང	slon	sloṅ	suffix_coda	ང	ṅ	token_final	reviewed_tibetan_exact_final_ng_historical_witness	target	reviewed	reviewed_explicit_feature_evidence	ordinary_tibetan_lexical_or_compound	secure_reviewed_alignment	high
wts_1_34	413	26	3	སློང	slon	sloṅ	pre_coda_structural_unit	སློ	slo	pre_coda_stem	reviewed_tibetan_exact_final_ng_historical_witness	source	historical_source	unaffected_feature_from_reviewed_source	ordinary_tibetan_lexical_or_compound	secure_reviewed_alignment	medium
wts_1_34	413	59	8	སྦྱོང	sbyon	sbyoṅ	suffix_coda	ང	ṅ	token_final	reviewed_tibetan_exact_final_ng_consensus	target	reviewed	reviewed_explicit_feature_evidence	unclear	secure_reviewed_alignment	high
wts_1_34	413	59	8	སྦྱོང	sbyon	sbyoṅ	pre_coda_structural_unit	སྦྱོ	sbyo	pre_coda_stem	reviewed_tibetan_exact_final_ng_consensus	source	historical_source	unaffected_feature_from_reviewed_source	unclear	secure_reviewed_alignment	medium
wts_1_34	414	106	2	སློང	slon	sloṅ	suffix_coda	ང	ṅ	token_final	reviewed_tibetan_exact_final_ng_historical_witness	target	reviewed	reviewed_explicit_feature_evidence	ordinary_tibetan_lexical_or_compound	secure_reviewed_alignment	high
wts_1_34	414	106	2	སློང	slon	sloṅ	pre_coda_structural_unit	སློ	slo	pre_coda_stem	reviewed_tibetan_exact_final_ng_historical_witness	source	historical_source	unaffected_feature_from_reviewed_source	ordinary_tibetan_lexical_or_compound	secure_reviewed_alignment	medium
wts_1_34	414	115	2	སློང	slon	sloṅ	suffix_coda	ང	ṅ	token_final	reviewed_tibetan_exact_final_ng_historical_witness	target	reviewed	reviewed_explicit_feature_evidence	ordinary_tibetan_lexical_or_compound	secure_reviewed_alignment	high
wts_1_34	414	115	2	སློང	slon	sloṅ	pre_coda_structural_unit	སློ	slo	pre_coda_stem	reviewed_tibetan_exact_final_ng_historical_witness	source	historical_source	unaffected_feature_from_reviewed_source	ordinary_tibetan_lexical_or_compound	secure_reviewed_alignment	medium
wts_1_34	414	198	2	སློང	slon	sloṅ	suffix_coda	ང	ṅ	token_final	reviewed_tibetan_exact_final_ng_historical_witness	target	reviewed	reviewed_explicit_feature_evidence	ordinary_tibetan_lexical_or_compound	secure_reviewed_alignment	high
wts_1_34	414	198	2	སློང	slon	sloṅ	pre_coda_structural_unit	སློ	slo	pre_coda_stem	reviewed_tibetan_exact_final_ng_historical_witness	source	historical_source	unaffected_feature_from_reviewed_source	ordinary_tibetan_lexical_or_compound	secure_reviewed_alignment	medium
wts_1_34	416	140	2	གཞི	gZi	gźi	root_consonant	ཞ	ź	root	reviewed_tibetan_exact_transcription_integrity	target	reviewed	reviewed_explicit_feature_evidence	ordinary_tibetan_lexical_or_compound	secure_reviewed_alignment	high
wts_1_34	416	140	2	གཞི	gZi	gźi	unsegmented_structural_unit	གཞི	g□i	unaffected_span_support	reviewed_tibetan_exact_transcription_integrity	source	historical_source	unaffected_feature_from_reviewed_source	ordinary_tibetan_lexical_or_compound	secure_reviewed_alignment	medium
wts_1_34	418	108	2	དབང	dban	dbaṅ	suffix_coda	ང	ṅ	token_final	reviewed_tibetan_exact_final_ng_consensus	target	reviewed	reviewed_explicit_feature_evidence	ordinary_tibetan_lexical_or_compound	secure_reviewed_alignment	high
wts_1_34	418	108	2	དབང	dban	dbaṅ	pre_coda_structural_unit	དབ	dba	pre_coda_stem	reviewed_tibetan_exact_final_ng_consensus	source	historical_source	unaffected_feature_from_reviewed_source	ordinary_tibetan_lexical_or_compound	secure_reviewed_alignment	medium
wts_1_34	419	156	2	ཁང	khan	khaṅ	suffix_coda	ང	ṅ	token_final	reviewed_tibetan_exact_final_ng_consensus	target	reviewed	reviewed_explicit_feature_evidence	ordinary_tibetan_lexical_or_compound	secure_reviewed_alignment	high
wts_1_34	419	156	2	ཁང	khan	khaṅ	pre_coda_structural_unit	ཁ	kha	pre_coda_stem	reviewed_tibetan_exact_final_ng_consensus	source	historical_source	unaffected_feature_from_reviewed_source	ordinary_tibetan_lexical_or_compound	secure_reviewed_alignment	medium
wts_1_34	419	202	2	ཁང	khan	khaṅ	suffix_coda	ང	ṅ	token_final	reviewed_tibetan_exact_final_ng_consensus	target	reviewed	reviewed_explicit_feature_evidence	ordinary_tibetan_lexical_or_compound	secure_reviewed_alignment	high
wts_1_34	419	202	2	ཁང	khan	khaṅ	pre_coda_structural_unit	ཁ	kha	pre_coda_stem	reviewed_tibetan_exact_final_ng_consensus	source	historical_source	unaffected_feature_from_reviewed_source	ordinary_tibetan_lexical_or_compound	secure_reviewed_alignment	medium
wts_1_34	421	53	2	ཆུང	chun	chuṅ	suffix_coda	ང	ṅ	token_final	reviewed_tibetan_exact_script_ng_witness	target	reviewed	reviewed_explicit_feature_evidence	ordinary_tibetan_lexical_or_compound	secure_reviewed_alignment	high
wts_1_34	421	53	2	ཆུང	chun	chuṅ	pre_coda_structural_unit	ཆུ	chu	pre_coda_stem	reviewed_tibetan_exact_script_ng_witness	source	historical_source	unaffected_feature_from_reviewed_source	ordinary_tibetan_lexical_or_compound	secure_reviewed_alignment	medium
wts_1_34	421	96	2	གའི	chun	chuṅ	suffix_coda			token_final	reviewed_tibetan_exact_script_ng_witness	target	reviewed	role_unresolved	ordinary_tibetan_lexical_or_compound	secure_reviewed_alignment	none
wts_1_34	424	82	1	བགྲང	bgran	bgraṅ	suffix_coda	ང	ṅ	token_final	reviewed_tibetan_exact_final_ng_source_compatible	target	reviewed	reviewed_explicit_feature_evidence	ordinary_tibetan_lexical_or_compound	secure_reviewed_alignment	high
wts_1_34	424	82	1	བགྲང	bgran	bgraṅ	pre_coda_structural_unit	བགྲ	bgra	pre_coda_stem	reviewed_tibetan_exact_final_ng_source_compatible	source	historical_source	unaffected_feature_from_reviewed_source	ordinary_tibetan_lexical_or_compound	secure_reviewed_alignment	medium
wts_1_34	424	141	1	བགྲང	bgran	bgraṅ	suffix_coda	ང	ṅ	token_final	reviewed_tibetan_exact_final_ng_source_compatible	target	reviewed	reviewed_explicit_feature_evidence	ordinary_tibetan_lexical_or_compound	secure_reviewed_alignment	high
wts_1_34	424	141	1	བགྲང	bgran	bgraṅ	pre_coda_structural_unit	བགྲ	bgra	pre_coda_stem	reviewed_tibetan_exact_final_ng_source_compatible	source	historical_source	unaffected_feature_from_reviewed_source	ordinary_tibetan_lexical_or_compound	secure_reviewed_alignment	medium
wts_1_34	424	158	2	ཕྲེང	phren	phreṅ	suffix_coda	ང	ṅ	token_final	reviewed_tibetan_exact_final_ng_consensus	target	reviewed	reviewed_explicit_feature_evidence	ordinary_tibetan_lexical_or_compound	secure_reviewed_alignment	high
wts_1_34	424	158	2	ཕྲེང	phren	phreṅ	pre_coda_structural_unit	ཕྲེ	phre	pre_coda_stem	reviewed_tibetan_exact_final_ng_consensus	source	historical_source	unaffected_feature_from_reviewed_source	ordinary_tibetan_lexical_or_compound	secure_reviewed_alignment	medium
wts_1_34	424	178	1	བགྲང	bgran	bgraṅ	suffix_coda	ང	ṅ	token_final	reviewed_tibetan_exact_final_ng_source_compatible	target	reviewed	reviewed_explicit_feature_evidence	ordinary_tibetan_lexical_or_compound	secure_reviewed_alignment	high
wts_1_34	424	178	1	བགྲང	bgran	bgraṅ	pre_coda_structural_unit	བགྲ	bgra	pre_coda_stem	reviewed_tibetan_exact_final_ng_source_compatible	source	historical_source	unaffected_feature_from_reviewed_source	ordinary_tibetan_lexical_or_compound	secure_reviewed_alignment	medium
wts_1_34	424	188	1	བགྲང	bgran	bgraṅ	suffix_coda	ང	ṅ	token_final	reviewed_tibetan_exact_final_ng_source_compatible	target	reviewed	reviewed_explicit_feature_evidence	ordinary_tibetan_lexical_or_compound	secure_reviewed_alignment	high
wts_1_34	424	188	1	བགྲང	bgran	bgraṅ	pre_coda_structural_unit	བགྲ	bgra	pre_coda_stem	reviewed_tibetan_exact_final_ng_source_compatible	source	historical_source	unaffected_feature_from_reviewed_source	ordinary_tibetan_lexical_or_compound	secure_reviewed_alignment	medium
wts_1_34	429	158	2	ལྡིང	ldin	ldiṅ	suffix_coda	ང	ṅ	token_final	reviewed_tibetan_exact_final_ng_consensus	target	reviewed	reviewed_explicit_feature_evidence	ordinary_tibetan_lexical_or_compound	secure_reviewed_alignment	high
wts_1_34	429	158	2	ལྡིང	ldin	ldiṅ	pre_coda_structural_unit	ལྡི	ldi	pre_coda_stem	reviewed_tibetan_exact_final_ng_consensus	source	historical_source	unaffected_feature_from_reviewed_source	ordinary_tibetan_lexical_or_compound	secure_reviewed_alignment	medium
wts_1_34	429	206	2	ལྡིང	ldin	ldiṅ	suffix_coda	ང	ṅ	token_final	reviewed_tibetan_exact_final_ng_consensus	target	reviewed	reviewed_explicit_feature_evidence	ordinary_tibetan_lexical_or_compound	secure_reviewed_alignment	high
wts_1_34	429	206	2	ལྡིང	ldin	ldiṅ	pre_coda_structural_unit	ལྡི	ldi	pre_coda_stem	reviewed_tibetan_exact_final_ng_consensus	source	historical_source	unaffected_feature_from_reviewed_source	ordinary_tibetan_lexical_or_compound	secure_reviewed_alignment	medium
wts_1_34	430	80	2	ཡང	yan	yaṅ	suffix_coda	ང	ṅ	token_final	reviewed_tibetan_exact_script_ng_witness	target	reviewed	reviewed_explicit_feature_evidence	ordinary_tibetan_lexical_or_compound	secure_reviewed_alignment	high
wts_1_34	430	80	2	ཡང	yan	yaṅ	pre_coda_structural_unit	ཡ	ya	pre_coda_stem	reviewed_tibetan_exact_script_ng_witness	source	historical_source	unaffected_feature_from_reviewed_source	ordinary_tibetan_lexical_or_compound	secure_reviewed_alignment	medium
wts_1_34	430	100	2	ལིང	lin	liṅ	suffix_coda	ང	ṅ	token_final	reviewed_tibetan_exact_final_ng_consensus	target	reviewed	reviewed_explicit_feature_evidence	ordinary_tibetan_lexical_or_compound	secure_reviewed_alignment	high
wts_1_34	430	100	2	ལིང	lin	liṅ	pre_coda_structural_unit	ལི	li	pre_coda_stem	reviewed_tibetan_exact_final_ng_consensus	source	historical_source	unaffected_feature_from_reviewed_source	ordinary_tibetan_lexical_or_compound	secure_reviewed_alignment	medium
wts_1_34	431	60	2	ཆུང	chun	chuṅ	suffix_coda	ང	ṅ	token_final	reviewed_tibetan_exact_script_ng_witness	target	reviewed	reviewed_explicit_feature_evidence	ordinary_tibetan_lexical_or_compound	secure_reviewed_alignment	high
wts_1_34	431	60	2	ཆུང	chun	chuṅ	pre_coda_structural_unit	ཆུ	chu	pre_coda_stem	reviewed_tibetan_exact_script_ng_witness	source	historical_source	unaffected_feature_from_reviewed_source	ordinary_tibetan_lexical_or_compound	secure_reviewed_alignment	medium
wts_1_34	432	5	11	བཟང	bzan	bzaṅ	suffix_coda	ང	ṅ	token_final	reviewed_tibetan_exact_final_ng_consensus	target	reviewed	reviewed_explicit_feature_evidence	unclear	secure_reviewed_alignment	high
wts_1_34	432	5	11	བཟང	bzan	bzaṅ	pre_coda_structural_unit	བཟ	bza	pre_coda_stem	reviewed_tibetan_exact_final_ng_consensus	source	historical_source	unaffected_feature_from_reviewed_source	unclear	secure_reviewed_alignment	medium
wts_1_34	433	146	2	འགད	gtsan	gtsaṅ	suffix_coda			token_final	reviewed_tibetan_exact_script_ng_witness	target	reviewed	role_unresolved	unclear	marker_or_damage	none
wts_1_34	439	158	1	འགོང	gon	goṅ	suffix_coda	ང	ṅ	token_final	reviewed_tibetan_exact_prefixed_final_ng_consensus	target	reviewed	reviewed_explicit_feature_evidence	ordinary_tibetan_lexical_or_compound	secure_reviewed_alignment	high
wts_1_34	439	158	1	འགོང	gon	goṅ	pre_coda_structural_unit	འགོ	go	pre_coda_stem	reviewed_tibetan_exact_prefixed_final_ng_consensus	source	historical_source	unaffected_feature_from_reviewed_source	ordinary_tibetan_lexical_or_compound	secure_reviewed_alignment	medium
wts_1_34	450	3	2	སྐྱོང	skyon	skyoṅ	suffix_coda	ང	ṅ	token_final	reviewed_tibetan_exact_final_ng_consensus	target	reviewed	reviewed_explicit_feature_evidence	sanskrit_or_indic_transcription	secure_reviewed_alignment	high
wts_1_34	450	3	2	སྐྱོང	skyon	skyoṅ	pre_coda_structural_unit	སྐྱོ	skyo	pre_coda_stem	reviewed_tibetan_exact_final_ng_consensus	source	historical_source	unaffected_feature_from_reviewed_source	sanskrit_or_indic_transcription	secure_reviewed_alignment	medium
wts_1_34	451	28	2	རྐང	rkan	rkaṅ	suffix_coda	ང	ṅ	token_final	reviewed_tibetan_exact_final_ng_consensus	target	reviewed	reviewed_explicit_feature_evidence	ordinary_tibetan_lexical_or_compound	secure_reviewed_alignment	high
wts_1_34	451	28	2	རྐང	rkan	rkaṅ	pre_coda_structural_unit	རྐ	rka	pre_coda_stem	reviewed_tibetan_exact_final_ng_consensus	source	historical_source	unaffected_feature_from_reviewed_source	ordinary_tibetan_lexical_or_compound	secure_reviewed_alignment	medium
wts_1_34	453	45	3	དབང	dban	dbaṅ	suffix_coda	ང	ṅ	token_final	reviewed_tibetan_exact_final_ng_consensus	target	reviewed	reviewed_explicit_feature_evidence	ordinary_tibetan_lexical_or_compound	secure_reviewed_alignment	high
wts_1_34	453	45	3	དབང	dban	dbaṅ	pre_coda_structural_unit	དབ	dba	pre_coda_stem	reviewed_tibetan_exact_final_ng_consensus	source	historical_source	unaffected_feature_from_reviewed_source	ordinary_tibetan_lexical_or_compound	secure_reviewed_alignment	medium
wts_1_34	453	65	3	ཤིང	Sin	Siṅ	suffix_coda	ང	ṅ	token_final	reviewed_tibetan_exact_final_ng_source_compatible	target	reviewed	reviewed_explicit_feature_evidence	ordinary_tibetan_lexical_or_compound	secure_reviewed_alignment	high
wts_1_34	453	65	3	ཤིང	Sin	Siṅ	pre_coda_structural_unit	ཤི	Si	pre_coda_stem	reviewed_tibetan_exact_final_ng_source_compatible	source	historical_source	unaffected_feature_from_reviewed_source	ordinary_tibetan_lexical_or_compound	secure_reviewed_alignment	medium
wts_1_34	453	194	2	བཟང	bzan	bzaṅ	suffix_coda	ང	ṅ	token_final	reviewed_tibetan_exact_final_ng_consensus	target	reviewed	reviewed_explicit_feature_evidence	ordinary_tibetan_lexical_or_compound	secure_reviewed_alignment	high
wts_1_34	453	194	2	བཟང	bzan	bzaṅ	pre_coda_structural_unit	བཟ	bza	pre_coda_stem	reviewed_tibetan_exact_final_ng_consensus	source	historical_source	unaffected_feature_from_reviewed_source	ordinary_tibetan_lexical_or_compound	secure_reviewed_alignment	medium
wts_1_34	454	15	2	སོང	son	soṅ	suffix_coda	ང	ṅ	token_final	reviewed_tibetan_exact_final_ng_consensus	target	reviewed	reviewed_explicit_feature_evidence	ordinary_tibetan_lexical_or_compound	secure_reviewed_alignment	high
wts_1_34	454	15	2	སོང	son	soṅ	pre_coda_structural_unit	སོ	so	pre_coda_stem	reviewed_tibetan_exact_final_ng_consensus	source	historical_source	unaffected_feature_from_reviewed_source	ordinary_tibetan_lexical_or_compound	secure_reviewed_alignment	medium
wts_1_34	459	134	3	སྐག	\rgya	↓ rgya	unsegmented_structural_unit	སྐག	□rgya	unaffected_span_support	reviewed_tibetan_exact_reference_marker	source	historical_source	unaffected_feature_from_reviewed_source	unclear	marker_or_damage	medium
wts_1_34	460	110	2	གླིང	glin	gliṅ	suffix_coda	ང	ṅ	token_final	reviewed_tibetan_exact_final_ng_consensus	target	reviewed	reviewed_explicit_feature_evidence	ordinary_tibetan_lexical_or_compound	secure_reviewed_alignment	high
wts_1_34	460	110	2	གླིང	glin	gliṅ	pre_coda_structural_unit	གླི	gli	pre_coda_stem	reviewed_tibetan_exact_final_ng_consensus	source	historical_source	unaffected_feature_from_reviewed_source	ordinary_tibetan_lexical_or_compound	secure_reviewed_alignment	medium
wts_1_34	461	127	2	ཐང	than	thaṅ	suffix_coda	ང	ṅ	token_final	reviewed_tibetan_exact_final_ng_consensus	target	reviewed	reviewed_explicit_feature_evidence	ordinary_tibetan_lexical_or_compound	secure_reviewed_alignment	high
wts_1_34	461	127	2	ཐང	than	thaṅ	pre_coda_structural_unit	ཐ	tha	pre_coda_stem	reviewed_tibetan_exact_final_ng_consensus	source	historical_source	unaffected_feature_from_reviewed_source	ordinary_tibetan_lexical_or_compound	secure_reviewed_alignment	medium
wts_1_34	461	148	2	དྲུང	drun	druṅ	suffix_coda	ང	ṅ	token_final	reviewed_tibetan_exact_final_ng_consensus	target	reviewed	reviewed_explicit_feature_evidence	ordinary_tibetan_lexical_or_compound	secure_reviewed_alignment	high
wts_1_34	461	148	2	དྲུང	drun	druṅ	pre_coda_structural_unit	དྲུ	dru	pre_coda_stem	reviewed_tibetan_exact_final_ng_consensus	source	historical_source	unaffected_feature_from_reviewed_source	ordinary_tibetan_lexical_or_compound	secure_reviewed_alignment	medium
wts_1_34	463	187	3	འཐུང	thuh	thuṅ	suffix_coda	ང	ṅ	token_final	reviewed_tibetan_exact_final_ng_consensus	target	reviewed	reviewed_explicit_feature_evidence	ordinary_tibetan_lexical_or_compound	secure_reviewed_alignment	high
wts_1_34	463	187	3	འཐུང	thuh	thuṅ	pre_coda_structural_unit	འཐུ	thu	pre_coda_stem	reviewed_tibetan_exact_final_ng_consensus	source	historical_source	unaffected_feature_from_reviewed_source	ordinary_tibetan_lexical_or_compound	secure_reviewed_alignment	medium
wts_1_34	464	73	2	ཞིག	Zig	źig	unsegmented_structural_unit	ཞིག	□ig	unaffected_span_support	reviewed_tibetan_exact_ocr_signature	source	historical_source	unaffected_feature_from_reviewed_source	ordinary_tibetan_lexical_or_compound	secure_reviewed_alignment	medium
wts_1_34	464	168	2	ཤིང	Sin	Siṅ	suffix_coda	ང	ṅ	token_final	reviewed_tibetan_exact_final_ng_source_compatible	target	reviewed	reviewed_explicit_feature_evidence	ordinary_tibetan_lexical_or_compound	secure_reviewed_alignment	high
wts_1_34	464	168	2	ཤིང	Sin	Siṅ	pre_coda_structural_unit	ཤི	Si	pre_coda_stem	reviewed_tibetan_exact_final_ng_source_compatible	source	historical_source	unaffected_feature_from_reviewed_source	ordinary_tibetan_lexical_or_compound	secure_reviewed_alignment	medium
wts_1_34	466	13	1	རྒྱང	rgyan	rgyaṅ	suffix_coda	ང	ṅ	token_final	reviewed_tibetan_exact_final_ng_consensus	target	reviewed	reviewed_explicit_feature_evidence	ordinary_tibetan_lexical_or_compound	secure_reviewed_alignment	high
wts_1_34	466	13	1	རྒྱང	rgyan	rgyaṅ	pre_coda_structural_unit	རྒྱ	rgya	pre_coda_stem	reviewed_tibetan_exact_final_ng_consensus	source	historical_source	unaffected_feature_from_reviewed_source	ordinary_tibetan_lexical_or_compound	secure_reviewed_alignment	medium
wts_1_34	466	37	1	རྒྱང	rgyan	rgyaṅ	suffix_coda	ང	ṅ	token_final	reviewed_tibetan_exact_final_ng_consensus	target	reviewed	reviewed_explicit_feature_evidence	ordinary_tibetan_lexical_or_compound	secure_reviewed_alignment	high
wts_1_34	466	37	1	རྒྱང	rgyan	rgyaṅ	pre_coda_structural_unit	རྒྱ	rgya	pre_coda_stem	reviewed_tibetan_exact_final_ng_consensus	source	historical_source	unaffected_feature_from_reviewed_source	ordinary_tibetan_lexical_or_compound	secure_reviewed_alignment	medium
wts_1_34	466	66	1	རྒྱང	rgyan	rgyaṅ	suffix_coda	ང	ṅ	token_final	reviewed_tibetan_exact_final_ng_consensus	target	reviewed	reviewed_explicit_feature_evidence	ordinary_tibetan_lexical_or_compound	secure_reviewed_alignment	high
wts_1_34	466	66	1	རྒྱང	rgyan	rgyaṅ	pre_coda_structural_unit	རྒྱ	rgya	pre_coda_stem	reviewed_tibetan_exact_final_ng_consensus	source	historical_source	unaffected_feature_from_reviewed_source	ordinary_tibetan_lexical_or_compound	secure_reviewed_alignment	medium
wts_1_34	466	78	1	རྒྱང	rgyan	rgyaṅ	suffix_coda	ང	ṅ	token_final	reviewed_tibetan_exact_final_ng_consensus	target	reviewed	reviewed_explicit_feature_evidence	ordinary_tibetan_lexical_or_compound	secure_reviewed_alignment	high
wts_1_34	466	78	1	རྒྱང	rgyan	rgyaṅ	pre_coda_structural_unit	རྒྱ	rgya	pre_coda_stem	reviewed_tibetan_exact_final_ng_consensus	source	historical_source	unaffected_feature_from_reviewed_source	ordinary_tibetan_lexical_or_compound	secure_reviewed_alignment	medium
wts_1_34	466	85	1	རྒྱང	rgyah	rgyaṅ	suffix_coda	ང	ṅ	token_final	reviewed_tibetan_exact_final_ng_consensus	target	reviewed	reviewed_explicit_feature_evidence	ordinary_tibetan_lexical_or_compound	secure_reviewed_alignment	high
wts_1_34	466	85	1	རྒྱང	rgyah	rgyaṅ	pre_coda_structural_unit	རྒྱ	rgya	pre_coda_stem	reviewed_tibetan_exact_final_ng_consensus	source	historical_source	unaffected_feature_from_reviewed_source	ordinary_tibetan_lexical_or_compound	secure_reviewed_alignment	medium
wts_1_34	466	104	1	རྒྱང	rgyan	rgyaṅ	suffix_coda	ང	ṅ	token_final	reviewed_tibetan_exact_final_ng_consensus	target	reviewed	reviewed_explicit_feature_evidence	ordinary_tibetan_lexical_or_compound	secure_reviewed_alignment	high
wts_1_34	466	104	1	རྒྱང	rgyan	rgyaṅ	pre_coda_structural_unit	རྒྱ	rgya	pre_coda_stem	reviewed_tibetan_exact_final_ng_consensus	source	historical_source	unaffected_feature_from_reviewed_source	ordinary_tibetan_lexical_or_compound	secure_reviewed_alignment	medium
wts_1_34	466	110	1	རྒྱང	rgyan	rgyaṅ	suffix_coda	ང	ṅ	token_final	reviewed_tibetan_exact_final_ng_consensus	target	reviewed	reviewed_explicit_feature_evidence	ordinary_tibetan_lexical_or_compound	secure_reviewed_alignment	high
wts_1_34	466	110	1	རྒྱང	rgyan	rgyaṅ	pre_coda_structural_unit	རྒྱ	rgya	pre_coda_stem	reviewed_tibetan_exact_final_ng_consensus	source	historical_source	unaffected_feature_from_reviewed_source	ordinary_tibetan_lexical_or_compound	secure_reviewed_alignment	medium
wts_1_34	466	117	1	རྒྱང	rgyan	rgyaṅ	suffix_coda	ང	ṅ	token_final	reviewed_tibetan_exact_final_ng_consensus	target	reviewed	reviewed_explicit_feature_evidence	ordinary_tibetan_lexical_or_compound	secure_reviewed_alignment	high
wts_1_34	466	117	1	རྒྱང	rgyan	rgyaṅ	pre_coda_structural_unit	རྒྱ	rgya	pre_coda_stem	reviewed_tibetan_exact_final_ng_consensus	source	historical_source	unaffected_feature_from_reviewed_source	ordinary_tibetan_lexical_or_compound	secure_reviewed_alignment	medium
wts_1_34	466	129	1	རྒྱང	rgyan	rgyaṅ	suffix_coda	ང	ṅ	token_final	reviewed_tibetan_exact_final_ng_consensus	target	reviewed	reviewed_explicit_feature_evidence	ordinary_tibetan_lexical_or_compound	secure_reviewed_alignment	high
wts_1_34	466	129	1	རྒྱང	rgyan	rgyaṅ	pre_coda_structural_unit	རྒྱ	rgya	pre_coda_stem	reviewed_tibetan_exact_final_ng_consensus	source	historical_source	unaffected_feature_from_reviewed_source	ordinary_tibetan_lexical_or_compound	secure_reviewed_alignment	medium
wts_1_34	466	138	1	རྒྱང	rgyan	rgyaṅ	suffix_coda	ང	ṅ	token_final	reviewed_tibetan_exact_final_ng_consensus	target	reviewed	reviewed_explicit_feature_evidence	ordinary_tibetan_lexical_or_compound	secure_reviewed_alignment	high
wts_1_34	466	138	1	རྒྱང	rgyan	rgyaṅ	pre_coda_structural_unit	རྒྱ	rgya	pre_coda_stem	reviewed_tibetan_exact_final_ng_consensus	source	historical_source	unaffected_feature_from_reviewed_source	ordinary_tibetan_lexical_or_compound	secure_reviewed_alignment	medium
wts_1_34	467	145	2	ཕྲེང	phreh	phreṅ	suffix_coda	ང	ṅ	token_final	reviewed_tibetan_exact_final_ng_consensus	target	reviewed	reviewed_explicit_feature_evidence	ordinary_tibetan_lexical_or_compound	secure_reviewed_alignment	high
wts_1_34	467	145	2	ཕྲེང	phreh	phreṅ	pre_coda_structural_unit	ཕྲེ	phre	pre_coda_stem	reviewed_tibetan_exact_final_ng_consensus	source	historical_source	unaffected_feature_from_reviewed_source	ordinary_tibetan_lexical_or_compound	secure_reviewed_alignment	medium
wts_1_34	467	148	2	བཞི	bZi	bźi	root_consonant	ཞ	ź	root	reviewed_tibetan_exact_transcription_integrity	target	reviewed	reviewed_explicit_feature_evidence	ordinary_tibetan_lexical_or_compound	secure_reviewed_alignment	high
wts_1_34	467	148	2	བཞི	bZi	bźi	unsegmented_structural_unit	བཞི	b□i	unaffected_span_support	reviewed_tibetan_exact_transcription_integrity	source	historical_source	unaffected_feature_from_reviewed_source	ordinary_tibetan_lexical_or_compound	secure_reviewed_alignment	medium
wts_1_34	469	62	2	རིང	rin	riṅ	suffix_coda	ང	ṅ	token_final	reviewed_tibetan_exact_final_ng_consensus	target	reviewed	reviewed_explicit_feature_evidence	ordinary_tibetan_lexical_or_compound	secure_reviewed_alignment	high
wts_1_34	469	62	2	རིང	rin	riṅ	pre_coda_structural_unit	རི	ri	pre_coda_stem	reviewed_tibetan_exact_final_ng_consensus	source	historical_source	unaffected_feature_from_reviewed_source	ordinary_tibetan_lexical_or_compound	secure_reviewed_alignment	medium
wts_1_34	470	34	2	ཁང	khan	khaṅ	suffix_coda	ང	ṅ	token_final	reviewed_tibetan_exact_final_ng_consensus	target	reviewed	reviewed_explicit_feature_evidence	ordinary_tibetan_lexical_or_compound	secure_reviewed_alignment	high
wts_1_34	470	34	2	ཁང	khan	khaṅ	pre_coda_structural_unit	ཁ	kha	pre_coda_stem	reviewed_tibetan_exact_final_ng_consensus	source	historical_source	unaffected_feature_from_reviewed_source	ordinary_tibetan_lexical_or_compound	secure_reviewed_alignment	medium
wts_1_34	470	89	2	འགོང	gon	goṅ	suffix_coda	ང	ṅ	token_final	reviewed_tibetan_exact_prefixed_final_ng_consensus	target	reviewed	reviewed_explicit_feature_evidence	ordinary_tibetan_lexical_or_compound	secure_reviewed_alignment	high
wts_1_34	470	89	2	འགོང	gon	goṅ	pre_coda_structural_unit	འགོ	go	pre_coda_stem	reviewed_tibetan_exact_prefixed_final_ng_consensus	source	historical_source	unaffected_feature_from_reviewed_source	ordinary_tibetan_lexical_or_compound	secure_reviewed_alignment	medium
wts_1_34	472	162	3	དབང	dban	dbaṅ	suffix_coda	ང	ṅ	token_final	reviewed_tibetan_exact_final_ng_consensus	target	reviewed	reviewed_explicit_feature_evidence	ordinary_tibetan_lexical_or_compound	secure_reviewed_alignment	high
wts_1_34	472	162	3	དབང	dban	dbaṅ	pre_coda_structural_unit	དབ	dba	pre_coda_stem	reviewed_tibetan_exact_final_ng_consensus	source	historical_source	unaffected_feature_from_reviewed_source	ordinary_tibetan_lexical_or_compound	secure_reviewed_alignment	medium
wts_1_34	473	130	2	དབང	dban	dbaṅ	suffix_coda	ང	ṅ	token_final	reviewed_tibetan_exact_final_ng_consensus	target	reviewed	reviewed_explicit_feature_evidence	ordinary_tibetan_lexical_or_compound	secure_reviewed_alignment	high
wts_1_34	473	130	2	དབང	dban	dbaṅ	pre_coda_structural_unit	དབ	dba	pre_coda_stem	reviewed_tibetan_exact_final_ng_consensus	source	historical_source	unaffected_feature_from_reviewed_source	ordinary_tibetan_lexical_or_compound	secure_reviewed_alignment	medium
wts_1_34	475	131	2	གསུང	gsun	gsuṅ	suffix_coda	ང	ṅ	token_final	reviewed_tibetan_exact_final_ng_consensus	target	reviewed	reviewed_explicit_feature_evidence	ordinary_tibetan_lexical_or_compound	secure_reviewed_alignment	high
wts_1_34	475	131	2	གསུང	gsun	gsuṅ	pre_coda_structural_unit	གསུ	gsu	pre_coda_stem	reviewed_tibetan_exact_final_ng_consensus	source	historical_source	unaffected_feature_from_reviewed_source	ordinary_tibetan_lexical_or_compound	secure_reviewed_alignment	medium
wts_1_34	476	154	2	འཚོང	tshoh	tshoṅ	suffix_coda	ང	ṅ	token_final	reviewed_tibetan_exact_final_ng_source_compatible	target	reviewed	reviewed_explicit_feature_evidence	ordinary_tibetan_lexical_or_compound	secure_reviewed_alignment	high
wts_1_34	476	154	2	འཚོང	tshoh	tshoṅ	pre_coda_structural_unit	འཚོ	tsho	pre_coda_stem	reviewed_tibetan_exact_final_ng_source_compatible	source	historical_source	unaffected_feature_from_reviewed_source	ordinary_tibetan_lexical_or_compound	secure_reviewed_alignment	medium
wts_1_34	483	42	3	རིང	rin	riṅ	suffix_coda	ང	ṅ	token_final	reviewed_tibetan_exact_final_ng_consensus	target	reviewed	reviewed_explicit_feature_evidence	ordinary_tibetan_lexical_or_compound	secure_reviewed_alignment	high
wts_1_34	483	42	3	རིང	rin	riṅ	pre_coda_structural_unit	རི	ri	pre_coda_stem	reviewed_tibetan_exact_final_ng_consensus	source	historical_source	unaffected_feature_from_reviewed_source	ordinary_tibetan_lexical_or_compound	secure_reviewed_alignment	medium
wts_1_34	485	209	2	རིང	rin	riṅ	suffix_coda	ང	ṅ	token_final	reviewed_tibetan_exact_final_ng_consensus	target	reviewed	reviewed_explicit_feature_evidence	ordinary_tibetan_lexical_or_compound	secure_reviewed_alignment	high
wts_1_34	485	209	2	རིང	rin	riṅ	pre_coda_structural_unit	རི	ri	pre_coda_stem	reviewed_tibetan_exact_final_ng_consensus	source	historical_source	unaffected_feature_from_reviewed_source	ordinary_tibetan_lexical_or_compound	secure_reviewed_alignment	medium
wts_1_34	487	172	3	མང	man	maṅ	suffix_coda			token_final	reviewed_tibetan_exact_final_ng_consensus	target	reviewed	role_unresolved	ordinary_tibetan_lexical_or_compound	secure_reviewed_alignment	none
wts_1_34	489	61	2	འཕོང	phon	phoṅ	suffix_coda	ང	ṅ	token_final	reviewed_tibetan_exact_final_ng_source_compatible	target	reviewed	reviewed_explicit_feature_evidence	ordinary_tibetan_lexical_or_compound	secure_reviewed_alignment	high
wts_1_34	489	61	2	འཕོང	phon	phoṅ	pre_coda_structural_unit	འཕོ	pho	pre_coda_stem	reviewed_tibetan_exact_final_ng_source_compatible	source	historical_source	unaffected_feature_from_reviewed_source	ordinary_tibetan_lexical_or_compound	secure_reviewed_alignment	medium
wts_1_34	489	71	1	སྒང	sgan	sgaṅ	suffix_coda	ང	ṅ	token_final	reviewed_tibetan_exact_final_ng_consensus	target	reviewed	reviewed_explicit_feature_evidence	ordinary_tibetan_lexical_or_compound	secure_reviewed_alignment	high
wts_1_34	489	71	1	སྒང	sgan	sgaṅ	pre_coda_structural_unit	སྒ	sga	pre_coda_stem	reviewed_tibetan_exact_final_ng_consensus	source	historical_source	unaffected_feature_from_reviewed_source	ordinary_tibetan_lexical_or_compound	secure_reviewed_alignment	medium
wts_1_34	489	90	1	སྒང	sgan	sgaṅ	suffix_coda	ང	ṅ	token_final	reviewed_tibetan_exact_final_ng_consensus	target	reviewed	reviewed_explicit_feature_evidence	ordinary_tibetan_lexical_or_compound	secure_reviewed_alignment	high
wts_1_34	489	90	1	སྒང	sgan	sgaṅ	pre_coda_structural_unit	སྒ	sga	pre_coda_stem	reviewed_tibetan_exact_final_ng_consensus	source	historical_source	unaffected_feature_from_reviewed_source	ordinary_tibetan_lexical_or_compound	secure_reviewed_alignment	medium
wts_1_34	489	114	1	སྒང	sgan	sgaṅ	suffix_coda	ང	ṅ	token_final	reviewed_tibetan_exact_final_ng_consensus	target	reviewed	reviewed_explicit_feature_evidence	ordinary_tibetan_lexical_or_compound	secure_reviewed_alignment	high
wts_1_34	489	114	1	སྒང	sgan	sgaṅ	pre_coda_structural_unit	སྒ	sga	pre_coda_stem	reviewed_tibetan_exact_final_ng_consensus	source	historical_source	unaffected_feature_from_reviewed_source	ordinary_tibetan_lexical_or_compound	secure_reviewed_alignment	medium
wts_1_34	489	149	2	ཁུང	khun	khuṅ	suffix_coda	ང	ṅ	token_final	reviewed_tibetan_exact_final_ng_consensus	target	reviewed	reviewed_explicit_feature_evidence	ordinary_tibetan_lexical_or_compound	secure_reviewed_alignment	high
wts_1_34	489	149	2	ཁུང	khun	khuṅ	pre_coda_structural_unit	ཁུ	khu	pre_coda_stem	reviewed_tibetan_exact_final_ng_consensus	source	historical_source	unaffected_feature_from_reviewed_source	ordinary_tibetan_lexical_or_compound	secure_reviewed_alignment	medium
wts_1_34	491	157	2	ཆུང	chun	chuṅ	suffix_coda	ང	ṅ	token_final	reviewed_tibetan_exact_script_ng_witness	target	reviewed	reviewed_explicit_feature_evidence	ordinary_tibetan_lexical_or_compound	secure_reviewed_alignment	high
wts_1_34	491	157	2	ཆུང	chun	chuṅ	pre_coda_structural_unit	ཆུ	chu	pre_coda_stem	reviewed_tibetan_exact_script_ng_witness	source	historical_source	unaffected_feature_from_reviewed_source	ordinary_tibetan_lexical_or_compound	secure_reviewed_alignment	medium
wts_1_34	491	175	3	ཕང	phan	phaṅ	suffix_coda	ང	ṅ	token_final	reviewed_tibetan_exact_final_ng_source_compatible	target	reviewed	reviewed_explicit_feature_evidence	ordinary_tibetan_lexical_or_compound	secure_reviewed_alignment	high
wts_1_34	491	175	3	ཕང	phan	phaṅ	pre_coda_structural_unit	ཕ	pha	pre_coda_stem	reviewed_tibetan_exact_final_ng_source_compatible	source	historical_source	unaffected_feature_from_reviewed_source	ordinary_tibetan_lexical_or_compound	secure_reviewed_alignment	medium
wts_1_34	493	91	2	ཁུང	khun	khuṅ	suffix_coda	ང	ṅ	token_final	reviewed_tibetan_exact_final_ng_consensus	target	reviewed	reviewed_explicit_feature_evidence	ordinary_tibetan_lexical_or_compound	secure_reviewed_alignment	high
wts_1_34	493	91	2	ཁུང	khun	khuṅ	pre_coda_structural_unit	ཁུ	khu	pre_coda_stem	reviewed_tibetan_exact_final_ng_consensus	source	historical_source	unaffected_feature_from_reviewed_source	ordinary_tibetan_lexical_or_compound	secure_reviewed_alignment	medium
wts_1_34	495	2	2	བསྲུང	bsrun	bsruṅ	suffix_coda	ང	ṅ	token_final	reviewed_tibetan_exact_final_ng_consensus	target	reviewed	reviewed_explicit_feature_evidence	ordinary_tibetan_lexical_or_compound	secure_reviewed_alignment	high
wts_1_34	495	2	2	བསྲུང	bsrun	bsruṅ	pre_coda_structural_unit	བསྲུ	bsru	pre_coda_stem	reviewed_tibetan_exact_final_ng_consensus	source	historical_source	unaffected_feature_from_reviewed_source	ordinary_tibetan_lexical_or_compound	secure_reviewed_alignment	medium
wts_1_34	495	67	1	སྒོང	sgon	sgoṅ	suffix_coda	ང	ṅ	token_final	reviewed_tibetan_exact_final_ng_historical_witness	target	reviewed	reviewed_explicit_feature_evidence	ordinary_tibetan_lexical_or_compound	secure_reviewed_alignment	high
wts_1_34	495	67	1	སྒོང	sgon	sgoṅ	pre_coda_structural_unit	སྒོ	sgo	pre_coda_stem	reviewed_tibetan_exact_final_ng_historical_witness	source	historical_source	unaffected_feature_from_reviewed_source	ordinary_tibetan_lexical_or_compound	secure_reviewed_alignment	medium
wts_1_34	495	83	1	སྒོང	sgon	sgoṅ	suffix_coda	ང	ṅ	token_final	reviewed_tibetan_exact_final_ng_historical_witness	target	reviewed	reviewed_explicit_feature_evidence	ordinary_tibetan_lexical_or_compound	secure_reviewed_alignment	high
wts_1_34	495	83	1	སྒོང	sgon	sgoṅ	pre_coda_structural_unit	སྒོ	sgo	pre_coda_stem	reviewed_tibetan_exact_final_ng_historical_witness	source	historical_source	unaffected_feature_from_reviewed_source	ordinary_tibetan_lexical_or_compound	secure_reviewed_alignment	medium
wts_1_34	495	92	1	སྒོང	sgon	sgoṅ	suffix_coda	ང	ṅ	token_final	reviewed_tibetan_exact_final_ng_historical_witness	target	reviewed	reviewed_explicit_feature_evidence	ordinary_tibetan_lexical_or_compound	secure_reviewed_alignment	high
wts_1_34	495	92	1	སྒོང	sgon	sgoṅ	pre_coda_structural_unit	སྒོ	sgo	pre_coda_stem	reviewed_tibetan_exact_final_ng_historical_witness	source	historical_source	unaffected_feature_from_reviewed_source	ordinary_tibetan_lexical_or_compound	secure_reviewed_alignment	medium
wts_1_34	495	94	1	སྒོང	sgon	sgoṅ	suffix_coda	ང	ṅ	token_final	reviewed_tibetan_exact_final_ng_historical_witness	target	reviewed	reviewed_explicit_feature_evidence	ordinary_tibetan_lexical_or_compound	secure_reviewed_alignment	high
wts_1_34	495	94	1	སྒོང	sgon	sgoṅ	pre_coda_structural_unit	སྒོ	sgo	pre_coda_stem	reviewed_tibetan_exact_final_ng_historical_witness	source	historical_source	unaffected_feature_from_reviewed_source	ordinary_tibetan_lexical_or_compound	secure_reviewed_alignment	medium
wts_1_34	495	108	1	སྒོང	sgon	sgoṅ	suffix_coda	ང	ṅ	token_final	reviewed_tibetan_exact_final_ng_historical_witness	target	reviewed	reviewed_explicit_feature_evidence	ordinary_tibetan_lexical_or_compound	secure_reviewed_alignment	high
wts_1_34	495	108	1	སྒོང	sgon	sgoṅ	pre_coda_structural_unit	སྒོ	sgo	pre_coda_stem	reviewed_tibetan_exact_final_ng_historical_witness	source	historical_source	unaffected_feature_from_reviewed_source	ordinary_tibetan_lexical_or_compound	secure_reviewed_alignment	medium
wts_1_34	495	114	1	སྒོང	sgon	sgoṅ	suffix_coda	ང	ṅ	token_final	reviewed_tibetan_exact_final_ng_historical_witness	target	reviewed	reviewed_explicit_feature_evidence	ordinary_tibetan_lexical_or_compound	secure_reviewed_alignment	high
wts_1_34	495	114	1	སྒོང	sgon	sgoṅ	pre_coda_structural_unit	སྒོ	sgo	pre_coda_stem	reviewed_tibetan_exact_final_ng_historical_witness	source	historical_source	unaffected_feature_from_reviewed_source	ordinary_tibetan_lexical_or_compound	secure_reviewed_alignment	medium
wts_1_34	495	118	1	སྒོང	sgon	sgoṅ	suffix_coda	ང	ṅ	token_final	reviewed_tibetan_exact_final_ng_historical_witness	target	reviewed	reviewed_explicit_feature_evidence	ordinary_tibetan_lexical_or_compound	secure_reviewed_alignment	high
wts_1_34	495	118	1	སྒོང	sgon	sgoṅ	pre_coda_structural_unit	སྒོ	sgo	pre_coda_stem	reviewed_tibetan_exact_final_ng_historical_witness	source	historical_source	unaffected_feature_from_reviewed_source	ordinary_tibetan_lexical_or_compound	secure_reviewed_alignment	medium
wts_1_34	495	124	1	སྒོང	sgon	sgoṅ	suffix_coda	ང	ṅ	token_final	reviewed_tibetan_exact_final_ng_historical_witness	target	reviewed	reviewed_explicit_feature_evidence	ordinary_tibetan_lexical_or_compound	secure_reviewed_alignment	high
wts_1_34	495	124	1	སྒོང	sgon	sgoṅ	pre_coda_structural_unit	སྒོ	sgo	pre_coda_stem	reviewed_tibetan_exact_final_ng_historical_witness	source	historical_source	unaffected_feature_from_reviewed_source	ordinary_tibetan_lexical_or_compound	secure_reviewed_alignment	medium
wts_1_34	495	130	1	སྒོང	sgon	sgoṅ	suffix_coda	ང	ṅ	token_final	reviewed_tibetan_exact_final_ng_historical_witness	target	reviewed	reviewed_explicit_feature_evidence	ordinary_tibetan_lexical_or_compound	secure_reviewed_alignment	high
wts_1_34	495	130	1	སྒོང	sgon	sgoṅ	pre_coda_structural_unit	སྒོ	sgo	pre_coda_stem	reviewed_tibetan_exact_final_ng_historical_witness	source	historical_source	unaffected_feature_from_reviewed_source	ordinary_tibetan_lexical_or_compound	secure_reviewed_alignment	medium
wts_1_34	496	171	2	ཁུང	khun	khuṅ	suffix_coda	ང	ṅ	token_final	reviewed_tibetan_exact_final_ng_consensus	target	reviewed	reviewed_explicit_feature_evidence	ordinary_tibetan_lexical_or_compound	secure_reviewed_alignment	high
wts_1_34	496	171	2	ཁུང	khun	khuṅ	pre_coda_structural_unit	ཁུ	khu	pre_coda_stem	reviewed_tibetan_exact_final_ng_consensus	source	historical_source	unaffected_feature_from_reviewed_source	ordinary_tibetan_lexical_or_compound	secure_reviewed_alignment	medium
wts_1_34	499	106	4	དུང	dun	duṅ	suffix_coda			token_final	reviewed_tibetan_exact_final_ng_consensus	target	reviewed	role_unresolved	ordinary_tibetan_lexical_or_compound	secure_reviewed_alignment	none
wts_1_34	501	110	2	གསང	gsan	gsaṅ	suffix_coda	ང	ṅ	token_final	reviewed_tibetan_exact_final_ng_consensus	target	reviewed	reviewed_explicit_feature_evidence	ordinary_tibetan_lexical_or_compound	secure_reviewed_alignment	high
wts_1_34	501	110	2	གསང	gsan	gsaṅ	pre_coda_structural_unit	གས	gsa	pre_coda_stem	reviewed_tibetan_exact_final_ng_consensus	source	historical_source	unaffected_feature_from_reviewed_source	ordinary_tibetan_lexical_or_compound	secure_reviewed_alignment	medium
wts_1_34	501	112	2	གསང	gsan	gsaṅ	suffix_coda	ང	ṅ	token_final	reviewed_tibetan_exact_final_ng_consensus	target	reviewed	reviewed_explicit_feature_evidence	ordinary_tibetan_lexical_or_compound	secure_reviewed_alignment	high
wts_1_34	501	112	2	གསང	gsan	gsaṅ	pre_coda_structural_unit	གས	gsa	pre_coda_stem	reviewed_tibetan_exact_final_ng_consensus	source	historical_source	unaffected_feature_from_reviewed_source	ordinary_tibetan_lexical_or_compound	secure_reviewed_alignment	medium
wts_1_34	503	71	1	སྒྲུང	sgrun	sgruṅ	suffix_coda	ང	ṅ	token_final	reviewed_tibetan_exact_script_ng_witness	target	reviewed	reviewed_explicit_feature_evidence	ordinary_tibetan_lexical_or_compound	secure_reviewed_alignment	high
wts_1_34	503	71	1	སྒྲུང	sgrun	sgruṅ	pre_coda_structural_unit	སྒྲུ	sgru	pre_coda_stem	reviewed_tibetan_exact_script_ng_witness	source	historical_source	unaffected_feature_from_reviewed_source	ordinary_tibetan_lexical_or_compound	secure_reviewed_alignment	medium
wts_1_34	504	32	2	ཁང	khan	khaṅ	suffix_coda	ང	ṅ	token_final	reviewed_tibetan_exact_final_ng_consensus	target	reviewed	reviewed_explicit_feature_evidence	ordinary_tibetan_lexical_or_compound	secure_reviewed_alignment	high
wts_1_34	504	32	2	ཁང	khan	khaṅ	pre_coda_structural_unit	ཁ	kha	pre_coda_stem	reviewed_tibetan_exact_final_ng_consensus	source	historical_source	unaffected_feature_from_reviewed_source	ordinary_tibetan_lexical_or_compound	secure_reviewed_alignment	medium
wts_1_34	508	125	3	ཤིང	sin	siṅ	suffix_coda	ང	ṅ	token_final	reviewed_tibetan_exact_final_ng_source_compatible	target	reviewed	reviewed_explicit_feature_evidence	ordinary_tibetan_lexical_or_compound	secure_reviewed_alignment	high
wts_1_34	508	125	3	ཤིང	sin	siṅ	pre_coda_structural_unit	ཤི	si	pre_coda_stem	reviewed_tibetan_exact_final_ng_source_compatible	source	historical_source	unaffected_feature_from_reviewed_source	ordinary_tibetan_lexical_or_compound	secure_reviewed_alignment	medium
wts_1_34	510	21	3	ཁང	khan	khaṅ	suffix_coda	ང	ṅ	token_final	reviewed_tibetan_exact_final_ng_consensus	target	reviewed	reviewed_explicit_feature_evidence	ordinary_tibetan_lexical_or_compound	secure_reviewed_alignment	high
wts_1_34	510	21	3	ཁང	khan	khaṅ	pre_coda_structural_unit	ཁ	kha	pre_coda_stem	reviewed_tibetan_exact_final_ng_consensus	source	historical_source	unaffected_feature_from_reviewed_source	ordinary_tibetan_lexical_or_compound	secure_reviewed_alignment	medium
wts_1_34	510	94	2	བཞི	bZi	bźi	root_consonant	ཞ	ź	root	reviewed_tibetan_exact_transcription_integrity	target	reviewed	reviewed_explicit_feature_evidence	ordinary_tibetan_lexical_or_compound	secure_reviewed_alignment	high
wts_1_34	510	94	2	བཞི	bZi	bźi	unsegmented_structural_unit	བཞི	b□i	unaffected_span_support	reviewed_tibetan_exact_transcription_integrity	source	historical_source	unaffected_feature_from_reviewed_source	ordinary_tibetan_lexical_or_compound	secure_reviewed_alignment	medium
wts_1_34	511	106	2	སྟོང	ston	stoṅ	suffix_coda	ང	ṅ	token_final	reviewed_tibetan_exact_final_ng_consensus	target	reviewed	reviewed_explicit_feature_evidence	ordinary_tibetan_lexical_or_compound	secure_reviewed_alignment	high
wts_1_34	511	106	2	སྟོང	ston	stoṅ	pre_coda_structural_unit	སྟོ	sto	pre_coda_stem	reviewed_tibetan_exact_final_ng_consensus	source	historical_source	unaffected_feature_from_reviewed_source	ordinary_tibetan_lexical_or_compound	secure_reviewed_alignment	medium
wts_1_34	511	108	2	སྟོང	ston	stoṅ	suffix_coda	ང	ṅ	token_final	reviewed_tibetan_exact_final_ng_consensus	target	reviewed	reviewed_explicit_feature_evidence	ordinary_tibetan_lexical_or_compound	secure_reviewed_alignment	high
wts_1_34	511	108	2	སྟོང	ston	stoṅ	pre_coda_structural_unit	སྟོ	sto	pre_coda_stem	reviewed_tibetan_exact_final_ng_consensus	source	historical_source	unaffected_feature_from_reviewed_source	ordinary_tibetan_lexical_or_compound	secure_reviewed_alignment	medium
wts_1_34	524	130	3	དབང	dban	dbaṅ	suffix_coda	ང	ṅ	token_final	reviewed_tibetan_exact_final_ng_consensus	target	reviewed	reviewed_explicit_feature_evidence	ordinary_tibetan_lexical_or_compound	secure_reviewed_alignment	high
wts_1_34	524	130	3	དབང	dban	dbaṅ	pre_coda_structural_unit	དབ	dba	pre_coda_stem	reviewed_tibetan_exact_final_ng_consensus	source	historical_source	unaffected_feature_from_reviewed_source	ordinary_tibetan_lexical_or_compound	secure_reviewed_alignment	medium
wts_1_34	525	80	2	དབང	dban	dbaṅ	suffix_coda	ང	ṅ	token_final	reviewed_tibetan_exact_final_ng_consensus	target	reviewed	reviewed_explicit_feature_evidence	ordinary_tibetan_lexical_or_compound	secure_reviewed_alignment	high
wts_1_34	525	80	2	དབང	dban	dbaṅ	pre_coda_structural_unit	དབ	dba	pre_coda_stem	reviewed_tibetan_exact_final_ng_consensus	source	historical_source	unaffected_feature_from_reviewed_source	ordinary_tibetan_lexical_or_compound	secure_reviewed_alignment	medium
wts_1_34	526	125	3	རྐང	rkan	rkaṅ	suffix_coda	ང	ṅ	token_final	reviewed_tibetan_exact_final_ng_consensus	target	reviewed	reviewed_explicit_feature_evidence	ordinary_tibetan_lexical_or_compound	secure_reviewed_alignment	high
wts_1_34	526	125	3	རྐང	rkan	rkaṅ	pre_coda_structural_unit	རྐ	rka	pre_coda_stem	reviewed_tibetan_exact_final_ng_consensus	source	historical_source	unaffected_feature_from_reviewed_source	ordinary_tibetan_lexical_or_compound	secure_reviewed_alignment	medium
wts_1_34	526	143	3	ཤིང	sin	siṅ	suffix_coda	ང	ṅ	token_final	reviewed_tibetan_exact_final_ng_source_compatible	target	reviewed	reviewed_explicit_feature_evidence	ordinary_tibetan_lexical_or_compound	secure_reviewed_alignment	high
wts_1_34	526	143	3	ཤིང	sin	siṅ	pre_coda_structural_unit	ཤི	si	pre_coda_stem	reviewed_tibetan_exact_final_ng_source_compatible	source	historical_source	unaffected_feature_from_reviewed_source	ordinary_tibetan_lexical_or_compound	secure_reviewed_alignment	medium
wts_1_34	528	128	2	སྤོང	spoh	spoṅ	suffix_coda	ང	ṅ	token_final	reviewed_tibetan_exact_final_ng_consensus	target	reviewed	reviewed_explicit_feature_evidence	ordinary_tibetan_lexical_or_compound	secure_reviewed_alignment	high
wts_1_34	528	128	2	སྤོང	spoh	spoṅ	pre_coda_structural_unit	སྤོ	spo	pre_coda_stem	reviewed_tibetan_exact_final_ng_consensus	source	historical_source	unaffected_feature_from_reviewed_source	ordinary_tibetan_lexical_or_compound	secure_reviewed_alignment	medium
wts_1_34	528	182	2	རིང	rin	riṅ	suffix_coda	ང	ṅ	token_final	reviewed_tibetan_exact_final_ng_consensus	target	reviewed	reviewed_explicit_feature_evidence	ordinary_tibetan_lexical_or_compound	secure_reviewed_alignment	high
wts_1_34	528	182	2	རིང	rin	riṅ	pre_coda_structural_unit	རི	ri	pre_coda_stem	reviewed_tibetan_exact_final_ng_consensus	source	historical_source	unaffected_feature_from_reviewed_source	ordinary_tibetan_lexical_or_compound	secure_reviewed_alignment	medium
wts_1_34	529	3	2	སོང	son	soṅ	suffix_coda	ང	ṅ	token_final	reviewed_tibetan_exact_final_ng_consensus	target	reviewed	reviewed_explicit_feature_evidence	ordinary_tibetan_lexical_or_compound	secure_reviewed_alignment	high
wts_1_34	529	3	2	སོང	son	soṅ	pre_coda_structural_unit	སོ	so	pre_coda_stem	reviewed_tibetan_exact_final_ng_consensus	source	historical_source	unaffected_feature_from_reviewed_source	ordinary_tibetan_lexical_or_compound	secure_reviewed_alignment	medium
wts_1_34	529	5	7	སོང	son	soṅ	suffix_coda	ང	ṅ	token_final	reviewed_tibetan_exact_final_ng_consensus	target	reviewed	reviewed_explicit_feature_evidence	unclear	secure_reviewed_alignment	high
wts_1_34	529	5	7	སོང	son	soṅ	pre_coda_structural_unit	སོ	so	pre_coda_stem	reviewed_tibetan_exact_final_ng_consensus	source	historical_source	unaffected_feature_from_reviewed_source	unclear	secure_reviewed_alignment	medium
wts_1_34	530	187	2	སློང	slon	sloṅ	suffix_coda	ང	ṅ	token_final	reviewed_tibetan_exact_final_ng_historical_witness	target	reviewed	reviewed_explicit_feature_evidence	ordinary_tibetan_lexical_or_compound	secure_reviewed_alignment	high
wts_1_34	530	187	2	སློང	slon	sloṅ	pre_coda_structural_unit	སློ	slo	pre_coda_stem	reviewed_tibetan_exact_final_ng_historical_witness	source	historical_source	unaffected_feature_from_reviewed_source	ordinary_tibetan_lexical_or_compound	secure_reviewed_alignment	medium
wts_1_34	532	205	3	འཆང	chan	chaṅ	suffix_coda	ང	ṅ	token_final	reviewed_tibetan_exact_final_ng_consensus	target	reviewed	reviewed_explicit_feature_evidence	ordinary_tibetan_lexical_or_compound	secure_reviewed_alignment	high
wts_1_34	532	205	3	འཆང	chan	chaṅ	pre_coda_structural_unit	འཆ	cha	pre_coda_stem	reviewed_tibetan_exact_final_ng_consensus	source	historical_source	unaffected_feature_from_reviewed_source	ordinary_tibetan_lexical_or_compound	secure_reviewed_alignment	medium
wts_1_34	534	168	3	ལཝ	Ina	lṅa	unsegmented_structural_unit	ལཝ	□□a	unaffected_span_support	reviewed_tibetan_exact_initial_i_l_family	source	historical_source	unaffected_feature_from_reviewed_source	ordinary_tibetan_lexical_or_compound	secure_reviewed_alignment	medium
wts_1_34	535	66	3	གཏང	gtan	gtaṅ	suffix_coda	ང	ṅ	token_final	reviewed_tibetan_exact_final_ng_historical_witness	target	reviewed	reviewed_explicit_feature_evidence	ordinary_tibetan_lexical_or_compound	secure_reviewed_alignment	high
wts_1_34	535	66	3	གཏང	gtan	gtaṅ	pre_coda_structural_unit	གཏ	gta	pre_coda_stem	reviewed_tibetan_exact_final_ng_historical_witness	source	historical_source	unaffected_feature_from_reviewed_source	ordinary_tibetan_lexical_or_compound	secure_reviewed_alignment	medium
wts_1_34	542	127	2	གཙང	gtsan	gtsaṅ	suffix_coda	ང	ṅ	token_final	reviewed_tibetan_exact_script_ng_witness	target	reviewed	reviewed_explicit_feature_evidence	ordinary_tibetan_lexical_or_compound	secure_reviewed_alignment	high
wts_1_34	542	127	2	གཙང	gtsan	gtsaṅ	pre_coda_structural_unit	གཙ	gtsa	pre_coda_stem	reviewed_tibetan_exact_script_ng_witness	source	historical_source	unaffected_feature_from_reviewed_source	ordinary_tibetan_lexical_or_compound	secure_reviewed_alignment	medium
wts_1_34	543	57	2	རིང	rin	riṅ	suffix_coda	ང	ṅ	token_final	reviewed_tibetan_exact_final_ng_consensus	target	reviewed	reviewed_explicit_feature_evidence	ordinary_tibetan_lexical_or_compound	secure_reviewed_alignment	high
wts_1_34	543	57	2	རིང	rin	riṅ	pre_coda_structural_unit	རི	ri	pre_coda_stem	reviewed_tibetan_exact_final_ng_consensus	source	historical_source	unaffected_feature_from_reviewed_source	ordinary_tibetan_lexical_or_compound	secure_reviewed_alignment	medium
wts_1_34	543	107	2	རིང	rin	riṅ	suffix_coda	ང	ṅ	token_final	reviewed_tibetan_exact_final_ng_consensus	target	reviewed	reviewed_explicit_feature_evidence	ordinary_tibetan_lexical_or_compound	secure_reviewed_alignment	high
wts_1_34	543	107	2	རིང	rin	riṅ	pre_coda_structural_unit	རི	ri	pre_coda_stem	reviewed_tibetan_exact_final_ng_consensus	source	historical_source	unaffected_feature_from_reviewed_source	ordinary_tibetan_lexical_or_compound	secure_reviewed_alignment	medium
wts_1_34	545	54	1	དངོས	dnos	dṅos				full_token	reviewed_tibetan_exact_dngos	source	reviewed	not_feature_evidence	ordinary_tibetan_lexical_or_compound	secure_reviewed_alignment	high
wts_1_34	545	60	1	དངོས	dnos	dṅos				full_token	reviewed_tibetan_exact_dngos	source	reviewed	not_feature_evidence	ordinary_tibetan_lexical_or_compound	secure_reviewed_alignment	high
wts_1_34	545	110	1	དངོས	dnos	dṅos				full_token	reviewed_tibetan_exact_dngos	source	reviewed	not_feature_evidence	ordinary_tibetan_lexical_or_compound	secure_reviewed_alignment	high
wts_1_34	545	132	1	དངོས	dnos	dṅos				full_token	reviewed_tibetan_exact_dngos	source	reviewed	not_feature_evidence	ordinary_tibetan_lexical_or_compound	secure_reviewed_alignment	high
wts_1_34	545	164	1	དངོས	dnos	dṅos				full_token	reviewed_tibetan_exact_dngos	source	reviewed	not_feature_evidence	ordinary_tibetan_lexical_or_compound	secure_reviewed_alignment	high
wts_1_34	545	197	1	དངོས	dnos	dṅos				full_token	reviewed_tibetan_exact_dngos	source	reviewed	not_feature_evidence	ordinary_tibetan_lexical_or_compound	secure_reviewed_alignment	high
wts_1_34	545	206	1	དངོས	dnos	dṅos				full_token	reviewed_tibetan_exact_dngos	source	reviewed	not_feature_evidence	ordinary_tibetan_lexical_or_compound	secure_reviewed_alignment	high
wts_1_34	546	1	1	དངོས	dnos	dṅos				full_token	reviewed_tibetan_exact_dngos	source	reviewed	not_feature_evidence	ordinary_tibetan_lexical_or_compound	secure_reviewed_alignment	high
wts_1_34	546	3	1	དངོས	dnos	dṅos				full_token	reviewed_tibetan_exact_dngos	source	reviewed	not_feature_evidence	ordinary_tibetan_lexical_or_compound	secure_reviewed_alignment	high
wts_1_34	546	9	1	དངོས	dnos	dṅos				full_token	reviewed_tibetan_exact_dngos	source	reviewed	not_feature_evidence	ordinary_tibetan_lexical_or_compound	secure_reviewed_alignment	high
wts_1_34	546	25	1	དངོས	dnos	dṅos				full_token	reviewed_tibetan_exact_dngos	source	reviewed	not_feature_evidence	ordinary_tibetan_lexical_or_compound	secure_reviewed_alignment	high
wts_1_34	546	32	1	དངོས	dnos	dṅos				full_token	reviewed_tibetan_exact_dngos	source	reviewed	not_feature_evidence	ordinary_tibetan_lexical_or_compound	secure_reviewed_alignment	high
wts_1_34	546	41	1	དངོས	dnos	dṅos				full_token	reviewed_tibetan_exact_dngos	source	reviewed	not_feature_evidence	ordinary_tibetan_lexical_or_compound	secure_reviewed_alignment	high
wts_1_34	546	55	1	དངོས	dnos	dṅos				full_token	reviewed_tibetan_exact_dngos	source	reviewed	not_feature_evidence	ordinary_tibetan_lexical_or_compound	secure_reviewed_alignment	high
wts_1_34	546	61	1	དངོས	dnos	dṅos				full_token	reviewed_tibetan_exact_dngos	source	reviewed	not_feature_evidence	ordinary_tibetan_lexical_or_compound	secure_reviewed_alignment	high
wts_1_34	546	61	2	སྣང	snan	snaṅ	suffix_coda	ང	ṅ	token_final	reviewed_tibetan_exact_script_ng_witness	target	reviewed	reviewed_explicit_feature_evidence	ordinary_tibetan_lexical_or_compound	secure_reviewed_alignment	high
wts_1_34	546	61	2	སྣང	snan	snaṅ	pre_coda_structural_unit	སྣ	sna	pre_coda_stem	reviewed_tibetan_exact_script_ng_witness	source	historical_source	unaffected_feature_from_reviewed_source	ordinary_tibetan_lexical_or_compound	secure_reviewed_alignment	medium
wts_1_34	546	67	1	དངོས	dnos	dṅos				full_token	reviewed_tibetan_exact_dngos	source	reviewed	not_feature_evidence	ordinary_tibetan_lexical_or_compound	secure_reviewed_alignment	high
wts_1_34	546	106	1	དངོས	dnos	dṅos				full_token	reviewed_tibetan_exact_dngos	source	reviewed	not_feature_evidence	ordinary_tibetan_lexical_or_compound	secure_reviewed_alignment	high
wts_1_34	546	160	1	དངོས	dnos	dṅos				full_token	reviewed_tibetan_exact_dngos	source	reviewed	not_feature_evidence	ordinary_tibetan_lexical_or_compound	secure_reviewed_alignment	high
wts_1_34	546	206	1	དངོས	dnos	dṅos				full_token	reviewed_tibetan_exact_dngos	source	reviewed	not_feature_evidence	ordinary_tibetan_lexical_or_compound	secure_reviewed_alignment	high
wts_1_34	546	211	1	དངོས	dnos	dṅos				full_token	reviewed_tibetan_exact_dngos	source	reviewed	not_feature_evidence	ordinary_tibetan_lexical_or_compound	secure_reviewed_alignment	high
wts_1_34	547	1	1	དངོས	dnos	dṅos				full_token	reviewed_tibetan_exact_dngos	source	reviewed	not_feature_evidence	ordinary_tibetan_lexical_or_compound	secure_reviewed_alignment	high
wts_1_34	547	24	1	དངོས	dnos	dṅos				full_token	reviewed_tibetan_exact_dngos	source	reviewed	not_feature_evidence	ordinary_tibetan_lexical_or_compound	secure_reviewed_alignment	high
wts_1_34	547	31	1	དངོས	dnos	dṅos				full_token	reviewed_tibetan_exact_dngos	source	reviewed	not_feature_evidence	ordinary_tibetan_lexical_or_compound	secure_reviewed_alignment	high
wts_1_34	547	34	1	དངོས	dnos	dṅos				full_token	reviewed_tibetan_exact_dngos	source	reviewed	not_feature_evidence	ordinary_tibetan_lexical_or_compound	marker_or_damage	high
wts_1_34	547	52	1	དངོས	dnos	dṅos				full_token	reviewed_tibetan_exact_dngos	source	reviewed	not_feature_evidence	ordinary_tibetan_lexical_or_compound	secure_reviewed_alignment	high
wts_1_34	547	174	2	བགྲང	bgran	bgraṅ	suffix_coda	ང	ṅ	token_final	reviewed_tibetan_exact_final_ng_source_compatible	target	reviewed	reviewed_explicit_feature_evidence	ordinary_tibetan_lexical_or_compound	secure_reviewed_alignment	high
wts_1_34	547	174	2	བགྲང	bgran	bgraṅ	pre_coda_structural_unit	བགྲ	bgra	pre_coda_stem	reviewed_tibetan_exact_final_ng_source_compatible	source	historical_source	unaffected_feature_from_reviewed_source	ordinary_tibetan_lexical_or_compound	secure_reviewed_alignment	medium
wts_1_34	548	172	2	དབང	dban	dbaṅ	suffix_coda	ང	ṅ	token_final	reviewed_tibetan_exact_final_ng_consensus	target	reviewed	reviewed_explicit_feature_evidence	ordinary_tibetan_lexical_or_compound	secure_reviewed_alignment	high
wts_1_34	548	172	2	དབང	dban	dbaṅ	pre_coda_structural_unit	དབ	dba	pre_coda_stem	reviewed_tibetan_exact_final_ng_consensus	source	historical_source	unaffected_feature_from_reviewed_source	ordinary_tibetan_lexical_or_compound	secure_reviewed_alignment	medium
wts_1_34	551	114	2	ཆུང	chun	chuṅ	suffix_coda	ང	ṅ	token_final	reviewed_tibetan_exact_script_ng_witness	target	reviewed	reviewed_explicit_feature_evidence	ordinary_tibetan_lexical_or_compound	secure_reviewed_alignment	high
wts_1_34	551	114	2	ཆུང	chun	chuṅ	pre_coda_structural_unit	ཆུ	chu	pre_coda_stem	reviewed_tibetan_exact_script_ng_witness	source	historical_source	unaffected_feature_from_reviewed_source	ordinary_tibetan_lexical_or_compound	secure_reviewed_alignment	medium
wts_1_34	551	116	2	ཆུང	chun	chuṅ	suffix_coda	ང	ṅ	token_final	reviewed_tibetan_exact_script_ng_witness	target	reviewed	reviewed_explicit_feature_evidence	ordinary_tibetan_lexical_or_compound	secure_reviewed_alignment	high
wts_1_34	551	116	2	ཆུང	chun	chuṅ	pre_coda_structural_unit	ཆུ	chu	pre_coda_stem	reviewed_tibetan_exact_script_ng_witness	source	historical_source	unaffected_feature_from_reviewed_source	ordinary_tibetan_lexical_or_compound	secure_reviewed_alignment	medium
wts_1_34	552	158	2	ལྔང	ldan	ldaṅ	suffix_coda	ང	ṅ	token_final	reviewed_tibetan_exact_final_ng_consensus	target	reviewed	reviewed_explicit_feature_evidence	ordinary_tibetan_lexical_or_compound	secure_reviewed_alignment	high
wts_1_34	552	158	2	ལྔང	ldan	ldaṅ	pre_coda_structural_unit	ལྔ	lda	pre_coda_stem	reviewed_tibetan_exact_final_ng_consensus	source	historical_source	unaffected_feature_from_reviewed_source	ordinary_tibetan_lexical_or_compound	secure_reviewed_alignment	medium
wts_1_34	554	67	3	སྣང	snan	snaṅ	suffix_coda	ང	ṅ	token_final	reviewed_tibetan_exact_script_ng_witness	target	reviewed	reviewed_explicit_feature_evidence	ordinary_tibetan_lexical_or_compound	secure_reviewed_alignment	high
wts_1_34	554	67	3	སྣང	snan	snaṅ	pre_coda_structural_unit	སྣ	sna	pre_coda_stem	reviewed_tibetan_exact_script_ng_witness	source	historical_source	unaffected_feature_from_reviewed_source	ordinary_tibetan_lexical_or_compound	secure_reviewed_alignment	medium
wts_1_34	556	56	5	འཕྱང	phyan	phyaṅ	suffix_coda	ང	ṅ	token_final	reviewed_tibetan_exact_final_ng_consensus	target	reviewed	reviewed_explicit_feature_evidence	ordinary_tibetan_lexical_or_compound	secure_reviewed_alignment	high
wts_1_34	556	56	5	འཕྱང	phyan	phyaṅ	pre_coda_structural_unit	འཕྱ	phya	pre_coda_stem	reviewed_tibetan_exact_final_ng_consensus	source	historical_source	unaffected_feature_from_reviewed_source	ordinary_tibetan_lexical_or_compound	secure_reviewed_alignment	medium
wts_1_34	556	177	2	བྱང	byan	byaṅ	suffix_coda	ང	ṅ	token_final	reviewed_tibetan_exact_final_ng_consensus	target	reviewed	reviewed_explicit_feature_evidence	ordinary_tibetan_lexical_or_compound	secure_reviewed_alignment	high
wts_1_34	556	177	2	བྱང	byan	byaṅ	pre_coda_structural_unit	བྱ	bya	pre_coda_stem	reviewed_tibetan_exact_final_ng_consensus	source	historical_source	unaffected_feature_from_reviewed_source	ordinary_tibetan_lexical_or_compound	secure_reviewed_alignment	medium
wts_1_34	559	131	5	ཤིང	Sin	Siṅ	suffix_coda	ང	ṅ	token_final	reviewed_tibetan_exact_final_ng_source_compatible	target	reviewed	reviewed_explicit_feature_evidence	ordinary_tibetan_lexical_or_compound	secure_reviewed_alignment	high
wts_1_34	559	131	5	ཤིང	Sin	Siṅ	pre_coda_structural_unit	ཤི	Si	pre_coda_stem	reviewed_tibetan_exact_final_ng_source_compatible	source	historical_source	unaffected_feature_from_reviewed_source	ordinary_tibetan_lexical_or_compound	secure_reviewed_alignment	medium
wts_1_34	559	209	2	གསང	gsah	gsaṅ	suffix_coda	ང	ṅ	token_final	reviewed_tibetan_exact_final_ng_consensus	target	reviewed	reviewed_explicit_feature_evidence	ordinary_tibetan_lexical_or_compound	secure_reviewed_alignment	high
wts_1_34	559	209	2	གསང	gsah	gsaṅ	pre_coda_structural_unit	གས	gsa	pre_coda_stem	reviewed_tibetan_exact_final_ng_consensus	source	historical_source	unaffected_feature_from_reviewed_source	ordinary_tibetan_lexical_or_compound	secure_reviewed_alignment	medium
wts_1_34	560	16	2	བགྲང	bgran	bgraṅ	suffix_coda	ང	ṅ	token_final	reviewed_tibetan_exact_final_ng_source_compatible	target	reviewed	reviewed_explicit_feature_evidence	ordinary_tibetan_lexical_or_compound	secure_reviewed_alignment	high
wts_1_34	560	16	2	བགྲང	bgran	bgraṅ	pre_coda_structural_unit	བགྲ	bgra	pre_coda_stem	reviewed_tibetan_exact_final_ng_source_compatible	source	historical_source	unaffected_feature_from_reviewed_source	ordinary_tibetan_lexical_or_compound	secure_reviewed_alignment	medium
wts_1_34	561	22	2	ཆུང	chun	chuṅ	suffix_coda	ང	ṅ	token_final	reviewed_tibetan_exact_script_ng_witness	target	reviewed	reviewed_explicit_feature_evidence	ordinary_tibetan_lexical_or_compound	secure_reviewed_alignment	high
wts_1_34	561	22	2	ཆུང	chun	chuṅ	pre_coda_structural_unit	ཆུ	chu	pre_coda_stem	reviewed_tibetan_exact_script_ng_witness	source	historical_source	unaffected_feature_from_reviewed_source	ordinary_tibetan_lexical_or_compound	secure_reviewed_alignment	medium
wts_1_34	563	113	1	ལྔ	Ina	lṅa	unsegmented_structural_unit	ལྔ	□□a	unaffected_span_support	reviewed_tibetan_exact_initial_i_l_family	source	historical_source	unaffected_feature_from_reviewed_source	ordinary_tibetan_lexical_or_compound	secure_reviewed_alignment	medium
wts_1_34	563	144	1	ལྔ	Ina	lṅa	unsegmented_structural_unit	ལྔ	□□a	unaffected_span_support	reviewed_tibetan_exact_initial_i_l_family	source	historical_source	unaffected_feature_from_reviewed_source	ordinary_tibetan_lexical_or_compound	secure_reviewed_alignment	medium
wts_1_34	563	147	1	ཝྔ	Ina	lṅa	unsegmented_structural_unit	ཝྔ	□□a	unaffected_span_support	reviewed_tibetan_exact_initial_i_l_family	source	historical_source	unaffected_feature_from_reviewed_source	ordinary_tibetan_lexical_or_compound	secure_reviewed_alignment	medium
wts_1_34	563	152	1	ལྔ	Ina	lṅa	unsegmented_structural_unit	ལྔ	□□a	unaffected_span_support	reviewed_tibetan_exact_initial_i_l_family	source	historical_source	unaffected_feature_from_reviewed_source	ordinary_tibetan_lexical_or_compound	secure_reviewed_alignment	medium
wts_1_34	563	152	2	བསྐོར	Ina	lṅa	unsegmented_structural_unit	བསྐོར	□□a	unaffected_span_support	reviewed_tibetan_exact_initial_i_l_family	source	historical_source	unaffected_feature_from_reviewed_source	ordinary_tibetan_lexical_or_compound	secure_reviewed_alignment	medium
wts_1_34	563	184	1	ལྔ	Ina	lṅa	unsegmented_structural_unit	ལྔ	□□a	unaffected_span_support	reviewed_tibetan_exact_initial_i_l_family	source	historical_source	unaffected_feature_from_reviewed_source	ordinary_tibetan_lexical_or_compound	secure_reviewed_alignment	medium
wts_1_34	563	195	1	ལྔ	Ina	lṅa	unsegmented_structural_unit	ལྔ	□□a	unaffected_span_support	reviewed_tibetan_exact_initial_i_l_family	source	historical_source	unaffected_feature_from_reviewed_source	ordinary_tibetan_lexical_or_compound	secure_reviewed_alignment	medium
wts_1_34	563	209	1	ལྔ	Ina	lṅa	unsegmented_structural_unit	ལྔ	□□a	unaffected_span_support	reviewed_tibetan_exact_initial_i_l_family	source	historical_source	unaffected_feature_from_reviewed_source	ordinary_tibetan_lexical_or_compound	secure_reviewed_alignment	medium
wts_1_34	563	209	3	བཟང	bzan	bzaṅ	suffix_coda	ང	ṅ	token_final	reviewed_tibetan_exact_final_ng_consensus	target	reviewed	reviewed_explicit_feature_evidence	ordinary_tibetan_lexical_or_compound	secure_reviewed_alignment	high
wts_1_34	563	209	3	བཟང	bzan	bzaṅ	pre_coda_structural_unit	བཟ	bza	pre_coda_stem	reviewed_tibetan_exact_final_ng_consensus	source	historical_source	unaffected_feature_from_reviewed_source	ordinary_tibetan_lexical_or_compound	secure_reviewed_alignment	medium
wts_1_34	563	216	1	ལྔ	Ina	lṅa	unsegmented_structural_unit	ལྔ	□□a	unaffected_span_support	reviewed_tibetan_exact_initial_i_l_family	source	historical_source	unaffected_feature_from_reviewed_source	ordinary_tibetan_lexical_or_compound	secure_reviewed_alignment	medium
wts_1_34	564	43	1	ལྔ	Ina	lṅa	unsegmented_structural_unit	ལྔ	□□a	unaffected_span_support	reviewed_tibetan_exact_initial_i_l_family	source	historical_source	unaffected_feature_from_reviewed_source	ordinary_tibetan_lexical_or_compound	secure_reviewed_alignment	medium
wts_1_34	564	50	1	ལྔ	Ina	lṅa	unsegmented_structural_unit	ལྔ	□□a	unaffected_span_support	reviewed_tibetan_exact_initial_i_l_family	source	historical_source	unaffected_feature_from_reviewed_source	ordinary_tibetan_lexical_or_compound	secure_reviewed_alignment	medium
wts_1_34	564	57	1	ལྔ	Ina	lṅa	unsegmented_structural_unit	ལྔ	□□a	unaffected_span_support	reviewed_tibetan_exact_initial_i_l_family	source	historical_source	unaffected_feature_from_reviewed_source	ordinary_tibetan_lexical_or_compound	secure_reviewed_alignment	medium
wts_1_34	564	64	1	ལྔ	Ina	lṅa	unsegmented_structural_unit	ལྔ	□□a	unaffected_span_support	reviewed_tibetan_exact_initial_i_l_family	source	historical_source	unaffected_feature_from_reviewed_source	ordinary_tibetan_lexical_or_compound	secure_reviewed_alignment	medium
wts_1_34	564	89	1	ལྔ	Ina	lṅa	unsegmented_structural_unit	ལྔ	□□a	unaffected_span_support	reviewed_tibetan_exact_initial_i_l_family	source	historical_source	unaffected_feature_from_reviewed_source	ordinary_tibetan_lexical_or_compound	secure_reviewed_alignment	medium
wts_1_34	564	97	1	ལྔ	Ina	lṅa	unsegmented_structural_unit	ལྔ	□□a	unaffected_span_support	reviewed_tibetan_exact_initial_i_l_family	source	historical_source	unaffected_feature_from_reviewed_source	ordinary_tibetan_lexical_or_compound	secure_reviewed_alignment	medium
wts_1_34	568	1	1	སྔར	snar	sṅar	unsegmented_structural_unit	སྔར	s□ar	unaffected_span_support	reviewed_tibetan_exact_script_ng_witness	source	historical_source	unaffected_feature_from_reviewed_source	ordinary_tibetan_lexical_or_compound	secure_reviewed_alignment	medium
wts_1_34	568	33	1	སྔར	snar	sṅar	unsegmented_structural_unit	སྔར	s□ar	unaffected_span_support	reviewed_tibetan_exact_script_ng_witness	source	historical_source	unaffected_feature_from_reviewed_source	ordinary_tibetan_lexical_or_compound	secure_reviewed_alignment	medium
wts_1_34	568	60	1	སྔར	snar	sṅar	unsegmented_structural_unit	སྔར	s□ar	unaffected_span_support	reviewed_tibetan_exact_script_ng_witness	source	historical_source	unaffected_feature_from_reviewed_source	ordinary_tibetan_lexical_or_compound	secure_reviewed_alignment	medium
wts_1_34	570	171	5	ལྔ	Ina	lṅa	unsegmented_structural_unit	ལྔ	□□a	unaffected_span_support	reviewed_tibetan_exact_initial_i_l_family	source	historical_source	unaffected_feature_from_reviewed_source	ordinary_tibetan_lexical_or_compound	secure_reviewed_alignment	medium
wts_1_34	571	122	3	སོང	son	soṅ	suffix_coda	ང	ṅ	token_final	reviewed_tibetan_exact_final_ng_consensus	target	reviewed	reviewed_explicit_feature_evidence	ordinary_tibetan_lexical_or_compound	secure_reviewed_alignment	high
wts_1_34	571	122	3	སོང	son	soṅ	pre_coda_structural_unit	སོ	so	pre_coda_stem	reviewed_tibetan_exact_final_ng_consensus	source	historical_source	unaffected_feature_from_reviewed_source	ordinary_tibetan_lexical_or_compound	secure_reviewed_alignment	medium
wts_1_34	571	124	3	སོང	son	soṅ	suffix_coda	ང	ṅ	token_final	reviewed_tibetan_exact_final_ng_consensus	target	reviewed	reviewed_explicit_feature_evidence	ordinary_tibetan_lexical_or_compound	secure_reviewed_alignment	high
wts_1_34	571	124	3	སོང	son	soṅ	pre_coda_structural_unit	སོ	so	pre_coda_stem	reviewed_tibetan_exact_final_ng_consensus	source	historical_source	unaffected_feature_from_reviewed_source	ordinary_tibetan_lexical_or_compound	secure_reviewed_alignment	medium
wts_1_34	571	177	2	བྱུང	byun	byuṅ	suffix_coda	ང	ṅ	token_final	reviewed_tibetan_exact_final_ng_consensus	target	reviewed	reviewed_explicit_feature_evidence	ordinary_tibetan_lexical_or_compound	secure_reviewed_alignment	high
wts_1_34	571	177	2	བྱུང	byun	byuṅ	pre_coda_structural_unit	བྱུ	byu	pre_coda_stem	reviewed_tibetan_exact_final_ng_consensus	source	historical_source	unaffected_feature_from_reviewed_source	ordinary_tibetan_lexical_or_compound	secure_reviewed_alignment	medium
wts_1_34	571	206	3	ཕུང	phun	phuṅ	suffix_coda	ང	ṅ	token_final	reviewed_tibetan_exact_final_ng_consensus	target	reviewed	reviewed_explicit_feature_evidence	ordinary_tibetan_lexical_or_compound	secure_reviewed_alignment	high
wts_1_34	571	206	3	ཕུང	phun	phuṅ	pre_coda_structural_unit	ཕུ	phu	pre_coda_stem	reviewed_tibetan_exact_final_ng_consensus	source	historical_source	unaffected_feature_from_reviewed_source	ordinary_tibetan_lexical_or_compound	secure_reviewed_alignment	medium
wts_1_34	575	129	3	ཚང	tshan	tshaṅ	suffix_coda	ང	ṅ	token_final	reviewed_tibetan_exact_final_ng_consensus	target	reviewed	reviewed_explicit_feature_evidence	ordinary_tibetan_lexical_or_compound	secure_reviewed_alignment	high
wts_1_34	575	129	3	ཚང	tshan	tshaṅ	pre_coda_structural_unit	ཚ	tsha	pre_coda_stem	reviewed_tibetan_exact_final_ng_consensus	source	historical_source	unaffected_feature_from_reviewed_source	ordinary_tibetan_lexical_or_compound	secure_reviewed_alignment	medium
wts_1_34	576	89	2	སེང	seh	seṅ	suffix_coda	ང	ṅ	token_final	reviewed_tibetan_exact_final_ng_consensus	target	reviewed	reviewed_explicit_feature_evidence	ordinary_tibetan_lexical_or_compound	secure_reviewed_alignment	high
wts_1_34	576	89	2	སེང	seh	seṅ	pre_coda_structural_unit	སེ	se	pre_coda_stem	reviewed_tibetan_exact_final_ng_consensus	source	historical_source	unaffected_feature_from_reviewed_source	ordinary_tibetan_lexical_or_compound	secure_reviewed_alignment	medium
wts_1_34	580	1	3	རུང	run	ruṅ	suffix_coda	ང	ṅ	token_final	reviewed_tibetan_exact_final_ng_historical_witness	target	reviewed	reviewed_explicit_feature_evidence	ordinary_tibetan_lexical_or_compound	secure_reviewed_alignment	high
wts_1_34	580	1	3	རུང	run	ruṅ	pre_coda_structural_unit	རུ	ru	pre_coda_stem	reviewed_tibetan_exact_final_ng_historical_witness	source	historical_source	unaffected_feature_from_reviewed_source	ordinary_tibetan_lexical_or_compound	secure_reviewed_alignment	medium
wts_1_34	580	41	3	རུང	run	ruṅ	suffix_coda	ང	ṅ	token_final	reviewed_tibetan_exact_final_ng_historical_witness	target	reviewed	reviewed_explicit_feature_evidence	ordinary_tibetan_lexical_or_compound	secure_reviewed_alignment	high
wts_1_34	580	41	3	རུང	run	ruṅ	pre_coda_structural_unit	རུ	ru	pre_coda_stem	reviewed_tibetan_exact_final_ng_historical_witness	source	historical_source	unaffected_feature_from_reviewed_source	ordinary_tibetan_lexical_or_compound	secure_reviewed_alignment	medium
wts_1_34	580	108	2	ཞིག	Zig	źig	unsegmented_structural_unit	ཞིག	□ig	unaffected_span_support	reviewed_tibetan_exact_ocr_signature	source	historical_source	unaffected_feature_from_reviewed_source	ordinary_tibetan_lexical_or_compound	secure_reviewed_alignment	medium
wts_1_34	580	108	3	གི	Itar	ltar	unsegmented_structural_unit	གི	□tar	unaffected_span_support	reviewed_tibetan_exact_initial_i_l_family	source	historical_source	unaffected_feature_from_reviewed_source	ordinary_tibetan_lexical_or_compound	secure_reviewed_alignment	medium
wts_1_34	580	169	2	ཞིག	Zig	źig	unsegmented_structural_unit	ཞིག	□ig	unaffected_span_support	reviewed_tibetan_exact_ocr_signature	source	historical_source	unaffected_feature_from_reviewed_source	ordinary_tibetan_lexical_or_compound	secure_reviewed_alignment	medium
wts_1_34	582	106	1	ཅིང	cin	ciṅ	suffix_coda	ང	ṅ	token_final	reviewed_tibetan_exact_final_ng_consensus	target	reviewed	reviewed_explicit_feature_evidence	ordinary_tibetan_lexical_or_compound	secure_reviewed_alignment	high
wts_1_34	582	106	1	ཅིང	cin	ciṅ	pre_coda_structural_unit	ཅི	ci	pre_coda_stem	reviewed_tibetan_exact_final_ng_consensus	source	historical_source	unaffected_feature_from_reviewed_source	ordinary_tibetan_lexical_or_compound	secure_reviewed_alignment	medium
wts_1_34	583	1	1	ཅིང	cin	ciṅ	suffix_coda	ང	ṅ	token_final	reviewed_tibetan_exact_final_ng_consensus	target	reviewed	reviewed_explicit_feature_evidence	ordinary_tibetan_lexical_or_compound	secure_reviewed_alignment	high
wts_1_34	583	1	1	ཅིང	cin	ciṅ	pre_coda_structural_unit	ཅི	ci	pre_coda_stem	reviewed_tibetan_exact_final_ng_consensus	source	historical_source	unaffected_feature_from_reviewed_source	ordinary_tibetan_lexical_or_compound	secure_reviewed_alignment	medium
wts_1_34	583	28	1	ཅིང	cin	ciṅ	suffix_coda	ང	ṅ	token_final	reviewed_tibetan_exact_final_ng_consensus	target	reviewed	reviewed_explicit_feature_evidence	ordinary_tibetan_lexical_or_compound	secure_reviewed_alignment	high
wts_1_34	583	28	1	ཅིང	cin	ciṅ	pre_coda_structural_unit	ཅི	ci	pre_coda_stem	reviewed_tibetan_exact_final_ng_consensus	source	historical_source	unaffected_feature_from_reviewed_source	ordinary_tibetan_lexical_or_compound	secure_reviewed_alignment	medium
wts_1_34	584	152	2	སྤྱང	spyan	spyaṅ	suffix_coda	ང	ṅ	token_final	reviewed_tibetan_exact_final_ng_consensus	target	reviewed	reviewed_explicit_feature_evidence	ordinary_tibetan_lexical_or_compound	secure_reviewed_alignment	high
wts_1_34	584	152	2	སྤྱང	spyan	spyaṅ	pre_coda_structural_unit	སྤྱ	spya	pre_coda_stem	reviewed_tibetan_exact_final_ng_consensus	source	historical_source	unaffected_feature_from_reviewed_source	ordinary_tibetan_lexical_or_compound	secure_reviewed_alignment	medium
wts_1_34	586	22	3	གང	gan	gaṅ	suffix_coda			token_final	reviewed_tibetan_exact_script_ng_witness	target	reviewed	role_unresolved	ordinary_tibetan_lexical_or_compound	secure_reviewed_alignment	none
wts_1_34	587	1	2	རོང	ron	roṅ	suffix_coda	ང	ṅ	token_final	reviewed_tibetan_exact_final_ng_source_compatible	target	reviewed	reviewed_explicit_feature_evidence	ordinary_tibetan_lexical_or_compound	secure_reviewed_alignment	high
wts_1_34	587	1	2	རོང	ron	roṅ	pre_coda_structural_unit	རོ	ro	pre_coda_stem	reviewed_tibetan_exact_final_ng_source_compatible	source	historical_source	unaffected_feature_from_reviewed_source	ordinary_tibetan_lexical_or_compound	secure_reviewed_alignment	medium
wts_1_34	587	13	2	རོང	ron	roṅ	suffix_coda	ང	ṅ	token_final	reviewed_tibetan_exact_final_ng_source_compatible	target	reviewed	reviewed_explicit_feature_evidence	ordinary_tibetan_lexical_or_compound	secure_reviewed_alignment	high
wts_1_34	587	13	2	རོང	ron	roṅ	pre_coda_structural_unit	རོ	ro	pre_coda_stem	reviewed_tibetan_exact_final_ng_source_compatible	source	historical_source	unaffected_feature_from_reviewed_source	ordinary_tibetan_lexical_or_compound	secure_reviewed_alignment	medium
wts_1_34	587	65	2	ཆུང	chun	chuṅ	suffix_coda	ང	ṅ	token_final	reviewed_tibetan_exact_script_ng_witness	target	reviewed	reviewed_explicit_feature_evidence	ordinary_tibetan_lexical_or_compound	secure_reviewed_alignment	high
wts_1_34	587	65	2	ཆུང	chun	chuṅ	pre_coda_structural_unit	ཆུ	chu	pre_coda_stem	reviewed_tibetan_exact_script_ng_witness	source	historical_source	unaffected_feature_from_reviewed_source	ordinary_tibetan_lexical_or_compound	secure_reviewed_alignment	medium
wts_1_34	592	148	2	རྐྱང	rkyan	rkyaṅ	suffix_coda	ང	ṅ	token_final	reviewed_tibetan_exact_final_ng_consensus	target	reviewed	reviewed_explicit_feature_evidence	ordinary_tibetan_lexical_or_compound	secure_reviewed_alignment	high
wts_1_34	592	148	2	རྐྱང	rkyan	rkyaṅ	pre_coda_structural_unit	རྐྱ	rkya	pre_coda_stem	reviewed_tibetan_exact_final_ng_consensus	source	historical_source	unaffected_feature_from_reviewed_source	ordinary_tibetan_lexical_or_compound	secure_reviewed_alignment	medium
wts_1_34	593	173	2	བྲང	bran	braṅ	suffix_coda	ང	ṅ	token_final	reviewed_tibetan_exact_final_ng_consensus	target	reviewed	reviewed_explicit_feature_evidence	ordinary_tibetan_lexical_or_compound	secure_reviewed_alignment	high
wts_1_34	593	173	2	བྲང	bran	braṅ	pre_coda_structural_unit	བྲ	bra	pre_coda_stem	reviewed_tibetan_exact_final_ng_consensus	source	historical_source	unaffected_feature_from_reviewed_source	ordinary_tibetan_lexical_or_compound	secure_reviewed_alignment	medium
wts_1_34	593	190	5	ལུང	lun	luṅ	suffix_coda	ང	ṅ	token_final	reviewed_tibetan_exact_final_ng_source_compatible	target	reviewed	reviewed_explicit_feature_evidence	ordinary_tibetan_lexical_or_compound	secure_reviewed_alignment	high
wts_1_34	593	190	5	ལུང	lun	luṅ	pre_coda_structural_unit	ལུ	lu	pre_coda_stem	reviewed_tibetan_exact_final_ng_source_compatible	source	historical_source	unaffected_feature_from_reviewed_source	ordinary_tibetan_lexical_or_compound	secure_reviewed_alignment	medium
wts_1_34	596	149	2	སྐྱོང	skyon	skyoṅ	suffix_coda	ང	ṅ	token_final	reviewed_tibetan_exact_final_ng_consensus	target	reviewed	reviewed_explicit_feature_evidence	ordinary_tibetan_lexical_or_compound	secure_reviewed_alignment	high
wts_1_34	596	149	2	སྐྱོང	skyon	skyoṅ	pre_coda_structural_unit	སྐྱོ	skyo	pre_coda_stem	reviewed_tibetan_exact_final_ng_consensus	source	historical_source	unaffected_feature_from_reviewed_source	ordinary_tibetan_lexical_or_compound	secure_reviewed_alignment	medium
wts_1_34	597	84	2	རོང	ron	roṅ	suffix_coda	ང	ṅ	token_final	reviewed_tibetan_exact_final_ng_source_compatible	target	reviewed	reviewed_explicit_feature_evidence	ordinary_tibetan_lexical_or_compound	secure_reviewed_alignment	high
wts_1_34	597	84	2	རོང	ron	roṅ	pre_coda_structural_unit	རོ	ro	pre_coda_stem	reviewed_tibetan_exact_final_ng_source_compatible	source	historical_source	unaffected_feature_from_reviewed_source	ordinary_tibetan_lexical_or_compound	secure_reviewed_alignment	medium
wts_1_34	602	6	2	གཞི	gZi	gźi	root_consonant	ཞ	ź	root	reviewed_tibetan_exact_transcription_integrity	target	reviewed	reviewed_explicit_feature_evidence	ordinary_tibetan_lexical_or_compound	secure_reviewed_alignment	high
wts_1_34	602	6	2	གཞི	gZi	gźi	unsegmented_structural_unit	གཞི	g□i	unaffected_span_support	reviewed_tibetan_exact_transcription_integrity	source	historical_source	unaffected_feature_from_reviewed_source	ordinary_tibetan_lexical_or_compound	secure_reviewed_alignment	medium
wts_1_34	602	115	2	ལུང	lun	luṅ	suffix_coda	ང	ṅ	token_final	reviewed_tibetan_exact_final_ng_source_compatible	target	reviewed	reviewed_explicit_feature_evidence	ordinary_tibetan_lexical_or_compound	secure_reviewed_alignment	high
wts_1_34	602	115	2	ལུང	lun	luṅ	pre_coda_structural_unit	ལུ	lu	pre_coda_stem	reviewed_tibetan_exact_final_ng_source_compatible	source	historical_source	unaffected_feature_from_reviewed_source	ordinary_tibetan_lexical_or_compound	secure_reviewed_alignment	medium
wts_1_34	605	91	2	བཞི	bZi	bźi	root_consonant	ཞ	ź	root	reviewed_tibetan_exact_transcription_integrity	target	reviewed	reviewed_explicit_feature_evidence	ordinary_tibetan_lexical_or_compound	secure_reviewed_alignment	high
wts_1_34	605	91	2	བཞི	bZi	bźi	unsegmented_structural_unit	བཞི	b□i	unaffected_span_support	reviewed_tibetan_exact_transcription_integrity	source	historical_source	unaffected_feature_from_reviewed_source	ordinary_tibetan_lexical_or_compound	secure_reviewed_alignment	medium
wts_1_34	606	193	2	ཝྔ	Ina	lṅa	unsegmented_structural_unit	ཝྔ	□□a	unaffected_span_support	reviewed_tibetan_exact_initial_i_l_family	source	historical_source	unaffected_feature_from_reviewed_source	ordinary_tibetan_lexical_or_compound	secure_reviewed_alignment	medium
wts_1_34	607	69	2	རིང	rin	riṅ	suffix_coda	ང	ṅ	token_final	reviewed_tibetan_exact_final_ng_consensus	target	reviewed	reviewed_explicit_feature_evidence	ordinary_tibetan_lexical_or_compound	secure_reviewed_alignment	high
wts_1_34	607	69	2	རིང	rin	riṅ	pre_coda_structural_unit	རི	ri	pre_coda_stem	reviewed_tibetan_exact_final_ng_consensus	source	historical_source	unaffected_feature_from_reviewed_source	ordinary_tibetan_lexical_or_compound	secure_reviewed_alignment	medium
wts_1_34	607	75	4	ཤིང	sin	siṅ	suffix_coda	ང	ṅ	token_final	reviewed_tibetan_exact_final_ng_source_compatible	target	reviewed	reviewed_explicit_feature_evidence	ordinary_tibetan_lexical_or_compound	secure_reviewed_alignment	high
wts_1_34	607	75	4	ཤིང	sin	siṅ	pre_coda_structural_unit	ཤི	si	pre_coda_stem	reviewed_tibetan_exact_final_ng_source_compatible	source	historical_source	unaffected_feature_from_reviewed_source	ordinary_tibetan_lexical_or_compound	secure_reviewed_alignment	medium
wts_1_34	610	28	3	ཆང	chan	chaṅ	suffix_coda	ང	ṅ	token_final	reviewed_tibetan_exact_final_ng_consensus	target	reviewed	reviewed_explicit_feature_evidence	ordinary_tibetan_lexical_or_compound	secure_reviewed_alignment	high
wts_1_34	610	28	3	ཆང	chan	chaṅ	pre_coda_structural_unit	ཆ	cha	pre_coda_stem	reviewed_tibetan_exact_final_ng_consensus	source	historical_source	unaffected_feature_from_reviewed_source	ordinary_tibetan_lexical_or_compound	secure_reviewed_alignment	medium
wts_1_34	611	19	2	འབྲེང	bren	breṅ	suffix_coda	ང	ṅ	token_final	reviewed_tibetan_exact_final_ng_consensus	target	reviewed	reviewed_explicit_feature_evidence	ordinary_tibetan_lexical_or_compound	secure_reviewed_alignment	high
wts_1_34	611	19	2	འབྲེང	bren	breṅ	pre_coda_structural_unit	འབྲེ	bre	pre_coda_stem	reviewed_tibetan_exact_final_ng_consensus	source	historical_source	unaffected_feature_from_reviewed_source	ordinary_tibetan_lexical_or_compound	secure_reviewed_alignment	medium
wts_1_34	612	20	2	གོང	gon	goṅ	suffix_coda			token_final	reviewed_tibetan_exact_final_ng_consensus	target	reviewed	role_unresolved	ordinary_tibetan_lexical_or_compound	secure_reviewed_alignment	none
wts_1_34	613	78	2	ལུང	lun	luṅ	suffix_coda	ང	ṅ	token_final	reviewed_tibetan_exact_final_ng_source_compatible	target	reviewed	reviewed_explicit_feature_evidence	ordinary_tibetan_lexical_or_compound	secure_reviewed_alignment	high
wts_1_34	613	78	2	ལུང	lun	luṅ	pre_coda_structural_unit	ལུ	lu	pre_coda_stem	reviewed_tibetan_exact_final_ng_source_compatible	source	historical_source	unaffected_feature_from_reviewed_source	ordinary_tibetan_lexical_or_compound	secure_reviewed_alignment	medium
wts_1_34	613	116	1	ལྕང	lcan	lcaṅ	suffix_coda	ང	ṅ	token_final	reviewed_tibetan_exact_final_ng_consensus	target	reviewed	reviewed_explicit_feature_evidence	ordinary_tibetan_lexical_or_compound	secure_reviewed_alignment	high
wts_1_34	613	116	1	ལྕང	lcan	lcaṅ	pre_coda_structural_unit	ལྕ	lca	pre_coda_stem	reviewed_tibetan_exact_final_ng_consensus	source	historical_source	unaffected_feature_from_reviewed_source	ordinary_tibetan_lexical_or_compound	secure_reviewed_alignment	medium
wts_1_34	613	146	1	ལྕང	lcan	lcaṅ	suffix_coda	ང	ṅ	token_final	reviewed_tibetan_exact_final_ng_consensus	target	reviewed	reviewed_explicit_feature_evidence	ordinary_tibetan_lexical_or_compound	secure_reviewed_alignment	high
wts_1_34	613	146	1	ལྕང	lcan	lcaṅ	pre_coda_structural_unit	ལྕ	lca	pre_coda_stem	reviewed_tibetan_exact_final_ng_consensus	source	historical_source	unaffected_feature_from_reviewed_source	ordinary_tibetan_lexical_or_compound	secure_reviewed_alignment	medium
wts_1_34	613	154	1	ལྕང	lcan	lcaṅ	suffix_coda	ང	ṅ	token_final	reviewed_tibetan_exact_final_ng_consensus	target	reviewed	reviewed_explicit_feature_evidence	ordinary_tibetan_lexical_or_compound	secure_reviewed_alignment	high
wts_1_34	613	154	1	ལྕང	lcan	lcaṅ	pre_coda_structural_unit	ལྕ	lca	pre_coda_stem	reviewed_tibetan_exact_final_ng_consensus	source	historical_source	unaffected_feature_from_reviewed_source	ordinary_tibetan_lexical_or_compound	secure_reviewed_alignment	medium
wts_1_34	613	166	1	ལྕང	lcan	lcaṅ	suffix_coda	ང	ṅ	token_final	reviewed_tibetan_exact_final_ng_consensus	target	reviewed	reviewed_explicit_feature_evidence	ordinary_tibetan_lexical_or_compound	secure_reviewed_alignment	high
wts_1_34	613	166	1	ལྕང	lcan	lcaṅ	pre_coda_structural_unit	ལྕ	lca	pre_coda_stem	reviewed_tibetan_exact_final_ng_consensus	source	historical_source	unaffected_feature_from_reviewed_source	ordinary_tibetan_lexical_or_compound	secure_reviewed_alignment	medium
wts_1_34	613	187	1	ལྕང	lcan	lcaṅ	suffix_coda	ང	ṅ	token_final	reviewed_tibetan_exact_final_ng_consensus	target	reviewed	reviewed_explicit_feature_evidence	ordinary_tibetan_lexical_or_compound	secure_reviewed_alignment	high
wts_1_34	613	187	1	ལྕང	lcan	lcaṅ	pre_coda_structural_unit	ལྕ	lca	pre_coda_stem	reviewed_tibetan_exact_final_ng_consensus	source	historical_source	unaffected_feature_from_reviewed_source	ordinary_tibetan_lexical_or_compound	secure_reviewed_alignment	medium
wts_1_34	614	107	2	སྲིང	srin	sriṅ	suffix_coda	ང	ṅ	token_final	reviewed_tibetan_exact_final_ng_consensus	target	reviewed	reviewed_explicit_feature_evidence	ordinary_tibetan_lexical_or_compound	secure_reviewed_alignment	high
wts_1_34	614	107	2	སྲིང	srin	sriṅ	pre_coda_structural_unit	སྲི	sri	pre_coda_stem	reviewed_tibetan_exact_final_ng_consensus	source	historical_source	unaffected_feature_from_reviewed_source	ordinary_tibetan_lexical_or_compound	secure_reviewed_alignment	medium
wts_1_34	614	115	2	སྲིང	srin	sriṅ	suffix_coda	ང	ṅ	token_final	reviewed_tibetan_exact_final_ng_consensus	target	reviewed	reviewed_explicit_feature_evidence	ordinary_tibetan_lexical_or_compound	secure_reviewed_alignment	high
wts_1_34	614	115	2	སྲིང	srin	sriṅ	pre_coda_structural_unit	སྲི	sri	pre_coda_stem	reviewed_tibetan_exact_final_ng_consensus	source	historical_source	unaffected_feature_from_reviewed_source	ordinary_tibetan_lexical_or_compound	secure_reviewed_alignment	medium
wts_1_34	616	95	2	སྤྱང	spyah	spyaṅ	suffix_coda	ང	ṅ	token_final	reviewed_tibetan_exact_final_ng_consensus	target	reviewed	reviewed_explicit_feature_evidence	ordinary_tibetan_lexical_or_compound	secure_reviewed_alignment	high
wts_1_34	616	95	2	སྤྱང	spyah	spyaṅ	pre_coda_structural_unit	སྤྱ	spya	pre_coda_stem	reviewed_tibetan_exact_final_ng_consensus	source	historical_source	unaffected_feature_from_reviewed_source	ordinary_tibetan_lexical_or_compound	secure_reviewed_alignment	medium
wts_1_34	621	1	2	བཞག	bZag	bźag	root_consonant	ཞ	ź	root	reviewed_tibetan_exact_transcription_integrity	target	reviewed	reviewed_explicit_feature_evidence	ordinary_tibetan_lexical_or_compound	secure_reviewed_alignment	high
wts_1_34	621	1	2	བཞག	bZag	bźag	unsegmented_structural_unit	བཞག	b□ag	unaffected_span_support	reviewed_tibetan_exact_transcription_integrity	source	historical_source	unaffected_feature_from_reviewed_source	ordinary_tibetan_lexical_or_compound	secure_reviewed_alignment	medium
wts_1_34	624	21	2	གོང	gon	goṅ	suffix_coda			token_final	reviewed_tibetan_exact_final_ng_consensus	target	reviewed	role_unresolved	ordinary_tibetan_lexical_or_compound	secure_reviewed_alignment	none
wts_1_34	627	168	3	གཏང	gtan	gtaṅ	suffix_coda	ང	ṅ	token_final	reviewed_tibetan_exact_final_ng_historical_witness	target	reviewed	reviewed_explicit_feature_evidence	ordinary_tibetan_lexical_or_compound	secure_reviewed_alignment	high
wts_1_34	627	168	3	གཏང	gtan	gtaṅ	pre_coda_structural_unit	གཏ	gta	pre_coda_stem	reviewed_tibetan_exact_final_ng_historical_witness	source	historical_source	unaffected_feature_from_reviewed_source	ordinary_tibetan_lexical_or_compound	secure_reviewed_alignment	medium
wts_1_34	628	42	1	ཆང	chan	chaṅ	suffix_coda	ང	ṅ	token_final	reviewed_tibetan_exact_final_ng_consensus	target	reviewed	reviewed_explicit_feature_evidence	ordinary_tibetan_lexical_or_compound	secure_reviewed_alignment	high
wts_1_34	628	42	1	ཆང	chan	chaṅ	pre_coda_structural_unit	ཆ	cha	pre_coda_stem	reviewed_tibetan_exact_final_ng_consensus	source	historical_source	unaffected_feature_from_reviewed_source	ordinary_tibetan_lexical_or_compound	secure_reviewed_alignment	medium
wts_1_34	628	48	1	ཆང	chan	chaṅ	suffix_coda	ང	ṅ	token_final	reviewed_tibetan_exact_final_ng_consensus	target	reviewed	reviewed_explicit_feature_evidence	ordinary_tibetan_lexical_or_compound	secure_reviewed_alignment	high
wts_1_34	628	48	1	ཆང	chan	chaṅ	pre_coda_structural_unit	ཆ	cha	pre_coda_stem	reviewed_tibetan_exact_final_ng_consensus	source	historical_source	unaffected_feature_from_reviewed_source	ordinary_tibetan_lexical_or_compound	secure_reviewed_alignment	medium
wts_1_34	628	48	2	ཁང	khan	khaṅ	suffix_coda	ང	ṅ	token_final	reviewed_tibetan_exact_final_ng_consensus	target	reviewed	reviewed_explicit_feature_evidence	ordinary_tibetan_lexical_or_compound	secure_reviewed_alignment	high
wts_1_34	628	48	2	ཁང	khan	khaṅ	pre_coda_structural_unit	ཁ	kha	pre_coda_stem	reviewed_tibetan_exact_final_ng_consensus	source	historical_source	unaffected_feature_from_reviewed_source	ordinary_tibetan_lexical_or_compound	secure_reviewed_alignment	medium
wts_1_34	628	53	1	ཆང	chan	chaṅ	suffix_coda	ང	ṅ	token_final	reviewed_tibetan_exact_final_ng_consensus	target	reviewed	reviewed_explicit_feature_evidence	ordinary_tibetan_lexical_or_compound	secure_reviewed_alignment	high
wts_1_34	628	53	1	ཆང	chan	chaṅ	pre_coda_structural_unit	ཆ	cha	pre_coda_stem	reviewed_tibetan_exact_final_ng_consensus	source	historical_source	unaffected_feature_from_reviewed_source	ordinary_tibetan_lexical_or_compound	secure_reviewed_alignment	medium
wts_1_34	628	55	1	ཆང	chan	chaṅ	suffix_coda	ང	ṅ	token_final	reviewed_tibetan_exact_final_ng_consensus	target	reviewed	reviewed_explicit_feature_evidence	ordinary_tibetan_lexical_or_compound	secure_reviewed_alignment	high
wts_1_34	628	55	1	ཆང	chan	chaṅ	pre_coda_structural_unit	ཆ	cha	pre_coda_stem	reviewed_tibetan_exact_final_ng_consensus	source	historical_source	unaffected_feature_from_reviewed_source	ordinary_tibetan_lexical_or_compound	secure_reviewed_alignment	medium
wts_1_34	628	58	1	ཆང	chan	chaṅ	suffix_coda	ང	ṅ	token_final	reviewed_tibetan_exact_final_ng_consensus	target	reviewed	reviewed_explicit_feature_evidence	ordinary_tibetan_lexical_or_compound	secure_reviewed_alignment	high
wts_1_34	628	58	1	ཆང	chan	chaṅ	pre_coda_structural_unit	ཆ	cha	pre_coda_stem	reviewed_tibetan_exact_final_ng_consensus	source	historical_source	unaffected_feature_from_reviewed_source	ordinary_tibetan_lexical_or_compound	secure_reviewed_alignment	medium
wts_1_34	628	67	1	ཆང	chan	chaṅ	suffix_coda	ང	ṅ	token_final	reviewed_tibetan_exact_final_ng_consensus	target	reviewed	reviewed_explicit_feature_evidence	ordinary_tibetan_lexical_or_compound	secure_reviewed_alignment	high
wts_1_34	628	67	1	ཆང	chan	chaṅ	pre_coda_structural_unit	ཆ	cha	pre_coda_stem	reviewed_tibetan_exact_final_ng_consensus	source	historical_source	unaffected_feature_from_reviewed_source	ordinary_tibetan_lexical_or_compound	secure_reviewed_alignment	medium
wts_1_34	628	72	1	ཆང	chan	chaṅ	suffix_coda	ང	ṅ	token_final	reviewed_tibetan_exact_final_ng_consensus	target	reviewed	reviewed_explicit_feature_evidence	ordinary_tibetan_lexical_or_compound	secure_reviewed_alignment	high
wts_1_34	628	72	1	ཆང	chan	chaṅ	pre_coda_structural_unit	ཆ	cha	pre_coda_stem	reviewed_tibetan_exact_final_ng_consensus	source	historical_source	unaffected_feature_from_reviewed_source	ordinary_tibetan_lexical_or_compound	secure_reviewed_alignment	medium
wts_1_34	628	89	1	ཆང	chan	chaṅ	suffix_coda	ང	ṅ	token_final	reviewed_tibetan_exact_final_ng_consensus	target	reviewed	reviewed_explicit_feature_evidence	ordinary_tibetan_lexical_or_compound	secure_reviewed_alignment	high
wts_1_34	628	89	1	ཆང	chan	chaṅ	pre_coda_structural_unit	ཆ	cha	pre_coda_stem	reviewed_tibetan_exact_final_ng_consensus	source	historical_source	unaffected_feature_from_reviewed_source	ordinary_tibetan_lexical_or_compound	secure_reviewed_alignment	medium
wts_1_34	628	101	1	ཆང	chan	chaṅ	suffix_coda	ང	ṅ	token_final	reviewed_tibetan_exact_final_ng_consensus	target	reviewed	reviewed_explicit_feature_evidence	ordinary_tibetan_lexical_or_compound	secure_reviewed_alignment	high
wts_1_34	628	101	1	ཆང	chan	chaṅ	pre_coda_structural_unit	ཆ	cha	pre_coda_stem	reviewed_tibetan_exact_final_ng_consensus	source	historical_source	unaffected_feature_from_reviewed_source	ordinary_tibetan_lexical_or_compound	secure_reviewed_alignment	medium
wts_1_34	628	101	2	ཆུང	chun	chuṅ	suffix_coda	ང	ṅ	token_final	reviewed_tibetan_exact_script_ng_witness	target	reviewed	reviewed_explicit_feature_evidence	ordinary_tibetan_lexical_or_compound	secure_reviewed_alignment	high
wts_1_34	628	101	2	ཆུང	chun	chuṅ	pre_coda_structural_unit	ཆུ	chu	pre_coda_stem	reviewed_tibetan_exact_script_ng_witness	source	historical_source	unaffected_feature_from_reviewed_source	ordinary_tibetan_lexical_or_compound	secure_reviewed_alignment	medium
wts_1_34	628	113	1	ཆང	chan	chaṅ	suffix_coda	ང	ṅ	token_final	reviewed_tibetan_exact_final_ng_consensus	target	reviewed	reviewed_explicit_feature_evidence	ordinary_tibetan_lexical_or_compound	secure_reviewed_alignment	high
wts_1_34	628	113	1	ཆང	chan	chaṅ	pre_coda_structural_unit	ཆ	cha	pre_coda_stem	reviewed_tibetan_exact_final_ng_consensus	source	historical_source	unaffected_feature_from_reviewed_source	ordinary_tibetan_lexical_or_compound	secure_reviewed_alignment	medium
wts_1_34	628	115	1	ཆང	chan	chaṅ	suffix_coda	ང	ṅ	token_final	reviewed_tibetan_exact_final_ng_consensus	target	reviewed	reviewed_explicit_feature_evidence	ordinary_tibetan_lexical_or_compound	secure_reviewed_alignment	high
wts_1_34	628	115	1	ཆང	chan	chaṅ	pre_coda_structural_unit	ཆ	cha	pre_coda_stem	reviewed_tibetan_exact_final_ng_consensus	source	historical_source	unaffected_feature_from_reviewed_source	ordinary_tibetan_lexical_or_compound	secure_reviewed_alignment	medium
wts_1_34	628	134	1	ཆང	chan	chaṅ	suffix_coda	ང	ṅ	token_final	reviewed_tibetan_exact_final_ng_consensus	target	reviewed	reviewed_explicit_feature_evidence	ordinary_tibetan_lexical_or_compound	secure_reviewed_alignment	high
wts_1_34	628	134	1	ཆང	chan	chaṅ	pre_coda_structural_unit	ཆ	cha	pre_coda_stem	reviewed_tibetan_exact_final_ng_consensus	source	historical_source	unaffected_feature_from_reviewed_source	ordinary_tibetan_lexical_or_compound	secure_reviewed_alignment	medium
wts_1_34	628	167	1	ཆང	chan	chaṅ	suffix_coda	ང	ṅ	token_final	reviewed_tibetan_exact_final_ng_consensus	target	reviewed	reviewed_explicit_feature_evidence	ordinary_tibetan_lexical_or_compound	secure_reviewed_alignment	high
wts_1_34	628	167	1	ཆང	chan	chaṅ	pre_coda_structural_unit	ཆ	cha	pre_coda_stem	reviewed_tibetan_exact_final_ng_consensus	source	historical_source	unaffected_feature_from_reviewed_source	ordinary_tibetan_lexical_or_compound	secure_reviewed_alignment	medium
wts_1_34	628	177	1	ཆང	chan	chaṅ	suffix_coda	ང	ṅ	token_final	reviewed_tibetan_exact_final_ng_consensus	target	reviewed	reviewed_explicit_feature_evidence	ordinary_tibetan_lexical_or_compound	secure_reviewed_alignment	high
wts_1_34	628	177	1	ཆང	chan	chaṅ	pre_coda_structural_unit	ཆ	cha	pre_coda_stem	reviewed_tibetan_exact_final_ng_consensus	source	historical_source	unaffected_feature_from_reviewed_source	ordinary_tibetan_lexical_or_compound	secure_reviewed_alignment	medium
wts_1_34	628	183	1	ཆང	chan	chaṅ	suffix_coda	ང	ṅ	token_final	reviewed_tibetan_exact_final_ng_consensus	target	reviewed	reviewed_explicit_feature_evidence	ordinary_tibetan_lexical_or_compound	secure_reviewed_alignment	high
wts_1_34	628	183	1	ཆང	chan	chaṅ	pre_coda_structural_unit	ཆ	cha	pre_coda_stem	reviewed_tibetan_exact_final_ng_consensus	source	historical_source	unaffected_feature_from_reviewed_source	ordinary_tibetan_lexical_or_compound	secure_reviewed_alignment	medium
wts_1_34	628	197	1	ཆང	chan	chaṅ	suffix_coda	ང	ṅ	token_final	reviewed_tibetan_exact_final_ng_consensus	target	reviewed	reviewed_explicit_feature_evidence	ordinary_tibetan_lexical_or_compound	secure_reviewed_alignment	high
wts_1_34	628	197	1	ཆང	chan	chaṅ	pre_coda_structural_unit	ཆ	cha	pre_coda_stem	reviewed_tibetan_exact_final_ng_consensus	source	historical_source	unaffected_feature_from_reviewed_source	ordinary_tibetan_lexical_or_compound	secure_reviewed_alignment	medium
wts_1_34	628	200	1	ཆང	chan	chaṅ	suffix_coda	ང	ṅ	token_final	reviewed_tibetan_exact_final_ng_consensus	target	reviewed	reviewed_explicit_feature_evidence	ordinary_tibetan_lexical_or_compound	secure_reviewed_alignment	high
wts_1_34	628	200	1	ཆང	chan	chaṅ	pre_coda_structural_unit	ཆ	cha	pre_coda_stem	reviewed_tibetan_exact_final_ng_consensus	source	historical_source	unaffected_feature_from_reviewed_source	ordinary_tibetan_lexical_or_compound	secure_reviewed_alignment	medium
wts_1_34	628	206	1	ཆང	chan	chaṅ	suffix_coda	ང	ṅ	token_final	reviewed_tibetan_exact_final_ng_consensus	target	reviewed	reviewed_explicit_feature_evidence	ordinary_tibetan_lexical_or_compound	secure_reviewed_alignment	high
wts_1_34	628	206	1	ཆང	chan	chaṅ	pre_coda_structural_unit	ཆ	cha	pre_coda_stem	reviewed_tibetan_exact_final_ng_consensus	source	historical_source	unaffected_feature_from_reviewed_source	ordinary_tibetan_lexical_or_compound	secure_reviewed_alignment	medium
wts_1_34	628	206	3	སྟོང	ston	stoṅ	suffix_coda	ང	ṅ	token_final	reviewed_tibetan_exact_final_ng_consensus	target	reviewed	reviewed_explicit_feature_evidence	ordinary_tibetan_lexical_or_compound	secure_reviewed_alignment	high
wts_1_34	628	206	3	སྟོང	ston	stoṅ	pre_coda_structural_unit	སྟོ	sto	pre_coda_stem	reviewed_tibetan_exact_final_ng_consensus	source	historical_source	unaffected_feature_from_reviewed_source	ordinary_tibetan_lexical_or_compound	secure_reviewed_alignment	medium
wts_1_34	628	209	1	ཆང	chan	chaṅ	suffix_coda	ང	ṅ	token_final	reviewed_tibetan_exact_final_ng_consensus	target	reviewed	reviewed_explicit_feature_evidence	ordinary_tibetan_lexical_or_compound	secure_reviewed_alignment	high
wts_1_34	628	209	1	ཆང	chan	chaṅ	pre_coda_structural_unit	ཆ	cha	pre_coda_stem	reviewed_tibetan_exact_final_ng_consensus	source	historical_source	unaffected_feature_from_reviewed_source	ordinary_tibetan_lexical_or_compound	secure_reviewed_alignment	medium
wts_1_34	629	1	1	ཆང	chan	chaṅ	suffix_coda	ང	ṅ	token_final	reviewed_tibetan_exact_final_ng_consensus	target	reviewed	reviewed_explicit_feature_evidence	ordinary_tibetan_lexical_or_compound	secure_reviewed_alignment	high
wts_1_34	629	1	1	ཆང	chan	chaṅ	pre_coda_structural_unit	ཆ	cha	pre_coda_stem	reviewed_tibetan_exact_final_ng_consensus	source	historical_source	unaffected_feature_from_reviewed_source	ordinary_tibetan_lexical_or_compound	secure_reviewed_alignment	medium
wts_1_34	629	7	1	ཆང	chan	chaṅ	suffix_coda	ང	ṅ	token_final	reviewed_tibetan_exact_final_ng_consensus	target	reviewed	reviewed_explicit_feature_evidence	ordinary_tibetan_lexical_or_compound	secure_reviewed_alignment	high
wts_1_34	629	7	1	ཆང	chan	chaṅ	pre_coda_structural_unit	ཆ	cha	pre_coda_stem	reviewed_tibetan_exact_final_ng_consensus	source	historical_source	unaffected_feature_from_reviewed_source	ordinary_tibetan_lexical_or_compound	secure_reviewed_alignment	medium
wts_1_34	629	15	1	ཆང	chan	chaṅ	suffix_coda	ང	ṅ	token_final	reviewed_tibetan_exact_final_ng_consensus	target	reviewed	reviewed_explicit_feature_evidence	ordinary_tibetan_lexical_or_compound	secure_reviewed_alignment	high
wts_1_34	629	15	1	ཆང	chan	chaṅ	pre_coda_structural_unit	ཆ	cha	pre_coda_stem	reviewed_tibetan_exact_final_ng_consensus	source	historical_source	unaffected_feature_from_reviewed_source	ordinary_tibetan_lexical_or_compound	secure_reviewed_alignment	medium
wts_1_34	629	57	1	ཆང	chan	chaṅ	suffix_coda	ང	ṅ	token_final	reviewed_tibetan_exact_final_ng_consensus	target	reviewed	reviewed_explicit_feature_evidence	ordinary_tibetan_lexical_or_compound	secure_reviewed_alignment	high
wts_1_34	629	57	1	ཆང	chan	chaṅ	pre_coda_structural_unit	ཆ	cha	pre_coda_stem	reviewed_tibetan_exact_final_ng_consensus	source	historical_source	unaffected_feature_from_reviewed_source	ordinary_tibetan_lexical_or_compound	secure_reviewed_alignment	medium
wts_1_34	629	64	1	ཆང	chan	chaṅ	suffix_coda	ང	ṅ	token_final	reviewed_tibetan_exact_final_ng_consensus	target	reviewed	reviewed_explicit_feature_evidence	ordinary_tibetan_lexical_or_compound	secure_reviewed_alignment	high
wts_1_34	629	64	1	ཆང	chan	chaṅ	pre_coda_structural_unit	ཆ	cha	pre_coda_stem	reviewed_tibetan_exact_final_ng_consensus	source	historical_source	unaffected_feature_from_reviewed_source	ordinary_tibetan_lexical_or_compound	secure_reviewed_alignment	medium
wts_1_34	629	64	2	ཚང	tshah	tshaṅ	suffix_coda	ང	ṅ	token_final	reviewed_tibetan_exact_final_ng_consensus	target	reviewed	reviewed_explicit_feature_evidence	ordinary_tibetan_lexical_or_compound	secure_reviewed_alignment	high
wts_1_34	629	64	2	ཚང	tshah	tshaṅ	pre_coda_structural_unit	ཚ	tsha	pre_coda_stem	reviewed_tibetan_exact_final_ng_consensus	source	historical_source	unaffected_feature_from_reviewed_source	ordinary_tibetan_lexical_or_compound	secure_reviewed_alignment	medium
wts_1_34	629	69	1	ཆང	chan	chaṅ	suffix_coda	ང	ṅ	token_final	reviewed_tibetan_exact_final_ng_consensus	target	reviewed	reviewed_explicit_feature_evidence	ordinary_tibetan_lexical_or_compound	secure_reviewed_alignment	high
wts_1_34	629	69	1	ཆང	chan	chaṅ	pre_coda_structural_unit	ཆ	cha	pre_coda_stem	reviewed_tibetan_exact_final_ng_consensus	source	historical_source	unaffected_feature_from_reviewed_source	ordinary_tibetan_lexical_or_compound	secure_reviewed_alignment	medium
wts_1_34	629	69	2	འཚོང	tshon	tshoṅ	suffix_coda	ང	ṅ	token_final	reviewed_tibetan_exact_final_ng_source_compatible	target	reviewed	reviewed_explicit_feature_evidence	ordinary_tibetan_lexical_or_compound	secure_reviewed_alignment	high
wts_1_34	629	69	2	འཚོང	tshon	tshoṅ	pre_coda_structural_unit	འཚོ	tsho	pre_coda_stem	reviewed_tibetan_exact_final_ng_source_compatible	source	historical_source	unaffected_feature_from_reviewed_source	ordinary_tibetan_lexical_or_compound	secure_reviewed_alignment	medium
wts_1_34	629	109	1	ཆང	chan	chaṅ	suffix_coda	ང	ṅ	token_final	reviewed_tibetan_exact_final_ng_consensus	target	reviewed	reviewed_explicit_feature_evidence	ordinary_tibetan_lexical_or_compound	secure_reviewed_alignment	high
wts_1_34	629	109	1	ཆང	chan	chaṅ	pre_coda_structural_unit	ཆ	cha	pre_coda_stem	reviewed_tibetan_exact_final_ng_consensus	source	historical_source	unaffected_feature_from_reviewed_source	ordinary_tibetan_lexical_or_compound	secure_reviewed_alignment	medium
wts_1_34	629	145	1	ཆང	chan	chaṅ	suffix_coda	ང	ṅ	token_final	reviewed_tibetan_exact_final_ng_consensus	target	reviewed	reviewed_explicit_feature_evidence	ordinary_tibetan_lexical_or_compound	secure_reviewed_alignment	high
wts_1_34	629	145	1	ཆང	chan	chaṅ	pre_coda_structural_unit	ཆ	cha	pre_coda_stem	reviewed_tibetan_exact_final_ng_consensus	source	historical_source	unaffected_feature_from_reviewed_source	ordinary_tibetan_lexical_or_compound	secure_reviewed_alignment	medium
wts_1_34	630	123	2	ཆུང	chun	chuṅ	suffix_coda	ང	ṅ	token_final	reviewed_tibetan_exact_script_ng_witness	target	reviewed	reviewed_explicit_feature_evidence	ordinary_tibetan_lexical_or_compound	secure_reviewed_alignment	high
wts_1_34	630	123	2	ཆུང	chun	chuṅ	pre_coda_structural_unit	ཆུ	chu	pre_coda_stem	reviewed_tibetan_exact_script_ng_witness	source	historical_source	unaffected_feature_from_reviewed_source	ordinary_tibetan_lexical_or_compound	secure_reviewed_alignment	medium
wts_1_34	632	138	2	ཁང	khan	khaṅ	suffix_coda	ང	ṅ	token_final	reviewed_tibetan_exact_final_ng_consensus	target	reviewed	reviewed_explicit_feature_evidence	ordinary_tibetan_lexical_or_compound	secure_reviewed_alignment	high
wts_1_34	632	138	2	ཁང	khan	khaṅ	pre_coda_structural_unit	ཁ	kha	pre_coda_stem	reviewed_tibetan_exact_final_ng_consensus	source	historical_source	unaffected_feature_from_reviewed_source	ordinary_tibetan_lexical_or_compound	secure_reviewed_alignment	medium
wts_1_34	632	163	2	གང	gan	gaṅ	suffix_coda			token_final	reviewed_tibetan_exact_script_ng_witness	target	reviewed	role_unresolved	ordinary_tibetan_lexical_or_compound	secure_reviewed_alignment	none
wts_1_34	634	41	2	གསང	gsan	gsaṅ	suffix_coda	ང	ṅ	token_final	reviewed_tibetan_exact_final_ng_consensus	target	reviewed	reviewed_explicit_feature_evidence	ordinary_tibetan_lexical_or_compound	secure_reviewed_alignment	high
wts_1_34	634	41	2	གསང	gsan	gsaṅ	pre_coda_structural_unit	གས	gsa	pre_coda_stem	reviewed_tibetan_exact_final_ng_consensus	source	historical_source	unaffected_feature_from_reviewed_source	ordinary_tibetan_lexical_or_compound	secure_reviewed_alignment	medium
wts_1_34	635	183	3	རླུང	rlun	rluṅ	suffix_coda	ང	ṅ	token_final	reviewed_tibetan_exact_final_ng_consensus	target	reviewed	reviewed_explicit_feature_evidence	ordinary_tibetan_lexical_or_compound	secure_reviewed_alignment	high
wts_1_34	635	183	3	རླུང	rlun	rluṅ	pre_coda_structural_unit	རླུ	rlu	pre_coda_stem	reviewed_tibetan_exact_final_ng_consensus	source	historical_source	unaffected_feature_from_reviewed_source	ordinary_tibetan_lexical_or_compound	secure_reviewed_alignment	medium
wts_1_34	636	179	3	རླུང	rlun	rluṅ	suffix_coda	ང	ṅ	token_final	reviewed_tibetan_exact_final_ng_consensus	target	reviewed	reviewed_explicit_feature_evidence	ordinary_tibetan_lexical_or_compound	secure_reviewed_alignment	high
wts_1_34	636	179	3	རླུང	rlun	rluṅ	pre_coda_structural_unit	རླུ	rlu	pre_coda_stem	reviewed_tibetan_exact_final_ng_consensus	source	historical_source	unaffected_feature_from_reviewed_source	ordinary_tibetan_lexical_or_compound	secure_reviewed_alignment	medium
wts_1_34	639	95	2	སྟོང	ston	stoṅ	suffix_coda	ང	ṅ	token_final	reviewed_tibetan_exact_final_ng_consensus	target	reviewed	reviewed_explicit_feature_evidence	ordinary_tibetan_lexical_or_compound	secure_reviewed_alignment	high
wts_1_34	639	95	2	སྟོང	ston	stoṅ	pre_coda_structural_unit	སྟོ	sto	pre_coda_stem	reviewed_tibetan_exact_final_ng_consensus	source	historical_source	unaffected_feature_from_reviewed_source	ordinary_tibetan_lexical_or_compound	secure_reviewed_alignment	medium
wts_1_34	642	61	2	ཀླང	klun	kluṅ	suffix_coda	ང	ṅ	token_final	reviewed_tibetan_exact_final_ng_consensus	target	reviewed	reviewed_explicit_feature_evidence	ordinary_tibetan_lexical_or_compound	secure_reviewed_alignment	high
wts_1_34	642	61	2	ཀླང	klun	kluṅ	pre_coda_structural_unit	ཀླ	klu	pre_coda_stem	reviewed_tibetan_exact_final_ng_consensus	source	historical_source	unaffected_feature_from_reviewed_source	ordinary_tibetan_lexical_or_compound	secure_reviewed_alignment	medium
wts_1_34	642	75	2	ཀླང	klun	kluṅ	suffix_coda	ང	ṅ	token_final	reviewed_tibetan_exact_final_ng_consensus	target	reviewed	reviewed_explicit_feature_evidence	ordinary_tibetan_lexical_or_compound	secure_reviewed_alignment	high
wts_1_34	642	75	2	ཀླང	klun	kluṅ	pre_coda_structural_unit	ཀླ	klu	pre_coda_stem	reviewed_tibetan_exact_final_ng_consensus	source	historical_source	unaffected_feature_from_reviewed_source	ordinary_tibetan_lexical_or_compound	secure_reviewed_alignment	medium
wts_1_34	642	114	2	ཀླང	klun	kluṅ	suffix_coda	ང	ṅ	token_final	reviewed_tibetan_exact_final_ng_consensus	target	reviewed	reviewed_explicit_feature_evidence	ordinary_tibetan_lexical_or_compound	secure_reviewed_alignment	high
wts_1_34	642	114	2	ཀླང	klun	kluṅ	pre_coda_structural_unit	ཀླ	klu	pre_coda_stem	reviewed_tibetan_exact_final_ng_consensus	source	historical_source	unaffected_feature_from_reviewed_source	ordinary_tibetan_lexical_or_compound	secure_reviewed_alignment	medium
wts_1_34	642	118	2	ཀླང	klun	kluṅ	suffix_coda	ང	ṅ	token_final	reviewed_tibetan_exact_final_ng_consensus	target	reviewed	reviewed_explicit_feature_evidence	ordinary_tibetan_lexical_or_compound	secure_reviewed_alignment	high
wts_1_34	642	118	2	ཀླང	klun	kluṅ	pre_coda_structural_unit	ཀླ	klu	pre_coda_stem	reviewed_tibetan_exact_final_ng_consensus	source	historical_source	unaffected_feature_from_reviewed_source	ordinary_tibetan_lexical_or_compound	secure_reviewed_alignment	medium
wts_1_34	642	135	2	ཀློང	klon	kloṅ	suffix_coda	ང	ṅ	token_final	reviewed_tibetan_exact_final_ng_source_compatible	target	reviewed	reviewed_explicit_feature_evidence	ordinary_tibetan_lexical_or_compound	secure_reviewed_alignment	high
wts_1_34	642	135	2	ཀློང	klon	kloṅ	pre_coda_structural_unit	ཀློ	klo	pre_coda_stem	reviewed_tibetan_exact_final_ng_source_compatible	source	historical_source	unaffected_feature_from_reviewed_source	ordinary_tibetan_lexical_or_compound	secure_reviewed_alignment	medium
wts_1_34	643	56	3	དབང	dban	dbaṅ	suffix_coda	ང	ṅ	token_final	reviewed_tibetan_exact_final_ng_consensus	target	reviewed	reviewed_explicit_feature_evidence	ordinary_tibetan_lexical_or_compound	secure_reviewed_alignment	high
wts_1_34	643	56	3	དབང	dban	dbaṅ	pre_coda_structural_unit	དབ	dba	pre_coda_stem	reviewed_tibetan_exact_final_ng_consensus	source	historical_source	unaffected_feature_from_reviewed_source	ordinary_tibetan_lexical_or_compound	secure_reviewed_alignment	medium
wts_1_34	643	103	2	ཁང	khan	khaṅ	suffix_coda	ང	ṅ	token_final	reviewed_tibetan_exact_final_ng_consensus	target	reviewed	reviewed_explicit_feature_evidence	ordinary_tibetan_lexical_or_compound	secure_reviewed_alignment	high
wts_1_34	643	103	2	ཁང	khan	khaṅ	pre_coda_structural_unit	ཁ	kha	pre_coda_stem	reviewed_tibetan_exact_final_ng_consensus	source	historical_source	unaffected_feature_from_reviewed_source	ordinary_tibetan_lexical_or_compound	secure_reviewed_alignment	medium
wts_1_34	644	55	2	གླིང	glin	gliṅ	suffix_coda	ང	ṅ	token_final	reviewed_tibetan_exact_final_ng_consensus	target	reviewed	reviewed_explicit_feature_evidence	ordinary_tibetan_lexical_or_compound	secure_reviewed_alignment	high
wts_1_34	644	55	2	གླིང	glin	gliṅ	pre_coda_structural_unit	གླི	gli	pre_coda_stem	reviewed_tibetan_exact_final_ng_consensus	source	historical_source	unaffected_feature_from_reviewed_source	ordinary_tibetan_lexical_or_compound	secure_reviewed_alignment	medium
wts_1_34	646	154	2	འཐུང	thun	thuṅ	suffix_coda	ང	ṅ	token_final	reviewed_tibetan_exact_final_ng_consensus	target	reviewed	reviewed_explicit_feature_evidence	ordinary_tibetan_lexical_or_compound	secure_reviewed_alignment	high
wts_1_34	646	154	2	འཐུང	thun	thuṅ	pre_coda_structural_unit	འཐུ	thu	pre_coda_stem	reviewed_tibetan_exact_final_ng_consensus	source	historical_source	unaffected_feature_from_reviewed_source	ordinary_tibetan_lexical_or_compound	secure_reviewed_alignment	medium
wts_1_34	646	158	2	འཐུང	thun	thuṅ	suffix_coda	ང	ṅ	token_final	reviewed_tibetan_exact_final_ng_consensus	target	reviewed	reviewed_explicit_feature_evidence	ordinary_tibetan_lexical_or_compound	secure_reviewed_alignment	high
wts_1_34	646	158	2	འཐུང	thun	thuṅ	pre_coda_structural_unit	འཐུ	thu	pre_coda_stem	reviewed_tibetan_exact_final_ng_consensus	source	historical_source	unaffected_feature_from_reviewed_source	ordinary_tibetan_lexical_or_compound	secure_reviewed_alignment	medium
wts_1_34	646	158	3	དབང	dban	dbaṅ	suffix_coda	ང	ṅ	token_final	reviewed_tibetan_exact_final_ng_consensus	target	reviewed	reviewed_explicit_feature_evidence	ordinary_tibetan_lexical_or_compound	secure_reviewed_alignment	high
wts_1_34	646	158	3	དབང	dban	dbaṅ	pre_coda_structural_unit	དབ	dba	pre_coda_stem	reviewed_tibetan_exact_final_ng_consensus	source	historical_source	unaffected_feature_from_reviewed_source	ordinary_tibetan_lexical_or_compound	secure_reviewed_alignment	medium
wts_1_34	646	161	2	འཐུང	thun	thuṅ	suffix_coda	ང	ṅ	token_final	reviewed_tibetan_exact_final_ng_consensus	target	reviewed	reviewed_explicit_feature_evidence	ordinary_tibetan_lexical_or_compound	secure_reviewed_alignment	high
wts_1_34	646	161	2	འཐུང	thun	thuṅ	pre_coda_structural_unit	འཐུ	thu	pre_coda_stem	reviewed_tibetan_exact_final_ng_consensus	source	historical_source	unaffected_feature_from_reviewed_source	ordinary_tibetan_lexical_or_compound	secure_reviewed_alignment	medium
wts_1_34	648	109	3	ལྔ	Ina	lṅa	unsegmented_structural_unit	ལྔ	□□a	unaffected_span_support	reviewed_tibetan_exact_initial_i_l_family	source	historical_source	unaffected_feature_from_reviewed_source	ordinary_tibetan_lexical_or_compound	secure_reviewed_alignment	medium
wts_1_34	648	149	3	ལྔ	Ina	lṅa	unsegmented_structural_unit	ལྔ	□□a	unaffected_span_support	reviewed_tibetan_exact_initial_i_l_family	source	historical_source	unaffected_feature_from_reviewed_source	ordinary_tibetan_lexical_or_compound	secure_reviewed_alignment	medium
wts_1_34	649	68	3	ཀླང	klun	kluṅ	suffix_coda	ང	ṅ	token_final	reviewed_tibetan_exact_final_ng_consensus	target	reviewed	reviewed_explicit_feature_evidence	ordinary_tibetan_lexical_or_compound	secure_reviewed_alignment	high
wts_1_34	649	68	3	ཀླང	klun	kluṅ	pre_coda_structural_unit	ཀླ	klu	pre_coda_stem	reviewed_tibetan_exact_final_ng_consensus	source	historical_source	unaffected_feature_from_reviewed_source	ordinary_tibetan_lexical_or_compound	secure_reviewed_alignment	medium
wts_1_34	649	210	2	མང	man	maṅ	suffix_coda			token_final	reviewed_tibetan_exact_final_ng_consensus	target	reviewed	role_unresolved	ordinary_tibetan_lexical_or_compound	secure_reviewed_alignment	none
wts_1_34	650	48	3	རིང	rin	riṅ	suffix_coda	ང	ṅ	token_final	reviewed_tibetan_exact_final_ng_consensus	target	reviewed	reviewed_explicit_feature_evidence	tibetan_proper_name	secure_reviewed_alignment	high
wts_1_34	650	48	3	རིང	rin	riṅ	pre_coda_structural_unit	རི	ri	pre_coda_stem	reviewed_tibetan_exact_final_ng_consensus	source	historical_source	unaffected_feature_from_reviewed_source	tibetan_proper_name	secure_reviewed_alignment	medium
wts_1_34	651	211	3	ཁང	khan	khaṅ	suffix_coda	ང	ṅ	token_final	reviewed_tibetan_exact_final_ng_consensus	target	reviewed	reviewed_explicit_feature_evidence	ordinary_tibetan_lexical_or_compound	secure_reviewed_alignment	high
wts_1_34	651	211	3	ཁང	khan	khaṅ	pre_coda_structural_unit	ཁ	kha	pre_coda_stem	reviewed_tibetan_exact_final_ng_consensus	source	historical_source	unaffected_feature_from_reviewed_source	ordinary_tibetan_lexical_or_compound	secure_reviewed_alignment	medium
wts_1_34	652	113	3	ཕུང	phun	phuṅ	suffix_coda	ང	ṅ	token_final	reviewed_tibetan_exact_final_ng_consensus	target	reviewed	reviewed_explicit_feature_evidence	ordinary_tibetan_lexical_or_compound	secure_reviewed_alignment	high
wts_1_34	652	113	3	ཕུང	phun	phuṅ	pre_coda_structural_unit	ཕུ	phu	pre_coda_stem	reviewed_tibetan_exact_final_ng_consensus	source	historical_source	unaffected_feature_from_reviewed_source	ordinary_tibetan_lexical_or_compound	secure_reviewed_alignment	medium
wts_1_34	652	154	3	མིང	min	miṅ	suffix_coda			token_final	reviewed_tibetan_exact_final_ng_consensus	target	reviewed	role_unresolved	ordinary_tibetan_lexical_or_compound	secure_reviewed_alignment	none
wts_1_34	654	60	2	ཤིང	Sin	Siṅ	suffix_coda	ང	ṅ	token_final	reviewed_tibetan_exact_final_ng_source_compatible	target	reviewed	reviewed_explicit_feature_evidence	ordinary_tibetan_lexical_or_compound	secure_reviewed_alignment	high
wts_1_34	654	60	2	ཤིང	Sin	Siṅ	pre_coda_structural_unit	ཤི	Si	pre_coda_stem	reviewed_tibetan_exact_final_ng_source_compatible	source	historical_source	unaffected_feature_from_reviewed_source	ordinary_tibetan_lexical_or_compound	secure_reviewed_alignment	medium
wts_1_34	654	110	2	ཤིང	sin	siṅ	suffix_coda	ང	ṅ	token_final	reviewed_tibetan_exact_final_ng_source_compatible	target	reviewed	reviewed_explicit_feature_evidence	ordinary_tibetan_lexical_or_compound	secure_reviewed_alignment	high
wts_1_34	654	110	2	ཤིང	sin	siṅ	pre_coda_structural_unit	ཤི	si	pre_coda_stem	reviewed_tibetan_exact_final_ng_source_compatible	source	historical_source	unaffected_feature_from_reviewed_source	ordinary_tibetan_lexical_or_compound	secure_reviewed_alignment	medium
wts_1_34	654	195	3	དབང	dban	dbaṅ	suffix_coda	ང	ṅ	token_final	reviewed_tibetan_exact_final_ng_consensus	target	reviewed	reviewed_explicit_feature_evidence	ordinary_tibetan_lexical_or_compound	secure_reviewed_alignment	high
wts_1_34	654	195	3	དབང	dban	dbaṅ	pre_coda_structural_unit	དབ	dba	pre_coda_stem	reviewed_tibetan_exact_final_ng_consensus	source	historical_source	unaffected_feature_from_reviewed_source	ordinary_tibetan_lexical_or_compound	secure_reviewed_alignment	medium
wts_1_34	655	133	3	གྲོང	gron	groṅ	suffix_coda	ང	ṅ	token_final	reviewed_tibetan_exact_final_ng_consensus	target	reviewed	reviewed_explicit_feature_evidence	ordinary_tibetan_lexical_or_compound	secure_reviewed_alignment	high
wts_1_34	655	133	3	གྲོང	gron	groṅ	pre_coda_structural_unit	གྲོ	gro	pre_coda_stem	reviewed_tibetan_exact_final_ng_consensus	source	historical_source	unaffected_feature_from_reviewed_source	ordinary_tibetan_lexical_or_compound	secure_reviewed_alignment	medium
wts_1_34	657	1	1	ཆུང	chun	chuṅ	suffix_coda	ང	ṅ	token_final	reviewed_tibetan_exact_script_ng_witness	target	reviewed	reviewed_explicit_feature_evidence	ordinary_tibetan_lexical_or_compound	secure_reviewed_alignment	high
wts_1_34	657	1	1	ཆུང	chun	chuṅ	pre_coda_structural_unit	ཆུ	chu	pre_coda_stem	reviewed_tibetan_exact_script_ng_witness	source	historical_source	unaffected_feature_from_reviewed_source	ordinary_tibetan_lexical_or_compound	secure_reviewed_alignment	medium
wts_1_34	657	33	1	ཆུང	chun	chuṅ	suffix_coda	ང	ṅ	token_final	reviewed_tibetan_exact_script_ng_witness	target	reviewed	reviewed_explicit_feature_evidence	ordinary_tibetan_lexical_or_compound	secure_reviewed_alignment	high
wts_1_34	657	33	1	ཆུང	chun	chuṅ	pre_coda_structural_unit	ཆུ	chu	pre_coda_stem	reviewed_tibetan_exact_script_ng_witness	source	historical_source	unaffected_feature_from_reviewed_source	ordinary_tibetan_lexical_or_compound	secure_reviewed_alignment	medium
wts_1_34	657	36	1	ཆུང	chun	chuṅ	suffix_coda	ང	ṅ	token_final	reviewed_tibetan_exact_script_ng_witness	target	reviewed	reviewed_explicit_feature_evidence	ordinary_tibetan_lexical_or_compound	secure_reviewed_alignment	high
wts_1_34	657	36	1	ཆུང	chun	chuṅ	pre_coda_structural_unit	ཆུ	chu	pre_coda_stem	reviewed_tibetan_exact_script_ng_witness	source	historical_source	unaffected_feature_from_reviewed_source	ordinary_tibetan_lexical_or_compound	secure_reviewed_alignment	medium
wts_1_34	657	46	1	ཆུང	chun	chuṅ	suffix_coda	ང	ṅ	token_final	reviewed_tibetan_exact_script_ng_witness	target	reviewed	reviewed_explicit_feature_evidence	ordinary_tibetan_lexical_or_compound	secure_reviewed_alignment	high
wts_1_34	657	46	1	ཆུང	chun	chuṅ	pre_coda_structural_unit	ཆུ	chu	pre_coda_stem	reviewed_tibetan_exact_script_ng_witness	source	historical_source	unaffected_feature_from_reviewed_source	ordinary_tibetan_lexical_or_compound	secure_reviewed_alignment	medium
wts_1_34	657	54	1	ཆུང	chun	chuṅ	suffix_coda	ང	ṅ	token_final	reviewed_tibetan_exact_script_ng_witness	target	reviewed	reviewed_explicit_feature_evidence	ordinary_tibetan_lexical_or_compound	secure_reviewed_alignment	high
wts_1_34	657	54	1	ཆུང	chun	chuṅ	pre_coda_structural_unit	ཆུ	chu	pre_coda_stem	reviewed_tibetan_exact_script_ng_witness	source	historical_source	unaffected_feature_from_reviewed_source	ordinary_tibetan_lexical_or_compound	secure_reviewed_alignment	medium
wts_1_34	657	58	1	ཆུང	chun	chuṅ	suffix_coda	ང	ṅ	token_final	reviewed_tibetan_exact_script_ng_witness	target	reviewed	reviewed_explicit_feature_evidence	ordinary_tibetan_lexical_or_compound	secure_reviewed_alignment	high
wts_1_34	657	58	1	ཆུང	chun	chuṅ	pre_coda_structural_unit	ཆུ	chu	pre_coda_stem	reviewed_tibetan_exact_script_ng_witness	source	historical_source	unaffected_feature_from_reviewed_source	ordinary_tibetan_lexical_or_compound	secure_reviewed_alignment	medium
wts_1_34	659	3	1	ཆུང	chun	chuṅ	suffix_coda	ང	ṅ	token_final	reviewed_tibetan_exact_script_ng_witness	target	reviewed	reviewed_explicit_feature_evidence	ordinary_tibetan_lexical_or_compound	secure_reviewed_alignment	high
wts_1_34	659	3	1	ཆུང	chun	chuṅ	pre_coda_structural_unit	ཆུ	chu	pre_coda_stem	reviewed_tibetan_exact_script_ng_witness	source	historical_source	unaffected_feature_from_reviewed_source	ordinary_tibetan_lexical_or_compound	secure_reviewed_alignment	medium
wts_1_34	659	3	2	ཆུང	chun	chuṅ	suffix_coda	ང	ṅ	token_final	reviewed_tibetan_exact_script_ng_witness	target	reviewed	reviewed_explicit_feature_evidence	ordinary_tibetan_lexical_or_compound	secure_reviewed_alignment	high
wts_1_34	659	3	2	ཆུང	chun	chuṅ	pre_coda_structural_unit	ཆུ	chu	pre_coda_stem	reviewed_tibetan_exact_script_ng_witness	source	historical_source	unaffected_feature_from_reviewed_source	ordinary_tibetan_lexical_or_compound	secure_reviewed_alignment	medium
wts_1_34	659	10	1	ཆུང	chun	chuṅ	suffix_coda	ང	ṅ	token_final	reviewed_tibetan_exact_script_ng_witness	target	reviewed	reviewed_explicit_feature_evidence	ordinary_tibetan_lexical_or_compound	secure_reviewed_alignment	high
wts_1_34	659	10	1	ཆུང	chun	chuṅ	pre_coda_structural_unit	ཆུ	chu	pre_coda_stem	reviewed_tibetan_exact_script_ng_witness	source	historical_source	unaffected_feature_from_reviewed_source	ordinary_tibetan_lexical_or_compound	secure_reviewed_alignment	medium
wts_1_34	659	22	1	ཆུང	chun	chuṅ	suffix_coda	ང	ṅ	token_final	reviewed_tibetan_exact_script_ng_witness	target	reviewed	reviewed_explicit_feature_evidence	ordinary_tibetan_lexical_or_compound	marker_or_damage	high
wts_1_34	659	22	1	ཆུང	chun	chuṅ	pre_coda_structural_unit	ཆུ	chu	pre_coda_stem	reviewed_tibetan_exact_script_ng_witness	source	historical_source	unaffected_feature_from_reviewed_source	ordinary_tibetan_lexical_or_compound	marker_or_damage	medium
wts_1_34	659	26	1	ཆུང	chun	chuṅ	suffix_coda	ང	ṅ	token_final	reviewed_tibetan_exact_script_ng_witness	target	reviewed	reviewed_explicit_feature_evidence	ordinary_tibetan_lexical_or_compound	secure_reviewed_alignment	high
wts_1_34	659	26	1	ཆུང	chun	chuṅ	pre_coda_structural_unit	ཆུ	chu	pre_coda_stem	reviewed_tibetan_exact_script_ng_witness	source	historical_source	unaffected_feature_from_reviewed_source	ordinary_tibetan_lexical_or_compound	secure_reviewed_alignment	medium
wts_1_34	659	29	1	ཆུང	chun	chuṅ	suffix_coda	ང	ṅ	token_final	reviewed_tibetan_exact_script_ng_witness	target	reviewed	reviewed_explicit_feature_evidence	ordinary_tibetan_lexical_or_compound	secure_reviewed_alignment	high
wts_1_34	659	29	1	ཆུང	chun	chuṅ	pre_coda_structural_unit	ཆུ	chu	pre_coda_stem	reviewed_tibetan_exact_script_ng_witness	source	historical_source	unaffected_feature_from_reviewed_source	ordinary_tibetan_lexical_or_compound	secure_reviewed_alignment	medium
wts_1_34	659	32	1	ཆུང	chun	chuṅ	suffix_coda	ང	ṅ	token_final	reviewed_tibetan_exact_script_ng_witness	target	reviewed	reviewed_explicit_feature_evidence	ordinary_tibetan_lexical_or_compound	secure_reviewed_alignment	high
wts_1_34	659	32	1	ཆུང	chun	chuṅ	pre_coda_structural_unit	ཆུ	chu	pre_coda_stem	reviewed_tibetan_exact_script_ng_witness	source	historical_source	unaffected_feature_from_reviewed_source	ordinary_tibetan_lexical_or_compound	secure_reviewed_alignment	medium
wts_1_34	659	38	1	ཆུང	chun	chuṅ	suffix_coda	ང	ṅ	token_final	reviewed_tibetan_exact_script_ng_witness	target	reviewed	reviewed_explicit_feature_evidence	ordinary_tibetan_lexical_or_compound	secure_reviewed_alignment	high
wts_1_34	659	38	1	ཆུང	chun	chuṅ	pre_coda_structural_unit	ཆུ	chu	pre_coda_stem	reviewed_tibetan_exact_script_ng_witness	source	historical_source	unaffected_feature_from_reviewed_source	ordinary_tibetan_lexical_or_compound	secure_reviewed_alignment	medium
wts_1_34	659	47	1	ཆུང	chun	chuṅ	suffix_coda	ང	ṅ	token_final	reviewed_tibetan_exact_script_ng_witness	target	reviewed	reviewed_explicit_feature_evidence	ordinary_tibetan_lexical_or_compound	secure_reviewed_alignment	high
wts_1_34	659	47	1	ཆུང	chun	chuṅ	pre_coda_structural_unit	ཆུ	chu	pre_coda_stem	reviewed_tibetan_exact_script_ng_witness	source	historical_source	unaffected_feature_from_reviewed_source	ordinary_tibetan_lexical_or_compound	secure_reviewed_alignment	medium
wts_1_34	659	49	1	ཆུང	chun	chuṅ	suffix_coda	ང	ṅ	token_final	reviewed_tibetan_exact_script_ng_witness	target	reviewed	reviewed_explicit_feature_evidence	ordinary_tibetan_lexical_or_compound	secure_reviewed_alignment	high
wts_1_34	659	49	1	ཆུང	chun	chuṅ	pre_coda_structural_unit	ཆུ	chu	pre_coda_stem	reviewed_tibetan_exact_script_ng_witness	source	historical_source	unaffected_feature_from_reviewed_source	ordinary_tibetan_lexical_or_compound	secure_reviewed_alignment	medium
wts_1_34	659	54	1	ཆུང	chun	chuṅ	suffix_coda	ང	ṅ	token_final	reviewed_tibetan_exact_script_ng_witness	target	reviewed	reviewed_explicit_feature_evidence	ordinary_tibetan_lexical_or_compound	secure_reviewed_alignment	high
wts_1_34	659	54	1	ཆུང	chun	chuṅ	pre_coda_structural_unit	ཆུ	chu	pre_coda_stem	reviewed_tibetan_exact_script_ng_witness	source	historical_source	unaffected_feature_from_reviewed_source	ordinary_tibetan_lexical_or_compound	secure_reviewed_alignment	medium
wts_1_34	660	10	1	ཆུང	chun	chuṅ	suffix_coda	ང	ṅ	token_final	reviewed_tibetan_exact_script_ng_witness	target	reviewed	reviewed_explicit_feature_evidence	ordinary_tibetan_lexical_or_compound	secure_reviewed_alignment	high
wts_1_34	660	10	1	ཆུང	chun	chuṅ	pre_coda_structural_unit	ཆུ	chu	pre_coda_stem	reviewed_tibetan_exact_script_ng_witness	source	historical_source	unaffected_feature_from_reviewed_source	ordinary_tibetan_lexical_or_compound	secure_reviewed_alignment	medium
wts_1_34	660	16	1	ཆུང	chun	chuṅ	suffix_coda	ང	ṅ	token_final	reviewed_tibetan_exact_script_ng_witness	target	reviewed	reviewed_explicit_feature_evidence	ordinary_tibetan_lexical_or_compound	secure_reviewed_alignment	high
wts_1_34	660	16	1	ཆུང	chun	chuṅ	pre_coda_structural_unit	ཆུ	chu	pre_coda_stem	reviewed_tibetan_exact_script_ng_witness	source	historical_source	unaffected_feature_from_reviewed_source	ordinary_tibetan_lexical_or_compound	secure_reviewed_alignment	medium
wts_1_34	660	19	1	ཆུང	chun	chuṅ	suffix_coda	ང	ṅ	token_final	reviewed_tibetan_exact_script_ng_witness	target	reviewed	reviewed_explicit_feature_evidence	ordinary_tibetan_lexical_or_compound	secure_reviewed_alignment	high
wts_1_34	660	19	1	ཆུང	chun	chuṅ	pre_coda_structural_unit	ཆུ	chu	pre_coda_stem	reviewed_tibetan_exact_script_ng_witness	source	historical_source	unaffected_feature_from_reviewed_source	ordinary_tibetan_lexical_or_compound	secure_reviewed_alignment	medium
wts_1_34	660	26	1	ཆུང	chun	chuṅ	suffix_coda	ང	ṅ	token_final	reviewed_tibetan_exact_script_ng_witness	target	reviewed	reviewed_explicit_feature_evidence	ordinary_tibetan_lexical_or_compound	secure_reviewed_alignment	high
wts_1_34	660	26	1	ཆུང	chun	chuṅ	pre_coda_structural_unit	ཆུ	chu	pre_coda_stem	reviewed_tibetan_exact_script_ng_witness	source	historical_source	unaffected_feature_from_reviewed_source	ordinary_tibetan_lexical_or_compound	secure_reviewed_alignment	medium
wts_1_34	660	31	1	ཆུང	chun	chuṅ	suffix_coda	ང	ṅ	token_final	reviewed_tibetan_exact_script_ng_witness	target	reviewed	reviewed_explicit_feature_evidence	ordinary_tibetan_lexical_or_compound	secure_reviewed_alignment	high
wts_1_34	660	31	1	ཆུང	chun	chuṅ	pre_coda_structural_unit	ཆུ	chu	pre_coda_stem	reviewed_tibetan_exact_script_ng_witness	source	historical_source	unaffected_feature_from_reviewed_source	ordinary_tibetan_lexical_or_compound	secure_reviewed_alignment	medium
wts_1_34	660	41	1	ཆུང	chun	chuṅ	suffix_coda	ང	ṅ	token_final	reviewed_tibetan_exact_script_ng_witness	target	reviewed	reviewed_explicit_feature_evidence	ordinary_tibetan_lexical_or_compound	secure_reviewed_alignment	high
wts_1_34	660	41	1	ཆུང	chun	chuṅ	pre_coda_structural_unit	ཆུ	chu	pre_coda_stem	reviewed_tibetan_exact_script_ng_witness	source	historical_source	unaffected_feature_from_reviewed_source	ordinary_tibetan_lexical_or_compound	secure_reviewed_alignment	medium
wts_1_34	660	54	1	ཆུང	chun	chuṅ	suffix_coda	ང	ṅ	token_final	reviewed_tibetan_exact_script_ng_witness	target	reviewed	reviewed_explicit_feature_evidence	ordinary_tibetan_lexical_or_compound	secure_reviewed_alignment	high
wts_1_34	660	54	1	ཆུང	chun	chuṅ	pre_coda_structural_unit	ཆུ	chu	pre_coda_stem	reviewed_tibetan_exact_script_ng_witness	source	historical_source	unaffected_feature_from_reviewed_source	ordinary_tibetan_lexical_or_compound	secure_reviewed_alignment	medium
wts_1_34	661	47	2	འཕྱང	phyan	phyaṅ	suffix_coda	ང	ṅ	token_final	reviewed_tibetan_exact_final_ng_consensus	target	reviewed	reviewed_explicit_feature_evidence	ordinary_tibetan_lexical_or_compound	secure_reviewed_alignment	high
wts_1_34	661	47	2	འཕྱང	phyan	phyaṅ	pre_coda_structural_unit	འཕྱ	phya	pre_coda_stem	reviewed_tibetan_exact_final_ng_consensus	source	historical_source	unaffected_feature_from_reviewed_source	ordinary_tibetan_lexical_or_compound	secure_reviewed_alignment	medium
wts_1_34	663	160	2	ཐང	than	thaṅ	suffix_coda	ང	ṅ	token_final	reviewed_tibetan_exact_final_ng_consensus	target	reviewed	reviewed_explicit_feature_evidence	ordinary_tibetan_lexical_or_compound	secure_reviewed_alignment	high
wts_1_34	663	160	2	ཐང	than	thaṅ	pre_coda_structural_unit	ཐ	tha	pre_coda_stem	reviewed_tibetan_exact_final_ng_consensus	source	historical_source	unaffected_feature_from_reviewed_source	ordinary_tibetan_lexical_or_compound	secure_reviewed_alignment	medium
wts_1_34	664	42	2	དཔང	dpan	dpaṅ	suffix_coda	ང	ṅ	token_final	reviewed_tibetan_exact_final_ng_consensus	target	reviewed	reviewed_explicit_feature_evidence	ordinary_tibetan_lexical_or_compound	secure_reviewed_alignment	high
wts_1_34	664	42	2	དཔང	dpan	dpaṅ	pre_coda_structural_unit	དཔ	dpa	pre_coda_stem	reviewed_tibetan_exact_final_ng_consensus	source	historical_source	unaffected_feature_from_reviewed_source	ordinary_tibetan_lexical_or_compound	secure_reviewed_alignment	medium
wts_1_34	664	109	2	བཞི	bzi	bźi	root_consonant	ཞ	ź	root	reviewed_tibetan_exact_transcription_integrity	target	reviewed	reviewed_explicit_feature_evidence	ordinary_tibetan_lexical_or_compound	secure_reviewed_alignment	high
wts_1_34	664	109	2	བཞི	bzi	bźi	unsegmented_structural_unit	བཞི	b□i	unaffected_span_support	reviewed_tibetan_exact_transcription_integrity	source	historical_source	unaffected_feature_from_reviewed_source	ordinary_tibetan_lexical_or_compound	secure_reviewed_alignment	medium
wts_1_34	664	114	2	བཞི	bZi	bźi	root_consonant	ཞ	ź	root	reviewed_tibetan_exact_transcription_integrity	target	reviewed	reviewed_explicit_feature_evidence	ordinary_tibetan_lexical_or_compound	secure_reviewed_alignment	high
wts_1_34	664	114	2	བཞི	bZi	bźi	unsegmented_structural_unit	བཞི	b□i	unaffected_span_support	reviewed_tibetan_exact_transcription_integrity	source	historical_source	unaffected_feature_from_reviewed_source	ordinary_tibetan_lexical_or_compound	secure_reviewed_alignment	medium
wts_1_34	666	139	3	སྟོང	ston	stoṅ	suffix_coda	ང	ṅ	token_final	reviewed_tibetan_exact_final_ng_consensus	target	reviewed	reviewed_explicit_feature_evidence	ordinary_tibetan_lexical_or_compound	secure_reviewed_alignment	high
wts_1_34	666	139	3	སྟོང	ston	stoṅ	pre_coda_structural_unit	སྟོ	sto	pre_coda_stem	reviewed_tibetan_exact_final_ng_consensus	source	historical_source	unaffected_feature_from_reviewed_source	ordinary_tibetan_lexical_or_compound	secure_reviewed_alignment	medium
wts_1_34	666	193	2	ལུང	lun	luṅ	suffix_coda	ང	ṅ	token_final	reviewed_tibetan_exact_final_ng_source_compatible	target	reviewed	reviewed_explicit_feature_evidence	ordinary_tibetan_lexical_or_compound	secure_reviewed_alignment	high
wts_1_34	666	193	2	ལུང	lun	luṅ	pre_coda_structural_unit	ལུ	lu	pre_coda_stem	reviewed_tibetan_exact_final_ng_source_compatible	source	historical_source	unaffected_feature_from_reviewed_source	ordinary_tibetan_lexical_or_compound	secure_reviewed_alignment	medium
wts_1_34	669	8	2	འབྲང	brah	braṅ	suffix_coda	ང	ṅ	token_final	reviewed_tibetan_exact_final_ng_consensus	target	reviewed	reviewed_explicit_feature_evidence	ordinary_tibetan_lexical_or_compound	secure_reviewed_alignment	high
wts_1_34	669	8	2	འབྲང	brah	braṅ	pre_coda_structural_unit	འབྲ	bra	pre_coda_stem	reviewed_tibetan_exact_final_ng_consensus	source	historical_source	unaffected_feature_from_reviewed_source	ordinary_tibetan_lexical_or_compound	secure_reviewed_alignment	medium
wts_1_34	674	21	5	ལོ	\chos	↓ chos	unsegmented_structural_unit	ལོ	□chos	unaffected_span_support	reviewed_tibetan_exact_reference_marker	source	historical_source	unaffected_feature_from_reviewed_source	ordinary_tibetan_lexical_or_compound	marker_or_damage	medium
wts_1_34	674	128	3	ཕུང	phun	phuṅ	suffix_coda	ང	ṅ	token_final	reviewed_tibetan_exact_final_ng_consensus	target	reviewed	reviewed_explicit_feature_evidence	ordinary_tibetan_lexical_or_compound	secure_reviewed_alignment	high
wts_1_34	674	128	3	ཕུང	phun	phuṅ	pre_coda_structural_unit	ཕུ	phu	pre_coda_stem	reviewed_tibetan_exact_final_ng_consensus	source	historical_source	unaffected_feature_from_reviewed_source	ordinary_tibetan_lexical_or_compound	secure_reviewed_alignment	medium
wts_1_34	674	160	3	དབང	dban	dbaṅ	suffix_coda	ང	ṅ	token_final	reviewed_tibetan_exact_final_ng_consensus	target	reviewed	reviewed_explicit_feature_evidence	ordinary_tibetan_lexical_or_compound	secure_reviewed_alignment	high
wts_1_34	674	160	3	དབང	dban	dbaṅ	pre_coda_structural_unit	དབ	dba	pre_coda_stem	reviewed_tibetan_exact_final_ng_consensus	source	historical_source	unaffected_feature_from_reviewed_source	ordinary_tibetan_lexical_or_compound	secure_reviewed_alignment	medium
wts_1_34	675	26	2	ཀློང	klon	kloṅ	suffix_coda	ང	ṅ	token_final	reviewed_tibetan_exact_final_ng_source_compatible	target	reviewed	reviewed_explicit_feature_evidence	ordinary_tibetan_lexical_or_compound	secure_reviewed_alignment	high
wts_1_34	675	26	2	ཀློང	klon	kloṅ	pre_coda_structural_unit	ཀློ	klo	pre_coda_stem	reviewed_tibetan_exact_final_ng_source_compatible	source	historical_source	unaffected_feature_from_reviewed_source	ordinary_tibetan_lexical_or_compound	secure_reviewed_alignment	medium
wts_1_34	675	51	2	སྐྱོང	skyon	skyoṅ	suffix_coda	ང	ṅ	token_final	reviewed_tibetan_exact_final_ng_consensus	target	reviewed	reviewed_explicit_feature_evidence	ordinary_tibetan_lexical_or_compound	secure_reviewed_alignment	high
wts_1_34	675	51	2	སྐྱོང	skyon	skyoṅ	pre_coda_structural_unit	སྐྱོ	skyo	pre_coda_stem	reviewed_tibetan_exact_final_ng_consensus	source	historical_source	unaffected_feature_from_reviewed_source	ordinary_tibetan_lexical_or_compound	secure_reviewed_alignment	medium
wts_1_34	675	58	2	སྐྱོང	skyon	skyoṅ	suffix_coda	ང	ṅ	token_final	reviewed_tibetan_exact_final_ng_consensus	target	reviewed	reviewed_explicit_feature_evidence	ordinary_tibetan_lexical_or_compound	secure_reviewed_alignment	high
wts_1_34	675	58	2	སྐྱོང	skyon	skyoṅ	pre_coda_structural_unit	སྐྱོ	skyo	pre_coda_stem	reviewed_tibetan_exact_final_ng_consensus	source	historical_source	unaffected_feature_from_reviewed_source	ordinary_tibetan_lexical_or_compound	secure_reviewed_alignment	medium
wts_1_34	675	102	2	སྐྱོང	skyon	skyoṅ	suffix_coda	ང	ṅ	token_final	reviewed_tibetan_exact_final_ng_consensus	target	reviewed	reviewed_explicit_feature_evidence	ordinary_tibetan_lexical_or_compound	secure_reviewed_alignment	high
wts_1_34	675	102	2	སྐྱོང	skyon	skyoṅ	pre_coda_structural_unit	སྐྱོ	skyo	pre_coda_stem	reviewed_tibetan_exact_final_ng_consensus	source	historical_source	unaffected_feature_from_reviewed_source	ordinary_tibetan_lexical_or_compound	secure_reviewed_alignment	medium
wts_1_34	675	108	2	སྐྱོང	skyon	skyoṅ	suffix_coda	ང	ṅ	token_final	reviewed_tibetan_exact_final_ng_consensus	target	reviewed	reviewed_explicit_feature_evidence	ordinary_tibetan_lexical_or_compound	secure_reviewed_alignment	high
wts_1_34	675	108	2	སྐྱོང	skyon	skyoṅ	pre_coda_structural_unit	སྐྱོ	skyo	pre_coda_stem	reviewed_tibetan_exact_final_ng_consensus	source	historical_source	unaffected_feature_from_reviewed_source	ordinary_tibetan_lexical_or_compound	secure_reviewed_alignment	medium
wts_1_34	675	121	2	སྐྱོང	skyon	skyoṅ	suffix_coda	ང	ṅ	token_final	reviewed_tibetan_exact_final_ng_consensus	target	reviewed	reviewed_explicit_feature_evidence	ordinary_tibetan_lexical_or_compound	secure_reviewed_alignment	high
wts_1_34	675	121	2	སྐྱོང	skyon	skyoṅ	pre_coda_structural_unit	སྐྱོ	skyo	pre_coda_stem	reviewed_tibetan_exact_final_ng_consensus	source	historical_source	unaffected_feature_from_reviewed_source	ordinary_tibetan_lexical_or_compound	secure_reviewed_alignment	medium
wts_1_34	677	95	3	རིང	rin	riṅ	suffix_coda	ང	ṅ	token_final	reviewed_tibetan_exact_final_ng_consensus	target	reviewed	reviewed_explicit_feature_evidence	ordinary_tibetan_lexical_or_compound	secure_reviewed_alignment	high
wts_1_34	677	95	3	རིང	rin	riṅ	pre_coda_structural_unit	རི	ri	pre_coda_stem	reviewed_tibetan_exact_final_ng_consensus	source	historical_source	unaffected_feature_from_reviewed_source	ordinary_tibetan_lexical_or_compound	secure_reviewed_alignment	medium
wts_1_34	679	166	2	ཕུང	phun	phuṅ	suffix_coda	ང	ṅ	token_final	reviewed_tibetan_exact_final_ng_consensus	target	reviewed	reviewed_explicit_feature_evidence	ordinary_tibetan_lexical_or_compound	secure_reviewed_alignment	high
wts_1_34	679	166	2	ཕུང	phun	phuṅ	pre_coda_structural_unit	ཕུ	phu	pre_coda_stem	reviewed_tibetan_exact_final_ng_consensus	source	historical_source	unaffected_feature_from_reviewed_source	ordinary_tibetan_lexical_or_compound	secure_reviewed_alignment	medium
wts_1_34	680	1	3	ཀློང	klon	kloṅ	suffix_coda	ང	ṅ	token_final	reviewed_tibetan_exact_final_ng_source_compatible	target	reviewed	reviewed_explicit_feature_evidence	ordinary_tibetan_lexical_or_compound	secure_reviewed_alignment	high
wts_1_34	680	1	3	ཀློང	klon	kloṅ	pre_coda_structural_unit	ཀློ	klo	pre_coda_stem	reviewed_tibetan_exact_final_ng_source_compatible	source	historical_source	unaffected_feature_from_reviewed_source	ordinary_tibetan_lexical_or_compound	secure_reviewed_alignment	medium
wts_1_34	680	127	2	འཚོང	tshon	tshoṅ	suffix_coda	ང	ṅ	token_final	reviewed_tibetan_exact_final_ng_source_compatible	target	reviewed	reviewed_explicit_feature_evidence	ordinary_tibetan_lexical_or_compound	secure_reviewed_alignment	high
wts_1_34	680	127	2	འཚོང	tshon	tshoṅ	pre_coda_structural_unit	འཚོ	tsho	pre_coda_stem	reviewed_tibetan_exact_final_ng_source_compatible	source	historical_source	unaffected_feature_from_reviewed_source	ordinary_tibetan_lexical_or_compound	secure_reviewed_alignment	medium
wts_1_34	680	160	2	བཞི	bzi	bźi	root_consonant	ཞ	ź	root	reviewed_tibetan_exact_transcription_integrity	target	reviewed	reviewed_explicit_feature_evidence	ordinary_tibetan_lexical_or_compound	secure_reviewed_alignment	high
wts_1_34	680	160	2	བཞི	bzi	bźi	unsegmented_structural_unit	བཞི	b□i	unaffected_span_support	reviewed_tibetan_exact_transcription_integrity	source	historical_source	unaffected_feature_from_reviewed_source	ordinary_tibetan_lexical_or_compound	secure_reviewed_alignment	medium
wts_1_34	681	89	3	དབང	dban	dbaṅ	suffix_coda	ང	ṅ	token_final	reviewed_tibetan_exact_final_ng_consensus	target	reviewed	reviewed_explicit_feature_evidence	ordinary_tibetan_lexical_or_compound	secure_reviewed_alignment	high
wts_1_34	681	89	3	དབང	dban	dbaṅ	pre_coda_structural_unit	དབ	dba	pre_coda_stem	reviewed_tibetan_exact_final_ng_consensus	source	historical_source	unaffected_feature_from_reviewed_source	ordinary_tibetan_lexical_or_compound	secure_reviewed_alignment	medium
wts_1_34	681	143	2	ལུང	lun	luṅ	suffix_coda	ང	ṅ	token_final	reviewed_tibetan_exact_final_ng_source_compatible	target	reviewed	reviewed_explicit_feature_evidence	tibetan_proper_name	secure_reviewed_alignment	high
wts_1_34	681	143	2	ལུང	lun	luṅ	pre_coda_structural_unit	ལུ	lu	pre_coda_stem	reviewed_tibetan_exact_final_ng_source_compatible	source	historical_source	unaffected_feature_from_reviewed_source	tibetan_proper_name	secure_reviewed_alignment	medium
wts_1_34	681	149	3	ཁང	khan	khaṅ	suffix_coda	ང	ṅ	token_final	reviewed_tibetan_exact_final_ng_consensus	target	reviewed	reviewed_explicit_feature_evidence	ordinary_tibetan_lexical_or_compound	secure_reviewed_alignment	high
wts_1_34	681	149	3	ཁང	khan	khaṅ	pre_coda_structural_unit	ཁ	kha	pre_coda_stem	reviewed_tibetan_exact_final_ng_consensus	source	historical_source	unaffected_feature_from_reviewed_source	ordinary_tibetan_lexical_or_compound	secure_reviewed_alignment	medium
wts_1_34	682	88	2	ཁུང	khun	khuṅ	suffix_coda	ང	ṅ	token_final	reviewed_tibetan_exact_final_ng_consensus	target	reviewed	reviewed_explicit_feature_evidence	ordinary_tibetan_lexical_or_compound	secure_reviewed_alignment	high
wts_1_34	682	88	2	ཁུང	khun	khuṅ	pre_coda_structural_unit	ཁུ	khu	pre_coda_stem	reviewed_tibetan_exact_final_ng_consensus	source	historical_source	unaffected_feature_from_reviewed_source	ordinary_tibetan_lexical_or_compound	secure_reviewed_alignment	medium
wts_1_34	685	187	2	རྐང	rkan	rkaṅ	suffix_coda	ང	ṅ	token_final	reviewed_tibetan_exact_final_ng_consensus	target	reviewed	reviewed_explicit_feature_evidence	ordinary_tibetan_lexical_or_compound	secure_reviewed_alignment	high
wts_1_34	685	187	2	རྐང	rkan	rkaṅ	pre_coda_structural_unit	རྐ	rka	pre_coda_stem	reviewed_tibetan_exact_final_ng_consensus	source	historical_source	unaffected_feature_from_reviewed_source	ordinary_tibetan_lexical_or_compound	secure_reviewed_alignment	medium
wts_1_34	686	6	3	ལྔ	Ina	lṅa	unsegmented_structural_unit	ལྔ	□□a	unaffected_span_support	reviewed_tibetan_exact_initial_i_l_family	source	historical_source	unaffected_feature_from_reviewed_source	ordinary_tibetan_lexical_or_compound	secure_reviewed_alignment	medium
wts_1_34	686	24	2	སྦྲང	sbran	sbraṅ	suffix_coda	ང	ṅ	token_final	reviewed_tibetan_exact_final_ng_consensus	target	reviewed	reviewed_explicit_feature_evidence	ordinary_tibetan_lexical_or_compound	secure_reviewed_alignment	high
wts_1_34	686	24	2	སྦྲང	sbran	sbraṅ	pre_coda_structural_unit	སྦྲ	sbra	pre_coda_stem	reviewed_tibetan_exact_final_ng_consensus	source	historical_source	unaffected_feature_from_reviewed_source	ordinary_tibetan_lexical_or_compound	secure_reviewed_alignment	medium
wts_1_34	686	46	2	རིང	rin	riṅ	suffix_coda	ང	ṅ	token_final	reviewed_tibetan_exact_final_ng_consensus	target	reviewed	reviewed_explicit_feature_evidence	ordinary_tibetan_lexical_or_compound	secure_reviewed_alignment	high
wts_1_34	686	46	2	རིང	rin	riṅ	pre_coda_structural_unit	རི	ri	pre_coda_stem	reviewed_tibetan_exact_final_ng_consensus	source	historical_source	unaffected_feature_from_reviewed_source	ordinary_tibetan_lexical_or_compound	secure_reviewed_alignment	medium
wts_1_34	686	151	3	སྟོང	ston	stoṅ	suffix_coda	ང	ṅ	token_final	reviewed_tibetan_exact_final_ng_consensus	target	reviewed	reviewed_explicit_feature_evidence	ordinary_tibetan_lexical_or_compound	secure_reviewed_alignment	high
wts_1_34	686	151	3	སྟོང	ston	stoṅ	pre_coda_structural_unit	སྟོ	sto	pre_coda_stem	reviewed_tibetan_exact_final_ng_consensus	source	historical_source	unaffected_feature_from_reviewed_source	ordinary_tibetan_lexical_or_compound	secure_reviewed_alignment	medium
wts_1_34	690	104	2	ཀོང	kon	koṅ	suffix_coda	ང	ṅ	token_final	reviewed_tibetan_exact_final_ng_consensus	target	reviewed	reviewed_explicit_feature_evidence	ordinary_tibetan_lexical_or_compound	secure_reviewed_alignment	high
wts_1_34	690	104	2	ཀོང	kon	koṅ	pre_coda_structural_unit	ཀོ	ko	pre_coda_stem	reviewed_tibetan_exact_final_ng_consensus	source	historical_source	unaffected_feature_from_reviewed_source	ordinary_tibetan_lexical_or_compound	secure_reviewed_alignment	medium
wts_1_34	690	143	2	ཀོང	kon	koṅ	suffix_coda	ང	ṅ	token_final	reviewed_tibetan_exact_final_ng_consensus	target	reviewed	reviewed_explicit_feature_evidence	ordinary_tibetan_lexical_or_compound	secure_reviewed_alignment	high
wts_1_34	690	143	2	ཀོང	kon	koṅ	pre_coda_structural_unit	ཀོ	ko	pre_coda_stem	reviewed_tibetan_exact_final_ng_consensus	source	historical_source	unaffected_feature_from_reviewed_source	ordinary_tibetan_lexical_or_compound	secure_reviewed_alignment	medium
wts_1_34	696	19	2	སྡོང	sdon	sdoṅ	suffix_coda	ང	ṅ	token_final	reviewed_tibetan_exact_final_ng_consensus	target	reviewed	reviewed_explicit_feature_evidence	ordinary_tibetan_lexical_or_compound	secure_reviewed_alignment	high
wts_1_34	696	19	2	སྡོང	sdon	sdoṅ	pre_coda_structural_unit	སྡོ	sdo	pre_coda_stem	reviewed_tibetan_exact_final_ng_consensus	source	historical_source	unaffected_feature_from_reviewed_source	ordinary_tibetan_lexical_or_compound	secure_reviewed_alignment	medium
wts_1_34	697	95	4	ཤིང	sin	siṅ	suffix_coda	ང	ṅ	token_final	reviewed_tibetan_exact_final_ng_source_compatible	target	reviewed	reviewed_explicit_feature_evidence	ordinary_tibetan_lexical_or_compound	secure_reviewed_alignment	high
wts_1_34	697	95	4	ཤིང	sin	siṅ	pre_coda_structural_unit	ཤི	si	pre_coda_stem	reviewed_tibetan_exact_final_ng_source_compatible	source	historical_source	unaffected_feature_from_reviewed_source	ordinary_tibetan_lexical_or_compound	secure_reviewed_alignment	medium
wts_1_34	698	204	1	འཆང	chan	chaṅ	suffix_coda	ང	ṅ	token_final	reviewed_tibetan_exact_final_ng_consensus	target	reviewed	reviewed_explicit_feature_evidence	ordinary_tibetan_lexical_or_compound	secure_reviewed_alignment	high
wts_1_34	698	204	1	འཆང	chan	chaṅ	pre_coda_structural_unit	འཆ	cha	pre_coda_stem	reviewed_tibetan_exact_final_ng_consensus	source	historical_source	unaffected_feature_from_reviewed_source	ordinary_tibetan_lexical_or_compound	secure_reviewed_alignment	medium
wts_1_34	698	204	2	སྤང	span	spaṅ	suffix_coda	ང	ṅ	token_final	reviewed_tibetan_exact_final_ng_consensus	target	reviewed	reviewed_explicit_feature_evidence	ordinary_tibetan_lexical_or_compound	secure_reviewed_alignment	high
wts_1_34	698	204	2	སྤང	span	spaṅ	pre_coda_structural_unit	སྤ	spa	pre_coda_stem	reviewed_tibetan_exact_final_ng_consensus	source	historical_source	unaffected_feature_from_reviewed_source	ordinary_tibetan_lexical_or_compound	secure_reviewed_alignment	medium
wts_1_34	699	1	1	འཆང	chan	chaṅ	suffix_coda	ང	ṅ	token_final	reviewed_tibetan_exact_final_ng_consensus	target	reviewed	reviewed_explicit_feature_evidence	ordinary_tibetan_lexical_or_compound	secure_reviewed_alignment	high
wts_1_34	699	1	1	འཆང	chan	chaṅ	pre_coda_structural_unit	འཆ	cha	pre_coda_stem	reviewed_tibetan_exact_final_ng_consensus	source	historical_source	unaffected_feature_from_reviewed_source	ordinary_tibetan_lexical_or_compound	secure_reviewed_alignment	medium
wts_1_34	699	3	1	འཆང	chan	chaṅ	suffix_coda	ང	ṅ	token_final	reviewed_tibetan_exact_final_ng_consensus	target	reviewed	reviewed_explicit_feature_evidence	unclear	secure_reviewed_alignment	high
wts_1_34	699	3	1	འཆང	chan	chaṅ	pre_coda_structural_unit	འཆ	cha	pre_coda_stem	reviewed_tibetan_exact_final_ng_consensus	source	historical_source	unaffected_feature_from_reviewed_source	unclear	secure_reviewed_alignment	medium
wts_1_34	699	13	1	འཆང	chan	chaṅ	suffix_coda	ང	ṅ	token_final	reviewed_tibetan_exact_final_ng_consensus	target	reviewed	reviewed_explicit_feature_evidence	ordinary_tibetan_lexical_or_compound	secure_reviewed_alignment	high
wts_1_34	699	13	1	འཆང	chan	chaṅ	pre_coda_structural_unit	འཆ	cha	pre_coda_stem	reviewed_tibetan_exact_final_ng_consensus	source	historical_source	unaffected_feature_from_reviewed_source	ordinary_tibetan_lexical_or_compound	secure_reviewed_alignment	medium
wts_1_34	701	28	2	གཞི	gZi	gźi	root_consonant	ཞ	ź	root	reviewed_tibetan_exact_transcription_integrity	target	reviewed	reviewed_explicit_feature_evidence	ordinary_tibetan_lexical_or_compound	secure_reviewed_alignment	high
wts_1_34	701	28	2	གཞི	gZi	gźi	unsegmented_structural_unit	གཞི	g□i	unaffected_span_support	reviewed_tibetan_exact_transcription_integrity	source	historical_source	unaffected_feature_from_reviewed_source	ordinary_tibetan_lexical_or_compound	secure_reviewed_alignment	medium
wts_1_34	702	28	2	ལས	Itas	ltas	unsegmented_structural_unit	ལས	□tas	unaffected_span_support	reviewed_tibetan_exact_initial_i_l_family	source	historical_source	unaffected_feature_from_reviewed_source	ordinary_tibetan_lexical_or_compound	secure_reviewed_alignment	medium
wts_1_34	703	39	3	གྲོང	gron	groṅ	suffix_coda	ང	ṅ	token_final	reviewed_tibetan_exact_final_ng_consensus	target	reviewed	reviewed_explicit_feature_evidence	ordinary_tibetan_lexical_or_compound	marker_or_damage	high
wts_1_34	703	39	3	གྲོང	gron	groṅ	pre_coda_structural_unit	གྲོ	gro	pre_coda_stem	reviewed_tibetan_exact_final_ng_consensus	source	historical_source	unaffected_feature_from_reviewed_source	ordinary_tibetan_lexical_or_compound	marker_or_damage	medium
wts_1_34	703	94	3	དབང	dban	dbaṅ	suffix_coda	ང	ṅ	token_final	reviewed_tibetan_exact_final_ng_consensus	target	reviewed	reviewed_explicit_feature_evidence	ordinary_tibetan_lexical_or_compound	secure_reviewed_alignment	high
wts_1_34	703	94	3	དབང	dban	dbaṅ	pre_coda_structural_unit	དབ	dba	pre_coda_stem	reviewed_tibetan_exact_final_ng_consensus	source	historical_source	unaffected_feature_from_reviewed_source	ordinary_tibetan_lexical_or_compound	secure_reviewed_alignment	medium
wts_1_34	703	150	1	འཆིང	chin	chiṅ	suffix_coda	ང	ṅ	token_final	reviewed_tibetan_exact_final_ng_consensus	target	reviewed	reviewed_explicit_feature_evidence	ordinary_tibetan_lexical_or_compound	secure_reviewed_alignment	high
wts_1_34	703	150	1	འཆིང	chin	chiṅ	pre_coda_structural_unit	འཆི	chi	pre_coda_stem	reviewed_tibetan_exact_final_ng_consensus	source	historical_source	unaffected_feature_from_reviewed_source	ordinary_tibetan_lexical_or_compound	secure_reviewed_alignment	medium
wts_1_34	703	205	1	འཆིང	chin	chiṅ	suffix_coda	ང	ṅ	token_final	reviewed_tibetan_exact_final_ng_consensus	target	reviewed	reviewed_explicit_feature_evidence	ordinary_tibetan_lexical_or_compound	secure_reviewed_alignment	high
wts_1_34	703	205	1	འཆིང	chin	chiṅ	pre_coda_structural_unit	འཆི	chi	pre_coda_stem	reviewed_tibetan_exact_final_ng_consensus	source	historical_source	unaffected_feature_from_reviewed_source	ordinary_tibetan_lexical_or_compound	secure_reviewed_alignment	medium
wts_1_34	704	1	1	འཆིང	chin	chiṅ	suffix_coda	ང	ṅ	token_final	reviewed_tibetan_exact_final_ng_consensus	target	reviewed	reviewed_explicit_feature_evidence	ordinary_tibetan_lexical_or_compound	secure_reviewed_alignment	high
wts_1_34	704	1	1	འཆིང	chin	chiṅ	pre_coda_structural_unit	འཆི	chi	pre_coda_stem	reviewed_tibetan_exact_final_ng_consensus	source	historical_source	unaffected_feature_from_reviewed_source	ordinary_tibetan_lexical_or_compound	secure_reviewed_alignment	medium
wts_1_34	704	27	1	འཆིང	chin	chiṅ	suffix_coda	ང	ṅ	token_final	reviewed_tibetan_exact_final_ng_consensus	target	reviewed	reviewed_explicit_feature_evidence	ordinary_tibetan_lexical_or_compound	secure_reviewed_alignment	high
wts_1_34	704	27	1	འཆིང	chin	chiṅ	pre_coda_structural_unit	འཆི	chi	pre_coda_stem	reviewed_tibetan_exact_final_ng_consensus	source	historical_source	unaffected_feature_from_reviewed_source	ordinary_tibetan_lexical_or_compound	secure_reviewed_alignment	medium
wts_1_34	704	41	1	འཆིང	chin	chiṅ	suffix_coda	ང	ṅ	token_final	reviewed_tibetan_exact_final_ng_consensus	target	reviewed	reviewed_explicit_feature_evidence	ordinary_tibetan_lexical_or_compound	secure_reviewed_alignment	high
wts_1_34	704	41	1	འཆིང	chin	chiṅ	pre_coda_structural_unit	འཆི	chi	pre_coda_stem	reviewed_tibetan_exact_final_ng_consensus	source	historical_source	unaffected_feature_from_reviewed_source	ordinary_tibetan_lexical_or_compound	secure_reviewed_alignment	medium
wts_1_34	704	43	1	འཆིང	chin	chiṅ	suffix_coda	ང	ṅ	token_final	reviewed_tibetan_exact_final_ng_consensus	target	reviewed	reviewed_explicit_feature_evidence	ordinary_tibetan_lexical_or_compound	secure_reviewed_alignment	high
wts_1_34	704	43	1	འཆིང	chin	chiṅ	pre_coda_structural_unit	འཆི	chi	pre_coda_stem	reviewed_tibetan_exact_final_ng_consensus	source	historical_source	unaffected_feature_from_reviewed_source	ordinary_tibetan_lexical_or_compound	secure_reviewed_alignment	medium
wts_1_34	704	60	1	འཆིང	chin	chiṅ	suffix_coda	ང	ṅ	token_final	reviewed_tibetan_exact_final_ng_consensus	target	reviewed	reviewed_explicit_feature_evidence	ordinary_tibetan_lexical_or_compound	secure_reviewed_alignment	high
wts_1_34	704	60	1	འཆིང	chin	chiṅ	pre_coda_structural_unit	འཆི	chi	pre_coda_stem	reviewed_tibetan_exact_final_ng_consensus	source	historical_source	unaffected_feature_from_reviewed_source	ordinary_tibetan_lexical_or_compound	secure_reviewed_alignment	medium
wts_1_34	704	75	1	འཆིང	chin	chiṅ	suffix_coda	ང	ṅ	token_final	reviewed_tibetan_exact_final_ng_consensus	target	reviewed	reviewed_explicit_feature_evidence	ordinary_tibetan_lexical_or_compound	secure_reviewed_alignment	high
wts_1_34	704	75	1	འཆིང	chin	chiṅ	pre_coda_structural_unit	འཆི	chi	pre_coda_stem	reviewed_tibetan_exact_final_ng_consensus	source	historical_source	unaffected_feature_from_reviewed_source	ordinary_tibetan_lexical_or_compound	secure_reviewed_alignment	medium
wts_1_34	704	78	3	གནང	gnan	gnaṅ	suffix_coda	ང	ṅ	token_final	reviewed_tibetan_exact_final_ng_consensus	target	reviewed	reviewed_explicit_feature_evidence	ordinary_tibetan_lexical_or_compound	secure_reviewed_alignment	high
wts_1_34	704	78	3	གནང	gnan	gnaṅ	pre_coda_structural_unit	གན	gna	pre_coda_stem	reviewed_tibetan_exact_final_ng_consensus	source	historical_source	unaffected_feature_from_reviewed_source	ordinary_tibetan_lexical_or_compound	secure_reviewed_alignment	medium
wts_1_34	704	84	1	འཆིང	chin	chiṅ	suffix_coda	ང	ṅ	token_final	reviewed_tibetan_exact_final_ng_consensus	target	reviewed	reviewed_explicit_feature_evidence	ordinary_tibetan_lexical_or_compound	marker_or_damage	high
wts_1_34	704	84	1	འཆིང	chin	chiṅ	pre_coda_structural_unit	འཆི	chi	pre_coda_stem	reviewed_tibetan_exact_final_ng_consensus	source	historical_source	unaffected_feature_from_reviewed_source	ordinary_tibetan_lexical_or_compound	marker_or_damage	medium
wts_1_34	704	85	1	འཆིང	chin	chiṅ	suffix_coda	ང	ṅ	token_final	reviewed_tibetan_exact_final_ng_consensus	target	reviewed	reviewed_explicit_feature_evidence	ordinary_tibetan_lexical_or_compound	secure_reviewed_alignment	high
wts_1_34	704	85	1	འཆིང	chin	chiṅ	pre_coda_structural_unit	འཆི	chi	pre_coda_stem	reviewed_tibetan_exact_final_ng_consensus	source	historical_source	unaffected_feature_from_reviewed_source	ordinary_tibetan_lexical_or_compound	secure_reviewed_alignment	medium
wts_1_34	707	130	2	སྡོང	sdon	sdoṅ	suffix_coda	ང	ṅ	token_final	reviewed_tibetan_exact_final_ng_consensus	target	reviewed	reviewed_explicit_feature_evidence	ordinary_tibetan_lexical_or_compound	secure_reviewed_alignment	high
wts_1_34	707	130	2	སྡོང	sdon	sdoṅ	pre_coda_structural_unit	སྡོ	sdo	pre_coda_stem	reviewed_tibetan_exact_final_ng_consensus	source	historical_source	unaffected_feature_from_reviewed_source	ordinary_tibetan_lexical_or_compound	secure_reviewed_alignment	medium
wts_1_34	708	24	2	ཤིང	Sin	Siṅ	suffix_coda	ང	ṅ	token_final	reviewed_tibetan_exact_final_ng_source_compatible	target	reviewed	reviewed_explicit_feature_evidence	ordinary_tibetan_lexical_or_compound	secure_reviewed_alignment	high
wts_1_34	708	24	2	ཤིང	Sin	Siṅ	pre_coda_structural_unit	ཤི	Si	pre_coda_stem	reviewed_tibetan_exact_final_ng_source_compatible	source	historical_source	unaffected_feature_from_reviewed_source	ordinary_tibetan_lexical_or_compound	secure_reviewed_alignment	medium
wts_1_34	709	82	4	ལྟར	Itar	ltar	unsegmented_structural_unit	ལྟར	□tar	unaffected_span_support	reviewed_tibetan_exact_initial_i_l_family	source	historical_source	unaffected_feature_from_reviewed_source	ordinary_tibetan_lexical_or_compound	secure_reviewed_alignment	medium
wts_1_34	710	175	3	ཀྱང	kyan	kyaṅ	suffix_coda	ང	ṅ	token_final	reviewed_tibetan_exact_final_ng_source_compatible	target	reviewed	reviewed_explicit_feature_evidence	ordinary_tibetan_lexical_or_compound	secure_reviewed_alignment	high
wts_1_34	710	175	3	ཀྱང	kyan	kyaṅ	pre_coda_structural_unit	ཀྱ	kya	pre_coda_stem	reviewed_tibetan_exact_final_ng_source_compatible	source	historical_source	unaffected_feature_from_reviewed_source	ordinary_tibetan_lexical_or_compound	secure_reviewed_alignment	medium
wts_1_34	713	153	2	ནང	nan	naṅ	suffix_coda	ང	ṅ	token_final	reviewed_tibetan_exact_script_ng_witness	target	reviewed	reviewed_explicit_feature_evidence	ordinary_tibetan_lexical_or_compound	secure_reviewed_alignment	high
wts_1_34	713	153	2	ནང	nan	naṅ	pre_coda_structural_unit	ན	na	pre_coda_stem	reviewed_tibetan_exact_script_ng_witness	source	historical_source	unaffected_feature_from_reviewed_source	ordinary_tibetan_lexical_or_compound	secure_reviewed_alignment	medium
wts_1_34	714	126	3	གླིང	glin	gliṅ	suffix_coda	ང	ṅ	token_final	reviewed_tibetan_exact_final_ng_consensus	target	reviewed	reviewed_explicit_feature_evidence	ordinary_tibetan_lexical_or_compound	secure_reviewed_alignment	high
wts_1_34	714	126	3	གླིང	glin	gliṅ	pre_coda_structural_unit	གླི	gli	pre_coda_stem	reviewed_tibetan_exact_final_ng_consensus	source	historical_source	unaffected_feature_from_reviewed_source	ordinary_tibetan_lexical_or_compound	secure_reviewed_alignment	medium
wts_1_34	714	144	3	ནང	nan	naṅ	suffix_coda	ང	ṅ	token_final	reviewed_tibetan_exact_script_ng_witness	target	reviewed	reviewed_explicit_feature_evidence	tibetan_proper_name	secure_reviewed_alignment	high
wts_1_34	714	144	3	ནང	nan	naṅ	pre_coda_structural_unit	ན	na	pre_coda_stem	reviewed_tibetan_exact_script_ng_witness	source	historical_source	unaffected_feature_from_reviewed_source	tibetan_proper_name	secure_reviewed_alignment	medium
wts_1_34	714	155	3	ཡང	yan	yaṅ	suffix_coda	ང	ṅ	token_final	reviewed_tibetan_exact_script_ng_witness	target	reviewed	reviewed_explicit_feature_evidence	ordinary_tibetan_lexical_or_compound	secure_reviewed_alignment	high
wts_1_34	714	155	3	ཡང	yan	yaṅ	pre_coda_structural_unit	ཡ	ya	pre_coda_stem	reviewed_tibetan_exact_script_ng_witness	source	historical_source	unaffected_feature_from_reviewed_source	ordinary_tibetan_lexical_or_compound	secure_reviewed_alignment	medium
wts_1_34	715	66	3	བཞི	bZi	bźi	root_consonant	ཞ	ź	root	reviewed_tibetan_exact_transcription_integrity	target	reviewed	reviewed_explicit_feature_evidence	ordinary_tibetan_lexical_or_compound	secure_reviewed_alignment	high
wts_1_34	715	66	3	བཞི	bZi	bźi	unsegmented_structural_unit	བཞི	b□i	unaffected_span_support	reviewed_tibetan_exact_transcription_integrity	source	historical_source	unaffected_feature_from_reviewed_source	ordinary_tibetan_lexical_or_compound	secure_reviewed_alignment	medium
wts_1_34	717	76	2	བྱང	byan	byaṅ	suffix_coda	ང	ṅ	token_final	reviewed_tibetan_exact_final_ng_consensus	target	reviewed	reviewed_explicit_feature_evidence	ordinary_tibetan_lexical_or_compound	secure_reviewed_alignment	high
wts_1_34	717	76	2	བྱང	byan	byaṅ	pre_coda_structural_unit	བྱ	bya	pre_coda_stem	reviewed_tibetan_exact_final_ng_consensus	source	historical_source	unaffected_feature_from_reviewed_source	ordinary_tibetan_lexical_or_compound	secure_reviewed_alignment	medium
wts_1_34	718	3	2	ལུང	lun	luṅ	suffix_coda	ང	ṅ	token_final	reviewed_tibetan_exact_final_ng_source_compatible	target	reviewed	reviewed_explicit_feature_evidence	ordinary_tibetan_lexical_or_compound	secure_reviewed_alignment	high
wts_1_34	718	3	2	ལུང	lun	luṅ	pre_coda_structural_unit	ལུ	lu	pre_coda_stem	reviewed_tibetan_exact_final_ng_source_compatible	source	historical_source	unaffected_feature_from_reviewed_source	ordinary_tibetan_lexical_or_compound	secure_reviewed_alignment	medium
wts_1_34	720	20	2	གཏིང	gtin	gtiṅ	suffix_coda	ང	ṅ	token_final	reviewed_tibetan_exact_final_ng_consensus	target	reviewed	reviewed_explicit_feature_evidence	ordinary_tibetan_lexical_or_compound	secure_reviewed_alignment	high
wts_1_34	720	20	2	གཏིང	gtin	gtiṅ	pre_coda_structural_unit	གཏི	gti	pre_coda_stem	reviewed_tibetan_exact_final_ng_consensus	source	historical_source	unaffected_feature_from_reviewed_source	ordinary_tibetan_lexical_or_compound	secure_reviewed_alignment	medium
wts_1_34	720	197	3	གསང	gsan	gsaṅ	suffix_coda	ང	ṅ	token_final	reviewed_tibetan_exact_final_ng_consensus	target	reviewed	reviewed_explicit_feature_evidence	tibetan_proper_name	secure_reviewed_alignment	high
wts_1_34	720	197	3	གསང	gsan	gsaṅ	pre_coda_structural_unit	གས	gsa	pre_coda_stem	reviewed_tibetan_exact_final_ng_consensus	source	historical_source	unaffected_feature_from_reviewed_source	tibetan_proper_name	secure_reviewed_alignment	medium
wts_1_34	721	1	3	གོང	gon	goṅ	suffix_coda			token_final	reviewed_tibetan_exact_final_ng_consensus	target	reviewed	role_unresolved	ordinary_tibetan_lexical_or_compound	secure_reviewed_alignment	none
wts_1_34	721	142	2	ཀློང	klon	kloṅ	suffix_coda	ང	ṅ	token_final	reviewed_tibetan_exact_final_ng_source_compatible	target	reviewed	reviewed_explicit_feature_evidence	ordinary_tibetan_lexical_or_compound	secure_reviewed_alignment	high
wts_1_34	721	142	2	ཀློང	klon	kloṅ	pre_coda_structural_unit	ཀློ	klo	pre_coda_stem	reviewed_tibetan_exact_final_ng_source_compatible	source	historical_source	unaffected_feature_from_reviewed_source	ordinary_tibetan_lexical_or_compound	secure_reviewed_alignment	medium
wts_1_34	722	9	2	ལུས	Ius	lus	unsegmented_structural_unit	ལུས	□us	unaffected_span_support	reviewed_tibetan_exact_initial_i_l_family	source	historical_source	unaffected_feature_from_reviewed_source	ordinary_tibetan_lexical_or_compound	secure_reviewed_alignment	medium
wts_1_34	722	172	3	གང	gan	gaṅ	suffix_coda			token_final	reviewed_tibetan_exact_script_ng_witness	target	reviewed	role_unresolved	ordinary_tibetan_lexical_or_compound	secure_reviewed_alignment	none
wts_1_34	724	60	3	སྐྱོང	skyon	skyoṅ	suffix_coda	ང	ṅ	token_final	reviewed_tibetan_exact_final_ng_consensus	target	reviewed	reviewed_explicit_feature_evidence	ordinary_tibetan_lexical_or_compound	secure_reviewed_alignment	high
wts_1_34	724	60	3	སྐྱོང	skyon	skyoṅ	pre_coda_structural_unit	སྐྱོ	skyo	pre_coda_stem	reviewed_tibetan_exact_final_ng_consensus	source	historical_source	unaffected_feature_from_reviewed_source	ordinary_tibetan_lexical_or_compound	secure_reviewed_alignment	medium
wts_1_34	725	97	3	སྣང	snan	snaṅ	suffix_coda	ང	ṅ	token_final	reviewed_tibetan_exact_script_ng_witness	target	reviewed	reviewed_explicit_feature_evidence	ordinary_tibetan_lexical_or_compound	secure_reviewed_alignment	high
wts_1_34	725	97	3	སྣང	snan	snaṅ	pre_coda_structural_unit	སྣ	sna	pre_coda_stem	reviewed_tibetan_exact_script_ng_witness	source	historical_source	unaffected_feature_from_reviewed_source	ordinary_tibetan_lexical_or_compound	secure_reviewed_alignment	medium
wts_1_34	725	159	3	དབང	dban	dbaṅ	suffix_coda	ང	ṅ	token_final	reviewed_tibetan_exact_final_ng_consensus	target	reviewed	reviewed_explicit_feature_evidence	ordinary_tibetan_lexical_or_compound	secure_reviewed_alignment	high
wts_1_34	725	159	3	དབང	dban	dbaṅ	pre_coda_structural_unit	དབ	dba	pre_coda_stem	reviewed_tibetan_exact_final_ng_consensus	source	historical_source	unaffected_feature_from_reviewed_source	ordinary_tibetan_lexical_or_compound	secure_reviewed_alignment	medium
wts_1_34	725	169	3	དབང	dban	dbaṅ	suffix_coda	ང	ṅ	token_final	reviewed_tibetan_exact_final_ng_consensus	target	reviewed	reviewed_explicit_feature_evidence	ordinary_tibetan_lexical_or_compound	secure_reviewed_alignment	high
wts_1_34	725	169	3	དབང	dban	dbaṅ	pre_coda_structural_unit	དབ	dba	pre_coda_stem	reviewed_tibetan_exact_final_ng_consensus	source	historical_source	unaffected_feature_from_reviewed_source	ordinary_tibetan_lexical_or_compound	secure_reviewed_alignment	medium
wts_1_34	725	202	3	དབང	dban	dbaṅ	suffix_coda	ང	ṅ	token_final	reviewed_tibetan_exact_final_ng_consensus	target	reviewed	reviewed_explicit_feature_evidence	ordinary_tibetan_lexical_or_compound	secure_reviewed_alignment	high
wts_1_34	725	202	3	དབང	dban	dbaṅ	pre_coda_structural_unit	དབ	dba	pre_coda_stem	reviewed_tibetan_exact_final_ng_consensus	source	historical_source	unaffected_feature_from_reviewed_source	ordinary_tibetan_lexical_or_compound	secure_reviewed_alignment	medium
wts_1_34	731	3	2	སྡང	sdan	sdaṅ	suffix_coda	ང	ṅ	token_final	reviewed_tibetan_exact_final_ng_consensus	target	reviewed	reviewed_explicit_feature_evidence	ordinary_tibetan_lexical_or_compound	secure_reviewed_alignment	high
wts_1_34	731	3	2	སྡང	sdan	sdaṅ	pre_coda_structural_unit	སྡ	sda	pre_coda_stem	reviewed_tibetan_exact_final_ng_consensus	source	historical_source	unaffected_feature_from_reviewed_source	ordinary_tibetan_lexical_or_compound	secure_reviewed_alignment	medium
wts_1_34	731	190	3	རུང	run	ruṅ	suffix_coda	ང	ṅ	token_final	reviewed_tibetan_exact_final_ng_historical_witness	target	reviewed	reviewed_explicit_feature_evidence	ordinary_tibetan_lexical_or_compound	secure_reviewed_alignment	high
wts_1_34	731	190	3	རུང	run	ruṅ	pre_coda_structural_unit	རུ	ru	pre_coda_stem	reviewed_tibetan_exact_final_ng_historical_witness	source	historical_source	unaffected_feature_from_reviewed_source	ordinary_tibetan_lexical_or_compound	secure_reviewed_alignment	medium
wts_1_34	741	3	4	བཟང	bzan	bzaṅ	suffix_coda	ང	ṅ	token_final	reviewed_tibetan_exact_final_ng_consensus	target	reviewed	reviewed_explicit_feature_evidence	ordinary_tibetan_lexical_or_compound	secure_reviewed_alignment	high
wts_1_34	741	3	4	བཟང	bzan	bzaṅ	pre_coda_structural_unit	བཟ	bza	pre_coda_stem	reviewed_tibetan_exact_final_ng_consensus	source	historical_source	unaffected_feature_from_reviewed_source	ordinary_tibetan_lexical_or_compound	secure_reviewed_alignment	medium
wts_1_34	743	147	2	འབྲང	bran	braṅ	suffix_coda	ང	ṅ	token_final	reviewed_tibetan_exact_final_ng_consensus	target	reviewed	reviewed_explicit_feature_evidence	ordinary_tibetan_lexical_or_compound	secure_reviewed_alignment	high
wts_1_34	743	147	2	འབྲང	bran	braṅ	pre_coda_structural_unit	འབྲ	bra	pre_coda_stem	reviewed_tibetan_exact_final_ng_consensus	source	historical_source	unaffected_feature_from_reviewed_source	ordinary_tibetan_lexical_or_compound	secure_reviewed_alignment	medium
wts_1_34	744	30	2	བཟུང	bzun	bzuṅ	suffix_coda	ང	ṅ	token_final	reviewed_tibetan_exact_final_ng_consensus	target	reviewed	reviewed_explicit_feature_evidence	ordinary_tibetan_lexical_or_compound	secure_reviewed_alignment	high
wts_1_34	744	30	2	བཟུང	bzun	bzuṅ	pre_coda_structural_unit	བཟུ	bzu	pre_coda_stem	reviewed_tibetan_exact_final_ng_consensus	source	historical_source	unaffected_feature_from_reviewed_source	ordinary_tibetan_lexical_or_compound	secure_reviewed_alignment	medium
wts_1_34	746	181	3	མཐོང	mthon	mthoṅ	suffix_coda	ང	ṅ	token_final	reviewed_tibetan_exact_final_ng_consensus	target	reviewed	reviewed_explicit_feature_evidence	ordinary_tibetan_lexical_or_compound	secure_reviewed_alignment	high
wts_1_34	746	181	3	མཐོང	mthon	mthoṅ	pre_coda_structural_unit	མཐོ	mtho	pre_coda_stem	reviewed_tibetan_exact_final_ng_consensus	source	historical_source	unaffected_feature_from_reviewed_source	ordinary_tibetan_lexical_or_compound	secure_reviewed_alignment	medium
wts_1_34	748	114	3	མྱོང	myon	myoṅ	suffix_coda	ང	ṅ	token_final	reviewed_tibetan_exact_final_ng_consensus	target	reviewed	reviewed_explicit_feature_evidence	ordinary_tibetan_lexical_or_compound	secure_reviewed_alignment	high
wts_1_34	748	114	3	མྱོང	myon	myoṅ	pre_coda_structural_unit	མྱོ	myo	pre_coda_stem	reviewed_tibetan_exact_final_ng_consensus	source	historical_source	unaffected_feature_from_reviewed_source	ordinary_tibetan_lexical_or_compound	secure_reviewed_alignment	medium
wts_1_34	749	87	3	སོང	son	soṅ	suffix_coda	ང	ṅ	token_final	reviewed_tibetan_exact_final_ng_consensus	target	reviewed	reviewed_explicit_feature_evidence	ordinary_tibetan_lexical_or_compound	secure_reviewed_alignment	high
wts_1_34	749	87	3	སོང	son	soṅ	pre_coda_structural_unit	སོ	so	pre_coda_stem	reviewed_tibetan_exact_final_ng_consensus	source	historical_source	unaffected_feature_from_reviewed_source	ordinary_tibetan_lexical_or_compound	secure_reviewed_alignment	medium
wts_1_34	750	26	2	གླིང	glin	gliṅ	suffix_coda	ང	ṅ	token_final	reviewed_tibetan_exact_final_ng_consensus	target	reviewed	reviewed_explicit_feature_evidence	ordinary_tibetan_lexical_or_compound	secure_reviewed_alignment	high
wts_1_34	750	26	2	གླིང	glin	gliṅ	pre_coda_structural_unit	གླི	gli	pre_coda_stem	reviewed_tibetan_exact_final_ng_consensus	source	historical_source	unaffected_feature_from_reviewed_source	ordinary_tibetan_lexical_or_compound	secure_reviewed_alignment	medium
wts_1_34	750	43	2	བྱང	byan	byaṅ	suffix_coda	ང	ṅ	token_final	reviewed_tibetan_exact_final_ng_consensus	target	reviewed	reviewed_explicit_feature_evidence	ordinary_tibetan_lexical_or_compound	secure_reviewed_alignment	high
wts_1_34	750	43	2	བྱང	byan	byaṅ	pre_coda_structural_unit	བྱ	bya	pre_coda_stem	reviewed_tibetan_exact_final_ng_consensus	source	historical_source	unaffected_feature_from_reviewed_source	ordinary_tibetan_lexical_or_compound	secure_reviewed_alignment	medium
wts_1_34	750	80	1	ལྗང	Dan	ldaṅ				full_token	reviewed_tibetan_exact_manual_multi_error	source	reviewed	not_feature_evidence	ordinary_tibetan_lexical_or_compound	secure_reviewed_alignment	high
wts_1_34	752	76	2	ཤིང	sin	siṅ	suffix_coda	ང	ṅ	token_final	reviewed_tibetan_exact_final_ng_source_compatible	target	reviewed	reviewed_explicit_feature_evidence	ordinary_tibetan_lexical_or_compound	secure_reviewed_alignment	high
wts_1_34	752	76	2	ཤིང	sin	siṅ	pre_coda_structural_unit	ཤི	si	pre_coda_stem	reviewed_tibetan_exact_final_ng_source_compatible	source	historical_source	unaffected_feature_from_reviewed_source	ordinary_tibetan_lexical_or_compound	secure_reviewed_alignment	medium
wts_1_34	753	60	2	བྱང	byan	byaṅ	suffix_coda	ང	ṅ	token_final	reviewed_tibetan_exact_final_ng_consensus	target	reviewed	reviewed_explicit_feature_evidence	ordinary_tibetan_lexical_or_compound	secure_reviewed_alignment	high
wts_1_34	753	60	2	བྱང	byan	byaṅ	pre_coda_structural_unit	བྱ	bya	pre_coda_stem	reviewed_tibetan_exact_final_ng_consensus	source	historical_source	unaffected_feature_from_reviewed_source	ordinary_tibetan_lexical_or_compound	secure_reviewed_alignment	medium
wts_1_34	754	1	4	ལང	lan	laṅ	suffix_coda	ང	ṅ	token_final	reviewed_tibetan_exact_final_ng_consensus	target	reviewed	reviewed_explicit_feature_evidence	ordinary_tibetan_lexical_or_compound	secure_reviewed_alignment	high
wts_1_34	754	1	4	ལང	lan	laṅ	pre_coda_structural_unit	ལ	la	pre_coda_stem	reviewed_tibetan_exact_final_ng_consensus	source	historical_source	unaffected_feature_from_reviewed_source	ordinary_tibetan_lexical_or_compound	secure_reviewed_alignment	medium
wts_1_34	754	23	4	ལང	lan	laṅ	suffix_coda	ང	ṅ	token_final	reviewed_tibetan_exact_final_ng_consensus	target	reviewed	reviewed_explicit_feature_evidence	ordinary_tibetan_lexical_or_compound	secure_reviewed_alignment	high
wts_1_34	754	23	4	ལང	lan	laṅ	pre_coda_structural_unit	ལ	la	pre_coda_stem	reviewed_tibetan_exact_final_ng_consensus	source	historical_source	unaffected_feature_from_reviewed_source	ordinary_tibetan_lexical_or_compound	secure_reviewed_alignment	medium
wts_1_34	754	150	3	ལང	lan	laṅ	suffix_coda	ང	ṅ	token_final	reviewed_tibetan_exact_final_ng_consensus	target	reviewed	reviewed_explicit_feature_evidence	ordinary_tibetan_lexical_or_compound	secure_reviewed_alignment	high
wts_1_34	754	150	3	ལང	lan	laṅ	pre_coda_structural_unit	ལ	la	pre_coda_stem	reviewed_tibetan_exact_final_ng_consensus	source	historical_source	unaffected_feature_from_reviewed_source	ordinary_tibetan_lexical_or_compound	secure_reviewed_alignment	medium
wts_1_34	756	62	2	འཆིང	chin	chiṅ	suffix_coda	ང	ṅ	token_final	reviewed_tibetan_exact_final_ng_consensus	target	reviewed	reviewed_explicit_feature_evidence	ordinary_tibetan_lexical_or_compound	secure_reviewed_alignment	high
wts_1_34	756	62	2	འཆིང	chin	chiṅ	pre_coda_structural_unit	འཆི	chi	pre_coda_stem	reviewed_tibetan_exact_final_ng_consensus	source	historical_source	unaffected_feature_from_reviewed_source	ordinary_tibetan_lexical_or_compound	secure_reviewed_alignment	medium
wts_1_34	756	87	2	སྟོང	ston	stoṅ	suffix_coda	ང	ṅ	token_final	reviewed_tibetan_exact_final_ng_consensus	target	reviewed	reviewed_explicit_feature_evidence	ordinary_tibetan_lexical_or_compound	secure_reviewed_alignment	high
wts_1_34	756	87	2	སྟོང	ston	stoṅ	pre_coda_structural_unit	སྟོ	sto	pre_coda_stem	reviewed_tibetan_exact_final_ng_consensus	source	historical_source	unaffected_feature_from_reviewed_source	ordinary_tibetan_lexical_or_compound	secure_reviewed_alignment	medium
wts_1_34	758	184	1	ཉངས	Hans	ñaṅs	unsegmented_structural_unit	ཉངས	□a□s	unaffected_span_support	reviewed_tibetan_exact_script_ng_witness	source	historical_source	unaffected_feature_from_reviewed_source	ordinary_tibetan_lexical_or_compound	secure_reviewed_alignment	medium
wts_1_34	759	165	2	རང	ran	raṅ	suffix_coda	ང	ṅ	token_final	reviewed_tibetan_exact_script_ng_witness	target	reviewed	reviewed_explicit_feature_evidence	ordinary_tibetan_lexical_or_compound	secure_reviewed_alignment	high
wts_1_34	759	165	2	རང	ran	raṅ	pre_coda_structural_unit	ར	ra	pre_coda_stem	reviewed_tibetan_exact_script_ng_witness	source	historical_source	unaffected_feature_from_reviewed_source	ordinary_tibetan_lexical_or_compound	secure_reviewed_alignment	medium
wts_1_34	760	55	2	ཆུང	chun	chuṅ	suffix_coda	ང	ṅ	token_final	reviewed_tibetan_exact_script_ng_witness	target	reviewed	reviewed_explicit_feature_evidence	ordinary_tibetan_lexical_or_compound	secure_reviewed_alignment	high
wts_1_34	760	55	2	ཆུང	chun	chuṅ	pre_coda_structural_unit	ཆུ	chu	pre_coda_stem	reviewed_tibetan_exact_script_ng_witness	source	historical_source	unaffected_feature_from_reviewed_source	ordinary_tibetan_lexical_or_compound	secure_reviewed_alignment	medium
wts_1_34	760	107	2	ཆུང	chun	chuṅ	suffix_coda	ང	ṅ	token_final	reviewed_tibetan_exact_script_ng_witness	target	reviewed	reviewed_explicit_feature_evidence	ordinary_tibetan_lexical_or_compound	secure_reviewed_alignment	high
wts_1_34	760	107	2	ཆུང	chun	chuṅ	pre_coda_structural_unit	ཆུ	chu	pre_coda_stem	reviewed_tibetan_exact_script_ng_witness	source	historical_source	unaffected_feature_from_reviewed_source	ordinary_tibetan_lexical_or_compound	secure_reviewed_alignment	medium
wts_1_34	760	107	3	དབང	dban	dbaṅ	suffix_coda	ང	ṅ	token_final	reviewed_tibetan_exact_final_ng_consensus	target	reviewed	reviewed_explicit_feature_evidence	ordinary_tibetan_lexical_or_compound	secure_reviewed_alignment	high
wts_1_34	760	107	3	དབང	dban	dbaṅ	pre_coda_structural_unit	དབ	dba	pre_coda_stem	reviewed_tibetan_exact_final_ng_consensus	source	historical_source	unaffected_feature_from_reviewed_source	ordinary_tibetan_lexical_or_compound	secure_reviewed_alignment	medium
wts_1_34	760	120	2	ཆུང	chun	chuṅ	suffix_coda	ང	ṅ	token_final	reviewed_tibetan_exact_script_ng_witness	target	reviewed	reviewed_explicit_feature_evidence	ordinary_tibetan_lexical_or_compound	secure_reviewed_alignment	high
wts_1_34	760	120	2	ཆུང	chun	chuṅ	pre_coda_structural_unit	ཆུ	chu	pre_coda_stem	reviewed_tibetan_exact_script_ng_witness	source	historical_source	unaffected_feature_from_reviewed_source	ordinary_tibetan_lexical_or_compound	secure_reviewed_alignment	medium
wts_1_34	760	120	3	དབང	dban	dbaṅ	suffix_coda	ང	ṅ	token_final	reviewed_tibetan_exact_final_ng_consensus	target	reviewed	reviewed_explicit_feature_evidence	ordinary_tibetan_lexical_or_compound	secure_reviewed_alignment	high
wts_1_34	760	120	3	དབང	dban	dbaṅ	pre_coda_structural_unit	དབ	dba	pre_coda_stem	reviewed_tibetan_exact_final_ng_consensus	source	historical_source	unaffected_feature_from_reviewed_source	ordinary_tibetan_lexical_or_compound	secure_reviewed_alignment	medium
wts_1_34	766	16	1	ཉམས	chun	chuṅ	suffix_coda			token_final	reviewed_tibetan_exact_script_ng_witness	target	reviewed	role_unresolved	ordinary_tibetan_lexical_or_compound	marker_or_damage	none
wts_1_34	767	82	3	བླང	blan	blaṅ	suffix_coda	ང	ṅ	token_final	reviewed_tibetan_exact_final_ng_consensus	target	reviewed	reviewed_explicit_feature_evidence	ordinary_tibetan_lexical_or_compound	secure_reviewed_alignment	high
wts_1_34	767	82	3	བླང	blan	blaṅ	pre_coda_structural_unit	བླ	bla	pre_coda_stem	reviewed_tibetan_exact_final_ng_consensus	source	historical_source	unaffected_feature_from_reviewed_source	ordinary_tibetan_lexical_or_compound	secure_reviewed_alignment	medium
wts_1_34	769	45	2	སློང	slon	sloṅ	suffix_coda	ང	ṅ	token_final	reviewed_tibetan_exact_final_ng_historical_witness	target	reviewed	reviewed_explicit_feature_evidence	ordinary_tibetan_lexical_or_compound	secure_reviewed_alignment	high
wts_1_34	769	45	2	སློང	slon	sloṅ	pre_coda_structural_unit	སློ	slo	pre_coda_stem	reviewed_tibetan_exact_final_ng_historical_witness	source	historical_source	unaffected_feature_from_reviewed_source	ordinary_tibetan_lexical_or_compound	secure_reviewed_alignment	medium
wts_1_34	769	60	3	ལྔ	Ina	lṅa	unsegmented_structural_unit	ལྔ	□□a	unaffected_span_support	reviewed_tibetan_exact_initial_i_l_family	source	historical_source	unaffected_feature_from_reviewed_source	ordinary_tibetan_lexical_or_compound	secure_reviewed_alignment	medium
wts_1_34	769	60	4	སྟོང	ston	stoṅ	suffix_coda	ང	ṅ	token_final	reviewed_tibetan_exact_final_ng_consensus	target	reviewed	reviewed_explicit_feature_evidence	ordinary_tibetan_lexical_or_compound	secure_reviewed_alignment	high
wts_1_34	769	60	4	སྟོང	ston	stoṅ	pre_coda_structural_unit	སྟོ	sto	pre_coda_stem	reviewed_tibetan_exact_final_ng_consensus	source	historical_source	unaffected_feature_from_reviewed_source	ordinary_tibetan_lexical_or_compound	secure_reviewed_alignment	medium
wts_1_34	771	25	3	གུང	gun	guṅ	suffix_coda			token_final	reviewed_tibetan_exact_final_ng_consensus	target	reviewed	role_unresolved	ordinary_tibetan_lexical_or_compound	secure_reviewed_alignment	none
wts_1_34	771	27	3	གུང	gun	guṅ	suffix_coda			token_final	reviewed_tibetan_exact_final_ng_consensus	target	reviewed	role_unresolved	ordinary_tibetan_lexical_or_compound	secure_reviewed_alignment	none
wts_1_34	772	8	3	གུང	gun	guṅ	suffix_coda			token_final	reviewed_tibetan_exact_final_ng_consensus	target	reviewed	role_unresolved	ordinary_tibetan_lexical_or_compound	secure_reviewed_alignment	none
wts_1_34	772	94	4	རྐང	rkan	rkaṅ	suffix_coda	ང	ṅ	token_final	reviewed_tibetan_exact_final_ng_consensus	target	reviewed	reviewed_explicit_feature_evidence	ordinary_tibetan_lexical_or_compound	secure_reviewed_alignment	high
wts_1_34	772	94	4	རྐང	rkan	rkaṅ	pre_coda_structural_unit	རྐ	rka	pre_coda_stem	reviewed_tibetan_exact_final_ng_consensus	source	historical_source	unaffected_feature_from_reviewed_source	ordinary_tibetan_lexical_or_compound	secure_reviewed_alignment	medium
wts_1_34	772	136	3	དབང	dban	dbaṅ	suffix_coda	ང	ṅ	token_final	reviewed_tibetan_exact_final_ng_consensus	target	reviewed	reviewed_explicit_feature_evidence	ordinary_tibetan_lexical_or_compound	secure_reviewed_alignment	high
wts_1_34	772	136	3	དབང	dban	dbaṅ	pre_coda_structural_unit	དབ	dba	pre_coda_stem	reviewed_tibetan_exact_final_ng_consensus	source	historical_source	unaffected_feature_from_reviewed_source	ordinary_tibetan_lexical_or_compound	secure_reviewed_alignment	medium
wts_1_34	773	32	3	ལོང	lon	loṅ	suffix_coda	ང	ṅ	token_final	reviewed_tibetan_exact_final_ng_consensus	target	reviewed	reviewed_explicit_feature_evidence	ordinary_tibetan_lexical_or_compound	secure_reviewed_alignment	high
wts_1_34	773	32	3	ལོང	lon	loṅ	pre_coda_structural_unit	ལོ	lo	pre_coda_stem	reviewed_tibetan_exact_final_ng_consensus	source	historical_source	unaffected_feature_from_reviewed_source	ordinary_tibetan_lexical_or_compound	secure_reviewed_alignment	medium
wts_1_34	775	30	2	སང	san	saṅ	suffix_coda	ང	ṅ	token_final	reviewed_tibetan_exact_final_ng_source_compatible	target	reviewed	reviewed_explicit_feature_evidence	tibetan_proper_name	secure_reviewed_alignment	high
wts_1_34	775	30	2	སང	san	saṅ	pre_coda_structural_unit	ས	sa	pre_coda_stem	reviewed_tibetan_exact_final_ng_source_compatible	source	historical_source	unaffected_feature_from_reviewed_source	tibetan_proper_name	secure_reviewed_alignment	medium
wts_1_34	776	198	2	རང	ran	raṅ	suffix_coda	ང	ṅ	token_final	reviewed_tibetan_exact_script_ng_witness	target	reviewed	reviewed_explicit_feature_evidence	ordinary_tibetan_lexical_or_compound	secure_reviewed_alignment	high
wts_1_34	776	198	2	རང	ran	raṅ	pre_coda_structural_unit	ར	ra	pre_coda_stem	reviewed_tibetan_exact_script_ng_witness	source	historical_source	unaffected_feature_from_reviewed_source	ordinary_tibetan_lexical_or_compound	secure_reviewed_alignment	medium
wts_1_34	778	57	3	ལོང	lon	loṅ	suffix_coda	ང	ṅ	token_final	reviewed_tibetan_exact_final_ng_consensus	target	reviewed	reviewed_explicit_feature_evidence	ordinary_tibetan_lexical_or_compound	secure_reviewed_alignment	high
wts_1_34	778	57	3	ལོང	lon	loṅ	pre_coda_structural_unit	ལོ	lo	pre_coda_stem	reviewed_tibetan_exact_final_ng_consensus	source	historical_source	unaffected_feature_from_reviewed_source	ordinary_tibetan_lexical_or_compound	secure_reviewed_alignment	medium
wts_1_34	778	114	3	དབང	dban	dbaṅ	suffix_coda	ང	ṅ	token_final	reviewed_tibetan_exact_final_ng_consensus	target	reviewed	reviewed_explicit_feature_evidence	ordinary_tibetan_lexical_or_compound	secure_reviewed_alignment	high
wts_1_34	778	114	3	དབང	dban	dbaṅ	pre_coda_structural_unit	དབ	dba	pre_coda_stem	reviewed_tibetan_exact_final_ng_consensus	source	historical_source	unaffected_feature_from_reviewed_source	ordinary_tibetan_lexical_or_compound	secure_reviewed_alignment	medium
wts_1_34	779	45	2	ཞིང	Zin	źiṅ	suffix_coda	ང	ṅ	token_final	reviewed_tibetan_exact_final_ng_consensus	target	reviewed	reviewed_explicit_feature_evidence	ordinary_tibetan_lexical_or_compound	secure_reviewed_alignment	high
wts_1_34	779	45	2	ཞིང	Zin	źiṅ	pre_coda_structural_unit	ཞི	Zi	pre_coda_stem	reviewed_tibetan_exact_final_ng_consensus	source	historical_source	unaffected_feature_from_reviewed_source	ordinary_tibetan_lexical_or_compound	secure_reviewed_alignment	medium
wts_1_34	779	45	2	ཞིང	Ziṅ	źiṅ				full_token	reviewed_correction_supersession_bridge	source	reviewed	not_feature_evidence	ordinary_tibetan_lexical_or_compound	secure_reviewed_alignment	high
wts_1_34	780	21	6	རིང	rin	riṅ	suffix_coda	ང	ṅ	token_final	reviewed_tibetan_exact_final_ng_consensus	target	reviewed	reviewed_explicit_feature_evidence	ordinary_tibetan_lexical_or_compound	secure_reviewed_alignment	high
wts_1_34	780	21	6	རིང	rin	riṅ	pre_coda_structural_unit	རི	ri	pre_coda_stem	reviewed_tibetan_exact_final_ng_consensus	source	historical_source	unaffected_feature_from_reviewed_source	ordinary_tibetan_lexical_or_compound	secure_reviewed_alignment	medium
wts_1_34	784	11	3	ལྕང	lcan	lcaṅ	suffix_coda	ང	ṅ	token_final	reviewed_tibetan_exact_final_ng_consensus	target	reviewed	reviewed_explicit_feature_evidence	ordinary_tibetan_lexical_or_compound	secure_reviewed_alignment	high
wts_1_34	784	11	3	ལྕང	lcan	lcaṅ	pre_coda_structural_unit	ལྕ	lca	pre_coda_stem	reviewed_tibetan_exact_final_ng_consensus	source	historical_source	unaffected_feature_from_reviewed_source	ordinary_tibetan_lexical_or_compound	secure_reviewed_alignment	medium
wts_1_34	784	33	3	དྲུང	drun	druṅ	suffix_coda	ང	ṅ	token_final	reviewed_tibetan_exact_final_ng_consensus	target	reviewed	reviewed_explicit_feature_evidence	ordinary_tibetan_lexical_or_compound	secure_reviewed_alignment	high
wts_1_34	784	33	3	དྲུང	drun	druṅ	pre_coda_structural_unit	དྲུ	dru	pre_coda_stem	reviewed_tibetan_exact_final_ng_consensus	source	historical_source	unaffected_feature_from_reviewed_source	ordinary_tibetan_lexical_or_compound	secure_reviewed_alignment	medium
wts_1_34	784	121	2	བའི	Ina	lṅa	unsegmented_structural_unit	བའི	□□a	unaffected_span_support	reviewed_tibetan_exact_initial_i_l_family	source	historical_source	unaffected_feature_from_reviewed_source	ordinary_tibetan_lexical_or_compound	secure_reviewed_alignment	medium
wts_1_34	784	121	3	འདས	Ina	lṅa	unsegmented_structural_unit	འདས	□□a	unaffected_span_support	reviewed_tibetan_exact_initial_i_l_family	source	historical_source	unaffected_feature_from_reviewed_source	ordinary_tibetan_lexical_or_compound	secure_reviewed_alignment	medium
wts_1_34	784	143	3	དཔུང	dpun	dpuṅ	suffix_coda	ང	ṅ	token_final	reviewed_tibetan_exact_final_ng_consensus	target	reviewed	reviewed_explicit_feature_evidence	ordinary_tibetan_lexical_or_compound	secure_reviewed_alignment	high
wts_1_34	784	143	3	དཔུང	dpun	dpuṅ	pre_coda_structural_unit	དཔུ	dpu	pre_coda_stem	reviewed_tibetan_exact_final_ng_consensus	source	historical_source	unaffected_feature_from_reviewed_source	ordinary_tibetan_lexical_or_compound	secure_reviewed_alignment	medium
wts_1_34	784	200	3	ཞིང	Zin	źiṅ	suffix_coda	ང	ṅ	token_final	reviewed_tibetan_exact_final_ng_consensus	target	reviewed	reviewed_explicit_feature_evidence	ordinary_tibetan_lexical_or_compound	secure_reviewed_alignment	high
wts_1_34	784	200	3	ཞིང	Zin	źiṅ	pre_coda_structural_unit	ཞི	Zi	pre_coda_stem	reviewed_tibetan_exact_final_ng_consensus	source	historical_source	unaffected_feature_from_reviewed_source	ordinary_tibetan_lexical_or_compound	secure_reviewed_alignment	medium
wts_1_34	784	200	3	ཞིང	Ziṅ	źiṅ				full_token	reviewed_correction_supersession_bridge	source	reviewed	not_feature_evidence	ordinary_tibetan_lexical_or_compound	secure_reviewed_alignment	high
wts_1_34	786	218	3	མཐོང	mthon	mthoṅ	suffix_coda	ང	ṅ	token_final	reviewed_tibetan_exact_final_ng_consensus	target	reviewed	reviewed_explicit_feature_evidence	ordinary_tibetan_lexical_or_compound	secure_reviewed_alignment	high
wts_1_34	786	218	3	མཐོང	mthon	mthoṅ	pre_coda_structural_unit	མཐོ	mtho	pre_coda_stem	reviewed_tibetan_exact_final_ng_consensus	source	historical_source	unaffected_feature_from_reviewed_source	ordinary_tibetan_lexical_or_compound	secure_reviewed_alignment	medium
wts_1_34	789	3	3	བཞག	bZag	bźag	root_consonant	ཞ	ź	root	reviewed_tibetan_exact_transcription_integrity	target	reviewed	reviewed_explicit_feature_evidence	ordinary_tibetan_lexical_or_compound	secure_reviewed_alignment	high
wts_1_34	789	3	3	བཞག	bZag	bźag	unsegmented_structural_unit	བཞག	b□ag	unaffected_span_support	reviewed_tibetan_exact_transcription_integrity	source	historical_source	unaffected_feature_from_reviewed_source	ordinary_tibetan_lexical_or_compound	secure_reviewed_alignment	medium
wts_1_34	789	53	3	འོང	on	oṅ	suffix_coda			token_final	reviewed_tibetan_exact_final_ng_consensus	target	reviewed	role_unresolved	ordinary_tibetan_lexical_or_compound	secure_reviewed_alignment	none
wts_1_34	789	137	3	སོང	son	soṅ	suffix_coda	ང	ṅ	token_final	reviewed_tibetan_exact_final_ng_consensus	target	reviewed	reviewed_explicit_feature_evidence	ordinary_tibetan_lexical_or_compound	secure_reviewed_alignment	high
wts_1_34	789	137	3	སོང	son	soṅ	pre_coda_structural_unit	སོ	so	pre_coda_stem	reviewed_tibetan_exact_final_ng_consensus	source	historical_source	unaffected_feature_from_reviewed_source	ordinary_tibetan_lexical_or_compound	secure_reviewed_alignment	medium
wts_1_34	789	201	2	དབང	dban	dbaṅ	suffix_coda	ང	ṅ	token_final	reviewed_tibetan_exact_final_ng_consensus	target	reviewed	reviewed_explicit_feature_evidence	ordinary_tibetan_lexical_or_compound	secure_reviewed_alignment	high
wts_1_34	789	201	2	དབང	dban	dbaṅ	pre_coda_structural_unit	དབ	dba	pre_coda_stem	reviewed_tibetan_exact_final_ng_consensus	source	historical_source	unaffected_feature_from_reviewed_source	ordinary_tibetan_lexical_or_compound	secure_reviewed_alignment	medium
wts_1_34	792	86	2	སོང	son	soṅ	suffix_coda	ང	ṅ	token_final	reviewed_tibetan_exact_final_ng_consensus	target	reviewed	reviewed_explicit_feature_evidence	ordinary_tibetan_lexical_or_compound	secure_reviewed_alignment	high
wts_1_34	792	86	2	སོང	son	soṅ	pre_coda_structural_unit	སོ	so	pre_coda_stem	reviewed_tibetan_exact_final_ng_consensus	source	historical_source	unaffected_feature_from_reviewed_source	ordinary_tibetan_lexical_or_compound	secure_reviewed_alignment	medium
wts_1_34	795	124	4	སྤོང	spon	spoṅ	suffix_coda	ང	ṅ	token_final	reviewed_tibetan_exact_final_ng_consensus	target	reviewed	reviewed_explicit_feature_evidence	ordinary_tibetan_lexical_or_compound	secure_reviewed_alignment	high
wts_1_34	795	124	4	སྤོང	spon	spoṅ	pre_coda_structural_unit	སྤོ	spo	pre_coda_stem	reviewed_tibetan_exact_final_ng_consensus	source	historical_source	unaffected_feature_from_reviewed_source	ordinary_tibetan_lexical_or_compound	secure_reviewed_alignment	medium
wts_1_34	801	30	2	ཤིང	sin	siṅ	suffix_coda	ང	ṅ	token_final	reviewed_tibetan_exact_final_ng_source_compatible	target	reviewed	reviewed_explicit_feature_evidence	ordinary_tibetan_lexical_or_compound	secure_reviewed_alignment	high
wts_1_34	801	30	2	ཤིང	sin	siṅ	pre_coda_structural_unit	ཤི	si	pre_coda_stem	reviewed_tibetan_exact_final_ng_source_compatible	source	historical_source	unaffected_feature_from_reviewed_source	ordinary_tibetan_lexical_or_compound	secure_reviewed_alignment	medium
wts_1_34	801	53	3	གང	gan	gaṅ	suffix_coda			token_final	reviewed_tibetan_exact_script_ng_witness	target	reviewed	role_unresolved	ordinary_tibetan_lexical_or_compound	secure_reviewed_alignment	none
wts_1_34	807	179	2	ཚང	tshan	tshaṅ	suffix_coda	ང	ṅ	token_final	reviewed_tibetan_exact_final_ng_consensus	target	reviewed	reviewed_explicit_feature_evidence	ordinary_tibetan_lexical_or_compound	secure_reviewed_alignment	high
wts_1_34	807	179	2	ཚང	tshan	tshaṅ	pre_coda_structural_unit	ཚ	tsha	pre_coda_stem	reviewed_tibetan_exact_final_ng_consensus	source	historical_source	unaffected_feature_from_reviewed_source	ordinary_tibetan_lexical_or_compound	secure_reviewed_alignment	medium
wts_1_34	811	181	2	ཐང	than	thaṅ	unsegmented_structural_unit	ཐང	tha□	unaffected_span_support	reviewed_tibetan_exact_ocr_signature	source	historical_source	unaffected_feature_from_reviewed_source	tibetan_proper_name	secure_reviewed_alignment	medium
wts_1_34	815	102	2	ཁུང	khun	khuṅ	suffix_coda	ང	ṅ	token_final	reviewed_tibetan_exact_final_ng_consensus	target	reviewed	reviewed_explicit_feature_evidence	ordinary_tibetan_lexical_or_compound	secure_reviewed_alignment	high
wts_1_34	815	102	2	ཁུང	khun	khuṅ	pre_coda_structural_unit	ཁུ	khu	pre_coda_stem	reviewed_tibetan_exact_final_ng_consensus	source	historical_source	unaffected_feature_from_reviewed_source	ordinary_tibetan_lexical_or_compound	secure_reviewed_alignment	medium
wts_1_34	815	102	3	ཆུང	chun	chuṅ	suffix_coda	ང	ṅ	token_final	reviewed_tibetan_exact_script_ng_witness	target	reviewed	reviewed_explicit_feature_evidence	ordinary_tibetan_lexical_or_compound	secure_reviewed_alignment	high
wts_1_34	815	102	3	ཆུང	chun	chuṅ	pre_coda_structural_unit	ཆུ	chu	pre_coda_stem	reviewed_tibetan_exact_script_ng_witness	source	historical_source	unaffected_feature_from_reviewed_source	ordinary_tibetan_lexical_or_compound	secure_reviewed_alignment	medium
wts_1_34	815	107	3	གོང	gon	goṅ	suffix_coda			token_final	reviewed_tibetan_exact_final_ng_consensus	target	reviewed	role_unresolved	ordinary_tibetan_lexical_or_compound	secure_reviewed_alignment	none
wts_1_34	817	89	2	དབང	dban	dbaṅ	suffix_coda	ང	ṅ	token_final	reviewed_tibetan_exact_final_ng_consensus	target	reviewed	reviewed_explicit_feature_evidence	ordinary_tibetan_lexical_or_compound	secure_reviewed_alignment	high
wts_1_34	817	89	2	དབང	dban	dbaṅ	pre_coda_structural_unit	དབ	dba	pre_coda_stem	reviewed_tibetan_exact_final_ng_consensus	source	historical_source	unaffected_feature_from_reviewed_source	ordinary_tibetan_lexical_or_compound	secure_reviewed_alignment	medium
wts_1_34	817	173	2	སེང	sen	seṅ	suffix_coda	ང	ṅ	token_final	reviewed_tibetan_exact_final_ng_consensus	target	reviewed	reviewed_explicit_feature_evidence	ordinary_tibetan_lexical_or_compound	secure_reviewed_alignment	high
wts_1_34	817	173	2	སེང	sen	seṅ	pre_coda_structural_unit	སེ	se	pre_coda_stem	reviewed_tibetan_exact_final_ng_consensus	source	historical_source	unaffected_feature_from_reviewed_source	ordinary_tibetan_lexical_or_compound	secure_reviewed_alignment	medium
wts_1_34	820	95	2	ཆུང	chun	chuṅ	suffix_coda	ང	ṅ	token_final	reviewed_tibetan_exact_script_ng_witness	target	reviewed	reviewed_explicit_feature_evidence	ordinary_tibetan_lexical_or_compound	secure_reviewed_alignment	high
wts_1_34	820	95	2	ཆུང	chun	chuṅ	pre_coda_structural_unit	ཆུ	chu	pre_coda_stem	reviewed_tibetan_exact_script_ng_witness	source	historical_source	unaffected_feature_from_reviewed_source	ordinary_tibetan_lexical_or_compound	secure_reviewed_alignment	medium
wts_1_34	821	180	2	གདེང	gden	gdeṅ	suffix_coda	ང	ṅ	token_final	reviewed_tibetan_exact_final_ng_consensus	target	reviewed	reviewed_explicit_feature_evidence	ordinary_tibetan_lexical_or_compound	secure_reviewed_alignment	high
wts_1_34	821	180	2	གདེང	gden	gdeṅ	pre_coda_structural_unit	གདེ	gde	pre_coda_stem	reviewed_tibetan_exact_final_ng_consensus	source	historical_source	unaffected_feature_from_reviewed_source	ordinary_tibetan_lexical_or_compound	secure_reviewed_alignment	medium
wts_1_34	822	179	5	དབང	dban	dbaṅ	suffix_coda	ང	ṅ	token_final	reviewed_tibetan_exact_final_ng_consensus	target	reviewed	reviewed_explicit_feature_evidence	ordinary_tibetan_lexical_or_compound	secure_reviewed_alignment	high
wts_1_34	822	179	5	དབང	dban	dbaṅ	pre_coda_structural_unit	དབ	dba	pre_coda_stem	reviewed_tibetan_exact_final_ng_consensus	source	historical_source	unaffected_feature_from_reviewed_source	ordinary_tibetan_lexical_or_compound	secure_reviewed_alignment	medium
wts_1_34	822	200	3	ཁང	khan	khaṅ	suffix_coda	ང	ṅ	token_final	reviewed_tibetan_exact_final_ng_consensus	target	reviewed	reviewed_explicit_feature_evidence	ordinary_tibetan_lexical_or_compound	secure_reviewed_alignment	high
wts_1_34	822	200	3	ཁང	khan	khaṅ	pre_coda_structural_unit	ཁ	kha	pre_coda_stem	reviewed_tibetan_exact_final_ng_consensus	source	historical_source	unaffected_feature_from_reviewed_source	ordinary_tibetan_lexical_or_compound	secure_reviewed_alignment	medium
wts_1_34	823	5	5	ཕོད	chun	chuṅ	suffix_coda			token_final	reviewed_tibetan_exact_script_ng_witness	target	reviewed	role_unresolved	unclear	marker_or_damage	none
wts_1_34	824	3	2	རླུང	rlun	rluṅ	suffix_coda	ང	ṅ	token_final	reviewed_tibetan_exact_final_ng_consensus	target	reviewed	reviewed_explicit_feature_evidence	ordinary_tibetan_lexical_or_compound	secure_reviewed_alignment	high
wts_1_34	824	3	2	རླུང	rlun	rluṅ	pre_coda_structural_unit	རླུ	rlu	pre_coda_stem	reviewed_tibetan_exact_final_ng_consensus	source	historical_source	unaffected_feature_from_reviewed_source	ordinary_tibetan_lexical_or_compound	secure_reviewed_alignment	medium
wts_1_34	825	192	3	ལོང	lon	loṅ	suffix_coda	ང	ṅ	token_final	reviewed_tibetan_exact_final_ng_consensus	target	reviewed	reviewed_explicit_feature_evidence	ordinary_tibetan_lexical_or_compound	secure_reviewed_alignment	high
wts_1_34	825	192	3	ལོང	lon	loṅ	pre_coda_structural_unit	ལོ	lo	pre_coda_stem	reviewed_tibetan_exact_final_ng_consensus	source	historical_source	unaffected_feature_from_reviewed_source	ordinary_tibetan_lexical_or_compound	secure_reviewed_alignment	medium
wts_1_34	826	149	2	ཅིང	cin	ciṅ	suffix_coda	ང	ṅ	token_final	reviewed_tibetan_exact_final_ng_consensus	target	reviewed	reviewed_explicit_feature_evidence	ordinary_tibetan_lexical_or_compound	secure_reviewed_alignment	high
wts_1_34	826	149	2	ཅིང	cin	ciṅ	pre_coda_structural_unit	ཅི	ci	pre_coda_stem	reviewed_tibetan_exact_final_ng_consensus	source	historical_source	unaffected_feature_from_reviewed_source	ordinary_tibetan_lexical_or_compound	secure_reviewed_alignment	medium
wts_1_34	826	173	2	ཆུང	chun	chuṅ	suffix_coda	ང	ṅ	token_final	reviewed_tibetan_exact_script_ng_witness	target	reviewed	reviewed_explicit_feature_evidence	ordinary_tibetan_lexical_or_compound	secure_reviewed_alignment	high
wts_1_34	826	173	2	ཆུང	chun	chuṅ	pre_coda_structural_unit	ཆུ	chu	pre_coda_stem	reviewed_tibetan_exact_script_ng_witness	source	historical_source	unaffected_feature_from_reviewed_source	ordinary_tibetan_lexical_or_compound	secure_reviewed_alignment	medium
wts_1_34	827	115	2	ཆུང	chun	chuṅ	suffix_coda	ང	ṅ	token_final	reviewed_tibetan_exact_script_ng_witness	target	reviewed	reviewed_explicit_feature_evidence	ordinary_tibetan_lexical_or_compound	secure_reviewed_alignment	high
wts_1_34	827	115	2	ཆུང	chun	chuṅ	pre_coda_structural_unit	ཆུ	chu	pre_coda_stem	reviewed_tibetan_exact_script_ng_witness	source	historical_source	unaffected_feature_from_reviewed_source	ordinary_tibetan_lexical_or_compound	secure_reviewed_alignment	medium
wts_1_34	827	152	2	ཆུང	chun	chuṅ	suffix_coda	ང	ṅ	token_final	reviewed_tibetan_exact_script_ng_witness	target	reviewed	reviewed_explicit_feature_evidence	ordinary_tibetan_lexical_or_compound	secure_reviewed_alignment	high
wts_1_34	827	152	2	ཆུང	chun	chuṅ	pre_coda_structural_unit	ཆུ	chu	pre_coda_stem	reviewed_tibetan_exact_script_ng_witness	source	historical_source	unaffected_feature_from_reviewed_source	ordinary_tibetan_lexical_or_compound	secure_reviewed_alignment	medium
wts_1_34	832	159	2	སྲིང	srin	sriṅ	suffix_coda	ང	ṅ	token_final	reviewed_tibetan_exact_final_ng_consensus	target	reviewed	reviewed_explicit_feature_evidence	ordinary_tibetan_lexical_or_compound	secure_reviewed_alignment	high
wts_1_34	832	159	2	སྲིང	srin	sriṅ	pre_coda_structural_unit	སྲི	sri	pre_coda_stem	reviewed_tibetan_exact_final_ng_consensus	source	historical_source	unaffected_feature_from_reviewed_source	ordinary_tibetan_lexical_or_compound	secure_reviewed_alignment	medium
wts_1_34	833	109	2	ཆུང	chun	chuṅ	suffix_coda	ང	ṅ	token_final	reviewed_tibetan_exact_script_ng_witness	target	reviewed	reviewed_explicit_feature_evidence	ordinary_tibetan_lexical_or_compound	secure_reviewed_alignment	high
wts_1_34	833	109	2	ཆུང	chun	chuṅ	pre_coda_structural_unit	ཆུ	chu	pre_coda_stem	reviewed_tibetan_exact_script_ng_witness	source	historical_source	unaffected_feature_from_reviewed_source	ordinary_tibetan_lexical_or_compound	secure_reviewed_alignment	medium
wts_1_34	871	96	2	རང	ran	raṅ	suffix_coda	ང	ṅ	token_final	reviewed_tibetan_exact_script_ng_witness	target	reviewed	reviewed_explicit_feature_evidence	sanskrit_or_indic_transcription	secure_reviewed_alignment	high
wts_1_34	871	96	2	རང	ran	raṅ	pre_coda_structural_unit	ར	ra	pre_coda_stem	reviewed_tibetan_exact_script_ng_witness	source	historical_source	unaffected_feature_from_reviewed_source	sanskrit_or_indic_transcription	secure_reviewed_alignment	medium
wts_1_34	871	167	3	རྐང	rkan	rkaṅ	suffix_coda	ང	ṅ	token_final	reviewed_tibetan_exact_final_ng_consensus	target	reviewed	reviewed_explicit_feature_evidence	ordinary_tibetan_lexical_or_compound	secure_reviewed_alignment	high
wts_1_34	871	167	3	རྐང	rkan	rkaṅ	pre_coda_structural_unit	རྐ	rka	pre_coda_stem	reviewed_tibetan_exact_final_ng_consensus	source	historical_source	unaffected_feature_from_reviewed_source	ordinary_tibetan_lexical_or_compound	secure_reviewed_alignment	medium
wts_1_34	872	48	1	ཏང	tan	taṅ	suffix_coda	ང	ṅ	token_final	reviewed_tibetan_exact_final_ng_consensus	target	reviewed	reviewed_explicit_feature_evidence	ordinary_tibetan_lexical_or_compound	secure_reviewed_alignment	high
wts_1_34	872	48	1	ཏང	tan	taṅ	pre_coda_structural_unit	ཏ	ta	pre_coda_stem	reviewed_tibetan_exact_final_ng_consensus	source	historical_source	unaffected_feature_from_reviewed_source	ordinary_tibetan_lexical_or_compound	secure_reviewed_alignment	medium
wts_1_34	872	173	4	ཆུང	chun	chuṅ	suffix_coda	ང	ṅ	token_final	reviewed_tibetan_exact_script_ng_witness	target	reviewed	reviewed_explicit_feature_evidence	ordinary_tibetan_lexical_or_compound	secure_reviewed_alignment	high
wts_1_34	872	173	4	ཆུང	chun	chuṅ	pre_coda_structural_unit	ཆུ	chu	pre_coda_stem	reviewed_tibetan_exact_script_ng_witness	source	historical_source	unaffected_feature_from_reviewed_source	ordinary_tibetan_lexical_or_compound	secure_reviewed_alignment	medium
wts_1_34	873	23	2	ཁང	khan	khaṅ	suffix_coda	ང	ṅ	token_final	reviewed_tibetan_exact_final_ng_consensus	target	reviewed	reviewed_explicit_feature_evidence	ordinary_tibetan_lexical_or_compound	secure_reviewed_alignment	high
wts_1_34	873	23	2	ཁང	khan	khaṅ	pre_coda_structural_unit	ཁ	kha	pre_coda_stem	reviewed_tibetan_exact_final_ng_consensus	source	historical_source	unaffected_feature_from_reviewed_source	ordinary_tibetan_lexical_or_compound	secure_reviewed_alignment	medium
wts_1_34	874	140	1	ཏིང	tin	tiṅ	suffix_coda	ང	ṅ	token_final	reviewed_tibetan_exact_final_ng_historical_witness	target	reviewed	reviewed_explicit_feature_evidence	ordinary_tibetan_lexical_or_compound	secure_reviewed_alignment	high
wts_1_34	874	140	1	ཏིང	tin	tiṅ	pre_coda_structural_unit	ཏི	ti	pre_coda_stem	reviewed_tibetan_exact_final_ng_historical_witness	source	historical_source	unaffected_feature_from_reviewed_source	ordinary_tibetan_lexical_or_compound	secure_reviewed_alignment	medium
wts_1_34	874	152	1	ཏིང	tin	tiṅ	suffix_coda	ང	ṅ	token_final	reviewed_tibetan_exact_final_ng_historical_witness	target	reviewed	reviewed_explicit_feature_evidence	ordinary_tibetan_lexical_or_compound	secure_reviewed_alignment	high
wts_1_34	874	152	1	ཏིང	tin	tiṅ	pre_coda_structural_unit	ཏི	ti	pre_coda_stem	reviewed_tibetan_exact_final_ng_historical_witness	source	historical_source	unaffected_feature_from_reviewed_source	ordinary_tibetan_lexical_or_compound	secure_reviewed_alignment	medium
wts_1_34	874	157	1	ཏིང	tin	tiṅ	suffix_coda	ང	ṅ	token_final	reviewed_tibetan_exact_final_ng_historical_witness	target	reviewed	reviewed_explicit_feature_evidence	ordinary_tibetan_lexical_or_compound	secure_reviewed_alignment	high
wts_1_34	874	157	1	ཏིང	tin	tiṅ	pre_coda_structural_unit	ཏི	ti	pre_coda_stem	reviewed_tibetan_exact_final_ng_historical_witness	source	historical_source	unaffected_feature_from_reviewed_source	ordinary_tibetan_lexical_or_compound	secure_reviewed_alignment	medium
wts_1_34	874	169	1	ཏིང	tin	tiṅ	suffix_coda	ང	ṅ	token_final	reviewed_tibetan_exact_final_ng_historical_witness	target	reviewed	reviewed_explicit_feature_evidence	ordinary_tibetan_lexical_or_compound	secure_reviewed_alignment	high
wts_1_34	874	169	1	ཏིང	tin	tiṅ	pre_coda_structural_unit	ཏི	ti	pre_coda_stem	reviewed_tibetan_exact_final_ng_historical_witness	source	historical_source	unaffected_feature_from_reviewed_source	ordinary_tibetan_lexical_or_compound	secure_reviewed_alignment	medium
wts_1_34	874	171	1	ཏིང	tin	tiṅ	suffix_coda	ང	ṅ	token_final	reviewed_tibetan_exact_final_ng_historical_witness	target	reviewed	reviewed_explicit_feature_evidence	ordinary_tibetan_lexical_or_compound	secure_reviewed_alignment	high
wts_1_34	874	171	1	ཏིང	tin	tiṅ	pre_coda_structural_unit	ཏི	ti	pre_coda_stem	reviewed_tibetan_exact_final_ng_historical_witness	source	historical_source	unaffected_feature_from_reviewed_source	ordinary_tibetan_lexical_or_compound	secure_reviewed_alignment	medium
wts_1_34	875	1	1	ཏིང	tin	tiṅ	suffix_coda	ང	ṅ	token_final	reviewed_tibetan_exact_final_ng_historical_witness	target	reviewed	reviewed_explicit_feature_evidence	ordinary_tibetan_lexical_or_compound	secure_reviewed_alignment	high
wts_1_34	875	1	1	ཏིང	tin	tiṅ	pre_coda_structural_unit	ཏི	ti	pre_coda_stem	reviewed_tibetan_exact_final_ng_historical_witness	source	historical_source	unaffected_feature_from_reviewed_source	ordinary_tibetan_lexical_or_compound	secure_reviewed_alignment	medium
wts_1_34	875	111	1	ཏིང	tin	tiṅ	suffix_coda	ང	ṅ	token_final	reviewed_tibetan_exact_final_ng_historical_witness	target	reviewed	reviewed_explicit_feature_evidence	ordinary_tibetan_lexical_or_compound	secure_reviewed_alignment	high
wts_1_34	875	111	1	ཏིང	tin	tiṅ	pre_coda_structural_unit	ཏི	ti	pre_coda_stem	reviewed_tibetan_exact_final_ng_historical_witness	source	historical_source	unaffected_feature_from_reviewed_source	ordinary_tibetan_lexical_or_compound	secure_reviewed_alignment	medium
wts_1_34	875	113	4	བཟང	bzan	bzaṅ	suffix_coda	ང	ṅ	token_final	reviewed_tibetan_exact_final_ng_consensus	target	reviewed	reviewed_explicit_feature_evidence	tibetan_proper_name	secure_reviewed_alignment	high
wts_1_34	875	113	4	བཟང	bzan	bzaṅ	pre_coda_structural_unit	བཟ	bza	pre_coda_stem	reviewed_tibetan_exact_final_ng_consensus	source	historical_source	unaffected_feature_from_reviewed_source	tibetan_proper_name	secure_reviewed_alignment	medium
wts_1_34	875	146	1	ཏིང	tin	tiṅ	suffix_coda	ང	ṅ	token_final	reviewed_tibetan_exact_final_ng_historical_witness	target	reviewed	reviewed_explicit_feature_evidence	sanskrit_or_indic_transcription	secure_reviewed_alignment	high
wts_1_34	875	146	1	ཏིང	tin	tiṅ	pre_coda_structural_unit	ཏི	ti	pre_coda_stem	reviewed_tibetan_exact_final_ng_historical_witness	source	historical_source	unaffected_feature_from_reviewed_source	sanskrit_or_indic_transcription	secure_reviewed_alignment	medium
wts_1_34	875	149	1	ཏིང	tin	tiṅ	suffix_coda	ང	ṅ	token_final	reviewed_tibetan_exact_final_ng_historical_witness	target	reviewed	reviewed_explicit_feature_evidence	ordinary_tibetan_lexical_or_compound	secure_reviewed_alignment	high
wts_1_34	875	149	1	ཏིང	tin	tiṅ	pre_coda_structural_unit	ཏི	ti	pre_coda_stem	reviewed_tibetan_exact_final_ng_historical_witness	source	historical_source	unaffected_feature_from_reviewed_source	ordinary_tibetan_lexical_or_compound	secure_reviewed_alignment	medium
wts_1_34	875	177	1	ཏིང	tin	tiṅ	suffix_coda	ང	ṅ	token_final	reviewed_tibetan_exact_final_ng_historical_witness	target	reviewed	reviewed_explicit_feature_evidence	ordinary_tibetan_lexical_or_compound	secure_reviewed_alignment	high
wts_1_34	875	177	1	ཏིང	tin	tiṅ	pre_coda_structural_unit	ཏི	ti	pre_coda_stem	reviewed_tibetan_exact_final_ng_historical_witness	source	historical_source	unaffected_feature_from_reviewed_source	ordinary_tibetan_lexical_or_compound	secure_reviewed_alignment	medium
wts_1_34	875	194	1	ཏིང	tin	tiṅ	suffix_coda	ང	ṅ	token_final	reviewed_tibetan_exact_final_ng_historical_witness	target	reviewed	reviewed_explicit_feature_evidence	ordinary_tibetan_lexical_or_compound	secure_reviewed_alignment	high
wts_1_34	875	194	1	ཏིང	tin	tiṅ	pre_coda_structural_unit	ཏི	ti	pre_coda_stem	reviewed_tibetan_exact_final_ng_historical_witness	source	historical_source	unaffected_feature_from_reviewed_source	ordinary_tibetan_lexical_or_compound	secure_reviewed_alignment	medium
wts_1_34	875	205	1	ཏིང	tin	tiṅ	suffix_coda	ང	ṅ	token_final	reviewed_tibetan_exact_final_ng_historical_witness	target	reviewed	reviewed_explicit_feature_evidence	ordinary_tibetan_lexical_or_compound	secure_reviewed_alignment	high
wts_1_34	875	205	1	ཏིང	tin	tiṅ	pre_coda_structural_unit	ཏི	ti	pre_coda_stem	reviewed_tibetan_exact_final_ng_historical_witness	source	historical_source	unaffected_feature_from_reviewed_source	ordinary_tibetan_lexical_or_compound	secure_reviewed_alignment	medium
wts_1_34	875	205	3	ཏིང	tin	tiṅ	suffix_coda	ང	ṅ	token_final	reviewed_tibetan_exact_final_ng_historical_witness	target	reviewed	reviewed_explicit_feature_evidence	ordinary_tibetan_lexical_or_compound	secure_reviewed_alignment	high
wts_1_34	875	205	3	ཏིང	tin	tiṅ	pre_coda_structural_unit	ཏི	ti	pre_coda_stem	reviewed_tibetan_exact_final_ng_historical_witness	source	historical_source	unaffected_feature_from_reviewed_source	ordinary_tibetan_lexical_or_compound	secure_reviewed_alignment	medium
wts_1_34	876	11	1	ཏིང	tin	tiṅ	suffix_coda	ང	ṅ	token_final	reviewed_tibetan_exact_final_ng_historical_witness	target	reviewed	reviewed_explicit_feature_evidence	ordinary_tibetan_lexical_or_compound	secure_reviewed_alignment	high
wts_1_34	876	11	1	ཏིང	tin	tiṅ	pre_coda_structural_unit	ཏི	ti	pre_coda_stem	reviewed_tibetan_exact_final_ng_historical_witness	source	historical_source	unaffected_feature_from_reviewed_source	ordinary_tibetan_lexical_or_compound	secure_reviewed_alignment	medium
wts_1_34	876	91	2	རྡུང	rdun	rduṅ	suffix_coda	ང	ṅ	token_final	reviewed_tibetan_exact_final_ng_consensus	target	reviewed	reviewed_explicit_feature_evidence	ordinary_tibetan_lexical_or_compound	secure_reviewed_alignment	high
wts_1_34	876	91	2	རྡུང	rdun	rduṅ	pre_coda_structural_unit	རྡུ	rdu	pre_coda_stem	reviewed_tibetan_exact_final_ng_consensus	source	historical_source	unaffected_feature_from_reviewed_source	ordinary_tibetan_lexical_or_compound	secure_reviewed_alignment	medium
wts_1_34	879	101	2	ཤིང	Sin	Siṅ	suffix_coda	ང	ṅ	token_final	reviewed_tibetan_exact_final_ng_source_compatible	target	reviewed	reviewed_explicit_feature_evidence	ordinary_tibetan_lexical_or_compound	secure_reviewed_alignment	high
wts_1_34	879	101	2	ཤིང	Sin	Siṅ	pre_coda_structural_unit	ཤི	Si	pre_coda_stem	reviewed_tibetan_exact_final_ng_source_compatible	source	historical_source	unaffected_feature_from_reviewed_source	ordinary_tibetan_lexical_or_compound	secure_reviewed_alignment	medium
wts_1_34	882	65	1	གཏང	gtan	gtaṅ	suffix_coda	ང	ṅ	token_final	reviewed_tibetan_exact_final_ng_historical_witness	target	reviewed	reviewed_explicit_feature_evidence	ordinary_tibetan_lexical_or_compound	secure_reviewed_alignment	high
wts_1_34	882	65	1	གཏང	gtan	gtaṅ	pre_coda_structural_unit	གཏ	gta	pre_coda_stem	reviewed_tibetan_exact_final_ng_historical_witness	source	historical_source	unaffected_feature_from_reviewed_source	ordinary_tibetan_lexical_or_compound	secure_reviewed_alignment	medium
wts_1_34	882	109	1	གཏང	gtan	gtaṅ	suffix_coda	ང	ṅ	token_final	reviewed_tibetan_exact_final_ng_historical_witness	target	reviewed	reviewed_explicit_feature_evidence	ordinary_tibetan_lexical_or_compound	secure_reviewed_alignment	high
wts_1_34	882	109	1	གཏང	gtan	gtaṅ	pre_coda_structural_unit	གཏ	gta	pre_coda_stem	reviewed_tibetan_exact_final_ng_historical_witness	source	historical_source	unaffected_feature_from_reviewed_source	ordinary_tibetan_lexical_or_compound	secure_reviewed_alignment	medium
wts_1_34	882	160	1	གཏང	gtan	gtaṅ	suffix_coda	ང	ṅ	token_final	reviewed_tibetan_exact_final_ng_historical_witness	target	reviewed	reviewed_explicit_feature_evidence	ordinary_tibetan_lexical_or_compound	secure_reviewed_alignment	high
wts_1_34	882	160	1	གཏང	gtan	gtaṅ	pre_coda_structural_unit	གཏ	gta	pre_coda_stem	reviewed_tibetan_exact_final_ng_historical_witness	source	historical_source	unaffected_feature_from_reviewed_source	ordinary_tibetan_lexical_or_compound	secure_reviewed_alignment	medium
wts_1_34	882	164	1	གཏང	gtan	gtaṅ	suffix_coda	ང	ṅ	token_final	reviewed_tibetan_exact_final_ng_historical_witness	target	reviewed	reviewed_explicit_feature_evidence	ordinary_tibetan_lexical_or_compound	secure_reviewed_alignment	high
wts_1_34	882	164	1	གཏང	gtan	gtaṅ	pre_coda_structural_unit	གཏ	gta	pre_coda_stem	reviewed_tibetan_exact_final_ng_historical_witness	source	historical_source	unaffected_feature_from_reviewed_source	ordinary_tibetan_lexical_or_compound	secure_reviewed_alignment	medium
wts_1_34	882	167	1	གཏང	gtan	gtaṅ	suffix_coda	ང	ṅ	token_final	reviewed_tibetan_exact_final_ng_historical_witness	target	reviewed	reviewed_explicit_feature_evidence	ordinary_tibetan_lexical_or_compound	secure_reviewed_alignment	high
wts_1_34	882	167	1	གཏང	gtan	gtaṅ	pre_coda_structural_unit	གཏ	gta	pre_coda_stem	reviewed_tibetan_exact_final_ng_historical_witness	source	historical_source	unaffected_feature_from_reviewed_source	ordinary_tibetan_lexical_or_compound	secure_reviewed_alignment	medium
wts_1_34	882	181	1	གཏང	gtan	gtaṅ	suffix_coda	ང	ṅ	token_final	reviewed_tibetan_exact_final_ng_historical_witness	target	reviewed	reviewed_explicit_feature_evidence	ordinary_tibetan_lexical_or_compound	secure_reviewed_alignment	high
wts_1_34	882	181	1	གཏང	gtan	gtaṅ	pre_coda_structural_unit	གཏ	gta	pre_coda_stem	reviewed_tibetan_exact_final_ng_historical_witness	source	historical_source	unaffected_feature_from_reviewed_source	ordinary_tibetan_lexical_or_compound	secure_reviewed_alignment	medium
wts_1_34	882	188	1	གཏང	gtan	gtaṅ	suffix_coda	ང	ṅ	token_final	reviewed_tibetan_exact_final_ng_historical_witness	target	reviewed	reviewed_explicit_feature_evidence	ordinary_tibetan_lexical_or_compound	secure_reviewed_alignment	high
wts_1_34	882	188	1	གཏང	gtan	gtaṅ	pre_coda_structural_unit	གཏ	gta	pre_coda_stem	reviewed_tibetan_exact_final_ng_historical_witness	source	historical_source	unaffected_feature_from_reviewed_source	ordinary_tibetan_lexical_or_compound	secure_reviewed_alignment	medium
wts_1_34	889	220	1	གཏིང	gtin	gtiṅ	suffix_coda	ང	ṅ	token_final	reviewed_tibetan_exact_final_ng_consensus	target	reviewed	reviewed_explicit_feature_evidence	ordinary_tibetan_lexical_or_compound	secure_reviewed_alignment	high
wts_1_34	889	220	1	གཏིང	gtin	gtiṅ	pre_coda_structural_unit	གཏི	gti	pre_coda_stem	reviewed_tibetan_exact_final_ng_consensus	source	historical_source	unaffected_feature_from_reviewed_source	ordinary_tibetan_lexical_or_compound	secure_reviewed_alignment	medium
wts_1_34	890	1	1	གཏིང	gtin	gtiṅ	suffix_coda	ང	ṅ	token_final	reviewed_tibetan_exact_final_ng_consensus	target	reviewed	reviewed_explicit_feature_evidence	ordinary_tibetan_lexical_or_compound	secure_reviewed_alignment	high
wts_1_34	890	1	1	གཏིང	gtin	gtiṅ	pre_coda_structural_unit	གཏི	gti	pre_coda_stem	reviewed_tibetan_exact_final_ng_consensus	source	historical_source	unaffected_feature_from_reviewed_source	ordinary_tibetan_lexical_or_compound	secure_reviewed_alignment	medium
wts_1_34	890	3	1	གཏིང	gtin	gtiṅ	suffix_coda	ང	ṅ	token_final	reviewed_tibetan_exact_final_ng_consensus	target	reviewed	reviewed_explicit_feature_evidence	ordinary_tibetan_lexical_or_compound	secure_reviewed_alignment	high
wts_1_34	890	3	1	གཏིང	gtin	gtiṅ	pre_coda_structural_unit	གཏི	gti	pre_coda_stem	reviewed_tibetan_exact_final_ng_consensus	source	historical_source	unaffected_feature_from_reviewed_source	ordinary_tibetan_lexical_or_compound	secure_reviewed_alignment	medium
wts_1_34	890	17	1	གཏིང	gtin	gtiṅ	suffix_coda	ང	ṅ	token_final	reviewed_tibetan_exact_final_ng_consensus	target	reviewed	reviewed_explicit_feature_evidence	ordinary_tibetan_lexical_or_compound	secure_reviewed_alignment	high
wts_1_34	890	17	1	གཏིང	gtin	gtiṅ	pre_coda_structural_unit	གཏི	gti	pre_coda_stem	reviewed_tibetan_exact_final_ng_consensus	source	historical_source	unaffected_feature_from_reviewed_source	ordinary_tibetan_lexical_or_compound	secure_reviewed_alignment	medium
wts_1_34	890	51	1	གཏིང	gtin	gtiṅ	suffix_coda	ང	ṅ	token_final	reviewed_tibetan_exact_final_ng_consensus	target	reviewed	reviewed_explicit_feature_evidence	ordinary_tibetan_lexical_or_compound	secure_reviewed_alignment	high
wts_1_34	890	51	1	གཏིང	gtin	gtiṅ	pre_coda_structural_unit	གཏི	gti	pre_coda_stem	reviewed_tibetan_exact_final_ng_consensus	source	historical_source	unaffected_feature_from_reviewed_source	ordinary_tibetan_lexical_or_compound	secure_reviewed_alignment	medium
wts_1_34	890	58	1	གཏིང	gtin	gtiṅ	suffix_coda	ང	ṅ	token_final	reviewed_tibetan_exact_final_ng_consensus	target	reviewed	reviewed_explicit_feature_evidence	ordinary_tibetan_lexical_or_compound	secure_reviewed_alignment	high
wts_1_34	890	58	1	གཏིང	gtin	gtiṅ	pre_coda_structural_unit	གཏི	gti	pre_coda_stem	reviewed_tibetan_exact_final_ng_consensus	source	historical_source	unaffected_feature_from_reviewed_source	ordinary_tibetan_lexical_or_compound	secure_reviewed_alignment	medium
wts_1_34	890	74	1	གཏིང	gtin	gtiṅ	suffix_coda	ང	ṅ	token_final	reviewed_tibetan_exact_final_ng_consensus	target	reviewed	reviewed_explicit_feature_evidence	ordinary_tibetan_lexical_or_compound	secure_reviewed_alignment	high
wts_1_34	890	74	1	གཏིང	gtin	gtiṅ	pre_coda_structural_unit	གཏི	gti	pre_coda_stem	reviewed_tibetan_exact_final_ng_consensus	source	historical_source	unaffected_feature_from_reviewed_source	ordinary_tibetan_lexical_or_compound	secure_reviewed_alignment	medium
wts_1_34	890	82	1	གཏིང	gtin	gtiṅ	suffix_coda	ང	ṅ	token_final	reviewed_tibetan_exact_final_ng_consensus	target	reviewed	reviewed_explicit_feature_evidence	ordinary_tibetan_lexical_or_compound	secure_reviewed_alignment	high
wts_1_34	890	82	1	གཏིང	gtin	gtiṅ	pre_coda_structural_unit	གཏི	gti	pre_coda_stem	reviewed_tibetan_exact_final_ng_consensus	source	historical_source	unaffected_feature_from_reviewed_source	ordinary_tibetan_lexical_or_compound	secure_reviewed_alignment	medium
wts_1_34	890	94	1	གཏིང	gtin	gtiṅ	suffix_coda	ང	ṅ	token_final	reviewed_tibetan_exact_final_ng_consensus	target	reviewed	reviewed_explicit_feature_evidence	ordinary_tibetan_lexical_or_compound	secure_reviewed_alignment	high
wts_1_34	890	94	1	གཏིང	gtin	gtiṅ	pre_coda_structural_unit	གཏི	gti	pre_coda_stem	reviewed_tibetan_exact_final_ng_consensus	source	historical_source	unaffected_feature_from_reviewed_source	ordinary_tibetan_lexical_or_compound	secure_reviewed_alignment	medium
wts_1_34	890	102	1	གཏིང	gtin	gtiṅ	suffix_coda	ང	ṅ	token_final	reviewed_tibetan_exact_final_ng_consensus	target	reviewed	reviewed_explicit_feature_evidence	ordinary_tibetan_lexical_or_compound	secure_reviewed_alignment	high
wts_1_34	890	102	1	གཏིང	gtin	gtiṅ	pre_coda_structural_unit	གཏི	gti	pre_coda_stem	reviewed_tibetan_exact_final_ng_consensus	source	historical_source	unaffected_feature_from_reviewed_source	ordinary_tibetan_lexical_or_compound	secure_reviewed_alignment	medium
wts_1_34	890	119	1	གཏིང	gtin	gtiṅ	suffix_coda	ང	ṅ	token_final	reviewed_tibetan_exact_final_ng_consensus	target	reviewed	reviewed_explicit_feature_evidence	ordinary_tibetan_lexical_or_compound	secure_reviewed_alignment	high
wts_1_34	890	119	1	གཏིང	gtin	gtiṅ	pre_coda_structural_unit	གཏི	gti	pre_coda_stem	reviewed_tibetan_exact_final_ng_consensus	source	historical_source	unaffected_feature_from_reviewed_source	ordinary_tibetan_lexical_or_compound	secure_reviewed_alignment	medium
wts_1_34	891	109	3	གཞི	gZi	gźi	root_consonant	ཞ	ź	root	reviewed_tibetan_exact_transcription_integrity	target	reviewed	reviewed_explicit_feature_evidence	ordinary_tibetan_lexical_or_compound	secure_reviewed_alignment	high
wts_1_34	891	109	3	གཞི	gZi	gźi	unsegmented_structural_unit	གཞི	g□i	unaffected_span_support	reviewed_tibetan_exact_transcription_integrity	source	historical_source	unaffected_feature_from_reviewed_source	ordinary_tibetan_lexical_or_compound	secure_reviewed_alignment	medium
wts_1_34	891	121	2	ཤིང	sin	siṅ	suffix_coda	ང	ṅ	token_final	reviewed_tibetan_exact_final_ng_source_compatible	target	reviewed	reviewed_explicit_feature_evidence	ordinary_tibetan_lexical_or_compound	secure_reviewed_alignment	high
wts_1_34	891	121	2	ཤིང	sin	siṅ	pre_coda_structural_unit	ཤི	si	pre_coda_stem	reviewed_tibetan_exact_final_ng_source_compatible	source	historical_source	unaffected_feature_from_reviewed_source	ordinary_tibetan_lexical_or_compound	secure_reviewed_alignment	medium
wts_1_34	891	130	2	ཤིང	sin	siṅ	suffix_coda	ང	ṅ	token_final	reviewed_tibetan_exact_final_ng_source_compatible	target	reviewed	reviewed_explicit_feature_evidence	ordinary_tibetan_lexical_or_compound	secure_reviewed_alignment	high
wts_1_34	891	130	2	ཤིང	sin	siṅ	pre_coda_structural_unit	ཤི	si	pre_coda_stem	reviewed_tibetan_exact_final_ng_source_compatible	source	historical_source	unaffected_feature_from_reviewed_source	ordinary_tibetan_lexical_or_compound	secure_reviewed_alignment	medium
wts_1_34	891	140	2	ཤིང	Sin	Siṅ	suffix_coda	ང	ṅ	token_final	reviewed_tibetan_exact_final_ng_source_compatible	target	reviewed	reviewed_explicit_feature_evidence	ordinary_tibetan_lexical_or_compound	secure_reviewed_alignment	high
wts_1_34	891	140	2	ཤིང	Sin	Siṅ	pre_coda_structural_unit	ཤི	Si	pre_coda_stem	reviewed_tibetan_exact_final_ng_source_compatible	source	historical_source	unaffected_feature_from_reviewed_source	ordinary_tibetan_lexical_or_compound	secure_reviewed_alignment	medium
wts_1_34	892	71	4	སྣང	snan	snaṅ	suffix_coda	ང	ṅ	token_final	reviewed_tibetan_exact_script_ng_witness	target	reviewed	reviewed_explicit_feature_evidence	tibetan_proper_name	secure_reviewed_alignment	high
wts_1_34	892	71	4	སྣང	snan	snaṅ	pre_coda_structural_unit	སྣ	sna	pre_coda_stem	reviewed_tibetan_exact_script_ng_witness	source	historical_source	unaffected_feature_from_reviewed_source	tibetan_proper_name	secure_reviewed_alignment	medium
wts_1_34	894	73	2	ལུང	lun	luṅ	suffix_coda	ང	ṅ	token_final	reviewed_tibetan_exact_final_ng_source_compatible	target	reviewed	reviewed_explicit_feature_evidence	ordinary_tibetan_lexical_or_compound	secure_reviewed_alignment	high
wts_1_34	894	73	2	ལུང	lun	luṅ	pre_coda_structural_unit	ལུ	lu	pre_coda_stem	reviewed_tibetan_exact_final_ng_source_compatible	source	historical_source	unaffected_feature_from_reviewed_source	ordinary_tibetan_lexical_or_compound	secure_reviewed_alignment	medium
wts_1_34	895	125	1	གཏོང	gton	gtoṅ	suffix_coda	ང	ṅ	token_final	reviewed_tibetan_exact_final_ng_consensus	target	reviewed	reviewed_explicit_feature_evidence	ordinary_tibetan_lexical_or_compound	secure_reviewed_alignment	high
wts_1_34	895	125	1	གཏོང	gton	gtoṅ	pre_coda_structural_unit	གཏོ	gto	pre_coda_stem	reviewed_tibetan_exact_final_ng_consensus	source	historical_source	unaffected_feature_from_reviewed_source	ordinary_tibetan_lexical_or_compound	secure_reviewed_alignment	medium
wts_1_34	895	153	1	གཏོང	gton	gtoṅ	suffix_coda	ང	ṅ	token_final	reviewed_tibetan_exact_final_ng_consensus	target	reviewed	reviewed_explicit_feature_evidence	ordinary_tibetan_lexical_or_compound	secure_reviewed_alignment	high
wts_1_34	895	153	1	གཏོང	gton	gtoṅ	pre_coda_structural_unit	གཏོ	gto	pre_coda_stem	reviewed_tibetan_exact_final_ng_consensus	source	historical_source	unaffected_feature_from_reviewed_source	ordinary_tibetan_lexical_or_compound	secure_reviewed_alignment	medium
wts_1_34	896	1	1	གཏོང	gton	gtoṅ	suffix_coda	ང	ṅ	token_final	reviewed_tibetan_exact_final_ng_consensus	target	reviewed	reviewed_explicit_feature_evidence	ordinary_tibetan_lexical_or_compound	secure_reviewed_alignment	high
wts_1_34	896	1	1	གཏོང	gton	gtoṅ	pre_coda_structural_unit	གཏོ	gto	pre_coda_stem	reviewed_tibetan_exact_final_ng_consensus	source	historical_source	unaffected_feature_from_reviewed_source	ordinary_tibetan_lexical_or_compound	secure_reviewed_alignment	medium
wts_1_34	896	108	1	གཏོང	gton	gtoṅ	suffix_coda	ང	ṅ	token_final	reviewed_tibetan_exact_final_ng_consensus	target	reviewed	reviewed_explicit_feature_evidence	ordinary_tibetan_lexical_or_compound	secure_reviewed_alignment	high
wts_1_34	896	108	1	གཏོང	gton	gtoṅ	pre_coda_structural_unit	གཏོ	gto	pre_coda_stem	reviewed_tibetan_exact_final_ng_consensus	source	historical_source	unaffected_feature_from_reviewed_source	ordinary_tibetan_lexical_or_compound	secure_reviewed_alignment	medium
wts_1_34	896	136	1	གཏོང	gton	gtoṅ	suffix_coda	ང	ṅ	token_final	reviewed_tibetan_exact_final_ng_consensus	target	reviewed	reviewed_explicit_feature_evidence	ordinary_tibetan_lexical_or_compound	secure_reviewed_alignment	high
wts_1_34	896	136	1	གཏོང	gton	gtoṅ	pre_coda_structural_unit	གཏོ	gto	pre_coda_stem	reviewed_tibetan_exact_final_ng_consensus	source	historical_source	unaffected_feature_from_reviewed_source	ordinary_tibetan_lexical_or_compound	secure_reviewed_alignment	medium
wts_1_34	896	142	1	གཏོང	gton	gtoṅ	suffix_coda	ང	ṅ	token_final	reviewed_tibetan_exact_final_ng_consensus	target	reviewed	reviewed_explicit_feature_evidence	ordinary_tibetan_lexical_or_compound	secure_reviewed_alignment	high
wts_1_34	896	142	1	གཏོང	gton	gtoṅ	pre_coda_structural_unit	གཏོ	gto	pre_coda_stem	reviewed_tibetan_exact_final_ng_consensus	source	historical_source	unaffected_feature_from_reviewed_source	ordinary_tibetan_lexical_or_compound	secure_reviewed_alignment	medium
wts_1_34	896	158	1	གཏོང	gton	gtoṅ	suffix_coda	ང	ṅ	token_final	reviewed_tibetan_exact_final_ng_consensus	target	reviewed	reviewed_explicit_feature_evidence	ordinary_tibetan_lexical_or_compound	secure_reviewed_alignment	high
wts_1_34	896	158	1	གཏོང	gton	gtoṅ	pre_coda_structural_unit	གཏོ	gto	pre_coda_stem	reviewed_tibetan_exact_final_ng_consensus	source	historical_source	unaffected_feature_from_reviewed_source	ordinary_tibetan_lexical_or_compound	secure_reviewed_alignment	medium
wts_1_34	896	180	1	གཏོང	gton	gtoṅ	suffix_coda	ང	ṅ	token_final	reviewed_tibetan_exact_final_ng_consensus	target	reviewed	reviewed_explicit_feature_evidence	ordinary_tibetan_lexical_or_compound	secure_reviewed_alignment	high
wts_1_34	896	180	1	གཏོང	gton	gtoṅ	pre_coda_structural_unit	གཏོ	gto	pre_coda_stem	reviewed_tibetan_exact_final_ng_consensus	source	historical_source	unaffected_feature_from_reviewed_source	ordinary_tibetan_lexical_or_compound	secure_reviewed_alignment	medium
wts_1_34	896	197	1	གཏོང	gton	gtoṅ	suffix_coda	ང	ṅ	token_final	reviewed_tibetan_exact_final_ng_consensus	target	reviewed	reviewed_explicit_feature_evidence	ordinary_tibetan_lexical_or_compound	secure_reviewed_alignment	high
wts_1_34	896	197	1	གཏོང	gton	gtoṅ	pre_coda_structural_unit	གཏོ	gto	pre_coda_stem	reviewed_tibetan_exact_final_ng_consensus	source	historical_source	unaffected_feature_from_reviewed_source	ordinary_tibetan_lexical_or_compound	secure_reviewed_alignment	medium
wts_1_34	896	204	1	གཏོང	gton	gtoṅ	suffix_coda	ང	ṅ	token_final	reviewed_tibetan_exact_final_ng_consensus	target	reviewed	reviewed_explicit_feature_evidence	ordinary_tibetan_lexical_or_compound	secure_reviewed_alignment	high
wts_1_34	896	204	1	གཏོང	gton	gtoṅ	pre_coda_structural_unit	གཏོ	gto	pre_coda_stem	reviewed_tibetan_exact_final_ng_consensus	source	historical_source	unaffected_feature_from_reviewed_source	ordinary_tibetan_lexical_or_compound	secure_reviewed_alignment	medium
wts_1_34	896	206	1	གཏོང	gton	gtoṅ	suffix_coda	ང	ṅ	token_final	reviewed_tibetan_exact_final_ng_consensus	target	reviewed	reviewed_explicit_feature_evidence	ordinary_tibetan_lexical_or_compound	secure_reviewed_alignment	high
wts_1_34	896	206	1	གཏོང	gton	gtoṅ	pre_coda_structural_unit	གཏོ	gto	pre_coda_stem	reviewed_tibetan_exact_final_ng_consensus	source	historical_source	unaffected_feature_from_reviewed_source	ordinary_tibetan_lexical_or_compound	secure_reviewed_alignment	medium
wts_1_34	897	1	1	གཏོང	gton	gtoṅ	suffix_coda	ང	ṅ	token_final	reviewed_tibetan_exact_final_ng_consensus	target	reviewed	reviewed_explicit_feature_evidence	ordinary_tibetan_lexical_or_compound	secure_reviewed_alignment	high
wts_1_34	897	1	1	གཏོང	gton	gtoṅ	pre_coda_structural_unit	གཏོ	gto	pre_coda_stem	reviewed_tibetan_exact_final_ng_consensus	source	historical_source	unaffected_feature_from_reviewed_source	ordinary_tibetan_lexical_or_compound	secure_reviewed_alignment	medium
wts_1_34	897	3	1	གཏོང	gton	gtoṅ	suffix_coda	ང	ṅ	token_final	reviewed_tibetan_exact_final_ng_consensus	target	reviewed	reviewed_explicit_feature_evidence	ordinary_tibetan_lexical_or_compound	secure_reviewed_alignment	high
wts_1_34	897	3	1	གཏོང	gton	gtoṅ	pre_coda_structural_unit	གཏོ	gto	pre_coda_stem	reviewed_tibetan_exact_final_ng_consensus	source	historical_source	unaffected_feature_from_reviewed_source	ordinary_tibetan_lexical_or_compound	secure_reviewed_alignment	medium
wts_1_34	897	21	1	གཏོང	gton	gtoṅ	suffix_coda	ང	ṅ	token_final	reviewed_tibetan_exact_final_ng_consensus	target	reviewed	reviewed_explicit_feature_evidence	ordinary_tibetan_lexical_or_compound	secure_reviewed_alignment	high
wts_1_34	897	21	1	གཏོང	gton	gtoṅ	pre_coda_structural_unit	གཏོ	gto	pre_coda_stem	reviewed_tibetan_exact_final_ng_consensus	source	historical_source	unaffected_feature_from_reviewed_source	ordinary_tibetan_lexical_or_compound	secure_reviewed_alignment	medium
wts_1_34	897	36	1	གཏོང	gton	gtoṅ	suffix_coda	ང	ṅ	token_final	reviewed_tibetan_exact_final_ng_consensus	target	reviewed	reviewed_explicit_feature_evidence	ordinary_tibetan_lexical_or_compound	secure_reviewed_alignment	high
wts_1_34	897	36	1	གཏོང	gton	gtoṅ	pre_coda_structural_unit	གཏོ	gto	pre_coda_stem	reviewed_tibetan_exact_final_ng_consensus	source	historical_source	unaffected_feature_from_reviewed_source	ordinary_tibetan_lexical_or_compound	secure_reviewed_alignment	medium
wts_1_34	897	59	1	གཏོང	gton	gtoṅ	suffix_coda	ང	ṅ	token_final	reviewed_tibetan_exact_final_ng_consensus	target	reviewed	reviewed_explicit_feature_evidence	ordinary_tibetan_lexical_or_compound	secure_reviewed_alignment	high
wts_1_34	897	59	1	གཏོང	gton	gtoṅ	pre_coda_structural_unit	གཏོ	gto	pre_coda_stem	reviewed_tibetan_exact_final_ng_consensus	source	historical_source	unaffected_feature_from_reviewed_source	ordinary_tibetan_lexical_or_compound	secure_reviewed_alignment	medium
wts_1_34	897	59	2	ཡོང	yon	yoṅ	suffix_coda	ང	ṅ	token_final	reviewed_tibetan_exact_final_ng_consensus	target	reviewed	reviewed_explicit_feature_evidence	ordinary_tibetan_lexical_or_compound	secure_reviewed_alignment	high
wts_1_34	897	59	2	ཡོང	yon	yoṅ	pre_coda_structural_unit	ཡོ	yo	pre_coda_stem	reviewed_tibetan_exact_final_ng_consensus	source	historical_source	unaffected_feature_from_reviewed_source	ordinary_tibetan_lexical_or_compound	secure_reviewed_alignment	medium
wts_1_34	897	61	1	གཏོང	gton	gtoṅ	suffix_coda	ང	ṅ	token_final	reviewed_tibetan_exact_final_ng_consensus	target	reviewed	reviewed_explicit_feature_evidence	ordinary_tibetan_lexical_or_compound	secure_reviewed_alignment	high
wts_1_34	897	61	1	གཏོང	gton	gtoṅ	pre_coda_structural_unit	གཏོ	gto	pre_coda_stem	reviewed_tibetan_exact_final_ng_consensus	source	historical_source	unaffected_feature_from_reviewed_source	ordinary_tibetan_lexical_or_compound	secure_reviewed_alignment	medium
wts_1_34	897	78	1	གཏོང	gton	gtoṅ	suffix_coda	ང	ṅ	token_final	reviewed_tibetan_exact_final_ng_consensus	target	reviewed	reviewed_explicit_feature_evidence	ordinary_tibetan_lexical_or_compound	secure_reviewed_alignment	high
wts_1_34	897	78	1	གཏོང	gton	gtoṅ	pre_coda_structural_unit	གཏོ	gto	pre_coda_stem	reviewed_tibetan_exact_final_ng_consensus	source	historical_source	unaffected_feature_from_reviewed_source	ordinary_tibetan_lexical_or_compound	secure_reviewed_alignment	medium
wts_1_34	897	85	1	གཏོང	gton	gtoṅ	suffix_coda	ང	ṅ	token_final	reviewed_tibetan_exact_final_ng_consensus	target	reviewed	reviewed_explicit_feature_evidence	ordinary_tibetan_lexical_or_compound	marker_or_damage	high
wts_1_34	897	85	1	གཏོང	gton	gtoṅ	pre_coda_structural_unit	གཏོ	gto	pre_coda_stem	reviewed_tibetan_exact_final_ng_consensus	source	historical_source	unaffected_feature_from_reviewed_source	ordinary_tibetan_lexical_or_compound	marker_or_damage	medium
wts_1_34	897	109	1	གཏོང	gton	gtoṅ	suffix_coda	ང	ṅ	token_final	reviewed_tibetan_exact_final_ng_consensus	target	reviewed	reviewed_explicit_feature_evidence	ordinary_tibetan_lexical_or_compound	secure_reviewed_alignment	high
wts_1_34	897	109	1	གཏོང	gton	gtoṅ	pre_coda_structural_unit	གཏོ	gto	pre_coda_stem	reviewed_tibetan_exact_final_ng_consensus	source	historical_source	unaffected_feature_from_reviewed_source	ordinary_tibetan_lexical_or_compound	secure_reviewed_alignment	medium
wts_1_34	897	109	2	ཡོང	yon	yoṅ	suffix_coda	ང	ṅ	token_final	reviewed_tibetan_exact_final_ng_consensus	target	reviewed	reviewed_explicit_feature_evidence	ordinary_tibetan_lexical_or_compound	secure_reviewed_alignment	high
wts_1_34	897	109	2	ཡོང	yon	yoṅ	pre_coda_structural_unit	ཡོ	yo	pre_coda_stem	reviewed_tibetan_exact_final_ng_consensus	source	historical_source	unaffected_feature_from_reviewed_source	ordinary_tibetan_lexical_or_compound	secure_reviewed_alignment	medium
wts_1_34	897	115	1	གཏོང	gton	gtoṅ	suffix_coda	ང	ṅ	token_final	reviewed_tibetan_exact_final_ng_consensus	target	reviewed	reviewed_explicit_feature_evidence	ordinary_tibetan_lexical_or_compound	secure_reviewed_alignment	high
wts_1_34	897	115	1	གཏོང	gton	gtoṅ	pre_coda_structural_unit	གཏོ	gto	pre_coda_stem	reviewed_tibetan_exact_final_ng_consensus	source	historical_source	unaffected_feature_from_reviewed_source	ordinary_tibetan_lexical_or_compound	secure_reviewed_alignment	medium
wts_1_34	897	127	1	གཏོང	gton	gtoṅ	suffix_coda	ང	ṅ	token_final	reviewed_tibetan_exact_final_ng_consensus	target	reviewed	reviewed_explicit_feature_evidence	ordinary_tibetan_lexical_or_compound	secure_reviewed_alignment	high
wts_1_34	897	127	1	གཏོང	gton	gtoṅ	pre_coda_structural_unit	གཏོ	gto	pre_coda_stem	reviewed_tibetan_exact_final_ng_consensus	source	historical_source	unaffected_feature_from_reviewed_source	ordinary_tibetan_lexical_or_compound	secure_reviewed_alignment	medium
wts_1_34	897	151	1	གཏོང	gton	gtoṅ	suffix_coda	ང	ṅ	token_final	reviewed_tibetan_exact_final_ng_consensus	target	reviewed	reviewed_explicit_feature_evidence	ordinary_tibetan_lexical_or_compound	secure_reviewed_alignment	high
wts_1_34	897	151	1	གཏོང	gton	gtoṅ	pre_coda_structural_unit	གཏོ	gto	pre_coda_stem	reviewed_tibetan_exact_final_ng_consensus	source	historical_source	unaffected_feature_from_reviewed_source	ordinary_tibetan_lexical_or_compound	secure_reviewed_alignment	medium
wts_1_34	898	108	2	ཁུང	khun	khuṅ	suffix_coda	ང	ṅ	token_final	reviewed_tibetan_exact_final_ng_consensus	target	reviewed	reviewed_explicit_feature_evidence	ordinary_tibetan_lexical_or_compound	secure_reviewed_alignment	high
wts_1_34	898	108	2	ཁུང	khun	khuṅ	pre_coda_structural_unit	ཁུ	khu	pre_coda_stem	reviewed_tibetan_exact_final_ng_consensus	source	historical_source	unaffected_feature_from_reviewed_source	ordinary_tibetan_lexical_or_compound	secure_reviewed_alignment	medium
wts_1_34	898	110	2	ཁུང	khun	khuṅ	suffix_coda	ང	ṅ	token_final	reviewed_tibetan_exact_final_ng_consensus	target	reviewed	reviewed_explicit_feature_evidence	ordinary_tibetan_lexical_or_compound	secure_reviewed_alignment	high
wts_1_34	898	110	2	ཁུང	khun	khuṅ	pre_coda_structural_unit	ཁུ	khu	pre_coda_stem	reviewed_tibetan_exact_final_ng_consensus	source	historical_source	unaffected_feature_from_reviewed_source	ordinary_tibetan_lexical_or_compound	secure_reviewed_alignment	medium
wts_1_34	898	177	2	དབང	dban	dbaṅ	suffix_coda	ང	ṅ	token_final	reviewed_tibetan_exact_final_ng_consensus	target	reviewed	reviewed_explicit_feature_evidence	ordinary_tibetan_lexical_or_compound	secure_reviewed_alignment	high
wts_1_34	898	177	2	དབང	dban	dbaṅ	pre_coda_structural_unit	དབ	dba	pre_coda_stem	reviewed_tibetan_exact_final_ng_consensus	source	historical_source	unaffected_feature_from_reviewed_source	ordinary_tibetan_lexical_or_compound	secure_reviewed_alignment	medium
wts_1_34	899	29	4	གསུམ	Ina	lṅa	unsegmented_structural_unit	གསུམ	□□a	unaffected_span_support	reviewed_tibetan_exact_initial_i_l_family	source	historical_source	unaffected_feature_from_reviewed_source	ordinary_tibetan_lexical_or_compound	secure_reviewed_alignment	medium
wts_1_34	901	53	1	བཏང	btani	btaṅ	unsegmented_structural_unit	བཏང	bta□	unaffected_span_support	reviewed_tibetan_exact_ocr_signature	source	historical_source	unaffected_feature_from_reviewed_source	ordinary_tibetan_lexical_or_compound	secure_reviewed_alignment	medium
wts_1_34	901	155	1	བཏང	btan	btaṅ	suffix_coda	ང	ṅ	token_final	reviewed_tibetan_exact_final_ng_consensus	target	reviewed	reviewed_explicit_feature_evidence	ordinary_tibetan_lexical_or_compound	secure_reviewed_alignment	high
wts_1_34	901	155	1	བཏང	btan	btaṅ	pre_coda_structural_unit	བཏ	bta	pre_coda_stem	reviewed_tibetan_exact_final_ng_consensus	source	historical_source	unaffected_feature_from_reviewed_source	ordinary_tibetan_lexical_or_compound	secure_reviewed_alignment	medium
wts_1_34	902	1	1	བཏང	btan	btaṅ	suffix_coda	ང	ṅ	token_final	reviewed_tibetan_exact_final_ng_consensus	target	reviewed	reviewed_explicit_feature_evidence	ordinary_tibetan_lexical_or_compound	secure_reviewed_alignment	high
wts_1_34	902	1	1	བཏང	btan	btaṅ	pre_coda_structural_unit	བཏ	bta	pre_coda_stem	reviewed_tibetan_exact_final_ng_consensus	source	historical_source	unaffected_feature_from_reviewed_source	ordinary_tibetan_lexical_or_compound	secure_reviewed_alignment	medium
wts_1_34	902	55	1	བཏང	btan	btaṅ	suffix_coda	ང	ṅ	token_final	reviewed_tibetan_exact_final_ng_consensus	target	reviewed	reviewed_explicit_feature_evidence	ordinary_tibetan_lexical_or_compound	secure_reviewed_alignment	high
wts_1_34	902	55	1	བཏང	btan	btaṅ	pre_coda_structural_unit	བཏ	bta	pre_coda_stem	reviewed_tibetan_exact_final_ng_consensus	source	historical_source	unaffected_feature_from_reviewed_source	ordinary_tibetan_lexical_or_compound	secure_reviewed_alignment	medium
wts_1_34	904	21	1	བཏང	btan	btaṅ	suffix_coda	ང	ṅ	token_final	reviewed_tibetan_exact_final_ng_consensus	target	reviewed	reviewed_explicit_feature_evidence	ordinary_tibetan_lexical_or_compound	secure_reviewed_alignment	high
wts_1_34	904	21	1	བཏང	btan	btaṅ	pre_coda_structural_unit	བཏ	bta	pre_coda_stem	reviewed_tibetan_exact_final_ng_consensus	source	historical_source	unaffected_feature_from_reviewed_source	ordinary_tibetan_lexical_or_compound	secure_reviewed_alignment	medium
wts_1_34	904	43	1	བཏང	btan	btaṅ	suffix_coda	ང	ṅ	token_final	reviewed_tibetan_exact_final_ng_consensus	target	reviewed	reviewed_explicit_feature_evidence	ordinary_tibetan_lexical_or_compound	secure_reviewed_alignment	high
wts_1_34	904	43	1	བཏང	btan	btaṅ	pre_coda_structural_unit	བཏ	bta	pre_coda_stem	reviewed_tibetan_exact_final_ng_consensus	source	historical_source	unaffected_feature_from_reviewed_source	ordinary_tibetan_lexical_or_compound	secure_reviewed_alignment	medium
wts_1_34	904	59	1	བཏང	btan	btaṅ	suffix_coda	ང	ṅ	token_final	reviewed_tibetan_exact_final_ng_consensus	target	reviewed	reviewed_explicit_feature_evidence	ordinary_tibetan_lexical_or_compound	secure_reviewed_alignment	high
wts_1_34	904	59	1	བཏང	btan	btaṅ	pre_coda_structural_unit	བཏ	bta	pre_coda_stem	reviewed_tibetan_exact_final_ng_consensus	source	historical_source	unaffected_feature_from_reviewed_source	ordinary_tibetan_lexical_or_compound	secure_reviewed_alignment	medium
wts_1_34	904	72	1	བཏང	btan	btaṅ	suffix_coda	ང	ṅ	token_final	reviewed_tibetan_exact_final_ng_consensus	target	reviewed	reviewed_explicit_feature_evidence	ordinary_tibetan_lexical_or_compound	secure_reviewed_alignment	high
wts_1_34	904	72	1	བཏང	btan	btaṅ	pre_coda_structural_unit	བཏ	bta	pre_coda_stem	reviewed_tibetan_exact_final_ng_consensus	source	historical_source	unaffected_feature_from_reviewed_source	ordinary_tibetan_lexical_or_compound	secure_reviewed_alignment	medium
wts_1_34	904	72	2	བཟུང	bzun	bzuṅ	suffix_coda	ང	ṅ	token_final	reviewed_tibetan_exact_final_ng_consensus	target	reviewed	reviewed_explicit_feature_evidence	ordinary_tibetan_lexical_or_compound	secure_reviewed_alignment	high
wts_1_34	904	72	2	བཟུང	bzun	bzuṅ	pre_coda_structural_unit	བཟུ	bzu	pre_coda_stem	reviewed_tibetan_exact_final_ng_consensus	source	historical_source	unaffected_feature_from_reviewed_source	ordinary_tibetan_lexical_or_compound	secure_reviewed_alignment	medium
wts_1_34	904	108	1	བཏང	btan	btaṅ	suffix_coda	ང	ṅ	token_final	reviewed_tibetan_exact_final_ng_consensus	target	reviewed	reviewed_explicit_feature_evidence	ordinary_tibetan_lexical_or_compound	secure_reviewed_alignment	high
wts_1_34	904	108	1	བཏང	btan	btaṅ	pre_coda_structural_unit	བཏ	bta	pre_coda_stem	reviewed_tibetan_exact_final_ng_consensus	source	historical_source	unaffected_feature_from_reviewed_source	ordinary_tibetan_lexical_or_compound	secure_reviewed_alignment	medium
wts_1_34	904	111	1	བཏང	btan	btaṅ	suffix_coda	ང	ṅ	token_final	reviewed_tibetan_exact_final_ng_consensus	target	reviewed	reviewed_explicit_feature_evidence	ordinary_tibetan_lexical_or_compound	secure_reviewed_alignment	high
wts_1_34	904	111	1	བཏང	btan	btaṅ	pre_coda_structural_unit	བཏ	bta	pre_coda_stem	reviewed_tibetan_exact_final_ng_consensus	source	historical_source	unaffected_feature_from_reviewed_source	ordinary_tibetan_lexical_or_compound	secure_reviewed_alignment	medium
wts_1_34	905	36	1	བཏང	btan	btaṅ	suffix_coda	ང	ṅ	token_final	reviewed_tibetan_exact_final_ng_consensus	target	reviewed	reviewed_explicit_feature_evidence	ordinary_tibetan_lexical_or_compound	secure_reviewed_alignment	high
wts_1_34	905	36	1	བཏང	btan	btaṅ	pre_coda_structural_unit	བཏ	bta	pre_coda_stem	reviewed_tibetan_exact_final_ng_consensus	source	historical_source	unaffected_feature_from_reviewed_source	ordinary_tibetan_lexical_or_compound	secure_reviewed_alignment	medium
wts_1_34	905	37	1	བཏང	btan	btaṅ	suffix_coda	ང	ṅ	token_final	reviewed_tibetan_exact_final_ng_consensus	target	reviewed	reviewed_explicit_feature_evidence	ordinary_tibetan_lexical_or_compound	secure_reviewed_alignment	high
wts_1_34	905	37	1	བཏང	btan	btaṅ	pre_coda_structural_unit	བཏ	bta	pre_coda_stem	reviewed_tibetan_exact_final_ng_consensus	source	historical_source	unaffected_feature_from_reviewed_source	ordinary_tibetan_lexical_or_compound	secure_reviewed_alignment	medium
wts_1_34	911	1	3	གླིང	glin	gliṅ	suffix_coda	ང	ṅ	token_final	reviewed_tibetan_exact_final_ng_consensus	target	reviewed	reviewed_explicit_feature_evidence	ordinary_tibetan_lexical_or_compound	secure_reviewed_alignment	high
wts_1_34	911	1	3	གླིང	glin	gliṅ	pre_coda_structural_unit	གླི	gli	pre_coda_stem	reviewed_tibetan_exact_final_ng_consensus	source	historical_source	unaffected_feature_from_reviewed_source	ordinary_tibetan_lexical_or_compound	secure_reviewed_alignment	medium
wts_1_34	911	130	2	ཆང	chan	chaṅ	suffix_coda	ང	ṅ	token_final	reviewed_tibetan_exact_final_ng_consensus	target	reviewed	reviewed_explicit_feature_evidence	ordinary_tibetan_lexical_or_compound	secure_reviewed_alignment	high
wts_1_34	911	130	2	ཆང	chan	chaṅ	pre_coda_structural_unit	ཆ	cha	pre_coda_stem	reviewed_tibetan_exact_final_ng_consensus	source	historical_source	unaffected_feature_from_reviewed_source	ordinary_tibetan_lexical_or_compound	secure_reviewed_alignment	medium
wts_1_34	911	188	3	དབང	dban	dbaṅ	suffix_coda	ང	ṅ	token_final	reviewed_tibetan_exact_final_ng_consensus	target	reviewed	reviewed_explicit_feature_evidence	ordinary_tibetan_lexical_or_compound	secure_reviewed_alignment	high
wts_1_34	911	188	3	དབང	dban	dbaṅ	pre_coda_structural_unit	དབ	dba	pre_coda_stem	reviewed_tibetan_exact_final_ng_consensus	source	historical_source	unaffected_feature_from_reviewed_source	ordinary_tibetan_lexical_or_compound	secure_reviewed_alignment	medium
wts_1_34	912	52	2	གདོང	gdon	gdoṅ	suffix_coda	ང	ṅ	token_final	reviewed_tibetan_exact_final_ng_consensus	target	reviewed	reviewed_explicit_feature_evidence	ordinary_tibetan_lexical_or_compound	secure_reviewed_alignment	high
wts_1_34	912	52	2	གདོང	gdon	gdoṅ	pre_coda_structural_unit	གདོ	gdo	pre_coda_stem	reviewed_tibetan_exact_final_ng_consensus	source	historical_source	unaffected_feature_from_reviewed_source	ordinary_tibetan_lexical_or_compound	secure_reviewed_alignment	medium
wts_1_34	912	63	3	དབང	dban	dbaṅ	suffix_coda	ང	ṅ	token_final	reviewed_tibetan_exact_final_ng_consensus	target	reviewed	reviewed_explicit_feature_evidence	ordinary_tibetan_lexical_or_compound	secure_reviewed_alignment	high
wts_1_34	912	63	3	དབང	dban	dbaṅ	pre_coda_structural_unit	དབ	dba	pre_coda_stem	reviewed_tibetan_exact_final_ng_consensus	source	historical_source	unaffected_feature_from_reviewed_source	ordinary_tibetan_lexical_or_compound	secure_reviewed_alignment	medium
wts_1_34	912	118	3	དབང	dban	dbaṅ	suffix_coda	ང	ṅ	token_final	reviewed_tibetan_exact_final_ng_consensus	target	reviewed	reviewed_explicit_feature_evidence	ordinary_tibetan_lexical_or_compound	secure_reviewed_alignment	high
wts_1_34	912	118	3	དབང	dban	dbaṅ	pre_coda_structural_unit	དབ	dba	pre_coda_stem	reviewed_tibetan_exact_final_ng_consensus	source	historical_source	unaffected_feature_from_reviewed_source	ordinary_tibetan_lexical_or_compound	secure_reviewed_alignment	medium
wts_1_34	913	156	2	གཙང	gtsan	gtsaṅ	suffix_coda	ང	ṅ	token_final	reviewed_tibetan_exact_script_ng_witness	target	reviewed	reviewed_explicit_feature_evidence	ordinary_tibetan_lexical_or_compound	secure_reviewed_alignment	high
wts_1_34	913	156	2	གཙང	gtsan	gtsaṅ	pre_coda_structural_unit	གཙ	gtsa	pre_coda_stem	reviewed_tibetan_exact_script_ng_witness	source	historical_source	unaffected_feature_from_reviewed_source	ordinary_tibetan_lexical_or_compound	secure_reviewed_alignment	medium
wts_1_34	914	73	2	ཡི	gtsan	gtsaṅ	suffix_coda			token_final	reviewed_tibetan_exact_script_ng_witness	target	reviewed	role_unresolved	ordinary_tibetan_lexical_or_compound	secure_reviewed_alignment	none
wts_1_34	914	105	3	རྐང	rkan	rkaṅ	suffix_coda	ང	ṅ	token_final	reviewed_tibetan_exact_final_ng_consensus	target	reviewed	reviewed_explicit_feature_evidence	ordinary_tibetan_lexical_or_compound	secure_reviewed_alignment	high
wts_1_34	914	105	3	རྐང	rkan	rkaṅ	pre_coda_structural_unit	རྐ	rka	pre_coda_stem	reviewed_tibetan_exact_final_ng_consensus	source	historical_source	unaffected_feature_from_reviewed_source	ordinary_tibetan_lexical_or_compound	secure_reviewed_alignment	medium
wts_1_34	915	108	3	གཞོན	gZon	gźon	unsegmented_structural_unit	གཞོན	g□on	unaffected_span_support	reviewed_tibetan_exact_ocr_signature	source	historical_source	unaffected_feature_from_reviewed_source	ordinary_tibetan_lexical_or_compound	secure_reviewed_alignment	medium
wts_1_34	918	166	1	རྟིང	rtin	rtiṅ	suffix_coda	ང	ṅ	token_final	reviewed_tibetan_exact_final_ng_source_compatible	target	reviewed	reviewed_explicit_feature_evidence	ordinary_tibetan_lexical_or_compound	secure_reviewed_alignment	high
wts_1_34	918	166	1	རྟིང	rtin	rtiṅ	pre_coda_structural_unit	རྟི	rti	pre_coda_stem	reviewed_tibetan_exact_final_ng_source_compatible	source	historical_source	unaffected_feature_from_reviewed_source	ordinary_tibetan_lexical_or_compound	secure_reviewed_alignment	medium
wts_1_34	918	174	1	རྟིང	rtin	rtiṅ	suffix_coda	ང	ṅ	token_final	reviewed_tibetan_exact_final_ng_source_compatible	target	reviewed	reviewed_explicit_feature_evidence	ordinary_tibetan_lexical_or_compound	secure_reviewed_alignment	high
wts_1_34	918	174	1	རྟིང	rtin	rtiṅ	pre_coda_structural_unit	རྟི	rti	pre_coda_stem	reviewed_tibetan_exact_final_ng_source_compatible	source	historical_source	unaffected_feature_from_reviewed_source	ordinary_tibetan_lexical_or_compound	secure_reviewed_alignment	medium
wts_1_34	919	1	2	འབྲང	bran	braṅ	suffix_coda	ང	ṅ	token_final	reviewed_tibetan_exact_final_ng_consensus	target	reviewed	reviewed_explicit_feature_evidence	ordinary_tibetan_lexical_or_compound	secure_reviewed_alignment	high
wts_1_34	919	1	2	འབྲང	bran	braṅ	pre_coda_structural_unit	འབྲ	bra	pre_coda_stem	reviewed_tibetan_exact_final_ng_consensus	source	historical_source	unaffected_feature_from_reviewed_source	ordinary_tibetan_lexical_or_compound	secure_reviewed_alignment	medium
wts_1_34	919	3	1	རྟིང	rtin	rtiṅ	suffix_coda	ང	ṅ	token_final	reviewed_tibetan_exact_final_ng_source_compatible	target	reviewed	reviewed_explicit_feature_evidence	ordinary_tibetan_lexical_or_compound	secure_reviewed_alignment	high
wts_1_34	919	3	1	རྟིང	rtin	rtiṅ	pre_coda_structural_unit	རྟི	rti	pre_coda_stem	reviewed_tibetan_exact_final_ng_source_compatible	source	historical_source	unaffected_feature_from_reviewed_source	ordinary_tibetan_lexical_or_compound	secure_reviewed_alignment	medium
wts_1_34	919	3	2	འབྲང	bran	braṅ	suffix_coda	ང	ṅ	token_final	reviewed_tibetan_exact_final_ng_consensus	target	reviewed	reviewed_explicit_feature_evidence	ordinary_tibetan_lexical_or_compound	secure_reviewed_alignment	high
wts_1_34	919	3	2	འབྲང	bran	braṅ	pre_coda_structural_unit	འབྲ	bra	pre_coda_stem	reviewed_tibetan_exact_final_ng_consensus	source	historical_source	unaffected_feature_from_reviewed_source	ordinary_tibetan_lexical_or_compound	secure_reviewed_alignment	medium
wts_1_34	919	25	1	རྟིང	rtin	rtiṅ	suffix_coda	ང	ṅ	token_final	reviewed_tibetan_exact_final_ng_source_compatible	target	reviewed	reviewed_explicit_feature_evidence	ordinary_tibetan_lexical_or_compound	secure_reviewed_alignment	high
wts_1_34	919	25	1	རྟིང	rtin	rtiṅ	pre_coda_structural_unit	རྟི	rti	pre_coda_stem	reviewed_tibetan_exact_final_ng_source_compatible	source	historical_source	unaffected_feature_from_reviewed_source	ordinary_tibetan_lexical_or_compound	secure_reviewed_alignment	medium
wts_1_34	919	36	1	རྟིང	rtin	rtiṅ	suffix_coda	ང	ṅ	token_final	reviewed_tibetan_exact_final_ng_source_compatible	target	reviewed	reviewed_explicit_feature_evidence	ordinary_tibetan_lexical_or_compound	secure_reviewed_alignment	high
wts_1_34	919	36	1	རྟིང	rtin	rtiṅ	pre_coda_structural_unit	རྟི	rti	pre_coda_stem	reviewed_tibetan_exact_final_ng_source_compatible	source	historical_source	unaffected_feature_from_reviewed_source	ordinary_tibetan_lexical_or_compound	secure_reviewed_alignment	medium
wts_1_34	919	157	2	ཤིང	Sin	Siṅ	suffix_coda	ང	ṅ	token_final	reviewed_tibetan_exact_final_ng_source_compatible	target	reviewed	reviewed_explicit_feature_evidence	ordinary_tibetan_lexical_or_compound	secure_reviewed_alignment	high
wts_1_34	919	157	2	ཤིང	Sin	Siṅ	pre_coda_structural_unit	ཤི	Si	pre_coda_stem	reviewed_tibetan_exact_final_ng_source_compatible	source	historical_source	unaffected_feature_from_reviewed_source	ordinary_tibetan_lexical_or_compound	secure_reviewed_alignment	medium
wts_1_34	921	1	2	ཁང	khan	khaṅ	suffix_coda	ང	ṅ	token_final	reviewed_tibetan_exact_final_ng_consensus	target	reviewed	reviewed_explicit_feature_evidence	ordinary_tibetan_lexical_or_compound	secure_reviewed_alignment	high
wts_1_34	921	1	2	ཁང	khan	khaṅ	pre_coda_structural_unit	ཁ	kha	pre_coda_stem	reviewed_tibetan_exact_final_ng_consensus	source	historical_source	unaffected_feature_from_reviewed_source	ordinary_tibetan_lexical_or_compound	secure_reviewed_alignment	medium
wts_1_34	921	57	2	ཅིང	cin	ciṅ	suffix_coda	ང	ṅ	token_final	reviewed_tibetan_exact_final_ng_consensus	target	reviewed	reviewed_explicit_feature_evidence	ordinary_tibetan_lexical_or_compound	secure_reviewed_alignment	high
wts_1_34	921	57	2	ཅིང	cin	ciṅ	pre_coda_structural_unit	ཅི	ci	pre_coda_stem	reviewed_tibetan_exact_final_ng_consensus	source	historical_source	unaffected_feature_from_reviewed_source	ordinary_tibetan_lexical_or_compound	secure_reviewed_alignment	medium
wts_1_34	921	117	2	ཅིང	cin	ciṅ	suffix_coda	ང	ṅ	token_final	reviewed_tibetan_exact_final_ng_consensus	target	reviewed	reviewed_explicit_feature_evidence	ordinary_tibetan_lexical_or_compound	secure_reviewed_alignment	high
wts_1_34	921	117	2	ཅིང	cin	ciṅ	pre_coda_structural_unit	ཅི	ci	pre_coda_stem	reviewed_tibetan_exact_final_ng_consensus	source	historical_source	unaffected_feature_from_reviewed_source	ordinary_tibetan_lexical_or_compound	secure_reviewed_alignment	medium
wts_1_34	921	198	3	བཞི	bZi	bźi	root_consonant	ཞ	ź	root	reviewed_tibetan_exact_transcription_integrity	target	reviewed	reviewed_explicit_feature_evidence	ordinary_tibetan_lexical_or_compound	secure_reviewed_alignment	high
wts_1_34	921	198	3	བཞི	bZi	bźi	unsegmented_structural_unit	བཞི	b□i	unaffected_span_support	reviewed_tibetan_exact_transcription_integrity	source	historical_source	unaffected_feature_from_reviewed_source	ordinary_tibetan_lexical_or_compound	secure_reviewed_alignment	medium
wts_1_34	923	125	2	ཁང	khan	khaṅ	suffix_coda	ང	ṅ	token_final	reviewed_tibetan_exact_final_ng_consensus	target	reviewed	reviewed_explicit_feature_evidence	ordinary_tibetan_lexical_or_compound	secure_reviewed_alignment	high
wts_1_34	923	125	2	ཁང	khan	khaṅ	pre_coda_structural_unit	ཁ	kha	pre_coda_stem	reviewed_tibetan_exact_final_ng_consensus	source	historical_source	unaffected_feature_from_reviewed_source	ordinary_tibetan_lexical_or_compound	secure_reviewed_alignment	medium
wts_1_34	931	147	1	ལྟར	Itar	ltar	unsegmented_structural_unit	ལྟར	□tar	unaffected_span_support	reviewed_tibetan_exact_initial_i_l_family	source	historical_source	unaffected_feature_from_reviewed_source	ordinary_tibetan_lexical_or_compound	secure_reviewed_alignment	medium
wts_1_34	931	168	1	སྟར	Itar	ltar	unsegmented_structural_unit	སྟར	□tar	unaffected_span_support	reviewed_tibetan_exact_initial_i_l_family	source	historical_source	unaffected_feature_from_reviewed_source	ordinary_tibetan_lexical_or_compound	secure_reviewed_alignment	medium
wts_1_34	932	1	1	སྟར	Itar	ltar	unsegmented_structural_unit	སྟར	□tar	unaffected_span_support	reviewed_tibetan_exact_initial_i_l_family	source	historical_source	unaffected_feature_from_reviewed_source	ordinary_tibetan_lexical_or_compound	secure_reviewed_alignment	medium
wts_1_34	932	53	1	ལྟར	Itar	ltar	unsegmented_structural_unit	ལྟར	□tar	unaffected_span_support	reviewed_tibetan_exact_initial_i_l_family	source	historical_source	unaffected_feature_from_reviewed_source	ordinary_tibetan_lexical_or_compound	secure_reviewed_alignment	medium
wts_1_34	932	95	1	ལྟར	Itar	ltar	unsegmented_structural_unit	ལྟར	□tar	unaffected_span_support	reviewed_tibetan_exact_initial_i_l_family	source	historical_source	unaffected_feature_from_reviewed_source	ordinary_tibetan_lexical_or_compound	secure_reviewed_alignment	medium
wts_1_34	932	106	1	སྟར	Itar	ltar	unsegmented_structural_unit	སྟར	□tar	unaffected_span_support	reviewed_tibetan_exact_initial_i_l_family	source	historical_source	unaffected_feature_from_reviewed_source	ordinary_tibetan_lexical_or_compound	secure_reviewed_alignment	medium
wts_1_34	932	135	1	སྟར	Itar	ltar	unsegmented_structural_unit	སྟར	□tar	unaffected_span_support	reviewed_tibetan_exact_initial_i_l_family	source	historical_source	unaffected_feature_from_reviewed_source	ordinary_tibetan_lexical_or_compound	secure_reviewed_alignment	medium
wts_1_34	932	135	2	སྟར	Itar	ltar	unsegmented_structural_unit	སྟར	□tar	unaffected_span_support	reviewed_tibetan_exact_initial_i_l_family	source	historical_source	unaffected_feature_from_reviewed_source	ordinary_tibetan_lexical_or_compound	secure_reviewed_alignment	medium
wts_1_34	932	169	1	ལྟར	Itar	ltar	unsegmented_structural_unit	ལྟར	□tar	unaffected_span_support	reviewed_tibetan_exact_initial_i_l_family	source	historical_source	unaffected_feature_from_reviewed_source	ordinary_tibetan_lexical_or_compound	secure_reviewed_alignment	medium
wts_1_34	932	173	1	སྟར	Itar	ltar	unsegmented_structural_unit	སྟར	□tar	unaffected_span_support	reviewed_tibetan_exact_initial_i_l_family	source	historical_source	unaffected_feature_from_reviewed_source	ordinary_tibetan_lexical_or_compound	secure_reviewed_alignment	medium
wts_1_34	932	203	1	ལྟས	Itas	ltas	unsegmented_structural_unit	ལྟས	□tas	unaffected_span_support	reviewed_tibetan_exact_initial_i_l_family	source	historical_source	unaffected_feature_from_reviewed_source	unclear	secure_reviewed_alignment	medium
wts_1_34	933	13	1	ལྟས	Itas	ltas	unsegmented_structural_unit	ལྟས	□tas	unaffected_span_support	reviewed_tibetan_exact_initial_i_l_family	source	historical_source	unaffected_feature_from_reviewed_source	ordinary_tibetan_lexical_or_compound	secure_reviewed_alignment	medium
wts_1_34	933	15	1	སྟས	Itas	ltas	unsegmented_structural_unit	སྟས	□tas	unaffected_span_support	reviewed_tibetan_exact_initial_i_l_family	source	historical_source	unaffected_feature_from_reviewed_source	ordinary_tibetan_lexical_or_compound	secure_reviewed_alignment	medium
wts_1_34	933	27	1	ལྟས	Itas	ltas	unsegmented_structural_unit	ལྟས	□tas	unaffected_span_support	reviewed_tibetan_exact_initial_i_l_family	source	historical_source	unaffected_feature_from_reviewed_source	ordinary_tibetan_lexical_or_compound	secure_reviewed_alignment	medium
wts_1_34	933	29	1	ལྟས	Itas	ltas	unsegmented_structural_unit	ལྟས	□tas	unaffected_span_support	reviewed_tibetan_exact_initial_i_l_family	source	historical_source	unaffected_feature_from_reviewed_source	ordinary_tibetan_lexical_or_compound	secure_reviewed_alignment	medium
wts_1_34	933	97	1	ལྟས	Itas	ltas	unsegmented_structural_unit	ལྟས	□tas	unaffected_span_support	reviewed_tibetan_exact_initial_i_l_family	source	historical_source	unaffected_feature_from_reviewed_source	ordinary_tibetan_lexical_or_compound	secure_reviewed_alignment	medium
wts_1_34	934	120	2	ཁུང	khun	khuṅ	suffix_coda	ང	ṅ	token_final	reviewed_tibetan_exact_final_ng_consensus	target	reviewed	reviewed_explicit_feature_evidence	ordinary_tibetan_lexical_or_compound	secure_reviewed_alignment	high
wts_1_34	934	120	2	ཁུང	khun	khuṅ	pre_coda_structural_unit	ཁུ	khu	pre_coda_stem	reviewed_tibetan_exact_final_ng_consensus	source	historical_source	unaffected_feature_from_reviewed_source	ordinary_tibetan_lexical_or_compound	secure_reviewed_alignment	medium
wts_1_34	934	122	2	ཁུང	khun	khuṅ	suffix_coda	ང	ṅ	token_final	reviewed_tibetan_exact_final_ng_consensus	target	reviewed	reviewed_explicit_feature_evidence	ordinary_tibetan_lexical_or_compound	secure_reviewed_alignment	high
wts_1_34	934	122	2	ཁུང	khun	khuṅ	pre_coda_structural_unit	ཁུ	khu	pre_coda_stem	reviewed_tibetan_exact_final_ng_consensus	source	historical_source	unaffected_feature_from_reviewed_source	ordinary_tibetan_lexical_or_compound	secure_reviewed_alignment	medium
wts_1_34	935	20	3	ཁུང	khun	khuṅ	suffix_coda	ང	ṅ	token_final	reviewed_tibetan_exact_final_ng_consensus	target	reviewed	reviewed_explicit_feature_evidence	ordinary_tibetan_lexical_or_compound	secure_reviewed_alignment	high
wts_1_34	935	20	3	ཁུང	khun	khuṅ	pre_coda_structural_unit	ཁུ	khu	pre_coda_stem	reviewed_tibetan_exact_final_ng_consensus	source	historical_source	unaffected_feature_from_reviewed_source	ordinary_tibetan_lexical_or_compound	secure_reviewed_alignment	medium
wts_1_34	939	26	2	འཕྱང	phyan	phyaṅ	suffix_coda	ང	ṅ	token_final	reviewed_tibetan_exact_final_ng_consensus	target	reviewed	reviewed_explicit_feature_evidence	ordinary_tibetan_lexical_or_compound	secure_reviewed_alignment	high
wts_1_34	939	26	2	འཕྱང	phyan	phyaṅ	pre_coda_structural_unit	འཕྱ	phya	pre_coda_stem	reviewed_tibetan_exact_final_ng_consensus	source	historical_source	unaffected_feature_from_reviewed_source	ordinary_tibetan_lexical_or_compound	secure_reviewed_alignment	medium
wts_1_34	940	14	3	འཆང	chan	chaṅ	suffix_coda	ང	ṅ	token_final	reviewed_tibetan_exact_final_ng_consensus	target	reviewed	reviewed_explicit_feature_evidence	ordinary_tibetan_lexical_or_compound	secure_reviewed_alignment	high
wts_1_34	940	14	3	འཆང	chan	chaṅ	pre_coda_structural_unit	འཆ	cha	pre_coda_stem	reviewed_tibetan_exact_final_ng_consensus	source	historical_source	unaffected_feature_from_reviewed_source	ordinary_tibetan_lexical_or_compound	secure_reviewed_alignment	medium
wts_1_34	941	179	2	ཆུང	chun	chuṅ	suffix_coda	ང	ṅ	token_final	reviewed_tibetan_exact_script_ng_witness	target	reviewed	reviewed_explicit_feature_evidence	ordinary_tibetan_lexical_or_compound	secure_reviewed_alignment	high
wts_1_34	941	179	2	ཆུང	chun	chuṅ	pre_coda_structural_unit	ཆུ	chu	pre_coda_stem	reviewed_tibetan_exact_script_ng_witness	source	historical_source	unaffected_feature_from_reviewed_source	ordinary_tibetan_lexical_or_compound	secure_reviewed_alignment	medium
wts_1_34	942	21	2	ཤིང	sin	siṅ	suffix_coda	ང	ṅ	token_final	reviewed_tibetan_exact_final_ng_source_compatible	target	reviewed	reviewed_explicit_feature_evidence	ordinary_tibetan_lexical_or_compound	secure_reviewed_alignment	high
wts_1_34	942	21	2	ཤིང	sin	siṅ	pre_coda_structural_unit	ཤི	si	pre_coda_stem	reviewed_tibetan_exact_final_ng_source_compatible	source	historical_source	unaffected_feature_from_reviewed_source	ordinary_tibetan_lexical_or_compound	secure_reviewed_alignment	medium
wts_1_34	942	169	2	དོང	don	doṅ	suffix_coda			token_final	reviewed_tibetan_exact_final_ng_consensus	target	reviewed	role_unresolved	ordinary_tibetan_lexical_or_compound	secure_reviewed_alignment	none
wts_1_34	942	209	3	ཆུང	chun	chuṅ	suffix_coda	ང	ṅ	token_final	reviewed_tibetan_exact_script_ng_witness	target	reviewed	reviewed_explicit_feature_evidence	ordinary_tibetan_lexical_or_compound	secure_reviewed_alignment	high
wts_1_34	942	209	3	ཆུང	chun	chuṅ	pre_coda_structural_unit	ཆུ	chu	pre_coda_stem	reviewed_tibetan_exact_script_ng_witness	source	historical_source	unaffected_feature_from_reviewed_source	ordinary_tibetan_lexical_or_compound	secure_reviewed_alignment	medium
wts_1_34	943	7	3	ཐུང	thun	thuṅ	suffix_coda	ང	ṅ	token_final	reviewed_tibetan_exact_final_ng_consensus	target	reviewed	reviewed_explicit_feature_evidence	tibetan_proper_name	secure_reviewed_alignment	high
wts_1_34	943	7	3	ཐུང	thun	thuṅ	pre_coda_structural_unit	ཐུ	thu	pre_coda_stem	reviewed_tibetan_exact_final_ng_consensus	source	historical_source	unaffected_feature_from_reviewed_source	tibetan_proper_name	secure_reviewed_alignment	medium
wts_1_34	943	173	2	ལུང	lun	luṅ	suffix_coda	ང	ṅ	token_final	reviewed_tibetan_exact_final_ng_source_compatible	target	reviewed	reviewed_explicit_feature_evidence	ordinary_tibetan_lexical_or_compound	secure_reviewed_alignment	high
wts_1_34	943	173	2	ལུང	lun	luṅ	pre_coda_structural_unit	ལུ	lu	pre_coda_stem	reviewed_tibetan_exact_final_ng_source_compatible	source	historical_source	unaffected_feature_from_reviewed_source	ordinary_tibetan_lexical_or_compound	secure_reviewed_alignment	medium
wts_1_34	943	182	2	རོང	ron	roṅ	suffix_coda	ང	ṅ	token_final	reviewed_tibetan_exact_final_ng_source_compatible	target	reviewed	reviewed_explicit_feature_evidence	tibetan_proper_name	secure_reviewed_alignment	high
wts_1_34	943	182	2	རོང	ron	roṅ	pre_coda_structural_unit	རོ	ro	pre_coda_stem	reviewed_tibetan_exact_final_ng_source_compatible	source	historical_source	unaffected_feature_from_reviewed_source	tibetan_proper_name	secure_reviewed_alignment	medium
wts_1_34	943	201	2	ལུང	lun	luṅ	suffix_coda	ང	ṅ	token_final	reviewed_tibetan_exact_final_ng_source_compatible	target	reviewed	reviewed_explicit_feature_evidence	ordinary_tibetan_lexical_or_compound	secure_reviewed_alignment	high
wts_1_34	943	201	2	ལུང	lun	luṅ	pre_coda_structural_unit	ལུ	lu	pre_coda_stem	reviewed_tibetan_exact_final_ng_source_compatible	source	historical_source	unaffected_feature_from_reviewed_source	ordinary_tibetan_lexical_or_compound	secure_reviewed_alignment	medium
wts_1_34	944	84	1	སྟང	stan	staṅ	suffix_coda	ང	ṅ	token_final	reviewed_tibetan_exact_final_ng_source_compatible	target	reviewed	reviewed_explicit_feature_evidence	ordinary_tibetan_lexical_or_compound	secure_reviewed_alignment	high
wts_1_34	944	84	1	སྟང	stan	staṅ	pre_coda_structural_unit	སྟ	sta	pre_coda_stem	reviewed_tibetan_exact_final_ng_source_compatible	source	historical_source	unaffected_feature_from_reviewed_source	ordinary_tibetan_lexical_or_compound	secure_reviewed_alignment	medium
wts_1_34	945	1	2	གླིང	glin	gliṅ	suffix_coda	ང	ṅ	token_final	reviewed_tibetan_exact_final_ng_consensus	target	reviewed	reviewed_explicit_feature_evidence	ordinary_tibetan_lexical_or_compound	secure_reviewed_alignment	high
wts_1_34	945	1	2	གླིང	glin	gliṅ	pre_coda_structural_unit	གླི	gli	pre_coda_stem	reviewed_tibetan_exact_final_ng_consensus	source	historical_source	unaffected_feature_from_reviewed_source	ordinary_tibetan_lexical_or_compound	secure_reviewed_alignment	medium
wts_1_34	945	23	2	གླིང	glin	gliṅ	suffix_coda	ང	ṅ	token_final	reviewed_tibetan_exact_final_ng_consensus	target	reviewed	reviewed_explicit_feature_evidence	ordinary_tibetan_lexical_or_compound	secure_reviewed_alignment	high
wts_1_34	945	23	2	གླིང	glin	gliṅ	pre_coda_structural_unit	གླི	gli	pre_coda_stem	reviewed_tibetan_exact_final_ng_consensus	source	historical_source	unaffected_feature_from_reviewed_source	ordinary_tibetan_lexical_or_compound	secure_reviewed_alignment	medium
wts_1_34	945	41	2	ནང	nan	naṅ	suffix_coda	ང	ṅ	token_final	reviewed_tibetan_exact_script_ng_witness	target	reviewed	reviewed_explicit_feature_evidence	ordinary_tibetan_lexical_or_compound	secure_reviewed_alignment	high
wts_1_34	945	41	2	ནང	nan	naṅ	pre_coda_structural_unit	ན	na	pre_coda_stem	reviewed_tibetan_exact_script_ng_witness	source	historical_source	unaffected_feature_from_reviewed_source	ordinary_tibetan_lexical_or_compound	secure_reviewed_alignment	medium
wts_1_34	945	72	2	སེང	sen	seṅ	suffix_coda	ང	ṅ	token_final	reviewed_tibetan_exact_final_ng_consensus	target	reviewed	reviewed_explicit_feature_evidence	ordinary_tibetan_lexical_or_compound	secure_reviewed_alignment	high
wts_1_34	945	72	2	སེང	sen	seṅ	pre_coda_structural_unit	སེ	se	pre_coda_stem	reviewed_tibetan_exact_final_ng_consensus	source	historical_source	unaffected_feature_from_reviewed_source	ordinary_tibetan_lexical_or_compound	secure_reviewed_alignment	medium
wts_1_34	946	64	4	ཤིང	sin	siṅ	suffix_coda	ང	ṅ	token_final	reviewed_tibetan_exact_final_ng_source_compatible	target	reviewed	reviewed_explicit_feature_evidence	ordinary_tibetan_lexical_or_compound	secure_reviewed_alignment	high
wts_1_34	946	64	4	ཤིང	sin	siṅ	pre_coda_structural_unit	ཤི	si	pre_coda_stem	reviewed_tibetan_exact_final_ng_source_compatible	source	historical_source	unaffected_feature_from_reviewed_source	ordinary_tibetan_lexical_or_compound	secure_reviewed_alignment	medium
wts_1_34	946	86	2	སྟང	stan	staṅ	suffix_coda	ང	ṅ	token_final	reviewed_tibetan_exact_final_ng_source_compatible	target	reviewed	reviewed_explicit_feature_evidence	ordinary_tibetan_lexical_or_compound	secure_reviewed_alignment	high
wts_1_34	946	86	2	སྟང	stan	staṅ	pre_coda_structural_unit	སྟ	sta	pre_coda_stem	reviewed_tibetan_exact_final_ng_source_compatible	source	historical_source	unaffected_feature_from_reviewed_source	ordinary_tibetan_lexical_or_compound	secure_reviewed_alignment	medium
wts_1_34	947	58	1	སྟེང	sten	steṅ	suffix_coda	ང	ṅ	token_final	reviewed_tibetan_exact_final_ng_consensus	target	reviewed	reviewed_explicit_feature_evidence	ordinary_tibetan_lexical_or_compound	secure_reviewed_alignment	high
wts_1_34	947	58	1	སྟེང	sten	steṅ	pre_coda_structural_unit	སྟེ	ste	pre_coda_stem	reviewed_tibetan_exact_final_ng_consensus	source	historical_source	unaffected_feature_from_reviewed_source	ordinary_tibetan_lexical_or_compound	secure_reviewed_alignment	medium
wts_1_34	947	115	1	སྟེང	sten	steṅ	suffix_coda	ང	ṅ	token_final	reviewed_tibetan_exact_final_ng_consensus	target	reviewed	reviewed_explicit_feature_evidence	ordinary_tibetan_lexical_or_compound	secure_reviewed_alignment	high
wts_1_34	947	115	1	སྟེང	sten	steṅ	pre_coda_structural_unit	སྟེ	ste	pre_coda_stem	reviewed_tibetan_exact_final_ng_consensus	source	historical_source	unaffected_feature_from_reviewed_source	ordinary_tibetan_lexical_or_compound	secure_reviewed_alignment	medium
wts_1_34	947	167	1	སྟེང	sten	steṅ	suffix_coda	ང	ṅ	token_final	reviewed_tibetan_exact_final_ng_consensus	target	reviewed	reviewed_explicit_feature_evidence	ordinary_tibetan_lexical_or_compound	secure_reviewed_alignment	high
wts_1_34	947	167	1	སྟེང	sten	steṅ	pre_coda_structural_unit	སྟེ	ste	pre_coda_stem	reviewed_tibetan_exact_final_ng_consensus	source	historical_source	unaffected_feature_from_reviewed_source	ordinary_tibetan_lexical_or_compound	secure_reviewed_alignment	medium
wts_1_34	948	1	1	སྟེང	sten	steṅ	suffix_coda	ང	ṅ	token_final	reviewed_tibetan_exact_final_ng_consensus	target	reviewed	reviewed_explicit_feature_evidence	ordinary_tibetan_lexical_or_compound	secure_reviewed_alignment	high
wts_1_34	948	1	1	སྟེང	sten	steṅ	pre_coda_structural_unit	སྟེ	ste	pre_coda_stem	reviewed_tibetan_exact_final_ng_consensus	source	historical_source	unaffected_feature_from_reviewed_source	ordinary_tibetan_lexical_or_compound	secure_reviewed_alignment	medium
wts_1_34	948	1	2	རྐང	rkan	rkaṅ	suffix_coda	ང	ṅ	token_final	reviewed_tibetan_exact_final_ng_consensus	target	reviewed	reviewed_explicit_feature_evidence	ordinary_tibetan_lexical_or_compound	secure_reviewed_alignment	high
wts_1_34	948	1	2	རྐང	rkan	rkaṅ	pre_coda_structural_unit	རྐ	rka	pre_coda_stem	reviewed_tibetan_exact_final_ng_consensus	source	historical_source	unaffected_feature_from_reviewed_source	ordinary_tibetan_lexical_or_compound	secure_reviewed_alignment	medium
wts_1_34	948	55	1	སྟེང	sten	steṅ	suffix_coda	ང	ṅ	token_final	reviewed_tibetan_exact_final_ng_consensus	target	reviewed	reviewed_explicit_feature_evidence	ordinary_tibetan_lexical_or_compound	secure_reviewed_alignment	high
wts_1_34	948	55	1	སྟེང	sten	steṅ	pre_coda_structural_unit	སྟེ	ste	pre_coda_stem	reviewed_tibetan_exact_final_ng_consensus	source	historical_source	unaffected_feature_from_reviewed_source	ordinary_tibetan_lexical_or_compound	secure_reviewed_alignment	medium
wts_1_34	948	93	1	སྟེང	sten	steṅ	suffix_coda	ང	ṅ	token_final	reviewed_tibetan_exact_final_ng_consensus	target	reviewed	reviewed_explicit_feature_evidence	ordinary_tibetan_lexical_or_compound	secure_reviewed_alignment	high
wts_1_34	948	93	1	སྟེང	sten	steṅ	pre_coda_structural_unit	སྟེ	ste	pre_coda_stem	reviewed_tibetan_exact_final_ng_consensus	source	historical_source	unaffected_feature_from_reviewed_source	ordinary_tibetan_lexical_or_compound	secure_reviewed_alignment	medium
wts_1_34	948	93	2	རྐང	rkan	rkaṅ	suffix_coda	ང	ṅ	token_final	reviewed_tibetan_exact_final_ng_consensus	target	reviewed	reviewed_explicit_feature_evidence	ordinary_tibetan_lexical_or_compound	secure_reviewed_alignment	high
wts_1_34	948	93	2	རྐང	rkan	rkaṅ	pre_coda_structural_unit	རྐ	rka	pre_coda_stem	reviewed_tibetan_exact_final_ng_consensus	source	historical_source	unaffected_feature_from_reviewed_source	ordinary_tibetan_lexical_or_compound	secure_reviewed_alignment	medium
wts_1_34	948	100	1	སྟེང	sten	steṅ	suffix_coda	ང	ṅ	token_final	reviewed_tibetan_exact_final_ng_consensus	target	reviewed	reviewed_explicit_feature_evidence	ordinary_tibetan_lexical_or_compound	secure_reviewed_alignment	high
wts_1_34	948	100	1	སྟེང	sten	steṅ	pre_coda_structural_unit	སྟེ	ste	pre_coda_stem	reviewed_tibetan_exact_final_ng_consensus	source	historical_source	unaffected_feature_from_reviewed_source	ordinary_tibetan_lexical_or_compound	secure_reviewed_alignment	medium
wts_1_34	948	104	1	སྟེང	sten	steṅ	suffix_coda	ང	ṅ	token_final	reviewed_tibetan_exact_final_ng_consensus	target	reviewed	reviewed_explicit_feature_evidence	ordinary_tibetan_lexical_or_compound	secure_reviewed_alignment	high
wts_1_34	948	104	1	སྟེང	sten	steṅ	pre_coda_structural_unit	སྟེ	ste	pre_coda_stem	reviewed_tibetan_exact_final_ng_consensus	source	historical_source	unaffected_feature_from_reviewed_source	ordinary_tibetan_lexical_or_compound	secure_reviewed_alignment	medium
wts_1_34	948	109	1	སྟེང	sten	steṅ	suffix_coda	ང	ṅ	token_final	reviewed_tibetan_exact_final_ng_consensus	target	reviewed	reviewed_explicit_feature_evidence	ordinary_tibetan_lexical_or_compound	secure_reviewed_alignment	high
wts_1_34	948	109	1	སྟེང	sten	steṅ	pre_coda_structural_unit	སྟེ	ste	pre_coda_stem	reviewed_tibetan_exact_final_ng_consensus	source	historical_source	unaffected_feature_from_reviewed_source	ordinary_tibetan_lexical_or_compound	secure_reviewed_alignment	medium
wts_1_34	948	109	2	ཁང	khan	khaṅ	suffix_coda	ང	ṅ	token_final	reviewed_tibetan_exact_final_ng_consensus	target	reviewed	reviewed_explicit_feature_evidence	ordinary_tibetan_lexical_or_compound	secure_reviewed_alignment	high
wts_1_34	948	109	2	ཁང	khan	khaṅ	pre_coda_structural_unit	ཁ	kha	pre_coda_stem	reviewed_tibetan_exact_final_ng_consensus	source	historical_source	unaffected_feature_from_reviewed_source	ordinary_tibetan_lexical_or_compound	secure_reviewed_alignment	medium
wts_1_34	948	114	1	སྟེང	sten	steṅ	suffix_coda	ང	ṅ	token_final	reviewed_tibetan_exact_final_ng_consensus	target	reviewed	reviewed_explicit_feature_evidence	ordinary_tibetan_lexical_or_compound	secure_reviewed_alignment	high
wts_1_34	948	114	1	སྟེང	sten	steṅ	pre_coda_structural_unit	སྟེ	ste	pre_coda_stem	reviewed_tibetan_exact_final_ng_consensus	source	historical_source	unaffected_feature_from_reviewed_source	ordinary_tibetan_lexical_or_compound	secure_reviewed_alignment	medium
wts_1_34	948	114	2	ཁང	khan	khaṅ	suffix_coda	ང	ṅ	token_final	reviewed_tibetan_exact_final_ng_consensus	target	reviewed	reviewed_explicit_feature_evidence	ordinary_tibetan_lexical_or_compound	secure_reviewed_alignment	high
wts_1_34	948	114	2	ཁང	khan	khaṅ	pre_coda_structural_unit	ཁ	kha	pre_coda_stem	reviewed_tibetan_exact_final_ng_consensus	source	historical_source	unaffected_feature_from_reviewed_source	ordinary_tibetan_lexical_or_compound	secure_reviewed_alignment	medium
wts_1_34	948	143	1	སྟེང	sten	steṅ	suffix_coda	ང	ṅ	token_final	reviewed_tibetan_exact_final_ng_consensus	target	reviewed	reviewed_explicit_feature_evidence	ordinary_tibetan_lexical_or_compound	secure_reviewed_alignment	high
wts_1_34	948	143	1	སྟེང	sten	steṅ	pre_coda_structural_unit	སྟེ	ste	pre_coda_stem	reviewed_tibetan_exact_final_ng_consensus	source	historical_source	unaffected_feature_from_reviewed_source	ordinary_tibetan_lexical_or_compound	secure_reviewed_alignment	medium
wts_1_34	948	145	1	སྟེང	sten	steṅ	suffix_coda	ང	ṅ	token_final	reviewed_tibetan_exact_final_ng_consensus	target	reviewed	reviewed_explicit_feature_evidence	ordinary_tibetan_lexical_or_compound	secure_reviewed_alignment	high
wts_1_34	948	145	1	སྟེང	sten	steṅ	pre_coda_structural_unit	སྟེ	ste	pre_coda_stem	reviewed_tibetan_exact_final_ng_consensus	source	historical_source	unaffected_feature_from_reviewed_source	ordinary_tibetan_lexical_or_compound	secure_reviewed_alignment	medium
wts_1_34	948	153	1	སྟེང	sten	steṅ	suffix_coda	ང	ṅ	token_final	reviewed_tibetan_exact_final_ng_consensus	target	reviewed	reviewed_explicit_feature_evidence	unclear	marker_or_damage	high
wts_1_34	948	153	1	སྟེང	sten	steṅ	pre_coda_structural_unit	སྟེ	ste	pre_coda_stem	reviewed_tibetan_exact_final_ng_consensus	source	historical_source	unaffected_feature_from_reviewed_source	unclear	marker_or_damage	medium
wts_1_34	948	154	1	སྟེང	steh	steṅ	suffix_coda	ང	ṅ	token_final	reviewed_tibetan_exact_final_ng_consensus	target	reviewed	reviewed_explicit_feature_evidence	ordinary_tibetan_lexical_or_compound	secure_reviewed_alignment	high
wts_1_34	948	154	1	སྟེང	steh	steṅ	pre_coda_structural_unit	སྟེ	ste	pre_coda_stem	reviewed_tibetan_exact_final_ng_consensus	source	historical_source	unaffected_feature_from_reviewed_source	ordinary_tibetan_lexical_or_compound	secure_reviewed_alignment	medium
wts_1_34	948	154	4	སྐྱོང	skyon	skyoṅ	suffix_coda	ང	ṅ	token_final	reviewed_tibetan_exact_final_ng_consensus	target	reviewed	reviewed_explicit_feature_evidence	ordinary_tibetan_lexical_or_compound	secure_reviewed_alignment	high
wts_1_34	948	154	4	སྐྱོང	skyon	skyoṅ	pre_coda_structural_unit	སྐྱོ	skyo	pre_coda_stem	reviewed_tibetan_exact_final_ng_consensus	source	historical_source	unaffected_feature_from_reviewed_source	ordinary_tibetan_lexical_or_compound	secure_reviewed_alignment	medium
wts_1_34	948	157	1	སྟེང	sten	steṅ	suffix_coda	ང	ṅ	token_final	reviewed_tibetan_exact_final_ng_consensus	target	reviewed	reviewed_explicit_feature_evidence	ordinary_tibetan_lexical_or_compound	secure_reviewed_alignment	high
wts_1_34	948	157	1	སྟེང	sten	steṅ	pre_coda_structural_unit	སྟེ	ste	pre_coda_stem	reviewed_tibetan_exact_final_ng_consensus	source	historical_source	unaffected_feature_from_reviewed_source	ordinary_tibetan_lexical_or_compound	secure_reviewed_alignment	medium
wts_1_34	948	157	3	དབང	dban	dbaṅ	suffix_coda	ང	ṅ	token_final	reviewed_tibetan_exact_final_ng_consensus	target	reviewed	reviewed_explicit_feature_evidence	ordinary_tibetan_lexical_or_compound	secure_reviewed_alignment	high
wts_1_34	948	157	3	དབང	dban	dbaṅ	pre_coda_structural_unit	དབ	dba	pre_coda_stem	reviewed_tibetan_exact_final_ng_consensus	source	historical_source	unaffected_feature_from_reviewed_source	ordinary_tibetan_lexical_or_compound	secure_reviewed_alignment	medium
wts_1_34	948	164	1	སྟེང	sten	steṅ	suffix_coda	ང	ṅ	token_final	reviewed_tibetan_exact_final_ng_consensus	target	reviewed	reviewed_explicit_feature_evidence	ordinary_tibetan_lexical_or_compound	secure_reviewed_alignment	high
wts_1_34	948	164	1	སྟེང	sten	steṅ	pre_coda_structural_unit	སྟེ	ste	pre_coda_stem	reviewed_tibetan_exact_final_ng_consensus	source	historical_source	unaffected_feature_from_reviewed_source	ordinary_tibetan_lexical_or_compound	secure_reviewed_alignment	medium
wts_1_34	948	166	1	སྟེང	sten	steṅ	suffix_coda	ང	ṅ	token_final	reviewed_tibetan_exact_final_ng_consensus	target	reviewed	reviewed_explicit_feature_evidence	ordinary_tibetan_lexical_or_compound	secure_reviewed_alignment	high
wts_1_34	948	166	1	སྟེང	sten	steṅ	pre_coda_structural_unit	སྟེ	ste	pre_coda_stem	reviewed_tibetan_exact_final_ng_consensus	source	historical_source	unaffected_feature_from_reviewed_source	ordinary_tibetan_lexical_or_compound	secure_reviewed_alignment	medium
wts_1_34	948	197	1	སྟེང	sten	steṅ	suffix_coda	ང	ṅ	token_final	reviewed_tibetan_exact_final_ng_consensus	target	reviewed	reviewed_explicit_feature_evidence	ordinary_tibetan_lexical_or_compound	secure_reviewed_alignment	high
wts_1_34	948	197	1	སྟེང	sten	steṅ	pre_coda_structural_unit	སྟེ	ste	pre_coda_stem	reviewed_tibetan_exact_final_ng_consensus	source	historical_source	unaffected_feature_from_reviewed_source	ordinary_tibetan_lexical_or_compound	secure_reviewed_alignment	medium
wts_1_34	948	217	1	སྟེང	sten	steṅ	suffix_coda	ང	ṅ	token_final	reviewed_tibetan_exact_final_ng_consensus	target	reviewed	reviewed_explicit_feature_evidence	ordinary_tibetan_lexical_or_compound	secure_reviewed_alignment	high
wts_1_34	948	217	1	སྟེང	sten	steṅ	pre_coda_structural_unit	སྟེ	ste	pre_coda_stem	reviewed_tibetan_exact_final_ng_consensus	source	historical_source	unaffected_feature_from_reviewed_source	ordinary_tibetan_lexical_or_compound	secure_reviewed_alignment	medium
wts_1_34	948	225	1	སྟེང	sten	steṅ	suffix_coda	ང	ṅ	token_final	reviewed_tibetan_exact_final_ng_consensus	target	reviewed	reviewed_explicit_feature_evidence	ordinary_tibetan_lexical_or_compound	secure_reviewed_alignment	high
wts_1_34	948	225	1	སྟེང	sten	steṅ	pre_coda_structural_unit	སྟེ	ste	pre_coda_stem	reviewed_tibetan_exact_final_ng_consensus	source	historical_source	unaffected_feature_from_reviewed_source	ordinary_tibetan_lexical_or_compound	secure_reviewed_alignment	medium
wts_1_34	949	71	1	སྟེང	sten	steṅ	suffix_coda	ང	ṅ	token_final	reviewed_tibetan_exact_final_ng_consensus	target	reviewed	reviewed_explicit_feature_evidence	ordinary_tibetan_lexical_or_compound	secure_reviewed_alignment	high
wts_1_34	949	71	1	སྟེང	sten	steṅ	pre_coda_structural_unit	སྟེ	ste	pre_coda_stem	reviewed_tibetan_exact_final_ng_consensus	source	historical_source	unaffected_feature_from_reviewed_source	ordinary_tibetan_lexical_or_compound	secure_reviewed_alignment	medium
wts_1_34	949	87	1	སྟེང	sten	steṅ	suffix_coda	ང	ṅ	token_final	reviewed_tibetan_exact_final_ng_consensus	target	reviewed	reviewed_explicit_feature_evidence	ordinary_tibetan_lexical_or_compound	secure_reviewed_alignment	high
wts_1_34	949	87	1	སྟེང	sten	steṅ	pre_coda_structural_unit	སྟེ	ste	pre_coda_stem	reviewed_tibetan_exact_final_ng_consensus	source	historical_source	unaffected_feature_from_reviewed_source	ordinary_tibetan_lexical_or_compound	secure_reviewed_alignment	medium
wts_1_34	950	120	1	སྟེས	Itar	ltar	unsegmented_structural_unit	སྟེས	□tar	unaffected_span_support	reviewed_tibetan_exact_initial_i_l_family	source	historical_source	unaffected_feature_from_reviewed_source	ordinary_tibetan_lexical_or_compound	secure_reviewed_alignment	medium
wts_1_34	950	126	2	དབང	dban	dbaṅ	suffix_coda	ང	ṅ	token_final	reviewed_tibetan_exact_final_ng_consensus	target	reviewed	reviewed_explicit_feature_evidence	ordinary_tibetan_lexical_or_compound	secure_reviewed_alignment	high
wts_1_34	950	126	2	དབང	dban	dbaṅ	pre_coda_structural_unit	དབ	dba	pre_coda_stem	reviewed_tibetan_exact_final_ng_consensus	source	historical_source	unaffected_feature_from_reviewed_source	ordinary_tibetan_lexical_or_compound	secure_reviewed_alignment	medium
wts_1_34	950	164	1	སྟོང	ston	stoṅ	suffix_coda	ང	ṅ	token_final	reviewed_tibetan_exact_final_ng_consensus	target	reviewed	reviewed_explicit_feature_evidence	ordinary_tibetan_lexical_or_compound	secure_reviewed_alignment	high
wts_1_34	950	164	1	སྟོང	ston	stoṅ	pre_coda_structural_unit	སྟོ	sto	pre_coda_stem	reviewed_tibetan_exact_final_ng_consensus	source	historical_source	unaffected_feature_from_reviewed_source	ordinary_tibetan_lexical_or_compound	secure_reviewed_alignment	medium
wts_1_34	951	77	1	སྟོང	ston	stoṅ	suffix_coda	ང	ṅ	token_final	reviewed_tibetan_exact_final_ng_consensus	target	reviewed	reviewed_explicit_feature_evidence	ordinary_tibetan_lexical_or_compound	secure_reviewed_alignment	high
wts_1_34	951	77	1	སྟོང	ston	stoṅ	pre_coda_structural_unit	སྟོ	sto	pre_coda_stem	reviewed_tibetan_exact_final_ng_consensus	source	historical_source	unaffected_feature_from_reviewed_source	ordinary_tibetan_lexical_or_compound	secure_reviewed_alignment	medium
wts_1_34	952	51	1	སྟོང	ston	stoṅ	suffix_coda	ང	ṅ	token_final	reviewed_tibetan_exact_final_ng_consensus	target	reviewed	reviewed_explicit_feature_evidence	ordinary_tibetan_lexical_or_compound	secure_reviewed_alignment	high
wts_1_34	952	51	1	སྟོང	ston	stoṅ	pre_coda_structural_unit	སྟོ	sto	pre_coda_stem	reviewed_tibetan_exact_final_ng_consensus	source	historical_source	unaffected_feature_from_reviewed_source	ordinary_tibetan_lexical_or_compound	secure_reviewed_alignment	medium
wts_1_34	952	53	1	སྟོང	ston	stoṅ	suffix_coda	ང	ṅ	token_final	reviewed_tibetan_exact_final_ng_consensus	target	reviewed	reviewed_explicit_feature_evidence	ordinary_tibetan_lexical_or_compound	secure_reviewed_alignment	high
wts_1_34	952	53	1	སྟོང	ston	stoṅ	pre_coda_structural_unit	སྟོ	sto	pre_coda_stem	reviewed_tibetan_exact_final_ng_consensus	source	historical_source	unaffected_feature_from_reviewed_source	ordinary_tibetan_lexical_or_compound	secure_reviewed_alignment	medium
wts_1_34	952	63	1	སྟོང	ston	stoṅ	suffix_coda	ང	ṅ	token_final	reviewed_tibetan_exact_final_ng_consensus	target	reviewed	reviewed_explicit_feature_evidence	ordinary_tibetan_lexical_or_compound	secure_reviewed_alignment	high
wts_1_34	952	63	1	སྟོང	ston	stoṅ	pre_coda_structural_unit	སྟོ	sto	pre_coda_stem	reviewed_tibetan_exact_final_ng_consensus	source	historical_source	unaffected_feature_from_reviewed_source	ordinary_tibetan_lexical_or_compound	secure_reviewed_alignment	medium
wts_1_34	952	71	1	སྟོང	ston	stoṅ	suffix_coda	ང	ṅ	token_final	reviewed_tibetan_exact_final_ng_consensus	target	reviewed	reviewed_explicit_feature_evidence	ordinary_tibetan_lexical_or_compound	secure_reviewed_alignment	high
wts_1_34	952	71	1	སྟོང	ston	stoṅ	pre_coda_structural_unit	སྟོ	sto	pre_coda_stem	reviewed_tibetan_exact_final_ng_consensus	source	historical_source	unaffected_feature_from_reviewed_source	ordinary_tibetan_lexical_or_compound	secure_reviewed_alignment	medium
wts_1_34	952	92	1	སྟོང	ston	stoṅ	suffix_coda	ང	ṅ	token_final	reviewed_tibetan_exact_final_ng_consensus	target	reviewed	reviewed_explicit_feature_evidence	ordinary_tibetan_lexical_or_compound	secure_reviewed_alignment	high
wts_1_34	952	92	1	སྟོང	ston	stoṅ	pre_coda_structural_unit	སྟོ	sto	pre_coda_stem	reviewed_tibetan_exact_final_ng_consensus	source	historical_source	unaffected_feature_from_reviewed_source	ordinary_tibetan_lexical_or_compound	secure_reviewed_alignment	medium
wts_1_34	952	100	1	སྟོང	ston	stoṅ	suffix_coda	ང	ṅ	token_final	reviewed_tibetan_exact_final_ng_consensus	target	reviewed	reviewed_explicit_feature_evidence	tibetan_proper_name	secure_reviewed_alignment	high
wts_1_34	952	100	1	སྟོང	ston	stoṅ	pre_coda_structural_unit	སྟོ	sto	pre_coda_stem	reviewed_tibetan_exact_final_ng_consensus	source	historical_source	unaffected_feature_from_reviewed_source	tibetan_proper_name	secure_reviewed_alignment	medium
wts_1_34	952	106	1	སྟོང	ston	stoṅ	suffix_coda	ང	ṅ	token_final	reviewed_tibetan_exact_final_ng_consensus	target	reviewed	reviewed_explicit_feature_evidence	ordinary_tibetan_lexical_or_compound	secure_reviewed_alignment	high
wts_1_34	952	106	1	སྟོང	ston	stoṅ	pre_coda_structural_unit	སྟོ	sto	pre_coda_stem	reviewed_tibetan_exact_final_ng_consensus	source	historical_source	unaffected_feature_from_reviewed_source	ordinary_tibetan_lexical_or_compound	secure_reviewed_alignment	medium
wts_1_34	952	110	1	སྟོང	ston	stoṅ	suffix_coda	ང	ṅ	token_final	reviewed_tibetan_exact_final_ng_consensus	target	reviewed	reviewed_explicit_feature_evidence	ordinary_tibetan_lexical_or_compound	secure_reviewed_alignment	high
wts_1_34	952	110	1	སྟོང	ston	stoṅ	pre_coda_structural_unit	སྟོ	sto	pre_coda_stem	reviewed_tibetan_exact_final_ng_consensus	source	historical_source	unaffected_feature_from_reviewed_source	ordinary_tibetan_lexical_or_compound	secure_reviewed_alignment	medium
wts_1_34	952	140	1	སྟོང	ston	stoṅ	suffix_coda	ང	ṅ	token_final	reviewed_tibetan_exact_final_ng_consensus	target	reviewed	reviewed_explicit_feature_evidence	ordinary_tibetan_lexical_or_compound	secure_reviewed_alignment	high
wts_1_34	952	140	1	སྟོང	ston	stoṅ	pre_coda_structural_unit	སྟོ	sto	pre_coda_stem	reviewed_tibetan_exact_final_ng_consensus	source	historical_source	unaffected_feature_from_reviewed_source	ordinary_tibetan_lexical_or_compound	secure_reviewed_alignment	medium
wts_1_34	952	164	1	སྟོང	ston	stoṅ	suffix_coda	ང	ṅ	token_final	reviewed_tibetan_exact_final_ng_consensus	target	reviewed	reviewed_explicit_feature_evidence	ordinary_tibetan_lexical_or_compound	secure_reviewed_alignment	high
wts_1_34	952	164	1	སྟོང	ston	stoṅ	pre_coda_structural_unit	སྟོ	sto	pre_coda_stem	reviewed_tibetan_exact_final_ng_consensus	source	historical_source	unaffected_feature_from_reviewed_source	ordinary_tibetan_lexical_or_compound	secure_reviewed_alignment	medium
wts_1_34	952	171	1	སྟོང	ston	stoṅ	suffix_coda	ང	ṅ	token_final	reviewed_tibetan_exact_final_ng_consensus	target	reviewed	reviewed_explicit_feature_evidence	ordinary_tibetan_lexical_or_compound	marker_or_damage	high
wts_1_34	952	171	1	སྟོང	ston	stoṅ	pre_coda_structural_unit	སྟོ	sto	pre_coda_stem	reviewed_tibetan_exact_final_ng_consensus	source	historical_source	unaffected_feature_from_reviewed_source	ordinary_tibetan_lexical_or_compound	marker_or_damage	medium
wts_1_34	952	188	1	སྟོང	ston	stoṅ	suffix_coda	ང	ṅ	token_final	reviewed_tibetan_exact_final_ng_consensus	target	reviewed	reviewed_explicit_feature_evidence	ordinary_tibetan_lexical_or_compound	secure_reviewed_alignment	high
wts_1_34	952	188	1	སྟོང	ston	stoṅ	pre_coda_structural_unit	སྟོ	sto	pre_coda_stem	reviewed_tibetan_exact_final_ng_consensus	source	historical_source	unaffected_feature_from_reviewed_source	ordinary_tibetan_lexical_or_compound	secure_reviewed_alignment	medium
wts_1_34	952	204	1	སྟོང	ston	stoṅ	suffix_coda	ང	ṅ	token_final	reviewed_tibetan_exact_final_ng_consensus	target	reviewed	reviewed_explicit_feature_evidence	ordinary_tibetan_lexical_or_compound	secure_reviewed_alignment	high
wts_1_34	952	204	1	སྟོང	ston	stoṅ	pre_coda_structural_unit	སྟོ	sto	pre_coda_stem	reviewed_tibetan_exact_final_ng_consensus	source	historical_source	unaffected_feature_from_reviewed_source	ordinary_tibetan_lexical_or_compound	secure_reviewed_alignment	medium
wts_1_34	952	208	1	སྟོང	ston	stoṅ	suffix_coda	ང	ṅ	token_final	reviewed_tibetan_exact_final_ng_consensus	target	reviewed	reviewed_explicit_feature_evidence	ordinary_tibetan_lexical_or_compound	secure_reviewed_alignment	high
wts_1_34	952	208	1	སྟོང	ston	stoṅ	pre_coda_structural_unit	སྟོ	sto	pre_coda_stem	reviewed_tibetan_exact_final_ng_consensus	source	historical_source	unaffected_feature_from_reviewed_source	ordinary_tibetan_lexical_or_compound	secure_reviewed_alignment	medium
wts_1_34	953	1	1	སྟོང	ston	stoṅ	suffix_coda	ང	ṅ	token_final	reviewed_tibetan_exact_final_ng_consensus	target	reviewed	reviewed_explicit_feature_evidence	ordinary_tibetan_lexical_or_compound	secure_reviewed_alignment	high
wts_1_34	953	1	1	སྟོང	ston	stoṅ	pre_coda_structural_unit	སྟོ	sto	pre_coda_stem	reviewed_tibetan_exact_final_ng_consensus	source	historical_source	unaffected_feature_from_reviewed_source	ordinary_tibetan_lexical_or_compound	secure_reviewed_alignment	medium
wts_1_34	953	29	1	སྟོང	ston	stoṅ	suffix_coda	ང	ṅ	token_final	reviewed_tibetan_exact_final_ng_consensus	target	reviewed	reviewed_explicit_feature_evidence	ordinary_tibetan_lexical_or_compound	secure_reviewed_alignment	high
wts_1_34	953	29	1	སྟོང	ston	stoṅ	pre_coda_structural_unit	སྟོ	sto	pre_coda_stem	reviewed_tibetan_exact_final_ng_consensus	source	historical_source	unaffected_feature_from_reviewed_source	ordinary_tibetan_lexical_or_compound	secure_reviewed_alignment	medium
wts_1_34	953	36	1	སྟོང	ston	stoṅ	suffix_coda	ང	ṅ	token_final	reviewed_tibetan_exact_final_ng_consensus	target	reviewed	reviewed_explicit_feature_evidence	ordinary_tibetan_lexical_or_compound	secure_reviewed_alignment	high
wts_1_34	953	36	1	སྟོང	ston	stoṅ	pre_coda_structural_unit	སྟོ	sto	pre_coda_stem	reviewed_tibetan_exact_final_ng_consensus	source	historical_source	unaffected_feature_from_reviewed_source	ordinary_tibetan_lexical_or_compound	secure_reviewed_alignment	medium
wts_1_34	953	44	1	སྟོང	ston	stoṅ	suffix_coda	ང	ṅ	token_final	reviewed_tibetan_exact_final_ng_consensus	target	reviewed	reviewed_explicit_feature_evidence	ordinary_tibetan_lexical_or_compound	secure_reviewed_alignment	high
wts_1_34	953	44	1	སྟོང	ston	stoṅ	pre_coda_structural_unit	སྟོ	sto	pre_coda_stem	reviewed_tibetan_exact_final_ng_consensus	source	historical_source	unaffected_feature_from_reviewed_source	ordinary_tibetan_lexical_or_compound	secure_reviewed_alignment	medium
wts_1_34	953	46	1	སྟོང	ston	stoṅ	suffix_coda	ང	ṅ	token_final	reviewed_tibetan_exact_final_ng_consensus	target	reviewed	reviewed_explicit_feature_evidence	ordinary_tibetan_lexical_or_compound	secure_reviewed_alignment	high
wts_1_34	953	46	1	སྟོང	ston	stoṅ	pre_coda_structural_unit	སྟོ	sto	pre_coda_stem	reviewed_tibetan_exact_final_ng_consensus	source	historical_source	unaffected_feature_from_reviewed_source	ordinary_tibetan_lexical_or_compound	secure_reviewed_alignment	medium
wts_1_34	953	51	1	སྟོང	ston	stoṅ	suffix_coda	ང	ṅ	token_final	reviewed_tibetan_exact_final_ng_consensus	target	reviewed	reviewed_explicit_feature_evidence	ordinary_tibetan_lexical_or_compound	secure_reviewed_alignment	high
wts_1_34	953	51	1	སྟོང	ston	stoṅ	pre_coda_structural_unit	སྟོ	sto	pre_coda_stem	reviewed_tibetan_exact_final_ng_consensus	source	historical_source	unaffected_feature_from_reviewed_source	ordinary_tibetan_lexical_or_compound	secure_reviewed_alignment	medium
wts_1_34	953	51	2	སང	san	saṅ	suffix_coda	ང	ṅ	token_final	reviewed_tibetan_exact_final_ng_source_compatible	target	reviewed	reviewed_explicit_feature_evidence	ordinary_tibetan_lexical_or_compound	secure_reviewed_alignment	high
wts_1_34	953	51	2	སང	san	saṅ	pre_coda_structural_unit	ས	sa	pre_coda_stem	reviewed_tibetan_exact_final_ng_source_compatible	source	historical_source	unaffected_feature_from_reviewed_source	ordinary_tibetan_lexical_or_compound	secure_reviewed_alignment	medium
wts_1_34	953	65	1	སྟོང	ston	stoṅ	suffix_coda	ང	ṅ	token_final	reviewed_tibetan_exact_final_ng_consensus	target	reviewed	reviewed_explicit_feature_evidence	ordinary_tibetan_lexical_or_compound	secure_reviewed_alignment	high
wts_1_34	953	65	1	སྟོང	ston	stoṅ	pre_coda_structural_unit	སྟོ	sto	pre_coda_stem	reviewed_tibetan_exact_final_ng_consensus	source	historical_source	unaffected_feature_from_reviewed_source	ordinary_tibetan_lexical_or_compound	secure_reviewed_alignment	medium
wts_1_34	953	98	1	སྟོང	ston	stoṅ	suffix_coda	ང	ṅ	token_final	reviewed_tibetan_exact_final_ng_consensus	target	reviewed	reviewed_explicit_feature_evidence	ordinary_tibetan_lexical_or_compound	secure_reviewed_alignment	high
wts_1_34	953	98	1	སྟོང	ston	stoṅ	pre_coda_structural_unit	སྟོ	sto	pre_coda_stem	reviewed_tibetan_exact_final_ng_consensus	source	historical_source	unaffected_feature_from_reviewed_source	ordinary_tibetan_lexical_or_compound	secure_reviewed_alignment	medium
wts_1_34	953	122	1	སྟོང	ston	stoṅ	suffix_coda	ང	ṅ	token_final	reviewed_tibetan_exact_final_ng_consensus	target	reviewed	reviewed_explicit_feature_evidence	ordinary_tibetan_lexical_or_compound	secure_reviewed_alignment	high
wts_1_34	953	122	1	སྟོང	ston	stoṅ	pre_coda_structural_unit	སྟོ	sto	pre_coda_stem	reviewed_tibetan_exact_final_ng_consensus	source	historical_source	unaffected_feature_from_reviewed_source	ordinary_tibetan_lexical_or_compound	secure_reviewed_alignment	medium
wts_1_34	953	183	1	སྟོང	ston	stoṅ	suffix_coda	ང	ṅ	token_final	reviewed_tibetan_exact_final_ng_consensus	target	reviewed	reviewed_explicit_feature_evidence	tibetan_proper_name	secure_reviewed_alignment	high
wts_1_34	953	183	1	སྟོང	ston	stoṅ	pre_coda_structural_unit	སྟོ	sto	pre_coda_stem	reviewed_tibetan_exact_final_ng_consensus	source	historical_source	unaffected_feature_from_reviewed_source	tibetan_proper_name	secure_reviewed_alignment	medium
wts_1_34	955	38	2	ཐུང	thun	thuṅ	suffix_coda	ང	ṅ	token_final	reviewed_tibetan_exact_final_ng_consensus	target	reviewed	reviewed_explicit_feature_evidence	ordinary_tibetan_lexical_or_compound	secure_reviewed_alignment	high
wts_1_34	955	38	2	ཐུང	thun	thuṅ	pre_coda_structural_unit	ཐུ	thu	pre_coda_stem	reviewed_tibetan_exact_final_ng_consensus	source	historical_source	unaffected_feature_from_reviewed_source	ordinary_tibetan_lexical_or_compound	secure_reviewed_alignment	medium
wts_1_34	955	131	2	ལུང	lun	luṅ	suffix_coda	ང	ṅ	token_final	reviewed_tibetan_exact_final_ng_source_compatible	target	reviewed	reviewed_explicit_feature_evidence	tibetan_proper_name	secure_reviewed_alignment	high
wts_1_34	955	131	2	ལུང	lun	luṅ	pre_coda_structural_unit	ལུ	lu	pre_coda_stem	reviewed_tibetan_exact_final_ng_source_compatible	source	historical_source	unaffected_feature_from_reviewed_source	tibetan_proper_name	secure_reviewed_alignment	medium
wts_1_34	957	141	2	འབྲིང	brin	briṅ	suffix_coda	ང	ṅ	token_final	reviewed_tibetan_exact_final_ng_consensus	target	reviewed	reviewed_explicit_feature_evidence	unclear	secure_reviewed_alignment	high
wts_1_34	957	141	2	འབྲིང	brin	briṅ	pre_coda_structural_unit	འབྲི	bri	pre_coda_stem	reviewed_tibetan_exact_final_ng_consensus	source	historical_source	unaffected_feature_from_reviewed_source	unclear	secure_reviewed_alignment	medium
wts_1_34	958	1	4	ཆུང	chun	chuṅ	suffix_coda	ང	ṅ	token_final	reviewed_tibetan_exact_script_ng_witness	target	reviewed	reviewed_explicit_feature_evidence	ordinary_tibetan_lexical_or_compound	secure_reviewed_alignment	high
wts_1_34	958	1	4	ཆུང	chun	chuṅ	pre_coda_structural_unit	ཆུ	chu	pre_coda_stem	reviewed_tibetan_exact_script_ng_witness	source	historical_source	unaffected_feature_from_reviewed_source	ordinary_tibetan_lexical_or_compound	secure_reviewed_alignment	medium
wts_1_34	958	18	4	ཆུང	chun	chuṅ	suffix_coda	ང	ṅ	token_final	reviewed_tibetan_exact_script_ng_witness	target	reviewed	reviewed_explicit_feature_evidence	ordinary_tibetan_lexical_or_compound	secure_reviewed_alignment	high
wts_1_34	958	18	4	ཆུང	chun	chuṅ	pre_coda_structural_unit	ཆུ	chu	pre_coda_stem	reviewed_tibetan_exact_script_ng_witness	source	historical_source	unaffected_feature_from_reviewed_source	ordinary_tibetan_lexical_or_compound	secure_reviewed_alignment	medium
wts_1_34	958	51	3	འབྲིང	brin	briṅ	suffix_coda	ང	ṅ	token_final	reviewed_tibetan_exact_final_ng_consensus	target	reviewed	reviewed_explicit_feature_evidence	ordinary_tibetan_lexical_or_compound	secure_reviewed_alignment	high
wts_1_34	958	51	3	འབྲིང	brin	briṅ	pre_coda_structural_unit	འབྲི	bri	pre_coda_stem	reviewed_tibetan_exact_final_ng_consensus	source	historical_source	unaffected_feature_from_reviewed_source	ordinary_tibetan_lexical_or_compound	secure_reviewed_alignment	medium
wts_1_34	959	194	2	ལྫ	Ina	lṅa	unsegmented_structural_unit	ལྫ	□□a	unaffected_span_support	reviewed_tibetan_exact_initial_i_l_family	source	historical_source	unaffected_feature_from_reviewed_source	ordinary_tibetan_lexical_or_compound	secure_reviewed_alignment	medium
wts_1_34	961	62	2	མང	man	maṅ	suffix_coda			token_final	reviewed_tibetan_exact_final_ng_consensus	target	reviewed	role_unresolved	ordinary_tibetan_lexical_or_compound	secure_reviewed_alignment	none
wts_1_34	961	136	2	བཟང	bzan	bzaṅ	suffix_coda	ང	ṅ	token_final	reviewed_tibetan_exact_final_ng_consensus	target	reviewed	reviewed_explicit_feature_evidence	ordinary_tibetan_lexical_or_compound	secure_reviewed_alignment	high
wts_1_34	961	136	2	བཟང	bzan	bzaṅ	pre_coda_structural_unit	བཟ	bza	pre_coda_stem	reviewed_tibetan_exact_final_ng_consensus	source	historical_source	unaffected_feature_from_reviewed_source	ordinary_tibetan_lexical_or_compound	secure_reviewed_alignment	medium
wts_1_34	961	188	3	སྲིང	srin	sriṅ	suffix_coda	ང	ṅ	token_final	reviewed_tibetan_exact_final_ng_consensus	target	reviewed	reviewed_explicit_feature_evidence	ordinary_tibetan_lexical_or_compound	secure_reviewed_alignment	high
wts_1_34	961	188	3	སྲིང	srin	sriṅ	pre_coda_structural_unit	སྲི	sri	pre_coda_stem	reviewed_tibetan_exact_final_ng_consensus	source	historical_source	unaffected_feature_from_reviewed_source	ordinary_tibetan_lexical_or_compound	secure_reviewed_alignment	medium
wts_1_34	962	9	2	ཁུང	khun	khuṅ	suffix_coda	ང	ṅ	token_final	reviewed_tibetan_exact_final_ng_consensus	target	reviewed	reviewed_explicit_feature_evidence	ordinary_tibetan_lexical_or_compound	secure_reviewed_alignment	high
wts_1_34	962	9	2	ཁུང	khun	khuṅ	pre_coda_structural_unit	ཁུ	khu	pre_coda_stem	reviewed_tibetan_exact_final_ng_consensus	source	historical_source	unaffected_feature_from_reviewed_source	ordinary_tibetan_lexical_or_compound	secure_reviewed_alignment	medium
wts_1_34	966	178	2	གཞི	gzi	gźi	root_consonant	ཞ	ź	root	reviewed_tibetan_exact_transcription_integrity	target	reviewed	reviewed_explicit_feature_evidence	ordinary_tibetan_lexical_or_compound	secure_reviewed_alignment	high
wts_1_34	966	178	2	གཞི	gzi	gźi	unsegmented_structural_unit	གཞི	g□i	unaffected_span_support	reviewed_tibetan_exact_transcription_integrity	source	historical_source	unaffected_feature_from_reviewed_source	ordinary_tibetan_lexical_or_compound	secure_reviewed_alignment	medium
wts_1_34	970	114	2	སྐྱོང	skyon	skyoṅ	suffix_coda	ང	ṅ	token_final	reviewed_tibetan_exact_final_ng_consensus	target	reviewed	reviewed_explicit_feature_evidence	ordinary_tibetan_lexical_or_compound	secure_reviewed_alignment	high
wts_1_34	970	114	2	སྐྱོང	skyon	skyoṅ	pre_coda_structural_unit	སྐྱོ	skyo	pre_coda_stem	reviewed_tibetan_exact_final_ng_consensus	source	historical_source	unaffected_feature_from_reviewed_source	ordinary_tibetan_lexical_or_compound	secure_reviewed_alignment	medium
wts_1_34	970	150	3	རྫོང	rdzon	rdzoṅ	suffix_coda	ང	ṅ	token_final	reviewed_tibetan_exact_final_ng_consensus	target	reviewed	reviewed_explicit_feature_evidence	tibetan_proper_name	secure_reviewed_alignment	high
wts_1_34	970	150	3	རྫོང	rdzon	rdzoṅ	pre_coda_structural_unit	རྫོ	rdzo	pre_coda_stem	reviewed_tibetan_exact_final_ng_consensus	source	historical_source	unaffected_feature_from_reviewed_source	tibetan_proper_name	secure_reviewed_alignment	medium
wts_1_34	986	123	2	རིང	rin	riṅ	suffix_coda	ང	ṅ	token_final	reviewed_tibetan_exact_final_ng_consensus	target	reviewed	reviewed_explicit_feature_evidence	ordinary_tibetan_lexical_or_compound	secure_reviewed_alignment	high
wts_1_34	986	123	2	རིང	rin	riṅ	pre_coda_structural_unit	རི	ri	pre_coda_stem	reviewed_tibetan_exact_final_ng_consensus	source	historical_source	unaffected_feature_from_reviewed_source	ordinary_tibetan_lexical_or_compound	secure_reviewed_alignment	medium
wts_1_34	987	88	2	བཟང	bzan	bzaṅ	suffix_coda	ང	ṅ	token_final	reviewed_tibetan_exact_final_ng_consensus	target	reviewed	reviewed_explicit_feature_evidence	ordinary_tibetan_lexical_or_compound	secure_reviewed_alignment	high
wts_1_34	987	88	2	བཟང	bzan	bzaṅ	pre_coda_structural_unit	བཟ	bza	pre_coda_stem	reviewed_tibetan_exact_final_ng_consensus	source	historical_source	unaffected_feature_from_reviewed_source	ordinary_tibetan_lexical_or_compound	secure_reviewed_alignment	medium
wts_1_34	988	61	1	ཐང	than	thaṅ	suffix_coda	ང	ṅ	token_final	reviewed_tibetan_exact_final_ng_consensus	target	reviewed	reviewed_explicit_feature_evidence	ordinary_tibetan_lexical_or_compound	secure_reviewed_alignment	high
wts_1_34	988	61	1	ཐང	than	thaṅ	pre_coda_structural_unit	ཐ	tha	pre_coda_stem	reviewed_tibetan_exact_final_ng_consensus	source	historical_source	unaffected_feature_from_reviewed_source	ordinary_tibetan_lexical_or_compound	secure_reviewed_alignment	medium
wts_1_34	988	129	1	ཐང	than	thaṅ	suffix_coda	ང	ṅ	token_final	reviewed_tibetan_exact_final_ng_consensus	target	reviewed	reviewed_explicit_feature_evidence	ordinary_tibetan_lexical_or_compound	secure_reviewed_alignment	high
wts_1_34	988	129	1	ཐང	than	thaṅ	pre_coda_structural_unit	ཐ	tha	pre_coda_stem	reviewed_tibetan_exact_final_ng_consensus	source	historical_source	unaffected_feature_from_reviewed_source	ordinary_tibetan_lexical_or_compound	secure_reviewed_alignment	medium
wts_1_34	988	138	1	ཐང	than	thaṅ	suffix_coda	ང	ṅ	token_final	reviewed_tibetan_exact_final_ng_consensus	target	reviewed	reviewed_explicit_feature_evidence	ordinary_tibetan_lexical_or_compound	secure_reviewed_alignment	high
wts_1_34	988	138	1	ཐང	than	thaṅ	pre_coda_structural_unit	ཐ	tha	pre_coda_stem	reviewed_tibetan_exact_final_ng_consensus	source	historical_source	unaffected_feature_from_reviewed_source	ordinary_tibetan_lexical_or_compound	secure_reviewed_alignment	medium
wts_1_34	988	147	1	ཐང	than	thaṅ	suffix_coda	ང	ṅ	token_final	reviewed_tibetan_exact_final_ng_consensus	target	reviewed	reviewed_explicit_feature_evidence	tibetan_proper_name	secure_reviewed_alignment	high
wts_1_34	988	147	1	ཐང	than	thaṅ	pre_coda_structural_unit	ཐ	tha	pre_coda_stem	reviewed_tibetan_exact_final_ng_consensus	source	historical_source	unaffected_feature_from_reviewed_source	tibetan_proper_name	secure_reviewed_alignment	medium
wts_1_34	988	155	1	ཐང	than	thaṅ	suffix_coda	ང	ṅ	token_final	reviewed_tibetan_exact_final_ng_consensus	target	reviewed	reviewed_explicit_feature_evidence	ordinary_tibetan_lexical_or_compound	secure_reviewed_alignment	high
wts_1_34	988	155	1	ཐང	than	thaṅ	pre_coda_structural_unit	ཐ	tha	pre_coda_stem	reviewed_tibetan_exact_final_ng_consensus	source	historical_source	unaffected_feature_from_reviewed_source	ordinary_tibetan_lexical_or_compound	secure_reviewed_alignment	medium
wts_1_34	988	157	1	ཐང	than	thaṅ	suffix_coda	ང	ṅ	token_final	reviewed_tibetan_exact_final_ng_consensus	target	reviewed	reviewed_explicit_feature_evidence	ordinary_tibetan_lexical_or_compound	secure_reviewed_alignment	high
wts_1_34	988	157	1	ཐང	than	thaṅ	pre_coda_structural_unit	ཐ	tha	pre_coda_stem	reviewed_tibetan_exact_final_ng_consensus	source	historical_source	unaffected_feature_from_reviewed_source	ordinary_tibetan_lexical_or_compound	secure_reviewed_alignment	medium
wts_1_34	988	170	1	ཐང	than	thaṅ	suffix_coda	ང	ṅ	token_final	reviewed_tibetan_exact_final_ng_consensus	target	reviewed	reviewed_explicit_feature_evidence	ordinary_tibetan_lexical_or_compound	secure_reviewed_alignment	high
wts_1_34	988	170	1	ཐང	than	thaṅ	pre_coda_structural_unit	ཐ	tha	pre_coda_stem	reviewed_tibetan_exact_final_ng_consensus	source	historical_source	unaffected_feature_from_reviewed_source	ordinary_tibetan_lexical_or_compound	secure_reviewed_alignment	medium
wts_1_34	988	178	1	ཐང	than	thaṅ	suffix_coda	ང	ṅ	token_final	reviewed_tibetan_exact_final_ng_consensus	target	reviewed	reviewed_explicit_feature_evidence	ordinary_tibetan_lexical_or_compound	secure_reviewed_alignment	high
wts_1_34	988	178	1	ཐང	than	thaṅ	pre_coda_structural_unit	ཐ	tha	pre_coda_stem	reviewed_tibetan_exact_final_ng_consensus	source	historical_source	unaffected_feature_from_reviewed_source	ordinary_tibetan_lexical_or_compound	secure_reviewed_alignment	medium
wts_1_34	988	196	1	ཐང	than	thaṅ	suffix_coda	ང	ṅ	token_final	reviewed_tibetan_exact_final_ng_consensus	target	reviewed	reviewed_explicit_feature_evidence	ordinary_tibetan_lexical_or_compound	secure_reviewed_alignment	high
wts_1_34	988	196	1	ཐང	than	thaṅ	pre_coda_structural_unit	ཐ	tha	pre_coda_stem	reviewed_tibetan_exact_final_ng_consensus	source	historical_source	unaffected_feature_from_reviewed_source	ordinary_tibetan_lexical_or_compound	secure_reviewed_alignment	medium
wts_1_34	988	197	1	ཐང	than	thaṅ	suffix_coda	ང	ṅ	token_final	reviewed_tibetan_exact_final_ng_consensus	target	reviewed	reviewed_explicit_feature_evidence	ordinary_tibetan_lexical_or_compound	secure_reviewed_alignment	high
wts_1_34	988	197	1	ཐང	than	thaṅ	pre_coda_structural_unit	ཐ	tha	pre_coda_stem	reviewed_tibetan_exact_final_ng_consensus	source	historical_source	unaffected_feature_from_reviewed_source	ordinary_tibetan_lexical_or_compound	secure_reviewed_alignment	medium
wts_1_34	988	200	1	ཐང	than	thaṅ	suffix_coda	ང	ṅ	token_final	reviewed_tibetan_exact_final_ng_consensus	target	reviewed	reviewed_explicit_feature_evidence	ordinary_tibetan_lexical_or_compound	secure_reviewed_alignment	high
wts_1_34	988	200	1	ཐང	than	thaṅ	pre_coda_structural_unit	ཐ	tha	pre_coda_stem	reviewed_tibetan_exact_final_ng_consensus	source	historical_source	unaffected_feature_from_reviewed_source	ordinary_tibetan_lexical_or_compound	secure_reviewed_alignment	medium
wts_1_34	988	209	1	ཐང	than	thaṅ	suffix_coda	ང	ṅ	token_final	reviewed_tibetan_exact_final_ng_consensus	target	reviewed	reviewed_explicit_feature_evidence	ordinary_tibetan_lexical_or_compound	secure_reviewed_alignment	high
wts_1_34	988	209	1	ཐང	than	thaṅ	pre_coda_structural_unit	ཐ	tha	pre_coda_stem	reviewed_tibetan_exact_final_ng_consensus	source	historical_source	unaffected_feature_from_reviewed_source	ordinary_tibetan_lexical_or_compound	secure_reviewed_alignment	medium
wts_1_34	989	1	1	ཐང	than	thaṅ	suffix_coda	ང	ṅ	token_final	reviewed_tibetan_exact_final_ng_consensus	target	reviewed	reviewed_explicit_feature_evidence	ordinary_tibetan_lexical_or_compound	secure_reviewed_alignment	high
wts_1_34	989	1	1	ཐང	than	thaṅ	pre_coda_structural_unit	ཐ	tha	pre_coda_stem	reviewed_tibetan_exact_final_ng_consensus	source	historical_source	unaffected_feature_from_reviewed_source	ordinary_tibetan_lexical_or_compound	secure_reviewed_alignment	medium
wts_1_34	989	19	1	ཐང	than	thaṅ	suffix_coda	ང	ṅ	token_final	reviewed_tibetan_exact_final_ng_consensus	target	reviewed	reviewed_explicit_feature_evidence	ordinary_tibetan_lexical_or_compound	secure_reviewed_alignment	high
wts_1_34	989	19	1	ཐང	than	thaṅ	pre_coda_structural_unit	ཐ	tha	pre_coda_stem	reviewed_tibetan_exact_final_ng_consensus	source	historical_source	unaffected_feature_from_reviewed_source	ordinary_tibetan_lexical_or_compound	secure_reviewed_alignment	medium
wts_1_34	989	57	1	ཐང	than	thaṅ	suffix_coda	ང	ṅ	token_final	reviewed_tibetan_exact_final_ng_consensus	target	reviewed	reviewed_explicit_feature_evidence	ordinary_tibetan_lexical_or_compound	secure_reviewed_alignment	high
wts_1_34	989	57	1	ཐང	than	thaṅ	pre_coda_structural_unit	ཐ	tha	pre_coda_stem	reviewed_tibetan_exact_final_ng_consensus	source	historical_source	unaffected_feature_from_reviewed_source	ordinary_tibetan_lexical_or_compound	secure_reviewed_alignment	medium
wts_1_34	989	92	1	ཐང	than	thaṅ	suffix_coda	ང	ṅ	token_final	reviewed_tibetan_exact_final_ng_consensus	target	reviewed	reviewed_explicit_feature_evidence	tibetan_proper_name	secure_reviewed_alignment	high
wts_1_34	989	92	1	ཐང	than	thaṅ	pre_coda_structural_unit	ཐ	tha	pre_coda_stem	reviewed_tibetan_exact_final_ng_consensus	source	historical_source	unaffected_feature_from_reviewed_source	tibetan_proper_name	secure_reviewed_alignment	medium
wts_1_34	989	92	2	ཆུང	chun	chuṅ	suffix_coda	ང	ṅ	token_final	reviewed_tibetan_exact_script_ng_witness	target	reviewed	reviewed_explicit_feature_evidence	tibetan_proper_name	secure_reviewed_alignment	high
wts_1_34	989	92	2	ཆུང	chun	chuṅ	pre_coda_structural_unit	ཆུ	chu	pre_coda_stem	reviewed_tibetan_exact_script_ng_witness	source	historical_source	unaffected_feature_from_reviewed_source	tibetan_proper_name	secure_reviewed_alignment	medium
wts_1_34	989	109	1	ཐང	than	thaṅ	suffix_coda	ང	ṅ	token_final	reviewed_tibetan_exact_final_ng_consensus	target	reviewed	reviewed_explicit_feature_evidence	ordinary_tibetan_lexical_or_compound	secure_reviewed_alignment	high
wts_1_34	989	109	1	ཐང	than	thaṅ	pre_coda_structural_unit	ཐ	tha	pre_coda_stem	reviewed_tibetan_exact_final_ng_consensus	source	historical_source	unaffected_feature_from_reviewed_source	ordinary_tibetan_lexical_or_compound	secure_reviewed_alignment	medium
wts_1_34	989	131	1	ཐང	than	thaṅ	suffix_coda	ང	ṅ	token_final	reviewed_tibetan_exact_final_ng_consensus	target	reviewed	reviewed_explicit_feature_evidence	ordinary_tibetan_lexical_or_compound	secure_reviewed_alignment	high
wts_1_34	989	131	1	ཐང	than	thaṅ	pre_coda_structural_unit	ཐ	tha	pre_coda_stem	reviewed_tibetan_exact_final_ng_consensus	source	historical_source	unaffected_feature_from_reviewed_source	ordinary_tibetan_lexical_or_compound	secure_reviewed_alignment	medium
wts_1_34	989	131	2	ཐང	than	thaṅ	suffix_coda	ང	ṅ	token_final	reviewed_tibetan_exact_final_ng_consensus	target	reviewed	reviewed_explicit_feature_evidence	ordinary_tibetan_lexical_or_compound	secure_reviewed_alignment	high
wts_1_34	989	131	2	ཐང	than	thaṅ	pre_coda_structural_unit	ཐ	tha	pre_coda_stem	reviewed_tibetan_exact_final_ng_consensus	source	historical_source	unaffected_feature_from_reviewed_source	ordinary_tibetan_lexical_or_compound	secure_reviewed_alignment	medium
wts_1_34	989	136	1	ཐང	than	thaṅ	suffix_coda	ང	ṅ	token_final	reviewed_tibetan_exact_final_ng_consensus	target	reviewed	reviewed_explicit_feature_evidence	ordinary_tibetan_lexical_or_compound	secure_reviewed_alignment	high
wts_1_34	989	136	1	ཐང	than	thaṅ	pre_coda_structural_unit	ཐ	tha	pre_coda_stem	reviewed_tibetan_exact_final_ng_consensus	source	historical_source	unaffected_feature_from_reviewed_source	ordinary_tibetan_lexical_or_compound	secure_reviewed_alignment	medium
wts_1_34	989	144	1	ཐང	than	thaṅ	suffix_coda	ང	ṅ	token_final	reviewed_tibetan_exact_final_ng_consensus	target	reviewed	reviewed_explicit_feature_evidence	tibetan_proper_name	secure_reviewed_alignment	high
wts_1_34	989	144	1	ཐང	than	thaṅ	pre_coda_structural_unit	ཐ	tha	pre_coda_stem	reviewed_tibetan_exact_final_ng_consensus	source	historical_source	unaffected_feature_from_reviewed_source	tibetan_proper_name	secure_reviewed_alignment	medium
wts_1_34	989	165	1	ཐང	than	thaṅ	suffix_coda	ང	ṅ	token_final	reviewed_tibetan_exact_final_ng_consensus	target	reviewed	reviewed_explicit_feature_evidence	ordinary_tibetan_lexical_or_compound	secure_reviewed_alignment	high
wts_1_34	989	165	1	ཐང	than	thaṅ	pre_coda_structural_unit	ཐ	tha	pre_coda_stem	reviewed_tibetan_exact_final_ng_consensus	source	historical_source	unaffected_feature_from_reviewed_source	ordinary_tibetan_lexical_or_compound	secure_reviewed_alignment	medium
wts_1_34	989	176	1	ཐང	than	thaṅ	suffix_coda	ང	ṅ	token_final	reviewed_tibetan_exact_final_ng_consensus	target	reviewed	reviewed_explicit_feature_evidence	ordinary_tibetan_lexical_or_compound	secure_reviewed_alignment	high
wts_1_34	989	176	1	ཐང	than	thaṅ	pre_coda_structural_unit	ཐ	tha	pre_coda_stem	reviewed_tibetan_exact_final_ng_consensus	source	historical_source	unaffected_feature_from_reviewed_source	ordinary_tibetan_lexical_or_compound	secure_reviewed_alignment	medium
wts_1_34	989	194	1	ཐང	than	thaṅ	suffix_coda	ང	ṅ	token_final	reviewed_tibetan_exact_final_ng_consensus	target	reviewed	reviewed_explicit_feature_evidence	ordinary_tibetan_lexical_or_compound	secure_reviewed_alignment	high
wts_1_34	989	194	1	ཐང	than	thaṅ	pre_coda_structural_unit	ཐ	tha	pre_coda_stem	reviewed_tibetan_exact_final_ng_consensus	source	historical_source	unaffected_feature_from_reviewed_source	ordinary_tibetan_lexical_or_compound	secure_reviewed_alignment	medium
wts_1_34	989	211	1	ཐང	than	thaṅ	suffix_coda	ང	ṅ	token_final	reviewed_tibetan_exact_final_ng_consensus	target	reviewed	reviewed_explicit_feature_evidence	ordinary_tibetan_lexical_or_compound	secure_reviewed_alignment	high
wts_1_34	989	211	1	ཐང	than	thaṅ	pre_coda_structural_unit	ཐ	tha	pre_coda_stem	reviewed_tibetan_exact_final_ng_consensus	source	historical_source	unaffected_feature_from_reviewed_source	ordinary_tibetan_lexical_or_compound	secure_reviewed_alignment	medium
wts_1_34	989	223	1	ཐང	than	thaṅ	suffix_coda	ང	ṅ	token_final	reviewed_tibetan_exact_final_ng_consensus	target	reviewed	reviewed_explicit_feature_evidence	ordinary_tibetan_lexical_or_compound	secure_reviewed_alignment	high
wts_1_34	989	223	1	ཐང	than	thaṅ	pre_coda_structural_unit	ཐ	tha	pre_coda_stem	reviewed_tibetan_exact_final_ng_consensus	source	historical_source	unaffected_feature_from_reviewed_source	ordinary_tibetan_lexical_or_compound	secure_reviewed_alignment	medium
wts_1_34	990	5	1	ཐང	than	thaṅ	suffix_coda	ང	ṅ	token_final	reviewed_tibetan_exact_final_ng_consensus	target	reviewed	reviewed_explicit_feature_evidence	ordinary_tibetan_lexical_or_compound	secure_reviewed_alignment	high
wts_1_34	990	5	1	ཐང	than	thaṅ	pre_coda_structural_unit	ཐ	tha	pre_coda_stem	reviewed_tibetan_exact_final_ng_consensus	source	historical_source	unaffected_feature_from_reviewed_source	ordinary_tibetan_lexical_or_compound	secure_reviewed_alignment	medium
wts_1_34	990	7	10	ཐང	than	thaṅ	suffix_coda	ང	ṅ	token_final	reviewed_tibetan_exact_final_ng_consensus	target	reviewed	reviewed_explicit_feature_evidence	unclear	secure_reviewed_alignment	high
wts_1_34	990	7	10	ཐང	than	thaṅ	pre_coda_structural_unit	ཐ	tha	pre_coda_stem	reviewed_tibetan_exact_final_ng_consensus	source	historical_source	unaffected_feature_from_reviewed_source	unclear	secure_reviewed_alignment	medium
wts_1_34	990	12	1	ཐང	than	thaṅ	suffix_coda	ང	ṅ	token_final	reviewed_tibetan_exact_final_ng_consensus	target	reviewed	reviewed_explicit_feature_evidence	ordinary_tibetan_lexical_or_compound	secure_reviewed_alignment	high
wts_1_34	990	12	1	ཐང	than	thaṅ	pre_coda_structural_unit	ཐ	tha	pre_coda_stem	reviewed_tibetan_exact_final_ng_consensus	source	historical_source	unaffected_feature_from_reviewed_source	ordinary_tibetan_lexical_or_compound	secure_reviewed_alignment	medium
wts_1_34	990	12	2	གཞི	gZi	gźi	root_consonant	ཞ	ź	root	reviewed_tibetan_exact_transcription_integrity	target	reviewed	reviewed_explicit_feature_evidence	ordinary_tibetan_lexical_or_compound	secure_reviewed_alignment	high
wts_1_34	990	12	2	གཞི	gZi	gźi	unsegmented_structural_unit	གཞི	g□i	unaffected_span_support	reviewed_tibetan_exact_transcription_integrity	source	historical_source	unaffected_feature_from_reviewed_source	ordinary_tibetan_lexical_or_compound	secure_reviewed_alignment	medium
wts_1_34	990	20	1	ཐང	than	thaṅ	suffix_coda	ང	ṅ	token_final	reviewed_tibetan_exact_final_ng_consensus	target	reviewed	reviewed_explicit_feature_evidence	ordinary_tibetan_lexical_or_compound	secure_reviewed_alignment	high
wts_1_34	990	20	1	ཐང	than	thaṅ	pre_coda_structural_unit	ཐ	tha	pre_coda_stem	reviewed_tibetan_exact_final_ng_consensus	source	historical_source	unaffected_feature_from_reviewed_source	ordinary_tibetan_lexical_or_compound	secure_reviewed_alignment	medium
wts_1_34	990	28	1	ཐང	than	thaṅ	suffix_coda	ང	ṅ	token_final	reviewed_tibetan_exact_final_ng_consensus	target	reviewed	reviewed_explicit_feature_evidence	ordinary_tibetan_lexical_or_compound	secure_reviewed_alignment	high
wts_1_34	990	28	1	ཐང	than	thaṅ	pre_coda_structural_unit	ཐ	tha	pre_coda_stem	reviewed_tibetan_exact_final_ng_consensus	source	historical_source	unaffected_feature_from_reviewed_source	ordinary_tibetan_lexical_or_compound	secure_reviewed_alignment	medium
wts_1_34	990	38	1	ཐང	than	thaṅ	suffix_coda	ང	ṅ	token_final	reviewed_tibetan_exact_final_ng_consensus	target	reviewed	reviewed_explicit_feature_evidence	ordinary_tibetan_lexical_or_compound	secure_reviewed_alignment	high
wts_1_34	990	38	1	ཐང	than	thaṅ	pre_coda_structural_unit	ཐ	tha	pre_coda_stem	reviewed_tibetan_exact_final_ng_consensus	source	historical_source	unaffected_feature_from_reviewed_source	ordinary_tibetan_lexical_or_compound	secure_reviewed_alignment	medium
wts_1_34	990	53	1	ཐང	than	thaṅ	suffix_coda	ང	ṅ	token_final	reviewed_tibetan_exact_final_ng_consensus	target	reviewed	reviewed_explicit_feature_evidence	ordinary_tibetan_lexical_or_compound	secure_reviewed_alignment	high
wts_1_34	990	53	1	ཐང	than	thaṅ	pre_coda_structural_unit	ཐ	tha	pre_coda_stem	reviewed_tibetan_exact_final_ng_consensus	source	historical_source	unaffected_feature_from_reviewed_source	ordinary_tibetan_lexical_or_compound	secure_reviewed_alignment	medium
wts_1_34	990	70	1	ཐང	than	thaṅ	suffix_coda	ང	ṅ	token_final	reviewed_tibetan_exact_final_ng_consensus	target	reviewed	reviewed_explicit_feature_evidence	ordinary_tibetan_lexical_or_compound	secure_reviewed_alignment	high
wts_1_34	990	70	1	ཐང	than	thaṅ	pre_coda_structural_unit	ཐ	tha	pre_coda_stem	reviewed_tibetan_exact_final_ng_consensus	source	historical_source	unaffected_feature_from_reviewed_source	ordinary_tibetan_lexical_or_compound	secure_reviewed_alignment	medium
wts_1_34	990	70	2	ཤིང	sin	siṅ	suffix_coda	ང	ṅ	token_final	reviewed_tibetan_exact_final_ng_source_compatible	target	reviewed	reviewed_explicit_feature_evidence	ordinary_tibetan_lexical_or_compound	secure_reviewed_alignment	high
wts_1_34	990	70	2	ཤིང	sin	siṅ	pre_coda_structural_unit	ཤི	si	pre_coda_stem	reviewed_tibetan_exact_final_ng_source_compatible	source	historical_source	unaffected_feature_from_reviewed_source	ordinary_tibetan_lexical_or_compound	secure_reviewed_alignment	medium
wts_1_34	990	104	1	ཐང	than	thaṅ	suffix_coda	ང	ṅ	token_final	reviewed_tibetan_exact_final_ng_consensus	target	reviewed	reviewed_explicit_feature_evidence	ordinary_tibetan_lexical_or_compound	secure_reviewed_alignment	high
wts_1_34	990	104	1	ཐང	than	thaṅ	pre_coda_structural_unit	ཐ	tha	pre_coda_stem	reviewed_tibetan_exact_final_ng_consensus	source	historical_source	unaffected_feature_from_reviewed_source	ordinary_tibetan_lexical_or_compound	secure_reviewed_alignment	medium
wts_1_34	991	68	2	དྲང	dran	draṅ	suffix_coda	ང	ṅ	token_final	reviewed_tibetan_exact_final_ng_historical_witness	target	reviewed	reviewed_explicit_feature_evidence	ordinary_tibetan_lexical_or_compound	secure_reviewed_alignment	high
wts_1_34	991	68	2	དྲང	dran	draṅ	pre_coda_structural_unit	དྲ	dra	pre_coda_stem	reviewed_tibetan_exact_final_ng_historical_witness	source	historical_source	unaffected_feature_from_reviewed_source	ordinary_tibetan_lexical_or_compound	secure_reviewed_alignment	medium
wts_1_34	992	1	4	རིང	rin	riṅ	suffix_coda	ང	ṅ	token_final	reviewed_tibetan_exact_final_ng_consensus	target	reviewed	reviewed_explicit_feature_evidence	ordinary_tibetan_lexical_or_compound	secure_reviewed_alignment	high
wts_1_34	992	1	4	རིང	rin	riṅ	pre_coda_structural_unit	རི	ri	pre_coda_stem	reviewed_tibetan_exact_final_ng_consensus	source	historical_source	unaffected_feature_from_reviewed_source	ordinary_tibetan_lexical_or_compound	secure_reviewed_alignment	medium
wts_1_34	992	7	4	རིང	rin	riṅ	suffix_coda	ང	ṅ	token_final	reviewed_tibetan_exact_final_ng_consensus	target	reviewed	reviewed_explicit_feature_evidence	tibetan_proper_name	secure_reviewed_alignment	high
wts_1_34	992	7	4	རིང	rin	riṅ	pre_coda_structural_unit	རི	ri	pre_coda_stem	reviewed_tibetan_exact_final_ng_consensus	source	historical_source	unaffected_feature_from_reviewed_source	tibetan_proper_name	secure_reviewed_alignment	medium
wts_1_34	994	143	2	མང	man	maṅ	suffix_coda			token_final	reviewed_tibetan_exact_final_ng_consensus	target	reviewed	role_unresolved	ordinary_tibetan_lexical_or_compound	secure_reviewed_alignment	none
wts_1_34	999	167	2	གོང	gon	goṅ	suffix_coda			token_final	reviewed_tibetan_exact_final_ng_consensus	target	reviewed	role_unresolved	ordinary_tibetan_lexical_or_compound	secure_reviewed_alignment	none
wts_1_34	1003	64	2	ཤིང	sin	siṅ	suffix_coda	ང	ṅ	token_final	reviewed_tibetan_exact_final_ng_source_compatible	target	reviewed	reviewed_explicit_feature_evidence	ordinary_tibetan_lexical_or_compound	secure_reviewed_alignment	high
wts_1_34	1003	64	2	ཤིང	sin	siṅ	pre_coda_structural_unit	ཤི	si	pre_coda_stem	reviewed_tibetan_exact_final_ng_source_compatible	source	historical_source	unaffected_feature_from_reviewed_source	ordinary_tibetan_lexical_or_compound	secure_reviewed_alignment	medium
wts_1_34	1003	107	2	ཤིང	sin	siṅ	suffix_coda	ང	ṅ	token_final	reviewed_tibetan_exact_final_ng_source_compatible	target	reviewed	reviewed_explicit_feature_evidence	ordinary_tibetan_lexical_or_compound	secure_reviewed_alignment	high
wts_1_34	1003	107	2	ཤིང	sin	siṅ	pre_coda_structural_unit	ཤི	si	pre_coda_stem	reviewed_tibetan_exact_final_ng_source_compatible	source	historical_source	unaffected_feature_from_reviewed_source	ordinary_tibetan_lexical_or_compound	secure_reviewed_alignment	medium
wts_1_34	1010	33	2	གོང	gon	goṅ	suffix_coda			token_final	reviewed_tibetan_exact_final_ng_consensus	target	reviewed	role_unresolved	ordinary_tibetan_lexical_or_compound	secure_reviewed_alignment	none
wts_1_34	1010	176	2	གོང	gon	goṅ	suffix_coda			token_final	reviewed_tibetan_exact_final_ng_consensus	target	reviewed	role_unresolved	ordinary_tibetan_lexical_or_compound	secure_reviewed_alignment	none
wts_1_34	1012	108	3	གསང	gsani	gsaṅ	unsegmented_structural_unit	གསང	gsa□	unaffected_span_support	reviewed_tibetan_exact_ocr_signature	source	historical_source	unaffected_feature_from_reviewed_source	ordinary_tibetan_lexical_or_compound	secure_reviewed_alignment	medium
wts_1_34	1013	176	2	སྣང	snan	snaṅ	suffix_coda	ང	ṅ	token_final	reviewed_tibetan_exact_script_ng_witness	target	reviewed	reviewed_explicit_feature_evidence	ordinary_tibetan_lexical_or_compound	secure_reviewed_alignment	high
wts_1_34	1013	176	2	སྣང	snan	snaṅ	pre_coda_structural_unit	སྣ	sna	pre_coda_stem	reviewed_tibetan_exact_script_ng_witness	source	historical_source	unaffected_feature_from_reviewed_source	ordinary_tibetan_lexical_or_compound	secure_reviewed_alignment	medium
wts_1_34	1014	1	2	དབྱུང	dbyun	dbyuṅ	suffix_coda	ང	ṅ	token_final	reviewed_tibetan_exact_final_ng_consensus	target	reviewed	reviewed_explicit_feature_evidence	ordinary_tibetan_lexical_or_compound	secure_reviewed_alignment	high
wts_1_34	1014	1	2	དབྱུང	dbyun	dbyuṅ	pre_coda_structural_unit	དབྱུ	dbyu	pre_coda_stem	reviewed_tibetan_exact_final_ng_consensus	source	historical_source	unaffected_feature_from_reviewed_source	ordinary_tibetan_lexical_or_compound	secure_reviewed_alignment	medium
wts_1_34	1014	148	2	བཞག	bzag	bźag	root_consonant	ཞ	ź	root	reviewed_tibetan_exact_transcription_integrity	target	reviewed	reviewed_explicit_feature_evidence	ordinary_tibetan_lexical_or_compound	secure_reviewed_alignment	high
wts_1_34	1014	148	2	བཞག	bzag	bźag	unsegmented_structural_unit	བཞག	b□ag	unaffected_span_support	reviewed_tibetan_exact_transcription_integrity	source	historical_source	unaffected_feature_from_reviewed_source	ordinary_tibetan_lexical_or_compound	secure_reviewed_alignment	medium
wts_1_34	1015	179	3	ཕྱུང	phyun	phyuṅ	suffix_coda	ང	ṅ	token_final	reviewed_tibetan_exact_final_ng_source_compatible	target	reviewed	reviewed_explicit_feature_evidence	ordinary_tibetan_lexical_or_compound	secure_reviewed_alignment	high
wts_1_34	1015	179	3	ཕྱུང	phyun	phyuṅ	pre_coda_structural_unit	ཕྱུ	phyu	pre_coda_stem	reviewed_tibetan_exact_final_ng_source_compatible	source	historical_source	unaffected_feature_from_reviewed_source	ordinary_tibetan_lexical_or_compound	secure_reviewed_alignment	medium
wts_1_34	1017	56	2	མོང	mon	moṅ	suffix_coda			token_final	reviewed_tibetan_exact_final_ng_consensus	target	reviewed	role_unresolved	ordinary_tibetan_lexical_or_compound	secure_reviewed_alignment	none
wts_1_34	1017	118	2	མོང	mon	moṅ	suffix_coda			token_final	reviewed_tibetan_exact_final_ng_consensus	target	reviewed	role_unresolved	ordinary_tibetan_lexical_or_compound	secure_reviewed_alignment	none
wts_1_34	1017	212	2	མོང	mon	moṅ	suffix_coda			token_final	reviewed_tibetan_exact_final_ng_consensus	target	reviewed	role_unresolved	ordinary_tibetan_lexical_or_compound	secure_reviewed_alignment	none
wts_1_34	1018	20	4	རུང	run	ruṅ	suffix_coda	ང	ṅ	token_final	reviewed_tibetan_exact_final_ng_historical_witness	target	reviewed	reviewed_explicit_feature_evidence	ordinary_tibetan_lexical_or_compound	secure_reviewed_alignment	high
wts_1_34	1018	20	4	རུང	run	ruṅ	pre_coda_structural_unit	རུ	ru	pre_coda_stem	reviewed_tibetan_exact_final_ng_historical_witness	source	historical_source	unaffected_feature_from_reviewed_source	ordinary_tibetan_lexical_or_compound	secure_reviewed_alignment	medium
wts_1_34	1020	83	2	དབང	dban	dbaṅ	suffix_coda	ང	ṅ	token_final	reviewed_tibetan_exact_final_ng_consensus	target	reviewed	reviewed_explicit_feature_evidence	ordinary_tibetan_lexical_or_compound	secure_reviewed_alignment	high
wts_1_34	1020	83	2	དབང	dban	dbaṅ	pre_coda_structural_unit	དབ	dba	pre_coda_stem	reviewed_tibetan_exact_final_ng_consensus	source	historical_source	unaffected_feature_from_reviewed_source	ordinary_tibetan_lexical_or_compound	secure_reviewed_alignment	medium
wts_1_34	1020	111	3	གསུང	gsun	gsuṅ	suffix_coda	ང	ṅ	token_final	reviewed_tibetan_exact_final_ng_consensus	target	reviewed	reviewed_explicit_feature_evidence	ordinary_tibetan_lexical_or_compound	secure_reviewed_alignment	high
wts_1_34	1020	111	3	གསུང	gsun	gsuṅ	pre_coda_structural_unit	གསུ	gsu	pre_coda_stem	reviewed_tibetan_exact_final_ng_consensus	source	historical_source	unaffected_feature_from_reviewed_source	ordinary_tibetan_lexical_or_compound	secure_reviewed_alignment	medium
wts_1_34	1020	131	2	ཤིང	sin	siṅ	suffix_coda	ང	ṅ	token_final	reviewed_tibetan_exact_final_ng_source_compatible	target	reviewed	reviewed_explicit_feature_evidence	ordinary_tibetan_lexical_or_compound	secure_reviewed_alignment	high
wts_1_34	1020	131	2	ཤིང	sin	siṅ	pre_coda_structural_unit	ཤི	si	pre_coda_stem	reviewed_tibetan_exact_final_ng_source_compatible	source	historical_source	unaffected_feature_from_reviewed_source	ordinary_tibetan_lexical_or_compound	secure_reviewed_alignment	medium
wts_1_34	1021	1	4	སོང	son	soṅ	suffix_coda	ང	ṅ	token_final	reviewed_tibetan_exact_final_ng_consensus	target	reviewed	reviewed_explicit_feature_evidence	ordinary_tibetan_lexical_or_compound	secure_reviewed_alignment	high
wts_1_34	1021	1	4	སོང	son	soṅ	pre_coda_structural_unit	སོ	so	pre_coda_stem	reviewed_tibetan_exact_final_ng_consensus	source	historical_source	unaffected_feature_from_reviewed_source	ordinary_tibetan_lexical_or_compound	secure_reviewed_alignment	medium
wts_1_34	1021	3	4	སོང	son	soṅ	suffix_coda	ང	ṅ	token_final	reviewed_tibetan_exact_final_ng_consensus	target	reviewed	reviewed_explicit_feature_evidence	ordinary_tibetan_lexical_or_compound	secure_reviewed_alignment	high
wts_1_34	1021	3	4	སོང	son	soṅ	pre_coda_structural_unit	སོ	so	pre_coda_stem	reviewed_tibetan_exact_final_ng_consensus	source	historical_source	unaffected_feature_from_reviewed_source	ordinary_tibetan_lexical_or_compound	secure_reviewed_alignment	medium
wts_1_34	1022	16	2	ཤིང	sin	siṅ	suffix_coda	ང	ṅ	token_final	reviewed_tibetan_exact_final_ng_source_compatible	target	reviewed	reviewed_explicit_feature_evidence	ordinary_tibetan_lexical_or_compound	secure_reviewed_alignment	high
wts_1_34	1022	16	2	ཤིང	sin	siṅ	pre_coda_structural_unit	ཤི	si	pre_coda_stem	reviewed_tibetan_exact_final_ng_source_compatible	source	historical_source	unaffected_feature_from_reviewed_source	ordinary_tibetan_lexical_or_compound	secure_reviewed_alignment	medium
wts_1_34	1022	30	2	ལྷུང	lhun	lhuṅ	suffix_coda	ང	ṅ	token_final	reviewed_tibetan_exact_final_ng_consensus	target	reviewed	reviewed_explicit_feature_evidence	ordinary_tibetan_lexical_or_compound	secure_reviewed_alignment	high
wts_1_34	1022	30	2	ལྷུང	lhun	lhuṅ	pre_coda_structural_unit	ལྷུ	lhu	pre_coda_stem	reviewed_tibetan_exact_final_ng_consensus	source	historical_source	unaffected_feature_from_reviewed_source	ordinary_tibetan_lexical_or_compound	secure_reviewed_alignment	medium
wts_1_34	1024	83	3	སོང	son	soṅ	suffix_coda	ང	ṅ	token_final	reviewed_tibetan_exact_final_ng_consensus	target	reviewed	reviewed_explicit_feature_evidence	ordinary_tibetan_lexical_or_compound	secure_reviewed_alignment	high
wts_1_34	1024	83	3	སོང	son	soṅ	pre_coda_structural_unit	སོ	so	pre_coda_stem	reviewed_tibetan_exact_final_ng_consensus	source	historical_source	unaffected_feature_from_reviewed_source	ordinary_tibetan_lexical_or_compound	secure_reviewed_alignment	medium
wts_1_34	1024	88	2	ཆུང	chun	chuṅ	suffix_coda	ང	ṅ	token_final	reviewed_tibetan_exact_script_ng_witness	target	reviewed	reviewed_explicit_feature_evidence	ordinary_tibetan_lexical_or_compound	secure_reviewed_alignment	high
wts_1_34	1024	88	2	ཆུང	chun	chuṅ	pre_coda_structural_unit	ཆུ	chu	pre_coda_stem	reviewed_tibetan_exact_script_ng_witness	source	historical_source	unaffected_feature_from_reviewed_source	ordinary_tibetan_lexical_or_compound	secure_reviewed_alignment	medium
wts_1_34	1024	164	3	ཆུང	chun	chuṅ	suffix_coda	ང	ṅ	token_final	reviewed_tibetan_exact_script_ng_witness	target	reviewed	reviewed_explicit_feature_evidence	ordinary_tibetan_lexical_or_compound	secure_reviewed_alignment	high
wts_1_34	1024	164	3	ཆུང	chun	chuṅ	pre_coda_structural_unit	ཆུ	chu	pre_coda_stem	reviewed_tibetan_exact_script_ng_witness	source	historical_source	unaffected_feature_from_reviewed_source	ordinary_tibetan_lexical_or_compound	secure_reviewed_alignment	medium
wts_1_34	1024	185	4	ཆུང	chun	chuṅ	suffix_coda	ང	ṅ	token_final	reviewed_tibetan_exact_script_ng_witness	target	reviewed	reviewed_explicit_feature_evidence	ordinary_tibetan_lexical_or_compound	secure_reviewed_alignment	high
wts_1_34	1024	185	4	ཆུང	chun	chuṅ	pre_coda_structural_unit	ཆུ	chu	pre_coda_stem	reviewed_tibetan_exact_script_ng_witness	source	historical_source	unaffected_feature_from_reviewed_source	ordinary_tibetan_lexical_or_compound	secure_reviewed_alignment	medium
wts_1_34	1025	124	2	འབྲིང	brin	briṅ	suffix_coda	ང	ṅ	token_final	reviewed_tibetan_exact_final_ng_consensus	target	reviewed	reviewed_explicit_feature_evidence	ordinary_tibetan_lexical_or_compound	secure_reviewed_alignment	high
wts_1_34	1025	124	2	འབྲིང	brin	briṅ	pre_coda_structural_unit	འབྲི	bri	pre_coda_stem	reviewed_tibetan_exact_final_ng_consensus	source	historical_source	unaffected_feature_from_reviewed_source	ordinary_tibetan_lexical_or_compound	secure_reviewed_alignment	medium
wts_1_34	1027	147	2	བྱང	byan	byaṅ	suffix_coda	ང	ṅ	token_final	reviewed_tibetan_exact_final_ng_consensus	target	reviewed	reviewed_explicit_feature_evidence	ordinary_tibetan_lexical_or_compound	secure_reviewed_alignment	high
wts_1_34	1027	147	2	བྱང	byan	byaṅ	pre_coda_structural_unit	བྱ	bya	pre_coda_stem	reviewed_tibetan_exact_final_ng_consensus	source	historical_source	unaffected_feature_from_reviewed_source	ordinary_tibetan_lexical_or_compound	secure_reviewed_alignment	medium
wts_1_34	1028	1	2	ཆུང	chun	chuṅ	suffix_coda	ང	ṅ	token_final	reviewed_tibetan_exact_script_ng_witness	target	reviewed	reviewed_explicit_feature_evidence	ordinary_tibetan_lexical_or_compound	secure_reviewed_alignment	high
wts_1_34	1028	1	2	ཆུང	chun	chuṅ	pre_coda_structural_unit	ཆུ	chu	pre_coda_stem	reviewed_tibetan_exact_script_ng_witness	source	historical_source	unaffected_feature_from_reviewed_source	ordinary_tibetan_lexical_or_compound	secure_reviewed_alignment	medium
wts_1_34	1028	9	2	ཆུང	chun	chuṅ	suffix_coda	ང	ṅ	token_final	reviewed_tibetan_exact_script_ng_witness	target	reviewed	reviewed_explicit_feature_evidence	ordinary_tibetan_lexical_or_compound	secure_reviewed_alignment	high
wts_1_34	1028	9	2	ཆུང	chun	chuṅ	pre_coda_structural_unit	ཆུ	chu	pre_coda_stem	reviewed_tibetan_exact_script_ng_witness	source	historical_source	unaffected_feature_from_reviewed_source	ordinary_tibetan_lexical_or_compound	secure_reviewed_alignment	medium
wts_1_34	1028	12	2	བྲང	brani	braṅ	unsegmented_structural_unit	བྲང	bra□	unaffected_span_support	reviewed_tibetan_exact_ocr_signature	source	historical_source	unaffected_feature_from_reviewed_source	ordinary_tibetan_lexical_or_compound	secure_reviewed_alignment	medium
wts_1_34	1028	67	2	རང	ran	raṅ	suffix_coda	ང	ṅ	token_final	reviewed_tibetan_exact_script_ng_witness	target	reviewed	reviewed_explicit_feature_evidence	ordinary_tibetan_lexical_or_compound	secure_reviewed_alignment	high
wts_1_34	1028	67	2	རང	ran	raṅ	pre_coda_structural_unit	ར	ra	pre_coda_stem	reviewed_tibetan_exact_script_ng_witness	source	historical_source	unaffected_feature_from_reviewed_source	ordinary_tibetan_lexical_or_compound	secure_reviewed_alignment	medium
wts_1_34	1038	71	2	འཆང	chan	chaṅ	suffix_coda	ང	ṅ	token_final	reviewed_tibetan_exact_final_ng_consensus	target	reviewed	reviewed_explicit_feature_evidence	ordinary_tibetan_lexical_or_compound	secure_reviewed_alignment	high
wts_1_34	1038	71	2	འཆང	chan	chaṅ	pre_coda_structural_unit	འཆ	cha	pre_coda_stem	reviewed_tibetan_exact_final_ng_consensus	source	historical_source	unaffected_feature_from_reviewed_source	ordinary_tibetan_lexical_or_compound	secure_reviewed_alignment	medium
wts_1_34	1038	169	2	འཕྲེང	phren	phreṅ	suffix_coda	ང	ṅ	token_final	reviewed_tibetan_exact_final_ng_consensus	target	reviewed	reviewed_explicit_feature_evidence	tibetan_proper_name	secure_reviewed_alignment	high
wts_1_34	1038	169	2	འཕྲེང	phren	phreṅ	pre_coda_structural_unit	འཕྲེ	phre	pre_coda_stem	reviewed_tibetan_exact_final_ng_consensus	source	historical_source	unaffected_feature_from_reviewed_source	tibetan_proper_name	secure_reviewed_alignment	medium
wts_1_34	1046	27	2	གཞི	gZi	gźi	root_consonant	ཞ	ź	root	reviewed_tibetan_exact_transcription_integrity	target	reviewed	reviewed_explicit_feature_evidence	ordinary_tibetan_lexical_or_compound	secure_reviewed_alignment	high
wts_1_34	1046	27	2	གཞི	gZi	gźi	unsegmented_structural_unit	གཞི	g□i	unaffected_span_support	reviewed_tibetan_exact_transcription_integrity	source	historical_source	unaffected_feature_from_reviewed_source	ordinary_tibetan_lexical_or_compound	secure_reviewed_alignment	medium
wts_1_34	1046	149	4	ལྡན	Itas	ltas	unsegmented_structural_unit	ལྡན	□tas	unaffected_span_support	reviewed_tibetan_exact_initial_i_l_family	source	historical_source	unaffected_feature_from_reviewed_source	tibetan_proper_name	secure_reviewed_alignment	medium
wts_1_34	1048	104	3	དབང	dban	dbaṅ	suffix_coda	ང	ṅ	token_final	reviewed_tibetan_exact_final_ng_consensus	target	reviewed	reviewed_explicit_feature_evidence	ordinary_tibetan_lexical_or_compound	secure_reviewed_alignment	high
wts_1_34	1048	104	3	དབང	dban	dbaṅ	pre_coda_structural_unit	དབ	dba	pre_coda_stem	reviewed_tibetan_exact_final_ng_consensus	source	historical_source	unaffected_feature_from_reviewed_source	ordinary_tibetan_lexical_or_compound	secure_reviewed_alignment	medium
wts_1_34	1048	195	2	དབང	dban	dbaṅ	suffix_coda	ང	ṅ	token_final	reviewed_tibetan_exact_final_ng_consensus	target	reviewed	reviewed_explicit_feature_evidence	ordinary_tibetan_lexical_or_compound	secure_reviewed_alignment	high
wts_1_34	1048	195	2	དབང	dban	dbaṅ	pre_coda_structural_unit	དབ	dba	pre_coda_stem	reviewed_tibetan_exact_final_ng_consensus	source	historical_source	unaffected_feature_from_reviewed_source	ordinary_tibetan_lexical_or_compound	secure_reviewed_alignment	medium
wts_1_34	1052	174	2	སྣང	snan	snaṅ	suffix_coda	ང	ṅ	token_final	reviewed_tibetan_exact_script_ng_witness	target	reviewed	reviewed_explicit_feature_evidence	ordinary_tibetan_lexical_or_compound	secure_reviewed_alignment	high
wts_1_34	1052	174	2	སྣང	snan	snaṅ	pre_coda_structural_unit	སྣ	sna	pre_coda_stem	reviewed_tibetan_exact_script_ng_witness	source	historical_source	unaffected_feature_from_reviewed_source	ordinary_tibetan_lexical_or_compound	secure_reviewed_alignment	medium
wts_1_34	1059	9	2	དབང	dban	dbaṅ	suffix_coda	ང	ṅ	token_final	reviewed_tibetan_exact_final_ng_consensus	target	reviewed	reviewed_explicit_feature_evidence	ordinary_tibetan_lexical_or_compound	secure_reviewed_alignment	high
wts_1_34	1059	9	2	དབང	dban	dbaṅ	pre_coda_structural_unit	དབ	dba	pre_coda_stem	reviewed_tibetan_exact_final_ng_consensus	source	historical_source	unaffected_feature_from_reviewed_source	ordinary_tibetan_lexical_or_compound	secure_reviewed_alignment	medium
wts_1_34	1060	216	3	གནང	gnan	gnaṅ	suffix_coda	ང	ṅ	token_final	reviewed_tibetan_exact_final_ng_consensus	target	reviewed	reviewed_explicit_feature_evidence	ordinary_tibetan_lexical_or_compound	secure_reviewed_alignment	high
wts_1_34	1060	216	3	གནང	gnan	gnaṅ	pre_coda_structural_unit	གན	gna	pre_coda_stem	reviewed_tibetan_exact_final_ng_consensus	source	historical_source	unaffected_feature_from_reviewed_source	ordinary_tibetan_lexical_or_compound	secure_reviewed_alignment	medium
wts_1_34	1061	168	2	ཆུང	chun	chuṅ	suffix_coda	ང	ṅ	token_final	reviewed_tibetan_exact_script_ng_witness	target	reviewed	reviewed_explicit_feature_evidence	ordinary_tibetan_lexical_or_compound	secure_reviewed_alignment	high
wts_1_34	1061	168	2	ཆུང	chun	chuṅ	pre_coda_structural_unit	ཆུ	chu	pre_coda_stem	reviewed_tibetan_exact_script_ng_witness	source	historical_source	unaffected_feature_from_reviewed_source	ordinary_tibetan_lexical_or_compound	secure_reviewed_alignment	medium
wts_1_34	1062	27	2	ཆུང	chun	chuṅ	suffix_coda	ང	ṅ	token_final	reviewed_tibetan_exact_script_ng_witness	target	reviewed	reviewed_explicit_feature_evidence	ordinary_tibetan_lexical_or_compound	secure_reviewed_alignment	high
wts_1_34	1062	27	2	ཆུང	chun	chuṅ	pre_coda_structural_unit	ཆུ	chu	pre_coda_stem	reviewed_tibetan_exact_script_ng_witness	source	historical_source	unaffected_feature_from_reviewed_source	ordinary_tibetan_lexical_or_compound	secure_reviewed_alignment	medium
wts_1_34	1062	162	2	གང	gan	gaṅ	suffix_coda			token_final	reviewed_tibetan_exact_script_ng_witness	target	reviewed	role_unresolved	ordinary_tibetan_lexical_or_compound	secure_reviewed_alignment	none
wts_1_34	1062	204	2	གང	gan	gaṅ	suffix_coda			token_final	reviewed_tibetan_exact_script_ng_witness	target	reviewed	role_unresolved	ordinary_tibetan_lexical_or_compound	secure_reviewed_alignment	none
wts_1_34	1063	8	2	གང	gan	gaṅ	suffix_coda			token_final	reviewed_tibetan_exact_script_ng_witness	target	reviewed	role_unresolved	ordinary_tibetan_lexical_or_compound	secure_reviewed_alignment	none
wts_1_34	1063	98	2	དབང	dban	dbaṅ	suffix_coda	ང	ṅ	token_final	reviewed_tibetan_exact_final_ng_consensus	target	reviewed	reviewed_explicit_feature_evidence	ordinary_tibetan_lexical_or_compound	secure_reviewed_alignment	high
wts_1_34	1063	98	2	དབང	dban	dbaṅ	pre_coda_structural_unit	དབ	dba	pre_coda_stem	reviewed_tibetan_exact_final_ng_consensus	source	historical_source	unaffected_feature_from_reviewed_source	ordinary_tibetan_lexical_or_compound	secure_reviewed_alignment	medium
wts_1_34	1064	57	3	ཀླང	klun	kluṅ	suffix_coda	ང	ṅ	token_final	reviewed_tibetan_exact_final_ng_consensus	target	reviewed	reviewed_explicit_feature_evidence	ordinary_tibetan_lexical_or_compound	secure_reviewed_alignment	high
wts_1_34	1064	57	3	ཀླང	klun	kluṅ	pre_coda_structural_unit	ཀླ	klu	pre_coda_stem	reviewed_tibetan_exact_final_ng_consensus	source	historical_source	unaffected_feature_from_reviewed_source	ordinary_tibetan_lexical_or_compound	secure_reviewed_alignment	medium
wts_1_34	1064	104	3	སྣང	snan	snaṅ	suffix_coda	ང	ṅ	token_final	reviewed_tibetan_exact_script_ng_witness	target	reviewed	reviewed_explicit_feature_evidence	ordinary_tibetan_lexical_or_compound	secure_reviewed_alignment	high
wts_1_34	1064	104	3	སྣང	snan	snaṅ	pre_coda_structural_unit	སྣ	sna	pre_coda_stem	reviewed_tibetan_exact_script_ng_witness	source	historical_source	unaffected_feature_from_reviewed_source	ordinary_tibetan_lexical_or_compound	secure_reviewed_alignment	medium
wts_1_34	1066	1	1	མཐོང	mthon	mthoṅ	suffix_coda	ང	ṅ	token_final	reviewed_tibetan_exact_final_ng_consensus	target	reviewed	reviewed_explicit_feature_evidence	ordinary_tibetan_lexical_or_compound	secure_reviewed_alignment	high
wts_1_34	1066	1	1	མཐོང	mthon	mthoṅ	pre_coda_structural_unit	མཐོ	mtho	pre_coda_stem	reviewed_tibetan_exact_final_ng_consensus	source	historical_source	unaffected_feature_from_reviewed_source	ordinary_tibetan_lexical_or_compound	secure_reviewed_alignment	medium
wts_1_34	1066	30	1	མཐོང	mthon	mthoṅ	suffix_coda	ང	ṅ	token_final	reviewed_tibetan_exact_final_ng_consensus	target	reviewed	reviewed_explicit_feature_evidence	ordinary_tibetan_lexical_or_compound	secure_reviewed_alignment	high
wts_1_34	1066	30	1	མཐོང	mthon	mthoṅ	pre_coda_structural_unit	མཐོ	mtho	pre_coda_stem	reviewed_tibetan_exact_final_ng_consensus	source	historical_source	unaffected_feature_from_reviewed_source	ordinary_tibetan_lexical_or_compound	secure_reviewed_alignment	medium
wts_1_34	1066	32	1	མཐོང	mthon	mthoṅ	suffix_coda	ང	ṅ	token_final	reviewed_tibetan_exact_final_ng_consensus	target	reviewed	reviewed_explicit_feature_evidence	ordinary_tibetan_lexical_or_compound	secure_reviewed_alignment	high
wts_1_34	1066	32	1	མཐོང	mthon	mthoṅ	pre_coda_structural_unit	མཐོ	mtho	pre_coda_stem	reviewed_tibetan_exact_final_ng_consensus	source	historical_source	unaffected_feature_from_reviewed_source	ordinary_tibetan_lexical_or_compound	secure_reviewed_alignment	medium
wts_1_34	1066	73	1	མཐོང	mthon	mthoṅ	suffix_coda	ང	ṅ	token_final	reviewed_tibetan_exact_final_ng_consensus	target	reviewed	reviewed_explicit_feature_evidence	ordinary_tibetan_lexical_or_compound	secure_reviewed_alignment	high
wts_1_34	1066	73	1	མཐོང	mthon	mthoṅ	pre_coda_structural_unit	མཐོ	mtho	pre_coda_stem	reviewed_tibetan_exact_final_ng_consensus	source	historical_source	unaffected_feature_from_reviewed_source	ordinary_tibetan_lexical_or_compound	secure_reviewed_alignment	medium
wts_1_34	1066	78	1	མཐོང	mthon	mthoṅ	suffix_coda	ང	ṅ	token_final	reviewed_tibetan_exact_final_ng_consensus	target	reviewed	reviewed_explicit_feature_evidence	tibetan_proper_name	secure_reviewed_alignment	high
wts_1_34	1066	78	1	མཐོང	mthon	mthoṅ	pre_coda_structural_unit	མཐོ	mtho	pre_coda_stem	reviewed_tibetan_exact_final_ng_consensus	source	historical_source	unaffected_feature_from_reviewed_source	tibetan_proper_name	secure_reviewed_alignment	medium
wts_1_34	1066	95	1	མཐོང	mthon	mthoṅ	suffix_coda	ང	ṅ	token_final	reviewed_tibetan_exact_final_ng_consensus	target	reviewed	reviewed_explicit_feature_evidence	ordinary_tibetan_lexical_or_compound	secure_reviewed_alignment	high
wts_1_34	1066	95	1	མཐོང	mthon	mthoṅ	pre_coda_structural_unit	མཐོ	mtho	pre_coda_stem	reviewed_tibetan_exact_final_ng_consensus	source	historical_source	unaffected_feature_from_reviewed_source	ordinary_tibetan_lexical_or_compound	secure_reviewed_alignment	medium
wts_1_34	1066	95	2	ཆུང	chun	chuṅ	suffix_coda	ང	ṅ	token_final	reviewed_tibetan_exact_script_ng_witness	target	reviewed	reviewed_explicit_feature_evidence	ordinary_tibetan_lexical_or_compound	secure_reviewed_alignment	high
wts_1_34	1066	95	2	ཆུང	chun	chuṅ	pre_coda_structural_unit	ཆུ	chu	pre_coda_stem	reviewed_tibetan_exact_script_ng_witness	source	historical_source	unaffected_feature_from_reviewed_source	ordinary_tibetan_lexical_or_compound	secure_reviewed_alignment	medium
wts_1_34	1066	121	1	མཐོང	mthon	mthoṅ	suffix_coda	ང	ṅ	token_final	reviewed_tibetan_exact_final_ng_consensus	target	reviewed	reviewed_explicit_feature_evidence	ordinary_tibetan_lexical_or_compound	marker_or_damage	high
wts_1_34	1066	121	1	མཐོང	mthon	mthoṅ	pre_coda_structural_unit	མཐོ	mtho	pre_coda_stem	reviewed_tibetan_exact_final_ng_consensus	source	historical_source	unaffected_feature_from_reviewed_source	ordinary_tibetan_lexical_or_compound	marker_or_damage	medium
wts_1_34	1066	148	1	མཐོང	mthon	mthoṅ	suffix_coda	ང	ṅ	token_final	reviewed_tibetan_exact_final_ng_consensus	target	reviewed	reviewed_explicit_feature_evidence	tibetan_proper_name	secure_reviewed_alignment	high
wts_1_34	1066	148	1	མཐོང	mthon	mthoṅ	pre_coda_structural_unit	མཐོ	mtho	pre_coda_stem	reviewed_tibetan_exact_final_ng_consensus	source	historical_source	unaffected_feature_from_reviewed_source	tibetan_proper_name	secure_reviewed_alignment	medium
wts_1_34	1066	166	1	མཐོང	mthon	mthoṅ	suffix_coda	ང	ṅ	token_final	reviewed_tibetan_exact_final_ng_consensus	target	reviewed	reviewed_explicit_feature_evidence	ordinary_tibetan_lexical_or_compound	secure_reviewed_alignment	high
wts_1_34	1066	166	1	མཐོང	mthon	mthoṅ	pre_coda_structural_unit	མཐོ	mtho	pre_coda_stem	reviewed_tibetan_exact_final_ng_consensus	source	historical_source	unaffected_feature_from_reviewed_source	ordinary_tibetan_lexical_or_compound	secure_reviewed_alignment	medium
wts_1_34	1066	175	1	མཐོང	mthon	mthoṅ	suffix_coda	ང	ṅ	token_final	reviewed_tibetan_exact_final_ng_consensus	target	reviewed	reviewed_explicit_feature_evidence	ordinary_tibetan_lexical_or_compound	secure_reviewed_alignment	high
wts_1_34	1066	175	1	མཐོང	mthon	mthoṅ	pre_coda_structural_unit	མཐོ	mtho	pre_coda_stem	reviewed_tibetan_exact_final_ng_consensus	source	historical_source	unaffected_feature_from_reviewed_source	ordinary_tibetan_lexical_or_compound	secure_reviewed_alignment	medium
wts_1_34	1066	185	2	སྤང	span	spaṅ	suffix_coda	ང	ṅ	token_final	reviewed_tibetan_exact_final_ng_consensus	target	reviewed	reviewed_explicit_feature_evidence	ordinary_tibetan_lexical_or_compound	secure_reviewed_alignment	high
wts_1_34	1066	185	2	སྤང	span	spaṅ	pre_coda_structural_unit	སྤ	spa	pre_coda_stem	reviewed_tibetan_exact_final_ng_consensus	source	historical_source	unaffected_feature_from_reviewed_source	ordinary_tibetan_lexical_or_compound	secure_reviewed_alignment	medium
wts_1_34	1066	211	1	མཐོང	mthon	mthoṅ	suffix_coda	ང	ṅ	token_final	reviewed_tibetan_exact_final_ng_consensus	target	reviewed	reviewed_explicit_feature_evidence	ordinary_tibetan_lexical_or_compound	secure_reviewed_alignment	high
wts_1_34	1066	211	1	མཐོང	mthon	mthoṅ	pre_coda_structural_unit	མཐོ	mtho	pre_coda_stem	reviewed_tibetan_exact_final_ng_consensus	source	historical_source	unaffected_feature_from_reviewed_source	ordinary_tibetan_lexical_or_compound	secure_reviewed_alignment	medium
wts_1_34	1066	215	1	མཐོང	mthon	mthoṅ	suffix_coda	ང	ṅ	token_final	reviewed_tibetan_exact_final_ng_consensus	target	reviewed	reviewed_explicit_feature_evidence	ordinary_tibetan_lexical_or_compound	secure_reviewed_alignment	high
wts_1_34	1066	215	1	མཐོང	mthon	mthoṅ	pre_coda_structural_unit	མཐོ	mtho	pre_coda_stem	reviewed_tibetan_exact_final_ng_consensus	source	historical_source	unaffected_feature_from_reviewed_source	ordinary_tibetan_lexical_or_compound	secure_reviewed_alignment	medium
wts_1_34	1066	225	1	མཐོང	mthon	mthoṅ	suffix_coda	ང	ṅ	token_final	reviewed_tibetan_exact_final_ng_consensus	target	reviewed	reviewed_explicit_feature_evidence	tibetan_proper_name	secure_reviewed_alignment	high
wts_1_34	1066	225	1	མཐོང	mthon	mthoṅ	pre_coda_structural_unit	མཐོ	mtho	pre_coda_stem	reviewed_tibetan_exact_final_ng_consensus	source	historical_source	unaffected_feature_from_reviewed_source	tibetan_proper_name	secure_reviewed_alignment	medium
wts_1_34	1067	1	1	མཐོང	mthon	mthoṅ	suffix_coda	ང	ṅ	token_final	reviewed_tibetan_exact_final_ng_consensus	target	reviewed	reviewed_explicit_feature_evidence	ordinary_tibetan_lexical_or_compound	secure_reviewed_alignment	high
wts_1_34	1067	1	1	མཐོང	mthon	mthoṅ	pre_coda_structural_unit	མཐོ	mtho	pre_coda_stem	reviewed_tibetan_exact_final_ng_consensus	source	historical_source	unaffected_feature_from_reviewed_source	ordinary_tibetan_lexical_or_compound	secure_reviewed_alignment	medium
wts_1_34	1067	3	1	མཐོང	mthon	mthoṅ	suffix_coda	ང	ṅ	token_final	reviewed_tibetan_exact_final_ng_consensus	target	reviewed	reviewed_explicit_feature_evidence	ordinary_tibetan_lexical_or_compound	secure_reviewed_alignment	high
wts_1_34	1067	3	1	མཐོང	mthon	mthoṅ	pre_coda_structural_unit	མཐོ	mtho	pre_coda_stem	reviewed_tibetan_exact_final_ng_consensus	source	historical_source	unaffected_feature_from_reviewed_source	ordinary_tibetan_lexical_or_compound	secure_reviewed_alignment	medium
wts_1_34	1067	33	1	མཐོང	mthon	mthoṅ	suffix_coda	ང	ṅ	token_final	reviewed_tibetan_exact_final_ng_consensus	target	reviewed	reviewed_explicit_feature_evidence	ordinary_tibetan_lexical_or_compound	secure_reviewed_alignment	high
wts_1_34	1067	33	1	མཐོང	mthon	mthoṅ	pre_coda_structural_unit	མཐོ	mtho	pre_coda_stem	reviewed_tibetan_exact_final_ng_consensus	source	historical_source	unaffected_feature_from_reviewed_source	ordinary_tibetan_lexical_or_compound	secure_reviewed_alignment	medium
wts_1_34	1067	36	1	མཐོང	mthon	mthoṅ	suffix_coda	ང	ṅ	token_final	reviewed_tibetan_exact_final_ng_consensus	target	reviewed	reviewed_explicit_feature_evidence	ordinary_tibetan_lexical_or_compound	secure_reviewed_alignment	high
wts_1_34	1067	36	1	མཐོང	mthon	mthoṅ	pre_coda_structural_unit	མཐོ	mtho	pre_coda_stem	reviewed_tibetan_exact_final_ng_consensus	source	historical_source	unaffected_feature_from_reviewed_source	ordinary_tibetan_lexical_or_compound	secure_reviewed_alignment	medium
wts_1_34	1067	47	1	མཐོང	mthon	mthoṅ	suffix_coda	ང	ṅ	token_final	reviewed_tibetan_exact_final_ng_consensus	target	reviewed	reviewed_explicit_feature_evidence	ordinary_tibetan_lexical_or_compound	secure_reviewed_alignment	high
wts_1_34	1067	47	1	མཐོང	mthon	mthoṅ	pre_coda_structural_unit	མཐོ	mtho	pre_coda_stem	reviewed_tibetan_exact_final_ng_consensus	source	historical_source	unaffected_feature_from_reviewed_source	ordinary_tibetan_lexical_or_compound	secure_reviewed_alignment	medium
wts_1_34	1067	50	1	མཐོང	mthon	mthoṅ	suffix_coda	ང	ṅ	token_final	reviewed_tibetan_exact_final_ng_consensus	target	reviewed	reviewed_explicit_feature_evidence	ordinary_tibetan_lexical_or_compound	secure_reviewed_alignment	high
wts_1_34	1067	50	1	མཐོང	mthon	mthoṅ	pre_coda_structural_unit	མཐོ	mtho	pre_coda_stem	reviewed_tibetan_exact_final_ng_consensus	source	historical_source	unaffected_feature_from_reviewed_source	ordinary_tibetan_lexical_or_compound	secure_reviewed_alignment	medium
wts_1_34	1067	58	1	མཐོང	mthon	mthoṅ	suffix_coda	ང	ṅ	token_final	reviewed_tibetan_exact_final_ng_consensus	target	reviewed	reviewed_explicit_feature_evidence	ordinary_tibetan_lexical_or_compound	secure_reviewed_alignment	high
wts_1_34	1067	58	1	མཐོང	mthon	mthoṅ	pre_coda_structural_unit	མཐོ	mtho	pre_coda_stem	reviewed_tibetan_exact_final_ng_consensus	source	historical_source	unaffected_feature_from_reviewed_source	ordinary_tibetan_lexical_or_compound	secure_reviewed_alignment	medium
wts_1_34	1067	75	1	མཐོང	mthon	mthoṅ	suffix_coda	ང	ṅ	token_final	reviewed_tibetan_exact_final_ng_consensus	target	reviewed	reviewed_explicit_feature_evidence	tibetan_proper_name	secure_reviewed_alignment	high
wts_1_34	1067	75	1	མཐོང	mthon	mthoṅ	pre_coda_structural_unit	མཐོ	mtho	pre_coda_stem	reviewed_tibetan_exact_final_ng_consensus	source	historical_source	unaffected_feature_from_reviewed_source	tibetan_proper_name	secure_reviewed_alignment	medium
wts_1_34	1067	75	3	གླིང	glin	gliṅ	suffix_coda	ང	ṅ	token_final	reviewed_tibetan_exact_final_ng_consensus	target	reviewed	reviewed_explicit_feature_evidence	tibetan_proper_name	secure_reviewed_alignment	high
wts_1_34	1067	75	3	གླིང	glin	gliṅ	pre_coda_structural_unit	གླི	gli	pre_coda_stem	reviewed_tibetan_exact_final_ng_consensus	source	historical_source	unaffected_feature_from_reviewed_source	tibetan_proper_name	secure_reviewed_alignment	medium
wts_1_34	1067	94	1	མཐོང	mthon	mthoṅ	suffix_coda	ང	ṅ	token_final	reviewed_tibetan_exact_final_ng_consensus	target	reviewed	reviewed_explicit_feature_evidence	ordinary_tibetan_lexical_or_compound	secure_reviewed_alignment	high
wts_1_34	1067	94	1	མཐོང	mthon	mthoṅ	pre_coda_structural_unit	མཐོ	mtho	pre_coda_stem	reviewed_tibetan_exact_final_ng_consensus	source	historical_source	unaffected_feature_from_reviewed_source	ordinary_tibetan_lexical_or_compound	secure_reviewed_alignment	medium
wts_1_34	1067	100	1	མཐོང	mthon	mthoṅ	suffix_coda	ང	ṅ	token_final	reviewed_tibetan_exact_final_ng_consensus	target	reviewed	reviewed_explicit_feature_evidence	ordinary_tibetan_lexical_or_compound	secure_reviewed_alignment	high
wts_1_34	1067	100	1	མཐོང	mthon	mthoṅ	pre_coda_structural_unit	མཐོ	mtho	pre_coda_stem	reviewed_tibetan_exact_final_ng_consensus	source	historical_source	unaffected_feature_from_reviewed_source	ordinary_tibetan_lexical_or_compound	secure_reviewed_alignment	medium
wts_1_34	1067	169	1	མཐོང	mthon	mthoṅ	suffix_coda	ང	ṅ	token_final	reviewed_tibetan_exact_final_ng_consensus	target	reviewed	reviewed_explicit_feature_evidence	ordinary_tibetan_lexical_or_compound	secure_reviewed_alignment	high
wts_1_34	1067	169	1	མཐོང	mthon	mthoṅ	pre_coda_structural_unit	མཐོ	mtho	pre_coda_stem	reviewed_tibetan_exact_final_ng_consensus	source	historical_source	unaffected_feature_from_reviewed_source	ordinary_tibetan_lexical_or_compound	secure_reviewed_alignment	medium
wts_1_34	1067	183	1	མཐོང	mthon	mthoṅ	suffix_coda	ང	ṅ	token_final	reviewed_tibetan_exact_final_ng_consensus	target	reviewed	reviewed_explicit_feature_evidence	ordinary_tibetan_lexical_or_compound	secure_reviewed_alignment	high
wts_1_34	1067	183	1	མཐོང	mthon	mthoṅ	pre_coda_structural_unit	མཐོ	mtho	pre_coda_stem	reviewed_tibetan_exact_final_ng_consensus	source	historical_source	unaffected_feature_from_reviewed_source	ordinary_tibetan_lexical_or_compound	secure_reviewed_alignment	medium
wts_1_34	1072	1	1	འཐུང	thun	thuṅ	suffix_coda	ང	ṅ	token_final	reviewed_tibetan_exact_final_ng_consensus	target	reviewed	reviewed_explicit_feature_evidence	ordinary_tibetan_lexical_or_compound	secure_reviewed_alignment	high
wts_1_34	1072	1	1	འཐུང	thun	thuṅ	pre_coda_structural_unit	འཐུ	thu	pre_coda_stem	reviewed_tibetan_exact_final_ng_consensus	source	historical_source	unaffected_feature_from_reviewed_source	ordinary_tibetan_lexical_or_compound	secure_reviewed_alignment	medium
wts_1_34	1072	75	1	འཐུང	thun	thuṅ	suffix_coda	ང	ṅ	token_final	reviewed_tibetan_exact_final_ng_consensus	target	reviewed	reviewed_explicit_feature_evidence	ordinary_tibetan_lexical_or_compound	secure_reviewed_alignment	high
wts_1_34	1072	75	1	འཐུང	thun	thuṅ	pre_coda_structural_unit	འཐུ	thu	pre_coda_stem	reviewed_tibetan_exact_final_ng_consensus	source	historical_source	unaffected_feature_from_reviewed_source	ordinary_tibetan_lexical_or_compound	secure_reviewed_alignment	medium
wts_1_34	1072	89	1	འཐུང	thun	thuṅ	suffix_coda	ང	ṅ	token_final	reviewed_tibetan_exact_final_ng_consensus	target	reviewed	reviewed_explicit_feature_evidence	ordinary_tibetan_lexical_or_compound	secure_reviewed_alignment	high
wts_1_34	1072	89	1	འཐུང	thun	thuṅ	pre_coda_structural_unit	འཐུ	thu	pre_coda_stem	reviewed_tibetan_exact_final_ng_consensus	source	historical_source	unaffected_feature_from_reviewed_source	ordinary_tibetan_lexical_or_compound	secure_reviewed_alignment	medium
wts_1_34	1073	169	2	རྐང	rkan	rkaṅ	suffix_coda	ང	ṅ	token_final	reviewed_tibetan_exact_final_ng_consensus	target	reviewed	reviewed_explicit_feature_evidence	ordinary_tibetan_lexical_or_compound	secure_reviewed_alignment	high
wts_1_34	1073	169	2	རྐང	rkan	rkaṅ	pre_coda_structural_unit	རྐ	rka	pre_coda_stem	reviewed_tibetan_exact_final_ng_consensus	source	historical_source	unaffected_feature_from_reviewed_source	ordinary_tibetan_lexical_or_compound	secure_reviewed_alignment	medium
wts_1_34	1073	216	2	རྐང	rkan	rkaṅ	suffix_coda	ང	ṅ	token_final	reviewed_tibetan_exact_final_ng_consensus	target	reviewed	reviewed_explicit_feature_evidence	ordinary_tibetan_lexical_or_compound	secure_reviewed_alignment	high
wts_1_34	1073	216	2	རྐང	rkan	rkaṅ	pre_coda_structural_unit	རྐ	rka	pre_coda_stem	reviewed_tibetan_exact_final_ng_consensus	source	historical_source	unaffected_feature_from_reviewed_source	ordinary_tibetan_lexical_or_compound	secure_reviewed_alignment	medium
wts_1_34	1085	7	3	ཡང	yan	yaṅ	suffix_coda	ང	ṅ	token_final	reviewed_tibetan_exact_script_ng_witness	target	reviewed	reviewed_explicit_feature_evidence	ordinary_tibetan_lexical_or_compound	secure_reviewed_alignment	high
wts_1_34	1085	7	3	ཡང	yan	yaṅ	pre_coda_structural_unit	ཡ	ya	pre_coda_stem	reviewed_tibetan_exact_script_ng_witness	source	historical_source	unaffected_feature_from_reviewed_source	ordinary_tibetan_lexical_or_compound	secure_reviewed_alignment	medium
wts_1_34	1085	60	2	ལྟར	Itar	ltar	unsegmented_structural_unit	ལྟར	□tar	unaffected_span_support	reviewed_tibetan_exact_initial_i_l_family	source	historical_source	unaffected_feature_from_reviewed_source	ordinary_tibetan_lexical_or_compound	secure_reviewed_alignment	medium
wts_1_34	1085	66	2	ལྟར	Itar	ltar	unsegmented_structural_unit	ལྟར	□tar	unaffected_span_support	reviewed_tibetan_exact_initial_i_l_family	source	historical_source	unaffected_feature_from_reviewed_source	ordinary_tibetan_lexical_or_compound	secure_reviewed_alignment	medium
wts_1_34	1086	1	2	ལྟར	Itar	ltar	unsegmented_structural_unit	ལྟར	□tar	unaffected_span_support	reviewed_tibetan_exact_initial_i_l_family	source	historical_source	unaffected_feature_from_reviewed_source	ordinary_tibetan_lexical_or_compound	secure_reviewed_alignment	medium
wts_1_34	1086	17	2	ལྟར	Itar	ltar	unsegmented_structural_unit	ལྟར	□tar	unaffected_span_support	reviewed_tibetan_exact_initial_i_l_family	source	historical_source	unaffected_feature_from_reviewed_source	ordinary_tibetan_lexical_or_compound	secure_reviewed_alignment	medium
wts_1_34	1086	17	3	བྱུང	byun	byuṅ	suffix_coda	ང	ṅ	token_final	reviewed_tibetan_exact_final_ng_consensus	target	reviewed	reviewed_explicit_feature_evidence	ordinary_tibetan_lexical_or_compound	secure_reviewed_alignment	high
wts_1_34	1086	17	3	བྱུང	byun	byuṅ	pre_coda_structural_unit	བྱུ	byu	pre_coda_stem	reviewed_tibetan_exact_final_ng_consensus	source	historical_source	unaffected_feature_from_reviewed_source	ordinary_tibetan_lexical_or_compound	secure_reviewed_alignment	medium
wts_1_34	1086	40	2	ལྟར	Itar	ltar	unsegmented_structural_unit	ལྟར	□tar	unaffected_span_support	reviewed_tibetan_exact_initial_i_l_family	source	historical_source	unaffected_feature_from_reviewed_source	ordinary_tibetan_lexical_or_compound	secure_reviewed_alignment	medium
wts_1_34	1086	59	2	ལྟར	Itar	ltar	unsegmented_structural_unit	ལྟར	□tar	unaffected_span_support	reviewed_tibetan_exact_initial_i_l_family	source	historical_source	unaffected_feature_from_reviewed_source	ordinary_tibetan_lexical_or_compound	secure_reviewed_alignment	medium
wts_1_34	1087	1	2	དུང	dun	duṅ	suffix_coda			token_final	reviewed_tibetan_exact_final_ng_consensus	target	reviewed	role_unresolved	ordinary_tibetan_lexical_or_compound	secure_reviewed_alignment	none
wts_1_34	1087	1	3	ཀྱང	kyan	kyaṅ	suffix_coda	ང	ṅ	token_final	reviewed_tibetan_exact_final_ng_source_compatible	target	reviewed	reviewed_explicit_feature_evidence	ordinary_tibetan_lexical_or_compound	secure_reviewed_alignment	high
wts_1_34	1087	1	3	ཀྱང	kyan	kyaṅ	pre_coda_structural_unit	ཀྱ	kya	pre_coda_stem	reviewed_tibetan_exact_final_ng_source_compatible	source	historical_source	unaffected_feature_from_reviewed_source	ordinary_tibetan_lexical_or_compound	secure_reviewed_alignment	medium
wts_1_34	1087	34	2	དུང	dun	duṅ	suffix_coda			token_final	reviewed_tibetan_exact_final_ng_consensus	target	reviewed	role_unresolved	ordinary_tibetan_lexical_or_compound	secure_reviewed_alignment	none
wts_1_34	1087	34	3	ཀྱང	kyan	kyaṅ	suffix_coda	ང	ṅ	token_final	reviewed_tibetan_exact_final_ng_source_compatible	target	reviewed	reviewed_explicit_feature_evidence	ordinary_tibetan_lexical_or_compound	secure_reviewed_alignment	high
wts_1_34	1087	34	3	ཀྱང	kyan	kyaṅ	pre_coda_structural_unit	ཀྱ	kya	pre_coda_stem	reviewed_tibetan_exact_final_ng_source_compatible	source	historical_source	unaffected_feature_from_reviewed_source	ordinary_tibetan_lexical_or_compound	secure_reviewed_alignment	medium
wts_1_34	1087	36	2	དུང	dun	duṅ	suffix_coda			token_final	reviewed_tibetan_exact_final_ng_consensus	target	reviewed	role_unresolved	ordinary_tibetan_lexical_or_compound	secure_reviewed_alignment	none
wts_1_34	1087	45	2	དུང	dun	duṅ	suffix_coda			token_final	reviewed_tibetan_exact_final_ng_consensus	target	reviewed	role_unresolved	ordinary_tibetan_lexical_or_compound	secure_reviewed_alignment	none
wts_1_34	1087	45	4	ཡང	yan	yaṅ	suffix_coda	ང	ṅ	token_final	reviewed_tibetan_exact_script_ng_witness	target	reviewed	reviewed_explicit_feature_evidence	ordinary_tibetan_lexical_or_compound	secure_reviewed_alignment	high
wts_1_34	1087	45	4	ཡང	yan	yaṅ	pre_coda_structural_unit	ཡ	ya	pre_coda_stem	reviewed_tibetan_exact_script_ng_witness	source	historical_source	unaffected_feature_from_reviewed_source	ordinary_tibetan_lexical_or_compound	secure_reviewed_alignment	medium
wts_1_34	1087	52	2	དུང	dun	duṅ	suffix_coda			token_final	reviewed_tibetan_exact_final_ng_consensus	target	reviewed	role_unresolved	ordinary_tibetan_lexical_or_compound	secure_reviewed_alignment	none
wts_1_34	1087	52	3	ཡང	yan	yaṅ	suffix_coda	ང	ṅ	token_final	reviewed_tibetan_exact_script_ng_witness	target	reviewed	reviewed_explicit_feature_evidence	ordinary_tibetan_lexical_or_compound	secure_reviewed_alignment	high
wts_1_34	1087	52	3	ཡང	yan	yaṅ	pre_coda_structural_unit	ཡ	ya	pre_coda_stem	reviewed_tibetan_exact_script_ng_witness	source	historical_source	unaffected_feature_from_reviewed_source	ordinary_tibetan_lexical_or_compound	secure_reviewed_alignment	medium
wts_1_34	1090	55	2	ཡང	yan	yaṅ	suffix_coda	ང	ṅ	token_final	reviewed_tibetan_exact_script_ng_witness	target	reviewed	reviewed_explicit_feature_evidence	ordinary_tibetan_lexical_or_compound	secure_reviewed_alignment	high
wts_1_34	1090	55	2	ཡང	yan	yaṅ	pre_coda_structural_unit	ཡ	ya	pre_coda_stem	reviewed_tibetan_exact_script_ng_witness	source	historical_source	unaffected_feature_from_reviewed_source	ordinary_tibetan_lexical_or_compound	secure_reviewed_alignment	medium
wts_1_34	1092	1	3	རིང	rin	riṅ	suffix_coda	ང	ṅ	token_final	reviewed_tibetan_exact_final_ng_consensus	target	reviewed	reviewed_explicit_feature_evidence	ordinary_tibetan_lexical_or_compound	secure_reviewed_alignment	high
wts_1_34	1092	1	3	རིང	rin	riṅ	pre_coda_structural_unit	རི	ri	pre_coda_stem	reviewed_tibetan_exact_final_ng_consensus	source	historical_source	unaffected_feature_from_reviewed_source	ordinary_tibetan_lexical_or_compound	secure_reviewed_alignment	medium
wts_1_34	1092	12	3	རིང	rin	riṅ	suffix_coda	ང	ṅ	token_final	reviewed_tibetan_exact_final_ng_consensus	target	reviewed	reviewed_explicit_feature_evidence	ordinary_tibetan_lexical_or_compound	secure_reviewed_alignment	high
wts_1_34	1092	12	3	རིང	rin	riṅ	pre_coda_structural_unit	རི	ri	pre_coda_stem	reviewed_tibetan_exact_final_ng_consensus	source	historical_source	unaffected_feature_from_reviewed_source	ordinary_tibetan_lexical_or_compound	secure_reviewed_alignment	medium
wts_1_34	1098	13	2	སྣང	snan	snaṅ	suffix_coda	ང	ṅ	token_final	reviewed_tibetan_exact_script_ng_witness	target	reviewed	reviewed_explicit_feature_evidence	ordinary_tibetan_lexical_or_compound	secure_reviewed_alignment	high
wts_1_34	1098	13	2	སྣང	snan	snaṅ	pre_coda_structural_unit	སྣ	sna	pre_coda_stem	reviewed_tibetan_exact_script_ng_witness	source	historical_source	unaffected_feature_from_reviewed_source	ordinary_tibetan_lexical_or_compound	secure_reviewed_alignment	medium
wts_1_34	1099	32	3	ཞིང	Zin	źiṅ	suffix_coda	ང	ṅ	token_final	reviewed_tibetan_exact_final_ng_consensus	target	reviewed	reviewed_explicit_feature_evidence	ordinary_tibetan_lexical_or_compound	secure_reviewed_alignment	high
wts_1_34	1099	32	3	ཞིང	Zin	źiṅ	pre_coda_structural_unit	ཞི	Zi	pre_coda_stem	reviewed_tibetan_exact_final_ng_consensus	source	historical_source	unaffected_feature_from_reviewed_source	ordinary_tibetan_lexical_or_compound	secure_reviewed_alignment	medium
wts_1_34	1099	32	3	ཞིང	Ziṅ	źiṅ				full_token	reviewed_correction_supersession_bridge	source	reviewed	not_feature_evidence	ordinary_tibetan_lexical_or_compound	secure_reviewed_alignment	high
wts_1_34	1100	10	2	ཞིང	Zin	źiṅ	suffix_coda	ང	ṅ	token_final	reviewed_tibetan_exact_final_ng_consensus	target	reviewed	reviewed_explicit_feature_evidence	ordinary_tibetan_lexical_or_compound	secure_reviewed_alignment	high
wts_1_34	1100	10	2	ཞིང	Zin	źiṅ	pre_coda_structural_unit	ཞི	Zi	pre_coda_stem	reviewed_tibetan_exact_final_ng_consensus	source	historical_source	unaffected_feature_from_reviewed_source	ordinary_tibetan_lexical_or_compound	secure_reviewed_alignment	medium
wts_1_34	1100	10	2	ཞིང	Ziṅ	źiṅ				full_token	reviewed_correction_supersession_bridge	source	reviewed	not_feature_evidence	ordinary_tibetan_lexical_or_compound	secure_reviewed_alignment	high
wts_1_34	1100	44	1	དང	dan	daṅ	suffix_coda			token_final	reviewed_tibetan_exact_script_ng_witness	target	reviewed	role_unresolved	ordinary_tibetan_lexical_or_compound	secure_reviewed_alignment	none
wts_1_34	1100	54	1	དང	dan	daṅ	suffix_coda			token_final	reviewed_tibetan_exact_script_ng_witness	target	reviewed	role_unresolved	ordinary_tibetan_lexical_or_compound	secure_reviewed_alignment	none
wts_1_34	1101	1	1	དང	dan	daṅ	suffix_coda			token_final	reviewed_tibetan_exact_script_ng_witness	target	reviewed	role_unresolved	ordinary_tibetan_lexical_or_compound	secure_reviewed_alignment	none
wts_1_34	1102	1	1	དང	dan	daṅ	suffix_coda			token_final	reviewed_tibetan_exact_script_ng_witness	target	reviewed	role_unresolved	ordinary_tibetan_lexical_or_compound	secure_reviewed_alignment	none
wts_1_34	1102	51	1	དང	dan	daṅ	suffix_coda			token_final	reviewed_tibetan_exact_script_ng_witness	target	reviewed	role_unresolved	ordinary_tibetan_lexical_or_compound	secure_reviewed_alignment	none
wts_1_34	1103	1	1	དང	dan	daṅ	suffix_coda			token_final	reviewed_tibetan_exact_script_ng_witness	target	reviewed	role_unresolved	ordinary_tibetan_lexical_or_compound	secure_reviewed_alignment	none
wts_1_34	1103	52	1	དང	dan	daṅ	suffix_coda			token_final	reviewed_tibetan_exact_script_ng_witness	target	reviewed	role_unresolved	ordinary_tibetan_lexical_or_compound	secure_reviewed_alignment	none
wts_1_34	1104	51	1	དང	dan	daṅ	suffix_coda			token_final	reviewed_tibetan_exact_script_ng_witness	target	reviewed	role_unresolved	ordinary_tibetan_lexical_or_compound	secure_reviewed_alignment	none
wts_1_34	1106	1	2	གོང	gon	goṅ	suffix_coda			token_final	reviewed_tibetan_exact_final_ng_consensus	target	reviewed	role_unresolved	ordinary_tibetan_lexical_or_compound	secure_reviewed_alignment	none
wts_1_34	1106	37	3	བླང	blan	blaṅ	suffix_coda	ང	ṅ	token_final	reviewed_tibetan_exact_final_ng_consensus	target	reviewed	reviewed_explicit_feature_evidence	ordinary_tibetan_lexical_or_compound	secure_reviewed_alignment	high
wts_1_34	1106	37	3	བླང	blan	blaṅ	pre_coda_structural_unit	བླ	bla	pre_coda_stem	reviewed_tibetan_exact_final_ng_consensus	source	historical_source	unaffected_feature_from_reviewed_source	ordinary_tibetan_lexical_or_compound	secure_reviewed_alignment	medium
wts_1_34	1110	76	2	བཟང	bzan	bzaṅ	suffix_coda	ང	ṅ	token_final	reviewed_tibetan_exact_final_ng_consensus	target	reviewed	reviewed_explicit_feature_evidence	ordinary_tibetan_lexical_or_compound	secure_reviewed_alignment	high
wts_1_34	1110	76	2	བཟང	bzan	bzaṅ	pre_coda_structural_unit	བཟ	bza	pre_coda_stem	reviewed_tibetan_exact_final_ng_consensus	source	historical_source	unaffected_feature_from_reviewed_source	ordinary_tibetan_lexical_or_compound	secure_reviewed_alignment	medium
wts_1_34	1110	76	3	དབང	dban	dbaṅ	suffix_coda	ང	ṅ	token_final	reviewed_tibetan_exact_final_ng_consensus	target	reviewed	reviewed_explicit_feature_evidence	ordinary_tibetan_lexical_or_compound	secure_reviewed_alignment	high
wts_1_34	1110	76	3	དབང	dban	dbaṅ	pre_coda_structural_unit	དབ	dba	pre_coda_stem	reviewed_tibetan_exact_final_ng_consensus	source	historical_source	unaffected_feature_from_reviewed_source	ordinary_tibetan_lexical_or_compound	secure_reviewed_alignment	medium
wts_1_34	1111	14	1	དང	dan	daṅ	suffix_coda			token_final	reviewed_tibetan_exact_script_ng_witness	target	reviewed	role_unresolved	ordinary_tibetan_lexical_or_compound	secure_reviewed_alignment	none
wts_1_34	1115	5	12	དབང	dban	dbaṅ	suffix_coda	ང	ṅ	token_final	reviewed_tibetan_exact_final_ng_consensus	target	reviewed	reviewed_explicit_feature_evidence	unclear	marker_or_damage	high
wts_1_34	1115	5	12	དབང	dban	dbaṅ	pre_coda_structural_unit	དབ	dba	pre_coda_stem	reviewed_tibetan_exact_final_ng_consensus	source	historical_source	unaffected_feature_from_reviewed_source	unclear	marker_or_damage	medium
wts_1_34	1116	35	2	ཀོང	kon	koṅ	suffix_coda	ང	ṅ	token_final	reviewed_tibetan_exact_final_ng_consensus	target	reviewed	reviewed_explicit_feature_evidence	ordinary_tibetan_lexical_or_compound	secure_reviewed_alignment	high
wts_1_34	1116	35	2	ཀོང	kon	koṅ	pre_coda_structural_unit	ཀོ	ko	pre_coda_stem	reviewed_tibetan_exact_final_ng_consensus	source	historical_source	unaffected_feature_from_reviewed_source	ordinary_tibetan_lexical_or_compound	secure_reviewed_alignment	medium
wts_1_34	1116	44	2	གོང	gon	goṅ	suffix_coda			token_final	reviewed_tibetan_exact_final_ng_consensus	target	reviewed	role_unresolved	ordinary_tibetan_lexical_or_compound	secure_reviewed_alignment	none
wts_1_34	1117	21	3	ཞང	Zan	źaṅ	suffix_coda	ང	ṅ	token_final	reviewed_tibetan_exact_final_ng_historical_witness	target	reviewed	reviewed_explicit_feature_evidence	tibetan_proper_name	secure_reviewed_alignment	high
wts_1_34	1117	21	3	ཞང	Zan	źaṅ	pre_coda_structural_unit	ཞ	Za	pre_coda_stem	reviewed_tibetan_exact_final_ng_historical_witness	source	historical_source	unaffected_feature_from_reviewed_source	tibetan_proper_name	secure_reviewed_alignment	medium
wts_1_34	1117	21	3	ཞང	Zaṅ	źaṅ				full_token	reviewed_correction_supersession_bridge	source	reviewed	not_feature_evidence	tibetan_proper_name	secure_reviewed_alignment	high
wts_1_34	1127	94	2	ཤིང	Sin	Siṅ	suffix_coda	ང	ṅ	token_final	reviewed_tibetan_exact_final_ng_source_compatible	target	reviewed	reviewed_explicit_feature_evidence	ordinary_tibetan_lexical_or_compound	secure_reviewed_alignment	high
wts_1_34	1127	94	2	ཤིང	Sin	Siṅ	pre_coda_structural_unit	ཤི	Si	pre_coda_stem	reviewed_tibetan_exact_final_ng_source_compatible	source	historical_source	unaffected_feature_from_reviewed_source	ordinary_tibetan_lexical_or_compound	secure_reviewed_alignment	medium
wts_1_34	1131	52	4	གླིང	glin	gliṅ	suffix_coda	ང	ṅ	token_final	reviewed_tibetan_exact_final_ng_consensus	target	reviewed	reviewed_explicit_feature_evidence	ordinary_tibetan_lexical_or_compound	secure_reviewed_alignment	high
wts_1_34	1131	52	4	གླིང	glin	gliṅ	pre_coda_structural_unit	གླི	gli	pre_coda_stem	reviewed_tibetan_exact_final_ng_consensus	source	historical_source	unaffected_feature_from_reviewed_source	ordinary_tibetan_lexical_or_compound	secure_reviewed_alignment	medium
wts_1_34	1133	35	2	མདུང	mdun	mduṅ	suffix_coda	ང	ṅ	token_final	reviewed_tibetan_exact_final_ng_consensus	target	reviewed	reviewed_explicit_feature_evidence	ordinary_tibetan_lexical_or_compound	secure_reviewed_alignment	high
wts_1_34	1133	35	2	མདུང	mdun	mduṅ	pre_coda_structural_unit	མདུ	mdu	pre_coda_stem	reviewed_tibetan_exact_final_ng_consensus	source	historical_source	unaffected_feature_from_reviewed_source	ordinary_tibetan_lexical_or_compound	secure_reviewed_alignment	medium
wts_1_34	1134	70	3	སྒང	sgan	sgaṅ	suffix_coda	ང	ṅ	token_final	reviewed_tibetan_exact_final_ng_consensus	target	reviewed	reviewed_explicit_feature_evidence	tibetan_proper_name	secure_reviewed_alignment	high
wts_1_34	1134	70	3	སྒང	sgan	sgaṅ	pre_coda_structural_unit	སྒ	sga	pre_coda_stem	reviewed_tibetan_exact_final_ng_consensus	source	historical_source	unaffected_feature_from_reviewed_source	tibetan_proper_name	secure_reviewed_alignment	medium
wts_1_34	1136	60	2	ལིང	lin	liṅ	suffix_coda	ང	ṅ	token_final	reviewed_tibetan_exact_final_ng_consensus	target	reviewed	reviewed_explicit_feature_evidence	ordinary_tibetan_lexical_or_compound	secure_reviewed_alignment	high
wts_1_34	1136	60	2	ལིང	lin	liṅ	pre_coda_structural_unit	ལི	li	pre_coda_stem	reviewed_tibetan_exact_final_ng_consensus	source	historical_source	unaffected_feature_from_reviewed_source	ordinary_tibetan_lexical_or_compound	secure_reviewed_alignment	medium
wts_1_34	1136	69	2	སེང	seh	seṅ	suffix_coda	ང	ṅ	token_final	reviewed_tibetan_exact_final_ng_consensus	target	reviewed	reviewed_explicit_feature_evidence	ordinary_tibetan_lexical_or_compound	secure_reviewed_alignment	high
wts_1_34	1136	69	2	སེང	seh	seṅ	pre_coda_structural_unit	སེ	se	pre_coda_stem	reviewed_tibetan_exact_final_ng_consensus	source	historical_source	unaffected_feature_from_reviewed_source	ordinary_tibetan_lexical_or_compound	secure_reviewed_alignment	medium
wts_1_34	1137	36	2	རྐང	rkan	rkaṅ	suffix_coda	ང	ṅ	token_final	reviewed_tibetan_exact_final_ng_consensus	target	reviewed	reviewed_explicit_feature_evidence	ordinary_tibetan_lexical_or_compound	secure_reviewed_alignment	high
wts_1_34	1137	36	2	རྐང	rkan	rkaṅ	pre_coda_structural_unit	རྐ	rka	pre_coda_stem	reviewed_tibetan_exact_final_ng_consensus	source	historical_source	unaffected_feature_from_reviewed_source	ordinary_tibetan_lexical_or_compound	secure_reviewed_alignment	medium
wts_1_34	1143	11	4	རིང	rin	riṅ	suffix_coda	ང	ṅ	token_final	reviewed_tibetan_exact_final_ng_consensus	target	reviewed	reviewed_explicit_feature_evidence	ordinary_tibetan_lexical_or_compound	secure_reviewed_alignment	high
wts_1_34	1143	11	4	རིང	rin	riṅ	pre_coda_structural_unit	རི	ri	pre_coda_stem	reviewed_tibetan_exact_final_ng_consensus	source	historical_source	unaffected_feature_from_reviewed_source	ordinary_tibetan_lexical_or_compound	secure_reviewed_alignment	medium
wts_1_34	1150	1	2	ཁང	khan	khaṅ	suffix_coda	ང	ṅ	token_final	reviewed_tibetan_exact_final_ng_consensus	target	reviewed	reviewed_explicit_feature_evidence	ordinary_tibetan_lexical_or_compound	secure_reviewed_alignment	high
wts_1_34	1150	1	2	ཁང	khan	khaṅ	pre_coda_structural_unit	ཁ	kha	pre_coda_stem	reviewed_tibetan_exact_final_ng_consensus	source	historical_source	unaffected_feature_from_reviewed_source	ordinary_tibetan_lexical_or_compound	secure_reviewed_alignment	medium
wts_1_34	1151	77	2	ཐང	than	thaṅ	suffix_coda	ང	ṅ	token_final	reviewed_tibetan_exact_final_ng_consensus	target	reviewed	reviewed_explicit_feature_evidence	ordinary_tibetan_lexical_or_compound	secure_reviewed_alignment	high
wts_1_34	1151	77	2	ཐང	than	thaṅ	pre_coda_structural_unit	ཐ	tha	pre_coda_stem	reviewed_tibetan_exact_final_ng_consensus	source	historical_source	unaffected_feature_from_reviewed_source	ordinary_tibetan_lexical_or_compound	secure_reviewed_alignment	medium
wts_1_34	1152	1	2	ཕྱུང	phyun	phyuṅ	suffix_coda	ང	ṅ	token_final	reviewed_tibetan_exact_final_ng_source_compatible	target	reviewed	reviewed_explicit_feature_evidence	ordinary_tibetan_lexical_or_compound	secure_reviewed_alignment	high
wts_1_34	1152	1	2	ཕྱུང	phyun	phyuṅ	pre_coda_structural_unit	ཕྱུ	phyu	pre_coda_stem	reviewed_tibetan_exact_final_ng_source_compatible	source	historical_source	unaffected_feature_from_reviewed_source	ordinary_tibetan_lexical_or_compound	secure_reviewed_alignment	medium
wts_1_34	1152	13	2	དབང	dban	dbaṅ	suffix_coda	ང	ṅ	token_final	reviewed_tibetan_exact_final_ng_consensus	target	reviewed	reviewed_explicit_feature_evidence	ordinary_tibetan_lexical_or_compound	secure_reviewed_alignment	high
wts_1_34	1152	13	2	དབང	dban	dbaṅ	pre_coda_structural_unit	དབ	dba	pre_coda_stem	reviewed_tibetan_exact_final_ng_consensus	source	historical_source	unaffected_feature_from_reviewed_source	ordinary_tibetan_lexical_or_compound	secure_reviewed_alignment	medium
wts_1_34	1154	29	1	དུང	dun	duṅ	suffix_coda			token_final	reviewed_tibetan_exact_final_ng_consensus	target	reviewed	role_unresolved	ordinary_tibetan_lexical_or_compound	secure_reviewed_alignment	none
wts_1_34	1154	56	1	དུང	dun	duṅ	suffix_coda			token_final	reviewed_tibetan_exact_final_ng_consensus	target	reviewed	role_unresolved	ordinary_tibetan_lexical_or_compound	secure_reviewed_alignment	none
wts_1_34	1155	52	1	དུང	dun	duṅ	suffix_coda			token_final	reviewed_tibetan_exact_final_ng_consensus	target	reviewed	role_unresolved	ordinary_tibetan_lexical_or_compound	secure_reviewed_alignment	none
wts_1_34	1155	93	1	དུང	dun	duṅ	suffix_coda			token_final	reviewed_tibetan_exact_final_ng_consensus	target	reviewed	role_unresolved	ordinary_tibetan_lexical_or_compound	secure_reviewed_alignment	none
wts_1_34	1156	1	1	དུང	dun	duṅ	suffix_coda			token_final	reviewed_tibetan_exact_final_ng_consensus	target	reviewed	role_unresolved	ordinary_tibetan_lexical_or_compound	secure_reviewed_alignment	none
wts_1_34	1156	24	1	དུང	dun	duṅ	suffix_coda			token_final	reviewed_tibetan_exact_final_ng_consensus	target	reviewed	role_unresolved	tibetan_proper_name	secure_reviewed_alignment	none
wts_1_34	1156	24	2	སྐྱོང	skyon	skyoṅ	suffix_coda	ང	ṅ	token_final	reviewed_tibetan_exact_final_ng_consensus	target	reviewed	reviewed_explicit_feature_evidence	tibetan_proper_name	secure_reviewed_alignment	high
wts_1_34	1156	24	2	སྐྱོང	skyon	skyoṅ	pre_coda_structural_unit	སྐྱོ	skyo	pre_coda_stem	reviewed_tibetan_exact_final_ng_consensus	source	historical_source	unaffected_feature_from_reviewed_source	tibetan_proper_name	secure_reviewed_alignment	medium
wts_1_34	1156	49	1	དུང	dun	duṅ	suffix_coda			token_final	reviewed_tibetan_exact_final_ng_consensus	target	reviewed	role_unresolved	ordinary_tibetan_lexical_or_compound	secure_reviewed_alignment	none
wts_1_34	1156	51	1	དུང	dun	duṅ	suffix_coda			token_final	reviewed_tibetan_exact_final_ng_consensus	target	reviewed	role_unresolved	ordinary_tibetan_lexical_or_compound	secure_reviewed_alignment	none
wts_1_34	1156	51	3	དབང	dban	dbaṅ	suffix_coda	ང	ṅ	token_final	reviewed_tibetan_exact_final_ng_consensus	target	reviewed	reviewed_explicit_feature_evidence	ordinary_tibetan_lexical_or_compound	secure_reviewed_alignment	high
wts_1_34	1156	51	3	དབང	dban	dbaṅ	pre_coda_structural_unit	དབ	dba	pre_coda_stem	reviewed_tibetan_exact_final_ng_consensus	source	historical_source	unaffected_feature_from_reviewed_source	ordinary_tibetan_lexical_or_compound	secure_reviewed_alignment	medium
wts_1_34	1156	59	1	དུང	dun	duṅ	suffix_coda			token_final	reviewed_tibetan_exact_final_ng_consensus	target	reviewed	role_unresolved	tibetan_proper_name	secure_reviewed_alignment	none
wts_1_34	1156	70	1	དུང	dun	duṅ	suffix_coda			token_final	reviewed_tibetan_exact_final_ng_consensus	target	reviewed	role_unresolved	ordinary_tibetan_lexical_or_compound	secure_reviewed_alignment	none
wts_1_34	1156	93	1	དུང	dun	duṅ	suffix_coda			token_final	reviewed_tibetan_exact_final_ng_consensus	target	reviewed	role_unresolved	ordinary_tibetan_lexical_or_compound	secure_reviewed_alignment	none
wts_1_34	1157	1	1	དུང	dun	duṅ	suffix_coda			token_final	reviewed_tibetan_exact_final_ng_consensus	target	reviewed	role_unresolved	ordinary_tibetan_lexical_or_compound	secure_reviewed_alignment	none
wts_1_34	1157	3	1	དུང	dun	duṅ	suffix_coda			token_final	reviewed_tibetan_exact_final_ng_consensus	target	reviewed	role_unresolved	ordinary_tibetan_lexical_or_compound	secure_reviewed_alignment	none
wts_1_34	1157	25	1	དུང	dun	duṅ	suffix_coda			token_final	reviewed_tibetan_exact_final_ng_consensus	target	reviewed	role_unresolved	ordinary_tibetan_lexical_or_compound	secure_reviewed_alignment	none
wts_1_34	1157	30	1	དུང	dun	duṅ	suffix_coda			token_final	reviewed_tibetan_exact_final_ng_consensus	target	reviewed	role_unresolved	ordinary_tibetan_lexical_or_compound	secure_reviewed_alignment	none
wts_1_34	1157	58	1	དུང	dun	duṅ	suffix_coda			token_final	reviewed_tibetan_exact_final_ng_consensus	target	reviewed	role_unresolved	ordinary_tibetan_lexical_or_compound	secure_reviewed_alignment	none
wts_1_34	1157	94	1	དུང	dun	duṅ	suffix_coda			token_final	reviewed_tibetan_exact_final_ng_consensus	target	reviewed	role_unresolved	ordinary_tibetan_lexical_or_compound	secure_reviewed_alignment	none
wts_1_34	1157	102	1	དུང	dun	duṅ	suffix_coda			token_final	reviewed_tibetan_exact_final_ng_consensus	target	reviewed	role_unresolved	ordinary_tibetan_lexical_or_compound	secure_reviewed_alignment	none
wts_1_34	1158	1	1	དུང	dun	duṅ	suffix_coda			token_final	reviewed_tibetan_exact_final_ng_consensus	target	reviewed	role_unresolved	ordinary_tibetan_lexical_or_compound	secure_reviewed_alignment	none
wts_1_34	1158	3	1	དུང	dun	duṅ	suffix_coda			token_final	reviewed_tibetan_exact_final_ng_consensus	target	reviewed	role_unresolved	ordinary_tibetan_lexical_or_compound	secure_reviewed_alignment	none
wts_1_34	1158	24	1	དུང	dun	duṅ	suffix_coda			token_final	reviewed_tibetan_exact_final_ng_consensus	target	reviewed	role_unresolved	tibetan_proper_name	secure_reviewed_alignment	none
wts_1_34	1158	30	1	དུང	dun	duṅ	suffix_coda			token_final	reviewed_tibetan_exact_final_ng_consensus	target	reviewed	role_unresolved	ordinary_tibetan_lexical_or_compound	secure_reviewed_alignment	none
wts_1_34	1158	38	1	དུང	dun	duṅ	suffix_coda			token_final	reviewed_tibetan_exact_final_ng_consensus	target	reviewed	role_unresolved	ordinary_tibetan_lexical_or_compound	secure_reviewed_alignment	none
wts_1_34	1158	48	1	དུང	dun	duṅ	suffix_coda			token_final	reviewed_tibetan_exact_final_ng_consensus	target	reviewed	role_unresolved	ordinary_tibetan_lexical_or_compound	secure_reviewed_alignment	none
wts_1_34	1158	57	1	དུང	dun	duṅ	suffix_coda			token_final	reviewed_tibetan_exact_final_ng_consensus	target	reviewed	role_unresolved	ordinary_tibetan_lexical_or_compound	secure_reviewed_alignment	none
wts_1_34	1158	57	2	རིང	rin	riṅ	suffix_coda	ང	ṅ	token_final	reviewed_tibetan_exact_final_ng_consensus	target	reviewed	reviewed_explicit_feature_evidence	ordinary_tibetan_lexical_or_compound	secure_reviewed_alignment	high
wts_1_34	1158	57	2	རིང	rin	riṅ	pre_coda_structural_unit	རི	ri	pre_coda_stem	reviewed_tibetan_exact_final_ng_consensus	source	historical_source	unaffected_feature_from_reviewed_source	ordinary_tibetan_lexical_or_compound	secure_reviewed_alignment	medium
wts_1_34	1158	67	1	དུང	dun	duṅ	suffix_coda			token_final	reviewed_tibetan_exact_final_ng_consensus	target	reviewed	role_unresolved	ordinary_tibetan_lexical_or_compound	secure_reviewed_alignment	none
wts_1_34	1159	51	2	ཁང	khan	khaṅ	suffix_coda	ང	ṅ	token_final	reviewed_tibetan_exact_final_ng_consensus	target	reviewed	reviewed_explicit_feature_evidence	ordinary_tibetan_lexical_or_compound	secure_reviewed_alignment	high
wts_1_34	1159	51	2	ཁང	khan	khaṅ	pre_coda_structural_unit	ཁ	kha	pre_coda_stem	reviewed_tibetan_exact_final_ng_consensus	source	historical_source	unaffected_feature_from_reviewed_source	ordinary_tibetan_lexical_or_compound	secure_reviewed_alignment	medium
wts_1_34	1160	32	2	ཆུང	chun	chuṅ	suffix_coda	ང	ṅ	token_final	reviewed_tibetan_exact_script_ng_witness	target	reviewed	reviewed_explicit_feature_evidence	ordinary_tibetan_lexical_or_compound	secure_reviewed_alignment	high
wts_1_34	1160	32	2	ཆུང	chun	chuṅ	pre_coda_structural_unit	ཆུ	chu	pre_coda_stem	reviewed_tibetan_exact_script_ng_witness	source	historical_source	unaffected_feature_from_reviewed_source	ordinary_tibetan_lexical_or_compound	secure_reviewed_alignment	medium
wts_1_34	1160	80	2	སྡོང	sdon	sdoṅ	suffix_coda	ང	ṅ	token_final	reviewed_tibetan_exact_final_ng_consensus	target	reviewed	reviewed_explicit_feature_evidence	ordinary_tibetan_lexical_or_compound	secure_reviewed_alignment	high
wts_1_34	1160	80	2	སྡོང	sdon	sdoṅ	pre_coda_structural_unit	སྡོ	sdo	pre_coda_stem	reviewed_tibetan_exact_final_ng_consensus	source	historical_source	unaffected_feature_from_reviewed_source	ordinary_tibetan_lexical_or_compound	secure_reviewed_alignment	medium
wts_1_34	1161	62	4	སོང	son	soṅ	suffix_coda	ང	ṅ	token_final	reviewed_tibetan_exact_final_ng_consensus	target	reviewed	reviewed_explicit_feature_evidence	ordinary_tibetan_lexical_or_compound	secure_reviewed_alignment	high
wts_1_34	1161	62	4	སོང	son	soṅ	pre_coda_structural_unit	སོ	so	pre_coda_stem	reviewed_tibetan_exact_final_ng_consensus	source	historical_source	unaffected_feature_from_reviewed_source	ordinary_tibetan_lexical_or_compound	secure_reviewed_alignment	medium
wts_1_34	1161	67	2	ཚང	tshan	tshaṅ	suffix_coda	ང	ṅ	token_final	reviewed_tibetan_exact_final_ng_consensus	target	reviewed	reviewed_explicit_feature_evidence	ordinary_tibetan_lexical_or_compound	secure_reviewed_alignment	high
wts_1_34	1161	67	2	ཚང	tshan	tshaṅ	pre_coda_structural_unit	ཚ	tsha	pre_coda_stem	reviewed_tibetan_exact_final_ng_consensus	source	historical_source	unaffected_feature_from_reviewed_source	ordinary_tibetan_lexical_or_compound	secure_reviewed_alignment	medium
wts_1_34	1165	1	2	ཁང	khan	khaṅ	suffix_coda	ང	ṅ	token_final	reviewed_tibetan_exact_final_ng_consensus	target	reviewed	reviewed_explicit_feature_evidence	ordinary_tibetan_lexical_or_compound	secure_reviewed_alignment	high
wts_1_34	1165	1	2	ཁང	khan	khaṅ	pre_coda_structural_unit	ཁ	kha	pre_coda_stem	reviewed_tibetan_exact_final_ng_consensus	source	historical_source	unaffected_feature_from_reviewed_source	ordinary_tibetan_lexical_or_compound	secure_reviewed_alignment	medium
wts_1_34	1165	8	2	ཁང	khan	khaṅ	suffix_coda	ང	ṅ	token_final	reviewed_tibetan_exact_final_ng_consensus	target	reviewed	reviewed_explicit_feature_evidence	ordinary_tibetan_lexical_or_compound	secure_reviewed_alignment	high
wts_1_34	1165	8	2	ཁང	khan	khaṅ	pre_coda_structural_unit	ཁ	kha	pre_coda_stem	reviewed_tibetan_exact_final_ng_consensus	source	historical_source	unaffected_feature_from_reviewed_source	ordinary_tibetan_lexical_or_compound	secure_reviewed_alignment	medium
wts_1_34	1167	48	2	ཕུང	phun	phuṅ	suffix_coda	ང	ṅ	token_final	reviewed_tibetan_exact_final_ng_consensus	target	reviewed	reviewed_explicit_feature_evidence	ordinary_tibetan_lexical_or_compound	secure_reviewed_alignment	high
wts_1_34	1167	48	2	ཕུང	phun	phuṅ	pre_coda_structural_unit	ཕུ	phu	pre_coda_stem	reviewed_tibetan_exact_final_ng_consensus	source	historical_source	unaffected_feature_from_reviewed_source	ordinary_tibetan_lexical_or_compound	secure_reviewed_alignment	medium
wts_1_34	1168	60	2	ཞིང	Zin	źiṅ	suffix_coda	ང	ṅ	token_final	reviewed_tibetan_exact_final_ng_consensus	target	reviewed	reviewed_explicit_feature_evidence	ordinary_tibetan_lexical_or_compound	secure_reviewed_alignment	high
wts_1_34	1168	60	2	ཞིང	Zin	źiṅ	pre_coda_structural_unit	ཞི	Zi	pre_coda_stem	reviewed_tibetan_exact_final_ng_consensus	source	historical_source	unaffected_feature_from_reviewed_source	ordinary_tibetan_lexical_or_compound	secure_reviewed_alignment	medium
wts_1_34	1168	60	2	ཞིང	Ziṅ	źiṅ				full_token	reviewed_correction_supersession_bridge	source	reviewed	not_feature_evidence	ordinary_tibetan_lexical_or_compound	secure_reviewed_alignment	high
wts_1_34	1169	48	2	སློང	slon	sloṅ	suffix_coda	ང	ṅ	token_final	reviewed_tibetan_exact_final_ng_historical_witness	target	reviewed	reviewed_explicit_feature_evidence	ordinary_tibetan_lexical_or_compound	secure_reviewed_alignment	high
wts_1_34	1169	48	2	སློང	slon	sloṅ	pre_coda_structural_unit	སློ	slo	pre_coda_stem	reviewed_tibetan_exact_final_ng_historical_witness	source	historical_source	unaffected_feature_from_reviewed_source	ordinary_tibetan_lexical_or_compound	secure_reviewed_alignment	medium
wts_1_34	1170	1	2	ཁང	khan	khaṅ	suffix_coda	ང	ṅ	token_final	reviewed_tibetan_exact_final_ng_consensus	target	reviewed	reviewed_explicit_feature_evidence	ordinary_tibetan_lexical_or_compound	secure_reviewed_alignment	high
wts_1_34	1170	1	2	ཁང	khan	khaṅ	pre_coda_structural_unit	ཁ	kha	pre_coda_stem	reviewed_tibetan_exact_final_ng_consensus	source	historical_source	unaffected_feature_from_reviewed_source	ordinary_tibetan_lexical_or_compound	secure_reviewed_alignment	medium
wts_1_34	1170	16	2	ཁང	khan	khaṅ	suffix_coda	ང	ṅ	token_final	reviewed_tibetan_exact_final_ng_consensus	target	reviewed	reviewed_explicit_feature_evidence	ordinary_tibetan_lexical_or_compound	secure_reviewed_alignment	high
wts_1_34	1170	16	2	ཁང	khan	khaṅ	pre_coda_structural_unit	ཁ	kha	pre_coda_stem	reviewed_tibetan_exact_final_ng_consensus	source	historical_source	unaffected_feature_from_reviewed_source	ordinary_tibetan_lexical_or_compound	secure_reviewed_alignment	medium
wts_1_34	1178	82	2	ལྔ	Ina	lṅa	unsegmented_structural_unit	ལྔ	□□a	unaffected_span_support	reviewed_tibetan_exact_initial_i_l_family	source	historical_source	unaffected_feature_from_reviewed_source	ordinary_tibetan_lexical_or_compound	secure_reviewed_alignment	medium
wts_1_34	1183	24	4	བཟུང	bzun	bzuṅ	suffix_coda	ང	ṅ	token_final	reviewed_tibetan_exact_final_ng_consensus	target	reviewed	reviewed_explicit_feature_evidence	ordinary_tibetan_lexical_or_compound	secure_reviewed_alignment	high
wts_1_34	1183	24	4	བཟུང	bzun	bzuṅ	pre_coda_structural_unit	བཟུ	bzu	pre_coda_stem	reviewed_tibetan_exact_final_ng_consensus	source	historical_source	unaffected_feature_from_reviewed_source	ordinary_tibetan_lexical_or_compound	secure_reviewed_alignment	medium
wts_1_34	1188	79	2	བཞི	bZi	bźi	root_consonant	ཞ	ź	root	reviewed_tibetan_exact_transcription_integrity	target	reviewed	reviewed_explicit_feature_evidence	ordinary_tibetan_lexical_or_compound	secure_reviewed_alignment	high
wts_1_34	1188	79	2	བཞི	bZi	bźi	unsegmented_structural_unit	བཞི	b□i	unaffected_span_support	reviewed_tibetan_exact_transcription_integrity	source	historical_source	unaffected_feature_from_reviewed_source	ordinary_tibetan_lexical_or_compound	secure_reviewed_alignment	medium
wts_1_34	1189	12	3	རིང	rin	riṅ	suffix_coda	ང	ṅ	token_final	reviewed_tibetan_exact_final_ng_consensus	target	reviewed	reviewed_explicit_feature_evidence	ordinary_tibetan_lexical_or_compound	secure_reviewed_alignment	high
wts_1_34	1189	12	3	རིང	rin	riṅ	pre_coda_structural_unit	རི	ri	pre_coda_stem	reviewed_tibetan_exact_final_ng_consensus	source	historical_source	unaffected_feature_from_reviewed_source	ordinary_tibetan_lexical_or_compound	secure_reviewed_alignment	medium
wts_1_34	1189	26	2	རིང	rin	riṅ	suffix_coda	ང	ṅ	token_final	reviewed_tibetan_exact_final_ng_consensus	target	reviewed	reviewed_explicit_feature_evidence	ordinary_tibetan_lexical_or_compound	secure_reviewed_alignment	high
wts_1_34	1189	26	2	རིང	rin	riṅ	pre_coda_structural_unit	རི	ri	pre_coda_stem	reviewed_tibetan_exact_final_ng_consensus	source	historical_source	unaffected_feature_from_reviewed_source	ordinary_tibetan_lexical_or_compound	secure_reviewed_alignment	medium
wts_1_34	1192	1	3	རུང	run	ruṅ	suffix_coda	ང	ṅ	token_final	reviewed_tibetan_exact_final_ng_historical_witness	target	reviewed	reviewed_explicit_feature_evidence	ordinary_tibetan_lexical_or_compound	secure_reviewed_alignment	high
wts_1_34	1192	1	3	རུང	run	ruṅ	pre_coda_structural_unit	རུ	ru	pre_coda_stem	reviewed_tibetan_exact_final_ng_historical_witness	source	historical_source	unaffected_feature_from_reviewed_source	ordinary_tibetan_lexical_or_compound	secure_reviewed_alignment	medium
wts_1_34	1198	75	2	རྐྱང	rkyan	rkyaṅ	suffix_coda	ང	ṅ	token_final	reviewed_tibetan_exact_final_ng_consensus	target	reviewed	reviewed_explicit_feature_evidence	ordinary_tibetan_lexical_or_compound	secure_reviewed_alignment	high
wts_1_34	1198	75	2	རྐྱང	rkyan	rkyaṅ	pre_coda_structural_unit	རྐྱ	rkya	pre_coda_stem	reviewed_tibetan_exact_final_ng_consensus	source	historical_source	unaffected_feature_from_reviewed_source	ordinary_tibetan_lexical_or_compound	secure_reviewed_alignment	medium
wts_1_34	1202	1	4	འབྲིང	brin	briṅ	suffix_coda	ང	ṅ	token_final	reviewed_tibetan_exact_final_ng_consensus	target	reviewed	reviewed_explicit_feature_evidence	ordinary_tibetan_lexical_or_compound	secure_reviewed_alignment	high
wts_1_34	1202	1	4	འབྲིང	brin	briṅ	pre_coda_structural_unit	འབྲི	bri	pre_coda_stem	reviewed_tibetan_exact_final_ng_consensus	source	historical_source	unaffected_feature_from_reviewed_source	ordinary_tibetan_lexical_or_compound	secure_reviewed_alignment	medium
wts_1_34	1203	75	2	རྟིང	rtin	rtiṅ	suffix_coda	ང	ṅ	token_final	reviewed_tibetan_exact_final_ng_source_compatible	target	reviewed	reviewed_explicit_feature_evidence	ordinary_tibetan_lexical_or_compound	secure_reviewed_alignment	high
wts_1_34	1203	75	2	རྟིང	rtin	rtiṅ	pre_coda_structural_unit	རྟི	rti	pre_coda_stem	reviewed_tibetan_exact_final_ng_source_compatible	source	historical_source	unaffected_feature_from_reviewed_source	ordinary_tibetan_lexical_or_compound	secure_reviewed_alignment	medium
wts_1_34	1204	1	4	ལྟར	Itar	ltar	unsegmented_structural_unit	ལྟར	□tar	unaffected_span_support	reviewed_tibetan_exact_initial_i_l_family	source	historical_source	unaffected_feature_from_reviewed_source	ordinary_tibetan_lexical_or_compound	secure_reviewed_alignment	medium
wts_1_34	1205	50	4	བྱུང	byun	byuṅ	suffix_coda	ང	ṅ	token_final	reviewed_tibetan_exact_final_ng_consensus	target	reviewed	reviewed_explicit_feature_evidence	ordinary_tibetan_lexical_or_compound	secure_reviewed_alignment	high
wts_1_34	1205	50	4	བྱུང	byun	byuṅ	pre_coda_structural_unit	བྱུ	byu	pre_coda_stem	reviewed_tibetan_exact_final_ng_consensus	source	historical_source	unaffected_feature_from_reviewed_source	ordinary_tibetan_lexical_or_compound	secure_reviewed_alignment	medium
wts_1_34	1205	85	4	བྱུང	byun	byuṅ	suffix_coda	ང	ṅ	token_final	reviewed_tibetan_exact_final_ng_consensus	target	reviewed	reviewed_explicit_feature_evidence	ordinary_tibetan_lexical_or_compound	secure_reviewed_alignment	high
wts_1_34	1205	85	4	བྱུང	byun	byuṅ	pre_coda_structural_unit	བྱུ	byu	pre_coda_stem	reviewed_tibetan_exact_final_ng_consensus	source	historical_source	unaffected_feature_from_reviewed_source	ordinary_tibetan_lexical_or_compound	secure_reviewed_alignment	medium
wts_1_34	1206	1	2	ལྟར	Itar	ltar	unsegmented_structural_unit	ལྟར	□tar	unaffected_span_support	reviewed_tibetan_exact_initial_i_l_family	source	historical_source	unaffected_feature_from_reviewed_source	ordinary_tibetan_lexical_or_compound	secure_reviewed_alignment	medium
wts_1_34	1206	54	2	ལྟར	Itar	ltar	unsegmented_structural_unit	ལྟར	□tar	unaffected_span_support	reviewed_tibetan_exact_initial_i_l_family	source	historical_source	unaffected_feature_from_reviewed_source	ordinary_tibetan_lexical_or_compound	secure_reviewed_alignment	medium
wts_1_34	1207	1	2	ལྟར	Itar	ltar	unsegmented_structural_unit	ལྟར	□tar	unaffected_span_support	reviewed_tibetan_exact_initial_i_l_family	source	historical_source	unaffected_feature_from_reviewed_source	ordinary_tibetan_lexical_or_compound	secure_reviewed_alignment	medium
wts_1_34	1207	52	2	ལྟར	Itar	ltar	unsegmented_structural_unit	ལྟར	□tar	unaffected_span_support	reviewed_tibetan_exact_initial_i_l_family	source	historical_source	unaffected_feature_from_reviewed_source	ordinary_tibetan_lexical_or_compound	secure_reviewed_alignment	medium
wts_1_34	1207	86	2	ལྟར	Itar	ltar	unsegmented_structural_unit	ལྟར	□tar	unaffected_span_support	reviewed_tibetan_exact_initial_i_l_family	source	historical_source	unaffected_feature_from_reviewed_source	ordinary_tibetan_lexical_or_compound	secure_reviewed_alignment	medium
wts_1_34	1208	1	2	ལྟར	Itar	ltar	unsegmented_structural_unit	ལྟར	□tar	unaffected_span_support	reviewed_tibetan_exact_initial_i_l_family	source	historical_source	unaffected_feature_from_reviewed_source	ordinary_tibetan_lexical_or_compound	secure_reviewed_alignment	medium
wts_1_34	1208	21	2	ལྟར	Itar	ltar	unsegmented_structural_unit	ལྟར	□tar	unaffected_span_support	reviewed_tibetan_exact_initial_i_l_family	source	historical_source	unaffected_feature_from_reviewed_source	ordinary_tibetan_lexical_or_compound	secure_reviewed_alignment	medium
wts_1_34	1208	23	2	ལྟས	Itas	ltas	unsegmented_structural_unit	ལྟས	□tas	unaffected_span_support	reviewed_tibetan_exact_initial_i_l_family	source	historical_source	unaffected_feature_from_reviewed_source	ordinary_tibetan_lexical_or_compound	secure_reviewed_alignment	medium
wts_1_34	1208	51	2	སྟེང	sten	steṅ	suffix_coda	ང	ṅ	token_final	reviewed_tibetan_exact_final_ng_consensus	target	reviewed	reviewed_explicit_feature_evidence	ordinary_tibetan_lexical_or_compound	secure_reviewed_alignment	high
wts_1_34	1208	51	2	སྟེང	sten	steṅ	pre_coda_structural_unit	སྟེ	ste	pre_coda_stem	reviewed_tibetan_exact_final_ng_consensus	source	historical_source	unaffected_feature_from_reviewed_source	ordinary_tibetan_lexical_or_compound	secure_reviewed_alignment	medium
wts_1_34	1220	92	3	མང	man	maṅ	suffix_coda			token_final	reviewed_tibetan_exact_final_ng_consensus	target	reviewed	role_unresolved	ordinary_tibetan_lexical_or_compound	secure_reviewed_alignment	none
wts_1_34	1221	14	2	དབང	dban	dbaṅ	suffix_coda	ང	ṅ	token_final	reviewed_tibetan_exact_final_ng_consensus	target	reviewed	reviewed_explicit_feature_evidence	ordinary_tibetan_lexical_or_compound	secure_reviewed_alignment	high
wts_1_34	1221	14	2	དབང	dban	dbaṅ	pre_coda_structural_unit	དབ	dba	pre_coda_stem	reviewed_tibetan_exact_final_ng_consensus	source	historical_source	unaffected_feature_from_reviewed_source	ordinary_tibetan_lexical_or_compound	secure_reviewed_alignment	medium
wts_1_34	1221	14	3	བཏང	btan	btaṅ	suffix_coda	ང	ṅ	token_final	reviewed_tibetan_exact_final_ng_consensus	target	reviewed	reviewed_explicit_feature_evidence	ordinary_tibetan_lexical_or_compound	secure_reviewed_alignment	high
wts_1_34	1221	14	3	བཏང	btan	btaṅ	pre_coda_structural_unit	བཏ	bta	pre_coda_stem	reviewed_tibetan_exact_final_ng_consensus	source	historical_source	unaffected_feature_from_reviewed_source	ordinary_tibetan_lexical_or_compound	secure_reviewed_alignment	medium
wts_1_34	1229	55	2	ཡང	yan	yaṅ	suffix_coda	ང	ṅ	token_final	reviewed_tibetan_exact_script_ng_witness	target	reviewed	reviewed_explicit_feature_evidence	ordinary_tibetan_lexical_or_compound	secure_reviewed_alignment	high
wts_1_34	1229	55	2	ཡང	yan	yaṅ	pre_coda_structural_unit	ཡ	ya	pre_coda_stem	reviewed_tibetan_exact_script_ng_witness	source	historical_source	unaffected_feature_from_reviewed_source	ordinary_tibetan_lexical_or_compound	secure_reviewed_alignment	medium
wts_1_34	1229	67	2	ཡང	yan	yaṅ	suffix_coda	ང	ṅ	token_final	reviewed_tibetan_exact_script_ng_witness	target	reviewed	reviewed_explicit_feature_evidence	ordinary_tibetan_lexical_or_compound	secure_reviewed_alignment	high
wts_1_34	1229	67	2	ཡང	yan	yaṅ	pre_coda_structural_unit	ཡ	ya	pre_coda_stem	reviewed_tibetan_exact_script_ng_witness	source	historical_source	unaffected_feature_from_reviewed_source	ordinary_tibetan_lexical_or_compound	secure_reviewed_alignment	medium
wts_1_34	1230	1	2	ཡང	yan	yaṅ	suffix_coda	ང	ṅ	token_final	reviewed_tibetan_exact_script_ng_witness	target	reviewed	reviewed_explicit_feature_evidence	ordinary_tibetan_lexical_or_compound	secure_reviewed_alignment	high
wts_1_34	1230	1	2	ཡང	yan	yaṅ	pre_coda_structural_unit	ཡ	ya	pre_coda_stem	reviewed_tibetan_exact_script_ng_witness	source	historical_source	unaffected_feature_from_reviewed_source	ordinary_tibetan_lexical_or_compound	secure_reviewed_alignment	medium
wts_1_34	1236	7	2	སང	san	saṅ	suffix_coda	ང	ṅ	token_final	reviewed_tibetan_exact_final_ng_source_compatible	target	reviewed	reviewed_explicit_feature_evidence	ordinary_tibetan_lexical_or_compound	secure_reviewed_alignment	high
wts_1_34	1236	7	2	སང	san	saṅ	pre_coda_structural_unit	ས	sa	pre_coda_stem	reviewed_tibetan_exact_final_ng_source_compatible	source	historical_source	unaffected_feature_from_reviewed_source	ordinary_tibetan_lexical_or_compound	secure_reviewed_alignment	medium
wts_1_34	1238	24	3	བཟང	bzan	bzaṅ	suffix_coda	ང	ṅ	token_final	reviewed_tibetan_exact_final_ng_consensus	target	reviewed	reviewed_explicit_feature_evidence	tibetan_proper_name	secure_reviewed_alignment	high
wts_1_34	1238	24	3	བཟང	bzan	bzaṅ	pre_coda_structural_unit	བཟ	bza	pre_coda_stem	reviewed_tibetan_exact_final_ng_consensus	source	historical_source	unaffected_feature_from_reviewed_source	tibetan_proper_name	secure_reviewed_alignment	medium
wts_1_34	1239	47	2	རིང	rin	riṅ	suffix_coda	ང	ṅ	token_final	reviewed_tibetan_exact_final_ng_consensus	target	reviewed	reviewed_explicit_feature_evidence	ordinary_tibetan_lexical_or_compound	secure_reviewed_alignment	high
wts_1_34	1239	47	2	རིང	rin	riṅ	pre_coda_structural_unit	རི	ri	pre_coda_stem	reviewed_tibetan_exact_final_ng_consensus	source	historical_source	unaffected_feature_from_reviewed_source	ordinary_tibetan_lexical_or_compound	secure_reviewed_alignment	medium
wts_1_34	1239	76	2	རིང	rin	riṅ	suffix_coda	ང	ṅ	token_final	reviewed_tibetan_exact_final_ng_consensus	target	reviewed	reviewed_explicit_feature_evidence	ordinary_tibetan_lexical_or_compound	secure_reviewed_alignment	high
wts_1_34	1239	76	2	རིང	rin	riṅ	pre_coda_structural_unit	རི	ri	pre_coda_stem	reviewed_tibetan_exact_final_ng_consensus	source	historical_source	unaffected_feature_from_reviewed_source	ordinary_tibetan_lexical_or_compound	secure_reviewed_alignment	medium
wts_1_34	1244	43	2	ཁང	khan	khaṅ	suffix_coda	ང	ṅ	token_final	reviewed_tibetan_exact_final_ng_consensus	target	reviewed	reviewed_explicit_feature_evidence	ordinary_tibetan_lexical_or_compound	secure_reviewed_alignment	high
wts_1_34	1244	43	2	ཁང	khan	khaṅ	pre_coda_structural_unit	ཁ	kha	pre_coda_stem	reviewed_tibetan_exact_final_ng_consensus	source	historical_source	unaffected_feature_from_reviewed_source	ordinary_tibetan_lexical_or_compound	secure_reviewed_alignment	medium
wts_1_34	1247	42	3	ཐང	than	thaṅ	suffix_coda	ང	ṅ	token_final	reviewed_tibetan_exact_final_ng_consensus	target	reviewed	reviewed_explicit_feature_evidence	tibetan_proper_name	secure_reviewed_alignment	high
wts_1_34	1247	42	3	ཐང	than	thaṅ	pre_coda_structural_unit	ཐ	tha	pre_coda_stem	reviewed_tibetan_exact_final_ng_consensus	source	historical_source	unaffected_feature_from_reviewed_source	tibetan_proper_name	secure_reviewed_alignment	medium
wts_1_34	1251	49	1	དོང	don	doṅ	suffix_coda			token_final	reviewed_tibetan_exact_final_ng_consensus	target	reviewed	role_unresolved	ordinary_tibetan_lexical_or_compound	secure_reviewed_alignment	none
wts_1_34	1252	54	1	དོང	don	doṅ	suffix_coda			token_final	reviewed_tibetan_exact_final_ng_consensus	target	reviewed	role_unresolved	ordinary_tibetan_lexical_or_compound	secure_reviewed_alignment	none
wts_1_34	1252	93	1	དོང	don	doṅ	suffix_coda			token_final	reviewed_tibetan_exact_final_ng_consensus	target	reviewed	role_unresolved	ordinary_tibetan_lexical_or_compound	secure_reviewed_alignment	none
wts_1_34	1253	1	1	དོང	don	doṅ	suffix_coda			token_final	reviewed_tibetan_exact_final_ng_consensus	target	reviewed	role_unresolved	ordinary_tibetan_lexical_or_compound	secure_reviewed_alignment	none
wts_1_34	1253	14	1	དོང	don	doṅ	suffix_coda			token_final	reviewed_tibetan_exact_final_ng_consensus	target	reviewed	role_unresolved	ordinary_tibetan_lexical_or_compound	secure_reviewed_alignment	none
wts_1_34	1253	28	1	དོང	don	doṅ	suffix_coda			token_final	reviewed_tibetan_exact_final_ng_consensus	target	reviewed	role_unresolved	ordinary_tibetan_lexical_or_compound	secure_reviewed_alignment	none
wts_1_34	1253	34	1	དོང	don	doṅ	suffix_coda			token_final	reviewed_tibetan_exact_final_ng_consensus	target	reviewed	role_unresolved	ordinary_tibetan_lexical_or_compound	secure_reviewed_alignment	none
wts_1_34	1253	36	1	དོང	don	doṅ	suffix_coda			token_final	reviewed_tibetan_exact_final_ng_consensus	target	reviewed	role_unresolved	ordinary_tibetan_lexical_or_compound	secure_reviewed_alignment	none
wts_1_34	1253	41	1	དོང	don	doṅ	suffix_coda			token_final	reviewed_tibetan_exact_final_ng_consensus	target	reviewed	role_unresolved	ordinary_tibetan_lexical_or_compound	secure_reviewed_alignment	none
wts_1_34	1253	63	1	དོང	don	doṅ	suffix_coda			token_final	reviewed_tibetan_exact_final_ng_consensus	target	reviewed	role_unresolved	ordinary_tibetan_lexical_or_compound	secure_reviewed_alignment	none
wts_1_34	1253	88	1	དོང	don	doṅ	suffix_coda			token_final	reviewed_tibetan_exact_final_ng_consensus	target	reviewed	role_unresolved	ordinary_tibetan_lexical_or_compound	secure_reviewed_alignment	none
wts_1_34	1253	90	1	དོང	don	doṅ	suffix_coda			token_final	reviewed_tibetan_exact_final_ng_consensus	target	reviewed	role_unresolved	ordinary_tibetan_lexical_or_compound	secure_reviewed_alignment	none
wts_1_34	1253	100	1	དོང	don	doṅ	suffix_coda			token_final	reviewed_tibetan_exact_final_ng_consensus	target	reviewed	role_unresolved	ordinary_tibetan_lexical_or_compound	secure_reviewed_alignment	none
wts_1_34	1254	1	1	དོང	don	doṅ	suffix_coda			token_final	reviewed_tibetan_exact_final_ng_consensus	target	reviewed	role_unresolved	ordinary_tibetan_lexical_or_compound	secure_reviewed_alignment	none
wts_1_34	1254	33	1	དོང	don	doṅ	suffix_coda			token_final	reviewed_tibetan_exact_final_ng_consensus	target	reviewed	role_unresolved	ordinary_tibetan_lexical_or_compound	secure_reviewed_alignment	none
wts_1_34	1262	60	2	ལྔ	Ina	lṅa	unsegmented_structural_unit	ལྔ	□□a	unaffected_span_support	reviewed_tibetan_exact_initial_i_l_family	source	historical_source	unaffected_feature_from_reviewed_source	ordinary_tibetan_lexical_or_compound	secure_reviewed_alignment	medium
wts_1_34	1262	68	2	ལྔ	Ina	lṅa	unsegmented_structural_unit	ལྔ	□□a	unaffected_span_support	reviewed_tibetan_exact_initial_i_l_family	source	historical_source	unaffected_feature_from_reviewed_source	ordinary_tibetan_lexical_or_compound	secure_reviewed_alignment	medium
wts_1_34	1263	71	2	སྟོང	ston	stoṅ	suffix_coda	ང	ṅ	token_final	reviewed_tibetan_exact_final_ng_consensus	target	reviewed	reviewed_explicit_feature_evidence	ordinary_tibetan_lexical_or_compound	secure_reviewed_alignment	high
wts_1_34	1263	71	2	སྟོང	ston	stoṅ	pre_coda_structural_unit	སྟོ	sto	pre_coda_stem	reviewed_tibetan_exact_final_ng_consensus	source	historical_source	unaffected_feature_from_reviewed_source	ordinary_tibetan_lexical_or_compound	secure_reviewed_alignment	medium
wts_1_34	1265	1	4	སྟོང	ston	stoṅ	suffix_coda	ང	ṅ	token_final	reviewed_tibetan_exact_final_ng_consensus	target	reviewed	reviewed_explicit_feature_evidence	ordinary_tibetan_lexical_or_compound	secure_reviewed_alignment	high
wts_1_34	1265	1	4	སྟོང	ston	stoṅ	pre_coda_structural_unit	སྟོ	sto	pre_coda_stem	reviewed_tibetan_exact_final_ng_consensus	source	historical_source	unaffected_feature_from_reviewed_source	ordinary_tibetan_lexical_or_compound	secure_reviewed_alignment	medium
wts_1_34	1265	66	4	སྟོང	ston	stoṅ	suffix_coda	ང	ṅ	token_final	reviewed_tibetan_exact_final_ng_consensus	target	reviewed	reviewed_explicit_feature_evidence	ordinary_tibetan_lexical_or_compound	secure_reviewed_alignment	high
wts_1_34	1265	66	4	སྟོང	ston	stoṅ	pre_coda_structural_unit	སྟོ	sto	pre_coda_stem	reviewed_tibetan_exact_final_ng_consensus	source	historical_source	unaffected_feature_from_reviewed_source	ordinary_tibetan_lexical_or_compound	secure_reviewed_alignment	medium
wts_1_34	1270	22	2	མང	man	maṅ	suffix_coda			token_final	reviewed_tibetan_exact_final_ng_consensus	target	reviewed	role_unresolved	ordinary_tibetan_lexical_or_compound	secure_reviewed_alignment	none
wts_1_34	1271	62	2	ཚང	tshan	tshaṅ	suffix_coda	ང	ṅ	token_final	reviewed_tibetan_exact_final_ng_consensus	target	reviewed	reviewed_explicit_feature_evidence	ordinary_tibetan_lexical_or_compound	secure_reviewed_alignment	high
wts_1_34	1271	62	2	ཚང	tshan	tshaṅ	pre_coda_structural_unit	ཚ	tsha	pre_coda_stem	reviewed_tibetan_exact_final_ng_consensus	source	historical_source	unaffected_feature_from_reviewed_source	ordinary_tibetan_lexical_or_compound	secure_reviewed_alignment	medium
wts_1_34	1272	48	2	བཟང	bzan	bzaṅ	suffix_coda	ང	ṅ	token_final	reviewed_tibetan_exact_final_ng_consensus	target	reviewed	reviewed_explicit_feature_evidence	ordinary_tibetan_lexical_or_compound	secure_reviewed_alignment	high
wts_1_34	1272	48	2	བཟང	bzan	bzaṅ	pre_coda_structural_unit	བཟ	bza	pre_coda_stem	reviewed_tibetan_exact_final_ng_consensus	source	historical_source	unaffected_feature_from_reviewed_source	ordinary_tibetan_lexical_or_compound	secure_reviewed_alignment	medium
wts_1_34	1272	53	3	མཐོང	mthon	mthoṅ	suffix_coda	ང	ṅ	token_final	reviewed_tibetan_exact_final_ng_consensus	target	reviewed	reviewed_explicit_feature_evidence	ordinary_tibetan_lexical_or_compound	secure_reviewed_alignment	high
wts_1_34	1272	53	3	མཐོང	mthon	mthoṅ	pre_coda_structural_unit	མཐོ	mtho	pre_coda_stem	reviewed_tibetan_exact_final_ng_consensus	source	historical_source	unaffected_feature_from_reviewed_source	ordinary_tibetan_lexical_or_compound	secure_reviewed_alignment	medium
wts_1_34	1272	100	3	མཐོང	mthon	mthoṅ	suffix_coda	ང	ṅ	token_final	reviewed_tibetan_exact_final_ng_consensus	target	reviewed	reviewed_explicit_feature_evidence	ordinary_tibetan_lexical_or_compound	secure_reviewed_alignment	high
wts_1_34	1272	100	3	མཐོང	mthon	mthoṅ	pre_coda_structural_unit	མཐོ	mtho	pre_coda_stem	reviewed_tibetan_exact_final_ng_consensus	source	historical_source	unaffected_feature_from_reviewed_source	ordinary_tibetan_lexical_or_compound	secure_reviewed_alignment	medium
wts_1_34	1275	1	3	གླང	glan	glaṅ	suffix_coda	ང	ṅ	token_final	reviewed_tibetan_exact_final_ng_consensus	target	reviewed	reviewed_explicit_feature_evidence	ordinary_tibetan_lexical_or_compound	secure_reviewed_alignment	high
wts_1_34	1275	1	3	གླང	glan	glaṅ	pre_coda_structural_unit	གླ	gla	pre_coda_stem	reviewed_tibetan_exact_final_ng_consensus	source	historical_source	unaffected_feature_from_reviewed_source	ordinary_tibetan_lexical_or_compound	secure_reviewed_alignment	medium
wts_1_34	1275	9	2	གདོང	gdon	gdoṅ	suffix_coda	ང	ṅ	token_final	reviewed_tibetan_exact_final_ng_consensus	target	reviewed	reviewed_explicit_feature_evidence	tibetan_proper_name	secure_reviewed_alignment	high
wts_1_34	1275	9	2	གདོང	gdon	gdoṅ	pre_coda_structural_unit	གདོ	gdo	pre_coda_stem	reviewed_tibetan_exact_final_ng_consensus	source	historical_source	unaffected_feature_from_reviewed_source	tibetan_proper_name	secure_reviewed_alignment	medium
wts_1_34	1275	43	2	རྫོང	rdzon	rdzoṅ	suffix_coda	ང	ṅ	token_final	reviewed_tibetan_exact_final_ng_consensus	target	reviewed	reviewed_explicit_feature_evidence	tibetan_proper_name	secure_reviewed_alignment	high
wts_1_34	1275	43	2	རྫོང	rdzon	rdzoṅ	pre_coda_structural_unit	རྫོ	rdzo	pre_coda_stem	reviewed_tibetan_exact_final_ng_consensus	source	historical_source	unaffected_feature_from_reviewed_source	tibetan_proper_name	secure_reviewed_alignment	medium
wts_1_34	1277	13	5	སྟོང	ston	stoṅ	suffix_coda	ང	ṅ	token_final	reviewed_tibetan_exact_final_ng_consensus	target	reviewed	reviewed_explicit_feature_evidence	ordinary_tibetan_lexical_or_compound	secure_reviewed_alignment	high
wts_1_34	1277	13	5	སྟོང	ston	stoṅ	pre_coda_structural_unit	སྟོ	sto	pre_coda_stem	reviewed_tibetan_exact_final_ng_consensus	source	historical_source	unaffected_feature_from_reviewed_source	ordinary_tibetan_lexical_or_compound	secure_reviewed_alignment	medium
wts_1_34	1277	57	2	ཐུང	thun	thuṅ	suffix_coda	ང	ṅ	token_final	reviewed_tibetan_exact_final_ng_consensus	target	reviewed	reviewed_explicit_feature_evidence	ordinary_tibetan_lexical_or_compound	secure_reviewed_alignment	high
wts_1_34	1277	57	2	ཐུང	thun	thuṅ	pre_coda_structural_unit	ཐུ	thu	pre_coda_stem	reviewed_tibetan_exact_final_ng_consensus	source	historical_source	unaffected_feature_from_reviewed_source	ordinary_tibetan_lexical_or_compound	secure_reviewed_alignment	medium
wts_1_34	1282	30	2	རྫོང	rdzon	rdzoṅ	suffix_coda	ང	ṅ	token_final	reviewed_tibetan_exact_final_ng_consensus	target	reviewed	reviewed_explicit_feature_evidence	tibetan_proper_name	secure_reviewed_alignment	high
wts_1_34	1282	30	2	རྫོང	rdzon	rdzoṅ	pre_coda_structural_unit	རྫོ	rdzo	pre_coda_stem	reviewed_tibetan_exact_final_ng_consensus	source	historical_source	unaffected_feature_from_reviewed_source	tibetan_proper_name	secure_reviewed_alignment	medium
wts_1_34	1287	32	2	སང	san	saṅ	suffix_coda	ང	ṅ	token_final	reviewed_tibetan_exact_final_ng_source_compatible	target	reviewed	reviewed_explicit_feature_evidence	ordinary_tibetan_lexical_or_compound	secure_reviewed_alignment	high
wts_1_34	1287	32	2	སང	san	saṅ	pre_coda_structural_unit	ས	sa	pre_coda_stem	reviewed_tibetan_exact_final_ng_source_compatible	source	historical_source	unaffected_feature_from_reviewed_source	ordinary_tibetan_lexical_or_compound	secure_reviewed_alignment	medium
wts_1_34	1289	77	3	རྐང	rkan	rkaṅ	suffix_coda	ང	ṅ	token_final	reviewed_tibetan_exact_final_ng_consensus	target	reviewed	reviewed_explicit_feature_evidence	ordinary_tibetan_lexical_or_compound	secure_reviewed_alignment	high
wts_1_34	1289	77	3	རྐང	rkan	rkaṅ	pre_coda_structural_unit	རྐ	rka	pre_coda_stem	reviewed_tibetan_exact_final_ng_consensus	source	historical_source	unaffected_feature_from_reviewed_source	ordinary_tibetan_lexical_or_compound	secure_reviewed_alignment	medium
wts_1_34	1291	69	2	ཅིང	cin	ciṅ	suffix_coda	ང	ṅ	token_final	reviewed_tibetan_exact_final_ng_consensus	target	reviewed	reviewed_explicit_feature_evidence	ordinary_tibetan_lexical_or_compound	secure_reviewed_alignment	high
wts_1_34	1291	69	2	ཅིང	cin	ciṅ	pre_coda_structural_unit	ཅི	ci	pre_coda_stem	reviewed_tibetan_exact_final_ng_consensus	source	historical_source	unaffected_feature_from_reviewed_source	ordinary_tibetan_lexical_or_compound	secure_reviewed_alignment	medium
wts_1_34	1294	1	3	གླིང	glin	gliṅ	suffix_coda	ང	ṅ	token_final	reviewed_tibetan_exact_final_ng_consensus	target	reviewed	reviewed_explicit_feature_evidence	ordinary_tibetan_lexical_or_compound	secure_reviewed_alignment	high
wts_1_34	1294	1	3	གླིང	glin	gliṅ	pre_coda_structural_unit	གླི	gli	pre_coda_stem	reviewed_tibetan_exact_final_ng_consensus	source	historical_source	unaffected_feature_from_reviewed_source	ordinary_tibetan_lexical_or_compound	secure_reviewed_alignment	medium
wts_1_34	1294	9	3	གླིང	glin	gliṅ	suffix_coda	ང	ṅ	token_final	reviewed_tibetan_exact_final_ng_consensus	target	reviewed	reviewed_explicit_feature_evidence	ordinary_tibetan_lexical_or_compound	secure_reviewed_alignment	high
wts_1_34	1294	9	3	གླིང	glin	gliṅ	pre_coda_structural_unit	གླི	gli	pre_coda_stem	reviewed_tibetan_exact_final_ng_consensus	source	historical_source	unaffected_feature_from_reviewed_source	ordinary_tibetan_lexical_or_compound	secure_reviewed_alignment	medium
wts_1_34	1294	70	2	དཔུང	dpun	dpuṅ	suffix_coda	ང	ṅ	token_final	reviewed_tibetan_exact_final_ng_consensus	target	reviewed	reviewed_explicit_feature_evidence	ordinary_tibetan_lexical_or_compound	secure_reviewed_alignment	high
wts_1_34	1294	70	2	དཔུང	dpun	dpuṅ	pre_coda_structural_unit	དཔུ	dpu	pre_coda_stem	reviewed_tibetan_exact_final_ng_consensus	source	historical_source	unaffected_feature_from_reviewed_source	ordinary_tibetan_lexical_or_compound	secure_reviewed_alignment	medium
wts_1_34	1297	12	1	དྲང	dran	draṅ	suffix_coda	ང	ṅ	token_final	reviewed_tibetan_exact_final_ng_historical_witness	target	reviewed	reviewed_explicit_feature_evidence	ordinary_tibetan_lexical_or_compound	secure_reviewed_alignment	high
wts_1_34	1297	12	1	དྲང	dran	draṅ	pre_coda_structural_unit	དྲ	dra	pre_coda_stem	reviewed_tibetan_exact_final_ng_historical_witness	source	historical_source	unaffected_feature_from_reviewed_source	ordinary_tibetan_lexical_or_compound	secure_reviewed_alignment	medium
wts_1_34	1298	1	1	དྲང	dran	draṅ	suffix_coda	ང	ṅ	token_final	reviewed_tibetan_exact_final_ng_historical_witness	target	reviewed	reviewed_explicit_feature_evidence	ordinary_tibetan_lexical_or_compound	secure_reviewed_alignment	high
wts_1_34	1298	1	1	དྲང	dran	draṅ	pre_coda_structural_unit	དྲ	dra	pre_coda_stem	reviewed_tibetan_exact_final_ng_historical_witness	source	historical_source	unaffected_feature_from_reviewed_source	ordinary_tibetan_lexical_or_compound	secure_reviewed_alignment	medium
wts_1_34	1298	22	1	དྲང	dran	draṅ	suffix_coda	ང	ṅ	token_final	reviewed_tibetan_exact_final_ng_historical_witness	target	reviewed	reviewed_explicit_feature_evidence	ordinary_tibetan_lexical_or_compound	secure_reviewed_alignment	high
wts_1_34	1298	22	1	དྲང	dran	draṅ	pre_coda_structural_unit	དྲ	dra	pre_coda_stem	reviewed_tibetan_exact_final_ng_historical_witness	source	historical_source	unaffected_feature_from_reviewed_source	ordinary_tibetan_lexical_or_compound	secure_reviewed_alignment	medium
wts_1_34	1298	30	1	དྲང	dran	draṅ	suffix_coda	ང	ṅ	token_final	reviewed_tibetan_exact_final_ng_historical_witness	target	reviewed	reviewed_explicit_feature_evidence	ordinary_tibetan_lexical_or_compound	secure_reviewed_alignment	high
wts_1_34	1298	30	1	དྲང	dran	draṅ	pre_coda_structural_unit	དྲ	dra	pre_coda_stem	reviewed_tibetan_exact_final_ng_historical_witness	source	historical_source	unaffected_feature_from_reviewed_source	ordinary_tibetan_lexical_or_compound	secure_reviewed_alignment	medium
wts_1_34	1298	33	1	དྲང	dran	draṅ	suffix_coda	ང	ṅ	token_final	reviewed_tibetan_exact_final_ng_historical_witness	target	reviewed	reviewed_explicit_feature_evidence	ordinary_tibetan_lexical_or_compound	secure_reviewed_alignment	high
wts_1_34	1298	33	1	དྲང	dran	draṅ	pre_coda_structural_unit	དྲ	dra	pre_coda_stem	reviewed_tibetan_exact_final_ng_historical_witness	source	historical_source	unaffected_feature_from_reviewed_source	ordinary_tibetan_lexical_or_compound	secure_reviewed_alignment	medium
wts_1_34	1298	38	1	དྲང	dran	draṅ	suffix_coda	ང	ṅ	token_final	reviewed_tibetan_exact_final_ng_historical_witness	target	reviewed	reviewed_explicit_feature_evidence	ordinary_tibetan_lexical_or_compound	secure_reviewed_alignment	high
wts_1_34	1298	38	1	དྲང	dran	draṅ	pre_coda_structural_unit	དྲ	dra	pre_coda_stem	reviewed_tibetan_exact_final_ng_historical_witness	source	historical_source	unaffected_feature_from_reviewed_source	ordinary_tibetan_lexical_or_compound	secure_reviewed_alignment	medium
wts_1_34	1298	44	1	དྲང	dran	draṅ	suffix_coda	ང	ṅ	token_final	reviewed_tibetan_exact_final_ng_historical_witness	target	reviewed	reviewed_explicit_feature_evidence	ordinary_tibetan_lexical_or_compound	secure_reviewed_alignment	high
wts_1_34	1298	44	1	དྲང	dran	draṅ	pre_coda_structural_unit	དྲ	dra	pre_coda_stem	reviewed_tibetan_exact_final_ng_historical_witness	source	historical_source	unaffected_feature_from_reviewed_source	ordinary_tibetan_lexical_or_compound	secure_reviewed_alignment	medium
wts_1_34	1298	51	1	དྲང	dran	draṅ	suffix_coda	ང	ṅ	token_final	reviewed_tibetan_exact_final_ng_historical_witness	target	reviewed	reviewed_explicit_feature_evidence	ordinary_tibetan_lexical_or_compound	secure_reviewed_alignment	high
wts_1_34	1298	51	1	དྲང	dran	draṅ	pre_coda_structural_unit	དྲ	dra	pre_coda_stem	reviewed_tibetan_exact_final_ng_historical_witness	source	historical_source	unaffected_feature_from_reviewed_source	ordinary_tibetan_lexical_or_compound	secure_reviewed_alignment	medium
wts_1_34	1298	53	1	དྲང	dran	draṅ	suffix_coda	ང	ṅ	token_final	reviewed_tibetan_exact_final_ng_historical_witness	target	reviewed	reviewed_explicit_feature_evidence	ordinary_tibetan_lexical_or_compound	secure_reviewed_alignment	high
wts_1_34	1298	53	1	དྲང	dran	draṅ	pre_coda_structural_unit	དྲ	dra	pre_coda_stem	reviewed_tibetan_exact_final_ng_historical_witness	source	historical_source	unaffected_feature_from_reviewed_source	ordinary_tibetan_lexical_or_compound	secure_reviewed_alignment	medium
wts_1_34	1298	59	1	དྲང	dran	draṅ	suffix_coda	ང	ṅ	token_final	reviewed_tibetan_exact_final_ng_historical_witness	target	reviewed	reviewed_explicit_feature_evidence	ordinary_tibetan_lexical_or_compound	secure_reviewed_alignment	high
wts_1_34	1298	59	1	དྲང	dran	draṅ	pre_coda_structural_unit	དྲ	dra	pre_coda_stem	reviewed_tibetan_exact_final_ng_historical_witness	source	historical_source	unaffected_feature_from_reviewed_source	ordinary_tibetan_lexical_or_compound	secure_reviewed_alignment	medium
wts_1_34	1298	64	1	དྲང	dran	draṅ	suffix_coda	ང	ṅ	token_final	reviewed_tibetan_exact_final_ng_historical_witness	target	reviewed	reviewed_explicit_feature_evidence	ordinary_tibetan_lexical_or_compound	secure_reviewed_alignment	high
wts_1_34	1298	64	1	དྲང	dran	draṅ	pre_coda_structural_unit	དྲ	dra	pre_coda_stem	reviewed_tibetan_exact_final_ng_historical_witness	source	historical_source	unaffected_feature_from_reviewed_source	ordinary_tibetan_lexical_or_compound	secure_reviewed_alignment	medium
wts_1_34	1298	74	1	དྲང	dran	draṅ	suffix_coda	ང	ṅ	token_final	reviewed_tibetan_exact_final_ng_historical_witness	target	reviewed	reviewed_explicit_feature_evidence	ordinary_tibetan_lexical_or_compound	secure_reviewed_alignment	high
wts_1_34	1298	74	1	དྲང	dran	draṅ	pre_coda_structural_unit	དྲ	dra	pre_coda_stem	reviewed_tibetan_exact_final_ng_historical_witness	source	historical_source	unaffected_feature_from_reviewed_source	ordinary_tibetan_lexical_or_compound	secure_reviewed_alignment	medium
wts_1_34	1298	81	1	དྲང	dran	draṅ	suffix_coda	ང	ṅ	token_final	reviewed_tibetan_exact_final_ng_historical_witness	target	reviewed	reviewed_explicit_feature_evidence	ordinary_tibetan_lexical_or_compound	secure_reviewed_alignment	high
wts_1_34	1298	81	1	དྲང	dran	draṅ	pre_coda_structural_unit	དྲ	dra	pre_coda_stem	reviewed_tibetan_exact_final_ng_historical_witness	source	historical_source	unaffected_feature_from_reviewed_source	ordinary_tibetan_lexical_or_compound	secure_reviewed_alignment	medium
wts_1_34	1299	1	1	དྲང	dran	draṅ	suffix_coda	ང	ṅ	token_final	reviewed_tibetan_exact_final_ng_historical_witness	target	reviewed	reviewed_explicit_feature_evidence	ordinary_tibetan_lexical_or_compound	secure_reviewed_alignment	high
wts_1_34	1299	1	1	དྲང	dran	draṅ	pre_coda_structural_unit	དྲ	dra	pre_coda_stem	reviewed_tibetan_exact_final_ng_historical_witness	source	historical_source	unaffected_feature_from_reviewed_source	ordinary_tibetan_lexical_or_compound	secure_reviewed_alignment	medium
wts_1_34	1299	10	1	དྲང	dran	draṅ	suffix_coda	ང	ṅ	token_final	reviewed_tibetan_exact_final_ng_historical_witness	target	reviewed	reviewed_explicit_feature_evidence	ordinary_tibetan_lexical_or_compound	secure_reviewed_alignment	high
wts_1_34	1299	10	1	དྲང	dran	draṅ	pre_coda_structural_unit	དྲ	dra	pre_coda_stem	reviewed_tibetan_exact_final_ng_historical_witness	source	historical_source	unaffected_feature_from_reviewed_source	ordinary_tibetan_lexical_or_compound	secure_reviewed_alignment	medium
wts_1_34	1299	21	1	དྲང	dran	draṅ	suffix_coda	ང	ṅ	token_final	reviewed_tibetan_exact_final_ng_historical_witness	target	reviewed	reviewed_explicit_feature_evidence	ordinary_tibetan_lexical_or_compound	secure_reviewed_alignment	high
wts_1_34	1299	21	1	དྲང	dran	draṅ	pre_coda_structural_unit	དྲ	dra	pre_coda_stem	reviewed_tibetan_exact_final_ng_historical_witness	source	historical_source	unaffected_feature_from_reviewed_source	ordinary_tibetan_lexical_or_compound	secure_reviewed_alignment	medium
wts_1_34	1299	53	1	དྲང	dran	draṅ	suffix_coda	ང	ṅ	token_final	reviewed_tibetan_exact_final_ng_historical_witness	target	reviewed	reviewed_explicit_feature_evidence	ordinary_tibetan_lexical_or_compound	secure_reviewed_alignment	high
wts_1_34	1299	53	1	དྲང	dran	draṅ	pre_coda_structural_unit	དྲ	dra	pre_coda_stem	reviewed_tibetan_exact_final_ng_historical_witness	source	historical_source	unaffected_feature_from_reviewed_source	ordinary_tibetan_lexical_or_compound	secure_reviewed_alignment	medium
wts_1_34	1300	1	1	དྲང	dran	draṅ	suffix_coda	ང	ṅ	token_final	reviewed_tibetan_exact_final_ng_historical_witness	target	reviewed	reviewed_explicit_feature_evidence	ordinary_tibetan_lexical_or_compound	secure_reviewed_alignment	high
wts_1_34	1300	1	1	དྲང	dran	draṅ	pre_coda_structural_unit	དྲ	dra	pre_coda_stem	reviewed_tibetan_exact_final_ng_historical_witness	source	historical_source	unaffected_feature_from_reviewed_source	ordinary_tibetan_lexical_or_compound	secure_reviewed_alignment	medium
wts_1_34	1300	22	1	དྲང	dran	draṅ	suffix_coda	ང	ṅ	token_final	reviewed_tibetan_exact_final_ng_historical_witness	target	reviewed	reviewed_explicit_feature_evidence	ordinary_tibetan_lexical_or_compound	secure_reviewed_alignment	high
wts_1_34	1300	22	1	དྲང	dran	draṅ	pre_coda_structural_unit	དྲ	dra	pre_coda_stem	reviewed_tibetan_exact_final_ng_historical_witness	source	historical_source	unaffected_feature_from_reviewed_source	ordinary_tibetan_lexical_or_compound	secure_reviewed_alignment	medium
wts_1_34	1300	33	1	དྲང	dran	draṅ	suffix_coda	ང	ṅ	token_final	reviewed_tibetan_exact_final_ng_historical_witness	target	reviewed	reviewed_explicit_feature_evidence	ordinary_tibetan_lexical_or_compound	secure_reviewed_alignment	high
wts_1_34	1300	33	1	དྲང	dran	draṅ	pre_coda_structural_unit	དྲ	dra	pre_coda_stem	reviewed_tibetan_exact_final_ng_historical_witness	source	historical_source	unaffected_feature_from_reviewed_source	ordinary_tibetan_lexical_or_compound	secure_reviewed_alignment	medium
wts_1_34	1300	35	1	དྲང	dran	draṅ	suffix_coda	ང	ṅ	token_final	reviewed_tibetan_exact_final_ng_historical_witness	target	reviewed	reviewed_explicit_feature_evidence	tibetan_proper_name	secure_reviewed_alignment	high
wts_1_34	1300	35	1	དྲང	dran	draṅ	pre_coda_structural_unit	དྲ	dra	pre_coda_stem	reviewed_tibetan_exact_final_ng_historical_witness	source	historical_source	unaffected_feature_from_reviewed_source	tibetan_proper_name	secure_reviewed_alignment	medium
wts_1_34	1300	42	1	དྲང	dran	draṅ	suffix_coda	ང	ṅ	token_final	reviewed_tibetan_exact_final_ng_historical_witness	target	reviewed	reviewed_explicit_feature_evidence	ordinary_tibetan_lexical_or_compound	secure_reviewed_alignment	high
wts_1_34	1300	42	1	དྲང	dran	draṅ	pre_coda_structural_unit	དྲ	dra	pre_coda_stem	reviewed_tibetan_exact_final_ng_historical_witness	source	historical_source	unaffected_feature_from_reviewed_source	ordinary_tibetan_lexical_or_compound	secure_reviewed_alignment	medium
wts_1_34	1300	48	1	དྲང	dran	draṅ	suffix_coda	ང	ṅ	token_final	reviewed_tibetan_exact_final_ng_historical_witness	target	reviewed	reviewed_explicit_feature_evidence	ordinary_tibetan_lexical_or_compound	secure_reviewed_alignment	high
wts_1_34	1300	48	1	དྲང	dran	draṅ	pre_coda_structural_unit	དྲ	dra	pre_coda_stem	reviewed_tibetan_exact_final_ng_historical_witness	source	historical_source	unaffected_feature_from_reviewed_source	ordinary_tibetan_lexical_or_compound	secure_reviewed_alignment	medium
wts_1_34	1300	48	2	ཤིང	Sin	Siṅ	suffix_coda	ང	ṅ	token_final	reviewed_tibetan_exact_final_ng_source_compatible	target	reviewed	reviewed_explicit_feature_evidence	ordinary_tibetan_lexical_or_compound	secure_reviewed_alignment	high
wts_1_34	1300	48	2	ཤིང	Sin	Siṅ	pre_coda_structural_unit	ཤི	Si	pre_coda_stem	reviewed_tibetan_exact_final_ng_source_compatible	source	historical_source	unaffected_feature_from_reviewed_source	ordinary_tibetan_lexical_or_compound	secure_reviewed_alignment	medium
wts_1_34	1300	54	1	དྲང	dran	draṅ	suffix_coda	ང	ṅ	token_final	reviewed_tibetan_exact_final_ng_historical_witness	target	reviewed	reviewed_explicit_feature_evidence	ordinary_tibetan_lexical_or_compound	secure_reviewed_alignment	high
wts_1_34	1300	54	1	དྲང	dran	draṅ	pre_coda_structural_unit	དྲ	dra	pre_coda_stem	reviewed_tibetan_exact_final_ng_historical_witness	source	historical_source	unaffected_feature_from_reviewed_source	ordinary_tibetan_lexical_or_compound	secure_reviewed_alignment	medium
wts_1_34	1300	54	2	སྲོང	sron	sroṅ	suffix_coda	ང	ṅ	token_final	reviewed_tibetan_exact_final_ng_historical_witness	target	reviewed	reviewed_explicit_feature_evidence	ordinary_tibetan_lexical_or_compound	secure_reviewed_alignment	high
wts_1_34	1300	54	2	སྲོང	sron	sroṅ	pre_coda_structural_unit	སྲོ	sro	pre_coda_stem	reviewed_tibetan_exact_final_ng_historical_witness	source	historical_source	unaffected_feature_from_reviewed_source	ordinary_tibetan_lexical_or_compound	secure_reviewed_alignment	medium
wts_1_34	1300	56	1	དྲང	dran	draṅ	suffix_coda	ང	ṅ	token_final	reviewed_tibetan_exact_final_ng_historical_witness	target	reviewed	reviewed_explicit_feature_evidence	ordinary_tibetan_lexical_or_compound	secure_reviewed_alignment	high
wts_1_34	1300	56	1	དྲང	dran	draṅ	pre_coda_structural_unit	དྲ	dra	pre_coda_stem	reviewed_tibetan_exact_final_ng_historical_witness	source	historical_source	unaffected_feature_from_reviewed_source	ordinary_tibetan_lexical_or_compound	secure_reviewed_alignment	medium
wts_1_34	1300	56	2	སེང	sen	seṅ	suffix_coda	ང	ṅ	token_final	reviewed_tibetan_exact_final_ng_consensus	target	reviewed	reviewed_explicit_feature_evidence	ordinary_tibetan_lexical_or_compound	secure_reviewed_alignment	high
wts_1_34	1300	56	2	སེང	sen	seṅ	pre_coda_structural_unit	སེ	se	pre_coda_stem	reviewed_tibetan_exact_final_ng_consensus	source	historical_source	unaffected_feature_from_reviewed_source	ordinary_tibetan_lexical_or_compound	secure_reviewed_alignment	medium
wts_1_34	1300	63	1	དྲང	dran	draṅ	suffix_coda	ང	ṅ	token_final	reviewed_tibetan_exact_final_ng_historical_witness	target	reviewed	reviewed_explicit_feature_evidence	ordinary_tibetan_lexical_or_compound	secure_reviewed_alignment	high
wts_1_34	1300	63	1	དྲང	dran	draṅ	pre_coda_structural_unit	དྲ	dra	pre_coda_stem	reviewed_tibetan_exact_final_ng_historical_witness	source	historical_source	unaffected_feature_from_reviewed_source	ordinary_tibetan_lexical_or_compound	secure_reviewed_alignment	medium
wts_1_34	1300	63	2	སྲོང	sron	sroṅ	suffix_coda	ང	ṅ	token_final	reviewed_tibetan_exact_final_ng_historical_witness	target	reviewed	reviewed_explicit_feature_evidence	ordinary_tibetan_lexical_or_compound	secure_reviewed_alignment	high
wts_1_34	1300	63	2	སྲོང	sron	sroṅ	pre_coda_structural_unit	སྲོ	sro	pre_coda_stem	reviewed_tibetan_exact_final_ng_historical_witness	source	historical_source	unaffected_feature_from_reviewed_source	ordinary_tibetan_lexical_or_compound	secure_reviewed_alignment	medium
wts_1_34	1301	1	1	དྲང	dran	draṅ	suffix_coda	ང	ṅ	token_final	reviewed_tibetan_exact_final_ng_historical_witness	target	reviewed	reviewed_explicit_feature_evidence	ordinary_tibetan_lexical_or_compound	secure_reviewed_alignment	high
wts_1_34	1301	1	1	དྲང	dran	draṅ	pre_coda_structural_unit	དྲ	dra	pre_coda_stem	reviewed_tibetan_exact_final_ng_historical_witness	source	historical_source	unaffected_feature_from_reviewed_source	ordinary_tibetan_lexical_or_compound	secure_reviewed_alignment	medium
wts_1_34	1301	1	2	སྲོང	sron	sroṅ	suffix_coda	ང	ṅ	token_final	reviewed_tibetan_exact_final_ng_historical_witness	target	reviewed	reviewed_explicit_feature_evidence	ordinary_tibetan_lexical_or_compound	secure_reviewed_alignment	high
wts_1_34	1301	1	2	སྲོང	sron	sroṅ	pre_coda_structural_unit	སྲོ	sro	pre_coda_stem	reviewed_tibetan_exact_final_ng_historical_witness	source	historical_source	unaffected_feature_from_reviewed_source	ordinary_tibetan_lexical_or_compound	secure_reviewed_alignment	medium
wts_1_34	1302	1	1	དྲང	dran	draṅ	suffix_coda	ང	ṅ	token_final	reviewed_tibetan_exact_final_ng_historical_witness	target	reviewed	reviewed_explicit_feature_evidence	ordinary_tibetan_lexical_or_compound	secure_reviewed_alignment	high
wts_1_34	1302	1	1	དྲང	dran	draṅ	pre_coda_structural_unit	དྲ	dra	pre_coda_stem	reviewed_tibetan_exact_final_ng_historical_witness	source	historical_source	unaffected_feature_from_reviewed_source	ordinary_tibetan_lexical_or_compound	secure_reviewed_alignment	medium
wts_1_34	1302	1	2	སྲོང	sron	sroṅ	suffix_coda	ང	ṅ	token_final	reviewed_tibetan_exact_final_ng_historical_witness	target	reviewed	reviewed_explicit_feature_evidence	ordinary_tibetan_lexical_or_compound	secure_reviewed_alignment	high
wts_1_34	1302	1	2	སྲོང	sron	sroṅ	pre_coda_structural_unit	སྲོ	sro	pre_coda_stem	reviewed_tibetan_exact_final_ng_historical_witness	source	historical_source	unaffected_feature_from_reviewed_source	ordinary_tibetan_lexical_or_compound	secure_reviewed_alignment	medium
wts_1_34	1302	27	1	དྲང	dran	draṅ	suffix_coda	ང	ṅ	token_final	reviewed_tibetan_exact_final_ng_historical_witness	target	reviewed	reviewed_explicit_feature_evidence	ordinary_tibetan_lexical_or_compound	secure_reviewed_alignment	high
wts_1_34	1302	27	1	དྲང	dran	draṅ	pre_coda_structural_unit	དྲ	dra	pre_coda_stem	reviewed_tibetan_exact_final_ng_historical_witness	source	historical_source	unaffected_feature_from_reviewed_source	ordinary_tibetan_lexical_or_compound	secure_reviewed_alignment	medium
wts_1_34	1302	27	2	སྲོང	sron	sroṅ	suffix_coda	ང	ṅ	token_final	reviewed_tibetan_exact_final_ng_historical_witness	target	reviewed	reviewed_explicit_feature_evidence	ordinary_tibetan_lexical_or_compound	secure_reviewed_alignment	high
wts_1_34	1302	27	2	སྲོང	sron	sroṅ	pre_coda_structural_unit	སྲོ	sro	pre_coda_stem	reviewed_tibetan_exact_final_ng_historical_witness	source	historical_source	unaffected_feature_from_reviewed_source	ordinary_tibetan_lexical_or_compound	secure_reviewed_alignment	medium
wts_1_34	1302	37	1	དྲང	dran	draṅ	suffix_coda	ང	ṅ	token_final	reviewed_tibetan_exact_final_ng_historical_witness	target	reviewed	reviewed_explicit_feature_evidence	sanskrit_or_indic_transcription	secure_reviewed_alignment	high
wts_1_34	1302	37	1	དྲང	dran	draṅ	pre_coda_structural_unit	དྲ	dra	pre_coda_stem	reviewed_tibetan_exact_final_ng_historical_witness	source	historical_source	unaffected_feature_from_reviewed_source	sanskrit_or_indic_transcription	secure_reviewed_alignment	medium
wts_1_34	1302	37	2	སྲོང	sron	sroṅ	suffix_coda	ང	ṅ	token_final	reviewed_tibetan_exact_final_ng_historical_witness	target	reviewed	reviewed_explicit_feature_evidence	sanskrit_or_indic_transcription	secure_reviewed_alignment	high
wts_1_34	1302	37	2	སྲོང	sron	sroṅ	pre_coda_structural_unit	སྲོ	sro	pre_coda_stem	reviewed_tibetan_exact_final_ng_historical_witness	source	historical_source	unaffected_feature_from_reviewed_source	sanskrit_or_indic_transcription	secure_reviewed_alignment	medium
wts_1_34	1302	55	1	དྲང	dran	draṅ	suffix_coda	ང	ṅ	token_final	reviewed_tibetan_exact_final_ng_historical_witness	target	reviewed	reviewed_explicit_feature_evidence	ordinary_tibetan_lexical_or_compound	secure_reviewed_alignment	high
wts_1_34	1302	55	1	དྲང	dran	draṅ	pre_coda_structural_unit	དྲ	dra	pre_coda_stem	reviewed_tibetan_exact_final_ng_historical_witness	source	historical_source	unaffected_feature_from_reviewed_source	ordinary_tibetan_lexical_or_compound	secure_reviewed_alignment	medium
wts_1_34	1302	55	2	སྲོང	sron	sroṅ	suffix_coda	ང	ṅ	token_final	reviewed_tibetan_exact_final_ng_historical_witness	target	reviewed	reviewed_explicit_feature_evidence	ordinary_tibetan_lexical_or_compound	secure_reviewed_alignment	high
wts_1_34	1302	55	2	སྲོང	sron	sroṅ	pre_coda_structural_unit	སྲོ	sro	pre_coda_stem	reviewed_tibetan_exact_final_ng_historical_witness	source	historical_source	unaffected_feature_from_reviewed_source	ordinary_tibetan_lexical_or_compound	secure_reviewed_alignment	medium
wts_1_34	1302	57	1	དྲང	dran	draṅ	suffix_coda	ང	ṅ	token_final	reviewed_tibetan_exact_final_ng_historical_witness	target	reviewed	reviewed_explicit_feature_evidence	ordinary_tibetan_lexical_or_compound	secure_reviewed_alignment	high
wts_1_34	1302	57	1	དྲང	dran	draṅ	pre_coda_structural_unit	དྲ	dra	pre_coda_stem	reviewed_tibetan_exact_final_ng_historical_witness	source	historical_source	unaffected_feature_from_reviewed_source	ordinary_tibetan_lexical_or_compound	secure_reviewed_alignment	medium
wts_1_34	1302	57	2	སྲོང	sron	sroṅ	suffix_coda	ང	ṅ	token_final	reviewed_tibetan_exact_final_ng_historical_witness	target	reviewed	reviewed_explicit_feature_evidence	ordinary_tibetan_lexical_or_compound	secure_reviewed_alignment	high
wts_1_34	1302	57	2	སྲོང	sron	sroṅ	pre_coda_structural_unit	སྲོ	sro	pre_coda_stem	reviewed_tibetan_exact_final_ng_historical_witness	source	historical_source	unaffected_feature_from_reviewed_source	ordinary_tibetan_lexical_or_compound	secure_reviewed_alignment	medium
wts_1_34	1302	63	1	དྲང	dran	draṅ	suffix_coda	ང	ṅ	token_final	reviewed_tibetan_exact_final_ng_historical_witness	target	reviewed	reviewed_explicit_feature_evidence	ordinary_tibetan_lexical_or_compound	secure_reviewed_alignment	high
wts_1_34	1302	63	1	དྲང	dran	draṅ	pre_coda_structural_unit	དྲ	dra	pre_coda_stem	reviewed_tibetan_exact_final_ng_historical_witness	source	historical_source	unaffected_feature_from_reviewed_source	ordinary_tibetan_lexical_or_compound	secure_reviewed_alignment	medium
wts_1_34	1302	63	2	སྲོང	sron	sroṅ	suffix_coda	ང	ṅ	token_final	reviewed_tibetan_exact_final_ng_historical_witness	target	reviewed	reviewed_explicit_feature_evidence	ordinary_tibetan_lexical_or_compound	secure_reviewed_alignment	high
wts_1_34	1302	63	2	སྲོང	sron	sroṅ	pre_coda_structural_unit	སྲོ	sro	pre_coda_stem	reviewed_tibetan_exact_final_ng_historical_witness	source	historical_source	unaffected_feature_from_reviewed_source	ordinary_tibetan_lexical_or_compound	secure_reviewed_alignment	medium
wts_1_34	1302	90	1	དྲང	dran	draṅ	suffix_coda	ང	ṅ	token_final	reviewed_tibetan_exact_final_ng_historical_witness	target	reviewed	reviewed_explicit_feature_evidence	ordinary_tibetan_lexical_or_compound	secure_reviewed_alignment	high
wts_1_34	1302	90	1	དྲང	dran	draṅ	pre_coda_structural_unit	དྲ	dra	pre_coda_stem	reviewed_tibetan_exact_final_ng_historical_witness	source	historical_source	unaffected_feature_from_reviewed_source	ordinary_tibetan_lexical_or_compound	secure_reviewed_alignment	medium
wts_1_34	1302	90	2	སྲོང	sron	sroṅ	suffix_coda	ང	ṅ	token_final	reviewed_tibetan_exact_final_ng_historical_witness	target	reviewed	reviewed_explicit_feature_evidence	ordinary_tibetan_lexical_or_compound	secure_reviewed_alignment	high
wts_1_34	1302	90	2	སྲོང	sron	sroṅ	pre_coda_structural_unit	སྲོ	sro	pre_coda_stem	reviewed_tibetan_exact_final_ng_historical_witness	source	historical_source	unaffected_feature_from_reviewed_source	ordinary_tibetan_lexical_or_compound	secure_reviewed_alignment	medium
wts_1_34	1302	104	1	དྲང	dran	draṅ	suffix_coda	ང	ṅ	token_final	reviewed_tibetan_exact_final_ng_historical_witness	target	reviewed	reviewed_explicit_feature_evidence	ordinary_tibetan_lexical_or_compound	secure_reviewed_alignment	high
wts_1_34	1302	104	1	དྲང	dran	draṅ	pre_coda_structural_unit	དྲ	dra	pre_coda_stem	reviewed_tibetan_exact_final_ng_historical_witness	source	historical_source	unaffected_feature_from_reviewed_source	ordinary_tibetan_lexical_or_compound	secure_reviewed_alignment	medium
wts_1_34	1302	104	2	སྲོང	sron	sroṅ	suffix_coda	ང	ṅ	token_final	reviewed_tibetan_exact_final_ng_historical_witness	target	reviewed	reviewed_explicit_feature_evidence	ordinary_tibetan_lexical_or_compound	secure_reviewed_alignment	high
wts_1_34	1302	104	2	སྲོང	sron	sroṅ	pre_coda_structural_unit	སྲོ	sro	pre_coda_stem	reviewed_tibetan_exact_final_ng_historical_witness	source	historical_source	unaffected_feature_from_reviewed_source	ordinary_tibetan_lexical_or_compound	secure_reviewed_alignment	medium
wts_1_34	1303	1	1	དྲང	dran	draṅ	suffix_coda	ང	ṅ	token_final	reviewed_tibetan_exact_final_ng_historical_witness	target	reviewed	reviewed_explicit_feature_evidence	ordinary_tibetan_lexical_or_compound	secure_reviewed_alignment	high
wts_1_34	1303	1	1	དྲང	dran	draṅ	pre_coda_structural_unit	དྲ	dra	pre_coda_stem	reviewed_tibetan_exact_final_ng_historical_witness	source	historical_source	unaffected_feature_from_reviewed_source	ordinary_tibetan_lexical_or_compound	secure_reviewed_alignment	medium
wts_1_34	1303	1	2	སྲོང	sron	sroṅ	suffix_coda	ང	ṅ	token_final	reviewed_tibetan_exact_final_ng_historical_witness	target	reviewed	reviewed_explicit_feature_evidence	ordinary_tibetan_lexical_or_compound	secure_reviewed_alignment	high
wts_1_34	1303	1	2	སྲོང	sron	sroṅ	pre_coda_structural_unit	སྲོ	sro	pre_coda_stem	reviewed_tibetan_exact_final_ng_historical_witness	source	historical_source	unaffected_feature_from_reviewed_source	ordinary_tibetan_lexical_or_compound	secure_reviewed_alignment	medium
wts_1_34	1303	3	1	དྲང	dran	draṅ	suffix_coda	ང	ṅ	token_final	reviewed_tibetan_exact_final_ng_historical_witness	target	reviewed	reviewed_explicit_feature_evidence	ordinary_tibetan_lexical_or_compound	secure_reviewed_alignment	high
wts_1_34	1303	3	1	དྲང	dran	draṅ	pre_coda_structural_unit	དྲ	dra	pre_coda_stem	reviewed_tibetan_exact_final_ng_historical_witness	source	historical_source	unaffected_feature_from_reviewed_source	ordinary_tibetan_lexical_or_compound	secure_reviewed_alignment	medium
wts_1_34	1303	3	2	སྲོང	sron	sroṅ	suffix_coda	ང	ṅ	token_final	reviewed_tibetan_exact_final_ng_historical_witness	target	reviewed	reviewed_explicit_feature_evidence	ordinary_tibetan_lexical_or_compound	secure_reviewed_alignment	high
wts_1_34	1303	3	2	སྲོང	sron	sroṅ	pre_coda_structural_unit	སྲོ	sro	pre_coda_stem	reviewed_tibetan_exact_final_ng_historical_witness	source	historical_source	unaffected_feature_from_reviewed_source	ordinary_tibetan_lexical_or_compound	secure_reviewed_alignment	medium
wts_1_34	1303	12	1	དྲང	dran	draṅ	suffix_coda	ང	ṅ	token_final	reviewed_tibetan_exact_final_ng_historical_witness	target	reviewed	reviewed_explicit_feature_evidence	tibetan_proper_name	secure_reviewed_alignment	high
wts_1_34	1303	12	1	དྲང	dran	draṅ	pre_coda_structural_unit	དྲ	dra	pre_coda_stem	reviewed_tibetan_exact_final_ng_historical_witness	source	historical_source	unaffected_feature_from_reviewed_source	tibetan_proper_name	secure_reviewed_alignment	medium
wts_1_34	1303	12	2	སྲོང	sron	sroṅ	suffix_coda	ང	ṅ	token_final	reviewed_tibetan_exact_final_ng_historical_witness	target	reviewed	reviewed_explicit_feature_evidence	tibetan_proper_name	secure_reviewed_alignment	high
wts_1_34	1303	12	2	སྲོང	sron	sroṅ	pre_coda_structural_unit	སྲོ	sro	pre_coda_stem	reviewed_tibetan_exact_final_ng_historical_witness	source	historical_source	unaffected_feature_from_reviewed_source	tibetan_proper_name	secure_reviewed_alignment	medium
wts_1_34	1303	22	1	དྲང	dran	draṅ	suffix_coda	ང	ṅ	token_final	reviewed_tibetan_exact_final_ng_historical_witness	target	reviewed	reviewed_explicit_feature_evidence	ordinary_tibetan_lexical_or_compound	secure_reviewed_alignment	high
wts_1_34	1303	22	1	དྲང	dran	draṅ	pre_coda_structural_unit	དྲ	dra	pre_coda_stem	reviewed_tibetan_exact_final_ng_historical_witness	source	historical_source	unaffected_feature_from_reviewed_source	ordinary_tibetan_lexical_or_compound	secure_reviewed_alignment	medium
wts_1_34	1303	22	2	སྲོང	sron	sroṅ	suffix_coda	ང	ṅ	token_final	reviewed_tibetan_exact_final_ng_historical_witness	target	reviewed	reviewed_explicit_feature_evidence	ordinary_tibetan_lexical_or_compound	secure_reviewed_alignment	high
wts_1_34	1303	22	2	སྲོང	sron	sroṅ	pre_coda_structural_unit	སྲོ	sro	pre_coda_stem	reviewed_tibetan_exact_final_ng_historical_witness	source	historical_source	unaffected_feature_from_reviewed_source	ordinary_tibetan_lexical_or_compound	secure_reviewed_alignment	medium
wts_1_34	1303	22	3	ལྷུང	lhun	lhuṅ	suffix_coda	ང	ṅ	token_final	reviewed_tibetan_exact_final_ng_consensus	target	reviewed	reviewed_explicit_feature_evidence	ordinary_tibetan_lexical_or_compound	secure_reviewed_alignment	high
wts_1_34	1303	22	3	ལྷུང	lhun	lhuṅ	pre_coda_structural_unit	ལྷུ	lhu	pre_coda_stem	reviewed_tibetan_exact_final_ng_consensus	source	historical_source	unaffected_feature_from_reviewed_source	ordinary_tibetan_lexical_or_compound	secure_reviewed_alignment	medium
wts_1_34	1303	37	1	དྲང	dran	draṅ	suffix_coda	ང	ṅ	token_final	reviewed_tibetan_exact_final_ng_historical_witness	target	reviewed	reviewed_explicit_feature_evidence	ordinary_tibetan_lexical_or_compound	secure_reviewed_alignment	high
wts_1_34	1303	37	1	དྲང	dran	draṅ	pre_coda_structural_unit	དྲ	dra	pre_coda_stem	reviewed_tibetan_exact_final_ng_historical_witness	source	historical_source	unaffected_feature_from_reviewed_source	ordinary_tibetan_lexical_or_compound	secure_reviewed_alignment	medium
wts_1_34	1308	81	3	དབང	dban	dbaṅ	suffix_coda	ང	ṅ	token_final	reviewed_tibetan_exact_final_ng_consensus	target	reviewed	reviewed_explicit_feature_evidence	ordinary_tibetan_lexical_or_compound	secure_reviewed_alignment	high
wts_1_34	1308	81	3	དབང	dban	dbaṅ	pre_coda_structural_unit	དབ	dba	pre_coda_stem	reviewed_tibetan_exact_final_ng_consensus	source	historical_source	unaffected_feature_from_reviewed_source	ordinary_tibetan_lexical_or_compound	secure_reviewed_alignment	medium
wts_1_34	1308	101	3	ཤིང	Sin	Siṅ	suffix_coda	ང	ṅ	token_final	reviewed_tibetan_exact_final_ng_source_compatible	target	reviewed	reviewed_explicit_feature_evidence	ordinary_tibetan_lexical_or_compound	secure_reviewed_alignment	high
wts_1_34	1308	101	3	ཤིང	Sin	Siṅ	pre_coda_structural_unit	ཤི	Si	pre_coda_stem	reviewed_tibetan_exact_final_ng_source_compatible	source	historical_source	unaffected_feature_from_reviewed_source	ordinary_tibetan_lexical_or_compound	secure_reviewed_alignment	medium
wts_1_34	1309	28	2	དབང	dban	dbaṅ	suffix_coda	ང	ṅ	token_final	reviewed_tibetan_exact_final_ng_consensus	target	reviewed	reviewed_explicit_feature_evidence	ordinary_tibetan_lexical_or_compound	secure_reviewed_alignment	high
wts_1_34	1309	28	2	དབང	dban	dbaṅ	pre_coda_structural_unit	དབ	dba	pre_coda_stem	reviewed_tibetan_exact_final_ng_consensus	source	historical_source	unaffected_feature_from_reviewed_source	ordinary_tibetan_lexical_or_compound	secure_reviewed_alignment	medium
wts_1_34	1314	9	3	པ	Ina	lṅa	unsegmented_structural_unit	པ	□□a	unaffected_span_support	reviewed_tibetan_exact_initial_i_l_family	source	historical_source	unaffected_feature_from_reviewed_source	ordinary_tibetan_lexical_or_compound	secure_reviewed_alignment	medium
wts_1_34	1314	11	2	ལྔ	Ina	lṅa	unsegmented_structural_unit	ལྔ	□□a	unaffected_span_support	reviewed_tibetan_exact_initial_i_l_family	source	historical_source	unaffected_feature_from_reviewed_source	ordinary_tibetan_lexical_or_compound	secure_reviewed_alignment	medium
wts_1_34	1315	24	3	ཤིང	Sin	Siṅ	suffix_coda	ང	ṅ	token_final	reviewed_tibetan_exact_final_ng_source_compatible	target	reviewed	reviewed_explicit_feature_evidence	ordinary_tibetan_lexical_or_compound	secure_reviewed_alignment	high
wts_1_34	1315	24	3	ཤིང	Sin	Siṅ	pre_coda_structural_unit	ཤི	Si	pre_coda_stem	reviewed_tibetan_exact_final_ng_source_compatible	source	historical_source	unaffected_feature_from_reviewed_source	ordinary_tibetan_lexical_or_compound	secure_reviewed_alignment	medium
wts_1_34	1315	43	3	ལྔ	Ina	lṅa	unsegmented_structural_unit	ལྔ	□□a	unaffected_span_support	reviewed_tibetan_exact_initial_i_l_family	source	historical_source	unaffected_feature_from_reviewed_source	ordinary_tibetan_lexical_or_compound	secure_reviewed_alignment	medium
wts_1_34	1319	76	3	ཁང	khan	khaṅ	suffix_coda	ང	ṅ	token_final	reviewed_tibetan_exact_final_ng_consensus	target	reviewed	reviewed_explicit_feature_evidence	ordinary_tibetan_lexical_or_compound	secure_reviewed_alignment	high
wts_1_34	1319	76	3	ཁང	khan	khaṅ	pre_coda_structural_unit	ཁ	kha	pre_coda_stem	reviewed_tibetan_exact_final_ng_consensus	source	historical_source	unaffected_feature_from_reviewed_source	ordinary_tibetan_lexical_or_compound	secure_reviewed_alignment	medium
wts_1_34	1320	23	3	ཁང	khan	khaṅ	suffix_coda	ང	ṅ	token_final	reviewed_tibetan_exact_final_ng_consensus	target	reviewed	reviewed_explicit_feature_evidence	ordinary_tibetan_lexical_or_compound	secure_reviewed_alignment	high
wts_1_34	1320	23	3	ཁང	khan	khaṅ	pre_coda_structural_unit	ཁ	kha	pre_coda_stem	reviewed_tibetan_exact_final_ng_consensus	source	historical_source	unaffected_feature_from_reviewed_source	ordinary_tibetan_lexical_or_compound	secure_reviewed_alignment	medium
wts_1_34	1321	53	2	བཟང	bzan	bzaṅ	suffix_coda	ང	ṅ	token_final	reviewed_tibetan_exact_final_ng_consensus	target	reviewed	reviewed_explicit_feature_evidence	ordinary_tibetan_lexical_or_compound	secure_reviewed_alignment	high
wts_1_34	1321	53	2	བཟང	bzan	bzaṅ	pre_coda_structural_unit	བཟ	bza	pre_coda_stem	reviewed_tibetan_exact_final_ng_consensus	source	historical_source	unaffected_feature_from_reviewed_source	ordinary_tibetan_lexical_or_compound	secure_reviewed_alignment	medium
wts_1_34	1321	67	5	ལྔ	Ina	lṅa	unsegmented_structural_unit	ལྔ	□□a	unaffected_span_support	reviewed_tibetan_exact_initial_i_l_family	source	historical_source	unaffected_feature_from_reviewed_source	ordinary_tibetan_lexical_or_compound	secure_reviewed_alignment	medium
wts_1_34	1321	73	3	གྲོང	gron	groṅ	suffix_coda	ང	ṅ	token_final	reviewed_tibetan_exact_final_ng_consensus	target	reviewed	reviewed_explicit_feature_evidence	ordinary_tibetan_lexical_or_compound	secure_reviewed_alignment	high
wts_1_34	1321	73	3	གྲོང	gron	groṅ	pre_coda_structural_unit	གྲོ	gro	pre_coda_stem	reviewed_tibetan_exact_final_ng_consensus	source	historical_source	unaffected_feature_from_reviewed_source	ordinary_tibetan_lexical_or_compound	secure_reviewed_alignment	medium
wts_1_34	1321	89	4	ཆུང	chun	chuṅ	suffix_coda	ང	ṅ	token_final	reviewed_tibetan_exact_script_ng_witness	target	reviewed	reviewed_explicit_feature_evidence	ordinary_tibetan_lexical_or_compound	secure_reviewed_alignment	high
wts_1_34	1321	89	4	ཆུང	chun	chuṅ	pre_coda_structural_unit	ཆུ	chu	pre_coda_stem	reviewed_tibetan_exact_script_ng_witness	source	historical_source	unaffected_feature_from_reviewed_source	ordinary_tibetan_lexical_or_compound	secure_reviewed_alignment	medium
wts_1_34	1321	96	2	བཟང	bzan	bzaṅ	suffix_coda	ང	ṅ	token_final	reviewed_tibetan_exact_final_ng_consensus	target	reviewed	reviewed_explicit_feature_evidence	ordinary_tibetan_lexical_or_compound	secure_reviewed_alignment	high
wts_1_34	1321	96	2	བཟང	bzan	bzaṅ	pre_coda_structural_unit	བཟ	bza	pre_coda_stem	reviewed_tibetan_exact_final_ng_consensus	source	historical_source	unaffected_feature_from_reviewed_source	ordinary_tibetan_lexical_or_compound	secure_reviewed_alignment	medium
wts_1_34	1322	1	2	བཟང	bzan	bzaṅ	suffix_coda	ང	ṅ	token_final	reviewed_tibetan_exact_final_ng_consensus	target	reviewed	reviewed_explicit_feature_evidence	ordinary_tibetan_lexical_or_compound	secure_reviewed_alignment	high
wts_1_34	1322	1	2	བཟང	bzan	bzaṅ	pre_coda_structural_unit	བཟ	bza	pre_coda_stem	reviewed_tibetan_exact_final_ng_consensus	source	historical_source	unaffected_feature_from_reviewed_source	ordinary_tibetan_lexical_or_compound	secure_reviewed_alignment	medium
wts_1_34	1322	1	3	ཁང	khan	khaṅ	suffix_coda	ང	ṅ	token_final	reviewed_tibetan_exact_final_ng_consensus	target	reviewed	reviewed_explicit_feature_evidence	ordinary_tibetan_lexical_or_compound	secure_reviewed_alignment	high
wts_1_34	1322	1	3	ཁང	khan	khaṅ	pre_coda_structural_unit	ཁ	kha	pre_coda_stem	reviewed_tibetan_exact_final_ng_consensus	source	historical_source	unaffected_feature_from_reviewed_source	ordinary_tibetan_lexical_or_compound	secure_reviewed_alignment	medium
wts_1_34	1322	71	2	བཟང	bzan	bzaṅ	suffix_coda	ང	ṅ	token_final	reviewed_tibetan_exact_final_ng_consensus	target	reviewed	reviewed_explicit_feature_evidence	ordinary_tibetan_lexical_or_compound	secure_reviewed_alignment	high
wts_1_34	1322	71	2	བཟང	bzan	bzaṅ	pre_coda_structural_unit	བཟ	bza	pre_coda_stem	reviewed_tibetan_exact_final_ng_consensus	source	historical_source	unaffected_feature_from_reviewed_source	ordinary_tibetan_lexical_or_compound	secure_reviewed_alignment	medium
wts_1_34	1322	71	3	ཁང	khan	khaṅ	suffix_coda	ང	ṅ	token_final	reviewed_tibetan_exact_final_ng_consensus	target	reviewed	reviewed_explicit_feature_evidence	ordinary_tibetan_lexical_or_compound	secure_reviewed_alignment	high
wts_1_34	1322	71	3	ཁང	khan	khaṅ	pre_coda_structural_unit	ཁ	kha	pre_coda_stem	reviewed_tibetan_exact_final_ng_consensus	source	historical_source	unaffected_feature_from_reviewed_source	ordinary_tibetan_lexical_or_compound	secure_reviewed_alignment	medium
wts_1_34	1322	74	2	བཟང	bzan	bzaṅ	suffix_coda	ང	ṅ	token_final	reviewed_tibetan_exact_final_ng_consensus	target	reviewed	reviewed_explicit_feature_evidence	ordinary_tibetan_lexical_or_compound	secure_reviewed_alignment	high
wts_1_34	1322	74	2	བཟང	bzan	bzaṅ	pre_coda_structural_unit	བཟ	bza	pre_coda_stem	reviewed_tibetan_exact_final_ng_consensus	source	historical_source	unaffected_feature_from_reviewed_source	ordinary_tibetan_lexical_or_compound	secure_reviewed_alignment	medium
wts_1_34	1322	78	2	བཟང	bzan	bzaṅ	suffix_coda	ང	ṅ	token_final	reviewed_tibetan_exact_final_ng_consensus	target	reviewed	reviewed_explicit_feature_evidence	ordinary_tibetan_lexical_or_compound	secure_reviewed_alignment	high
wts_1_34	1322	78	2	བཟང	bzan	bzaṅ	pre_coda_structural_unit	བཟ	bza	pre_coda_stem	reviewed_tibetan_exact_final_ng_consensus	source	historical_source	unaffected_feature_from_reviewed_source	ordinary_tibetan_lexical_or_compound	secure_reviewed_alignment	medium
wts_1_34	1322	88	2	བཟང	bzan	bzaṅ	suffix_coda	ང	ṅ	token_final	reviewed_tibetan_exact_final_ng_consensus	target	reviewed	reviewed_explicit_feature_evidence	ordinary_tibetan_lexical_or_compound	secure_reviewed_alignment	high
wts_1_34	1322	88	2	བཟང	bzan	bzaṅ	pre_coda_structural_unit	བཟ	bza	pre_coda_stem	reviewed_tibetan_exact_final_ng_consensus	source	historical_source	unaffected_feature_from_reviewed_source	ordinary_tibetan_lexical_or_compound	secure_reviewed_alignment	medium
wts_1_34	1322	90	2	བཟང	bzan	bzaṅ	suffix_coda	ང	ṅ	token_final	reviewed_tibetan_exact_final_ng_consensus	target	reviewed	reviewed_explicit_feature_evidence	ordinary_tibetan_lexical_or_compound	secure_reviewed_alignment	high
wts_1_34	1322	90	2	བཟང	bzan	bzaṅ	pre_coda_structural_unit	བཟ	bza	pre_coda_stem	reviewed_tibetan_exact_final_ng_consensus	source	historical_source	unaffected_feature_from_reviewed_source	ordinary_tibetan_lexical_or_compound	secure_reviewed_alignment	medium
wts_1_34	1323	11	3	ཤིང	Sin	Siṅ	suffix_coda	ང	ṅ	token_final	reviewed_tibetan_exact_final_ng_source_compatible	target	reviewed	reviewed_explicit_feature_evidence	ordinary_tibetan_lexical_or_compound	secure_reviewed_alignment	high
wts_1_34	1323	11	3	ཤིང	Sin	Siṅ	pre_coda_structural_unit	ཤི	Si	pre_coda_stem	reviewed_tibetan_exact_final_ng_source_compatible	source	historical_source	unaffected_feature_from_reviewed_source	ordinary_tibetan_lexical_or_compound	secure_reviewed_alignment	medium
wts_1_34	1327	32	2	ཁང	khan	khaṅ	suffix_coda	ང	ṅ	token_final	reviewed_tibetan_exact_final_ng_consensus	target	reviewed	reviewed_explicit_feature_evidence	ordinary_tibetan_lexical_or_compound	secure_reviewed_alignment	high
wts_1_34	1327	32	2	ཁང	khan	khaṅ	pre_coda_structural_unit	ཁ	kha	pre_coda_stem	reviewed_tibetan_exact_final_ng_consensus	source	historical_source	unaffected_feature_from_reviewed_source	ordinary_tibetan_lexical_or_compound	secure_reviewed_alignment	medium
wts_1_34	1333	52	2	སྟོང	ston	stoṅ	suffix_coda	ང	ṅ	token_final	reviewed_tibetan_exact_final_ng_consensus	target	reviewed	reviewed_explicit_feature_evidence	ordinary_tibetan_lexical_or_compound	secure_reviewed_alignment	high
wts_1_34	1333	52	2	སྟོང	ston	stoṅ	pre_coda_structural_unit	སྟོ	sto	pre_coda_stem	reviewed_tibetan_exact_final_ng_consensus	source	historical_source	unaffected_feature_from_reviewed_source	ordinary_tibetan_lexical_or_compound	secure_reviewed_alignment	medium
wts_1_34	1335	9	1	དྲུང	drun	druṅ	suffix_coda	ང	ṅ	token_final	reviewed_tibetan_exact_final_ng_consensus	target	reviewed	reviewed_explicit_feature_evidence	ordinary_tibetan_lexical_or_compound	secure_reviewed_alignment	high
wts_1_34	1335	9	1	དྲུང	drun	druṅ	pre_coda_structural_unit	དྲུ	dru	pre_coda_stem	reviewed_tibetan_exact_final_ng_consensus	source	historical_source	unaffected_feature_from_reviewed_source	ordinary_tibetan_lexical_or_compound	secure_reviewed_alignment	medium
wts_1_34	1335	55	1	དྲུང	drun	druṅ	suffix_coda	ང	ṅ	token_final	reviewed_tibetan_exact_final_ng_consensus	target	reviewed	reviewed_explicit_feature_evidence	ordinary_tibetan_lexical_or_compound	secure_reviewed_alignment	high
wts_1_34	1335	55	1	དྲུང	drun	druṅ	pre_coda_structural_unit	དྲུ	dru	pre_coda_stem	reviewed_tibetan_exact_final_ng_consensus	source	historical_source	unaffected_feature_from_reviewed_source	ordinary_tibetan_lexical_or_compound	secure_reviewed_alignment	medium
wts_1_34	1335	66	1	དྲུང	drun	druṅ	suffix_coda	ང	ṅ	token_final	reviewed_tibetan_exact_final_ng_consensus	target	reviewed	reviewed_explicit_feature_evidence	unclear	secure_reviewed_alignment	high
wts_1_34	1335	66	1	དྲུང	drun	druṅ	pre_coda_structural_unit	དྲུ	dru	pre_coda_stem	reviewed_tibetan_exact_final_ng_consensus	source	historical_source	unaffected_feature_from_reviewed_source	unclear	secure_reviewed_alignment	medium
wts_1_34	1336	1	1	དྲུང	drun	druṅ	suffix_coda	ང	ṅ	token_final	reviewed_tibetan_exact_final_ng_consensus	target	reviewed	reviewed_explicit_feature_evidence	ordinary_tibetan_lexical_or_compound	secure_reviewed_alignment	high
wts_1_34	1336	1	1	དྲུང	drun	druṅ	pre_coda_structural_unit	དྲུ	dru	pre_coda_stem	reviewed_tibetan_exact_final_ng_consensus	source	historical_source	unaffected_feature_from_reviewed_source	ordinary_tibetan_lexical_or_compound	secure_reviewed_alignment	medium
wts_1_34	1336	1	2	དྲུང	drun	druṅ	suffix_coda	ང	ṅ	token_final	reviewed_tibetan_exact_final_ng_consensus	target	reviewed	reviewed_explicit_feature_evidence	ordinary_tibetan_lexical_or_compound	secure_reviewed_alignment	high
wts_1_34	1336	1	2	དྲུང	drun	druṅ	pre_coda_structural_unit	དྲུ	dru	pre_coda_stem	reviewed_tibetan_exact_final_ng_consensus	source	historical_source	unaffected_feature_from_reviewed_source	ordinary_tibetan_lexical_or_compound	secure_reviewed_alignment	medium
wts_1_34	1336	49	1	དྲུང	drun	druṅ	suffix_coda	ང	ṅ	token_final	reviewed_tibetan_exact_final_ng_consensus	target	reviewed	reviewed_explicit_feature_evidence	ordinary_tibetan_lexical_or_compound	secure_reviewed_alignment	high
wts_1_34	1336	49	1	དྲུང	drun	druṅ	pre_coda_structural_unit	དྲུ	dru	pre_coda_stem	reviewed_tibetan_exact_final_ng_consensus	source	historical_source	unaffected_feature_from_reviewed_source	ordinary_tibetan_lexical_or_compound	secure_reviewed_alignment	medium
wts_1_34	1336	49	2	དྲུང	drun	druṅ	suffix_coda	ང	ṅ	token_final	reviewed_tibetan_exact_final_ng_consensus	target	reviewed	reviewed_explicit_feature_evidence	ordinary_tibetan_lexical_or_compound	secure_reviewed_alignment	high
wts_1_34	1336	49	2	དྲུང	drun	druṅ	pre_coda_structural_unit	དྲུ	dru	pre_coda_stem	reviewed_tibetan_exact_final_ng_consensus	source	historical_source	unaffected_feature_from_reviewed_source	ordinary_tibetan_lexical_or_compound	secure_reviewed_alignment	medium
wts_1_34	1337	1	1	དྲུང	drun	druṅ	suffix_coda	ང	ṅ	token_final	reviewed_tibetan_exact_final_ng_consensus	target	reviewed	reviewed_explicit_feature_evidence	ordinary_tibetan_lexical_or_compound	secure_reviewed_alignment	high
wts_1_34	1337	1	1	དྲུང	drun	druṅ	pre_coda_structural_unit	དྲུ	dru	pre_coda_stem	reviewed_tibetan_exact_final_ng_consensus	source	historical_source	unaffected_feature_from_reviewed_source	ordinary_tibetan_lexical_or_compound	secure_reviewed_alignment	medium
wts_1_34	1337	3	1	དྲུང	drun	druṅ	suffix_coda	ང	ṅ	token_final	reviewed_tibetan_exact_final_ng_consensus	target	reviewed	reviewed_explicit_feature_evidence	ordinary_tibetan_lexical_or_compound	secure_reviewed_alignment	high
wts_1_34	1337	3	1	དྲུང	drun	druṅ	pre_coda_structural_unit	དྲུ	dru	pre_coda_stem	reviewed_tibetan_exact_final_ng_consensus	source	historical_source	unaffected_feature_from_reviewed_source	ordinary_tibetan_lexical_or_compound	secure_reviewed_alignment	medium
wts_1_34	1337	38	1	དྲུང	drun	druṅ	suffix_coda	ང	ṅ	token_final	reviewed_tibetan_exact_final_ng_consensus	target	reviewed	reviewed_explicit_feature_evidence	ordinary_tibetan_lexical_or_compound	secure_reviewed_alignment	high
wts_1_34	1337	38	1	དྲུང	drun	druṅ	pre_coda_structural_unit	དྲུ	dru	pre_coda_stem	reviewed_tibetan_exact_final_ng_consensus	source	historical_source	unaffected_feature_from_reviewed_source	ordinary_tibetan_lexical_or_compound	secure_reviewed_alignment	medium
wts_1_34	1337	44	1	དྲུང	drun	druṅ	suffix_coda	ང	ṅ	token_final	reviewed_tibetan_exact_final_ng_consensus	target	reviewed	reviewed_explicit_feature_evidence	ordinary_tibetan_lexical_or_compound	secure_reviewed_alignment	high
wts_1_34	1337	44	1	དྲུང	drun	druṅ	pre_coda_structural_unit	དྲུ	dru	pre_coda_stem	reviewed_tibetan_exact_final_ng_consensus	source	historical_source	unaffected_feature_from_reviewed_source	ordinary_tibetan_lexical_or_compound	secure_reviewed_alignment	medium
wts_1_34	1337	48	1	དྲུང	drun	druṅ	suffix_coda	ང	ṅ	token_final	reviewed_tibetan_exact_final_ng_consensus	target	reviewed	reviewed_explicit_feature_evidence	ordinary_tibetan_lexical_or_compound	secure_reviewed_alignment	high
wts_1_34	1337	48	1	དྲུང	drun	druṅ	pre_coda_structural_unit	དྲུ	dru	pre_coda_stem	reviewed_tibetan_exact_final_ng_consensus	source	historical_source	unaffected_feature_from_reviewed_source	ordinary_tibetan_lexical_or_compound	secure_reviewed_alignment	medium
wts_1_34	1337	64	1	དྲུང	drun	druṅ	suffix_coda	ང	ṅ	token_final	reviewed_tibetan_exact_final_ng_consensus	target	reviewed	reviewed_explicit_feature_evidence	ordinary_tibetan_lexical_or_compound	secure_reviewed_alignment	high
wts_1_34	1337	64	1	དྲུང	drun	druṅ	pre_coda_structural_unit	དྲུ	dru	pre_coda_stem	reviewed_tibetan_exact_final_ng_consensus	source	historical_source	unaffected_feature_from_reviewed_source	ordinary_tibetan_lexical_or_compound	secure_reviewed_alignment	medium
wts_1_34	1337	89	1	དྲུང	drun	druṅ	suffix_coda	ང	ṅ	token_final	reviewed_tibetan_exact_final_ng_consensus	target	reviewed	reviewed_explicit_feature_evidence	ordinary_tibetan_lexical_or_compound	secure_reviewed_alignment	high
wts_1_34	1337	89	1	དྲུང	drun	druṅ	pre_coda_structural_unit	དྲུ	dru	pre_coda_stem	reviewed_tibetan_exact_final_ng_consensus	source	historical_source	unaffected_feature_from_reviewed_source	ordinary_tibetan_lexical_or_compound	secure_reviewed_alignment	medium
wts_1_34	1337	96	1	དྲུང	drun	druṅ	suffix_coda	ང	ṅ	token_final	reviewed_tibetan_exact_final_ng_consensus	target	reviewed	reviewed_explicit_feature_evidence	ordinary_tibetan_lexical_or_compound	secure_reviewed_alignment	high
wts_1_34	1337	96	1	དྲུང	drun	druṅ	pre_coda_structural_unit	དྲུ	dru	pre_coda_stem	reviewed_tibetan_exact_final_ng_consensus	source	historical_source	unaffected_feature_from_reviewed_source	ordinary_tibetan_lexical_or_compound	secure_reviewed_alignment	medium
wts_1_34	1337	100	1	དྲུང	drun	druṅ	suffix_coda	ང	ṅ	token_final	reviewed_tibetan_exact_final_ng_consensus	target	reviewed	reviewed_explicit_feature_evidence	ordinary_tibetan_lexical_or_compound	secure_reviewed_alignment	high
wts_1_34	1337	100	1	དྲུང	drun	druṅ	pre_coda_structural_unit	དྲུ	dru	pre_coda_stem	reviewed_tibetan_exact_final_ng_consensus	source	historical_source	unaffected_feature_from_reviewed_source	ordinary_tibetan_lexical_or_compound	secure_reviewed_alignment	medium
wts_1_34	1338	1	1	དྲུང	drun	druṅ	suffix_coda	ང	ṅ	token_final	reviewed_tibetan_exact_final_ng_consensus	target	reviewed	reviewed_explicit_feature_evidence	ordinary_tibetan_lexical_or_compound	secure_reviewed_alignment	high
wts_1_34	1338	1	1	དྲུང	drun	druṅ	pre_coda_structural_unit	དྲུ	dru	pre_coda_stem	reviewed_tibetan_exact_final_ng_consensus	source	historical_source	unaffected_feature_from_reviewed_source	ordinary_tibetan_lexical_or_compound	secure_reviewed_alignment	medium
wts_1_34	1338	3	1	དྲུང	drun	druṅ	suffix_coda	ང	ṅ	token_final	reviewed_tibetan_exact_final_ng_consensus	target	reviewed	reviewed_explicit_feature_evidence	ordinary_tibetan_lexical_or_compound	secure_reviewed_alignment	high
wts_1_34	1338	3	1	དྲུང	drun	druṅ	pre_coda_structural_unit	དྲུ	dru	pre_coda_stem	reviewed_tibetan_exact_final_ng_consensus	source	historical_source	unaffected_feature_from_reviewed_source	ordinary_tibetan_lexical_or_compound	secure_reviewed_alignment	medium
wts_1_34	1338	7	1	དྲུང	drun	druṅ	suffix_coda	ང	ṅ	token_final	reviewed_tibetan_exact_final_ng_consensus	target	reviewed	reviewed_explicit_feature_evidence	ordinary_tibetan_lexical_or_compound	secure_reviewed_alignment	high
wts_1_34	1338	7	1	དྲུང	drun	druṅ	pre_coda_structural_unit	དྲུ	dru	pre_coda_stem	reviewed_tibetan_exact_final_ng_consensus	source	historical_source	unaffected_feature_from_reviewed_source	ordinary_tibetan_lexical_or_compound	secure_reviewed_alignment	medium
wts_1_34	1338	33	2	ཕྱུང	phyun	phyuṅ	suffix_coda	ང	ṅ	token_final	reviewed_tibetan_exact_final_ng_source_compatible	target	reviewed	reviewed_explicit_feature_evidence	ordinary_tibetan_lexical_or_compound	secure_reviewed_alignment	high
wts_1_34	1338	33	2	ཕྱུང	phyun	phyuṅ	pre_coda_structural_unit	ཕྱུ	phyu	pre_coda_stem	reviewed_tibetan_exact_final_ng_source_compatible	source	historical_source	unaffected_feature_from_reviewed_source	ordinary_tibetan_lexical_or_compound	secure_reviewed_alignment	medium
wts_1_34	1338	49	2	དབྱུང	dbyun	dbyuṅ	suffix_coda	ང	ṅ	token_final	reviewed_tibetan_exact_final_ng_consensus	target	reviewed	reviewed_explicit_feature_evidence	ordinary_tibetan_lexical_or_compound	secure_reviewed_alignment	high
wts_1_34	1338	49	2	དབྱུང	dbyun	dbyuṅ	pre_coda_structural_unit	དབྱུ	dbyu	pre_coda_stem	reviewed_tibetan_exact_final_ng_consensus	source	historical_source	unaffected_feature_from_reviewed_source	ordinary_tibetan_lexical_or_compound	secure_reviewed_alignment	medium
wts_1_34	1339	38	2	ཤིང	sin	siṅ	suffix_coda	ང	ṅ	token_final	reviewed_tibetan_exact_final_ng_source_compatible	target	reviewed	reviewed_explicit_feature_evidence	ordinary_tibetan_lexical_or_compound	secure_reviewed_alignment	high
wts_1_34	1339	38	2	ཤིང	sin	siṅ	pre_coda_structural_unit	ཤི	si	pre_coda_stem	reviewed_tibetan_exact_final_ng_source_compatible	source	historical_source	unaffected_feature_from_reviewed_source	ordinary_tibetan_lexical_or_compound	secure_reviewed_alignment	medium
wts_1_34	1342	33	2	གདོང	gdon	gdoṅ	suffix_coda	ང	ṅ	token_final	reviewed_tibetan_exact_final_ng_consensus	target	reviewed	reviewed_explicit_feature_evidence	ordinary_tibetan_lexical_or_compound	secure_reviewed_alignment	high
wts_1_34	1342	33	2	གདོང	gdon	gdoṅ	pre_coda_structural_unit	གདོ	gdo	pre_coda_stem	reviewed_tibetan_exact_final_ng_consensus	source	historical_source	unaffected_feature_from_reviewed_source	ordinary_tibetan_lexical_or_compound	secure_reviewed_alignment	medium
wts_1_34	1348	98	2	རླུང	rlun	rluṅ	suffix_coda	ང	ṅ	token_final	reviewed_tibetan_exact_final_ng_consensus	target	reviewed	reviewed_explicit_feature_evidence	ordinary_tibetan_lexical_or_compound	secure_reviewed_alignment	high
wts_1_34	1348	98	2	རླུང	rlun	rluṅ	pre_coda_structural_unit	རླུ	rlu	pre_coda_stem	reviewed_tibetan_exact_final_ng_consensus	source	historical_source	unaffected_feature_from_reviewed_source	ordinary_tibetan_lexical_or_compound	secure_reviewed_alignment	medium
wts_35_51	34	21	2	ལྔ	Ina	lṅa	unsegmented_structural_unit	ལྔ	□□a	unaffected_span_support	reviewed_tibetan_exact_initial_i_l_family	source	historical_source	unaffected_feature_from_reviewed_source	ordinary_tibetan_lexical_or_compound	secure_reviewed_alignment	medium
wts_35_51	34	42	2	ཆུང	chun	chuṅ	suffix_coda	ང	ṅ	token_final	reviewed_tibetan_exact_script_ng_witness	target	reviewed	reviewed_explicit_feature_evidence	ordinary_tibetan_lexical_or_compound	secure_reviewed_alignment	high
wts_35_51	34	42	2	ཆུང	chun	chuṅ	pre_coda_structural_unit	ཆུ	chu	pre_coda_stem	reviewed_tibetan_exact_script_ng_witness	source	historical_source	unaffected_feature_from_reviewed_source	ordinary_tibetan_lexical_or_compound	secure_reviewed_alignment	medium
wts_35_51	45	29	3	དངོས	dnos	dṅos				full_token	reviewed_tibetan_exact_dngos	source	reviewed	not_feature_evidence	ordinary_tibetan_lexical_or_compound	secure_reviewed_alignment	high
wts_35_51	48	1	4	དངོས	dnos	dṅos				full_token	reviewed_tibetan_exact_dngos	source	reviewed	not_feature_evidence	ordinary_tibetan_lexical_or_compound	secure_reviewed_alignment	high
wts_35_51	48	71	4	དངོས	dnos	dṅos				full_token	reviewed_tibetan_exact_dngos	source	reviewed	not_feature_evidence	ordinary_tibetan_lexical_or_compound	secure_reviewed_alignment	high
wts_35_51	69	34	3	ལུས	Ius	lus	unsegmented_structural_unit	ལུས	□us	unaffected_span_support	reviewed_tibetan_exact_initial_i_l_family	source	historical_source	unaffected_feature_from_reviewed_source	tibetan_proper_name	secure_reviewed_alignment	medium
wts_35_51	70	25	2	བཞི	bZi	bźi	root_consonant	ཞ	ź	root	reviewed_tibetan_exact_transcription_integrity	target	reviewed	reviewed_explicit_feature_evidence	ordinary_tibetan_lexical_or_compound	secure_reviewed_alignment	high
wts_35_51	70	25	2	བཞི	bZi	bźi	unsegmented_structural_unit	བཞི	b□i	unaffected_span_support	reviewed_tibetan_exact_transcription_integrity	source	historical_source	unaffected_feature_from_reviewed_source	ordinary_tibetan_lexical_or_compound	secure_reviewed_alignment	medium
wts_35_51	70	49	2	བཞི	bzi	bźi	root_consonant	ཞ	ź	root	reviewed_tibetan_exact_transcription_integrity	target	reviewed	reviewed_explicit_feature_evidence	ordinary_tibetan_lexical_or_compound	secure_reviewed_alignment	high
wts_35_51	70	49	2	བཞི	bzi	bźi	unsegmented_structural_unit	བཞི	b□i	unaffected_span_support	reviewed_tibetan_exact_transcription_integrity	source	historical_source	unaffected_feature_from_reviewed_source	ordinary_tibetan_lexical_or_compound	secure_reviewed_alignment	medium
wts_35_51	81	29	3	ཞིང	Ziṅ	źiṅ	root_consonant	ཞ	ź	root	reviewed_tibetan_exact_transcription_integrity	target	reviewed	reviewed_explicit_feature_evidence	ordinary_tibetan_lexical_or_compound	secure_reviewed_alignment	high
wts_35_51	81	29	3	ཞིང	Ziṅ	źiṅ	unsegmented_structural_unit	ཞིང	□iṅ	unaffected_span_support	reviewed_tibetan_exact_transcription_integrity	source	historical_source	unaffected_feature_from_reviewed_source	ordinary_tibetan_lexical_or_compound	secure_reviewed_alignment	medium
wts_35_51	85	38	3	འབྱུང	byuh	byuṅ	suffix_coda	ང	ṅ	token_final	reviewed_tibetan_exact_final_ng_consensus	target	reviewed	reviewed_explicit_feature_evidence	ordinary_tibetan_lexical_or_compound	secure_reviewed_alignment	high
wts_35_51	85	38	3	འབྱུང	byuh	byuṅ	pre_coda_structural_unit	འབྱུ	byu	pre_coda_stem	reviewed_tibetan_exact_final_ng_consensus	source	historical_source	unaffected_feature_from_reviewed_source	ordinary_tibetan_lexical_or_compound	secure_reviewed_alignment	medium
wts_35_51	87	67	2	འབྱུང	byun	byuṅ	suffix_coda	ང	ṅ	token_final	reviewed_tibetan_exact_final_ng_consensus	target	reviewed	reviewed_explicit_feature_evidence	ordinary_tibetan_lexical_or_compound	secure_reviewed_alignment	high
wts_35_51	87	67	2	འབྱུང	byun	byuṅ	pre_coda_structural_unit	འབྱུ	byu	pre_coda_stem	reviewed_tibetan_exact_final_ng_consensus	source	historical_source	unaffected_feature_from_reviewed_source	ordinary_tibetan_lexical_or_compound	secure_reviewed_alignment	medium
wts_35_51	92	32	3	བཞི	bZi	bźi	root_consonant	ཞ	ź	root	reviewed_tibetan_exact_transcription_integrity	target	reviewed	reviewed_explicit_feature_evidence	ordinary_tibetan_lexical_or_compound	secure_reviewed_alignment	high
wts_35_51	92	32	3	བཞི	bZi	bźi	unsegmented_structural_unit	བཞི	b□i	unaffected_span_support	reviewed_tibetan_exact_transcription_integrity	source	historical_source	unaffected_feature_from_reviewed_source	ordinary_tibetan_lexical_or_compound	secure_reviewed_alignment	medium
wts_35_51	100	8	2	ལྔ	Ina	lṅa	unsegmented_structural_unit	ལྔ	□□a	unaffected_span_support	reviewed_tibetan_exact_initial_i_l_family	source	historical_source	unaffected_feature_from_reviewed_source	ordinary_tibetan_lexical_or_compound	secure_reviewed_alignment	medium
wts_35_51	116	2	2	སྣང	snani	snaṅ	unsegmented_structural_unit	སྣང	sna□	unaffected_span_support	reviewed_tibetan_exact_ocr_signature	source	historical_source	unaffected_feature_from_reviewed_source	ordinary_tibetan_lexical_or_compound	secure_reviewed_alignment	medium
wts_35_51	119	49	2	ལྔ	Ina	lṅa	unsegmented_structural_unit	ལྔ	□□a	unaffected_span_support	reviewed_tibetan_exact_initial_i_l_family	source	historical_source	unaffected_feature_from_reviewed_source	ordinary_tibetan_lexical_or_compound	secure_reviewed_alignment	medium
wts_35_51	147	1	3	ཡང	yani	yaṅ	unsegmented_structural_unit	ཡང	ya□	unaffected_span_support	reviewed_tibetan_exact_ocr_signature	source	historical_source	unaffected_feature_from_reviewed_source	ordinary_tibetan_lexical_or_compound	secure_reviewed_alignment	medium
wts_35_51	157	51	2	ལོང	loh	loṅ	suffix_coda	ང	ṅ	token_final	reviewed_tibetan_exact_final_ng_consensus	target	reviewed	reviewed_explicit_feature_evidence	ordinary_tibetan_lexical_or_compound	secure_reviewed_alignment	high
wts_35_51	157	51	2	ལོང	loh	loṅ	pre_coda_structural_unit	ལོ	lo	pre_coda_stem	reviewed_tibetan_exact_final_ng_consensus	source	historical_source	unaffected_feature_from_reviewed_source	ordinary_tibetan_lexical_or_compound	secure_reviewed_alignment	medium
wts_35_51	176	60	2	གླིང	glin	gliṅ	suffix_coda	ང	ṅ	token_final	reviewed_tibetan_exact_final_ng_consensus	target	reviewed	reviewed_explicit_feature_evidence	ordinary_tibetan_lexical_or_compound	secure_reviewed_alignment	high
wts_35_51	176	60	2	གླིང	glin	gliṅ	pre_coda_structural_unit	གླི	gli	pre_coda_stem	reviewed_tibetan_exact_final_ng_consensus	source	historical_source	unaffected_feature_from_reviewed_source	ordinary_tibetan_lexical_or_compound	secure_reviewed_alignment	medium
wts_35_51	183	18	2	ཞིང	Ziṅ	źiṅ	root_consonant	ཞ	ź	root	reviewed_tibetan_exact_transcription_integrity	target	reviewed	reviewed_explicit_feature_evidence	ordinary_tibetan_lexical_or_compound	secure_reviewed_alignment	high
wts_35_51	183	18	2	ཞིང	Ziṅ	źiṅ	unsegmented_structural_unit	ཞིང	□iṅ	unaffected_span_support	reviewed_tibetan_exact_transcription_integrity	source	historical_source	unaffected_feature_from_reviewed_source	ordinary_tibetan_lexical_or_compound	secure_reviewed_alignment	medium
wts_35_51	191	14	2	ཆུང	chuh	chuṅ	suffix_coda	ང	ṅ	token_final	reviewed_tibetan_exact_final_ng_consensus	target	reviewed	reviewed_explicit_feature_evidence	ordinary_tibetan_lexical_or_compound	secure_reviewed_alignment	high
wts_35_51	191	14	2	ཆུང	chuh	chuṅ	pre_coda_structural_unit	ཆུ	chu	pre_coda_stem	reviewed_tibetan_exact_final_ng_consensus	source	historical_source	unaffected_feature_from_reviewed_source	ordinary_tibetan_lexical_or_compound	secure_reviewed_alignment	medium
wts_35_51	191	47	2	འཆིང	chin	chiṅ	suffix_coda	ང	ṅ	token_final	reviewed_tibetan_exact_final_ng_consensus	target	reviewed	reviewed_explicit_feature_evidence	ordinary_tibetan_lexical_or_compound	secure_reviewed_alignment	high
wts_35_51	191	47	2	འཆིང	chin	chiṅ	pre_coda_structural_unit	འཆི	chi	pre_coda_stem	reviewed_tibetan_exact_final_ng_consensus	source	historical_source	unaffected_feature_from_reviewed_source	ordinary_tibetan_lexical_or_compound	secure_reviewed_alignment	medium
wts_35_51	226	35	1	རྡུལ	chun	chuṅ	suffix_coda			token_final	reviewed_tibetan_exact_script_ng_witness	target	reviewed	role_unresolved	ordinary_tibetan_lexical_or_compound	secure_reviewed_alignment	none
wts_35_51	260	68	2	ཞིང	Zin	źiṅ	suffix_coda	ང	ṅ	token_final	reviewed_tibetan_exact_final_ng_consensus	target	reviewed	reviewed_explicit_feature_evidence	ordinary_tibetan_lexical_or_compound	secure_reviewed_alignment	high
wts_35_51	260	68	2	ཞིང	Zin	źiṅ	pre_coda_structural_unit	ཞི	Zi	pre_coda_stem	reviewed_tibetan_exact_final_ng_consensus	source	historical_source	unaffected_feature_from_reviewed_source	ordinary_tibetan_lexical_or_compound	secure_reviewed_alignment	medium
wts_35_51	260	68	2	ཞིང	Ziṅ	źiṅ				full_token	reviewed_correction_supersession_bridge	source	reviewed	not_feature_evidence	ordinary_tibetan_lexical_or_compound	secure_reviewed_alignment	high
wts_35_51	283	21	2	ཡང	yah	yaṅ	suffix_coda	ང	ṅ	token_final	reviewed_tibetan_exact_final_ng_consensus	target	reviewed	reviewed_explicit_feature_evidence	ordinary_tibetan_lexical_or_compound	secure_reviewed_alignment	high
wts_35_51	283	21	2	ཡང	yah	yaṅ	pre_coda_structural_unit	ཡ	ya	pre_coda_stem	reviewed_tibetan_exact_final_ng_consensus	source	historical_source	unaffected_feature_from_reviewed_source	ordinary_tibetan_lexical_or_compound	secure_reviewed_alignment	medium
wts_35_51	290	53	3	བཞི	bZi	bźi	root_consonant	ཞ	ź	root	reviewed_tibetan_exact_transcription_integrity	target	reviewed	reviewed_explicit_feature_evidence	ordinary_tibetan_lexical_or_compound	secure_reviewed_alignment	high
wts_35_51	290	53	3	བཞི	bZi	bźi	unsegmented_structural_unit	བཞི	b□i	unaffected_span_support	reviewed_tibetan_exact_transcription_integrity	source	historical_source	unaffected_feature_from_reviewed_source	ordinary_tibetan_lexical_or_compound	secure_reviewed_alignment	medium
wts_35_51	291	1	2	བཞི	bzi	bźi	root_consonant	ཞ	ź	root	reviewed_tibetan_exact_transcription_integrity	target	reviewed	reviewed_explicit_feature_evidence	ordinary_tibetan_lexical_or_compound	secure_reviewed_alignment	high
wts_35_51	291	1	2	བཞི	bzi	bźi	unsegmented_structural_unit	བཞི	b□i	unaffected_span_support	reviewed_tibetan_exact_transcription_integrity	source	historical_source	unaffected_feature_from_reviewed_source	ordinary_tibetan_lexical_or_compound	secure_reviewed_alignment	medium
wts_35_51	294	65	1	སྡོང	sdon	sdoṅ	suffix_coda	ང	ṅ	token_final	reviewed_tibetan_exact_final_ng_consensus	target	reviewed	reviewed_explicit_feature_evidence	ordinary_tibetan_lexical_or_compound	secure_reviewed_alignment	high
wts_35_51	294	65	1	སྡོང	sdon	sdoṅ	pre_coda_structural_unit	སྡོ	sdo	pre_coda_stem	reviewed_tibetan_exact_final_ng_consensus	source	historical_source	unaffected_feature_from_reviewed_source	ordinary_tibetan_lexical_or_compound	secure_reviewed_alignment	medium
wts_35_51	318	2	2	དངོས	dnos	dṅos				full_token	reviewed_tibetan_exact_dngos	source	reviewed	not_feature_evidence	ordinary_tibetan_lexical_or_compound	secure_reviewed_alignment	high
wts_35_51	350	1	1	ན	Ina	lṅa	unsegmented_structural_unit	ན	□□a	unaffected_span_support	reviewed_tibetan_exact_initial_i_l_family	source	historical_source	unaffected_feature_from_reviewed_source	ordinary_tibetan_lexical_or_compound	secure_reviewed_alignment	medium
wts_35_51	361	8	2	ག	chun	chuṅ	suffix_coda			token_final	reviewed_tibetan_exact_script_ng_witness	target	reviewed	role_unresolved	ordinary_tibetan_lexical_or_compound	secure_reviewed_alignment	none
wts_35_51	361	8	3	ཆུང	Ina	lṅa	unsegmented_structural_unit	ཆུང	□□a	unaffected_span_support	reviewed_tibetan_exact_initial_i_l_family	source	historical_source	unaffected_feature_from_reviewed_source	ordinary_tibetan_lexical_or_compound	secure_reviewed_alignment	medium
wts_35_51	366	44	2	ཡང	yani	yaṅ	unsegmented_structural_unit	ཡང	ya□	unaffected_span_support	reviewed_tibetan_exact_ocr_signature	source	historical_source	unaffected_feature_from_reviewed_source	ordinary_tibetan_lexical_or_compound	secure_reviewed_alignment	medium
wts_35_51	400	35	1	ནང	nah	naṅ	suffix_coda	ང	ṅ	token_final	reviewed_tibetan_exact_final_ng_consensus	target	reviewed	reviewed_explicit_feature_evidence	ordinary_tibetan_lexical_or_compound	secure_reviewed_alignment	high
wts_35_51	400	35	1	ནང	nah	naṅ	pre_coda_structural_unit	ན	na	pre_coda_stem	reviewed_tibetan_exact_final_ng_consensus	source	historical_source	unaffected_feature_from_reviewed_source	ordinary_tibetan_lexical_or_compound	secure_reviewed_alignment	medium
wts_35_51	401	45	2	ཚང	tshah	tshaṅ	suffix_coda	ང	ṅ	token_final	reviewed_tibetan_exact_final_ng_consensus	target	reviewed	reviewed_explicit_feature_evidence	ordinary_tibetan_lexical_or_compound	secure_reviewed_alignment	high
wts_35_51	401	45	2	ཚང	tshah	tshaṅ	pre_coda_structural_unit	ཚ	tsha	pre_coda_stem	reviewed_tibetan_exact_final_ng_consensus	source	historical_source	unaffected_feature_from_reviewed_source	ordinary_tibetan_lexical_or_compound	secure_reviewed_alignment	medium
wts_35_51	401	63	1	ནང	nan	naṅ	suffix_coda	ང	ṅ	token_final	reviewed_tibetan_exact_script_ng_witness	target	reviewed	reviewed_explicit_feature_evidence	ordinary_tibetan_lexical_or_compound	secure_reviewed_alignment	high
wts_35_51	401	63	1	ནང	nan	naṅ	pre_coda_structural_unit	ན	na	pre_coda_stem	reviewed_tibetan_exact_script_ng_witness	source	historical_source	unaffected_feature_from_reviewed_source	ordinary_tibetan_lexical_or_compound	secure_reviewed_alignment	medium
wts_35_51	403	25	1	ནང	nah	naṅ	suffix_coda	ང	ṅ	token_final	reviewed_tibetan_exact_final_ng_consensus	target	reviewed	reviewed_explicit_feature_evidence	ordinary_tibetan_lexical_or_compound	secure_reviewed_alignment	high
wts_35_51	403	25	1	ནང	nah	naṅ	pre_coda_structural_unit	ན	na	pre_coda_stem	reviewed_tibetan_exact_final_ng_consensus	source	historical_source	unaffected_feature_from_reviewed_source	ordinary_tibetan_lexical_or_compound	secure_reviewed_alignment	medium
wts_35_51	425	6	2	གོང	goh	goṅ	suffix_coda			token_final	reviewed_tibetan_exact_final_ng_consensus	target	reviewed	role_unresolved	ordinary_tibetan_lexical_or_compound	secure_reviewed_alignment	none
wts_35_51	431	22	1	ནའང	Ina	lṅa	unsegmented_structural_unit	ནའང	□□a	unaffected_span_support	reviewed_tibetan_exact_initial_i_l_family	source	historical_source	unaffected_feature_from_reviewed_source	ordinary_tibetan_lexical_or_compound	secure_reviewed_alignment	medium
wts_35_51	444	17	4	ཤིང	Sin	Siṅ	suffix_coda	ང	ṅ	token_final	reviewed_tibetan_exact_final_ng_source_compatible	target	reviewed	reviewed_explicit_feature_evidence	ordinary_tibetan_lexical_or_compound	secure_reviewed_alignment	high
wts_35_51	444	17	4	ཤིང	Sin	Siṅ	pre_coda_structural_unit	ཤི	Si	pre_coda_stem	reviewed_tibetan_exact_final_ng_source_compatible	source	historical_source	unaffected_feature_from_reviewed_source	ordinary_tibetan_lexical_or_compound	secure_reviewed_alignment	medium
wts_35_51	458	57	2	བྱང	byan	byaṅ	suffix_coda	ང	ṅ	token_final	reviewed_tibetan_exact_final_ng_consensus	target	reviewed	reviewed_explicit_feature_evidence	ordinary_tibetan_lexical_or_compound	secure_reviewed_alignment	high
wts_35_51	458	57	2	བྱང	byan	byaṅ	pre_coda_structural_unit	བྱ	bya	pre_coda_stem	reviewed_tibetan_exact_final_ng_consensus	source	historical_source	unaffected_feature_from_reviewed_source	ordinary_tibetan_lexical_or_compound	secure_reviewed_alignment	medium
wts_35_51	476	14	2	སྐྱོང	skyon	skyoṅ	suffix_coda	ང	ṅ	token_final	reviewed_tibetan_exact_final_ng_consensus	target	reviewed	reviewed_explicit_feature_evidence	ordinary_tibetan_lexical_or_compound	secure_reviewed_alignment	high
wts_35_51	476	14	2	སྐྱོང	skyon	skyoṅ	pre_coda_structural_unit	སྐྱོ	skyo	pre_coda_stem	reviewed_tibetan_exact_final_ng_consensus	source	historical_source	unaffected_feature_from_reviewed_source	ordinary_tibetan_lexical_or_compound	secure_reviewed_alignment	medium
wts_35_51	498	28	5	ལུང	luh	luṅ	suffix_coda	ང	ṅ	token_final	reviewed_tibetan_exact_final_ng_source_compatible	target	reviewed	reviewed_explicit_feature_evidence	ordinary_tibetan_lexical_or_compound	secure_reviewed_alignment	high
wts_35_51	498	28	5	ལུང	luh	luṅ	pre_coda_structural_unit	ལུ	lu	pre_coda_stem	reviewed_tibetan_exact_final_ng_source_compatible	source	historical_source	unaffected_feature_from_reviewed_source	ordinary_tibetan_lexical_or_compound	secure_reviewed_alignment	medium
wts_35_51	499	11	2	དགུང	dgun	dguṅ	suffix_coda	ང	ṅ	token_final	reviewed_tibetan_exact_final_ng_historical_witness	target	reviewed	reviewed_explicit_feature_evidence	ordinary_tibetan_lexical_or_compound	secure_reviewed_alignment	high
wts_35_51	499	11	2	དགུང	dgun	dguṅ	pre_coda_structural_unit	དགུ	dgu	pre_coda_stem	reviewed_tibetan_exact_final_ng_historical_witness	source	historical_source	unaffected_feature_from_reviewed_source	ordinary_tibetan_lexical_or_compound	secure_reviewed_alignment	medium
wts_35_51	503	18	3	སྲོང	sroh	sroṅ	suffix_coda	ང	ṅ	token_final	reviewed_same_tibetan_target_final_nasal_only	target	reviewed	reviewed_explicit_feature_evidence	ordinary_tibetan_lexical_or_compound	secure_reviewed_alignment	high
wts_35_51	503	18	3	སྲོང	sroh	sroṅ	pre_coda_structural_unit	སྲོ	sro	pre_coda_stem	reviewed_same_tibetan_target_final_nasal_only	source	historical_source	unaffected_feature_from_reviewed_source	ordinary_tibetan_lexical_or_compound	secure_reviewed_alignment	medium
wts_35_51	505	1	3	བྱང	byan	byaṅ	suffix_coda	ང	ṅ	token_final	reviewed_tibetan_exact_final_ng_consensus	target	reviewed	reviewed_explicit_feature_evidence	ordinary_tibetan_lexical_or_compound	secure_reviewed_alignment	high
wts_35_51	505	1	3	བྱང	byan	byaṅ	pre_coda_structural_unit	བྱ	bya	pre_coda_stem	reviewed_tibetan_exact_final_ng_consensus	source	historical_source	unaffected_feature_from_reviewed_source	ordinary_tibetan_lexical_or_compound	secure_reviewed_alignment	medium
wts_35_51	539	29	3	སྤོང	spoh	spoṅ	suffix_coda	ང	ṅ	token_final	reviewed_tibetan_exact_final_ng_consensus	target	reviewed	reviewed_explicit_feature_evidence	ordinary_tibetan_lexical_or_compound	secure_reviewed_alignment	high
wts_35_51	539	29	3	སྤོང	spoh	spoṅ	pre_coda_structural_unit	སྤོ	spo	pre_coda_stem	reviewed_tibetan_exact_final_ng_consensus	source	historical_source	unaffected_feature_from_reviewed_source	ordinary_tibetan_lexical_or_compound	secure_reviewed_alignment	medium
wts_35_51	546	1	2	ལྟས	Itas	ltas	unsegmented_structural_unit	ལྟས	□tas	unaffected_span_support	reviewed_tibetan_exact_initial_i_l_family	source	historical_source	unaffected_feature_from_reviewed_source	ordinary_tibetan_lexical_or_compound	secure_reviewed_alignment	medium
wts_35_51	552	14	3	གསང	gsani	gsaṅ	unsegmented_structural_unit	གསང	gsa□	unaffected_span_support	reviewed_tibetan_exact_ocr_signature	source	historical_source	unaffected_feature_from_reviewed_source	ordinary_tibetan_lexical_or_compound	secure_reviewed_alignment	medium
wts_35_51	582	14	3	སྣང	snani	snaṅ	unsegmented_structural_unit	སྣང	sna□	unaffected_span_support	reviewed_tibetan_exact_ocr_signature	source	historical_source	unaffected_feature_from_reviewed_source	ordinary_tibetan_lexical_or_compound	secure_reviewed_alignment	medium
wts_35_51	583	1	3	སྣང	snani	snaṅ	unsegmented_structural_unit	སྣང	sna□	unaffected_span_support	reviewed_tibetan_exact_ocr_signature	source	historical_source	unaffected_feature_from_reviewed_source	ordinary_tibetan_lexical_or_compound	secure_reviewed_alignment	medium
wts_35_51	593	1	3	བཞག	bZag	bźag	root_consonant	ཞ	ź	root	reviewed_tibetan_exact_transcription_integrity	target	reviewed	reviewed_explicit_feature_evidence	ordinary_tibetan_lexical_or_compound	secure_reviewed_alignment	high
wts_35_51	593	1	3	བཞག	bZag	bźag	unsegmented_structural_unit	བཞག	b□ag	unaffected_span_support	reviewed_tibetan_exact_transcription_integrity	source	historical_source	unaffected_feature_from_reviewed_source	ordinary_tibetan_lexical_or_compound	secure_reviewed_alignment	medium
wts_35_51	600	5	2	བྱུང	byun	byuṅ	suffix_coda	ང	ṅ	token_final	reviewed_tibetan_exact_final_ng_consensus	target	reviewed	reviewed_explicit_feature_evidence	ordinary_tibetan_lexical_or_compound	secure_reviewed_alignment	high
wts_35_51	600	5	2	བྱུང	byun	byuṅ	pre_coda_structural_unit	བྱུ	byu	pre_coda_stem	reviewed_tibetan_exact_final_ng_consensus	source	historical_source	unaffected_feature_from_reviewed_source	ordinary_tibetan_lexical_or_compound	secure_reviewed_alignment	medium
wts_35_51	611	55	12	གཏིང	gtin	gtiṅ	suffix_coda	ང	ṅ	token_final	reviewed_tibetan_exact_final_ng_consensus	target	reviewed	reviewed_explicit_feature_evidence	unclear	secure_reviewed_alignment	high
wts_35_51	611	55	12	གཏིང	gtin	gtiṅ	pre_coda_structural_unit	གཏི	gti	pre_coda_stem	reviewed_tibetan_exact_final_ng_consensus	source	historical_source	unaffected_feature_from_reviewed_source	unclear	secure_reviewed_alignment	medium
wts_35_51	636	50	1	སྣང	snah	snaṅ	suffix_coda	ང	ṅ	token_final	reviewed_tibetan_exact_final_ng_consensus	target	reviewed	reviewed_explicit_feature_evidence	ordinary_tibetan_lexical_or_compound	secure_reviewed_alignment	high
wts_35_51	636	50	1	སྣང	snah	snaṅ	pre_coda_structural_unit	སྣ	sna	pre_coda_stem	reviewed_tibetan_exact_final_ng_consensus	source	historical_source	unaffected_feature_from_reviewed_source	ordinary_tibetan_lexical_or_compound	secure_reviewed_alignment	medium
wts_35_51	636	75	3	པ	Inan	↑ naṅ	unsegmented_structural_unit	པ	□na□	unaffected_span_support	reviewed_tibetan_exact_reference_marker	source	historical_source	unaffected_feature_from_reviewed_source	ordinary_tibetan_lexical_or_compound	secure_reviewed_alignment	medium
wts_35_51	680	12	2	སྟེང	steh	steṅ	suffix_coda	ང	ṅ	token_final	reviewed_tibetan_exact_final_ng_consensus	target	reviewed	reviewed_explicit_feature_evidence	ordinary_tibetan_lexical_or_compound	secure_reviewed_alignment	high
wts_35_51	680	12	2	སྟེང	steh	steṅ	pre_coda_structural_unit	སྟེ	ste	pre_coda_stem	reviewed_tibetan_exact_final_ng_consensus	source	historical_source	unaffected_feature_from_reviewed_source	ordinary_tibetan_lexical_or_compound	secure_reviewed_alignment	medium
wts_35_51	688	2	3	ཆེར	Itar	ltar	unsegmented_structural_unit	ཆེར	□tar	unaffected_span_support	reviewed_tibetan_exact_initial_i_l_family	source	historical_source	unaffected_feature_from_reviewed_source	unclear	secure_reviewed_alignment	medium
wts_35_51	699	55	3	གུང	guh	guṅ	suffix_coda			token_final	reviewed_tibetan_exact_final_ng_consensus	target	reviewed	role_unresolved	ordinary_tibetan_lexical_or_compound	secure_reviewed_alignment	none
wts_35_51	727	35	2	ལུང	lun	luṅ	suffix_coda	ང	ṅ	token_final	reviewed_tibetan_exact_final_ng_source_compatible	target	reviewed	reviewed_explicit_feature_evidence	ordinary_tibetan_lexical_or_compound	secure_reviewed_alignment	high
wts_35_51	727	35	2	ལུང	lun	luṅ	pre_coda_structural_unit	ལུ	lu	pre_coda_stem	reviewed_tibetan_exact_final_ng_source_compatible	source	historical_source	unaffected_feature_from_reviewed_source	ordinary_tibetan_lexical_or_compound	secure_reviewed_alignment	medium
wts_35_51	737	43	1	དཔུང	dpun	dpuṅ	suffix_coda	ང	ṅ	token_final	reviewed_tibetan_exact_final_ng_consensus	target	reviewed	reviewed_explicit_feature_evidence	ordinary_tibetan_lexical_or_compound	secure_reviewed_alignment	high
wts_35_51	737	43	1	དཔུང	dpun	dpuṅ	pre_coda_structural_unit	དཔུ	dpu	pre_coda_stem	reviewed_tibetan_exact_final_ng_consensus	source	historical_source	unaffected_feature_from_reviewed_source	ordinary_tibetan_lexical_or_compound	secure_reviewed_alignment	medium
wts_35_51	738	54	1	དཔུང	dpun	dpuṅ	suffix_coda	ང	ṅ	token_final	reviewed_tibetan_exact_final_ng_consensus	target	reviewed	reviewed_explicit_feature_evidence	ordinary_tibetan_lexical_or_compound	secure_reviewed_alignment	high
wts_35_51	738	54	1	དཔུང	dpun	dpuṅ	pre_coda_structural_unit	དཔུ	dpu	pre_coda_stem	reviewed_tibetan_exact_final_ng_consensus	source	historical_source	unaffected_feature_from_reviewed_source	ordinary_tibetan_lexical_or_compound	secure_reviewed_alignment	medium
wts_35_51	739	1	1	དཔུང	dpun	dpuṅ	suffix_coda	ང	ṅ	token_final	reviewed_tibetan_exact_final_ng_consensus	target	reviewed	reviewed_explicit_feature_evidence	ordinary_tibetan_lexical_or_compound	secure_reviewed_alignment	high
wts_35_51	739	1	1	དཔུང	dpun	dpuṅ	pre_coda_structural_unit	དཔུ	dpu	pre_coda_stem	reviewed_tibetan_exact_final_ng_consensus	source	historical_source	unaffected_feature_from_reviewed_source	ordinary_tibetan_lexical_or_compound	secure_reviewed_alignment	medium
wts_35_51	740	13	2	ཆུང	chuh	chuṅ	suffix_coda	ང	ṅ	token_final	reviewed_tibetan_exact_final_ng_consensus	target	reviewed	reviewed_explicit_feature_evidence	ordinary_tibetan_lexical_or_compound	secure_reviewed_alignment	high
wts_35_51	740	13	2	ཆུང	chuh	chuṅ	pre_coda_structural_unit	ཆུ	chu	pre_coda_stem	reviewed_tibetan_exact_final_ng_consensus	source	historical_source	unaffected_feature_from_reviewed_source	ordinary_tibetan_lexical_or_compound	secure_reviewed_alignment	medium
wts_35_51	742	16	2	བཞི	bZi	bźi	root_consonant	ཞ	ź	root	reviewed_tibetan_exact_transcription_integrity	target	reviewed	reviewed_explicit_feature_evidence	ordinary_tibetan_lexical_or_compound	secure_reviewed_alignment	high
wts_35_51	742	16	2	བཞི	bZi	bźi	unsegmented_structural_unit	བཞི	b□i	unaffected_span_support	reviewed_tibetan_exact_transcription_integrity	source	historical_source	unaffected_feature_from_reviewed_source	ordinary_tibetan_lexical_or_compound	secure_reviewed_alignment	medium
wts_35_51	763	12	1	ལྤགས	Ipags	lpags	unsegmented_structural_unit	ལྤགས	□pags	unaffected_span_support	reviewed_tibetan_exact_initial_i_l_family	source	historical_source	unaffected_feature_from_reviewed_source	ordinary_tibetan_lexical_or_compound	secure_reviewed_alignment	medium
wts_35_51	763	13	1	ལྤགས	Ipags	lpags	unsegmented_structural_unit	ལྤགས	□pags	unaffected_span_support	reviewed_tibetan_exact_initial_i_l_family	source	historical_source	unaffected_feature_from_reviewed_source	ordinary_tibetan_lexical_or_compound	secure_reviewed_alignment	medium
wts_35_51	767	1	1	སྤང	span	spaṅ	suffix_coda	ང	ṅ	token_final	reviewed_tibetan_exact_final_ng_consensus	target	reviewed	reviewed_explicit_feature_evidence	ordinary_tibetan_lexical_or_compound	secure_reviewed_alignment	high
wts_35_51	767	1	1	སྤང	span	spaṅ	pre_coda_structural_unit	སྤ	spa	pre_coda_stem	reviewed_tibetan_exact_final_ng_consensus	source	historical_source	unaffected_feature_from_reviewed_source	ordinary_tibetan_lexical_or_compound	secure_reviewed_alignment	medium
wts_35_51	767	48	1	སྤང	span	spaṅ	suffix_coda	ང	ṅ	token_final	reviewed_tibetan_exact_final_ng_consensus	target	reviewed	reviewed_explicit_feature_evidence	ordinary_tibetan_lexical_or_compound	secure_reviewed_alignment	high
wts_35_51	767	48	1	སྤང	span	spaṅ	pre_coda_structural_unit	སྤ	spa	pre_coda_stem	reviewed_tibetan_exact_final_ng_consensus	source	historical_source	unaffected_feature_from_reviewed_source	ordinary_tibetan_lexical_or_compound	secure_reviewed_alignment	medium
wts_35_51	803	38	1	སྤྱང	spyani	spyaṅ	unsegmented_structural_unit	སྤྱང	spya□	unaffected_span_support	reviewed_tibetan_exact_ocr_signature	source	historical_source	unaffected_feature_from_reviewed_source	ordinary_tibetan_lexical_or_compound	secure_reviewed_alignment	medium
wts_35_51	803	77	1	སྤྱང	spyani	spyaṅ	unsegmented_structural_unit	སྤྱང	spya□	unaffected_span_support	reviewed_tibetan_exact_ocr_signature	source	historical_source	unaffected_feature_from_reviewed_source	ordinary_tibetan_lexical_or_compound	secure_reviewed_alignment	medium
wts_35_51	807	1	2	དངོས	dnos	dṅos				full_token	reviewed_tibetan_exact_dngos	source	reviewed	not_feature_evidence	ordinary_tibetan_lexical_or_compound	secure_reviewed_alignment	high
wts_35_51	813	40	2	དྲང	ran	raṅ	suffix_coda	ང	ṅ	token_final	reviewed_tibetan_exact_script_ng_witness	target	reviewed	reviewed_explicit_feature_evidence	unclear	secure_reviewed_alignment	high
wts_35_51	813	40	2	དྲང	ran	raṅ	pre_coda_structural_unit	དྲ	ra	pre_coda_stem	reviewed_tibetan_exact_script_ng_witness	source	historical_source	unaffected_feature_from_reviewed_source	unclear	secure_reviewed_alignment	medium
wts_35_51	813	40	3	ཅྲན	ran	raṅ	suffix_coda			token_final	reviewed_tibetan_exact_script_ng_witness	target	reviewed	role_unresolved	unclear	secure_reviewed_alignment	none
wts_35_51	813	40	3	ཅྲན	ran	raṅ	suffix_coda			token_final	reviewed_tibetan_exact_script_ng_witness	target	reviewed	role_unresolved	unclear	secure_reviewed_alignment	none
wts_35_51	826	11	2	གཞུང	gźuń	gźuṅ	suffix_coda	ང	ṅ	token_final	reviewed_same_tibetan_target_final_nasal_only	target	reviewed	reviewed_explicit_feature_evidence	ordinary_tibetan_lexical_or_compound	secure_reviewed_alignment	high
wts_35_51	826	11	2	གཞུང	gźuń	gźuṅ	pre_coda_structural_unit	གཞུ	gźu	pre_coda_stem	reviewed_same_tibetan_target_final_nasal_only	source	historical_source	unaffected_feature_from_reviewed_source	ordinary_tibetan_lexical_or_compound	secure_reviewed_alignment	medium
wts_35_51	835	59	4	བཟང	bzan	bzaṅ	suffix_coda	ང	ṅ	token_final	reviewed_tibetan_exact_final_ng_consensus	target	reviewed	reviewed_explicit_feature_evidence	tibetan_proper_name	secure_reviewed_alignment	high
wts_35_51	835	59	4	བཟང	bzan	bzaṅ	pre_coda_structural_unit	བཟ	bza	pre_coda_stem	reviewed_tibetan_exact_final_ng_consensus	source	historical_source	unaffected_feature_from_reviewed_source	tibetan_proper_name	secure_reviewed_alignment	medium
wts_35_51	839	75	1	སྤྲང	sprah	spraṅ	suffix_coda	ང	ṅ	token_final	reviewed_tibetan_exact_final_ng_source_compatible	target	reviewed	reviewed_explicit_feature_evidence	ordinary_tibetan_lexical_or_compound	secure_reviewed_alignment	high
wts_35_51	839	75	1	སྤྲང	sprah	spraṅ	pre_coda_structural_unit	སྤྲ	spra	pre_coda_stem	reviewed_tibetan_exact_final_ng_source_compatible	source	historical_source	unaffected_feature_from_reviewed_source	ordinary_tibetan_lexical_or_compound	secure_reviewed_alignment	medium
wts_35_51	848	44	2	འབྱུང	byun	byuṅ	suffix_coda	ང	ṅ	token_final	reviewed_tibetan_exact_final_ng_consensus	target	reviewed	reviewed_explicit_feature_evidence	ordinary_tibetan_lexical_or_compound	secure_reviewed_alignment	high
wts_35_51	848	44	2	འབྱུང	byun	byuṅ	pre_coda_structural_unit	འབྱུ	byu	pre_coda_stem	reviewed_tibetan_exact_final_ng_consensus	source	historical_source	unaffected_feature_from_reviewed_source	ordinary_tibetan_lexical_or_compound	secure_reviewed_alignment	medium
wts_35_51	872	31	2	མིང	min	miṅ	suffix_coda			token_final	reviewed_tibetan_exact_final_ng_consensus	target	reviewed	role_unresolved	ordinary_tibetan_lexical_or_compound	secure_reviewed_alignment	none
wts_35_51	873	69	2	ཞིང	Ziṅ	źiṅ	root_consonant	ཞ	ź	root	reviewed_tibetan_exact_transcription_integrity	target	reviewed	reviewed_explicit_feature_evidence	ordinary_tibetan_lexical_or_compound	secure_reviewed_alignment	high
wts_35_51	873	69	2	ཞིང	Ziṅ	źiṅ	unsegmented_structural_unit	ཞིང	□iṅ	unaffected_span_support	reviewed_tibetan_exact_transcription_integrity	source	historical_source	unaffected_feature_from_reviewed_source	ordinary_tibetan_lexical_or_compound	secure_reviewed_alignment	medium
wts_35_51	878	77	5	འཆང	chah	chaṅ	suffix_coda	ང	ṅ	token_final	reviewed_tibetan_exact_final_ng_consensus	target	reviewed	reviewed_explicit_feature_evidence	ordinary_tibetan_lexical_or_compound	secure_reviewed_alignment	high
wts_35_51	878	77	5	འཆང	chah	chaṅ	pre_coda_structural_unit	འཆ	cha	pre_coda_stem	reviewed_tibetan_exact_final_ng_consensus	source	historical_source	unaffected_feature_from_reviewed_source	ordinary_tibetan_lexical_or_compound	secure_reviewed_alignment	medium
wts_35_51	881	47	3	ཤིང	sih	siṅ	suffix_coda	ང	ṅ	token_final	reviewed_tibetan_exact_final_ng_source_compatible	target	reviewed	reviewed_explicit_feature_evidence	ordinary_tibetan_lexical_or_compound	secure_reviewed_alignment	high
wts_35_51	881	47	3	ཤིང	sih	siṅ	pre_coda_structural_unit	ཤི	si	pre_coda_stem	reviewed_tibetan_exact_final_ng_source_compatible	source	historical_source	unaffected_feature_from_reviewed_source	ordinary_tibetan_lexical_or_compound	secure_reviewed_alignment	medium
wts_35_51	884	19	2	ཕུང	phuh	phuṅ	suffix_coda	ང	ṅ	token_final	reviewed_tibetan_exact_final_ng_consensus	target	reviewed	reviewed_explicit_feature_evidence	ordinary_tibetan_lexical_or_compound	secure_reviewed_alignment	high
wts_35_51	884	19	2	ཕུང	phuh	phuṅ	pre_coda_structural_unit	ཕུ	phu	pre_coda_stem	reviewed_tibetan_exact_final_ng_consensus	source	historical_source	unaffected_feature_from_reviewed_source	ordinary_tibetan_lexical_or_compound	secure_reviewed_alignment	medium
wts_35_51	911	1	3	ལྔ	Ina	lṅa	unsegmented_structural_unit	ལྔ	□□a	unaffected_span_support	reviewed_tibetan_exact_initial_i_l_family	source	historical_source	unaffected_feature_from_reviewed_source	ordinary_tibetan_lexical_or_compound	secure_reviewed_alignment	medium
wts_35_51	911	47	3	ལྔ	Ina	lṅa	unsegmented_structural_unit	ལྔ	□□a	unaffected_span_support	reviewed_tibetan_exact_initial_i_l_family	source	historical_source	unaffected_feature_from_reviewed_source	ordinary_tibetan_lexical_or_compound	secure_reviewed_alignment	medium
wts_35_51	913	27	1	ཕུང	phuh	phuṅ	suffix_coda	ང	ṅ	token_final	reviewed_tibetan_exact_final_ng_consensus	target	reviewed	reviewed_explicit_feature_evidence	ordinary_tibetan_lexical_or_compound	secure_reviewed_alignment	high
wts_35_51	913	27	1	ཕུང	phuh	phuṅ	pre_coda_structural_unit	ཕུ	phu	pre_coda_stem	reviewed_tibetan_exact_final_ng_consensus	source	historical_source	unaffected_feature_from_reviewed_source	ordinary_tibetan_lexical_or_compound	secure_reviewed_alignment	medium
wts_35_51	913	65	3	ལྟས	Itas	ltas	unsegmented_structural_unit	ལྟས	□tas	unaffected_span_support	reviewed_tibetan_exact_initial_i_l_family	source	historical_source	unaffected_feature_from_reviewed_source	ordinary_tibetan_lexical_or_compound	secure_reviewed_alignment	medium
wts_35_51	939	37	2	བྲང	brani	braṅ	unsegmented_structural_unit	བྲང	bra□	unaffected_span_support	reviewed_tibetan_exact_ocr_signature	source	historical_source	unaffected_feature_from_reviewed_source	ordinary_tibetan_lexical_or_compound	secure_reviewed_alignment	medium
wts_35_51	940	1	2	བྲང	brani	braṅ	unsegmented_structural_unit	བྲང	bra□	unaffected_span_support	reviewed_tibetan_exact_ocr_signature	source	historical_source	unaffected_feature_from_reviewed_source	ordinary_tibetan_lexical_or_compound	secure_reviewed_alignment	medium
wts_35_51	940	47	2	བྲང	brani	braṅ	unsegmented_structural_unit	བྲང	bra□	unaffected_span_support	reviewed_tibetan_exact_ocr_signature	source	historical_source	unaffected_feature_from_reviewed_source	ordinary_tibetan_lexical_or_compound	secure_reviewed_alignment	medium
wts_35_51	941	33	2	བྲང	brań	braṅ	suffix_coda	ང	ṅ	token_final	reviewed_tibetan_exact_final_ng_consensus	target	reviewed	reviewed_explicit_feature_evidence	ordinary_tibetan_lexical_or_compound	secure_reviewed_alignment	high
wts_35_51	941	33	2	བྲང	brań	braṅ	pre_coda_structural_unit	བྲ	bra	pre_coda_stem	reviewed_tibetan_exact_final_ng_consensus	source	historical_source	unaffected_feature_from_reviewed_source	ordinary_tibetan_lexical_or_compound	secure_reviewed_alignment	medium
wts_35_51	966	23	2	ཚང	tshani	tshaṅ	unsegmented_structural_unit	ཚང	tsha□	unaffected_span_support	reviewed_tibetan_exact_ocr_signature	source	historical_source	unaffected_feature_from_reviewed_source	ordinary_tibetan_lexical_or_compound	secure_reviewed_alignment	medium
wts_35_51	966	42	2	ཚང	tshani	tshaṅ	unsegmented_structural_unit	ཚང	tsha□	unaffected_span_support	reviewed_tibetan_exact_ocr_signature	source	historical_source	unaffected_feature_from_reviewed_source	ordinary_tibetan_lexical_or_compound	secure_reviewed_alignment	medium
wts_35_51	983	1	3	སྟོང	ston	stoṅ	suffix_coda	ང	ṅ	token_final	reviewed_tibetan_exact_final_ng_consensus	target	reviewed	reviewed_explicit_feature_evidence	ordinary_tibetan_lexical_or_compound	secure_reviewed_alignment	high
wts_35_51	983	1	3	སྟོང	ston	stoṅ	pre_coda_structural_unit	སྟོ	sto	pre_coda_stem	reviewed_tibetan_exact_final_ng_consensus	source	historical_source	unaffected_feature_from_reviewed_source	ordinary_tibetan_lexical_or_compound	secure_reviewed_alignment	medium
wts_35_51	990	12	2	བཞི	bzi	bźi	root_consonant	ཞ	ź	root	reviewed_tibetan_exact_transcription_integrity	target	reviewed	reviewed_explicit_feature_evidence	ordinary_tibetan_lexical_or_compound	secure_reviewed_alignment	high
wts_35_51	990	12	2	བཞི	bzi	bźi	unsegmented_structural_unit	བཞི	b□i	unaffected_span_support	reviewed_tibetan_exact_transcription_integrity	source	historical_source	unaffected_feature_from_reviewed_source	ordinary_tibetan_lexical_or_compound	secure_reviewed_alignment	medium
wts_35_51	1014	44	2	ཞིང	Ziṅ	źiṅ	root_consonant	ཞ	ź	root	reviewed_tibetan_exact_transcription_integrity	target	reviewed	reviewed_explicit_feature_evidence	ordinary_tibetan_lexical_or_compound	secure_reviewed_alignment	high
wts_35_51	1014	44	2	ཞིང	Ziṅ	źiṅ	unsegmented_structural_unit	ཞིང	□iṅ	unaffected_span_support	reviewed_tibetan_exact_transcription_integrity	source	historical_source	unaffected_feature_from_reviewed_source	ordinary_tibetan_lexical_or_compound	secure_reviewed_alignment	medium
wts_35_51	1014	73	2	ཞིང	Ziṅ	źiṅ	root_consonant	ཞ	ź	root	reviewed_tibetan_exact_transcription_integrity	target	reviewed	reviewed_explicit_feature_evidence	ordinary_tibetan_lexical_or_compound	secure_reviewed_alignment	high
wts_35_51	1014	73	2	ཞིང	Ziṅ	źiṅ	unsegmented_structural_unit	ཞིང	□iṅ	unaffected_span_support	reviewed_tibetan_exact_transcription_integrity	source	historical_source	unaffected_feature_from_reviewed_source	ordinary_tibetan_lexical_or_compound	secure_reviewed_alignment	medium
wts_35_51	1015	19	2	ཞིང	Ziṅ	źiṅ	root_consonant	ཞ	ź	root	reviewed_tibetan_exact_transcription_integrity	target	reviewed	reviewed_explicit_feature_evidence	ordinary_tibetan_lexical_or_compound	secure_reviewed_alignment	high
wts_35_51	1015	19	2	ཞིང	Ziṅ	źiṅ	unsegmented_structural_unit	ཞིང	□iṅ	unaffected_span_support	reviewed_tibetan_exact_transcription_integrity	source	historical_source	unaffected_feature_from_reviewed_source	ordinary_tibetan_lexical_or_compound	secure_reviewed_alignment	medium
wts_35_51	1015	36	2	ཞིང	Ziṅ	źiṅ	root_consonant	ཞ	ź	root	reviewed_tibetan_exact_transcription_integrity	target	reviewed	reviewed_explicit_feature_evidence	ordinary_tibetan_lexical_or_compound	secure_reviewed_alignment	high
wts_35_51	1015	36	2	ཞིང	Ziṅ	źiṅ	unsegmented_structural_unit	ཞིང	□iṅ	unaffected_span_support	reviewed_tibetan_exact_transcription_integrity	source	historical_source	unaffected_feature_from_reviewed_source	ordinary_tibetan_lexical_or_compound	secure_reviewed_alignment	medium
wts_35_51	1022	1	3	སྒང	sgani	sgaṅ	unsegmented_structural_unit	སྒང	sga□	unaffected_span_support	reviewed_tibetan_exact_ocr_signature	source	historical_source	unaffected_feature_from_reviewed_source	ordinary_tibetan_lexical_or_compound	secure_reviewed_alignment	medium
wts_35_51	1046	31	2	བཞི	bZi	bźi	root_consonant	ཞ	ź	root	reviewed_tibetan_exact_transcription_integrity	target	reviewed	reviewed_explicit_feature_evidence	ordinary_tibetan_lexical_or_compound	secure_reviewed_alignment	high
wts_35_51	1046	31	2	བཞི	bZi	bźi	unsegmented_structural_unit	བཞི	b□i	unaffected_span_support	reviewed_tibetan_exact_transcription_integrity	source	historical_source	unaffected_feature_from_reviewed_source	ordinary_tibetan_lexical_or_compound	secure_reviewed_alignment	medium
wts_35_51	1057	16	2	གོང	gon	goṅ	suffix_coda			token_final	reviewed_tibetan_exact_final_ng_consensus	target	reviewed	role_unresolved	ordinary_tibetan_lexical_or_compound	secure_reviewed_alignment	none
wts_35_51	1059	20	3	སྣང	snah	snaṅ	suffix_coda	ང	ṅ	token_final	reviewed_tibetan_exact_final_ng_consensus	target	reviewed	reviewed_explicit_feature_evidence	ordinary_tibetan_lexical_or_compound	secure_reviewed_alignment	high
wts_35_51	1059	20	3	སྣང	snah	snaṅ	pre_coda_structural_unit	སྣ	sna	pre_coda_stem	reviewed_tibetan_exact_final_ng_consensus	source	historical_source	unaffected_feature_from_reviewed_source	ordinary_tibetan_lexical_or_compound	secure_reviewed_alignment	medium
wts_35_51	1084	1	1	འཕང	phan	phaṅ	suffix_coda	ང	ṅ	token_final	reviewed_tibetan_exact_final_ng_consensus	target	reviewed	reviewed_explicit_feature_evidence	ordinary_tibetan_lexical_or_compound	secure_reviewed_alignment	high
wts_35_51	1084	1	1	འཕང	phan	phaṅ	pre_coda_structural_unit	འཕ	pha	pre_coda_stem	reviewed_tibetan_exact_final_ng_consensus	source	historical_source	unaffected_feature_from_reviewed_source	ordinary_tibetan_lexical_or_compound	secure_reviewed_alignment	medium
wts_35_51	1085	2	1	འཕང	phani	phaṅ	unsegmented_structural_unit	འཕང	pha□	unaffected_span_support	reviewed_tibetan_exact_ocr_signature	source	historical_source	unaffected_feature_from_reviewed_source	ordinary_tibetan_lexical_or_compound	secure_reviewed_alignment	medium
wts_35_51	1111	15	2	འཕྲེང	phren	phreṅ	suffix_coda	ང	ṅ	token_final	reviewed_tibetan_exact_final_ng_consensus	target	reviewed	reviewed_explicit_feature_evidence	ordinary_tibetan_lexical_or_compound	secure_reviewed_alignment	high
wts_35_51	1111	15	2	འཕྲེང	phren	phreṅ	pre_coda_structural_unit	འཕྲེ	phre	pre_coda_stem	reviewed_tibetan_exact_final_ng_consensus	source	historical_source	unaffected_feature_from_reviewed_source	ordinary_tibetan_lexical_or_compound	secure_reviewed_alignment	medium
wts_35_51	1121	34	1	འཕྲེང	phren	phreṅ	suffix_coda	ང	ṅ	token_final	reviewed_tibetan_exact_final_ng_consensus	target	reviewed	reviewed_explicit_feature_evidence	ordinary_tibetan_lexical_or_compound	secure_reviewed_alignment	high
wts_35_51	1121	34	1	འཕྲེང	phren	phreṅ	pre_coda_structural_unit	འཕྲེ	phre	pre_coda_stem	reviewed_tibetan_exact_final_ng_consensus	source	historical_source	unaffected_feature_from_reviewed_source	ordinary_tibetan_lexical_or_compound	secure_reviewed_alignment	medium
wts_35_51	1121	35	1	འཕྲེང	phren	phreṅ	suffix_coda	ང	ṅ	token_final	reviewed_tibetan_exact_final_ng_consensus	target	reviewed	reviewed_explicit_feature_evidence	ordinary_tibetan_lexical_or_compound	secure_reviewed_alignment	high
wts_35_51	1121	35	1	འཕྲེང	phren	phreṅ	pre_coda_structural_unit	འཕྲེ	phre	pre_coda_stem	reviewed_tibetan_exact_final_ng_consensus	source	historical_source	unaffected_feature_from_reviewed_source	ordinary_tibetan_lexical_or_compound	secure_reviewed_alignment	medium
wts_8_b	21	1	2	ལང	lan	laṅ	suffix_coda	ང	ṅ	token_final	reviewed_tibetan_exact_final_ng_consensus	target	reviewed	reviewed_explicit_feature_evidence	ordinary_tibetan_lexical_or_compound	secure_reviewed_alignment	high
wts_8_b	21	1	2	ལང	lan	laṅ	pre_coda_structural_unit	ལ	la	pre_coda_stem	reviewed_tibetan_exact_final_ng_consensus	source	historical_source	unaffected_feature_from_reviewed_source	ordinary_tibetan_lexical_or_compound	secure_reviewed_alignment	medium
wts_8_b	39	42	2	ཆང	chani	chaṅ	unsegmented_structural_unit	ཆང	cha□	unaffected_span_support	reviewed_tibetan_exact_ocr_signature	source	historical_source	unaffected_feature_from_reviewed_source	ordinary_tibetan_lexical_or_compound	secure_reviewed_alignment	medium
wts_8_b	39	51	2	གླང	glah	glaṅ	suffix_coda	ང	ṅ	token_final	reviewed_tibetan_exact_final_ng_consensus	target	reviewed	reviewed_explicit_feature_evidence	ordinary_tibetan_lexical_or_compound	secure_reviewed_alignment	high
wts_8_b	39	51	2	གླང	glah	glaṅ	pre_coda_structural_unit	གླ	gla	pre_coda_stem	reviewed_tibetan_exact_final_ng_consensus	source	historical_source	unaffected_feature_from_reviewed_source	ordinary_tibetan_lexical_or_compound	secure_reviewed_alignment	medium
wts_8_b	43	37	4	ཡང	yani	yaṅ	unsegmented_structural_unit	ཡང	ya□	unaffected_span_support	reviewed_tibetan_exact_ocr_signature	source	historical_source	unaffected_feature_from_reviewed_source	ordinary_tibetan_lexical_or_compound	secure_reviewed_alignment	medium
wts_8_b	49	49	5	ཤིང	sih	siṅ	suffix_coda	ང	ṅ	token_final	reviewed_tibetan_exact_final_ng_source_compatible	target	reviewed	reviewed_explicit_feature_evidence	tibetan_proper_name	secure_reviewed_alignment	high
wts_8_b	49	49	5	ཤིང	sih	siṅ	pre_coda_structural_unit	ཤི	si	pre_coda_stem	reviewed_tibetan_exact_final_ng_source_compatible	source	historical_source	unaffected_feature_from_reviewed_source	tibetan_proper_name	secure_reviewed_alignment	medium
wts_8_b	61	60	2	སྣང	snani	snaṅ				full_token	reviewed_tibetan_exact_second_ambitious_snang	source	reviewed	not_feature_evidence	ordinary_tibetan_lexical_or_compound	secure_reviewed_alignment	high
wts_8_b	83	25	2	ཆུང	chuh	chuṅ	suffix_coda	ང	ṅ	token_final	reviewed_tibetan_exact_final_ng_consensus	target	reviewed	reviewed_explicit_feature_evidence	ordinary_tibetan_lexical_or_compound	secure_reviewed_alignment	high
wts_8_b	83	25	2	ཆུང	chuh	chuṅ	pre_coda_structural_unit	ཆུ	chu	pre_coda_stem	reviewed_tibetan_exact_final_ng_consensus	source	historical_source	unaffected_feature_from_reviewed_source	ordinary_tibetan_lexical_or_compound	secure_reviewed_alignment	medium
wts_8_b	97	2	3	རྐང	rkani	rkaṅ	unsegmented_structural_unit	རྐང	rka□	unaffected_span_support	reviewed_tibetan_exact_ocr_signature	source	historical_source	unaffected_feature_from_reviewed_source	ordinary_tibetan_lexical_or_compound	secure_reviewed_alignment	medium
wts_8_b	100	8	2	ཐང	than	thaṅ	suffix_coda	ང	ṅ	token_final	reviewed_tibetan_exact_final_ng_consensus	target	reviewed	reviewed_explicit_feature_evidence	ordinary_tibetan_lexical_or_compound	secure_reviewed_alignment	high
wts_8_b	100	8	2	ཐང	than	thaṅ	pre_coda_structural_unit	ཐ	tha	pre_coda_stem	reviewed_tibetan_exact_final_ng_consensus	source	historical_source	unaffected_feature_from_reviewed_source	ordinary_tibetan_lexical_or_compound	secure_reviewed_alignment	medium
wts_8_b	102	59	2	ཏིང	tin	tiṅ	suffix_coda	ང	ṅ	token_final	reviewed_tibetan_exact_final_ng_historical_witness	target	reviewed	reviewed_explicit_feature_evidence	ordinary_tibetan_lexical_or_compound	secure_reviewed_alignment	high
wts_8_b	102	59	2	ཏིང	tin	tiṅ	pre_coda_structural_unit	ཏི	ti	pre_coda_stem	reviewed_tibetan_exact_final_ng_historical_witness	source	historical_source	unaffected_feature_from_reviewed_source	ordinary_tibetan_lexical_or_compound	secure_reviewed_alignment	medium
wts_8_b	104	76	3	འཆང	chan	chaṅ	suffix_coda	ང	ṅ	token_final	reviewed_tibetan_exact_final_ng_consensus	target	reviewed	reviewed_explicit_feature_evidence	ordinary_tibetan_lexical_or_compound	secure_reviewed_alignment	high
wts_8_b	104	76	3	འཆང	chan	chaṅ	pre_coda_structural_unit	འཆ	cha	pre_coda_stem	reviewed_tibetan_exact_final_ng_consensus	source	historical_source	unaffected_feature_from_reviewed_source	ordinary_tibetan_lexical_or_compound	secure_reviewed_alignment	medium
wts_8_b	112	45	1	བོང	bon	boṅ	suffix_coda			token_final	reviewed_tibetan_exact_final_ng_consensus	target	reviewed	role_unresolved	ordinary_tibetan_lexical_or_compound	secure_reviewed_alignment	none
wts_8_b	115	52	1	བོང	bon	boṅ	suffix_coda			token_final	reviewed_tibetan_exact_final_ng_consensus	target	reviewed	role_unresolved	ordinary_tibetan_lexical_or_compound	secure_reviewed_alignment	none
wts_8_b	115	66	1	བོང	bon	boṅ	suffix_coda			token_final	reviewed_tibetan_exact_final_ng_consensus	target	reviewed	role_unresolved	ordinary_tibetan_lexical_or_compound	secure_reviewed_alignment	none
wts_8_b	128	43	2	གཞུང	gZuṅ	gźuṅ	root_consonant	ཞ	ź	root	reviewed_tibetan_exact_transcription_integrity	target	reviewed	reviewed_explicit_feature_evidence	ordinary_tibetan_lexical_or_compound	secure_reviewed_alignment	high
wts_8_b	128	43	2	གཞུང	gZuṅ	gźuṅ	unsegmented_structural_unit	གཞུང	g□uṅ	unaffected_span_support	reviewed_tibetan_exact_transcription_integrity	source	historical_source	unaffected_feature_from_reviewed_source	ordinary_tibetan_lexical_or_compound	secure_reviewed_alignment	medium
wts_8_b	142	39	2	རྐང	rkan	rkaṅ	suffix_coda	ང	ṅ	token_final	reviewed_tibetan_exact_final_ng_consensus	target	reviewed	reviewed_explicit_feature_evidence	ordinary_tibetan_lexical_or_compound	secure_reviewed_alignment	high
wts_8_b	142	39	2	རྐང	rkan	rkaṅ	pre_coda_structural_unit	རྐ	rka	pre_coda_stem	reviewed_tibetan_exact_final_ng_consensus	source	historical_source	unaffected_feature_from_reviewed_source	ordinary_tibetan_lexical_or_compound	secure_reviewed_alignment	medium
wts_8_b	148	27	2	བཏང	btani	btaṅ	unsegmented_structural_unit	བཏང	bta□	unaffected_span_support	reviewed_tibetan_exact_ocr_signature	source	historical_source	unaffected_feature_from_reviewed_source	ordinary_tibetan_lexical_or_compound	secure_reviewed_alignment	medium
wts_8_b	157	41	2	བཞག	bZag	bźag	root_consonant	ཞ	ź	root	reviewed_tibetan_exact_transcription_integrity	target	reviewed	reviewed_explicit_feature_evidence	ordinary_tibetan_lexical_or_compound	secure_reviewed_alignment	high
wts_8_b	157	41	2	བཞག	bZag	bźag	unsegmented_structural_unit	བཞག	b□ag	unaffected_span_support	reviewed_tibetan_exact_transcription_integrity	source	historical_source	unaffected_feature_from_reviewed_source	ordinary_tibetan_lexical_or_compound	secure_reviewed_alignment	medium
wts_8_b	162	46	1	བྱང	byan	byaṅ	suffix_coda	ང	ṅ	token_final	reviewed_tibetan_exact_final_ng_consensus	target	reviewed	reviewed_explicit_feature_evidence	ordinary_tibetan_lexical_or_compound	secure_reviewed_alignment	high
wts_8_b	162	46	1	བྱང	byan	byaṅ	pre_coda_structural_unit	བྱ	bya	pre_coda_stem	reviewed_tibetan_exact_final_ng_consensus	source	historical_source	unaffected_feature_from_reviewed_source	ordinary_tibetan_lexical_or_compound	secure_reviewed_alignment	medium
wts_8_b	163	68	1	བྱང	byah	byaṅ	suffix_coda	ང	ṅ	token_final	reviewed_tibetan_exact_final_ng_consensus	target	reviewed	reviewed_explicit_feature_evidence	ordinary_tibetan_lexical_or_compound	secure_reviewed_alignment	high
wts_8_b	163	68	1	བྱང	byah	byaṅ	pre_coda_structural_unit	བྱ	bya	pre_coda_stem	reviewed_tibetan_exact_final_ng_consensus	source	historical_source	unaffected_feature_from_reviewed_source	ordinary_tibetan_lexical_or_compound	secure_reviewed_alignment	medium
wts_8_b	165	48	1	བྱང	byan	byaṅ	suffix_coda	ང	ṅ	token_final	reviewed_tibetan_exact_final_ng_consensus	target	reviewed	reviewed_explicit_feature_evidence	ordinary_tibetan_lexical_or_compound	secure_reviewed_alignment	high
wts_8_b	165	48	1	བྱང	byan	byaṅ	pre_coda_structural_unit	བྱ	bya	pre_coda_stem	reviewed_tibetan_exact_final_ng_consensus	source	historical_source	unaffected_feature_from_reviewed_source	ordinary_tibetan_lexical_or_compound	secure_reviewed_alignment	medium
wts_8_b	179	7	1	བྱང	byan	byaṅ	suffix_coda	ང	ṅ	token_final	reviewed_tibetan_exact_final_ng_consensus	target	reviewed	reviewed_explicit_feature_evidence	ordinary_tibetan_lexical_or_compound	marker_or_damage	high
wts_8_b	179	7	1	བྱང	byan	byaṅ	pre_coda_structural_unit	བྱ	bya	pre_coda_stem	reviewed_tibetan_exact_final_ng_consensus	source	historical_source	unaffected_feature_from_reviewed_source	ordinary_tibetan_lexical_or_compound	marker_or_damage	medium
wts_8_b	185	80	3	པའི	Ina	lṅa	unsegmented_structural_unit	པའི	□□a	unaffected_span_support	reviewed_tibetan_exact_initial_i_l_family	source	historical_source	unaffected_feature_from_reviewed_source	ordinary_tibetan_lexical_or_compound	secure_reviewed_alignment	medium
wts_8_b	185	80	3	པའི	Ina	lṅa	unsegmented_structural_unit	པའི	□□a	unaffected_span_support	reviewed_tibetan_exact_initial_i_l_family	source	historical_source	unaffected_feature_from_reviewed_source	ordinary_tibetan_lexical_or_compound	secure_reviewed_alignment	medium
wts_8_b	185	80	4	ཆོས	Ina	lṅa	unsegmented_structural_unit	ཆོས	□□a	unaffected_span_support	reviewed_tibetan_exact_initial_i_l_family	source	historical_source	unaffected_feature_from_reviewed_source	ordinary_tibetan_lexical_or_compound	secure_reviewed_alignment	medium
wts_8_b	207	32	5	བཞི	bzi	bźi	root_consonant	ཞ	ź	root	reviewed_tibetan_exact_transcription_integrity	target	reviewed	reviewed_explicit_feature_evidence	ordinary_tibetan_lexical_or_compound	secure_reviewed_alignment	high
wts_8_b	207	32	5	བཞི	bzi	bźi	unsegmented_structural_unit	བཞི	b□i	unaffected_span_support	reviewed_tibetan_exact_transcription_integrity	source	historical_source	unaffected_feature_from_reviewed_source	ordinary_tibetan_lexical_or_compound	secure_reviewed_alignment	medium
wts_8_b	258	1	4	ཚང	tshani	tshaṅ	unsegmented_structural_unit	ཚང	tsha□	unaffected_span_support	reviewed_tibetan_exact_ocr_signature	source	historical_source	unaffected_feature_from_reviewed_source	ordinary_tibetan_lexical_or_compound	secure_reviewed_alignment	medium
wts_8_b	263	45	1	བྲང	bran	braṅ	suffix_coda	ང	ṅ	token_final	reviewed_tibetan_exact_final_ng_consensus	target	reviewed	reviewed_explicit_feature_evidence	ordinary_tibetan_lexical_or_compound	secure_reviewed_alignment	high
wts_8_b	263	45	1	བྲང	bran	braṅ	pre_coda_structural_unit	བྲ	bra	pre_coda_stem	reviewed_tibetan_exact_final_ng_consensus	source	historical_source	unaffected_feature_from_reviewed_source	ordinary_tibetan_lexical_or_compound	secure_reviewed_alignment	medium
wts_8_b	263	45	2	བྲེང	bren	breṅ	suffix_coda	ང	ṅ	token_final	reviewed_tibetan_exact_final_ng_consensus	target	reviewed	reviewed_explicit_feature_evidence	ordinary_tibetan_lexical_or_compound	secure_reviewed_alignment	high
wts_8_b	263	45	2	བྲེང	bren	breṅ	pre_coda_structural_unit	བྲེ	bre	pre_coda_stem	reviewed_tibetan_exact_final_ng_consensus	source	historical_source	unaffected_feature_from_reviewed_source	ordinary_tibetan_lexical_or_compound	secure_reviewed_alignment	medium
wts_8_b	279	2	9	བཏང	btan	btaṅ	suffix_coda	ང	ṅ	token_final	reviewed_tibetan_exact_final_ng_consensus	target	reviewed	reviewed_explicit_feature_evidence	unclear	secure_reviewed_alignment	high
wts_8_b	279	2	9	བཏང	btan	btaṅ	pre_coda_structural_unit	བཏ	bta	pre_coda_stem	reviewed_tibetan_exact_final_ng_consensus	source	historical_source	unaffected_feature_from_reviewed_source	unclear	secure_reviewed_alignment	medium
wts_8_b	284	23	1	བྲེང	bren	breṅ	suffix_coda	ང	ṅ	token_final	reviewed_tibetan_exact_final_ng_consensus	target	reviewed	reviewed_explicit_feature_evidence	tibetan_proper_name	marker_or_damage	high
wts_8_b	284	23	1	བྲེང	bren	breṅ	pre_coda_structural_unit	བྲེ	bre	pre_coda_stem	reviewed_tibetan_exact_final_ng_consensus	source	historical_source	unaffected_feature_from_reviewed_source	tibetan_proper_name	marker_or_damage	medium
wts_8_b	305	5	2	ཤིང	sin	siṅ	suffix_coda	ང	ṅ	token_final	reviewed_tibetan_exact_final_ng_source_compatible	target	reviewed	reviewed_explicit_feature_evidence	ordinary_tibetan_lexical_or_compound	secure_reviewed_alignment	high
wts_8_b	305	5	2	ཤིང	sin	siṅ	pre_coda_structural_unit	ཤི	si	pre_coda_stem	reviewed_tibetan_exact_final_ng_source_compatible	source	historical_source	unaffected_feature_from_reviewed_source	ordinary_tibetan_lexical_or_compound	secure_reviewed_alignment	medium
wts_8_b	310	1	2	ཀྱང	kyani	kyaṅ	unsegmented_structural_unit	ཀྱང	kya□	unaffected_span_support	reviewed_tibetan_exact_ocr_signature	source	historical_source	unaffected_feature_from_reviewed_source	ordinary_tibetan_lexical_or_compound	secure_reviewed_alignment	medium
wts_8_b	328	8	2	བཟང	bzan	bzaṅ	suffix_coda	ང	ṅ	token_final	reviewed_tibetan_exact_final_ng_consensus	target	reviewed	reviewed_explicit_feature_evidence	ordinary_tibetan_lexical_or_compound	secure_reviewed_alignment	high
wts_8_b	328	8	2	བཟང	bzan	bzaṅ	pre_coda_structural_unit	བཟ	bza	pre_coda_stem	reviewed_tibetan_exact_final_ng_consensus	source	historical_source	unaffected_feature_from_reviewed_source	ordinary_tibetan_lexical_or_compound	secure_reviewed_alignment	medium
wts_8_b	341	35	1	དབང	dban	dbaṅ	suffix_coda	ང	ṅ	token_final	reviewed_tibetan_exact_final_ng_consensus	target	reviewed	reviewed_explicit_feature_evidence	ordinary_tibetan_lexical_or_compound	secure_reviewed_alignment	high
wts_8_b	341	35	1	དབང	dban	dbaṅ	pre_coda_structural_unit	དབ	dba	pre_coda_stem	reviewed_tibetan_exact_final_ng_consensus	source	historical_source	unaffected_feature_from_reviewed_source	ordinary_tibetan_lexical_or_compound	secure_reviewed_alignment	medium
wts_8_b	345	13	1	དབང	dban	dbaṅ	suffix_coda	ང	ṅ	token_final	reviewed_tibetan_exact_final_ng_consensus	target	reviewed	reviewed_explicit_feature_evidence	ordinary_tibetan_lexical_or_compound	secure_reviewed_alignment	high
wts_8_b	345	13	1	དབང	dban	dbaṅ	pre_coda_structural_unit	དབ	dba	pre_coda_stem	reviewed_tibetan_exact_final_ng_consensus	source	historical_source	unaffected_feature_from_reviewed_source	ordinary_tibetan_lexical_or_compound	secure_reviewed_alignment	medium
wts_8_b	347	42	2	ཐང	thani	thaṅ	unsegmented_structural_unit	ཐང	tha□	unaffected_span_support	reviewed_tibetan_exact_ocr_signature	source	historical_source	unaffected_feature_from_reviewed_source	ordinary_tibetan_lexical_or_compound	secure_reviewed_alignment	medium
wts_8_b	348	21	6	ལྔ	Ina	lṅa	unsegmented_structural_unit	ལྔ	□□a	unaffected_span_support	reviewed_tibetan_exact_initial_i_l_family	source	historical_source	unaffected_feature_from_reviewed_source	ordinary_tibetan_lexical_or_compound	secure_reviewed_alignment	medium
wts_8_b	352	41	1	དབང	dban	dbaṅ	suffix_coda	ང	ṅ	token_final	reviewed_tibetan_exact_final_ng_consensus	target	reviewed	reviewed_explicit_feature_evidence	ordinary_tibetan_lexical_or_compound	secure_reviewed_alignment	high
wts_8_b	352	41	1	དབང	dban	dbaṅ	pre_coda_structural_unit	དབ	dba	pre_coda_stem	reviewed_tibetan_exact_final_ng_consensus	source	historical_source	unaffected_feature_from_reviewed_source	ordinary_tibetan_lexical_or_compound	secure_reviewed_alignment	medium
wts_8_b	356	1	1	དབང	dban	dbaṅ	suffix_coda	ང	ṅ	token_final	reviewed_tibetan_exact_final_ng_consensus	target	reviewed	reviewed_explicit_feature_evidence	ordinary_tibetan_lexical_or_compound	secure_reviewed_alignment	high
wts_8_b	356	1	1	དབང	dban	dbaṅ	pre_coda_structural_unit	དབ	dba	pre_coda_stem	reviewed_tibetan_exact_final_ng_consensus	source	historical_source	unaffected_feature_from_reviewed_source	ordinary_tibetan_lexical_or_compound	secure_reviewed_alignment	medium
wts_8_b	356	7	1	དབང	dban	dbaṅ	suffix_coda	ང	ṅ	token_final	reviewed_tibetan_exact_final_ng_consensus	target	reviewed	reviewed_explicit_feature_evidence	ordinary_tibetan_lexical_or_compound	marker_or_damage	high
wts_8_b	356	7	1	དབང	dban	dbaṅ	pre_coda_structural_unit	དབ	dba	pre_coda_stem	reviewed_tibetan_exact_final_ng_consensus	source	historical_source	unaffected_feature_from_reviewed_source	ordinary_tibetan_lexical_or_compound	marker_or_damage	medium
wts_8_b	356	8	3	ལྔ	Ina	lṅa	unsegmented_structural_unit	ལྔ	□□a	unaffected_span_support	reviewed_tibetan_exact_initial_i_l_family	source	historical_source	unaffected_feature_from_reviewed_source	ordinary_tibetan_lexical_or_compound	secure_reviewed_alignment	medium
wts_8_b	358	34	1	དབང	dban	dbaṅ	suffix_coda	ང	ṅ	token_final	reviewed_tibetan_exact_final_ng_consensus	target	reviewed	reviewed_explicit_feature_evidence	ordinary_tibetan_lexical_or_compound	secure_reviewed_alignment	high
wts_8_b	358	34	1	དབང	dban	dbaṅ	pre_coda_structural_unit	དབ	dba	pre_coda_stem	reviewed_tibetan_exact_final_ng_consensus	source	historical_source	unaffected_feature_from_reviewed_source	ordinary_tibetan_lexical_or_compound	secure_reviewed_alignment	medium
wts_8_b	363	57	1	དབང	dban	dbaṅ	suffix_coda	ང	ṅ	token_final	reviewed_tibetan_exact_final_ng_consensus	target	reviewed	reviewed_explicit_feature_evidence	ordinary_tibetan_lexical_or_compound	marker_or_damage	high
wts_8_b	363	57	1	དབང	dban	dbaṅ	pre_coda_structural_unit	དབ	dba	pre_coda_stem	reviewed_tibetan_exact_final_ng_consensus	source	historical_source	unaffected_feature_from_reviewed_source	ordinary_tibetan_lexical_or_compound	marker_or_damage	medium
wts_8_b	363	67	1	དབང	dban	dbaṅ	suffix_coda	ང	ṅ	token_final	reviewed_tibetan_exact_final_ng_consensus	target	reviewed	reviewed_explicit_feature_evidence	ordinary_tibetan_lexical_or_compound	secure_reviewed_alignment	high
wts_8_b	363	67	1	དབང	dban	dbaṅ	pre_coda_structural_unit	དབ	dba	pre_coda_stem	reviewed_tibetan_exact_final_ng_consensus	source	historical_source	unaffected_feature_from_reviewed_source	ordinary_tibetan_lexical_or_compound	secure_reviewed_alignment	medium
wts_8_b	372	39	2	ལྔ	Ina	lṅa	unsegmented_structural_unit	ལྔ	□□a	unaffected_span_support	reviewed_tibetan_exact_initial_i_l_family	source	historical_source	unaffected_feature_from_reviewed_source	ordinary_tibetan_lexical_or_compound	secure_reviewed_alignment	medium
wts_8_b	375	17	3	འཕྲེང	phren	phreṅ	unsegmented_structural_unit	འཕྲེང	phre□	unaffected_span_support	reviewed_tibetan_exact_ocr_signature	source	historical_source	unaffected_feature_from_reviewed_source	ordinary_tibetan_lexical_or_compound	secure_reviewed_alignment	medium
wts_8_b	398	42	2	ཞང	Zaṅ	źaṅ	root_consonant	ཞ	ź	root	reviewed_tibetan_exact_transcription_integrity	target	reviewed	reviewed_explicit_feature_evidence	ordinary_tibetan_lexical_or_compound	secure_reviewed_alignment	high
wts_8_b	398	42	2	ཞང	Zaṅ	źaṅ	unsegmented_structural_unit	ཞང	□aṅ	unaffected_span_support	reviewed_tibetan_exact_transcription_integrity	source	historical_source	unaffected_feature_from_reviewed_source	ordinary_tibetan_lexical_or_compound	secure_reviewed_alignment	medium
wts_8_b	408	49	9	ཤིང	sin	siṅ	suffix_coda	ང	ṅ	token_final	reviewed_tibetan_exact_final_ng_source_compatible	target	reviewed	reviewed_explicit_feature_evidence	unclear	secure_reviewed_alignment	high
wts_8_b	408	49	9	ཤིང	sin	siṅ	pre_coda_structural_unit	ཤི	si	pre_coda_stem	reviewed_tibetan_exact_final_ng_source_compatible	source	historical_source	unaffected_feature_from_reviewed_source	unclear	secure_reviewed_alignment	medium
wts_8_b	409	43	2	ལླགས	Ipags	lpags	unsegmented_structural_unit	ལླགས	□pags	unaffected_span_support	reviewed_tibetan_exact_initial_i_l_family	source	historical_source	unaffected_feature_from_reviewed_source	ordinary_tibetan_lexical_or_compound	secure_reviewed_alignment	medium
wts_8_b	409	62	2	མོང	mon	moṅ	suffix_coda			token_final	reviewed_tibetan_exact_final_ng_consensus	target	reviewed	role_unresolved	ordinary_tibetan_lexical_or_compound	secure_reviewed_alignment	none
wts_8_b	409	73	2	མོང	mon	moṅ	suffix_coda			token_final	reviewed_tibetan_exact_final_ng_consensus	target	reviewed	role_unresolved	ordinary_tibetan_lexical_or_compound	marker_or_damage	none
wts_8_b	417	19	5	པ	Tdbyig	↑ dbyig	unsegmented_structural_unit	པ	□dbyig	unaffected_span_support	reviewed_tibetan_exact_reference_marker	source	historical_source	unaffected_feature_from_reviewed_source	ordinary_tibetan_lexical_or_compound	secure_reviewed_alignment	medium
wts_8_b	432	24	3	དོང	don	doṅ	suffix_coda			token_final	reviewed_tibetan_exact_final_ng_consensus	target	reviewed	role_unresolved	ordinary_tibetan_lexical_or_compound	secure_reviewed_alignment	none
wts_8_b	433	23	2	ཚོང	tshon	tshoṅ	suffix_coda	ང	ṅ	token_final	reviewed_tibetan_exact_final_ng_source_compatible	target	reviewed	reviewed_explicit_feature_evidence	ordinary_tibetan_lexical_or_compound	secure_reviewed_alignment	high
wts_8_b	433	23	2	ཚོང	tshon	tshoṅ	pre_coda_structural_unit	ཚོ	tsho	pre_coda_stem	reviewed_tibetan_exact_final_ng_source_compatible	source	historical_source	unaffected_feature_from_reviewed_source	ordinary_tibetan_lexical_or_compound	secure_reviewed_alignment	medium
wts_8_b	434	12	2	ཞིག	zig	źig	unsegmented_structural_unit	ཞིག	□ig	unaffected_span_support	reviewed_tibetan_exact_ocr_signature	source	historical_source	unaffected_feature_from_reviewed_source	ordinary_tibetan_lexical_or_compound	secure_reviewed_alignment	medium
wts_8_b	436	81	5	ལྔ	Ina	lṅa	unsegmented_structural_unit	ལྔ	□□a	unaffected_span_support	reviewed_tibetan_exact_initial_i_l_family	source	historical_source	unaffected_feature_from_reviewed_source	ordinary_tibetan_lexical_or_compound	secure_reviewed_alignment	medium
wts_8_b	438	28	2	ཤིང	sin	siṅ	suffix_coda	ང	ṅ	token_final	reviewed_tibetan_exact_final_ng_source_compatible	target	reviewed	reviewed_explicit_feature_evidence	ordinary_tibetan_lexical_or_compound	secure_reviewed_alignment	high
wts_8_b	438	28	2	ཤིང	sin	siṅ	pre_coda_structural_unit	ཤི	si	pre_coda_stem	reviewed_tibetan_exact_final_ng_source_compatible	source	historical_source	unaffected_feature_from_reviewed_source	ordinary_tibetan_lexical_or_compound	secure_reviewed_alignment	medium
wts_8_b	444	56	2	གླིང	glin	gliṅ	suffix_coda	ང	ṅ	token_final	reviewed_tibetan_exact_final_ng_consensus	target	reviewed	reviewed_explicit_feature_evidence	tibetan_proper_name	secure_reviewed_alignment	high
wts_8_b	444	56	2	གླིང	glin	gliṅ	pre_coda_structural_unit	གླི	gli	pre_coda_stem	reviewed_tibetan_exact_final_ng_consensus	source	historical_source	unaffected_feature_from_reviewed_source	tibetan_proper_name	secure_reviewed_alignment	medium
wts_8_b	450	43	2	གང	gan	gaṅ	suffix_coda			token_final	reviewed_tibetan_exact_script_ng_witness	target	reviewed	role_unresolved	ordinary_tibetan_lexical_or_compound	secure_reviewed_alignment	none
wts_8_b	462	32	1	འབྱུང	byun	byuṅ	suffix_coda	ང	ṅ	token_final	reviewed_tibetan_exact_final_ng_consensus	target	reviewed	reviewed_explicit_feature_evidence	ordinary_tibetan_lexical_or_compound	secure_reviewed_alignment	high
wts_8_b	462	32	1	འབྱུང	byun	byuṅ	pre_coda_structural_unit	འབྱུ	byu	pre_coda_stem	reviewed_tibetan_exact_final_ng_consensus	source	historical_source	unaffected_feature_from_reviewed_source	ordinary_tibetan_lexical_or_compound	secure_reviewed_alignment	medium
wts_8_b	463	48	1	འབྱུང	byun	byuṅ	suffix_coda	ང	ṅ	token_final	reviewed_tibetan_exact_final_ng_consensus	target	reviewed	reviewed_explicit_feature_evidence	ordinary_tibetan_lexical_or_compound	secure_reviewed_alignment	high
wts_8_b	463	48	1	འབྱུང	byun	byuṅ	pre_coda_structural_unit	འབྱུ	byu	pre_coda_stem	reviewed_tibetan_exact_final_ng_consensus	source	historical_source	unaffected_feature_from_reviewed_source	ordinary_tibetan_lexical_or_compound	secure_reviewed_alignment	medium
wts_8_b	464	1	1	འབྱུང	byun	byuṅ	suffix_coda	ང	ṅ	token_final	reviewed_tibetan_exact_final_ng_consensus	target	reviewed	reviewed_explicit_feature_evidence	ordinary_tibetan_lexical_or_compound	secure_reviewed_alignment	high
wts_8_b	464	1	1	འབྱུང	byun	byuṅ	pre_coda_structural_unit	འབྱུ	byu	pre_coda_stem	reviewed_tibetan_exact_final_ng_consensus	source	historical_source	unaffected_feature_from_reviewed_source	ordinary_tibetan_lexical_or_compound	secure_reviewed_alignment	medium
wts_8_b	466	1	1	འབྱུང	byun	byuṅ	suffix_coda	ང	ṅ	token_final	reviewed_tibetan_exact_final_ng_consensus	target	reviewed	reviewed_explicit_feature_evidence	ordinary_tibetan_lexical_or_compound	secure_reviewed_alignment	high
wts_8_b	466	1	1	འབྱུང	byun	byuṅ	pre_coda_structural_unit	འབྱུ	byu	pre_coda_stem	reviewed_tibetan_exact_final_ng_consensus	source	historical_source	unaffected_feature_from_reviewed_source	ordinary_tibetan_lexical_or_compound	secure_reviewed_alignment	medium
wts_8_b	466	47	1	འབྱུང	byun	byuṅ	suffix_coda	ང	ṅ	token_final	reviewed_tibetan_exact_final_ng_consensus	target	reviewed	reviewed_explicit_feature_evidence	ordinary_tibetan_lexical_or_compound	secure_reviewed_alignment	high
wts_8_b	466	47	1	འབྱུང	byun	byuṅ	pre_coda_structural_unit	འབྱུ	byu	pre_coda_stem	reviewed_tibetan_exact_final_ng_consensus	source	historical_source	unaffected_feature_from_reviewed_source	ordinary_tibetan_lexical_or_compound	secure_reviewed_alignment	medium
wts_8_b	468	40	3	བཞི	bZi	bźi	root_consonant	ཞ	ź	root	reviewed_tibetan_exact_transcription_integrity	target	reviewed	reviewed_explicit_feature_evidence	ordinary_tibetan_lexical_or_compound	secure_reviewed_alignment	high
wts_8_b	468	40	3	བཞི	bZi	bźi	unsegmented_structural_unit	བཞི	b□i	unaffected_span_support	reviewed_tibetan_exact_transcription_integrity	source	historical_source	unaffected_feature_from_reviewed_source	ordinary_tibetan_lexical_or_compound	secure_reviewed_alignment	medium
wts_8_b	468	47	2	ལྔ	Ina	lṅa	unsegmented_structural_unit	ལྔ	□□a	unaffected_span_support	reviewed_tibetan_exact_initial_i_l_family	source	historical_source	unaffected_feature_from_reviewed_source	ordinary_tibetan_lexical_or_compound	secure_reviewed_alignment	medium
wts_8_b	469	46	1	འབྱུང	byun	byuṅ	suffix_coda	ང	ṅ	token_final	reviewed_tibetan_exact_final_ng_consensus	target	reviewed	reviewed_explicit_feature_evidence	ordinary_tibetan_lexical_or_compound	secure_reviewed_alignment	high
wts_8_b	469	46	1	འབྱུང	byun	byuṅ	pre_coda_structural_unit	འབྱུ	byu	pre_coda_stem	reviewed_tibetan_exact_final_ng_consensus	source	historical_source	unaffected_feature_from_reviewed_source	ordinary_tibetan_lexical_or_compound	secure_reviewed_alignment	medium
wts_8_b	470	1	1	འབྱུང	byun	byuṅ	suffix_coda	ང	ṅ	token_final	reviewed_tibetan_exact_final_ng_consensus	target	reviewed	reviewed_explicit_feature_evidence	ordinary_tibetan_lexical_or_compound	secure_reviewed_alignment	high
wts_8_b	470	1	1	འབྱུང	byun	byuṅ	pre_coda_structural_unit	འབྱུ	byu	pre_coda_stem	reviewed_tibetan_exact_final_ng_consensus	source	historical_source	unaffected_feature_from_reviewed_source	ordinary_tibetan_lexical_or_compound	secure_reviewed_alignment	medium
wts_8_b	470	23	1	འབྱུང	byun	byuṅ	suffix_coda	ང	ṅ	token_final	reviewed_tibetan_exact_final_ng_consensus	target	reviewed	reviewed_explicit_feature_evidence	ordinary_tibetan_lexical_or_compound	secure_reviewed_alignment	high
wts_8_b	470	23	1	འབྱུང	byun	byuṅ	pre_coda_structural_unit	འབྱུ	byu	pre_coda_stem	reviewed_tibetan_exact_final_ng_consensus	source	historical_source	unaffected_feature_from_reviewed_source	ordinary_tibetan_lexical_or_compound	secure_reviewed_alignment	medium
wts_8_b	470	46	1	འབྱུང	byun	byuṅ	suffix_coda	ང	ṅ	token_final	reviewed_tibetan_exact_final_ng_consensus	target	reviewed	reviewed_explicit_feature_evidence	ordinary_tibetan_lexical_or_compound	secure_reviewed_alignment	high
wts_8_b	470	46	1	འབྱུང	byun	byuṅ	pre_coda_structural_unit	འབྱུ	byu	pre_coda_stem	reviewed_tibetan_exact_final_ng_consensus	source	historical_source	unaffected_feature_from_reviewed_source	ordinary_tibetan_lexical_or_compound	secure_reviewed_alignment	medium
wts_8_b	470	62	1	འབྱུང	byun	byuṅ	suffix_coda	ང	ṅ	token_final	reviewed_tibetan_exact_final_ng_consensus	target	reviewed	reviewed_explicit_feature_evidence	ordinary_tibetan_lexical_or_compound	secure_reviewed_alignment	high
wts_8_b	470	62	1	འབྱུང	byun	byuṅ	pre_coda_structural_unit	འབྱུ	byu	pre_coda_stem	reviewed_tibetan_exact_final_ng_consensus	source	historical_source	unaffected_feature_from_reviewed_source	ordinary_tibetan_lexical_or_compound	secure_reviewed_alignment	medium
wts_8_b	472	1	1	འབྱུང	byuh	byuṅ	suffix_coda	ང	ṅ	token_final	reviewed_tibetan_exact_final_ng_consensus	target	reviewed	reviewed_explicit_feature_evidence	ordinary_tibetan_lexical_or_compound	secure_reviewed_alignment	high
wts_8_b	472	1	1	འབྱུང	byuh	byuṅ	pre_coda_structural_unit	འབྱུ	byu	pre_coda_stem	reviewed_tibetan_exact_final_ng_consensus	source	historical_source	unaffected_feature_from_reviewed_source	ordinary_tibetan_lexical_or_compound	secure_reviewed_alignment	medium
wts_8_b	472	14	1	འབྱུང	byuh	byuṅ	suffix_coda	ང	ṅ	token_final	reviewed_tibetan_exact_final_ng_consensus	target	reviewed	reviewed_explicit_feature_evidence	ordinary_tibetan_lexical_or_compound	secure_reviewed_alignment	high
wts_8_b	472	14	1	འབྱུང	byuh	byuṅ	pre_coda_structural_unit	འབྱུ	byu	pre_coda_stem	reviewed_tibetan_exact_final_ng_consensus	source	historical_source	unaffected_feature_from_reviewed_source	ordinary_tibetan_lexical_or_compound	secure_reviewed_alignment	medium
wts_8_b	473	1	1	འབྱུང	byun	byuṅ	suffix_coda	ང	ṅ	token_final	reviewed_tibetan_exact_final_ng_consensus	target	reviewed	reviewed_explicit_feature_evidence	ordinary_tibetan_lexical_or_compound	secure_reviewed_alignment	high
wts_8_b	473	1	1	འབྱུང	byun	byuṅ	pre_coda_structural_unit	འབྱུ	byu	pre_coda_stem	reviewed_tibetan_exact_final_ng_consensus	source	historical_source	unaffected_feature_from_reviewed_source	ordinary_tibetan_lexical_or_compound	secure_reviewed_alignment	medium
wts_8_b	476	21	1	འབྱོང	byon	byoṅ	suffix_coda	ང	ṅ	token_final	reviewed_tibetan_exact_final_ng_consensus	target	reviewed	reviewed_explicit_feature_evidence	ordinary_tibetan_lexical_or_compound	secure_reviewed_alignment	high
wts_8_b	476	21	1	འབྱོང	byon	byoṅ	pre_coda_structural_unit	འབྱོ	byo	pre_coda_stem	reviewed_tibetan_exact_final_ng_consensus	source	historical_source	unaffected_feature_from_reviewed_source	ordinary_tibetan_lexical_or_compound	secure_reviewed_alignment	medium
wts_8_b	476	22	1	འབྱོང	byon	byoṅ	suffix_coda	ང	ṅ	token_final	reviewed_tibetan_exact_final_ng_consensus	target	reviewed	reviewed_explicit_feature_evidence	ordinary_tibetan_lexical_or_compound	secure_reviewed_alignment	high
wts_8_b	476	22	1	འབྱོང	byon	byoṅ	pre_coda_structural_unit	འབྱོ	byo	pre_coda_stem	reviewed_tibetan_exact_final_ng_consensus	source	historical_source	unaffected_feature_from_reviewed_source	ordinary_tibetan_lexical_or_compound	secure_reviewed_alignment	medium
wts_8_b	481	67	5	འབྲང	bran	braṅ	suffix_coda	ང	ṅ	token_final	reviewed_tibetan_exact_final_ng_consensus	target	reviewed	reviewed_explicit_feature_evidence	unclear	marker_or_damage	high
wts_8_b	481	67	5	འབྲང	bran	braṅ	pre_coda_structural_unit	འབྲ	bra	pre_coda_stem	reviewed_tibetan_exact_final_ng_consensus	source	historical_source	unaffected_feature_from_reviewed_source	unclear	marker_or_damage	medium
wts_8_b	486	7	2	གང	gah	gaṅ	suffix_coda			token_final	reviewed_tibetan_exact_final_ng_consensus	target	reviewed	role_unresolved	ordinary_tibetan_lexical_or_compound	secure_reviewed_alignment	none
wts_8_b	490	1	3	ལྔ	Ina	lṅa	unsegmented_structural_unit	ལྔ	□□a	unaffected_span_support	reviewed_tibetan_exact_initial_i_l_family	source	historical_source	unaffected_feature_from_reviewed_source	ordinary_tibetan_lexical_or_compound	secure_reviewed_alignment	medium
wts_8_b	491	17	3	བཞི	bzi	bźi	root_consonant	ཞ	ź	root	reviewed_tibetan_exact_transcription_integrity	target	reviewed	reviewed_explicit_feature_evidence	ordinary_tibetan_lexical_or_compound	secure_reviewed_alignment	high
wts_8_b	491	17	3	བཞི	bzi	bźi	unsegmented_structural_unit	བཞི	b□i	unaffected_span_support	reviewed_tibetan_exact_transcription_integrity	source	historical_source	unaffected_feature_from_reviewed_source	ordinary_tibetan_lexical_or_compound	secure_reviewed_alignment	medium
wts_8_b	493	24	2	ཤིང	sin	siṅ	suffix_coda	ང	ṅ	token_final	reviewed_tibetan_exact_final_ng_source_compatible	target	reviewed	reviewed_explicit_feature_evidence	ordinary_tibetan_lexical_or_compound	secure_reviewed_alignment	high
wts_8_b	493	24	2	ཤིང	sin	siṅ	pre_coda_structural_unit	ཤི	si	pre_coda_stem	reviewed_tibetan_exact_final_ng_source_compatible	source	historical_source	unaffected_feature_from_reviewed_source	ordinary_tibetan_lexical_or_compound	secure_reviewed_alignment	medium
wts_8_b	494	47	2	རྐང	rkani	rkaṅ	unsegmented_structural_unit	རྐང	rka□	unaffected_span_support	reviewed_tibetan_exact_ocr_signature	source	historical_source	unaffected_feature_from_reviewed_source	ordinary_tibetan_lexical_or_compound	secure_reviewed_alignment	medium
wts_8_b	498	1	1	འབྲིང	brin	briṅ	suffix_coda	ང	ṅ	token_final	reviewed_tibetan_exact_final_ng_consensus	target	reviewed	reviewed_explicit_feature_evidence	ordinary_tibetan_lexical_or_compound	secure_reviewed_alignment	high
wts_8_b	498	1	1	འབྲིང	brin	briṅ	pre_coda_structural_unit	འབྲི	bri	pre_coda_stem	reviewed_tibetan_exact_final_ng_consensus	source	historical_source	unaffected_feature_from_reviewed_source	ordinary_tibetan_lexical_or_compound	secure_reviewed_alignment	medium
wts_8_b	499	1	1	འབྲིང	brin	briṅ	suffix_coda	ང	ṅ	token_final	reviewed_tibetan_exact_final_ng_consensus	target	reviewed	reviewed_explicit_feature_evidence	ordinary_tibetan_lexical_or_compound	secure_reviewed_alignment	high
wts_8_b	499	1	1	འབྲིང	brin	briṅ	pre_coda_structural_unit	འབྲི	bri	pre_coda_stem	reviewed_tibetan_exact_final_ng_consensus	source	historical_source	unaffected_feature_from_reviewed_source	ordinary_tibetan_lexical_or_compound	secure_reviewed_alignment	medium
wts_8_b	502	37	1	འབྲུ	Ina	lṅa	unsegmented_structural_unit	འབྲུ	□□a	unaffected_span_support	reviewed_tibetan_exact_initial_i_l_family	source	historical_source	unaffected_feature_from_reviewed_source	ordinary_tibetan_lexical_or_compound	secure_reviewed_alignment	medium
wts_8_b	503	25	13	པ	Ina	lṅa	unsegmented_structural_unit	པ	□□a	unaffected_span_support	reviewed_tibetan_exact_initial_i_l_family	source	historical_source	unaffected_feature_from_reviewed_source	unclear	marker_or_damage	medium
wts_8_b	503	25	13	པ	Ina	lṅa	unsegmented_structural_unit	པ	□□a	unaffected_span_support	reviewed_tibetan_exact_initial_i_l_family	source	historical_source	unaffected_feature_from_reviewed_source	unclear	marker_or_damage	medium
wts_8_b	503	25	16	ལྔ	Ina	lṅa	unsegmented_structural_unit	ལྔ	□□a	unaffected_span_support	reviewed_tibetan_exact_initial_i_l_family	source	historical_source	unaffected_feature_from_reviewed_source	unclear	marker_or_damage	medium
wts_8_b	503	48	14	ལྔ	Ina	lṅa	unsegmented_structural_unit	ལྔ	□□a	unaffected_span_support	reviewed_tibetan_exact_initial_i_l_family	source	historical_source	unaffected_feature_from_reviewed_source	unclear	marker_or_damage	medium
wts_8_b	505	1	2	གསང	gsani	gsaṅ	unsegmented_structural_unit	གསང	gsa□	unaffected_span_support	reviewed_tibetan_exact_ocr_signature	source	historical_source	unaffected_feature_from_reviewed_source	ordinary_tibetan_lexical_or_compound	secure_reviewed_alignment	medium
wts_8_b	512	2	1	འབྲེང	bren	breṅ	suffix_coda	ང	ṅ	token_final	reviewed_tibetan_exact_final_ng_consensus	target	reviewed	reviewed_explicit_feature_evidence	ordinary_tibetan_lexical_or_compound	secure_reviewed_alignment	high
wts_8_b	512	2	1	འབྲེང	bren	breṅ	pre_coda_structural_unit	འབྲེ	bre	pre_coda_stem	reviewed_tibetan_exact_final_ng_consensus	source	historical_source	unaffected_feature_from_reviewed_source	ordinary_tibetan_lexical_or_compound	secure_reviewed_alignment	medium
wts_8_b	512	9	1	འབྲེང	bren	breṅ	suffix_coda	ང	ṅ	token_final	reviewed_tibetan_exact_final_ng_consensus	target	reviewed	reviewed_explicit_feature_evidence	tibetan_proper_name	secure_reviewed_alignment	high
wts_8_b	512	9	1	འབྲེང	bren	breṅ	pre_coda_structural_unit	འབྲེ	bre	pre_coda_stem	reviewed_tibetan_exact_final_ng_consensus	source	historical_source	unaffected_feature_from_reviewed_source	tibetan_proper_name	secure_reviewed_alignment	medium
wts_8_b	512	13	1	འབྲེང	bren	breṅ	suffix_coda	ང	ṅ	token_final	reviewed_tibetan_exact_final_ng_consensus	target	reviewed	reviewed_explicit_feature_evidence	ordinary_tibetan_lexical_or_compound	secure_reviewed_alignment	high
wts_8_b	512	13	1	འབྲེང	bren	breṅ	pre_coda_structural_unit	འབྲེ	bre	pre_coda_stem	reviewed_tibetan_exact_final_ng_consensus	source	historical_source	unaffected_feature_from_reviewed_source	ordinary_tibetan_lexical_or_compound	secure_reviewed_alignment	medium
wts_8_b	518	39	4	ལྔ	Ina	lṅa	unsegmented_structural_unit	ལྔ	□□a	unaffected_span_support	reviewed_tibetan_exact_initial_i_l_family	source	historical_source	unaffected_feature_from_reviewed_source	ordinary_tibetan_lexical_or_compound	secure_reviewed_alignment	medium
wts_8_b	529	25	2	ཆུང	chun	chuṅ	suffix_coda	ང	ṅ	token_final	reviewed_tibetan_exact_script_ng_witness	target	reviewed	reviewed_explicit_feature_evidence	ordinary_tibetan_lexical_or_compound	secure_reviewed_alignment	high
wts_8_b	529	25	2	ཆུང	chun	chuṅ	pre_coda_structural_unit	ཆུ	chu	pre_coda_stem	reviewed_tibetan_exact_script_ng_witness	source	historical_source	unaffected_feature_from_reviewed_source	ordinary_tibetan_lexical_or_compound	secure_reviewed_alignment	medium
wts_8_b	574	58	3	ཆང	chani	chaṅ	unsegmented_structural_unit	ཆང	cha□	unaffected_span_support	reviewed_tibetan_exact_ocr_signature	source	historical_source	unaffected_feature_from_reviewed_source	ordinary_tibetan_lexical_or_compound	secure_reviewed_alignment	medium
wts_8_b	580	45	2	འཆིང	chin	chiṅ	suffix_coda	ང	ṅ	token_final	reviewed_tibetan_exact_final_ng_consensus	target	reviewed	reviewed_explicit_feature_evidence	ordinary_tibetan_lexical_or_compound	secure_reviewed_alignment	high
wts_8_b	580	45	2	འཆིང	chin	chiṅ	pre_coda_structural_unit	འཆི	chi	pre_coda_stem	reviewed_tibetan_exact_final_ng_consensus	source	historical_source	unaffected_feature_from_reviewed_source	ordinary_tibetan_lexical_or_compound	secure_reviewed_alignment	medium
wts_8_b	581	26	5	ཆུང	chun	chuṅ	suffix_coda	ང	ṅ	token_final	reviewed_tibetan_exact_script_ng_witness	target	reviewed	reviewed_explicit_feature_evidence	unclear	secure_reviewed_alignment	high
wts_8_b	581	26	5	ཆུང	chun	chuṅ	pre_coda_structural_unit	ཆུ	chu	pre_coda_stem	reviewed_tibetan_exact_script_ng_witness	source	historical_source	unaffected_feature_from_reviewed_source	unclear	secure_reviewed_alignment	medium
wts_9_m	89	2	12	བཏང	btan	btaṅ	suffix_coda	ང	ṅ	token_final	reviewed_tibetan_exact_final_ng_consensus	target	reviewed	reviewed_explicit_feature_evidence	unclear	marker_or_damage	high
wts_9_m	89	2	12	བཏང	btan	btaṅ	pre_coda_structural_unit	བཏ	bta	pre_coda_stem	reviewed_tibetan_exact_final_ng_consensus	source	historical_source	unaffected_feature_from_reviewed_source	unclear	marker_or_damage	medium
wts_9_m	109	2	3	ལྷུན	Ihun	lhun	unsegmented_structural_unit	ལྷུན	□hun	unaffected_span_support	reviewed_tibetan_exact_initial_i_l_family	source	historical_source	unaffected_feature_from_reviewed_source	ordinary_tibetan_lexical_or_compound	secure_reviewed_alignment	medium
wts_9_m	109	25	3	ལན	Ihun	lhun	unsegmented_structural_unit	ལན	□hun	unaffected_span_support	reviewed_tibetan_exact_initial_i_l_family	source	historical_source	unaffected_feature_from_reviewed_source	tibetan_proper_name	secure_reviewed_alignment	medium
wts_9_m	129	1	2	གཙང	gtsani	gtsaṅ				full_token	reviewed_tibetan_exact_second_ambitious_gtsang	source	reviewed	not_feature_evidence	ordinary_tibetan_lexical_or_compound	secure_reviewed_alignment	high
wts_9_m	149	53	2	གང	gan	gaṅ	suffix_coda			token_final	reviewed_tibetan_exact_script_ng_witness	target	reviewed	role_unresolved	ordinary_tibetan_lexical_or_compound	secure_reviewed_alignment	none
wts_9_m	154	57	2	ལྤགས	Ipags	lpags	unsegmented_structural_unit	ལྤགས	□pags	unaffected_span_support	reviewed_tibetan_exact_initial_i_l_family	source	historical_source	unaffected_feature_from_reviewed_source	ordinary_tibetan_lexical_or_compound	secure_reviewed_alignment	medium
wts_9_m	156	57	3	བཟང	bzan	bzaṅ	suffix_coda	ང	ṅ	token_final	reviewed_tibetan_exact_final_ng_consensus	target	reviewed	reviewed_explicit_feature_evidence	ordinary_tibetan_lexical_or_compound	secure_reviewed_alignment	high
wts_9_m	156	57	3	བཟང	bzan	bzaṅ	pre_coda_structural_unit	བཟ	bza	pre_coda_stem	reviewed_tibetan_exact_final_ng_consensus	source	historical_source	unaffected_feature_from_reviewed_source	ordinary_tibetan_lexical_or_compound	secure_reviewed_alignment	medium
wts_9_m	158	18	4	འབྱུང	byun	byuṅ	suffix_coda	ང	ṅ	token_final	reviewed_tibetan_exact_final_ng_consensus	target	reviewed	reviewed_explicit_feature_evidence	tibetan_proper_name	secure_reviewed_alignment	high
wts_9_m	158	18	4	འབྱུང	byun	byuṅ	pre_coda_structural_unit	འབྱུ	byu	pre_coda_stem	reviewed_tibetan_exact_final_ng_consensus	source	historical_source	unaffected_feature_from_reviewed_source	tibetan_proper_name	secure_reviewed_alignment	medium
wts_9_m	199	73	4	དྲུང	drun	druṅ	suffix_coda	ང	ṅ	token_final	reviewed_tibetan_exact_final_ng_consensus	target	reviewed	reviewed_explicit_feature_evidence	ordinary_tibetan_lexical_or_compound	secure_reviewed_alignment	high
wts_9_m	199	73	4	དྲུང	drun	druṅ	pre_coda_structural_unit	དྲུ	dru	pre_coda_stem	reviewed_tibetan_exact_final_ng_consensus	source	historical_source	unaffected_feature_from_reviewed_source	ordinary_tibetan_lexical_or_compound	secure_reviewed_alignment	medium
wts_9_m	225	80	2	ལོང	lon	loṅ	suffix_coda	ང	ṅ	token_final	reviewed_tibetan_exact_final_ng_consensus	target	reviewed	reviewed_explicit_feature_evidence	ordinary_tibetan_lexical_or_compound	secure_reviewed_alignment	high
wts_9_m	225	80	2	ལོང	lon	loṅ	pre_coda_structural_unit	ལོ	lo	pre_coda_stem	reviewed_tibetan_exact_final_ng_consensus	source	historical_source	unaffected_feature_from_reviewed_source	ordinary_tibetan_lexical_or_compound	secure_reviewed_alignment	medium
wts_9_m	251	16	4	བཞི	bZi	bźi	root_consonant	ཞ	ź	root	reviewed_tibetan_exact_transcription_integrity	target	reviewed	reviewed_explicit_feature_evidence	ordinary_tibetan_lexical_or_compound	secure_reviewed_alignment	high
wts_9_m	251	16	4	བཞི	bZi	bźi	unsegmented_structural_unit	བཞི	b□i	unaffected_span_support	reviewed_tibetan_exact_transcription_integrity	source	historical_source	unaffected_feature_from_reviewed_source	ordinary_tibetan_lexical_or_compound	secure_reviewed_alignment	medium
wts_9_m	273	44	1	མྱང	myani	myaṅ	unsegmented_structural_unit	མྱང	mya□	unaffected_span_support	reviewed_tibetan_exact_ocr_signature	source	historical_source	unaffected_feature_from_reviewed_source	ordinary_tibetan_lexical_or_compound	secure_reviewed_alignment	medium
wts_9_m	279	59	2	ཆུང	chun	chuṅ	suffix_coda	ང	ṅ	token_final	reviewed_tibetan_exact_script_ng_witness	target	reviewed	reviewed_explicit_feature_evidence	ordinary_tibetan_lexical_or_compound	secure_reviewed_alignment	high
wts_9_m	279	59	2	ཆུང	chun	chuṅ	pre_coda_structural_unit	ཆུ	chu	pre_coda_stem	reviewed_tibetan_exact_script_ng_witness	source	historical_source	unaffected_feature_from_reviewed_source	ordinary_tibetan_lexical_or_compound	secure_reviewed_alignment	medium
wts_9_m	303	62	2	ཐང	than	thaṅ	suffix_coda	ང	ṅ	token_final	reviewed_tibetan_exact_final_ng_consensus	target	reviewed	reviewed_explicit_feature_evidence	ordinary_tibetan_lexical_or_compound	secure_reviewed_alignment	high
wts_9_m	303	62	2	ཐང	than	thaṅ	pre_coda_structural_unit	ཐ	tha	pre_coda_stem	reviewed_tibetan_exact_final_ng_consensus	source	historical_source	unaffected_feature_from_reviewed_source	ordinary_tibetan_lexical_or_compound	secure_reviewed_alignment	medium
wts_9_m	316	79	2	རྫིང	rdzin	rdziṅ	suffix_coda	ང	ṅ	token_final	reviewed_tibetan_exact_final_ng_consensus	target	reviewed	reviewed_explicit_feature_evidence	ordinary_tibetan_lexical_or_compound	secure_reviewed_alignment	high
wts_9_m	316	79	2	རྫིང	rdzin	rdziṅ	pre_coda_structural_unit	རྫི	rdzi	pre_coda_stem	reviewed_tibetan_exact_final_ng_consensus	source	historical_source	unaffected_feature_from_reviewed_source	ordinary_tibetan_lexical_or_compound	secure_reviewed_alignment	medium
wts_9_m	330	63	1	རྨང	rmani	rmaṅ	unsegmented_structural_unit	རྨང	rma□	unaffected_span_support	reviewed_tibetan_exact_ocr_signature	source	historical_source	unaffected_feature_from_reviewed_source	ordinary_tibetan_lexical_or_compound	secure_reviewed_alignment	medium
wts_9_m	331	1	1	རྨང	rmani	rmaṅ	unsegmented_structural_unit	རྨང	rma□	unaffected_span_support	reviewed_tibetan_exact_ocr_signature	source	historical_source	unaffected_feature_from_reviewed_source	ordinary_tibetan_lexical_or_compound	secure_reviewed_alignment	medium
wts_9_m	332	2	1	རྨང	rmani	rmaṅ	unsegmented_structural_unit	རྨང	rma□	unaffected_span_support	reviewed_tibetan_exact_ocr_signature	source	historical_source	unaffected_feature_from_reviewed_source	ordinary_tibetan_lexical_or_compound	secure_reviewed_alignment	medium
