tibetan_syllable	current_source	canonical_target	canonical_confidence_tier	occurrence_count	edit_signatures	signature_statuses	action_category	domain_breakdown	damage_or_marker	canonical_evidence	sample_contexts
ཀན	kun	kan	canonical_independent_strong	1	SUB u→a	candidate_review	one_signature_missing	ordinary_tibetan_lexical_or_compound:1	damage:0;marker:0	independent_multi_context_canonical	ཀན་ཏུ་རྒྱས་པར་བྱེད་པ་ kun tu rgyas par byed pa ver-
ཀན	rje	kan	canonical_independent_strong	1	SUB r→k;SUB j→a;SUB e→n	diagnostic_only;diagnostic_only;diagnostic_only	domain_risk	tibetan_proper_name:1	damage:0;marker:0	independent_multi_context_canonical	་རྗེ་ཀན་འགྲབ་མ། rdo rje kun 'grub ma npr. Ge- AR
ཀར	Sperma	kar	canonical_independent_strong	1	REPLACE Spe→ka;DEL ma	diagnostic_only;diagnostic_only	multiple_signatures_missing	ordinary_tibetan_lexical_or_compound:1	damage:0;marker:0	independent_multi_context_canonical	།ཁམས་ད་ཀར་ khams dkar Sperma.
ཀར	ka	kar	canonical_independent_strong	1	INS r	diagnostic_only	one_signature_missing	ordinary_tibetan_lexical_or_compound:1	damage:0;marker:0	independent_multi_context_canonical	ཀར་ཝི་ར་ ka 7 wira !ka ra bi ra.
ཀེ	ARE	ke	canonical_independent_strong	1	REPLACE ARE→ke	diagnostic_only	one_signature_missing	ordinary_tibetan_lexical_or_compound:1	damage:0;marker:0	independent_multi_context_canonical	ཀེ འོང རོང ARE N doṅ
ཀེ	Ime	ke	canonical_independent_strong	0	REPLACE Im→k	diagnostic_only	alignment_or_damage	ordinary_tibetan_lexical_or_compound:1	damage:0;marker:1	independent_multi_context_canonical	མ་ཀེ་ན་ makena Ime ge na.
ཀེ	keN	ke	canonical_independent_strong	1	DEL N	diagnostic_only	one_signature_missing	ordinary_tibetan_lexical_or_compound:1	damage:0;marker:0	independent_multi_context_canonical	"ཀེ་ ""keN. eines Klans (zw.)."
ཀེ	keru	ke	canonical_independent_strong	1	DEL ru	diagnostic_only	one_signature_missing	ordinary_tibetan_lexical_or_compound:1	damage:0;marker:0	independent_multi_context_canonical	ཀེ་རུ་ keru (dkar); vgl. ka rn.
ཀེ	ketaraN	ke	canonical_independent_strong	1	DEL taraN	diagnostic_only	one_signature_missing	ordinary_tibetan_lexical_or_compound:1	damage:0;marker:0	independent_multi_context_canonical	ཀེ་ཏ་ར་ ketaraN. eines Bergs (Jä).
ཀེ	sa	ke	canonical_independent_strong	1	SUB s→k;SUB a→e	diagnostic_only;diagnostic_only	domain_risk	sanskrit_or_indic_transcription:1	damage:0;marker:0	independent_multi_context_canonical	ཀེ་ཤ་ sa. — von skt. keśa.
ཀེག	kegrtsis	keg	canonical_independent_strong	1	DEL rtsis	diagnostic_only	one_signature_missing	ordinary_tibetan_lexical_or_compound:1	damage:0;marker:0	independent_multi_context_canonical	ཀེག་རྩིས་ kegrtsis Berechnung des Unglücks, des
ཀོང	Sa	koṅ	canonical_independent_strong	1	REPLACE Sa→koṅ	diagnostic_only	one_signature_missing	ordinary_tibetan_lexical_or_compound:1	damage:0;marker:0	independent_multi_context_canonical	མཤ་ཀོང་ཅོ་ ma Sa kon co
ཀོང	caṅ	koṅ	canonical_independent_strong	1	SUB c→k;SUB a→o	diagnostic_only;diagnostic_only	multiple_signatures_missing	ordinary_tibetan_lexical_or_compound:1	damage:0;marker:0	independent_multi_context_canonical	་ཉཾང་ཀོང་ཉོ་ muṅ caṅ konco \mun sen kon co.
ཀོང	dbyins	koṅ	canonical_independent_strong	0	REPLACE dbyins→koṅ	diagnostic_only	domain_risk	unclear:1	damage:0;marker:0	independent_multi_context_canonical	EN བེངས་ཀོང་ང་བཤགས་ chos dbyins klon du
ཀོང	gon	koṅ	canonical_independent_strong	8	SUB g→k;SUB n→ṅ	diagnostic_only;authorized_role_conditioned	one_signature_missing	ordinary_tibetan_lexical_or_compound:8	damage:0;marker:0	independent_multi_context_canonical	ཀོང་ད་འཕེལ་ gon du ’phel sich verbreiten, zu- || ཀོང་མ་སྲེག་ gon ma sreg ein Vogel, Rebhuhn. || ཀོང་མོ་ gon mo ein Vogel.
ཀོར	Daumenring	kor	canonical_independent_strong	1	REPLACE Daumen→ko;DEL ing	diagnostic_only;diagnostic_only	multiple_signatures_missing	ordinary_tibetan_lexical_or_compound:1	damage:0;marker:0	independent_multi_context_canonical	བྲེ་ཀོར་ brekor Daumenring.
ཀོར	ba	kor	canonical_independent_strong	0	REPLACE ba→kor	diagnostic_only	domain_risk	unclear:1	damage:1;marker:0	independent_multi_context_canonical	ཀོར་བ་ 2907 ba Tgor kha.
ཀྱང	Ryan	kyaṅ	canonical_independent_strong	1	SUB R→k;SUB n→ṅ	diagnostic_only;authorized_role_conditioned	one_signature_missing	ordinary_tibetan_lexical_or_compound:1	damage:0;marker:0	independent_multi_context_canonical	ཅིས་ཀྱང་ cis Ryan Tcinas kyan.
ཀྱང	byan	kyaṅ	canonical_independent_strong	1	SUB b→k;SUB n→ṅ	diagnostic_only;authorized_role_conditioned	one_signature_missing	ordinary_tibetan_lexical_or_compound:1	damage:0;marker:0	independent_multi_context_canonical	"ཀྱང་མའི་ལྕགས་ ""byan ma'ilcags Eisenplatte."
ཀྱང	byaṅ	kyaṅ	canonical_independent_strong	1	SUB b→k	diagnostic_only	one_signature_missing	ordinary_tibetan_lexical_or_compound:1	damage:0;marker:0	independent_multi_context_canonical	ཀྱང་ཆུབ་ཤིང་ byaṅ chub siṅ Kurzf. fürbyan chub
ཀྱང	byun	kyaṅ	canonical_independent_strong	1	SUB b→k;SUB u→a;SUB n→ṅ	diagnostic_only;candidate_review;authorized_role_conditioned	multiple_signatures_missing	ordinary_tibetan_lexical_or_compound:1	damage:0;marker:0	independent_multi_context_canonical	ཐལ་ཀྱང་ thal byun geradewegs; ༡ du ’gro glatt
ཀྱང	gyaṅ	kyaṅ	canonical_independent_strong	1	SUB g→k	diagnostic_only	one_signature_missing	ordinary_tibetan_lexical_or_compound:1	damage:0;marker:0	independent_multi_context_canonical	ཀྱང་གྱིང་ gyaṅ gyiṅ Stolz.
ཀྱང	khyun	kyaṅ	canonical_independent_strong	1	DEL h;SUB u→a;SUB n→ṅ	diagnostic_only;candidate_review;authorized_role_conditioned	multiple_signatures_missing	ordinary_tibetan_lexical_or_compound:1	damage:0;marker:0	independent_multi_context_canonical	ཀྱང་སྡེར་ khyun sder eine Heilpflanze.
ཀྱང	kyani	kyaṅ	canonical_independent_strong	1	REPLACE ni→ṅ	candidate_review	one_signature_missing	ordinary_tibetan_lexical_or_compound:1	damage:0;marker:0	independent_multi_context_canonical	བླངས་ཀྱང་ blaṅs kyani
ཀྱང	kyari	kyaṅ	canonical_independent_strong	1	REPLACE ri→ṅ	diagnostic_only	one_signature_missing	ordinary_tibetan_lexical_or_compound:1	damage:0;marker:0	independent_multi_context_canonical	བླངས་ཀྱང་ blaris kyari wiederum, darüberhin-
ཀྱང	lta	kyaṅ	canonical_independent_strong	0	SUB l→k;SUB t→y;INS ṅ	diagnostic_only;diagnostic_only;diagnostic_only	domain_risk	unclear:1	damage:0;marker:0	independent_multi_context_canonical	5 AS ཀྱང་ཉི་ དགོས་ lta smos kyan ci dgos auch
ཀྲ	Gesicht	kra	canonical_independent_strong	1	REPLACE Gesicht→kra	diagnostic_only	one_signature_missing	ordinary_tibetan_lexical_or_compound:1	damage:0;marker:0	independent_multi_context_canonical	ཀྲ Gesicht überall hingewandt“.
ཀྲ	S	kra	canonical_independent_strong	1	REPLACE S→kra	diagnostic_only	one_signature_missing	ordinary_tibetan_lexical_or_compound:1	damage:0;marker:0	independent_multi_context_canonical	ཀྲ ཊུ S —r bgyid pa dass.
ཀྲ	rgya	kra	canonical_independent_strong	1	INS k;DEL gy	diagnostic_only;diagnostic_only	multiple_signatures_missing	ordinary_tibetan_lexical_or_compound:1	damage:0;marker:0	independent_multi_context_canonical	སྲིཀ་འཛོབ་ཕྲ་ཀྲ་ད་ sdig 'dzub phyag rgya Isdigs
ཀྲ	rtab	kra	canonical_independent_strong	1	INS k;DEL t;DEL b	diagnostic_only;diagnostic_only;candidate_review	multiple_signatures_missing	ordinary_tibetan_lexical_or_compound:1	damage:0;marker:0	independent_multi_context_canonical	ཀྲ་ rtab pf. !brtabs fur. Ibrtab eilig, hastig,
ཀྲ	tha’u	kra	canonical_independent_strong	1	SUB t→k;SUB h→r;DEL ’u	diagnostic_only;diagnostic_only;diagnostic_only	multiple_signatures_missing	ordinary_tibetan_lexical_or_compound:1	damage:0;marker:0	independent_multi_context_canonical	ཀྲ tha’u Pfirsich; chin. Mk /%0 (LAUTER
ཀྲ	tsheba	kra	canonical_independent_strong	1	REPLACE tsheb→kr	diagnostic_only	one_signature_missing	ordinary_tibetan_lexical_or_compound:1	damage:0;marker:0	independent_multi_context_canonical	མིའཚོ་ཀྲ་ mi 'tsheba das Nichtverletzen.
ཀྲད	ko	krad	canonical_independent_strong	1	REPLACE o→rad	diagnostic_only	one_signature_missing	ordinary_tibetan_lexical_or_compound:1	damage:0;marker:0	independent_multi_context_canonical	A: ཀྲད་ ko krad, auch ko skrad hartes Leder [für
ཀླུ	kla	klu	canonical_independent_strong	1	SUB a→u	diagnostic_only	one_signature_missing	ordinary_tibetan_lexical_or_compound:1	damage:0;marker:0	independent_multi_context_canonical	ཀླུ་ཤིང་ kla siṅ eine Pflanze, „Näga-Baum“, ein
ཀླུ	kln	klu	canonical_independent_strong	1	SUB n→u	diagnostic_only	one_signature_missing	ordinary_tibetan_lexical_or_compound:1	damage:0;marker:0	independent_multi_context_canonical	ཀླུ་དགའ་ kln dga’.
ཀླུ	tpaksu	klu	canonical_independent_strong	1	DEL tpa;SUB s→l	diagnostic_only;diagnostic_only	multiple_signatures_missing	ordinary_tibetan_lexical_or_compound:1	damage:0;marker:0	independent_multi_context_canonical	པ་ཀླུ་ paksu tpaksu.
ཀློང	gron	kloṅ	canonical_independent_strong	1	SUB g→k;SUB r→l;SUB n→ṅ	diagnostic_only;diagnostic_only;authorized_role_conditioned	multiple_signatures_missing	ordinary_tibetan_lexical_or_compound:1	damage:0;marker:0	independent_multi_context_canonical	ཀློང་ཀྱེར་ gron khyer Stadt.
ཀློང	groṅ	kloṅ	canonical_independent_strong	2	SUB g→k;SUB r→l	diagnostic_only;diagnostic_only	multiple_signatures_missing	ordinary_tibetan_lexical_or_compound:2	damage:0;marker:0	independent_multi_context_canonical	ཀློང་ཀྱིར་དྲག་པ་ groṅ khyer drug pa || ཀློང་ཀྱེར་སྤྱོད་ groṅ khyer spyod Bez. für Krähe.
ཀློང	klon	kloṅ	canonical_independent_strong	0	SUB n→ṅ	authorized_role_conditioned	alignment_or_damage	ordinary_tibetan_lexical_or_compound:1	damage:1;marker:0	independent_multi_context_canonical	ཆོས་ཀློང་རྙོག་ chos klon ?7709 aufgebracht sein.
ཁབ	Nadel	khab	canonical_independent_strong	0	REPLACE N→kh;REPLACE del→b	diagnostic_only;diagnostic_only	alignment_or_damage	ordinary_tibetan_lexical_or_compound:1	damage:1;marker:0	independent_multi_context_canonical	།ཁབ་ 40/77/ Nadel.
ཁབ	ba	khab	canonical_independent_strong	1	INS kha;DEL a	diagnostic_only;diagnostic_only	multiple_signatures_missing	ordinary_tibetan_lexical_or_compound:1	damage:0;marker:0	independent_multi_context_canonical	ཐལ་ཁབ་ hal ba
ཁབ	chob	khab	canonical_independent_strong	1	SUB c→k;SUB o→a	diagnostic_only;candidate_review	multiple_signatures_missing	ordinary_tibetan_lexical_or_compound:1	damage:0;marker:0	independent_multi_context_canonical	ཁབ་ཆེལྲ་ chob chob onom. schmatzendes Ge-
ཁབ	gZun	khab	canonical_independent_strong	1	SUB g→k;SUB Z→h;SUB u→a;SUB n→b	diagnostic_only;diagnostic_only;candidate_review;diagnostic_only	multiple_signatures_missing	ordinary_tibetan_lexical_or_compound:1	damage:0;marker:0	independent_multi_context_canonical	འ་ཁབ་གཞང་ ’khrab gZun Regieanweisung.
ཁབ	khrab	khab	canonical_independent_strong	1	DEL r	candidate_review	one_signature_missing	ordinary_tibetan_lexical_or_compound:1	damage:0;marker:0	independent_multi_context_canonical	ཁབ་ཁྲིབ་ khrab khrib auch khrib khrib eine ho-
ཁབ	ral	khab	canonical_independent_strong	0	REPLACE r→kh;SUB l→b	diagnostic_only;diagnostic_only	alignment_or_damage	ordinary_tibetan_lexical_or_compound:1	damage:1;marker:0	independent_multi_context_canonical	།ཁབ་རལ་ 5545 ral Nadelbehälter.
ཁར	V’khur	khar	canonical_independent_strong	1	DEL V’;SUB u→a	diagnostic_only;candidate_review	multiple_signatures_missing	ordinary_tibetan_lexical_or_compound:1	damage:0;marker:0	independent_multi_context_canonical	"འ།ཁར་ ""khur V’khur."
ཁར	beu	khar	canonical_independent_strong	1	REPLACE beu→khar	diagnostic_only	one_signature_missing	ordinary_tibetan_lexical_or_compound:1	damage:0;marker:0	independent_multi_context_canonical	ཁར་བགཉའ།'ཁཁཁ།'ཌེ།། beu güis bdag po Bez. für
ཁར	bsel	khar	canonical_independent_strong	1	SUB b→k;SUB s→h;SUB e→a;SUB l→r	diagnostic_only;diagnostic_only;diagnostic_only;diagnostic_only	multiple_signatures_missing	ordinary_tibetan_lexical_or_compound:1	damage:0;marker:0	independent_multi_context_canonical	མ།ཁར་བསེལ་ mkhar bsel Festungswache,
ཁར	dpon	khar	canonical_independent_strong	1	SUB d→k;SUB p→h;SUB o→a;SUB n→r	diagnostic_only;diagnostic_only;candidate_review;diagnostic_only	multiple_signatures_missing	ordinary_tibetan_lexical_or_compound:1	damage:0;marker:0	independent_multi_context_canonical	མ།ཁར་དཔོན་ mkhar dpon Festungskomman-
ཁར	har	khar	canonical_independent_strong	1	INS k	diagnostic_only	one_signature_missing	ordinary_tibetan_lexical_or_compound:1	damage:0;marker:0	independent_multi_context_canonical	གྲང་ཁར་ graṅ har klirrende Kälte.
ཁར	mthon	khar	canonical_independent_strong	1	REPLACE mt→k;SUB o→a;SUB n→r	diagnostic_only;candidate_review;diagnostic_only	multiple_signatures_missing	ordinary_tibetan_lexical_or_compound:1	damage:0;marker:0	independent_multi_context_canonical	མ།ཁར་མཐོང་ mkhar mthon Mond.
ཁར	rdzon	khar	canonical_independent_strong	1	INS kha;DEL dzon	diagnostic_only;diagnostic_only	multiple_signatures_missing	ordinary_tibetan_lexical_or_compound:1	damage:0;marker:0	independent_multi_context_canonical	མ།ཁར་རྫོང་ mkhar rdzon Festung.
ཁུག	Rhugrta	khug	canonical_independent_strong	1	SUB R→k;DEL rta	diagnostic_only;diagnostic_only	multiple_signatures_missing	ordinary_tibetan_lexical_or_compound:1	damage:0;marker:0	independent_multi_context_canonical	ཁུག་རྟ་ Rhugrta Schwalbe.
ཁུག	Tbar	khug	canonical_independent_strong	0	SUB T→k;SUB b→h;SUB a→u;SUB r→g	diagnostic_only;candidate_review;diagnostic_only;diagnostic_only	alignment_or_damage	ordinary_tibetan_lexical_or_compound:1	damage:0;marker:1	independent_multi_context_canonical	བར་གྱི་ཁུག་པ་ bar gikhugpa Tbar klug.
ཁུག	bug	khug	canonical_independent_strong	1	REPLACE b→kh	diagnostic_only	one_signature_missing	ordinary_tibetan_lexical_or_compound:1	damage:0;marker:0	independent_multi_context_canonical	ཁུག་ bug.
ཁུག	khng	khug	canonical_independent_strong	1	SUB n→u	diagnostic_only	one_signature_missing	ordinary_tibetan_lexical_or_compound:1	damage:0;marker:0	independent_multi_context_canonical	ཁུག་ 'khng imp. zu 197/6.
ཁུག	khrug	khug	canonical_independent_strong	1	DEL r	candidate_review	one_signature_missing	ordinary_tibetan_lexical_or_compound:1	damage:0;marker:0	independent_multi_context_canonical	ཁུག་གིས་ khrug gis wirbelnd.
ཁུག	khyug	khug	canonical_independent_strong	1	DEL y	diagnostic_only	one_signature_missing	ordinary_tibetan_lexical_or_compound:1	damage:0;marker:0	independent_multi_context_canonical	ཁུག་བདེ་བ་ khyug bde ba flink.
ཁུགས	Rhugs	khugs	canonical_independent_strong	1	SUB R→k	diagnostic_only	one_signature_missing	ordinary_tibetan_lexical_or_compound:1	damage:0;marker:0	independent_multi_context_canonical	ཁུགས་ Rhugs
ཁུང	Felsh	khuṅ	canonical_independent_strong	1	REPLACE Fels→k;INS uṅ	diagnostic_only;diagnostic_only	multiple_signatures_missing	ordinary_tibetan_lexical_or_compound:1	damage:0;marker:0	independent_multi_context_canonical	བྲཐ།ཁུང་ bragkburi Felshöhle, Felsspalte.
ཁུང	Fenster	khuṅ	canonical_independent_strong	0	REPLACE Fenster→khuṅ	diagnostic_only	domain_risk	unclear:1	damage:1;marker:0	independent_multi_context_canonical	སྒི་ཁུང་ $97 khun Fenster.
ཁུང	Genick	khuṅ	canonical_independent_strong	0	DEL Genic;INS huṅ	diagnostic_only;diagnostic_only	alignment_or_damage	ordinary_tibetan_lexical_or_compound:1	damage:1;marker:0	independent_multi_context_canonical	ལྟག་ཁུང་ //9 5/0://7? Nacken, Genick.
ཁུང	Rhun	khuṅ	canonical_independent_strong	1	SUB R→k;SUB n→ṅ	diagnostic_only;authorized_role_conditioned	one_signature_missing	ordinary_tibetan_lexical_or_compound:1	damage:0;marker:0	independent_multi_context_canonical	ཁུང་ཉལ་ Rhun nal.
ཁུང	brgyud	khuṅ	canonical_independent_strong	0	REPLACE brgy→kh;SUB d→ṅ	diagnostic_only;diagnostic_only	alignment_or_damage	ordinary_tibetan_lexical_or_compound:1	damage:1;marker:0	independent_multi_context_canonical	སྙན་ཁུང་བརྒྱད་ ༠༩༩༩ khun brgyud „Iradition
ཁུང	kbuṅ	khuṅ	canonical_independent_strong	1	SUB b→h	candidate_review	one_signature_missing	ordinary_tibetan_lexical_or_compound:1	damage:0;marker:0	independent_multi_context_canonical	ཕྱི་ཁུང་ phbyi kbuṅ Bau des Murmeltieres.
ཁུང	khrun	khuṅ	canonical_independent_strong	2	DEL r;SUB n→ṅ	candidate_review;authorized_role_conditioned	one_signature_missing	ordinary_tibetan_lexical_or_compound:2	damage:0;marker:0	independent_multi_context_canonical	ཁུང་ khrun resp. für chan. || ཁུང་ཞེ་ཆཿ khrun Zu ma Kellnerin.
ཁུང	khyun	khuṅ	canonical_independent_strong	1	DEL y;SUB n→ṅ	diagnostic_only;authorized_role_conditioned	one_signature_missing	ordinary_tibetan_lexical_or_compound:1	damage:0;marker:0	independent_multi_context_canonical	ཁུང་སེང་འདས་པ་ khyun seṅ ’dus pa achtfüßiger
ཁུལ	Wehul	khul	canonical_independent_strong	1	REPLACE We→k	diagnostic_only	one_signature_missing	ordinary_tibetan_lexical_or_compound:1	damage:0;marker:0	independent_multi_context_canonical	ཁུལ་ Wehul.
ཁུལ	chul	khul	canonical_independent_strong	1	SUB c→k	diagnostic_only	one_signature_missing	ordinary_tibetan_lexical_or_compound:1	damage:0;marker:0	independent_multi_context_canonical	ཁུལ་ 'chul zu erw. gehören,
ཁུལ	kbul	khul	canonical_independent_strong	1	SUB b→h	candidate_review	one_signature_missing	ordinary_tibetan_lexical_or_compound:1	damage:0;marker:0	independent_multi_context_canonical	ཕྱིང་ཁུལ་ phyiṅ kbul eine Art Wolle oder Bilz.
ཁུལ	khrul	khul	canonical_independent_strong	0	DEL r	candidate_review	domain_risk	unclear:1	damage:1;marker:0	independent_multi_context_canonical	ཁུལ་ཡས་ /5/?7// ༡/7$ \’khrul yas.
ཁེབ	leb	kheb	canonical_independent_strong	1	REPLACE l→kh	diagnostic_only	one_signature_missing	ordinary_tibetan_lexical_or_compound:1	damage:0;marker:0	independent_multi_context_canonical	ལྕགས་ཁེབ་ lcags leb Eisenblech.
ཁེབས	Decke	khebs	canonical_independent_strong	1	REPLACE D→kh;REPLACE cke→bs	diagnostic_only;diagnostic_only	multiple_signatures_missing	ordinary_tibetan_lexical_or_compound:1	damage:0;marker:0	independent_multi_context_canonical	ཕོ་ཁེབས་ phokhebs Decke, Bettdecke.
ཁོག	Rhog	khog	canonical_independent_strong	1	SUB R→k	diagnostic_only	one_signature_missing	ordinary_tibetan_lexical_or_compound:1	damage:0;marker:0	independent_multi_context_canonical	ཁོག་པ་ Rhog pa.
ཁོམ	khrom	khom	canonical_independent_strong	1	DEL r	candidate_review	one_signature_missing	ordinary_tibetan_lexical_or_compound:1	damage:0;marker:0	independent_multi_context_canonical	ཐང་ཁོམ་ thaṅ khrom \than phrom.
ཁོལ	ma	khol	canonical_independent_strong	0	REPLACE ma→khol	diagnostic_only	domain_risk	unclear:1	damage:1;marker:0	independent_multi_context_canonical	ཁོལ་མ་ 25/9/ ma kochend, gekocht.
ཁོལ	mo	khol	canonical_independent_strong	0	REPLACE m→kh;INS l	diagnostic_only;diagnostic_only	alignment_or_damage	ordinary_tibetan_lexical_or_compound:1	damage:1;marker:0	independent_multi_context_canonical	ཁོལ་མོ་ 25/¢/ mo kochend.
ཁྱག	klyag	khyag	canonical_independent_strong	1	SUB l→h	diagnostic_only	one_signature_missing	ordinary_tibetan_lexical_or_compound:1	damage:0;marker:0	independent_multi_context_canonical	ཁྱག་ klyag
ཁྱད	kbyad	khyad	canonical_independent_strong	1	SUB b→h	candidate_review	one_signature_missing	ordinary_tibetan_lexical_or_compound:1	damage:0;marker:0	independent_multi_context_canonical	ཁྱད་གསོད་ kbyad gsod Kurzf. für khyad du
ཁྱད	vertraut	khyad	canonical_independent_strong	1	REPLACE vertr→khy;REPLACE ut→d	diagnostic_only;diagnostic_only	multiple_signatures_missing	ordinary_tibetan_lexical_or_compound:1	damage:0;marker:0	independent_multi_context_canonical	"ཤློ་བདེའི་ཁྱད་ blo bde'ikhyad vertraut. bsgrub par bya (metr.) ""auch ein Verständi-"
ཁྱབ	Himmel	khyab	canonical_independent_strong	0	REPLACE Himmel→khyab	diagnostic_only	domain_risk	unclear:1	damage:1;marker:0	independent_multi_context_canonical	ཀུན་ཁྱབ་ kun /0/777/4/7? Himmel, Himmelsrichtung.
ཁྱབ	Rhyab	khyab	canonical_independent_strong	1	SUB R→k	diagnostic_only	one_signature_missing	ordinary_tibetan_lexical_or_compound:1	damage:0;marker:0	independent_multi_context_canonical	ཁྱབ་འཇུག་དགའ་མ་ Rhyab ug dga’ ma Beiname
ཁྱབ	khbyab	khyab	canonical_independent_strong	1	DEL b	candidate_review	one_signature_missing	ordinary_tibetan_lexical_or_compound:1	damage:0;marker:0	independent_multi_context_canonical	སྤྲི་ཁྱབ་མཁན་པོ་ spyi khbyab mkhan po eine
ཁྱབ	klyab	khyab	canonical_independent_strong	0	SUB l→h	diagnostic_only	alignment_or_damage	ordinary_tibetan_lexical_or_compound:1	damage:1;marker:0	independent_multi_context_canonical	ཀུན་ཁྱབ་བཞིན་སྟོན་ kun klyab [2772 ston (zweifel-
ཁྱབ	pa	khyab	canonical_independent_strong	0	REPLACE p→khy;INS b	diagnostic_only;diagnostic_only	alignment_or_damage	ordinary_tibetan_lexical_or_compound:1	damage:1;marker:0	independent_multi_context_canonical	ཀུན་ནས་ཁྱབ་པ་ kun nas /9/77/45 pa ganz erfüllt sein;
ཁྱི	Hund	khyi	canonical_independent_strong	1	SUB H→k;SUB u→h;SUB n→y;SUB d→i	diagnostic_only;diagnostic_only;diagnostic_only;diagnostic_only	multiple_signatures_missing	ordinary_tibetan_lexical_or_compound:1	damage:0;marker:0	independent_multi_context_canonical	འབྲོག་ཁྱི་ 'brogkhyi Hund der Nomaden, Hir-
ཁྱིམ	Haushalt	khyim	canonical_independent_strong	1	REPLACE Haus→k;SUB a→y;SUB l→i;SUB t→m	diagnostic_only;diagnostic_only;diagnostic_only;diagnostic_only	multiple_signatures_missing	ordinary_tibetan_lexical_or_compound:1	damage:0;marker:0	independent_multi_context_canonical	མི་ཁྱིམ་ mikbyim Haushalt, Wohnhaus, Haus,
ཁྱེར	Bote	khyer	canonical_independent_strong	1	SUB B→k;SUB o→h;SUB t→y;INS r	diagnostic_only;diagnostic_only;diagnostic_only;diagnostic_only	multiple_signatures_missing	ordinary_tibetan_lexical_or_compound:1	damage:0;marker:0	independent_multi_context_canonical	འཕྲིན་ཁྱེར་པོ་ po Bote, Kurier.
ཁྲབ	grub	khrab	canonical_independent_strong	1	REPLACE g→kh;SUB u→a	diagnostic_only;candidate_review	domain_risk	tibetan_proper_name:1	damage:0;marker:0	independent_multi_context_canonical	མི་ཆེན་ལན་ཁྲབ་ mi chen lhun grub npr. cin Kö-
ཁྲབ	thab	khrab	canonical_independent_strong	1	SUB t→k;INS r	diagnostic_only;diagnostic_only	multiple_signatures_missing	ordinary_tibetan_lexical_or_compound:1	damage:0;marker:0	independent_multi_context_canonical	ཁྲབ་།ཁང་ thab khun Feuerplatz, Herd.
ཁྲལ	Kopfsteuer	khral	canonical_independent_strong	0	REPLACE Kopfsteue→kh;INS al	diagnostic_only;diagnostic_only	alignment_or_damage	ordinary_tibetan_lexical_or_compound:1	damage:1;marker:0	independent_multi_context_canonical	ངོ་ཁྲལ་ ༡༠ khral Kopfsteuer.
ཁྲིད	F	khrid	canonical_independent_strong	0	REPLACE F→khrid	diagnostic_only	domain_risk	unclear:1	damage:1;marker:0	independent_multi_context_canonical	འགོ་ཁྲིད་ 20 khrid Führer, Anführer, Leiter.
ཁྲོ	Reichtum	khro	canonical_independent_strong	1	REPLACE Reic→k;REPLACE tum→ro	diagnostic_only;diagnostic_only	multiple_signatures_missing	ordinary_tibetan_lexical_or_compound:1	damage:0;marker:0	independent_multi_context_canonical	ཧུ་ཁྲོ་ <¢ bo Reichtum, Besitz.
ཁྲོ	bo	khro	canonical_independent_strong	1	REPLACE b→khr	diagnostic_only	one_signature_missing	ordinary_tibetan_lexical_or_compound:1	damage:0;marker:0	independent_multi_context_canonical	ངོ་ཁྲོ་ཉི དཀུ་ no bo nid sku
ཁྲོ	gebeugt	khro	canonical_independent_strong	0	REPLACE gebeugt→khro	diagnostic_only	domain_risk	unclear:1	damage:1;marker:0	independent_multi_context_canonical	རྒར་ཁྲོ་ ༡97 po gebeugt, krumm.
ཁྲོ	kbro	khro	canonical_independent_strong	1	SUB b→h	candidate_review	one_signature_missing	ordinary_tibetan_lexical_or_compound:1	damage:0;marker:0	independent_multi_context_canonical	ཁྲོ་ལྔན་ kbro ldan Held.
ཁྲོ	po	khro	canonical_independent_strong	1	REPLACE p→khr	diagnostic_only	one_signature_missing	ordinary_tibetan_lexical_or_compound:1	damage:0;marker:0	independent_multi_context_canonical	ངེས་ཁྲོ'་ nes po sicher, gewiß.
ཁྲོ	schl	khro	canonical_independent_strong	0	REPLACE sc→k;REPLACE l→ro	diagnostic_only;diagnostic_only	alignment_or_damage	ordinary_tibetan_lexical_or_compound:1	damage:1;marker:0	independent_multi_context_canonical	གཉིད་ཁྲོ་ 0/77/7 bro schläfrig sein, einschlafen.
ཁྲོག	khog	khrog	canonical_independent_strong	1	INS r	diagnostic_only	one_signature_missing	ordinary_tibetan_lexical_or_compound:1	damage:0;marker:0	independent_multi_context_canonical	།ཁྲོག།ཊྲ།། khog ma Tongefäß.
ཁྲོད	mun	khrod	canonical_independent_strong	0	REPLACE mun→khrod	diagnostic_only	domain_risk	unclear:1	damage:0;marker:0	independent_multi_context_canonical	#7ཁྲོད་ mun khrod Dunkelheit, Finsternis.
ཁྲོན	pa’i	khron	canonical_independent_strong	1	REPLACE pa’i→khron	diagnostic_only	one_signature_missing	ordinary_tibetan_lexical_or_compound:1	damage:0;marker:0	independent_multi_context_canonical	་པའི་ཁྲོན་པ་ dran pa’i khron pa Bez. für die
གག	Nf	gag	canonical_independent_strong	1	REPLACE Nf→gag	diagnostic_only	one_signature_missing	ordinary_tibetan_lexical_or_compound:1	damage:0;marker:0	independent_multi_context_canonical	གག་ € Nf. zu gan welcher.
གག	des	gag	canonical_independent_strong	1	SUB d→g;SUB e→a;SUB s→g	diagnostic_only;diagnostic_only;diagnostic_only	multiple_signatures_missing	ordinary_tibetan_lexical_or_compound:1	damage:0;marker:0	independent_multi_context_canonical	གག > བྱད des (2313653.
གང	Mannsh	gaṅ	canonical_independent_strong	1	SUB M→g;REPLACE nnsh→ṅ	diagnostic_only;diagnostic_only	multiple_signatures_missing	ordinary_tibetan_lexical_or_compound:1	damage:0;marker:0	independent_multi_context_canonical	མི་གང་ migari Mannshöhe, Klafter.
གང	V'bre	gaṅ	canonical_independent_strong	1	REPLACE V'bre→gaṅ	diagnostic_only	one_signature_missing	ordinary_tibetan_lexical_or_compound:1	damage:0;marker:0	independent_multi_context_canonical	བྲེ་གང་ bregan V'bre.
གང	dag	gaṅ	canonical_independent_strong	0	SUB d→g;SUB g→ṅ	diagnostic_only;diagnostic_only	domain_risk	unclear:1	damage:1;marker:0	independent_multi_context_canonical	གང་དག་ 4927? dag ↑ gaṅ 3.
གང	ga	gaṅ	canonical_independent_strong	0	INS ṅ	diagnostic_only	alignment_or_damage	ordinary_tibetan_lexical_or_compound:1	damage:1;marker:0	independent_multi_context_canonical	གང་ག་ 77 ga alles.
གང	gad	gaṅ	canonical_independent_strong	1	SUB d→ṅ	diagnostic_only	one_signature_missing	ordinary_tibetan_lexical_or_compound:1	damage:0;marker:0	independent_multi_context_canonical	གང་མོ་ gad mo Lachen, Gelächter; ~$ ’debs
གང	gani	gaṅ	canonical_independent_strong	1	REPLACE ni→ṅ	candidate_review	one_signature_missing	ordinary_tibetan_lexical_or_compound:1	damage:0;marker:0	independent_multi_context_canonical	གང་པོ་འབོད་ gani po ’bod Beiname des Sakra.
གང	gar	gaṅ	canonical_independent_strong	11	SUB r→ṅ	candidate_review	one_signature_missing	ordinary_tibetan_lexical_or_compound:11	damage:0;marker:0	independent_multi_context_canonical	གང་ garı || གང་ garı || གང་ག་ཆུང་ gar ga chuṅ
གང	gari	gaṅ	canonical_independent_strong	1	REPLACE ri→ṅ	diagnostic_only	one_signature_missing	ordinary_tibetan_lexical_or_compound:1	damage:0;marker:0	independent_multi_context_canonical	"བུམ་པ་གང་བྱོ་ bum pa gari byo ""eine volle Va-"
གང	gas	gaṅ	canonical_independent_strong	1	SUB s→ṅ	diagnostic_only	one_signature_missing	ordinary_tibetan_lexical_or_compound:1	damage:0;marker:0	independent_multi_context_canonical	"རྙེ་བོ་གང་ "" re bo gas eine dge-bsien-Gottheit"
གང	gon	gaṅ	canonical_independent_strong	1	SUB o→a;SUB n→ṅ	candidate_review;authorized_role_conditioned	one_signature_missing	ordinary_tibetan_lexical_or_compound:1	damage:0;marker:0	independent_multi_context_canonical	གང་སྐར་ gon skor
གང	gun	gaṅ	canonical_independent_strong	2	SUB u→a;SUB n→ṅ	candidate_review;authorized_role_conditioned	domain_risk	ordinary_tibetan_lexical_or_compound:1;tibetan_proper_name:1	damage:0;marker:0	independent_multi_context_canonical	གང་བྲང་ gun than npr. eine Gegend in mÑa’- || གང་ལོ་ gun lo Ydgun 2.
གང	lkhar	gaṅ	canonical_independent_strong	1	REPLACE lkh→g;SUB r→ṅ	diagnostic_only;candidate_review	multiple_signatures_missing	ordinary_tibetan_lexical_or_compound:1	damage:0;marker:0	independent_multi_context_canonical	མ།བར་གང་ mkhar gon lkhar gon.
གང	mdzub	gaṅ	canonical_independent_strong	0	REPLACE mdzub→gaṅ	diagnostic_only	alignment_or_damage	ordinary_tibetan_lexical_or_compound:1	damage:1;marker:0	independent_multi_context_canonical	གང་མཛུབ་ ༩༧༩ mdzub Mittelfinger.
གང	med	gaṅ	canonical_independent_strong	1	SUB m→g;SUB e→a;SUB d→ṅ	diagnostic_only;diagnostic_only;diagnostic_only	multiple_signatures_missing	ordinary_tibetan_lexical_or_compound:1	damage:0;marker:0	independent_multi_context_canonical	་མེང་གང་བརྗེབ་བཞད་ bud med rkan brdeg
གང	po’i	gaṅ	canonical_independent_strong	0	REPLACE po’i→gaṅ	diagnostic_only	domain_risk	unclear:1	damage:0;marker:0	independent_multi_context_canonical	གང་ཁོའི་བྲང།ི 9/4/7 po’i zas Mangobaum, Bodhi-
གང	rgyud	gaṅ	canonical_independent_strong	1	DEL r;REPLACE yud→aṅ	candidate_review;diagnostic_only	multiple_signatures_missing	ordinary_tibetan_lexical_or_compound:1	damage:0;marker:0	independent_multi_context_canonical	ཕེང་གང་ phreṅ rgyud
གཅད	geod	gcad	canonical_independent_strong	1	SUB e→c;SUB o→a	diagnostic_only;candidate_review	domain_risk	tibetan_proper_name:1	damage:0;marker:0	independent_multi_context_canonical	རྣ་གཅད་གཏ བྱན mod geod gtin 'byin npr. ei-
གཅད	sich	gcad	canonical_independent_strong	1	REPLACE si→g;REPLACE h→ad	diagnostic_only;diagnostic_only	multiple_signatures_missing	ordinary_tibetan_lexical_or_compound:1	damage:0;marker:0	independent_multi_context_canonical	དེ་ཐོག་ཏུ་ཐག་གཅད་ de thog tu thaggcad sich dar-
གཅེས	gtses	gces	canonical_independent_strong	1	REPLACE ts→c	diagnostic_only	one_signature_missing	ordinary_tibetan_lexical_or_compound:1	damage:0;marker:0	independent_multi_context_canonical	ཀུན་ཏུ་གཅེས་པ་ kun tu gtses pa \kun tu /5/7€ ba.
གཅོད	entscheiden	gcod	canonical_independent_strong	1	REPLACE ents→g;REPLACE hei→o;DEL en	diagnostic_only;diagnostic_only;diagnostic_only	multiple_signatures_missing	ordinary_tibetan_lexical_or_compound:1	damage:0;marker:0	independent_multi_context_canonical	དབང་ཐག་གཅོད་ dbaṅ thaggcod entscheiden.
གཅོད	geod	gcod	canonical_independent_strong	1	SUB e→c	diagnostic_only	one_signature_missing	ordinary_tibetan_lexical_or_compound:1	damage:0;marker:0	independent_multi_context_canonical	བར་དུ་གཅོད་པ་ bar du geod pa auch bar gcod Be-
གཅོད	mo	gcod	canonical_independent_strong	1	REPLACE m→gc;INS d	diagnostic_only;diagnostic_only	multiple_signatures_missing	ordinary_tibetan_lexical_or_compound:1	damage:0;marker:0	independent_multi_context_canonical	་གཅོད་གཏིང་འཕབྲིན་ mo geod gtin 'byin auch
གཅོད	pa	gcod	canonical_independent_strong	1	REPLACE pa→gcod	diagnostic_only	one_signature_missing	ordinary_tibetan_lexical_or_compound:1	damage:0;marker:0	independent_multi_context_canonical	དྲ་ག་པ་གཅོད་པ་ dbyug pa gcod pa ↑ dbyig pa
གཏད	Neb	gtad	canonical_independent_strong	1	REPLACE Neb→gtad	diagnostic_only	one_signature_missing	ordinary_tibetan_lexical_or_compound:1	damage:0;marker:0	independent_multi_context_canonical	ན་གཏད monie (Neb 483 f.).
གཏད	Ration	gtad	canonical_independent_strong	1	REPLACE R→gt;REPLACE tion→d	diagnostic_only;diagnostic_only	multiple_signatures_missing	ordinary_tibetan_lexical_or_compound:1	damage:0;marker:0	independent_multi_context_canonical	དམིགས་གཏད་ gtad Ration.
གཏད	glad	gtad	canonical_independent_strong	1	SUB l→t	diagnostic_only	one_signature_missing	ordinary_tibetan_lexical_or_compound:1	damage:0;marker:0	independent_multi_context_canonical	གཏད་ས་ glad sa jmd., dem man etw. an-
གཏུན	bdag	gtun	canonical_independent_strong	0	DEL bda;INS tun	diagnostic_only;diagnostic_only	domain_risk	unclear:1	damage:0;marker:0	independent_multi_context_canonical	IR གཏུན་བདག bdag po Beiname
གཏུམ	ART	gtum	canonical_independent_strong	1	REPLACE ART→gtum	diagnostic_only	one_signature_missing	ordinary_tibetan_lexical_or_compound:1	damage:0;marker:0	independent_multi_context_canonical	གཏུམ ART gtum mo’i bu
གཏུམ	Ar	gtum	canonical_independent_strong	1	REPLACE Ar→gtum	diagnostic_only	one_signature_missing	ordinary_tibetan_lexical_or_compound:1	damage:0;marker:0	independent_multi_context_canonical	གཏུམ Ar gtum spyod
གཏུམ	NAT	gtum	canonical_independent_strong	0	REPLACE NAT→gtum	diagnostic_only	domain_risk	unclear:1	damage:0;marker:0	independent_multi_context_canonical	གཏུམ NAT 2[//7?? mo’i bu Beiname Visnus.
གཏུམ	gurkum	gtum	canonical_independent_strong	1	REPLACE urk→t	diagnostic_only	one_signature_missing	ordinary_tibetan_lexical_or_compound:1	damage:0;marker:0	independent_multi_context_canonical	"གཏུམ ""gurkum"
གཏུམ	pf	gtum	canonical_independent_strong	0	REPLACE pf→gtum	diagnostic_only	alignment_or_damage	ordinary_tibetan_lexical_or_compound:1	damage:1;marker:0	independent_multi_context_canonical	གཏུམ་ 47//377 pf. Igtums 1111]). Ithums einhüllen.
གཏེར	blo	gter	canonical_independent_strong	0	REPLACE blo→gter	diagnostic_only	domain_risk	unclear:1	damage:0;marker:0	independent_multi_context_canonical	gi གཏེར་མཆོག་ blo gter mchog.
གཏོ	divin	gto	canonical_independent_strong	0	REPLACE divin→gto	diagnostic_only	alignment_or_damage	ordinary_tibetan_lexical_or_compound:1	damage:1;marker:0	independent_multi_context_canonical	འཁྱུགས་གཏོ་ ༡5/#77795 gto [divin.] ein Ritual.
གཏོ	eing	gto	canonical_independent_strong	1	DEL ein;INS to	diagnostic_only;diagnostic_only	multiple_signatures_missing	ordinary_tibetan_lexical_or_compound:1	damage:0;marker:0	independent_multi_context_canonical	སྤྲང་གཏོ gto eing
གཏོགས	Beeinflussung	gtogs	canonical_independent_strong	1	REPLACE Beeinflu→gtog;DEL sung	diagnostic_only;diagnostic_only	multiple_signatures_missing	ordinary_tibetan_lexical_or_compound:1	damage:0;marker:0	independent_multi_context_canonical	ཐེ་གཏོགས་ the 2 Beeinflussung, Ein-
གཏོགས	pf	gtogs	canonical_independent_strong	0	REPLACE pf→gtogs	diagnostic_only	alignment_or_damage	ordinary_tibetan_lexical_or_compound:1	damage:1;marker:0	independent_multi_context_canonical	གཏོགས་ 29/093 pf. rauben.
གཏོང	Anforderung	gtoṅ	canonical_independent_strong	0	REPLACE Anf→gt;REPLACE rderung→ṅ	diagnostic_only;diagnostic_only	domain_risk	unclear:1	damage:1;marker:0	independent_multi_context_canonical	བཀུལ་གཏོང་ Drul 502 Anforderung [von
གཏོང	Warnuṅ	gtoṅ	canonical_independent_strong	1	REPLACE Warnu→gto	diagnostic_only	one_signature_missing	ordinary_tibetan_lexical_or_compound:1	damage:0;marker:0	independent_multi_context_canonical	བྱ་གཏོང་ byabyagton Warnuṅ geben,
གཏོང	lugs	gtoṅ	canonical_independent_strong	0	DEL lu;REPLACE s→toṅ	diagnostic_only;diagnostic_only	alignment_or_damage	ordinary_tibetan_lexical_or_compound:1	damage:1;marker:0	independent_multi_context_canonical	གཏོང་ལུགས་ ༠༠༩ lugs Umrechnungsmethode
གཏོང	vernich	gtoṅ	canonical_independent_strong	1	REPLACE vernich→gtoṅ	diagnostic_only	one_signature_missing	ordinary_tibetan_lexical_or_compound:1	damage:0;marker:0	independent_multi_context_canonical	ཏོར་ཁྲ་ཏག་ཏ་གཏོང་ gtor brlag du gton vernich-
གཏོར	gTor-ma	gtor	canonical_independent_strong	0	SUB T→t;DEL -ma	diagnostic_only;diagnostic_only	alignment_or_damage	ordinary_tibetan_lexical_or_compound:1	damage:1;marker:0	independent_multi_context_canonical	མཆོད་གཏོར་ ༡༡༠༠ gtor gTor-ma als Opfer-
གཏོར	glor	gtor	canonical_independent_strong	1	SUB l→t	diagnostic_only	one_signature_missing	ordinary_tibetan_lexical_or_compound:1	damage:0;marker:0	independent_multi_context_canonical	གཏོར་ glor.
གཏོར	ma	gtor	canonical_independent_strong	1	REPLACE ma→gtor	diagnostic_only	one_signature_missing	ordinary_tibetan_lexical_or_compound:1	damage:0;marker:0	independent_multi_context_canonical	སྨན་རག་གཏོར་མ་ ssman rag ma Teigopfer
གཏོར	stor	gtor	canonical_independent_strong	1	SUB s→g	diagnostic_only	one_signature_missing	ordinary_tibetan_lexical_or_compound:1	damage:0;marker:0	independent_multi_context_canonical	གཏོར་ཁུང་ 'stor khuṅ auch stor kbun Sammel-
གཏོར	tog	gtor	canonical_independent_strong	1	INS g;SUB g→r	diagnostic_only;diagnostic_only	domain_risk	tibetan_proper_name:1	damage:0;marker:0	independent_multi_context_canonical	་ཏོག་གཏོར་བ་ me tog gtor ba npr. zukünftiger
གད	Gottheit	gad	canonical_independent_strong	1	REPLACE Gottheit→gad	diagnostic_only	one_signature_missing	ordinary_tibetan_lexical_or_compound:1	damage:0;marker:0	independent_multi_context_canonical	གད ནཱ Gottheit (Neb 236).
གད	bgrad	gad	canonical_independent_strong	0	DEL b;DEL r	candidate_review;candidate_review	alignment_or_damage	ordinary_tibetan_lexical_or_compound:1	damage:0;marker:1	independent_multi_context_canonical	དྲྭ་གད་ dgrad \bgrad.
གད	gaa	gad	canonical_independent_strong	1	SUB a→d	diagnostic_only	one_signature_missing	ordinary_tibetan_lexical_or_compound:1	damage:0;marker:0	independent_multi_context_canonical	གད་པ gaa p gaa rgy
གད	god	gad	canonical_independent_strong	1	SUB o→a	candidate_review	one_signature_missing	ordinary_tibetan_lexical_or_compound:1	damage:0;marker:0	independent_multi_context_canonical	གད་འདྲ་ god ’dre
གདན	Unterlage	gdan	canonical_independent_strong	1	REPLACE U→gda;DEL terlage	diagnostic_only;diagnostic_only	multiple_signatures_missing	ordinary_tibetan_lexical_or_compound:1	damage:0;marker:0	independent_multi_context_canonical	དྲས་གདན་ ཞུ gdan Unterlage zum Schnei-
གདན	i	gdan	canonical_independent_strong	1	REPLACE i→gdan	diagnostic_only	one_signature_missing	ordinary_tibetan_lexical_or_compound:1	damage:0;marker:0	independent_multi_context_canonical	7 གདན i schaftlich, leidenschaft-
གདན	kha	gdan	canonical_independent_strong	1	SUB k→g;SUB h→d;INS n	diagnostic_only;diagnostic_only;diagnostic_only	multiple_signatures_missing	ordinary_tibetan_lexical_or_compound:1	damage:0;marker:0	independent_multi_context_canonical	གདན་ kha gdan Teppich.
གདབ	gdub	gdab	canonical_independent_strong	1	SUB u→a	candidate_review	one_signature_missing	ordinary_tibetan_lexical_or_compound:1	damage:0;marker:0	independent_multi_context_canonical	མགུལ་གདབ་ mgul gdub ein Halsschmuck.
གདམས	unterweisen	gdams	canonical_independent_strong	0	REPLACE unterwei→gdam;DEL en	diagnostic_only;diagnostic_only	alignment_or_damage	ordinary_tibetan_lexical_or_compound:1	damage:1;marker:0	independent_multi_context_canonical	ཉེར་གདམས་ ༡70? gdams unterweisen.
གདུ	Gottes	gdu	canonical_independent_strong	1	REPLACE Gottes→gdu	diagnostic_only	one_signature_missing	ordinary_tibetan_lexical_or_compound:1	damage:0;marker:0	independent_multi_context_canonical	3 གདུ Gottes Mahesvara.
གདུ	Reue	gdu	canonical_independent_strong	1	SUB R→g;SUB e→d;DEL e	diagnostic_only;diagnostic_only;diagnostic_only	multiple_signatures_missing	ordinary_tibetan_lexical_or_compound:1	damage:0;marker:0	independent_multi_context_canonical	ཕྱན གདུ་ fūr Reue,
གདུག	des	gdug	canonical_independent_strong	1	INS g;SUB e→u;SUB s→g	diagnostic_only;diagnostic_only;diagnostic_only	multiple_signatures_missing	ordinary_tibetan_lexical_or_compound:1	damage:0;marker:0	independent_multi_context_canonical	3 གདུག་རྣ་རྒྱན des Gottes Mahesvara.
གདུགས	Sonne	gdugs	canonical_independent_strong	0	SUB S→g;SUB o→d;SUB n→u;SUB n→g;SUB e→s	diagnostic_only;diagnostic_only;diagnostic_only;diagnostic_only;diagnostic_only	domain_risk	unclear:1	damage:1;marker:0	independent_multi_context_canonical	Sm ri khri alttib. auch ?7/ gri. ཉི་གདུགས་ /7ཿ gdungs Sonne.
གདུང	Familienname	gduṅ	canonical_independent_strong	1	REPLACE Familienname→gduṅ	diagnostic_only	one_signature_missing	ordinary_tibetan_lexical_or_compound:1	damage:0;marker:0	independent_multi_context_canonical	གདུང་ ། Familienname und erblicher Ti-
གདུང	gdunṅ	gduṅ	canonical_independent_strong	1	DEL n	diagnostic_only	one_signature_missing	ordinary_tibetan_lexical_or_compound:1	damage:0;marker:0	independent_multi_context_canonical	མིའུ་གདུང་དྲུག་དགྲ་ལྷ་ min gdunṅ drug dera lha
གདུང	gun	gduṅ	canonical_independent_strong	1	INS d;SUB n→ṅ	diagnostic_only;authorized_role_conditioned	one_signature_missing	ordinary_tibetan_lexical_or_compound:1	damage:0;marker:0	independent_multi_context_canonical	སྐུ་གདུང་ sh gun.
གདུང	odun	gduṅ	canonical_independent_strong	1	SUB o→g;SUB n→ṅ	diagnostic_only;authorized_role_conditioned	one_signature_missing	ordinary_tibetan_lexical_or_compound:1	damage:0;marker:0	independent_multi_context_canonical	"གདུང་ ""odun"
གདུང	voṅ	gduṅ	canonical_independent_strong	1	REPLACE vo→gdu	diagnostic_only	one_signature_missing	ordinary_tibetan_lexical_or_compound:1	damage:0;marker:0	independent_multi_context_canonical	ནད་ཀྱིས་གདུང་ nad kyisgdun voṅ Krankheit ge-
གདོང	can	gdoṅ	canonical_independent_strong	1	REPLACE can→gdoṅ	diagnostic_only	one_signature_missing	ordinary_tibetan_lexical_or_compound:1	damage:0;marker:0	independent_multi_context_canonical	རྟ་ཡི་གདོང་ཅན་ rta ༡// gdon can Trta gdon can.
གདོང	edoṅ	gdoṅ	canonical_independent_strong	1	SUB e→g	diagnostic_only	one_signature_missing	ordinary_tibetan_lexical_or_compound:1	damage:0;marker:0	independent_multi_context_canonical	གདོང་ 'edoṅ
གདོང	ggdoṅ	gdoṅ	canonical_independent_strong	1	DEL g	diagnostic_only	one_signature_missing	ordinary_tibetan_lexical_or_compound:1	damage:0;marker:0	independent_multi_context_canonical	གདོང་ཅན་གཉིས་ ggdoṅ can zwei Gottheiten
གདོན	sdon	gdon	canonical_independent_strong	0	SUB s→g	diagnostic_only	alignment_or_damage	ordinary_tibetan_lexical_or_compound:1	damage:1;marker:0	independent_multi_context_canonical	གདོན་ ?sdon ein Dämon, Geist; vgl. Neb 310
གནོན	gron	gnon	canonical_independent_strong	1	SUB r→n	diagnostic_only	one_signature_missing	ordinary_tibetan_lexical_or_compound:1	damage:0;marker:0	independent_multi_context_canonical	འཇིགས་གནོན་ gs gron auch 7:95 snon Bez. für
གནོན	rjes	gnon	canonical_independent_strong	1	SUB r→g;SUB j→n;SUB e→o;SUB s→n	diagnostic_only;diagnostic_only;diagnostic_only;diagnostic_only	multiple_signatures_missing	ordinary_tibetan_lexical_or_compound:1	damage:0;marker:0	independent_multi_context_canonical	EN ་གནོན་ rjes gnon
གནོན	unterdr	gnon	canonical_independent_strong	0	SUB u→g;REPLACE terdr→on	diagnostic_only;diagnostic_only	alignment_or_damage	ordinary_tibetan_lexical_or_compound:1	damage:1;marker:0	independent_multi_context_canonical	དྲག་གནོན་ drag 977077 unterdrücken.
གམ	grum	gam	canonical_independent_strong	1	REPLACE ru→a	diagnostic_only	one_signature_missing	ordinary_tibetan_lexical_or_compound:1	damage:0;marker:0	independent_multi_context_canonical	ཐེ་སེ་གམ་པུ་ the se grum bu Tthe grum.
གམ	sam	gam	canonical_independent_strong	1	SUB s→g	diagnostic_only	one_signature_missing	ordinary_tibetan_lexical_or_compound:1	damage:0;marker:0	independent_multi_context_canonical	གམ་ sam Hülse, Schote.
གཙང	bsrel	gtsaṅ	canonical_independent_strong	0	REPLACE b→gt;REPLACE rel→aṅ	diagnostic_only;diagnostic_only	alignment_or_damage	ordinary_tibetan_lexical_or_compound:1	damage:1;marker:0	independent_multi_context_canonical	ཀུ་ཤ་གཙང་བསྲེལ་ ku Sa 0757] bsrel (‘ku sa) „das
གཙང	gtsani	gtsaṅ	canonical_independent_strong	3	REPLACE ni→ṅ	candidate_review	domain_risk	ordinary_tibetan_lexical_or_compound:2;tibetan_proper_name:1	damage:0;marker:0	independent_multi_context_canonical	"ཆོས་ལུགས་མི་གཙང་་་ chos lugs mi gtsani... || དྭབུས་གཙང་ dbus gtsani || མིག་གཙང་དགའ་འབྱུང་ mig gtsani dga’ ""byuṅ npr."
གཙང	gtsari	gtsaṅ	canonical_independent_strong	5	REPLACE ri→ṅ	diagnostic_only	domain_risk	ordinary_tibetan_lexical_or_compound:4;tibetan_proper_name:1	damage:0;marker:0	independent_multi_context_canonical	དྲི་གཙང་ཁང་ dri gtsari khaṅ ein Raum in einem || དྲི་གཙང་ཞགས་པ་ dri gtsari Zags pa npr. ein gäi || བྱིན་པ་གཙང་ byin pa gtsari Bez. für Esel.
གཙང	ma	gtsaṅ	canonical_independent_strong	1	REPLACE m→gts;INS ṅ	diagnostic_only;diagnostic_only	multiple_signatures_missing	ordinary_tibetan_lexical_or_compound:1	damage:0;marker:0	independent_multi_context_canonical	རྟ་ཡི་གཙང་མ་ rta ༡// gtsaṅ ma Trta gtsaṅ.
གཙང	sorgf	gtsaṅ	canonical_independent_strong	0	INS gt;REPLACE orgf→aṅ	diagnostic_only;diagnostic_only	domain_risk	unclear:1	damage:1;marker:0	independent_multi_context_canonical	འགད་གཙང་ 977 gtsaṅ sorgfältig.
གཙེར	giser	gtser	canonical_independent_strong	1	SUB i→t	candidate_review	one_signature_missing	ordinary_tibetan_lexical_or_compound:1	damage:0;marker:0	independent_multi_context_canonical	འགེལ་གཙེར་ gel giser
གཙོ	Beiname	gtso	canonical_independent_strong	0	REPLACE Beiname→gtso	diagnostic_only	alignment_or_damage	ordinary_tibetan_lexical_or_compound:1	damage:1;marker:0	independent_multi_context_canonical	འཆི་མེད་གྲོང་གཙོ་ 'chi med groṅ 9750 Beiname
གཙོ	bo	gtso	canonical_independent_strong	1	REPLACE b→gts	diagnostic_only	alignment_or_damage	ordinary_tibetan_lexical_or_compound:2	damage:1;marker:0	independent_multi_context_canonical	ཏྱ་ཡི་གཙོ་བོ་ khyu ༡// gtso bo Herr der Elefan- || དགའ་ལྡན་གཙོ་བོ་ dga’ ldan 9750 bo Beiname des
གཙོ	mo	gtso	canonical_independent_strong	1	REPLACE m→gts	diagnostic_only	one_signature_missing	ordinary_tibetan_lexical_or_compound:1	damage:0;marker:0	independent_multi_context_canonical	སྨན་གྱི་གཙོ་མོ་ ssman gyi mo cine sman-mo-
གཞི	Basis	gźi	canonical_independent_strong	0	REPLACE Bas→gź;DEL s	diagnostic_only;diagnostic_only	alignment_or_damage	ordinary_tibetan_lexical_or_compound:1	damage:1;marker:0	independent_multi_context_canonical	རྟེན་གཞི་ rten 97: Basis, Grundlage.
གཞི	Grundlage	gźi	canonical_independent_strong	1	DEL Grundla;REPLACE e→źi	diagnostic_only;diagnostic_only	alignment_or_damage	ordinary_tibetan_lexical_or_compound:2	damage:1;marker:0	independent_multi_context_canonical	གཏོང་གཞི་ gtoṅ 0277 Grundlage für die Bestrei- || སྤྲུལ་གཞི་ elgi Grundlage fūr eine Emana-
གཞི	Hauptteil	gźi	canonical_independent_strong	0	REPLACE Hauptte→gź;DEL l	diagnostic_only;diagnostic_only	alignment_or_damage	ordinary_tibetan_lexical_or_compound:1	damage:1;marker:0	independent_multi_context_canonical	དངོས་གཞི་ dṅos 92/ Hauptteil.
གཞི	Krankheit	gźi	canonical_independent_strong	0	REPLACE Krankhe→gź;DEL t	diagnostic_only;diagnostic_only	domain_risk	unclear:1	damage:1;marker:0	independent_multi_context_canonical	བསུང་གཞི་ 557//7? 977 resp. Krankheit.
གཞི	Plan	gźi	canonical_independent_strong	0	REPLACE Plan→gźi	diagnostic_only	alignment_or_damage	ordinary_tibetan_lexical_or_compound:1	damage:1;marker:0	independent_multi_context_canonical	ཐབས་གཞི་ thabs 97/ Plan, Strategie, Pro-
གཞི	g	gźi	canonical_independent_strong	12	INS źi	diagnostic_only	domain_risk	ordinary_tibetan_lexical_or_compound:11;tibetan_proper_name:1	damage:0;marker:0	independent_multi_context_canonical	ཀུན་གཞི་ kun gäi || ཀུན་གཞི་ kun gäi. || ཀོ་ལྤགས་ཀྱི་གཞི་ ko lpags kyi gäi einer der 17 gäi
གཞི	gZi	gźi	canonical_independent_strong	0	SUB Z→ź	authorized_role_conditioned	domain_risk	unclear:1	damage:0;marker:0	independent_multi_context_canonical	"gsum ""[Krankheits]typus, -bild und Behand- དབྱེ་གཞི་ dbye gZi Unterscheidungsgrundlage."
གཞི	gi	gźi	canonical_independent_strong	1	INS ź	diagnostic_only	one_signature_missing	ordinary_tibetan_lexical_or_compound:1	damage:0;marker:0	independent_multi_context_canonical	འདུལ་བའི་གཞི་ dul ba'i gi auch 'dul ba gi
གཞི	gāi	gźi	canonical_independent_strong	1	SUB ā→ź	diagnostic_only	one_signature_missing	ordinary_tibetan_lexical_or_compound:1	damage:0;marker:0	independent_multi_context_canonical	མ་གཞི་ ma gāi Grundlage, Basis.
གཞི	maj	gźi	canonical_independent_strong	1	SUB m→g;SUB a→ź;SUB j→i	diagnostic_only;diagnostic_only;diagnostic_only	multiple_signatures_missing	ordinary_tibetan_lexical_or_compound:1	damage:0;marker:0	independent_multi_context_canonical	བག་གཞི་ bbag maj
གཞུང	gun	gźuṅ	canonical_reviewed	1	INS ź;SUB n→ṅ	diagnostic_only;authorized_role_conditioned	one_signature_missing	ordinary_tibetan_lexical_or_compound:1	damage:0;marker:0	explicit_user_reviewed	ཁྲེལ་གཞུང་ khrel gun \khrel.
གཞུང	lokale	gźuṅ	canonical_reviewed	1	REPLACE lokale→gźuṅ	diagnostic_only	one_signature_missing	ordinary_tibetan_lexical_or_compound:1	damage:0;marker:0	explicit_user_reviewed	དབུས་གཞུང་ ddbus lokale Regierung, Zen-
གཟན	Fettgebackenes	gzan	canonical_independent_strong	1	DEL Fett;REPLACE eb→z;DEL cke;DEL es	diagnostic_only;diagnostic_only;diagnostic_only;diagnostic_only	multiple_signatures_missing	ordinary_tibetan_lexical_or_compound:1	damage:0;marker:0	independent_multi_context_canonical	སྣོག་གཟན་ snoggzan Fettgebackenes, Gebäck.
གཟན	Schakal	gzan	canonical_independent_strong	1	REPLACE Sch→gz;REPLACE kal→n	diagnostic_only;diagnostic_only	multiple_signatures_missing	ordinary_tibetan_lexical_or_compound:1	damage:0;marker:0	independent_multi_context_canonical	གཅན་གཟན Fuchs, Schakal.
གཟན	Wild	gzan	canonical_independent_strong	1	SUB W→g;SUB i→z;SUB l→a;SUB d→n	diagnostic_only;diagnostic_only;diagnostic_only;diagnostic_only	multiple_signatures_missing	ordinary_tibetan_lexical_or_compound:1	damage:0;marker:0	independent_multi_context_canonical	བྱ་གཟན་ byagzan Wild, Wildtiere.
གཟན	gran	gzan	canonical_independent_strong	1	SUB r→z	diagnostic_only	one_signature_missing	ordinary_tibetan_lexical_or_compound:1	damage:0;marker:0	independent_multi_context_canonical	རྣག་གཟན་ mag gran
གཟར	blugs	gzar	canonical_independent_strong	0	DEL blu;REPLACE s→zar	diagnostic_only;diagnostic_only	alignment_or_damage	ordinary_tibetan_lexical_or_compound:1	damage:0;marker:1	independent_multi_context_canonical	བླུག་གཟར་ bluggzar \blugs gzar.
གཟར	gzer	gzar	canonical_independent_strong	1	SUB e→a	diagnostic_only	one_signature_missing	ordinary_tibetan_lexical_or_compound:1	damage:0;marker:0	independent_multi_context_canonical	ཉ་གཟར་ nl gzer 1¡7/ zer,
གཟིགས	geigs	gzigs	canonical_independent_strong	1	SUB e→z	diagnostic_only	one_signature_missing	ordinary_tibetan_lexical_or_compound:1	damage:0;marker:0	independent_multi_context_canonical	ཀུན་གཟིགས་ kun geigs
གཟིགས	tu	gzigs	canonical_independent_strong	1	REPLACE tu→gzigs	diagnostic_only	one_signature_missing	ordinary_tibetan_lexical_or_compound:1	damage:0;marker:0	independent_multi_context_canonical	་ཏ་གཟིགས་པ་ kun tu gzigs pa Samantadarsin,
གཟིར	Krieg	gzir	canonical_independent_strong	1	REPLACE K→gzi;DEL ieg	diagnostic_only;diagnostic_only	multiple_signatures_missing	ordinary_tibetan_lexical_or_compound:1	damage:0;marker:0	independent_multi_context_canonical	དམག་གཟིར་ dmaggzir Krieg.
གཟིར	geir	gzir	canonical_independent_strong	1	SUB e→z	diagnostic_only	one_signature_missing	ordinary_tibetan_lexical_or_compound:1	damage:0;marker:0	independent_multi_context_canonical	རྨྱ་ངན་གཟིར་ mya ñaṅ geir
གཟེར	Nagel	gzer	canonical_independent_strong	1	DEL Na;INS z;SUB l→r	diagnostic_only;diagnostic_only;diagnostic_only	multiple_signatures_missing	ordinary_tibetan_lexical_or_compound:1	damage:0;marker:0	independent_multi_context_canonical	དུས་གཟེར་ dusgzer „Nagel der Zeit“, eine Grö-
གཟོ	Ybyas	gzo	canonical_independent_strong	1	REPLACE Ybyas→gzo	diagnostic_only	one_signature_missing	ordinary_tibetan_lexical_or_compound:1	damage:0;marker:0	independent_multi_context_canonical	བྱས་གཟོ་ byasgzo Ybyas pa gzo.
གཡེལ	can	g.yel	canonical_independent_strong	1	REPLACE can→g.yel	diagnostic_only	one_signature_missing	ordinary_tibetan_lexical_or_compound:1	damage:0;marker:0	independent_multi_context_canonical	སྣང་གཡེལ་ཅན་ g.yel can übermütig, aus-
གཡོ	ba	g.yo	canonical_independent_strong	0	REPLACE ba→g.yo	diagnostic_only	domain_risk	unclear:1	damage:1;marker:0	independent_multi_context_canonical	ཆུ་གཡོ་བ་ chu £9.༡༡༠ ba „bewegliches Wasser“
གཡོ	g.yoba	g.yo	canonical_independent_strong	1	DEL ba	diagnostic_only	one_signature_missing	ordinary_tibetan_lexical_or_compound:1	damage:0;marker:0	independent_multi_context_canonical	ཕུང་གཡོ་བ་ ph g.yoba Verleumdung, Intrige.
གཡོ	gyo	g.yo	canonical_independent_strong	2	INS .	diagnostic_only	domain_risk	ordinary_tibetan_lexical_or_compound:1;tibetan_proper_name:1	damage:0;marker:0	independent_multi_context_canonical	རྣམ་པར་གཡོ་ rnam par gyo sich bewegen; ~ || མི་གཡོ་ལྟྷ་ mi gyo lha npr. ein Buddha.
གཡོ	yo	g.yo	canonical_independent_strong	1	INS g.	diagnostic_only	one_signature_missing	ordinary_tibetan_lexical_or_compound:1	damage:0;marker:0	independent_multi_context_canonical	མི་གཡོ་བ་ mig.,yo ba
གཡོག	Diener	g.yog	canonical_independent_strong	1	REPLACE Diener→g.yog	diagnostic_only	one_signature_missing	ordinary_tibetan_lexical_or_compound:1	damage:0;marker:0	independent_multi_context_canonical	ཕྱག་གཡོག་ phyagg.yog Diener, Gehilfe.
གཡོག	Trommelstock	g.yog	canonical_independent_strong	0	REPLACE Tr→g.y;REPLACE mmelstock→g	diagnostic_only;diagnostic_only	alignment_or_damage	ordinary_tibetan_lexical_or_compound:1	damage:1;marker:1	independent_multi_context_canonical	རྔ་གཡོག་ rha 9.༡/0£ Trommelstock.
གར	gur	gar	canonical_independent_strong	1	SUB u→a	candidate_review	one_signature_missing	ordinary_tibetan_lexical_or_compound:1	damage:0;marker:0	independent_multi_context_canonical	གར་ཏྱིམ་ gur khyim ein Zelt.
གལ	Imand	gal	canonical_independent_strong	0	REPLACE Im→g;REPLACE nd→l	diagnostic_only;diagnostic_only	alignment_or_damage	ordinary_tibetan_lexical_or_compound:1	damage:0;marker:1	independent_multi_context_canonical	མོང་གལ་གྱི་བུ་ mongalgyibu Imand galgyi bu.
གལ	K	gal	canonical_independent_strong	1	REPLACE K→gal	diagnostic_only	one_signature_missing	ordinary_tibetan_lexical_or_compound:1	damage:0;marker:0	independent_multi_context_canonical	"མའམ་ཅེའྲི་གལ་པོ་ manch rgyalpo ""Königder"
གལ	galbu	gal	canonical_independent_strong	1	DEL bu	diagnostic_only	one_signature_missing	ordinary_tibetan_lexical_or_compound:1	damage:0;marker:0	independent_multi_context_canonical	མོ་གལ་བུ་ mo galbu Imand gal gyi bu.
གལ	grul	gal	canonical_independent_strong	1	REPLACE ru→a	diagnostic_only	one_signature_missing	ordinary_tibetan_lexical_or_compound:1	damage:0;marker:0	independent_multi_context_canonical	གལ་གྲམ་མ།་ grul bum ma die Göttin Umä.
གལ	man	gal	canonical_independent_strong	1	SUB m→g;SUB n→l	diagnostic_only;diagnostic_only	multiple_signatures_missing	ordinary_tibetan_lexical_or_compound:1	damage:0;marker:0	independent_multi_context_canonical	་གལ་གྱི་བུ་ man gal gyi bu Imand gal gyi bu.
གལ	mdo	gal	canonical_independent_strong	0	SUB m→g;SUB d→a;SUB o→l	diagnostic_only;diagnostic_only;diagnostic_only	domain_risk	unclear:1	damage:0;marker:0	independent_multi_context_canonical	གལ་མདོ་ 9¢/ mdo Wesentliches, Wichtigkeit.
གལ	ra	gal	canonical_independent_strong	1	SUB r→g;INS l	diagnostic_only;diagnostic_only	multiple_signatures_missing	ordinary_tibetan_lexical_or_compound:1	damage:0;marker:0	independent_multi_context_canonical	མུས་ར་གལ་པ་ mu sa ra gal ba auch mu sa
གཤིན	Gefolge	gsin	canonical_independent_strong	1	DEL Gefol;REPLACE e→sin	diagnostic_only;diagnostic_only	multiple_signatures_missing	ordinary_tibetan_lexical_or_compound:1	damage:0;marker:0	independent_multi_context_canonical	པ གི གཤིན heit im Gefolge des Nan-sgrub
གཤིན	freundlich	gsin	canonical_independent_strong	0	REPLACE freu→gsi;DEL dlich	diagnostic_only;diagnostic_only	domain_risk	unclear:1	damage:1;marker:0	independent_multi_context_canonical	མཉེས་གཤིན་པ་ 777/705 047777 pa freundlich, gütig;
གཤེགས	er	gsegs	canonical_independent_strong	0	INS gs;REPLACE r→gs	diagnostic_only;diagnostic_only	alignment_or_damage	ordinary_tibetan_lexical_or_compound:1	damage:1;marker:0	independent_multi_context_canonical	མངོན་སུམ་དུ་གཤེགས་ mnon sum du 9695 er-
གཤེགས	giegs	gsegs	canonical_independent_strong	1	SUB i→s	diagnostic_only	one_signature_missing	ordinary_tibetan_lexical_or_compound:1	damage:0;marker:0	independent_multi_context_canonical	བདེ་གཤེགས་དབང་མོ་ bde giegs dbaṅ mo Beina-
གཤེགས	gśegs	gsegs	canonical_independent_strong	3	SUB ś→s	candidate_review	one_signature_missing	ordinary_tibetan_lexical_or_compound:3	damage:0;marker:0	independent_multi_context_canonical	ཀརྨ་པ་དེ་བཞིན་གཤེགས་པ ' karma pa de bZin gśegs pa || དེ་བཞིན་གཤེགས་པ་་ de bZin gśegs pa ... || བདེ་གཤེགས་ bde gśegs Tbde bar gśegs pa.
གཤེགས	resp	gsegs	canonical_independent_strong	0	REPLACE r→gs;INS g;DEL p	diagnostic_only;diagnostic_only;diagnostic_only	alignment_or_damage	ordinary_tibetan_lexical_or_compound:1	damage:1;marker:0	independent_multi_context_canonical	སྐུ་གཤེགས་ sku 9669$5 resp. sterben, verscheiden.
གཤེད	des	gsed	canonical_independent_strong	1	INS gse;DEL es	diagnostic_only;diagnostic_only	multiple_signatures_missing	ordinary_tibetan_lexical_or_compound:1	damage:0;marker:0	independent_multi_context_canonical	"འབྱུང་གཤེད་ ""Henker des"
གཤེད	gśed	gsed	canonical_independent_strong	1	SUB ś→s	candidate_review	one_signature_missing	ordinary_tibetan_lexical_or_compound:1	damage:0;marker:0	independent_multi_context_canonical	གདོན་གཤེད་ཁྲ་བོ་ gdon gśed khra bo
གཤེད	ma	gsed	canonical_independent_strong	1	REPLACE ma→gsed	diagnostic_only	one_signature_missing	ordinary_tibetan_lexical_or_compound:1	damage:0;marker:0	independent_multi_context_canonical	མི་གཤེད་མ་པ་ migsed ma pa Henker.
གཤེན	RSEN	gsen	canonical_independent_strong	1	SUB R→g;SUB S→s;SUB E→e;SUB N→n	diagnostic_only;diagnostic_only;diagnostic_only;diagnostic_only	multiple_signatures_missing	ordinary_tibetan_lexical_or_compound:1	damage:0;marker:0	independent_multi_context_canonical	ཕྱ་གཤེན phya RSEN lphywa gen.
གཤེན	gen	gsen	canonical_independent_strong	1	INS s	diagnostic_only	one_signature_missing	ordinary_tibetan_lexical_or_compound:1	damage:0;marker:0	independent_multi_context_canonical	འཕྲུལ་གཤེན་ 'phrul gen Bez. für eine Abtei-
གཤེར	Gerichtsverhandlung	gser	canonical_independent_strong	0	REPLACE G→gs;DEL ichtsverhandlung	diagnostic_only;diagnostic_only	alignment_or_damage	ordinary_tibetan_lexical_or_compound:1	damage:1;marker:0	independent_multi_context_canonical	ཐུག་གཤེར་ thug 0407 Gerichtsverhandlung.
གཤེར	gśer	gser	canonical_independent_strong	1	SUB ś→s	candidate_review	one_signature_missing	ordinary_tibetan_lexical_or_compound:1	damage:0;marker:0	independent_multi_context_canonical	དྲོད་གཤེར་ drod gśer
གཤེར	las	gser	canonical_independent_strong	1	REPLACE la→g;INS er	diagnostic_only;diagnostic_only	multiple_signatures_missing	ordinary_tibetan_lexical_or_compound:1	damage:0;marker:0	independent_multi_context_canonical	"དྲོད་གཤེར་ལས་སྐྱེ་བ་ ddrod las skye ba ""aus"
གསང	Bericht	gsaṅ	canonical_independent_strong	0	REPLACE Bericht→gsaṅ	diagnostic_only	alignment_or_damage	ordinary_tibetan_lexical_or_compound:1	damage:1;marker:0	independent_multi_context_canonical	སྙན་གསང་ san 95:43) Bericht.
གསང	gsani	gsaṅ	canonical_independent_strong	3	REPLACE ni→ṅ	candidate_review	one_signature_missing	ordinary_tibetan_lexical_or_compound:3	damage:0;marker:0	independent_multi_context_canonical	ཐུགས་གཏེར་གསང་་ thugs gter gsani ... || རྣ་བ་གསང་བ་ ma ba gsani ba jmd., der gut hört || འབྲུ་གསང་ bru gsani
གསང	gsar	gsaṅ	canonical_independent_strong	1	SUB r→ṅ	candidate_review	one_signature_missing	ordinary_tibetan_lexical_or_compound:1	damage:0;marker:0	independent_multi_context_canonical	ཆབ་གསང་ chab gsarı
གསང	gsari	gsaṅ	canonical_independent_strong	1	REPLACE ri→ṅ	diagnostic_only	one_signature_missing	ordinary_tibetan_lexical_or_compound:1	damage:0;marker:0	independent_multi_context_canonical	སྤྦ་གསང་ sba gsari geheim.
གསང	gsuṅ	gsaṅ	canonical_independent_strong	1	SUB u→a	candidate_review	one_signature_missing	ordinary_tibetan_lexical_or_compound:1	damage:0;marker:0	independent_multi_context_canonical	བདྡེན་པ་གསང་བྲ་ bden pa gsuṅ ba Bez. für Bud-
གསང	u	gsaṅ	canonical_independent_strong	1	REPLACE u→gsaṅ	diagnostic_only	one_signature_missing	ordinary_tibetan_lexical_or_compound:1	damage:0;marker:0	independent_multi_context_canonical	ཕྱི་ནང་གསང་ pphyi nani Äußeres, Inneres
གསར	gsor	gsar	canonical_independent_strong	1	SUB o→a	candidate_review	one_signature_missing	ordinary_tibetan_lexical_or_compound:1	damage:0;marker:0	independent_multi_context_canonical	མདའུ་གསར་ mach gsor temmeisen, Schnitz-
གསར	tog	gsar	canonical_independent_strong	1	DEL to;INS sar	diagnostic_only;diagnostic_only	multiple_signatures_missing	ordinary_tibetan_lexical_or_compound:1	damage:0;marker:0	independent_multi_context_canonical	ཏག་གསར་མ་ me tog gsar ma Bez. für eine
གསལ	ba	gsal	canonical_independent_strong	1	REPLACE b→gs;INS l	diagnostic_only;diagnostic_only	domain_risk	tibetan_proper_name:1	damage:0;marker:0	independent_multi_context_canonical	སྐུབུ་དགེ་བ་གསལ་ mu zu dge ba gsal npr. Or-
གསས	g	gsas	canonical_independent_strong	0	INS sas	diagnostic_only	alignment_or_damage	ordinary_tibetan_lexical_or_compound:1	damage:1;marker:0	independent_multi_context_canonical	རྟ་གསས་འགྲེམས་ rta g50s 'grems eine Abgaben-
གསུང	gsuṅń	gsuṅ	canonical_independent_strong	1	DEL ń	diagnostic_only	one_signature_missing	ordinary_tibetan_lexical_or_compound:1	damage:0;marker:0	independent_multi_context_canonical	པདྨ་གསུང་ padma gsuṅń cine Mahāyoga-Praxis Ir. -NI'i Hana
གསུང	mi	gsuṅ	canonical_independent_strong	1	REPLACE mi→gsuṅ	diagnostic_only	one_signature_missing	ordinary_tibetan_lexical_or_compound:1	damage:0;marker:0	independent_multi_context_canonical	གཉིས་སུ་མི་གསུང་བ་ gäls su mi gsun ba ein-
གསེབ	Felsspalte	gseb	canonical_independent_strong	1	REPLACE F→gs;REPLACE lsspalte→b	diagnostic_only;diagnostic_only	multiple_signatures_missing	ordinary_tibetan_lexical_or_compound:1	damage:0;marker:0	independent_multi_context_canonical	བྲག་གསེབ་ braggseb Felsspalte.
གསེབ	Kamelhengst	gseb	canonical_independent_strong	0	DEL Kamelhen;REPLACE t→eb	diagnostic_only;diagnostic_only	domain_risk	unclear:1	damage:1;marker:0	independent_multi_context_canonical	རྔ་གསེབ་ 77? gseb Kamelhengst.
གསོ	g	gso	canonical_independent_strong	1	INS so	diagnostic_only	one_signature_missing	ordinary_tibetan_lexical_or_compound:1	damage:0;marker:0	independent_multi_context_canonical	ཉམས་གསོ་ Nams g50 renovieren.
གསོལ	Bes	gsol	canonical_independent_strong	0	REPLACE Be→g;INS ol	diagnostic_only;diagnostic_only	domain_risk	unclear:1	damage:1;marker:0	independent_multi_context_canonical	བརྔན་གསོལ་ 5777777 gsol Besänftigungsopfer.
གསོལ	an	gsol	canonical_independent_strong	1	REPLACE an→gsol	diagnostic_only	one_signature_missing	ordinary_tibetan_lexical_or_compound:1	damage:0;marker:0	independent_multi_context_canonical	སྙན་གསོལ་ säan gsol eine Audienz erbitten,
གསོལ	du	gsol	canonical_independent_strong	1	REPLACE du→gsol	diagnostic_only	one_signature_missing	ordinary_tibetan_lexical_or_compound:1	damage:0;marker:0	independent_multi_context_canonical	སྩན་དྭ་གསོལ་ säan du gsol überbringen, be-
གིས	mig	gis	canonical_independent_strong	1	SUB m→g;SUB g→s	diagnostic_only;diagnostic_only	multiple_signatures_missing	ordinary_tibetan_lexical_or_compound:1	damage:0;marker:0	independent_multi_context_canonical	རླིག་གིས་ ca mig gis sbyans pa Bez. des
གིས	tog	gis	canonical_independent_strong	1	DEL to;INS is	diagnostic_only;diagnostic_only	multiple_signatures_missing	ordinary_tibetan_lexical_or_compound:1	damage:0;marker:0	independent_multi_context_canonical	མེཏོག་གིས་བརྒྱན་པ་ me tog gis broyan pa
གུ	SIEH	gu	canonical_independent_strong	1	REPLACE SIEH→gu	diagnostic_only	one_signature_missing	ordinary_tibetan_lexical_or_compound:1	damage:0;marker:0	independent_multi_context_canonical	> གུ SIEH £/¢
གུ	Tphru	gu	canonical_independent_strong	0	REPLACE Tphr→g	diagnostic_only	alignment_or_damage	ordinary_tibetan_lexical_or_compound:1	damage:0;marker:1	independent_multi_context_canonical	ཕྲུག་གུ་ phruggu Tphru gu.
གུ	k	gu	canonical_independent_strong	1	REPLACE k→gu	diagnostic_only	one_signature_missing	ordinary_tibetan_lexical_or_compound:1	damage:0;marker:0	independent_multi_context_canonical	མི་གུ་ 'migu kühn, unerschrocken.
གུ	kleiner	gu	canonical_independent_strong	1	REPLACE kleiner→gu	diagnostic_only	one_signature_missing	ordinary_tibetan_lexical_or_compound:1	damage:0;marker:0	independent_multi_context_canonical	"མི་གུ་ ""mign kleiner Mensch, Zwerg."
གུ	nigu	gu	canonical_independent_strong	1	DEL ni	diagnostic_only	one_signature_missing	ordinary_tibetan_lexical_or_compound:1	damage:0;marker:0	independent_multi_context_canonical	གུ་ nigu.
གུ	smyn	gu	canonical_independent_strong	1	REPLACE smyn→gu	diagnostic_only	one_signature_missing	ordinary_tibetan_lexical_or_compound:1	damage:0;marker:0	independent_multi_context_canonical	་གུ་ཅན་ smyn gu can auch smyi gu can, smyig
གུ	smyu	gu	canonical_independent_strong	1	REPLACE smy→g	diagnostic_only	one_signature_missing	ordinary_tibetan_lexical_or_compound:1	damage:0;marker:0	independent_multi_context_canonical	་གུ་འཛིན་ smyu gu 'dzin Schreiber.
གུང	gur	guṅ	canonical_independent_strong	1	SUB r→ṅ	candidate_review	one_signature_missing	ordinary_tibetan_lexical_or_compound:1	damage:0;marker:0	independent_multi_context_canonical	གུང་འདབ་ gur ’dab Zeltplatz.
གུར	gyur	gur	canonical_independent_strong	1	DEL y	diagnostic_only	one_signature_missing	ordinary_tibetan_lexical_or_compound:1	damage:0;marker:0	independent_multi_context_canonical	མངན་དྲུ་གུར་ mnon du gyur
གུར	resp	gur	canonical_independent_strong	1	INS gu;DEL esp	diagnostic_only;diagnostic_only	multiple_signatures_missing	ordinary_tibetan_lexical_or_compound:1	damage:0;marker:0	independent_multi_context_canonical	དབུ་གུར་ dbugur resp. Zelt.
གུས	Zabs	gus	canonical_independent_strong	0	REPLACE Zab→gu	diagnostic_only	alignment_or_damage	ordinary_tibetan_lexical_or_compound:1	damage:1;marker:0	independent_multi_context_canonical	གུས་ཞབས་ ༩༧༠ Zabs Ehrerweisung.
གུས	geus	gus	canonical_independent_strong	1	DEL e	diagnostic_only	one_signature_missing	ordinary_tibetan_lexical_or_compound:1	damage:0;marker:0	independent_multi_context_canonical	"གུས ""geus"
གེ	Y'bron	ge	canonical_independent_strong	1	REPLACE Y'bron→ge	diagnostic_only	one_signature_missing	ordinary_tibetan_lexical_or_compound:1	damage:0;marker:0	independent_multi_context_canonical	འབྲོང་གེ་རུ་ 'brongiru Y'bron ru.
གེ	bsṅal	ge	canonical_independent_strong	1	REPLACE bsṅal→ge	diagnostic_only	one_signature_missing	ordinary_tibetan_lexical_or_compound:1	damage:0;marker:0	independent_multi_context_canonical	་བསལ་གེ་སབ་བསྲལ་ sdug bsṅal gyi sdug
གེ	gi	ge	canonical_independent_strong	1	SUB i→e	diagnostic_only	one_signature_missing	ordinary_tibetan_lexical_or_compound:1	damage:0;marker:0	independent_multi_context_canonical	བདག་གེ་དངོས་པོ bdag gi dṅos po.
གེ	phran	ge	canonical_independent_strong	1	REPLACE phran→ge	diagnostic_only	one_signature_missing	ordinary_tibetan_lexical_or_compound:1	damage:0;marker:0	independent_multi_context_canonical	སྨག་ཤཤན་འཕྲང་གེ་གཡས་ smog Se siṅ 'phran go
གེ	z	ge	canonical_independent_strong	0	REPLACE z→ge	diagnostic_only	alignment_or_damage	ordinary_tibetan_lexical_or_compound:1	damage:1;marker:0	independent_multi_context_canonical	ཅང་ངེ་ཅོག་གེ་ can he €09 ge zögerlich, unschlüs-
གོ	BEN	go	canonical_independent_strong	1	REPLACE BEN→go	diagnostic_only	one_signature_missing	ordinary_tibetan_lexical_or_compound:1	damage:0;marker:0	independent_multi_context_canonical	གོ་ BEN go mtsbams Zwischenraum.
གོ	HA	go	canonical_independent_strong	1	SUB H→g;SUB A→o	diagnostic_only;diagnostic_only	multiple_signatures_missing	ordinary_tibetan_lexical_or_compound:1	damage:0;marker:0	independent_multi_context_canonical	གོ་ HA gan ta ma
གོ	HR	go	canonical_independent_strong	1	SUB H→g;SUB R→o	diagnostic_only;diagnostic_only	multiple_signatures_missing	ordinary_tibetan_lexical_or_compound:1	damage:0;marker:0	independent_multi_context_canonical	གོ་ HR go tama
གོ	STATE	go	canonical_independent_strong	1	REPLACE STATE→go	diagnostic_only	one_signature_missing	ordinary_tibetan_lexical_or_compound:1	damage:0;marker:0	independent_multi_context_canonical	གོ་ STATE go tsan than chu Harz des weißen
གོ	Suffix	go	canonical_independent_strong	0	REPLACE Suffix→go	diagnostic_only	domain_risk	unclear:1	damage:1;marker:0	independent_multi_context_canonical	གོ་ 390 Suffix mit emphatischer Funktion, vgl.
གོ	bdag	go	canonical_independent_strong	1	DEL bda;INS o	diagnostic_only;diagnostic_only	multiple_signatures_missing	ordinary_tibetan_lexical_or_compound:1	damage:0;marker:0	independent_multi_context_canonical	གོ་དགུ་ bdag (Neb 296).
གོ	g	go	canonical_independent_strong	1	INS o	diagnostic_only	one_signature_missing	ordinary_tibetan_lexical_or_compound:1	damage:0;marker:0	independent_multi_context_canonical	གོ་ ’g0 1,97//.
གོ	gan	go	canonical_independent_strong	1	REPLACE an→o	diagnostic_only	domain_risk	ordinary_tibetan_lexical_or_compound:1;unclear:1	damage:1;marker:0	independent_multi_context_canonical	གོ་ gan auch go Rede bzw. Kuh, Ochse, von || གོ་རི་མ་ gan 77 ma Beiname der Göttin Umä.
གོ	gau	go	canonical_independent_strong	1	REPLACE au→o	diagnostic_only	one_signature_missing	ordinary_tibetan_lexical_or_compound:1	damage:0;marker:0	independent_multi_context_canonical	གོ་ཏ་མ་ gau ta ma auch go’u ta ma.
གོ	m	go	canonical_independent_strong	1	REPLACE m→go	diagnostic_only	one_signature_missing	ordinary_tibetan_lexical_or_compound:1	damage:0;marker:0	independent_multi_context_canonical	གོ་ m go kha Herd.
གོ	mgo	go	canonical_independent_strong	1	DEL m	diagnostic_only	one_signature_missing	ordinary_tibetan_lexical_or_compound:1	damage:0;marker:0	independent_multi_context_canonical	གོ་ mgo auch ’go, ~ bo.
གོ	rende	go	canonical_independent_strong	0	REPLACE rende→go	diagnostic_only	domain_risk	unclear:1	damage:0;marker:0	independent_multi_context_canonical	N གོ་གླ 3 rende dgra lha der Bon-po
གོ	tot	go	canonical_independent_strong	0	SUB t→g;DEL t	diagnostic_only;diagnostic_only	alignment_or_damage	ordinary_tibetan_lexical_or_compound:1	damage:1;marker:0	independent_multi_context_canonical	ངག་གོ་ ༡749 go tot.
གོང	Felsblock	goṅ	canonical_independent_strong	1	REPLACE Felsbl→g;REPLACE ck→ṅ	diagnostic_only;diagnostic_only	multiple_signatures_missing	ordinary_tibetan_lexical_or_compound:1	damage:0;marker:0	independent_multi_context_canonical	བྲག་གོང་ braggon Felsblock.
གོང	Handr	goṅ	canonical_independent_strong	1	REPLACE Handr→goṅ	diagnostic_only	one_signature_missing	ordinary_tibetan_lexical_or_compound:1	damage:0;marker:0	independent_multi_context_canonical	འབོལ་གོང་ ''bol Handrücken, Fußrücken.
གོང	Quarz	goṅ	canonical_independent_strong	0	REPLACE Quarz→goṅ	diagnostic_only	alignment_or_damage	ordinary_tibetan_lexical_or_compound:1	damage:1;marker:0	independent_multi_context_canonical	དཀར་གོང་ dkar 9077 Quarz, Kiesel.
གོང	dgon	goṅ	canonical_independent_strong	0	DEL d;SUB n→ṅ	diagnostic_only;authorized_role_conditioned	alignment_or_damage	ordinary_tibetan_lexical_or_compound:1	damage:1;marker:0	independent_multi_context_canonical	གོང་ཞྲག་ dgon 749 Nacht bzw. Tag und
གོང	du	goṅ	canonical_independent_strong	0	REPLACE du→goṅ	diagnostic_only	alignment_or_damage	ordinary_tibetan_lexical_or_compound:1	damage:1;marker:0	independent_multi_context_canonical	གཀོང་ནས་གོང་ད་ gon nas 007? du immer höher, in
གོང	go	goṅ	canonical_independent_strong	1	INS ṅ	diagnostic_only	one_signature_missing	ordinary_tibetan_lexical_or_compound:1	damage:0;marker:0	independent_multi_context_canonical	མར་གོང་ mar go Butterklumpen.
གོང	gorr	goṅ	canonical_independent_strong	1	REPLACE rr→ṅ	diagnostic_only	one_signature_missing	ordinary_tibetan_lexical_or_compound:1	damage:0;marker:0	independent_multi_context_canonical	མུར་གོང་ mmur gorr Schläfe,
གོང	in	goṅ	canonical_independent_strong	1	REPLACE in→goṅ	diagnostic_only	one_signature_missing	ordinary_tibetan_lexical_or_compound:1	damage:0;marker:0	independent_multi_context_canonical	དང་གོང་ dangon in thugs kyi — Brust.
གོང	ma	goṅ	canonical_independent_strong	0	REPLACE ma→goṅ	diagnostic_only	alignment_or_damage	ordinary_tibetan_lexical_or_compound:1	damage:1;marker:0	independent_multi_context_canonical	གཀོང་མ་གོང་མ་ gon ma 9077 ma \gon ma’i 907
གོང	med	goṅ	canonical_independent_strong	1	SUB m→g;SUB e→o;SUB d→ṅ	diagnostic_only;diagnostic_only;diagnostic_only	multiple_signatures_missing	ordinary_tibetan_lexical_or_compound:1	damage:0;marker:0	independent_multi_context_canonical	སྣ་གོང་མེད་ snagon med flachnasig, plattnasig.
གོར	bla	gor	canonical_independent_strong	1	SUB b→g;SUB l→o;SUB a→r	diagnostic_only;diagnostic_only;diagnostic_only	multiple_signatures_missing	ordinary_tibetan_lexical_or_compound:1	damage:0;marker:0	independent_multi_context_canonical	་གོར་ཞྲོ་ཤ་ bla gor Zo Sa eine Heilpflanze, Be-
གོས	Filzkleidung	gos	canonical_independent_strong	1	DEL Filzkleidun;INS os	diagnostic_only;diagnostic_only	multiple_signatures_missing	ordinary_tibetan_lexical_or_compound:1	damage:0;marker:0	independent_multi_context_canonical	ཕྱིང་གོས་ phyingos Filzkleidung.
གོས	Regenmantel	gos	canonical_independent_strong	0	DEL Re;REPLACE enmantel→os	diagnostic_only;diagnostic_only	domain_risk	unclear:1	damage:1;marker:0	independent_multi_context_canonical	ཆུ་གོས་ chu 90$ Regenmantel, -umhang.
གོས	Rock	gos	canonical_independent_strong	0	SUB R→g;REPLACE ck→s	diagnostic_only;diagnostic_only	alignment_or_damage	ordinary_tibetan_lexical_or_compound:1	damage:1;marker:0	independent_multi_context_canonical	མཐང་གོས་ mthan 905 Rock, Unterteil des
གོས	Wolltuch	gos	canonical_independent_strong	1	SUB W→g;REPLACE lltuch→s	diagnostic_only;diagnostic_only	multiple_signatures_missing	ordinary_tibetan_lexical_or_compound:1	damage:0;marker:0	independent_multi_context_canonical	བལ་གོས་ balgos Wolltuch, Wollgewand.
གོས	aus	gos	canonical_independent_strong	0	SUB a→g;SUB u→o	diagnostic_only;diagnostic_only	alignment_or_damage	ordinary_tibetan_lexical_or_compound:1	damage:1;marker:0	independent_multi_context_canonical	ཀ་ཤིའི་གོས་ ka 477 905 Gewand aus Käsikä-Stoff. ~
གོས	behaftet	gos	canonical_independent_strong	0	REPLACE behaftet→gos	diagnostic_only	alignment_or_damage	ordinary_tibetan_lexical_or_compound:1	damage:1;marker:0	independent_multi_context_canonical	གོས་ 2065 behaftet, befleckt, beschmutzt, be-
གོས	nam	gos	canonical_independent_strong	1	SUB n→g;SUB a→o;SUB m→s	diagnostic_only;diagnostic_only;diagnostic_only	multiple_signatures_missing	ordinary_tibetan_lexical_or_compound:1	damage:0;marker:0	independent_multi_context_canonical	གོས་པ་མེད་པ་ nam mkha' ltar chags pa med
གོས	pa	gos	canonical_independent_strong	0	REPLACE pa→gos	diagnostic_only	alignment_or_damage	ordinary_tibetan_lexical_or_compound:1	damage:1;marker:0	independent_multi_context_canonical	གྲོང་ཆོས་མ་གོས་པ་ groṅ chos ma 903 pa junges
གྱར	Einheit	gyur	canonical_independent_strong	1	REPLACE Einheit→gyur	diagnostic_only	one_signature_missing	ordinary_tibetan_lexical_or_compound:1	damage:0;marker:0	independent_multi_context_canonical	གཅག་གྱར་ geiggyur Einheit.
གྱར	mkhran	gyur	canonical_independent_strong	0	SUB m→g;SUB k→y;SUB h→u;DEL an	diagnostic_only;diagnostic_only;diagnostic_only;diagnostic_only	alignment_or_damage	ordinary_tibetan_lexical_or_compound:1	damage:0;marker:1	independent_multi_context_canonical	"འ་ཁང་གྱར་ ""khran gyur \mkhran gyur."
གྱར	pa	gyur	canonical_independent_strong	0	REPLACE pa→gyur	diagnostic_only	domain_risk	unclear:1	damage:1;marker:0	independent_multi_context_canonical	མཉམ་པར་གྱར་པ་ 77/07/7?77 par gyur pa \milan.
གྱར	zweigeteilt	gyur	canonical_independent_strong	0	DEL zwei;REPLACE eteilt→yur	diagnostic_only;diagnostic_only	domain_risk	unclear:1	damage:1;marker:0	independent_multi_context_canonical	གཉས་སུ་གྱར་ 84༩ རཔ gyur pf. zweigeteilt sein.
གྱུར	pf	gyur	canonical_independent_strong	1	REPLACE pf→gyur	diagnostic_only	one_signature_missing	ordinary_tibetan_lexical_or_compound:1	damage:0;marker:0	independent_multi_context_canonical	དབང་དུ་གྱུར་ dbaṅ dugyur pf. zu dban du nur
གྱུར	sehr	gyur	canonical_independent_strong	1	SUB s→g;SUB e→y;SUB h→u	diagnostic_only;diagnostic_only;diagnostic_only	multiple_signatures_missing	ordinary_tibetan_lexical_or_compound:1	damage:0;marker:0	independent_multi_context_canonical	མུལ་མུལ་གྱུར་པ་ mulmulgyur pa sehr weich ge-
གྲགས	dan	grags	canonical_independent_strong	0	REPLACE d→gr;REPLACE n→gs	diagnostic_only;diagnostic_only	domain_risk	unclear:1	damage:1;marker:0	independent_multi_context_canonical	"SETS གྲགས་མ ར་ར ཟླ ༧1 dan / dra ba ni de dag gi tshogs so ""Vajradā-"
གྲང	gron	graṅ	canonical_independent_strong	1	SUB o→a;SUB n→ṅ	candidate_review;authorized_role_conditioned	one_signature_missing	ordinary_tibetan_lexical_or_compound:1	damage:0;marker:0	independent_multi_context_canonical	ཆུ་ཨུན་གྲང་ཏྱར་ chu srin gron khyer
གྲང	gyad	graṅ	canonical_independent_strong	1	SUB y→r;SUB d→ṅ	diagnostic_only;diagnostic_only	domain_risk	tibetan_proper_name:1	damage:0;marker:0	independent_multi_context_canonical	བལ་གྲང་རྡམ་པོ་ dbal gyad rtum po npr. eine
གྲང	oran	graṅ	canonical_independent_strong	1	SUB o→g;SUB n→ṅ	diagnostic_only;authorized_role_conditioned	one_signature_missing	ordinary_tibetan_lexical_or_compound:1	damage:0;marker:0	independent_multi_context_canonical	གྲང་ཚལ་ oran tshal
གྲང	po	graṅ	canonical_independent_strong	0	REPLACE po→graṅ	diagnostic_only	domain_risk	unclear:1	damage:0;marker:0	independent_multi_context_canonical	གྲང་ཁོ་ཆེའི་བླ་ 9/7/7 po che’i bla Elefantenaufse-
གྲལ	grol	gral	canonical_independent_strong	1	SUB o→a	candidate_review	domain_risk	tibetan_proper_name:1	damage:0;marker:0	independent_multi_context_canonical	སྨན་གྲལ་གླེང་ smin grol gliṅ npr. das gröf-
གྲལ	grulthub	gral	canonical_independent_strong	1	SUB u→a;DEL thub	candidate_review;diagnostic_only	multiple_signatures_missing	ordinary_tibetan_lexical_or_compound:1	damage:0;marker:0	independent_multi_context_canonical	གྲལ་བྲབ་པ་ grulthub pa zuverlässig.
གྲལ	oral	gral	canonical_independent_strong	1	SUB o→g	diagnostic_only	one_signature_missing	ordinary_tibetan_lexical_or_compound:1	damage:0;marker:0	independent_multi_context_canonical	གྲལ་མ་ oral ma
གྲལ	par	gral	canonical_independent_strong	1	REPLACE p→gr;SUB r→l	diagnostic_only;diagnostic_only	multiple_signatures_missing	ordinary_tibetan_lexical_or_compound:1	damage:0;marker:0	independent_multi_context_canonical	"རྣམ པར་གྲལ RR"" rnam par 070/ bat..."
གྲས	gros	gras	canonical_independent_strong	1	SUB o→a	candidate_review	one_signature_missing	ordinary_tibetan_lexical_or_compound:1	damage:0;marker:0	independent_multi_context_canonical	བླ་གྲས་སམས་པ་ blo gros sems pa
གྲས	grus	gras	canonical_independent_strong	1	SUB u→a	candidate_review	one_signature_missing	ordinary_tibetan_lexical_or_compound:1	damage:0;marker:0	independent_multi_context_canonical	གྲས་པོ་ grus po auch grus pa dreijährig [von
གྲུ	gla	gru	canonical_independent_strong	1	SUB l→r;SUB a→u	diagnostic_only;diagnostic_only	multiple_signatures_missing	ordinary_tibetan_lexical_or_compound:1	damage:0;marker:0	independent_multi_context_canonical	གྲུ་རྩི་ gla rtsi ein Heilmittel, Moschus.
གྲུ	gr	gru	canonical_independent_strong	1	INS u	diagnostic_only	one_signature_missing	ordinary_tibetan_lexical_or_compound:1	damage:0;marker:0	independent_multi_context_canonical	ནམ་གྲུ་ nam grü.
གྲུ	grwa	gru	canonical_independent_strong	1	REPLACE wa→u	diagnostic_only	one_signature_missing	ordinary_tibetan_lexical_or_compound:1	damage:0;marker:0	independent_multi_context_canonical	གྲུ་།ཁང་ grwa khaṅ auch gra khan Mönchsun-
གྲུ	nders	gru	canonical_independent_strong	0	REPLACE nde→g;SUB s→u	diagnostic_only;diagnostic_only	alignment_or_damage	ordinary_tibetan_lexical_or_compound:1	damage:1;marker:0	independent_multi_context_canonical	ཀུན་དག དོན་གྲུ 1486), N. des Gründers des
གྲུབ	Er	grub	canonical_independent_strong	1	SUB E→g;INS ub	diagnostic_only;diagnostic_only	multiple_signatures_missing	ordinary_tibetan_lexical_or_compound:1	damage:0;marker:0	independent_multi_context_canonical	གྲུབ་རྒྱགས་ Er ab rgyags. གྲབས་ཡུལ་ grabs yul Vorbereitung.
གྲུབ	grab	grub	canonical_independent_strong	1	SUB a→u	diagnostic_only	domain_risk	tibetan_proper_name:1	damage:0;marker:0	independent_multi_context_canonical	གྲུབ་ grab npr. eine Ortschaft in Zentraltibet. = za ’0g la byed pa dan „die Sitzpolster wa-
གྲེ	gleb	gre	canonical_independent_strong	1	SUB l→r;DEL b	diagnostic_only;candidate_review	multiple_signatures_missing	ordinary_tibetan_lexical_or_compound:1	damage:0;marker:0	independent_multi_context_canonical	གྲེ gleb pf. glebs, fur. gleb niederdrücken,
གྲོ	U	gro	canonical_independent_strong	1	REPLACE U→gro	diagnostic_only	one_signature_missing	ordinary_tibetan_lexical_or_compound:1	damage:0;marker:0	independent_multi_context_canonical	"གྲོ U"" sgo yus Anfechtung, Anklage."
གྲོ	gis	gro	canonical_independent_strong	1	SUB i→r;SUB s→o	diagnostic_only;diagnostic_only	multiple_signatures_missing	ordinary_tibetan_lexical_or_compound:1	damage:0;marker:0	independent_multi_context_canonical	གྲོ gis 9 ;
གྲོ	mal	gro	canonical_independent_strong	1	SUB m→g;SUB a→r;SUB l→o	diagnostic_only;diagnostic_only;diagnostic_only	multiple_signatures_missing	ordinary_tibetan_lexical_or_compound:1	damage:0;marker:0	independent_multi_context_canonical	'གྲོ་ mal g h mal dro, alttib. mal tr.
གྲོ	rta	gro	canonical_independent_strong	1	INS g;REPLACE ta→o	diagnostic_only;diagnostic_only	multiple_signatures_missing	ordinary_tibetan_lexical_or_compound:1	damage:0;marker:0	independent_multi_context_canonical	་གྲོ་ rta glo Sattelgurt.
གྲོ	sgo	gro	canonical_independent_strong	1	DEL s;INS r	diagnostic_only;diagnostic_only	multiple_signatures_missing	ordinary_tibetan_lexical_or_compound:1	damage:0;marker:0	independent_multi_context_canonical	གྲོ་མོ་ sgo mo Haustür.
གྲོགས	grog	grogs	canonical_independent_strong	1	INS s	diagnostic_only	one_signature_missing	ordinary_tibetan_lexical_or_compound:1	damage:0;marker:0	independent_multi_context_canonical	ཆུང་གྲོགས་ chuṅ grog auch chuṅ po grogs
གྲོལ	grolglin	grol	canonical_independent_strong	1	DEL glin	diagnostic_only	one_signature_missing	ordinary_tibetan_lexical_or_compound:1	damage:0;marker:0	independent_multi_context_canonical	རྣམ་གྲོལ་གླིང་ rnam grolglin ciṅ Kloster in Süd- ehane
གྲོས	Personenname	gros	canonical_independent_strong	0	REPLACE Pe→g;INS o;DEL onenname	diagnostic_only;diagnostic_only;diagnostic_only	alignment_or_damage	ordinary_tibetan_lexical_or_compound:1	damage:1;marker:0	independent_multi_context_canonical	ཀུན་དགའ་བློ་ གྲོས་ kun 694 blo gros Personenname.
གྲྭ	Kopfsteuer	grwa	canonical_independent_strong	1	REPLACE Kopfsteue→g;INS wa	diagnostic_only;diagnostic_only	multiple_signatures_missing	ordinary_tibetan_lexical_or_compound:1	damage:0;marker:0	independent_multi_context_canonical	"མི་གྲྭ་ migra ""Kopfsteuer"", eine Steuer, die dis"
གྲྭ	Lehrer	grwa	canonical_independent_strong	1	REPLACE Leh→g;SUB e→w;SUB r→a	diagnostic_only;diagnostic_only;diagnostic_only	multiple_signatures_missing	ordinary_tibetan_lexical_or_compound:1	damage:0;marker:0	independent_multi_context_canonical	བླ་གྲྭ་ blagrwa Lehrer undSchüler, Lehrer und
གྲྭ	Ministerrat	grwa	canonical_independent_strong	1	REPLACE Ministe→g;SUB r→w;DEL t	diagnostic_only;diagnostic_only;diagnostic_only	multiple_signatures_missing	ordinary_tibetan_lexical_or_compound:1	damage:0;marker:0	independent_multi_context_canonical	བླའི་གྲྭ་ bla'igrwa Ministerrat.
གྲྭ	gra	grwa	canonical_independent_strong	1	INS w	diagnostic_only	one_signature_missing	ordinary_tibetan_lexical_or_compound:1	damage:0;marker:0	independent_multi_context_canonical	དོང་གྲྭ་ doṅ gra [@0:7 kra.
གྲྭ	gu	grwa	canonical_independent_strong	1	REPLACE u→rwa	diagnostic_only	one_signature_missing	ordinary_tibetan_lexical_or_compound:1	damage:0;marker:0	independent_multi_context_canonical	གྲ་གྲྭ་ ’gru gu auch drug ein Turkvolk, z. B. die
གླང	glai	glaṅ	canonical_independent_strong	1	SUB i→ṅ	diagnostic_only	one_signature_missing	ordinary_tibetan_lexical_or_compound:1	damage:0;marker:0	independent_multi_context_canonical	ཕྱོགས་གླང་ pbyogs glai Tphyogs kyi glani po.
གླང	glani	glaṅ	canonical_independent_strong	4	REPLACE ni→ṅ	candidate_review	domain_risk	ordinary_tibetan_lexical_or_compound:3;tibetan_proper_name:1	damage:0;marker:0	independent_multi_context_canonical	གླང་མགོ་ glani mgo der Berg (2041153. || གླང་མཇུག་པ་ glani mjug pa Bez. für Affe. || ཐེག་ཆེན་གླང་མགོས་ theg chen glani mgos npr.
གླང	glari	glaṅ	canonical_independent_strong	2	REPLACE ri→ṅ	diagnostic_only	domain_risk	ordinary_tibetan_lexical_or_compound:1;tibetan_proper_name:1	damage:0;marker:0	independent_multi_context_canonical	བནྭ་གླང་རི་ཞོན་ ban glari ri Zon npr. eine Gott- || བལ་གླང་མགོ་ bal glari mgo tba laṅ mgo.
གླང	glin	glaṅ	canonical_independent_strong	1	SUB i→a;SUB n→ṅ	diagnostic_only;authorized_role_conditioned	one_signature_missing	ordinary_tibetan_lexical_or_compound:1	damage:0;marker:0	independent_multi_context_canonical	གླང་ཕྲན་ glin phran.
གླང	gran	glaṅ	canonical_independent_strong	2	SUB r→l;SUB n→ṅ	diagnostic_only;authorized_role_conditioned	one_signature_missing	ordinary_tibetan_lexical_or_compound:2	damage:0;marker:0	independent_multi_context_canonical	གླང་ཁྲ་ gran ba. || གླང་རླང་ gran rlun eine Krankheit.
གླན	glen	glan	canonical_independent_strong	1	SUB e→a	diagnostic_only	one_signature_missing	ordinary_tibetan_lexical_or_compound:1	damage:0;marker:0	independent_multi_context_canonical	གླན་པ་ glen pa
གླས	kn	glas	canonical_independent_strong	0	REPLACE kn→glas	diagnostic_only	alignment_or_damage	ordinary_tibetan_lexical_or_compound:1	damage:1;marker:0	independent_multi_context_canonical	གླས་ 22/%; [166117613, knüpfen.
གླིང	Name	gliṅ	canonical_independent_strong	1	SUB N→g;SUB a→l;SUB m→i;SUB e→ṅ	diagnostic_only;diagnostic_only;diagnostic_only;diagnostic_only	multiple_signatures_missing	ordinary_tibetan_lexical_or_compound:1	damage:0;marker:0	independent_multi_context_canonical	བྱང་ཆུབ་གླིང་ bbyari chub Name verschiede-
གླིང	Rohrfl	gliṅ	canonical_independent_strong	1	REPLACE Rohrf→g;INS iṅ	diagnostic_only;diagnostic_only	multiple_signatures_missing	ordinary_tibetan_lexical_or_compound:1	damage:0;marker:0	independent_multi_context_canonical	སྤ་གླིང་ ssba Rohrflöte.
གླིང	ciṅ	gliṅ	canonical_independent_strong	1	REPLACE c→gl	diagnostic_only	one_signature_missing	ordinary_tibetan_lexical_or_compound:1	damage:0;marker:0	independent_multi_context_canonical	རྣམ་གྲོལ་གླིང་ rnam grolglin ciṅ Kloster in Süd- ehane
གླིང	elin	gliṅ	canonical_independent_strong	1	SUB e→g;SUB n→ṅ	diagnostic_only;authorized_role_conditioned	one_signature_missing	ordinary_tibetan_lexical_or_compound:1	damage:0;marker:0	independent_multi_context_canonical	གླིང་བཞི་ elin bäi.
གླིང	eliri	gliṅ	canonical_independent_strong	1	SUB e→g;REPLACE ri→ṅ	diagnostic_only;diagnostic_only	domain_risk	tibetan_proper_name:1	damage:0;marker:0	independent_multi_context_canonical	དབུས་གླིང་ dbus eliri npr. ein Kloster in Zen-
གླིང	eliṅ	gliṅ	canonical_independent_strong	1	SUB e→g	diagnostic_only	one_signature_missing	ordinary_tibetan_lexical_or_compound:1	damage:0;marker:0	independent_multi_context_canonical	མེའམ་ཅི་གླིང་ miam ci eliṅ
གླིང	gli	gliṅ	canonical_independent_strong	1	INS ṅ	diagnostic_only	one_signature_missing	ordinary_tibetan_lexical_or_compound:1	damage:0;marker:0	independent_multi_context_canonical	ཕྱི་གླིང་པ་ phyi gli pa ausländisch, Ausländer;
གླིང	glir	gliṅ	canonical_independent_strong	1	SUB r→ṅ	candidate_review	one_signature_missing	ordinary_tibetan_lexical_or_compound:1	damage:0;marker:0	independent_multi_context_canonical	སྤིན་གྲོལ་གླིང་ smin grol glir
གླེགས	glogs	glegs	canonical_independent_strong	1	SUB o→e	diagnostic_only	one_signature_missing	ordinary_tibetan_lexical_or_compound:1	damage:0;marker:0	independent_multi_context_canonical	གླེགས་བམ་ glogs bam
ངེས	res	nes	canonical_independent_strong	1	SUB r→n	diagnostic_only	one_signature_missing	ordinary_tibetan_lexical_or_compound:1	damage:0;marker:0	independent_multi_context_canonical	ངེས་པར་འབྲེལ། res par ’brel auf etw. fest ge-
ངེས	sehr	nes	canonical_independent_strong	0	INS ne;DEL ehr	diagnostic_only;diagnostic_only	domain_risk	unclear:1	damage:1;marker:0	independent_multi_context_canonical	སྙིང་ནས་ངེས་ $/7/7) nas nes sehr sicher, tod-
ངེས	ñes	nes	canonical_independent_strong	1	SUB ñ→n	diagnostic_only	one_signature_missing	ordinary_tibetan_lexical_or_compound:1	damage:0;marker:0	independent_multi_context_canonical	མ་ངེས་པ་ ma ñes pa.
ངོ	Weltgegend	no	canonical_independent_strong	1	DEL Weltgege;SUB d→o	diagnostic_only;diagnostic_only	multiple_signatures_missing	ordinary_tibetan_lexical_or_compound:1	damage:0;marker:0	independent_multi_context_canonical	"ངོ Weltgegend"", ausländischer"
ངོ	ZZahlwort	no	canonical_independent_strong	1	REPLACE ZZahlw→n;DEL rt	diagnostic_only;diagnostic_only	multiple_signatures_missing	ordinary_tibetan_lexical_or_compound:1	damage:0;marker:0	independent_multi_context_canonical	ངོ ZZahlwort fūr die Zahl vgl.
ངོ	bo	no	canonical_independent_strong	1	SUB b→n	diagnostic_only	one_signature_missing	ordinary_tibetan_lexical_or_compound:1	damage:0;marker:0	independent_multi_context_canonical	ཇོ་ངོ་རྗེ་ jo bo rje Beiname Atisas.
ངོ	bsus	no	canonical_independent_strong	0	REPLACE bsus→no	diagnostic_only	alignment_or_damage	ordinary_tibetan_lexical_or_compound:1	damage:1;marker:0	independent_multi_context_canonical	ངོ་བྱགས་ ༡༠ bsus Kopie.
ངོ	ger	no	canonical_independent_strong	1	REPLACE ger→no	diagnostic_only	one_signature_missing	ordinary_tibetan_lexical_or_compound:1	damage:0;marker:0	independent_multi_context_canonical	= ངོ ger sollte seine Aufgaben wohlüberlegt er-
ངོ	khral	no	canonical_independent_strong	0	REPLACE khral→no	diagnostic_only	alignment_or_damage	ordinary_tibetan_lexical_or_compound:1	damage:1;marker:0	independent_multi_context_canonical	ངོ་ཁྲལ་ ༡༠ khral Kopfsteuer.
ངོ	pho	no	canonical_independent_strong	1	REPLACE ph→n	diagnostic_only	one_signature_missing	ordinary_tibetan_lexical_or_compound:1	damage:0;marker:0	independent_multi_context_canonical	ངོ་བ་ pho ba Magen; Verbrennungsorgan.
ངོ	rmyoṅ	no	canonical_independent_strong	1	REPLACE rmy→n;DEL ṅ	diagnostic_only;diagnostic_only	multiple_signatures_missing	ordinary_tibetan_lexical_or_compound:1	damage:0;marker:0	independent_multi_context_canonical	ངོ་ rmyoṅ fur. Irmyan sich strecken, aus-
ངོ	ro	no	canonical_independent_strong	1	SUB r→n	diagnostic_only	one_signature_missing	ordinary_tibetan_lexical_or_compound:1	damage:0;marker:0	independent_multi_context_canonical	བརྗོད་ངོ་ brjod ro direkte Aufforderung.
ངོས	os	nos	canonical_independent_strong	1	INS n	diagnostic_only	one_signature_missing	ordinary_tibetan_lexical_or_compound:1	damage:0;marker:0	independent_multi_context_canonical	ངོས་མཇལ་ „os mjal
ངོས	ños	nos	canonical_independent_strong	1	SUB ñ→n	diagnostic_only	one_signature_missing	ordinary_tibetan_lexical_or_compound:1	damage:0;marker:0	independent_multi_context_canonical	པད་མའི་ངོས་ pad ma'i ños lpadma'i ño.
ཅག	cig	cag	canonical_independent_strong	1	SUB i→a	diagnostic_only	one_signature_missing	ordinary_tibetan_lexical_or_compound:1	damage:0;marker:0	independent_multi_context_canonical	སྟབས་ཅག་ཏ་ stabs cig tu in gleicher Weise,
ཅག	cog	cag	canonical_independent_strong	0	SUB o→a	candidate_review	alignment_or_damage	ordinary_tibetan_lexical_or_compound:1	damage:1;marker:0	independent_multi_context_canonical	ཅག་ 199 cog \’o cog.
ཅད	alle	cad	canonical_independent_strong	1	INS c;REPLACE lle→d	diagnostic_only;diagnostic_only	multiple_signatures_missing	ordinary_tibetan_lexical_or_compound:1	damage:0;marker:0	independent_multi_context_canonical	རྣམ་པ་ཐམས་ཅད་ man pathams cad alle Arten;
ཅད	chad	cad	canonical_independent_strong	1	DEL h	diagnostic_only	one_signature_missing	ordinary_tibetan_lexical_or_compound:1	damage:0;marker:0	independent_multi_context_canonical	ཕྱིན་ཅད་ ༼ ccad chad.
ཅི	AN	ci	canonical_independent_strong	1	SUB A→c;SUB N→i	diagnostic_only;diagnostic_only	multiple_signatures_missing	ordinary_tibetan_lexical_or_compound:1	damage:0;marker:0	independent_multi_context_canonical	ཅི་ AN ci rigs
ཅི	Dach	ci	canonical_independent_strong	1	DEL Da;SUB h→i	diagnostic_only;diagnostic_only	multiple_signatures_missing	ordinary_tibetan_lexical_or_compound:1	damage:0;marker:0	independent_multi_context_canonical	ཅི Dach.
ཅི	N	ci	canonical_independent_strong	1	REPLACE N→ci	diagnostic_only	one_signature_missing	ordinary_tibetan_lexical_or_compound:1	damage:0;marker:0	independent_multi_context_canonical	ཅི་ N cirob
ཅི	dbari	ci	canonical_independent_strong	1	REPLACE dbar→c	diagnostic_only	one_signature_missing	ordinary_tibetan_lexical_or_compound:1	damage:0;marker:0	independent_multi_context_canonical	"མིའམ་ཅི་དབང་ཕྱུག་ ci dbari phyug ""Herr-"
ཅི	eilog	ci	canonical_independent_strong	1	SUB e→c;DEL log	diagnostic_only;diagnostic_only	multiple_signatures_missing	ordinary_tibetan_lexical_or_compound:1	damage:0;marker:0	independent_multi_context_canonical	ཕྱིན་ཅི་ལོག་ phyin eilog auchphyin log verkehrt,
ཅི	en	ci	canonical_independent_strong	1	SUB e→c;SUB n→i	diagnostic_only;diagnostic_only	multiple_signatures_missing	ordinary_tibetan_lexical_or_compound:1	damage:0;marker:0	independent_multi_context_canonical	ཅི ßen, sich erinnern.
ཅི	w	ci	canonical_independent_strong	1	REPLACE w→ci	diagnostic_only	one_signature_missing	ordinary_tibetan_lexical_or_compound:1	damage:0;marker:0	independent_multi_context_canonical	R ཅི w
ཅིག	Vor	cig	canonical_independent_strong	1	SUB V→c;SUB o→i;SUB r→g	diagnostic_only;diagnostic_only;diagnostic_only	multiple_signatures_missing	ordinary_tibetan_lexical_or_compound:1	damage:0;marker:0	independent_multi_context_canonical	བོར་ཅིག་ borcig Vor cig.
ཅིག	dus	cig	canonical_independent_strong	0	SUB d→c;SUB u→i;SUB s→g	diagnostic_only;diagnostic_only;diagnostic_only	domain_risk	unclear:1	damage:1;marker:1	independent_multi_context_canonical	དུས་ཅིག་ dus (79 \dus gcig tu, dus 9€/9 la.
ཅིག	od	cig	canonical_independent_strong	0	REPLACE od→cig	diagnostic_only	alignment_or_damage	ordinary_tibetan_lexical_or_compound:1	damage:1;marker:0	independent_multi_context_canonical	སྐད་ཅིག་འོད་ skad (79 ’od Blitz.
ཅིང	c	ciṅ	canonical_independent_strong	1	INS iṅ	diagnostic_only	one_signature_missing	ordinary_tibetan_lexical_or_compound:1	damage:0;marker:0	independent_multi_context_canonical	ཅིང་ cın
ཅིང	stob	ciṅ	canonical_independent_strong	0	REPLACE stob→ciṅ	diagnostic_only	domain_risk	unclear:1	damage:1;marker:0	independent_multi_context_canonical	སྙོད་ཅིང་སྟོབ་པ་ $770/7 cin stob pa Koch; Verlader
ཅོ	Art	co	canonical_independent_strong	1	REPLACE Art→co	diagnostic_only	one_signature_missing	ordinary_tibetan_lexical_or_compound:1	damage:0;marker:0	independent_multi_context_canonical	ཅོ Art Potentilla; vgl. KLETTER/
ཅོ	ba	co	canonical_independent_strong	1	SUB b→c;SUB a→o	diagnostic_only;diagnostic_only	multiple_signatures_missing	ordinary_tibetan_lexical_or_compound:1	damage:0;marker:0	independent_multi_context_canonical	ཅོ ba
ཅོ	gu	co	canonical_independent_strong	1	SUB g→c;SUB u→o	diagnostic_only;diagnostic_only	multiple_signatures_missing	ordinary_tibetan_lexical_or_compound:1	damage:0;marker:0	independent_multi_context_canonical	ཅོ gu.
ཅོ	kon	co	canonical_independent_strong	1	SUB k→c;DEL n	diagnostic_only;diagnostic_only	multiple_signatures_missing	ordinary_tibetan_lexical_or_compound:1	damage:0;marker:0	independent_multi_context_canonical	མཤ་ཀོང་ཅོ་ ma Sa kon co
ཅོ	laufen	co	canonical_independent_strong	1	REPLACE laufen→co	diagnostic_only	one_signature_missing	ordinary_tibetan_lexical_or_compound:1	damage:0;marker:0	independent_multi_context_canonical	ཅོ laufen; rta ~ Pferderennen.
ཅོག	ge	cog	canonical_independent_strong	0	INS co;DEL e	diagnostic_only;diagnostic_only	alignment_or_damage	ordinary_tibetan_lexical_or_compound:1	damage:1;marker:0	independent_multi_context_canonical	ཅང་ངེ་ཅོག་གེ་ can he €09 ge zögerlich, unschlüs-
ཅོག	ka	cog	canonical_independent_strong	1	REPLACE ka→cog	diagnostic_only	one_signature_missing	ordinary_tibetan_lexical_or_compound:1	damage:0;marker:0	independent_multi_context_canonical	ཅོག་ཀ་མཱ་ར་ ka cog ku mä ra, auch ska cogku mä
ཅོད	gcod	cod	canonical_independent_strong	0	DEL g	diagnostic_only	domain_risk	unclear:1	damage:0;marker:0	independent_multi_context_canonical	'བྲ་རྒན་བ།ཅོད་ skye ba rgyun gcod eine Pflanze,
ཅོད	pan	cod	canonical_independent_strong	1	SUB p→c;SUB a→o;SUB n→d	diagnostic_only;diagnostic_only;diagnostic_only	multiple_signatures_missing	ordinary_tibetan_lexical_or_compound:1	damage:0;marker:0	independent_multi_context_canonical	ཅོད་པན་ €0¢ pan Krone, Haarknoten.
ཆགས	Aussehen	chags	canonical_independent_strong	0	REPLACE Au→chag;DEL sehen	diagnostic_only;diagnostic_only	alignment_or_damage	ordinary_tibetan_lexical_or_compound:1	damage:1;marker:0	independent_multi_context_canonical	ཉམས་ཆགས་ 4)77775 chags Aussehen.
ཆགས	Ichags	chags	canonical_independent_strong	0	DEL I	diagnostic_only	alignment_or_damage	ordinary_tibetan_lexical_or_compound:1	damage:0;marker:1	independent_multi_context_canonical	ཆགས་ Ichags
ཆགས	dod	chags	canonical_independent_strong	1	REPLACE dod→chags	diagnostic_only	one_signature_missing	ordinary_tibetan_lexical_or_compound:1	damage:0;marker:0	independent_multi_context_canonical	་ཏ་འདོད་ཆགས་པ།་ kun tu ’dod chags pa Leiden-
ཆགས	fiams	chags	canonical_independent_strong	0	SUB f→c;SUB i→h;SUB m→g	diagnostic_only;diagnostic_only;diagnostic_only	alignment_or_damage	ordinary_tibetan_lexical_or_compound:1	damage:1;marker:1	independent_multi_context_canonical	ཉམས་ཆགས་ 177:?77$ chags \fiams chag.
ཆགས	tshags	chags	canonical_independent_strong	1	REPLACE ts→c	diagnostic_only	one_signature_missing	ordinary_tibetan_lexical_or_compound:1	damage:0;marker:0	independent_multi_context_canonical	ཆུ་ཆགས་ chu tshags Sieb, Wasserfilter.
ཆང	bons	chaṅ	canonical_independent_strong	0	SUB b→c;SUB o→h;SUB n→a;SUB s→ṅ	diagnostic_only;diagnostic_only;diagnostic_only;diagnostic_only	alignment_or_damage	ordinary_tibetan_lexical_or_compound:1	damage:0;marker:1	independent_multi_context_canonical	བོང་ཆེ་ཆང་ bboṅ che \bons che (/)//7?.
ཆང	chani	chaṅ	canonical_independent_strong	2	REPLACE ni→ṅ	candidate_review	one_signature_missing	ordinary_tibetan_lexical_or_compound:2	damage:0;marker:0	independent_multi_context_canonical	"བན་ཆང་ ""ban chani || སྦྲང་རྩི་ཆང་ sbraṅ rtsi chani"
ཆང	chans	chaṅ	canonical_independent_strong	2	REPLACE ns→ṅ	diagnostic_only	one_signature_missing	ordinary_tibetan_lexical_or_compound:2	damage:0;marker:0	independent_multi_context_canonical	ཆང་ས” chans pa. || ཆང་ས་ཁབང་ར།། chans bzuns Tchan bzun.
ཆང	chuṅ	chaṅ	canonical_independent_strong	1	SUB u→a	candidate_review	one_signature_missing	ordinary_tibetan_lexical_or_compound:1	damage:0;marker:0	independent_multi_context_canonical	བངས་ཆེ་ཆང་ boṅs che chuṅ auch bon che chi
ཆད	Bestrafung	chad	canonical_independent_strong	0	REPLACE Bestr→ch;REPLACE fung→d	diagnostic_only;diagnostic_only	domain_risk	unclear:1	damage:1;marker:0	independent_multi_context_canonical	ཉེས་ཆད་ 3705 chad Bestrafung, Strafe.
ཆད	Irma	chad	canonical_independent_strong	0	REPLACE Irm→ch;INS d	diagnostic_only;diagnostic_only	alignment_or_damage	ordinary_tibetan_lexical_or_compound:1	damage:0;marker:1	independent_multi_context_canonical	རྨད་ཆད་ rmadchad Irma ga chad.
ཆད	da	chad	canonical_independent_strong	0	INS cha;DEL a	diagnostic_only;diagnostic_only	alignment_or_damage	ordinary_tibetan_lexical_or_compound:1	damage:1;marker:1	independent_multi_context_canonical	ད་ཕྱིན་ཆད་ da pyin ༩944 \da phyin chad. ད་ཕྲུག་ da phrug !dwa phrug.
ཆད	fr	chad	canonical_independent_strong	0	REPLACE fr→chad	diagnostic_only	alignment_or_damage	ordinary_tibetan_lexical_or_compound:1	damage:1;marker:0	independent_multi_context_canonical	སྔོན་ཆད་ $?7077 chad früher, zuvor.
ཆད	pa	chad	canonical_independent_strong	0	REPLACE p→ch;INS d	diagnostic_only;diagnostic_only	domain_risk	unclear:1	damage:1;marker:0	independent_multi_context_canonical	ཉམས་ཆད་པ་ 7?775 chad pa resigniert.
ཆད	pa’i	chad	canonical_independent_strong	1	REPLACE p→ch;REPLACE ’i→d	diagnostic_only;diagnostic_only	multiple_signatures_missing	ordinary_tibetan_lexical_or_compound:1	damage:0;marker:0	independent_multi_context_canonical	ཆད་པའ་གནས ±: pa’i gnas Gericht, Richt
ཆད	phyani	chad	canonical_independent_strong	0	SUB p→c;DEL y;REPLACE ni→d	diagnostic_only;diagnostic_only;diagnostic_only	alignment_or_damage	ordinary_tibetan_lexical_or_compound:1	damage:0;marker:1	independent_multi_context_canonical	ཕྱམ་ཆད་ chad \phyani phyad.
ཆད	tshad	chad	canonical_independent_strong	1	REPLACE ts→c	diagnostic_only	one_signature_missing	ordinary_tibetan_lexical_or_compound:1	damage:0;marker:0	independent_multi_context_canonical	ཉམ་ཆད་ nam tshad
ཆར	neulich	char	canonical_independent_strong	0	DEL neuli;INS ar	diagnostic_only;diagnostic_only	alignment_or_damage	ordinary_tibetan_lexical_or_compound:1	damage:1;marker:0	independent_multi_context_canonical	ཉེ་ཆར་ ༩༩ char neulich, vor Kurzem.
ཆལ	tshal	chal	canonical_independent_strong	1	REPLACE ts→c	diagnostic_only	one_signature_missing	ordinary_tibetan_lexical_or_compound:1	damage:0;marker:0	independent_multi_context_canonical	དགའ་ཆལ་ dga’ tshal Garten, Göttergarten.
ཆིག	gcig	chig	canonical_independent_strong	1	DEL g;INS h	diagnostic_only;diagnostic_only	multiple_signatures_missing	ordinary_tibetan_lexical_or_compound:1	damage:0;marker:0	independent_multi_context_canonical	ཆིག་པར་སྤོང་ gcig pur spyod Bez. für Pratyeka-
ཆིག	tshig	chig	canonical_independent_strong	1	REPLACE ts→c	diagnostic_only	one_signature_missing	ordinary_tibetan_lexical_or_compound:1	damage:0;marker:0	independent_multi_context_canonical	གན་ཆིག་ gan tshig Vertragsurkunde.
ཆུག	chng	chug	canonical_independent_strong	1	SUB n→u	diagnostic_only	one_signature_missing	ordinary_tibetan_lexical_or_compound:1	damage:0;marker:0	independent_multi_context_canonical	ཆུག་ ’chng res. sich befinden, stecken in.
ཆུང	ba	chuṅ	canonical_independent_strong	0	REPLACE ba→chuṅ	diagnostic_only	domain_risk	unclear:1	damage:1;marker:0	independent_multi_context_canonical	སྙིང་ཕོད་ཆུང་བ་ $?7/77 phod chuṅ ba Feigling; vgl. སྙིང་བརྩེ་ säin brtse Liebe, Mitgefühl; - ba’; blo
ཆུང	ch	chuṅ	canonical_independent_strong	1	INS uṅ	diagnostic_only	one_signature_missing	ordinary_tibetan_lexical_or_compound:1	damage:0;marker:0	independent_multi_context_canonical	སྟག་འུ་ཆུང་ stag u ch
ཆུང	chunr	chuṅ	canonical_independent_strong	1	REPLACE nr→ṅ	diagnostic_only	one_signature_missing	ordinary_tibetan_lexical_or_compound:1	damage:0;marker:0	independent_multi_context_canonical	པར་ཆུང་ pan chunr kleiner Gelehrter.
ཆུང	chur	chuṅ	canonical_independent_strong	2	SUB r→ṅ	candidate_review	one_signature_missing	ordinary_tibetan_lexical_or_compound:2	damage:0;marker:0	independent_multi_context_canonical	ཆུང་གནས་ chur gnas. || དབང་ཆུང་ dbaṅ chur schwach, machtlos, un-
ཆུང	churi	chuṅ	canonical_independent_strong	1	REPLACE ri→ṅ	diagnostic_only	one_signature_missing	ordinary_tibetan_lexical_or_compound:1	damage:0;marker:0	independent_multi_context_canonical	སྦྲང་ཆུང་ sbraṅ churi ein Insckt, Fliege.
ཆུང	kleine	chuṅ	canonical_independent_strong	1	REPLACE kleine→chuṅ	diagnostic_only	one_signature_missing	ordinary_tibetan_lexical_or_compound:1	damage:0;marker:0	independent_multi_context_canonical	མིག་ཆུང་ migchun kleine Augen habend.
ཆུང	lṅa	chuṅ	canonical_independent_strong	1	REPLACE l→chu;DEL a	diagnostic_only;diagnostic_only	multiple_signatures_missing	ordinary_tibetan_lexical_or_compound:1	damage:0;marker:0	independent_multi_context_canonical	ན་ག་ཆུང་ raga chuṅ lṅa kha chuṅ.
ཆུང	ma	chuṅ	canonical_independent_strong	1	REPLACE ma→chuṅ	diagnostic_only	one_signature_missing	ordinary_tibetan_lexical_or_compound:1	damage:0;marker:0	independent_multi_context_canonical	དྲ་གའི་ཆུང་མ་ dgra’i chuṅ ma [divin.] Bez. einer
ཆུང	nam	chuṅ	canonical_independent_strong	0	REPLACE nam→chuṅ	diagnostic_only	alignment_or_damage	ordinary_tibetan_lexical_or_compound:1	damage:1;marker:1	independent_multi_context_canonical	ཉམས་ཆུང་ ༩༩༩༠ chuṅ \nam chuṅ.
ཆུང	od	chuṅ	canonical_independent_strong	1	REPLACE od→chuṅ	diagnostic_only	one_signature_missing	ordinary_tibetan_lexical_or_compound:1	damage:0;marker:0	independent_multi_context_canonical	བསྙོད་ཆུང་ bsüod chuṅ (zw.) schwach, beschei-
ཆུང	og	chuṅ	canonical_independent_strong	1	REPLACE og→chuṅ	diagnostic_only	one_signature_missing	ordinary_tibetan_lexical_or_compound:1	damage:0;marker:0	independent_multi_context_canonical	སྙོགས་ཆུང་བ་ süog chuṅ ba bescheiden,
ཆུང	oms	chuṅ	canonical_independent_strong	1	REPLACE oms→chuṅ	diagnostic_only	one_signature_missing	ordinary_tibetan_lexical_or_compound:1	damage:0;marker:0	independent_multi_context_canonical	སྙོམས་ཆུང་ säoms chuṅ
ཆུང	ru	chuṅ	canonical_independent_strong	1	REPLACE r→ch;INS ṅ	diagnostic_only;diagnostic_only	multiple_signatures_missing	ordinary_tibetan_lexical_or_compound:1	damage:0;marker:0	independent_multi_context_canonical	རྡུལ་ཆུང་ངུ་ chuṅ ru eiṅ sehr kleines Län-
ཆུང	run	chuṅ	canonical_independent_strong	1	REPLACE r→ch;SUB n→ṅ	diagnostic_only;authorized_role_conditioned	one_signature_missing	ordinary_tibetan_lexical_or_compound:1	damage:0;marker:0	independent_multi_context_canonical	དུས་སུ་ཆུང་བ་ dus su run ba zeitgemäß, zur
ཆུང	ruṅ	chuṅ	canonical_independent_strong	1	REPLACE r→ch	diagnostic_only	one_signature_missing	ordinary_tibetan_lexical_or_compound:1	damage:0;marker:0	independent_multi_context_canonical	བྱ་ཆུང་ཁ་གཤོར་ bya ruṅ kha gsor
ཆུང	sge’n	chuṅ	canonical_independent_strong	0	REPLACE sge’n→chuṅ	diagnostic_only	domain_risk	unclear:1	damage:1;marker:0	independent_multi_context_canonical	SQ ཆུང་ 'sge’n chuṅ }'sge’n.
ཆུད	chnd	chud	canonical_independent_strong	1	SUB n→u	diagnostic_only	one_signature_missing	ordinary_tibetan_lexical_or_compound:1	damage:0;marker:0	independent_multi_context_canonical	ནང་བྱན་ཆུད་ naṅ byan chnd auch naṅ byan
ཆུད	tshud	chud	canonical_independent_strong	1	REPLACE ts→c	diagnostic_only	one_signature_missing	ordinary_tibetan_lexical_or_compound:1	damage:0;marker:0	independent_multi_context_canonical	གང་ཆུད་ gaṅ tshud soviel wie möglich.
ཆུམ	Zweifel	chum	canonical_independent_strong	1	REPLACE Zweifel→chum	diagnostic_only	one_signature_missing	ordinary_tibetan_lexical_or_compound:1	damage:0;marker:0	independent_multi_context_canonical	བྲིག་ཆུམ་ brigchum Zweifel.
ཆུམ	pa	chum	canonical_independent_strong	0	REPLACE pa→chum	diagnostic_only	domain_risk	unclear:1	damage:1;marker:0	independent_multi_context_canonical	འཇིགས་ཆུམ་ཆུམ་པ་ 7:95 chum chum pa Tchum
ཆེན	Isbag	chen	canonical_independent_strong	0	REPLACE Isbag→chen	diagnostic_only	alignment_or_damage	ordinary_tibetan_lexical_or_compound:1	damage:0;marker:1	independent_multi_context_canonical	བག་ཆེན་ bagchen Isbag chen.
ཆེན	ba	chen	canonical_independent_strong	1	REPLACE ba→chen	diagnostic_only	one_signature_missing	ordinary_tibetan_lexical_or_compound:1	damage:0;marker:0	independent_multi_context_canonical	སན་ ་ར་བ་ཆེན་པོ་ man dā ra ba chen po eine
ཆེན	bdun	chen	canonical_independent_strong	0	SUB b→c;SUB d→h;SUB u→e	diagnostic_only;diagnostic_only;diagnostic_only	domain_risk	unclear:1	damage:1;marker:0	independent_multi_context_canonical	ཉེ་བའི་རིན་ཆེན་བདན་ 776 ba’i rin chen bdun sieben
ཆེན	bu	chen	canonical_independent_strong	1	REPLACE bu→chen	diagnostic_only	one_signature_missing	ordinary_tibetan_lexical_or_compound:1	damage:0;marker:0	independent_multi_context_canonical	"།ཆེན་ bu chen ""großer Sohn"", Bez. für her-"
ཆེན	dbyar	chen	canonical_independent_strong	1	REPLACE dbyar→chen	diagnostic_only	one_signature_missing	ordinary_tibetan_lexical_or_compound:1	damage:0;marker:0	independent_multi_context_canonical	ཆེན་ dbyar giras chen Regenman-
ཆེན	dra	chen	canonical_independent_strong	1	REPLACE dra→chen	diagnostic_only	domain_risk	tibetan_proper_name:1	damage:0;marker:0	independent_multi_context_canonical	དྲ་ཆེན་པོ་ mu dra chen po npr. Gründer
ཆེན	ldin	chen	canonical_independent_strong	0	SUB l→c;SUB d→h;SUB i→e	diagnostic_only;diagnostic_only;diagnostic_only	domain_risk	unclear:1	damage:0;marker:0	independent_multi_context_canonical	Eu རྒྱལ་ཆེན་ mtho ldin gi rgyal chen eine
ཆེར	ltar	cher	canonical_independent_strong	1	SUB l→c;SUB t→h;SUB a→e	diagnostic_only;diagnostic_only;diagnostic_only	domain_risk	unclear:1	damage:0;marker:0	independent_multi_context_canonical	ne ར་ཆེར་གས་པ་ padina ltar cher gas pa auch
ཆོག	abschlie	chog	canonical_independent_strong	0	DEL abs;REPLACE lie→og	diagnostic_only;diagnostic_only	alignment_or_damage	ordinary_tibetan_lexical_or_compound:1	damage:1;marker:0	independent_multi_context_canonical	རྗེས་ཆོག་ 7705 chog abschließende Verrichtun-
ཆོག	ey	chog	canonical_independent_strong	0	REPLACE ey→chog	diagnostic_only	domain_risk	unclear:1	damage:0;marker:0	independent_multi_context_canonical	a5 AN’ ཆོག་མི་ཤེས་ ey bita bas chog mi ses pa
ཆོག	metsbag	chog	canonical_independent_strong	1	REPLACE metsba→cho	diagnostic_only	one_signature_missing	ordinary_tibetan_lexical_or_compound:1	damage:0;marker:0	independent_multi_context_canonical	༔ཆོག་ metsbag Funke.
ཆོས	lṅa	chos	canonical_independent_strong	1	REPLACE lṅa→chos	diagnostic_only	one_signature_missing	ordinary_tibetan_lexical_or_compound:1	damage:0;marker:0	independent_multi_context_canonical	བྱམས་པའི་ཆོས་ལྔ་ byams 7 chos lṅa Tbyams
ཆོས	rgyal	chos	canonical_independent_strong	0	REPLACE rgyal→chos	diagnostic_only	alignment_or_damage	ordinary_tibetan_lexical_or_compound:1	damage:1;marker:0	independent_multi_context_canonical	ཐ་འོག་ཆོས་རྒྱལ་པོ་ tha 09 chos rgyal po Beiname
ཆོས	skya	chos	canonical_independent_strong	1	INS cho;DEL kya	diagnostic_only;diagnostic_only	multiple_signatures_missing	ordinary_tibetan_lexical_or_compound:1	damage:0;marker:0	independent_multi_context_canonical	་ཆོས་ skya chos auf weißem Papier geschriebe-
ཆོས	tshos	chos	canonical_independent_strong	1	REPLACE ts→c	diagnostic_only	one_signature_missing	ordinary_tibetan_lexical_or_compound:1	damage:0;marker:0	independent_multi_context_canonical	ཁུར་ཆོས་ khur tshos I\mkhur tshos.
ཇི	JE	ji	canonical_independent_strong	1	SUB J→j;SUB E→i	diagnostic_only;diagnostic_only	multiple_signatures_missing	ordinary_tibetan_lexical_or_compound:1	damage:0;marker:0	independent_multi_context_canonical	ཇི་ནས་ཀྱང་ JE nas kyaṅ unbedingt; vgl. །€/ nas
ཇི	Jirob	ji	canonical_independent_strong	1	SUB J→j;DEL rob	diagnostic_only;diagnostic_only	multiple_signatures_missing	ordinary_tibetan_lexical_or_compound:1	damage:0;marker:0	independent_multi_context_canonical	ཇི་རོབ་ཏ་ Jirob tu weshalb, wozu?
ཇི	Zahl	ji	canonical_independent_strong	1	REPLACE Zahl→ji	diagnostic_only	one_signature_missing	ordinary_tibetan_lexical_or_compound:1	damage:0;marker:0	independent_multi_context_canonical	ཇི Zahl.
ཇི	bZin	ji	canonical_independent_strong	1	REPLACE bZ→j;DEL n	diagnostic_only;diagnostic_only	multiple_signatures_missing	ordinary_tibetan_lexical_or_compound:1	damage:0;marker:0	independent_multi_context_canonical	ཇི་མ་ཇི་བཞིན་ // ma ji bZin genau wie.
ཇི	ja	ji	canonical_independent_strong	1	SUB a→i	diagnostic_only	one_signature_missing	ordinary_tibetan_lexical_or_compound:1	damage:0;marker:0	independent_multi_context_canonical	ཇི” ja Tee; chin. & ch’a (LAUTER 1916: 505 Nr.
ཇི	je	ji	canonical_independent_strong	1	SUB e→i	diagnostic_only	one_signature_missing	ordinary_tibetan_lexical_or_compound:1	damage:0;marker:0	independent_multi_context_canonical	ཇི་ཙུག་ je tsug
ཇི	jitsug	ji	canonical_independent_strong	1	DEL tsug	diagnostic_only	one_signature_missing	ordinary_tibetan_lexical_or_compound:1	damage:0;marker:0	independent_multi_context_canonical	ཇི་ཙུག་ jitsug solche.
ཇི	ma	ji	canonical_independent_strong	1	SUB m→j;SUB a→i	diagnostic_only;diagnostic_only	multiple_signatures_missing	ordinary_tibetan_lexical_or_compound:1	damage:0;marker:0	independent_multi_context_canonical	ཇི་མ་ཇི་བཞིན་ // ma ji bZin genau wie.
ཇི	nas	ji	canonical_independent_strong	1	REPLACE nas→ji	diagnostic_only	one_signature_missing	ordinary_tibetan_lexical_or_compound:1	damage:0;marker:0	independent_multi_context_canonical	ཇི་ནས་ // nas wie.
ཇི	phyir	ji	canonical_independent_strong	1	REPLACE phy→j;DEL r	diagnostic_only;candidate_review	multiple_signatures_missing	ordinary_tibetan_lexical_or_compound:1	damage:0;marker:0	independent_multi_context_canonical	ཇི་ཕྱིར་ // phyir warum? vgl. Tci phyir.
ཇི	s	ji	canonical_independent_strong	1	REPLACE s→ji	diagnostic_only	one_signature_missing	ordinary_tibetan_lexical_or_compound:1	damage:0;marker:0	independent_multi_context_canonical	ཇི་སྟེད་ཅིག་ // süed cig wieviel; zahlreich, viel.
ཇི	ste	ji	canonical_independent_strong	1	REPLACE ste→ji	diagnostic_only	one_signature_missing	ordinary_tibetan_lexical_or_compound:1	damage:0;marker:0	independent_multi_context_canonical	ཇི་སྟེ་ // ste wenn, falls; vgl. tei ste.
ཇོ	Texte	jo	canonical_independent_strong	0	REPLACE Texte→jo	diagnostic_only	alignment_or_damage	ordinary_tibetan_lexical_or_compound:1	damage:0;marker:1	independent_multi_context_canonical	ཇོ Texte der Bon-po.
ཇོ	en	jo	canonical_independent_strong	1	SUB e→j;SUB n→o	diagnostic_only;diagnostic_only	multiple_signatures_missing	ordinary_tibetan_lexical_or_compound:1	damage:0;marker:0	independent_multi_context_canonical	བསྙེན་ཇོ་མོ་ bsüen jo mo eine weltliche Gottheit
ཇོ	rho	jo	canonical_independent_strong	1	REPLACE rh→j	diagnostic_only	one_signature_missing	ordinary_tibetan_lexical_or_compound:1	damage:0;marker:0	independent_multi_context_canonical	ཇོ་ཐོགས་ rho thogs auch rno thog fähig, geeig-
ཉུང	nun	ñuṅ	canonical_independent_strong	1	SUB n→ñ;SUB n→ṅ	diagnostic_only;authorized_role_conditioned	one_signature_missing	ordinary_tibetan_lexical_or_compound:1	damage:0;marker:0	independent_multi_context_canonical	ཉུང་ཀར་ nun kar [/7//77.4 kar.
ཉུང	run	ñuṅ	canonical_independent_strong	1	SUB r→ñ;SUB n→ṅ	diagnostic_only;authorized_role_conditioned	one_signature_missing	ordinary_tibetan_lexical_or_compound:1	damage:0;marker:0	independent_multi_context_canonical	ཁ་ཉུང་ kha run wortkarg.
ཉུང	ñui	ñuṅ	canonical_independent_strong	1	SUB i→ṅ	diagnostic_only	one_signature_missing	ordinary_tibetan_lexical_or_compound:1	damage:0;marker:0	independent_multi_context_canonical	བྱེད་པ་ཉུང་པ་ byed pa ñui ba geringbeschāftigt
ཊ	Re	ta	canonical_independent_strong	0	SUB R→t;SUB e→a	diagnostic_only;diagnostic_only	domain_risk	unclear:1	damage:1;marker:0	independent_multi_context_canonical	འ་་ཁ།།ྱ་ཊ།། 727” ba’i gtam angenehme Re-
ཊ	m	ta	canonical_independent_strong	1	REPLACE m→ta	diagnostic_only	one_signature_missing	ordinary_tibetan_lexical_or_compound:1	damage:0;marker:0	independent_multi_context_canonical	ཊ་པི་བནྟྷ་ཛི་ས་ཀ་ m pi bantu dzi sa ka eine
ཊ	ma	ta	canonical_independent_strong	1	SUB m→t	diagnostic_only	one_signature_missing	ordinary_tibetan_lexical_or_compound:1	damage:0;marker:0	independent_multi_context_canonical	ཐོང་ཁལེ་ཀྲོར་གྱི་ཕེ་ཊ།” thod le kor gyi phye ma ein
ཊ	mkhan	ta	canonical_independent_strong	1	REPLACE mkh→t;DEL n	diagnostic_only;diagnostic_only	multiple_signatures_missing	ordinary_tibetan_lexical_or_compound:1	damage:0;marker:0	independent_multi_context_canonical	ར་ཊ།ཁན་ཆེ་ gar mkhan che Beiname des
ཊ	sa	ta	canonical_independent_strong	1	SUB s→t	diagnostic_only	one_signature_missing	ordinary_tibetan_lexical_or_compound:1	damage:0;marker:0	independent_multi_context_canonical	ར་ཊ་པ་ཌ་ kar sa pa na, auch kar śa pa na, kar sa
ཊ	tam	ta	canonical_independent_strong	1	DEL m	diagnostic_only	one_signature_missing	ordinary_tibetan_lexical_or_compound:1	damage:0;marker:0	independent_multi_context_canonical	ཊ་ཀ་ tam ka auch tam ka Ttam.
ཊི	fa	ti	canonical_independent_strong	1	SUB f→t;SUB a→i	diagnostic_only;diagnostic_only	multiple_signatures_missing	ordinary_tibetan_lexical_or_compound:1	damage:0;marker:0	independent_multi_context_canonical	དེ་བི་ཀོ་ཊི་ debikoti |© wi ko fa.
ཊི	ni	ti	canonical_independent_strong	2	SUB n→t	diagnostic_only	domain_risk	ordinary_tibetan_lexical_or_compound:1;sanskrit_or_indic_transcription:1	damage:0;marker:0	independent_multi_context_canonical	གོ་ཏ་ར་ཊི་ go ta ra ni eine Pflanze. || ཏ་ར་ཊི་ ta ra ni eine Pflanze; skt. tarani Aloe
ཌི	Beiname	ni	canonical_independent_strong	1	REPLACE Be→n;DEL name	diagnostic_only;diagnostic_only	multiple_signatures_missing	ordinary_tibetan_lexical_or_compound:1	damage:0;marker:0	independent_multi_context_canonical	ཁབྱཏྲང་ཝན་ཁ་བ།་ཌི།་ beud ldan bdag po Beiname
ཌི	di	ni	canonical_independent_strong	1	SUB d→n	diagnostic_only	one_signature_missing	ordinary_tibetan_lexical_or_compound:1	damage:0;marker:0	independent_multi_context_canonical	ཌན་ཌི་ dan di Waagebalken; Hindi dandi (vgl.
ཏིག	g	tig	canonical_independent_strong	1	INS ti	diagnostic_only	domain_risk	tibetan_proper_name:1	damage:0;marker:0	independent_multi_context_canonical	དན་ཏིག་ d g npr. ein Berg; Ri-bo Dan-tig
ཏིག	in	tig	canonical_independent_strong	1	INS t;SUB n→g	diagnostic_only;diagnostic_only	multiple_signatures_missing	ordinary_tibetan_lexical_or_compound:1	damage:0;marker:0	independent_multi_context_canonical	སྙིང་ཏིག་ säin tıg Essenz, etwas Essentielles;
ཏིག	ti	tig	canonical_independent_strong	1	INS g	diagnostic_only	one_signature_missing	ordinary_tibetan_lexical_or_compound:1	damage:0;marker:0	independent_multi_context_canonical	མུ་ཏིག་འབྱུང་གནས་ mu ti g bym gnas Bez. für
ཏེ	EIT	te	canonical_independent_strong	1	REPLACE EIT→te	diagnostic_only	one_signature_missing	ordinary_tibetan_lexical_or_compound:1	damage:0;marker:0	independent_multi_context_canonical	ཏེ་བོཿ EIT te por auch te bor.
ཏེ	Ziffer	te	canonical_independent_strong	1	REPLACE Ziff→t;DEL r	diagnostic_only;candidate_review	multiple_signatures_missing	ordinary_tibetan_lexical_or_compound:1	damage:0;marker:0	independent_multi_context_canonical	ཏེ་ ¦¢ Ziffer 99.
ཏེ	bor	te	canonical_independent_strong	1	REPLACE bor→te	diagnostic_only	one_signature_missing	ordinary_tibetan_lexical_or_compound:1	damage:0;marker:0	independent_multi_context_canonical	ཏེ་བོར་ € bor Tte por.
ཏེ	n	te	canonical_independent_strong	1	REPLACE n→te	diagnostic_only	one_signature_missing	ordinary_tibetan_lexical_or_compound:1	damage:0;marker:0	independent_multi_context_canonical	ཕོལ་ཏེ་ pholte nützlich.
ཏེ	smra	te	canonical_independent_strong	0	REPLACE smra→te	diagnostic_only	domain_risk	unclear:1	damage:1;marker:0	independent_multi_context_canonical	སྙིང་གཞོས་ཏེ་སྨྲ་བ་ sAin 970$ te smra ba vertrau-
ཏེ	spyi	te	canonical_independent_strong	1	REPLACE spyi→te	diagnostic_only	one_signature_missing	ordinary_tibetan_lexical_or_compound:1	damage:0;marker:0	independent_multi_context_canonical	་ཏེ་ spyi ti
ཏེ	ti	te	canonical_independent_strong	4	SUB i→e	diagnostic_only	domain_risk	sanskrit_or_indic_transcription:1;tibetan_proper_name:3	damage:0;marker:0	independent_multi_context_canonical	བལ་གུ་མ་ཏེ་ bal gu ma ti npr. ein Fluß, skt. || སྤལ་ཏེ་ sbal ti npr. eine Gegend, Baltistan. || མ་ཏེ་ཀུ་མཱ་ར་ mu ti ku mā ra npr. ein Laienan-
ཏེ	tre	te	canonical_independent_strong	1	DEL r	candidate_review	one_signature_missing	ordinary_tibetan_lexical_or_compound:1	damage:0;marker:0	independent_multi_context_canonical	ཏེ་མ་བུ་ཀ་ tre ma bu ka auch tre ma, tre ma bu
ཏེ	trye	te	canonical_independent_strong	1	DEL ry	diagnostic_only	one_signature_missing	ordinary_tibetan_lexical_or_compound:1	damage:0;marker:0	independent_multi_context_canonical	ཏེ་མ་བུ་ཀ་ trye ma bu ka Ttre ma bu ka.
ཏོ	Stechapfel	to	canonical_independent_strong	1	DEL S;REPLACE echapfel→o	diagnostic_only;diagnostic_only	domain_risk	sanskrit_or_indic_transcription:1	damage:0;marker:0	independent_multi_context_canonical	མ་ཏོ་ལ་ matola Stechapfel, skt. maātula.
ཏོ	khyo	to	canonical_independent_strong	1	REPLACE khy→t	diagnostic_only	one_signature_missing	ordinary_tibetan_lexical_or_compound:1	damage:0;marker:0	independent_multi_context_canonical	ཏོ་མང་ khyo maṅ Prostituierte.
ཏོ	tho	to	canonical_independent_strong	1	DEL h	diagnostic_only	domain_risk	sanskrit_or_indic_transcription:1	damage:0;marker:0	independent_multi_context_canonical	ཀ་ཏོ་རམ་ ka tho ram hart, fest. - skt. kathora.
ཏོ	tmu	to	canonical_independent_strong	1	REPLACE mu→o	diagnostic_only	one_signature_missing	ordinary_tibetan_lexical_or_compound:1	damage:0;marker:0	independent_multi_context_canonical	མུལ་ཏོ་བ་ multoba tmu Ito ba.
ཏོ	tro	to	canonical_independent_strong	1	DEL r	candidate_review	one_signature_missing	ordinary_tibetan_lexical_or_compound:1	damage:0;marker:0	independent_multi_context_canonical	ཏོ་པ་ཏི་ tro pa ti
ཏོར	gtor	tor	canonical_independent_strong	1	DEL g	diagnostic_only	one_signature_missing	ordinary_tibetan_lexical_or_compound:1	damage:0;marker:0	independent_multi_context_canonical	ཏོར་ཁྲ་ཏག་ཏ་གཏོང་ gtor brlag du gton vernich-
ཏོར	ka	tor	canonical_independent_strong	1	REPLACE ka→tor	diagnostic_only	one_signature_missing	ordinary_tibetan_lexical_or_compound:1	damage:0;marker:0	independent_multi_context_canonical	ཏོར་ ka tor, auch ka to ra 6111 Gefäß, Schüssel. —
ཏྲ	ta	tra	canonical_independent_strong	1	INS r	diagnostic_only	domain_risk	sanskrit_or_indic_transcription:1	damage:0;marker:0	independent_multi_context_canonical	པར་པ་ཏྲ་ par pa ta eine Heilpflanze, skt. pa-
ཐང	ARE	thaṅ	canonical_independent_strong	1	REPLACE ARE→thaṅ	diagnostic_only	one_signature_missing	ordinary_tibetan_lexical_or_compound:1	damage:0;marker:0	independent_multi_context_canonical	ཐང་ར་མྨུ ARE than ra smu than rje ein dmu-
ཐང	Ithon	thaṅ	canonical_independent_strong	0	DEL I;SUB o→a;SUB n→ṅ	diagnostic_only;candidate_review;authorized_role_conditioned	alignment_or_damage	ordinary_tibetan_lexical_or_compound:1	damage:0;marker:1	independent_multi_context_canonical	ཐང་ Ithon
ཐང	es	thaṅ	canonical_independent_strong	1	REPLACE es→thaṅ	diagnostic_only	domain_risk	tibetan_proper_name:1	damage:0;marker:0	independent_multi_context_canonical	མཉེས་ཐང་ möes than npr. eine Gegend.
ཐང	lhan	thaṅ	canonical_independent_strong	1	SUB l→t;SUB n→ṅ	diagnostic_only;authorized_role_conditioned	one_signature_missing	ordinary_tibetan_lexical_or_compound:1	damage:0;marker:0	independent_multi_context_canonical	ཐང་ཆོད་ lhan chod
ཐང	tbari	thaṅ	canonical_independent_strong	1	SUB b→h;REPLACE ri→ṅ	candidate_review;diagnostic_only	domain_risk	tibetan_proper_name:1	damage:0;marker:0	independent_multi_context_canonical	མུན་ཐང་ mu tbari npr. ein See in Indien nahe
ཐང	thahi	thaṅ	canonical_independent_strong	1	REPLACE hi→ṅ	diagnostic_only	domain_risk	tibetan_proper_name:1	damage:0;marker:0	independent_multi_context_canonical	བྱ་རྒོད་ཐང་ནག་ bya rgod thahi nag npr. eine
ཐང	thani	thaṅ	canonical_independent_strong	1	REPLACE ni→ṅ	candidate_review	one_signature_missing	ordinary_tibetan_lexical_or_compound:1	damage:0;marker:0	independent_multi_context_canonical	དབང་ཐང་ dbaṅ thani
ཐང	thin	thaṅ	canonical_independent_strong	1	SUB i→a;SUB n→ṅ	diagnostic_only;authorized_role_conditioned	one_signature_missing	ordinary_tibetan_lexical_or_compound:1	damage:0;marker:0	independent_multi_context_canonical	ཐང་ཤང་ thin sin ein blauer Farbstoff.
ཐང	thon	thaṅ	canonical_independent_strong	1	SUB o→a;SUB n→ṅ	candidate_review;authorized_role_conditioned	one_signature_missing	ordinary_tibetan_lexical_or_compound:1	damage:0;marker:0	independent_multi_context_canonical	ང་ཐང་ thon thon
ཐང	trockene	thaṅ	canonical_independent_strong	1	REPLACE rockene→haṅ	diagnostic_only	one_signature_missing	ordinary_tibetan_lexical_or_compound:1	damage:0;marker:0	independent_multi_context_canonical	མུ་ངམ་ས་ཐང་ Myaram sa than trockene Ebene,
ཐབ	Rhab	thab	canonical_independent_strong	1	SUB R→t	diagnostic_only	one_signature_missing	ordinary_tibetan_lexical_or_compound:1	damage:0;marker:0	independent_multi_context_canonical	།ཐབ་ 'Rhab.
ཐབ	je	thab	canonical_independent_strong	1	REPLACE je→thab	diagnostic_only	one_signature_missing	ordinary_tibetan_lexical_or_compound:1	damage:0;marker:0	independent_multi_context_canonical	* “ ཐབ 2: je རའ ལི འད
ཐབ	zab	thab	canonical_independent_strong	1	REPLACE z→th	diagnostic_only	one_signature_missing	ordinary_tibetan_lexical_or_compound:1	damage:0;marker:0	independent_multi_context_canonical	གཏིང་ཐབ་ gtiṅ zab Tiefe; tief, tiefgründig.
ཐབས	Festung	thabs	canonical_independent_strong	1	REPLACE Fe→thab;DEL tung	diagnostic_only;diagnostic_only	multiple_signatures_missing	ordinary_tibetan_lexical_or_compound:1	damage:0;marker:0	independent_multi_context_canonical	མ།ར་ཐབས་ mkhar thabs Festung.
ཐབས	Habs	thabs	canonical_independent_strong	1	REPLACE H→th	diagnostic_only	one_signature_missing	ordinary_tibetan_lexical_or_compound:1	damage:0;marker:0	independent_multi_context_canonical	ཐབས་ཀྱི་ལམ་ Habs kyi lm
ཐབས	Ritu	thabs	canonical_independent_strong	1	DEL Ri;REPLACE u→habs	diagnostic_only;diagnostic_only	multiple_signatures_missing	ordinary_tibetan_lexical_or_compound:1	damage:0;marker:0	independent_multi_context_canonical	བོད་ཁམས་བདེ་ཐབས་ bod khams bdethabs Ritu-
ཐབས	Schlacht	thabs	canonical_independent_strong	1	REPLACE Sc→t;DEL l;REPLACE cht→bs	diagnostic_only;diagnostic_only;diagnostic_only	multiple_signatures_missing	ordinary_tibetan_lexical_or_compound:1	damage:0;marker:0	independent_multi_context_canonical	ནོལ་ཐབས་ nolthabs Schlacht.
ཐབས	as	thabs	canonical_independent_strong	1	INS th;INS b	diagnostic_only;diagnostic_only	multiple_signatures_missing	ordinary_tibetan_lexical_or_compound:1	damage:0;marker:0	independent_multi_context_canonical	བྷརས་ཐབས་ brüas thabs auch bräas stabs Miß-
ཐབས	lhabs	thabs	canonical_independent_strong	1	SUB l→t	diagnostic_only	one_signature_missing	ordinary_tibetan_lexical_or_compound:1	damage:0;marker:0	independent_multi_context_canonical	ཐབས་ཆགས་ lhabs chags
ཐབས	magische	thabs	canonical_independent_strong	1	REPLACE m→th;REPLACE gi→b;DEL che	diagnostic_only;diagnostic_only;diagnostic_only	multiple_signatures_missing	ordinary_tibetan_lexical_or_compound:1	damage:0;marker:0	independent_multi_context_canonical	འཕྲུལ་ཐབས་ thabs magische bzw. me-
ཐབས	thebs	thabs	canonical_independent_strong	1	SUB e→a	diagnostic_only	one_signature_missing	ordinary_tibetan_lexical_or_compound:1	damage:0;marker:0	independent_multi_context_canonical	ཐབས་རྩ་ thebs rtsa Finanzierung.
ཐམ	rgyal	tham	canonical_independent_strong	1	REPLACE rgy→th;SUB l→m	diagnostic_only;diagnostic_only	multiple_signatures_missing	ordinary_tibetan_lexical_or_compound:1	damage:0;marker:0	independent_multi_context_canonical	རྒྱལ་ཐམ་རྩ་ ST rgyal tham rtsa tshig
ཐམས	cad	thams	canonical_independent_strong	1	REPLACE c→th;REPLACE d→ms	diagnostic_only;diagnostic_only	multiple_signatures_missing	ordinary_tibetan_lexical_or_compound:1	damage:0;marker:0	independent_multi_context_canonical	རྣམ་པ་ཐམས་ཅད་ man pathams cad alle Arten;
ཐམས	rhams	thams	canonical_independent_strong	1	SUB r→t	diagnostic_only	one_signature_missing	ordinary_tibetan_lexical_or_compound:1	damage:0;marker:0	independent_multi_context_canonical	ཐམས་ཅད་སྒྲོལ་ rhams cad sgrol
ཐམས	tbams	thams	canonical_independent_strong	1	SUB b→h	candidate_review	one_signature_missing	ordinary_tibetan_lexical_or_compound:1	damage:0;marker:0	independent_multi_context_canonical	ཐམས་ཤད་ tbams Sad Tthams cad.
ཐམས	thems	thams	canonical_independent_strong	1	SUB e→a	diagnostic_only	one_signature_missing	ordinary_tibetan_lexical_or_compound:1	damage:0;marker:0	independent_multi_context_canonical	ཐམས་ཡག་ thems yig 1/776/77 yig.
ཐར	Be	thar	canonical_independent_strong	1	REPLACE Be→thar	diagnostic_only	one_signature_missing	ordinary_tibetan_lexical_or_compound:1	damage:0;marker:0	independent_multi_context_canonical	འདས་རྗེས་ཀྱི་རྣམ་ཐར་ rjes kyi nam thar Be-
ཐར	bar	thar	canonical_independent_strong	1	REPLACE b→th	diagnostic_only	one_signature_missing	ordinary_tibetan_lexical_or_compound:1	damage:0;marker:0	independent_multi_context_canonical	ྲིཀ་ཐར་འཛིངས་པ་ mig bar 'dziṅs pa jmd. mit
ཐར	rar	thar	canonical_independent_strong	1	REPLACE r→th	diagnostic_only	one_signature_missing	ordinary_tibetan_lexical_or_compound:1	damage:0;marker:0	independent_multi_context_canonical	ཐར་གྱིས་ཞག་པ་ rar gyis zug pa ཐར་བོན་ har bon
ཐར	tbar	thar	canonical_independent_strong	1	SUB b→h	candidate_review	one_signature_missing	ordinary_tibetan_lexical_or_compound:1	damage:0;marker:0	independent_multi_context_canonical	ཐར་ན་ tbar nu eine Heilpflanze, Euphorbia
ཐར	thor	thar	canonical_independent_strong	1	SUB o→a	candidate_review	one_signature_missing	ordinary_tibetan_lexical_or_compound:1	damage:0;marker:0	independent_multi_context_canonical	ཐར་བུ་ :thor bu
ཐིག	Zeichnung	thig	canonical_independent_strong	1	SUB Z→t;SUB e→h;DEL chnun	diagnostic_only;diagnostic_only;diagnostic_only	multiple_signatures_missing	ordinary_tibetan_lexical_or_compound:1	damage:0;marker:0	independent_multi_context_canonical	ནག་ཐིག་ nagthig Zeichnung, Skizze, Entwurf.
ཐིག	ehig	thig	canonical_independent_strong	1	SUB e→t	diagnostic_only	one_signature_missing	ordinary_tibetan_lexical_or_compound:1	damage:0;marker:0	independent_multi_context_canonical	བྲིག་ཐིག་ཐིག eig ehig thig
ཐིག	tbig	thig	canonical_independent_strong	1	SUB b→h	candidate_review	one_signature_missing	ordinary_tibetan_lexical_or_compound:1	damage:0;marker:0	independent_multi_context_canonical	སྡོང་ཐིག་ sdoṅ tbig Docht.
ཐིག	tig	thig	canonical_independent_strong	1	INS h	diagnostic_only	one_signature_missing	ordinary_tibetan_lexical_or_compound:1	damage:0;marker:0	independent_multi_context_canonical	ཐིག་ལེ་ tig le.
ཐིག	zig	thig	canonical_independent_strong	1	REPLACE z→th	diagnostic_only	one_signature_missing	ordinary_tibetan_lexical_or_compound:1	damage:0;marker:0	independent_multi_context_canonical	སྟག་ཐིག་ག་པུར་ stag zig ga pur ein Heilmittel;
ཐུ	tUhu	thu	canonical_independent_strong	1	DEL U	diagnostic_only	one_signature_missing	ordinary_tibetan_lexical_or_compound:1	damage:0;marker:0	independent_multi_context_canonical	ཀྱི་ཐུ་ khyi tUhu auch khyi mthu scharfer, wilder
ཐུ	tbu	thu	canonical_independent_strong	1	SUB b→h	candidate_review	one_signature_missing	ordinary_tibetan_lexical_or_compound:1	damage:0;marker:0	independent_multi_context_canonical	ཐང་ཤུ་ཐུ་ཧན་ thaṅ Su tbu han
ཐུ	thug	thu	canonical_independent_strong	1	DEL g	diagnostic_only	one_signature_missing	ordinary_tibetan_lexical_or_compound:1	damage:0;marker:0	independent_multi_context_canonical	འདོམ་ཐུ . dom thug.
ཐུ	thugs	thu	canonical_independent_strong	1	DEL gs	diagnostic_only	one_signature_missing	ordinary_tibetan_lexical_or_compound:1	damage:0;marker:0	independent_multi_context_canonical	ཐུ ས་དཔང་པར་ཁྲེང་། thugs dbyun bar byed sich
ཐུང	tbuṅ	thuṅ	canonical_independent_strong	1	SUB b→h	candidate_review	one_signature_missing	ordinary_tibetan_lexical_or_compound:1	damage:0;marker:0	independent_multi_context_canonical	ཕྱིར་ཐུང་གིས་ phyir tbuṅ gis vor kurzem.
ཐུང	ungeduldig	thuṅ	canonical_independent_strong	0	INS th;REPLACE ngeduldig→ṅ	diagnostic_only;diagnostic_only	alignment_or_damage	ordinary_tibetan_lexical_or_compound:1	damage:1;marker:0	independent_multi_context_canonical	ངང་ཐུང་ ༡༩༧༩ thun ungeduldig, aufbrausend.
ཐུང	zu	thuṅ	canonical_independent_strong	1	REPLACE z→th;INS ṅ	diagnostic_only;diagnostic_only	multiple_signatures_missing	ordinary_tibetan_lexical_or_compound:1	damage:0;marker:0	independent_multi_context_canonical	"བདེ་སྟོང་ཐུང་འཇུག་ bde stoṅ zu jug ""die Ver-"
ཐུབ	Geliebte	thub	canonical_independent_strong	0	REPLACE Gelie→thu;DEL te	diagnostic_only;diagnostic_only	domain_risk	unclear:1	damage:0;marker:0	independent_multi_context_canonical	སྙིང་ཐུབ་ 5/7//7 thub Geliebte.
ཐུབ	hub	thub	canonical_independent_strong	1	INS t	diagnostic_only	one_signature_missing	ordinary_tibetan_lexical_or_compound:1	damage:0;marker:0	independent_multi_context_canonical	ཆིག་ཐུབ་ chig hub
ཐུབ	mithub	thub	canonical_independent_strong	1	DEL mi	diagnostic_only	one_signature_missing	ordinary_tibetan_lexical_or_compound:1	damage:0;marker:0	independent_multi_context_canonical	་མི་ཐུབ་པ་ smra mithub pa unsagbar.
ཐུབ	tbub	thub	canonical_independent_strong	1	SUB b→h	candidate_review	one_signature_missing	ordinary_tibetan_lexical_or_compound:1	damage:0;marker:0	independent_multi_context_canonical	ཐུབ་ཆོད་ tbub chod.
ཐུབ	yi	thub	canonical_independent_strong	1	REPLACE yi→thub	diagnostic_only	one_signature_missing	ordinary_tibetan_lexical_or_compound:1	damage:0;marker:0	independent_multi_context_canonical	་ཡ་ཐུབ་པ་ chn yi thub pa Beiname Jambha-
ཐུམ	no	thum	canonical_independent_strong	1	REPLACE no→thum	diagnostic_only	one_signature_missing	ordinary_tibetan_lexical_or_compound:1	damage:0;marker:0	independent_multi_context_canonical	ཐུམ no zum
ཐུར	tbur	thur	canonical_independent_strong	1	SUB b→h	candidate_review	one_signature_missing	ordinary_tibetan_lexical_or_compound:1	damage:0;marker:0	independent_multi_context_canonical	སྤྲུབས་ཐུར་ sbubs tbur
ཐུར	tur	thur	canonical_independent_strong	1	INS h	diagnostic_only	one_signature_missing	ordinary_tibetan_lexical_or_compound:1	damage:0;marker:0	independent_multi_context_canonical	རྨོས་བྱེད་ཐུར་མ་ myos byed tur ma cin Vogel.
ཐུར	zur	thur	canonical_independent_strong	1	REPLACE z→th	diagnostic_only	domain_risk	tibetan_proper_name:1	damage:0;marker:0	independent_multi_context_canonical	སྣེའུ་ཐུར་པ་ sne'u zur pa npr. ein Lehrer der
ཐེག	pa	theg	canonical_independent_strong	1	REPLACE pa→theg	diagnostic_only	one_signature_missing	ordinary_tibetan_lexical_or_compound:1	damage:0;marker:0	independent_multi_context_canonical	མི་ཡི་ཐེག་པ་ mi yitheg pa Beiname des Gottes
ཐེན	pf	then	canonical_independent_strong	0	REPLACE pf→then	diagnostic_only	domain_risk	unclear:1	damage:1;marker:0	independent_multi_context_canonical	ཐེན་ 2/06)/ pf. und imp. zu V’then.
ཐེབས	Hhebs	thebs	canonical_independent_strong	1	SUB H→t	diagnostic_only	one_signature_missing	ordinary_tibetan_lexical_or_compound:1	damage:0;marker:0	independent_multi_context_canonical	ཐེབས་ Hhebs
ཐེར	her	ther	canonical_independent_strong	1	INS t	diagnostic_only	one_signature_missing	ordinary_tibetan_lexical_or_compound:1	damage:0;marker:0	independent_multi_context_canonical	ཐེར་པོ་ her po
ཐེར	zer	ther	canonical_independent_strong	1	REPLACE z→th	diagnostic_only	domain_risk	tibetan_proper_name:1	damage:0;marker:0	independent_multi_context_canonical	རྣ་ཉན་ཕྲ་མ་ཐེར་མ rna ñan phra ma zer ma npr. el. G DOTOS
ཐེལ	la	thel	canonical_independent_strong	1	INS the;DEL a	diagnostic_only;diagnostic_only	multiple_signatures_missing	ordinary_tibetan_lexical_or_compound:1	damage:0;marker:0	independent_multi_context_canonical	ཕ་ཐེལ་ཚུ་ཐེལ་ལ་ ppha thel thel la hier und
ཐེལ	zel	thel	canonical_independent_strong	1	REPLACE z→th	diagnostic_only	one_signature_missing	ordinary_tibetan_lexical_or_compound:1	damage:0;marker:0	independent_multi_context_canonical	འཕན་ཐེལ་ 'phan zel zerbrochen, fehlerhaft,
ཐོག	Erfahrung	thog	canonical_independent_strong	1	REPLACE Erfa→t;REPLACE run→o	diagnostic_only;diagnostic_only	multiple_signatures_missing	ordinary_tibetan_lexical_or_compound:1	damage:0;marker:0	independent_multi_context_canonical	རྱོང་ཐོག་ mmyoṅ Erfahrung,
ཐོག	Isten	thog	canonical_independent_strong	0	DEL Is;REPLACE en→hog	diagnostic_only;diagnostic_only	domain_risk	unclear:1	damage:1;marker:1	independent_multi_context_canonical	སྟེང་གི་ཐོག་ steṅ 07 thog Isten thog.
ཐོག	lcam	thog	canonical_independent_strong	0	SUB l→t;SUB c→h;SUB a→o;SUB m→g	diagnostic_only;diagnostic_only;diagnostic_only;diagnostic_only	domain_risk	unclear:1	damage:1;marker:0	independent_multi_context_canonical	ཐོག་ལྕམ་ 7709 lcam Dach, Deckenbalken.
ཐོག	ma	thog	canonical_independent_strong	0	REPLACE ma→thog	diagnostic_only	domain_risk	unclear:2	damage:2;marker:0	independent_multi_context_canonical	ཐོག་མ་ 5709 ma Anfang, Anbeginn, erstes || ཐོག་མ་དངས་པ་ 7709 ma drans pa 1thog drans.
ཐོག	sgra	thog	canonical_independent_strong	0	REPLACE s→tho;DEL ra	diagnostic_only;diagnostic_only	domain_risk	unclear:1	damage:1;marker:0	independent_multi_context_canonical	ཐོག་སྒྲ་ 7709 sgra Donner, Krachen des Blitzes.
ཐོད	Moschusduft	thod	canonical_independent_strong	1	REPLACE M→th;DEL schus;DEL uft	diagnostic_only;diagnostic_only;diagnostic_only	multiple_signatures_missing	ordinary_tibetan_lexical_or_compound:1	damage:0;marker:0	independent_multi_context_canonical	དྲི་ཡི་ཐོད་ dri yithod Moschusduft.
ཐོད	ci	thod	canonical_independent_strong	1	REPLACE ci→thod	diagnostic_only	one_signature_missing	ordinary_tibetan_lexical_or_compound:1	damage:0;marker:0	independent_multi_context_canonical	ཐོད་ཐོད་ ci thod thod alles, was auch immer;
ཐོད	cin	thod	canonical_independent_strong	1	REPLACE cin→thod	diagnostic_only	one_signature_missing	ordinary_tibetan_lexical_or_compound:1	damage:0;marker:0	independent_multi_context_canonical	ཏོག་ཐོད་ metogthod cin Blumenkranz, der
ཐོད	tod	thod	canonical_independent_strong	1	INS h	diagnostic_only	one_signature_missing	ordinary_tibetan_lexical_or_compound:1	damage:0;marker:0	independent_multi_context_canonical	པོ་ཀ་བདད་ཐོད་ངདཀའར་ pbo Klu bind tod dkar
ཐོབ	erlangen	thob	canonical_independent_strong	0	REPLACE erlangen→thob	diagnostic_only	domain_risk	unclear:1	damage:1;marker:0	independent_multi_context_canonical	Rat geben?“ (Lokn 96,29). ཉེ་བར་ཐོབ་ ༡76 bar thob erlangen.
ཐོབ	gi	thob	canonical_independent_strong	0	REPLACE gi→thob	diagnostic_only	domain_risk	unclear:1	damage:0;marker:0	independent_multi_context_canonical	nDemmegz ་རྗེས་ ཐོབ་པ་ bdag gi don rjes su thob
ཐོབ	hob	thob	canonical_independent_strong	1	INS t	diagnostic_only	domain_risk	ordinary_tibetan_lexical_or_compound:1;unclear:1	damage:0;marker:0	independent_multi_context_canonical	"ཐོབ་ hob || ཐོབ་ཀྱིས་འཇལ་བ་ 1hob kyis ""al ba"
ཐོས	pa	thos	canonical_independent_strong	0	REPLACE pa→thos	diagnostic_only	domain_risk	unclear:1	damage:1;marker:0	independent_multi_context_canonical	ཐོས་པའི་ནོར་ 7705 pa’ nor „Reichtum der
དཀའ	aka	dka	canonical_independent_strong	1	SUB a→d	diagnostic_only	one_signature_missing	ordinary_tibetan_lexical_or_compound:1	damage:0;marker:0	independent_multi_context_canonical	དཀའ་ངལ་ aka’ nal Leiden.
དཀའ	am	dka	canonical_independent_strong	1	INS dk;DEL m	diagnostic_only;diagnostic_only	domain_risk	tibetan_proper_name:1	damage:0;marker:0	independent_multi_context_canonical	མཉམ་དཀའ་ müam dka’ npr. Magadha (vgl.
དཀའ	bya	dka	canonical_independent_strong	1	SUB b→d;SUB y→k	diagnostic_only;diagnostic_only	multiple_signatures_missing	ordinary_tibetan_lexical_or_compound:1	damage:0;marker:0	independent_multi_context_canonical	"་དཀའ་ bya dka' ""SC nn"
དཀའ	par	dka	canonical_independent_strong	1	REPLACE p→dk;DEL r	diagnostic_only;candidate_review	multiple_signatures_missing	ordinary_tibetan_lexical_or_compound:1	damage:0;marker:0	independent_multi_context_canonical	རྙེད་པར་དཀའ་བ་ rüed par dka’ ba tried dka”.
དཀྱིལ	dkeyil	dkyil	canonical_independent_strong	1	DEL e	diagnostic_only	one_signature_missing	ordinary_tibetan_lexical_or_compound:1	damage:0;marker:0	independent_multi_context_canonical	ཀུན་གྱི་དཀྱིལ་ kun gyi dkeyil (genaue Bed. unsi-
དཀྱིལ	dkrun	dkyil	canonical_independent_strong	0	SUB r→y;SUB u→i;SUB n→l	diagnostic_only;diagnostic_only;diagnostic_only	domain_risk	unclear:1	damage:1;marker:0	independent_multi_context_canonical	དཀྱིལ་དཀྲུང་ 497 dkrun \skyil krun.
དཀྱིལ	tog	dkyil	canonical_independent_strong	1	REPLACE tog→dkyil	diagnostic_only	one_signature_missing	ordinary_tibetan_lexical_or_compound:1	damage:0;marker:0	independent_multi_context_canonical	མེཏོགཀྱི་དཀྱིལ་འཁོར་ཅན་ me tog gyi dkyil 'khor
དཀྲིས	ad	dkris	canonical_independent_strong	1	DEL a;INS kris	diagnostic_only;diagnostic_only	multiple_signatures_missing	ordinary_tibetan_lexical_or_compound:1	damage:0;marker:0	independent_multi_context_canonical	སྙད་དཀྲིས་ süad dkris Entschuldigung, Vor-
དགག	Gotthert	dgag	canonical_independent_strong	1	REPLACE Gotthert→dgag	diagnostic_only	one_signature_missing	ordinary_tibetan_lexical_or_compound:1	damage:0;marker:0	independent_multi_context_canonical	དགག Gotthert.
དགག	deag	dgag	canonical_independent_strong	1	SUB e→g	diagnostic_only	one_signature_missing	ordinary_tibetan_lexical_or_compound:1	damage:0;marker:0	independent_multi_context_canonical	དགག་ deag
དགག	fur	dgag	canonical_independent_strong	0	REPLACE fur→dgag	diagnostic_only	alignment_or_damage	ordinary_tibetan_lexical_or_compound:1	damage:1;marker:0	independent_multi_context_canonical	དགག་ @27/£ fur. zu 19//£.
དགེ	ba’i	dge	canonical_independent_strong	0	REPLACE ba’i→dge	diagnostic_only	domain_risk	unclear:1	damage:1;marker:0	independent_multi_context_canonical	དགེ་བའི་བཞེས་གཉེན་ 42༩ ba’i bśes gñen \dge
དགེ	de	dge	canonical_independent_strong	1	INS g	diagnostic_only	one_signature_missing	ordinary_tibetan_lexical_or_compound:1	damage:0;marker:0	independent_multi_context_canonical	དམུ་དགེ་ dom de m
དགེ	dee	dge	canonical_independent_strong	1	INS g;DEL e	diagnostic_only;diagnostic_only	multiple_signatures_missing	ordinary_tibetan_lexical_or_compound:1	damage:0;marker:0	independent_multi_context_canonical	དགེ་སྐོས་ dee :skos Vorsteher, Aufsichtsführer
དགེ	zu	dge	canonical_independent_strong	1	REPLACE zu→dge	diagnostic_only	domain_risk	tibetan_proper_name:1	damage:0;marker:0	independent_multi_context_canonical	སྐུབུ་དགེ་བ་གསལ་ mu zu dge ba gsal npr. Or-
དགོད	fur	dgod	canonical_independent_strong	0	REPLACE fur→dgod	diagnostic_only	alignment_or_damage	ordinary_tibetan_lexical_or_compound:1	damage:1;marker:0	independent_multi_context_canonical	ཉེ་བར་དགོད་ ñe bar 7907 fur. aufstellen,
དགོས	kyan	dgos	canonical_independent_strong	0	SUB k→d;SUB y→g;SUB a→o;SUB n→s	diagnostic_only;diagnostic_only;diagnostic_only;diagnostic_only	domain_risk	unclear:1	damage:0;marker:0	independent_multi_context_canonical	5 AS ཀྱང་ཉི་ དགོས་ lta smos kyan ci dgos auch
དང	Imar	daṅ	canonical_independent_strong	0	REPLACE Im→d;SUB r→ṅ	diagnostic_only;candidate_review	alignment_or_damage	ordinary_tibetan_lexical_or_compound:1	damage:0;marker:1	independent_multi_context_canonical	མ།་དང་ margad Imar gad.
དང	W	daṅ	canonical_independent_strong	1	REPLACE W→daṅ	diagnostic_only	one_signature_missing	ordinary_tibetan_lexical_or_compound:1	damage:0;marker:0	independent_multi_context_canonical	མ་ས་ཚ་བ།དང་ skam sa tsba gdun Wüste.
དང	buddh	daṅ	canonical_independent_strong	0	DEL bu;SUB d→a;SUB h→ṅ	diagnostic_only;diagnostic_only;authorized_role_conditioned	domain_risk	unclear:1	damage:0;marker:0	independent_multi_context_canonical	T དང buddh. Gemeinde.
དང	dangon	daṅ	canonical_independent_strong	1	REPLACE ngon→ṅ	diagnostic_only	one_signature_missing	ordinary_tibetan_lexical_or_compound:1	damage:0;marker:0	independent_multi_context_canonical	དང་གོང་ dangon in thugs kyi — Brust.
དང	dari	daṅ	canonical_independent_strong	1	REPLACE ri→ṅ	diagnostic_only	domain_risk	tibetan_proper_name:1	damage:0;marker:0	independent_multi_context_canonical	མུན་པ་དང་བྲལ་བ་ mun pa dari bral ba npr. ein
དང	dra	daṅ	canonical_independent_strong	1	DEL r;INS ṅ	candidate_review;diagnostic_only	multiple_signatures_missing	ordinary_tibetan_lexical_or_compound:1	damage:0;marker:0	independent_multi_context_canonical	འདི་དང་འདྲ་བ་ 'didan 'dra ba Vdi 'dra.
དང	dun	daṅ	canonical_independent_strong	5	SUB u→a;SUB n→ṅ	candidate_review;authorized_role_conditioned	one_signature_missing	ordinary_tibetan_lexical_or_compound:5	damage:0;marker:0	independent_multi_context_canonical	དགན་དང་ dgun dun \dgon dun. || དགོན་དང་ dgon dun auch ~ can, dgun dun can || རྒྱ་མཚོའི་དང་ྲེང་ rgya mtsho’i dun phren Bez.
དང	gya	daṅ	canonical_independent_strong	0	REPLACE gy→d;INS ṅ	diagnostic_only;diagnostic_only	domain_risk	unclear:1	damage:0;marker:0	independent_multi_context_canonical	"nas ""vicke དང gya (r.g.yo) ba man po ="
དང	med	daṅ	canonical_independent_strong	1	DEL me;INS aṅ	diagnostic_only;diagnostic_only	multiple_signatures_missing	ordinary_tibetan_lexical_or_compound:1	damage:0;marker:0	independent_multi_context_canonical	ཐུན་པ་དང་ཞག N ba med pa ein Sa-
དང	phel	daṅ	canonical_independent_strong	1	REPLACE phel→daṅ	diagnostic_only	one_signature_missing	ordinary_tibetan_lexical_or_compound:1	damage:0;marker:0	independent_multi_context_canonical	་ཙ་འཕེའ་དང་ bu tsa 'phel rgyud tbu tsha 'phel.
དང	rgyud	daṅ	canonical_independent_strong	1	DEL rgyu;INS aṅ	diagnostic_only;diagnostic_only	multiple_signatures_missing	ordinary_tibetan_lexical_or_compound:1	damage:0;marker:0	independent_multi_context_canonical	ང་རབསྲ་དང་ gduṅ rabs rgyud Gencerations-
དང	rkaṅ	daṅ	canonical_independent_strong	1	REPLACE rk→d	diagnostic_only	one_signature_missing	ordinary_tibetan_lexical_or_compound:1	damage:0;marker:0	independent_multi_context_canonical	རྐ་དང་ myur rkaṅ Berechnung der geozen-
དང	sbyar	daṅ	canonical_independent_strong	0	REPLACE sby→d;SUB r→ṅ	diagnostic_only;candidate_review	domain_risk	unclear:1	damage:1;marker:0	independent_multi_context_canonical	ཉམས་དང་སྦྱར་ /76/775 daṅ sbyar pf. und fur, zu
དང	sbyor	daṅ	canonical_independent_strong	0	REPLACE sbyor→daṅ	diagnostic_only	domain_risk	unclear:1	damage:1;marker:0	independent_multi_context_canonical	ཉམས་དང་སྦྱོར་ 77:77775 daṅ sbyor pf. und fur.
དང	sp	daṅ	canonical_independent_strong	1	REPLACE sp→daṅ	diagnostic_only	one_signature_missing	ordinary_tibetan_lexical_or_compound:1	damage:0;marker:0	independent_multi_context_canonical	"་ནརང་བ།དང་ pphyi nas ""spätere Pein"", Bez."
དན	A	dan	canonical_independent_strong	1	REPLACE A→dan	diagnostic_only	one_signature_missing	ordinary_tibetan_lexical_or_compound:1	damage:0;marker:0	independent_multi_context_canonical	= དན A die vier edlen Wahrhei-
དན	Lehrwerk	dan	canonical_independent_strong	1	REPLACE Lehrwerk→dan	diagnostic_only	domain_risk	sanskrit_or_indic_transcription:1	damage:0;marker:0	independent_multi_context_canonical	དཱ དན་གཉ buddh. Lehrwerk, skt. Ma-
དན	a	dan	canonical_independent_strong	1	INS d;INS n	diagnostic_only;diagnostic_only	multiple_signatures_missing	ordinary_tibetan_lexical_or_compound:1	damage:0;marker:0	independent_multi_context_canonical	དན་གཉ a Südosten der tibetischen Pro-
དན	d	dan	canonical_independent_strong	1	INS an	diagnostic_only	domain_risk	tibetan_proper_name:1	damage:0;marker:0	independent_multi_context_canonical	དན་ཏིག་ d g npr. ein Berg; Ri-bo Dan-tig
དན	danrtags	dan	canonical_independent_strong	1	DEL rtags	diagnostic_only	one_signature_missing	ordinary_tibetan_lexical_or_compound:1	damage:0;marker:0	independent_multi_context_canonical	དན་རྟགས་ danrtags Beweis, Hinweis, Anhalts-
དན	erzrāanemzar	dan	canonical_independent_strong	1	REPLACE erzrā→d;DEL emzar	diagnostic_only;diagnostic_only	multiple_signatures_missing	ordinary_tibetan_lexical_or_compound:1	damage:0;marker:0	independent_multi_context_canonical	དན་དྲ་ནེ་བར་ erzrāanemzar mdun du ñe bar gnas bei-
དན	zw	dan	canonical_independent_strong	0	REPLACE zw→dan	diagnostic_only	domain_risk	unclear:1	damage:1;marker:0	independent_multi_context_canonical	དན་ 42: (zw.) Bürge, vgl. 1’gtan pa, ldan po.
དཔག	bdag	dpag	canonical_independent_strong	1	DEL b;INS p	candidate_review;diagnostic_only	multiple_signatures_missing	ordinary_tibetan_lexical_or_compound:1	damage:0;marker:0	independent_multi_context_canonical	དཔག་དཔན ཧཱཿ ཙུ bdag im Land Gesars (Neb
དཔག	ddpag	dpag	canonical_independent_strong	1	DEL d	diagnostic_only	one_signature_missing	ordinary_tibetan_lexical_or_compound:1	damage:0;marker:0	independent_multi_context_canonical	དཔག་འབྱམ་ ddpag 'byam auch dpag dpag
དཔག	dpog	dpag	canonical_independent_strong	1	SUB o→a	candidate_review	one_signature_missing	ordinary_tibetan_lexical_or_compound:1	damage:0;marker:0	independent_multi_context_canonical	གཏང་དཔག་ gtin dpog fur. gtin dpag ergründen.
དཔར	ian	dpar	canonical_independent_strong	1	REPLACE i→dp;SUB n→r	diagnostic_only;diagnostic_only	multiple_signatures_missing	ordinary_tibetan_lexical_or_compound:1	damage:0;marker:0	independent_multi_context_canonical	བྟརན་དཔར་ brüian dpar Zeitschrift.
དཔལ	Imthu	dpal	canonical_independent_strong	0	REPLACE Imthu→dpal	diagnostic_only	domain_risk	unclear:1	damage:1;marker:1	independent_multi_context_canonical	མཐུའི་དཔལ་ ༡77//7//?7 dpal Imthu dpal 2.
དཔེ	ddpe	dpe	canonical_independent_strong	1	DEL d	diagnostic_only	one_signature_missing	ordinary_tibetan_lexical_or_compound:1	damage:0;marker:0	independent_multi_context_canonical	"དཔེ་ཉེར་འཇལ་བ་ ddpe ner ba ""etwas mit"
དཔེ	dpebyad	dpe	canonical_independent_strong	1	DEL byad	diagnostic_only	one_signature_missing	ordinary_tibetan_lexical_or_compound:1	damage:0;marker:0	independent_multi_context_canonical	དཔེ་བྱད་ dpebyad Kennzeichen, Merkmal, Ne-
དཔེ	dpehara	dpe	canonical_independent_strong	1	DEL hara	diagnostic_only	one_signature_missing	ordinary_tibetan_lexical_or_compound:1	damage:0;marker:0	independent_multi_context_canonical	དཔེ་ཧ་ར་ dpehara tpe har.
དཔེ	dperis	dpe	canonical_independent_strong	1	DEL ris	diagnostic_only	one_signature_missing	ordinary_tibetan_lexical_or_compound:1	damage:0;marker:0	independent_multi_context_canonical	དཔེ་རིས་ dperis Muster, Vorlage, Skizze.
དཔོན	Anf	dpon	canonical_independent_strong	1	REPLACE A→dpo;DEL f	diagnostic_only;diagnostic_only	multiple_signatures_missing	ordinary_tibetan_lexical_or_compound:1	damage:0;marker:0	independent_multi_context_canonical	སྡུད་དཔོན་ dpon Anführer einer Heeres-
དཔོན	Festungskomman	dpon	canonical_independent_strong	1	REPLACE Festu→dpo;DEL gskomman	diagnostic_only;diagnostic_only	multiple_signatures_missing	ordinary_tibetan_lexical_or_compound:1	damage:0;marker:0	independent_multi_context_canonical	མ།ཁར་དཔོན་ mkhar dpon Festungskomman-
དཔོན	po	dpon	canonical_independent_strong	1	INS d;INS n	diagnostic_only;diagnostic_only	multiple_signatures_missing	ordinary_tibetan_lexical_or_compound:1	damage:0;marker:0	independent_multi_context_canonical	སྡེའི་དཔོན་པོ་ ddpon po sder mo
དཔྱད	Behandlung	dpyad	canonical_independent_strong	1	SUB B→d;SUB e→p;SUB h→y;DEL n;DEL lung	diagnostic_only;diagnostic_only;diagnostic_only;diagnostic_only;diagnostic_only	multiple_signatures_missing	ordinary_tibetan_lexical_or_compound:1	damage:0;marker:0	independent_multi_context_canonical	སྨན་དཔྱད dizinische Behandlung, Therapie,
དཔྱད	dpyadpa	dpyad	canonical_independent_strong	1	DEL pa	diagnostic_only	one_signature_missing	ordinary_tibetan_lexical_or_compound:1	damage:0;marker:0	independent_multi_context_canonical	སྐར་དཔྱད་པ་ skar dpyadpa Astrologe, Astronom.
དཔྱད	dpyadtshig	dpyad	canonical_independent_strong	1	DEL tshig	diagnostic_only	one_signature_missing	ordinary_tibetan_lexical_or_compound:1	damage:0;marker:0	independent_multi_context_canonical	དཔྱད་ཚིག་ dpyadtshig Urteil.
དཔྱད	kyi	dpyad	canonical_independent_strong	1	REPLACE k→dp;REPLACE i→ad	diagnostic_only;diagnostic_only	multiple_signatures_missing	ordinary_tibetan_lexical_or_compound:1	damage:0;marker:0	independent_multi_context_canonical	དཔྱད ཧུ kyi dus.
དབལ	dbalgyigsas	dbal	canonical_independent_strong	1	DEL gyigsas	diagnostic_only	one_signature_missing	ordinary_tibetan_lexical_or_compound:1	damage:0;marker:0	independent_multi_context_canonical	དབལ་གྱི་གསས་ dbalgyigsas Idbal gsas.
དབུ	dbubacan	dbu	canonical_independent_strong	1	DEL bacan	diagnostic_only	one_signature_missing	ordinary_tibetan_lexical_or_compound:1	damage:0;marker:0	independent_multi_context_canonical	དབུ་བ་ཅན་ dbubacan Ububa can.
དབུ	dbugur	dbu	canonical_independent_strong	1	DEL gur	diagnostic_only	one_signature_missing	ordinary_tibetan_lexical_or_compound:1	damage:0;marker:0	independent_multi_context_canonical	དབུ་གུར་ dbugur resp. Zelt.
དབུ	dbulcog	dbu	canonical_independent_strong	1	DEL lcog	diagnostic_only	one_signature_missing	ordinary_tibetan_lexical_or_compound:1	damage:0;marker:0	independent_multi_context_canonical	དབུ་ལྕོག་ dbulcog Haarknoten, Haarschmuck,
དབུ	ddbu	dbu	canonical_independent_strong	1	DEL d	diagnostic_only	one_signature_missing	ordinary_tibetan_lexical_or_compound:1	damage:0;marker:0	independent_multi_context_canonical	དབུ་འབོག་ ddbu 'bog eine Kopfbedeckung ~
དབུ	dlyu	dbu	canonical_independent_strong	1	REPLACE ly→b	diagnostic_only	one_signature_missing	ordinary_tibetan_lexical_or_compound:1	damage:0;marker:0	independent_multi_context_canonical	དབུ་སྐོར་ dlyu skor pf. und fur. !dbu bskor irre-
དབུག	byind	dbug	canonical_independent_strong	1	INS d;REPLACE yind→ug	diagnostic_only;diagnostic_only	multiple_signatures_missing	ordinary_tibetan_lexical_or_compound:1	damage:0;marker:0	independent_multi_context_canonical	དབུག རྒ 'byind, fur. tdbugs dbyun.
དབུག	dbugsna	dbug	canonical_independent_strong	1	DEL sna	diagnostic_only	one_signature_missing	ordinary_tibetan_lexical_or_compound:1	damage:0;marker:0	independent_multi_context_canonical	དབུག་སྣ་ dbugsna Nüstern.
དབུགས	dbags	dbugs	canonical_independent_strong	1	SUB a→u	diagnostic_only	one_signature_missing	ordinary_tibetan_lexical_or_compound:1	damage:0;marker:0	independent_multi_context_canonical	"དབུགས་བྲལ་ dbags bral ""vom Atem getrennt"","
དབུགས	dbugsnan	dbugs	canonical_independent_strong	1	DEL nan	diagnostic_only	one_signature_missing	ordinary_tibetan_lexical_or_compound:1	damage:0;marker:0	independent_multi_context_canonical	དབུགས་ངན་ dbugsnan abgehender Darmwind,
དབུགས	f	dbugs	canonical_independent_strong	1	REPLACE f→dbugs	diagnostic_only	one_signature_missing	ordinary_tibetan_lexical_or_compound:1	damage:0;marker:0	independent_multi_context_canonical	དབུགས་འབྱན་བདག für den Gott des Windes.
དབྱིག	dbyigbu	dbyig	canonical_independent_strong	1	DEL bu	diagnostic_only	one_signature_missing	ordinary_tibetan_lexical_or_compound:1	damage:0;marker:0	independent_multi_context_canonical	དབྱིག་བུ་ dbyigbu Schleifstein; Reibebrett.
དབྱིག	dbyigpa	dbyig	canonical_independent_strong	1	DEL pa	diagnostic_only	one_signature_missing	ordinary_tibetan_lexical_or_compound:1	damage:0;marker:0	independent_multi_context_canonical	དབྱིག་པ་ dbyigpa Ldbyug pa.
དབྱིག	h	dbyig	canonical_independent_strong	1	REPLACE h→dbyig	diagnostic_only	one_signature_missing	ordinary_tibetan_lexical_or_compound:1	damage:0;marker:0	independent_multi_context_canonical	དབྱིག་ höchster.
དབྱིག	pa	dbyig	canonical_independent_strong	1	REPLACE pa→dbyig	diagnostic_only	one_signature_missing	ordinary_tibetan_lexical_or_compound:1	damage:0;marker:0	independent_multi_context_canonical	དབྱིག་ pa.
དབྱུག	dbyugrtse	dbyug	canonical_independent_strong	1	DEL rtse	diagnostic_only	one_signature_missing	ordinary_tibetan_lexical_or_compound:1	damage:0;marker:0	independent_multi_context_canonical	དབྱུག་རྩེ་སྐྱེས་ dbyugrtse skyes Beiname Visnus.
དབྱུང	fur	dbyuṅ	canonical_independent_strong	1	REPLACE f→dby;SUB r→ṅ	diagnostic_only;candidate_review	multiple_signatures_missing	ordinary_tibetan_lexical_or_compound:1	damage:0;marker:0	independent_multi_context_canonical	ཕྱིར་དབྱུང་ pphyir fur. zu lphyir 'byin her-
དམིགས	Isa	dmigs	canonical_independent_strong	0	REPLACE I→dmig;DEL a	diagnostic_only;diagnostic_only	alignment_or_damage	ordinary_tibetan_lexical_or_compound:1	damage:0;marker:1	independent_multi_context_canonical	དམིགས་ Isa dinigs.
དམིགས	ddmigs	dmigs	canonical_independent_strong	1	DEL d	diagnostic_only	one_signature_missing	ordinary_tibetan_lexical_or_compound:1	damage:0;marker:0	independent_multi_context_canonical	དམིགས་མེད་ ddmigs med auch dmigs med un-
དམིགས	dinigs	dmigs	canonical_independent_strong	1	REPLACE in→m	diagnostic_only	one_signature_missing	ordinary_tibetan_lexical_or_compound:1	damage:0;marker:0	independent_multi_context_canonical	དམིགས་བུ་ dinigs bu
དམིགས	gtad	dmigs	canonical_independent_strong	1	INS dmi;REPLACE tad→s	diagnostic_only;diagnostic_only	multiple_signatures_missing	ordinary_tibetan_lexical_or_compound:1	damage:0;marker:0	independent_multi_context_canonical	དམིགས་གཏད་ gtad Ration.
དམིགས	routinem	dmigs	canonical_independent_strong	0	REPLACE rout→dm;REPLACE nem→gs	diagnostic_only;diagnostic_only	alignment_or_damage	ordinary_tibetan_lexical_or_compound:1	damage:1;marker:0	independent_multi_context_canonical	འཆར་དམིགས་ ¿947 dmigs routinemäßig und
དམེ	dmegri	dme	canonical_independent_strong	1	DEL gri	diagnostic_only	one_signature_missing	ordinary_tibetan_lexical_or_compound:1	damage:0;marker:0	independent_multi_context_canonical	དམེ་གྲི་ dmegri plötzlicher Tod durch innerfa-
དམེ	dmepho	dme	canonical_independent_strong	1	DEL pho	diagnostic_only	one_signature_missing	ordinary_tibetan_lexical_or_compound:1	damage:0;marker:0	independent_multi_context_canonical	"དམེ་ཐོ་ dmepho ""unreiner Mann"", Bez. für je-"
དམེ	dne	dme	canonical_independent_strong	1	SUB n→m	diagnostic_only	one_signature_missing	ordinary_tibetan_lexical_or_compound:1	damage:0;marker:0	independent_multi_context_canonical	དམེ་བཙོག་ dne btsog unrein.
དལ	ba	dal	canonical_independent_strong	0	SUB b→d;INS l	diagnostic_only;diagnostic_only	domain_risk	unclear:1	damage:1;marker:0	independent_multi_context_canonical	ཉེ་བར་དལ་བ་ 776 bar dul ba Gemütsruhe.
དལ	dral	dal	canonical_independent_strong	0	DEL r	candidate_review	alignment_or_damage	ordinary_tibetan_lexical_or_compound:1	damage:1;marker:0	independent_multi_context_canonical	།ཁ་དལ་ ?kha dral auch kha ral Maulkorb.
དལ	gsum	dal	canonical_independent_strong	1	REPLACE gsum→dal	diagnostic_only	one_signature_missing	ordinary_tibetan_lexical_or_compound:1	damage:0;marker:0	independent_multi_context_canonical	གསུམ་དལ་བར་ drag gsum dal bar 7479 dal
དལ	kyi	dal	canonical_independent_strong	1	SUB k→d;SUB y→a;SUB i→l	diagnostic_only;diagnostic_only;diagnostic_only	multiple_signatures_missing	ordinary_tibetan_lexical_or_compound:1	damage:0;marker:0	independent_multi_context_canonical	བདད་ཀྲི་དལ་པོ་མ་ 'zy bdud kyi royal po ma
དལ	pa	dal	canonical_independent_strong	1	SUB p→d;INS l	diagnostic_only;diagnostic_only	multiple_signatures_missing	ordinary_tibetan_lexical_or_compound:1	damage:0;marker:0	independent_multi_context_canonical	་པ་དལ་ལེ་ཕགས་ spyod pa hral le phags Wan-
དལ	rgyal	dal	canonical_independent_strong	1	REPLACE rgy→d	diagnostic_only	one_signature_missing	ordinary_tibetan_lexical_or_compound:1	damage:0;marker:0	independent_multi_context_canonical	"ཁགྲེགས་ཀྲི་དལ་ཁལོ""་ bgegs kyi rgyal po Beiname"
དུ	Abend	du	canonical_independent_strong	1	DEL Aben;INS u	diagnostic_only;diagnostic_only	multiple_signatures_missing	ordinary_tibetan_lexical_or_compound:1	damage:0;marker:0	independent_multi_context_canonical	དུ Abend.
དུ	PProvinzen	du	canonical_independent_strong	1	REPLACE PProvinzen→du	diagnostic_only	one_signature_missing	ordinary_tibetan_lexical_or_compound:1	damage:0;marker:0	independent_multi_context_canonical	དུ གཙ PProvinzen dBus und Zen-
དུ	ba	du	canonical_independent_strong	0	SUB b→d;SUB a→u	diagnostic_only;diagnostic_only	domain_risk	unclear:1	damage:0;marker:0	independent_multi_context_canonical	gun ཉེད་དུ་ myur ba nid du schnell.
དུ	bsags	du	canonical_independent_strong	0	REPLACE bsags→du	diagnostic_only	domain_risk	unclear:1	damage:0;marker:0	independent_multi_context_canonical	Be དུ པ bsags Sündenbe-
དུ	bzin	du	canonical_independent_strong	1	REPLACE bzin→du	diagnostic_only	one_signature_missing	ordinary_tibetan_lexical_or_compound:1	damage:0;marker:0	independent_multi_context_canonical	བཞིན་དུ་ de bzin du [46 bzin.
དུ	da	du	canonical_independent_strong	1	SUB a→u	diagnostic_only	one_signature_missing	ordinary_tibetan_lexical_or_compound:1	damage:0;marker:0	independent_multi_context_canonical	དུན་དུ་ར་ dun da ra unwürdig.
དུ	dbu	du	canonical_independent_strong	1	DEL b	candidate_review	one_signature_missing	ordinary_tibetan_lexical_or_compound:1	damage:0;marker:0	independent_multi_context_canonical	དུ་བའི་འཕྲེང་བ་ dbu bæi 'phren ba lbu ba'i
དུ	don	du	canonical_independent_strong	1	REPLACE on→u	diagnostic_only	one_signature_missing	ordinary_tibetan_lexical_or_compound:1	damage:0;marker:0	independent_multi_context_canonical	དོན་གྱི་སླད་དུ་ don gyi slad (¢ !don slad du.
དུ	dugyur	du	canonical_independent_strong	1	DEL gyur	diagnostic_only	one_signature_missing	ordinary_tibetan_lexical_or_compound:1	damage:0;marker:0	independent_multi_context_canonical	དབང་དུ་གྱུར་ dbaṅ dugyur pf. zu dban du nur
དུ	dus	du	canonical_independent_strong	1	DEL s	diagnostic_only	one_signature_missing	ordinary_tibetan_lexical_or_compound:1	damage:0;marker:0	independent_multi_context_canonical	"བར་དུ་ ""bar dus"
དུ	gdu	du	canonical_independent_strong	1	DEL g	diagnostic_only	one_signature_missing	ordinary_tibetan_lexical_or_compound:1	damage:0;marker:0	independent_multi_context_canonical	དུ་ gdu pf. Igdus einkochen.
དུ	gyur	du	canonical_independent_strong	1	REPLACE gy→d;DEL r	diagnostic_only;candidate_review	multiple_signatures_missing	ordinary_tibetan_lexical_or_compound:1	damage:0;marker:0	independent_multi_context_canonical	བུ་ལོན་དུ་འགྱུར་བ་ bbu du 'gyur ba Subtrahie-
དུ	kyan	du	canonical_independent_strong	0	REPLACE kyan→du	diagnostic_only	domain_risk	unclear:1	damage:0;marker:0	independent_multi_context_canonical	"wenn die བར་དུ mchis kyan (metr.) ""auch"
དུ	ni	du	canonical_independent_strong	0	SUB n→d;SUB i→u	diagnostic_only;diagnostic_only	domain_risk	unclear:1	damage:1;marker:0	independent_multi_context_canonical	དུ | ; 291,25); ~ ni / khron chen / '0 ’dzag btsun
དུ	ohneFeuer	du	canonical_independent_strong	1	REPLACE ohneFe→d;DEL er	diagnostic_only;diagnostic_only	multiple_signatures_missing	ordinary_tibetan_lexical_or_compound:1	damage:0;marker:0	independent_multi_context_canonical	"མེ་མེད་དུ་བ memedduba ""Rauch ohneFeuer"", ""es ist bekannt, daß der Tempel bCom-Ih"
དུ	pf	du	canonical_independent_strong	1	SUB p→d;SUB f→u	diagnostic_only;diagnostic_only	multiple_signatures_missing	ordinary_tibetan_lexical_or_compound:1	damage:0;marker:0	independent_multi_context_canonical	དབང་དུ་བསྒྱུར་ dbandubsgyur pf. beherrschen.
དུ	sogleich	du	canonical_independent_strong	1	REPLACE sogleich→du	diagnostic_only	one_signature_missing	ordinary_tibetan_lexical_or_compound:1	damage:0;marker:0	independent_multi_context_canonical	འཕྲལ་ནས་འཕྲལ་དུ་ 'phralnas 'phral du sogleich.
དུ	sten	du	canonical_independent_strong	0	REPLACE sten→du	diagnostic_only	alignment_or_damage	ordinary_tibetan_lexical_or_compound:1	damage:1;marker:0	independent_multi_context_canonical	དེའི་སྟེང་དུ་ de’i 5/©7 du 17༦ sten.
དུ	thogs	du	canonical_independent_strong	1	REPLACE thogs→du	diagnostic_only	one_signature_missing	ordinary_tibetan_lexical_or_compound:1	damage:0;marker:0	independent_multi_context_canonical	ནིང་དུ་ཐོགས་པ་ miṅ (/ thogs pa Tmin thogs.
དུ	u	du	canonical_independent_strong	0	INS d	diagnostic_only	domain_risk	unclear:1	damage:0;marker:0	independent_multi_context_canonical	hast dich aus Mitgefühl lange Zeit verp དུ u
དུག	dns	dug	canonical_independent_strong	1	SUB n→u;SUB s→g	diagnostic_only;diagnostic_only	multiple_signatures_missing	ordinary_tibetan_lexical_or_compound:1	damage:0;marker:0	independent_multi_context_canonical	དུག་འཚོ་བྱེད་ dns ’tsho byed Bez. für einen Vo-
དུག	drug	dug	canonical_independent_strong	1	DEL r	candidate_review	one_signature_missing	ordinary_tibetan_lexical_or_compound:1	damage:0;marker:0	independent_multi_context_canonical	བྱཅུ་དུག་བདེ་བ་ beu drug bde ba „das sechzehnte
དུག	dugpo	dug	canonical_independent_strong	1	DEL po	diagnostic_only	one_signature_missing	ordinary_tibetan_lexical_or_compound:1	damage:0;marker:0	independent_multi_context_canonical	དུག་པོ་ dugpo Lumpen.
དུག	phyun	dug	canonical_independent_strong	0	REPLACE phy→d;SUB n→g	diagnostic_only;diagnostic_only	domain_risk	unclear:1	damage:0;marker:0	independent_multi_context_canonical	དུག་ཕྱུང་ @//9 phyun Ritus, um Gifte zu entfer-
དུད	pa	dud	canonical_independent_strong	0	REPLACE pa→dud	diagnostic_only	domain_risk	unclear:2	damage:2;marker:0	independent_multi_context_canonical	དུད་ 47 ¦¡'7¢ pa. || དུད་པ་ 4:27 pa 1'dud.
དུར	d	dur	canonical_independent_strong	1	INS ur	diagnostic_only	one_signature_missing	ordinary_tibetan_lexical_or_compound:1	damage:0;marker:0	independent_multi_context_canonical	དུར་ཝ་ dür wa Tdur ba.
དུར	dursa	dur	canonical_independent_strong	1	DEL sa	diagnostic_only	one_signature_missing	ordinary_tibetan_lexical_or_compound:1	damage:0;marker:0	independent_multi_context_canonical	དུར་ས་ dursa Leichenstätte, Bestattungsort.
དུར	nur	dur	canonical_independent_strong	1	SUB n→d	diagnostic_only	one_signature_missing	ordinary_tibetan_lexical_or_compound:1	damage:0;marker:0	independent_multi_context_canonical	དུར་བྒྲ་ཅན་ nur sgra can
དུས	dns	dus	canonical_independent_strong	0	SUB n→u	diagnostic_only	domain_risk	unclear:1	damage:0;marker:0	independent_multi_context_canonical	དུས་ནམ་ཞིག་ dns nam 2ig einmal, — na als ein-
དུས	dusgzer	dus	canonical_independent_strong	1	DEL gzer	diagnostic_only	one_signature_missing	ordinary_tibetan_lexical_or_compound:1	damage:0;marker:0	independent_multi_context_canonical	དུས་གཟེར་ dusgzer „Nagel der Zeit“, eine Grö-
དུས	dusthug	dus	canonical_independent_strong	1	DEL thug	diagnostic_only	one_signature_missing	ordinary_tibetan_lexical_or_compound:1	damage:0;marker:0	independent_multi_context_canonical	དུས་ཐུག་ dusthug zeitlich zusammenfallen, zu-
དུས	ma	dus	canonical_independent_strong	0	REPLACE ma→dus	diagnostic_only	domain_risk	unclear:1	damage:1;marker:0	independent_multi_context_canonical	སྙིགས་མའི་དུས་ $77/05 ma’i dus [577/95 ma 2,
དུས	rje	dus	canonical_independent_strong	1	SUB r→d;SUB j→u;SUB e→s	diagnostic_only;diagnostic_only;diagnostic_only	domain_risk	tibetan_proper_name:1	damage:0;marker:0	independent_multi_context_canonical	རྡོ་རྗེ་དུས asaar rdo rje dus 'tsams npr. eine
དེ	M	de	canonical_independent_strong	1	REPLACE M→de	diagnostic_only	one_signature_missing	ordinary_tibetan_lexical_or_compound:1	damage:0;marker:0	independent_multi_context_canonical	P དེ MÜNCHEN
དེ	S	de	canonical_independent_strong	1	REPLACE S→de	diagnostic_only	one_signature_missing	ordinary_tibetan_lexical_or_compound:1	damage:0;marker:0	independent_multi_context_canonical	དེ་ཉིད S bsdus pa.
དེ	ab	de	canonical_independent_strong	1	SUB a→d;SUB b→e	diagnostic_only;diagnostic_only	multiple_signatures_missing	ordinary_tibetan_lexical_or_compound:1	damage:0;marker:0	independent_multi_context_canonical	དེ ཞིན ab ན ’dzin 6111 -8311136111,
དེ	debikoti	de	canonical_independent_strong	1	DEL bikoti	diagnostic_only	one_signature_missing	ordinary_tibetan_lexical_or_compound:1	damage:0;marker:0	independent_multi_context_canonical	དེ་བི་ཀོ་ཊི་ debikoti |© wi ko fa.
དེ	demo	de	canonical_independent_strong	1	DEL mo	diagnostic_only	one_signature_missing	ordinary_tibetan_lexical_or_compound:1	damage:0;marker:0	independent_multi_context_canonical	དེ་མོ་ 'demo Henne.
དེ	f	de	canonical_independent_strong	1	REPLACE f→de	diagnostic_only	one_signature_missing	ordinary_tibetan_lexical_or_compound:1	damage:0;marker:0	independent_multi_context_canonical	"""དེ ངེ . 3, fü Dü"
དེ	mo	de	canonical_independent_strong	1	SUB m→d;SUB o→e	diagnostic_only;diagnostic_only	multiple_signatures_missing	ordinary_tibetan_lexical_or_compound:1	damage:0;marker:0	independent_multi_context_canonical	དེ་མོ་ ” 7 mo Notwendigkeit.
དེ	ver	de	canonical_independent_strong	1	SUB v→d;DEL r	diagnostic_only;candidate_review	multiple_signatures_missing	ordinary_tibetan_lexical_or_compound:1	damage:0;marker:0	independent_multi_context_canonical	"""དེ ༠ "" ver |. 5 fi 7, Sr 172)"
དེབ	ao	deb	canonical_independent_strong	1	REPLACE ao→deb	diagnostic_only	one_signature_missing	ordinary_tibetan_lexical_or_compound:1	damage:0;marker:0	independent_multi_context_canonical	དེབ་གཏན་ ao gtan Grundbücher und Urkun-
དོ	Zwischenexistenz	do	canonical_independent_strong	1	REPLACE Zwischenexistenz→do	diagnostic_only	one_signature_missing	ordinary_tibetan_lexical_or_compound:1	damage:0;marker:0	independent_multi_context_canonical	བར་དོ་ bardo Zwischenexistenz zwischen Tod
དོ	don	do	canonical_independent_strong	1	DEL n	diagnostic_only	one_signature_missing	ordinary_tibetan_lexical_or_compound:1	damage:0;marker:0	independent_multi_context_canonical	འདོད་དོ dod don Objekt des Verlangens;
དོ	dro	do	canonical_independent_strong	1	DEL r	candidate_review	one_signature_missing	ordinary_tibetan_lexical_or_compound:1	damage:0;marker:0	independent_multi_context_canonical	དགོང་དོ་ dgon dro Abend.
དོག	enge	dog	canonical_independent_strong	1	SUB e→d;SUB n→o;DEL e	diagnostic_only;diagnostic_only;diagnostic_only	multiple_signatures_missing	ordinary_tibetan_lexical_or_compound:1	damage:0;marker:0	independent_multi_context_canonical	བག་དོག་པོ bagdogpo enge Stelle, Engpaß.
དོང	K	doṅ	canonical_independent_strong	1	REPLACE K→doṅ	diagnostic_only	one_signature_missing	ordinary_tibetan_lexical_or_compound:1	damage:0;marker:0	independent_multi_context_canonical	མདའ་དོང་ mda'don Köcher.
དོང	Wildschwein	doṅ	canonical_independent_strong	1	DEL Wil;REPLACE schwein→oṅ	diagnostic_only;diagnostic_only	multiple_signatures_missing	ordinary_tibetan_lexical_or_compound:1	damage:0;marker:0	independent_multi_context_canonical	ཕྲག་དོང་ phagrgod Wildschwein; wilder Eber,
དོན	Gr	don	canonical_independent_strong	0	REPLACE Gr→don	diagnostic_only	alignment_or_damage	ordinary_tibetan_lexical_or_compound:1	damage:1;marker:0	independent_multi_context_canonical	ཀུན་དག དོན་གྲུ 1486), N. des Gründers des
དོན	I	don	canonical_independent_strong	0	REPLACE I→don	diagnostic_only	alignment_or_damage	ordinary_tibetan_lexical_or_compound:1	damage:0;marker:1	independent_multi_context_canonical	དོན I Samädhi.
དོན	buch	don	canonical_independent_strong	1	REPLACE buch→don	diagnostic_only	one_signature_missing	ordinary_tibetan_lexical_or_compound:1	damage:0;marker:0	independent_multi_context_canonical	དོན་གྱི སྟན buch zur Lebensklugheit,
དོན	dga	don	canonical_independent_strong	1	SUB g→o;SUB a→n	diagnostic_only;diagnostic_only	multiple_signatures_missing	ordinary_tibetan_lexical_or_compound:1	damage:0;marker:0	independent_multi_context_canonical	་དགའ་དོན་གྲབ་ kun dga’ don grub (1419-
དོན	mdun	don	canonical_independent_strong	1	DEL m;SUB u→o	diagnostic_only;diagnostic_only	multiple_signatures_missing	ordinary_tibetan_lexical_or_compound:1	damage:0;marker:0	independent_multi_context_canonical	དོན་ mdun na don auch 'dun na 'don
དོན	phan	don	canonical_independent_strong	0	REPLACE pha→do	diagnostic_only	domain_risk	unclear:1	damage:1;marker:0	independent_multi_context_canonical	དོན་ཕན་ 4760:/ phan Bitumen.
དོན	s	don	canonical_independent_strong	0	REPLACE s→don	diagnostic_only	domain_risk	unclear:1	damage:1;marker:0	independent_multi_context_canonical	དོན་སྙིང་ 470: säin Eingeweide; vgl. 1’don.
དོན	tde	don	canonical_independent_strong	1	DEL t;REPLACE e→on	diagnostic_only;diagnostic_only	multiple_signatures_missing	ordinary_tibetan_lexical_or_compound:1	damage:0;marker:0	independent_multi_context_canonical	དེ་ཡི་དོན་ de ༡// don tde don.
དོར	ma	dor	canonical_independent_strong	1	REPLACE ma→dor	diagnostic_only	one_signature_missing	ordinary_tibetan_lexical_or_compound:1	damage:0;marker:0	independent_multi_context_canonical	ཏཀྲ་དོར།ཉྲ།། bcos ma künstlich; Falschheit; - min
དྲན	dron	dran	canonical_independent_strong	1	SUB o→a	candidate_review	one_signature_missing	ordinary_tibetan_lexical_or_compound:1	damage:0;marker:0	independent_multi_context_canonical	དྲན་མ་ dron ma.
དྲན	weiblichen	dran	canonical_independent_strong	1	REPLACE weibliche→dra	diagnostic_only	one_signature_missing	ordinary_tibetan_lexical_or_compound:1	damage:0;marker:0	independent_multi_context_canonical	དྲན ན weiblichen Genitalien.
དྲི	drin	dri	canonical_independent_strong	1	DEL n	diagnostic_only	one_signature_missing	ordinary_tibetan_lexical_or_compound:1	damage:0;marker:0	independent_multi_context_canonical	དྲི * drin Gunst, Dankbarkeit, Freundlich-
དྲི	kaumudi	dri	canonical_independent_strong	0	DEL kaumu;INS r	diagnostic_only;diagnostic_only	domain_risk	sanskrit_or_indic_transcription:1	damage:1;marker:0	independent_multi_context_canonical	ཀ་མུ་དྲི་ kumu 77 -- skt. kaumudi Mondstrahlen.
དྲི	za	dri	canonical_independent_strong	0	REPLACE za→dri	diagnostic_only	domain_risk	unclear:1	damage:1;marker:0	independent_multi_context_canonical	དྲི་ཟ་ 8 @?7 za skyes Beiname Sarasvatis.
དྲུག	drng	drug	canonical_independent_strong	1	SUB n→u	diagnostic_only	one_signature_missing	ordinary_tibetan_lexical_or_compound:1	damage:0;marker:0	independent_multi_context_canonical	ཕ་རལ་དུ་ཕྱིན་པ་དྲུག་ pha vol du phyin pa drng
དྲུག	dru	drug	canonical_independent_strong	0	INS g	diagnostic_only	alignment_or_damage	ordinary_tibetan_lexical_or_compound:1	damage:1;marker:0	independent_multi_context_canonical	དྲུག་ 277: 1’dru gu.
དྲུག	drugcha	drug	canonical_independent_strong	1	DEL cha	diagnostic_only	one_signature_missing	ordinary_tibetan_lexical_or_compound:1	damage:0;marker:0	independent_multi_context_canonical	དྲུག་ཆ་ drugcha sechster Teil, bcu — Sechzehn-
དྲུག	drugpo	drug	canonical_independent_strong	0	DEL po	diagnostic_only	domain_risk	unclear:1	damage:0;marker:0	independent_multi_context_canonical	sc! Traust du dich, diesem kahlgeschorenen བྲམ་ཟེའི་ལས དྲུག ་པོ་ bram ze'i las drugpo Tbram
དྲུག	ing	drug	canonical_independent_strong	1	REPLACE in→dru	diagnostic_only	one_signature_missing	ordinary_tibetan_lexical_or_compound:1	damage:0;marker:0	independent_multi_context_canonical	རྐང་དྲུག་ ran ing ep
དྲེག	Gicht	dreg	canonical_independent_strong	0	REPLACE Gicht→dreg	diagnostic_only	alignment_or_damage	ordinary_tibetan_lexical_or_compound:1	damage:1;marker:0	independent_multi_context_canonical	དྲེག་ 4462 Gicht, Rheuma, Rheumatismus;
དྲེག	dregnad	dreg	canonical_independent_strong	1	DEL nad	diagnostic_only	one_signature_missing	ordinary_tibetan_lexical_or_compound:1	damage:0;marker:0	independent_multi_context_canonical	དྲེག་ནད་ dregnad Gicht, Arthritis, Rheumatis-
དྲོ	che	dro	canonical_independent_strong	1	SUB c→d;SUB h→r;SUB e→o	diagnostic_only;diagnostic_only;diagnostic_only	multiple_signatures_missing	ordinary_tibetan_lexical_or_compound:1	damage:0;marker:0	independent_multi_context_canonical	བག་དྲོ་བྱིན་ཆེ ཟས byin che prächtig, glanz
དྲོད	ddrod	drod	canonical_independent_strong	1	DEL d	diagnostic_only	one_signature_missing	ordinary_tibetan_lexical_or_compound:1	damage:0;marker:0	independent_multi_context_canonical	"དྲོད་གཤེར་ལས་སྐྱེ་བ་ ddrod las skye ba ""aus"
དྷེ	dheba	dhe	canonical_independent_strong	1	DEL ba	diagnostic_only	one_signature_missing	ordinary_tibetan_lexical_or_compound:1	damage:0;marker:0	independent_multi_context_canonical	དྷེ་བ་ dheba cin Baum, Weide; vgl. Jä s. v. sol po.
ནགས	mas	nags	canonical_independent_strong	1	SUB m→n;INS g	diagnostic_only;diagnostic_only	multiple_signatures_missing	ordinary_tibetan_lexical_or_compound:1	damage:0;marker:0	independent_multi_context_canonical	ནགས་ mas.
ནགས	nnags	nags	canonical_independent_strong	1	DEL n	diagnostic_only	one_signature_missing	ordinary_tibetan_lexical_or_compound:1	damage:0;marker:0	independent_multi_context_canonical	"ནགས་ཉུལ་བ་ nnags ba ""im Wald umherge-"
ནགས	pa	nags	canonical_independent_strong	1	SUB p→n;INS gs	diagnostic_only;diagnostic_only	multiple_signatures_missing	ordinary_tibetan_lexical_or_compound:1	damage:0;marker:0	independent_multi_context_canonical	ནགས་པ་ pa ren, sauber.
ནད	Aufgedunsenheit	nad	canonical_independent_strong	1	REPLACE Aufge→na;DEL unsenheit	diagnostic_only;diagnostic_only	multiple_signatures_missing	ordinary_tibetan_lexical_or_compound:1	damage:0;marker:0	independent_multi_context_canonical	བམ་ནད་ bamnad Aufgedunsenheit, krankhaf-
ནད	Augenkrankheit	nad	canonical_independent_strong	1	DEL Auge;DEL kr;REPLACE nkheit→d	diagnostic_only;diagnostic_only;diagnostic_only	multiple_signatures_missing	ordinary_tibetan_lexical_or_compound:1	damage:0;marker:0	independent_multi_context_canonical	མིག་ནད་ mignad Augenkrankheit.
ནད	Gicht	nad	canonical_independent_strong	1	REPLACE Gicht→nad	diagnostic_only	one_signature_missing	ordinary_tibetan_lexical_or_compound:1	damage:0;marker:0	independent_multi_context_canonical	དྲེག་ནད་ dregnad Gicht, Arthritis, Rheumatis-
ནད	Leiden	nad	canonical_independent_strong	1	REPLACE Lei→na;DEL en	diagnostic_only;diagnostic_only	multiple_signatures_missing	ordinary_tibetan_lexical_or_compound:1	damage:0;marker:0	independent_multi_context_canonical	སྡུག་ནད་ sdugnad Leiden, Qual.
ནད	skt	nad	canonical_independent_strong	1	SUB s→n;SUB k→a;SUB t→d	diagnostic_only;diagnostic_only;diagnostic_only	domain_risk	sanskrit_or_indic_transcription:1	damage:0;marker:0	independent_multi_context_canonical	ནད skt. kokanada.
ནད	tpho	nad	canonical_independent_strong	1	REPLACE tpho→nad	diagnostic_only	one_signature_missing	ordinary_tibetan_lexical_or_compound:1	damage:0;marker:0	independent_multi_context_canonical	ཕོ་བའི་ནད་ ༼ཿ ba' nad tpho nad.
ནད	vad	nad	canonical_independent_strong	1	SUB v→n	diagnostic_only	one_signature_missing	ordinary_tibetan_lexical_or_compound:1	damage:0;marker:0	independent_multi_context_canonical	ནད་སྦྱོང་ vad sbyoṅ Krankheiten heilen,
ནད	volle	nad	canonical_independent_strong	1	REPLACE volle→nad	diagnostic_only	one_signature_missing	ordinary_tibetan_lexical_or_compound:1	damage:0;marker:0	independent_multi_context_canonical	> ནད 5 volle Gottheit (Neb 333).
ནམས	noms	nams	canonical_independent_strong	1	SUB o→a	candidate_review	one_signature_missing	ordinary_tibetan_lexical_or_compound:1	damage:0;marker:0	independent_multi_context_canonical	ནམས་ noms \snoms.
ནི	ne	ni	canonical_independent_strong	1	SUB e→i	diagnostic_only	one_signature_missing	ordinary_tibetan_lexical_or_compound:1	damage:0;marker:0	independent_multi_context_canonical	མ་ནེ་ནི་ ma ne ne auch — gnam sman dkar mo
ནི	nila	ni	canonical_independent_strong	1	DEL la	diagnostic_only	domain_risk	sanskrit_or_indic_transcription:1	damage:0;marker:0	independent_multi_context_canonical	ནི་ལ་ nila skt. nila, vgl. nal.
ནི	nni	ni	canonical_independent_strong	1	DEL n	diagnostic_only	one_signature_missing	ordinary_tibetan_lexical_or_compound:1	damage:0;marker:0	independent_multi_context_canonical	ནི་མཱ་ nni mwa pa.
ནི	wilde	ni	canonical_independent_strong	1	SUB w→n;DEL lde	diagnostic_only;diagnostic_only	domain_risk	sanskrit_or_indic_transcription:1	damage:0;marker:0	independent_multi_context_canonical	ད་བ་ནི་ da bani wilde Aubergine; skt. dhavani.
ནུ	m	nu	canonical_independent_strong	1	REPLACE m→nu	diagnostic_only	domain_risk	tibetan_proper_name:1	damage:0;marker:0	independent_multi_context_canonical	མ་ནུ་སྐྱིན་བྱེད་ ma m sbyin byed npr. die Gattin
ནུ	mi	nu	canonical_independent_strong	1	SUB m→n;SUB i→u	diagnostic_only;diagnostic_only	multiple_signatures_missing	ordinary_tibetan_lexical_or_compound:1	damage:0;marker:0	independent_multi_context_canonical	བྱི་ནུ་རཱཛ byi mi rādza cine Form Rāhus (Neb
ནུ	mu	nu	canonical_independent_strong	1	SUB m→n	diagnostic_only	one_signature_missing	ordinary_tibetan_lexical_or_compound:1	damage:0;marker:0	independent_multi_context_canonical	ཀུན་དགའ་གཞོན་ནུ kun dga’ gion mu N. eines
ནུ	nya	nu	canonical_independent_strong	1	REPLACE ya→u	diagnostic_only	one_signature_missing	ordinary_tibetan_lexical_or_compound:1	damage:0;marker:0	independent_multi_context_canonical	ནུ་གྲོ་དྷ་ nya gro dha
ནུ	phunu	nu	canonical_independent_strong	0	DEL phu	diagnostic_only	alignment_or_damage	ordinary_tibetan_lexical_or_compound:1	damage:0;marker:1	independent_multi_context_canonical	པུ་ནུ་ punu \phunu.
ནུབ	Zur	nub	canonical_independent_strong	1	SUB Z→n;SUB r→b	diagnostic_only;diagnostic_only	multiple_signatures_missing	ordinary_tibetan_lexical_or_compound:1	damage:0;marker:0	independent_multi_context_canonical	ཕྱིར་ནུབ་ phyirnub Zurückweichen; — byed zu-
ནུབ	do	nub	canonical_independent_strong	1	REPLACE do→nub	diagnostic_only	one_signature_missing	ordinary_tibetan_lexical_or_compound:1	damage:0;marker:0	independent_multi_context_canonical	་ནུབ་ do nub heute Abend, heute Nacht,
ནུབ	unb	nub	canonical_independent_strong	1	INS n;DEL n	diagnostic_only;diagnostic_only	multiple_signatures_missing	ordinary_tibetan_lexical_or_compound:1	damage:0;marker:0	independent_multi_context_canonical	"ནུབ་ ""unb"
ནེ	du	ne	canonical_independent_strong	1	SUB d→n;SUB u→e	diagnostic_only;diagnostic_only	multiple_signatures_missing	ordinary_tibetan_lexical_or_compound:1	damage:0;marker:0	independent_multi_context_canonical	དན་དྲ་ནེ་བར་ erzrāanemzar mdun du ñe bar gnas bei-
ནེ	mu	ne	canonical_independent_strong	1	SUB m→n;SUB u→e	diagnostic_only;diagnostic_only	domain_risk	tibetan_proper_name:1	damage:0;marker:0	independent_multi_context_canonical	་ནེ་བཙན་པོ་ mu ne btsan po npr. Sohn und
ནེ	nele	ne	canonical_independent_strong	1	DEL le	diagnostic_only	one_signature_missing	ordinary_tibetan_lexical_or_compound:1	damage:0;marker:0	independent_multi_context_canonical	"ནེ་ལེ་ ""nele lne'u le."
ནེ	netra	ne	canonical_independent_strong	1	DEL tra	diagnostic_only	one_signature_missing	ordinary_tibetan_lexical_or_compound:1	damage:0;marker:0	independent_multi_context_canonical	ནེ་ * netra ein Seeungeheuer, Drache, vgl. lṅa
ནེ	nne	ne	canonical_independent_strong	1	DEL n	diagnostic_only	one_signature_missing	ordinary_tibetan_lexical_or_compound:1	damage:0;marker:0	independent_multi_context_canonical	ནེ་ལ་ nne la Abhāngigkeit.
ནེ	nneram	ne	canonical_independent_strong	1	DEL n;DEL ram	diagnostic_only;diagnostic_only	multiple_signatures_missing	ordinary_tibetan_lexical_or_compound:1	damage:0;marker:0	independent_multi_context_canonical	ནེ་རམ་ nneram Wärme.
ནོ	auchpeno	no	canonical_independent_strong	1	DEL auchpe	diagnostic_only	one_signature_missing	ordinary_tibetan_lexical_or_compound:1	damage:0;marker:0	independent_multi_context_canonical	བེ་ནོ་ beno auchpeno, ben no ergreifen, halten.
ནོ	beno	no	canonical_independent_strong	1	DEL be	diagnostic_only	one_signature_missing	ordinary_tibetan_lexical_or_compound:1	damage:0;marker:0	independent_multi_context_canonical	བེན་ནོ་ benno !beno.
ནོག	nognogpo	nog	canonical_independent_strong	1	DEL nogpo	diagnostic_only	one_signature_missing	ordinary_tibetan_lexical_or_compound:1	damage:0;marker:0	independent_multi_context_canonical	ནོག་ནོག་པོ་ nognogpo rein, sauber.
ནོག	nogpa	nog	canonical_independent_strong	1	DEL pa	diagnostic_only	one_signature_missing	ordinary_tibetan_lexical_or_compound:1	damage:0;marker:0	independent_multi_context_canonical	ནོག་པ་ nogpa verletzt, beschädigt, verschlech-
ནོག	rein	nog	canonical_independent_strong	1	DEL rei;INS og	diagnostic_only;diagnostic_only	multiple_signatures_missing	ordinary_tibetan_lexical_or_compound:1	damage:0;marker:0	independent_multi_context_canonical	ནོག་ནོག་པོ་ nognogpo rein, sauber.
ནོར	Besitz	nor	canonical_independent_strong	1	REPLACE Besitz→nor	diagnostic_only	one_signature_missing	ordinary_tibetan_lexical_or_compound:1	damage:0;marker:0	independent_multi_context_canonical	གཏང་ བའ ནོར་ gton ༼/¢'/7 nor Besitz der Frei-
ནོར	Diebesgut	nor	canonical_independent_strong	0	REPLACE Diebesgut→nor	diagnostic_only	alignment_or_damage	ordinary_tibetan_lexical_or_compound:1	damage:1;marker:0	independent_multi_context_canonical	ལྐོག་ནོར་ /©09 nor Diebesgut.
ནོར	Reichtum	nor	canonical_independent_strong	0	REPLACE Reichtum→nor	diagnostic_only	domain_risk	unclear:1	damage:1;marker:0	independent_multi_context_canonical	ཐོས་པའི་ནོར་ 7705 pa’ nor „Reichtum der
ནོར	abe	nor	canonical_independent_strong	1	SUB a→n;SUB b→o;SUB e→r	diagnostic_only;diagnostic_only;diagnostic_only	multiple_signatures_missing	ordinary_tibetan_lexical_or_compound:1	damage:0;marker:0	independent_multi_context_canonical	་ནོར་ ' .ུ abe,
ནོར	bu	nor	canonical_independent_strong	0	REPLACE bu→nor	diagnostic_only	domain_risk	unclear:1	damage:0;marker:0	independent_multi_context_canonical	དལ་འབབ་ནོར་བུ་ dal '/4/) nor bu Beiname Ma-
ནོར	ldan	nor	canonical_independent_strong	0	DEL lda;INS or	diagnostic_only;diagnostic_only	alignment_or_damage	ordinary_tibetan_lexical_or_compound:1	damage:1;marker:0	independent_multi_context_canonical	རྐང་བཞིའི་ནོར་ལྡན་ rkaṅ /?2// nor ldan „dessen Be-
ནོར	nnor	nor	canonical_independent_strong	1	DEL n	diagnostic_only	one_signature_missing	ordinary_tibetan_lexical_or_compound:1	damage:0;marker:0	independent_multi_context_canonical	ནོར་ལྷས་བྱིན་ nnor lhas byin ein Neffe /\ 0-
ནོར	norsbyin	nor	canonical_independent_strong	1	DEL sbyin	diagnostic_only	one_signature_missing	ordinary_tibetan_lexical_or_compound:1	damage:0;marker:0	independent_multi_context_canonical	ནོར་སྦྱིན་ norsbyin Beiname des Reichtumsgot-
ནོར	sbyin	nor	canonical_independent_strong	1	DEL sbyi;INS or	diagnostic_only;diagnostic_only	multiple_signatures_missing	ordinary_tibetan_lexical_or_compound:1	damage:0;marker:0	independent_multi_context_canonical	རྡོརྗེ་གནོད་སྤྲིན་ནོར་བདག་ rdo rje gnod sbyin nor
པག	Tram	pag	canonical_independent_strong	0	REPLACE Tr→p;SUB m→g	diagnostic_only;diagnostic_only	alignment_or_damage	ordinary_tibetan_lexical_or_compound:1	damage:1;marker:1	independent_multi_context_canonical	པག་ ༩༩༩ Tram pag, }spags.
པག	dpag	pag	canonical_independent_strong	1	DEL d	diagnostic_only	one_signature_missing	ordinary_tibetan_lexical_or_compound:1	damage:0;marker:0	independent_multi_context_canonical	པག་བྲའ།་ dpag bral auch dpal bral eine hohe
པགས	pa	pags	canonical_independent_strong	1	INS gs	diagnostic_only	one_signature_missing	ordinary_tibetan_lexical_or_compound:1	damage:0;marker:0	independent_multi_context_canonical	མ།བའི་པགས་པ་ mkha’i pags pa Dunkelheit.
པགས	pogs	pags	canonical_independent_strong	1	SUB o→a	candidate_review	one_signature_missing	ordinary_tibetan_lexical_or_compound:1	damage:0;marker:0	independent_multi_context_canonical	སྐས་པགས་ skas pogs stufenweise.
པད	Az	pad	canonical_independent_strong	1	REPLACE Az→pad	diagnostic_only	one_signature_missing	ordinary_tibetan_lexical_or_compound:1	damage:0;marker:0	independent_multi_context_canonical	པད་མའི་ Az pad ma'i gien \padma’i gäen.
པད	Pad	pad	canonical_independent_strong	1	SUB P→p	diagnostic_only	one_signature_missing	ordinary_tibetan_lexical_or_compound:1	damage:0;marker:0	independent_multi_context_canonical	པད་མའི་སྐྲ་ Pad ma'i skra tpadma'i skra.
པད	padma	pad	canonical_independent_strong	1	DEL ma	diagnostic_only	one_signature_missing	ordinary_tibetan_lexical_or_compound:1	damage:0;marker:0	independent_multi_context_canonical	པད་ཆྲེན་པོཌ་ padma chen po
པད	padmaraga	pad	canonical_independent_strong	1	DEL maraga	diagnostic_only	one_signature_missing	ordinary_tibetan_lexical_or_compound:1	damage:0;marker:0	independent_multi_context_canonical	པད་མ་རཱཱ་ག་ padmaraga Ipadma rā ga.
པད	padrisa	pad	canonical_independent_strong	1	DEL risa	diagnostic_only	one_signature_missing	ordinary_tibetan_lexical_or_compound:1	damage:0;marker:0	independent_multi_context_canonical	པད་རྩ་ padrisa lpadma'i rtsa ba.
པད	ppad	pad	canonical_independent_strong	1	DEL p	diagnostic_only	one_signature_missing	ordinary_tibetan_lexical_or_compound:1	damage:0;marker:0	independent_multi_context_canonical	པད་མའི་དྲག་ ppad ma' dgra dgra.
པད	sie	pad	canonical_independent_strong	1	SUB s→p;SUB i→a;SUB e→d	diagnostic_only;diagnostic_only;diagnostic_only	multiple_signatures_missing	ordinary_tibetan_lexical_or_compound:1	damage:0;marker:0	independent_multi_context_canonical	"བུད པད རྡག ཞད bzad ""sie lacht, wenn"
པད	thurn	pad	canonical_independent_strong	0	REPLACE thurn→pad	diagnostic_only	domain_risk	unclear:1	damage:0;marker:0	independent_multi_context_canonical	"""པད 'thurn."
པན	Baumeister	pan	canonical_independent_strong	1	SUB B→p;REPLACE umeister→n	diagnostic_only;diagnostic_only	multiple_signatures_missing	ordinary_tibetan_lexical_or_compound:1	damage:0;marker:0	independent_multi_context_canonical	ཐག་མ།པན་ tbig mkhan Baumeister; Schauspiel-
པན	Krone	pan	canonical_independent_strong	1	REPLACE Kro→pa;DEL e	diagnostic_only;diagnostic_only	multiple_signatures_missing	ordinary_tibetan_lexical_or_compound:1	damage:0;marker:0	independent_multi_context_canonical	ཅོད་པན་ €0¢ pan Krone, Haarknoten.
པན	bon	pan	canonical_independent_strong	1	SUB b→p;SUB o→a	diagnostic_only;candidate_review	multiple_signatures_missing	ordinary_tibetan_lexical_or_compound:1	damage:0;marker:0	independent_multi_context_canonical	རྒྱའ་པན་ rgyu’i bon
པན	geh	pan	canonical_independent_strong	1	SUB g→p;SUB e→a;SUB h→n	diagnostic_only;diagnostic_only;diagnostic_only	multiple_signatures_missing	ordinary_tibetan_lexical_or_compound:1	damage:0;marker:0	independent_multi_context_canonical	གཉིནྷ་པན་ད་། Gottheit, gehört zu den
པན	phan	pan	canonical_independent_strong	1	DEL h	diagnostic_only	one_signature_missing	ordinary_tibetan_lexical_or_compound:1	damage:0;marker:0	independent_multi_context_canonical	པན་ཤུ་ phan su Süßkarroffel, chin. 6 Jar-
པས	bas	pas	canonical_independent_strong	1	SUB b→p	diagnostic_only	one_signature_missing	ordinary_tibetan_lexical_or_compound:1	damage:0;marker:0	independent_multi_context_canonical	མཐོང་པས་ཐོབ་པ་ mthoṅ bas thob pa zur Er-
པས	pa	pas	canonical_independent_strong	1	INS s	diagnostic_only	one_signature_missing	ordinary_tibetan_lexical_or_compound:1	damage:0;marker:0	independent_multi_context_canonical	དམན་པས་བརྒྱད་ dman pa sa brgyad die acht
པས	pasna	pas	canonical_independent_strong	1	DEL na	diagnostic_only	one_signature_missing	ordinary_tibetan_lexical_or_compound:1	damage:0;marker:0	independent_multi_context_canonical	པས་ནྲ་ pasna je nach Auslaut (vgl. tpa) auch
པས	po'i	pas	canonical_independent_strong	0	REPLACE o'i→as	diagnostic_only	domain_risk	unclear:1	damage:0;marker:0	independent_multi_context_canonical	| པས . po'i chab 'og tu gtogs pa'i mtha' mtshams kyi
པས	spyod	pas	canonical_independent_strong	1	INS pa;DEL pyod	diagnostic_only;diagnostic_only	multiple_signatures_missing	ordinary_tibetan_lexical_or_compound:1	damage:0;marker:0	independent_multi_context_canonical	པས་འཚོལ། spyod pas 'tshol Bez. für Reb-
པོད	phod	pod	canonical_independent_strong	1	DEL h	diagnostic_only	one_signature_missing	ordinary_tibetan_lexical_or_compound:1	damage:0;marker:0	independent_multi_context_canonical	རྟུལ་པོད་ vaul phod
པོར	Iched	por	canonical_independent_strong	0	REPLACE Iched→por	diagnostic_only	alignment_or_damage	ordinary_tibetan_lexical_or_compound:1	damage:1;marker:1	independent_multi_context_canonical	ཆེད་ཀྱི་སྙིང་པོར་ ched kyi $77/77 por Iched sin.
པོར	dran	por	canonical_independent_strong	1	REPLACE d→po;DEL an	diagnostic_only;diagnostic_only	multiple_signatures_missing	ordinary_tibetan_lexical_or_compound:1	damage:0;marker:0	independent_multi_context_canonical	"ང་པོར་ ""sy dran por Zugs pa aufrichtig"
པོར	miyog	por	canonical_independent_strong	1	REPLACE miy→p;SUB g→r	diagnostic_only;diagnostic_only	multiple_signatures_missing	ordinary_tibetan_lexical_or_compound:1	damage:0;marker:0	independent_multi_context_canonical	་མྱོག་པོར་རྨོས་ myog miyog por myos ver-
པོར	phor	por	canonical_independent_strong	1	DEL h	diagnostic_only	one_signature_missing	ordinary_tibetan_lexical_or_compound:1	damage:0;marker:0	independent_multi_context_canonical	པོར་ཕྱིས་ phor phyis Trockentuch.
པོར	pphor	por	canonical_independent_strong	1	DEL ph	diagnostic_only	one_signature_missing	ordinary_tibetan_lexical_or_compound:1	damage:0;marker:0	independent_multi_context_canonical	པོར་ཤབ་ pphor halbe Schale.
པོས	phos	pos	canonical_independent_strong	1	DEL h	diagnostic_only	one_signature_missing	ordinary_tibetan_lexical_or_compound:1	damage:0;marker:0	independent_multi_context_canonical	པོས་ phos imp. zu !'bo ausgießen, ausschüt-
ཕག	pbagrdzi	phag	canonical_independent_strong	1	SUB b→h;DEL rdzi	candidate_review;diagnostic_only	multiple_signatures_missing	ordinary_tibetan_lexical_or_compound:1	damage:0;marker:0	independent_multi_context_canonical	ཕག་རྫི་མ་ pbagrdzi ma Schweinehirtin.
ཕག	phagrdzon	phag	canonical_independent_strong	1	DEL rdzon	diagnostic_only	one_signature_missing	ordinary_tibetan_lexical_or_compound:1	damage:0;marker:0	independent_multi_context_canonical	ཕག་རྫོང་ phagrdzon lphag ri rdzon.
ཕག	phagtshil	phag	canonical_independent_strong	1	DEL tshil	diagnostic_only	one_signature_missing	ordinary_tibetan_lexical_or_compound:1	damage:0;marker:0	independent_multi_context_canonical	ཕག་ཚིལ་ phagtshil Schweinefett.
ཕན	Bitumen	phan	canonical_independent_strong	0	REPLACE Bitume→pha	diagnostic_only	domain_risk	unclear:1	damage:1;marker:0	independent_multi_context_canonical	དོན་ཕན་ 4760:/ phan Bitumen.
ཕན	an	phan	canonical_independent_strong	1	INS ph	diagnostic_only	domain_risk	tibetan_proper_name:1	damage:0;marker:0	independent_multi_context_canonical	ཕན་ལྡན་གཤེགས་ an ldan gsegs npr. ein Bud-
ཕན	da	phan	canonical_independent_strong	1	REPLACE d→ph;INS n	diagnostic_only;diagnostic_only	multiple_signatures_missing	ordinary_tibetan_lexical_or_compound:1	damage:0;marker:0	independent_multi_context_canonical	་ཕན་ ’da phan das islamische Begräbnis,
ཕན	in	phan	canonical_independent_strong	1	REPLACE i→pha	diagnostic_only	one_signature_missing	ordinary_tibetan_lexical_or_compound:1	damage:0;marker:0	independent_multi_context_canonical	ཕན་ འ in cp. verkürzt für lphan chad.
ཕན	pban	phan	canonical_independent_strong	1	SUB b→h	candidate_review	one_signature_missing	ordinary_tibetan_lexical_or_compound:1	damage:0;marker:0	independent_multi_context_canonical	ཕན་མེད་ pban med nicht hilfreich, nutzlos.
ཕབ	pa	phab	canonical_independent_strong	1	INS h;INS b	diagnostic_only;diagnostic_only	multiple_signatures_missing	ordinary_tibetan_lexical_or_compound:1	damage:0;marker:0	independent_multi_context_canonical	རྨ་ཕབ་པ་ rmaphab pa Tdna' phab.
ཕབ	phug	phab	canonical_independent_strong	1	SUB u→a;SUB g→b	candidate_review;diagnostic_only	multiple_signatures_missing	ordinary_tibetan_lexical_or_compound:1	damage:0;marker:0	independent_multi_context_canonical	བལ་ཡལ་གསེར་ཕབ།་ bal yul gser phug eine lo-
ཕབ	tr	phab	canonical_independent_strong	1	REPLACE tr→phab	diagnostic_only	one_signature_missing	ordinary_tibetan_lexical_or_compound:1	damage:0;marker:0	independent_multi_context_canonical	བག་ཕབ་ bagphab trösten, beruhigen.
ཕུག	pbug	phug	canonical_independent_strong	1	SUB b→h	candidate_review	domain_risk	tibetan_proper_name:1	damage:0;marker:0	independent_multi_context_canonical	ཕུག་སྤས་ pbug sbas npr. cin Bodhisattva.
ཕུག	phugpa	phug	canonical_independent_strong	1	DEL pa	diagnostic_only	one_signature_missing	ordinary_tibetan_lexical_or_compound:1	damage:0;marker:0	independent_multi_context_canonical	ཕུག་པ་ phugpa Vphug.
ཕུག	plug	phug	canonical_independent_strong	1	SUB l→h	diagnostic_only	one_signature_missing	ordinary_tibetan_lexical_or_compound:1	damage:0;marker:0	independent_multi_context_canonical	བྲག་ཕུག་ brag plug Kurzf. für brag gi plug pa,
ཕུགས	phibs	phugs	canonical_independent_strong	0	SUB i→u;SUB b→g	diagnostic_only;diagnostic_only	domain_risk	unclear:1	damage:1;marker:0	independent_multi_context_canonical	རྒྱ་ཕུགས་ 9༧ phugs †?:97/4 phibs.
ཕུད	Beina	phud	canonical_independent_strong	1	REPLACE Beina→phud	diagnostic_only	one_signature_missing	ordinary_tibetan_lexical_or_compound:1	damage:0;marker:0	independent_multi_context_canonical	འཆི་བདག་གཙུག་ཕུད་ *#¿ bdag gtsug phud Beina-
ཕུད	phnd	phud	canonical_independent_strong	1	SUB n→u	diagnostic_only	one_signature_missing	ordinary_tibetan_lexical_or_compound:1	damage:0;marker:0	independent_multi_context_canonical	ཕུད་ 'phnd.
ཕུབ	phab	phub	canonical_independent_strong	1	SUB a→u	diagnostic_only	one_signature_missing	ordinary_tibetan_lexical_or_compound:1	damage:0;marker:0	independent_multi_context_canonical	ཕུབ་ 'phab auch phabs, phebs, alttib. auch pab
ཕུབ	pub	phub	canonical_independent_strong	1	INS h	diagnostic_only	one_signature_missing	ordinary_tibetan_lexical_or_compound:1	damage:0;marker:0	independent_multi_context_canonical	ཕུབ་ pub lphub.
ཕུལ	Unterbreitung	phul	canonical_independent_strong	0	REPLACE Unterbreit→ph;REPLACE ng→l	diagnostic_only;diagnostic_only	domain_risk	unclear:1	damage:1;marker:0	independent_multi_context_canonical	འཆར་ཕུལ་ 947 phul Unterbreitung eines
ཕུལ	pbul	phul	canonical_independent_strong	1	SUB b→h	candidate_review	one_signature_missing	ordinary_tibetan_lexical_or_compound:1	damage:0;marker:0	independent_multi_context_canonical	ཕུལ་ཕྱིན་ pbul phyin auch phul du phyin pa
ཕུལ	phull	phul	canonical_independent_strong	1	DEL l	diagnostic_only	one_signature_missing	ordinary_tibetan_lexical_or_compound:1	damage:0;marker:0	independent_multi_context_canonical	"ཕུལ་ལུ་ phull 1 Reinheit, vgl. །""/)/)///"
ཕུལ	pul	phul	canonical_independent_strong	1	INS h	diagnostic_only	one_signature_missing	ordinary_tibetan_lexical_or_compound:1	damage:0;marker:0	independent_multi_context_canonical	ཕུལ་ pul
ཕོག	pbog	phog	canonical_independent_strong	1	SUB b→h	candidate_review	one_signature_missing	ordinary_tibetan_lexical_or_compound:1	damage:0;marker:0	independent_multi_context_canonical	ཕོག་གསུམ་ pbog gsun
ཕྱགས	phya	phyags	canonical_independent_strong	1	INS gs	diagnostic_only	one_signature_missing	ordinary_tibetan_lexical_or_compound:1	damage:0;marker:0	independent_multi_context_canonical	ཕྱགས་ཤི ང་ phya gs siṅ
ཕྱགས	phyogs	phyags	canonical_independent_strong	1	SUB o→a	candidate_review	one_signature_missing	ordinary_tibetan_lexical_or_compound:1	damage:0;marker:0	independent_multi_context_canonical	མངན དུ་ཕྱགས mnon du phyogs.
ཕྱགས	phyugs	phyags	canonical_independent_strong	1	SUB u→a	candidate_review	one_signature_missing	ordinary_tibetan_lexical_or_compound:1	damage:0;marker:0	independent_multi_context_canonical	སྒོ་ཕྱགས་ sgo phyugs Haustier.
ཕྱགས	rta	phyags	canonical_independent_strong	1	REPLACE rt→phy;INS gs	diagnostic_only;diagnostic_only	multiple_signatures_missing	ordinary_tibetan_lexical_or_compound:1	damage:0;marker:0	independent_multi_context_canonical	སྟན་གྱ་ཕྱགས་བཞལ་རཏ kyi Zal rta pa cin
ཕྱད	byed	phyad	canonical_independent_strong	1	REPLACE b→ph;SUB e→a	diagnostic_only;diagnostic_only	multiple_signatures_missing	ordinary_tibetan_lexical_or_compound:1	damage:0;marker:0	independent_multi_context_canonical	སྟོན་པར་ ཕྱད་པ་ ston par byed pa Bez. für Lehrer
ཕྱམ	chad	phyam	canonical_independent_strong	1	SUB c→p;INS y;SUB d→m	diagnostic_only;diagnostic_only;diagnostic_only	multiple_signatures_missing	ordinary_tibetan_lexical_or_compound:1	damage:0;marker:0	independent_multi_context_canonical	ཕྱམ་ཆད་ chad \phyani phyad.
ཕྱམ	pbyam	phyam	canonical_independent_strong	1	SUB b→h	candidate_review	one_signature_missing	ordinary_tibetan_lexical_or_compound:1	damage:0;marker:0	independent_multi_context_canonical	"ཕྱམ་གྱི་སྤྱི་རྟེན་ pbyam gyi spyi rten ""allgemei-"
ཕྱམ	phyami	phyam	canonical_independent_strong	1	DEL i	candidate_review	one_signature_missing	ordinary_tibetan_lexical_or_compound:1	damage:0;marker:0	independent_multi_context_canonical	ཕྱམ་མེ་བ་ phyami me ba eben, flach.
ཕྱར	ko	phyar	canonical_independent_strong	0	REPLACE ko→phyar	diagnostic_only	domain_risk	unclear:1	damage:0;marker:0	independent_multi_context_canonical	A: ཕྱར་ ko phyar Lederdecke.
ཕྱར	pbyar	phyar	canonical_independent_strong	1	SUB b→h	candidate_review	one_signature_missing	ordinary_tibetan_lexical_or_compound:1	damage:0;marker:0	independent_multi_context_canonical	ཕྱར་ཀ་ pbyar ka auch phyar kha L'phyar ka.
ཕྱལ	flach	phyal	canonical_independent_strong	1	REPLACE f→phya;DEL ach	diagnostic_only;diagnostic_only	multiple_signatures_missing	ordinary_tibetan_lexical_or_compound:1	damage:0;marker:0	independent_multi_context_canonical	ཕྱལ་ flach.
ཕྱལ	phyalleba	phyal	canonical_independent_strong	1	DEL leba	diagnostic_only	one_signature_missing	ordinary_tibetan_lexical_or_compound:1	damage:0;marker:0	independent_multi_context_canonical	ཕྱལ་ལེ་བ་ phyalleba Tphya le ba.
ཕྱིང	pbyiṅ	phyiṅ	canonical_independent_strong	1	SUB b→h	candidate_review	one_signature_missing	ordinary_tibetan_lexical_or_compound:1	damage:0;marker:0	independent_multi_context_canonical	ཕྱིང་དྲིལ་ pbyiṅ dril cine Rolle Filz.
ཕྱིང	phyingos	phyiṅ	canonical_independent_strong	1	REPLACE ngos→ṅ	diagnostic_only	one_signature_missing	ordinary_tibetan_lexical_or_compound:1	damage:0;marker:0	independent_multi_context_canonical	ཕྱིང་གོས་ phyingos Filzkleidung.
ཕྱིང	ppyiṅ	phyiṅ	canonical_independent_strong	1	SUB p→h	diagnostic_only	one_signature_missing	ordinary_tibetan_lexical_or_compound:1	damage:0;marker:0	independent_multi_context_canonical	ཕྱིང་བ་ ppyiṅ ba ba.
ཕྱིང	pyih	phyiṅ	canonical_independent_strong	1	INS h;SUB h→ṅ	diagnostic_only;authorized_role_conditioned	one_signature_missing	ordinary_tibetan_lexical_or_compound:1	damage:0;marker:0	independent_multi_context_canonical	ཕྱིང་ pyih lphyin.
ཕྱིས	Zukunft	phyis	canonical_independent_strong	1	REPLACE Zukunft→phyis	diagnostic_only	one_signature_missing	ordinary_tibetan_lexical_or_compound:1	damage:0;marker:0	independent_multi_context_canonical	ཕྱིས་འབྱུང་ ༼ Zukunft; — du später; —
ཕྱིས	pbyis	phyis	canonical_independent_strong	1	SUB b→h	candidate_review	one_signature_missing	ordinary_tibetan_lexical_or_compound:1	damage:0;marker:0	independent_multi_context_canonical	ཕྱིས་སྐྱེས་ pbyis skyes.
ཕྱིས	pphyis	phyis	canonical_independent_strong	1	DEL p	diagnostic_only	one_signature_missing	ordinary_tibetan_lexical_or_compound:1	damage:0;marker:0	independent_multi_context_canonical	ཕྱིས་ཚན་གསུམ་ pphyis gsum spätere Drei-
ཕྱུགས	pbyugs	phyugs	canonical_independent_strong	1	SUB b→h	candidate_review	domain_risk	tibetan_proper_name:1	damage:0;marker:0	independent_multi_context_canonical	ཕྱུགས་རྗེ་བཙན་པོ་ pbyugs rje btsan po npr. der Va-
ཕྱུགས	phyngs	phyugs	canonical_independent_strong	1	SUB n→u	diagnostic_only	one_signature_missing	ordinary_tibetan_lexical_or_compound:1	damage:0;marker:0	independent_multi_context_canonical	"ཕྱུགས་རྫི་ phyngs""dzi Viehhire; = mo Vichhir-"
ཕྱུར	Pr	phyur	canonical_independent_strong	1	REPLACE P→phyu	diagnostic_only	one_signature_missing	ordinary_tibetan_lexical_or_compound:1	damage:0;marker:0	independent_multi_context_canonical	"ཕྱུར་ Pr) PD) པེ rab mig — mams (metr.) ""jene, bei denen"
ཕྱེ	Dar	phye	canonical_independent_strong	1	REPLACE Dar→phye	diagnostic_only	one_signature_missing	ordinary_tibetan_lexical_or_compound:1	damage:0;marker:0	independent_multi_context_canonical	"ཕྱེ ""Dar phyed skyil die Sitzhaltung mit halb"
ཕྱེ	Weizenmehl	phye	canonical_independent_strong	1	REPLACE W→phy;DEL izenmehl	diagnostic_only;diagnostic_only	multiple_signatures_missing	ordinary_tibetan_lexical_or_compound:1	damage:0;marker:0	independent_multi_context_canonical	བག་ཕྱེ་ bagphye Weizenmehl.
ཕྱེ	pbye	phye	canonical_independent_strong	1	SUB b→h	candidate_review	one_signature_missing	ordinary_tibetan_lexical_or_compound:1	damage:0;marker:0	independent_multi_context_canonical	ཕྱེ་ཐུག་ pbye thug Gerstenmehlsu pPe-
ཕྱེ	phyi	phye	canonical_independent_strong	1	SUB i→e	diagnostic_only	one_signature_missing	ordinary_tibetan_lexical_or_compound:1	damage:0;marker:0	independent_multi_context_canonical	ཕྱེ་མའེ་མཐའ་ phyi ma'i mtha' äußerste Grenze;
ཕྱེད	mimi	phyed	canonical_independent_strong	1	REPLACE mimi→phyed	diagnostic_only	one_signature_missing	ordinary_tibetan_lexical_or_compound:1	damage:0;marker:0	independent_multi_context_canonical	ཕྱེད་མ་ mimi ma einer der Kanäle im
ཕྱེད	phryed	phyed	canonical_independent_strong	1	DEL r	candidate_review	one_signature_missing	ordinary_tibetan_lexical_or_compound:1	damage:0;marker:0	independent_multi_context_canonical	རྐེད་སྐབས་ཕྱེད་པ་ rked skabs phryed pa schmalhüf-
ཕྲད	prad	phrad	canonical_independent_strong	1	INS h	diagnostic_only	one_signature_missing	ordinary_tibetan_lexical_or_compound:1	damage:0;marker:0	independent_multi_context_canonical	ྲད་ཕྲད་ prad prad in — gyis byed sich aufrich-
ཕྲུག	Eseljunges	phrug	canonical_independent_strong	1	REPLACE Eselj→phr;DEL n;DEL es	diagnostic_only;diagnostic_only;diagnostic_only	multiple_signatures_missing	ordinary_tibetan_lexical_or_compound:1	damage:0;marker:0	independent_multi_context_canonical	བོང་ཕྲུག་ boriphrug Eseljunges.
ཕྲུག	phrag	phrug	canonical_independent_strong	1	SUB a→u	diagnostic_only	one_signature_missing	ordinary_tibetan_lexical_or_compound:1	damage:0;marker:0	independent_multi_context_canonical	ཕྲུག་ 'phrag Kollektiv- bzw. Multiplikativpar-
ཕྲུག	phruggu	phrug	canonical_independent_strong	1	DEL gu	diagnostic_only	one_signature_missing	ordinary_tibetan_lexical_or_compound:1	damage:0;marker:0	independent_multi_context_canonical	ཕྲུག་གུ་ phruggu Tphru gu.
ཕྲེང	ba	phreṅ	canonical_independent_strong	0	REPLACE ba→phreṅ	diagnostic_only	domain_risk	unclear:1	damage:0;marker:0	independent_multi_context_canonical	སྐྲ་ཡི་ཕྲེང་བ་ skra ༡// phren ba Rauch.
ཕྲེང	phre	phreṅ	canonical_independent_strong	1	INS ṅ	diagnostic_only	one_signature_missing	ordinary_tibetan_lexical_or_compound:1	damage:0;marker:0	independent_multi_context_canonical	མེ་ཏོག་ཕྲེང་ me tog phre
བཀལ	bkral	bkal	canonical_independent_strong	1	DEL r	candidate_review	one_signature_missing	ordinary_tibetan_lexical_or_compound:1	damage:0;marker:0	independent_multi_context_canonical	བཀལ་ bkral
བཀལ	pf	bkal	canonical_independent_strong	0	REPLACE pf→bkal	diagnostic_only	alignment_or_damage	ordinary_tibetan_lexical_or_compound:1	damage:1;marker:0	independent_multi_context_canonical	བཀལ་ 2/57/ pf. zu 172¢/ aufladen, beladen, aufle-
བཀུར	la	bkur	canonical_independent_strong	1	REPLACE la→bkur	diagnostic_only	one_signature_missing	ordinary_tibetan_lexical_or_compound:1	damage:0;marker:0	independent_multi_context_canonical	་ལ་བཀུར་ spyi la bkur ↑ spyi bkur.
བཀུལ	Drul	bkul	canonical_independent_strong	0	SUB D→b;SUB r→k	diagnostic_only;diagnostic_only	domain_risk	unclear:1	damage:1;marker:0	independent_multi_context_canonical	བཀུལ་གཏོང་ Drul 502 Anforderung [von
བཀུས	Dkus	bkus	canonical_independent_strong	1	SUB D→b	diagnostic_only	one_signature_missing	ordinary_tibetan_lexical_or_compound:1	damage:0;marker:0	independent_multi_context_canonical	"བཀུས་ ""Dkus ungenau für Ibskus pf. zu Iskud"
བཀོད	bgod	bkod	canonical_independent_strong	1	SUB g→k	diagnostic_only	one_signature_missing	ordinary_tibetan_lexical_or_compound:1	damage:0;marker:0	independent_multi_context_canonical	བཀོད་ bgod fur. bgo pf. bzw. imp. bgos ausge-
བཀོད	pf	bkod	canonical_independent_strong	0	REPLACE pf→bkod	diagnostic_only	domain_risk	unclear:1	damage:1;marker:0	independent_multi_context_canonical	ཉེ་བར་བཀོད་ 776 bar bkod pf. einführen.
བཀྲག	bkug	bkrag	canonical_independent_strong	1	REPLACE u→ra	diagnostic_only	one_signature_missing	ordinary_tibetan_lexical_or_compound:1	damage:0;marker:0	independent_multi_context_canonical	ལྟོ་བཀྲག་ Ito bkug PER Io ston
བག	bagchen	bag	canonical_independent_strong	1	DEL chen	diagnostic_only	one_signature_missing	ordinary_tibetan_lexical_or_compound:1	damage:0;marker:0	independent_multi_context_canonical	བག་ཆེན་ bagchen Isbag chen.
བག	bagchod	bag	canonical_independent_strong	1	DEL chod	diagnostic_only	one_signature_missing	ordinary_tibetan_lexical_or_compound:1	damage:0;marker:0	independent_multi_context_canonical	བག་ཆོད་ bagchod eintreten.
བག	bagdogpo	bag	canonical_independent_strong	1	DEL dogpo	diagnostic_only	one_signature_missing	ordinary_tibetan_lexical_or_compound:1	damage:0;marker:0	independent_multi_context_canonical	བག་དོག་པོ bagdogpo enge Stelle, Engpaß.
བག	bagla	bag	canonical_independent_strong	1	DEL la	diagnostic_only	one_signature_missing	ordinary_tibetan_lexical_or_compound:1	damage:0;marker:0	independent_multi_context_canonical	བག་ལ་ bagla lbham ga la.
བག	bagma	bag	canonical_independent_strong	1	DEL ma	diagnostic_only	one_signature_missing	ordinary_tibetan_lexical_or_compound:1	damage:0;marker:0	independent_multi_context_canonical	བག་མ་ bagma Braut; — gton, —rgton als Braut
བག	bagphab	bag	canonical_independent_strong	1	DEL phab	diagnostic_only	one_signature_missing	ordinary_tibetan_lexical_or_compound:1	damage:0;marker:0	independent_multi_context_canonical	བག་ཕབ་ bagphab trösten, beruhigen.
བག	bagphye	bag	canonical_independent_strong	1	DEL phye	diagnostic_only	one_signature_missing	ordinary_tibetan_lexical_or_compound:1	damage:0;marker:0	independent_multi_context_canonical	བག་ཕྱེ་ bagphye Weizenmehl.
བག	bagtshos	bag	canonical_independent_strong	1	DEL tshos	diagnostic_only	one_signature_missing	ordinary_tibetan_lexical_or_compound:1	damage:0;marker:0	independent_multi_context_canonical	བག་ཚོས་ bagtshos Tbag chos.
བག	bbag	bag	canonical_independent_strong	1	DEL b	candidate_review	one_signature_missing	ordinary_tibetan_lexical_or_compound:1	damage:0;marker:0	independent_multi_context_canonical	བག་གཞི་ bbag maj
བག	brag	bag	canonical_independent_strong	1	DEL r	candidate_review	domain_risk	tibetan_proper_name:1	damage:0;marker:0	independent_multi_context_canonical	བག་ཕུག་རོང་ཆེན་ brag phug roṅ chen npr. ein
བག	byag	bag	canonical_independent_strong	1	DEL y	diagnostic_only	one_signature_missing	ordinary_tibetan_lexical_or_compound:1	damage:0;marker:0	independent_multi_context_canonical	"བག་མཁན་ ""byag mkhan Kehrer, vgl. tphyag"
བག	byin	bag	canonical_independent_strong	1	REPLACE yin→ag	diagnostic_only	one_signature_missing	ordinary_tibetan_lexical_or_compound:1	damage:0;marker:0	independent_multi_context_canonical	བག་དྲོ་བྱིན་ཆེ ཟས byin che prächtig, glanz
བག	ga	bag	canonical_independent_strong	1	INS ba;DEL a	diagnostic_only;diagnostic_only	domain_risk	tibetan_proper_name:1	damage:0;marker:0	independent_multi_context_canonical	འབྲབ་ལ།་བག་པ་ Drug lha ga pa npr. ein Erulherr
བག	khag	bag	canonical_independent_strong	1	REPLACE kh→b	diagnostic_only	one_signature_missing	ordinary_tibetan_lexical_or_compound:1	damage:0;marker:0	independent_multi_context_canonical	།བག་བསུན་ khag bsun Mühsal.
བག	thag	bag	canonical_independent_strong	1	REPLACE th→b	diagnostic_only	one_signature_missing	ordinary_tibetan_lexical_or_compound:1	damage:0;marker:0	independent_multi_context_canonical	བག་ར།་ 'thag pa in bsam pa ~$ mit festem
བགྱིད	bayid	bgyid	canonical_independent_strong	1	SUB a→g	diagnostic_only	one_signature_missing	ordinary_tibetan_lexical_or_compound:1	damage:0;marker:0	independent_multi_context_canonical	བརྡར་བགྱིད་ brdar bayid
བགྱིད	nach	bgyid	canonical_independent_strong	0	REPLACE nach→bgyid	diagnostic_only	domain_risk	unclear:1	damage:1;marker:0	independent_multi_context_canonical	Täuschungen usw. an“ (MSg 53,29); de’i ~ རྗེས་སུ་བགྱིད་ 7705 su bgyid nach etw. handeln,
བཅའ	bea	bca	canonical_independent_strong	1	SUB e→c	diagnostic_only	alignment_or_damage	ordinary_tibetan_lexical_or_compound:2	damage:1;marker:0	independent_multi_context_canonical	བཅའ་།ཁྲིམས་ bea’ khrims || བཅའ་ཡིག་ bea’ ༡༩ Verfügung, Vorschrift,
བཅའ	boa	bca	canonical_independent_strong	1	SUB o→c	diagnostic_only	one_signature_missing	ordinary_tibetan_lexical_or_compound:1	damage:0;marker:0	independent_multi_context_canonical	བཅའ་འབྱེད་ boa’ ’byed
བཅར	bear	bcar	canonical_independent_strong	1	SUB e→c	diagnostic_only	one_signature_missing	ordinary_tibetan_lexical_or_compound:1	damage:0;marker:0	independent_multi_context_canonical	ཕྱིན་བཅར་ ppbyin bear folglich.
བཅོམ	com	bcom	canonical_independent_strong	1	INS b	diagnostic_only	one_signature_missing	ordinary_tibetan_lexical_or_compound:1	damage:0;marker:0	independent_multi_context_canonical	བཅོམ་ com
བཅོལ	Segen	bcol	canonical_independent_strong	0	REPLACE Segen→bcol	diagnostic_only	alignment_or_damage	ordinary_tibetan_lexical_or_compound:1	damage:1;marker:0	independent_multi_context_canonical	བརྫོ་བཅོལ་ £$770 bcol Segen.
བཏགས	brags	btags	canonical_independent_strong	1	SUB r→t	diagnostic_only	one_signature_missing	ordinary_tibetan_lexical_or_compound:1	damage:0;marker:0	independent_multi_context_canonical	བཏགས་ brags
བཏགས	btugs	btags	canonical_independent_strong	1	SUB u→a	candidate_review	one_signature_missing	ordinary_tibetan_lexical_or_compound:1	damage:0;marker:0	independent_multi_context_canonical	བཏགས་ btugs in khuns - auf einer Quelle
བཏགས	er	btags	canonical_independent_strong	1	REPLACE er→btags	diagnostic_only	one_signature_missing	ordinary_tibetan_lexical_or_compound:1	damage:0;marker:0	independent_multi_context_canonical	བཏགས་ er btags grol Freiwerdung durch
བཏང	btani	btaṅ	canonical_independent_strong	2	REPLACE ni→ṅ	candidate_review	one_signature_missing	ordinary_tibetan_lexical_or_compound:2	damage:0;marker:0	independent_multi_context_canonical	བཏང་ btani || བྱ་བཏང་ bya btani pf. zubya gtori.
བཏང	btun	btaṅ	canonical_independent_strong	2	SUB u→a;SUB n→ṅ	candidate_review;authorized_role_conditioned	one_signature_missing	ordinary_tibetan_lexical_or_compound:2	damage:0;marker:0	independent_multi_context_canonical	བཏང་ btun || བཏང་ btun fur. zu 1⁄7//0)//) trinken; ༡༨ ba Ge-
བཏང	spyi	btaṅ	canonical_independent_strong	1	SUB s→b;SUB p→t;SUB y→a;SUB i→ṅ	diagnostic_only;diagnostic_only;diagnostic_only;diagnostic_only	multiple_signatures_missing	ordinary_tibetan_lexical_or_compound:1	damage:0;marker:0	independent_multi_context_canonical	བཏང་ spyi btan ↓ spyir bian.
བཏང	vergegenw	btaṅ	canonical_independent_strong	0	REPLACE vergegenw→btaṅ	diagnostic_only	domain_risk	unclear:1	damage:1;marker:0	independent_multi_context_canonical	སྔོན་ད་བཏང་ $?7077 du btaṅ vergegenwärtigen.
བཏེག	bieg	bteg	canonical_independent_strong	1	SUB i→t	candidate_review	one_signature_missing	ordinary_tibetan_lexical_or_compound:1	damage:0;marker:0	independent_multi_context_canonical	བཏེག་ bieg
བདད	band	bdud	canonical_independent_strong	1	DEL an;INS ud	diagnostic_only;diagnostic_only	domain_risk	tibetan_proper_name:1	damage:0;marker:0	independent_multi_context_canonical	བདད་རྩེ་སྤན་མ་ band rtsi spyan ma npr. eine
བདད	bdnd	bdud	canonical_independent_strong	2	SUB n→u	diagnostic_only	domain_risk	ordinary_tibetan_lexical_or_compound:1;tibetan_proper_name:1	damage:0;marker:0	independent_multi_context_canonical	"སྟོང་བདད་ཚེ་བད་ ""stoṅ bdnd tsbe bdag eine || ང་པོ་ལས་ལིན་བདད་ phuṅ po lus len bdnd npr."
བདད	bidud	bdud	canonical_independent_strong	1	DEL i	candidate_review	domain_risk	tibetan_proper_name:1	damage:0;marker:0	independent_multi_context_canonical	བདད་པོ་ཤ་ཟླན་ bidud po śa zan npr. eine Gott-
བདད	bind	bdud	canonical_independent_strong	1	DEL in;INS ud	diagnostic_only;diagnostic_only	multiple_signatures_missing	ordinary_tibetan_lexical_or_compound:1	damage:0;marker:0	independent_multi_context_canonical	པོ་ཀ་བདད་ཐོད་ངདཀའར་ pbo Klu bind tod dkar
བདད	po	bdud	canonical_independent_strong	1	REPLACE po→bdud	diagnostic_only	one_signature_missing	ordinary_tibetan_lexical_or_compound:1	damage:0;marker:0	independent_multi_context_canonical	་པོ་བདད་ nag po bdud schwarzer bdud-
བདད	zy	bdud	canonical_independent_strong	1	REPLACE zy→bdud	diagnostic_only	one_signature_missing	ordinary_tibetan_lexical_or_compound:1	damage:0;marker:0	independent_multi_context_canonical	བདད་ཀྲི་དལ་པོ་མ་ 'zy bdud kyi royal po ma
བདན	nam	bdun	canonical_independent_strong	1	INS bdu;DEL am	diagnostic_only;diagnostic_only	multiple_signatures_missing	ordinary_tibetan_lexical_or_compound:1	damage:0;marker:0	independent_multi_context_canonical	མཉམ་བདན་ m nam bdun 177777/77?7 po bdun.
བདན	po	bdun	canonical_independent_strong	1	REPLACE po→bdun	diagnostic_only	one_signature_missing	ordinary_tibetan_lexical_or_compound:1	damage:0;marker:0	independent_multi_context_canonical	མཉམ་པོ་བདན་ müam po bdun auch ?7?/7:7/7/
བདན	sieben	bdun	canonical_independent_strong	0	DEL sie;REPLACE e→du	diagnostic_only;diagnostic_only	domain_risk	unclear:1	damage:1;marker:0	independent_multi_context_canonical	ཉེ་བའི་རིན་ཆེན་བདན་ 776 ba’i rin chen bdun sieben
བདུན	Getreide	bdun	canonical_independent_strong	0	REPLACE Getrei→b;REPLACE e→un	diagnostic_only;diagnostic_only	domain_risk	unclear:1	damage:1;marker:0	independent_multi_context_canonical	erlaubt, daß deren Wortbedeutung als Bei- འབྲུ་སྣ་བདུན་ '/)?-7/ snabdun (10 sieben Getreide-
བདུན	bbdun	bdun	canonical_independent_strong	1	DEL b	candidate_review	one_signature_missing	ordinary_tibetan_lexical_or_compound:1	damage:0;marker:0	independent_multi_context_canonical	བདུན་བཅུ་ bbdun ben cu.
བདུན	bedum	bdun	canonical_independent_strong	1	DEL e;SUB m→n	diagnostic_only;diagnostic_only	multiple_signatures_missing	ordinary_tibetan_lexical_or_compound:1	damage:0;marker:0	independent_multi_context_canonical	ཕྱུགས་ལྷ་སྤུན་བདུན་ phyugs lha spun bedum eine
བདེ	Fi	bde	canonical_independent_strong	1	REPLACE Fi→bde	diagnostic_only	one_signature_missing	ordinary_tibetan_lexical_or_compound:1	damage:0;marker:0	independent_multi_context_canonical	བདེ་ལེགས་སུ་འགྱུར་བ་ Fi legs su 'gyur ba Tbde
བདེ	a	bde	canonical_independent_strong	1	REPLACE a→bde	diagnostic_only	domain_risk	tibetan_proper_name:1	damage:0;marker:0	independent_multi_context_canonical	"བདེ་སོཿ a"" bde sogs auch — ma npr. die Göttin"
བདེ	bdbde	bde	canonical_independent_strong	1	DEL bd	diagnostic_only	one_signature_missing	ordinary_tibetan_lexical_or_compound:1	damage:0;marker:0	independent_multi_context_canonical	བདེ་བའི་མཆོག་ bdbde ba'i mchog Tbde mchog 7 ) ) 4
བདེ	bdethabs	bde	canonical_independent_strong	1	DEL thabs	diagnostic_only	one_signature_missing	ordinary_tibetan_lexical_or_compound:1	damage:0;marker:0	independent_multi_context_canonical	བོད་ཁམས་བདེ་ཐབས་ bod khams bdethabs Ritu-
བདེ	bie	bde	canonical_independent_strong	1	SUB i→d	diagnostic_only	one_signature_missing	ordinary_tibetan_lexical_or_compound:1	damage:0;marker:0	independent_multi_context_canonical	བདེ་ཆེན་པ་ bie chen pa.
བདེ	gl	bde	canonical_independent_strong	0	REPLACE gl→bde	diagnostic_only	domain_risk	unclear:1	damage:1;marker:0	independent_multi_context_canonical	ཉམས་བདེ་ 7747775 bde glücklich; ~ bar byed
བདེ	vie	bde	canonical_independent_strong	1	SUB v→b;SUB i→d	diagnostic_only;diagnostic_only	multiple_signatures_missing	ordinary_tibetan_lexical_or_compound:1	damage:0;marker:0	independent_multi_context_canonical	བདེ་བྱེད་བདག་པོ་ vie byed bag po Kurzf. bde
བབས	brubs	babs	canonical_independent_strong	1	REPLACE ru→a	diagnostic_only	one_signature_missing	ordinary_tibetan_lexical_or_compound:1	damage:0;marker:0	independent_multi_context_canonical	བབས། 'brubs auch brub pf. undimp. zu 'brab. 195,4).
བབས	bubspa	babs	canonical_independent_strong	1	SUB u→a;DEL pa	candidate_review;diagnostic_only	multiple_signatures_missing	ordinary_tibetan_lexical_or_compound:1	damage:0;marker:0	independent_multi_context_canonical	བབས་པ།་ bubspa Beeinträchtigung, Schaden.
བབས	gN	babs	canonical_independent_strong	1	REPLACE gN→babs	diagnostic_only	one_signature_missing	ordinary_tibetan_lexical_or_compound:1	damage:0;marker:0	independent_multi_context_canonical	བབས་སེ་ gN Ñ} babs sme dem laufenden Jahr für eine
བམ	bamnad	bam	canonical_independent_strong	1	DEL nad	diagnostic_only	one_signature_missing	ordinary_tibetan_lexical_or_compound:1	damage:0;marker:0	independent_multi_context_canonical	བམ་ནད་ bamnad Aufgedunsenheit, krankhaf-
བམ	bram	bam	canonical_independent_strong	1	DEL r	candidate_review	one_signature_missing	ordinary_tibetan_lexical_or_compound:1	damage:0;marker:0	independent_multi_context_canonical	བམ།་ཟེའི་བུ་ bram ze'i bu Brahmanensohn. ScHuH 2012: 1496.
བམ	h	bam	canonical_independent_strong	0	REPLACE h→bam	diagnostic_only	alignment_or_damage	ordinary_tibetan_lexical_or_compound:1	damage:1;marker:0	independent_multi_context_canonical	བམ ༠༩ h n on Ruhm (Ps 24b); ses
བམ	tham	bam	canonical_independent_strong	1	REPLACE th→b	diagnostic_only	one_signature_missing	ordinary_tibetan_lexical_or_compound:1	damage:0;marker:0	independent_multi_context_canonical	བམ་བྲོར། tham thom auch tham me thom me
བཙལ	bisal	btsal	canonical_independent_strong	1	SUB i→t	candidate_review	one_signature_missing	ordinary_tibetan_lexical_or_compound:1	damage:0;marker:0	independent_multi_context_canonical	ཁྲིམས་སུ་བཙལ་ khrims su bisal
བཙུན	Rekrutierung	btsun	canonical_independent_strong	0	REPLACE Rekru→b;REPLACE ier→s;DEL g	diagnostic_only;diagnostic_only;diagnostic_only	domain_risk	unclear:1	damage:1;marker:0	independent_multi_context_canonical	ཐོ་བཙུན་ 700 btsun Rekrutierung,
བཙུན	bisun	btsun	canonical_independent_strong	1	SUB i→t	candidate_review	one_signature_missing	ordinary_tibetan_lexical_or_compound:1	damage:0;marker:0	independent_multi_context_canonical	ཀོང་ལྷ་ཀོང་བཙུན་རྒྱ་ལ་ koṅ lha koṅ bisun rgya la
བཙུན	ma	btsun	canonical_independent_strong	0	REPLACE ma→btsun	diagnostic_only	domain_risk	unclear:1	damage:1;marker:0	independent_multi_context_canonical	རྗེ་བཙུན་མ་ ?76 btsun ma Ehrwürdige.
བཞི	b	bźi	canonical_independent_strong	13	INS źi	diagnostic_only	domain_risk	ordinary_tibetan_lexical_or_compound:13;tibetan_proper_name:1	damage:1;marker:0	independent_multi_context_canonical	ཀ་བ་བཞི་ ka ba b&i || ཀླུ་མོ་ རེ་མ་ཏཱི་ཕྱག་བཞི་མ་ klu mo re ma ti phyag b2i || དཀར་མོ་ མཆེད་བཞི་ dkar mo mched b2i npr. die vier
བཞི	bZin	bźi	canonical_independent_strong	1	SUB Z→ź;DEL n	authorized_role_conditioned;diagnostic_only	one_signature_missing	ordinary_tibetan_lexical_or_compound:1	damage:0;marker:0	independent_multi_context_canonical	འདི་བཞི di bZin auch — du wie dieser, so,
བཞི	bi	bźi	canonical_independent_strong	7	INS ź	diagnostic_only	one_signature_missing	ordinary_tibetan_lexical_or_compound:7	damage:0;marker:0	independent_multi_context_canonical	ཀླུང་བཞི་ kluṅ bi Symboltiere für die vier Him- || བརྱ་བཞི་ brgya bi || གདོན་ཕལ་པ་བཞི་ gdon phal pa bi eine Gruppe
བཞི	bil	bźi	canonical_independent_strong	1	INS ź;DEL l	diagnostic_only;diagnostic_only	multiple_signatures_missing	ordinary_tibetan_lexical_or_compound:1	damage:0;marker:0	independent_multi_context_canonical	ཕྲིན་ལས་རྣམ་བཞི་ phrin las mam bil Bez. für die
བཞི	bāi	bźi	canonical_independent_strong	3	SUB ā→ź	diagnostic_only	one_signature_missing	ordinary_tibetan_lexical_or_compound:3	damage:0;marker:0	independent_multi_context_canonical	ལྡེམ་པོར་དགོངས་པ་བཞི་ Idem por dgoṅs pa bāi || འཕགས་པའི་བདྡེན་པ་བཞི་ phags pa'i bden pa bāi || འཕགས་པའི་རིགས་བཞི་ phags pa'i rigs bāi
བཞི	kagni	bźi	canonical_independent_strong	0	REPLACE kagn→bź	diagnostic_only	domain_risk	unclear:1	damage:0;marker:0	independent_multi_context_canonical	max བཞི་ kagni sgo bzi, auch kakni 590 /?7/ N.
བཞི	ma	bźi	canonical_independent_strong	1	REPLACE ma→bźi	diagnostic_only	domain_risk	tibetan_proper_name:1	damage:0;marker:0	independent_multi_context_canonical	་མ་བཞི་བརྒ་པ་ dbu ma bāi brgya pa npr. ein
བཞི	me	bźi	canonical_independent_strong	1	REPLACE me→bźi	diagnostic_only	one_signature_missing	ordinary_tibetan_lexical_or_compound:1	damage:0;marker:0	independent_multi_context_canonical	མི་བཞི agay me bźin ng
བཞི	pa	bźi	canonical_independent_strong	2	REPLACE pa→bźi	diagnostic_only	one_signature_missing	ordinary_tibetan_lexical_or_compound:2	damage:0;marker:0	independent_multi_context_canonical	རྐང་བཞི་པ་ rkaṅ //7/ pa Vierbeiner. || བདེན་བཞི་ bdbden pa bäi.
བཞི	s	bźi	canonical_independent_strong	1	REPLACE s→bźi	diagnostic_only	one_signature_missing	ordinary_tibetan_lexical_or_compound:1	damage:0;marker:0	independent_multi_context_canonical	"འབྱུང་བཞི་སྙོམས་ ''byuṅ süoms ""Ausgewo-"
བཞི	sku	bźi	canonical_independent_strong	1	SUB s→b;SUB k→ź;SUB u→i	diagnostic_only;diagnostic_only;diagnostic_only	multiple_signatures_missing	ordinary_tibetan_lexical_or_compound:1	damage:0;marker:0	independent_multi_context_canonical	་བཞི་ sku bzi die vier Körper eines Buddha:
བཞི	vier	bźi	canonical_independent_strong	0	REPLACE v→bź;DEL er	diagnostic_only;diagnostic_only	alignment_or_damage	ordinary_tibetan_lexical_or_compound:1	damage:1;marker:0	independent_multi_context_canonical	དད་པ་བཞི་ dad pa £2/ vier Arten von Vertrau-
བཞི	viereckig	bźi	canonical_independent_strong	0	REPLACE v→bź;DEL ereckig	diagnostic_only;diagnostic_only	alignment_or_damage	ordinary_tibetan_lexical_or_compound:1	damage:1;marker:0	independent_multi_context_canonical	གྲྭ་བཞི་ grwa /?7/ viereckig, Viereck, Quadrat.
བཟང	Gewi	bzaṅ	canonical_independent_strong	0	SUB G→b;SUB e→z;SUB w→a;SUB i→ṅ	diagnostic_only;diagnostic_only;diagnostic_only;diagnostic_only	alignment_or_damage	ordinary_tibetan_lexical_or_compound:1	damage:1;marker:0	independent_multi_context_canonical	ཁེ་བཟང་ khe 5222 Gewi ཁེང་ལོག་ khen log Aufstand, Revolte.
བཟང	N	bzaṅ	canonical_independent_strong	0	REPLACE N→bzaṅ	diagnostic_only	alignment_or_damage	ordinary_tibetan_lexical_or_compound:1	damage:1;marker:0	independent_multi_context_canonical	དཀར་མོ ལྷ་བཟང་ dkar mo //% bzan N. einer Rü-
བཟང	bzani	bzaṅ	canonical_independent_strong	5	REPLACE ni→ṅ	candidate_review	domain_risk	ordinary_tibetan_lexical_or_compound:4;tibetan_proper_name:1	damage:0;marker:0	independent_multi_context_canonical	སྐལ་བཟང་ skal .bzani Tskal ba bzan po. || ཐགས་བཟང་རིས་ thags bzani ris || རྡོ་རྗེ་དཔལ་བཟང་ rdo rje dpal bzani npr. ein Mi-
བཟང	bzar	bzaṅ	canonical_independent_strong	1	SUB r→ṅ	candidate_review	one_signature_missing	ordinary_tibetan_lexical_or_compound:1	damage:0;marker:0	independent_multi_context_canonical	གནོད་སྦྱིན་གང་བཟང་ grod sbyin gaṅ bzar
བཟང	bzari	bzaṅ	canonical_independent_strong	2	REPLACE ri→ṅ	diagnostic_only	domain_risk	ordinary_tibetan_lexical_or_compound:1;tibetan_proper_name:1	damage:0;marker:0	independent_multi_context_canonical	བྱང་ཆུབ་བཟང་པོ་ byaṅ chub bzari po npr. ein || མར་མེ་མཛད་བཟང་པོ་ mar me mdzad bzari po
བཟང	dri	bzaṅ	canonical_independent_strong	1	REPLACE dri→bzaṅ	diagnostic_only	one_signature_missing	ordinary_tibetan_lexical_or_compound:1	damage:0;marker:0	independent_multi_context_canonical	་བཟང་རྩི་ * dri bzan rtsi can Bez. für Mo-
བཟང	ma	bzaṅ	canonical_independent_strong	1	REPLACE m→bz;INS ṅ	diagnostic_only;diagnostic_only	multiple_signatures_missing	ordinary_tibetan_lexical_or_compound:1	damage:0;marker:0	independent_multi_context_canonical	སྐལ་བཟང་མ་ skalbzan ma glücklich; vgl. Tskal ba
བཟང	thags	bzaṅ	canonical_independent_strong	0	SUB t→b;SUB h→z;REPLACE gs→ṅ	diagnostic_only;diagnostic_only;diagnostic_only	alignment_or_damage	ordinary_tibetan_lexical_or_compound:1	damage:1;marker:1	independent_multi_context_canonical	ཐག་བཟང་རིས་ thag 5267) 775 \thags bzai is.
བཟོ	ko	bzo	canonical_independent_strong	0	REPLACE k→bz	diagnostic_only	domain_risk	unclear:1	damage:0;marker:0	independent_multi_context_canonical	al བཟོ་བ་ ko bzo ba Lederbearbeiter.
བཟློག	wenden	bzlog	canonical_independent_strong	1	REPLACE wenden→bzlog	diagnostic_only	one_signature_missing	ordinary_tibetan_lexical_or_compound:1	damage:0;marker:0	independent_multi_context_canonical	ཕྱི་ནང་བཟློག་ pphyi bzlog wenden.
བརྒྱུད	breynd	brgyud	canonical_independent_strong	1	SUB e→g;SUB n→u	diagnostic_only;diagnostic_only	multiple_signatures_missing	ordinary_tibetan_lexical_or_compound:1	damage:0;marker:0	independent_multi_context_canonical	གདུང་བརྒྱུད་ gduṅ breynd auch gduṅ rgynd.
བརྒྱུད	breyud	brgyud	canonical_independent_strong	1	SUB e→g	diagnostic_only	one_signature_missing	ordinary_tibetan_lexical_or_compound:1	damage:0;marker:0	independent_multi_context_canonical	ཀར་བརྒྱུད་ kar breyud
བརྒྱུད	broyud	brgyud	canonical_independent_strong	1	SUB o→g	diagnostic_only	one_signature_missing	ordinary_tibetan_lexical_or_compound:1	damage:0;marker:0	independent_multi_context_canonical	མི་བརྒྱུད་ mi broyud
བརྗོད	briod	brjod	canonical_independent_strong	1	SUB i→j	diagnostic_only	one_signature_missing	ordinary_tibetan_lexical_or_compound:1	damage:0;marker:0	independent_multi_context_canonical	ཐུར་བརྗོད་མ་ thur briod ma ein Vogel.
བརྗོད	brnod	brjod	canonical_independent_strong	1	SUB n→j	diagnostic_only	one_signature_missing	ordinary_tibetan_lexical_or_compound:1	damage:0;marker:0	independent_multi_context_canonical	རྒྱ་ཤིང་བརྗོད་གསུམ་ rgya Siṅ brnod gsum Steuer-
བརྗོད	pa	brjod	canonical_independent_strong	0	REPLACE pa→brjod	diagnostic_only	alignment_or_damage	ordinary_tibetan_lexical_or_compound:1	damage:1;marker:0	independent_multi_context_canonical	ཆེད་དུ་བརྗོད་པ་ ched du /7707 pa feierlicher
བརྗོད	pf	brjod	canonical_independent_strong	1	REPLACE pf→brjod	diagnostic_only	one_signature_missing	ordinary_tibetan_lexical_or_compound:1	damage:0;marker:0	independent_multi_context_canonical	རྗེ་ས་སུ་བརྗོད་ rjes su brjod pf. und fut. zu rjes su
བརྗོད	tsbig	brjod	canonical_independent_strong	0	DEL ts;REPLACE ig→rjod	diagnostic_only;diagnostic_only	domain_risk	unclear:1	damage:1;marker:0	independent_multi_context_canonical	བརྗོད་ཉམས་ཆེག་ 0770 /7/77/5 tsbig Lüge.
བརྟག	Menschenkunde	brtag	canonical_independent_strong	1	REPLACE Menschenkunde→brtag	diagnostic_only	one_signature_missing	ordinary_tibetan_lexical_or_compound:1	damage:0;marker:0	independent_multi_context_canonical	"མི་བརྟག་པ་ brtagpa ""Menschenkunde"", Be-"
བརྟག	me	brtag	canonical_independent_strong	0	REPLACE me→brtag	diagnostic_only	domain_risk	unclear:1	damage:0;marker:0	independent_multi_context_canonical	IT མེ་བརྟག་པ་ mar me brtag pa
བརྟགས	briags	brtags	canonical_independent_strong	1	SUB i→t	candidate_review	one_signature_missing	ordinary_tibetan_lexical_or_compound:1	damage:0;marker:0	independent_multi_context_canonical	བརྟགས་ briags
བརྟགས	ne	brtags	canonical_independent_strong	0	REPLACE ne→brtags	diagnostic_only	domain_risk	unclear:1	damage:1;marker:0	independent_multi_context_canonical	བརྟགས་འགོག་ ne 209 Iso sor brtags pa’i 209
བརྟུལ	Zugs	brtul	canonical_independent_strong	0	REPLACE Z→brt;REPLACE gs→l	diagnostic_only;diagnostic_only	alignment_or_damage	ordinary_tibetan_lexical_or_compound:1	damage:1;marker:0	independent_multi_context_canonical	བྱིས་པའི་བརྟུལ་ཞུགས་ bbyis ? brtul Zugs Beina-
བརྟུལ	briul	brtul	canonical_independent_strong	1	SUB i→t	candidate_review	one_signature_missing	ordinary_tibetan_lexical_or_compound:1	damage:0;marker:0	independent_multi_context_canonical	ཁྱུས་ཀྱི་བརྟུལ་ཞུགས་ khrus kyi briul zugs
བརྡ	bar	brda	canonical_independent_strong	1	INS rd;DEL r	diagnostic_only;candidate_review	multiple_signatures_missing	ordinary_tibetan_lexical_or_compound:1	damage:0;marker:0	independent_multi_context_canonical	བརྡ་ཆད་གཅྲིག་པ། bar chad geig pa
བརྡ	brida	brda	canonical_independent_strong	1	DEL i	candidate_review	one_signature_missing	ordinary_tibetan_lexical_or_compound:1	damage:0;marker:0	independent_multi_context_canonical	བརྡ་ཤེས་ཆེན་པོ་ brida ses chen po eine hohe Zahl.
བརྡ	bur	brda	canonical_independent_strong	1	DEL u;INS da	diagnostic_only;diagnostic_only	multiple_signatures_missing	ordinary_tibetan_lexical_or_compound:1	damage:0;marker:0	independent_multi_context_canonical	"བརྡ་ད།། bur ma Staub; —r rlog ""zu Staub ver-"
བརྩེ	hl	brtse	canonical_independent_strong	0	REPLACE hl→brtse	diagnostic_only	domain_risk	unclear:1	damage:1;marker:0	independent_multi_context_canonical	རྗེས་སུ་སྙིང་བརྩེ་ 7765 su 5?7//] brtse Mitgefühl; vgl.
བརྩོན	brison	brtson	canonical_independent_strong	1	SUB i→t	candidate_review	one_signature_missing	ordinary_tibetan_lexical_or_compound:1	damage:0;marker:0	independent_multi_context_canonical	མངོན་པར་བརྩོན་པ་ mnon par brison pa An-
བལ	bal'bans	bal	canonical_independent_strong	1	DEL 'bans	diagnostic_only	one_signature_missing	ordinary_tibetan_lexical_or_compound:1	damage:0;marker:0	independent_multi_context_canonical	"བལ་འབྲངར།་ bal'bans ""dienepalesische Unter-"
བལ	bal'dab	bal	canonical_independent_strong	1	DEL 'dab	diagnostic_only	one_signature_missing	ordinary_tibetan_lexical_or_compound:1	damage:0;marker:0	independent_multi_context_canonical	བལ་འདབ་ bal'dab Wollbüschel.
བལ	balbu	bal	canonical_independent_strong	1	DEL bu	diagnostic_only	one_signature_missing	ordinary_tibetan_lexical_or_compound:1	damage:0;marker:0	independent_multi_context_canonical	བལ་བུ་ balbu tba In.
བལ	balgos	bal	canonical_independent_strong	1	DEL gos	diagnostic_only	one_signature_missing	ordinary_tibetan_lexical_or_compound:1	damage:0;marker:0	independent_multi_context_canonical	བལ་གོས་ balgos Wolltuch, Wollgewand.
བལ	dbal	bal	canonical_independent_strong	1	DEL d	diagnostic_only	domain_risk	tibetan_proper_name:1	damage:0;marker:0	independent_multi_context_canonical	བལ་གྲང་རྡམ་པོ་ dbal gyad rtum po npr. eine
བལ	dbul	bal	canonical_independent_strong	1	DEL d;SUB u→a	diagnostic_only;candidate_review	multiple_signatures_missing	ordinary_tibetan_lexical_or_compound:1	damage:0;marker:0	independent_multi_context_canonical	བལ་འཇོརས་ dbul 'phons auch dbul phons
བལ	khal	bal	canonical_independent_strong	1	REPLACE kh→b	diagnostic_only	one_signature_missing	ordinary_tibetan_lexical_or_compound:1	damage:0;marker:0	independent_multi_context_canonical	།བལ་ khal.
བཤད	Hochzeitsrede	bsad	canonical_independent_strong	0	REPLACE Hochzeit→b;REPLACE re→a;DEL e	diagnostic_only;diagnostic_only;diagnostic_only	domain_risk	unclear:1	damage:1;marker:0	independent_multi_context_canonical	གཉེན་བཤད་ 2977077 bfad Hochzeitsrede, Rede
བཤད	bSad	bsad	canonical_independent_strong	1	SUB S→s	diagnostic_only	one_signature_missing	ordinary_tibetan_lexical_or_compound:1	damage:0;marker:0	independent_multi_context_canonical	ཀུན་ནས་བཤད་པ་ kun nas bSad pa darstellen; Dar-
བཤད	bśad	bsad	canonical_independent_strong	2	SUB ś→s	candidate_review	one_signature_missing	ordinary_tibetan_lexical_or_compound:2	damage:0;marker:0	independent_multi_context_canonical	ཀུན་བཤད་ kun bśad, Kurzf. von Tkun tn bśad pa || ཀྱོག་ཀྱོག་བཤད་པ་ kyog kyog bśad pa \kyog bśad.
བཤིག	bśig	bsig	canonical_independent_strong	1	SUB ś→s	candidate_review	one_signature_missing	ordinary_tibetan_lexical_or_compound:1	damage:0;marker:0	independent_multi_context_canonical	གྱོང་བཤིག་ gyoṅ bśig Zerstörung.
བཤེས	bes	bses	canonical_independent_strong	1	INS s	diagnostic_only	one_signature_missing	ordinary_tibetan_lexical_or_compound:1	damage:0;marker:0	independent_multi_context_canonical	དགའ་བཤེས་ dga’ bes
བསད	bsiad	bsad	canonical_independent_strong	1	DEL i	candidate_review	one_signature_missing	ordinary_tibetan_lexical_or_compound:1	damage:0;marker:0	independent_multi_context_canonical	བསད་ཡས་ bsiad yas „unaussprechlich“, eine
བསམ	bsani	bsam	canonical_independent_strong	1	REPLACE ni→m	diagnostic_only	one_signature_missing	ordinary_tibetan_lexical_or_compound:1	damage:0;marker:0	independent_multi_context_canonical	རྣམ་པར་བསམ་ rnam par bsani auch rnam bsam
བསམ	bsum	bsam	canonical_independent_strong	1	SUB u→a	candidate_review	one_signature_missing	ordinary_tibetan_lexical_or_compound:1	damage:0;marker:0	independent_multi_context_canonical	།ཁ་བསམ་ kha bsum pf. zu [/(0/4 sum schließen.
བསལ	sdug	bsal	canonical_independent_strong	1	INS b;REPLACE dug→al	diagnostic_only;diagnostic_only	multiple_signatures_missing	ordinary_tibetan_lexical_or_compound:1	damage:0;marker:0	independent_multi_context_canonical	་བསལ་གེ་སབ་བསྲལ་ sdug bsṅal gyi sdug
བསུ	pf	bsu	canonical_independent_strong	0	REPLACE pf→bsu	diagnostic_only	domain_risk	unclear:1	damage:1;marker:0	independent_multi_context_canonical	སྟྱན་བསུ'་ ཿ༧༩ bsu pf. shun bsus entgegen-
བསྐལ	bskalpa	bskal	canonical_independent_strong	0	DEL pa	diagnostic_only	domain_risk	unclear:1	damage:0;marker:0	independent_multi_context_canonical	Ñ oe k N k Er g གནས་ཀྱི་བསྐལ་པ་ gnas kyi bskalpa Entfernung.
བསྐལ	bskul	bskal	canonical_independent_strong	1	SUB u→a	candidate_review	one_signature_missing	ordinary_tibetan_lexical_or_compound:1	damage:0;marker:0	independent_multi_context_canonical	བུགས་དམ་བསྐལ་པ་ thugs dam bskul ba
བསྐལ	pa’i	bskal	canonical_independent_strong	0	REPLACE p→bsk;REPLACE ’i→l	diagnostic_only;diagnostic_only	domain_risk	unclear:1	damage:1;marker:0	independent_multi_context_canonical	འཇིག་བསྐལ་ 7: bskal 1772 pa’i bskal pa.
བསྐུལ	spyod	bskul	canonical_independent_strong	1	INS b;REPLACE pyod→kul	diagnostic_only;diagnostic_only	multiple_signatures_missing	ordinary_tibetan_lexical_or_compound:1	damage:0;marker:0	independent_multi_context_canonical	བསྐུལ་སྤྱོད་བྱེད་ ལབ spyod byed zu etw. deklarie-
བསྐོས	pf	bskos	canonical_independent_strong	0	REPLACE pf→bskos	diagnostic_only	alignment_or_damage	ordinary_tibetan_lexical_or_compound:1	damage:1;marker:0	independent_multi_context_canonical	བསྐོས་ 5505 pf. zu 550.
བསྐྱལ	ba	bskyal	canonical_independent_strong	1	INS sky;INS l	diagnostic_only;diagnostic_only	multiple_signatures_missing	ordinary_tibetan_lexical_or_compound:1	damage:0;marker:0	independent_multi_context_canonical	བླ་བསྐྱལ་པ་ blabskyal ba tbla skyel.
བསྐྱེད	Selbsterzeu	bskyed	canonical_independent_strong	1	DEL Sel;REPLACE t→ky;REPLACE rzeu→d	diagnostic_only;diagnostic_only;diagnostic_only	multiple_signatures_missing	ordinary_tibetan_lexical_or_compound:1	damage:0;marker:0	independent_multi_context_canonical	"བདག་ལྷར་བསྐྱེད་ bbdag bskyed ""Selbsterzeu-"
བསྒྱུར	beherrschen	bsgyur	canonical_independent_strong	1	REPLACE ehe→sgyu;DEL rschen	diagnostic_only;diagnostic_only	multiple_signatures_missing	ordinary_tibetan_lexical_or_compound:1	damage:0;marker:0	independent_multi_context_canonical	དབང་དུ་བསྒྱུར་ dbandubsgyur pf. beherrschen.
བསྒྱུར	bigyur	bsgyur	canonical_independent_strong	1	SUB i→s	diagnostic_only	one_signature_missing	ordinary_tibetan_lexical_or_compound:1	damage:0;marker:0	independent_multi_context_canonical	བསྒྱུར་བཀོད་ bigyur bkod
བསྒྱུར	bsgy	bsgyur	canonical_independent_strong	1	INS ur	diagnostic_only	one_signature_missing	ordinary_tibetan_lexical_or_compound:1	damage:0;marker:0	independent_multi_context_canonical	སྤུས་བསྒྱུར་ spus bsgy
བསྟད	binad	bstad	canonical_independent_strong	1	SUB i→s;SUB n→t	diagnostic_only;diagnostic_only	multiple_signatures_missing	ordinary_tibetan_lexical_or_compound:1	damage:0;marker:0	independent_multi_context_canonical	བསྟད་ binad pf. und fut, zu snad verletzen.
བསྟད	pf	bstad	canonical_independent_strong	0	REPLACE pf→bstad	diagnostic_only	alignment_or_damage	ordinary_tibetan_lexical_or_compound:1	damage:1;marker:0	independent_multi_context_canonical	བསྟད་ 95/7/7/ pf. und [117, zu Isäad.
བསྟན	Dstan	bstan	canonical_independent_strong	1	SUB D→b	diagnostic_only	one_signature_missing	ordinary_tibetan_lexical_or_compound:1	damage:0;marker:0	independent_multi_context_canonical	བསྟན་བཅོས་ Dstan beos
བསྟན	bs	bstan	canonical_independent_strong	1	INS tan	diagnostic_only	one_signature_missing	ordinary_tibetan_lexical_or_compound:1	damage:0;marker:0	independent_multi_context_canonical	བསྟན་ bsäun pf. und fur. zu [477//77 krank sein;
བསྟན	bsnan	bstan	canonical_independent_strong	1	SUB n→t	diagnostic_only	one_signature_missing	ordinary_tibetan_lexical_or_compound:1	damage:0;marker:0	independent_multi_context_canonical	བསྟན་ bsnan pf. und fut. zu Tsnon; vgl.
བསྟན	gyi	bstan	canonical_independent_strong	1	REPLACE gyi→bstan	diagnostic_only	one_signature_missing	ordinary_tibetan_lexical_or_compound:1	damage:0;marker:0	independent_multi_context_canonical	་གི་བསྟན་བྱ་ཅོན། don gyi bstan bcos Lehr-
བསྟན	pf	bstan	canonical_independent_strong	0	REPLACE pf→bstan	diagnostic_only	domain_risk	unclear:1	damage:1;marker:0	independent_multi_context_canonical	རྗེས་སུ་བསྟན་ 705 su bstan pf. zu Trjes su ston
བསྟན	su	bstan	canonical_independent_strong	1	INS b;REPLACE u→tan	diagnostic_only;diagnostic_only	multiple_signatures_missing	ordinary_tibetan_lexical_or_compound:1	damage:0;marker:0	independent_multi_context_canonical	རྗེས་སུ་བསྟན་པའི་ཆོ་ aa rjes su bstan pa’i cho
བུག	Dug	bug	canonical_independent_strong	1	SUB D→b	diagnostic_only	one_signature_missing	ordinary_tibetan_lexical_or_compound:1	damage:0;marker:0	independent_multi_context_canonical	བུག་ 'Dug auch bugs durchbohrt, durchlöchert
བུག	bbug	bug	canonical_independent_strong	1	DEL b	candidate_review	one_signature_missing	ordinary_tibetan_lexical_or_compound:1	damage:0;marker:0	independent_multi_context_canonical	བུག་སྒོ་ bbug Loch, Eingang, Öffnung.
བུག	bugpa	bug	canonical_independent_strong	1	DEL pa	diagnostic_only	one_signature_missing	ordinary_tibetan_lexical_or_compound:1	damage:0;marker:0	independent_multi_context_canonical	བུག་པ་ bugpa Loch.
བུག	thug	bug	canonical_independent_strong	1	REPLACE th→b	diagnostic_only	one_signature_missing	ordinary_tibetan_lexical_or_compound:1	damage:0;marker:0	independent_multi_context_canonical	བུག་པ་འགྱམ་པ་ thug pa ’grim pa „mit Suppe
བུམ	bbum	bum	canonical_independent_strong	1	DEL b	candidate_review	one_signature_missing	ordinary_tibetan_lexical_or_compound:1	damage:0;marker:0	independent_multi_context_canonical	བུམ་སྒྲུབ་ bbum sādhana mit einem Gefäß,
བུམ	thum	bum	canonical_independent_strong	1	REPLACE th→b	diagnostic_only	one_signature_missing	ordinary_tibetan_lexical_or_compound:1	damage:0;marker:0	independent_multi_context_canonical	བུམ་པོར་ thum por für eine Weile.
བུས	byas	bus	canonical_independent_strong	1	REPLACE ya→u	diagnostic_only	one_signature_missing	ordinary_tibetan_lexical_or_compound:1	damage:0;marker:0	independent_multi_context_canonical	མངོན་སུམ་དྭ་བུས་ mnon sum du byas pf. zu
བེད	bred	bed	canonical_independent_strong	1	DEL r	candidate_review	one_signature_missing	ordinary_tibetan_lexical_or_compound:1	damage:0;marker:0	independent_multi_context_canonical	བེད་ཤ་ཐོན་པ bred śa thon pa angstvoll, furcht-
བེད	byed	bed	canonical_independent_strong	1	DEL y	diagnostic_only	one_signature_missing	ordinary_tibetan_lexical_or_compound:1	damage:0;marker:0	independent_multi_context_canonical	བེད་གྲབས་ byed grabs Bereitschaft etw. zu tun.
བེན	benno	ben	canonical_independent_strong	1	DEL no	diagnostic_only	one_signature_missing	ordinary_tibetan_lexical_or_compound:1	damage:0;marker:0	independent_multi_context_canonical	བེན་ནོ་ benno !beno.
བེན	dben	ben	canonical_independent_strong	1	DEL d	diagnostic_only	one_signature_missing	ordinary_tibetan_lexical_or_compound:1	damage:0;marker:0	independent_multi_context_canonical	བེན་ཅན་དགོན་པ་ dben can dgon pa Kloster
བེར	er	ber	canonical_independent_strong	1	INS b	diagnostic_only	one_signature_missing	ordinary_tibetan_lexical_or_compound:1	damage:0;marker:0	independent_multi_context_canonical	བེར་ནག་ཅན er nag can auch bka' rgyud pa'i
བེར	ther	ber	canonical_independent_strong	1	REPLACE th→b	diagnostic_only	one_signature_missing	ordinary_tibetan_lexical_or_compound:1	damage:0;marker:0	independent_multi_context_canonical	བེར་སབ་ ther srab dünnes Wolltuch.
བོང	bboṅ	boṅ	canonical_independent_strong	1	DEL b	candidate_review	one_signature_missing	ordinary_tibetan_lexical_or_compound:1	damage:0;marker:0	independent_multi_context_canonical	བོང་ཆེ་ཆང་ bboṅ che \bons che (/)//7?.
བོང	boriphrug	boṅ	canonical_independent_strong	1	REPLACE riphrug→ṅ	diagnostic_only	one_signature_missing	ordinary_tibetan_lexical_or_compound:1	damage:0;marker:0	independent_multi_context_canonical	བོང་ཕྲུག་ boriphrug Eseljunges.
བོང	borṅ	boṅ	canonical_independent_strong	1	DEL r	candidate_review	one_signature_missing	ordinary_tibetan_lexical_or_compound:1	damage:0;marker:0	independent_multi_context_canonical	བོང་ང་དཀར་པོ་ borṅ ra dkar po Kurzf. bori dkar
བོང	thon	boṅ	canonical_independent_strong	2	REPLACE th→b;SUB n→ṅ	diagnostic_only;authorized_role_conditioned	one_signature_missing	ordinary_tibetan_lexical_or_compound:2	damage:0;marker:0	independent_multi_context_canonical	ཐོང་བོང་ thon thon Lebensalter; jugendlich. || བོང་མི་ཁྲ་ thon mi ba.
བོང	thons	boṅ	canonical_independent_strong	1	REPLACE th→b;REPLACE ns→ṅ	diagnostic_only;diagnostic_only	multiple_signatures_missing	ordinary_tibetan_lexical_or_compound:1	damage:0;marker:0	independent_multi_context_canonical	བོང་ས་ thons imp. und res. zu !gton.
བོན	Wasserkeim	bon	canonical_independent_strong	0	REPLACE Wasserkeim→bon	diagnostic_only	domain_risk	unclear:1	damage:0;marker:0	independent_multi_context_canonical	ཆུ་ཡཡི་ས་བོན་ chn ༡/7 sa bon „Wasserkeim“ Bez.
བོན	thon	bon	canonical_independent_strong	1	REPLACE th→b	diagnostic_only	one_signature_missing	ordinary_tibetan_lexical_or_compound:1	damage:0;marker:0	independent_multi_context_canonical	བོན་ 'thon pf. und imp. zu 1?//0/2,
བྱན	by	byan	canonical_independent_strong	1	INS an	diagnostic_only	one_signature_missing	ordinary_tibetan_lexical_or_compound:1	damage:0;marker:0	independent_multi_context_canonical	མ་བྱན་ ma by
བྱན	byin	byan	canonical_independent_strong	1	SUB i→a	diagnostic_only	domain_risk	tibetan_proper_name:1	damage:0;marker:0	independent_multi_context_canonical	རྣ་གཅད་གཏ བྱན mod geod gtin 'byin npr. ei-
བྱིན	Lyin	byin	canonical_independent_strong	1	SUB L→b	diagnostic_only	one_signature_missing	ordinary_tibetan_lexical_or_compound:1	damage:0;marker:0	independent_multi_context_canonical	བྱིན་པ་ Lyin pa Unterschenkel, Wade.
བྱིན	pr	byin	canonical_independent_strong	1	REPLACE pr→byin	diagnostic_only	one_signature_missing	ordinary_tibetan_lexical_or_compound:1	damage:0;marker:0	independent_multi_context_canonical	བག་དྲོ་བྱིན་ཆེ ཟས byin che prächtig, glanz
བྱིས	bbyis	byis	canonical_independent_strong	0	DEL b	candidate_review	alignment_or_damage	ordinary_tibetan_lexical_or_compound:1	damage:1;marker:0	independent_multi_context_canonical	བྱིས་པའི་བརྟུལ་ཞུགས་ bbyis ? brtul Zugs Beina-
བྱིས	bgyis	byis	canonical_independent_strong	1	DEL g	diagnostic_only	one_signature_missing	ordinary_tibetan_lexical_or_compound:1	damage:0;marker:0	independent_multi_context_canonical	ཅེས་བྱིས་ ces bgyis auch Zes bgyis pf. so sagen.
བྱིས	pf	byis	canonical_independent_strong	1	REPLACE pf→byis	diagnostic_only	one_signature_missing	ordinary_tibetan_lexical_or_compound:1	damage:0;marker:0	independent_multi_context_canonical	བྱིས་ pf. zu 1°?/2//¿0 tilgen, wegwischen
བྱུག	mit	byug	canonical_independent_strong	1	REPLACE mit→byug	diagnostic_only	one_signature_missing	ordinary_tibetan_lexical_or_compound:1	damage:0;marker:0	independent_multi_context_canonical	བྱུག ལྷག mit dem Körper eines Menschen
བྱུག	rol	byug	canonical_independent_strong	0	REPLACE rol→byug	diagnostic_only	domain_risk	unclear:1	damage:0;marker:0	independent_multi_context_canonical	N པ བྱུག tpba rol tu phyin pa drug.
བྱུང	Dyuṅ	byuṅ	canonical_independent_strong	1	SUB D→b	diagnostic_only	one_signature_missing	ordinary_tibetan_lexical_or_compound:1	damage:0;marker:0	independent_multi_context_canonical	བྱུང་སོང་ 'Dyuṅ soṅ
བྱུང	bba'i	byuṅ	canonical_independent_strong	1	REPLACE ba'i→yuṅ	diagnostic_only	one_signature_missing	ordinary_tibetan_lexical_or_compound:1	damage:0;marker:0	independent_multi_context_canonical	བྱུང་བའི་ཚུལ་ bba'i tshul tshul.
བྱུང	byu	byuṅ	canonical_independent_strong	1	INS ṅ	diagnostic_only	one_signature_missing	ordinary_tibetan_lexical_or_compound:1	damage:0;marker:0	independent_multi_context_canonical	བྱུང་ byu n
བྱུང	byur	byuṅ	canonical_independent_strong	1	SUB r→ṅ	candidate_review	one_signature_missing	ordinary_tibetan_lexical_or_compound:1	damage:0;marker:0	independent_multi_context_canonical	བྱུང་རྒྱལ་ byur royal.
བྱུང	dbyuṅ	byuṅ	canonical_independent_strong	1	DEL d	diagnostic_only	one_signature_missing	ordinary_tibetan_lexical_or_compound:1	damage:0;marker:0	independent_multi_context_canonical	བྱུང་ dbyuṅ fur. zu !'byin herausnehmen,
བྱེད	Definition	byed	canonical_independent_strong	0	REPLACE D→by;REPLACE finition→d	diagnostic_only;diagnostic_only	domain_risk	unclear:1	damage:1;marker:0	independent_multi_context_canonical	འཇོག་བྱེད་ 709 byed Definition, Beschreibung.
བྱེད	Hg	byed	canonical_independent_strong	1	REPLACE Hg→byed	diagnostic_only	one_signature_missing	ordinary_tibetan_lexical_or_compound:1	damage:0;marker:0	independent_multi_context_canonical	སྒྱུག་བྱེད་ sky Hg byed Mahesvara.
བྱེད	Krankheiten	byed	canonical_independent_strong	1	REPLACE Krankh→by;REPLACE iten→d	diagnostic_only;diagnostic_only	multiple_signatures_missing	ordinary_tibetan_lexical_or_compound:1	damage:0;marker:0	independent_multi_context_canonical	ནད་འཕྲོག་བྱེད་ nad 'phrogbyed Krankheiten be-
བྱེད	M	byed	canonical_independent_strong	0	REPLACE M→byed	diagnostic_only	domain_risk	unclear:1	damage:1;marker:0	independent_multi_context_canonical	འཐག་བྱེད་ 77:22 byed Mühle.
བྱེད	Tmchod	byed	canonical_independent_strong	0	REPLACE Tmcho→bye	diagnostic_only	alignment_or_damage	ordinary_tibetan_lexical_or_compound:1	damage:1;marker:1	independent_multi_context_canonical	མཆོད་སྦྱིན་རིག་བྱེད་ mchod sbyin 779 byed Tmchod
བྱེད	dpyid	byed	canonical_independent_strong	1	INS bye;DEL pyid	diagnostic_only;diagnostic_only	multiple_signatures_missing	ordinary_tibetan_lexical_or_compound:1	damage:0;marker:0	independent_multi_context_canonical	"་བྱེད་ dpyid byed der ""Frühlingsmacher"","
བྱེད	en	byed	canonical_independent_strong	1	INS by;SUB n→d	diagnostic_only;diagnostic_only	multiple_signatures_missing	ordinary_tibetan_lexical_or_compound:1	damage:0;marker:0	independent_multi_context_canonical	གཉེན་བྱེད་ güen byed
བྱེད	gr	byed	canonical_independent_strong	0	REPLACE gr→byed	diagnostic_only	domain_risk	unclear:1	damage:1;marker:0	independent_multi_context_canonical	སྙོམ་སྙོམ་བྱེད་ som $?70777 byed grübeln.
བྱེད	hart	byed	canonical_independent_strong	1	SUB h→b;SUB a→y;SUB r→e;SUB t→d	diagnostic_only;diagnostic_only;diagnostic_only;diagnostic_only	multiple_signatures_missing	ordinary_tibetan_lexical_or_compound:1	damage:0;marker:0	independent_multi_context_canonical	དྲག་བཞེར་བྱེད་ ༧ bier byed hart durchgrei-
བྱེད	ir	byed	canonical_independent_strong	1	REPLACE ir→byed	diagnostic_only	one_signature_missing	ordinary_tibetan_lexical_or_compound:1	damage:0;marker:0	independent_multi_context_canonical	བྱེད ir byed pa po
བྱེད	mgyogs	byed	canonical_independent_strong	1	REPLACE mg→b;REPLACE ogs→ed	diagnostic_only;diagnostic_only	multiple_signatures_missing	ordinary_tibetan_lexical_or_compound:1	damage:0;marker:0	independent_multi_context_canonical	་མོ་མགྱོགས་བྱེད་ mag mo mgyogs byed
བྱེད	pa	byed	canonical_independent_strong	0	REPLACE pa→byed	diagnostic_only	domain_risk	ordinary_tibetan_lexical_or_compound:1;unclear:1	damage:2;marker:0	independent_multi_context_canonical	ཀུན་ཏུ་ཉུག་པར་བྱེད་པ་ kun tu 77//9 par byed pa be- || འཇིགས་པར་བྱེད་པ་ ¡9 par byed pa 1 ?//2$ byed.
བྱེད	phrul	byed	canonical_independent_strong	1	REPLACE phrul→byed	diagnostic_only	one_signature_missing	ordinary_tibetan_lexical_or_compound:1	damage:0;marker:0	independent_multi_context_canonical	རིཀའུལ་བྱེད་པོ་ mig 'phrul byed po Zauberer.
བྱེད	po	byed	canonical_independent_strong	0	REPLACE po→byed	diagnostic_only	alignment_or_damage	ordinary_tibetan_lexical_or_compound:1	damage:1;marker:0	independent_multi_context_canonical	སྒྱུག་སྙམ་བྱེད་པོ་ skyug 5?7/7777 byed po jmd., der er-
བྱེད	ris	byed	canonical_independent_strong	0	REPLACE ris→byed	diagnostic_only	domain_risk	unclear:1	damage:0;marker:0	independent_multi_context_canonical	EIERN ་སྣང་བྱེད་ mtho ris snaṅ byed
བྱེད	transitiv	byed	canonical_independent_strong	1	REPLACE transitiv→byed	diagnostic_only	one_signature_missing	ordinary_tibetan_lexical_or_compound:1	damage:0;marker:0	independent_multi_context_canonical	བྱ་བྱེད་ byabyed transitiv und intransitiv.
བྱེད	zu	byed	canonical_independent_strong	1	REPLACE zu→byed	diagnostic_only	one_signature_missing	ordinary_tibetan_lexical_or_compound:1	damage:0;marker:0	independent_multi_context_canonical	བསྐུལ་སྤྱོད་བྱེད་ ལབ spyod byed zu etw. deklarie-
བྱེད	zul	byed	canonical_independent_strong	1	REPLACE zul→byed	diagnostic_only	one_signature_missing	ordinary_tibetan_lexical_or_compound:1	damage:0;marker:0	independent_multi_context_canonical	"ལ།་བྱེད་ breu zul byed auch bytu ""dzul"
བྱེས	byes	byis	canonical_independent_strong	1	SUB e→i	diagnostic_only	one_signature_missing	ordinary_tibetan_lexical_or_compound:1	damage:0;marker:0	independent_multi_context_canonical	བྱེས་གྲོའི་རྩིས་ byes gro'irtsis Divinationszyklus
བྱོན	Iron	byon	canonical_independent_strong	0	SUB I→b;SUB r→y	diagnostic_only;diagnostic_only	alignment_or_damage	ordinary_tibetan_lexical_or_compound:1	damage:0;marker:1	independent_multi_context_canonical	བྱོན་ཁྲི་ནག་ Iron kbri mag
བྲག	Er	brag	canonical_independent_strong	1	SUB E→b;INS ag	diagnostic_only;diagnostic_only	domain_risk	tibetan_proper_name:1	damage:0;marker:0	independent_multi_context_canonical	"བྲག་དཀར་ ""Er brag dkar /?7/7 rgod npr. 011] 07/"
བྲག	bbrag	brag	canonical_independent_strong	1	DEL b	candidate_review	one_signature_missing	ordinary_tibetan_lexical_or_compound:1	damage:0;marker:0	independent_multi_context_canonical	བྲག་འགགས་ bbrag eng
བྲག	bragdmar	brag	canonical_independent_strong	1	DEL dmar	diagnostic_only	one_signature_missing	ordinary_tibetan_lexical_or_compound:1	damage:0;marker:0	independent_multi_context_canonical	བྲག་དམར་ bragdmar alttib. auch brag mar.
བྲག	braggon	brag	canonical_independent_strong	1	DEL gon	diagnostic_only	one_signature_missing	ordinary_tibetan_lexical_or_compound:1	damage:0;marker:0	independent_multi_context_canonical	བྲག་གོང་ braggon Felsblock.
བྲག	braggseb	brag	canonical_independent_strong	1	DEL gseb	diagnostic_only	one_signature_missing	ordinary_tibetan_lexical_or_compound:1	damage:0;marker:0	independent_multi_context_canonical	བྲག་གསེབ་ braggseb Felsspalte.
བྲག	bragrdzon	brag	canonical_independent_strong	1	DEL rdzon	diagnostic_only	one_signature_missing	ordinary_tibetan_lexical_or_compound:1	damage:0;marker:0	independent_multi_context_canonical	བྲག་རྫོང་ bragrdzon Felsenfestung.
བྲག	g	brag	canonical_independent_strong	1	INS bra	diagnostic_only	one_signature_missing	ordinary_tibetan_lexical_or_compound:1	damage:0;marker:0	independent_multi_context_canonical	བྱེ་བྲག་ཏུ་སྒྲུབ་པ m g tu sgrub pa Ety
བྲག	lam	brag	canonical_independent_strong	1	REPLACE l→br;SUB m→g	diagnostic_only;diagnostic_only	domain_risk	tibetan_proper_name:1	damage:0;marker:0	independent_multi_context_canonical	་ལམ་བྲག་དཀར་ smon lam brag dkar npr. ein
བྲག	phag	brag	canonical_independent_strong	1	SUB p→b;SUB h→r	diagnostic_only;diagnostic_only	domain_risk	tibetan_proper_name:1	damage:0;marker:0	independent_multi_context_canonical	བྲག་རི་ phag ri npr. ein Ort an der Grenze zu
བྲག	rhag	brag	canonical_independent_strong	1	INS b;DEL h	diagnostic_only;diagnostic_only	multiple_signatures_missing	ordinary_tibetan_lexical_or_compound:1	damage:0;marker:0	independent_multi_context_canonical	བྲག་ rhag
བྲག	ve	brag	canonical_independent_strong	1	REPLACE ve→brag	diagnostic_only	domain_risk	tibetan_proper_name:1	damage:0;marker:0	independent_multi_context_canonical	བྲག་སྔན་གཡུ་རྩ་ ve sion g.yu rtse npr. ein
བྲང	Mangobaum	braṅ	canonical_independent_strong	0	REPLACE M→br;REPLACE ngobaum→ṅ	diagnostic_only;diagnostic_only	domain_risk	unclear:1	damage:0;marker:0	independent_multi_context_canonical	གང་ཁོའི་བྲང།ི 9/4/7 po’i zas Mangobaum, Bodhi-
བྲང	brani	braṅ	canonical_independent_strong	4	REPLACE ni→ṅ	candidate_review	one_signature_missing	ordinary_tibetan_lexical_or_compound:4	damage:0;marker:0	independent_multi_context_canonical	བེའུ་བྲང་ the’u brani auch the braṅ eine Gruppe || ཕྲོ་བྲང་ pho brani || ཕོ་བྲང་འཁོར་ pho brani 'khor
བྲང	brar	braṅ	canonical_independent_strong	1	SUB r→ṅ	candidate_review	one_signature_missing	ordinary_tibetan_lexical_or_compound:1	damage:0;marker:0	independent_multi_context_canonical	"བླ་བྲང་བཀྲ་ཤེས་་ "" bla brar bkra sis"
བྲང	brari	braṅ	canonical_independent_strong	1	REPLACE ri→ṅ	diagnostic_only	one_signature_missing	ordinary_tibetan_lexical_or_compound:1	damage:0;marker:0	independent_multi_context_canonical	བྲང་ཞོལ་ brari Zol untere Brust, Wamme.
བྲང	byaṅ	braṅ	canonical_independent_strong	1	SUB y→r	diagnostic_only	one_signature_missing	ordinary_tibetan_lexical_or_compound:1	damage:0;marker:0	independent_multi_context_canonical	བྲང་རྐང་ byaṅ rkyaṅ Kiang, ein Wildesel,
བྲང	byuṅ	braṅ	canonical_independent_strong	1	SUB y→r;SUB u→a	diagnostic_only;candidate_review	multiple_signatures_missing	ordinary_tibetan_lexical_or_compound:1	damage:0;marker:0	independent_multi_context_canonical	ལྭ་བྲང་ phil byuṅ auch phul du byun ba.
བྲང	bzan	braṅ	canonical_independent_strong	1	SUB z→r;SUB n→ṅ	diagnostic_only;authorized_role_conditioned	one_signature_missing	ordinary_tibetan_lexical_or_compound:1	damage:0;marker:0	independent_multi_context_canonical	སྟོབས་བྲང་ལྷ་མོ་ stobs bzan lba mo Beiname
བྲང	khbor	braṅ	canonical_independent_strong	1	DEL kh;DEL o;INS aṅ	diagnostic_only;diagnostic_only;diagnostic_only	multiple_signatures_missing	ordinary_tibetan_lexical_or_compound:1	damage:0;marker:0	independent_multi_context_canonical	"པོ་བྲང་འཁོར་ ppho ""khbor Palastbezirk, Pa-"
བྲང	than	braṅ	canonical_independent_strong	3	SUB t→b;SUB h→r;SUB n→ṅ	diagnostic_only;diagnostic_only;authorized_role_conditioned	domain_risk	ordinary_tibetan_lexical_or_compound:2;tibetan_proper_name:1	damage:0;marker:0	independent_multi_context_canonical	གང་བྲང་ gun than npr. eine Gegend in mÑa’- || བྲང་ than. || བྲང་ཞེ་ than Zu auch than Zwa eine Kopfbe-
བྲང	thaṅ	braṅ	canonical_independent_strong	1	SUB t→b;SUB h→r	diagnostic_only;diagnostic_only	domain_risk	tibetan_proper_name:1	damage:0;marker:0	independent_multi_context_canonical	འཕང་བྲང་ 'phar thaṅ npr. ein Ort in Yar-luns.
བྲང	zans	braṅ	canonical_independent_strong	1	REPLACE z→br;REPLACE ns→ṅ	diagnostic_only;diagnostic_only	multiple_signatures_missing	ordinary_tibetan_lexical_or_compound:1	damage:0;marker:0	independent_multi_context_canonical	ཆས།་བྲང་ས” chos zans Nachttopf.
བྲན	Dran	bran	canonical_independent_strong	1	SUB D→b	diagnostic_only	one_signature_missing	ordinary_tibetan_lexical_or_compound:1	damage:0;marker:0	independent_multi_context_canonical	བྲན་ 'Dran befeuchten, besprengen.
བྲན	brin	bran	canonical_independent_strong	1	SUB i→a	diagnostic_only	domain_risk	tibetan_proper_name:1	damage:0;marker:0	independent_multi_context_canonical	བྲན་ 'brin npr. eine Region in Westtibet.
བྲལ	bbral	bral	canonical_independent_strong	1	DEL b	candidate_review	one_signature_missing	ordinary_tibetan_lexical_or_compound:1	damage:0;marker:0	independent_multi_context_canonical	བྲལ་ bbral fut. und imp. zu !'bral.
བྲལ	bralbrul	bral	canonical_independent_strong	1	DEL brul	diagnostic_only	one_signature_missing	ordinary_tibetan_lexical_or_compound:1	damage:0;marker:0	independent_multi_context_canonical	"བྲལ་བྲུལ་ ""bralbrul zerfallen."
བྲལ	ma	bral	canonical_independent_strong	0	REPLACE m→br;INS l	diagnostic_only;diagnostic_only	domain_risk	tibetan_proper_name:1	damage:0;marker:0	independent_multi_context_canonical	Bar ་ཏུ་བྲལ་བ་ dri ma kun tu bral ba npr. ein
བྲལ	skya	bral	canonical_independent_strong	0	REPLACE sky→br;INS l	diagnostic_only;diagnostic_only	domain_risk	unclear:1	damage:0;marker:0	independent_multi_context_canonical	”བྲལ།་ skya thal auch skya tha le, — le ba grau-
བྲལ	tha	bral	canonical_independent_strong	1	SUB t→b;SUB h→r;INS l	diagnostic_only;diagnostic_only;diagnostic_only	multiple_signatures_missing	ordinary_tibetan_lexical_or_compound:1	damage:0;marker:0	independent_multi_context_canonical	ཡཁའ་བྲལ་ m tha’ bral.
བྲི	Ima	bri	canonical_independent_strong	0	SUB I→b;SUB m→r;SUB a→i	diagnostic_only;diagnostic_only;diagnostic_only	alignment_or_damage	ordinary_tibetan_lexical_or_compound:1	damage:0;marker:1	independent_multi_context_canonical	མ་བྲི་ mabi Ima gi.
བྲི	bai	bri	canonical_independent_strong	1	SUB a→r	diagnostic_only	one_signature_missing	ordinary_tibetan_lexical_or_compound:1	damage:0;marker:0	independent_multi_context_canonical	སྤན་གྱི་བླ་བྲི་ sman gyi bla bai
བྲི	bi	bri	canonical_independent_strong	1	INS r	diagnostic_only	one_signature_missing	ordinary_tibetan_lexical_or_compound:1	damage:0;marker:0	independent_multi_context_canonical	ཕྲ་བྲི་ pba bi gegenūberliegende Seite; — na
བྲི	the	bri	canonical_independent_strong	1	SUB t→b;SUB h→r;SUB e→i	diagnostic_only;diagnostic_only;diagnostic_only	multiple_signatures_missing	ordinary_tibetan_lexical_or_compound:1	damage:0;marker:0	independent_multi_context_canonical	བྲི་གེ་ the ge Ttha ge.
བྲི	zi	bri	canonical_independent_strong	1	REPLACE z→br	diagnostic_only	domain_risk	tibetan_proper_name:1	damage:0;marker:0	independent_multi_context_canonical	བ་ལམ།ཤ་བྲི་ ba lam sa zi npr. ein Tempel in
བྲིས	br	bris	canonical_independent_strong	1	INS is	diagnostic_only	one_signature_missing	ordinary_tibetan_lexical_or_compound:1	damage:0;marker:0	independent_multi_context_canonical	མངོན་བྲིས་ mnon brıs pf. zeichnen.
བྲུ	bit	bu	canonical_independent_strong	1	REPLACE it→u	diagnostic_only	one_signature_missing	ordinary_tibetan_lexical_or_compound:1	damage:0;marker:0	independent_multi_context_canonical	"པ་སངས་བྲུ་ pa saṅs bit ""Sohn der Venus"", Bez."
བྲུ	bru	bu	canonical_independent_strong	1	DEL r	candidate_review	domain_risk	ordinary_tibetan_lexical_or_compound:1;unclear:1	damage:1;marker:0	independent_multi_context_canonical	"nis"" (brDa); 60// than (Dagy). བྲུ་ 'bru fut. zu 1 7777/ graben, ausgraben, boh- || ein Bild gemalt haben, eine Skulptur aus Ton བྲུ་ bru Magen."
བྲུ	brud	bu	canonical_independent_strong	1	DEL r;DEL d	candidate_review;diagnostic_only	multiple_signatures_missing	ordinary_tibetan_lexical_or_compound:1	damage:0;marker:0	independent_multi_context_canonical	བྲུ * brud pf. und fur. zu /?/)777 kratzen, scha-
བྲུ	brug	bu	canonical_independent_strong	1	DEL r;DEL g	candidate_review;diagnostic_only	multiple_signatures_missing	ordinary_tibetan_lexical_or_compound:1	damage:0;marker:0	independent_multi_context_canonical	བྲུ › 'brug ansteigen, hochsteigen, sich aus-
བྲེད	byed	bred	canonical_independent_strong	1	SUB y→r	diagnostic_only	one_signature_missing	ordinary_tibetan_lexical_or_compound:1	damage:0;marker:0	independent_multi_context_canonical	བར་གྲི་གསའ་བྲེད་ bar gi gsal byed
བྲེད	dag	bred	canonical_independent_strong	0	INS bre;DEL ag	diagnostic_only;diagnostic_only	domain_risk	unclear:1	damage:0;marker:0	independent_multi_context_canonical	'བྲེད་ཁྲས་ཁང་གླེང་ dag byed khrus khan glin
བྲེལ	thel	brel	canonical_independent_strong	1	SUB t→b;SUB h→r	diagnostic_only;diagnostic_only	multiple_signatures_missing	ordinary_tibetan_lexical_or_compound:1	damage:0;marker:0	independent_multi_context_canonical	བྲེལ། thel ein Dämon.
བྲོར	bon	zor	canonical_independent_strong	1	SUB b→z;SUB n→r	diagnostic_only;diagnostic_only	domain_risk	tibetan_proper_name:1	damage:0;marker:0	independent_multi_context_canonical	བྲོར་རི་ bon ri npr. ein Berg; — chen po dass.,
བྲོར	thom	zor	canonical_independent_strong	1	REPLACE th→z;SUB m→r	diagnostic_only;diagnostic_only	multiple_signatures_missing	ordinary_tibetan_lexical_or_compound:1	damage:0;marker:0	independent_multi_context_canonical	བམ་བྲོར། tham thom auch tham me thom me
བྲོར	thos	zor	canonical_independent_strong	1	REPLACE th→z;SUB s→r	diagnostic_only;diagnostic_only	multiple_signatures_missing	ordinary_tibetan_lexical_or_compound:1	damage:0;marker:0	independent_multi_context_canonical	མཁོང་བྲོར།” mthon thos „sehen und hören“; = su
བྲོས	thom	bros	canonical_independent_strong	1	SUB t→b;SUB h→r;SUB m→s	diagnostic_only;diagnostic_only;diagnostic_only	multiple_signatures_missing	ordinary_tibetan_lexical_or_compound:1	damage:0;marker:0	independent_multi_context_canonical	པོམ་བྲོས།་ར།་ thom thom pa verwirrt.
བྲོས	thos	bros	canonical_independent_strong	1	SUB t→b;SUB h→r	diagnostic_only;diagnostic_only	multiple_signatures_missing	ordinary_tibetan_lexical_or_compound:1	damage:0;marker:0	independent_multi_context_canonical	བྲོས་པས་གྲོལ་བ་ thos pas grol ba Tthos grol.
བླན	Hlan	blan	canonical_independent_strong	1	SUB H→b	diagnostic_only	one_signature_missing	ordinary_tibetan_lexical_or_compound:1	damage:0;marker:0	independent_multi_context_canonical	བླན་ Hlan
བླན	blon	blan	canonical_independent_strong	1	SUB o→a	candidate_review	one_signature_missing	ordinary_tibetan_lexical_or_compound:1	damage:0;marker:0	independent_multi_context_canonical	བླན་ཆེན་གུར་དཀར་ཕུག་ blon chen gur dkar phug
བླས	Beiname	blas	canonical_independent_strong	0	REPLACE Bein→bl;REPLACE me→s	diagnostic_only;diagnostic_only	domain_risk	unclear:1	damage:1;marker:0	independent_multi_context_canonical	བསྡ་ལན་བླས་ stobs /72)7 bslu Beiname Visnus.
བླས	V’chi	blas	canonical_independent_strong	0	REPLACE V’chi→blas	diagnostic_only	alignment_or_damage	ordinary_tibetan_lexical_or_compound:1	damage:1;marker:0	independent_multi_context_canonical	འཆི་བླས་ chi /$/¢ V’chi ba bslu ba.
བླས	blos	blas	canonical_independent_strong	1	SUB o→a	candidate_review	one_signature_missing	ordinary_tibetan_lexical_or_compound:1	damage:0;marker:0	independent_multi_context_canonical	བླས་འཇུན་ blos 'jun bewältigen, beherrschen,
བླུག	bblug	blug	canonical_independent_strong	1	DEL b	candidate_review	one_signature_missing	ordinary_tibetan_lexical_or_compound:1	damage:0;marker:0	independent_multi_context_canonical	བླུག་ bblug !blugs.
བླུག	bluggzar	blug	canonical_independent_strong	1	DEL gzar	diagnostic_only	one_signature_missing	ordinary_tibetan_lexical_or_compound:1	damage:0;marker:0	independent_multi_context_canonical	བླུག་གཟར་ bluggzar \blugs gzar.
བླུགས	bblugs	blugs	canonical_independent_strong	1	DEL b	candidate_review	one_signature_missing	ordinary_tibetan_lexical_or_compound:1	damage:0;marker:0	independent_multi_context_canonical	"བླུགས་གཟར་ bblugs gzar auch gzar ""Gieß-"
བྷ	bhaga	bha	canonical_independent_strong	1	DEL ga	diagnostic_only	one_signature_missing	ordinary_tibetan_lexical_or_compound:1	damage:0;marker:0	independent_multi_context_canonical	བྷ་ག་ bhaga Tba ga.
བྷ	bhala	bha	canonical_independent_strong	1	DEL la	diagnostic_only	domain_risk	sanskrit_or_indic_transcription:1	damage:0;marker:0	independent_multi_context_canonical	བྷ་ལ་ཀ་ bhala ka Bär, skt. bhalluka.
བྷ	bham	bha	canonical_independent_strong	1	DEL m	diagnostic_only	domain_risk	tibetan_proper_name:1	damage:0;marker:0	independent_multi_context_canonical	མ་ནུ་བྷ་ག་ ma nu bham ga npr. ein Berg.
བྷ	dha	bha	canonical_independent_strong	1	SUB d→b	diagnostic_only	one_signature_missing	ordinary_tibetan_lexical_or_compound:1	damage:0;marker:0	independent_multi_context_canonical	དྷེ་བ་བྷ་རུ་ dhe ba dha ru Tde ba dā ru.
བྷ	gha	bha	canonical_independent_strong	1	SUB g→b	diagnostic_only	one_signature_missing	ordinary_tibetan_lexical_or_compound:1	damage:0;marker:0	independent_multi_context_canonical	གྷ་ངྷ་བྷ་རི་ gha dha gha ri ein Musikinstrument.
མཁར	mar	mkhar	canonical_independent_strong	1	INS kh	diagnostic_only	one_signature_missing	ordinary_tibetan_lexical_or_compound:1	damage:0;marker:0	independent_multi_context_canonical	མཁར་སྣརམ། mar so ma
མཁར	mkhur	mkhar	canonical_independent_strong	1	SUB u→a	candidate_review	one_signature_missing	ordinary_tibetan_lexical_or_compound:1	damage:0;marker:0	independent_multi_context_canonical	མཁར་འཛུམ་པ་ mkhur ’dzum pa ein wenig lä-
མཁས	mkbas	mkhas	canonical_independent_strong	1	SUB b→h	candidate_review	one_signature_missing	ordinary_tibetan_lexical_or_compound:1	damage:0;marker:0	independent_multi_context_canonical	སྨྲ་མཁས་ smra mkbas.
མཁྱེན	allwissend	mkhyen	canonical_independent_strong	0	REPLACE allwiss→mkhy;DEL d	diagnostic_only;diagnostic_only	domain_risk	sanskrit_or_indic_transcription:1	damage:1;marker:0	independent_multi_context_canonical	ཀུན་མཁྱེན་ kun /77/5/77/07 allwissend. -~ für skt. sa-
མཁྱེན	id	mkhyen	canonical_independent_strong	0	REPLACE id→mkhyen	diagnostic_only	alignment_or_damage	ordinary_tibetan_lexical_or_compound:1	damage:1;marker:0	independent_multi_context_canonical	ཀུན་མཁྱེན་ཉིད་ kun /777/7)/67 üid Allwissenheit. —
མགར	mgur	mgar	canonical_independent_strong	1	SUB u→a	candidate_review	one_signature_missing	ordinary_tibetan_lexical_or_compound:1	damage:0;marker:0	independent_multi_context_canonical	མགར་ཆུ་ mgur chun Grundlage, auf der die
མགལ	ingal	mgal	canonical_independent_strong	1	REPLACE in→m	diagnostic_only	one_signature_missing	ordinary_tibetan_lexical_or_compound:1	damage:0;marker:0	independent_multi_context_canonical	མགལ་པ་ ingal ba
མགལ	mgul	mgal	canonical_independent_strong	1	SUB u→a	candidate_review	one_signature_missing	ordinary_tibetan_lexical_or_compound:1	damage:0;marker:0	independent_multi_context_canonical	མགལ་ཆུ་ mgul chu Halsschmuck.
མགལ	mmgal	mgal	canonical_independent_strong	1	DEL m	diagnostic_only	one_signature_missing	ordinary_tibetan_lexical_or_compound:1	damage:0;marker:0	independent_multi_context_canonical	མགལ་པ་ mmgal pa
མགོ	RAT	mgo	canonical_independent_strong	1	SUB R→m;SUB A→g;SUB T→o	diagnostic_only;diagnostic_only;diagnostic_only	multiple_signatures_missing	ordinary_tibetan_lexical_or_compound:1	damage:0;marker:0	independent_multi_context_canonical	མགོ་ RAT mgo ’khrul
མགོ	SAYS	mgo	canonical_independent_strong	1	REPLACE SAYS→mgo	diagnostic_only	one_signature_missing	ordinary_tibetan_lexical_or_compound:1	damage:0;marker:0	independent_multi_context_canonical	མགོ་ SAYS mgo müam gleichstellen, verein-
མགོ	age	mgo	canonical_independent_strong	1	SUB a→m;SUB e→o	diagnostic_only;diagnostic_only	multiple_signatures_missing	ordinary_tibetan_lexical_or_compound:1	damage:0;marker:0	independent_multi_context_canonical	མགོ་ age mgo bsnol das Überwinden.
མགོ	ar	mgo	canonical_independent_strong	1	REPLACE ar→mgo	diagnostic_only	one_signature_missing	ordinary_tibetan_lexical_or_compound:1	damage:0;marker:0	independent_multi_context_canonical	མགོ་ ar mgo khrol (zw.) eine Krankheit.
མགོ	astr	mgo	canonical_independent_strong	0	REPLACE astr→mgo	diagnostic_only	domain_risk	unclear:1	damage:0;marker:0	independent_multi_context_canonical	ཉང་ངུའི་རྩིས་མགོ་ nun /7//7 risis mgo astr.
མགོ	gi	mgo	canonical_independent_strong	0	INS m;SUB i→o	diagnostic_only;diagnostic_only	domain_risk	unclear:1	damage:1;marker:0	independent_multi_context_canonical	a ་གི་མགོ་ཅ . brug gi /7/900 can
མགོ	ingo	mgo	canonical_independent_strong	1	REPLACE in→m	diagnostic_only	one_signature_missing	ordinary_tibetan_lexical_or_compound:1	damage:0;marker:0	independent_multi_context_canonical	མགོ་བཀད་ ingo bad
མགོ	stag	mgo	canonical_independent_strong	1	REPLACE sta→m;INS o	diagnostic_only;diagnostic_only	multiple_signatures_missing	ordinary_tibetan_lexical_or_compound:1	damage:0;marker:0	independent_multi_context_canonical	"སྟག་མགོ་ STAAT stag mgo me ""bar"
མགོ	zmgo	mgo	canonical_independent_strong	1	DEL z	diagnostic_only	one_signature_missing	ordinary_tibetan_lexical_or_compound:1	damage:0;marker:0	independent_multi_context_canonical	མགོ་བཏགས་ zmgo btags
མགོན	Unterst	mgon	canonical_independent_strong	0	REPLACE U→mgo;DEL terst	diagnostic_only;diagnostic_only	domain_risk	unclear:1	damage:1;marker:0	independent_multi_context_canonical	ཉེ་མགོན་ 770 mgon Unterstützung; ༨ bgyid sich
མགོན	migon	mgon	canonical_independent_strong	1	DEL i	candidate_review	one_signature_missing	ordinary_tibetan_lexical_or_compound:1	damage:0;marker:0	independent_multi_context_canonical	དཔལ་མགོན་ dpal migon.
མགྱོགས	mgos	mgyogs	canonical_independent_strong	1	INS y;INS g	diagnostic_only;diagnostic_only	multiple_signatures_missing	ordinary_tibetan_lexical_or_compound:1	damage:0;marker:0	independent_multi_context_canonical	མྱུར་མགྱོགས་ myur mgos
མགྱོགས	mo	mgyogs	canonical_independent_strong	1	INS gy;INS gs	diagnostic_only;diagnostic_only	multiple_signatures_missing	ordinary_tibetan_lexical_or_compound:1	damage:0;marker:0	independent_multi_context_canonical	་མོ་མགྱོགས་བྱེད་ mag mo mgyogs byed
མགྲིན	an	mgrin	canonical_independent_strong	1	REPLACE a→mgri	diagnostic_only	one_signature_missing	ordinary_tibetan_lexical_or_compound:1	damage:0;marker:0	independent_multi_context_canonical	སྙན་མགྲིན་ süan mgrin Bez. für den weißen
མགྲིན	nigrin	mgrin	canonical_independent_strong	1	REPLACE ni→m	diagnostic_only	one_signature_missing	ordinary_tibetan_lexical_or_compound:1	damage:0;marker:0	independent_multi_context_canonical	དཔལ་མགྲིན་ dpal nigrin Beiname Mahesvaras.
མགྲོན	bu	mgron	canonical_independent_strong	0	REPLACE bu→mgron	diagnostic_only	alignment_or_damage	ordinary_tibetan_lexical_or_compound:1	damage:1;marker:0	independent_multi_context_canonical	མགྲོན་བུ་ 277797-077 bu \’gron bu.
མངལ	mal	mnal	canonical_independent_strong	1	INS n	diagnostic_only	one_signature_missing	ordinary_tibetan_lexical_or_compound:1	damage:0;marker:0	independent_multi_context_canonical	མངལ་ཆགས་ mal chags Empfängnis; - ma
མངལ	mmal	mnal	canonical_independent_strong	1	SUB m→n	diagnostic_only	one_signature_missing	ordinary_tibetan_lexical_or_compound:1	damage:0;marker:0	independent_multi_context_canonical	པདྨའི་མངལ་བྱུང་ padma’i mmal byuṅ auch pad
མཆུ	Schnabel	mchu	canonical_independent_strong	0	SUB S→m;REPLACE nabel→u	diagnostic_only;diagnostic_only	domain_risk	unclear:1	damage:1;marker:0	independent_multi_context_canonical	ཀང་ཀའི་མཆུ་ kan /%'7 mchu „Schnabel des
མཆུ	mchn	mchu	canonical_independent_strong	1	SUB n→u	diagnostic_only	one_signature_missing	ordinary_tibetan_lexical_or_compound:1	damage:0;marker:0	independent_multi_context_canonical	མཆུ་དམར་ mchn dmar.
མཆུ	mehn	mchu	canonical_independent_strong	1	SUB e→c;SUB n→u	diagnostic_only;diagnostic_only	multiple_signatures_missing	ordinary_tibetan_lexical_or_compound:1	damage:0;marker:0	independent_multi_context_canonical	བྱ་མཆུ་ bya mehn.
མཆུ	mehu	mchu	canonical_independent_strong	1	SUB e→c	diagnostic_only	one_signature_missing	ordinary_tibetan_lexical_or_compound:1	damage:0;marker:0	independent_multi_context_canonical	སྦྲང་བུ་མཆུ་རིང་ sbraṅ bu mehu riṅ
མཆེད	mchid	mched	canonical_independent_strong	1	SUB i→e	diagnostic_only	one_signature_missing	ordinary_tibetan_lexical_or_compound:1	damage:0;marker:0	independent_multi_context_canonical	མོལ་མཆེད་ mol mchid sich unterhalten, sich
མཆོད	Na	mchod	canonical_independent_strong	1	REPLACE Na→mchod	diagnostic_only	one_signature_missing	ordinary_tibetan_lexical_or_compound:1	damage:0;marker:0	independent_multi_context_canonical	མཆོད་ Na’ mchod yon
མཆོད	gtor	mchod	canonical_independent_strong	0	REPLACE gt→mch;SUB r→d	diagnostic_only;diagnostic_only	alignment_or_damage	ordinary_tibetan_lexical_or_compound:1	damage:1;marker:0	independent_multi_context_canonical	མཆོད་གཏོར་ ༡༡༠༠ gtor gTor-ma als Opfer-
མཆོད	ma	mchod	canonical_independent_strong	1	REPLACE a→chod	diagnostic_only	one_signature_missing	ordinary_tibetan_lexical_or_compound:1	damage:0;marker:0	independent_multi_context_canonical	་མ་མཆོད་པ་ bla ma mchod pa tbla mchod.
མཆོད	mehod	mchod	canonical_independent_strong	1	SUB e→c	diagnostic_only	one_signature_missing	ordinary_tibetan_lexical_or_compound:1	damage:0;marker:0	independent_multi_context_canonical	"མཆོད་རྟེན་ལོ་མ ""mehod rten lo ma"
མཆོད	sbyin	mchod	canonical_independent_strong	0	SUB s→m;SUB b→c;SUB y→h;SUB i→o;SUB n→d	diagnostic_only;diagnostic_only;diagnostic_only;diagnostic_only;diagnostic_only	domain_risk	unclear:1	damage:1;marker:0	independent_multi_context_canonical	མཆོད་སྦྱིན་སྐྱེས་བུ་ /77070/7 sbyin skyes bu Beiname
མཇལ	mal	mjal	canonical_independent_strong	1	INS j	diagnostic_only	one_signature_missing	ordinary_tibetan_lexical_or_compound:1	damage:0;marker:0	independent_multi_context_canonical	ཕྱག་མཇལ་ phyag mal Begrüßungsgeschenk.
མཇུག	Schlangenschwanz	mjug	canonical_independent_strong	1	REPLACE Schlan→mju;DEL enschwanz	diagnostic_only;diagnostic_only	multiple_signatures_missing	ordinary_tibetan_lexical_or_compound:1	damage:0;marker:0	independent_multi_context_canonical	ལ་མཇུག་ sbrulmjug Schlangenschwanz.
མཇུག	geig	mjug	canonical_independent_strong	0	INS mju;DEL eig	diagnostic_only;diagnostic_only	alignment_or_damage	ordinary_tibetan_lexical_or_compound:1	damage:1;marker:0	independent_multi_context_canonical	གཅིག་མཇུག་གཅིག་ 9079 mjug geig wununter-
མཇུག	ming	mjug	canonical_independent_strong	1	SUB i→j;SUB n→u	diagnostic_only;diagnostic_only	multiple_signatures_missing	ordinary_tibetan_lexical_or_compound:1	damage:0;marker:0	independent_multi_context_canonical	"མཇུག་སྙང་ ming sin auch ""ug säin Herzstück"
མཇུག	mjng	mjug	canonical_independent_strong	1	SUB n→u	diagnostic_only	one_signature_missing	ordinary_tibetan_lexical_or_compound:1	damage:0;marker:0	independent_multi_context_canonical	གདོང་མཇུག་ gdoṅ mjng die beiden Mondkno-
མཇུག	mug	mjug	canonical_independent_strong	1	INS j	diagnostic_only	one_signature_missing	ordinary_tibetan_lexical_or_compound:1	damage:0;marker:0	independent_multi_context_canonical	ནམ་མཇུག་ nam mug.
མཇུག	sdud	mjug	canonical_independent_strong	0	SUB s→m;SUB d→j;SUB d→g	diagnostic_only;diagnostic_only;diagnostic_only	domain_risk	unclear:1	damage:1;marker:0	independent_multi_context_canonical	མཇུག་རྡད་ 78 sdud Zusammenfassung, Ab-
མཐའ	grenzenlos	mtha	canonical_independent_strong	1	REPLACE grenzenlos→mtha	diagnostic_only	one_signature_missing	ordinary_tibetan_lexical_or_compound:1	damage:0;marker:0	independent_multi_context_canonical	ཕ་མཐའ་ཡས་ phamtha'yas grenzenlos, endlos,
མཐའ	imtha	mtha	canonical_independent_strong	1	DEL i	candidate_review	domain_risk	sanskrit_or_indic_transcription:1	damage:0;marker:0	independent_multi_context_canonical	ཏིང་མཐའ་ tiṅ imtha’ finites Verb, skt. tinanta.
མཐའ	miha	mtha	canonical_independent_strong	1	SUB i→t	candidate_review	one_signature_missing	ordinary_tibetan_lexical_or_compound:1	damage:0;marker:0	independent_multi_context_canonical	"གནམ་མཐའ་འག་ gram miha og ""unter dem"
མཐའ	mitha	mtha	canonical_independent_strong	1	DEL i	candidate_review	one_signature_missing	ordinary_tibetan_lexical_or_compound:1	damage:0;marker:0	independent_multi_context_canonical	ནག་ཕྱོགས་མཐའ་ nag phyogs mitha' Bez. für den des Yama (Neb 85).
མཐའ	mtha'yas	mtha	canonical_independent_strong	1	DEL 'yas	diagnostic_only	one_signature_missing	ordinary_tibetan_lexical_or_compound:1	damage:0;marker:0	independent_multi_context_canonical	"རྣམ་ཤེས་མཐའ་ཡས་ rnam Ses mtha'yas ""Unend-"
མཐའ	mucha	mtha	canonical_independent_strong	1	REPLACE uc→t	diagnostic_only	one_signature_missing	ordinary_tibetan_lexical_or_compound:1	damage:0;marker:0	independent_multi_context_canonical	མཐའ་འགེགས་ mucha’ 'gegs
མཐའ	zntha	mtha	canonical_independent_strong	1	REPLACE zn→m	diagnostic_only	one_signature_missing	ordinary_tibetan_lexical_or_compound:1	damage:0;marker:0	independent_multi_context_canonical	མཐའ་ཡས་ zntha’ yas
མཐར	imthar	mthar	canonical_independent_strong	1	DEL i	candidate_review	one_signature_missing	ordinary_tibetan_lexical_or_compound:1	damage:0;marker:0	independent_multi_context_canonical	མཐར་འབྱིན་པ་ imthar 'byin pa beendend; vgl.
མཐར	pithar	mthar	canonical_independent_strong	1	REPLACE pi→m	diagnostic_only	one_signature_missing	ordinary_tibetan_lexical_or_compound:1	damage:0;marker:0	independent_multi_context_canonical	མཐར་བྱས་ pithar byas
མཐོ	dman	mtho	canonical_independent_strong	0	DEL d;REPLACE an→tho	diagnostic_only;diagnostic_only	alignment_or_damage	ordinary_tibetan_lexical_or_compound:1	damage:1;marker:0	independent_multi_context_canonical	མཐོ་དམན་ /77//70 dman Höhe; Größe.
མཐོ	mtbo	mtho	canonical_independent_strong	1	SUB b→h	candidate_review	one_signature_missing	ordinary_tibetan_lexical_or_compound:1	damage:0;marker:0	independent_multi_context_canonical	"མཐོ་ཁྱ་ྱ་ས།ས། mtbo btsams pf. zu Imtho ""tshams."
མཐོང	Mond	mthoṅ	canonical_independent_strong	1	REPLACE M→mth;REPLACE nd→ṅ	diagnostic_only;diagnostic_only	multiple_signatures_missing	ordinary_tibetan_lexical_or_compound:1	damage:0;marker:0	independent_multi_context_canonical	མ།ཁར་མཐོང་ mkhar mthon Mond.
མཐོང	Vorausschau	mthoṅ	canonical_independent_strong	0	REPLACE V→mth;REPLACE rausschau→ṅ	diagnostic_only;diagnostic_only	domain_risk	unclear:1	damage:1;marker:0	independent_multi_context_canonical	སྔོན་མཐོང་ $77077 mthon Vorausschau, Vorher-
མདུན	ndun	mdun	canonical_independent_strong	1	SUB n→m	diagnostic_only	one_signature_missing	ordinary_tibetan_lexical_or_compound:1	damage:0;marker:0	independent_multi_context_canonical	མདུན་བསུ་ ndun bsu begrüßen, empfangen.
མན	Na	man	canonical_independent_strong	1	SUB N→m;INS n	diagnostic_only;diagnostic_only	multiple_signatures_missing	ordinary_tibetan_lexical_or_compound:1	damage:0;marker:0	independent_multi_context_canonical	མན Na Ans monsran dkar auch mon Stan ka
མན	mantsam	man	canonical_independent_strong	1	DEL tsam	diagnostic_only	one_signature_missing	ordinary_tibetan_lexical_or_compound:1	damage:0;marker:0	independent_multi_context_canonical	མན་ཙམ་ན་ mantsam na etwas unterhalb von.
མན	min	man	canonical_independent_strong	1	SUB i→a	diagnostic_only	one_signature_missing	ordinary_tibetan_lexical_or_compound:1	damage:0;marker:0	independent_multi_context_canonical	ཏྟན་མན་ ston min Bez. der Schule des chi-
མན	mmon	man	canonical_independent_strong	1	REPLACE mo→a	diagnostic_only	one_signature_missing	ordinary_tibetan_lexical_or_compound:1	damage:0;marker:0	independent_multi_context_canonical	མན་སྨྲ་ mmon sma Gemüse.
མན	mon	man	canonical_independent_strong	1	SUB o→a	candidate_review	domain_risk	tibetan_proper_name:1	damage:0;marker:0	independent_multi_context_canonical	མན་དྲྭ་ mon dre Tmon gre. མོན་བུ་མཐིང་ནག་ mon bu /////777)7 nag npr. eine
མནར	ba	mnar	canonical_independent_strong	0	REPLACE b→mn;INS r	diagnostic_only;diagnostic_only	domain_risk	unclear:1	damage:1;marker:0	independent_multi_context_canonical	ཀུན་ནས་མནར་བ་ kun 7745 mnar ba „ganz gequält
མཛད	mjad	mdzad	canonical_independent_strong	1	REPLACE j→dz	diagnostic_only	one_signature_missing	ordinary_tibetan_lexical_or_compound:1	damage:0;marker:0	independent_multi_context_canonical	ཀུན་སྐེམས་པར་མཛད་པ་ kun skems par mjad pa
མཛད	sich	mdzad	canonical_independent_strong	0	REPLACE sich→mdzad	diagnostic_only	domain_risk	unclear:1	damage:1;marker:0	independent_multi_context_canonical	གཉའ་མཛད་ 977 mdzad sich um jmdn.
མཛེས	dga	mdzes	canonical_independent_strong	0	INS m;REPLACE ga→zes	diagnostic_only;diagnostic_only	alignment_or_damage	ordinary_tibetan_lexical_or_compound:1	damage:1;marker:0	independent_multi_context_canonical	ཀ་ཤི་མཛེས་དགའ་མོ་ ka 47 mdzes dga’ mo N. einer
མཛེས	mdog	mdzes	canonical_independent_strong	1	REPLACE og→zes	diagnostic_only	one_signature_missing	ordinary_tibetan_lexical_or_compound:1	damage:0;marker:0	independent_multi_context_canonical	ཊིཏོག་མདོག་མཛེས་ me tog mdog mdzes eine
མཛོད	mdeod	mdzod	canonical_independent_strong	1	SUB e→z	diagnostic_only	one_signature_missing	ordinary_tibetan_lexical_or_compound:1	damage:0;marker:0	independent_multi_context_canonical	གཏེར་མཛོད་ gter mdeod Schatzkammer.
མཛོད	ndzod	mdzod	canonical_independent_strong	1	SUB n→m	diagnostic_only	one_signature_missing	ordinary_tibetan_lexical_or_compound:1	damage:0;marker:0	independent_multi_context_canonical	ཕྱི་མཛོད་ phyi ndzod
མར	Kuhbutter	mar	canonical_independent_strong	1	REPLACE Kuhbutte→ma	diagnostic_only	one_signature_missing	ordinary_tibetan_lexical_or_compound:1	damage:0;marker:0	independent_multi_context_canonical	བ་མར་ bamar Kuhbutter.
མར	cine	mar	canonical_independent_strong	1	REPLACE cine→mar	diagnostic_only	one_signature_missing	ordinary_tibetan_lexical_or_compound:1	damage:0;marker:0	independent_multi_context_canonical	མར་དས ༡ cine Last Butter.
མར	marbya	mar	canonical_independent_strong	1	DEL bya	diagnostic_only	one_signature_missing	ordinary_tibetan_lexical_or_compound:1	damage:0;marker:0	independent_multi_context_canonical	"བླ་མར་བྱ་ bla marbya fut. zu bla mar byed ""zur"
མར	marnag	mar	canonical_independent_strong	1	DEL nag	diagnostic_only	one_signature_missing	ordinary_tibetan_lexical_or_compound:1	damage:0;marker:0	independent_multi_context_canonical	མར་ནག་ marnag Fett, Öl.
མལ	malsten	mal	canonical_independent_strong	1	DEL sten	diagnostic_only	one_signature_missing	ordinary_tibetan_lexical_or_compound:1	damage:0;marker:0	independent_multi_context_canonical	མལ་སྟེན་ malsten Tmal stan.
མལ	u	mal	canonical_independent_strong	1	REPLACE u→mal	diagnostic_only	one_signature_missing	ordinary_tibetan_lexical_or_compound:1	damage:0;marker:0	independent_multi_context_canonical	མལ་ u ber
མིང	liṅ	miṅ	canonical_independent_strong	1	SUB l→m	diagnostic_only	domain_risk	sanskrit_or_indic_transcription:1	damage:0;marker:0	independent_multi_context_canonical	པི་པི་མིང་ pi pi liṅ auch pi lin Langpfeffer, skt.
མིང	med	miṅ	canonical_independent_strong	1	SUB e→i;SUB d→ṅ	diagnostic_only;diagnostic_only	multiple_signatures_missing	ordinary_tibetan_lexical_or_compound:1	damage:0;marker:0	independent_multi_context_canonical	མིང་འབྲམ་ནྲག་པོ་ med 'bum nag po He
མིང	mi	miṅ	canonical_independent_strong	1	INS ṅ	diagnostic_only	one_signature_missing	ordinary_tibetan_lexical_or_compound:1	damage:0;marker:0	independent_multi_context_canonical	ཕ་མིང་ 'pha mi
མིང	mir	miṅ	canonical_independent_strong	2	SUB r→ṅ	candidate_review	one_signature_missing	ordinary_tibetan_lexical_or_compound:2	damage:0;marker:0	independent_multi_context_canonical	"མིང་གྲགས་ཆེ་བ་ mir grags che ba sehr berühmt, || མིང་འདི་ཞེས་བགྱི་བ་ mir di zes bgyi ba ""der so"
མིང	mmiṅ	miṅ	canonical_independent_strong	1	DEL m	diagnostic_only	one_signature_missing	ordinary_tibetan_lexical_or_compound:1	damage:0;marker:0	independent_multi_context_canonical	མིང་བྱང་བཞུ་བ་ mmiṅ Dyari ba Zeremonie für
མིན	mm	min	canonical_independent_strong	1	REPLACE m→in	diagnostic_only	one_signature_missing	ordinary_tibetan_lexical_or_compound:1	damage:0;marker:0	independent_multi_context_canonical	མིན་ mm
མུག	Schmatzen	mug	canonical_independent_strong	1	DEL Sch;REPLACE atzen→ug	diagnostic_only;diagnostic_only	multiple_signatures_missing	ordinary_tibetan_lexical_or_compound:1	damage:0;marker:0	independent_multi_context_canonical	མུག་མུག་ mugmug Schmatzen.
མུག	mugma	mug	canonical_independent_strong	1	DEL ma	diagnostic_only	one_signature_missing	ordinary_tibetan_lexical_or_compound:1	damage:0;marker:0	independent_multi_context_canonical	མུག་མ་ mugma Wurm.
མུག	mugmug	mug	canonical_independent_strong	1	DEL mug	diagnostic_only	one_signature_missing	ordinary_tibetan_lexical_or_compound:1	damage:0;marker:0	independent_multi_context_canonical	མུག་མུག་ mugmug Schmatzen.
མུག	mugpa	mug	canonical_independent_strong	1	DEL pa	diagnostic_only	one_signature_missing	ordinary_tibetan_lexical_or_compound:1	damage:0;marker:0	independent_multi_context_canonical	མུག་པ་ mugpa cin Insekt, Motte, Wurm.
མུག	mugre	mug	canonical_independent_strong	1	DEL re	diagnostic_only	one_signature_missing	ordinary_tibetan_lexical_or_compound:1	damage:0;marker:0	independent_multi_context_canonical	མག་མུག་རེ་ mag mugre mehr oder weniger, ci-
མུས	Imus	mus	canonical_independent_strong	0	DEL I	diagnostic_only	alignment_or_damage	ordinary_tibetan_lexical_or_compound:1	damage:0;marker:1	independent_multi_context_canonical	མུས་ Imus
མུས	mu	mus	canonical_independent_strong	1	INS s	diagnostic_only	one_signature_missing	ordinary_tibetan_lexical_or_compound:1	damage:0;marker:0	independent_multi_context_canonical	མུས་ར་གལ་པ་ mu sa ra gal ba auch mu sa
མེག	byaṅ	mig	canonical_independent_strong	1	REPLACE byaṅ→mig	diagnostic_only	one_signature_missing	ordinary_tibetan_lexical_or_compound:1	damage:0;marker:0	independent_multi_context_canonical	མེག་སྨན byaṅ bwi mig sman \byani
མེག	ig	mig	canonical_independent_strong	1	INS m	diagnostic_only	one_signature_missing	ordinary_tibetan_lexical_or_compound:1	damage:0;marker:0	independent_multi_context_canonical	མེག་སྨན་མཇུག་མ་ ig sman mjug ma
མེག	mans	mig	canonical_independent_strong	0	REPLACE ans→ig	diagnostic_only	alignment_or_damage	ordinary_tibetan_lexical_or_compound:1	damage:1;marker:0	independent_multi_context_canonical	མེག་མངས་རིས་ ༡༩༩ mans ris cin gleichmä-
མེག	mg	mig	canonical_independent_strong	1	INS i	diagnostic_only	one_signature_missing	ordinary_tibetan_lexical_or_compound:1	damage:0;marker:0	independent_multi_context_canonical	མེག་ལྤགས་ mg lpags Augenlid
མོང	dban	moṅ	canonical_independent_strong	1	REPLACE dban→moṅ	diagnostic_only	one_signature_missing	ordinary_tibetan_lexical_or_compound:1	damage:0;marker:0	independent_multi_context_canonical	མ།ཁའ་མོང་ངཔང་ལོ་ mkha’ spyod dban po Beina-
མོང	mongalgyibu	moṅ	canonical_independent_strong	1	REPLACE ngalgyibu→ṅ	diagnostic_only	one_signature_missing	ordinary_tibetan_lexical_or_compound:1	damage:0;marker:0	independent_multi_context_canonical	མོང་གལ་གྱི་བུ་ mongalgyibu Imand galgyi bu.
མོང	mthon	moṅ	canonical_independent_strong	1	DEL th;SUB n→ṅ	diagnostic_only;authorized_role_conditioned	one_signature_missing	ordinary_tibetan_lexical_or_compound:1	damage:0;marker:0	independent_multi_context_canonical	མོང་རྒ་ཆེ་ mthon rgya che weitsichtig, erfah-
མོང	thun	moṅ	canonical_independent_strong	1	REPLACE thun→moṅ	diagnostic_only	one_signature_missing	ordinary_tibetan_lexical_or_compound:1	damage:0;marker:0	independent_multi_context_canonical	"ཐུན་མོང་ EN"" thun mon chos."
མོད	dmod	mod	canonical_independent_strong	1	DEL d	diagnostic_only	one_signature_missing	ordinary_tibetan_lexical_or_compound:1	damage:0;marker:0	independent_multi_context_canonical	མོད་རློ་ dmod mo auch smod mo Beschwö-
མོད	mand	mod	canonical_independent_strong	1	REPLACE an→o	diagnostic_only	one_signature_missing	ordinary_tibetan_lexical_or_compound:1	damage:0;marker:0	independent_multi_context_canonical	མོད་གལ་གྱི་བུ་ mand gal gyi bu auch man gal gyi
མོན	mmon	mon	canonical_independent_strong	1	DEL m	diagnostic_only	one_signature_missing	ordinary_tibetan_lexical_or_compound:1	damage:0;marker:0	independent_multi_context_canonical	མོན་དར་ mmon dar mon bu pu tra
མོན	mont	mon	canonical_independent_strong	1	DEL t	diagnostic_only	one_signature_missing	ordinary_tibetan_lexical_or_compound:1	damage:0;marker:0	independent_multi_context_canonical	མོན་།ད་ mont pr. cin Tempel
མོན	sy	mon	canonical_independent_strong	1	REPLACE sy→mon	diagnostic_only	one_signature_missing	ordinary_tibetan_lexical_or_compound:1	damage:0;marker:0	independent_multi_context_canonical	མོན་རོ་འ།ཁ།་ 'sy mon mo lag dmar ma npr
མོན	x	mon	canonical_independent_strong	1	REPLACE x→mon	diagnostic_only	one_signature_missing	ordinary_tibetan_lexical_or_compound:1	damage:0;marker:0	independent_multi_context_canonical	མོན་ x mon dar Seide, Rohseide, Seidenge- rnanis kyils) kyani ... 'dod chos rigs gtad than
མོར	phor	mor	canonical_independent_strong	1	REPLACE ph→m	diagnostic_only	one_signature_missing	ordinary_tibetan_lexical_or_compound:1	damage:0;marker:0	independent_multi_context_canonical	མོར་ phor in cp. für lphor pa bzw. lphor bu
མོས	a	mos	canonical_independent_strong	1	REPLACE a→mos	diagnostic_only	one_signature_missing	ordinary_tibetan_lexical_or_compound:1	damage:0;marker:0	independent_multi_context_canonical	མོས་ a mos gus
མོས	miyos	mos	canonical_independent_strong	1	DEL iy	diagnostic_only	one_signature_missing	ordinary_tibetan_lexical_or_compound:1	damage:0;marker:0	independent_multi_context_canonical	མོས་བྱེད་འཁྲེ་ཤིང་ miyos byed 'khri Siṅ Bez. für
མོས	mospaspyod	mos	canonical_independent_strong	1	DEL paspyod	diagnostic_only	one_signature_missing	ordinary_tibetan_lexical_or_compound:1	damage:0;marker:0	independent_multi_context_canonical	མོས་པ་སྤྱོད་པ་ mospaspyod pa Imos spyod.
མོས	myos	mos	canonical_independent_strong	1	DEL y	diagnostic_only	one_signature_missing	ordinary_tibetan_lexical_or_compound:1	damage:0;marker:0	independent_multi_context_canonical	མོས་རྫས།་ myos rdzas berauschendes M;
མྱི	mye	myi	canonical_independent_strong	1	SUB e→i	diagnostic_only	one_signature_missing	ordinary_tibetan_lexical_or_compound:1	damage:0;marker:0	independent_multi_context_canonical	མྱི mye
མྱི	sṅa	myi	canonical_independent_strong	1	SUB s→m;SUB ṅ→y;SUB a→i	diagnostic_only;diagnostic_only;diagnostic_only	multiple_signatures_missing	ordinary_tibetan_lexical_or_compound:1	damage:0;marker:0	independent_multi_context_canonical	མྱི sṅa.
མྱིག	mMYIg	myig	canonical_independent_strong	1	REPLACE MYI→yi	diagnostic_only	one_signature_missing	ordinary_tibetan_lexical_or_compound:1	damage:0;marker:0	independent_multi_context_canonical	མྱིག་ mMYIg
མྱུར	mmyur	myur	canonical_independent_strong	1	DEL m	diagnostic_only	one_signature_missing	ordinary_tibetan_lexical_or_compound:1	damage:0;marker:0	independent_multi_context_canonical	མྱུར་བ་ཉིད་དུ་ mmyur ba nid du myul ma
ཙ	bu	tsa	canonical_independent_strong	1	REPLACE bu→tsa	diagnostic_only	one_signature_missing	ordinary_tibetan_lexical_or_compound:1	damage:0;marker:0	independent_multi_context_canonical	་ཙ་འཕེའ་དང་ bu tsa 'phel rgyud tbu tsha 'phel.
ཙ	nu	tsa	canonical_independent_strong	1	REPLACE nu→tsa	diagnostic_only	one_signature_missing	ordinary_tibetan_lexical_or_compound:1	damage:0;marker:0	independent_multi_context_canonical	ཙ༽ - +» ~ nu པཔ
ཙ	tsaka	tsa	canonical_independent_strong	1	DEL ka	diagnostic_only	one_signature_missing	ordinary_tibetan_lexical_or_compound:1	damage:0;marker:0	independent_multi_context_canonical	བེ་ཙ་ཀ་ be tsaka Türkis.
ཙ	tsara	tsa	canonical_independent_strong	1	DEL ra	diagnostic_only	one_signature_missing	ordinary_tibetan_lexical_or_compound:1	damage:0;marker:0	independent_multi_context_canonical	མོན་ཙ་ར་ mon tsara Imon cha ra.
ཙནྡྲ	tsanidra	tsandra	canonical_independent_strong	1	DEL i	candidate_review	one_signature_missing	ordinary_tibetan_lexical_or_compound:1	damage:0;marker:0	independent_multi_context_canonical	བི་ག་མ་ཙནྡྲ་ bi ga ma tsanidra
ཙམ	dies	tsam	canonical_independent_strong	1	REPLACE die→t;INS am	diagnostic_only;diagnostic_only	multiple_signatures_missing	ordinary_tibetan_lexical_or_compound:1	damage:0;marker:0	independent_multi_context_canonical	འདེ་ཙམ་ 'ditsam dies, nur dies, nur soviel, etwa
ཙམ	na	tsam	canonical_independent_strong	1	REPLACE n→ts;INS m	diagnostic_only;diagnostic_only	multiple_signatures_missing	ordinary_tibetan_lexical_or_compound:1	damage:0;marker:0	independent_multi_context_canonical	མན་ཙམ་ན་ mantsam na etwas unterhalb von.
ཙམ	tsami	tsam	canonical_independent_strong	1	DEL i	candidate_review	one_signature_missing	ordinary_tibetan_lexical_or_compound:1	damage:0;marker:0	independent_multi_context_canonical	ཕྱོགས་ཙམ་ phyogs tsami nur ein wenig, ein biß-
ཙི	chin	tsi	canonical_independent_strong	0	SUB c→t;SUB h→s;DEL n	diagnostic_only;diagnostic_only;diagnostic_only	alignment_or_damage	ordinary_tibetan_lexical_or_compound:1	damage:1;marker:0	independent_multi_context_canonical	ཀུ་ཙི་ ku /7$7 ~ chin. ®T- ku-tzu Hirse.
ཙུག	Isug	tsug	canonical_independent_strong	0	SUB I→t	diagnostic_only	domain_risk	tibetan_proper_name:1	damage:0;marker:1	independent_multi_context_canonical	མར་མོ་ཙུག ད་མ་ mar mo Isug da ma npr. eine als
ཙུག	so	tsug	canonical_independent_strong	1	INS t;REPLACE o→ug	diagnostic_only;diagnostic_only	multiple_signatures_missing	ordinary_tibetan_lexical_or_compound:1	damage:0;marker:0	independent_multi_context_canonical	འདི་ཙུག་ 'ditsug so.
ཙུག	solche	tsug	canonical_independent_strong	1	INS t;REPLACE olche→ug	diagnostic_only;diagnostic_only	multiple_signatures_missing	ordinary_tibetan_lexical_or_compound:1	damage:0;marker:0	independent_multi_context_canonical	ཇི་ཙུག་ jitsug solche.
ཙེ	Tmigtsan	tse	canonical_independent_strong	0	DEL Tmig;REPLACE an→e	diagnostic_only;diagnostic_only	alignment_or_damage	ordinary_tibetan_lexical_or_compound:1	damage:0;marker:1	independent_multi_context_canonical	ཙེ Tmigtsan gi mchodsbyin.
ཙེ	Verhaltens	tse	canonical_independent_strong	1	REPLACE V→ts;DEL rhaltens	diagnostic_only;diagnostic_only	multiple_signatures_missing	ordinary_tibetan_lexical_or_compound:1	damage:0;marker:0	independent_multi_context_canonical	"ཙེ Verhaltens"", eine der !stobs beu"
ཚག	tsbag	tshag	canonical_independent_strong	1	SUB b→h	candidate_review	one_signature_missing	ordinary_tibetan_lexical_or_compound:1	damage:0;marker:0	independent_multi_context_canonical	ཐིགས་ཚག་ thigs tsbag auch thig tshags, thigs
ཚགས	tsbags	tshags	canonical_independent_strong	1	SUB b→h	candidate_review	one_signature_missing	ordinary_tibetan_lexical_or_compound:1	damage:0;marker:0	independent_multi_context_canonical	བུམ་ཚགས་གཅེའུ་ཅན་ bum tsbags gce'u can cine
ཚགས	tshogs	tshags	canonical_independent_strong	1	SUB o→a	candidate_review	one_signature_missing	ordinary_tibetan_lexical_or_compound:1	damage:0;marker:0	independent_multi_context_canonical	ཕུན་སུམ་ཚགས་པ phun sum tshogs pa Kurzf.
ཚང	ishah	tshaṅ	canonical_independent_strong	1	SUB i→t;SUB h→ṅ	candidate_review;authorized_role_conditioned	one_signature_missing	ordinary_tibetan_lexical_or_compound:1	damage:0;marker:0	independent_multi_context_canonical	ནག་ཚང་ nag ishah Kurzf. für nag po'i tshaṅ.
ཚང	tsbaṅ	tshaṅ	canonical_independent_strong	1	SUB b→h	candidate_review	one_signature_missing	ordinary_tibetan_lexical_or_compound:1	damage:0;marker:0	independent_multi_context_canonical	མ་ཡི་ཚང་ཚུངས་ ma yi tsbaṅ tshuris auch ma yi
ཚང	tshani	tshaṅ	canonical_independent_strong	3	REPLACE ni→ṅ	candidate_review	one_signature_missing	ordinary_tibetan_lexical_or_compound:3	damage:0;marker:0	independent_multi_context_canonical	ཕྱག་ཚང་ phyag tshani. || ཕྱག་ཚང་མང་བ་ phyag tshani maṅ ba auch phyag || བྲག་དམར་ཀེའུ་ཚང་ brag dmar ke'u tshani
ཚང	tshari	tshaṅ	canonical_independent_strong	2	REPLACE ri→ṅ	diagnostic_only	one_signature_missing	ordinary_tibetan_lexical_or_compound:2	damage:0;marker:0	independent_multi_context_canonical	བང་ཚང་ buṅ tshari Bienennest. || སྤུག་ཚང་ sbug tshari betrügerisch.
ཚབ	ishab	tshab	canonical_independent_strong	1	SUB i→t	candidate_review	one_signature_missing	ordinary_tibetan_lexical_or_compound:1	damage:0;marker:0	independent_multi_context_canonical	སྐུ་ཚབ་ sku ishab resp.
ཚབ	tsbab	tshab	canonical_independent_strong	1	SUB b→h	candidate_review	domain_risk	tibetan_proper_name:1	damage:0;marker:0	independent_multi_context_canonical	དབྱི་ཚབ་ dbyi tsbab npr. ein Minister.
ཚར	tsbar	tshar	canonical_independent_strong	1	SUB b→h	candidate_review	one_signature_missing	ordinary_tibetan_lexical_or_compound:1	damage:0;marker:0	independent_multi_context_canonical	ཕུན་ཚར་ phun tsbar Fransen, Fadenenden.
ཚིགས	M	tshigs	canonical_independent_strong	0	REPLACE M→tshigs	diagnostic_only	domain_risk	unclear:1	damage:1;marker:0	independent_multi_context_canonical	ཉ་ཡི་ཚིགས་ 74 7/ tshigs Beiname Märas bzw.
ཚིལ	Schweinefett	tshil	canonical_independent_strong	1	SUB S→t;SUB c→s;DEL we;REPLACE nefett→l	diagnostic_only;diagnostic_only;diagnostic_only;diagnostic_only	multiple_signatures_missing	ordinary_tibetan_lexical_or_compound:1	damage:0;marker:0	independent_multi_context_canonical	ཕག་ཚིལ་ phagtshil Schweinefett.
ཚུགས	i	tshugs	canonical_independent_strong	1	REPLACE i→tshugs	diagnostic_only	one_signature_missing	ordinary_tibetan_lexical_or_compound:1	damage:0;marker:0	independent_multi_context_canonical	སྤྱིའི་ཚུགས་ spyři tshugs lspyi'n tshugs.
ཚུད	ishud	tshud	canonical_independent_strong	1	SUB i→t	candidate_review	one_signature_missing	ordinary_tibetan_lexical_or_compound:1	damage:0;marker:0	independent_multi_context_canonical	ནང་ཚུད་ raṅ ishud innerhalb von, in.
ཚེགས	tshigs	tshegs	canonical_independent_strong	1	SUB i→e	diagnostic_only	one_signature_missing	ordinary_tibetan_lexical_or_compound:1	damage:0;marker:0	independent_multi_context_canonical	ཁུ་ཚེགས་ khu tshigs eine Krankheit.
ཚེས	tshis	tshes	canonical_independent_strong	1	SUB i→e	diagnostic_only	one_signature_missing	ordinary_tibetan_lexical_or_compound:1	damage:0;marker:0	independent_multi_context_canonical	ཀྱིམ་གྱི་སོ་ ཚེས་ khyim gyi so tshis Hauswirt-
ཚོམ	tshom	tsbom	canonical_independent_strong	1	SUB h→b	diagnostic_only	one_signature_missing	ordinary_tibetan_lexical_or_compound:1	damage:0;marker:0	independent_multi_context_canonical	ཐེ་ཚོམ་ལོག་གེ་བ་ the tshom log ge ba unsicher.
ཚོས	Tbag	tshos	canonical_independent_strong	0	REPLACE Tbag→tshos	diagnostic_only	alignment_or_damage	ordinary_tibetan_lexical_or_compound:1	damage:0;marker:1	independent_multi_context_canonical	བག་ཚོས་ bagtshos Tbag chos.
ཛ	N	dza	canonical_independent_strong	1	REPLACE N→dza	diagnostic_only	one_signature_missing	ordinary_tibetan_lexical_or_compound:1	damage:0;marker:0	independent_multi_context_canonical	ཛ N np . ir.
ཛ	chuo-tzu	dza	canonical_independent_strong	0	REPLACE chuo-t→d;SUB u→a	diagnostic_only;candidate_review	domain_risk	unclear:1	damage:0;marker:0	independent_multi_context_canonical	tse; vgl. chin. ‡ཛ 7 chuo-tzu.
ཛ	jo	dza	canonical_independent_strong	1	REPLACE jo→dza	diagnostic_only	one_signature_missing	ordinary_tibetan_lexical_or_compound:1	damage:0;marker:0	independent_multi_context_canonical	ཛ་ནང་། jo naṅ eine Lehrtradition des tib.
ཝ	la	wa	canonical_independent_strong	1	SUB l→w	diagnostic_only	domain_risk	tibetan_proper_name:1	damage:0;marker:0	independent_multi_context_canonical	་ལ་ཝ་ཧ་ན bā la wa ha na npr. ein König,
ཝ	r	wa	canonical_independent_strong	1	REPLACE r→wa	diagnostic_only	one_signature_missing	ordinary_tibetan_lexical_or_compound:1	damage:0;marker:0	independent_multi_context_canonical	དུར་ཝ་ dür wa Tdur ba.
ཞང	Zin	źaṅ	canonical_reviewed	1	SUB Z→ź;SUB i→a;SUB n→ṅ	authorized_role_conditioned;diagnostic_only;authorized_role_conditioned	one_signature_missing	ordinary_tibetan_lexical_or_compound:1	damage:0;marker:0	explicit_user_reviewed	ཆུ ཞང་ chu Zin Reisfeld.
ཞང	cog	źaṅ	canonical_reviewed	0	SUB c→ź;SUB o→a;SUB g→ṅ	diagnostic_only;candidate_review;diagnostic_only	alignment_or_damage	ordinary_tibetan_lexical_or_compound:1	damage:1;marker:0	explicit_user_reviewed	སྐ་ཅོག་ཞང་ ska cog 24/) 154 cog Zan.
ཟ	kanon	za	canonical_independent_strong	1	SUB k→z;DEL non	diagnostic_only;diagnostic_only	multiple_signatures_missing	ordinary_tibetan_lexical_or_compound:1	damage:0;marker:0	independent_multi_context_canonical	དཀན་མཆག་ཟ་མཏག nes buddh. kanon. Textes
ཟ	skyes	za	canonical_independent_strong	0	REPLACE skyes→za	diagnostic_only	domain_risk	unclear:1	damage:1;marker:0	independent_multi_context_canonical	དྲི་ཟ་ 8 @?7 za skyes Beiname Sarasvatis.
ཟན	Di	zan	canonical_independent_strong	1	REPLACE Di→zan	diagnostic_only	one_signature_missing	ordinary_tibetan_lexical_or_compound:1	damage:0;marker:0	independent_multi_context_canonical	"ཟན , Di Haare eines Esels [usw.]"" (MigTo"
ཟན	zin	zan	canonical_independent_strong	1	SUB i→a	diagnostic_only	one_signature_missing	ordinary_tibetan_lexical_or_compound:1	damage:0;marker:0	independent_multi_context_canonical	ངས་ཟན nos zin erkennen, wissen.
ཟས	glanz	zas	canonical_independent_strong	1	REPLACE gl→z;REPLACE nz→s	diagnostic_only;diagnostic_only	multiple_signatures_missing	ordinary_tibetan_lexical_or_compound:1	damage:0;marker:0	independent_multi_context_canonical	བག་དྲོ་བྱིན་ཆེ ཟས byin che prächtig, glanz
ཟིན	dwa	zin	canonical_independent_strong	0	SUB d→z;SUB w→i;SUB a→n	diagnostic_only;diagnostic_only;diagnostic_only	domain_risk	unclear:1	damage:0;marker:0	independent_multi_context_canonical	'ཟིན་གྲི་སྲེང་འགྲ་མསས། dwa zin gyi säin 'grams
ཟུག	Hausbauarbeiten	zug	canonical_independent_strong	1	REPLACE Ha→z;REPLACE sbauarbeiten→g	diagnostic_only;diagnostic_only	multiple_signatures_missing	ordinary_tibetan_lexical_or_compound:1	damage:0;marker:0	independent_multi_context_canonical	མ།བར་ཟུག་ mkhar zug Hausbauarbeiten.
ཟེ	Kommission	ze	canonical_independent_strong	1	REPLACE Kommission→ze	diagnostic_only	one_signature_missing	ordinary_tibetan_lexical_or_compound:1	damage:0;marker:0	independent_multi_context_canonical	ཟེ Kommission für zentral- und ostasiatische Studien
ཟེ	zeba	ze	canonical_independent_strong	1	DEL ba	diagnostic_only	one_signature_missing	ordinary_tibetan_lexical_or_compound:1	damage:0;marker:0	independent_multi_context_canonical	པད་མའི་ཟེ་བ་ pad ma'i zeba lpadma'i ze ba.
ཟེར	rje'i	zer	canonical_independent_strong	1	INS ze;DEL je'i	diagnostic_only;diagnostic_only	multiple_signatures_missing	ordinary_tibetan_lexical_or_compound:1	damage:0;marker:0	independent_multi_context_canonical	རྡོརྗེའི་ཟེར་འཕྲོ་ rdo rje'i zer 'phro Bez. für Blitz.
ཟོར	tkon	zor	canonical_independent_strong	0	REPLACE tk→z;SUB n→r	diagnostic_only;diagnostic_only	alignment_or_damage	ordinary_tibetan_lexical_or_compound:1	damage:1;marker:0	independent_multi_context_canonical	ང་ཟོར་ 7267) zor tkon zor.
ཟླ	Gegner	zla	canonical_independent_strong	1	REPLACE Gegner→zla	diagnostic_only	one_signature_missing	ordinary_tibetan_lexical_or_compound:1	damage:0;marker:0	independent_multi_context_canonical	འགལ་ཟླ་ 2¢/ zla Gegner; Widerspruch.
ཟླ	Onkel	zla	canonical_independent_strong	1	REPLACE Onke→z;INS a	diagnostic_only;diagnostic_only	multiple_signatures_missing	ordinary_tibetan_lexical_or_compound:1	damage:0;marker:0	independent_multi_context_canonical	ཕ་ཡི་སྤུན་ཟླ་ ppba spun zla Onkel väterlicher-
ཟླ	Verwandtschaftsverh	zla	canonical_independent_strong	0	REPLACE Verw→zl;DEL ndtschaftsverh	diagnostic_only;diagnostic_only	domain_risk	unclear:1	damage:1;marker:0	independent_multi_context_canonical	གཉེན་ཟླ་ 9/707 zla Verwandtschaftsverhältnis,
ཟླ	de	zla	canonical_independent_strong	0	REPLACE de→zla	diagnostic_only	domain_risk	unclear:1	damage:1;marker:0	independent_multi_context_canonical	"SETS གྲགས་མ ར་ར ཟླ ༧1 dan / dra ba ni de dag gi tshogs so ""Vajradā-"
ཟླ	dud	zla	canonical_independent_strong	1	SUB d→z;SUB u→l;SUB d→a	diagnostic_only;diagnostic_only;diagnostic_only	multiple_signatures_missing	ordinary_tibetan_lexical_or_compound:1	damage:0;marker:0	independent_multi_context_canonical	༩ །འེ་ཁང་ཟླ་” ltag pa’i dud rtsa eine Vene 3
ཟླ	la	zla	canonical_independent_strong	1	INS z	diagnostic_only	one_signature_missing	ordinary_tibetan_lexical_or_compound:1	damage:0;marker:0	independent_multi_context_canonical	དབྱར་ཟླ་ dbyar la auch — ba Sommermonit.
འཁར	har	khar	canonical_independent_strong	1	INS k	diagnostic_only	one_signature_missing	ordinary_tibetan_lexical_or_compound:1	damage:0;marker:0	independent_multi_context_canonical	འཁར་བའི་དྲག་ har ba’i dgra
འཁར	kbar	khar	canonical_independent_strong	1	SUB b→h	candidate_review	one_signature_missing	ordinary_tibetan_lexical_or_compound:1	damage:0;marker:0	independent_multi_context_canonical	སྦ་འཁར་ sba 'kbar Gehstock, Rohrstock.
འཁར	khor	khar	canonical_independent_strong	1	SUB o→a	candidate_review	one_signature_missing	ordinary_tibetan_lexical_or_compound:1	damage:0;marker:0	independent_multi_context_canonical	གཏ་མུག་འཁར་ཡ་ gti mug khor lo Bez. für
འཁར	khur	khar	canonical_independent_strong	1	SUB u→a	candidate_review	one_signature_missing	ordinary_tibetan_lexical_or_compound:1	damage:0;marker:0	independent_multi_context_canonical	"འཁར་འཕྲའི་ ""khur ’khri Verantwortung."
འཁར	khyar	khar	canonical_independent_strong	1	DEL y	diagnostic_only	one_signature_missing	ordinary_tibetan_lexical_or_compound:1	damage:0;marker:0	independent_multi_context_canonical	"འཐེང་འཁར་ then ""khyar auch ’then khyer"
འཁར	khyur	khar	canonical_independent_strong	1	REPLACE yu→a	diagnostic_only	one_signature_missing	ordinary_tibetan_lexical_or_compound:1	damage:0;marker:0	independent_multi_context_canonical	"འཁར་ ""khyur."
འཁོལ	bol	khol	canonical_independent_strong	1	REPLACE b→kh	diagnostic_only	one_signature_missing	ordinary_tibetan_lexical_or_compound:1	damage:0;marker:0	independent_multi_context_canonical	སྙེ་འཁོལ་ sie ’bol auch gie ’bol Kissen.
འཁོས	Zustand	khos	canonical_independent_strong	0	REPLACE Zu→kho;DEL tand	diagnostic_only;diagnostic_only	alignment_or_damage	ordinary_tibetan_lexical_or_compound:1	damage:1;marker:0	independent_multi_context_canonical	ཁ་འཁོས་ kha '5/)©$ Zustand, Lebensverhältnis-
འཁྱིལ	Rhyil	khyil	canonical_independent_strong	1	SUB R→k	diagnostic_only	one_signature_missing	ordinary_tibetan_lexical_or_compound:1	damage:0;marker:0	independent_multi_context_canonical	འཁྱིལ་བ་ Rhyil ba
འཁྱོག	kbyog	khyog	canonical_independent_strong	1	SUB b→h	candidate_review	one_signature_missing	ordinary_tibetan_lexical_or_compound:1	damage:0;marker:0	independent_multi_context_canonical	མ་འཁྱོག་ snum 'kbyog eine Schlange.
འཁྱོག	pa	khyog	canonical_independent_strong	0	REPLACE pa→khyog	diagnostic_only	alignment_or_damage	ordinary_tibetan_lexical_or_compound:1	damage:1;marker:0	independent_multi_context_canonical	ཀུན་ཏུ་འཁྱོག་པ་ kun tu 5769 pa völlig gebogen.
འཁྱོག	tu	khyog	canonical_independent_strong	1	REPLACE tu→khyog	diagnostic_only	one_signature_missing	ordinary_tibetan_lexical_or_compound:1	damage:0;marker:0	independent_multi_context_canonical	ཀུནཏུ་འཁྱོག་པ་ kun tu ’khyog pa
འཁྲི	kbri	khri	canonical_independent_strong	1	SUB b→h	candidate_review	one_signature_missing	ordinary_tibetan_lexical_or_compound:1	damage:0;marker:0	independent_multi_context_canonical	དཔག་བསམ་འཁྲི་ཤིང་ dpag bsam kbri siṅ Kurzf. { IR 1 00.008
འཁྲི	siṅ	khri	canonical_independent_strong	1	REPLACE s→khr;DEL ṅ	diagnostic_only;diagnostic_only	multiple_signatures_missing	ordinary_tibetan_lexical_or_compound:1	damage:0;marker:0	independent_multi_context_canonical	འདོད་ཆགས་འཁྲི་ཤིང་ ddod chags siṅ Beina-
འཁྲུགས	mi	khrugs	canonical_independent_strong	1	REPLACE mi→khrugs	diagnostic_only	one_signature_missing	ordinary_tibetan_lexical_or_compound:1	damage:0;marker:0	independent_multi_context_canonical	་འཁྲུགས་ཆན་པ mi 'khrugs chen po Imi
འགག	Verstopfung	gag	canonical_independent_strong	0	DEL Verstopfun;INS ag	diagnostic_only;diagnostic_only	domain_risk	unclear:1	damage:0;marker:0	independent_multi_context_canonical	རྒྱན་འགག་ /2/༧/༩ ’gag Verstopfung.
འགག	gog	gag	canonical_independent_strong	1	SUB o→a	candidate_review	one_signature_missing	ordinary_tibetan_lexical_or_compound:1	damage:0;marker:0	independent_multi_context_canonical	རྣམ་འགག་ rnam gog
འགག	sag	gag	canonical_independent_strong	1	SUB s→g	diagnostic_only	one_signature_missing	ordinary_tibetan_lexical_or_compound:1	damage:0;marker:0	independent_multi_context_canonical	འགག་མག་ sag mig Türriegel.
འགག	sdod	gag	canonical_independent_strong	1	REPLACE sdod→gag	diagnostic_only	one_signature_missing	ordinary_tibetan_lexical_or_compound:1	damage:0;marker:0	independent_multi_context_canonical	འགག་སྡེད་ཏྱ་མཾ རབ sdod khyi mo Straßenhün-
འགགས	eng	gags	canonical_independent_strong	1	DEL en;INS ags	diagnostic_only;diagnostic_only	multiple_signatures_missing	ordinary_tibetan_lexical_or_compound:1	damage:0;marker:0	independent_multi_context_canonical	བྲག་འགགས་ bbrag eng
འགལ	grul	gal	canonical_independent_strong	1	REPLACE ru→a	diagnostic_only	one_signature_missing	ordinary_tibetan_lexical_or_compound:1	damage:0;marker:0	independent_multi_context_canonical	བྗེ་འགལ་ brje ’grul ersetzen.
འགལ	zla	gal	canonical_independent_strong	1	REPLACE z→ga;DEL a	diagnostic_only;diagnostic_only	multiple_signatures_missing	ordinary_tibetan_lexical_or_compound:1	damage:0;marker:0	independent_multi_context_canonical	འགལ་ཟླ་ 2¢/ zla Gegner; Widerspruch.
འགེབས	pf	gebs	canonical_independent_strong	0	REPLACE pf→gebs	diagnostic_only	domain_risk	unclear:1	damage:1;marker:0	independent_multi_context_canonical	འགེབས་ 2655 pf. Tbkab fut. † 725 imp. !khob.
འགྱར	an	gyur	canonical_independent_strong	1	REPLACE an→gyur	diagnostic_only	one_signature_missing	ordinary_tibetan_lexical_or_compound:1	damage:0;marker:0	independent_multi_context_canonical	སྙན་འགྱར་ säan ’gyur wohlklingend; - med pa
འགྱར	gur	gyur	canonical_independent_strong	1	INS y	diagnostic_only	one_signature_missing	ordinary_tibetan_lexical_or_compound:1	damage:0;marker:0	independent_multi_context_canonical	དབུསས་འགྱར་འཆང་ dbus 'gur 'chaṅ auch dhus
འགྱར	gyar	gyur	canonical_independent_strong	1	SUB a→u	diagnostic_only	one_signature_missing	ordinary_tibetan_lexical_or_compound:1	damage:0;marker:0	independent_multi_context_canonical	འགྱར་འགྱའར་ 'gyar 'gyur veränderlich, wechsel-
འགྱར	ldog	gyur	canonical_independent_strong	0	DEL ldo;INS yur	diagnostic_only;diagnostic_only	domain_risk	unclear:1	damage:1;marker:0	independent_multi_context_canonical	འགྱར་ལྡོག་ ༡9///7ˆ ldog Wandel, Veränderung.
འགྱར	oyur	gyur	canonical_independent_strong	0	SUB o→g	diagnostic_only	domain_risk	unclear:1	damage:0;marker:0	independent_multi_context_canonical	ཉེ་བར་འགྱར་ ie bar 'oyur pl. 177༩ bar gyur
འགྱར	ur	gyur	canonical_independent_strong	1	INS gy	diagnostic_only	one_signature_missing	ordinary_tibetan_lexical_or_compound:1	damage:0;marker:0	independent_multi_context_canonical	འགྱར་ཏ་འེ་ ur taretgyurta re.
འགྱུར	N	gyur	canonical_independent_strong	0	REPLACE N→gyur	diagnostic_only	alignment_or_damage	ordinary_tibetan_lexical_or_compound:1	damage:1;marker:0	independent_multi_context_canonical	དཀར་མོ་ དྲུག་འགྱུར་ dkar mo drug 97///7 N. einer
འགྱུར	ba	gyur	canonical_independent_strong	1	REPLACE ba→gyur	diagnostic_only	one_signature_missing	ordinary_tibetan_lexical_or_compound:1	damage:0;marker:0	independent_multi_context_canonical	བུ་ལོན་དུ་འགྱུར་བ་ bbu du 'gyur ba Subtrahie-
འགྱུར	is	gyur	canonical_independent_strong	1	REPLACE is→gyur	diagnostic_only	one_signature_missing	ordinary_tibetan_lexical_or_compound:1	damage:0;marker:0	independent_multi_context_canonical	གཉས འགྱུར་ gäis ’'gyur doppelt.
འགྱུར	mi	gyur	canonical_independent_strong	1	REPLACE mi→gyur	diagnostic_only	one_signature_missing	ordinary_tibetan_lexical_or_compound:1	damage:0;marker:0	independent_multi_context_canonical	འགྱུར་བར་སྣང་ mi 'gyur bar snaṅ ° [??// 'yur
འགྱུར	our	gyur	canonical_independent_strong	1	REPLACE o→gy	diagnostic_only	one_signature_missing	ordinary_tibetan_lexical_or_compound:1	damage:0;marker:0	independent_multi_context_canonical	མི་འགྱུར་བ་ mi our ba
འགྱུར	yur	gyur	canonical_independent_strong	1	INS g	diagnostic_only	one_signature_missing	ordinary_tibetan_lexical_or_compound:1	damage:0;marker:0	independent_multi_context_canonical	མ་འགྱུར་ ma 'yur Bez. für Pfand.
འགྱེད	Worten	gyed	canonical_independent_strong	0	REPLACE Wort→gy;SUB n→d	diagnostic_only;diagnostic_only	alignment_or_damage	ordinary_tibetan_lexical_or_compound:1	damage:1;marker:0	independent_multi_context_canonical	ཁ་གཤགས་འགྱེད་ kha £9649$5 9༡/༩7 mit Worten
འགྱེད	oyed	gyed	canonical_independent_strong	1	SUB o→g	diagnostic_only	one_signature_missing	ordinary_tibetan_lexical_or_compound:1	damage:0;marker:0	independent_multi_context_canonical	འགྱེད་ ’oyed auch ’ged, gyed, pf. Tbkye fut.
འགྱེད	pf	gyed	canonical_independent_strong	0	REPLACE pf→gyed	diagnostic_only	domain_risk	unclear:1	damage:1;marker:0	independent_multi_context_canonical	སྟོབས་འགྱེད་ stobs 02/0/ pf. Tstobs bkye käm-
འགྱོགས	oyogs	gyogs	canonical_independent_strong	1	SUB o→g	diagnostic_only	one_signature_missing	ordinary_tibetan_lexical_or_compound:1	damage:0;marker:0	independent_multi_context_canonical	འགྱོགས་བྱམ་ ’oyogs byam auch ’gyogs ’jam,
འགྲམ	eines	gram	canonical_independent_strong	1	REPLACE eines→gram	diagnostic_only	one_signature_missing	ordinary_tibetan_lexical_or_compound:1	damage:0;marker:0	independent_multi_context_canonical	འཕྲལ་རྐྱེན་འགྲམ་ pphral rkyen 'eines der
འགྲམ	oram	gram	canonical_independent_strong	1	SUB o→g	diagnostic_only	one_signature_missing	ordinary_tibetan_lexical_or_compound:1	damage:0;marker:0	independent_multi_context_canonical	འགྲམ་ལེགས་ ’oram legs Bez. für Elefant.
འགྲམ	yram	gram	canonical_independent_strong	1	SUB y→g	diagnostic_only	one_signature_missing	ordinary_tibetan_lexical_or_compound:1	damage:0;marker:0	independent_multi_context_canonical	མུ་འགྲམ་ mu 'yram Rand, Kante.
འགྲིགས	pf	grigs	canonical_independent_strong	0	REPLACE pf→grigs	diagnostic_only	alignment_or_damage	ordinary_tibetan_lexical_or_compound:1	damage:1;marker:0	independent_multi_context_canonical	འགྲིགས་ 97:79$ pf. zu ’grig auf etw. treffen, vgl.
འགྲིམ	erim	grim	canonical_independent_strong	1	SUB e→g	diagnostic_only	one_signature_missing	ordinary_tibetan_lexical_or_compound:1	damage:0;marker:0	independent_multi_context_canonical	འགྲིམ ་སྣོད་ ’erim snod
འགྲིམ	rim	grim	canonical_independent_strong	1	INS g	diagnostic_only	one_signature_missing	ordinary_tibetan_lexical_or_compound:1	damage:0;marker:0	independent_multi_context_canonical	མིག་འགྲིམ་ mg rim reihum betrachten.
འགྲེ	gro	gre	canonical_independent_strong	1	SUB o→e	diagnostic_only	one_signature_missing	ordinary_tibetan_lexical_or_compound:1	damage:0;marker:0	independent_multi_context_canonical	སྒེག་འགྲེ་མ་ sgeg ’gro ma Kämadevas Gattin.
འགྲོ	ARE	gro	canonical_independent_strong	1	SUB A→g;SUB R→r;SUB E→o	diagnostic_only;diagnostic_only;diagnostic_only	multiple_signatures_missing	ordinary_tibetan_lexical_or_compound:1	damage:0;marker:0	independent_multi_context_canonical	འགྲོ་ ARE ’gro ba’i yab Beiname des gSen-
འགྲོ	Imri	gro	canonical_independent_strong	0	REPLACE Im→g;SUB i→o	diagnostic_only;diagnostic_only	alignment_or_damage	ordinary_tibetan_lexical_or_compound:1	damage:0;marker:1	independent_multi_context_canonical	མི་ཡི་འགྲོ་བ་ mi yi'groba Imri gro ba.
འགྲོ	Pfeil	gro	canonical_independent_strong	1	REPLACE Pfeil→gro	diagnostic_only	one_signature_missing	ordinary_tibetan_lexical_or_compound:1	damage:0;marker:0	independent_multi_context_canonical	མ།ཁའ་ལ་རྱར་འགྲོ་ mkha’ la myur ’gro Pfeil.
འགྲོ	Schiff	gro	canonical_independent_strong	0	REPLACE Schiff→gro	diagnostic_only	alignment_or_damage	ordinary_tibetan_lexical_or_compound:1	damage:1;marker:0	independent_multi_context_canonical	བསྐུལ་འགྲོ་ bskul 7970 Schiff.
འགྲོ	Trie	gro	canonical_independent_strong	0	SUB T→g;REPLACE ie→o	diagnostic_only;diagnostic_only	alignment_or_damage	ordinary_tibetan_lexical_or_compound:1	damage:1;marker:1	independent_multi_context_canonical	ཉེར་འགྲོ་ er 2?:0 Trie bar 'gro.
འགྲོ	Zor	gro	canonical_independent_strong	0	REPLACE Z→gr;DEL r	diagnostic_only;candidate_review	alignment_or_damage	ordinary_tibetan_lexical_or_compound:1	damage:1;marker:0	independent_multi_context_canonical	འགྲོ་ཞོར་ ”9?-0 Zor unterwegs.
འགྲོ	a	gro	canonical_independent_strong	1	REPLACE a→gro	diagnostic_only	one_signature_missing	ordinary_tibetan_lexical_or_compound:1	damage:0;marker:0	independent_multi_context_canonical	"འགྲོ་ a"" gro sa Verlauf, Weg."
འགྲོ	an	gro	canonical_independent_strong	1	REPLACE an→gro	diagnostic_only	one_signature_missing	ordinary_tibetan_lexical_or_compound:1	damage:0;marker:0	independent_multi_context_canonical	དཀར་ལས་གཞན་འགྲོ་བ་ dkar las gäan ’gro ba Bez.
འགྲོ	berallhin	gro	canonical_independent_strong	0	REPLACE be→g;REPLACE allhin→o	diagnostic_only;diagnostic_only	domain_risk	unclear:1	damage:1;marker:0	independent_multi_context_canonical	ཀུན་འགྲོ་ kun 990 „überallhin gehend“, univer-
འགྲོ	gropf	gro	canonical_independent_strong	1	DEL pf	diagnostic_only	one_signature_missing	ordinary_tibetan_lexical_or_compound:1	damage:0;marker:0	independent_multi_context_canonical	རྗེས་སུ་འགྲོ་ rjes su ’gropf. Irjes su son.
འགྲོ	kun	gro	canonical_independent_strong	1	SUB k→g;SUB u→r;SUB n→o	diagnostic_only;diagnostic_only;diagnostic_only	multiple_signatures_missing	ordinary_tibetan_lexical_or_compound:1	damage:0;marker:0	independent_multi_context_canonical	ཀུན་འགྲོ་ W kun ’gro lṅa „die fünf Universellen“,
འགྲོ	ma	gro	canonical_independent_strong	1	REPLACE ma→gro	diagnostic_only	one_signature_missing	ordinary_tibetan_lexical_or_compound:1	damage:0;marker:0	independent_multi_context_canonical	མ།བའ་འགྲོ་མ་ mkha’ ’gro ma Däkini.
འགྲོ	phyogs	gro	canonical_independent_strong	0	REPLACE phy→gr;DEL gs	diagnostic_only;diagnostic_only	domain_risk	unclear:1	damage:1;marker:0	independent_multi_context_canonical	འགྲོ་ ཕྱོགས་ ”97-0 phyogs Gepflogenheit.
འགྲོ	schlechte	gro	canonical_independent_strong	0	REPLACE schlechte→gro	diagnostic_only	alignment_or_damage	ordinary_tibetan_lexical_or_compound:1	damage:1;marker:0	independent_multi_context_canonical	ངན་འགྲོ་ han ?2?:2 schlechte Existenzform,
འགྲོ	sgo	gro	canonical_independent_strong	0	DEL s;INS r	diagnostic_only;diagnostic_only	alignment_or_damage	ordinary_tibetan_lexical_or_compound:1	damage:1;marker:0	independent_multi_context_canonical	འགྲོ་སྒོ་ ”9?-0 sgo Ausgabe.
འགྲོས	Sa	gros	canonical_independent_strong	1	REPLACE Sa→gros	diagnostic_only	one_signature_missing	ordinary_tibetan_lexical_or_compound:1	damage:0;marker:0	independent_multi_context_canonical	"འགྲོས ""Sa ’gros can"
འཆང	Beiname	chaṅ	canonical_independent_strong	1	REPLACE Bein→ch;REPLACE me→ṅ	diagnostic_only;diagnostic_only	multiple_signatures_missing	ordinary_tibetan_lexical_or_compound:1	damage:0;marker:0	independent_multi_context_canonical	སྤྲོད་འཆང་ spyod'chan Beiname des tantrischen
འཆང	bzun	chaṅ	canonical_independent_strong	0	SUB b→c;SUB z→h;SUB u→a;SUB n→ṅ	diagnostic_only;diagnostic_only;candidate_review;authorized_role_conditioned	domain_risk	unclear:1	damage:0;marker:0	independent_multi_context_canonical	འཆང་བཟུང་ (9) bzun Tchan bzun.
འཆང	dbus	chaṅ	canonical_independent_strong	0	SUB d→c;SUB b→h;SUB u→a;SUB s→ṅ	diagnostic_only;candidate_review;candidate_review;diagnostic_only	alignment_or_damage	ordinary_tibetan_lexical_or_compound:1	damage:0;marker:1	independent_multi_context_canonical	དབུས་གྱུར་འཆང་ ddbus gyur \dbus 'gyur
འཆམ	chom	cham	canonical_independent_strong	1	SUB o→a	candidate_review	one_signature_missing	ordinary_tibetan_lexical_or_compound:1	damage:0;marker:0	independent_multi_context_canonical	འཆམ་བྱད་ ’chom byed übereinstimmen; vgl.
འཆར	ba	char	canonical_independent_strong	0	REPLACE b→ch;INS r	diagnostic_only;diagnostic_only	domain_risk	unclear:1	damage:0;marker:0	independent_multi_context_canonical	ཉི་མ་འཆར་བ་ /7/ ma ’char ba Sonnenaufgang.
འཆར	can	char	canonical_independent_strong	0	INS h;SUB n→r	diagnostic_only;diagnostic_only	domain_risk	unclear:1	damage:1;marker:0	independent_multi_context_canonical	འཆར་ཅན་ (047 can regelmäßig, gewohnheits-
འཆར	dmigs	char	canonical_independent_strong	0	REPLACE dmigs→char	diagnostic_only	alignment_or_damage	ordinary_tibetan_lexical_or_compound:1	damage:1;marker:0	independent_multi_context_canonical	འཆར་དམིགས་ ¿947 dmigs routinemäßig und
འཆར	phul	char	canonical_independent_strong	0	SUB p→c;SUB u→a;SUB l→r	diagnostic_only;candidate_review;diagnostic_only	domain_risk	unclear:1	damage:1;marker:0	independent_multi_context_canonical	འཆར་ཕུལ་ 947 phul Unterbreitung eines
འཆིང	kha	chiṅ	canonical_independent_strong	1	SUB k→c;REPLACE a→iṅ	diagnostic_only;diagnostic_only	multiple_signatures_missing	ordinary_tibetan_lexical_or_compound:1	damage:0;marker:0	independent_multi_context_canonical	མིའདྲེ་ཁ་འཆིང་ mi 'dre kha 'chin cin bei den
འཇགས	Erbringung	jags	canonical_independent_strong	0	REPLACE Erbrin→ja;REPLACE ung→s	diagnostic_only;diagnostic_only	alignment_or_damage	ordinary_tibetan_lexical_or_compound:1	damage:1;marker:0	independent_multi_context_canonical	སྒྲུབ་འཇགས་ sgrub 779$ Erbringung von Abga-
འཇགས	Gesetzesfriede	jags	canonical_independent_strong	0	REPLACE Ge→jag;DEL etzesfriede	diagnostic_only;diagnostic_only	alignment_or_damage	ordinary_tibetan_lexical_or_compound:1	damage:1;marker:0	independent_multi_context_canonical	ཁྲིས་འཇགས་ khris 749$ Gesetzesfriede.
འཇགས	Jags	jags	canonical_independent_strong	1	SUB J→j	diagnostic_only	one_signature_missing	ordinary_tibetan_lexical_or_compound:1	damage:0;marker:0	independent_multi_context_canonical	འཇགས་གནས་ Jags gnas belassen, weiterhin
འཇགས	Zu	jags	canonical_independent_strong	0	REPLACE Zu→jags	diagnostic_only	alignment_or_damage	ordinary_tibetan_lexical_or_compound:1	damage:1;marker:0	independent_multi_context_canonical	ཆུ་གྲམ་མཉམ་འཇགས་ chu gram 777777777 ’jags Zu-
འཇགས	iags	jags	canonical_independent_strong	1	SUB i→j	diagnostic_only	one_signature_missing	ordinary_tibetan_lexical_or_compound:1	damage:0;marker:0	independent_multi_context_canonical	འཇགས་ ®iags gefestigt sein.
འཇགས	st	jags	canonical_independent_strong	0	INS jag;DEL t	diagnostic_only;diagnostic_only	alignment_or_damage	ordinary_tibetan_lexical_or_compound:1	damage:1;marker:0	independent_multi_context_canonical	"གཏན་འཇགས་ 0507 ""jags ständig, permanent,"
འཇུན	Jun	jun	canonical_independent_strong	1	SUB J→j	diagnostic_only	one_signature_missing	ordinary_tibetan_lexical_or_compound:1	damage:0;marker:0	independent_multi_context_canonical	འཇུན་ Jun
འཇོ	io	jo	canonical_independent_strong	1	SUB i→j	diagnostic_only	one_signature_missing	ordinary_tibetan_lexical_or_compound:1	damage:0;marker:0	independent_multi_context_canonical	འཇོ་བག་ཅན་ io bag can anmutig, schön.
འཐག	byed	thag	canonical_independent_strong	0	SUB b→t;SUB y→h;SUB e→a;SUB d→g	diagnostic_only;diagnostic_only;diagnostic_only;diagnostic_only	domain_risk	unclear:1	damage:1;marker:0	independent_multi_context_canonical	འཐག་བྱེད་ 77:22 byed Mühle.
འཐག	pa	thag	canonical_independent_strong	0	REPLACE p→th;INS g	diagnostic_only;diagnostic_only	alignment_or_damage	ordinary_tibetan_lexical_or_compound:1	damage:1;marker:0	independent_multi_context_canonical	ཀུན་ཏུ་འཐག་པ་ kun tu 7549 pa „ganz zerreiben,
འཐེན	Aufschub	then	canonical_independent_strong	0	REPLACE Aufsc→t;SUB u→e;SUB b→n	diagnostic_only;diagnostic_only;diagnostic_only	domain_risk	unclear:1	damage:1;marker:0	independent_multi_context_canonical	འགྱངས་འཐེན་ ”£9)/47?5£ ’then Aufschub, Verzöge-
འཐོར	Zig	thor	canonical_independent_strong	0	REPLACE Zig→thor	diagnostic_only	alignment_or_damage	ordinary_tibetan_lexical_or_compound:1	damage:1;marker:0	independent_multi_context_canonical	འཐོར་ཞིག་ 77:07 Zig Ruin.
འཐོར	bu	thor	canonical_independent_strong	0	REPLACE bu→thor	diagnostic_only	domain_risk	unclear:1	damage:1;marker:0	independent_multi_context_canonical	འཐོར་བུ་ (907 bu Thor bu.
འཐོར	med	thor	canonical_independent_strong	0	REPLACE med→thor	diagnostic_only	alignment_or_damage	ordinary_tibetan_lexical_or_compound:1	damage:1;marker:0	independent_multi_context_canonical	འཐོར་མེད་ 707 med vollständig.
འཐོར	par	thor	canonical_independent_strong	1	REPLACE pa→tho	diagnostic_only	one_signature_missing	ordinary_tibetan_lexical_or_compound:1	damage:0;marker:0	independent_multi_context_canonical	རྣམ་འཐོར་ ''thor par 'thor.
འཐོར	rlun	thor	canonical_independent_strong	1	INS tho;DEL lun	diagnostic_only;diagnostic_only	alignment_or_damage	ordinary_tibetan_lexical_or_compound:2	damage:1;marker:0	independent_multi_context_canonical	འཐོར་རླང་ ¡/ 07 rlun Sturm, Wind. || རྣམ་པར་འཐོར་རླུང་ mmam par rlun Sturm,
འཐོར	thun	thor	canonical_independent_strong	0	SUB u→o;SUB n→r	diagnostic_only;diagnostic_only	domain_risk	unclear:1	damage:1;marker:0	independent_multi_context_canonical	འཐོར་འཐུང་ ¡007 ’thun [den Mund] ausspülen.
འདབ	Wollb	dab	canonical_independent_strong	1	REPLACE Woll→da	diagnostic_only	one_signature_missing	ordinary_tibetan_lexical_or_compound:1	damage:0;marker:0	independent_multi_context_canonical	བལ་འདབ་ bal'dab Wollbüschel.
འདབ	ang	dab	canonical_independent_strong	1	INS d;REPLACE ng→b	diagnostic_only;diagnostic_only	multiple_signatures_missing	ordinary_tibetan_lexical_or_compound:1	damage:0;marker:0	independent_multi_context_canonical	གླུག འདབ a ang dad ma Bez. für Göttermäd-
འདབ	bum	dab	canonical_independent_strong	1	INS da;DEL um	diagnostic_only;diagnostic_only	multiple_signatures_missing	ordinary_tibetan_lexical_or_compound:1	damage:0;marker:0	independent_multi_context_canonical	"འདབ་འབུམ་ 'bum ""mit hunderttausend"
འདབ	dab'brel	dab	canonical_independent_strong	1	DEL 'brel	diagnostic_only	one_signature_missing	ordinary_tibetan_lexical_or_compound:1	damage:0;marker:0	independent_multi_context_canonical	འདབ་འབྲེལ་བ་ 'dab'brel ba Vdabs.
འདབ	ma	dab	canonical_independent_strong	0	SUB m→d;INS b	diagnostic_only;diagnostic_only	domain_risk	unclear:1	damage:0;marker:0	independent_multi_context_canonical	ཀི་པའི་འདབ་མ་ 5/ pa’i ’dab ma irrt. für lkisa’i ’dab
འདབས	debs	dabs	canonical_independent_strong	0	SUB e→a	diagnostic_only	domain_risk	unclear:1	damage:0;marker:0	independent_multi_context_canonical	"Lex. — ni mo pa dan ltas mikhan ""phywa: ཕྱུ་འདབས་པ་ phywa 'debs po"
འདམ	dami	dam	canonical_independent_strong	1	DEL i	candidate_review	one_signature_missing	ordinary_tibetan_lexical_or_compound:1	damage:0;marker:0	independent_multi_context_canonical	འདམ་རྩྭ་ 'dami rtswa Schilf.
འདམ	dani	dam	canonical_independent_strong	1	REPLACE ni→m	diagnostic_only	one_signature_missing	ordinary_tibetan_lexical_or_compound:1	damage:0;marker:0	independent_multi_context_canonical	འདམ་བག་ 'dani bag Schlamm, Morast.
འདས	rjes	dus	canonical_independent_strong	1	REPLACE rje→du	diagnostic_only	one_signature_missing	ordinary_tibetan_lexical_or_compound:1	damage:0;marker:0	independent_multi_context_canonical	འདས་རྗེས་ཀྱི་རྣམ་ཐར་ rjes kyi nam thar Be-
འདི	auf	di	canonical_independent_strong	1	REPLACE auf→di	diagnostic_only	one_signature_missing	ordinary_tibetan_lexical_or_compound:1	damage:0;marker:0	independent_multi_context_canonical	འདི་ལྟར་ auf diese Art und Weise, in sol-
འདི	crcr	di	canonical_independent_strong	1	REPLACE crcr→di	diagnostic_only	one_signature_missing	ordinary_tibetan_lexical_or_compound:1	damage:0;marker:0	independent_multi_context_canonical	འདི་ crcr die Erscheinungswelt, das
འདི	didan	di	canonical_independent_strong	1	DEL dan	diagnostic_only	one_signature_missing	ordinary_tibetan_lexical_or_compound:1	damage:0;marker:0	independent_multi_context_canonical	འདི་དང་འདྲ་བ་ 'didan 'dra ba Vdi 'dra.
འདི	dina	di	canonical_independent_strong	1	DEL na	diagnostic_only	one_signature_missing	ordinary_tibetan_lexical_or_compound:1	damage:0;marker:0	independent_multi_context_canonical	འདི་ན་ 'dina hier.
འདི	ditsug	di	canonical_independent_strong	1	DEL tsug	diagnostic_only	one_signature_missing	ordinary_tibetan_lexical_or_compound:1	damage:0;marker:0	independent_multi_context_canonical	འདི་ཙུག་ 'ditsug so.
འདི	ste	di	canonical_independent_strong	0	REPLACE ste→di	diagnostic_only	alignment_or_damage	ordinary_tibetan_lexical_or_compound:1	damage:1;marker:0	independent_multi_context_canonical	"འདི་ལྟ་སྟེ་ ?/ //¢ ste ""[es ist] wie dies"", so, näm-"
འདུད	pf	dud	canonical_independent_strong	1	REPLACE pf→dud	diagnostic_only	one_signature_missing	ordinary_tibetan_lexical_or_compound:1	damage:0;marker:0	independent_multi_context_canonical	འདུད་ pf. [//7////, für. tbtud oder tgdud
འདུན	dm	dun	canonical_independent_strong	1	REPLACE m→un	diagnostic_only	one_signature_missing	ordinary_tibetan_lexical_or_compound:1	damage:0;marker:0	independent_multi_context_canonical	"ཕྱིར་ཞིང་འདུན་པ་ phyir źiṅ ""dm pa sehr lüstern;"
འདུན	pa	dun	canonical_independent_strong	1	REPLACE pa→dun	diagnostic_only	one_signature_missing	ordinary_tibetan_lexical_or_compound:1	damage:0;marker:0	independent_multi_context_canonical	ཕྱིར་འདུན་པ་ ppbyir pa Verlangen, Wunsch;
འདུན	sa	dun	canonical_independent_strong	1	REPLACE sa→dun	diagnostic_only	one_signature_missing	ordinary_tibetan_lexical_or_compound:1	damage:0;marker:0	independent_multi_context_canonical	འདུན་ས་ sa Versammlungsort, -platz;
འདུམ	gan	dum	canonical_independent_strong	1	SUB g→d;SUB a→u;SUB n→m	diagnostic_only;diagnostic_only;diagnostic_only	multiple_signatures_missing	ordinary_tibetan_lexical_or_compound:1	damage:0;marker:0	independent_multi_context_canonical	འདུམ་གན་ gan Schlichtungsurkunde
འདུར	War	dur	canonical_independent_strong	1	SUB W→d;SUB a→u	diagnostic_only;diagnostic_only	multiple_signatures_missing	ordinary_tibetan_lexical_or_compound:1	damage:0;marker:0	independent_multi_context_canonical	འདུར་འདུར་ War dur klebrig.
འདུལ	dulbakāri	dul	canonical_independent_strong	1	DEL bakāri	diagnostic_only	one_signature_missing	ordinary_tibetan_lexical_or_compound:1	damage:0;marker:0	independent_multi_context_canonical	འདུལ་བ་ཀཱ་རི་ཀཱ་ 'dulbakāri ka cin buddh. Text,
འདུས	ddus	dus	canonical_independent_strong	1	DEL d	diagnostic_only	one_signature_missing	ordinary_tibetan_lexical_or_compound:1	damage:0;marker:0	independent_multi_context_canonical	འདུས་ཚོགས་ ddus tsbogs auch pa'i tshogs
འདུས	unterwerfen	dus	canonical_independent_strong	1	INS d;REPLACE nterwerfen→s	diagnostic_only;diagnostic_only	multiple_signatures_missing	ordinary_tibetan_lexical_or_compound:1	damage:0;marker:0	independent_multi_context_canonical	བཀའ་འོག་ཏུ་འདུས་ bka’’ogtu ’dus pf. unterwerfen.
འདེབས	SI	debs	canonical_independent_strong	1	REPLACE SI→debs	diagnostic_only	one_signature_missing	ordinary_tibetan_lexical_or_compound:1	damage:0;marker:0	independent_multi_context_canonical	མ་མོ་ སྲིན་པོའི་ཁྲམ།འདེབས་ ma mo srin po'i khram SI IL a ee
འདེབས	sich	debs	canonical_independent_strong	0	INS deb;DEL ich	diagnostic_only;diagnostic_only	alignment_or_damage	ordinary_tibetan_lexical_or_compound:1	damage:1;marker:0	independent_multi_context_canonical	དྲན་པའི་གསལ་འདེབས་ dran pa’i gsal 7675 sich
འདོགས	Zuschreibung	dogs	canonical_independent_strong	0	REPLACE Zu→dog;DEL chreibung	diagnostic_only;diagnostic_only	alignment_or_damage	ordinary_tibetan_lexical_or_compound:1	damage:1;marker:0	independent_multi_context_canonical	སྒྲོ་འདོགས་ sgro 7093 Zuschreibung.
འདོགས	bekanntmachen	dogs	canonical_independent_strong	1	REPLACE bekanntmachen→dogs	diagnostic_only	domain_risk	sanskrit_or_indic_transcription:1	damage:0;marker:0	independent_multi_context_canonical	འདོགས་ ༧ bekanntmachen, für skt.
འདོན	Tmgo	don	canonical_independent_strong	0	REPLACE Tmg→d;INS n	diagnostic_only;diagnostic_only	alignment_or_damage	ordinary_tibetan_lexical_or_compound:1	damage:1;marker:1	independent_multi_context_canonical	འགོ་འདོན་ 20 ’don Tmgo ’don.
འདོན	Yon	don	canonical_independent_strong	1	SUB Y→d	diagnostic_only	one_signature_missing	ordinary_tibetan_lexical_or_compound:1	damage:0;marker:0	independent_multi_context_canonical	འདོན་སྐུལ་ Yon skul Gebetsanstimmer.
འདོན	hochheben	don	canonical_independent_strong	1	SUB h→d;DEL chhebe	diagnostic_only;diagnostic_only	multiple_signatures_missing	ordinary_tibetan_lexical_or_compound:1	damage:0;marker:0	independent_multi_context_canonical	སྤོ་ལ་འདོན་ la 'don hochheben, nach oben
འདོམ	zusammenkommen	dom	canonical_independent_strong	0	REPLACE zusammenk→d;DEL men	diagnostic_only;diagnostic_only	alignment_or_damage	ordinary_tibetan_lexical_or_compound:1	damage:1;marker:0	independent_multi_context_canonical	ནང་འདོམ་ ༧༧༧ dom zusammenkommen.
འདོམས	dons	doms	canonical_independent_strong	1	SUB n→m	diagnostic_only	one_signature_missing	ordinary_tibetan_lexical_or_compound:1	damage:0;marker:0	independent_multi_context_canonical	འདོམས་སྤུ་ 'dons spu
འདྲ	am	dra	canonical_independent_strong	1	INS dr;DEL m	diagnostic_only;diagnostic_only	multiple_signatures_missing	ordinary_tibetan_lexical_or_compound:1	damage:0;marker:0	independent_multi_context_canonical	ཉིན་ཞག་མཉམ་འདྲ་ fin Zag müam ’dra Tagund-
འདྲ	ba	dra	canonical_independent_strong	1	REPLACE b→dr	diagnostic_only	one_signature_missing	ordinary_tibetan_lexical_or_compound:1	damage:0;marker:0	independent_multi_context_canonical	འདི་དང་འདྲ་བ་ 'didan 'dra ba Vdi 'dra.
འདྲ	bru	dra	canonical_independent_strong	1	SUB b→d;SUB u→a	diagnostic_only;candidate_review	multiple_signatures_missing	ordinary_tibetan_lexical_or_compound:1	damage:0;marker:0	independent_multi_context_canonical	འདྲ་སྲེར།་ 'bru skyes Feld, Ackerland.
འདྲ	dre	dra	canonical_independent_strong	1	SUB e→a	diagnostic_only	one_signature_missing	ordinary_tibetan_lexical_or_compound:1	damage:0;marker:0	independent_multi_context_canonical	གད་འདྲ་ god ’dre
འདྲི	ba	dri	canonical_independent_strong	0	REPLACE ba→dri	diagnostic_only	alignment_or_damage	ordinary_tibetan_lexical_or_compound:1	damage:1;marker:0	independent_multi_context_canonical	ཀུན་ཏུ་འདྲི་བ་ kun tu 777 ba fragen.
འདྲི	fragen	dri	canonical_independent_strong	1	SUB f→d;REPLACE agen→i	diagnostic_only;diagnostic_only	multiple_signatures_missing	ordinary_tibetan_lexical_or_compound:1	damage:0;marker:0	independent_multi_context_canonical	བཀའ་འདྲི་ bka’ ¢)7 fragen, nachforschen.
འདྲེ	di	dre	canonical_independent_strong	1	REPLACE i→re	diagnostic_only	one_signature_missing	ordinary_tibetan_lexical_or_compound:1	damage:0;marker:0	independent_multi_context_canonical	འདྲེ་གས་ di gras
འདྲེ	dren	dre	canonical_independent_strong	1	DEL n	diagnostic_only	one_signature_missing	ordinary_tibetan_lexical_or_compound:1	damage:0;marker:0	independent_multi_context_canonical	འདྲེ dren pl. Tdrans
འདྲེ	dri	dre	canonical_independent_strong	1	SUB i→e	diagnostic_only	one_signature_missing	ordinary_tibetan_lexical_or_compound:1	damage:0;marker:0	independent_multi_context_canonical	འདྲེ་ dri
འདྲེ	kha	dre	canonical_independent_strong	1	SUB k→d;SUB h→r;SUB a→e	diagnostic_only;diagnostic_only;diagnostic_only	multiple_signatures_missing	ordinary_tibetan_lexical_or_compound:1	damage:0;marker:0	independent_multi_context_canonical	འདྲེ་ཁ་རྒོད་ ། kha rgod zornvoller, mächtiger
འདྲེན	ded	dren	canonical_independent_strong	1	INS r;SUB d→n	diagnostic_only;diagnostic_only	multiple_signatures_missing	ordinary_tibetan_lexical_or_compound:1	damage:0;marker:0	independent_multi_context_canonical	་འདྲེན་ཆེ 'ཡོ་ ded 'dren chen po eine hohe
འདྲེན	pa	dren	canonical_independent_strong	1	REPLACE pa→dren	diagnostic_only	one_signature_missing	ordinary_tibetan_lexical_or_compound:1	damage:0;marker:0	independent_multi_context_canonical	དམག་གི་འདྲེན་པ་ dmaggi 'dren pa Heerführer.
འདྲེན	smon	dren	canonical_independent_strong	1	SUB s→d;SUB m→r;SUB o→e	diagnostic_only;diagnostic_only;diagnostic_only	multiple_signatures_missing	ordinary_tibetan_lexical_or_compound:1	damage:0;marker:0	independent_multi_context_canonical	་འདྲེན་ smon 'drin Ismos
འཕང	Phaṅ	phaṅ	canonical_independent_strong	1	SUB P→p	diagnostic_only	domain_risk	tibetan_proper_name:1	damage:0;marker:0	independent_multi_context_canonical	འཕང་ཐང་ཀ་མེད་ Phaṅ thaṅ ka med npr. ein von
འཕང	phani	phaṅ	canonical_independent_strong	1	REPLACE ni→ṅ	candidate_review	one_signature_missing	ordinary_tibetan_lexical_or_compound:1	damage:0;marker:0	independent_multi_context_canonical	འཕང་མདའ་རུ་ phani mda ru | in Sch ußweite, in
འཕང	phar	phaṅ	canonical_independent_strong	1	SUB r→ṅ	candidate_review	domain_risk	tibetan_proper_name:1	damage:0;marker:0	independent_multi_context_canonical	འཕང་བྲང་ 'phar thaṅ npr. ein Ort in Yar-luns.
འཕར	Pforte	phar	canonical_independent_strong	0	SUB P→p;SUB f→h;SUB o→a;DEL te	diagnostic_only;diagnostic_only;candidate_review;diagnostic_only	domain_risk	unclear:1	damage:1;marker:0	independent_multi_context_canonical	སྒོ་འཕར་ sgo 7//747- Pforte, Türöffnung, Türflü-
འཕར	pharma	phar	canonical_independent_strong	1	DEL ma	diagnostic_only	one_signature_missing	ordinary_tibetan_lexical_or_compound:1	damage:0;marker:0	independent_multi_context_canonical	"འཕར་ཆ། ' ""pharma Zusatz, Zusätzliches."
འཕར	pharpo	phar	canonical_independent_strong	1	DEL po	diagnostic_only	one_signature_missing	ordinary_tibetan_lexical_or_compound:1	damage:0;marker:0	independent_multi_context_canonical	འཕར་པོ་ 'pharpo Ber. für ein Schneckengehäu-
འཕར	pphar	phar	canonical_independent_strong	1	DEL p	diagnostic_only	one_signature_missing	ordinary_tibetan_lexical_or_compound:1	damage:0;marker:0	independent_multi_context_canonical	འཕར་ཞིབ་ pphar Zib Fluktuation,
འཕུར	Yphur	phur	canonical_independent_strong	1	DEL Y	diagnostic_only	one_signature_missing	ordinary_tibetan_lexical_or_compound:1	damage:0;marker:0	independent_multi_context_canonical	འཕུར་བྱེད་ Yphur byed.
འཕུར	dban	phur	canonical_independent_strong	1	SUB d→p;SUB b→h;SUB a→u;SUB n→r	diagnostic_only;candidate_review;diagnostic_only;diagnostic_only	multiple_signatures_missing	ordinary_tibetan_lexical_or_compound:1	damage:0;marker:0	independent_multi_context_canonical	སྟེང་འཕུར་དབང་པོ་ steṅ 7)////)ˆ dban po Beiname
འཕེལ	bzos	phel	canonical_independent_strong	1	SUB b→p;SUB z→h;SUB o→e;SUB s→l	diagnostic_only;diagnostic_only;diagnostic_only;diagnostic_only	multiple_signatures_missing	ordinary_tibetan_lexical_or_compound:1	damage:0;marker:0	independent_multi_context_canonical	འདོད་འཕེལ་ 'dod bzos kyi ba
འཕྲད	phrod	phrad	canonical_independent_strong	1	SUB o→a	candidate_review	one_signature_missing	ordinary_tibetan_lexical_or_compound:1	damage:0;marker:0	independent_multi_context_canonical	འཕྲད་རྟན 'phrod rten
འཕྲིན	Yphrin	phrin	canonical_independent_strong	1	DEL Y	diagnostic_only	one_signature_missing	ordinary_tibetan_lexical_or_compound:1	damage:0;marker:0	independent_multi_context_canonical	འཕྲིན་ལས་ Yphrin las Yphrin las.
འཕྲིན	po	phrin	canonical_independent_strong	1	REPLACE o→hrin	diagnostic_only	one_signature_missing	ordinary_tibetan_lexical_or_compound:1	damage:0;marker:0	independent_multi_context_canonical	འཕྲིན་ཁྱེར་པོ་ po Bote, Kurier.
འཕྲུལ	phral	phrul	canonical_independent_strong	1	SUB a→u	diagnostic_only	one_signature_missing	ordinary_tibetan_lexical_or_compound:1	damage:0;marker:0	independent_multi_context_canonical	མིག་འཕྲུལ་མཁན་ mig phral mkhan Zauberer.
འཕྲུལ	phrulgpi	phrul	canonical_independent_strong	1	DEL gpi	diagnostic_only	one_signature_missing	ordinary_tibetan_lexical_or_compound:1	damage:0;marker:0	independent_multi_context_canonical	འཕྲུལ་གྱི་ལྷ་ phrulgpi lha ūbernatūrliche Gött-
འཕྲུལ	porat	phrul	canonical_independent_strong	1	SUB o→h;SUB a→u;SUB t→l	diagnostic_only;diagnostic_only;diagnostic_only	multiple_signatures_missing	ordinary_tibetan_lexical_or_compound:1	damage:0;marker:0	independent_multi_context_canonical	འཕྲུལ་བྱེད་པ་ porat byed pa Erzeuger, Schöp-
འཕྲུལ	thabs	phrul	canonical_independent_strong	1	SUB t→p;SUB a→r;SUB b→u;SUB s→l	diagnostic_only;diagnostic_only;diagnostic_only;diagnostic_only	multiple_signatures_missing	ordinary_tibetan_lexical_or_compound:1	damage:0;marker:0	independent_multi_context_canonical	འཕྲུལ་ཐབས་ thabs magische bzw. me-
འཕྲེང	i	phreṅ	canonical_independent_strong	1	REPLACE i→phreṅ	diagnostic_only	one_signature_missing	ordinary_tibetan_lexical_or_compound:1	damage:0;marker:0	independent_multi_context_canonical	དུ་བའི་འཕྲེང་བ་ dbu bæi 'phren ba lbu ba'i
འཕྲོག	bhrog	phrog	canonical_independent_strong	1	SUB b→p	diagnostic_only	one_signature_missing	ordinary_tibetan_lexical_or_compound:1	damage:0;marker:0	independent_multi_context_canonical	འཕྲོག་བྱེད་མིག་ bhrog byed mig.
འཕྲོག	phrogbyed	phrog	canonical_independent_strong	1	DEL byed	diagnostic_only	one_signature_missing	ordinary_tibetan_lexical_or_compound:1	damage:0;marker:0	independent_multi_context_canonical	ནད་འཕྲོག་བྱེད་ nad 'phrogbyed Krankheiten be-
འཕྲོད	porod	phrod	canonical_independent_strong	1	SUB o→h	diagnostic_only	one_signature_missing	ordinary_tibetan_lexical_or_compound:1	damage:0;marker:0	independent_multi_context_canonical	འཕྲོད་རྟེན་ porod rten auch phrod bsten Kur,
འབག	bagsga	bag	canonical_independent_strong	1	DEL sga	diagnostic_only	one_signature_missing	ordinary_tibetan_lexical_or_compound:1	damage:0;marker:0	independent_multi_context_canonical	འབག་འབག།སྦ་ཧྲིལ་ 'bag 'bagsga hril Motorrad.
འབབ	Flu	bab	canonical_independent_strong	1	SUB F→b;SUB l→a;SUB u→b	diagnostic_only;diagnostic_only;diagnostic_only	multiple_signatures_missing	ordinary_tibetan_lexical_or_compound:1	damage:0;marker:0	independent_multi_context_canonical	དཀར་འབབ་ dkar 7/ Fluß.
འབབ	hilfreich	bab	canonical_independent_strong	0	REPLACE hilfreich→bab	diagnostic_only	alignment_or_damage	ordinary_tibetan_lexical_or_compound:1	damage:1;marker:0	independent_multi_context_canonical	སྙིང་འབབ་ $7//) ’bab hilfreich.
འབབ	nor	bab	canonical_independent_strong	0	SUB n→b;SUB o→a;SUB r→b	diagnostic_only;candidate_review;diagnostic_only	domain_risk	unclear:1	damage:0;marker:0	independent_multi_context_canonical	དལ་འབབ་ནོར་བུ་ dal '/4/) nor bu Beiname Ma-
འབབ	pa	bab	canonical_independent_strong	1	SUB p→b;INS b	diagnostic_only;diagnostic_only	multiple_signatures_missing	ordinary_tibetan_lexical_or_compound:1	damage:0;marker:0	independent_multi_context_canonical	བཀའ་འབབ་པ་ bka’’bab pa \bka’ babs.
འབབ	thab	bab	canonical_independent_strong	1	REPLACE th→b	diagnostic_only	one_signature_missing	ordinary_tibetan_lexical_or_compound:1	damage:0;marker:0	independent_multi_context_canonical	འབབ་བེར་ ’thab ber Rüstung, Panzer, Har-
འབིགས	Digs	bigs	canonical_independent_strong	1	SUB D→b	diagnostic_only	one_signature_missing	ordinary_tibetan_lexical_or_compound:1	damage:0;marker:0	independent_multi_context_canonical	འབིགས་ལྡན་ Digs ldan.
འབིགས	big	bigs	canonical_independent_strong	1	INS s	diagnostic_only	one_signature_missing	ordinary_tibetan_lexical_or_compound:1	damage:0;marker:0	independent_multi_context_canonical	ཉ་འབིགས་ a big.
འབུད	Dud	bud	canonical_independent_strong	1	SUB D→b	diagnostic_only	one_signature_missing	ordinary_tibetan_lexical_or_compound:1	damage:0;marker:0	independent_multi_context_canonical	"འབུད་ ""Dud pf. und imp. T'bus blasen, [Mu-"
འབུད	Nahrungsmittelzuteilung	bud	canonical_independent_strong	0	REPLACE Nahr→b;REPLACE ngsmittelzuteilung→d	diagnostic_only;diagnostic_only	domain_risk	unclear:1	damage:0;marker:0	independent_multi_context_canonical	ལྟོ་འབུད་ //0 ’thud Nahrungsmittelzuteilung.
འབུད	thud	bud	canonical_independent_strong	1	REPLACE th→b	diagnostic_only	one_signature_missing	ordinary_tibetan_lexical_or_compound:1	damage:0;marker:0	independent_multi_context_canonical	མགྲོན་འབུད་ mgron ’thud Bewirtung.
འབུམ	brum	bum	canonical_independent_strong	1	DEL r	candidate_review	one_signature_missing	ordinary_tibetan_lexical_or_compound:1	damage:0;marker:0	independent_multi_context_canonical	དགུན་འབུམ་ dgun ’brum Weintraube.
འབུམ	mit	bum	canonical_independent_strong	1	INS bu;DEL it	diagnostic_only;diagnostic_only	multiple_signatures_missing	ordinary_tibetan_lexical_or_compound:1	damage:0;marker:0	independent_multi_context_canonical	"འདབ་འབུམ་ 'bum ""mit hunderttausend"
འབུར	Dur	bur	canonical_independent_strong	1	SUB D→b	diagnostic_only	one_signature_missing	ordinary_tibetan_lexical_or_compound:1	damage:0;marker:0	independent_multi_context_canonical	འབུར་ཁང་ Dur khaṅ Häuschen.
འབུར	bbur	bur	canonical_independent_strong	1	DEL b	candidate_review	one_signature_missing	ordinary_tibetan_lexical_or_compound:1	damage:0;marker:0	independent_multi_context_canonical	འབུར་འཇམ་ bbur jam unauffällig be-
འབུར	einen	bur	canonical_independent_strong	1	REPLACE einen→bur	diagnostic_only	one_signature_missing	ordinary_tibetan_lexical_or_compound:1	damage:0;marker:0	independent_multi_context_canonical	ལྟེ་འབུར་ //© ’bur einen hervorstehenden Nabel
འབུལ	Dbul	bul	canonical_independent_strong	1	DEL D	diagnostic_only	one_signature_missing	ordinary_tibetan_lexical_or_compound:1	damage:0;marker:0	independent_multi_context_canonical	འབུལ་སྡུད་ Dbul sdud
འབུལ	Dul	bul	canonical_independent_strong	1	SUB D→b	diagnostic_only	one_signature_missing	ordinary_tibetan_lexical_or_compound:1	damage:0;marker:0	independent_multi_context_canonical	འབུལ་རྫས་ 'Dul rdzas Gabe, Geschenk.
འབུལ	ba	bul	canonical_independent_strong	0	REPLACE a→ul	diagnostic_only	domain_risk	unclear:1	damage:0;marker:0	independent_multi_context_canonical	འབུལ་བ་ 7/0/// ba Blütenstaub.
འབུལ	bulba	bul	canonical_independent_strong	1	DEL ba	diagnostic_only	one_signature_missing	ordinary_tibetan_lexical_or_compound:1	damage:0;marker:0	independent_multi_context_canonical	རྣམ་པར་འབུལ་བ་ am par 'bulba Ausrichtung,
འབོག	Verr	bog	canonical_independent_strong	0	REPLACE Verr→bog	diagnostic_only	alignment_or_damage	ordinary_tibetan_lexical_or_compound:1	damage:1;marker:0	independent_multi_context_canonical	བྙསོ་འབོག་ £6?70 ’bog Verrücktheit.
འབོག	pf	bog	canonical_independent_strong	1	REPLACE pf→bog	diagnostic_only	one_signature_missing	ordinary_tibetan_lexical_or_compound:1	damage:0;marker:0	independent_multi_context_canonical	འབོག་ pf. [/)©9.
འབོད	Pbod	bod	canonical_independent_strong	1	DEL P	diagnostic_only	one_signature_missing	ordinary_tibetan_lexical_or_compound:1	damage:0;marker:0	independent_multi_context_canonical	འབོད་པ་པོ་ Pbod pa po
འབོད	bbod	bod	canonical_independent_strong	1	DEL b	candidate_review	one_signature_missing	ordinary_tibetan_lexical_or_compound:1	damage:0;marker:0	independent_multi_context_canonical	འབོད་སྒྲོག་ bbod sgrog auch 'bod cin Dä-
འབོར	bos	bor	canonical_independent_strong	1	SUB s→r	diagnostic_only	one_signature_missing	ordinary_tibetan_lexical_or_compound:1	damage:0;marker:0	independent_multi_context_canonical	"འབོར ""bos }'sbos."
འབོལ	bollbam	bol	canonical_independent_strong	1	DEL lbam	diagnostic_only	one_signature_missing	ordinary_tibetan_lexical_or_compound:1	damage:0;marker:0	independent_multi_context_canonical	འབོལ་ལྷམ་ 'bollbam Schuhe.
འབོལ	weiche	bol	canonical_independent_strong	1	REPLACE weiche→bol	diagnostic_only	one_signature_missing	ordinary_tibetan_lexical_or_compound:1	damage:0;marker:0	independent_multi_context_canonical	སྟན་འབོལ་ stan /0/ weiche Matte, Sitzpolster.
འབྱམས	byanms	byams	canonical_independent_strong	1	DEL n	diagnostic_only	one_signature_missing	ordinary_tibetan_lexical_or_compound:1	damage:0;marker:0	independent_multi_context_canonical	འབྱམས་ཀླས་ 'byanms klas
འབྱམས	grenzenlos	byams	canonical_independent_strong	0	REPLACE grenzenlo→byam	diagnostic_only	domain_risk	unclear:1	damage:1;marker:0	independent_multi_context_canonical	རྒྱ་འབྱམས་ ༡9“ ’byams grenzenlos.
འབྱམས	intensiv	byams	canonical_independent_strong	0	REPLACE inten→byam;DEL iv	diagnostic_only;diagnostic_only	alignment_or_damage	ordinary_tibetan_lexical_or_compound:1	damage:1;marker:0	independent_multi_context_canonical	དཀར་འབྱམས་ dkar //7777$ intensiv weiß.
འབྱར	llige	byar	canonical_independent_strong	1	REPLACE llige→byar	diagnostic_only	one_signature_missing	ordinary_tibetan_lexical_or_compound:1	damage:0;marker:0	independent_multi_context_canonical	འདག་འབྱར་ ཡཾ völlige Abgeschieden-
འབྱིད	hyid	byid	canonical_independent_strong	1	SUB h→b	diagnostic_only	one_signature_missing	ordinary_tibetan_lexical_or_compound:1	damage:0;marker:0	independent_multi_context_canonical	"འབྱིད་ ""hyid"
འབྱིན	p	byin	canonical_independent_strong	1	REPLACE p→byin	diagnostic_only	one_signature_missing	ordinary_tibetan_lexical_or_compound:1	damage:0;marker:0	independent_multi_context_canonical	ཕྱིར་འབྱིན་ pphyir'byin p- Tphyir phy
འབྱུང	Henker	byuṅ	canonical_independent_strong	1	REPLACE Henker→byuṅ	diagnostic_only	one_signature_missing	ordinary_tibetan_lexical_or_compound:1	damage:0;marker:0	independent_multi_context_canonical	"འབྱུང་གཤེད་ ""Henker des"
འབྱུང	Pbyuṅ	byuṅ	canonical_independent_strong	1	DEL P	diagnostic_only	one_signature_missing	ordinary_tibetan_lexical_or_compound:1	damage:0;marker:0	independent_multi_context_canonical	འབྱུང་ Pbyuṅ
འབྱུང	ba	byuṅ	canonical_independent_strong	0	REPLACE a→yuṅ	diagnostic_only	alignment_or_damage	ordinary_tibetan_lexical_or_compound:1	damage:1;marker:0	independent_multi_context_canonical	འབྱུང་བ་བཞི་ ba bi 1 ?/)༡////? bäi.
འབྱུང	by	byuṅ	canonical_independent_strong	2	INS uṅ	diagnostic_only	one_signature_missing	ordinary_tibetan_lexical_or_compound:2	damage:0;marker:0	independent_multi_context_canonical	"འབྱུང་ ""by || འབྱུང་པོའི་བདག་པོ་ by po'i bdag po Beiname"
འབྱུང	byur	byuṅ	canonical_independent_strong	4	SUB r→ṅ	candidate_review	one_signature_missing	ordinary_tibetan_lexical_or_compound:4	damage:0;marker:0	independent_multi_context_canonical	"འབྱུང་འཇུག་ byur jug. || འབྱུང་པོའི་དབང་པོ་ byur po'i dbaṅ po Beiname Sivas. || འབྱུང་བའི་གནས་ ""byur ba'i gnas ] '/)7///?? gnas."
འབྱུང	byuri	byuṅ	canonical_independent_strong	1	REPLACE ri→ṅ	diagnostic_only	one_signature_missing	ordinary_tibetan_lexical_or_compound:1	damage:0;marker:0	independent_multi_context_canonical	འབྱུང་པོའི་དགའ་མ་ 'byuri po'i dga’ ma Beiname
འབྱུང	byw	byuṅ	canonical_independent_strong	1	REPLACE w→uṅ	diagnostic_only	one_signature_missing	ordinary_tibetan_lexical_or_compound:1	damage:0;marker:0	independent_multi_context_canonical	མི་འབྱུང་བ་ mi 'byw ba Nicht-Werden, Nicht-
འབྱུང	du	byuṅ	canonical_independent_strong	1	REPLACE d→by;INS ṅ	diagnostic_only;diagnostic_only	multiple_signatures_missing	ordinary_tibetan_lexical_or_compound:1	damage:0;marker:0	independent_multi_context_canonical	ཕྱིས་འབྱུང་ ༼ Zukunft; — du später; —
འབྱུང	g	byuṅ	canonical_independent_strong	1	REPLACE g→byuṅ	diagnostic_only	one_signature_missing	ordinary_tibetan_lexical_or_compound:1	damage:0;marker:0	independent_multi_context_canonical	མུ་ཏིག་འབྱུང་གནས་ mu ti g bym gnas Bez. für
འབྱུང	khrugs	byuṅ	canonical_independent_strong	1	REPLACE khr→by;REPLACE gs→ṅ	diagnostic_only;diagnostic_only	multiple_signatures_missing	ordinary_tibetan_lexical_or_compound:1	damage:0;marker:0	independent_multi_context_canonical	"འབྱུང་འབྲུགས་ 'khrugs ""Störung der Ele-"
འབྱུང	me	byuṅ	canonical_independent_strong	1	REPLACE me→byuṅ	diagnostic_only	domain_risk	tibetan_proper_name:1	damage:0;marker:0	independent_multi_context_canonical	་འབྱུང་གནས་ me tog gi 'byun gnas npr.
འབྱེད	aufgeben	byed	canonical_independent_strong	0	REPLACE aufg→by;REPLACE ben→d	diagnostic_only;diagnostic_only	alignment_or_damage	ordinary_tibetan_lexical_or_compound:1	damage:1;marker:0	independent_multi_context_canonical	བཅའ་འབྱེད་ bca’ ?7)/༩༩ aufgeben, wider-
འབྱེད	byes	byed	canonical_independent_strong	0	SUB s→d	diagnostic_only	domain_risk	unclear:1	damage:0;marker:0	independent_multi_context_canonical	འབྱེད་པ་ ° /):0¢/ / ¢ !'byes pa.
འབྲང	ba	braṅ	canonical_independent_strong	0	INS r;INS ṅ	diagnostic_only;diagnostic_only	alignment_or_damage	ordinary_tibetan_lexical_or_compound:1	damage:1;marker:0	independent_multi_context_canonical	ཀུན་ཏུ་འབྲང་བ་ kun tu 77?) ba folgen, nachgehen.
འབྲང	bren	braṅ	canonical_independent_strong	1	SUB e→a;SUB n→ṅ	diagnostic_only;authorized_role_conditioned	one_signature_missing	ordinary_tibetan_lexical_or_compound:1	damage:0;marker:0	independent_multi_context_canonical	རྫཾས་སུ་འབྲང་ rjes su bren Trjes su ’bran.
འབྲང	byun	braṅ	canonical_independent_strong	1	SUB y→r;SUB u→a;SUB n→ṅ	diagnostic_only;candidate_review;authorized_role_conditioned	multiple_signatures_missing	ordinary_tibetan_lexical_or_compound:1	damage:0;marker:0	independent_multi_context_canonical	"བདད་རྩེའི་འབྲང་གནས་ bdud risi'i ""byun gnas"
འབྲི	Vri	bri	canonical_independent_strong	1	SUB V→b	diagnostic_only	domain_risk	tibetan_proper_name:1	damage:0;marker:0	independent_multi_context_canonical	འབྲི་རྒྱད་རེ་གེ་ Vri rgyud re ge npr. ein Tal im
འབྲི	bi	bri	canonical_independent_strong	1	INS r	diagnostic_only	one_signature_missing	ordinary_tibetan_lexical_or_compound:1	damage:0;marker:0	independent_multi_context_canonical	"འབྲི་འབྲེ་ ""bi bi."
འབྲི	britsho	bri	canonical_independent_strong	1	DEL tsho	diagnostic_only	one_signature_missing	ordinary_tibetan_lexical_or_compound:1	damage:0;marker:0	independent_multi_context_canonical	འབྲི་ཚོ་ 'britsho \'brin tsho.
འབྲི	brizo	bri	canonical_independent_strong	1	DEL zo	diagnostic_only	one_signature_missing	ordinary_tibetan_lexical_or_compound:1	damage:0;marker:0	independent_multi_context_canonical	འབྲི་ཞྲོ་ brizo Joghurt aus Dri-Milch.
འབྲིང	thin	briṅ	canonical_independent_strong	0	SUB t→b;SUB h→r;SUB n→ṅ	diagnostic_only;diagnostic_only;authorized_role_conditioned	alignment_or_damage	ordinary_tibetan_lexical_or_compound:1	damage:1;marker:0	independent_multi_context_canonical	"འབྲིང་རིལ།་ ""thin 77 Imthin ril."
འབྲུ	Dru	bru	canonical_independent_strong	1	SUB D→b	diagnostic_only	one_signature_missing	ordinary_tibetan_lexical_or_compound:1	damage:0;marker:0	independent_multi_context_canonical	འབྲུ་ཚད་ 'Dru tshad Alkohol.
འབྲུ	Pbru	bru	canonical_independent_strong	1	DEL P	diagnostic_only	domain_risk	tibetan_proper_name:1	damage:0;marker:0	independent_multi_context_canonical	འབྲུ་ Pbru npr. cine Region.
འབྲུ	SSa	bru	canonical_independent_strong	1	SUB S→b;SUB S→r;SUB a→u	diagnostic_only;diagnostic_only;diagnostic_only	multiple_signatures_missing	ordinary_tibetan_lexical_or_compound:1	damage:0;marker:0	independent_multi_context_canonical	འབྲུ་ཤ་ SSa Za.
འབྲུ	lṅa	bru	canonical_independent_strong	1	SUB l→b;SUB ṅ→r;SUB a→u	diagnostic_only;diagnostic_only;diagnostic_only	multiple_signatures_missing	ordinary_tibetan_lexical_or_compound:1	damage:0;marker:0	independent_multi_context_canonical	འབྲུ་ལྔ་ lṅa fünf Getreidearten, zumeist
འབྲུ	sna	bru	canonical_independent_strong	0	SUB s→b;SUB n→r;SUB a→u	diagnostic_only;diagnostic_only;diagnostic_only	domain_risk	unclear:1	damage:1;marker:0	independent_multi_context_canonical	"behalten"" (MTH3/5/26 2); — 'dra dpe rgyas འབྲུ་སྣ་ལྔ་ '[77/ sna lha ]7//77/ lṅa."
འབྲུ	snabdun	bru	canonical_independent_strong	0	DEL sna;SUB d→r;DEL n	diagnostic_only;diagnostic_only;diagnostic_only	domain_risk	unclear:1	damage:1;marker:0	independent_multi_context_canonical	erlaubt, daß deren Wortbedeutung als Bei- འབྲུ་སྣ་བདུན་ '/)?-7/ snabdun (10 sieben Getreide-
འབྲུག	Drug	brug	canonical_independent_strong	1	SUB D→b	diagnostic_only	one_signature_missing	ordinary_tibetan_lexical_or_compound:1	damage:0;marker:0	independent_multi_context_canonical	"འབྲུག་ལྷ་ 'Drug lba ""Drachengott"", eine rituel-"
འབྲུག	brugg.yos	brug	canonical_independent_strong	1	DEL g.yos	diagnostic_only	one_signature_missing	ordinary_tibetan_lexical_or_compound:1	damage:0;marker:0	independent_multi_context_canonical	འབྲུག་གཡོས་ 'brugg.yos V'brugyas.
འབྲུག	brugyul	brug	canonical_independent_strong	1	DEL yul	diagnostic_only	one_signature_missing	ordinary_tibetan_lexical_or_compound:1	damage:0;marker:0	independent_multi_context_canonical	འབྲུག་ཡུལ་ brugyul Bhutan.
འབྲུག	pa	brug	canonical_independent_strong	0	REPLACE pa→brug	diagnostic_only	alignment_or_damage	ordinary_tibetan_lexical_or_compound:1	damage:1;marker:0	independent_multi_context_canonical	ཀུན་ནས་འབྲུག་པ་ kun nas 5/777/9 pa verwirrt wer-
འབྲུམ	bum	brum	canonical_independent_strong	1	INS r	diagnostic_only	domain_risk	tibetan_proper_name:1	damage:0;marker:0	independent_multi_context_canonical	ཀུན་འབྲུམ་མ་ kun ’bum ma npr. eine Däkini, ge-
འབྲེལ	Verwandte	brel	canonical_independent_strong	0	REPLACE V→br;REPLACE rwandte→l	diagnostic_only;diagnostic_only	alignment_or_damage	ordinary_tibetan_lexical_or_compound:1	damage:1;marker:0	independent_multi_context_canonical	གཉེན་འབྲེལ་ 0/760/7 ’brel Verwandte.
འབྲེལ	am	brel	canonical_independent_strong	1	REPLACE am→brel	diagnostic_only	one_signature_missing	ordinary_tibetan_lexical_or_compound:1	damage:0;marker:0	independent_multi_context_canonical	མཉམ་འབྲེལ་ müam ’brel gemeinsam.
འབྲེལ	ba	brel	canonical_independent_strong	1	REPLACE a→rel	diagnostic_only	one_signature_missing	ordinary_tibetan_lexical_or_compound:1	damage:0;marker:0	independent_multi_context_canonical	འདབ་འབྲེལ་བ་ 'dab'brel ba Vdabs.
འབྲེལ	bar	brel	canonical_independent_strong	0	DEL a;INS el	diagnostic_only;diagnostic_only	alignment_or_damage	ordinary_tibetan_lexical_or_compound:1	damage:1;marker:0	independent_multi_context_canonical	ཉེར་འབྲེལ་ /767ˆ ’brel †;7¢ bar ’brel.
འབྲེལ	bel	brel	canonical_independent_strong	1	INS r	diagnostic_only	one_signature_missing	ordinary_tibetan_lexical_or_compound:1	damage:0;marker:0	independent_multi_context_canonical	འབྲེལ།་པོ་ bel po viel, reichlich; vgl. 1'bol.
འབྲེལ	belba	brel	canonical_independent_strong	1	INS r;DEL ba	diagnostic_only;diagnostic_only	multiple_signatures_missing	ordinary_tibetan_lexical_or_compound:1	damage:0;marker:0	independent_multi_context_canonical	འབྲེལ་བྲ་ 'belba angenehm, lieblich.
འབྲེལ	brelthag	brel	canonical_independent_strong	1	DEL thag	diagnostic_only	one_signature_missing	ordinary_tibetan_lexical_or_compound:1	damage:0;marker:0	independent_multi_context_canonical	འབྲེལ་ཐག་ 'brelthag Verbindung.
འབྲེལ	tats	brel	canonical_independent_strong	0	SUB t→b;SUB a→r;SUB t→e;SUB s→l	diagnostic_only;diagnostic_only;diagnostic_only;diagnostic_only	domain_risk	unclear:1	damage:1;marker:0	independent_multi_context_canonical	དངོས་འབྲེལ་ @/©0$ ’brel tatsächlich, in Wirk-
འཚལ	ldan	tshal	canonical_independent_strong	1	INS tsha;DEL dan	diagnostic_only;diagnostic_only	multiple_signatures_missing	ordinary_tibetan_lexical_or_compound:1	damage:0;marker:0	independent_multi_context_canonical	ཕྱག་འཚལ་ལྡན་ pphyag ldan Beiname In-
འཚལ	tsbal	tshal	canonical_independent_strong	1	SUB b→h	candidate_review	one_signature_missing	ordinary_tibetan_lexical_or_compound:1	damage:0;marker:0	independent_multi_context_canonical	སྤོས་ཅི་འཚལ་ smos ci 'tsbal um wieviel mehr,
འཚལ	verg	tshal	canonical_independent_strong	1	REPLACE verg→tshal	diagnostic_only	one_signature_missing	ordinary_tibetan_lexical_or_compound:1	damage:0;marker:0	independent_multi_context_canonical	བས་འཚལ་བྲ་ bas'tshalba vergänglich.
འུར	onom	ur	canonical_independent_strong	0	REPLACE onom→ur	diagnostic_only	alignment_or_damage	ordinary_tibetan_lexical_or_compound:1	damage:1;marker:0	independent_multi_context_canonical	ཀློག་འུར་ krog 77?“ onom. Schuhgeräusch, vgl.
འུར	tu	ur	canonical_independent_strong	1	DEL t;INS r	diagnostic_only;diagnostic_only	multiple_signatures_missing	ordinary_tibetan_lexical_or_compound:1	damage:0;marker:0	independent_multi_context_canonical	ཀུནཏུ་འུར་འུར་ kun tu ’ur ’ur onom. für lautes
འོག	Nams	og	canonical_independent_strong	1	REPLACE Nams→og	diagnostic_only	one_signature_missing	ordinary_tibetan_lexical_or_compound:1	damage:0;marker:0	independent_multi_context_canonical	ཉམས་ འོག 5 SA Nams ’og tn chud kennen.
འོག	ba	og	canonical_independent_strong	1	SUB b→o;SUB a→g	diagnostic_only;diagnostic_only	multiple_signatures_missing	ordinary_tibetan_lexical_or_compound:1	damage:0;marker:0	independent_multi_context_canonical	བཀའ་འོག་ AR ba’ ’og tu chud alttib. auch ba’
འོག	chos	og	canonical_independent_strong	0	DEL ch;SUB s→g	diagnostic_only;diagnostic_only	alignment_or_damage	ordinary_tibetan_lexical_or_compound:1	damage:1;marker:0	independent_multi_context_canonical	ཐ་འོག་ཆོས་རྒྱལ་པོ་ tha 09 chos rgyal po Beiname
འོག	dus	og	canonical_independent_strong	1	REPLACE dus→og	diagnostic_only	one_signature_missing	ordinary_tibetan_lexical_or_compound:1	damage:0;marker:0	independent_multi_context_canonical	བཀའ་འོག་ཏུ་འདུས་ bka’’ogtu ’dus pf. unterwerfen.
འོག	ogrdo	og	canonical_independent_strong	1	DEL rdo	diagnostic_only	one_signature_missing	ordinary_tibetan_lexical_or_compound:1	damage:0;marker:0	independent_multi_context_canonical	མགར་བའི་འོག་རྔོ་ mgar ba’i ’ogrdo Amboß.
འོག	ogtu	og	canonical_independent_strong	1	DEL tu	diagnostic_only	one_signature_missing	ordinary_tibetan_lexical_or_compound:1	damage:0;marker:0	independent_multi_context_canonical	དེའི་འོག་ཏུ་ de’i ’ogtu Tde’og.
འོང	N	oṅ	canonical_independent_strong	1	REPLACE N→oṅ	diagnostic_only	one_signature_missing	ordinary_tibetan_lexical_or_compound:1	damage:0;marker:0	independent_multi_context_canonical	ཀེ འོང རོང ARE N doṅ
འོང	Tpha	oṅ	canonical_independent_strong	0	REPLACE Tpha→oṅ	diagnostic_only	alignment_or_damage	ordinary_tibetan_lexical_or_compound:1	damage:0;marker:1	independent_multi_context_canonical	ཕ་འོང་ pha'on Tpha bon.
འོང	herbeikommen	oṅ	canonical_independent_strong	0	DEL herbeik;REPLACE mmen→ṅ	diagnostic_only;diagnostic_only	alignment_or_damage	ordinary_tibetan_lexical_or_compound:1	damage:1;marker:0	independent_multi_context_canonical	མངོན་ང་འོང་ mnon du 07? herbeikommen.
འོང	is	oṅ	canonical_independent_strong	1	SUB i→o;SUB s→ṅ	diagnostic_only;diagnostic_only	multiple_signatures_missing	ordinary_tibetan_lexical_or_compound:1	damage:0;marker:0	independent_multi_context_canonical	བཅུ་གཉིས་འོང་འཕྲོ་ beu güis ’od ’phro Bez. für
འོང	kar	oṅ	canonical_independent_strong	0	REPLACE kar→oṅ	diagnostic_only	alignment_or_damage	ordinary_tibetan_lexical_or_compound:1	damage:1;marker:0	independent_multi_context_canonical	ཀར་འོང་ kar 07? ('kar) eine plötzlich auftretende
འོད	Blitz	od	canonical_independent_strong	0	REPLACE Blitz→od	diagnostic_only	alignment_or_damage	ordinary_tibetan_lexical_or_compound:1	damage:1;marker:0	independent_multi_context_canonical	སྐད་ཅིག་འོད་ skad (79 ’od Blitz.
འོད	Licht	od	canonical_independent_strong	1	REPLACE Licht→od	diagnostic_only	one_signature_missing	ordinary_tibetan_lexical_or_compound:1	damage:0;marker:0	independent_multi_context_canonical	མེ་འོད་ me'od Licht des Feuers.
འོད	ba	od	canonical_independent_strong	0	SUB b→o;SUB a→d	diagnostic_only;diagnostic_only	alignment_or_damage	ordinary_tibetan_lexical_or_compound:1	damage:1;marker:0	independent_multi_context_canonical	དྲ་བའི་འོད་ dra ba’i 07 1@7% ba can 9) 0@,
འོད	pa'i	od	canonical_independent_strong	1	REPLACE pa'i→od	diagnostic_only	one_signature_missing	ordinary_tibetan_lexical_or_compound:1	damage:0;marker:0	independent_multi_context_canonical	པའི་འོད་ spyod pa'i 'od
འོད	yi	od	canonical_independent_strong	1	SUB y→o;SUB i→d	diagnostic_only;diagnostic_only	multiple_signatures_missing	ordinary_tibetan_lexical_or_compound:1	damage:0;marker:0	independent_multi_context_canonical	ཆུ་ ་འོད་ཀྱུ་རྔོན་པོ་ chu yi ’od khru shon po Bez.
ཡང	dag	yaṅ	canonical_independent_strong	0	SUB d→y;SUB g→ṅ	diagnostic_only;diagnostic_only	alignment_or_damage	ordinary_tibetan_lexical_or_compound:1	damage:1;marker:0	independent_multi_context_canonical	རྟགས་ཡང་དག་ rtags ༡:77 dag \rtags 3.
ཡང	nun	yaṅ	canonical_independent_strong	1	SUB n→y;SUB u→a;SUB n→ṅ	diagnostic_only;candidate_review;authorized_role_conditioned	multiple_signatures_missing	ordinary_tibetan_lexical_or_compound:1	damage:0;marker:0	independent_multi_context_canonical	ད་ཡང་ dayan nun; auch jetzt, auch jetzt noch;
ཡང	par	yaṅ	canonical_independent_strong	0	SUB p→y;SUB r→ṅ	diagnostic_only;candidate_review	domain_risk	unclear:1	damage:0;marker:0	independent_multi_context_canonical	'པར་ཡང་སྤོན་པ།་ phyad par lun ston pa wahre,
ཡང	tha'i	yaṅ	canonical_independent_strong	0	REPLACE th→y;REPLACE 'i→ṅ	diagnostic_only;diagnostic_only	domain_risk	unclear:1	damage:1;marker:0	independent_multi_context_canonical	AR ཡང་ཧ གླེའུ་ཤཱ tha'i yaṅ bu 0/0?// su ein Amt,
ཡང	yani	yaṅ	canonical_independent_strong	3	REPLACE ni→ṅ	candidate_review	one_signature_missing	ordinary_tibetan_lexical_or_compound:3	damage:0;marker:0	independent_multi_context_canonical	འདི་ལྟར་ཡང་ di ltar yani || ན་ཡང་ na yani || བབ་ཚོལ་ཕྱར་ཡང་ bab tshol phyar yani wunüber-
ཡང	yanrtse	yaṅ	canonical_independent_strong	1	REPLACE nrtse→ṅ	diagnostic_only	one_signature_missing	ordinary_tibetan_lexical_or_compound:1	damage:0;marker:0	independent_multi_context_canonical	ཀ་ཡང་རྩེ་ ka yanrtse (ka) Höchstes; vgl.yari 7756.
ཡན	kyi	yan	canonical_independent_strong	1	DEL k;REPLACE i→an	diagnostic_only;diagnostic_only	multiple_signatures_missing	ordinary_tibetan_lexical_or_compound:1	damage:0;marker:0	independent_multi_context_canonical	བྱང་ཆུབ་ཡན་ལག byaṅ chub kyi yan lag.
ཡན	lag	yan	canonical_independent_strong	0	SUB l→y;SUB g→n	diagnostic_only;diagnostic_only	domain_risk	unclear:1	damage:0;marker:0	independent_multi_context_canonical	གྲུ་ཡི་ཡན་ལག་ gru ༡// yan lag Ruder, Paddel.
ཡབ	Balustrade	yab	canonical_independent_strong	1	SUB B→y;REPLACE lustrade→b	diagnostic_only;diagnostic_only	multiple_signatures_missing	ordinary_tibetan_lexical_or_compound:1	damage:0;marker:0	independent_multi_context_canonical	མདའ་ཡབ་ mda'yab Balustrade, Geländer.
ཡབ	Wedel	yab	canonical_independent_strong	0	REPLACE Wedel→yab	diagnostic_only	domain_risk	unclear:1	damage:0;marker:0	independent_multi_context_canonical	སྐྲ་ཡི་བསིལ་ཡབ་ skra ༡/: bsil yab Wedel aus Yak-
ཡབ	a	yab	canonical_independent_strong	0	INS y;INS b	diagnostic_only;diagnostic_only	domain_risk	unclear:1	damage:0;marker:0	independent_multi_context_canonical	Lex. — pa = dgug par bya ba ste mgo ཡབ་ a
ཡབ	aeb	yab	canonical_independent_strong	1	INS y;DEL e	diagnostic_only;diagnostic_only	multiple_signatures_missing	ordinary_tibetan_lexical_or_compound:1	damage:0;marker:0	independent_multi_context_canonical	པདྨ་རིགས་ཀྱི་ཚེ་ལྷ་ཡབ་ཡུམ་ padma rigs kyi tshe lha aeb anso wol
ཡར	Arbeit	yar	canonical_independent_strong	1	REPLACE A→ya;DEL beit	diagnostic_only;diagnostic_only	multiple_signatures_missing	ordinary_tibetan_lexical_or_compound:1	damage:0;marker:0	independent_multi_context_canonical	ཕྱང་ཡར་ ༼ yar Arbeit, Tun, Aktivität.
ཡར	eineKuh	yar	canonical_independent_strong	1	REPLACE eineKuh→yar	diagnostic_only	one_signature_missing	ordinary_tibetan_lexical_or_compound:1	damage:0;marker:0	independent_multi_context_canonical	བ་ཡར་ bayar eineKuh, die vor einem Jahr ge-
ཡར	rt	yar	canonical_independent_strong	0	INS ya;DEL t	diagnostic_only;diagnostic_only	domain_risk	unclear:1	damage:0;marker:0	independent_multi_context_canonical	= Ib ཡར rt ol-
ཡས	Unend	yas	canonical_independent_strong	1	REPLACE Unend→yas	diagnostic_only	one_signature_missing	ordinary_tibetan_lexical_or_compound:1	damage:0;marker:0	independent_multi_context_canonical	"རྣམ་ཤེས་མཐའ་ཡས་ rnam Ses mtha'yas ""Unend-"
ཡས	endlos	yas	canonical_independent_strong	1	REPLACE endlo→ya	diagnostic_only	one_signature_missing	ordinary_tibetan_lexical_or_compound:1	damage:0;marker:0	independent_multi_context_canonical	ཕ་མཐའ་ཡས་ phamtha'yas grenzenlos, endlos,
ཡི	Beiname	yi	canonical_independent_strong	0	REPLACE Be→y;DEL name	diagnostic_only;diagnostic_only	domain_risk	unclear:1	damage:1;marker:0	independent_multi_context_canonical	ཉ་ཡི་ཚིགས་ 74 7/ tshigs Beiname Märas bzw.
ཡི	F	yi	canonical_independent_strong	0	REPLACE F→yi	diagnostic_only	alignment_or_damage	ordinary_tibetan_lexical_or_compound:1	damage:1;marker:0	independent_multi_context_canonical	གྲ་ཡི་རབ་ gru ༡// 745 Fähre, Boot.
ཡི	Veuergef	yi	canonical_independent_strong	1	REPLACE Veuergef→yi	diagnostic_only	one_signature_missing	ordinary_tibetan_lexical_or_compound:1	damage:0;marker:0	independent_multi_context_canonical	མེ་ཡི་སྟེགས་ meyistegs Veuergefäß, Feuerpfan-
ཡི	bsil	yi	canonical_independent_strong	0	REPLACE bs→y;DEL l	diagnostic_only;diagnostic_only	domain_risk	unclear:1	damage:0;marker:0	independent_multi_context_canonical	སྐྲ་ཡི་བསིལ་ཡབ་ skra ༡/: bsil yab Wedel aus Yak-
ཡི	byi	yi	canonical_independent_strong	0	DEL b	candidate_review	domain_risk	unclear:1	damage:0;marker:0	independent_multi_context_canonical	ཆུ་ཡི་བྱི་བ་ chu ༡// byi ba Tchn byi.
ཡི	dbyans	yi	canonical_independent_strong	1	DEL db;REPLACE ans→i	diagnostic_only;diagnostic_only	multiple_signatures_missing	ordinary_tibetan_lexical_or_compound:1	damage:0;marker:0	independent_multi_context_canonical	རྟ་ཡི་དབྱངས་ rta ༡// dbyans Trta dbyans.
ཡི	don	yi	canonical_independent_strong	1	REPLACE don→yi	diagnostic_only	one_signature_missing	ordinary_tibetan_lexical_or_compound:1	damage:0;marker:0	independent_multi_context_canonical	དེ་ཡི་དོན་ de ༡// don tde don.
ཡི	dus	yi	canonical_independent_strong	0	REPLACE dus→yi	diagnostic_only	alignment_or_damage	ordinary_tibetan_lexical_or_compound:1	damage:1;marker:0	independent_multi_context_canonical	དེ་ཡི་དུས་ de ༡// dus [46 dus.
ཡི	ga	yi	canonical_independent_strong	0	SUB g→y;SUB a→i	diagnostic_only;diagnostic_only	alignment_or_damage	ordinary_tibetan_lexical_or_compound:1	damage:1;marker:0	independent_multi_context_canonical	སྣ་ཡི་བུ་ག་ ༩༩༡༩ bu ga tsna bug.
ཡི	gdon	yi	canonical_independent_strong	1	REPLACE gdon→yi	diagnostic_only	one_signature_missing	ordinary_tibetan_lexical_or_compound:1	damage:0;marker:0	independent_multi_context_canonical	རྟ་ཡི་གདོང་ཅན་ rta ༡// gdon can Trta gdon can.
ཡི	gra	yi	canonical_independent_strong	1	REPLACE gra→yi	diagnostic_only	one_signature_missing	ordinary_tibetan_lexical_or_compound:1	damage:0;marker:0	independent_multi_context_canonical	བླ་ཡི་གྲ་ blayi gra Gerichtshof, Gefängnis.
ཡི	gtsaṅ	yi	canonical_independent_strong	1	REPLACE gtsaṅ→yi	diagnostic_only	one_signature_missing	ordinary_tibetan_lexical_or_compound:1	damage:0;marker:0	independent_multi_context_canonical	རྟ་ཡི་གཙང་མ་ rta ༡// gtsaṅ ma Trta gtsaṅ.
ཡི	gtso	yi	canonical_independent_strong	1	REPLACE gtso→yi	diagnostic_only	one_signature_missing	ordinary_tibetan_lexical_or_compound:1	damage:0;marker:0	independent_multi_context_canonical	ཏྱ་ཡི་གཙོ་བོ་ khyu ༡// gtso bo Herr der Elefan-
ཡི	gzugs	yi	canonical_independent_strong	1	REPLACE gzugs→yi	diagnostic_only	one_signature_missing	ordinary_tibetan_lexical_or_compound:1	damage:0;marker:0	independent_multi_context_canonical	ཆུ་ཡི་གཟུགས་བརྙན་ chu ༡/༡ gzugs brüan Fata
ཡི	lci	yi	canonical_independent_strong	0	REPLACE lc→y	diagnostic_only	alignment_or_damage	ordinary_tibetan_lexical_or_compound:1	damage:1;marker:0	independent_multi_context_canonical	ཡི་བ ?lci ba Dung, K
ཡི	ma	yi	canonical_independent_strong	1	SUB m→y;SUB a→i	diagnostic_only;diagnostic_only	multiple_signatures_missing	ordinary_tibetan_lexical_or_compound:1	damage:0;marker:0	independent_multi_context_canonical	"མ་ཡི་ར།་ mma ma ""Mutter der Mutter"", Bez."
ཡི	mchog	yi	canonical_independent_strong	1	REPLACE mchog→yi	diagnostic_only	one_signature_missing	ordinary_tibetan_lexical_or_compound:1	damage:0;marker:0	independent_multi_context_canonical	མི་ཡི་མཆོག་ miyi mchog Tmi mchog.
ཡི	mi	yi	canonical_independent_strong	1	SUB m→y	diagnostic_only	one_signature_missing	ordinary_tibetan_lexical_or_compound:1	damage:0;marker:0	independent_multi_context_canonical	་ཡི་ལྷ་ mi yi lha Bez. für König, Weltherr-
ཡི	miyi	yi	canonical_independent_strong	1	DEL mi	diagnostic_only	domain_risk	ordinary_tibetan_lexical_or_compound:1;unclear:1	damage:0;marker:0	independent_multi_context_canonical	'ཡི་བདག་ miyi bdag tmi bdag. || ་ཡི་དབང་པོ་ miyi dbaṅ po tmi dbaṅ.
ཡི	mo	yi	canonical_independent_strong	1	SUB m→y;SUB o→i	diagnostic_only;diagnostic_only	multiple_signatures_missing	ordinary_tibetan_lexical_or_compound:1	damage:0;marker:0	independent_multi_context_canonical	མདའ་ཡི་རྔ་མོ་ mda'yirna mo cein Flußfisch.
ཡི	pa	yi	canonical_independent_strong	0	SUB p→y;SUB a→i	diagnostic_only;diagnostic_only	domain_risk	unclear:1	damage:1;marker:0	independent_multi_context_canonical	„er ließ [das Gebäude] einmal halbmond- གྱུ་ཡི་གཤོག་པ་ gru ༡// 9709 pa Ruder, Paddel.
ཡི	philin	yi	canonical_independent_strong	1	REPLACE ph→y;DEL lin	diagnostic_only;diagnostic_only	multiple_signatures_missing	ordinary_tibetan_lexical_or_compound:1	damage:0;marker:0	independent_multi_context_canonical	ཡི་ལིང་ philin lphe van.
ཡི	phren	yi	canonical_independent_strong	0	REPLACE phren→yi	diagnostic_only	domain_risk	unclear:1	damage:0;marker:0	independent_multi_context_canonical	སྐྲ་ཡི་ཕྲེང་བ་ skra ༡// phren ba Rauch.
ཡི	phyi	yi	canonical_independent_strong	1	DEL ph	diagnostic_only	one_signature_missing	ordinary_tibetan_lexical_or_compound:1	damage:0;marker:0	independent_multi_context_canonical	"ཡི་སླེ་བརྒྱད་ phyi yi sde bryad "" Y"
ཡི	pi	yi	canonical_independent_strong	1	SUB p→y	diagnostic_only	one_signature_missing	ordinary_tibetan_lexical_or_compound:1	damage:0;marker:0	independent_multi_context_canonical	ཡི་ཝང་ pi waṅ
ཡི	rdo	yi	canonical_independent_strong	1	REPLACE rdo→yi	diagnostic_only	one_signature_missing	ordinary_tibetan_lexical_or_compound:1	damage:0;marker:0	independent_multi_context_canonical	་ཡི་བུ་ rdo yi bu ein Farbstoff.
ཡི	spun	yi	canonical_independent_strong	1	REPLACE spun→yi	diagnostic_only	one_signature_missing	ordinary_tibetan_lexical_or_compound:1	damage:0;marker:0	independent_multi_context_canonical	ཕ་ཡི་སྤུན་ཟླ་ ppba spun zla Onkel väterlicher-
ཡི	srid	yi	canonical_independent_strong	0	REPLACE sr→y;DEL d	diagnostic_only;diagnostic_only	domain_risk	unclear:1	damage:0;marker:0	independent_multi_context_canonical	ཀླུ་ཡི་སྲིད་པ་ klu ༡// srid pa „Welt der Nägas“, Bez.
ཡི	untere	yi	canonical_independent_strong	0	REPLACE untere→yi	diagnostic_only	alignment_or_damage	ordinary_tibetan_lexical_or_compound:1	damage:1;marker:0	independent_multi_context_canonical	ཡི ༢༠ untere Augenlid, die Haut des
ཡི	y	yi	canonical_independent_strong	1	INS i	diagnostic_only	one_signature_missing	ordinary_tibetan_lexical_or_compound:1	damage:0;marker:0	independent_multi_context_canonical	སྒོ་ཡི་མེ་ཁོང་ sgo yı me lor Türblatt.
ཡི	yan	yi	canonical_independent_strong	0	REPLACE an→i	diagnostic_only	domain_risk	unclear:1	damage:0;marker:0	independent_multi_context_canonical	གྲུ་ཡི་ཡན་ལག་ gru ༡// yan lag Ruder, Paddel.
ཡི	yi'groba	yi	canonical_independent_strong	1	DEL 'groba	diagnostic_only	one_signature_missing	ordinary_tibetan_lexical_or_compound:1	damage:0;marker:0	independent_multi_context_canonical	མི་ཡི་འགྲོ་བ་ mi yi'groba Imri gro ba.
ཡི	yikhams	yi	canonical_independent_strong	1	DEL khams	diagnostic_only	one_signature_missing	ordinary_tibetan_lexical_or_compound:1	damage:0;marker:0	independent_multi_context_canonical	མེ་ཡི་ཁམས་ me yikhams Ime khams.
ཡི	yitheg	yi	canonical_independent_strong	1	DEL theg	diagnostic_only	one_signature_missing	ordinary_tibetan_lexical_or_compound:1	damage:0;marker:0	independent_multi_context_canonical	མི་ཡི་ཐེག་པ་ mi yitheg pa Beiname des Gottes
ཡི	yithod	yi	canonical_independent_strong	1	DEL thod	diagnostic_only	one_signature_missing	ordinary_tibetan_lexical_or_compound:1	damage:0;marker:0	independent_multi_context_canonical	དྲི་ཡི་ཐོད་ dri yithod Moschusduft.
ཡི	yitshe	yi	canonical_independent_strong	0	DEL tshe	diagnostic_only	alignment_or_damage	ordinary_tibetan_lexical_or_compound:1	damage:1;marker:0	independent_multi_context_canonical	དེ་ཡི་ཚེ་ de yitshe 16 tshe.
ཡི	ze	yi	canonical_independent_strong	0	SUB z→y;SUB e→i	diagnostic_only;diagnostic_only	domain_risk	unclear:1	damage:0;marker:0	independent_multi_context_canonical	ཉ་ཡི་བྲེ་བ་ fa ༡/¿ ze ba Fischflosse.
ཡིན	Ignas	yin	canonical_independent_strong	0	SUB I→y;SUB g→i;DEL as	diagnostic_only;diagnostic_only;diagnostic_only	alignment_or_damage	ordinary_tibetan_lexical_or_compound:1	damage:0;marker:1	independent_multi_context_canonical	གནས་མ་ཡིན་ gras mayin Ignas min.
ཡིན	tan	yin	canonical_independent_strong	1	SUB t→y;SUB a→i	diagnostic_only;diagnostic_only	multiple_signatures_missing	ordinary_tibetan_lexical_or_compound:1	damage:0;marker:0	independent_multi_context_canonical	"སྦྱངས་པའི་ཡིན་ཏན་ ssbyaṅs yon tan ""reine"
ཡིས	bcal	yis	canonical_independent_strong	1	REPLACE bcal→yis	diagnostic_only	one_signature_missing	ordinary_tibetan_lexical_or_compound:1	damage:0;marker:0	independent_multi_context_canonical	བློ་ཡིས་བཅལ་ blblo bcal bcal.
ཡིས	tsho	yis	canonical_independent_strong	0	REPLACE t→yi;DEL ho	diagnostic_only;diagnostic_only	domain_risk	unclear:1	damage:1;marker:0	independent_multi_context_canonical	གླྭ་ཡིས་འཚོ་བ་ gla ༡//$ ’tsho ba !gla ’tsho.
ཡིས	yislcogs	yis	canonical_independent_strong	1	DEL lcogs	diagnostic_only	one_signature_missing	ordinary_tibetan_lexical_or_compound:1	damage:0;marker:0	independent_multi_context_canonical	བློ་ཡིས་ལྕོགས་ bblo yislcogs lcogs.
ཡུག	Seident	yug	canonical_independent_strong	1	REPLACE Seident→yug	diagnostic_only	one_signature_missing	ordinary_tibetan_lexical_or_compound:1	damage:0;marker:0	independent_multi_context_canonical	དར་ཡུག་ ཞུ yug Seidentücher, ein Ballen Sei-
ཡུག	schreiten	yug	canonical_independent_strong	0	REPLACE schreiten→yug	diagnostic_only	alignment_or_damage	ordinary_tibetan_lexical_or_compound:1	damage:1;marker:0	independent_multi_context_canonical	འགོམ་ཡུག་ ’gom ༡///£་ schreiten, überqueren.
ཡུམ	anso	yum	canonical_independent_strong	1	REPLACE anso→yum	diagnostic_only	one_signature_missing	ordinary_tibetan_lexical_or_compound:1	damage:0;marker:0	independent_multi_context_canonical	པདྨ་རིགས་ཀྱི་ཚེ་ལྷ་ཡབ་ཡུམ་ padma rigs kyi tshe lha aeb anso wol
ཡུལ	Bhutan	yul	canonical_independent_strong	1	REPLACE Bh→y;REPLACE tan→l	diagnostic_only;diagnostic_only	multiple_signatures_missing	ordinary_tibetan_lexical_or_compound:1	damage:0;marker:0	independent_multi_context_canonical	འབྲུག་ཡུལ་ brugyul Bhutan.
ཡུལ	Lagerplatz	yul	canonical_independent_strong	0	REPLACE Lagerp→yu;DEL atz	diagnostic_only;diagnostic_only	domain_risk	unclear:1	damage:1;marker:0	independent_multi_context_canonical	འཇོག་ཡུལ་ 709 yul Lagerplatz.
ཡུལ	Nomadengebiet	yul	canonical_independent_strong	1	REPLACE Nomadengebiet→yul	diagnostic_only	one_signature_missing	ordinary_tibetan_lexical_or_compound:1	damage:0;marker:0	independent_multi_context_canonical	འབྲོག་ཡུལ་ 'brogyul Nomadengebiet.
ཡུལ	Zielobjekt	yul	canonical_independent_strong	0	REPLACE Zie→yu;DEL objekt	diagnostic_only;diagnostic_only	alignment_or_damage	ordinary_tibetan_lexical_or_compound:1	damage:1;marker:0	independent_multi_context_canonical	འཇུག་ཡུལ་ ”//£ yal Zielobjekt.
ཡུལ	ba	yul	canonical_independent_strong	1	REPLACE ba→yul	diagnostic_only	one_signature_missing	ordinary_tibetan_lexical_or_compound:1	damage:0;marker:0	independent_multi_context_canonical	"འཕགས་ཡུལ་ལྟེ་བ་ 'p'phags ba ""Nabel des"
ཡུལ	pa'i	yul	canonical_independent_strong	1	REPLACE pa'i→yul	diagnostic_only	one_signature_missing	ordinary_tibetan_lexical_or_compound:1	damage:0;marker:0	independent_multi_context_canonical	སྤྱིན་ཡུལ y pa'i y
ཡུལ	yaul	yul	canonical_independent_strong	1	DEL a	diagnostic_only	one_signature_missing	ordinary_tibetan_lexical_or_compound:1	damage:0;marker:0	independent_multi_context_canonical	རྨ་ཡུལ་ rma yaul
ཡུལ	ynl	yul	canonical_independent_strong	1	SUB n→u	diagnostic_only	one_signature_missing	ordinary_tibetan_lexical_or_compound:1	damage:0;marker:0	independent_multi_context_canonical	གཏན་ཡུལ་ gran ynl
ཡེ	bdnd	ye	canonical_independent_strong	1	REPLACE bdnd→ye	diagnostic_only	one_signature_missing	ordinary_tibetan_lexical_or_compound:1	damage:0;marker:0	independent_multi_context_canonical	ཡེ་ཤེས་ཀྱི་ཕྱག་རྒྱལ་ bdnd kyi dieyil 'kbor thams
ཡེ	ses	ye	canonical_independent_strong	1	SUB s→y;DEL s	diagnostic_only;diagnostic_only	multiple_signatures_missing	ordinary_tibetan_lexical_or_compound:1	damage:0;marker:0	independent_multi_context_canonical	མི་ལོང་ལྟ་བུའི་ཡེ་ཤེས་ mme lori lta ye ses kur,
ཡེ	tsarya	ye	canonical_independent_strong	0	DEL tsar;SUB a→e	diagnostic_only;diagnostic_only	domain_risk	unclear:1	damage:1;marker:0	independent_multi_context_canonical	5 ཨ་ཙརྨ་ཡེ་ཤེས་དབང་པོ་ kyi a tsarya ye 4©$ dbaṅ po
ཡེ	yi	ye	canonical_independent_strong	2	SUB i→e	diagnostic_only	domain_risk	ordinary_tibetan_lexical_or_compound:1;tibetan_proper_name:1	damage:0;marker:0	independent_multi_context_canonical	ཆུ་ཡེ་ཁང་པ་ chu yi khaṅ pa Tchn khan. || མ་མོ་ཀླུ་ཡེ་གཙོ་ ma mo klu yi gtso npr. eine
ཡོག	Sch	yog	canonical_independent_strong	1	SUB S→y;SUB c→o;SUB h→g	diagnostic_only;diagnostic_only;diagnostic_only	multiple_signatures_missing	ordinary_tibetan_lexical_or_compound:1	damage:0;marker:0	independent_multi_context_canonical	མེ་ཡོག་ meyog Schürholz, 86©]11]7113]401],
ཡོད	du	yod	canonical_independent_strong	1	INS yo;DEL u	diagnostic_only;diagnostic_only	multiple_signatures_missing	ordinary_tibetan_lexical_or_compound:1	damage:0;marker:0	independent_multi_context_canonical	མཉན་ད་ ཡོད་པ་ müan du yod pa
ཡོན	Vdod	yon	canonical_independent_strong	1	REPLACE Vd→y;SUB d→n	diagnostic_only;diagnostic_only	multiple_signatures_missing	ordinary_tibetan_lexical_or_compound:1	damage:0;marker:0	independent_multi_context_canonical	འདོད་པའི་ཡོན་ཏན་ 'dodpa'iyon tan Vdod yon
ཡོན	bin	yon	canonical_independent_strong	1	SUB b→y;SUB i→o	diagnostic_only;diagnostic_only	multiple_signatures_missing	ordinary_tibetan_lexical_or_compound:1	damage:0;marker:0	independent_multi_context_canonical	ཡོན་ bin yon Preis, Vergütung, Kosten.
ཡོན	sras	yon	canonical_independent_strong	1	REPLACE sras→yon	diagnostic_only	one_signature_missing	ordinary_tibetan_lexical_or_compound:1	damage:0;marker:0	independent_multi_context_canonical	EN ་སུས་ཡོན་ཏན་ rnam sras yon tan
རག	Verlust	rag	canonical_independent_strong	1	DEL Ve;REPLACE lust→ag	diagnostic_only;diagnostic_only	multiple_signatures_missing	ordinary_tibetan_lexical_or_compound:1	damage:0;marker:0	independent_multi_context_canonical	བོར་བླ་རག་ bor brlag Verlust.
རག	ma	rag	canonical_independent_strong	0	SUB m→r;INS g	diagnostic_only;diagnostic_only	domain_risk	unclear:1	damage:0;marker:0	independent_multi_context_canonical	སྙང་རག་མ་ 5/7//7 rag ma hartherzig.
རན	Text	ran	canonical_independent_strong	0	REPLACE Text→ran	diagnostic_only	domain_risk	sanskrit_or_indic_transcription:1	damage:1;marker:1	independent_multi_context_canonical	$ དྲ་རན dh. Text, skt. Vinayaprabha-
རན	ma	ran	canonical_independent_strong	1	SUB m→r;INS n	diagnostic_only;diagnostic_only	domain_risk	tibetan_proper_name:1	damage:0;marker:0	independent_multi_context_canonical	བདྲག་གྲི་རན།། bdag gi ma npr. eine weibliche
རན	ron	ran	canonical_independent_strong	1	SUB o→a	candidate_review	domain_risk	tibetan_proper_name:1	damage:0;marker:0	independent_multi_context_canonical	ཆུ་ཏང་རན chu tin ron npr. eine Nägini.
རན	si	ran	canonical_independent_strong	1	REPLACE si→ran	diagnostic_only	one_signature_missing	ordinary_tibetan_lexical_or_compound:1	damage:0;marker:0	independent_multi_context_canonical	ཕ་རན་སེ་ pharan si Y'ranzose.
རབ	beachtlich	rab	canonical_independent_strong	0	INS ra;DEL eachtlich	diagnostic_only;diagnostic_only	alignment_or_damage	ordinary_tibetan_lexical_or_compound:1	damage:1;marker:0	independent_multi_context_canonical	དགའ་རབ་ dga’ 7:77 beachtlich, einigermaßen,
རབ	eines	rab	canonical_independent_strong	0	REPLACE eines→rab	diagnostic_only	alignment_or_damage	ordinary_tibetan_lexical_or_compound:1	damage:1;marker:0	independent_multi_context_canonical	ཀླན་ཡེ་ཤེས་ཤེས་རབ་ klan ye 46$ sesrab N. eines der
རབ	enh	rab	canonical_independent_strong	1	SUB e→r;SUB n→a;SUB h→b	diagnostic_only;diagnostic_only;diagnostic_only	multiple_signatures_missing	ordinary_tibetan_lexical_or_compound:1	damage:0;marker:0	independent_multi_context_canonical	འགག་སྡེད་ཏྱ་མཾ རབ sdod khyi mo Straßenhün-
རབ	hre	rab	canonical_independent_strong	0	DEL h;REPLACE e→ab	diagnostic_only;diagnostic_only	alignment_or_damage	ordinary_tibetan_lexical_or_compound:1	damage:1;marker:0	independent_multi_context_canonical	གྲ་ཡི་རབ་ gru ༡// 745 Fähre, Boot.
རབ	pa	rab	canonical_independent_strong	1	SUB p→r;INS b	diagnostic_only;diagnostic_only	multiple_signatures_missing	ordinary_tibetan_lexical_or_compound:1	damage:0;marker:0	independent_multi_context_canonical	མིག་རབ་རིབ་པ་ migrabrib pa Augentrübung,
རབ	rgyab	rab	canonical_independent_strong	1	DEL gy	diagnostic_only	one_signature_missing	ordinary_tibetan_lexical_or_compound:1	damage:0;marker:0	independent_multi_context_canonical	བདེན་རབ་ bden rgyab wahrer Schutz.
རབ	verst	rab	canonical_independent_strong	1	DEL ve;SUB s→a;SUB t→b	diagnostic_only;diagnostic_only;diagnostic_only	multiple_signatures_missing	ordinary_tibetan_lexical_or_compound:1	damage:0;marker:0	independent_multi_context_canonical	བློ་རབ་ blorab verständig.
རམ	W	ram	canonical_independent_strong	1	REPLACE W→ram	diagnostic_only	one_signature_missing	ordinary_tibetan_lexical_or_compound:1	damage:0;marker:0	independent_multi_context_canonical	ནེ་རམ་ nneram Wärme.
རམ	mayan	ram	canonical_independent_strong	1	INS ra;DEL ayan	diagnostic_only;diagnostic_only	domain_risk	tibetan_proper_name:1	damage:0;marker:0	independent_multi_context_canonical	རམ་་་པ་ mayan pa npr. cin Klostergut.
རམ	mkhal	ram	canonical_independent_strong	1	INS ra;DEL khal	diagnostic_only;diagnostic_only	multiple_signatures_missing	ordinary_tibetan_lexical_or_compound:1	damage:0;marker:0	independent_multi_context_canonical	རམ ཁལ “ཨྱ།* mkhal ma Nieren.
རམ	po	ram	canonical_independent_strong	1	REPLACE po→ram	diagnostic_only	one_signature_missing	ordinary_tibetan_lexical_or_compound:1	damage:0;marker:0	independent_multi_context_canonical	མང་མཁཆ་རམ། Mer mer po auch mar mer, mor mer
རལ	Nadelbeh	ral	canonical_independent_strong	0	SUB N→r;DEL de;DEL beh	diagnostic_only;diagnostic_only;diagnostic_only	alignment_or_damage	ordinary_tibetan_lexical_or_compound:1	damage:1;marker:0	independent_multi_context_canonical	།ཁབ་རལ་ 5545 ral Nadelbehälter.
རལ	Zerrei	ral	canonical_independent_strong	1	DEL Ze;REPLACE rei→al	diagnostic_only;diagnostic_only	multiple_signatures_missing	ordinary_tibetan_lexical_or_compound:1	damage:0;marker:0	independent_multi_context_canonical	"སྣ་རལ་ snaral ""Zerreißen der Nase"", Bez. für"
རལ	rgyal	ral	canonical_independent_strong	1	DEL gy	diagnostic_only	one_signature_missing	ordinary_tibetan_lexical_or_compound:1	damage:0;marker:0	independent_multi_context_canonical	འདོད་རལ་ 'dod rgyal auch — ba zufällig, belie-
རལ	se	ral	canonical_independent_strong	1	REPLACE se→ral	diagnostic_only	one_signature_missing	ordinary_tibetan_lexical_or_compound:1	damage:0;marker:0	independent_multi_context_canonical	སྟེ་རལ་ Gemüse, Gemüsesuppe.
རལ	vol	ral	canonical_independent_strong	1	SUB v→r;SUB o→a	diagnostic_only;candidate_review	multiple_signatures_missing	ordinary_tibetan_lexical_or_compound:1	damage:0;marker:0	independent_multi_context_canonical	ཕ་རལ་དུ་ཕྱིན་པ་དྲུག་ pha vol du phyin pa drng
རས	Rand	ras	canonical_independent_strong	1	SUB R→r;REPLACE nd→s	diagnostic_only;diagnostic_only	multiple_signatures_missing	ordinary_tibetan_lexical_or_compound:1	damage:0;marker:0	independent_multi_context_canonical	མབའ་རས། mtha’ras Rand.
རས	Si	ras	canonical_independent_strong	1	REPLACE Si→ras	diagnostic_only	one_signature_missing	ordinary_tibetan_lexical_or_compound:1	damage:0;marker:0	independent_multi_context_canonical	ཀ་ཤིའི་རས་ ka śi’iras 1/9¢ Si ka’i ras.
རས	ris	ras	canonical_independent_strong	1	SUB i→a	diagnostic_only	one_signature_missing	ordinary_tibetan_lexical_or_compound:1	damage:0;marker:0	independent_multi_context_canonical	མཐོ་རས་སྨན་པ་ mtho ris sman pa Beiname der
རས	rmons	ras	canonical_independent_strong	1	REPLACE mon→a	diagnostic_only	one_signature_missing	ordinary_tibetan_lexical_or_compound:1	damage:0;marker:0	independent_multi_context_canonical	རས།་ rmons
རས	spyan	ras	canonical_independent_strong	1	INS ra;DEL pyan	diagnostic_only;diagnostic_only	multiple_signatures_missing	ordinary_tibetan_lexical_or_compound:1	damage:0;marker:0	independent_multi_context_canonical	"་རས་བཟིགས་ཀྲི་ ""་ spyan ras gzigs kyi"
རིགས	Art	rigs	canonical_independent_strong	0	DEL A;REPLACE t→igs	diagnostic_only;diagnostic_only	alignment_or_damage	ordinary_tibetan_lexical_or_compound:1	damage:1;marker:0	independent_multi_context_canonical	སྐད་རིགས་ skad 7795 Art von Sprache, Sprachen.
རིགས	cho	rigs	canonical_independent_strong	0	REPLACE cho→rigs	diagnostic_only	domain_risk	unclear:1	damage:0;marker:0	independent_multi_context_canonical	& རིགས་ cho rigs Abstammung, Familie.
རིགས	ku	rigs	canonical_independent_strong	0	REPLACE ku→rigs	diagnostic_only	domain_risk	unclear:1	damage:1;marker:0	independent_multi_context_canonical	"ཀུ་ཤའི་རིགས་ ku 4%/ rigs (""ku 4%) das Kusäna-Ge-"
རིགས	ma	rigs	canonical_independent_strong	0	REPLACE ma→rigs	diagnostic_only	domain_risk	unclear:1	damage:1;marker:0	independent_multi_context_canonical	རྗེ་རིགས་མ་ 170 rigs ma Herrin, Gebieterin.
རིགས	weibliche	rigs	canonical_independent_strong	1	REPLACE we→r;REPLACE bliche→gs	diagnostic_only;diagnostic_only	multiple_signatures_missing	ordinary_tibetan_lexical_or_compound:1	damage:0;marker:0	independent_multi_context_canonical	མོ་རིགས་ morigs weibliche Arten.
རིང	Iderin	riṅ	canonical_independent_strong	0	DEL Ide;SUB n→ṅ	diagnostic_only;authorized_role_conditioned	alignment_or_damage	ordinary_tibetan_lexical_or_compound:1	damage:0;marker:1	independent_multi_context_canonical	དི་རིང་ dirin Iderin.
རིང	bśul	riṅ	canonical_independent_strong	1	REPLACE bśul→riṅ	diagnostic_only	one_signature_missing	ordinary_tibetan_lexical_or_compound:1	damage:0;marker:0	independent_multi_context_canonical	་ངམ་བཤའ་རིང་ mya ram bśul rin ein Ge-
རིང	langm	riṅ	canonical_independent_strong	0	REPLACE langm→riṅ	diagnostic_only	domain_risk	unclear:1	damage:1;marker:0	independent_multi_context_canonical	ཛང་རིང་ ༡7:77 rin langmütig, nachsichtig, weit-
རིན	chen	rin	canonical_independent_strong	0	REPLACE che→ri	diagnostic_only	domain_risk	unclear:1	damage:1;marker:0	independent_multi_context_canonical	ཉེ་བའི་རིན་ཆེན་བདན་ 776 ba’i rin chen bdun sieben
རིམ	niedriger	rim	canonical_independent_strong	1	DEL nied;REPLACE ger→m	diagnostic_only;diagnostic_only	multiple_signatures_missing	ordinary_tibetan_lexical_or_compound:1	damage:0;marker:0	independent_multi_context_canonical	དམའ་རིམ་ dma'rim niedriger Status, Rang.
རིམ	u	rim	canonical_independent_strong	1	REPLACE u→rim	diagnostic_only	one_signature_missing	ordinary_tibetan_lexical_or_compound:1	damage:0;marker:0	independent_multi_context_canonical	ཕྱི་རིམ་ phyirim äußerer Umgangs ~ mu kbyud
རིས	Bereich	ris	canonical_independent_strong	0	DEL Be;DEL e;REPLACE ch→s	diagnostic_only;diagnostic_only;diagnostic_only	alignment_or_damage	ordinary_tibetan_lexical_or_compound:1	damage:1;marker:0	independent_multi_context_canonical	རྐྱེན་རིས་ rkyen 775 Bereich zum Bereich bzw. An-
རིས	Muster	ris	canonical_independent_strong	1	SUB M→r;SUB u→i;DEL ter	diagnostic_only;diagnostic_only;diagnostic_only	multiple_signatures_missing	ordinary_tibetan_lexical_or_compound:1	damage:0;marker:0	independent_multi_context_canonical	དཔེ་རིས་ dperis Muster, Vorlage, Skizze.
རིས	Zeichnung	ris	canonical_independent_strong	0	REPLACE Ze→r;REPLACE chnung→s	diagnostic_only;diagnostic_only	alignment_or_damage	ordinary_tibetan_lexical_or_compound:1	damage:1;marker:0	independent_multi_context_canonical	སྐྱ་རིས་ skya 775 „Zeichnung auf hellem [Unter-
རིས	bzai	ris	canonical_independent_strong	0	REPLACE bza→r;INS s	diagnostic_only;diagnostic_only	alignment_or_damage	ordinary_tibetan_lexical_or_compound:1	damage:1;marker:0	independent_multi_context_canonical	ཐག་བཟང་རིས་ thag 5267) 775 \thags bzai is.
རིས	cin	ris	canonical_independent_strong	0	SUB c→r;SUB n→s	diagnostic_only;diagnostic_only	alignment_or_damage	ordinary_tibetan_lexical_or_compound:1	damage:1;marker:0	independent_multi_context_canonical	མེག་མངས་རིས་ ༡༩༩ mans ris cin gleichmä-
རིས	dbah	ris	canonical_independent_strong	0	REPLACE dbah→ris	diagnostic_only	alignment_or_damage	ordinary_tibetan_lexical_or_compound:1	damage:1;marker:0	independent_multi_context_canonical	མཐོ་རིས་དབང་མོ་ mtho 775 dbah mo Beiname
རིས	r	ris	canonical_independent_strong	1	INS is	diagnostic_only	one_signature_missing	ordinary_tibetan_lexical_or_compound:1	damage:0;marker:0	independent_multi_context_canonical	སྐུད་རིས་ skud rıs Stickerei.
རུག	rgyug	rug	canonical_independent_strong	1	DEL gy	diagnostic_only	one_signature_missing	ordinary_tibetan_lexical_or_compound:1	damage:0;marker:0	independent_multi_context_canonical	མངོན་པར་རུག་ mnon par rgyug zu etw. eilen.
རུམ	Tmium	rum	canonical_independent_strong	0	REPLACE Tmi→r	diagnostic_only	alignment_or_damage	ordinary_tibetan_lexical_or_compound:1	damage:0;marker:1	independent_multi_context_canonical	མུན་པའ་རུམ་ mmm rum Tmium pa'i smag
རུམ	pa	rum	canonical_independent_strong	0	REPLACE pa→rum	diagnostic_only	domain_risk	unclear:1	damage:0;marker:0	independent_multi_context_canonical	ཉག་རུམ་པ་ /7//9 rum pa Eunuch, Aufseher in
རུམ	skyu	rum	canonical_independent_strong	1	REPLACE sky→r;INS m	diagnostic_only;diagnostic_only	multiple_signatures_missing	ordinary_tibetan_lexical_or_compound:1	damage:0;marker:0	independent_multi_context_canonical	་རུམ་ skyu rum auch skyur rum .
རུས	Brustknochen	rus	canonical_independent_strong	1	DEL B;DEL tknochen	diagnostic_only;diagnostic_only	multiple_signatures_missing	ordinary_tibetan_lexical_or_compound:1	damage:0;marker:0	independent_multi_context_canonical	སྒྲོག་རུས་ ཤཿ rus Brustknochen, Schlüssel-
རུས	miyiruspa	rus	canonical_independent_strong	1	DEL miyi;DEL pa	diagnostic_only;diagnostic_only	multiple_signatures_missing	ordinary_tibetan_lexical_or_compound:1	damage:0;marker:0	independent_multi_context_canonical	་རུས་པ་ miyiruspa lmi rus.
རེག	chod	reg	canonical_independent_strong	1	REPLACE chod→reg	diagnostic_only	one_signature_missing	ordinary_tibetan_lexical_or_compound:1	damage:0;marker:0	independent_multi_context_canonical	བྱེ་མ་རེག་ཆོད་ byema reg chod Wetzstein.
རོ	FE	ro	canonical_independent_strong	1	SUB F→r;SUB E→o	diagnostic_only;diagnostic_only	multiple_signatures_missing	ordinary_tibetan_lexical_or_compound:1	damage:0;marker:0	independent_multi_context_canonical	¬ + ༤ རོ ༦ 7 ༢ = FE
རོ	Vogelkadaver	ro	canonical_independent_strong	1	SUB V→r;DEL gelkadaver	diagnostic_only;diagnostic_only	multiple_signatures_missing	ordinary_tibetan_lexical_or_compound:1	damage:0;marker:0	independent_multi_context_canonical	པ་རོ་ byaro Vogelkadaver.
རོ	k	ro	canonical_independent_strong	1	REPLACE k→ro	diagnostic_only	one_signature_missing	ordinary_tibetan_lexical_or_compound:1	damage:0;marker:0	independent_multi_context_canonical	རོ་ k in Land
རོ	mo	ro	canonical_independent_strong	2	SUB m→r	diagnostic_only	domain_risk	ordinary_tibetan_lexical_or_compound:1;tibetan_proper_name:1	damage:0;marker:0	independent_multi_context_canonical	"འབར་རོ ""bar mo npr. cine Ma-mo. || ས་རོ།་ ma mo"
རོ	mon	ro	canonical_independent_strong	1	SUB m→r;DEL n	diagnostic_only;diagnostic_only	multiple_signatures_missing	ordinary_tibetan_lexical_or_compound:1	damage:0;marker:0	independent_multi_context_canonical	མོན་རོ་འ།ཁ།་ 'sy mon mo lag dmar ma npr
རོ	na	ro	canonical_independent_strong	0	SUB n→r;SUB a→o	diagnostic_only;diagnostic_only	domain_risk	tibetan_proper_name:1	damage:0;marker:0	independent_multi_context_canonical	TE ད་རོ་རུ་ ka na da ro ru npr., Anhänger des
རོ	no	ro	canonical_independent_strong	1	SUB n→r	diagnostic_only	one_signature_missing	ordinary_tibetan_lexical_or_compound:1	damage:0;marker:0	independent_multi_context_canonical	"རོ་ཌ།བྲོ་ཁྲ"" no mtho ba hervorragend."
རོ	nr	ro	canonical_independent_strong	1	DEL n;INS o	diagnostic_only;diagnostic_only	multiple_signatures_missing	ordinary_tibetan_lexical_or_compound:1	damage:0;marker:0	independent_multi_context_canonical	རོ༽ nr vor, ° .
རོ	pa	ro	canonical_independent_strong	0	SUB p→r;SUB a→o	diagnostic_only;diagnostic_only	domain_risk	unclear:1	damage:1;marker:0	independent_multi_context_canonical	gnas རོ 40$ pa ran bzin du m gnas pa lta bu
རོ	rdo	ro	canonical_independent_strong	1	DEL d	diagnostic_only	domain_risk	tibetan_proper_name:1	damage:0;marker:0	independent_multi_context_canonical	རོ་རྗེ་དཔལ་མོ་ཆེ་ rdo rje dpal mo che npr. ei-
རོ	rno	ro	canonical_independent_strong	1	DEL n	diagnostic_only	one_signature_missing	ordinary_tibetan_lexical_or_compound:1	damage:0;marker:0	independent_multi_context_canonical	རོ་པག་ rno pag Begierde.
རོགས	vogs	rogs	canonical_independent_strong	1	SUB v→r	diagnostic_only	one_signature_missing	ordinary_tibetan_lexical_or_compound:1	damage:0;marker:0	independent_multi_context_canonical	དཔུང་རོགས་ dpuṅ vogs Verbündeten, Verstär-
རོའ	rtsol	rol	canonical_independent_strong	1	DEL ts	diagnostic_only	one_signature_missing	ordinary_tibetan_lexical_or_compound:1	damage:0;marker:0	independent_multi_context_canonical	ཤྐིག་གིས་མི་རོའ།་བར་བྲ་ mig gis mi rtsol bar bya
རྐང	bran	rkaṅ	canonical_independent_strong	1	DEL b;INS k;SUB n→ṅ	candidate_review;diagnostic_only;authorized_role_conditioned	multiple_signatures_missing	ordinary_tibetan_lexical_or_compound:1	damage:0;marker:0	independent_multi_context_canonical	བའུ་བང་རྐང་གཅུག་ lhe u bran rkan geig ein für
རྐང	pa	rkaṅ	canonical_independent_strong	1	REPLACE p→rk;INS ṅ	diagnostic_only;diagnostic_only	multiple_signatures_missing	ordinary_tibetan_lexical_or_compound:1	damage:0;marker:0	independent_multi_context_canonical	ཉ་མའ་རྐང་པ་ #ཿ ma rkan pa lineare Tunktio-
རྐང	ran	rkaṅ	canonical_independent_strong	1	INS k;SUB n→ṅ	diagnostic_only;authorized_role_conditioned	one_signature_missing	ordinary_tibetan_lexical_or_compound:1	damage:0;marker:0	independent_multi_context_canonical	རྐང་དྲུག་ ran ing ep
རྐང	rkahi	rkaṅ	canonical_independent_strong	1	REPLACE hi→ṅ	diagnostic_only	one_signature_missing	ordinary_tibetan_lexical_or_compound:1	damage:0;marker:0	independent_multi_context_canonical	རྐང་མགྱོགས་ rkahi mgyogs auch rkan ’gyogs
རྐང	rkani	rkaṅ	canonical_independent_strong	2	REPLACE ni→ṅ	candidate_review	one_signature_missing	ordinary_tibetan_lexical_or_compound:2	damage:0;marker:0	independent_multi_context_canonical	"བུད་མེད་རྐང་བརྡེག་་ bud med rkani brdeg || འབྲེ ་རྐང་ ""bri rkani"
རྐང	rkaṅi	rkaṅ	canonical_independent_strong	1	DEL i	candidate_review	one_signature_missing	ordinary_tibetan_lexical_or_compound:1	damage:0;marker:0	independent_multi_context_canonical	རྐང་སྐྱོབ་ rkaṅi skyob Schuh, Stiefel.
རྐང	rkyaṅ	rkaṅ	canonical_independent_strong	1	DEL y	diagnostic_only	one_signature_missing	ordinary_tibetan_lexical_or_compound:1	damage:0;marker:0	independent_multi_context_canonical	བྲང་རྐང་ byaṅ rkyaṅ Kiang, ein Wildesel,
རྐོ	mkhban	rko	canonical_independent_strong	1	SUB m→r;REPLACE hban→o	diagnostic_only;diagnostic_only	multiple_signatures_missing	ordinary_tibetan_lexical_or_compound:1	damage:0;marker:0	independent_multi_context_canonical	རྨོ་རྐོ་མཁན་ rmorko mkhban Bauer, Pf lüger.
རྐྱེན	de	rkyen	canonical_independent_strong	0	REPLACE d→rky;INS n	diagnostic_only;diagnostic_only	alignment_or_damage	ordinary_tibetan_lexical_or_compound:1	damage:0;marker:1	independent_multi_context_canonical	དེ་མ་ཐག་རྐྱེན་ de ma thagrrkyen \de ma thag pa’i
རྐྱེན	t.t	rkyen	canonical_independent_strong	1	REPLACE t.t→rkyen	diagnostic_only	one_signature_missing	ordinary_tibetan_lexical_or_compound:1	damage:0;marker:0	independent_multi_context_canonical	བྱེད་ལྔན་གྱི་རྐྱེན་ byed Idangyirkyen gramm. t.t.
རྒོད	Geier	rgod	canonical_independent_strong	0	DEL Geie;INS god	diagnostic_only;diagnostic_only	domain_risk	unclear:1	damage:1;marker:0	independent_multi_context_canonical	རྒོད་ ;7£0¢ Geier, Adler; bya ~ dass.
རྒོད	zornvoller	rgod	canonical_independent_strong	1	REPLACE z→rg;REPLACE rnvoller→d	diagnostic_only;diagnostic_only	multiple_signatures_missing	ordinary_tibetan_lexical_or_compound:1	damage:0;marker:0	independent_multi_context_canonical	འདྲེ་ཁ་རྒོད་ ། kha rgod zornvoller, mächtiger
རྒྱུ	kun	rgyu	canonical_independent_strong	0	REPLACE k→rgy;DEL n	diagnostic_only;diagnostic_only	alignment_or_damage	ordinary_tibetan_lexical_or_compound:1	damage:0;marker:1	independent_multi_context_canonical	ཀུན་འགྲོའི་རྒྱུ kun ’gro’irgyu \kun tn ’gro ba’irgyu.
རྒྱུ	rgyn	rgyu	canonical_independent_strong	1	SUB n→u	diagnostic_only	one_signature_missing	ordinary_tibetan_lexical_or_compound:1	damage:0;marker:0	independent_multi_context_canonical	དལ་རྒྱུ་ dal rgyn.
རྒྱུ	sgyu	rgyu	canonical_independent_strong	1	SUB s→r	diagnostic_only	domain_risk	ordinary_tibetan_lexical_or_compound:1;unclear:1	damage:0;marker:0	independent_multi_context_canonical	རྒྱུ་ཨཾ་ sgyu ma || dku = ci byas kyai „welcher Betrug und རྒྱུ་འཛྲུལ་སྲས་ sgyu 'phrul sras „Sohn der Mä- vergänglichen und illusionären Partikeln“ 2. Held.
རྒྱུད	reyud	rgyud	canonical_independent_strong	1	SUB e→g	diagnostic_only	one_signature_missing	ordinary_tibetan_lexical_or_compound:1	damage:0;marker:0	independent_multi_context_canonical	གཏམ་རྒྱུད་ gtam reyud auch gtam breyud Lauf
རྒྱུད	rgud	rgyud	canonical_independent_strong	0	INS y	diagnostic_only	alignment_or_damage	ordinary_tibetan_lexical_or_compound:1	damage:1;marker:0	independent_multi_context_canonical	རྒྱུད་ ?rgud Steilhang; vgl. ’rgun.
རྒྱུད	rgynd	rgyud	canonical_independent_strong	1	SUB n→u	diagnostic_only	domain_risk	tibetan_proper_name:1	damage:0;marker:0	independent_multi_context_canonical	བྲེ་ནང་ཤར་རྒྱུད་ bre naṅ śar rgynd npr. eine Ge-
རྒྱུད	royud	rgyud	canonical_independent_strong	1	SUB o→g	diagnostic_only	one_signature_missing	ordinary_tibetan_lexical_or_compound:1	damage:0;marker:0	independent_multi_context_canonical	དབོན་རྒྱུད་ dbon royud
རྒྱུད	skt	rgyud	canonical_independent_strong	1	REPLACE skt→rgyud	diagnostic_only	domain_risk	sanskrit_or_indic_transcription:1	damage:0;marker:0	independent_multi_context_canonical	N རྒྱུད skt. dänava.
རྒྱུན	Inor	rgyun	canonical_independent_strong	0	REPLACE I→rgyu;DEL or	diagnostic_only;diagnostic_only	alignment_or_damage	ordinary_tibetan_lexical_or_compound:1	damage:0;marker:1	independent_multi_context_canonical	ནོར་གྱི་རྒྱུན་ nor gyirgyun Inor rgyun.
རྒྱུན	char	rgyun	canonical_independent_strong	0	DEL cha;INS gyun	diagnostic_only;diagnostic_only	alignment_or_damage	ordinary_tibetan_lexical_or_compound:1	damage:1;marker:1	independent_multi_context_canonical	ཆར་གྱི་རྒྱུན་ char gyi 797///77 \char rgyun.
རྒྱུན	ko	rgyun	canonical_independent_strong	0	REPLACE ko→rgyun	diagnostic_only	domain_risk	unclear:1	damage:0;marker:0	independent_multi_context_canonical	AT; རྒྱུན་ ko rgyun schmaler Lederriemen.
རྟགས	Beweis	rtags	canonical_independent_strong	1	REPLACE Bewei→rtag	diagnostic_only	one_signature_missing	ordinary_tibetan_lexical_or_compound:1	damage:0;marker:0	independent_multi_context_canonical	དན་རྟགས་ danrtags Beweis, Hinweis, Anhalts-
རྟགས	Penis	rtags	canonical_independent_strong	1	SUB P→r;SUB e→t;SUB n→a;SUB i→g	diagnostic_only;diagnostic_only;diagnostic_only;diagnostic_only	multiple_signatures_missing	ordinary_tibetan_lexical_or_compound:1	damage:0;marker:0	independent_multi_context_canonical	ཕོ་རྟགས་ phortags Penis.
རྟགས	rlogs	rtags	canonical_independent_strong	1	SUB l→t;SUB o→a	diagnostic_only;candidate_review	multiple_signatures_missing	ordinary_tibetan_lexical_or_compound:1	damage:0;marker:0	independent_multi_context_canonical	རྟགས rlogs erkennen, verstehen, erfassen,
རྟགས	verstehen	rtags	canonical_independent_strong	0	DEL ve;INS tag;DEL tehen	diagnostic_only;diagnostic_only;diagnostic_only	alignment_or_damage	ordinary_tibetan_lexical_or_compound:1	damage:1;marker:0	independent_multi_context_canonical	རྗཾས་སུ་རྟགས་ ༡༡༧ su rtogs verstehen; + par byed
རྟུལ	pf	rtul	canonical_independent_strong	1	REPLACE pf→rtul	diagnostic_only	one_signature_missing	ordinary_tibetan_lexical_or_compound:1	damage:0;marker:0	independent_multi_context_canonical	སྤྱན་རྟུལ་ sspyan pf. spyan brtul erw. aus dem
རྟུལ	riul	rtul	canonical_independent_strong	1	SUB i→t	candidate_review	one_signature_missing	ordinary_tibetan_lexical_or_compound:1	damage:0;marker:0	independent_multi_context_canonical	དབང་པོ་རྟུལ་ dbaṅ po riul
རྟུལ	vaul	rtul	canonical_independent_strong	1	SUB v→r;SUB a→t	diagnostic_only;diagnostic_only	multiple_signatures_missing	ordinary_tibetan_lexical_or_compound:1	damage:0;marker:0	independent_multi_context_canonical	རྟུལ་པོད་ vaul phod
རྟོག	pa	rtog	canonical_independent_strong	0	REPLACE pa→rtog	diagnostic_only	alignment_or_damage	ordinary_tibetan_lexical_or_compound:1	damage:1;marker:0	independent_multi_context_canonical	རྗེས་སུ་རབ་ཏ་རྟོག་པ་ rjes su rab tu 7709 pa gründ-
རྟོག	pf	rtog	canonical_independent_strong	0	REPLACE pf→rtog	diagnostic_only	domain_risk	unclear:1	damage:1;marker:0	independent_multi_context_canonical	ཉེ་བར་རྟོག་ fie bar ༡709 pf. 1/7¢ bar brtags fur.
རྟོགས	Erkenntnis	rtogs	canonical_independent_strong	0	DEL E;DEL kenn;SUB n→o;SUB i→g	diagnostic_only;diagnostic_only;diagnostic_only;diagnostic_only	domain_risk	unclear:1	damage:1;marker:0	independent_multi_context_canonical	ཉམས་རྟོགས་ 777725 rtogs Erkenntnis, spirituelle
རྟོགས	Vorausschau	rtogs	canonical_independent_strong	0	REPLACE V→rt;REPLACE rau→g;DEL schau	diagnostic_only;diagnostic_only;diagnostic_only	domain_risk	unclear:1	damage:1;marker:0	independent_multi_context_canonical	སྔོན་རྟོགས་ $77077 rtogs Vorausschau, Vorher-
རྟོགས	erkennen	rtogs	canonical_independent_strong	0	DEL e;REPLACE kennen→togs	diagnostic_only;diagnostic_only	alignment_or_damage	ordinary_tibetan_lexical_or_compound:1	damage:1;marker:0	independent_multi_context_canonical	ངེས་པར་རྟོགས་ nes par 77095 erkennen; nes par
རྟོགས	riogs	rtogs	canonical_independent_strong	1	SUB i→t	candidate_review	one_signature_missing	ordinary_tibetan_lexical_or_compound:1	damage:0;marker:0	independent_multi_context_canonical	མངོན་པར་རྟོགས་པ་ mnon par riogs pa ein-
རྟོགས	yrogs	rtogs	canonical_independent_strong	1	DEL y;INS t	diagnostic_only;diagnostic_only	multiple_signatures_missing	ordinary_tibetan_lexical_or_compound:1	damage:0;marker:0	independent_multi_context_canonical	རྟོགས་བརྗོང་་ yrogs brjod
རྟོགས	zw	rtogs	canonical_independent_strong	0	REPLACE zw→rtogs	diagnostic_only	alignment_or_damage	ordinary_tibetan_lexical_or_compound:1	damage:1;marker:0	independent_multi_context_canonical	རྟོགས་ 7709 (zw.) Würde, Ansehen, Macht.
རྡ	rda	rdo	canonical_independent_strong	1	SUB a→o	diagnostic_only	one_signature_missing	ordinary_tibetan_lexical_or_compound:1	damage:0;marker:0	independent_multi_context_canonical	རྡ་རོ་ཁ་ rda ro kha
རྡལ	rdul	rdal	canonical_independent_strong	1	SUB u→a	candidate_review	one_signature_missing	ordinary_tibetan_lexical_or_compound:1	damage:0;marker:0	independent_multi_context_canonical	ལྩགས་རྡལ་ lcags rdul
རྡུལ	Absonderung	rdul	canonical_independent_strong	1	REPLACE Abson→r;DEL er;REPLACE ng→l	diagnostic_only;diagnostic_only;diagnostic_only	multiple_signatures_missing	ordinary_tibetan_lexical_or_compound:1	damage:0;marker:0	independent_multi_context_canonical	མིག་རྡུལ་ migrdul Absonderung im Auge, Au-
རྡུལ	chuṅ	rdul	canonical_independent_strong	1	SUB c→r;SUB h→d;SUB ṅ→l	diagnostic_only;diagnostic_only;diagnostic_only	multiple_signatures_missing	ordinary_tibetan_lexical_or_compound:1	damage:0;marker:0	independent_multi_context_canonical	རྡུལ་ཆུང་ངུ་ chuṅ ru eiṅ sehr kleines Län-
རྡུལ	ndul	rdul	canonical_independent_strong	1	SUB n→r	diagnostic_only	one_signature_missing	ordinary_tibetan_lexical_or_compound:1	damage:0;marker:0	independent_multi_context_canonical	རྡུལ་དང་ལྡན་པ་ ndul daṅ ldan pa Irdul ldan.
རྡུལ	r	rdul	canonical_independent_strong	1	INS dul	diagnostic_only	one_signature_missing	ordinary_tibetan_lexical_or_compound:1	damage:0;marker:0	independent_multi_context_canonical	འབྱིང་རྡུལ་ཆེ་ 'byür rdulche eine Zehnerpotenz;
རྡུལ	rdultshon	rdul	canonical_independent_strong	1	DEL tshon	diagnostic_only	one_signature_missing	ordinary_tibetan_lexical_or_compound:1	damage:0;marker:0	independent_multi_context_canonical	རྡུལ་ཚོན་ rdultshon gefārbter Sand, Farbpulver.
རྡུལ	tog	rdul	canonical_independent_strong	1	REPLACE tog→rdul	diagnostic_only	one_signature_missing	ordinary_tibetan_lexical_or_compound:1	damage:0;marker:0	independent_multi_context_canonical	མཏག་རྡུལ་ me tog
རྡེག	rdig	rdeg	canonical_independent_strong	1	SUB i→e	diagnostic_only	one_signature_missing	ordinary_tibetan_lexical_or_compound:1	damage:0;marker:0	independent_multi_context_canonical	རྡེག་ rdig Wertgegenstand, Besitztum.
རྡེལ	Ergebnissteine	rdel	canonical_independent_strong	1	DEL E;SUB g→d;REPLACE bnissteine→l	diagnostic_only;diagnostic_only;diagnostic_only	multiple_signatures_missing	ordinary_tibetan_lexical_or_compound:1	damage:0;marker:0	independent_multi_context_canonical	"འབྲས་རྡེལ་ 'brasrdel ""Ergebnissteine"", Berech-"
རྡོག	rdogpo	rdog	canonical_independent_strong	1	DEL po	diagnostic_only	one_signature_missing	ordinary_tibetan_lexical_or_compound:1	damage:0;marker:0	independent_multi_context_canonical	རྡོག་པོ་ rdogpo Korn, Kügelchen, Perle.
རྣག	mag	rnag	canonical_independent_strong	1	REPLACE m→rn	diagnostic_only	one_signature_missing	ordinary_tibetan_lexical_or_compound:1	damage:0;marker:0	independent_multi_context_canonical	རྣག་གཟན་ mag gran
རྣག	na	rnag	canonical_independent_strong	1	INS r;INS g	diagnostic_only;diagnostic_only	multiple_signatures_missing	ordinary_tibetan_lexical_or_compound:1	damage:0;marker:0	independent_multi_context_canonical	རྣག་བཀང་ na ga bkan Trna bkan.
རྨ	Pfeilspitze	rma	canonical_independent_strong	1	REPLACE Pfeilspitze→rma	diagnostic_only	one_signature_missing	ordinary_tibetan_lexical_or_compound:1	damage:0;marker:0	independent_multi_context_canonical	མདྲེ་རྨ།་ ndema Pfeilspitze; vgl. lmde'u, mde'n
རྨ	Tma	rma	canonical_independent_strong	0	SUB T→r	diagnostic_only	alignment_or_damage	ordinary_tibetan_lexical_or_compound:1	damage:0;marker:1	independent_multi_context_canonical	རྨ་ག་ཆད་ Tma ga chad
རྨ	dharma	rma	canonical_independent_strong	1	DEL dha	diagnostic_only	one_signature_missing	ordinary_tibetan_lexical_or_compound:1	damage:0;marker:0	independent_multi_context_canonical	རྨ་གྲ dharma gañdza buddhistische Biblio-
རྨ	ksi	rma	canonical_independent_strong	0	SUB k→r;SUB s→m;SUB i→a	diagnostic_only;diagnostic_only;diagnostic_only	domain_risk	unclear:1	damage:1;marker:0	independent_multi_context_canonical	ཀ་རྨ་བ་ཀྱི་ (༩ ༡༡༡༩ ba ksi Ikarma paksi.
རྨ	ma	rma	canonical_independent_strong	1	INS r	diagnostic_only	one_signature_missing	ordinary_tibetan_lexical_or_compound:1	damage:0;marker:0	independent_multi_context_canonical	རྨ་ཆས་ ma chas Wundverband, Bandage.
རྨ	rmag.yan	rma	canonical_independent_strong	1	DEL g.yan	diagnostic_only	one_signature_missing	ordinary_tibetan_lexical_or_compound:1	damage:0;marker:0	independent_multi_context_canonical	རྨ་གཡང་ rmag.yan Glück.
རྨ	rmaphab	rma	canonical_independent_strong	1	DEL phab	diagnostic_only	one_signature_missing	ordinary_tibetan_lexical_or_compound:1	damage:0;marker:0	independent_multi_context_canonical	རྨ་ཕབ་པ་ rmaphab pa Tdna' phab.
རྨ	rmapom	rma	canonical_independent_strong	1	DEL pom	diagnostic_only	one_signature_missing	ordinary_tibetan_lexical_or_compound:1	damage:0;marker:0	independent_multi_context_canonical	རྨ་པོམ་ར་ rmapom ra Irma chen spom ra.
རྨ	rmartsi	rma	canonical_independent_strong	1	DEL rtsi	diagnostic_only	one_signature_missing	ordinary_tibetan_lexical_or_compound:1	damage:0;marker:0	independent_multi_context_canonical	རྨ་རྩི་ rmartsi Wundsalbe.
རྨ	rmia	rma	canonical_independent_strong	1	DEL i	candidate_review	one_signature_missing	ordinary_tibetan_lexical_or_compound:1	damage:0;marker:0	independent_multi_context_canonical	རྨ་སྲོལ་ rmia srol Wunde.
རྨང	maṅ	rmaṅ	canonical_independent_strong	1	INS r	diagnostic_only	one_signature_missing	ordinary_tibetan_lexical_or_compound:1	damage:0;marker:0	independent_multi_context_canonical	རྨང་ maṅ
རྨང	rgyal	rmaṅ	canonical_independent_strong	0	REPLACE gy→m;SUB l→ṅ	diagnostic_only;diagnostic_only	alignment_or_damage	ordinary_tibetan_lexical_or_compound:1	damage:1;marker:0	independent_multi_context_canonical	ཁྲི་རྨང་རྒྱལ་བ་ khri 7?774/? rgyal ba Beiname des
རྨང	rlun	rmaṅ	canonical_independent_strong	1	SUB l→m;SUB u→a;SUB n→ṅ	diagnostic_only;candidate_review;authorized_role_conditioned	multiple_signatures_missing	ordinary_tibetan_lexical_or_compound:1	damage:0;marker:0	independent_multi_context_canonical	ཐལ་རྨང་ thal rlun Sandsturm.
རྨང	rmani	rmaṅ	canonical_independent_strong	3	REPLACE ni→ṅ	candidate_review	one_signature_missing	ordinary_tibetan_lexical_or_compound:3	damage:0;marker:0	independent_multi_context_canonical	"རྨང་ 'rmani auch rmans, rmen Fundament, || རྨང་ ""rmani || རྨང་ལམ་ rmani lam Traum."
རྨོག	rrmog	rmog	canonical_independent_strong	1	DEL r	candidate_review	one_signature_missing	ordinary_tibetan_lexical_or_compound:1	damage:0;marker:0	independent_multi_context_canonical	རྨོག་ཞྭ་ rrmog Helm.
རྩལ	can	rtsal	canonical_independent_strong	1	REPLACE c→rts;SUB n→l	diagnostic_only;diagnostic_only	multiple_signatures_missing	ordinary_tibetan_lexical_or_compound:1	damage:0;marker:0	independent_multi_context_canonical	དྲག་རྩལ་ཅན་ dragrtsal can großes Ansehen ha-
རྩལ	drag	rtsal	canonical_independent_strong	1	DEL d;INS ts;SUB g→l	diagnostic_only;diagnostic_only;diagnostic_only	multiple_signatures_missing	ordinary_tibetan_lexical_or_compound:1	damage:0;marker:0	independent_multi_context_canonical	་རྩལ་ཐོ ་འབྲེབས། drag rtsal thog 'bebs eine
རྩལ	militārische	rtsal	canonical_independent_strong	1	REPLACE mi→rtsa;DEL itārische	diagnostic_only;diagnostic_only	multiple_signatures_missing	ordinary_tibetan_lexical_or_compound:1	damage:0;marker:0	independent_multi_context_canonical	དམག་རྩལ་ dinagrtsal militārische Schlagkraft.
རྩལ	mnab	rtsal	canonical_independent_strong	0	REPLACE mn→rts;SUB b→l	diagnostic_only;diagnostic_only	alignment_or_damage	ordinary_tibetan_lexical_or_compound:1	damage:0;marker:1	independent_multi_context_canonical	གནབ་རྩལ་ rtsal \mnab risal.
རྩལ	schlecht	rtsal	canonical_independent_strong	0	INS rt;REPLACE ch→a;DEL echt	diagnostic_only;diagnostic_only;diagnostic_only	alignment_or_damage	ordinary_tibetan_lexical_or_compound:1	damage:1;marker:0	independent_multi_context_canonical	ངན་རྩལ་ ༡༩༩ rul schlecht, schadhaft.
རྩིས	Berechnung	rtsis	canonical_independent_strong	1	DEL Be;REPLACE echnung→tsis	diagnostic_only;diagnostic_only	multiple_signatures_missing	ordinary_tibetan_lexical_or_compound:1	damage:0;marker:0	independent_multi_context_canonical	ཀེག་རྩིས་ kegrtsis Berechnung des Unglücks, des
རྩིས	Divinationszyklus	rtsis	canonical_independent_strong	1	REPLACE D→rts;DEL vination;DEL zyklus	diagnostic_only;diagnostic_only;diagnostic_only	multiple_signatures_missing	ordinary_tibetan_lexical_or_compound:1	damage:0;marker:0	independent_multi_context_canonical	བྱེས་གྲོའི་རྩིས་ byes gro'irtsis Divinationszyklus
རྩིས	Schnellrechnung	rtsis	canonical_independent_strong	0	DEL Schnell;REPLACE echnung→tsis	diagnostic_only;diagnostic_only	domain_risk	unclear:1	damage:1;marker:0	independent_multi_context_canonical	"(brDa); mgyogs pa (Dagy); myur 'grub = མྱུར་རྩིས་ myur 775/5 ""Schnellrechnung"", alle,"
རྩིས	gl	rtsis	canonical_independent_strong	0	REPLACE gl→rtsis	diagnostic_only	alignment_or_damage	ordinary_tibetan_lexical_or_compound:1	damage:1;marker:0	independent_multi_context_canonical	བཀྲ་རྩིས་ bkra ?7575 glückbringende Kalkulatio-
རྩིས	mgo	rtsis	canonical_independent_strong	0	REPLACE mgo→rtsis	diagnostic_only	domain_risk	unclear:1	damage:0;marker:0	independent_multi_context_canonical	ཉང་ངུའི་རྩིས་མགོ་ nun /7//7 risis mgo astr.
རྩིས	risis	rtsis	canonical_independent_strong	1	SUB i→t	candidate_review	one_signature_missing	ordinary_tibetan_lexical_or_compound:1	damage:0;marker:0	independent_multi_context_canonical	དམག་རྩིས་ dmag risis
རྩེན	mimortsen	rtsen	canonical_independent_strong	0	DEL mimo	diagnostic_only	domain_risk	unclear:1	damage:0;marker:0	independent_multi_context_canonical	N རྩེན་ mimortsen Bez. für Kokosnuß, für
རྩོམ	pf	rtsom	canonical_independent_strong	0	REPLACE pf→rtsom	diagnostic_only	domain_risk	unclear:1	damage:1;marker:0	independent_multi_context_canonical	འགོ་ རྩོམ་ 90 rtsom pf. 120 brtsams anfangen,
རྩོམ	risom	rtsom	canonical_independent_strong	1	SUB i→t	candidate_review	one_signature_missing	ordinary_tibetan_lexical_or_compound:1	damage:0;marker:0	independent_multi_context_canonical	ཉེ་བར་ཡོངས་སུ་རྩོམ་ ie bar yons su risom ver-
རྫས	Material	rdzas	canonical_independent_strong	1	REPLACE M→rdz;REPLACE terial→s	diagnostic_only;diagnostic_only	multiple_signatures_missing	ordinary_tibetan_lexical_or_compound:1	damage:0;marker:0	independent_multi_context_canonical	ཕྱག་རྫས་ phyagrdzas Material.
རྫས	drag	rdzas	canonical_independent_strong	1	INS r;SUB r→z;SUB g→s	diagnostic_only;diagnostic_only;diagnostic_only	multiple_signatures_missing	ordinary_tibetan_lexical_or_compound:1	damage:0;marker:0	independent_multi_context_canonical	"པོ་རྫས་ . ""Rz drag po rdzas rgod"
རྫས	ma	rdzas	canonical_independent_strong	1	REPLACE m→rdz;INS s	diagnostic_only;diagnostic_only	multiple_signatures_missing	ordinary_tibetan_lexical_or_compound:1	damage:0;marker:0	independent_multi_context_canonical	དྭངུལ་རྫས་མ་ dnulrdzus ma Falschgeld.
རྫས	rjes	rdzas	canonical_independent_strong	0	REPLACE je→dza	diagnostic_only	domain_risk	unclear:1	damage:0;marker:0	independent_multi_context_canonical	nid la sogs par kun tu lta bas „die im རྫས་སུ་།ཁྲད་ rjes su khrid Trjes khrid.
རྫི	dzi	rdzi	canonical_independent_strong	1	INS r	diagnostic_only	one_signature_missing	ordinary_tibetan_lexical_or_compound:1	damage:0;marker:0	independent_multi_context_canonical	"ཕྱུགས་རྫི་ phyngs""dzi Viehhire; = mo Vichhir-"
རྫི	ma	rdzi	canonical_independent_strong	1	REPLACE ma→rdzi	diagnostic_only	one_signature_missing	ordinary_tibetan_lexical_or_compound:1	damage:0;marker:0	independent_multi_context_canonical	ཕག་རྫི་མ་ pbagrdzi ma Schweinehirtin.
རྫོགས	pa	rdzogs	canonical_independent_strong	0	REPLACE pa→rdzogs	diagnostic_only	alignment_or_damage	ordinary_tibetan_lexical_or_compound:1	damage:1;marker:0	independent_multi_context_canonical	མངོན་ངྭ་རྫོགས་པ་ mnon du 7⁄:7209$ pa \mnon
རྫོགས	par	rdzogs	canonical_independent_strong	1	DEL pa;INS dzogs	diagnostic_only;diagnostic_only	multiple_signatures_missing	ordinary_tibetan_lexical_or_compound:1	damage:0;marker:0	independent_multi_context_canonical	བསྟེན་པར་རྫོགས་ bsüen par rdzogs
རྫོགས	phyag	rdzogs	canonical_independent_strong	1	SUB p→r;SUB h→d;SUB y→z;SUB a→o;INS s	diagnostic_only;diagnostic_only;diagnostic_only;diagnostic_only;diagnostic_only	multiple_signatures_missing	ordinary_tibetan_lexical_or_compound:1	damage:0;marker:0	independent_multi_context_canonical	རྫོགས phyag rdzogs
རྫོགས	vollendete	rdzogs	canonical_independent_strong	1	REPLACE v→rdz;REPLACE llendete→gs	diagnostic_only;diagnostic_only	multiple_signatures_missing	ordinary_tibetan_lexical_or_compound:1	damage:0;marker:0	independent_multi_context_canonical	བྱ་རྫོགས་ byardzogs vollendete Handlung, ab-
རྭ	Gehege	rwa	canonical_independent_strong	1	REPLACE Gehege→rwa	diagnostic_only	one_signature_missing	ordinary_tibetan_lexical_or_compound:1	damage:0;marker:0	independent_multi_context_canonical	གདང་རྭ་ ggdaṅ Gehege.
རྭ	Schlachtfeld	rwa	canonical_independent_strong	1	REPLACE Schl→rw;DEL chtfeld	diagnostic_only;diagnostic_only	multiple_signatures_missing	ordinary_tibetan_lexical_or_compound:1	damage:0;marker:0	independent_multi_context_canonical	དམག་རྭ་ dmagrwa Schlachtfeld.
རྭ	la	rwa	canonical_independent_strong	1	REPLACE l→rw	diagnostic_only	domain_risk	tibetan_proper_name:1	damage:0;marker:0	independent_multi_context_canonical	་མ་ལ་རྭ་ཀི་ཏ་ ka ma la raksi ta npr., ein Äcärya. —
རྭ	nor	rwa	canonical_independent_strong	1	DEL no;INS wa	diagnostic_only;diagnostic_only	multiple_signatures_missing	ordinary_tibetan_lexical_or_compound:1	damage:0;marker:0	independent_multi_context_canonical	རྭ་གི་དབང་ཕྲག་ nor gyi dbaṅ phyug Beiname
རྭ	ra	rwa	canonical_independent_strong	1	INS w	diagnostic_only	one_signature_missing	ordinary_tibetan_lexical_or_compound:1	damage:0;marker:0	independent_multi_context_canonical	བདད་པོ་ཟེ་རྭ་རྭ་སླེས་ bdud po ze ra rwa skyes
རྭ	skar	rwa	canonical_independent_strong	0	SUB s→r;SUB k→w;DEL r	diagnostic_only;diagnostic_only;candidate_review	domain_risk	unclear:1	damage:1;marker:0	independent_multi_context_canonical	"’ རྭ་ལེང་ཅུ "" 7⁄97/// skar phren can Bez. für"
རླབས	Ibyin	rlabs	canonical_independent_strong	0	REPLACE I→rla;REPLACE yin→s	diagnostic_only;diagnostic_only	alignment_or_damage	ordinary_tibetan_lexical_or_compound:1	damage:0;marker:1	independent_multi_context_canonical	བྱིན་གྱི་རླབས་ byin girlabs Ibyin vlabs,
ལགས	lag	lags	canonical_independent_strong	1	INS s	diagnostic_only	one_signature_missing	ordinary_tibetan_lexical_or_compound:1	damage:0;marker:0	independent_multi_context_canonical	པ་ལགས་ pa lag Anrede fūr den Vater, vgl.
ལགས	ljags	lags	canonical_independent_strong	1	DEL j	diagnostic_only	one_signature_missing	ordinary_tibetan_lexical_or_compound:1	damage:0;marker:0	independent_multi_context_canonical	ལགས་བཀོད་ ljags bkod Anordnung,
ལང	bdag	laṅ	canonical_independent_strong	1	REPLACE bd→l;SUB g→ṅ	diagnostic_only;diagnostic_only	multiple_signatures_missing	ordinary_tibetan_lexical_or_compound:1	damage:0;marker:0	independent_multi_context_canonical	བ་ལང་བདག་པོ་ balari bdag po Beiname Sivas.
ལང	lani	laṅ	canonical_independent_strong	1	REPLACE ni→ṅ	candidate_review	one_signature_missing	ordinary_tibetan_lexical_or_compound:1	damage:0;marker:0	independent_multi_context_canonical	ཀུན་ནས་ལང་བ་ kun nas lani ba sich erheben, her-
ལང	lari	laṅ	canonical_independent_strong	2	REPLACE ri→ṅ	diagnostic_only	one_signature_missing	ordinary_tibetan_lexical_or_compound:2	damage:0;marker:0	independent_multi_context_canonical	བ་ལང་གཅན་ ba lari gcin eine kunstvolle Vers- || བ་ལང་སྤྲོད་ ba lari spyod auch ba glan spyod,
ལང	lin	laṅ	canonical_independent_strong	1	SUB i→a;SUB n→ṅ	diagnostic_only;authorized_role_conditioned	one_signature_missing	ordinary_tibetan_lexical_or_compound:1	damage:0;marker:0	independent_multi_context_canonical	མག་ལང་ go lin.
ལམ	Himmel	lam	canonical_independent_strong	1	SUB H→l;SUB i→a;DEL mel	diagnostic_only;diagnostic_only;diagnostic_only	multiple_signatures_missing	ordinary_tibetan_lexical_or_compound:1	damage:0;marker:0	independent_multi_context_canonical	མ།ཁའ་ལམ་ mkha’ lam Himmel.
ལམ	Imig	lam	canonical_independent_strong	0	REPLACE I→la;DEL ig	diagnostic_only;diagnostic_only	alignment_or_damage	ordinary_tibetan_lexical_or_compound:1	damage:0;marker:1	independent_multi_context_canonical	མིག་གི་ལམ་ miggi lam Imig lam.
ལམ	Praxis	lam	canonical_independent_strong	1	REPLACE Pr→l;REPLACE xis→m	diagnostic_only;diagnostic_only	multiple_signatures_missing	ordinary_tibetan_lexical_or_compound:1	damage:0;marker:0	independent_multi_context_canonical	བྱས་ལམ་ byaslam Praxis.
ལམ	Weg	lam	canonical_independent_strong	0	SUB W→l;SUB e→a;SUB g→m	diagnostic_only;diagnostic_only;diagnostic_only	alignment_or_damage	ordinary_tibetan_lexical_or_compound:1	damage:1;marker:0	independent_multi_context_canonical	རྒྱ་ལམ་ ༡༡༧ lam Weg.
ལམ	kurzer	lam	canonical_independent_strong	0	REPLACE kurzer→lam	diagnostic_only	alignment_or_damage	ordinary_tibetan_lexical_or_compound:1	damage:1;marker:0	independent_multi_context_canonical	ཉེ་ལམ་ 77༩ lam kurzer Pfad; neulich, vor
ལམ	lm	lam	canonical_independent_strong	1	INS a	diagnostic_only	one_signature_missing	ordinary_tibetan_lexical_or_compound:1	damage:0;marker:0	independent_multi_context_canonical	ཐབས་ཀྱི་ལམ་ Habs kyi lm
ལམ	med	lam	canonical_independent_strong	1	INS la;DEL ed	diagnostic_only;diagnostic_only	multiple_signatures_missing	ordinary_tibetan_lexical_or_compound:1	damage:0;marker:0	independent_multi_context_canonical	"ཧི་ལམ་མེད་པ་ ; lam med pa ""nicht tr"
ལམ	smon	lam	canonical_independent_strong	1	REPLACE s→la;DEL on	diagnostic_only;diagnostic_only	domain_risk	tibetan_proper_name:1	damage:0;marker:0	independent_multi_context_canonical	་ལམ་བྲག་དཀར་ smon lam brag dkar npr. ein
ལམ	tra	lam	canonical_independent_strong	1	REPLACE tr→l;INS m	diagnostic_only;diagnostic_only	domain_risk	tibetan_proper_name:1	damage:0;marker:0	independent_multi_context_canonical	་ཏ་ལམ་དྲལ་ pi tra lcam dral npr. eine Gott-
ལས	Ins	las	canonical_independent_strong	0	SUB I→l;SUB n→a	authorized_role_conditioned;diagnostic_only	alignment_or_damage	ordinary_tibetan_lexical_or_compound:1	damage:0;marker:1	independent_multi_context_canonical	རྗེས་ལས་ rjes Ins übrigbleiben, zurückbleiben.
ལས	Isrioms	las	canonical_independent_strong	0	REPLACE I→la;DEL rioms	diagnostic_only;diagnostic_only	domain_risk	unclear:1	damage:1;marker:1	independent_multi_context_canonical	སྙོམ་ལས་ 5?70/?7 las Isrioms las.
ལས	er	las	canonical_independent_strong	1	REPLACE er→las	diagnostic_only	one_signature_missing	ordinary_tibetan_lexical_or_compound:1	damage:0;marker:0	independent_multi_context_canonical	གཉེར་ལས་འཛིན་ güer las ’dzin Verwalter und
ལས	ldbaṅ	las	canonical_independent_strong	1	DEL db;SUB ṅ→s	diagnostic_only;diagnostic_only	multiple_signatures_missing	ordinary_tibetan_lexical_or_compound:1	damage:0;marker:0	independent_multi_context_canonical	དབང་གི་ལས་ dbaṅ gilas ldbaṅ las.
ལས	ltas	las	canonical_independent_strong	1	DEL t	diagnostic_only	one_signature_missing	ordinary_tibetan_lexical_or_compound:1	damage:0;marker:0	independent_multi_context_canonical	འཆ་ལས། chi ltas Todesanzeichen, -vor-
ལས	lus	las	canonical_independent_strong	1	SUB u→a	candidate_review	domain_risk	tibetan_proper_name:1	damage:0;marker:0	independent_multi_context_canonical	ང་པོ་ལས་ལིན་བདད་ phuṅ po lus len bdnd npr.
ལས	skye	las	canonical_independent_strong	1	INS la;DEL kye	diagnostic_only;diagnostic_only	multiple_signatures_missing	ordinary_tibetan_lexical_or_compound:1	damage:0;marker:0	independent_multi_context_canonical	"དྲོད་གཤེར་ལས་སྐྱེ་བ་ ddrod las skye ba ""aus"
ལས	zweiter	las	canonical_independent_strong	1	REPLACE zweiter→las	diagnostic_only	one_signature_missing	ordinary_tibetan_lexical_or_compound:1	damage:0;marker:0	independent_multi_context_canonical	སྤྲད་ལས་ smadlas zweiter Teil der Verrichtun-
ལིང	lphe	liṅ	canonical_independent_strong	1	REPLACE phe→iṅ	diagnostic_only	one_signature_missing	ordinary_tibetan_lexical_or_compound:1	damage:0;marker:0	independent_multi_context_canonical	ཡི་ལིང་ philin lphe van.
ལུ	In	lu	canonical_independent_strong	0	SUB I→l;SUB n→u	authorized_role_conditioned;diagnostic_only	domain_risk	ordinary_tibetan_lexical_or_compound:1;sanskrit_or_indic_transcription:1	damage:0;marker:2	independent_multi_context_canonical	ཀུ་ལུ་ཏ་ ku In ta - skt. kulatä, ein upaksetra. || བུ་ལུ་ཧན་ th In hun Bez. für die ’A-Za; chin.
ལུ	Iu	lu	canonical_independent_strong	0	SUB I→l	authorized_role_conditioned	alignment_or_damage	ordinary_tibetan_lexical_or_compound:1	damage:0;marker:1	independent_multi_context_canonical	གོ་ལུ་ go Iu ein Heilmittel.
ལུ	Polypen	lu	canonical_independent_strong	1	DEL Po;REPLACE ypen→u	diagnostic_only;diagnostic_only	multiple_signatures_missing	ordinary_tibetan_lexical_or_compound:1	damage:0;marker:0	independent_multi_context_canonical	་མིཿ ་ལུ་ snasna Polypen.
ལུ	Reinheit	lu	canonical_independent_strong	1	REPLACE Reinheit→lu	diagnostic_only	one_signature_missing	ordinary_tibetan_lexical_or_compound:1	damage:0;marker:0	independent_multi_context_canonical	"ཕུལ་ལུ་ phull 1 Reinheit, vgl. །""/)/)///"
ལུ	la	lu	canonical_independent_strong	2	SUB a→u	diagnostic_only	domain_risk	ordinary_tibetan_lexical_or_compound:1;tibetan_proper_name:1	damage:0;marker:0	independent_multi_context_canonical	ཀླུ་སྲས་བུ་ལུ་ klu sras bu la npr. eine Gottheit im || ཕྲུ་ལུ་ལུ་ phru lu la zerteilt, zerbrösclht.
ལུ	mn	lu	canonical_independent_strong	1	SUB m→l;SUB n→u	diagnostic_only;diagnostic_only	domain_risk	tibetan_proper_name:1	damage:0;marker:0	independent_multi_context_canonical	ལུ་ཤངས་ mn Saris npr. cine Region.
ལུ	mu	lu	canonical_independent_strong	1	SUB m→l	diagnostic_only	one_signature_missing	ordinary_tibetan_lexical_or_compound:1	damage:0;marker:0	independent_multi_context_canonical	ལུ་གྐནས་ mu gnas Stelle am Rand.
ལུ	wei	lu	canonical_independent_strong	1	REPLACE wei→lu	diagnostic_only	one_signature_missing	ordinary_tibetan_lexical_or_compound:1	damage:0;marker:0	independent_multi_context_canonical	དཀར་ལུ་ dkar / weiß; vgl. !dkar po.
ལུག	p	lug	canonical_independent_strong	0	REPLACE p→lug	diagnostic_only	domain_risk	unclear:1	damage:0;marker:0	independent_multi_context_canonical	སྒྱིད་ལུག་པ་ 4 Ing p gyid pa lug
ལུགས	Iugs	lugs	canonical_independent_strong	0	SUB I→l	authorized_role_conditioned	alignment_or_damage	ordinary_tibetan_lexical_or_compound:2	damage:0;marker:2	independent_multi_context_canonical	དགེ་ལུགས་པ་ dge Iugs pa || གཏོང་ ལུགས་ gtoṅ Iugs
ལུགས	Sichtweise	lugs	canonical_independent_strong	0	REPLACE Sichtwei→lug;DEL e	diagnostic_only;diagnostic_only	alignment_or_damage	ordinary_tibetan_lexical_or_compound:1	damage:1;marker:0	independent_multi_context_canonical	མཁོང་ལུགས་ 77777707) lugs Sichtweise, Ansicht,
ལུགས	Umrechnungsmethode	lugs	canonical_independent_strong	0	REPLACE Umrechn→l;DEL n;DEL methode	diagnostic_only;diagnostic_only;diagnostic_only	alignment_or_damage	ordinary_tibetan_lexical_or_compound:1	damage:1;marker:0	independent_multi_context_canonical	གཏོང་ལུགས་ ༠༠༩ lugs Umrechnungsmethode
ལུས	Tomi	lus	canonical_independent_strong	0	REPLACE Tomi→lus	diagnostic_only	alignment_or_damage	ordinary_tibetan_lexical_or_compound:1	damage:0;marker:1	independent_multi_context_canonical	མིའི་ལུས་ 7 lus Tomi ///$.
ལེགས	so	legs	canonical_independent_strong	1	INS leg;DEL o	diagnostic_only;diagnostic_only	multiple_signatures_missing	ordinary_tibetan_lexical_or_compound:1	damage:0;marker:0	independent_multi_context_canonical	བྱོན་པ་ལེགས་སོ་ byon palegs so als Gruß: Will-
ལེན	pa	len	canonical_independent_strong	0	REPLACE pa→len	diagnostic_only	domain_risk	unclear:1	damage:1;marker:0	independent_multi_context_canonical	འཇིགས་པ་ལེན་པ་ 95 pa len pa Leid, Elend.
ལེན	phun	len	canonical_independent_strong	0	REPLACE phu→le	diagnostic_only	domain_risk	unclear:1	damage:1;marker:0	independent_multi_context_canonical	ཉེར་ལེན་ཕུང་པོ་ 7707 len phun po 1/7¢ bar len pa’i
ལོག	auchphyin	log	canonical_independent_strong	1	REPLACE auchphyin→log	diagnostic_only	one_signature_missing	ordinary_tibetan_lexical_or_compound:1	damage:0;marker:0	independent_multi_context_canonical	ཕྱིན་ཅི་ལོག་ phyin eilog auchphyin log verkehrt,
ལོག	ci	log	canonical_independent_strong	1	REPLACE ci→log	diagnostic_only	one_signature_missing	ordinary_tibetan_lexical_or_compound:1	damage:0;marker:0	independent_multi_context_canonical	"མིགཉིན་ཉི་ལོག་ mig pbyin ci log ""mit verdreh-"
ལོག	ldog	log	canonical_independent_strong	1	DEL d	diagnostic_only	one_signature_missing	ordinary_tibetan_lexical_or_compound:1	damage:0;marker:0	independent_multi_context_canonical	མགོ་ལོག་ mgo ldog umdrehen, verdrehen.
ལོག	pa	log	canonical_independent_strong	0	REPLACE pa→log	diagnostic_only	domain_risk	unclear:2	damage:2;marker:0	independent_multi_context_canonical	ཉི་མ་ལོག་པ་ 77 ma log pa Tri Idog. || གཉིད་ཀྱིས་ལོག་པ་ 07//7 kyis log pa {2:7//7 log.
ལོག	pf	log	canonical_independent_strong	1	REPLACE pf→log	diagnostic_only	one_signature_missing	ordinary_tibetan_lexical_or_compound:1	damage:0;marker:0	independent_multi_context_canonical	གཉིད་ལོག་ 6/7// log pf. und imp. zu 1977: ldog
ལོང	Magnet	loṅ	canonical_independent_strong	1	REPLACE Magnet→loṅ	diagnostic_only	one_signature_missing	ordinary_tibetan_lexical_or_compound:1	damage:0;marker:0	independent_multi_context_canonical	ཁབ་ལོང་ khab /9/7 Magnet.
ལོང	bu	loṅ	canonical_independent_strong	1	REPLACE bu→loṅ	diagnostic_only	one_signature_missing	ordinary_tibetan_lexical_or_compound:1	damage:0;marker:0	independent_multi_context_canonical	ཕ་ལྤང་ལོང་བུ་ ppha lbaṅ bu \pha war loni bu.
ལོང	byiṅ	loṅ	canonical_independent_strong	1	REPLACE byi→lo	diagnostic_only	one_signature_missing	ordinary_tibetan_lexical_or_compound:1	damage:0;marker:0	independent_multi_context_canonical	བྱི་ལོང་ bybyi byiṅ na gnas pa
ལོང	doṅ	loṅ	canonical_independent_strong	1	SUB d→l	diagnostic_only	one_signature_missing	ordinary_tibetan_lexical_or_compound:1	damage:0;marker:0	independent_multi_context_canonical	མི་ལོང་གི་དཀྱིལ་འཁོར་ me doṅ gi dkyil kon
ལོང	lo	loṅ	canonical_independent_strong	4	INS ṅ	diagnostic_only	one_signature_missing	ordinary_tibetan_lexical_or_compound:4	damage:0;marker:0	independent_multi_context_canonical	"འཁྱུག་ལོང་ ""khrug lo 'Tumult, Unruhe, Streit. || ངན་ལོང་ nan lo schlechte Gewohnheit. || འཕང་ལོང་ phaṅ lo V'phan lo."
ལོང	lor	loṅ	canonical_independent_strong	4	SUB r→ṅ	candidate_review	one_signature_missing	ordinary_tibetan_lexical_or_compound:4	damage:0;marker:0	independent_multi_context_canonical	"ཀྱིམ་གྱི་གོ་ རེ་ལོང་ khyim gyi go re lor Hausreini- || སྤྲིན་མགོ་མེ་ལོང་ sprin mgo me lor Bez. für den || བྱི་ལོང་ byi lor ""blinde Maus"", Maulwurf. Lex. — ba = serms la $ /?¿¿?/ rar med pa' —"
ལོང	lori	loṅ	canonical_independent_strong	4	REPLACE ri→ṅ	diagnostic_only	domain_risk	ordinary_tibetan_lexical_or_compound:2;tibetan_proper_name:2	damage:0;marker:0	independent_multi_context_canonical	མེ་ལོང་བཀོད་པ་ me lori bkod pa ein Samidhi, || མི་ལོང་ལྟ་བུའི་ཡེ་ཤེས་ mme lori lta ye ses kur, || མི་ལོང་གདོང་ me lori gdoṅ npr. ein Nägakönig,
ལོང	me	loṅ	canonical_independent_strong	1	REPLACE me→loṅ	diagnostic_only	one_signature_missing	ordinary_tibetan_lexical_or_compound:1	damage:0;marker:0	independent_multi_context_canonical	མེ་ལོང་ ay me lon gzugs Spiegelbild.
ལོང	pho	loṅ	canonical_independent_strong	1	REPLACE ph→l;INS ṅ	diagnostic_only;diagnostic_only	multiple_signatures_missing	ordinary_tibetan_lexical_or_compound:1	damage:0;marker:0	independent_multi_context_canonical	ལོང 'pho pf. zu l'bo gießen, ausgießen, aus-
ལོན	Herbeiholen	lon	canonical_independent_strong	1	REPLACE Herbeih→l;DEL le	diagnostic_only;diagnostic_only	multiple_signatures_missing	ordinary_tibetan_lexical_or_compound:1	damage:0;marker:0	independent_multi_context_canonical	"ཕྱྭ་ལོན་ ppbywa ""Herbeiholen von Glücks-"
ལོན	du	lon	canonical_independent_strong	1	REPLACE du→lon	diagnostic_only	one_signature_missing	ordinary_tibetan_lexical_or_compound:1	damage:0;marker:0	independent_multi_context_canonical	བུ་ལོན་དུ་འགྱུར་བ་ bbu du 'gyur ba Subtrahie-
ལྔན	Idangyirkyen	ldan	canonical_independent_strong	0	SUB I→l;DEL gyirkyen	authorized_role_conditioned;diagnostic_only	alignment_or_damage	ordinary_tibetan_lexical_or_compound:1	damage:0;marker:1	independent_multi_context_canonical	བྱེད་ལྔན་གྱི་རྐྱེན་ byed Idangyirkyen gramm. t.t.
ལྔན	han	ldan	canonical_independent_strong	1	REPLACE h→ld	diagnostic_only	one_signature_missing	ordinary_tibetan_lexical_or_compound:1	damage:0;marker:0	independent_multi_context_canonical	ལྔན་ལྫིན་ han Hin
ལྔན	hu’i	ldan	canonical_independent_strong	0	SUB h→l;SUB u→d;SUB ’→a;SUB i→n	diagnostic_only;diagnostic_only;diagnostic_only;diagnostic_only	domain_risk	unclear:1	damage:0;marker:0	independent_multi_context_canonical	'ཧུའི་ ་ལྔན་ ku hu’i sgra ldan „der mit dem
ལྕག	en	lcag	canonical_independent_strong	1	REPLACE en→lcag	diagnostic_only	one_signature_missing	ordinary_tibetan_lexical_or_compound:1	damage:0;marker:0	independent_multi_context_canonical	མཉེན་ལྕག་ müen lcug
ལྕག	leug	lcag	canonical_independent_strong	1	SUB e→c;SUB u→a	diagnostic_only;candidate_review	multiple_signatures_missing	ordinary_tibetan_lexical_or_compound:1	damage:0;marker:0	independent_multi_context_canonical	ལྕག་མ་ leug ma Zweig.
ལྕགས	Eisenplatte	lcags	canonical_independent_strong	1	REPLACE Ei→lcag;DEL enplatte	diagnostic_only;diagnostic_only	multiple_signatures_missing	ordinary_tibetan_lexical_or_compound:1	damage:0;marker:0	independent_multi_context_canonical	"ཀྱང་མའི་ལྕགས་ ""byan ma'ilcags Eisenplatte."
ལྕགས	Hufeisen	lcags	canonical_independent_strong	1	REPLACE Hufei→lcag;DEL en	diagnostic_only;diagnostic_only	multiple_signatures_missing	ordinary_tibetan_lexical_or_compound:1	damage:0;marker:0	independent_multi_context_canonical	རྨིག་ལྕགས་ rmiglcags Hufeisen.
ལྕགས	I	lcags	canonical_independent_strong	0	REPLACE I→lcags	diagnostic_only	alignment_or_damage	ordinary_tibetan_lexical_or_compound:1	damage:0;marker:1	independent_multi_context_canonical	ལྕགས་ཀྱི་བགོ་ I Icags kyi bgo bya
ལྕགས	Icags	lcags	canonical_independent_strong	0	SUB I→l	authorized_role_conditioned	alignment_or_damage	ordinary_tibetan_lexical_or_compound:1	damage:0;marker:1	independent_multi_context_canonical	ལྕགས་གཟར་ Icags gzar
ལྕམ	Dach	lcam	canonical_independent_strong	0	REPLACE D→lc;REPLACE ch→m	diagnostic_only;diagnostic_only	domain_risk	unclear:1	damage:1;marker:0	independent_multi_context_canonical	ཐོག་ལྕམ་ 7709 lcam Dach, Deckenbalken.
ལྕམ	Icam	lcam	canonical_independent_strong	0	SUB I→l	authorized_role_conditioned	alignment_or_damage	ordinary_tibetan_lexical_or_compound:1	damage:0;marker:1	independent_multi_context_canonical	ལྕམ་ 'Icam \lcam mo.
ལྕམ	Querbalken	lcam	canonical_independent_strong	0	REPLACE Querb→lc;REPLACE lken→m	diagnostic_only;diagnostic_only	domain_risk	unclear:1	damage:0;marker:0	independent_multi_context_canonical	par bsal Zin „mit dem Messer schneidet er དྲལ་ལྕམ་ drallcam Querbalken, Dachsparren,
ལྕམ	lam	lcam	canonical_independent_strong	1	INS c	diagnostic_only	one_signature_missing	ordinary_tibetan_lexical_or_compound:1	damage:0;marker:0	independent_multi_context_canonical	ལྕམ་པ་ lam pa eine Heilpflanze, Malve,
ལྕམ	lcami	lcam	canonical_independent_strong	1	DEL i	candidate_review	one_signature_missing	ordinary_tibetan_lexical_or_compound:1	damage:0;marker:0	independent_multi_context_canonical	ཕོ་ལྕམ་ pbo lcami
ལྕེ	Ice	lce	canonical_independent_strong	0	SUB I→l	authorized_role_conditioned	alignment_or_damage	ordinary_tibetan_lexical_or_compound:6	damage:0;marker:6	independent_multi_context_canonical	ལྕེ་དཀར་ Ice dkar wohl beratend. || ལྕེ་སྱང་ Ice spyan || ལྕེ་འབབ་ Ice ’bab Blitz.
ལྕེ	klu	lce	canonical_independent_strong	0	DEL k;REPLACE u→ce	diagnostic_only;diagnostic_only	domain_risk	unclear:1	damage:0;marker:0	independent_multi_context_canonical	"""ལྕེ་པ་ klu Ice pa rotes Arsenik."
ལྕོག	Haarknoten	lcog	canonical_independent_strong	1	REPLACE Haarkn→lc;REPLACE ten→g	diagnostic_only;diagnostic_only	multiple_signatures_missing	ordinary_tibetan_lexical_or_compound:1	damage:0;marker:0	independent_multi_context_canonical	དབུ་ལྕོག་ dbulcog Haarknoten, Haarschmuck,
ལྗང	Ijan	ldaṅ	canonical_reviewed	0	SUB I→l;SUB j→d;SUB n→ṅ	authorized_role_conditioned;diagnostic_only;authorized_role_conditioned	alignment_or_damage	ordinary_tibetan_lexical_or_compound:1	damage:0;marker:1	explicit_user_reviewed	རྟ་ལྗང་དབང་པོ་ rta Ijan dbaṅ po.
ལྗང	daṅ	ldaṅ	canonical_reviewed	1	INS l	diagnostic_only	one_signature_missing	ordinary_tibetan_lexical_or_compound:1	damage:0;marker:0	explicit_user_reviewed	ལྗང་ 'daṅ
ལྗང	han	ldaṅ	canonical_reviewed	5	REPLACE h→ld;SUB n→ṅ	diagnostic_only;authorized_role_conditioned	one_signature_missing	ordinary_tibetan_lexical_or_compound:5	damage:0;marker:0	explicit_user_reviewed	སྒྲོ་ལྗང་ sgro han Papagei. || ལྗང་ཁ་ han khn. || ལྗང་ལྔོའི་བུ་ han sho’i bu
ལྗང	lan	ldaṅ	canonical_reviewed	1	INS d;SUB n→ṅ	diagnostic_only;authorized_role_conditioned	domain_risk	tibetan_proper_name:1	damage:0;marker:0	explicit_user_reviewed	ལྗང་ལྔོའི་བུ་ lan sro’ bu npr. ein Rsi, Härita,
ལྗང	laṅ	ldaṅ	canonical_reviewed	1	INS d	diagnostic_only	one_signature_missing	ordinary_tibetan_lexical_or_compound:1	damage:0;marker:0	explicit_user_reviewed	བེ་ལྗང་རེ་རལ་ be laṅ re ral eine Pflanze, Dry-
ལྗང	ljan	ldaṅ	canonical_reviewed	3	SUB j→d;SUB n→ṅ	diagnostic_only;authorized_role_conditioned	one_signature_missing	ordinary_tibetan_lexical_or_compound:3	damage:0;marker:0	explicit_user_reviewed	ལྗང་ཚགས་ ljan tshags Sieb. || དྲུག་མར་ལྗང་ drug mar ljan || དྲུག་མར་ལྗང་ drug mar ljan Ocker; Laberitum
ལྗོན	Jon	ljon	canonical_independent_strong	1	REPLACE J→lj	diagnostic_only	domain_risk	tibetan_proper_name:1	damage:0;marker:0	independent_multi_context_canonical	སྡོང་པོ་ལྗོན་པ་ sdoṅ po Jon pa npr. ein König der
ལྗོན	lion	ljon	canonical_independent_strong	1	SUB i→j	diagnostic_only	one_signature_missing	ordinary_tibetan_lexical_or_compound:1	damage:0;marker:0	independent_multi_context_canonical	ལྗོན་ཤིང་ལྔམ་ར་ lion siṅ Idum ra auch bon siṅ
ལྟ	Itana	lta	canonical_independent_strong	0	SUB I→l;DEL na	authorized_role_conditioned;diagnostic_only	alignment_or_damage	ordinary_tibetan_lexical_or_compound:1	damage:0;marker:1	independent_multi_context_canonical	ད་ལྟ་ན་ da Itana jetzt; —’an, — yan auch Jetzt
ལྟ	ba	lta	canonical_independent_strong	0	REPLACE b→lt	diagnostic_only	alignment_or_damage	ordinary_tibetan_lexical_or_compound:1	damage:1;marker:0	independent_multi_context_canonical	འཇིག་པར་ལྟ་བ་ ཀླ par lta ba 176 /$77095 la lta
ལྟ	da	lta	canonical_independent_strong	1	REPLACE d→lt	diagnostic_only	one_signature_missing	ordinary_tibetan_lexical_or_compound:1	damage:0;marker:0	independent_multi_context_canonical	མའོངས་ད་ལྟ་ ma 'ons da lta Bez. für Nacht.
ལྟ	delta	lta	canonical_independent_strong	1	DEL de	diagnostic_only	one_signature_missing	ordinary_tibetan_lexical_or_compound:1	damage:0;marker:0	independent_multi_context_canonical	ལྟ་བས་ན་ delta bas na auch de ltar bas na weil
ལྟ	es	lta	canonical_independent_strong	0	REPLACE es→lta	diagnostic_only	alignment_or_damage	ordinary_tibetan_lexical_or_compound:1	damage:1;marker:0	independent_multi_context_canonical	"འདི་ལྟ་སྟེ་ ?/ //¢ ste ""[es ist] wie dies"", so, näm-"
ལྟ	ltana	lta	canonical_independent_strong	1	DEL na	diagnostic_only	one_signature_missing	ordinary_tibetan_lexical_or_compound:1	damage:0;marker:0	independent_multi_context_canonical	དེ་ལྟ་ན་ de ltana dann, darum, also; gal te ... na
ལྟར	Itarna	ltar	canonical_independent_strong	0	SUB I→l;DEL na	authorized_role_conditioned;diagnostic_only	alignment_or_damage	ordinary_tibetan_lexical_or_compound:1	damage:0;marker:1	independent_multi_context_canonical	དེ་ལྟར་ན་ de Itarna auf diese Weise, so, demge-
ལྟར	diese	ltar	canonical_independent_strong	1	REPLACE diese→ltar	diagnostic_only	one_signature_missing	ordinary_tibetan_lexical_or_compound:1	damage:0;marker:0	independent_multi_context_canonical	འདི་ལྟར་ auf diese Art und Weise, in sol-
ལྟེ	Ite	lte	canonical_independent_strong	0	SUB I→l	authorized_role_conditioned	alignment_or_damage	ordinary_tibetan_lexical_or_compound:11	damage:0;marker:11	independent_multi_context_canonical	ང་བཞི་ལྟེ་བ་ glin bźi Ite ba auch glin bZi’i Ite || གླིང་བཞིའི་ལྟེ་བ་ gliṅ bzi’i Ite ba 12///) bi Ite ba. || ལྟེ་བསྒྱར་ Ite bsgyur auch Ite ba bsgyur ein glo-
ལྟེ	Nabel	lte	canonical_independent_strong	1	REPLACE Nab→lt;DEL l	diagnostic_only;diagnostic_only	multiple_signatures_missing	ordinary_tibetan_lexical_or_compound:1	damage:0;marker:0	independent_multi_context_canonical	"འཕགས་ཡུལ་ལྟེ་བ་ 'p'phags ba ""Nabel des"
ལྟེ	bur	lte	canonical_independent_strong	1	SUB b→l;SUB u→t;SUB r→e	diagnostic_only;diagnostic_only;diagnostic_only	multiple_signatures_missing	ordinary_tibetan_lexical_or_compound:1	damage:0;marker:0	independent_multi_context_canonical	ལྟེ་འབུར་ //© ’bur einen hervorstehenden Nabel
ལྟོ	Innereien	lto	canonical_independent_strong	0	REPLACE Innereien→lto	diagnostic_only	alignment_or_damage	ordinary_tibetan_lexical_or_compound:1	damage:0;marker:1	independent_multi_context_canonical	རྒྱ་ལྟོ་ rgyu //0 Innereien, Eingeweide.
ལྟོ	Ito	lto	canonical_independent_strong	0	SUB I→l	authorized_role_conditioned	alignment_or_damage	ordinary_tibetan_lexical_or_compound:4	damage:0;marker:4	independent_multi_context_canonical	དཀར་མིན་ལྟོ་འགྲོ་ dkar min Ito ’gro eine schwarze || ལྟོ་བཀྲག་ Ito bkug PER Io ston || ལྟོ་འགྲོ Ito 'gro. Lex. bkres pa’am ltogs pa (brDa); sira dro zas
ལྟོ	a	lto	canonical_independent_strong	1	REPLACE a→lto	diagnostic_only	one_signature_missing	ordinary_tibetan_lexical_or_compound:1	damage:0;marker:0	independent_multi_context_canonical	ལྟོ a lcogs können, in der Lage sein,
ལྟོ	ba	lto	canonical_independent_strong	1	REPLACE ba→lto	diagnostic_only	domain_risk	ordinary_tibetan_lexical_or_compound:1;unclear:1	damage:1;marker:0	independent_multi_context_canonical	(r. yod) „auch wenn man als Diener ལྟོ་ཏྟིར་བ་ /70 ///)- ba !lto ldir ba. || སྔིག་ལྟོ་བ་ sdiglto ba verkehrte Lebensführung.
ལྟོ	gens	lto	canonical_independent_strong	1	REPLACE gens→lto	diagnostic_only	one_signature_missing	ordinary_tibetan_lexical_or_compound:1	damage:0;marker:0	independent_multi_context_canonical	ལྟོ་འགེངས་ //0 ’gens. Lebensunterhalt hat“ (dPeD 181,3); ~ ༡2/
ལྟོ	sa	lto	canonical_independent_strong	1	REPLACE sa→lto	diagnostic_only	one_signature_missing	ordinary_tibetan_lexical_or_compound:1	damage:0;marker:0	independent_multi_context_canonical	ལྟོ་བ sa multoba auch mn to, mu to ba, mul to
ལྟོ	thud	lto	canonical_independent_strong	0	INS l;REPLACE hud→o	diagnostic_only;diagnostic_only	domain_risk	unclear:1	damage:0;marker:0	independent_multi_context_canonical	ལྟོ་འབུད་ //0 ’thud Nahrungsmittelzuteilung.
ལྡན	Beiname	ldan	canonical_independent_strong	1	SUB B→l;SUB e→d;SUB i→a;DEL ame	diagnostic_only;diagnostic_only;diagnostic_only;diagnostic_only	alignment_or_damage	ordinary_tibetan_lexical_or_compound:2	damage:1;marker:0	independent_multi_context_canonical	འཇིག་རྟེན་གསུམ་ལྡན་ ig rten gsum /73¿ Beiname || ཕྱག་འཚལ་ལྡན་ pphyag ldan Beiname In-
ལྡན	Ildan	ldan	canonical_independent_strong	0	DEL I	diagnostic_only	domain_risk	ordinary_tibetan_lexical_or_compound:1;tibetan_proper_name:1	damage:0;marker:2	independent_multi_context_canonical	ངེས་ལྡན་ nes Ildan Bez. für Einsicht, || མཐོང་ལྡན་དགེ་བ་ mthoṅ Ildan dge ba npr. ein
ལྡན	bdag	ldan	canonical_independent_strong	0	SUB b→l;SUB g→n	diagnostic_only;diagnostic_only	alignment_or_damage	ordinary_tibetan_lexical_or_compound:1	damage:1;marker:0	independent_multi_context_canonical	དགའ་ལྡན་བདག་པོ་ dga’ /7%/7 bdag po Beiname
ལྡན	chos	ldan	canonical_independent_strong	0	SUB c→l;SUB h→d;SUB o→a;SUB s→n	diagnostic_only;diagnostic_only;candidate_review;diagnostic_only	domain_risk	unclear:1	damage:0;marker:0	independent_multi_context_canonical	EN ་ལྡན་ chos ldan
ལྡན	dessen	ldan	canonical_independent_strong	0	INS l;REPLACE esse→a	diagnostic_only;diagnostic_only	alignment_or_damage	ordinary_tibetan_lexical_or_compound:1	damage:1;marker:0	independent_multi_context_canonical	རྐང་བཞིའི་ནོར་ལྡན་ rkaṅ /?2// nor ldan „dessen Be-
ལྡན	gsum	ldan	canonical_independent_strong	0	SUB g→l;SUB s→d;SUB u→a;SUB m→n	diagnostic_only;diagnostic_only;candidate_review;diagnostic_only	domain_risk	unclear:1	damage:0;marker:0	independent_multi_context_canonical	& འཛཕྲུལ་གསུམ་ལྡན་ cho ’phrul gsum ldan Bez.
ལྡན	im	ldan	canonical_independent_strong	1	REPLACE im→ldan	diagnostic_only	one_signature_missing	ordinary_tibetan_lexical_or_compound:1	damage:0;marker:0	independent_multi_context_canonical	རྡརྫགླགས་ལྡན Gottheit im Gefolge des Pe-har
ལྡན	is	ldan	canonical_independent_strong	1	REPLACE is→ldan	diagnostic_only	one_signature_missing	ordinary_tibetan_lexical_or_compound:1	damage:0;marker:0	independent_multi_context_canonical	གཉིས་ལྡན་དས་ güis ldan dus auch nis ldan dus,
ལྡན	le	ldan	canonical_independent_strong	0	REPLACE e→dan	diagnostic_only	domain_risk	unclear:1	damage:0;marker:0	independent_multi_context_canonical	za ང་ལྡན mu le ston ldan ...
ལྡན	lldan	ldan	canonical_independent_strong	2	DEL l	diagnostic_only	one_signature_missing	ordinary_tibetan_lexical_or_compound:2	damage:0;marker:0	independent_multi_context_canonical	ཀུ་ཅོར་རྟོགས་ལྡན་ ku cor rtogs lldan, auch sku cor || དོན་ལྡན་ don lldan tdon daṅ ldan pa.
ལྡན	mi	ldan	canonical_independent_strong	0	REPLACE mi→ldan	diagnostic_only	domain_risk	unclear:1	damage:0;marker:0	independent_multi_context_canonical	TERN: ལྡན mi yi chos ldan Beiname des
ལྡན	ston	ldan	canonical_independent_strong	1	SUB s→l;SUB t→d;SUB o→a	diagnostic_only;diagnostic_only;candidate_review	domain_risk	tibetan_proper_name:1	damage:0;marker:0	independent_multi_context_canonical	ུལེ་སྟོང་ལྡན་ཧད་ mu le ston ldan had npr. ein
ལྡིང	Id	ldiṅ	canonical_independent_strong	0	SUB I→l;INS iṅ	authorized_role_conditioned;diagnostic_only	alignment_or_damage	ordinary_tibetan_lexical_or_compound:1	damage:0;marker:1	independent_multi_context_canonical	འགྲོ་ལྡིང་ gro Idın.
ལྡུམ	Idum	ldum	canonical_independent_strong	0	SUB I→l	authorized_role_conditioned	alignment_or_damage	ordinary_tibetan_lexical_or_compound:1	damage:0;marker:1	independent_multi_context_canonical	ལྡུམ་བུ་ Idum bu.
ལྡེག	Ideg	ldeg	canonical_independent_strong	0	SUB I→l	authorized_role_conditioned	alignment_or_damage	ordinary_tibetan_lexical_or_compound:1	damage:0;marker:1	independent_multi_context_canonical	ལྡེག་ལྡེག་ ldeg Ideg beben.
ལྡེག	in	ldeg	canonical_independent_strong	1	REPLACE in→ldeg	diagnostic_only	one_signature_missing	ordinary_tibetan_lexical_or_compound:1	damage:0;marker:0	independent_multi_context_canonical	གློ་སྙིང་ལྡེག་ glo säin ldeg Herzklopfen.
ལྡེམ	Idem	ldem	canonical_independent_strong	0	SUB I→l	authorized_role_conditioned	alignment_or_damage	ordinary_tibetan_lexical_or_compound:5	damage:0;marker:5	independent_multi_context_canonical	ལྡེམ་སྐུ་ Idem sku Tonstatue, -figur. || ལྡེམ་གླུ་ Idem glu in kbu byug — Kuckucksruf. || ལྡེམ་དགོངས་བཞི་ Idem dgoṅs bźi ldem por
ལྡོག	Idog	ldog	canonical_independent_strong	0	SUB I→l	authorized_role_conditioned	alignment_or_damage	ordinary_tibetan_lexical_or_compound:4	damage:0;marker:4	independent_multi_context_canonical	འཁུ་ལྡོག་ hu Idog || གདོང་ལྡོག་ gdoṅ Idog umkehren. || ལྡོག་ 'Idog
ལྡོག	Wandel	ldog	canonical_independent_strong	0	REPLACE Wan→l;SUB e→o;SUB l→g	diagnostic_only;diagnostic_only;diagnostic_only	domain_risk	unclear:1	damage:1;marker:0	independent_multi_context_canonical	འགྱར་ལྡོག་ ༡9///7ˆ ldog Wandel, Veränderung.
ལྡོག	dog	ldog	canonical_independent_strong	1	INS l	diagnostic_only	one_signature_missing	ordinary_tibetan_lexical_or_compound:1	damage:0;marker:0	independent_multi_context_canonical	"ལྡོག་ ""dog"
ལྡོག	id	ldog	canonical_independent_strong	1	SUB i→l;INS og	diagnostic_only;diagnostic_only	multiple_signatures_missing	ordinary_tibetan_lexical_or_compound:1	damage:0;marker:0	independent_multi_context_canonical	གཉིད་ལྡོག་ gäid ldog pf. und imp. {9/7// log
ལྷག	dem	lhag	canonical_independent_strong	1	REPLACE dem→lhag	diagnostic_only	one_signature_missing	ordinary_tibetan_lexical_or_compound:1	damage:0;marker:0	independent_multi_context_canonical	བྱུག ལྷག mit dem Körper eines Menschen
ཤགས	gi	Sags	canonical_independent_strong	0	INS Sa;SUB i→s	diagnostic_only;diagnostic_only	domain_risk	unclear:1	damage:0;marker:0	independent_multi_context_canonical	"/གྱི་ཤགས་ཅན་ sprin gi Sugs can ""mit der"
ཤགས	śags	Sags	canonical_independent_strong	1	SUB ś→S	diagnostic_only	one_signature_missing	ordinary_tibetan_lexical_or_compound:1	damage:0;marker:0	independent_multi_context_canonical	འགའ་ཏི་ཤགས་ ’ga’ ti śags
ཤིག	sig	Sig	canonical_independent_strong	1	SUB s→S	diagnostic_only	one_signature_missing	ordinary_tibetan_lexical_or_compound:1	damage:0;marker:0	independent_multi_context_canonical	བདེ་བར་སྒྲུབས་ཤིག་ bde bar sgrubs sig gehabt
ཤུགས	Sugs	sugs	canonical_independent_strong	1	SUB S→s	diagnostic_only	one_signature_missing	ordinary_tibetan_lexical_or_compound:1	damage:0;marker:0	independent_multi_context_canonical	ཁུ་ཤུགས་ལྔན་སྤྲིན་ khu Sugs ldan sprin große Re-
ཤུགས	brtul	sugs	canonical_independent_strong	0	REPLACE brt→s;REPLACE l→gs	diagnostic_only;diagnostic_only	alignment_or_damage	ordinary_tibetan_lexical_or_compound:1	damage:1;marker:1	independent_multi_context_canonical	རྟུལ་ཤུགས་ rtul 6//95 \brtul Zugs.
ཤུགས	starker	sugs	canonical_independent_strong	0	REPLACE tarker→ugs	diagnostic_only	domain_risk	unclear:1	damage:1;marker:0	independent_multi_context_canonical	སྙིང་ཤུགས་ 5?7/7? Sugs starker Drang.
ཤུགས	śugs	sugs	canonical_independent_strong	1	SUB ś→s	candidate_review	one_signature_missing	ordinary_tibetan_lexical_or_compound:1	damage:0;marker:0	independent_multi_context_canonical	ཀརྨ་ཤུགས་ལྡན་ karma śugs ldan Emanation des
ཤུན	Sun	sun	canonical_independent_strong	0	SUB S→s	diagnostic_only	domain_risk	unclear:1	damage:0;marker:0	independent_multi_context_canonical	N ཐིང་ཤུན་ mtbin Sun
ཤེད	śed	sed	canonical_independent_strong	3	SUB ś→s	candidate_review	one_signature_missing	ordinary_tibetan_lexical_or_compound:3	damage:0;marker:0	independent_multi_context_canonical	ཁ་ཤེད་ kha śed eloquent, angeberisch. || ཁྲག་ཤེད་ khrag śed Blutdruck. || ཉེན་བུ་ཤེད་ nen bu śed stolz oder eingebildet
ཤེད	śid	sed	canonical_independent_strong	1	SUB ś→s;SUB i→e	candidate_review;diagnostic_only	multiple_signatures_missing	ordinary_tibetan_lexical_or_compound:1	damage:0;marker:0	independent_multi_context_canonical	འདུར་ཤེད་ dur śid Totenzeremonie.
ཤེལ	cin	sel	canonical_independent_strong	1	SUB c→s;SUB i→e;SUB n→l	diagnostic_only;diagnostic_only;diagnostic_only	multiple_signatures_missing	ordinary_tibetan_lexical_or_compound:1	damage:0;marker:0	independent_multi_context_canonical	མི་ཤེལ་ mme cin Edelstein (Pasang 1998:
ཤེལ	śel	sel	canonical_independent_strong	3	SUB ś→s	candidate_review	one_signature_missing	ordinary_tibetan_lexical_or_compound:3	damage:0;marker:0	independent_multi_context_canonical	རྒྱང་ཤེལ་ rgyaṅ śel Fernglas, Fernrohr. || ཆུ་ཤེལ་དབང་པོ་ chu śel dbaṅ po auch chu śel gyi || ཆེ་ཤེལ་ che śel Lupe.
ཤོ	kha	so	canonical_independent_strong	0	REPLACE kha→so	diagnostic_only	domain_risk	unclear:1	damage:0;marker:0	independent_multi_context_canonical	"""ཤོ kha pho Mut, Prahlerei."
ཤོ	śo	so	canonical_independent_strong	4	SUB ś→s	candidate_review	domain_risk	ordinary_tibetan_lexical_or_compound:3;tibetan_proper_name:1	damage:0;marker:0	independent_multi_context_canonical	ཀ་ཤོ་ ka śo eine Pflanze. || ཁ་ཤོ་ kha śo auch kha swa Hasenscharte. || བོ་ཤོ་ཐོ་ bo śo tho npr. ein Ort in der Mongolei.
ཤོག	Amtsschreiben	sog	canonical_independent_strong	0	DEL Amt;REPLACE schreiben→og	diagnostic_only;diagnostic_only	domain_risk	unclear:1	damage:1;marker:0	independent_multi_context_canonical	ཆབ་ཤོག་ chab £09 Amtsschreiben, Brief.
ཤོག	Eingabe	sog	canonical_independent_strong	0	REPLACE Ein→so;DEL abe	diagnostic_only;diagnostic_only	domain_risk	unclear:1	damage:1;marker:0	independent_multi_context_canonical	སྙན་ཤོག་ 577/737 śog Eingabe, Petition.
ཤོག	og	sog	canonical_independent_strong	0	INS s	diagnostic_only	alignment_or_damage	ordinary_tibetan_lexical_or_compound:1	damage:1;marker:0	independent_multi_context_canonical	ཐེལ་ཤོག་ thel £og 1'1311111,
ཤོག	śog	sog	canonical_independent_strong	1	SUB ś→s	candidate_review	one_signature_missing	ordinary_tibetan_lexical_or_compound:1	damage:0;marker:0	independent_multi_context_canonical	དུག་ཤོག་ dug śog Papier aus giftigen Pflanzen.
ཤོད	Sod	sod	canonical_independent_strong	1	SUB S→s	diagnostic_only	one_signature_missing	ordinary_tibetan_lexical_or_compound:1	damage:0;marker:0	independent_multi_context_canonical	གྲོ་ ཤོད་ gro Sod
ཤོད	śod	sod	canonical_independent_strong	1	SUB ś→s	candidate_review	one_signature_missing	ordinary_tibetan_lexical_or_compound:1	damage:0;marker:0	independent_multi_context_canonical	བཅུ་ཤོད་ bcu śod ein Recheninstrument.
ཤོར	Sor	sor	canonical_independent_strong	1	SUB S→s	diagnostic_only	one_signature_missing	ordinary_tibetan_lexical_or_compound:1	damage:0;marker:0	independent_multi_context_canonical	མ་ངེས་དགུ་ཤོར་ ma nes deu Sor cine Gruppe
ཤོར	phyi	sor	canonical_independent_strong	1	REPLACE phyi→sor	diagnostic_only	one_signature_missing	ordinary_tibetan_lexical_or_compound:1	damage:0;marker:0	independent_multi_context_canonical	ཤོར་བ་ phyi sor ba entschlüpft, entkommen.
ཤོར	śor	sor	canonical_independent_strong	1	SUB ś→s	candidate_review	one_signature_missing	ordinary_tibetan_lexical_or_compound:1	damage:0;marker:0	independent_multi_context_canonical	ཐོབ་ཤོར་ thob śor Verlust.
སད	ausspionieren	sad	canonical_independent_strong	0	INS s;REPLACE usspionieren→d	diagnostic_only;diagnostic_only	alignment_or_damage	ordinary_tibetan_lexical_or_compound:1	damage:1;marker:0	independent_multi_context_canonical	ཉམས་སད་ /7/77725 sad ausspionieren, abwägen,
སད	mi	sad	canonical_independent_strong	1	REPLACE mi→sad	diagnostic_only	one_signature_missing	ordinary_tibetan_lexical_or_compound:1	damage:0;marker:0	independent_multi_context_canonical	གཉིད་མི་སད་ gäid mi sad auch güid mi zad
སད	smad	sad	canonical_independent_strong	1	DEL m	diagnostic_only	one_signature_missing	ordinary_tibetan_lexical_or_compound:1	damage:0;marker:0	independent_multi_context_canonical	མདངོ་སད་ nido smad
སར	ser	sar	canonical_independent_strong	0	SUB e→a	diagnostic_only	domain_risk	unclear:1	damage:0;marker:0	independent_multi_context_canonical	5 rta ¢/ ba EN ra sa རྟ་སར་ཅན་ rta ser can རྟག་ཏུ rtag //
སུམ	offensichtlich	sum	canonical_independent_strong	0	DEL offen;REPLACE ichtlich→um	diagnostic_only;diagnostic_only	alignment_or_damage	ordinary_tibetan_lexical_or_compound:1	damage:1;marker:0	independent_multi_context_canonical	མངོན་སུམ་ 777770/77 sum offensichtlich, sichtbar,
སུམ	sbyar	sum	canonical_independent_strong	1	REPLACE byar→um	diagnostic_only	one_signature_missing	ordinary_tibetan_lexical_or_compound:1	damage:0;marker:0	independent_multi_context_canonical	སྣམ སྦྱར་སུམ Ray snam sbyar sum
སེ	Tkhyug	se	canonical_independent_strong	0	REPLACE Tkhyug→se	diagnostic_only	domain_risk	unclear:1	damage:1;marker:1	independent_multi_context_canonical	འཁུགས་སེ་འཁུགས ༡//7///95 se 75/77///95 Tkhyug se
སེ	Y'ranzose	se	canonical_independent_strong	1	DEL Y'ranzo	diagnostic_only	one_signature_missing	ordinary_tibetan_lexical_or_compound:1	damage:0;marker:0	independent_multi_context_canonical	ཕ་རན་སེ་ pharan si Y'ranzose.
སེ	bo	se	canonical_independent_strong	0	SUB b→s;SUB o→e	diagnostic_only;diagnostic_only	domain_risk	unclear:1	damage:1;marker:0	independent_multi_context_canonical	"(Liyl 17966); rigts} 'dzin go ’phan ""dir སེ bo"
སེ	einsabdag	se	canonical_independent_strong	1	INS s;DEL insabdag	diagnostic_only;diagnostic_only	multiple_signatures_missing	ordinary_tibetan_lexical_or_compound:1	damage:0;marker:0	independent_multi_context_canonical	དུས་འཛིན་སེ་བ་ dus ’dzinsebya einsabdag (Neb
སེ	ljags	se	canonical_independent_strong	0	DEL ljag;INS e	diagnostic_only;diagnostic_only	alignment_or_damage	ordinary_tibetan_lexical_or_compound:1	damage:1;marker:0	independent_multi_context_canonical	ལྗགས་སེ་ལྗགས་ 7495 se ljags (zw.).
སེ	onom	se	canonical_independent_strong	1	REPLACE onom→se	diagnostic_only	one_signature_missing	ordinary_tibetan_lexical_or_compound:1	damage:0;marker:0	independent_multi_context_canonical	བྲེངས་སེ་བྲེང་ brenssebreṅ onom. rennen,
སེ	sde	se	canonical_independent_strong	1	DEL d	diagnostic_only	one_signature_missing	ordinary_tibetan_lexical_or_compound:1	damage:0;marker:0	independent_multi_context_canonical	བཏགས་པར་སྲ་བདི་སེ་ btags par smra ba’i sde eine
སེ	tal	se	canonical_independent_strong	1	REPLACE tal→se	diagnostic_only	one_signature_missing	ordinary_tibetan_lexical_or_compound:1	damage:0;marker:0	independent_multi_context_canonical	་སེ་ང་ tal se du 1ta’i si tu.
སེ	Ñ	se	canonical_independent_strong	1	REPLACE Ñ→se	diagnostic_only	one_signature_missing	ordinary_tibetan_lexical_or_compound:1	damage:0;marker:0	independent_multi_context_canonical	བབས་སེ་ gN Ñ} babs sme dem laufenden Jahr für eine
སེང	bo	seṅ	canonical_independent_strong	0	REPLACE bo→seṅ	diagnostic_only	domain_risk	unclear:1	damage:0;marker:0	independent_multi_context_canonical	AN ང་སེང་པོ་ skya bo sen sen po \skya sen sen
སེང	ser	seṅ	canonical_independent_strong	2	SUB r→ṅ	candidate_review	one_signature_missing	ordinary_tibetan_lexical_or_compound:2	damage:0;marker:0	independent_multi_context_canonical	སྟབས་སེང་ stabs ser auch stab ser ein Heil- || མཐུ་ཆེན་སེང་གེའི་ང་རོ་ mthu chen ser ge’ na ro
སེལ	s	sel	canonical_independent_strong	1	INS el	diagnostic_only	domain_risk	tibetan_proper_name:1	damage:0;marker:0	independent_multi_context_canonical	ཇོ་ཉོ།སེལ་སིལ་ jo mo sıl sil npr. ein Berg ım
སེལ	silma	sel	canonical_independent_strong	1	SUB i→e;DEL ma	diagnostic_only;diagnostic_only	multiple_signatures_missing	ordinary_tibetan_lexical_or_compound:1	damage:0;marker:0	independent_multi_context_canonical	ང་སེལ་མ་ ja silma Teekrümel.
སོ	als	so	canonical_independent_strong	1	DEL al;INS o	diagnostic_only;diagnostic_only	multiple_signatures_missing	ordinary_tibetan_lexical_or_compound:1	damage:0;marker:0	independent_multi_context_canonical	བྱོན་པ་ལེགས་སོ་ byon palegs so als Gruß: Will-
སྐད	Sprache	skad	canonical_independent_strong	0	REPLACE Spr→sk;REPLACE che→d	diagnostic_only;diagnostic_only	alignment_or_damage	ordinary_tibetan_lexical_or_compound:1	damage:1;marker:0	independent_multi_context_canonical	སྒྲ་སྐད་ 9༡༩ skad Sprache, Wort, Laut.
སྐད	gar	skad	canonical_independent_strong	0	REPLACE g→sk;SUB r→d	diagnostic_only;diagnostic_only	alignment_or_damage	ordinary_tibetan_lexical_or_compound:1	damage:1;marker:0	independent_multi_context_canonical	རྒྱ་སྐད་ ༡9“ skad 1⁄797/% gar skad.
སྐད	mit	skad	canonical_independent_strong	0	REPLACE mit→skad	diagnostic_only	alignment_or_damage	ordinary_tibetan_lexical_or_compound:1	damage:1;marker:0	independent_multi_context_canonical	ཇ་སྐད་ 77 skad mit einem Verb des Sprechens;
སྐད	skrad	skad	canonical_independent_strong	1	DEL r	candidate_review	one_signature_missing	ordinary_tibetan_lexical_or_compound:1	damage:0;marker:0	independent_multi_context_canonical	ཀཾ་སྐད་ ko skrad tko krad. ko mog gi ×.
སྐད	skud	skad	canonical_independent_strong	1	SUB u→a	candidate_review	one_signature_missing	ordinary_tibetan_lexical_or_compound:1	damage:0;marker:0	independent_multi_context_canonical	དངུལ་སྐད་ drul skud
སྐལ	skalbzan	skal	canonical_independent_strong	1	DEL bzan	diagnostic_only	one_signature_missing	ordinary_tibetan_lexical_or_compound:1	damage:0;marker:0	independent_multi_context_canonical	སྐལ་བཟང་མ་ skalbzan ma glücklich; vgl. Tskal ba
སྐས	Leiter	skas	canonical_independent_strong	1	REPLACE Leiter→skas	diagnostic_only	one_signature_missing	ordinary_tibetan_lexical_or_compound:1	damage:0;marker:0	independent_multi_context_canonical	དབུའ་སྐས་ dbu'skas Leiter.
སྐས	Strickleiter	skas	canonical_independent_strong	1	REPLACE Stric→s;REPLACE leiter→as	diagnostic_only;diagnostic_only	multiple_signatures_missing	ordinary_tibetan_lexical_or_compound:1	damage:0;marker:0	independent_multi_context_canonical	སྤ་ཐག་གི་སྐས་ spa thaggi skas Strickleiter.
སྐས	skos	skas	canonical_independent_strong	1	SUB o→a	candidate_review	one_signature_missing	ordinary_tibetan_lexical_or_compound:1	damage:0;marker:0	independent_multi_context_canonical	སྐས་ skos imp. od. Nebenform zu !sko beauftra-
སྐུ	Ru	sku	canonical_independent_strong	1	REPLACE R→sk	diagnostic_only	one_signature_missing	ordinary_tibetan_lexical_or_compound:1	damage:0;marker:0	independent_multi_context_canonical	སྐུ་ཞབས་ Ru Zabs
སྐུ	sh	sku	canonical_independent_strong	1	REPLACE h→ku	diagnostic_only	one_signature_missing	ordinary_tibetan_lexical_or_compound:1	damage:0;marker:0	independent_multi_context_canonical	སྐུ་གདུང་ sh gun.
སྐོར	Nahestehende	skor	canonical_independent_strong	0	DEL Nahe;REPLACE tehende→kor	diagnostic_only;diagnostic_only	domain_risk	unclear:1	damage:1;marker:0	independent_multi_context_canonical	ཉེ་སྐོར་ 7༩ skyor „Nahestehende unter-
སྐོར	Te	skor	canonical_independent_strong	0	REPLACE Te→skor	diagnostic_only	alignment_or_damage	ordinary_tibetan_lexical_or_compound:1	damage:1;marker:1	independent_multi_context_canonical	སྣེ་སྐོར་ 5$/76 skor Te skor.
སྐོར	inhaltlicher	skor	canonical_independent_strong	0	REPLACE inhaltliche→sko	diagnostic_only	alignment_or_damage	ordinary_tibetan_lexical_or_compound:1	damage:1;marker:0	independent_multi_context_canonical	དོན་སྐོར་ don 5507 inhaltlicher Abschnitt.
སྐོར	seyor	skor	canonical_independent_strong	1	REPLACE ey→k	diagnostic_only	one_signature_missing	ordinary_tibetan_lexical_or_compound:1	damage:0;marker:0	independent_multi_context_canonical	སྐོར་ 'seyor pf. bzw. fut. Ibskyar wiederholen,
སྐྱིད	sdug	skyid	canonical_independent_strong	0	INS kyi;DEL ug	diagnostic_only;diagnostic_only	alignment_or_damage	ordinary_tibetan_lexical_or_compound:1	damage:1;marker:0	independent_multi_context_canonical	སྐྱིད་སྡུག་ $/75)/77 sdug Glück und Leid, Schicksal,
སྐྱིད	skyed	skyid	canonical_independent_strong	1	SUB e→i	diagnostic_only	one_signature_missing	ordinary_tibetan_lexical_or_compound:1	damage:0;marker:0	independent_multi_context_canonical	སྐྱིད་པ་པོ་ skyed pa po.
སྐྱིལ	pf	skyil	canonical_independent_strong	0	REPLACE pf→skyil	diagnostic_only	alignment_or_damage	ordinary_tibetan_lexical_or_compound:1	damage:1;marker:0	independent_multi_context_canonical	སྐྱིལ་ 557/7/ pf. 1/:652//.
སྐྱེད	halten	skyed	canonical_independent_strong	0	REPLACE halt→sky;SUB n→d	diagnostic_only;diagnostic_only	domain_risk	unclear:1	damage:1;marker:0	independent_multi_context_canonical	གཉེར་སྐྱེད་ 0770) skyed halten, sich kümmern
སྐྱེད	mme	skyed	canonical_independent_strong	1	REPLACE mm→sky;INS d	diagnostic_only;diagnostic_only	multiple_signatures_missing	ordinary_tibetan_lexical_or_compound:1	damage:0;marker:0	independent_multi_context_canonical	སྐྱེད་ mme bskyed Bez. für denMonu
སྐྱེད	sgyed	skyed	canonical_independent_strong	1	SUB g→k	diagnostic_only	one_signature_missing	ordinary_tibetan_lexical_or_compound:1	damage:0;marker:0	independent_multi_context_canonical	སྐྱེད་པོ་ sgyed po Herdstein; sgyed thab dass.;
སྐྱེར	skyor	skyer	canonical_independent_strong	1	SUB o→e	diagnostic_only	one_signature_missing	ordinary_tibetan_lexical_or_compound:1	damage:0;marker:0	independent_multi_context_canonical	"སྐྱེར་ ""skyor pf. Ibskyor."
སྐྱེས	Beiname	skyes	canonical_independent_strong	1	REPLACE B→sky;REPLACE iname→s	diagnostic_only;diagnostic_only	multiple_signatures_missing	ordinary_tibetan_lexical_or_compound:1	damage:0;marker:0	independent_multi_context_canonical	དབྱུག་རྩེ་སྐྱེས་ dbyugrtse skyes Beiname Visnus.
སྐྱེས	Morgend	skyes	canonical_independent_strong	0	REPLACE Morg→sky;REPLACE nd→s	diagnostic_only;diagnostic_only	alignment_or_damage	ordinary_tibetan_lexical_or_compound:1	damage:1;marker:0	independent_multi_context_canonical	ཀུང་རྔོན་སྐྱེས་ khyun $7?0/7 skyes Morgendämme-
སྐྱེས	R	skyes	canonical_independent_strong	1	REPLACE R→skyes	diagnostic_only	one_signature_missing	ordinary_tibetan_lexical_or_compound:1	damage:0;marker:0	independent_multi_context_canonical	མ།བའ་འགོ་ སྐྱེས་ mkha’ ’gro skyes Räksasa.
སྐྱེས	bu	skyes	canonical_independent_strong	0	REPLACE bu→skyes	diagnostic_only	domain_risk	unclear:1	damage:1;marker:0	independent_multi_context_canonical	མཆོད་སྦྱིན་སྐྱེས་བུ་ /77070/7 sbyin skyes bu Beiname
སྐྱེས	is	skyes	canonical_independent_strong	1	DEL i;INS kyes	candidate_review;diagnostic_only	domain_risk	ordinary_tibetan_lexical_or_compound:1;unclear:1	damage:1;marker:0	independent_multi_context_canonical	གཉིས་སྐྱེས་ güis skyes. || གཉིས་སྐྱེས་ས་བོན་ gäis $/97/05 sa bon Bez. für Ei.
སྐྱེས	mi	skyes	canonical_independent_strong	0	REPLACE mi→skyes	diagnostic_only	domain_risk	unclear:1	damage:0;marker:0	independent_multi_context_canonical	aa སྐྱེས mi sbyin skyes.
སྐྱེས	nu	skyes	canonical_independent_strong	1	REPLACE nu→skyes	diagnostic_only	one_signature_missing	ordinary_tibetan_lexical_or_compound:1	damage:0;marker:0	independent_multi_context_canonical	སྐྱེས་ nu skyes Bez. für Milch.
སྐྱེས	ru	skyes	canonical_independent_strong	1	REPLACE ru→skyes	diagnostic_only	domain_risk	tibetan_proper_name:1	damage:0;marker:0	independent_multi_context_canonical	ྨརུ་སྐྱེས་ rme ru skyes npr. cin Metzger.
སྐྱེས	shyes	skyes	canonical_independent_strong	1	SUB h→k	diagnostic_only	one_signature_missing	ordinary_tibetan_lexical_or_compound:1	damage:0;marker:0	independent_multi_context_canonical	གངས་སྐྱེས་ཐང་ཛྲོམ་ gans shyes thaṅ phrom „im
སྐྱེས	skeyes	skyes	canonical_independent_strong	1	DEL e	diagnostic_only	one_signature_missing	ordinary_tibetan_lexical_or_compound:1	damage:0;marker:0	independent_multi_context_canonical	པག་རྩ་ ་སྐྱེས་པ་ pag rtsa skeyes pa
སྐྱེས	spoh	skyes	canonical_independent_strong	0	REPLACE poh→kyes	diagnostic_only	domain_risk	unclear:1	damage:0;marker:0	independent_multi_context_canonical	& “་སྤོང་སྐྱེས་ nan spoh skyes Bez. für dürväa-
སྐྱོགས	bya	skyogs	canonical_independent_strong	1	REPLACE b→sk;REPLACE a→ogs	diagnostic_only;diagnostic_only	multiple_signatures_missing	ordinary_tibetan_lexical_or_compound:1	damage:0;marker:0	independent_multi_context_canonical	་སྐྱོགས་ bya skyogs Schöpfkelle.
སྐྱོགས	sgyogs	skyogs	canonical_independent_strong	1	SUB g→k	diagnostic_only	one_signature_missing	ordinary_tibetan_lexical_or_compound:1	damage:0;marker:0	independent_multi_context_canonical	ཁྲི་སྐྱོགས་ khri sgyogs Kanone.
སྐྱོང	skyor	skyoṅ	canonical_independent_strong	1	SUB r→ṅ	candidate_review	domain_risk	tibetan_proper_name:1	damage:0;marker:0	independent_multi_context_canonical	དཀའ་གྲོས་སྐྱོང་ dka’ gros skyor npr. ein Minister
སྐྱོད	genie	skyod	canonical_independent_strong	0	SUB g→s;SUB e→k;SUB n→y;SUB i→o;SUB e→d	diagnostic_only;diagnostic_only;diagnostic_only;diagnostic_only;diagnostic_only	domain_risk	unclear:1	damage:1;marker:0	independent_multi_context_canonical	ཉེ་བར་ཁོངས་སྐྱོད་ 770 bar lons spyod genießen,
སྐྱོད	spyod	skyod	canonical_independent_strong	1	SUB p→k	diagnostic_only	one_signature_missing	ordinary_tibetan_lexical_or_compound:1	damage:0;marker:0	independent_multi_context_canonical	མཐོང་བའི་སྐྱོད་ཡུལ་ mthoṅ ba’i spyod yul
སྐྱོབ	ma	skyob	canonical_independent_strong	1	REPLACE ma→skyob	diagnostic_only	one_signature_missing	ordinary_tibetan_lexical_or_compound:1	damage:0;marker:0	independent_multi_context_canonical	འཕོངས་སྐྱོབ་མ་ phonsskyob ma Beiname Tāras
སྐྲ	skru	skra	canonical_independent_strong	1	SUB u→a	candidate_review	one_signature_missing	ordinary_tibetan_lexical_or_compound:1	damage:0;marker:0	independent_multi_context_canonical	སྐྲ་ skru pf. \bskrus fut. \bskru imp. Iskrus.
སྐྲག	Furcht	skrag	canonical_independent_strong	0	SUB F→s;SUB u→k;REPLACE cht→ag	diagnostic_only;diagnostic_only;diagnostic_only	domain_risk	unclear:1	damage:1;marker:0	independent_multi_context_canonical	འཇིགས་སྐྲག་ 7/95 serag Furcht, Angst.
སྐྲག	sbag	skrag	canonical_independent_strong	1	REPLACE b→kr	diagnostic_only	one_signature_missing	ordinary_tibetan_lexical_or_compound:1	damage:0;marker:0	independent_multi_context_canonical	ཇ་སྐྲག་ ja sbag Teeziegel.
སྐྲག	sbug	skrag	canonical_independent_strong	1	REPLACE bu→kra	diagnostic_only	one_signature_missing	ordinary_tibetan_lexical_or_compound:1	damage:0;marker:0	independent_multi_context_canonical	ཀླུ་སྐྲག་ཆུ་ཤུལ་ klu sbug chu Sul
སྐྲག	skrog	skrag	canonical_independent_strong	1	SUB o→a	candidate_review	one_signature_missing	ordinary_tibetan_lexical_or_compound:1	damage:0;marker:0	independent_multi_context_canonical	སྐྲག་ skrog.
སྒམ	sgum	sgam	canonical_independent_strong	1	SUB u→a	candidate_review	one_signature_missing	ordinary_tibetan_lexical_or_compound:1	damage:0;marker:0	independent_multi_context_canonical	"སྒམ་འབྱུ་ sgum ""hu pf. Isgum ’thus aufpicken,"
སྒོམ	sgrom	sgom	canonical_independent_strong	1	DEL r	candidate_review	one_signature_missing	ordinary_tibetan_lexical_or_compound:1	damage:0;marker:0	independent_multi_context_canonical	སྒོམ་བུ་ sgrom bu Kästchen, Behälter.
སྒོས	nachdr	sgos	canonical_independent_strong	0	REPLACE nachdr→sgos	diagnostic_only	alignment_or_damage	ordinary_tibetan_lexical_or_compound:1	damage:1;marker:0	independent_multi_context_canonical	ད་སྒོས་ 'da 6904 nachdrücklich, ausdrücklich.
སྒོས	von	sgos	canonical_independent_strong	0	REPLACE v→sg;SUB n→s	diagnostic_only;diagnostic_only	alignment_or_damage	ordinary_tibetan_lexical_or_compound:1	damage:1;marker:0	independent_multi_context_canonical	ད་སྒོས་ 74 sgos von nun an, nun.
སྒྱུར	sgynr	sgyur	canonical_independent_strong	1	SUB n→u	diagnostic_only	one_signature_missing	ordinary_tibetan_lexical_or_compound:1	damage:0;marker:0	independent_multi_context_canonical	སྒྱུར་ ’sgynr (zw.) Speise.
སྒྱུར	skyur	sgyur	canonical_independent_strong	1	SUB k→g	diagnostic_only	one_signature_missing	ordinary_tibetan_lexical_or_compound:1	damage:0;marker:0	independent_multi_context_canonical	སྒྱུར་མོ་ skyur mo † $/57///7ˆ po.
སྒྲ	Donner	sgra	canonical_independent_strong	0	REPLACE Donne→sg;INS a	diagnostic_only;diagnostic_only	domain_risk	unclear:1	damage:1;marker:0	independent_multi_context_canonical	ཐོག་སྒྲ་ 7709 sgra Donner, Krachen des Blitzes.
སྒྲ	a	sgra	canonical_independent_strong	1	INS sgr	diagnostic_only	one_signature_missing	ordinary_tibetan_lexical_or_compound:1	damage:0;marker:0	independent_multi_context_canonical	སྒྲ་སྐྱེད་ཀློག་དང་ ཡའ a skyed glog dun Lautspre-
སྒྲ	go	sgra	canonical_independent_strong	1	INS s;REPLACE o→ra	diagnostic_only;diagnostic_only	multiple_signatures_missing	ordinary_tibetan_lexical_or_compound:1	damage:0;marker:0	independent_multi_context_canonical	སྒྲ་ཡག་ go yig Türschild.
སྒྲ	skad	sgra	canonical_independent_strong	0	REPLACE k→gr;DEL d	diagnostic_only;diagnostic_only	alignment_or_damage	ordinary_tibetan_lexical_or_compound:1	damage:1;marker:0	independent_multi_context_canonical	སྒྲ་སྐད་ 9༡༩ skad Sprache, Wort, Laut.
སྒྲ	zlar	sgra	canonical_independent_strong	0	REPLACE zl→sgr;DEL r	diagnostic_only;candidate_review	domain_risk	unclear:1	damage:0;marker:0	independent_multi_context_canonical	”ཟླུར་སྒྲ་གཉན་འཇུག་ཚུལ་ N zlar sgra gcan ug
སྒྲིབ	Verfehlung	sgrib	canonical_independent_strong	1	SUB V→s;SUB e→g;REPLACE fehlung→ib	diagnostic_only;diagnostic_only;diagnostic_only	multiple_signatures_missing	ordinary_tibetan_lexical_or_compound:1	damage:0;marker:0	independent_multi_context_canonical	སྡིག་སྒྲིབ་ ssdig Verfehlung und Be-
སྒྲིབ	can	sgrib	canonical_independent_strong	1	REPLACE can→sgrib	diagnostic_only	one_signature_missing	ordinary_tibetan_lexical_or_compound:1	damage:0;marker:0	independent_multi_context_canonical	མ།ཁའ་སྒྲིབ་ཅན་ mkha’ sgrib can Beiname des
སྒྲིལ	tshon	sgril	canonical_independent_strong	0	DEL t;REPLACE hon→gril	diagnostic_only;diagnostic_only	alignment_or_damage	ordinary_tibetan_lexical_or_compound:1	damage:1;marker:0	independent_multi_context_canonical	སྒྲིལ་ཉོ་སྒྲིལ་ཚོང་ sgril 770 sgril tshon Tauschhan-
སྒྲོ	Feder	sgro	canonical_independent_strong	0	REPLACE Fede→sg;INS o	diagnostic_only;diagnostic_only	alignment_or_damage	ordinary_tibetan_lexical_or_compound:1	damage:1;marker:0	independent_multi_context_canonical	སྒྲོ 1$97-0 Feder, Gefieder.
སྒྲོ	skt	sgro	canonical_independent_strong	1	REPLACE kt→gro	diagnostic_only	domain_risk	sanskrit_or_indic_transcription:1	damage:0;marker:0	independent_multi_context_canonical	N ཚིག་སྒྲོ Gottheit, skt. Samayatärä; sie
སྒྲོག	Federb	sgrog	canonical_independent_strong	1	REPLACE Fede→sg;REPLACE b→og	diagnostic_only;diagnostic_only	multiple_signatures_missing	ordinary_tibetan_lexical_or_compound:1	damage:0;marker:0	independent_multi_context_canonical	ག་སྒྲོག་ smyugsgrog Federbüchse.
སྒྲོག	rus	sgrog	canonical_independent_strong	1	INS sg;SUB u→o;SUB s→g	diagnostic_only;diagnostic_only;diagnostic_only	multiple_signatures_missing	ordinary_tibetan_lexical_or_compound:1	damage:0;marker:0	independent_multi_context_canonical	སྒྲོག་རུས་ ཤཿ rus Brustknochen, Schlüssel-
སྒྲོག	sgr	sgrog	canonical_independent_strong	0	INS og	diagnostic_only	alignment_or_damage	ordinary_tibetan_lexical_or_compound:1	damage:1;marker:0	independent_multi_context_canonical	སྒྲོག་ ?sgr08.
སྟག	Itag	stag	canonical_independent_strong	0	SUB I→s	diagnostic_only	alignment_or_damage	ordinary_tibetan_lexical_or_compound:1	damage:1;marker:1	independent_multi_context_canonical	སྟག་སྒོ་ Itag 490 Hintertür.
སྟག	Mag	stag	canonical_independent_strong	1	REPLACE M→st	diagnostic_only	one_signature_missing	ordinary_tibetan_lexical_or_compound:1	damage:0;marker:0	independent_multi_context_canonical	སྟག་པ་ཆག་པ་ Mag pa chag pa
སྟག	STAAT	stag	canonical_independent_strong	1	REPLACE STAAT→stag	diagnostic_only	one_signature_missing	ordinary_tibetan_lexical_or_compound:1	damage:0;marker:0	independent_multi_context_canonical	"སྟག་མགོ་ STAAT stag mgo me ""bar"
སྟག	a	stag	canonical_independent_strong	1	INS st;INS g	diagnostic_only;diagnostic_only	multiple_signatures_missing	ordinary_tibetan_lexical_or_compound:1	damage:0;marker:0	independent_multi_context_canonical	གཉའ་སྟག་ güa’ //79 Genick, Höheres.
སྟག	lo	stag	canonical_independent_strong	0	REPLACE lo→stag	diagnostic_only	domain_risk	unclear:1	damage:1;marker:0	independent_multi_context_canonical	སྟག་ལ་ 1579 lo Tstag 2.
སྟག	ltag	stag	canonical_independent_strong	1	SUB l→s	diagnostic_only	one_signature_missing	ordinary_tibetan_lexical_or_compound:1	damage:0;marker:0	independent_multi_context_canonical	སྟག་སྒྱེ་ ltag sgre glatzköpfig.
སྟག	rtse	stag	canonical_independent_strong	0	SUB r→s;SUB s→a;SUB e→g	diagnostic_only;diagnostic_only;diagnostic_only	alignment_or_damage	ordinary_tibetan_lexical_or_compound:1	damage:1;marker:0	independent_multi_context_canonical	འཕྱིང་པ་སྟག་རྩེ་ pa stag rtse ° [/)/77/7/? ba.
སྟག	stagrtse	stag	canonical_independent_strong	1	DEL rtse	diagnostic_only	one_signature_missing	ordinary_tibetan_lexical_or_compound:1	damage:0;marker:0	independent_multi_context_canonical	འཕྱིང་ང་སྟག་རྩེ་ ''phyiṅ na stagrtse ba.
སྟག	zweitj	stag	canonical_independent_strong	0	REPLACE zwei→s;REPLACE j→ag	diagnostic_only;diagnostic_only	alignment_or_damage	ordinary_tibetan_lexical_or_compound:1	damage:1;marker:0	independent_multi_context_canonical	ཆུང་སྟག་ chuṅ /¡7£ zweitjüngster.
སྟད	Itad	stod	canonical_independent_strong	0	SUB I→s;SUB a→o	diagnostic_only;diagnostic_only	alignment_or_damage	ordinary_tibetan_lexical_or_compound:1	damage:0;marker:1	independent_multi_context_canonical	སྟད་སྦྱོར་ Itad sbyor Bez. für den Monat tha སྟབ་ Itab auch Iteb, pf. !bltab bzw. bltabs fur.
སྟད	stad	stod	canonical_independent_strong	1	SUB a→o	diagnostic_only	one_signature_missing	ordinary_tibetan_lexical_or_compound:1	damage:0;marker:0	independent_multi_context_canonical	སྟད་ stad 1670.
སྟབས	Pose	stabs	canonical_independent_strong	0	DEL Po;REPLACE e→tabs	diagnostic_only;diagnostic_only	domain_risk	unclear:1	damage:1;marker:0	independent_multi_context_canonical	ཉམས་སྟབས་ /70775 stabs Pose, Körperhaltung.
སྟབས	snabs	stabs	canonical_independent_strong	1	SUB n→t	diagnostic_only	one_signature_missing	ordinary_tibetan_lexical_or_compound:1	damage:0;marker:0	independent_multi_context_canonical	བེེའུ་སྟབས་ be'u snabs Tbe snabs.
སྟབས	stobs	stabs	canonical_independent_strong	1	SUB o→a	candidate_review	one_signature_missing	ordinary_tibetan_lexical_or_compound:1	damage:0;marker:0	independent_multi_context_canonical	རྒྱ་སྟབས་ rgya stobs eine hohe Zahl.
སྟེགས	Feuerpfan	stegs	canonical_independent_strong	1	REPLACE F→st;REPLACE uerpfan→gs	diagnostic_only;diagnostic_only	multiple_signatures_missing	ordinary_tibetan_lexical_or_compound:1	damage:0;marker:0	independent_multi_context_canonical	མེ་ཡི་སྟེགས་ meyistegs Veuergefäß, Feuerpfan-
སྟེགས	f	stegs	canonical_independent_strong	0	REPLACE f→stegs	diagnostic_only	domain_risk	unclear:1	damage:1;marker:0	independent_multi_context_canonical	སྟོང་སྟེགས་ stoṅ $77005 für nichts und wieder
སྟེགས	steps	stegs	canonical_independent_strong	1	SUB p→g	diagnostic_only	one_signature_missing	ordinary_tibetan_lexical_or_compound:1	damage:0;marker:0	independent_multi_context_canonical	སྟེགས་ steps.
སྟེང	Dach	steṅ	canonical_independent_strong	1	SUB D→s;SUB a→t;SUB c→e;SUB h→ṅ	diagnostic_only;diagnostic_only;diagnostic_only;authorized_role_conditioned	multiple_signatures_missing	ordinary_tibetan_lexical_or_compound:1	damage:0;marker:0	independent_multi_context_canonical	པུ་ཤུ་སྟེང་ ༼ sten Giebel, Dach eines Pala-
སྟེང	du	steṅ	canonical_independent_strong	0	REPLACE du→steṅ	diagnostic_only	alignment_or_damage	ordinary_tibetan_lexical_or_compound:1	damage:1;marker:0	independent_multi_context_canonical	དེའི་སྟེང་དུ་ de’i 5/©7 du 17༦ sten.
སྟེང	stoṅ	steṅ	canonical_independent_strong	1	SUB o→e	diagnostic_only	one_signature_missing	ordinary_tibetan_lexical_or_compound:1	damage:0;marker:0	independent_multi_context_canonical	བུལ་ཕོ་ལག་སྟེང་ dbul po lag stoṅ \dbul lag.
སྟེར	stor	ster	canonical_independent_strong	1	SUB o→e	diagnostic_only	one_signature_missing	ordinary_tibetan_lexical_or_compound:1	damage:0;marker:0	independent_multi_context_canonical	"སྟེར་ ""stor"
སྟོང	Hohlraum	stoṅ	canonical_independent_strong	1	REPLACE H→st;REPLACE hlraum→ṅ	diagnostic_only;diagnostic_only	multiple_signatures_missing	ordinary_tibetan_lexical_or_compound:1	damage:0;marker:0	independent_multi_context_canonical	སྦྲུབས་སྟོང་ ssbubs Hohlraum, Höhlung;
སྟོང	N	stoṅ	canonical_independent_strong	1	REPLACE N→stoṅ	diagnostic_only	one_signature_missing	ordinary_tibetan_lexical_or_compound:1	damage:0;marker:0	independent_multi_context_canonical	དཀར་མ་རྩག་སྟོང་ dkar marrtsag ston N. einer Burg.
སྟོང	abgelegene	stoṅ	canonical_independent_strong	1	REPLACE abgelegene→stoṅ	diagnostic_only	one_signature_missing	ordinary_tibetan_lexical_or_compound:1	damage:0;marker:0	independent_multi_context_canonical	འབྲོག་སྟོང་ ''brog abgelegene Gegend,
སྟོང	le	stoṅ	canonical_independent_strong	1	REPLACE le→stoṅ	diagnostic_only	domain_risk	tibetan_proper_name:1	damage:0;marker:0	independent_multi_context_canonical	ུལེ་སྟོང་ལྡན་ཧད་ mu le ston ldan had npr. ein
སྟོང	po	stoṅ	canonical_independent_strong	0	REPLACE p→st;INS ṅ	diagnostic_only;diagnostic_only	domain_risk	unclear:1	damage:1;marker:0	independent_multi_context_canonical	སྟོང་པོ་ $70/7 po T'ston.
སྟོང	stod	stoṅ	canonical_independent_strong	1	SUB d→ṅ	diagnostic_only	one_signature_missing	ordinary_tibetan_lexical_or_compound:1	damage:0;marker:0	independent_multi_context_canonical	སྟོང་ལི་ stod li ein Heilmittel, Bergenia pur-
སྟོང	stor	stoṅ	canonical_independent_strong	1	SUB r→ṅ	candidate_review	one_signature_missing	ordinary_tibetan_lexical_or_compound:1	damage:0;marker:0	independent_multi_context_canonical	སྟོང་སྡེ་ stor sde
སྟོད	sbra	stod	canonical_independent_strong	1	SUB b→t;SUB r→o;SUB a→d	diagnostic_only;diagnostic_only;diagnostic_only	domain_risk	tibetan_proper_name:1	damage:0;marker:0	independent_multi_context_canonical	སྟོད་ཚལ་ sbra stod tshal npr. eine königliche
སྟོན	pf	ston	canonical_independent_strong	0	REPLACE pf→ston	diagnostic_only	domain_risk	unclear:1	damage:1;marker:0	independent_multi_context_canonical	རྗེས་སུ་སྟོན་ ༡705 su ston pf. Irjes su bstan
སྟོན	son	ston	canonical_independent_strong	1	INS t	diagnostic_only	one_signature_missing	ordinary_tibetan_lexical_or_compound:1	damage:0;marker:0	independent_multi_context_canonical	དགའ་སྟོན་མ་ dga’ son ma
སྟོན	zweifel	ston	canonical_independent_strong	0	REPLACE zweifel→ston	diagnostic_only	alignment_or_damage	ordinary_tibetan_lexical_or_compound:1	damage:1;marker:0	independent_multi_context_canonical	ཀུན་ཁྱབ་བཞིན་སྟོན་ kun klyab [2772 ston (zweifel-
སྡིག	khyu	sdig	canonical_independent_strong	0	SUB k→s;SUB h→d;SUB y→i;SUB u→g	diagnostic_only;diagnostic_only;diagnostic_only;diagnostic_only	domain_risk	unclear:1	damage:0;marker:0	independent_multi_context_canonical	FAST སྡིག་ཅན་མ་ khyu mchog sdig can ma
སྡིག	ssdig	sdig	canonical_independent_strong	1	DEL s	diagnostic_only	one_signature_missing	ordinary_tibetan_lexical_or_compound:1	damage:0;marker:0	independent_multi_context_canonical	སྡིག་སྒྲིབ་ ssdig Verfehlung und Be-
སྡུག	Freund	sdug	canonical_independent_strong	0	REPLACE Fre→sd;REPLACE nd→g	diagnostic_only;diagnostic_only	alignment_or_damage	ordinary_tibetan_lexical_or_compound:1	damage:1;marker:0	independent_multi_context_canonical	སྙང་སྡུག 577/77 sdug Freund.
སྡུག	Gl	sdug	canonical_independent_strong	0	REPLACE Gl→sdug	diagnostic_only	alignment_or_damage	ordinary_tibetan_lexical_or_compound:1	damage:1;marker:0	independent_multi_context_canonical	སྐྱིད་སྡུག་ $/75)/77 sdug Glück und Leid, Schicksal,
སྡུག	pa	sdug	canonical_independent_strong	1	REPLACE pa→sdug	diagnostic_only	one_signature_missing	ordinary_tibetan_lexical_or_compound:1	damage:0;marker:0	independent_multi_context_canonical	མིག་སྡུག་པ་ migsdug pa Tmig gdug pa.
སྡུག	sdugnad	sdug	canonical_independent_strong	1	DEL nad	diagnostic_only	one_signature_missing	ordinary_tibetan_lexical_or_compound:1	damage:0;marker:0	independent_multi_context_canonical	སྡུག་ནད་ sdugnad Leiden, Qual.
སྡུག	urgpa	sdug	canonical_independent_strong	1	INS sd;DEL r;DEL pa	diagnostic_only;candidate_review;diagnostic_only	multiple_signatures_missing	ordinary_tibetan_lexical_or_compound:1	damage:0;marker:0	independent_multi_context_canonical	"སྡུག་པ urgpa Tscng tötet wurde?"" (K6 da 17b7)."
སྡུད	dpon	sdud	canonical_independent_strong	1	INS s;REPLACE pon→ud	diagnostic_only;diagnostic_only	multiple_signatures_missing	ordinary_tibetan_lexical_or_compound:1	damage:0;marker:0	independent_multi_context_canonical	སྡུད་དཔོན་ dpon Anführer einer Heeres-
སྡེ	ssde	sde	canonical_independent_strong	1	DEL s	diagnostic_only	one_signature_missing	ordinary_tibetan_lexical_or_compound:1	damage:0;marker:0	independent_multi_context_canonical	སྡེ་གཞོན་མ་ ssde ma Beiname der Göttin
སྡེ	ta	sde	canonical_independent_strong	1	REPLACE ta→sde	diagnostic_only	one_signature_missing	ordinary_tibetan_lexical_or_compound:1	damage:0;marker:0	independent_multi_context_canonical	་སྡེ་ ta sde die Reihe der Dentale 1111 Alpha.
སྡེར	ap	sder	canonical_independent_strong	1	REPLACE ap→sder	diagnostic_only	one_signature_missing	ordinary_tibetan_lexical_or_compound:1	damage:0;marker:0	independent_multi_context_canonical	སྡེར་ཆ ap 'sder chags Bez. für Raubtier, an die Mönche, ohne Proviant anzubieten, je
སྡེར	sen	sder	canonical_independent_strong	1	INS d;SUB n→r	diagnostic_only;diagnostic_only	domain_risk	tibetan_proper_name:1	damage:0;marker:0	independent_multi_context_canonical	བདད་རམགྲོན་སྡེར་གདོང་ bdud mgon sen gdoṅ npr.
སྣང	Gl	snaṅ	canonical_independent_strong	1	REPLACE Gl→snaṅ	diagnostic_only	one_signature_missing	ordinary_tibetan_lexical_or_compound:1	damage:0;marker:0	independent_multi_context_canonical	མ།བའ་སྣང་ mkha’ snarn Glühwürmchen.
སྣང	bar	snaṅ	canonical_independent_strong	1	REPLACE b→sn;SUB r→ṅ	diagnostic_only;candidate_review	multiple_signatures_missing	ordinary_tibetan_lexical_or_compound:1	damage:0;marker:0	independent_multi_context_canonical	འགྱུར་བར་སྣང་ mi 'gyur bar snaṅ ° [??// 'yur
སྣང	g.yel	snaṅ	canonical_independent_strong	1	REPLACE g.yel→snaṅ	diagnostic_only	one_signature_missing	ordinary_tibetan_lexical_or_compound:1	damage:0;marker:0	independent_multi_context_canonical	སྣང་གཡེལ་ཅན་ g.yel can übermütig, aus-
སྣང	mtho	snaṅ	canonical_independent_strong	0	SUB m→s;SUB t→n;SUB h→a;SUB o→ṅ	diagnostic_only;diagnostic_only;diagnostic_only;diagnostic_only	domain_risk	unclear:1	damage:0;marker:0	independent_multi_context_canonical	EIERN ་སྣང་བྱེད་ mtho ris snaṅ byed
སྣང	sna	snaṅ	canonical_independent_strong	1	INS ṅ	diagnostic_only	one_signature_missing	ordinary_tibetan_lexical_or_compound:1	damage:0;marker:0	independent_multi_context_canonical	སྣང་མ་པ་ sna mapa ↑ naṅ ma,
སྣང	snani	snaṅ	canonical_independent_strong	3	REPLACE ni→ṅ	candidate_review	one_signature_missing	ordinary_tibetan_lexical_or_compound:3	damage:0;marker:0	independent_multi_context_canonical	མདོ་སྣང་ mdo snani || རྣམ་པར་སྣང་བར་་ rnam par snani bar || རྣམ་པར་སྣང་བྱེད་ rnam par snani byed
སྣང	snar	snaṅ	canonical_independent_strong	1	SUB r→ṅ	candidate_review	one_signature_missing	ordinary_tibetan_lexical_or_compound:1	damage:0;marker:0	independent_multi_context_canonical	སྣང་གཤིན་པ་ snar gsin pa angenehm, schön.
སྣང	snari	snaṅ	canonical_independent_strong	1	REPLACE ri→ṅ	diagnostic_only	one_signature_missing	ordinary_tibetan_lexical_or_compound:1	damage:0;marker:0	independent_multi_context_canonical	སྤོས་དྲི་སྣང་མ་ spos dri snari ma wohlriechend.
སྣང	snaṅi	snaṅ	canonical_independent_strong	1	DEL i	candidate_review	one_signature_missing	ordinary_tibetan_lexical_or_compound:1	damage:0;marker:0	independent_multi_context_canonical	མཐའ་སྣང་ཆེན་པོ་ mtha’ snaṅi chen po eine hohe
སྣོད	Beh	snod	canonical_independent_strong	0	REPLACE Beh→snod	diagnostic_only	alignment_or_damage	ordinary_tibetan_lexical_or_compound:1	damage:1;marker:0	independent_multi_context_canonical	འཇོག་སྣོད་ 709 snod Behälter.
སྤགས	spags	sbags	canonical_independent_strong	1	SUB p→b	diagnostic_only	one_signature_missing	ordinary_tibetan_lexical_or_compound:1	damage:0;marker:0	independent_multi_context_canonical	སྤགས་ 'spags
སྤས	spas	sbas	canonical_independent_strong	1	SUB p→b	diagnostic_only	domain_risk	tibetan_proper_name:1	damage:0;marker:0	independent_multi_context_canonical	སྤས་སེ་ spas se npr. ein Ortsname.
སྤས	spyas	sbas	canonical_independent_strong	1	REPLACE py→b	diagnostic_only	one_signature_missing	ordinary_tibetan_lexical_or_compound:1	damage:0;marker:0	independent_multi_context_canonical	སྤས་པ་ spyas pa
སྤི	gnod	spyi	canonical_independent_strong	0	SUB g→s;SUB n→p;SUB o→y;SUB d→i	diagnostic_only;diagnostic_only;diagnostic_only;diagnostic_only	domain_risk	unclear:1	damage:0;marker:0	independent_multi_context_canonical	& ”ཀྱི་ཀརྲོང་སྤི་ན་ shon gi gnod sbyin Beiname
སྤི	ppbyi	spyi	canonical_independent_strong	1	INS s;DEL pb	diagnostic_only;diagnostic_only	multiple_signatures_missing	ordinary_tibetan_lexical_or_compound:1	damage:0;marker:0	independent_multi_context_canonical	སྤི་རྨོཿ ppbyi mo pbyi myul Bettler, Landstreicher.
སྤི	sbyi	spyi	canonical_independent_strong	1	SUB b→p	diagnostic_only	one_signature_missing	ordinary_tibetan_lexical_or_compound:1	damage:0;marker:0	independent_multi_context_canonical	སྤི་མོ་ sbyi mo Pfeffer.
སྤི	spe	spyi	canonical_independent_strong	1	REPLACE e→yi	diagnostic_only	one_signature_missing	ordinary_tibetan_lexical_or_compound:1	damage:0;marker:0	independent_multi_context_canonical	སྤི་དཀར་ spe dkar Tpe har.
སྤུར	Spur	spur	canonical_independent_strong	1	SUB S→s	diagnostic_only	one_signature_missing	ordinary_tibetan_lexical_or_compound:1	damage:0;marker:0	independent_multi_context_canonical	སྤུར་གཉེར་ Spur gier Leichenversorgen
སྤེལ	ma	spel	canonical_independent_strong	0	REPLACE ma→spel	diagnostic_only	domain_risk	unclear:1	damage:1;marker:0	independent_multi_context_canonical	གཉིས་སྤེལ་མ་ 077/$ spel ma abwechselnd.
སྤྱང	spyani	spyaṅ	canonical_independent_strong	2	REPLACE ni→ṅ	candidate_review	one_signature_missing	ordinary_tibetan_lexical_or_compound:2	damage:0;marker:0	independent_multi_context_canonical	སྤྱང་ཁ་ spyani kha || སྤྱང་ཁ་ spyani kha Wolfsmaul.
སྤྱད	Yen	spyad	canonical_independent_strong	0	REPLACE Yen→spyad	diagnostic_only	domain_risk	unclear:1	damage:1;marker:0	independent_multi_context_canonical	ཀུནཏུ་སྤྱད་ 8༩? pad Yen tusyodpa
སྤྱན	Gottheit	spyan	canonical_independent_strong	0	REPLACE Gottheit→spyan	diagnostic_only	domain_risk	unclear:1	damage:0;marker:0	independent_multi_context_canonical	N སྤྱན Gottheit im Gefolge der bDud-
སྤྱན	kun-legs	spyan	canonical_independent_strong	1	REPLACE ku→spya;DEL -legs	diagnostic_only;diagnostic_only	multiple_signatures_missing	ordinary_tibetan_lexical_or_compound:1	damage:0;marker:0	independent_multi_context_canonical	བྲུག སྤྱན 'Brug-pa kun-legs (1455-1 529).
སྤྱན	rje	spyan	canonical_independent_strong	1	REPLACE rje→spyan	diagnostic_only	domain_risk	tibetan_proper_name:1	damage:0;marker:0	independent_multi_context_canonical	རྡོརྗེ་སྤྱན་གཅིག་མ་ rdo rje spyan geigma npr. eine
སྤྱན	smyan	spyan	canonical_independent_strong	1	SUB m→p	diagnostic_only	one_signature_missing	ordinary_tibetan_lexical_or_compound:1	damage:0;marker:0	independent_multi_context_canonical	སྤྱན་ smyan Ehevermittlung, Ehevereinba-
སྤྱན	spun	spyan	canonical_independent_strong	1	REPLACE u→ya	diagnostic_only	one_signature_missing	ordinary_tibetan_lexical_or_compound:1	damage:0;marker:0	independent_multi_context_canonical	སྤྱན་པ་ spun pa
སྤྱན	sspyan	spyan	canonical_independent_strong	1	DEL s	diagnostic_only	one_signature_missing	ordinary_tibetan_lexical_or_compound:1	damage:0;marker:0	independent_multi_context_canonical	སྤྱན་རྟུལ་ sspyan pf. spyan brtul erw. aus dem
སྤྱན	vyan	spyan	canonical_independent_strong	1	REPLACE v→sp	diagnostic_only	one_signature_missing	ordinary_tibetan_lexical_or_compound:1	damage:0;marker:0	independent_multi_context_canonical	སྤྱན་རིག་རིག་ vyan rig rig Lopyan brig brig:
སྤྱི	byi	spyi	canonical_independent_strong	1	REPLACE b→sp	diagnostic_only	one_signature_missing	ordinary_tibetan_lexical_or_compound:1	damage:0;marker:0	independent_multi_context_canonical	སྤྱི་འུར་ byi 'ur Verfūl Liebhaber, vgl. tspy?
སྤྱི	pyi	spyi	canonical_independent_strong	1	INS s	diagnostic_only	one_signature_missing	ordinary_tibetan_lexical_or_compound:1	damage:0;marker:0	independent_multi_context_canonical	སྤྱི་སྒོས་ pyi sgos allgemein und besonders, öf-
སྤྱི	sbyi	spyi	canonical_independent_strong	1	SUB b→p	diagnostic_only	domain_risk	tibetan_proper_name:1	damage:0;marker:0	independent_multi_context_canonical	སྤྱི་རིང་ཁྲིད་ sbyi riṅ khrid npr. eine Gottheit im
སྤྱི	smye	spyi	canonical_independent_strong	1	SUB m→p;SUB e→i	diagnostic_only;diagnostic_only	multiple_signatures_missing	ordinary_tibetan_lexical_or_compound:1	damage:0;marker:0	independent_multi_context_canonical	སྤྱི་བ་ smye ba schwach, beeinträchtigt.
སྤྲབས	sprabs	sbubs	canonical_independent_strong	1	REPLACE pra→bu	diagnostic_only	one_signature_missing	ordinary_tibetan_lexical_or_compound:1	damage:0;marker:0	independent_multi_context_canonical	སྤྲབས་པ་ sprabs pa Speise.
སྤྲུབས	spubs	sbubs	canonical_independent_strong	1	SUB p→b	diagnostic_only	one_signature_missing	ordinary_tibetan_lexical_or_compound:1	damage:0;marker:0	independent_multi_context_canonical	སྤྲུབས་ 'spubs Höhlung.
སྤྲོ	spo	spro	canonical_independent_strong	1	INS r	diagnostic_only	one_signature_missing	ordinary_tibetan_lexical_or_compound:1	damage:0;marker:0	independent_multi_context_canonical	མིང་སྤྲོ་ miṅ spo Namenswechsel; vgl. SCHUH
སྦྱང	Tchu	sbyaṅ	canonical_independent_strong	0	REPLACE Tchu→sbyaṅ	diagnostic_only	alignment_or_damage	ordinary_tibetan_lexical_or_compound:1	damage:1;marker:1	independent_multi_context_canonical	མཆུ་སྦྱང་ mchu $77//77 Tchu Aun.
སྦྱང	sbyani	sbyaṅ	canonical_independent_strong	1	REPLACE ni→ṅ	candidate_review	one_signature_missing	ordinary_tibetan_lexical_or_compound:1	damage:0;marker:0	independent_multi_context_canonical	ཁ་སྦྱང་པ་ kha sbyani pa auch kha byan ba rede-
སྦྱང	sbyans	sbyaṅ	canonical_independent_strong	1	REPLACE ns→ṅ	diagnostic_only	one_signature_missing	ordinary_tibetan_lexical_or_compound:1	damage:0;marker:0	independent_multi_context_canonical	སྔོན་སྦྱང་ས་ shon sbyans Hang, Neigung.
སྦྱང	sbyari	sbyaṅ	canonical_independent_strong	1	REPLACE ri→ṅ	diagnostic_only	one_signature_missing	ordinary_tibetan_lexical_or_compound:1	damage:0;marker:0	independent_multi_context_canonical	སྦྱང་ 'sbyari
སྦྱར	ba	sbyar	canonical_independent_strong	0	INS s;INS y;INS r	diagnostic_only;diagnostic_only;diagnostic_only	alignment_or_damage	ordinary_tibetan_lexical_or_compound:1	damage:1;marker:0	independent_multi_context_canonical	འཐང་སྦྱར་བ་ ?¡/)%)? sbyar ba \mthan sbyar ba.
སྦྱར	pf	sbyar	canonical_independent_strong	0	REPLACE pf→sbyar	diagnostic_only	domain_risk	unclear:1	damage:1;marker:0	independent_multi_context_canonical	ཉམས་དང་སྦྱར་ /76/775 daṅ sbyar pf. und fur, zu
སྦྱར	shyar	sbyar	canonical_independent_strong	1	SUB h→b	diagnostic_only	one_signature_missing	ordinary_tibetan_lexical_or_compound:1	damage:0;marker:0	independent_multi_context_canonical	འདོད་སྦྱར་ dod shyar Bedürfnis, Wunsch. འདོད་ཞེན་པ་ dod zen pa dod pa la Zen pa.
སྦྱར	snam	sbyar	canonical_independent_strong	1	REPLACE n→by;SUB m→r	diagnostic_only;diagnostic_only	multiple_signatures_missing	ordinary_tibetan_lexical_or_compound:1	damage:0;marker:0	independent_multi_context_canonical	སྣམ སྦྱར་སུམ Ray snam sbyar sum
སྦྱར	ssbyar	sbyar	canonical_independent_strong	1	DEL s	diagnostic_only	one_signature_missing	ordinary_tibetan_lexical_or_compound:1	damage:0;marker:0	independent_multi_context_canonical	སྦྱར་བྱེད་ ssbyar byed byed.
སྦྱིན	Beiname	sbyin	canonical_independent_strong	1	REPLACE Be→sby;DEL ame	diagnostic_only;diagnostic_only	multiple_signatures_missing	ordinary_tibetan_lexical_or_compound:1	damage:0;marker:0	independent_multi_context_canonical	ནོར་སྦྱིན་ norsbyin Beiname des Reichtumsgot-
སྦྱིན	skyes	sbyin	canonical_independent_strong	0	SUB k→b;SUB e→i;SUB s→n	diagnostic_only;diagnostic_only;diagnostic_only	domain_risk	unclear:1	damage:1;marker:0	independent_multi_context_canonical	མཆོད་སྦྱིན་སྐྱེས་བུ་ /77070/7 sbyin skyes bu Beiname
སྦྱོར	Vereinigung	sbyor	canonical_independent_strong	0	REPLACE Ve→sbyo;DEL einigung	diagnostic_only;diagnostic_only	domain_risk	unclear:1	damage:1;marker:0	independent_multi_context_canonical	མཉམ་སྦྱོར་ /77777/77 sbyor Vereinigung, Ver-
སྦྱོར	i	sbyor	canonical_independent_strong	1	REPLACE i→sbyor	diagnostic_only	one_signature_missing	ordinary_tibetan_lexical_or_compound:1	damage:0;marker:0	independent_multi_context_canonical	སྒྲའི་སྦྱོར་བ་ sgra”i sbyor ba [$9777 sbyor.
སྦྱོར	pf	sbyor	canonical_independent_strong	0	REPLACE pf→sbyor	diagnostic_only	domain_risk	unclear:1	damage:1;marker:0	independent_multi_context_canonical	ཉམས་དང་སྦྱོར་ 77:77775 daṅ sbyor pf. und fur.
སྦྱོར	shyor	sbyor	canonical_independent_strong	1	SUB h→b	diagnostic_only	one_signature_missing	ordinary_tibetan_lexical_or_compound:1	damage:0;marker:0	independent_multi_context_canonical	སྦྱོར་བ་གང་ཡིན་ shyor ba gaṅ yin
སྦྲང	sbrar	sbraṅ	canonical_independent_strong	2	SUB r→ṅ	candidate_review	one_signature_missing	ordinary_tibetan_lexical_or_compound:2	damage:0;marker:0	independent_multi_context_canonical	སྦྲང་མ་ sbrar ma Insekt, Biene, Fliege, Moski- || སྦྲང་ལྷག་ sbrar lhag Bienenwachs.
སྨད	Ismad	smad	canonical_independent_strong	0	DEL I	diagnostic_only	alignment_or_damage	ordinary_tibetan_lexical_or_compound:1	damage:0;marker:1	independent_multi_context_canonical	སྨད་ Ismad
སྨད	gan	smad	canonical_independent_strong	1	REPLACE g→sm;SUB n→d	diagnostic_only;diagnostic_only	multiple_signatures_missing	ordinary_tibetan_lexical_or_compound:1	damage:0;marker:0	independent_multi_context_canonical	སྨད gan — lhun gyis grub pa'i
སྨད	smod	smad	canonical_independent_strong	1	SUB o→a	candidate_review	one_signature_missing	ordinary_tibetan_lexical_or_compound:1	damage:0;marker:0	independent_multi_context_canonical	སྨད་པ་ smod pa Tsmod, len sie mich im Buddhafeld des Sambhoga-
སྨད	spyad	smad	canonical_independent_strong	1	REPLACE py→m	diagnostic_only	one_signature_missing	ordinary_tibetan_lexical_or_compound:1	damage:0;marker:0	independent_multi_context_canonical	སྨད་དངོས་ spyad dṅos
སྨར	spor	smar	canonical_independent_strong	1	SUB p→m;SUB o→a	diagnostic_only;candidate_review	multiple_signatures_missing	ordinary_tibetan_lexical_or_compound:1	damage:0;marker:0	independent_multi_context_canonical	སྨར་རང་ spor riṅ
སྨིན	Ismin	smin	canonical_independent_strong	0	DEL I	diagnostic_only	alignment_or_damage	ordinary_tibetan_lexical_or_compound:2	damage:1;marker:2	independent_multi_context_canonical	སྨིན་ ༡༩༩ Ismin ma. || སྨིན་ Ismin drug.
སྨིན	sin	smin	canonical_independent_strong	1	INS m	diagnostic_only	one_signature_missing	ordinary_tibetan_lexical_or_compound:1	damage:0;marker:0	independent_multi_context_canonical	བདུད་གཟའ་སྨིན་དཀར་ bdud gza' sin dkar auch
སྨོན	snon	smon	canonical_independent_strong	1	SUB n→m	diagnostic_only	one_signature_missing	ordinary_tibetan_lexical_or_compound:1	damage:0;marker:0	independent_multi_context_canonical	མི་འཛག་སྨོན་སྐྱེས་ mi 'dzag snon skyes Beiname
སྨོས	spos	smos	canonical_independent_strong	1	SUB p→m	diagnostic_only	one_signature_missing	ordinary_tibetan_lexical_or_compound:1	damage:0;marker:0	independent_multi_context_canonical	རྒྱ་སྨོས་ rgya spos
སྨོས	spros	smos	canonical_independent_strong	1	REPLACE pr→m	diagnostic_only	one_signature_missing	ordinary_tibetan_lexical_or_compound:1	damage:0;marker:0	independent_multi_context_canonical	རྒྱས་སྨོས་ rgyas spros ausführlich.
སྨྲས	sbas	smras	canonical_independent_strong	1	REPLACE b→mr	diagnostic_only	one_signature_missing	ordinary_tibetan_lexical_or_compound:1	damage:0;marker:0	independent_multi_context_canonical	རྐང་སྨྲས་ rkaṅ sbas „mit verborgenen Beinen“,
སྨྲས	sinras	smras	canonical_independent_strong	1	REPLACE in→m	diagnostic_only	one_signature_missing	ordinary_tibetan_lexical_or_compound:1	damage:0;marker:0	independent_multi_context_canonical	སྨྲས་ངགས་འདོན་ sinras hags 'don klagen, weh- 1.1.
སྨྲས	smas	smras	canonical_independent_strong	1	INS r	diagnostic_only	one_signature_missing	ordinary_tibetan_lexical_or_compound:1	damage:0;marker:0	independent_multi_context_canonical	སྨྲས་ smas sprechen, sagen.
སྨྲས	smros	smras	canonical_independent_strong	1	SUB o→a	candidate_review	one_signature_missing	ordinary_tibetan_lexical_or_compound:1	damage:0;marker:0	independent_multi_context_canonical	སྨྲས་ smros MP. ZU Ismra.
སྨྲས	spras	smras	canonical_independent_strong	0	SUB p→m	diagnostic_only	domain_risk	unclear:1	damage:0;marker:0	independent_multi_context_canonical	lṅa „fünf verwöhnte Jungen, die sagen, sie གཅེས་སྨྲས་ gces spras Bewertung, Ehrerbie-
སྨྲས	spros	smras	canonical_independent_strong	1	SUB p→m;SUB o→a	diagnostic_only;candidate_review	multiple_signatures_missing	ordinary_tibetan_lexical_or_compound:1	damage:0;marker:0	independent_multi_context_canonical	སྨྲས་ spros
སྨྲས	tog	smras	canonical_independent_strong	1	REPLACE tog→smras	diagnostic_only	one_signature_missing	ordinary_tibetan_lexical_or_compound:1	damage:0;marker:0	independent_multi_context_canonical	ཉིཏོགརྒྱན་སྨྲས་ me tog rgyan spras Blüten-
སྲན	sñan	sran	canonical_independent_strong	1	SUB ñ→r	diagnostic_only	one_signature_missing	ordinary_tibetan_lexical_or_compound:1	damage:0;marker:0	independent_multi_context_canonical	ངས་སྲན་པ་ dbyaṅs sñan pa Name verschie-
སྲས	skyas	sras	canonical_independent_strong	1	REPLACE ky→r	diagnostic_only	one_signature_missing	ordinary_tibetan_lexical_or_compound:1	damage:0;marker:0	independent_multi_context_canonical	འཕོ་སྲས་ 'pho skyas Hin- und Herzichen, Än-
སྲས	ua	sras	canonical_independent_strong	1	REPLACE u→sr;INS s	diagnostic_only;diagnostic_only	multiple_signatures_missing	ordinary_tibetan_lexical_or_compound:1	damage:0;marker:0	independent_multi_context_canonical	སྲས ua
སྲིག	smrig	sreg	canonical_independent_strong	1	DEL m;SUB i→e	diagnostic_only;diagnostic_only	multiple_signatures_missing	ordinary_tibetan_lexical_or_compound:1	damage:0;marker:0	independent_multi_context_canonical	"ངར་སྲིག""འཇིི་ན་ང།"" nur smrig ’dzin pa Bez. für"
སྲིང	mo	sriṅ	canonical_independent_strong	1	REPLACE mo→sriṅ	diagnostic_only	one_signature_missing	ordinary_tibetan_lexical_or_compound:1	damage:0;marker:0	independent_multi_context_canonical	ཁྱབ་འཇུག་གི་སྲིང་མོ་ khyab 7//9་ gi srin mo Bei-
སྲིང	sgyed	sriṅ	canonical_independent_strong	1	REPLACE gyed→riṅ	diagnostic_only	one_signature_missing	ordinary_tibetan_lexical_or_compound:1	damage:0;marker:0	independent_multi_context_canonical	"མ་སྲིང་ ma sgyed ""Herd der Mutter"", die Stelle"
སྲིང	shin	sriṅ	canonical_independent_strong	1	SUB h→r;SUB n→ṅ	diagnostic_only;authorized_role_conditioned	one_signature_missing	ordinary_tibetan_lexical_or_compound:1	damage:0;marker:0	independent_multi_context_canonical	མ་མགོ་ཀགྲང་སྲིང་ dom mgo glan shin eine füh-
སྲིང	sin	sriṅ	canonical_independent_strong	1	INS r;SUB n→ṅ	diagnostic_only;authorized_role_conditioned	one_signature_missing	ordinary_tibetan_lexical_or_compound:1	damage:0;marker:0	independent_multi_context_canonical	ཅུང་སྲིང་ cun sin eine Speise.
སྲིད	pa	srid	canonical_independent_strong	0	REPLACE pa→srid	diagnostic_only	domain_risk	unclear:1	damage:0;marker:0	independent_multi_context_canonical	ཀླུ་ཡི་སྲིད་པ་ klu ༡// srid pa „Welt der Nägas“, Bez.
སྲིད	sred	srid	canonical_independent_strong	1	SUB e→i	diagnostic_only	one_signature_missing	ordinary_tibetan_lexical_or_compound:1	damage:0;marker:0	independent_multi_context_canonical	མཆོག་སྲིད mchog sred.
སྲིན	i’i	srin	canonical_independent_strong	1	INS sr;REPLACE ’i→n	diagnostic_only;diagnostic_only	multiple_signatures_missing	ordinary_tibetan_lexical_or_compound:1	damage:0;marker:0	independent_multi_context_canonical	དུས་བཞིའི་སྲིན་ཕོ་མོ་ dus bäi’i srin pho ༡770 die
སྲུང	diese	sruṅ	canonical_independent_strong	1	DEL die;REPLACE e→ruṅ	diagnostic_only;diagnostic_only	multiple_signatures_missing	ordinary_tibetan_lexical_or_compound:1	damage:0;marker:0	independent_multi_context_canonical	འདེ་ངང་འདེ་སྲུང་ di daṅ 'diskad diese und jene
སྲེག	Sreg	sreg	canonical_independent_strong	1	SUB S→s	diagnostic_only	one_signature_missing	ordinary_tibetan_lexical_or_compound:1	damage:0;marker:0	independent_multi_context_canonical	ངེས་སྲེག་ nes Sreg.
སྲོལ	pflog	srol	canonical_independent_strong	1	REPLACE pf→sro;DEL og	diagnostic_only;diagnostic_only	multiple_signatures_missing	ordinary_tibetan_lexical_or_compound:1	damage:0;marker:0	independent_multi_context_canonical	ཕྱག་སྲོལ་ phyag pflog
སླེས	rlabs	skyes	canonical_independent_strong	1	DEL rlab;INS kyes	diagnostic_only;diagnostic_only	multiple_signatures_missing	ordinary_tibetan_lexical_or_compound:1	damage:0;marker:0	independent_multi_context_canonical	བས་སླེས་ dba' rlabs skyes Irba rlabs
སློ	sgro	sgo	canonical_independent_strong	1	DEL r	candidate_review	one_signature_missing	ordinary_tibetan_lexical_or_compound:1	damage:0;marker:0	independent_multi_context_canonical	སློ་སྐུར་ sgro skur
སློ	spo	sgo	canonical_independent_strong	1	SUB p→g	diagnostic_only	one_signature_missing	ordinary_tibetan_lexical_or_compound:1	damage:0;marker:0	independent_multi_context_canonical	གླིང་བཞིའི་སློ་ gliṅ bZi’i spo der Berg Meru.
སློབ	pa’i	slob	canonical_independent_strong	0	SUB p→s;SUB a→l;SUB ’→o;SUB i→b	diagnostic_only;diagnostic_only;diagnostic_only;diagnostic_only	domain_risk	unclear:1	damage:0;marker:0	independent_multi_context_canonical	Ar 'པའི་སློབ་ པོན་ klog pa’i slob dpon ein Rezita-
ཧན	B	han	canonical_independent_strong	1	REPLACE B→han	diagnostic_only	one_signature_missing	ordinary_tibetan_lexical_or_compound:1	damage:0;marker:0	independent_multi_context_canonical	3 ཧན Bälavahana.
ཧན	can	han	canonical_independent_strong	1	SUB c→h	diagnostic_only	one_signature_missing	ordinary_tibetan_lexical_or_compound:1	damage:0;marker:0	independent_multi_context_canonical	དྲག་པོའི་ ས་ཧན་ drag po’i gzugs can Beina-
ཧན	hun	han	canonical_independent_strong	1	SUB u→a	candidate_review	one_signature_missing	ordinary_tibetan_lexical_or_compound:1	damage:0;marker:0	independent_multi_context_canonical	བུ་ལུ་ཧན་ th In hun Bez. für die ’A-Za; chin.
ཧུ	Gottheit	hu	canonical_independent_strong	1	DEL Gott;REPLACE eit→u	diagnostic_only;diagnostic_only	multiple_signatures_missing	ordinary_tibetan_lexical_or_compound:1	damage:0;marker:0	independent_multi_context_canonical	ཧུ ནྱ Gottheit im Gefolge des bKra-
ཧུ	Imanu	hu	canonical_independent_strong	0	REPLACE Iman→h	diagnostic_only	alignment_or_damage	ordinary_tibetan_lexical_or_compound:1	damage:0;marker:1	independent_multi_context_canonical	མ་ན་ཧུ་ ma nabu Imanu hu.
ཧུ	bo	hu	canonical_independent_strong	1	SUB b→h;SUB o→u	candidate_review;diagnostic_only	multiple_signatures_missing	ordinary_tibetan_lexical_or_compound:1	damage:0;marker:0	independent_multi_context_canonical	ཧུ་ཁྲོ་ <¢ bo Reichtum, Besitz.
ཧུ	bu	hu	canonical_independent_strong	1	SUB b→h	candidate_review	one_signature_missing	ordinary_tibetan_lexical_or_compound:1	damage:0;marker:0	independent_multi_context_canonical	མ་ནུ་ཧུ་ ma nu bu auch ma na bu, ma na ham
ཧུ	chub	hu	canonical_independent_strong	1	DEL c;DEL b	diagnostic_only;candidate_review	multiple_signatures_missing	ordinary_tibetan_lexical_or_compound:1	damage:0;marker:0	independent_multi_context_canonical	ན་ལག ཧུ bdun \byan chub yan
ཧུ	cu	hu	canonical_independent_strong	1	SUB c→h	diagnostic_only	one_signature_missing	ordinary_tibetan_lexical_or_compound:1	damage:0;marker:0	independent_multi_context_canonical	མུ་ལེ་ཧུ་ལེ་ mu le cu le
ཧུ	dus	hu	canonical_independent_strong	1	SUB d→h;DEL s	diagnostic_only;diagnostic_only	multiple_signatures_missing	ordinary_tibetan_lexical_or_compound:1	damage:0;marker:0	independent_multi_context_canonical	དཔྱད ཧུ kyi dus.
ཧུ	situ	hu	canonical_independent_strong	1	REPLACE sit→h	diagnostic_only	one_signature_missing	ordinary_tibetan_lexical_or_compound:1	damage:0;marker:0	independent_multi_context_canonical	ཧུ་གུ་ཨ་ situ gu ma
