rule_id	tibetan_role	tibetan_feature	structural_context	contrastive_delta	evidence_kind	full_role_realization_candidate	proposed_latin_realization	strong_canonical_syllables	independent_feature_evidence_identities	reviewed_explicit_support	unaffected_reviewed_source_support	minimal_pair_support	alternate_witness_support	supporting_volumes	supporting_entry_clusters	counterexamples	competing_realizations	domain_breakdown	confidence	recommendation
CORPUS_ACBF75C07932	post_suffix		contrastive	→s	zero_realization_isolated			ཁུག;ཁེབ;གཡོག;ཆག;ཐབ;ཐམ;ཐེབ;ནག;པག;ཕུག;བརྟག;ཚག;རིག;རིམ;རྟོག;ལྕག		0	0	ཁུག:khug↔ཁུགས:khugs || ཁེབ:kheb↔ཁེབས:khebs || གཡོག:g.yog↔གཡོགས:g.yogs || ཆག:chag↔ཆགས:chags || ཐབ:thab↔ཐབས:thabs || ཐམ:tham↔ཐམས:thams || ཐེབ:theb↔ཐེབས:thebs || ནག:nag↔ནགས:nags || པག:pag↔པགས:pags || ཕུག:phug↔ཕུགས:phugs || བརྟག:brtag↔བརྟགས:brtags || ཚག:tshag↔ཚགས:tshags || རིག:rig↔རིགས:rigs || རིམ:rim↔རིམས:rims || རྟོག:rtog↔རྟོགས:rtogs || ལྕག:lcag↔ལྕགས:lcags	0	wts_1_34;wts_35_51;wts_8_b;wts_9_m	wts_1_34:1000;wts_1_34:1002;wts_1_34:1012;wts_1_34:1026;wts_1_34:1030;wts_1_34:1046;wts_1_34:1056;wts_1_34:113;wts_1_34:1309;wts_1_34:140;wts_1_34:148;wts_1_34:158;wts_1_34:164;wts_1_34:175;wts_1_34:236;wts_1_34:242;wts_1_34:243;wts_1_34:246;wts_1_34:266;wts_1_34:268;wts_1_34:271;wts_1_34:284;wts_1_34:321;wts_1_34:364;wts_1_34:37;wts_1_34:389;wts_1_34:390;wts_1_34:426;wts_1_34:442;wts_1_34:470;wts_1_34:471;wts_1_34:483;wts_1_34:504;wts_1_34:509;wts_1_34:535;wts_1_34:553;wts_1_34:58;wts_1_34:593;wts_1_34:610;wts_1_34:611;wts_1_34:621;wts_1_34:622;wts_1_34:624;wts_1_34:625;wts_1_34:682;wts_1_34:72;wts_1_34:745;wts_1_34:77;wts_1_34:786;wts_1_34:88;wts_1_34:898;wts_1_34:914;wts_1_34:923;wts_1_34:924;wts_1_34:928;wts_1_34:933;wts_1_34:962;wts_1_34:967;wts_1_34:980;wts_1_34:982;wts_1_34:987;wts_1_34:988;wts_1_34:992;wts_1_34:995;wts_35_51:100;wts_35_51:1028;wts_35_51:1068;wts_35_51:1089;wts_35_51:230;wts_35_51:240;wts_35_51:258;wts_35_51:373;wts_35_51:375;wts_35_51:377;wts_35_51:378;wts_35_51:379;wts_35_51:380;wts_35_51:382;wts_35_51:389;wts_35_51:395;wts_35_51:399;wts_35_51:414;wts_35_51:427;wts_35_51:500;wts_35_51:559;wts_35_51:578;wts_35_51:580;wts_35_51:676;wts_35_51:677;wts_35_51:679;wts_35_51:699;wts_35_51:713;wts_35_51:733;wts_35_51:756;wts_35_51:788;wts_35_51:801;wts_35_51:820;wts_35_51:906;wts_35_51:907;wts_35_51:908;wts_35_51:910;wts_35_51:970;wts_8_b:109;wts_8_b:113;wts_8_b:247;wts_8_b:252;wts_8_b:256;wts_8_b:257;wts_8_b:267;wts_8_b:332;wts_8_b:37;wts_8_b:437;wts_8_b:512;wts_8_b:53;wts_9_m:218;wts_9_m:223;wts_9_m:304;wts_9_m:359			ordinary_tibetan_lexical_or_compound	high	feature_independent_strong_candidate
CORPUS_F685D66CEF46	post_suffix	ས	contrastive	→s	zero_realization_isolated	s	s	ཁུགས;ཁེབས;གཡོགས;ཆགས;ཐབས;ཐམས;ཐེབས;ནགས;པགས;ཕུགས;བརྟགས;ཚགས;རིགས;རིམས;རྟོགས;ལྕགས		0	0	ཁུག:khug↔ཁུགས:khugs || ཁེབ:kheb↔ཁེབས:khebs || གཡོག:g.yog↔གཡོགས:g.yogs || ཆག:chag↔ཆགས:chags || ཐབ:thab↔ཐབས:thabs || ཐམ:tham↔ཐམས:thams || ཐེབ:theb↔ཐེབས:thebs || ནག:nag↔ནགས:nags || པག:pag↔པགས:pags || ཕུག:phug↔ཕུགས:phugs || བརྟག:brtag↔བརྟགས:brtags || ཚག:tshag↔ཚགས:tshags || རིག:rig↔རིགས:rigs || རིམ:rim↔རིམས:rims || རྟོག:rtog↔རྟོགས:rtogs || ལྕག:lcag↔ལྕགས:lcags	0	wts_1_34;wts_35_51;wts_8_b;wts_9_m	wts_1_34:1002;wts_1_34:1017;wts_1_34:1027;wts_1_34:1028;wts_1_34:1032;wts_1_34:1036;wts_1_34:1051;wts_1_34:1054;wts_1_34:113;wts_1_34:1135;wts_1_34:1140;wts_1_34:1151;wts_1_34:1180;wts_1_34:1202;wts_1_34:1277;wts_1_34:160;wts_1_34:166;wts_1_34:224;wts_1_34:246;wts_1_34:254;wts_1_34:267;wts_1_34:271;wts_1_34:284;wts_1_34:296;wts_1_34:301;wts_1_34:303;wts_1_34:329;wts_1_34:356;wts_1_34:380;wts_1_34:393;wts_1_34:424;wts_1_34:428;wts_1_34:461;wts_1_34:470;wts_1_34:474;wts_1_34:476;wts_1_34:483;wts_1_34:485;wts_1_34:504;wts_1_34:527;wts_1_34:535;wts_1_34:537;wts_1_34:55;wts_1_34:551;wts_1_34:553;wts_1_34:597;wts_1_34:611;wts_1_34:612;wts_1_34:626;wts_1_34:627;wts_1_34:635;wts_1_34:636;wts_1_34:643;wts_1_34:650;wts_1_34:678;wts_1_34:682;wts_1_34:695;wts_1_34:72;wts_1_34:746;wts_1_34:750;wts_1_34:766;wts_1_34:768;wts_1_34:77;wts_1_34:78;wts_1_34:784;wts_1_34:786;wts_1_34:793;wts_1_34:828;wts_1_34:896;wts_1_34:898;wts_1_34:916;wts_1_34:925;wts_1_34:94;wts_1_34:949;wts_1_34:962;wts_1_34:963;wts_1_34:993;wts_1_34:994;wts_1_34:995;wts_1_34:996;wts_1_34:997;wts_35_51:108;wts_35_51:1081;wts_35_51:1083;wts_35_51:1091;wts_35_51:1094;wts_35_51:1114;wts_35_51:124;wts_35_51:125;wts_35_51:189;wts_35_51:190;wts_35_51:205;wts_35_51:232;wts_35_51:24;wts_35_51:245;wts_35_51:248;wts_35_51:293;wts_35_51:312;wts_35_51:381;wts_35_51:382;wts_35_51:383;wts_35_51:401;wts_35_51:406;wts_35_51:412;wts_35_51:559;wts_35_51:567;wts_35_51:568;wts_35_51:580;wts_35_51:679;wts_35_51:689;wts_35_51:804;wts_35_51:82;wts_35_51:861;wts_35_51:872;wts_35_51:908;wts_8_b:119;wts_8_b:148;wts_8_b:177;wts_8_b:194;wts_8_b:227;wts_8_b:263;wts_8_b:295;wts_8_b:378;wts_8_b:418;wts_8_b:487;wts_8_b:512;wts_8_b:533;wts_8_b:548;wts_9_m:235;wts_9_m:281;wts_9_m:331			ordinary_tibetan_lexical_or_compound	reviewed	feature_reviewed
CORPUS_DEE28C44B41E	prefix		contrastive	b→;d→;g→;m→;→b;→d;→m	zero_realization_isolated			ཀར;ཁར;གྲང;ཅད;ཐར;ཐུ;ཐུན;ཐོ;ནོན;བྱུང;ཚར;ཚུར;ཟློག;རྒྱུད;རྟགས;རྟུལ;རྟེན;རྡེག;རྡོལ;སར;སུམ;སྐལ;སྐོར;སྐྱེད;སྒྱུར;སྟན;སྟོད		0	0	ཀར:kar↔དཀར:dkar || ཁར:khar↔མཁར:mkhar || གཅད:gcad↔ཅད:cad || གནོན:gnon↔ནོན:non || གསར:gsar↔སར:sar || གསུམ:gsum↔སུམ:sum || གྲང:graṅ↔བགྲང:bgraṅ || ཅད:cad↔བཅད:bcad || ཐར:thar↔མཐར:mthar || ཐུ:thu↔མཐུ:mthu || ཐུན:thun↔མཐུན:mthun || ཐོ:tho↔མཐོ:mtho || དབྱུང:dbyuṅ↔བྱུང:byuṅ || བཟློག:bzlog↔ཟློག:zlog || བརྒྱུད:brgyud↔རྒྱུད:rgyud || བརྟགས:brtags↔རྟགས:rtags || བརྟུལ:brtul↔རྟུལ:rtul || བརྟེན:brten↔རྟེན:rten || བརྡེག:brdeg↔རྡེག:rdeg || བརྡོལ:brdol↔རྡོལ:rdol || བསྐལ:bskal↔སྐལ:skal || བསྐོར:bskor↔སྐོར:skor || བསྐྱེད:bskyed↔སྐྱེད:skyed || བསྒྱུར:bsgyur↔སྒྱུར:sgyur || བསྟན:bstan↔སྟན:stan || བསྟོད:bstod↔སྟོད:stod || མཚར:mtshar↔ཚར:tshar || མཚུར:mtshur↔ཚུར:tshur	0	wts_1_34;wts_35_51;wts_8_b;wts_9_m	wts_1_34:1004;wts_1_34:1005;wts_1_34:1006;wts_1_34:1010;wts_1_34:1012;wts_1_34:1017;wts_1_34:1018;wts_1_34:1026;wts_1_34:1029;wts_1_34:1030;wts_1_34:1034;wts_1_34:1039;wts_1_34:1050;wts_1_34:1051;wts_1_34:1052;wts_1_34:1090;wts_1_34:1132;wts_1_34:1138;wts_1_34:1180;wts_1_34:120;wts_1_34:1307;wts_1_34:139;wts_1_34:141;wts_1_34:157;wts_1_34:162;wts_1_34:165;wts_1_34:169;wts_1_34:179;wts_1_34:180;wts_1_34:183;wts_1_34:188;wts_1_34:192;wts_1_34:196;wts_1_34:210;wts_1_34:224;wts_1_34:242;wts_1_34:248;wts_1_34:252;wts_1_34:256;wts_1_34:263;wts_1_34:264;wts_1_34:294;wts_1_34:295;wts_1_34:298;wts_1_34:320;wts_1_34:352;wts_1_34:354;wts_1_34:359;wts_1_34:37;wts_1_34:382;wts_1_34:387;wts_1_34:399;wts_1_34:407;wts_1_34:429;wts_1_34:461;wts_1_34:468;wts_1_34:470;wts_1_34:484;wts_1_34:491;wts_1_34:494;wts_1_34:503;wts_1_34:51;wts_1_34:538;wts_1_34:546;wts_1_34:557;wts_1_34:558;wts_1_34:560;wts_1_34:574;wts_1_34:60;wts_1_34:627;wts_1_34:646;wts_1_34:648;wts_1_34:678;wts_1_34:695;wts_1_34:702;wts_1_34:716;wts_1_34:723;wts_1_34:724;wts_1_34:725;wts_1_34:726;wts_1_34:753;wts_1_34:786;wts_1_34:816;wts_1_34:916;wts_1_34:917;wts_1_34:920;wts_1_34:921;wts_1_34:922;wts_1_34:923;wts_1_34:945;wts_1_34:955;wts_1_34:988;wts_1_34:990;wts_1_34:991;wts_1_34:992;wts_1_34:995;wts_1_34:996;wts_1_34:997;wts_1_34:998;wts_1_34:999;wts_35_51:100;wts_35_51:1012;wts_35_51:1015;wts_35_51:1020;wts_35_51:1048;wts_35_51:1052;wts_35_51:1070;wts_35_51:1071;wts_35_51:1077;wts_35_51:1087;wts_35_51:1127;wts_35_51:228;wts_35_51:229;wts_35_51:248;wts_35_51:25;wts_35_51:251;wts_35_51:258;wts_35_51:360;wts_35_51:379;wts_35_51:382;wts_35_51:391;wts_35_51:422;wts_35_51:425;wts_35_51:457;wts_35_51:46;wts_35_51:472;wts_35_51:477;wts_35_51:492;wts_35_51:521;wts_35_51:523;wts_35_51:559;wts_35_51:56;wts_35_51:567;wts_35_51:568;wts_35_51:600;wts_35_51:607;wts_35_51:617;wts_35_51:636;wts_35_51:690;wts_35_51:715;wts_35_51:720;wts_35_51:723;wts_35_51:738;wts_35_51:768;wts_35_51:792;wts_35_51:810;wts_35_51:835;wts_35_51:884;wts_35_51:897;wts_35_51:906;wts_35_51:913;wts_35_51:917;wts_35_51:926;wts_35_51:96;wts_35_51:960;wts_35_51:97;wts_35_51:971;wts_35_51:974;wts_8_b:120;wts_8_b:174;wts_8_b:208;wts_8_b:216;wts_8_b:217;wts_8_b:218;wts_8_b:219;wts_8_b:220;wts_8_b:221;wts_8_b:222;wts_8_b:223;wts_8_b:224;wts_8_b:27;wts_8_b:304;wts_8_b:322;wts_8_b:342;wts_8_b:345;wts_8_b:347;wts_8_b:377;wts_8_b:383;wts_8_b:42;wts_8_b:470;wts_8_b:493;wts_8_b:529;wts_8_b:560;wts_8_b:65;wts_8_b:93;wts_8_b:97;wts_9_m:152;wts_9_m:166;wts_9_m:173;wts_9_m:20;wts_9_m:249;wts_9_m:254;wts_9_m:258;wts_9_m:26;wts_9_m:311;wts_9_m:332;wts_9_m:361;wts_9_m:62			ordinary_tibetan_lexical_or_compound	high	feature_independent_strong_candidate
CORPUS_4E31F0FBB76E	prefix	ག	contrastive	g→;g→b;g→m	contrastive_delta_only;full_realization_isolated;zero_realization_isolated	g	g	གཅད;གདུང;གནོན;གཞི;གསར;གསུམ		0	0	གཅད:gcad↔ཅད:cad || གཅད:gcad↔བཅད:bcad || གདུང:gduṅ↔མདུང:mduṅ || གནོན:gnon↔ནོན:non || གཞི:gźi↔བཞི:bźi || གསར:gsar↔སར:sar || གསུམ:gsum↔སུམ:sum	0	wts_1_34;wts_35_51;wts_8_b;wts_9_m	wts_1_34:1018;wts_1_34:1021;wts_1_34:1025;wts_1_34:1061;wts_1_34:1064;wts_1_34:1068;wts_1_34:1166;wts_1_34:1192;wts_1_34:1193;wts_1_34:129;wts_1_34:160;wts_1_34:248;wts_1_34:262;wts_1_34:263;wts_1_34:281;wts_1_34:285;wts_1_34:297;wts_1_34:323;wts_1_34:342;wts_1_34:360;wts_1_34:388;wts_1_34:464;wts_1_34:468;wts_1_34:487;wts_1_34:590;wts_1_34:660;wts_1_34:703;wts_1_34:726;wts_1_34:899;wts_1_34:912;wts_1_34:917;wts_1_34:923;wts_1_34:953;wts_1_34:98;wts_1_34:981;wts_1_34:985;wts_35_51:1020;wts_35_51:103;wts_35_51:104;wts_35_51:1048;wts_35_51:1097;wts_35_51:173;wts_35_51:2;wts_35_51:24;wts_35_51:25;wts_35_51:26;wts_35_51:407;wts_35_51:411;wts_35_51:423;wts_35_51:529;wts_35_51:702;wts_35_51:717;wts_35_51:859;wts_35_51:913;wts_35_51:914;wts_35_51:922;wts_35_51:97;wts_35_51:983;wts_35_51:984;wts_8_b:345;wts_8_b:378;wts_8_b:441;wts_8_b:493;wts_8_b:65;wts_9_m:118;wts_9_m:162;wts_9_m:168;wts_9_m:177;wts_9_m:41;wts_9_m:43			ordinary_tibetan_lexical_or_compound	reviewed	feature_reviewed
RESIDUAL_F3DC70A190E0	prefix	ད	single_unknown_residual_induction		single_unknown_residual_induction	d	d	དཀར;དཀྱིལ;དགྲ;དབུགས;དབྱིག;དབྱུང;དམག;དམན;དམིགས		0	0		0	wts_1_34;wts_35_51;wts_8_b;wts_9_m	wts_1_34:1003;wts_1_34:1012;wts_1_34:1025;wts_1_34:1029;wts_1_34:1063;wts_1_34:115;wts_1_34:1156;wts_1_34:116;wts_1_34:121;wts_1_34:122;wts_1_34:123;wts_1_34:124;wts_1_34:125;wts_1_34:128;wts_1_34:1287;wts_1_34:129;wts_1_34:162;wts_1_34:246;wts_1_34:264;wts_1_34:268;wts_1_34:306;wts_1_34:387;wts_1_34:394;wts_1_34:468;wts_1_34:50;wts_1_34:793;wts_1_34:910;wts_1_34:918;wts_1_34:953;wts_1_34:97;wts_1_34:988;wts_35_51:1022;wts_35_51:1059;wts_35_51:230;wts_35_51:253;wts_35_51:269;wts_35_51:500;wts_35_51:501;wts_35_51:504;wts_35_51:523;wts_35_51:526;wts_35_51:625;wts_35_51:690;wts_35_51:699;wts_35_51:70;wts_35_51:700;wts_35_51:721;wts_35_51:723;wts_35_51:739;wts_35_51:81;wts_35_51:901;wts_35_51:934;wts_35_51:943;wts_35_51:978;wts_35_51:986;wts_8_b:113;wts_8_b:179;wts_8_b:21;wts_8_b:252;wts_8_b:332;wts_8_b:381;wts_8_b:382;wts_8_b:383;wts_8_b:384;wts_8_b:410;wts_8_b:417;wts_8_b:418;wts_8_b:485;wts_8_b:571;wts_8_b:575;wts_9_m:199;wts_9_m:226;wts_9_m:287;wts_9_m:288;wts_9_m:289;wts_9_m:290;wts_9_m:292;wts_9_m:293;wts_9_m:297;wts_9_m:311;wts_9_m:312;wts_9_m:313;wts_9_m:358;wts_9_m:60			ordinary_tibetan_lexical_or_compound	high	feature_independent_strong_candidate
CORPUS_F39DE6FEA67D	prefix	བ	contrastive	b→;g→b;→b	full_realization_isolated;zero_realization_isolated	b	b	བགྲང;བཅད;བཞི;བཟློག;བརྒྱུད;བརྟགས;བརྟུལ;བརྟེན;བརྡེག;བརྡོལ;བསྐལ;བསྐོར;བསྐྱེད;བསྒྱུར;བསྟན;བསྟོད		0	0	གཅད:gcad↔བཅད:bcad || གཞི:gźi↔བཞི:bźi || གྲང:graṅ↔བགྲང:bgraṅ || ཅད:cad↔བཅད:bcad || བཟློག:bzlog↔ཟློག:zlog || བརྒྱུད:brgyud↔རྒྱུད:rgyud || བརྟགས:brtags↔རྟགས:rtags || བརྟུལ:brtul↔རྟུལ:rtul || བརྟེན:brten↔རྟེན:rten || བརྡེག:brdeg↔རྡེག:rdeg || བརྡོལ:brdol↔རྡོལ:rdol || བསྐལ:bskal↔སྐལ:skal || བསྐོར:bskor↔སྐོར:skor || བསྐྱེད:bskyed↔སྐྱེད:skyed || བསྒྱུར:bsgyur↔སྒྱུར:sgyur || བསྟན:bstan↔སྟན:stan || བསྟོད:bstod↔སྟོད:stod	0	wts_1_34;wts_35_51;wts_8_b;wts_9_m	wts_1_34:1010;wts_1_34:1019;wts_1_34:1021;wts_1_34:1051;wts_1_34:1053;wts_1_34:1131;wts_1_34:115;wts_1_34:118;wts_1_34:1187;wts_1_34:135;wts_1_34:138;wts_1_34:139;wts_1_34:163;wts_1_34:215;wts_1_34:228;wts_1_34:232;wts_1_34:236;wts_1_34:243;wts_1_34:246;wts_1_34:249;wts_1_34:255;wts_1_34:269;wts_1_34:271;wts_1_34:293;wts_1_34:299;wts_1_34:320;wts_1_34:322;wts_1_34:37;wts_1_34:52;wts_1_34:535;wts_1_34:548;wts_1_34:563;wts_1_34:600;wts_1_34:601;wts_1_34:72;wts_1_34:725;wts_1_34:726;wts_1_34:746;wts_1_34:77;wts_1_34:78;wts_1_34:786;wts_1_34:925;wts_1_34:928;wts_1_34:952;wts_1_34:962;wts_1_34:963;wts_1_34:965;wts_1_34:966;wts_1_34:970;wts_1_34:975;wts_1_34:979;wts_1_34:985;wts_35_51:1016;wts_35_51:1046;wts_35_51:1067;wts_35_51:196;wts_35_51:215;wts_35_51:232;wts_35_51:24;wts_35_51:247;wts_35_51:263;wts_35_51:278;wts_35_51:291;wts_35_51:308;wts_35_51:311;wts_35_51:312;wts_35_51:35;wts_35_51:50;wts_35_51:53;wts_35_51:530;wts_35_51:559;wts_35_51:580;wts_35_51:740;wts_35_51:742;wts_35_51:810;wts_35_51:97;wts_35_51:989;wts_8_b:177;wts_8_b:22;wts_8_b:267;wts_8_b:295;wts_8_b:322;wts_8_b:323;wts_8_b:343;wts_8_b:345;wts_8_b:413;wts_8_b:499;wts_8_b:97;wts_9_m:181;wts_9_m:190;wts_9_m:329;wts_9_m:43			ordinary_tibetan_lexical_or_compound	reviewed	feature_reviewed
CORPUS_BC919FFB8C2C	prefix	མ	contrastive	g→m;m→;→m	contrastive_delta_only;full_realization_isolated;zero_realization_isolated	m	m	མཁར;མཐར;མཐུ;མཐུན;མཐོ;མདུང;མཚར;མཚུར		0	0	ཁར:khar↔མཁར:mkhar || གདུང:gduṅ↔མདུང:mduṅ || ཐར:thar↔མཐར:mthar || ཐུ:thu↔མཐུ:mthu || ཐུན:thun↔མཐུན:mthun || ཐོ:tho↔མཐོ:mtho || མཚར:mtshar↔ཚར:tshar || མཚུར:mtshur↔ཚུར:tshur	0	wts_1_34;wts_35_51;wts_8_b;wts_9_m	wts_1_34:1014;wts_1_34:1054;wts_1_34:1055;wts_1_34:1058;wts_1_34:1059;wts_1_34:1060;wts_1_34:1061;wts_1_34:1063;wts_1_34:1064;wts_1_34:113;wts_1_34:1135;wts_1_34:1263;wts_1_34:1264;wts_1_34:182;wts_1_34:188;wts_1_34:215;wts_1_34:246;wts_1_34:280;wts_1_34:326;wts_1_34:331;wts_1_34:352;wts_1_34:356;wts_1_34:388;wts_1_34:390;wts_1_34:468;wts_1_34:482;wts_1_34:540;wts_1_34:551;wts_1_34:553;wts_1_34:584;wts_1_34:593;wts_1_34:620;wts_1_34:678;wts_1_34:717;wts_1_34:734;wts_1_34:743;wts_1_34:746;wts_1_34:777;wts_1_34:809;wts_1_34:928;wts_1_34:960;wts_35_51:103;wts_35_51:104;wts_35_51:105;wts_35_51:1085;wts_35_51:192;wts_35_51:377;wts_35_51:380;wts_35_51:416;wts_35_51:710;wts_35_51:716;wts_35_51:720;wts_35_51:73;wts_35_51:821;wts_8_b:322;wts_8_b:325;wts_9_m:117;wts_9_m:333;wts_9_m:388			ordinary_tibetan_lexical_or_compound	reviewed	feature_reviewed
CORPUS_91DCE7C115D4	prefix	འ	single_unknown_residual_induction		single_unknown_residual_induction			འགྲོ;འདུག;འདོན;འབབ;འབར;འབུམ;འབྱུང;འབྱོར;འཛིན		0	0		0	wts_1_34;wts_35_51;wts_8_b;wts_9_m	wts_1_34:1028;wts_1_34:294;wts_1_34:451;wts_1_34:453;wts_1_34:63;wts_1_34:774;wts_1_34:83;wts_35_51:1010;wts_35_51:1013;wts_35_51:1046;wts_35_51:1092;wts_35_51:166;wts_35_51:174;wts_35_51:199;wts_35_51:201;wts_35_51:242;wts_35_51:400;wts_35_51:423;wts_35_51:499;wts_35_51:50;wts_35_51:607;wts_35_51:68;wts_35_51:685;wts_35_51:725;wts_35_51:926;wts_8_b:349;wts_8_b:360;wts_8_b:413;wts_8_b:431;wts_8_b:432;wts_8_b:433;wts_8_b:437;wts_8_b:444;wts_8_b:445;wts_8_b:467;wts_8_b:468;wts_8_b:470;wts_8_b:472;wts_8_b:480;wts_9_m:175			ordinary_tibetan_lexical_or_compound	high	feature_independent_strong_candidate
REVIEWED	root_consonant	ས	contrastive	t→	contrastive_delta_only					0	0		0				s	ordinary_tibetan_lexical_or_compound	reviewed	feature_reviewed
RESIDUAL_16C7C1641787	root_consonant	ཀ	contrastive	k→S;k→b;k→c;k→ch;k→d;k→dz;k→g;k→l;k→m;k→n;k→p;k→ph;k→r;k→s;k→t;k→th;k→ts;k→tsh;k→y;k→z	full_realization_isolated	k	k	ཀན;ཀར;ཀི;ཀུན;ཀེ;ཀོང;ཀྱང;ཀླུ;ཀློང;བཀལ;རྐང;རྐོ;སྐད;སྐམ;སྐར;སྐལ;སྐུ;སྐོང;སྐྱོང;སྐྲ		0	0	ཀན:kan↔ཏན:tan || ཀན:kan↔པན:pan || ཀན:kan↔ཕན:phan || ཀན:kan↔ཟན:zan || ཀན:kan↔ཡན:yan || ཀན:kan↔ཤན:San || ཀར:kar↔ཆར:char || ཀར:kar↔ཐར:thar || ཀར:kar↔པར:par || ཀར:kar↔ཚར:tshar || ཀར:kar↔ཡར:yar || ཀར:kar↔སར:sar || ཀི:ki↔གི:gi || ཀི:ki↔ཅི:ci || ཀི:ki↔ཏི:ti || ཀི:ki↔ཙི:tsi || ཀི:ki↔ཛི:dzi || ཀི:ki↔ཡི:yi || ཀི:ki↔རི:ri || ཀུན:kun↔ཆུན:chun || ཀུན:kun↔ཐུན:thun || ཀུན:kun↔ཚུན:tshun || ཀེ:ke↔གེ:ge || ཀེ:ke↔ཏེ:te || ཀེ:ke↔དེ:de || ཀེ:ke↔ནེ:ne || ཀེ:ke↔ཙེ:tse || ཀེ:ke↔ཟེ:ze || ཀེ:ke↔ཡེ:ye || ཀེ:ke↔ལེ:le || ཀེ:ke↔སེ:se || ཀོང:koṅ↔ལོང:loṅ || ཀྱང:kyaṅ↔ཕྱང:phyaṅ || ཀྱང:kyaṅ↔མྱང:myaṅ || ཀླུ:klu↔གླུ:glu || ཀློང:kloṅ↔སློང:sloṅ || བཀལ:bkal↔བཙལ:btsal || རྐང:rkaṅ↔རྨང:rmaṅ || རྐོ:rko↔རྣོ:rno || སྐད:skad↔སྨད:smad || སྐམ:skam↔སྣམ:snam || སྐར:skar↔སྤར:spar || སྐལ:skal↔སྤལ:sbal || སྐུ:sku↔སྤུ:spu || སྐོང:skoṅ↔སྟོང:stoṅ || སྐྱོང:skyoṅ↔སྦྱོང:sbyoṅ || སྐྲ:skra↔སྒྲ:sgra || སྐྲ:skra↔སྨྲ:smra	0	wts_1_34;wts_35_51;wts_8_b;wts_9_m	wts_1_34:1006;wts_1_34:1029;wts_1_34:1032;wts_1_34:1033;wts_1_34:108;wts_1_34:111;wts_1_34:112;wts_1_34:113;wts_1_34:114;wts_1_34:1350;wts_1_34:150;wts_1_34:162;wts_1_34:169;wts_1_34:172;wts_1_34:175;wts_1_34:176;wts_1_34:177;wts_1_34:178;wts_1_34:179;wts_1_34:180;wts_1_34:182;wts_1_34:183;wts_1_34:184;wts_1_34:185;wts_1_34:187;wts_1_34:221;wts_1_34:222;wts_1_34:223;wts_1_34:241;wts_1_34:320;wts_1_34:387;wts_1_34:404;wts_1_34:416;wts_1_34:459;wts_1_34:470;wts_1_34:478;wts_1_34:48;wts_1_34:486;wts_1_34:49;wts_1_34:51;wts_1_34:53;wts_1_34:62;wts_1_34:63;wts_1_34:64;wts_1_34:65;wts_1_34:69;wts_1_34:70;wts_1_34:71;wts_1_34:714;wts_1_34:72;wts_1_34:724;wts_1_34:73;wts_1_34:74;wts_1_34:75;wts_1_34:76;wts_1_34:77;wts_1_34:78;wts_1_34:79;wts_1_34:81;wts_1_34:82;wts_1_34:83;wts_1_34:84;wts_1_34:85;wts_1_34:86;wts_1_34:87;wts_1_34:89;wts_1_34:910;wts_1_34:919;wts_1_34:97;wts_1_34:980;wts_1_34:988;wts_1_34:991;wts_1_34:999;wts_35_51:1019;wts_35_51:1032;wts_35_51:1087;wts_35_51:1113;wts_35_51:1118;wts_35_51:188;wts_35_51:232;wts_35_51:239;wts_35_51:246;wts_35_51:3;wts_35_51:314;wts_35_51:419;wts_35_51:420;wts_35_51:431;wts_35_51:457;wts_35_51:476;wts_35_51:483;wts_35_51:496;wts_35_51:554;wts_35_51:589;wts_35_51:601;wts_35_51:645;wts_35_51:682;wts_35_51:685;wts_35_51:690;wts_35_51:720;wts_35_51:722;wts_35_51:764;wts_35_51:768;wts_35_51:79;wts_35_51:83;wts_35_51:853;wts_35_51:895;wts_35_51:908;wts_8_b:163;wts_8_b:228;wts_8_b:268;wts_8_b:329;wts_8_b:342;wts_8_b:366;wts_8_b:522;wts_8_b:530;wts_8_b:534;wts_8_b:56;wts_8_b:574;wts_9_m:165;wts_9_m:195;wts_9_m:200;wts_9_m:315;wts_9_m:343;wts_9_m:344;wts_9_m:367			ordinary_tibetan_lexical_or_compound	reviewed	feature_reviewed
CORPUS_C73F14A0F088	root_consonant	ཁ	contrastive	k→c;k→p;k→t;k→ts	full_realization_isolated	k	k	ཁབ;ཁམས;ཁར;ཁུག;ཁུགས;ཁུང;ཁུལ;ཁེབ;ཁེབས;ཁེར;ཁེལ;ཁོག;ཁོན;ཁོལ;ཁྱད;ཁྲོམ;མཁར		0	0	ཁབ:khab↔ཐབ:thab || ཁབ:khab↔ཕབ:phab || ཁབ:khab↔ཚབ:tshab || ཁམས:khams↔ཐམས:thams || ཁར:khar↔ཆར:char || ཁར:khar↔ཐར:thar || ཁར:khar↔ཚར:tshar || ཁུག:khug↔ཆུག:chug || ཁུག:khug↔ཕུག:phug || ཁུགས:khugs↔ཕུགས:phugs || ཁུགས:khugs↔ཚུགས:tshugs || ཁུང:khuṅ↔ཆུང:chuṅ || ཁུང:khuṅ↔ཐུང:thuṅ || ཁུལ:khul↔ཐུལ:thul || ཁུལ:khul↔ཕུལ:phul || ཁུལ:khul↔ཚུལ:tshul || ཁེབ:kheb↔ཐེབ:theb || ཁེབས:khebs↔ཐེབས:thebs || ཁེར:kher↔ཆེར:cher || ཁེར:kher↔ཐེར:ther || ཁེལ:khel↔ཐེལ:thel || ཁོག:khog↔ཆོག:chog || ཁོག:khog↔ཐོག:thog || ཁོག:khog↔ཕོག:phog || ཁོན:khon↔ཐོན:thon || ཁོན:khon↔ཕོན:phon || ཁོལ:khol↔ཚོལ:tshol || ཁྱད:khyad↔ཕྱད:phyad || ཁྲོམ:khrom↔ཕྲོམ:phrom || མཁར:mkhar↔མཐར:mthar || མཁར:mkhar↔མཚར:mtshar	0	wts_1_34;wts_35_51;wts_8_b;wts_9_m	wts_1_34:1006;wts_1_34:1032;wts_1_34:1098;wts_1_34:1151;wts_1_34:134;wts_1_34:165;wts_1_34:182;wts_1_34:188;wts_1_34:214;wts_1_34:242;wts_1_34:259;wts_1_34:260;wts_1_34:261;wts_1_34:262;wts_1_34:263;wts_1_34:264;wts_1_34:266;wts_1_34:267;wts_1_34:269;wts_1_34:271;wts_1_34:274;wts_1_34:275;wts_1_34:277;wts_1_34:278;wts_1_34:279;wts_1_34:280;wts_1_34:283;wts_1_34:303;wts_1_34:35;wts_1_34:380;wts_1_34:391;wts_1_34:393;wts_1_34:428;wts_1_34:442;wts_1_34:459;wts_1_34:470;wts_1_34:471;wts_1_34:472;wts_1_34:476;wts_1_34:485;wts_1_34:537;wts_1_34:560;wts_1_34:584;wts_1_34:60;wts_1_34:635;wts_1_34:636;wts_1_34:643;wts_1_34:663;wts_1_34:674;wts_1_34:675;wts_1_34:682;wts_1_34:724;wts_1_34:807;wts_1_34:819;wts_1_34:86;wts_1_34:955;wts_1_34:980;wts_1_34:988;wts_35_51:108;wts_35_51:1087;wts_35_51:112;wts_35_51:183;wts_35_51:188;wts_35_51:190;wts_35_51:195;wts_35_51:24;wts_35_51:241;wts_35_51:30;wts_35_51:414;wts_35_51:421;wts_35_51:497;wts_35_51:549;wts_35_51:616;wts_35_51:62;wts_35_51:63;wts_35_51:636;wts_35_51:679;wts_35_51:722;wts_35_51:817;wts_35_51:867;wts_8_b:119;wts_8_b:163;wts_8_b:196;wts_8_b:240;wts_8_b:255;wts_8_b:262;wts_8_b:316;wts_8_b:317;wts_8_b:343;wts_8_b:348;wts_8_b:509;wts_8_b:53;wts_8_b:533;wts_8_b:542;wts_9_m:195;wts_9_m:208;wts_9_m:234;wts_9_m:248;wts_9_m:287;wts_9_m:302;wts_9_m:321;wts_9_m:353;wts_9_m:359;wts_9_m:367;wts_9_m:388		kh	ordinary_tibetan_lexical_or_compound	provisional	feature_provisional
RESIDUAL_B4DD5F8EE553	root_consonant	ཁ	single_unknown_residual_induction		single_unknown_residual_induction	kh	kh	ཁབ;ཁམས;ཁར;ཁུག;ཁུགས;ཁུང;ཁུལ;ཁོག;ཁོང;ཁོན;ཁོམ;ཁོལ;ཁྱག;ཁྱད;ཁྱབ;ཁྱི;ཁྱིམ;ཁྲག;ཁྲབ;ཁྲམ;ཁྲལ;ཁྲིད;ཁྲིམས;ཁྲོ;ཁྲོག;ཁྲོད;ཁྲོན;ཁྲོམ;ཁྲོལ;མཁན;མཁར;མཁས;མཁྱུད		0	0		0	wts_1_34;wts_35_51;wts_8_b;wts_9_m	wts_1_34:1006;wts_1_34:1010;wts_1_34:1021;wts_1_34:1098;wts_1_34:1131;wts_1_34:1137;wts_1_34:114;wts_1_34:1141;wts_1_34:1151;wts_1_34:1156;wts_1_34:1165;wts_1_34:1166;wts_1_34:1187;wts_1_34:1260;wts_1_34:1298;wts_1_34:134;wts_1_34:147;wts_1_34:163;wts_1_34:165;wts_1_34:176;wts_1_34:178;wts_1_34:182;wts_1_34:188;wts_1_34:214;wts_1_34:221;wts_1_34:222;wts_1_34:242;wts_1_34:259;wts_1_34:260;wts_1_34:261;wts_1_34:262;wts_1_34:263;wts_1_34:264;wts_1_34:266;wts_1_34:267;wts_1_34:269;wts_1_34:274;wts_1_34:275;wts_1_34:277;wts_1_34:278;wts_1_34:279;wts_1_34:280;wts_1_34:281;wts_1_34:282;wts_1_34:283;wts_1_34:284;wts_1_34:285;wts_1_34:290;wts_1_34:292;wts_1_34:293;wts_1_34:294;wts_1_34:296;wts_1_34:297;wts_1_34:298;wts_1_34:301;wts_1_34:302;wts_1_34:303;wts_1_34:304;wts_1_34:313;wts_1_34:35;wts_1_34:355;wts_1_34:380;wts_1_34:391;wts_1_34:442;wts_1_34:459;wts_1_34:470;wts_1_34:471;wts_1_34:472;wts_1_34:501;wts_1_34:51;wts_1_34:560;wts_1_34:584;wts_1_34:591;wts_1_34:60;wts_1_34:601;wts_1_34:62;wts_1_34:636;wts_1_34:663;wts_1_34:674;wts_1_34:675;wts_1_34:682;wts_1_34:724;wts_1_34:742;wts_1_34:755;wts_1_34:762;wts_1_34:784;wts_1_34:807;wts_1_34:819;wts_1_34:83;wts_1_34:86;wts_1_34:874;wts_1_34:93;wts_1_34:94;wts_1_34:955;wts_1_34:980;wts_1_34:988;wts_1_34:989;wts_1_34:994;wts_35_51:1049;wts_35_51:108;wts_35_51:1087;wts_35_51:1094;wts_35_51:112;wts_35_51:174;wts_35_51:183;wts_35_51:188;wts_35_51:190;wts_35_51:195;wts_35_51:215;wts_35_51:216;wts_35_51:225;wts_35_51:229;wts_35_51:232;wts_35_51:241;wts_35_51:251;wts_35_51:270;wts_35_51:378;wts_35_51:381;wts_35_51:388;wts_35_51:408;wts_35_51:414;wts_35_51:421;wts_35_51:476;wts_35_51:477;wts_35_51:497;wts_35_51:549;wts_35_51:555;wts_35_51:562;wts_35_51:571;wts_35_51:616;wts_35_51:62;wts_35_51:63;wts_35_51:636;wts_35_51:713;wts_35_51:722;wts_35_51:725;wts_35_51:729;wts_35_51:734;wts_35_51:744;wts_35_51:754;wts_35_51:775;wts_35_51:793;wts_35_51:801;wts_35_51:817;wts_35_51:818;wts_35_51:867;wts_35_51:883;wts_35_51:909;wts_35_51:953;wts_35_51:961;wts_35_51:970;wts_35_51:99;wts_8_b:102;wts_8_b:119;wts_8_b:160;wts_8_b:161;wts_8_b:163;wts_8_b:196;wts_8_b:240;wts_8_b:255;wts_8_b:262;wts_8_b:276;wts_8_b:287;wts_8_b:317;wts_8_b:343;wts_8_b:348;wts_8_b:474;wts_8_b:485;wts_8_b:509;wts_8_b:53;wts_9_m:100;wts_9_m:101;wts_9_m:155;wts_9_m:195;wts_9_m:201;wts_9_m:208;wts_9_m:234;wts_9_m:238;wts_9_m:248;wts_9_m:274;wts_9_m:278;wts_9_m:281;wts_9_m:287;wts_9_m:288;wts_9_m:302;wts_9_m:315;wts_9_m:321;wts_9_m:343;wts_9_m:353;wts_9_m:359;wts_9_m:367;wts_9_m:369;wts_9_m:385;wts_9_m:386;wts_9_m:388;wts_9_m:392;wts_9_m:393;wts_9_m:79			ordinary_tibetan_lexical_or_compound	high	feature_independent_strong_candidate
CORPUS_A6063072E7A9	root_consonant	ག	contrastive	g→b;g→c;g→d;g→dz;g→l;g→m;g→n;g→ph;g→r;g→s;g→t;g→th;g→ts;g→tsh;g→y;g→z;kh→g;k→g	full_realization_isolated	g	g	གི;གུ;གེ;གོ;གྱིས;གྲང;གྲས;གྲི;གྲུ;གྲོ;གྲོལ;གླང;གླུ;མགར;མགོན;འགྲོ;རྒོལ;སྒྲ		0	0	ཀི:ki↔གི:gi || ཀེ:ke↔གེ:ge || ཀླུ:klu↔གླུ:glu || ཁེ:khe↔གེ:ge || ཁྲོ:khro↔གྲོ:gro || ཁྲོལ:khrol↔གྲོལ:grol || གི:gi↔ཅི:ci || གི:gi↔ཏི:ti || གི:gi↔ཙི:tsi || གི:gi↔ཛི:dzi || གི:gi↔ཡི:yi || གི:gi↔རི:ri || གུ:gu↔ཐུ:thu || གུ:gu↔དུ:du || གུ:gu↔ནུ:nu || གུ:gu↔ཕུ:phu || གུ:gu↔ལུ:lu || གུ:gu↔ཤུ:su || གེ:ge↔ཏེ:te || གེ:ge↔དེ:de || གེ:ge↔ནེ:ne || གེ:ge↔ཙེ:tse || གེ:ge↔ཟེ:ze || གེ:ge↔ཡེ:ye || གེ:ge↔ལེ:le || གེ:ge↔སེ:se || གོ:go↔ངོ:no || གོ:go↔ཅོ:co || གོ:go↔ཐོ:tho || གོ:go↔དོ:do || གོ:go↔མོ:mo || གོ:go↔རོ:ro || གོ:go↔ལོ:lo || གོ:go↔སོ:so || གྱིས:gyis↔ཕྱིས:phyis || གྲང:graṅ↔བྲང:braṅ || གྲས:gras↔ཕྲས:phras || གྲས:gras↔སྲས:sras || གྲི:gri↔བྲི:bri || གྲི:gri↔སྲི:sri || གྲུ:gru↔ཕྲུ:phru || གྲོ:gro↔དྲོ:dro || གྲོ:gro↔བྲོ:bro || གྲོལ:grol↔སྲོལ:srol || གླང:glaṅ↔བླང:blaṅ || མཁར:mkhar↔མགར:mgar || མགར:mgar↔མཐར:mthar || མགར:mgar↔མཚར:mtshar || མགོན:mgon↔མཚོན:mtshon || འགྲོ:gro↔འཕྲོ:phro || རྒོལ:rgol↔རྡོལ:rdol || སྐྲ:skra↔སྒྲ:sgra || སྒྲ:sgra↔སྨྲ:smra	0	wts_1_34;wts_35_51;wts_8_b;wts_9_m	wts_1_34:1000;wts_1_34:1001;wts_1_34:1002;wts_1_34:1021;wts_1_34:1022;wts_1_34:1023;wts_1_34:1024;wts_1_34:1028;wts_1_34:1034;wts_1_34:1038;wts_1_34:1045;wts_1_34:1047;wts_1_34:1048;wts_1_34:1054;wts_1_34:1059;wts_1_34:1110;wts_1_34:116;wts_1_34:1179;wts_1_34:160;wts_1_34:165;wts_1_34:166;wts_1_34:215;wts_1_34:263;wts_1_34:276;wts_1_34:281;wts_1_34:282;wts_1_34:284;wts_1_34:290;wts_1_34:292;wts_1_34:295;wts_1_34:322;wts_1_34:338;wts_1_34:350;wts_1_34:351;wts_1_34:354;wts_1_34:355;wts_1_34:356;wts_1_34:357;wts_1_34:358;wts_1_34:378;wts_1_34:379;wts_1_34:380;wts_1_34:381;wts_1_34:384;wts_1_34:387;wts_1_34:389;wts_1_34:405;wts_1_34:426;wts_1_34:430;wts_1_34:451;wts_1_34:453;wts_1_34:460;wts_1_34:470;wts_1_34:473;wts_1_34:500;wts_1_34:501;wts_1_34:524;wts_1_34:534;wts_1_34:537;wts_1_34:565;wts_1_34:575;wts_1_34:58;wts_1_34:580;wts_1_34:61;wts_1_34:637;wts_1_34:64;wts_1_34:657;wts_1_34:687;wts_1_34:688;wts_1_34:712;wts_1_34:720;wts_1_34:724;wts_1_34:778;wts_1_34:880;wts_1_34:89;wts_1_34:923;wts_1_34:940;wts_1_34:948;wts_1_34:952;wts_1_34:980;wts_1_34:985;wts_1_34:998;wts_35_51:1007;wts_35_51:104;wts_35_51:1040;wts_35_51:1042;wts_35_51:1092;wts_35_51:1100;wts_35_51:232;wts_35_51:236;wts_35_51:304;wts_35_51:305;wts_35_51:34;wts_35_51:360;wts_35_51:389;wts_35_51:390;wts_35_51:421;wts_35_51:465;wts_35_51:53;wts_35_51:550;wts_35_51:573;wts_35_51:679;wts_35_51:685;wts_35_51:689;wts_35_51:690;wts_35_51:694;wts_35_51:702;wts_35_51:738;wts_35_51:739;wts_35_51:800;wts_35_51:826;wts_35_51:847;wts_35_51:868;wts_35_51:881;wts_35_51:882;wts_35_51:885;wts_35_51:901;wts_35_51:903;wts_35_51:915;wts_35_51:92;wts_35_51:935;wts_35_51:941;wts_8_b:13;wts_8_b:163;wts_8_b:185;wts_8_b:206;wts_8_b:22;wts_8_b:251;wts_8_b:27;wts_8_b:326;wts_8_b:343;wts_8_b:344;wts_8_b:348;wts_8_b:349;wts_8_b:360;wts_8_b:362;wts_8_b:39;wts_8_b:401;wts_8_b:410;wts_8_b:434;wts_8_b:437;wts_8_b:456;wts_8_b:563;wts_8_b:575;wts_8_b:68;wts_9_m:128;wts_9_m:149;wts_9_m:150;wts_9_m:165;wts_9_m:173;wts_9_m:175;wts_9_m:176;wts_9_m:186;wts_9_m:19;wts_9_m:226;wts_9_m:273;wts_9_m:288;wts_9_m:321;wts_9_m:395;wts_9_m:55;wts_9_m:61			ordinary_tibetan_lexical_or_compound	reviewed	feature_reviewed
CORPUS_7FD6BA76C32B	root_consonant	ང	contrastive	d→n;d→t	full_realization_isolated	d	d	སྔོད		0	0	སྔོད:sdod↔སྟོད:stod || སྔོད:sdod↔སྣོད:snod	0	wts_1_34;wts_35_51	wts_1_34:915;wts_35_51:299		n	ordinary_tibetan_lexical_or_compound	provisional	feature_provisional
CORPUS_DFD9421F7D7A	root_consonant	ང	contrastive	g→n;n→c;n→ch;n→d;n→l;n→m;n→p;n→r;n→s;n→th;n→tsh	full_realization_isolated	n	n	ངེས;ངོ;ངོས		0	0	གོ:go↔ངོ:no || ངེས:nes↔ཚེས:tshes || ངོ:no↔ཅོ:co || ངོ:no↔ཐོ:tho || ངོ:no↔དོ:do || ངོ:no↔མོ:mo || ངོ:no↔རོ:ro || ངོ:no↔ལོ:lo || ངོ:no↔སོ:so || ངོས:nos↔ཆོས:chos || ངོས:nos↔ཐོས:thos || ངོས:nos↔པོས:pos || ངོས:nos↔ཚོས:tshos	0	wts_1_34;wts_35_51;wts_8_b;wts_9_m	wts_1_34:269;wts_1_34:534;wts_1_34:535;wts_1_34:536;wts_1_34:537;wts_1_34:538;wts_1_34:539;wts_1_34:540;wts_1_34:542;wts_1_34:772;wts_1_34:997;wts_35_51:1088;wts_35_51:34;wts_35_51:638;wts_8_b:164;wts_9_m:165;wts_9_m:281		d	ordinary_tibetan_lexical_or_compound	provisional	feature_provisional
RESIDUAL_F35506200778	root_consonant	ཅ	contrastive	c→d;c→dz;c→h;c→l;c→m;c→n;c→p;c→ph;c→r;c→s;c→t;c→th;c→ts;c→y;g→c;kh→c;k→c;n→c	full_realization_isolated	c	c	གཅད;ཅད;ཅི;ཅིག;ཅིང;ཅོ;ཅོག;བཅད;ལྕག		0	0	ཀི:ki↔ཅི:ci || ཁོག:khog↔ཅོག:cog || གཅད:gcad↔གཏད:gtad || གི:gi↔ཅི:ci || གོ:go↔ཅོ:co || ངོ:no↔ཅོ:co || ཅད:cad↔ཐད:thad || ཅད:cad↔ནད:nad || ཅད:cad↔པད:pad || ཅད:cad↔ཕད:phad || ཅི:ci↔ཏི:ti || ཅི:ci↔ཙི:tsi || ཅི:ci↔ཛི:dzi || ཅི:ci↔ཡི:yi || ཅི:ci↔རི:ri || ཅིག:cig↔ཏིག:tig || ཅིག:cig↔ཐིག:thig || ཅིག:cig↔ཡིག:yig || ཅིག:cig↔རིག:rig || ཅིང:ciṅ↔རིང:riṅ || ཅིང:ciṅ↔ལིང:liṅ || ཅོ:co↔ཐོ:tho || ཅོ:co↔དོ:do || ཅོ:co↔མོ:mo || ཅོ:co↔རོ:ro || ཅོ:co↔ལོ:lo || ཅོ:co↔སོ:so || ཅོག:cog↔ཏོག:tog || ཅོག:cog↔ཐོག:thog || ཅོག:cog↔ཕོག:phog || ཅོག:cog↔རོག:rog || ཅོག:cog↔ལོག:log || ཅོག:cog↔ཤོག:sog || བཅད:bcad↔བཤད:bsad || ལྕག:lcag↔ལྷག:lhag	0	wts_1_34;wts_35_51;wts_8_b;wts_9_m	wts_1_34:1000;wts_1_34:1046;wts_1_34:1180;wts_1_34:126;wts_1_34:138;wts_1_34:163;wts_1_34:215;wts_1_34:243;wts_1_34:271;wts_1_34:54;wts_1_34:579;wts_1_34:580;wts_1_34:581;wts_1_34:585;wts_1_34:586;wts_1_34:590;wts_1_34:600;wts_1_34:601;wts_1_34:610;wts_1_34:611;wts_1_34:678;wts_1_34:97;wts_1_34:985;wts_1_34:989;wts_1_34:995;wts_1_34:996;wts_1_34:997;wts_35_51:1001;wts_35_51:228;wts_35_51:308;wts_35_51:567;wts_35_51:568;wts_35_51:740;wts_35_51:989;wts_8_b:186;wts_8_b:233;wts_8_b:246;wts_8_b:321;wts_8_b:322;wts_8_b:345;wts_8_b:413;wts_8_b:512;wts_9_m:175;wts_9_m:195;wts_9_m:200;wts_9_m:383			ordinary_tibetan_lexical_or_compound	reviewed	feature_reviewed
CORPUS_6AC21E87E783	root_consonant	ཆ	contrastive	c→p;c→t;c→ts;k→c	full_realization_isolated	c	c	ཆག;ཆགས;ཆང;ཆད;ཆར;ཆལ;ཆིག;ཆུག;ཆུང;ཆུད;ཆུན;ཆེན;ཆེར;ཆོག;ཆོས;མཆུ		0	0	ཁར:khar↔ཆར:char || ཁུག:khug↔ཆུག:chug || ཁུང:khuṅ↔ཆུང:chuṅ || ཁེར:kher↔ཆེར:cher || ཁོག:khog↔ཆོག:chog || ཆག:chag↔ཕག:phag || ཆག:chag↔ཚག:tshag || ཆགས:chags↔ཚགས:tshags || ཆང:chaṅ↔ཐང:thaṅ || ཆང:chaṅ↔ཕང:phaṅ || ཆང:chaṅ↔ཚང:tshaṅ || ཆད:chad↔ཐད:thad || ཆད:chad↔ཕད:phad || ཆར:char↔ཐར:thar || ཆར:char↔ཚར:tshar || ཆལ:chal↔ཐལ:thal || ཆིག:chig↔ཐིག:thig || ཆུག:chug↔ཕུག:phug || ཆུང:chuṅ↔ཐུང:thuṅ || ཆུད:chud↔ཕུད:phud || ཆུད:chud↔ཚུད:tshud || ཆུན:chun↔ཐུན:thun || ཆུན:chun↔ཚུན:tshun || ཆེན:chen↔ཐེན:then || ཆེར:cher↔ཐེར:ther || ཆོག:chog↔ཐོག:thog || ཆོག:chog↔ཕོག:phog || ཆོས:chos↔ཐོས:thos || ཆོས:chos↔ཚོས:tshos || མཆུ:mchu↔མཐུ:mthu	0	wts_1_34;wts_35_51;wts_8_b;wts_9_m	wts_1_34:1002;wts_1_34:1011;wts_1_34:1015;wts_1_34:1017;wts_1_34:1019;wts_1_34:1020;wts_1_34:1022;wts_1_34:1024;wts_1_34:1025;wts_1_34:1028;wts_1_34:1036;wts_1_34:1039;wts_1_34:1045;wts_1_34:1046;wts_1_34:1051;wts_1_34:1052;wts_1_34:1054;wts_1_34:1058;wts_1_34:1062;wts_1_34:1068;wts_1_34:1070;wts_1_34:1074;wts_1_34:1089;wts_1_34:112;wts_1_34:1123;wts_1_34:1124;wts_1_34:113;wts_1_34:1131;wts_1_34:1218;wts_1_34:1242;wts_1_34:127;wts_1_34:138;wts_1_34:139;wts_1_34:142;wts_1_34:158;wts_1_34:162;wts_1_34:164;wts_1_34:224;wts_1_34:243;wts_1_34:244;wts_1_34:246;wts_1_34:257;wts_1_34:266;wts_1_34:268;wts_1_34:275;wts_1_34:276;wts_1_34:277;wts_1_34:280;wts_1_34:292;wts_1_34:295;wts_1_34:296;wts_1_34:297;wts_1_34:302;wts_1_34:329;wts_1_34:347;wts_1_34:37;wts_1_34:388;wts_1_34:393;wts_1_34:447;wts_1_34:460;wts_1_34:461;wts_1_34:468;wts_1_34:470;wts_1_34:471;wts_1_34:472;wts_1_34:483;wts_1_34:485;wts_1_34:571;wts_1_34:601;wts_1_34:624;wts_1_34:625;wts_1_34:626;wts_1_34:627;wts_1_34:630;wts_1_34:631;wts_1_34:635;wts_1_34:636;wts_1_34:637;wts_1_34:639;wts_1_34:656;wts_1_34:660;wts_1_34:661;wts_1_34:665;wts_1_34:666;wts_1_34:667;wts_1_34:670;wts_1_34:674;wts_1_34:675;wts_1_34:676;wts_1_34:677;wts_1_34:678;wts_1_34:679;wts_1_34:680;wts_1_34:681;wts_1_34:758;wts_1_34:766;wts_1_34:785;wts_1_34:888;wts_1_34:905;wts_1_34:911;wts_1_34:914;wts_1_34:923;wts_1_34:924;wts_1_34:925;wts_1_34:941;wts_1_34:959;wts_1_34:966;wts_1_34:980;wts_1_34:985;wts_1_34:987;wts_1_34:989;wts_1_34:990;wts_1_34:994;wts_1_34:997;wts_35_51:100;wts_35_51:1002;wts_35_51:1023;wts_35_51:1089;wts_35_51:1091;wts_35_51:1115;wts_35_51:1124;wts_35_51:124;wts_35_51:125;wts_35_51:189;wts_35_51:190;wts_35_51:194;wts_35_51:240;wts_35_51:244;wts_35_51:25;wts_35_51:251;wts_35_51:293;wts_35_51:304;wts_35_51:34;wts_35_51:361;wts_35_51:373;wts_35_51:391;wts_35_51:472;wts_35_51:482;wts_35_51:49;wts_35_51:492;wts_35_51:549;wts_35_51:600;wts_35_51:633;wts_35_51:680;wts_35_51:69;wts_35_51:701;wts_35_51:715;wts_35_51:722;wts_35_51:730;wts_35_51:739;wts_35_51:740;wts_35_51:748;wts_35_51:768;wts_35_51:783;wts_35_51:792;wts_35_51:801;wts_35_51:887;wts_35_51:896;wts_35_51:899;wts_35_51:902;wts_35_51:943;wts_35_51:949;wts_35_51:958;wts_35_51:972;wts_35_51:974;wts_8_b:102;wts_8_b:113;wts_8_b:116;wts_8_b:120;wts_8_b:167;wts_8_b:168;wts_8_b:174;wts_8_b:257;wts_8_b:28;wts_8_b:294;wts_8_b:332;wts_8_b:345;wts_8_b:346;wts_8_b:347;wts_8_b:358;wts_8_b:361;wts_8_b:372;wts_8_b:39;wts_8_b:40;wts_8_b:407;wts_8_b:457;wts_8_b:468;wts_8_b:486;wts_8_b:512;wts_8_b:536;wts_8_b:539;wts_8_b:554;wts_8_b:571;wts_8_b:572;wts_8_b:573;wts_8_b:91;wts_8_b:94;wts_8_b:99;wts_9_m:102;wts_9_m:109;wts_9_m:166;wts_9_m:195;wts_9_m:254;wts_9_m:279;wts_9_m:289;wts_9_m:303;wts_9_m:317;wts_9_m:360;wts_9_m:395;wts_9_m:74		ch	ordinary_tibetan_lexical_or_compound	provisional	feature_provisional
RESIDUAL_59F309DD5F15	root_consonant	ཆ	single_unknown_residual_induction		single_unknown_residual_induction	ch	ch	ཆག;ཆགས;ཆང;ཆད;ཆར;ཆལ;ཆིག;ཆུག;ཆུང;ཆུད;ཆུན;ཆོག;ཆོས;མཆུ;མཆོད		0	0		0	wts_1_34;wts_35_51;wts_8_b;wts_9_m	wts_1_34:1015;wts_1_34:1017;wts_1_34:1022;wts_1_34:1025;wts_1_34:1028;wts_1_34:1036;wts_1_34:1039;wts_1_34:1046;wts_1_34:1051;wts_1_34:1054;wts_1_34:1070;wts_1_34:1089;wts_1_34:1123;wts_1_34:1124;wts_1_34:1131;wts_1_34:1218;wts_1_34:1242;wts_1_34:138;wts_1_34:142;wts_1_34:158;wts_1_34:224;wts_1_34:243;wts_1_34:244;wts_1_34:246;wts_1_34:266;wts_1_34:276;wts_1_34:277;wts_1_34:296;wts_1_34:297;wts_1_34:329;wts_1_34:388;wts_1_34:404;wts_1_34:468;wts_1_34:470;wts_1_34:472;wts_1_34:485;wts_1_34:571;wts_1_34:601;wts_1_34:624;wts_1_34:625;wts_1_34:626;wts_1_34:627;wts_1_34:630;wts_1_34:631;wts_1_34:635;wts_1_34:636;wts_1_34:637;wts_1_34:639;wts_1_34:656;wts_1_34:660;wts_1_34:661;wts_1_34:670;wts_1_34:674;wts_1_34:675;wts_1_34:676;wts_1_34:677;wts_1_34:678;wts_1_34:679;wts_1_34:680;wts_1_34:681;wts_1_34:690;wts_1_34:695;wts_1_34:696;wts_1_34:697;wts_1_34:725;wts_1_34:766;wts_1_34:914;wts_1_34:921;wts_1_34:952;wts_1_34:966;wts_1_34:980;wts_1_34:985;wts_1_34:987;wts_1_34:990;wts_1_34:994;wts_1_34:997;wts_35_51:1002;wts_35_51:1023;wts_35_51:1089;wts_35_51:1091;wts_35_51:1115;wts_35_51:1124;wts_35_51:124;wts_35_51:125;wts_35_51:189;wts_35_51:190;wts_35_51:194;wts_35_51:244;wts_35_51:25;wts_35_51:251;wts_35_51:293;wts_35_51:304;wts_35_51:34;wts_35_51:361;wts_35_51:373;wts_35_51:391;wts_35_51:472;wts_35_51:482;wts_35_51:549;wts_35_51:633;wts_35_51:69;wts_35_51:701;wts_35_51:715;wts_35_51:730;wts_35_51:739;wts_35_51:740;wts_35_51:748;wts_35_51:783;wts_35_51:792;wts_35_51:801;wts_35_51:887;wts_35_51:896;wts_35_51:902;wts_35_51:943;wts_35_51:949;wts_35_51:958;wts_35_51:972;wts_35_51:974;wts_8_b:102;wts_8_b:116;wts_8_b:120;wts_8_b:174;wts_8_b:28;wts_8_b:294;wts_8_b:345;wts_8_b:347;wts_8_b:358;wts_8_b:361;wts_8_b:372;wts_8_b:39;wts_8_b:40;wts_8_b:407;wts_8_b:413;wts_8_b:457;wts_8_b:486;wts_8_b:512;wts_8_b:539;wts_8_b:554;wts_8_b:571;wts_8_b:572;wts_8_b:573;wts_8_b:91;wts_8_b:99;wts_9_m:128;wts_9_m:129;wts_9_m:195;wts_9_m:254;wts_9_m:279;wts_9_m:289;wts_9_m:303;wts_9_m:360;wts_9_m:361;wts_9_m:395			ordinary_tibetan_lexical_or_compound	high	feature_independent_strong_candidate
CORPUS_955627964517	root_consonant	ཇ	contrastive	j→dz;j→th;j→ts;j→w;j→z	full_realization_isolated	j	j	ཇ;མཇུག		0	0	ཇ:ja↔ཙ:tsa || ཇ:ja↔ཛ:dza || ཇ:ja↔ཝ:wa || ཇ:ja↔ཟ:za || མཇུག:mjug↔མཐུག:mthug	0	wts_1_34;wts_35_51	wts_1_34:707;wts_1_34:717;wts_1_34:778;wts_35_51:233;wts_35_51:856			ordinary_tibetan_lexical_or_compound	provisional	feature_provisional
ROOT_NYA_TO_NTILDE	root_consonant	ཉ	contrastive	ch→ñ;kh→ñ;ñ→l;ñ→n;ñ→p;ñ→ph;ñ→th;ñ→tsh	full_realization_isolated	ñ	ñ	ཉག;ཉུང		0	0	ཁུང:khuṅ↔ཉུང:ñuṅ || ཆག:chag↔ཉག:ñag || ཆུང:chuṅ↔ཉུང:ñuṅ || ཉག:ñag↔ནག:nag || ཉག:ñag↔པག:pag || ཉག:ñag↔ཕག:phag || ཉག:ñag↔ཚག:tshag || ཉག:ñag↔ལག:lag || ཉུང:ñuṅ↔ཐུང:thuṅ || ཉུང:ñuṅ↔ལུང:luṅ	0	wts_1_34;wts_35_51;wts_8_b;wts_9_m	wts_35_51:778;wts_8_b:153;wts_8_b:243;wts_8_b:487;wts_9_m:113;wts_9_m:61			ordinary_tibetan_lexical_or_compound	reviewed	feature_reviewed
RESIDUAL_381523970DB6	root_consonant	ཏ	contrastive	ch→t;c→t;d→t;g→t;kh→t;k→t;t→S;t→b;t→d;t→dz;t→l;t→m;t→n;t→p;t→ph;t→r;t→s;t→y;t→z	full_realization_isolated	t	t	གཏད;གཏུམ;གཏོང;ཏན;ཏི;ཏིག;ཏེ;ཏོག;ཏྲ;བཏང;བརྟོལ;རྟ;རྟུལ;རྟོག;རྟོགས;སྟོང;སྟོད		0	0	ཀན:kan↔ཏན:tan || ཀི:ki↔ཏི:ti || ཀེ:ke↔ཏེ:te || ཁེ:khe↔ཏེ:te || ཁོག:khog↔ཏོག:tog || གཅད:gcad↔གཏད:gtad || གཏུམ:gtum↔གསུམ:gsum || གཏོང:gtoṅ↔གདོང:gdoṅ || གི:gi↔ཏི:ti || གེ:ge↔ཏེ:te || ཅི:ci↔ཏི:ti || ཅིག:cig↔ཏིག:tig || ཅོག:cog↔ཏོག:tog || ཆིག:chig↔ཏིག:tig || ཆོག:chog↔ཏོག:tog || ཏན:tan↔པན:pan || ཏན:tan↔ཕན:phan || ཏན:tan↔ཟན:zan || ཏན:tan↔ཡན:yan || ཏན:tan↔ཤན:San || ཏི:ti↔ཛི:dzi || ཏི:ti↔ཡི:yi || ཏི:ti↔རི:ri || ཏིག:tig↔ཡིག:yig || ཏིག:tig↔རིག:rig || ཏེ:te↔དེ:de || ཏེ:te↔ནེ:ne || ཏེ:te↔ཟེ:ze || ཏེ:te↔ཡེ:ye || ཏེ:te↔ལེ:le || ཏེ:te↔སེ:se || ཏོག:tog↔ཕོག:phog || ཏོག:tog↔རོག:rog || ཏོག:tog↔ལོག:log || ཏོག:tog↔ཤོག:sog || ཏྲ:tra↔ཕྲ:phra || བཏང:btaṅ↔བཟང:bzaṅ || བརྟོལ:brtol↔བརྡོལ:brdol || རྟ:rta↔རྦ:rba || རྟ:rta↔རྨ:rma || རྟུལ:rtul↔རྡུལ:rdul || རྟོག:rtog↔རྡོག:rdog || རྟོགས:rtogs↔རྫོགས:rdzogs || སྐོང:skoṅ↔སྟོང:stoṅ || སྔོད:sdod↔སྟོད:stod || སྟོད:stod↔སྡོད:sdod || སྟོད:stod↔སྣོད:snod	0	wts_1_34;wts_35_51;wts_8_b;wts_9_m	wts_1_34:1012;wts_1_34:1051;wts_1_34:1058;wts_1_34:1064;wts_1_34:109;wts_1_34:1143;wts_1_34:115;wts_1_34:1202;wts_1_34:1276;wts_1_34:1279;wts_1_34:1281;wts_1_34:1308;wts_1_34:1323;wts_1_34:1343;wts_1_34:156;wts_1_34:166;wts_1_34:245;wts_1_34:255;wts_1_34:282;wts_1_34:295;wts_1_34:298;wts_1_34:338;wts_1_34:349;wts_1_34:356;wts_1_34:404;wts_1_34:424;wts_1_34:434;wts_1_34:453;wts_1_34:460;wts_1_34:461;wts_1_34:462;wts_1_34:47;wts_1_34:508;wts_1_34:525;wts_1_34:526;wts_1_34:535;wts_1_34:544;wts_1_34:55;wts_1_34:551;wts_1_34:553;wts_1_34:58;wts_1_34:593;wts_1_34:597;wts_1_34:602;wts_1_34:640;wts_1_34:645;wts_1_34:646;wts_1_34:69;wts_1_34:72;wts_1_34:745;wts_1_34:77;wts_1_34:78;wts_1_34:793;wts_1_34:873;wts_1_34:874;wts_1_34:880;wts_1_34:883;wts_1_34:909;wts_1_34:910;wts_1_34:911;wts_1_34:912;wts_1_34:913;wts_1_34:914;wts_1_34:920;wts_1_34:923;wts_1_34:924;wts_1_34:925;wts_1_34:928;wts_1_34:933;wts_1_34:955;wts_1_34:966;wts_1_34:967;wts_1_34:982;wts_35_51:100;wts_35_51:1028;wts_35_51:1068;wts_35_51:1106;wts_35_51:125;wts_35_51:127;wts_35_51:382;wts_35_51:392;wts_35_51:415;wts_35_51:422;wts_35_51:423;wts_35_51:425;wts_35_51:457;wts_35_51:465;wts_35_51:559;wts_35_51:578;wts_35_51:624;wts_35_51:626;wts_35_51:65;wts_35_51:693;wts_35_51:699;wts_35_51:720;wts_35_51:722;wts_35_51:723;wts_35_51:73;wts_35_51:810;wts_35_51:82;wts_35_51:828;wts_35_51:839;wts_35_51:878;wts_35_51:881;wts_35_51:884;wts_35_51:91;wts_35_51:926;wts_35_51:954;wts_35_51:981;wts_8_b:100;wts_8_b:111;wts_8_b:112;wts_8_b:155;wts_8_b:185;wts_8_b:194;wts_8_b:295;wts_8_b:321;wts_8_b:322;wts_8_b:336;wts_8_b:349;wts_8_b:358;wts_8_b:401;wts_8_b:499;wts_8_b:524;wts_8_b:540;wts_8_b:544;wts_8_b:557;wts_8_b:56;wts_8_b:91;wts_9_m:115;wts_9_m:128;wts_9_m:132;wts_9_m:152;wts_9_m:153;wts_9_m:184;wts_9_m:213;wts_9_m:216;wts_9_m:217;wts_9_m:254;wts_9_m:26;wts_9_m:281;wts_9_m:312;wts_9_m:317;wts_9_m:332			ordinary_tibetan_lexical_or_compound	reviewed	feature_reviewed
CORPUS_EC30A49B4F20	root_consonant	ཐ	contrastive	h→s;→h	contrastive_delta_only;full_realization_isolated	h	h	ཐམ		0	0	ཐམ:tham↔ཙམ:tsam	0	wts_1_34;wts_35_51	wts_1_34:140;wts_1_34:148;wts_1_34:246;wts_1_34:37;wts_1_34:470;wts_1_34:995;wts_35_51:100;wts_35_51:820		t;th	ordinary_tibetan_lexical_or_compound	provisional	feature_provisional
CORPUS_30B760A14C46	root_consonant	ཐ	contrastive	c→t;k→t;t→p	full_realization_isolated	t	t	ཐང;ཐད;ཐབ;ཐམ;ཐམས;ཐར;ཐལ;ཐིག;ཐུ;ཐུང;ཐུན;ཐུབ;ཐུར;ཐུལ;ཐེན;ཐེབ;ཐེབས;ཐེར;ཐེལ;ཐོག;ཐོད;ཐོན;ཐོར;ཐོས;མཐར;མཐུ		0	0	ཁབ:khab↔ཐབ:thab || ཁམས:khams↔ཐམས:thams || ཁར:khar↔ཐར:thar || ཁུང:khuṅ↔ཐུང:thuṅ || ཁུལ:khul↔ཐུལ:thul || ཁེབ:kheb↔ཐེབ:theb || ཁེབས:khebs↔ཐེབས:thebs || ཁེར:kher↔ཐེར:ther || ཁེལ:khel↔ཐེལ:thel || ཁོག:khog↔ཐོག:thog || ཁོན:khon↔ཐོན:thon || ཆང:chaṅ↔ཐང:thaṅ || ཆད:chad↔ཐད:thad || ཆར:char↔ཐར:thar || ཆལ:chal↔ཐལ:thal || ཆིག:chig↔ཐིག:thig || ཆུང:chuṅ↔ཐུང:thuṅ || ཆུན:chun↔ཐུན:thun || ཆེན:chen↔ཐེན:then || ཆེར:cher↔ཐེར:ther || ཆོག:chog↔ཐོག:thog || ཆོས:chos↔ཐོས:thos || ཐང:thaṅ↔ཕང:phaṅ || ཐད:thad↔ཕད:phad || ཐབ:thab↔ཕབ:phab || ཐམ:tham↔ཕམ:pham || ཐུ:thu↔ཕུ:phu || ཐུབ:thub↔ཕུབ:phub || ཐུར:thur↔ཕུར:phur || ཐུལ:thul↔ཕུལ:phul || ཐོག:thog↔ཕོག:phog || ཐོད:thod↔ཕོད:phod || ཐོན:thon↔ཕོན:phon || ཐོར:thor↔ཕོར:phor || མཁར:mkhar↔མཐར:mthar || མཆུ:mchu↔མཐུ:mthu	0	wts_1_34;wts_35_51;wts_8_b;wts_9_m	wts_1_34:1000;wts_1_34:1001;wts_1_34:1002;wts_1_34:1003;wts_1_34:1004;wts_1_34:1005;wts_1_34:1006;wts_1_34:1012;wts_1_34:1017;wts_1_34:1018;wts_1_34:1019;wts_1_34:1020;wts_1_34:1021;wts_1_34:1022;wts_1_34:1026;wts_1_34:1027;wts_1_34:1028;wts_1_34:1029;wts_1_34:1032;wts_1_34:1033;wts_1_34:1034;wts_1_34:1037;wts_1_34:1038;wts_1_34:1039;wts_1_34:1040;wts_1_34:1046;wts_1_34:1047;wts_1_34:1048;wts_1_34:1049;wts_1_34:1054;wts_1_34:1055;wts_1_34:1058;wts_1_34:1059;wts_1_34:1106;wts_1_34:113;wts_1_34:1132;wts_1_34:1167;wts_1_34:1180;wts_1_34:1181;wts_1_34:119;wts_1_34:120;wts_1_34:1209;wts_1_34:122;wts_1_34:1238;wts_1_34:1294;wts_1_34:1298;wts_1_34:140;wts_1_34:148;wts_1_34:194;wts_1_34:211;wts_1_34:215;wts_1_34:228;wts_1_34:237;wts_1_34:246;wts_1_34:257;wts_1_34:266;wts_1_34:267;wts_1_34:279;wts_1_34:284;wts_1_34:287;wts_1_34:295;wts_1_34:326;wts_1_34:338;wts_1_34:352;wts_1_34:356;wts_1_34:37;wts_1_34:384;wts_1_34:388;wts_1_34:407;wts_1_34:420;wts_1_34:429;wts_1_34:454;wts_1_34:456;wts_1_34:466;wts_1_34:470;wts_1_34:471;wts_1_34:485;wts_1_34:489;wts_1_34:491;wts_1_34:504;wts_1_34:52;wts_1_34:534;wts_1_34:538;wts_1_34:56;wts_1_34:565;wts_1_34:579;wts_1_34:628;wts_1_34:639;wts_1_34:646;wts_1_34:659;wts_1_34:664;wts_1_34:678;wts_1_34:695;wts_1_34:712;wts_1_34:746;wts_1_34:759;wts_1_34:777;wts_1_34:778;wts_1_34:786;wts_1_34:87;wts_1_34:896;wts_1_34:898;wts_1_34:911;wts_1_34:916;wts_1_34:917;wts_1_34:930;wts_1_34:948;wts_1_34:956;wts_1_34:960;wts_1_34:990;wts_1_34:991;wts_1_34:992;wts_1_34:995;wts_1_34:996;wts_1_34:997;wts_1_34:998;wts_1_34:999;wts_35_51:100;wts_35_51:1009;wts_35_51:104;wts_35_51:120;wts_35_51:209;wts_35_51:226;wts_35_51:238;wts_35_51:245;wts_35_51:286;wts_35_51:292;wts_35_51:30;wts_35_51:406;wts_35_51:416;wts_35_51:422;wts_35_51:425;wts_35_51:426;wts_35_51:433;wts_35_51:465;wts_35_51:499;wts_35_51:50;wts_35_51:500;wts_35_51:559;wts_35_51:560;wts_35_51:567;wts_35_51:568;wts_35_51:618;wts_35_51:64;wts_35_51:642;wts_35_51:723;wts_35_51:725;wts_35_51:745;wts_35_51:783;wts_35_51:789;wts_35_51:792;wts_35_51:798;wts_35_51:82;wts_35_51:820;wts_35_51:859;wts_35_51:868;wts_35_51:882;wts_35_51:883;wts_35_51:904;wts_8_b:109;wts_8_b:113;wts_8_b:147;wts_8_b:174;wts_8_b:227;wts_8_b:253;wts_8_b:277;wts_8_b:285;wts_8_b:304;wts_8_b:347;wts_8_b:348;wts_8_b:349;wts_8_b:357;wts_8_b:374;wts_8_b:420;wts_8_b:445;wts_8_b:540;wts_8_b:542;wts_8_b:56;wts_8_b:69;wts_9_m:150;wts_9_m:176;wts_9_m:195;wts_9_m:218;wts_9_m:225;wts_9_m:227;wts_9_m:258;wts_9_m:26;wts_9_m:27;wts_9_m:281;wts_9_m:303;wts_9_m:359;wts_9_m:361;wts_9_m:362;wts_9_m:372;wts_9_m:374;wts_9_m:62;wts_9_m:63		h;th	ordinary_tibetan_lexical_or_compound	provisional	feature_provisional
RESIDUAL_9DD158EE4F10	root_consonant	ཐ	single_unknown_residual_induction		single_unknown_residual_induction	th	th	ཐང;ཐད;ཐབ;ཐབས;ཐམ;ཐམས;ཐར;ཐལ;ཐིག;ཐུ;ཐུང;ཐུན;ཐུབ;ཐུམ;ཐུར;ཐུལ;ཐོ;ཐོག;ཐོད;ཐོན;ཐོབ;ཐོར;ཐོས;མཐར;མཐིལ;མཐུ;མཐུག;མཐུད;མཐུན;མཐོ;མཐོང		0	0		0	wts_1_34;wts_35_51;wts_8_b;wts_9_m	wts_1_34:1000;wts_1_34:1001;wts_1_34:1002;wts_1_34:1003;wts_1_34:1004;wts_1_34:1005;wts_1_34:1006;wts_1_34:1012;wts_1_34:1014;wts_1_34:1017;wts_1_34:1018;wts_1_34:1019;wts_1_34:1020;wts_1_34:1021;wts_1_34:1022;wts_1_34:1029;wts_1_34:1030;wts_1_34:1032;wts_1_34:1033;wts_1_34:1034;wts_1_34:1037;wts_1_34:1038;wts_1_34:1039;wts_1_34:1040;wts_1_34:1045;wts_1_34:1046;wts_1_34:1047;wts_1_34:1048;wts_1_34:1049;wts_1_34:1054;wts_1_34:1055;wts_1_34:1057;wts_1_34:1058;wts_1_34:1059;wts_1_34:1060;wts_1_34:1061;wts_1_34:1063;wts_1_34:1064;wts_1_34:1067;wts_1_34:1106;wts_1_34:113;wts_1_34:1132;wts_1_34:1151;wts_1_34:1167;wts_1_34:1180;wts_1_34:1181;wts_1_34:119;wts_1_34:120;wts_1_34:1209;wts_1_34:122;wts_1_34:1263;wts_1_34:1264;wts_1_34:1277;wts_1_34:1294;wts_1_34:1298;wts_1_34:140;wts_1_34:148;wts_1_34:157;wts_1_34:160;wts_1_34:174;wts_1_34:196;wts_1_34:211;wts_1_34:213;wts_1_34:215;wts_1_34:217;wts_1_34:228;wts_1_34:233;wts_1_34:237;wts_1_34:246;wts_1_34:248;wts_1_34:257;wts_1_34:266;wts_1_34:267;wts_1_34:279;wts_1_34:284;wts_1_34:287;wts_1_34:295;wts_1_34:326;wts_1_34:331;wts_1_34:338;wts_1_34:352;wts_1_34:356;wts_1_34:37;wts_1_34:373;wts_1_34:382;wts_1_34:384;wts_1_34:388;wts_1_34:390;wts_1_34:393;wts_1_34:407;wts_1_34:420;wts_1_34:429;wts_1_34:454;wts_1_34:456;wts_1_34:466;wts_1_34:468;wts_1_34:470;wts_1_34:482;wts_1_34:485;wts_1_34:489;wts_1_34:491;wts_1_34:504;wts_1_34:52;wts_1_34:527;wts_1_34:534;wts_1_34:538;wts_1_34:541;wts_1_34:551;wts_1_34:553;wts_1_34:565;wts_1_34:579;wts_1_34:593;wts_1_34:620;wts_1_34:628;wts_1_34:630;wts_1_34:639;wts_1_34:646;wts_1_34:659;wts_1_34:664;wts_1_34:678;wts_1_34:712;wts_1_34:717;wts_1_34:73;wts_1_34:734;wts_1_34:743;wts_1_34:746;wts_1_34:753;wts_1_34:759;wts_1_34:777;wts_1_34:778;wts_1_34:78;wts_1_34:786;wts_1_34:791;wts_1_34:809;wts_1_34:816;wts_1_34:828;wts_1_34:87;wts_1_34:911;wts_1_34:928;wts_1_34:948;wts_1_34:956;wts_1_34:960;wts_1_34:990;wts_1_34:991;wts_1_34:992;wts_1_34:993;wts_1_34:994;wts_1_34:995;wts_1_34:996;wts_1_34:997;wts_1_34:998;wts_1_34:999;wts_35_51:100;wts_35_51:104;wts_35_51:1052;wts_35_51:1094;wts_35_51:1124;wts_35_51:120;wts_35_51:147;wts_35_51:192;wts_35_51:205;wts_35_51:209;wts_35_51:210;wts_35_51:226;wts_35_51:232;wts_35_51:238;wts_35_51:245;wts_35_51:248;wts_35_51:286;wts_35_51:30;wts_35_51:312;wts_35_51:32;wts_35_51:382;wts_35_51:416;wts_35_51:422;wts_35_51:425;wts_35_51:426;wts_35_51:433;wts_35_51:465;wts_35_51:499;wts_35_51:50;wts_35_51:501;wts_35_51:559;wts_35_51:560;wts_35_51:567;wts_35_51:568;wts_35_51:618;wts_35_51:64;wts_35_51:642;wts_35_51:710;wts_35_51:720;wts_35_51:723;wts_35_51:725;wts_35_51:73;wts_35_51:745;wts_35_51:783;wts_35_51:789;wts_35_51:792;wts_35_51:798;wts_35_51:82;wts_35_51:820;wts_35_51:821;wts_35_51:859;wts_35_51:882;wts_35_51:883;wts_35_51:888;wts_35_51:904;wts_35_51:912;wts_35_51:981;wts_8_b:109;wts_8_b:113;wts_8_b:119;wts_8_b:147;wts_8_b:148;wts_8_b:174;wts_8_b:185;wts_8_b:227;wts_8_b:253;wts_8_b:277;wts_8_b:285;wts_8_b:295;wts_8_b:304;wts_8_b:322;wts_8_b:325;wts_8_b:347;wts_8_b:348;wts_8_b:349;wts_8_b:357;wts_8_b:374;wts_8_b:382;wts_8_b:418;wts_8_b:420;wts_8_b:46;wts_8_b:487;wts_8_b:490;wts_8_b:495;wts_8_b:540;wts_8_b:542;wts_8_b:56;wts_8_b:69;wts_9_m:117;wts_9_m:150;wts_9_m:176;wts_9_m:195;wts_9_m:218;wts_9_m:225;wts_9_m:227;wts_9_m:235;wts_9_m:258;wts_9_m:26;wts_9_m:27;wts_9_m:281;wts_9_m:303;wts_9_m:359;wts_9_m:361;wts_9_m:362;wts_9_m:372;wts_9_m:374;wts_9_m:62;wts_9_m:63			ordinary_tibetan_lexical_or_compound	high	feature_independent_strong_candidate
RESIDUAL_C2670784C902	root_consonant	ད	contrastive	c→d;d→b;d→l;d→m;d→n;d→ph;d→r;d→s;d→ts;d→y;d→z;d→ź;g→d;kh→d;k→d;n→d;th→d;t→d	full_realization_isolated	d	d	གདུང;གདོང;གདོན;དུ;དེ;དོ;དྲུག;དྲོ;དྲོད;བདུན;བརྡོལ;རྡལ;རྡུལ;རྡོག;རྡོལ;སྡེ;སྡོད;སྡོམ		0	0	ཀེ:ke↔དེ:de || ཁེ:khe↔དེ:de || ཁྲོ:khro↔དྲོ:dro || ཁྲོད:khrod↔དྲོད:drod || གཏོང:gtoṅ↔གདོང:gdoṅ || གདུང:gduṅ↔གཞུང:gźuṅ || གདུང:gduṅ↔གསུང:gsuṅ || གདོན:gdon↔གནོན:gnon || གུ:gu↔དུ:du || གེ:ge↔དེ:de || གོ:go↔དོ:do || གྲོ:gro↔དྲོ:dro || ངོ:no↔དོ:do || ཅོ:co↔དོ:do || ཏེ:te↔དེ:de || ཐུ:thu↔དུ:du || ཐོ:tho↔དོ:do || དུ:du↔ནུ:nu || དུ:du↔ཕུ:phu || དུ:du↔ལུ:lu || དུ:du↔ཤུ:su || དེ:de↔ནེ:ne || དེ:de↔ཙེ:tse || དེ:de↔ཟེ:ze || དེ:de↔ཡེ:ye || དེ:de↔ལེ:le || དེ:de↔སེ:se || དོ:do↔མོ:mo || དོ:do↔རོ:ro || དོ:do↔ལོ:lo || དོ:do↔སོ:so || དྲུག:drug↔ཕྲུག:phrug || དྲོ:dro↔བྲོ:bro || བདུན:bdun↔བཙུན:btsun || བརྟོལ:brtol↔བརྡོལ:brdol || རྒོལ:rgol↔རྡོལ:rdol || རྟུལ:rtul↔རྡུལ:rdul || རྟོག:rtog↔རྡོག:rdog || རྡལ:rdal↔རྩལ:rtsal || སྟོད:stod↔སྡོད:sdod || སྡེ:sde↔སྣེ:sne || སྡོད:sdod↔སྣོད:snod || སྡོམ:sdom↔སྤོམ:sbom	0	wts_1_34;wts_35_51;wts_8_b;wts_9_m	wts_1_34:1003;wts_1_34:1015;wts_1_34:1018;wts_1_34:1021;wts_1_34:1052;wts_1_34:1085;wts_1_34:1087;wts_1_34:1106;wts_1_34:1143;wts_1_34:116;wts_1_34:1178;wts_1_34:118;wts_1_34:1180;wts_1_34:1182;wts_1_34:1199;wts_1_34:1200;wts_1_34:1201;wts_1_34:1202;wts_1_34:1203;wts_1_34:1208;wts_1_34:1209;wts_1_34:1218;wts_1_34:1219;wts_1_34:122;wts_1_34:1221;wts_1_34:1222;wts_1_34:1223;wts_1_34:1224;wts_1_34:1228;wts_1_34:1229;wts_1_34:1230;wts_1_34:1237;wts_1_34:1240;wts_1_34:1244;wts_1_34:1246;wts_1_34:1247;wts_1_34:1248;wts_1_34:1289;wts_1_34:1325;wts_1_34:1331;wts_1_34:1332;wts_1_34:1333;wts_1_34:1345;wts_1_34:1348;wts_1_34:140;wts_1_34:158;wts_1_34:162;wts_1_34:166;wts_1_34:194;wts_1_34:251;wts_1_34:262;wts_1_34:295;wts_1_34:313;wts_1_34:383;wts_1_34:387;wts_1_34:399;wts_1_34:467;wts_1_34:52;wts_1_34:552;wts_1_34:563;wts_1_34:601;wts_1_34:621;wts_1_34:648;wts_1_34:686;wts_1_34:73;wts_1_34:756;wts_1_34:784;wts_1_34:785;wts_1_34:886;wts_1_34:912;wts_1_34:952;wts_1_34:98;wts_1_34:982;wts_1_34:991;wts_35_51:1;wts_35_51:1009;wts_35_51:1048;wts_35_51:108;wts_35_51:1097;wts_35_51:1105;wts_35_51:1113;wts_35_51:1114;wts_35_51:120;wts_35_51:174;wts_35_51:2;wts_35_51:223;wts_35_51:224;wts_35_51:225;wts_35_51:226;wts_35_51:227;wts_35_51:228;wts_35_51:24;wts_35_51:248;wts_35_51:249;wts_35_51:25;wts_35_51:251;wts_35_51:26;wts_35_51:285;wts_35_51:286;wts_35_51:289;wts_35_51:290;wts_35_51:291;wts_35_51:299;wts_35_51:302;wts_35_51:312;wts_35_51:33;wts_35_51:34;wts_35_51:35;wts_35_51:36;wts_35_51:377;wts_35_51:38;wts_35_51:389;wts_35_51:39;wts_35_51:392;wts_35_51:393;wts_35_51:394;wts_35_51:407;wts_35_51:423;wts_35_51:425;wts_35_51:429;wts_35_51:451;wts_35_51:494;wts_35_51:523;wts_35_51:526;wts_35_51:624;wts_35_51:639;wts_35_51:646;wts_35_51:649;wts_35_51:723;wts_35_51:73;wts_35_51:730;wts_35_51:733;wts_35_51:74;wts_35_51:764;wts_35_51:770;wts_35_51:785;wts_35_51:876;wts_35_51:878;wts_35_51:916;wts_35_51:926;wts_35_51:981;wts_35_51:982;wts_35_51:984;wts_35_51:990;wts_8_b:105;wts_8_b:163;wts_8_b:174;wts_8_b:186;wts_8_b:295;wts_8_b:326;wts_8_b:348;wts_8_b:349;wts_8_b:350;wts_8_b:351;wts_8_b:357;wts_8_b:358;wts_8_b:362;wts_8_b:452;wts_8_b:468;wts_8_b:93;wts_8_b:97;wts_9_m:118;wts_9_m:167;wts_9_m:177;wts_9_m:218;wts_9_m:254;wts_9_m:332;wts_9_m:358;wts_9_m:371;wts_9_m:44;wts_9_m:56;wts_9_m:62;wts_9_m:63;wts_9_m:64			ordinary_tibetan_lexical_or_compound	reviewed	feature_reviewed
CORPUS_7F051B17DE73	root_consonant	ན	contrastive	ch→n;c→n;d→n;g→n;kh→n;k→n;n→l;n→p;n→ph;n→s;n→ts;n→tsh;n→y;n→z;th→n;t→n;ñ→n	full_realization_isolated	n	n	གནོན;ནག;ནགས;ནད;ནམ;ནུ;ནེ;ནོན;ནོར;རྣོ;སྣམ;སྣེ;སྣོད		0	0	ཀེ:ke↔ནེ:ne || ཁེ:khe↔ནེ:ne || ཁོན:khon↔ནོན:non || གདོན:gdon↔གནོན:gnon || གུ:gu↔ནུ:nu || གེ:ge↔ནེ:ne || ཅད:cad↔ནད:nad || ཆག:chag↔ནག:nag || ཆགས:chags↔ནགས:nags || ཆད:chad↔ནད:nad || ཉག:ñag↔ནག:nag || ཏེ:te↔ནེ:ne || ཐད:thad↔ནད:nad || ཐམ:tham↔ནམ:nam || ཐུ:thu↔ནུ:nu || ཐོན:thon↔ནོན:non || ཐོར:thor↔ནོར:nor || དུ:du↔ནུ:nu || དེ:de↔ནེ:ne || ནག:nag↔པག:pag || ནག:nag↔ཕག:phag || ནག:nag↔ཚག:tshag || ནག:nag↔ལག:lag || ནགས:nags↔པགས:pags || ནགས:nags↔ཚགས:tshags || ནད:nad↔པད:pad || ནད:nad↔ཕད:phad || ནམ:nam↔ཕམ:pham || ནམ:nam↔ཙམ:tsam || ནམ:nam↔ལམ:lam || ནུ:nu↔ཕུ:phu || ནུ:nu↔ལུ:lu || ནུ:nu↔ཤུ:su || ནེ:ne↔ཙེ:tse || ནེ:ne↔ཟེ:ze || ནེ:ne↔ཡེ:ye || ནེ:ne↔ལེ:le || ནེ:ne↔སེ:se || ནོན:non↔ཕོན:phon || ནོན:non↔ཡོན:yon || ནོར:nor↔པོར:por || ནོར:nor↔ཕོར:phor || ནོར:nor↔ཟོར:zor || ནོར:nor↔ཤོར:sor || ནོར:nor↔སོར:sor || རྐོ:rko↔རྣོ:rno || སྐམ:skam↔སྣམ:snam || སྔོད:sdod↔སྣོད:snod || སྟོད:stod↔སྣོད:snod || སྡེ:sde↔སྣེ:sne || སྡོད:sdod↔སྣོད:snod	0	wts_1_34;wts_35_51;wts_8_b;wts_9_m	wts_1_34:1002;wts_1_34:1021;wts_1_34:1030;wts_1_34:1045;wts_1_34:1046;wts_1_34:1056;wts_1_34:1064;wts_1_34:1068;wts_1_34:1115;wts_1_34:1350;wts_1_34:141;wts_1_34:161;wts_1_34:167;wts_1_34:248;wts_1_34:259;wts_1_34:268;wts_1_34:281;wts_1_34:284;wts_1_34:297;wts_1_34:335;wts_1_34:360;wts_1_34:373;wts_1_34:468;wts_1_34:482;wts_1_34:568;wts_1_34:594;wts_1_34:635;wts_1_34:636;wts_1_34:684;wts_1_34:702;wts_1_34:778;wts_1_34:784;wts_1_34:796;wts_1_34:822;wts_1_34:88;wts_1_34:915;wts_35_51:1020;wts_35_51:1023;wts_35_51:1069;wts_35_51:174;wts_35_51:230;wts_35_51:240;wts_35_51:258;wts_35_51:3;wts_35_51:373;wts_35_51:375;wts_35_51:377;wts_35_51:378;wts_35_51:379;wts_35_51:380;wts_35_51:381;wts_35_51:382;wts_35_51:383;wts_35_51:406;wts_35_51:407;wts_35_51:408;wts_35_51:409;wts_35_51:410;wts_35_51:411;wts_35_51:412;wts_35_51:413;wts_35_51:418;wts_35_51:419;wts_35_51:420;wts_35_51:421;wts_35_51:422;wts_35_51:423;wts_35_51:424;wts_35_51:425;wts_35_51:426;wts_35_51:427;wts_35_51:428;wts_35_51:429;wts_35_51:430;wts_35_51:431;wts_35_51:451;wts_35_51:453;wts_35_51:465;wts_35_51:466;wts_35_51:472;wts_35_51:476;wts_35_51:477;wts_35_51:478;wts_35_51:479;wts_35_51:481;wts_35_51:482;wts_35_51:483;wts_35_51:484;wts_35_51:485;wts_35_51:610;wts_35_51:611;wts_35_51:619;wts_35_51:640;wts_35_51:641;wts_35_51:646;wts_35_51:647;wts_35_51:691;wts_35_51:699;wts_35_51:733;wts_35_51:869;wts_35_51:872;wts_35_51:905;wts_35_51:910;wts_35_51:938;wts_35_51:941;wts_35_51:953;wts_8_b:109;wts_8_b:113;wts_8_b:163;wts_8_b:252;wts_8_b:282;wts_8_b:352;wts_8_b:413;wts_9_m:162;wts_9_m:188;wts_9_m:258;wts_9_m:304;wts_9_m:355			ordinary_tibetan_lexical_or_compound	reviewed	feature_reviewed
CORPUS_672C93F5A1BD	root_consonant	པ	contrastive	d→b;k→b	full_realization_isolated	b	b	སྤལ;སྤོམ		0	0	སྐལ:skal↔སྤལ:sbal || སྡོམ:sdom↔སྤོམ:sbom	0	wts_35_51;wts_8_b	wts_35_51:1052;wts_35_51:525;wts_8_b:533;wts_8_b:534;wts_8_b:544;wts_8_b:545		p	ordinary_tibetan_lexical_or_compound	provisional	feature_provisional
CORPUS_FC3A36FDE3D9	root_consonant	པ	contrastive	ch→p;c→p;kh→p;k→p;n→p;p→S;p→b;p→l;p→s;p→tsh;p→y;p→z;th→p;t→p;ñ→p	full_realization_isolated	p	p	པག;པགས;པད;པན;པར;པོར;པོས;སྤར;སྤུ;སྤྱང		0	0	ཀན:kan↔པན:pan || ཀར:kar↔པར:par || ཁར:khar↔པར:par || ངོས:nos↔པོས:pos || ཅད:cad↔པད:pad || ཆག:chag↔པག:pag || ཆགས:chags↔པགས:pags || ཆད:chad↔པད:pad || ཆར:char↔པར:par || ཆོས:chos↔པོས:pos || ཉག:ñag↔པག:pag || ཏན:tan↔པན:pan || ཐད:thad↔པད:pad || ཐར:thar↔པར:par || ཐོར:thor↔པོར:por || ཐོས:thos↔པོས:pos || ནག:nag↔པག:pag || ནགས:nags↔པགས:pags || ནད:nad↔པད:pad || ནོར:nor↔པོར:por || པག:pag↔ཚག:tshag || པག:pag↔ལག:lag || པགས:pags↔ཚགས:tshags || པན:pan↔ཟན:zan || པན:pan↔ཡན:yan || པན:pan↔ཤན:San || པར:par↔ཚར:tshar || པར:par↔ཡར:yar || པར:par↔སར:sar || པོར:por↔ཟོར:zor || པོར:por↔ཤོར:sor || པོར:por↔སོར:sor || པོས:pos↔ཚོས:tshos || སྐར:skar↔སྤར:spar || སྐུ:sku↔སྤུ:spu || སྤྱང:spyaṅ↔སྦྱང:sbyaṅ	0	wts_1_34;wts_35_51;wts_8_b;wts_9_m	wts_1_34:1001;wts_1_34:1020;wts_1_34:1032;wts_1_34:1055;wts_1_34:1060;wts_1_34:1061;wts_1_34:1109;wts_1_34:1124;wts_1_34:1125;wts_1_34:208;wts_1_34:279;wts_1_34:280;wts_1_34:317;wts_1_34:371;wts_1_34:472;wts_1_34:50;wts_1_34:528;wts_1_34:535;wts_1_34:536;wts_1_34:552;wts_1_34:553;wts_1_34:554;wts_1_34:555;wts_1_34:556;wts_1_34:587;wts_1_34:70;wts_1_34:745;wts_1_34:79;wts_1_34:793;wts_1_34:809;wts_1_34:813;wts_1_34:916;wts_1_34:918;wts_1_34:925;wts_1_34:94;wts_1_34:982;wts_35_51:1082;wts_35_51:1106;wts_35_51:263;wts_35_51:398;wts_35_51:525;wts_35_51:570;wts_35_51:571;wts_35_51:572;wts_35_51:573;wts_35_51:574;wts_35_51:576;wts_35_51:578;wts_35_51:579;wts_35_51:580;wts_35_51:581;wts_35_51:582;wts_35_51:583;wts_35_51:584;wts_35_51:585;wts_35_51:586;wts_35_51:587;wts_35_51:589;wts_35_51:591;wts_35_51:592;wts_35_51:595;wts_35_51:653;wts_35_51:676;wts_35_51:677;wts_35_51:679;wts_35_51:682;wts_35_51:683;wts_35_51:684;wts_35_51:693;wts_35_51:694;wts_35_51:695;wts_35_51:712;wts_35_51:775;wts_35_51:776;wts_35_51:778;wts_35_51:779;wts_35_51:780;wts_35_51:782;wts_35_51:804;wts_35_51:889;wts_35_51:900;wts_35_51:929;wts_35_51:93;wts_35_51:951;wts_8_b:322;wts_8_b:360;wts_8_b:46;wts_9_m:129;wts_9_m:165;wts_9_m:304;wts_9_m:346;wts_9_m:66		b	ordinary_tibetan_lexical_or_compound	provisional	feature_provisional
CORPUS_15436A2A93A1	root_consonant	ཕ	contrastive	c→p;k→p;p→ts;t→p	full_realization_isolated	p	p	ཕག;ཕང;ཕད;ཕབ;ཕམ;ཕུ;ཕུག;ཕུགས;ཕུད;ཕུབ;ཕུར;ཕུལ;ཕོག;ཕོད;ཕོན;ཕོར;ཕྱད;ཕྲོམ		0	0	ཁབ:khab↔ཕབ:phab || ཁུག:khug↔ཕུག:phug || ཁུགས:khugs↔ཕུགས:phugs || ཁུལ:khul↔ཕུལ:phul || ཁོག:khog↔ཕོག:phog || ཁོན:khon↔ཕོན:phon || ཁྱད:khyad↔ཕྱད:phyad || ཁྲོམ:khrom↔ཕྲོམ:phrom || ཆག:chag↔ཕག:phag || ཆང:chaṅ↔ཕང:phaṅ || ཆད:chad↔ཕད:phad || ཆུག:chug↔ཕུག:phug || ཆུད:chud↔ཕུད:phud || ཆོག:chog↔ཕོག:phog || ཐང:thaṅ↔ཕང:phaṅ || ཐད:thad↔ཕད:phad || ཐབ:thab↔ཕབ:phab || ཐམ:tham↔ཕམ:pham || ཐུ:thu↔ཕུ:phu || ཐུབ:thub↔ཕུབ:phub || ཐུར:thur↔ཕུར:phur || ཐུལ:thul↔ཕུལ:phul || ཐོག:thog↔ཕོག:phog || ཐོད:thod↔ཕོད:phod || ཐོན:thon↔ཕོན:phon || ཐོར:thor↔ཕོར:phor || ཕག:phag↔ཚག:tshag || ཕང:phaṅ↔ཚང:tshaṅ || ཕབ:phab↔ཚབ:tshab || ཕུགས:phugs↔ཚུགས:tshugs || ཕུད:phud↔ཚུད:tshud || ཕུར:phur↔ཚུར:tshur || ཕུལ:phul↔ཚུལ:tshul	0	wts_1_34;wts_35_51;wts_8_b;wts_9_m	wts_1_34:110;wts_1_34:113;wts_1_34:1141;wts_1_34:1157;wts_1_34:1287;wts_1_34:1321;wts_1_34:150;wts_1_34:163;wts_1_34:164;wts_1_34:178;wts_1_34:208;wts_1_34:219;wts_1_34:222;wts_1_34:225;wts_1_34:260;wts_1_34:275;wts_1_34:284;wts_1_34:324;wts_1_34:360;wts_1_34:389;wts_1_34:390;wts_1_34:462;wts_1_34:474;wts_1_34:504;wts_1_34:538;wts_1_34:548;wts_1_34:579;wts_1_34:602;wts_1_34:605;wts_1_34:612;wts_1_34:625;wts_1_34:627;wts_1_34:637;wts_1_34:646;wts_1_34:652;wts_1_34:688;wts_1_34:704;wts_1_34:717;wts_1_34:751;wts_1_34:822;wts_1_34:878;wts_1_34:886;wts_1_34:897;wts_1_34:90;wts_1_34:919;wts_1_34:925;wts_1_34:94;wts_1_34:949;wts_1_34:953;wts_1_34:965;wts_35_51:1011;wts_35_51:1029;wts_35_51:1030;wts_35_51:1076;wts_35_51:1114;wts_35_51:254;wts_35_51:264;wts_35_51:382;wts_35_51:389;wts_35_51:399;wts_35_51:427;wts_35_51:444;wts_35_51:676;wts_35_51:679;wts_35_51:682;wts_35_51:711;wts_35_51:715;wts_35_51:802;wts_35_51:822;wts_35_51:881;wts_35_51:882;wts_35_51:883;wts_35_51:884;wts_35_51:885;wts_35_51:894;wts_35_51:895;wts_35_51:903;wts_35_51:904;wts_35_51:905;wts_35_51:906;wts_35_51:907;wts_35_51:908;wts_35_51:915;wts_35_51:916;wts_35_51:919;wts_35_51:920;wts_35_51:921;wts_35_51:922;wts_35_51:923;wts_35_51:925;wts_35_51:926;wts_35_51:927;wts_35_51:945;wts_35_51:947;wts_35_51:949;wts_35_51:950;wts_35_51:951;wts_35_51:952;wts_35_51:953;wts_35_51:963;wts_35_51:973;wts_35_51:974;wts_8_b:150;wts_8_b:180;wts_8_b:247;wts_8_b:256;wts_8_b:257;wts_8_b:28;wts_8_b:282;wts_8_b:297;wts_8_b:298;wts_8_b:325;wts_8_b:332;wts_8_b:359;wts_8_b:437;wts_8_b:488;wts_8_b:504;wts_9_m:123;wts_9_m:124;wts_9_m:155;wts_9_m:299;wts_9_m:33;wts_9_m:336;wts_9_m:34;wts_9_m:364		ph	ordinary_tibetan_lexical_or_compound	provisional	feature_provisional
RESIDUAL_C14A7F0F1043	root_consonant	ཕ	single_unknown_residual_induction		single_unknown_residual_induction	ph	ph	ཕག;ཕང;ཕད;ཕན;ཕབ;ཕམ;ཕས;ཕུ;ཕུག;ཕུགས;ཕུད;ཕུབ;ཕུར;ཕུལ;ཕོག;ཕོད;ཕོན;ཕོར;ཕྱགས;ཕྱང;ཕྱད;ཕྱམ;ཕྱར;ཕྱལ;ཕྱིང;ཕྱིན;ཕྱིས;ཕྱུགས;ཕྱུང;ཕྲ;ཕྲད;ཕྲན;ཕྲས;ཕྲིག;ཕྲིན;ཕྲུ;ཕྲུག;ཕྲོམ		0	0		0	wts_1_34;wts_35_51;wts_8_b;wts_9_m	wts_1_34:1000;wts_1_34:1022;wts_1_34:1054;wts_1_34:1055;wts_1_34:1057;wts_1_34:1084;wts_1_34:1089;wts_1_34:110;wts_1_34:1125;wts_1_34:113;wts_1_34:1141;wts_1_34:1157;wts_1_34:1218;wts_1_34:1219;wts_1_34:1237;wts_1_34:1246;wts_1_34:1269;wts_1_34:1279;wts_1_34:1281;wts_1_34:1287;wts_1_34:1310;wts_1_34:1321;wts_1_34:1328;wts_1_34:144;wts_1_34:150;wts_1_34:159;wts_1_34:162;wts_1_34:163;wts_1_34:164;wts_1_34:174;wts_1_34:178;wts_1_34:188;wts_1_34:207;wts_1_34:208;wts_1_34:219;wts_1_34:222;wts_1_34:225;wts_1_34:249;wts_1_34:260;wts_1_34:275;wts_1_34:280;wts_1_34:284;wts_1_34:324;wts_1_34:360;wts_1_34:389;wts_1_34:390;wts_1_34:396;wts_1_34:415;wts_1_34:462;wts_1_34:466;wts_1_34:47;wts_1_34:472;wts_1_34:474;wts_1_34:504;wts_1_34:538;wts_1_34:548;wts_1_34:568;wts_1_34:57;wts_1_34:579;wts_1_34:593;wts_1_34:602;wts_1_34:605;wts_1_34:612;wts_1_34:625;wts_1_34:627;wts_1_34:637;wts_1_34:646;wts_1_34:647;wts_1_34:652;wts_1_34:688;wts_1_34:697;wts_1_34:704;wts_1_34:717;wts_1_34:724;wts_1_34:751;wts_1_34:756;wts_1_34:758;wts_1_34:784;wts_1_34:805;wts_1_34:81;wts_1_34:817;wts_1_34:822;wts_1_34:83;wts_1_34:878;wts_1_34:886;wts_1_34:897;wts_1_34:90;wts_1_34:919;wts_1_34:925;wts_1_34:94;wts_1_34:949;wts_1_34:953;wts_1_34:965;wts_1_34:992;wts_1_34:995;wts_35_51:1000;wts_35_51:1001;wts_35_51:1002;wts_35_51:1003;wts_35_51:1011;wts_35_51:1012;wts_35_51:1018;wts_35_51:1019;wts_35_51:1020;wts_35_51:1023;wts_35_51:1024;wts_35_51:1025;wts_35_51:1029;wts_35_51:1030;wts_35_51:1051;wts_35_51:1052;wts_35_51:1053;wts_35_51:1054;wts_35_51:1055;wts_35_51:1059;wts_35_51:1060;wts_35_51:1061;wts_35_51:1064;wts_35_51:1065;wts_35_51:1066;wts_35_51:1067;wts_35_51:1068;wts_35_51:1069;wts_35_51:1070;wts_35_51:1076;wts_35_51:1114;wts_35_51:226;wts_35_51:227;wts_35_51:254;wts_35_51:264;wts_35_51:305;wts_35_51:35;wts_35_51:362;wts_35_51:382;wts_35_51:389;wts_35_51:399;wts_35_51:427;wts_35_51:444;wts_35_51:479;wts_35_51:523;wts_35_51:551;wts_35_51:56;wts_35_51:599;wts_35_51:640;wts_35_51:676;wts_35_51:679;wts_35_51:682;wts_35_51:711;wts_35_51:715;wts_35_51:760;wts_35_51:765;wts_35_51:802;wts_35_51:822;wts_35_51:840;wts_35_51:876;wts_35_51:877;wts_35_51:878;wts_35_51:881;wts_35_51:882;wts_35_51:883;wts_35_51:884;wts_35_51:885;wts_35_51:886;wts_35_51:887;wts_35_51:888;wts_35_51:889;wts_35_51:890;wts_35_51:891;wts_35_51:894;wts_35_51:895;wts_35_51:896;wts_35_51:901;wts_35_51:903;wts_35_51:904;wts_35_51:905;wts_35_51:906;wts_35_51:907;wts_35_51:908;wts_35_51:915;wts_35_51:916;wts_35_51:919;wts_35_51:920;wts_35_51:921;wts_35_51:922;wts_35_51:923;wts_35_51:925;wts_35_51:926;wts_35_51:927;wts_35_51:945;wts_35_51:947;wts_35_51:949;wts_35_51:950;wts_35_51:951;wts_35_51:952;wts_35_51:953;wts_35_51:963;wts_35_51:971;wts_35_51:972;wts_35_51:973;wts_35_51:974;wts_35_51:975;wts_35_51:976;wts_35_51:994;wts_35_51:995;wts_35_51:998;wts_35_51:999;wts_8_b:150;wts_8_b:180;wts_8_b:198;wts_8_b:227;wts_8_b:247;wts_8_b:256;wts_8_b:257;wts_8_b:263;wts_8_b:28;wts_8_b:282;wts_8_b:297;wts_8_b:298;wts_8_b:325;wts_8_b:332;wts_8_b:359;wts_8_b:372;wts_8_b:382;wts_8_b:403;wts_8_b:43;wts_8_b:437;wts_8_b:488;wts_8_b:504;wts_8_b:545;wts_8_b:85;wts_9_m:122;wts_9_m:123;wts_9_m:124;wts_9_m:154;wts_9_m:155;wts_9_m:272;wts_9_m:299;wts_9_m:33;wts_9_m:336;wts_9_m:34;wts_9_m:364			ordinary_tibetan_lexical_or_compound	high	feature_independent_strong_candidate
CORPUS_B453155DE050	root_consonant	བ	contrastive	b→m;b→s;b→ts;d→b;g→b;kh→b;k→b;ph→b;p→b;t→b	full_realization_isolated	b	b	བྱད;བྱི;བྱིན;བྱུང;བྱེད;བྲག;བྲང;བྲན;བྲབ;བྲམ;བྲལ;བྲི;བྲོ;བླང;འབར;རྦ;སྦྱང;སྦྱོང		0	0	ཁྱད:khyad↔བྱད:byad || ཁྱི:khyi↔བྱི:byi || ཁྲག:khrag↔བྲག:brag || ཁྲབ:khrab↔བྲབ:brab || ཁྲམ:khram↔བྲམ:bram || ཁྲལ:khral↔བྲལ:bral || ཁྲོ:khro↔བྲོ:bro || གྲང:graṅ↔བྲང:braṅ || གྲི:gri↔བྲི:bri || གྲོ:gro↔བྲོ:bro || གླང:glaṅ↔བླང:blaṅ || དྲོ:dro↔བྲོ:bro || ཕྱད:phyad↔བྱད:byad || ཕྱིན:phyin↔བྱིན:byin || ཕྱུང:phyuṅ↔བྱུང:byuṅ || ཕྱེད:phyed↔བྱེད:byed || ཕྲན:phran↔བྲན:bran || བྲི:bri↔སྲི:sri || འཁར:khar↔འབར:bar || རྟ:rta↔རྦ:rba || རྦ:rba↔རྨ:rma || རྦ:rba↔རྩ:rtsa || སྐྱོང:skyoṅ↔སྦྱོང:sbyoṅ || སྤྱང:spyaṅ↔སྦྱང:sbyaṅ	0	wts_1_34;wts_35_51;wts_8_b;wts_9_m	wts_1_34:1014;wts_1_34:1034;wts_1_34:1048;wts_1_34:1055;wts_1_34:1064;wts_1_34:1067;wts_1_34:1068;wts_1_34:1072;wts_1_34:1111;wts_1_34:113;wts_1_34:1152;wts_1_34:132;wts_1_34:142;wts_1_34:159;wts_1_34:162;wts_1_34:175;wts_1_34:204;wts_1_34:209;wts_1_34:215;wts_1_34:248;wts_1_34:250;wts_1_34:265;wts_1_34:275;wts_1_34:278;wts_1_34:280;wts_1_34:282;wts_1_34:316;wts_1_34:320;wts_1_34:321;wts_1_34:322;wts_1_34:332;wts_1_34:338;wts_1_34:388;wts_1_34:404;wts_1_34:453;wts_1_34:473;wts_1_34:476;wts_1_34:482;wts_1_34:509;wts_1_34:510;wts_1_34:540;wts_1_34:558;wts_1_34:590;wts_1_34:597;wts_1_34:60;wts_1_34:63;wts_1_34:650;wts_1_34:70;wts_1_34:750;wts_1_34:758;wts_1_34:778;wts_1_34:79;wts_1_34:794;wts_1_34:809;wts_1_34:83;wts_1_34:91;wts_1_34:922;wts_1_34:925;wts_35_51:101;wts_35_51:1012;wts_35_51:1015;wts_35_51:1044;wts_35_51:1055;wts_35_51:1092;wts_35_51:1097;wts_35_51:1100;wts_35_51:1125;wts_35_51:1126;wts_35_51:174;wts_35_51:190;wts_35_51:196;wts_35_51:197;wts_35_51:222;wts_35_51:226;wts_35_51:227;wts_35_51:238;wts_35_51:242;wts_35_51:266;wts_35_51:269;wts_35_51:280;wts_35_51:389;wts_35_51:410;wts_35_51:444;wts_35_51:476;wts_35_51:485;wts_35_51:552;wts_35_51:56;wts_35_51:589;wts_35_51:600;wts_35_51:624;wts_35_51:625;wts_35_51:636;wts_35_51:690;wts_35_51:725;wts_35_51:741;wts_35_51:769;wts_35_51:793;wts_35_51:863;wts_35_51:869;wts_35_51:891;wts_35_51:912;wts_35_51:92;wts_35_51:926;wts_35_51:939;wts_35_51:986;wts_8_b:154;wts_8_b:157;wts_8_b:180;wts_8_b:196;wts_8_b:197;wts_8_b:198;wts_8_b:200;wts_8_b:201;wts_8_b:206;wts_8_b:208;wts_8_b:209;wts_8_b:211;wts_8_b:216;wts_8_b:217;wts_8_b:218;wts_8_b:219;wts_8_b:220;wts_8_b:221;wts_8_b:222;wts_8_b:223;wts_8_b:224;wts_8_b:230;wts_8_b:231;wts_8_b:240;wts_8_b:242;wts_8_b:243;wts_8_b:244;wts_8_b:245;wts_8_b:255;wts_8_b:256;wts_8_b:257;wts_8_b:258;wts_8_b:259;wts_8_b:260;wts_8_b:261;wts_8_b:262;wts_8_b:263;wts_8_b:264;wts_8_b:266;wts_8_b:267;wts_8_b:268;wts_8_b:269;wts_8_b:272;wts_8_b:273;wts_8_b:287;wts_8_b:288;wts_8_b:305;wts_8_b:306;wts_8_b:307;wts_8_b:350;wts_8_b:363;wts_8_b:383;wts_8_b:437;wts_8_b:456;wts_8_b:460;wts_8_b:470;wts_8_b:472;wts_8_b:522;wts_8_b:529;wts_8_b:530;wts_8_b:547;wts_8_b:548;wts_8_b:560;wts_8_b:563;wts_8_b:573;wts_8_b:575;wts_8_b:576;wts_9_m:131;wts_9_m:269;wts_9_m:284;wts_9_m:332;wts_9_m:337;wts_9_m:346;wts_9_m:66			ordinary_tibetan_lexical_or_compound	reviewed	feature_reviewed
CORPUS_6C68775C4C70	root_consonant	མ	contrastive	b→m;c→m;d→m;g→m;k→m;m→l;m→r;m→s;m→ts;n→m;ph→m;th→m;t→m	full_realization_isolated	m	m	མོ;མྱང;རྨ;རྨང;སྨད;སྨྲ		0	0	ཀྱང:kyaṅ↔མྱང:myaṅ || གོ:go↔མོ:mo || ངོ:no↔མོ:mo || ཅོ:co↔མོ:mo || ཐོ:tho↔མོ:mo || དོ:do↔མོ:mo || ཕྱང:phyaṅ↔མྱང:myaṅ || མོ:mo↔རོ:ro || མོ:mo↔ལོ:lo || མོ:mo↔སོ:so || རྐང:rkaṅ↔རྨང:rmaṅ || རྟ:rta↔རྨ:rma || རྦ:rba↔རྨ:rma || རྨ:rma↔རྩ:rtsa || སྐད:skad↔སྨད:smad || སྐྲ:skra↔སྨྲ:smra || སྒྲ:sgra↔སྨྲ:smra	0	wts_1_34;wts_35_51;wts_8_b;wts_9_m	wts_1_34:1001;wts_1_34:1034;wts_1_34:1061;wts_1_34:1064;wts_1_34:1068;wts_1_34:1070;wts_1_34:114;wts_1_34:1156;wts_1_34:1166;wts_1_34:1187;wts_1_34:1188;wts_1_34:120;wts_1_34:121;wts_1_34:123;wts_1_34:124;wts_1_34:161;wts_1_34:162;wts_1_34:252;wts_1_34:258;wts_1_34:259;wts_1_34:274;wts_1_34:277;wts_1_34:278;wts_1_34:279;wts_1_34:283;wts_1_34:284;wts_1_34:287;wts_1_34:301;wts_1_34:313;wts_1_34:316;wts_1_34:321;wts_1_34:342;wts_1_34:35;wts_1_34:36;wts_1_34:37;wts_1_34:398;wts_1_34:404;wts_1_34:405;wts_1_34:43;wts_1_34:457;wts_1_34:46;wts_1_34:463;wts_1_34:464;wts_1_34:473;wts_1_34:485;wts_1_34:501;wts_1_34:525;wts_1_34:56;wts_1_34:60;wts_1_34:646;wts_1_34:656;wts_1_34:674;wts_1_34:703;wts_1_34:71;wts_1_34:714;wts_1_34:725;wts_1_34:772;wts_1_34:778;wts_1_34:784;wts_1_34:800;wts_1_34:805;wts_1_34:943;wts_1_34:946;wts_1_34:956;wts_1_34:961;wts_1_34:98;wts_1_34:990;wts_1_34:992;wts_35_51:1018;wts_35_51:102;wts_35_51:1030;wts_35_51:1048;wts_35_51:105;wts_35_51:1053;wts_35_51:1104;wts_35_51:1106;wts_35_51:1109;wts_35_51:1117;wts_35_51:19;wts_35_51:222;wts_35_51:226;wts_35_51:230;wts_35_51:240;wts_35_51:266;wts_35_51:312;wts_35_51:32;wts_35_51:35;wts_35_51:378;wts_35_51:424;wts_35_51:483;wts_35_51:528;wts_35_51:700;wts_35_51:702;wts_35_51:703;wts_35_51:726;wts_35_51:729;wts_35_51:732;wts_35_51:734;wts_35_51:759;wts_35_51:854;wts_35_51:882;wts_35_51:905;wts_35_51:920;wts_35_51:929;wts_35_51:937;wts_35_51:972;wts_35_51:976;wts_35_51:982;wts_35_51:989;wts_8_b:344;wts_8_b:364;wts_8_b:387;wts_8_b:561;wts_8_b:573;wts_8_b:87;wts_8_b:92;wts_8_b:93;wts_9_m:150;wts_9_m:220;wts_9_m:248;wts_9_m:249;wts_9_m:250;wts_9_m:251;wts_9_m:252;wts_9_m:273;wts_9_m:295;wts_9_m:300;wts_9_m:317;wts_9_m:328;wts_9_m:329;wts_9_m:331;wts_9_m:332;wts_9_m:353;wts_9_m:354;wts_9_m:359;wts_9_m:360;wts_9_m:367;wts_9_m:392;wts_9_m:393;wts_9_m:395;wts_9_m:61			ordinary_tibetan_lexical_or_compound	reviewed	feature_reviewed
CORPUS_FB7603ED6D38	root_consonant	ཙ	contrastive	h→s;→s	contrastive_delta_only;full_realization_isolated	s	s	ཙམ		0	0	ཐམ:tham↔ཙམ:tsam	0	wts_1_34;wts_35_51;wts_8_b	wts_1_34:1036;wts_1_34:1074;wts_1_34:1134;wts_1_34:1182;wts_1_34:1186;wts_1_34:1222;wts_1_34:881;wts_35_51:117;wts_35_51:431;wts_35_51:602;wts_8_b:233;wts_8_b:30		ts	ordinary_tibetan_lexical_or_compound	provisional	feature_provisional
RESIDUAL_31E7C6F3DDC9	root_consonant	ཙ	single_unknown_residual_induction		single_unknown_residual_induction	ts	ts	གཙང;གཙིགས;གཙོ;བཙན;བཙལ;བཙུན;བརྩན;བརྩོན;ཙ;ཙམ;ཙི;ཙུག;རྩ;རྩལ;རྩིས;རྩུབ;རྩོམ		0	0		0	wts_1_34;wts_35_51;wts_8_b;wts_9_m	wts_1_34:1002;wts_1_34:1014;wts_1_34:1027;wts_1_34:1036;wts_1_34:1063;wts_1_34:1074;wts_1_34:113;wts_1_34:1134;wts_1_34:1135;wts_1_34:114;wts_1_34:1164;wts_1_34:117;wts_1_34:1182;wts_1_34:1186;wts_1_34:1222;wts_1_34:1223;wts_1_34:124;wts_1_34:1260;wts_1_34:1271;wts_1_34:1291;wts_1_34:1294;wts_1_34:1345;wts_1_34:142;wts_1_34:159;wts_1_34:166;wts_1_34:178;wts_1_34:224;wts_1_34:258;wts_1_34:285;wts_1_34:287;wts_1_34:298;wts_1_34:34;wts_1_34:347;wts_1_34:352;wts_1_34:358;wts_1_34:379;wts_1_34:38;wts_1_34:404;wts_1_34:42;wts_1_34:469;wts_1_34:470;wts_1_34:478;wts_1_34:48;wts_1_34:489;wts_1_34:497;wts_1_34:51;wts_1_34:52;wts_1_34:53;wts_1_34:650;wts_1_34:652;wts_1_34:664;wts_1_34:674;wts_1_34:680;wts_1_34:703;wts_1_34:711;wts_1_34:714;wts_1_34:717;wts_1_34:720;wts_1_34:725;wts_1_34:740;wts_1_34:75;wts_1_34:767;wts_1_34:772;wts_1_34:784;wts_1_34:794;wts_1_34:881;wts_1_34:930;wts_1_34:96;wts_1_34:961;wts_1_34:975;wts_1_34:98;wts_35_51:1020;wts_35_51:1040;wts_35_51:1093;wts_35_51:117;wts_35_51:125;wts_35_51:149;wts_35_51:202;wts_35_51:240;wts_35_51:250;wts_35_51:28;wts_35_51:302;wts_35_51:375;wts_35_51:377;wts_35_51:378;wts_35_51:379;wts_35_51:411;wts_35_51:431;wts_35_51:465;wts_35_51:466;wts_35_51:528;wts_35_51:542;wts_35_51:591;wts_35_51:601;wts_35_51:602;wts_35_51:677;wts_35_51:683;wts_35_51:691;wts_35_51:70;wts_35_51:726;wts_35_51:730;wts_35_51:798;wts_35_51:829;wts_35_51:94;wts_35_51:965;wts_8_b:121;wts_8_b:133;wts_8_b:168;wts_8_b:233;wts_8_b:245;wts_8_b:30;wts_8_b:303;wts_8_b:31;wts_8_b:327;wts_8_b:36;wts_8_b:364;wts_8_b:372;wts_8_b:376;wts_8_b:378;wts_8_b:396;wts_8_b:42;wts_8_b:452;wts_8_b:453;wts_8_b:457;wts_8_b:472;wts_8_b:536;wts_8_b:74;wts_8_b:87;wts_9_m:128;wts_9_m:184;wts_9_m:188;wts_9_m:192;wts_9_m:241;wts_9_m:251;wts_9_m:292;wts_9_m:295;wts_9_m:315;wts_9_m:365;wts_9_m:375;wts_9_m:56;wts_9_m:74			ordinary_tibetan_lexical_or_compound	high	feature_independent_strong_candidate
CORPUS_E14BDFDD075E	root_consonant	ཚ	contrastive	c→ts;k→ts;p→ts	full_realization_isolated	ts	ts	མཚར;ཚག;ཚགས;ཚང;ཚབ;ཚར;ཚུགས;ཚུད;ཚུན;ཚུར;ཚུལ;ཚོལ;ཚོས		0	0	ཁབ:khab↔ཚབ:tshab || ཁར:khar↔ཚར:tshar || ཁུགས:khugs↔ཚུགས:tshugs || ཁུལ:khul↔ཚུལ:tshul || ཁོལ:khol↔ཚོལ:tshol || ཆག:chag↔ཚག:tshag || ཆགས:chags↔ཚགས:tshags || ཆང:chaṅ↔ཚང:tshaṅ || ཆར:char↔ཚར:tshar || ཆུད:chud↔ཚུད:tshud || ཆུན:chun↔ཚུན:tshun || ཆོས:chos↔ཚོས:tshos || ཕག:phag↔ཚག:tshag || ཕང:phaṅ↔ཚང:tshaṅ || ཕབ:phab↔ཚབ:tshab || ཕུགས:phugs↔ཚུགས:tshugs || ཕུད:phud↔ཚུད:tshud || ཕུར:phur↔ཚུར:tshur || ཕུལ:phul↔ཚུལ:tshul || མཁར:mkhar↔མཚར:mtshar	0	wts_1_34;wts_35_51;wts_8_b;wts_9_m	wts_1_34:1002;wts_1_34:1017;wts_1_34:1047;wts_1_34:1067;wts_1_34:1090;wts_1_34:1110;wts_1_34:1135;wts_1_34:1164;wts_1_34:1247;wts_1_34:159;wts_1_34:161;wts_1_34:175;wts_1_34:185;wts_1_34:190;wts_1_34:194;wts_1_34:222;wts_1_34:252;wts_1_34:280;wts_1_34:303;wts_1_34:330;wts_1_34:364;wts_1_34:372;wts_1_34:413;wts_1_34:438;wts_1_34:453;wts_1_34:461;wts_1_34:473;wts_1_34:487;wts_1_34:540;wts_1_34:556;wts_1_34:568;wts_1_34:580;wts_1_34:591;wts_1_34:639;wts_1_34:650;wts_1_34:664;wts_1_34:697;wts_1_34:701;wts_1_34:750;wts_1_34:768;wts_1_34:794;wts_1_34:815;wts_1_34:890;wts_1_34:994;wts_35_51:1020;wts_35_51:1071;wts_35_51:1101;wts_35_51:262;wts_35_51:299;wts_35_51:378;wts_35_51:379;wts_35_51:390;wts_35_51:401;wts_35_51:402;wts_35_51:528;wts_35_51:637;wts_35_51:804;wts_35_51:835;wts_35_51:839;wts_35_51:889;wts_35_51:890;wts_35_51:891;wts_35_51:897;wts_35_51:923;wts_35_51:966;wts_8_b:157;wts_8_b:181;wts_8_b:224;wts_8_b:357;wts_8_b:407;wts_8_b:409;wts_8_b:43;wts_8_b:473;wts_8_b:504;wts_8_b:548;wts_8_b:569;wts_8_b:65;wts_9_m:223;wts_9_m:288;wts_9_m:333;wts_9_m:372;wts_9_m:383;wts_9_m:40		tsb;tsh	ordinary_tibetan_lexical_or_compound	provisional	feature_provisional
CORPUS_35ECDE9DD50D	root_consonant	ཚ	contrastive	kh→tsb	full_realization_isolated	tsb	tsb	ཚོམ		0	0	ཁོམ:khom↔ཚོམ:tsbom	0	wts_1_34;wts_35_51	wts_1_34:1023;wts_1_34:222;wts_35_51:1054		ts;tsh	ordinary_tibetan_lexical_or_compound	provisional	feature_provisional
CORPUS_21BFDB79EEB1	root_consonant	ཚ	contrastive	g→tsh;k→tsh;n→tsh;p→tsh;tsh→l;tsh→r;tsh→y;tsh→z;tsh→ź;ñ→tsh	full_realization_isolated	tsh	tsh	མཚར;མཚོན;ཚག;ཚགས;ཚང;ཚབ;ཚར;ཚིགས;ཚིམ;ཚིལ;ཚུན;ཚུར;ཚུལ;ཚེགས;ཚེས;ཚོལ;ཚོས		0	0	ཀར:kar↔ཚར:tshar || ཀུན:kun↔ཚུན:tshun || ངེས:nes↔ཚེས:tshes || ངོས:nos↔ཚོས:tshos || ཉག:ñag↔ཚག:tshag || ནག:nag↔ཚག:tshag || ནགས:nags↔ཚགས:tshags || པག:pag↔ཚག:tshag || པགས:pags↔ཚགས:tshags || པར:par↔ཚར:tshar || པོས:pos↔ཚོས:tshos || མགར:mgar↔མཚར:mtshar || མགོན:mgon↔མཚོན:mtshon || ཚག:tshag↔ལག:lag || ཚང:tshaṅ↔ཞང:źaṅ || ཚང:tshaṅ↔ཡང:yaṅ || ཚང:tshaṅ↔ལང:laṅ || ཚབ:tshab↔ཡབ:yab || ཚབ:tshab↔རབ:rab || ཚར:tshar↔ཡར:yar || ཚིགས:tshigs↔རིགས:rigs || ཚིམ:tshim↔རིམ:rim || ཚིལ:tshil↔རིལ:ril || ཚུར:tshur↔ཟུར:zur || ཚུལ:tshul↔ཡུལ:yul || ཚེགས:tshegs↔ལེགས:legs || ཚོལ:tshol↔ཡོལ:yol	0	wts_1_34;wts_35_51;wts_8_b;wts_9_m	wts_1_34:1002;wts_1_34:1017;wts_1_34:1067;wts_1_34:1090;wts_1_34:1135;wts_1_34:1164;wts_1_34:1186;wts_1_34:120;wts_1_34:1247;wts_1_34:142;wts_1_34:159;wts_1_34:161;wts_1_34:175;wts_1_34:185;wts_1_34:190;wts_1_34:194;wts_1_34:222;wts_1_34:252;wts_1_34:280;wts_1_34:303;wts_1_34:330;wts_1_34:334;wts_1_34:352;wts_1_34:364;wts_1_34:376;wts_1_34:379;wts_1_34:408;wts_1_34:413;wts_1_34:453;wts_1_34:461;wts_1_34:473;wts_1_34:510;wts_1_34:540;wts_1_34:556;wts_1_34:568;wts_1_34:591;wts_1_34:650;wts_1_34:697;wts_1_34:701;wts_1_34:75;wts_1_34:750;wts_1_34:768;wts_1_34:788;wts_1_34:792;wts_1_34:794;wts_1_34:81;wts_1_34:815;wts_1_34:823;wts_1_34:885;wts_1_34:890;wts_1_34:994;wts_35_51:1020;wts_35_51:1064;wts_35_51:1101;wts_35_51:262;wts_35_51:283;wts_35_51:378;wts_35_51:379;wts_35_51:390;wts_35_51:401;wts_35_51:528;wts_35_51:621;wts_35_51:637;wts_35_51:714;wts_35_51:74;wts_35_51:776;wts_35_51:804;wts_35_51:835;wts_35_51:839;wts_35_51:889;wts_35_51:890;wts_35_51:891;wts_35_51:897;wts_35_51:966;wts_8_b:157;wts_8_b:181;wts_8_b:224;wts_8_b:357;wts_8_b:359;wts_8_b:407;wts_8_b:409;wts_8_b:43;wts_8_b:473;wts_8_b:548;wts_8_b:569;wts_8_b:65;wts_9_m:134;wts_9_m:223;wts_9_m:333;wts_9_m:383;wts_9_m:40		ts;tsb	ordinary_tibetan_lexical_or_compound	provisional	feature_provisional
RESIDUAL_207625DA40E3	root_consonant	ཛ	single_unknown_residual_induction		single_unknown_residual_induction	dz	dz	མཛད;མཛོད;ཛ;ཛི;འཛིན;རྫས;རྫི;རྫུན;རྫོགས		0	0		0	wts_1_34;wts_35_51;wts_8_b;wts_9_m	wts_1_34:1012;wts_1_34:1018;wts_1_34:1040;wts_1_34:1115;wts_1_34:1127;wts_1_34:1139;wts_1_34:1271;wts_1_34:128;wts_1_34:1339;wts_1_34:141;wts_1_34:236;wts_1_34:266;wts_1_34:274;wts_1_34:279;wts_1_34:322;wts_1_34:346;wts_1_34:395;wts_1_34:416;wts_1_34:42;wts_1_34:435;wts_1_34:491;wts_1_34:494;wts_1_34:540;wts_1_34:547;wts_1_34:552;wts_1_34:555;wts_1_34:557;wts_1_34:558;wts_1_34:572;wts_1_34:620;wts_1_34:622;wts_1_34:63;wts_1_34:652;wts_1_34:680;wts_1_34:69;wts_1_34:696;wts_1_34:697;wts_1_34:70;wts_1_34:703;wts_1_34:76;wts_1_34:774;wts_1_34:832;wts_1_34:84;wts_1_34:870;wts_1_34:873;wts_1_34:89;wts_1_34:894;wts_1_34:922;wts_35_51:1046;wts_35_51:174;wts_35_51:289;wts_35_51:402;wts_35_51:420;wts_35_51:424;wts_35_51:453;wts_35_51:476;wts_35_51:483;wts_35_51:487;wts_35_51:50;wts_35_51:53;wts_35_51:55;wts_35_51:583;wts_35_51:603;wts_35_51:636;wts_35_51:737;wts_35_51:747;wts_35_51:813;wts_35_51:94;wts_35_51:968;wts_8_b:102;wts_8_b:18;wts_8_b:23;wts_8_b:36;wts_8_b:413;wts_8_b:438;wts_8_b:449;wts_8_b:450;wts_8_b:77;wts_8_b:89;wts_9_m:103;wts_9_m:200;wts_9_m:284;wts_9_m:57;wts_9_m:74;wts_9_m:84			ordinary_tibetan_lexical_or_compound	high	feature_independent_strong_candidate
CORPUS_32A50F74BAA0	root_consonant	ཝ	contrastive	dz→w;j→w;ts→w;w→z	full_realization_isolated	w	w	ཝ		0	0	ཇ:ja↔ཝ:wa || ཙ:tsa↔ཝ:wa || ཛ:dza↔ཝ:wa || ཝ:wa↔ཟ:za	0	wts_1_34;wts_35_51;wts_8_b	wts_1_34:283;wts_1_34:772;wts_35_51:689			ordinary_tibetan_lexical_or_compound	provisional	feature_provisional
ROOT_ZHA_TO_ZACUTE	root_consonant	ཞ	contrastive	ch→ź;d→ź;ph→ź;th→ź;tsh→ź;ź→l;ź→s;ź→y	full_realization_isolated	ź	ź	གཞུང;ཞང		63	0	གདུང:gduṅ↔གཞུང:gźuṅ || གཞུང:gźuṅ↔གསུང:gsuṅ || ཆང:chaṅ↔ཞང:źaṅ || ཐང:thaṅ↔ཞང:źaṅ || ཕང:phaṅ↔ཞང:źaṅ || ཚང:tshaṅ↔ཞང:źaṅ || ཞང:źaṅ↔ཡང:yaṅ || ཞང:źaṅ↔ལང:laṅ	0	wts_1_34;wts_35_51;wts_8_b				ordinary_tibetan_lexical_or_compound	reviewed	feature_reviewed
RESIDUAL_5AF49A4087E4	root_consonant	ཟ	contrastive	ch→z;d→z;g→z;j→z;kh→z;k→z;n→z;ph→z;p→z;th→z;tsh→z;ts→z;t→z;w→z;z→S;z→l;z→r;z→s;z→y	full_realization_isolated	z	z	གཟར;བཟང;ཟ;ཟན;ཟས;ཟུག;ཟུར;ཟེ;ཟེར;ཟོར;ཟློག		0	0	ཀན:kan↔ཟན:zan || ཀེ:ke↔ཟེ:ze || ཁུག:khug↔ཟུག:zug || ཁེ:khe↔ཟེ:ze || ཁེར:kher↔ཟེར:zer || གཟར:gzar↔གསར:gsar || གེ:ge↔ཟེ:ze || ཆུག:chug↔ཟུག:zug || ཆེར:cher↔ཟེར:zer || ཇ:ja↔ཟ:za || ཏན:tan↔ཟན:zan || ཏེ:te↔ཟེ:ze || ཐུར:thur↔ཟུར:zur || ཐེར:ther↔ཟེར:zer || ཐོར:thor↔ཟོར:zor || དེ:de↔ཟེ:ze || ནེ:ne↔ཟེ:ze || ནོར:nor↔ཟོར:zor || པན:pan↔ཟན:zan || པོར:por↔ཟོར:zor || ཕན:phan↔ཟན:zan || ཕས:phas↔ཟས:zas || ཕུག:phug↔ཟུག:zug || ཕུར:phur↔ཟུར:zur || ཕོར:phor↔ཟོར:zor || བཏང:btaṅ↔བཟང:bzaṅ || ཙ:tsa↔ཟ:za || ཙུག:tsug↔ཟུག:zug || ཙེ:tse↔ཟེ:ze || ཚུར:tshur↔ཟུར:zur || ཝ:wa↔ཟ:za || ཟན:zan↔ཡན:yan || ཟན:zan↔ཤན:San || ཟས:zas↔ཡས:yas || ཟས:zas↔རས:ras || ཟས:zas↔ལས:las || ཟས:zas↔ཤས:Sas || ཟུག:zug↔རུག:rug || ཟུག:zug↔ལུག:lug || ཟེ:ze↔ཡེ:ye || ཟེ:ze↔ལེ:le || ཟེ:ze↔སེ:se || ཟེར:zer↔སེར:ser || ཟོར:zor↔ཤོར:sor || ཟོར:zor↔སོར:sor || ཟློག:zlog↔སློག:slog	0	wts_1_34;wts_35_51;wts_8_b;wts_9_m	wts_1_34:1034;wts_1_34:120;wts_1_34:125;wts_1_34:1321;wts_1_34:166;wts_1_34:253;wts_1_34:260;wts_1_34:278;wts_1_34:404;wts_1_34:528;wts_35_51:102;wts_35_51:103;wts_35_51:1030;wts_35_51:1069;wts_35_51:1114;wts_35_51:119;wts_35_51:179;wts_35_51:225;wts_35_51:246;wts_35_51:247;wts_35_51:253;wts_35_51:291;wts_35_51:433;wts_35_51:481;wts_35_51:484;wts_35_51:504;wts_35_51:625;wts_35_51:636;wts_35_51:69;wts_35_51:742;wts_35_51:747;wts_35_51:840;wts_35_51:848;wts_35_51:849;wts_35_51:913;wts_35_51:937;wts_35_51:995;wts_8_b:101;wts_8_b:128;wts_8_b:263;wts_8_b:268;wts_8_b:269;wts_8_b:32;wts_8_b:328;wts_8_b:358;wts_8_b:364;wts_8_b:41;wts_9_m:132;wts_9_m:159;wts_9_m:191;wts_9_m:376;wts_9_m:84			ordinary_tibetan_lexical_or_compound	reviewed	feature_reviewed
CORPUS_ED079940246D	root_consonant	ཡ	contrastive	ch→y;c→y;dz→y;d→y;g→y;kh→y;k→y;n→y;ph→y;p→y;th→y;tsh→y;ts→y;t→y;y→S;y→l;y→r;y→s;z→y;ź→y	full_realization_isolated	y	y	ཡང;ཡན;ཡབ;ཡར;ཡས;ཡི;ཡིག;ཡུམ;ཡུལ;ཡེ;ཡོད;ཡོན;ཡོལ		0	0	ཀན:kan↔ཡན:yan || ཀར:kar↔ཡར:yar || ཀི:ki↔ཡི:yi || ཀེ:ke↔ཡེ:ye || ཁབ:khab↔ཡབ:yab || ཁར:khar↔ཡར:yar || ཁུལ:khul↔ཡུལ:yul || ཁེ:khe↔ཡེ:ye || ཁོན:khon↔ཡོན:yon || ཁོལ:khol↔ཡོལ:yol || གི:gi↔ཡི:yi || གེ:ge↔ཡེ:ye || ཅི:ci↔ཡི:yi || ཅིག:cig↔ཡིག:yig || ཆང:chaṅ↔ཡང:yaṅ || ཆར:char↔ཡར:yar || ཆིག:chig↔ཡིག:yig || ཏན:tan↔ཡན:yan || ཏི:ti↔ཡི:yi || ཏིག:tig↔ཡིག:yig || ཏེ:te↔ཡེ:ye || ཐང:thaṅ↔ཡང:yaṅ || ཐབ:thab↔ཡབ:yab || ཐར:thar↔ཡར:yar || ཐིག:thig↔ཡིག:yig || ཐུམ:thum↔ཡུམ:yum || ཐུལ:thul↔ཡུལ:yul || ཐོད:thod↔ཡོད:yod || ཐོན:thon↔ཡོན:yon || དེ:de↔ཡེ:ye || ནེ:ne↔ཡེ:ye || ནོན:non↔ཡོན:yon || པན:pan↔ཡན:yan || པར:par↔ཡར:yar || ཕང:phaṅ↔ཡང:yaṅ || ཕན:phan↔ཡན:yan || ཕབ:phab↔ཡབ:yab || ཕས:phas↔ཡས:yas || ཕུལ:phul↔ཡུལ:yul || ཕོད:phod↔ཡོད:yod || ཕོན:phon↔ཡོན:yon || ཙི:tsi↔ཡི:yi || ཙེ:tse↔ཡེ:ye || ཚང:tshaṅ↔ཡང:yaṅ || ཚབ:tshab↔ཡབ:yab || ཚར:tshar↔ཡར:yar || ཚུལ:tshul↔ཡུལ:yul || ཚོལ:tshol↔ཡོལ:yol || ཛི:dzi↔ཡི:yi || ཞང:źaṅ↔ཡང:yaṅ || ཟན:zan↔ཡན:yan || ཟས:zas↔ཡས:yas || ཟེ:ze↔ཡེ:ye || ཡང:yaṅ↔ལང:laṅ || ཡན:yan↔ཤན:San || ཡབ:yab↔རབ:rab || ཡར:yar↔སར:sar || ཡས:yas↔རས:ras || ཡས:yas↔ལས:las || ཡས:yas↔ཤས:Sas || ཡི:yi↔རི:ri || ཡིག:yig↔རིག:rig || ཡུམ:yum↔སུམ:sum || ཡེ:ye↔ལེ:le || ཡེ:ye↔སེ:se || ཡོད:yod↔ཤོད:sod	0	wts_1_34;wts_35_51;wts_8_b;wts_9_m	wts_1_34:1014;wts_1_34:1021;wts_1_34:1030;wts_1_34:1046;wts_1_34:1053;wts_1_34:1054;wts_1_34:1064;wts_1_34:1066;wts_1_34:1067;wts_1_34:114;wts_1_34:1272;wts_1_34:1308;wts_1_34:1323;wts_1_34:163;wts_1_34:207;wts_1_34:215;wts_1_34:222;wts_1_34:253;wts_1_34:254;wts_1_34:279;wts_1_34:286;wts_1_34:287;wts_1_34:297;wts_1_34:299;wts_1_34:306;wts_1_34:321;wts_1_34:322;wts_1_34:332;wts_1_34:361;wts_1_34:405;wts_1_34:458;wts_1_34:464;wts_1_34:473;wts_1_34:474;wts_1_34:476;wts_1_34:581;wts_1_34:631;wts_1_34:651;wts_1_34:652;wts_1_34:660;wts_1_34:721;wts_1_34:914;wts_1_34:925;wts_1_34:962;wts_1_34:964;wts_1_34:98;wts_1_34:99;wts_1_34:990;wts_1_34:997;wts_35_51:1014;wts_35_51:1016;wts_35_51:102;wts_35_51:103;wts_35_51:1033;wts_35_51:1049;wts_35_51:1060;wts_35_51:1080;wts_35_51:1081;wts_35_51:1082;wts_35_51:1083;wts_35_51:1087;wts_35_51:1111;wts_35_51:1116;wts_35_51:1124;wts_35_51:1126;wts_35_51:147;wts_35_51:198;wts_35_51:247;wts_35_51:253;wts_35_51:305;wts_35_51:365;wts_35_51:366;wts_35_51:367;wts_35_51:394;wts_35_51:403;wts_35_51:430;wts_35_51:468;wts_35_51:57;wts_35_51:633;wts_35_51:7;wts_35_51:797;wts_35_51:844;wts_35_51:861;wts_35_51:874;wts_35_51:913;wts_35_51:943;wts_35_51:973;wts_35_51:990;wts_8_b:115;wts_8_b:170;wts_8_b:171;wts_8_b:245;wts_8_b:32;wts_8_b:362;wts_8_b:364;wts_8_b:400;wts_8_b:434;wts_8_b:435;wts_8_b:493;wts_8_b:499;wts_8_b:504;wts_8_b:535;wts_8_b:536;wts_8_b:549;wts_8_b:576;wts_8_b:66;wts_8_b:71;wts_8_b:89;wts_9_m:134;wts_9_m:217;wts_9_m:224;wts_9_m:227;wts_9_m:252			ordinary_tibetan_lexical_or_compound	reviewed	feature_reviewed
CORPUS_5BE28982C775	root_consonant	ར	contrastive	ch→r;c→r;dz→r;d→r;g→r;kh→r;k→r;m→r;n→r;ph→r;r→S;r→l;r→s;th→r;tsh→r;ts→r;t→r;y→r;z→r	full_realization_isolated	r	r	རབ;རལ;རས;རི;རིག;རིགས;རིང;རིམ;རིལ;རུག;རུས;རོ;རོག		0	0	ཀི:ki↔རི:ri || ཁབ:khab↔རབ:rab || ཁུག:khug↔རུག:rug || ཁོག:khog↔རོག:rog || གི:gi↔རི:ri || གོ:go↔རོ:ro || ངོ:no↔རོ:ro || ཅི:ci↔རི:ri || ཅིག:cig↔རིག:rig || ཅིང:ciṅ↔རིང:riṅ || ཅོ:co↔རོ:ro || ཅོག:cog↔རོག:rog || ཆལ:chal↔རལ:ral || ཆིག:chig↔རིག:rig || ཆུག:chug↔རུག:rug || ཆོག:chog↔རོག:rog || ཏི:ti↔རི:ri || ཏིག:tig↔རིག:rig || ཏོག:tog↔རོག:rog || ཐབ:thab↔རབ:rab || ཐལ:thal↔རལ:ral || ཐིག:thig↔རིག:rig || ཐོ:tho↔རོ:ro || ཐོག:thog↔རོག:rog || དོ:do↔རོ:ro || ཕབ:phab↔རབ:rab || ཕས:phas↔རས:ras || ཕུག:phug↔རུག:rug || ཕོག:phog↔རོག:rog || མོ:mo↔རོ:ro || ཙི:tsi↔རི:ri || ཙུག:tsug↔རུག:rug || ཚབ:tshab↔རབ:rab || ཚིགས:tshigs↔རིགས:rigs || ཚིམ:tshim↔རིམ:rim || ཚིལ:tshil↔རིལ:ril || ཛི:dzi↔རི:ri || ཟས:zas↔རས:ras || ཟུག:zug↔རུག:rug || ཡབ:yab↔རབ:rab || ཡས:yas↔རས:ras || ཡི:yi↔རི:ri || ཡིག:yig↔རིག:rig || རས:ras↔ལས:las || རས:ras↔ཤས:Sas || རིང:riṅ↔ལིང:liṅ || རུག:rug↔ལུག:lug || རུས:rus↔ལུས:lus || རོ:ro↔ལོ:lo || རོ:ro↔སོ:so || རོག:rog↔ལོག:log || རོག:rog↔ཤོག:sog	0	wts_1_34;wts_35_51;wts_8_b;wts_9_m	wts_1_34:1014;wts_1_34:1021;wts_1_34:1034;wts_1_34:1058;wts_1_34:1156;wts_1_34:117;wts_1_34:120;wts_1_34:1244;wts_1_34:1309;wts_1_34:1350;wts_1_34:161;wts_1_34:236;wts_1_34:254;wts_1_34:258;wts_1_34:259;wts_1_34:278;wts_1_34:283;wts_1_34:314;wts_1_34:321;wts_1_34:328;wts_1_34:358;wts_1_34:381;wts_1_34:390;wts_1_34:401;wts_1_34:405;wts_1_34:426;wts_1_34:464;wts_1_34:47;wts_1_34:474;wts_1_34:483;wts_1_34:55;wts_1_34:556;wts_1_34:583;wts_1_34:607;wts_1_34:621;wts_1_34:622;wts_1_34:627;wts_1_34:784;wts_35_51:1055;wts_35_51:1071;wts_35_51:1081;wts_35_51:1083;wts_35_51:131;wts_35_51:173;wts_35_51:222;wts_35_51:227;wts_35_51:245;wts_35_51:248;wts_35_51:26;wts_35_51:297;wts_35_51:3;wts_35_51:377;wts_35_51:395;wts_35_51:412;wts_35_51:430;wts_35_51:432;wts_35_51:525;wts_35_51:595;wts_35_51:65;wts_35_51:689;wts_35_51:740;wts_35_51:755;wts_35_51:770;wts_35_51:780;wts_35_51:81;wts_35_51:859;wts_35_51:861;wts_35_51:883;wts_35_51:939;wts_35_51:941;wts_35_51:943;wts_35_51:944;wts_35_51:970;wts_8_b:105;wts_8_b:133;wts_8_b:157;wts_8_b:177;wts_8_b:228;wts_8_b:247;wts_8_b:37;wts_8_b:378;wts_8_b:437;wts_8_b:471;wts_8_b:573;wts_9_m:192;wts_9_m:272;wts_9_m:328;wts_9_m:331			ordinary_tibetan_lexical_or_compound	reviewed	feature_reviewed
CORPUS_10051C382A6A	root_consonant	ལ	contrastive	ch→l;c→l;d→l;g→l;kh→l;k→l;l→S;l→s;m→l;n→l;ph→l;p→l;r→l;th→l;tsh→l;ts→l;t→l;y→l;z→l;ñ→l;ź→l	full_realization_isolated	l	l	ལག;ལང;ལམ;ལས;ལིང;ལུ;ལུག;ལུང;ལུས;ལེ;ལེགས;ལེན;ལེབ;ལོ;ལོག;ལོང		0	0	ཀེ:ke↔ལེ:le || ཀོང:koṅ↔ལོང:loṅ || ཁུག:khug↔ལུག:lug || ཁུང:khuṅ↔ལུང:luṅ || ཁེ:khe↔ལེ:le || ཁེབ:kheb↔ལེབ:leb || ཁོག:khog↔ལོག:log || ཁོང:khoṅ↔ལོང:loṅ || གུ:gu↔ལུ:lu || གེ:ge↔ལེ:le || གོ:go↔ལོ:lo || ངོ:no↔ལོ:lo || ཅིང:ciṅ↔ལིང:liṅ || ཅོ:co↔ལོ:lo || ཅོག:cog↔ལོག:log || ཆག:chag↔ལག:lag || ཆང:chaṅ↔ལང:laṅ || ཆུག:chug↔ལུག:lug || ཆུང:chuṅ↔ལུང:luṅ || ཆེན:chen↔ལེན:len || ཆོག:chog↔ལོག:log || ཉག:ñag↔ལག:lag || ཉུང:ñuṅ↔ལུང:luṅ || ཏེ:te↔ལེ:le || ཏོག:tog↔ལོག:log || ཐང:thaṅ↔ལང:laṅ || ཐམ:tham↔ལམ:lam || ཐུ:thu↔ལུ:lu || ཐུང:thuṅ↔ལུང:luṅ || ཐེན:then↔ལེན:len || ཐེབ:theb↔ལེབ:leb || ཐོ:tho↔ལོ:lo || ཐོག:thog↔ལོག:log || དུ:du↔ལུ:lu || དེ:de↔ལེ:le || དོ:do↔ལོ:lo || ནག:nag↔ལག:lag || ནམ:nam↔ལམ:lam || ནུ:nu↔ལུ:lu || ནེ:ne↔ལེ:le || པག:pag↔ལག:lag || ཕག:phag↔ལག:lag || ཕང:phaṅ↔ལང:laṅ || ཕམ:pham↔ལམ:lam || ཕས:phas↔ལས:las || ཕུ:phu↔ལུ:lu || ཕུག:phug↔ལུག:lug || ཕོག:phog↔ལོག:log || མོ:mo↔ལོ:lo || ཙམ:tsam↔ལམ:lam || ཙུག:tsug↔ལུག:lug || ཙེ:tse↔ལེ:le || ཚག:tshag↔ལག:lag || ཚང:tshaṅ↔ལང:laṅ || ཚེགས:tshegs↔ལེགས:legs || ཞང:źaṅ↔ལང:laṅ || ཟས:zas↔ལས:las || ཟུག:zug↔ལུག:lug || ཟེ:ze↔ལེ:le || ཡང:yaṅ↔ལང:laṅ || ཡས:yas↔ལས:las || ཡེ:ye↔ལེ:le || རས:ras↔ལས:las || རིང:riṅ↔ལིང:liṅ || རུག:rug↔ལུག:lug || རུས:rus↔ལུས:lus || རོ:ro↔ལོ:lo || རོག:rog↔ལོག:log || ལས:las↔ཤས:Sas || ལུ:lu↔ཤུ:su || ལེ:le↔སེ:se || ལོ:lo↔སོ:so || ལོག:log↔ཤོག:sog	0	wts_1_34;wts_35_51;wts_8_b;wts_9_m	wts_1_34:1003;wts_1_34:1006;wts_1_34:1015;wts_1_34:1022;wts_1_34:1023;wts_1_34:1038;wts_1_34:1040;wts_1_34:1048;wts_1_34:1054;wts_1_34:1061;wts_1_34:1067;wts_1_34:1075;wts_1_34:1106;wts_1_34:1109;wts_1_34:1110;wts_1_34:1111;wts_1_34:1175;wts_1_34:1190;wts_1_34:120;wts_1_34:1273;wts_1_34:1308;wts_1_34:1315;wts_1_34:1323;wts_1_34:1333;wts_1_34:159;wts_1_34:162;wts_1_34:208;wts_1_34:215;wts_1_34:253;wts_1_34:254;wts_1_34:255;wts_1_34:260;wts_1_34:264;wts_1_34:270;wts_1_34:274;wts_1_34:275;wts_1_34:287;wts_1_34:291;wts_1_34:293;wts_1_34:295;wts_1_34:297;wts_1_34:302;wts_1_34:303;wts_1_34:317;wts_1_34:321;wts_1_34:322;wts_1_34:361;wts_1_34:379;wts_1_34:421;wts_1_34:455;wts_1_34:456;wts_1_34:464;wts_1_34:469;wts_1_34:484;wts_1_34:54;wts_1_34:564;wts_1_34:575;wts_1_34:593;wts_1_34:602;wts_1_34:613;wts_1_34:615;wts_1_34:621;wts_1_34:64;wts_1_34:650;wts_1_34:652;wts_1_34:678;wts_1_34:695;wts_1_34:702;wts_1_34:726;wts_1_34:737;wts_1_34:771;wts_1_34:772;wts_1_34:774;wts_1_34:807;wts_1_34:86;wts_1_34:87;wts_1_34:879;wts_1_34:889;wts_1_34:953;wts_1_34:98;wts_1_34:995;wts_35_51:1001;wts_35_51:1003;wts_35_51:1017;wts_35_51:1020;wts_35_51:1030;wts_35_51:1039;wts_35_51:1066;wts_35_51:1067;wts_35_51:1069;wts_35_51:1081;wts_35_51:1083;wts_35_51:1088;wts_35_51:1101;wts_35_51:1116;wts_35_51:1117;wts_35_51:1122;wts_35_51:127;wts_35_51:17;wts_35_51:205;wts_35_51:226;wts_35_51:227;wts_35_51:236;wts_35_51:241;wts_35_51:245;wts_35_51:247;wts_35_51:248;wts_35_51:36;wts_35_51:375;wts_35_51:377;wts_35_51:378;wts_35_51:403;wts_35_51:422;wts_35_51:424;wts_35_51:457;wts_35_51:468;wts_35_51:484;wts_35_51:520;wts_35_51:552;wts_35_51:56;wts_35_51:625;wts_35_51:683;wts_35_51:689;wts_35_51:691;wts_35_51:692;wts_35_51:700;wts_35_51:71;wts_35_51:720;wts_35_51:742;wts_35_51:770;wts_35_51:788;wts_35_51:818;wts_35_51:85;wts_35_51:855;wts_35_51:870;wts_35_51:873;wts_35_51:914;wts_35_51:921;wts_35_51:944;wts_35_51:970;wts_35_51:993;wts_35_51:994;wts_8_b:120;wts_8_b:123;wts_8_b:157;wts_8_b:160;wts_8_b:170;wts_8_b:171;wts_8_b:21;wts_8_b:22;wts_8_b:23;wts_8_b:24;wts_8_b:245;wts_8_b:251;wts_8_b:329;wts_8_b:338;wts_8_b:343;wts_8_b:358;wts_8_b:359;wts_8_b:365;wts_8_b:400;wts_8_b:472;wts_8_b:493;wts_8_b:504;wts_8_b:523;wts_8_b:525;wts_8_b:539;wts_8_b:541;wts_9_m:144;wts_9_m:186;wts_9_m:225;wts_9_m:226;wts_9_m:227;wts_9_m:25;wts_9_m:271;wts_9_m:281;wts_9_m:332;wts_9_m:336;wts_9_m:74;wts_9_m:75			ordinary_tibetan_lexical_or_compound	reviewed	feature_reviewed
CORPUS_868BE7E157BF	root_consonant	ཤ	contrastive	k→S;l→S;ph→S;p→S;r→S;t→S;y→S;z→S	full_realization_isolated	S	S	ཤན;ཤས		0	0	ཀན:kan↔ཤན:San || ཏན:tan↔ཤན:San || པན:pan↔ཤན:San || ཕན:phan↔ཤན:San || ཕས:phas↔ཤས:Sas || ཟན:zan↔ཤན:San || ཟས:zas↔ཤས:Sas || ཡན:yan↔ཤན:San || ཡས:yas↔ཤས:Sas || རས:ras↔ཤས:Sas || ལས:las↔ཤས:Sas	0	wts_1_34;wts_35_51	wts_1_34:1018;wts_1_34:1034;wts_1_34:622;wts_1_34:91;wts_35_51:638;wts_35_51:971		s	ordinary_tibetan_lexical_or_compound	provisional	feature_provisional
CORPUS_DF771C5F0FCC	root_consonant	ཤ	contrastive	ch→s;c→s;d→s;g→s;kh→s;l→s;n→s;ph→s;p→s;r→s;th→s;t→s;y→s;z→s	full_realization_isolated	s	s	བཤད;ཤུ;ཤུགས;ཤེད;ཤེལ;ཤོག;ཤོད;ཤོར		0	0	ཁུགས:khugs↔ཤུགས:sugs || ཁེལ:khel↔ཤེལ:sel || ཁོག:khog↔ཤོག:sog || གུ:gu↔ཤུ:su || ཅོག:cog↔ཤོག:sog || ཆོག:chog↔ཤོག:sog || ཏོག:tog↔ཤོག:sog || ཐུ:thu↔ཤུ:su || ཐེད:thed↔ཤེད:sed || ཐེལ:thel↔ཤེལ:sel || ཐོག:thog↔ཤོག:sog || ཐོད:thod↔ཤོད:sod || ཐོར:thor↔ཤོར:sor || དུ:du↔ཤུ:su || ནུ:nu↔ཤུ:su || ནོར:nor↔ཤོར:sor || པོར:por↔ཤོར:sor || ཕུ:phu↔ཤུ:su || ཕུགས:phugs↔ཤུགས:sugs || ཕོག:phog↔ཤོག:sog || ཕོད:phod↔ཤོད:sod || ཕོར:phor↔ཤོར:sor || བཅད:bcad↔བཤད:bsad || ཟོར:zor↔ཤོར:sor || ཡོད:yod↔ཤོད:sod || རོག:rog↔ཤོག:sog || ལུ:lu↔ཤུ:su || ལོག:log↔ཤོག:sog	0	wts_1_34;wts_35_51;wts_8_b;wts_9_m	wts_1_34:1029;wts_1_34:1073;wts_1_34:109;wts_1_34:143;wts_1_34:255;wts_1_34:256;wts_1_34:267;wts_1_34:471;wts_1_34:918;wts_35_51:1017;wts_35_51:170;wts_35_51:26;wts_35_51:383;wts_35_51:404;wts_35_51:699;wts_35_51:742;wts_35_51:803;wts_35_51:891;wts_35_51:905;wts_35_51:97;wts_8_b:225;wts_8_b:329;wts_8_b:356;wts_8_b:365;wts_8_b:550;wts_8_b:87;wts_9_m:355		S	ordinary_tibetan_lexical_or_compound	provisional	feature_provisional
RESIDUAL_014281225BA9	root_consonant	ས	contrastive	b→s;ch→s;c→s;d→s;g→s;kh→s;k→s;l→s;m→s;n→s;ph→s;p→s;r→s;th→s;t→s;y→s;z→s;ź→s	full_realization_isolated	s	s	གསར;གསུང;གསུམ;སར;སུམ;སེ;སེམས;སེར;སེལ;སོ;སོར;སྲས;སྲི;སྲིད;སྲོག;སྲོལ;སློག;སློང		0	0	ཀར:kar↔སར:sar || ཀེ:ke↔སེ:se || ཀློང:kloṅ↔སློང:sloṅ || ཁར:khar↔སར:sar || ཁེ:khe↔སེ:se || ཁེར:kher↔སེར:ser || ཁེལ:khel↔སེལ:sel || ཁྲིད:khrid↔སྲིད:srid || ཁྲོག:khrog↔སྲོག:srog || ཁྲོལ:khrol↔སྲོལ:srol || གཏུམ:gtum↔གསུམ:gsum || གདུང:gduṅ↔གསུང:gsuṅ || གཞུང:gźuṅ↔གསུང:gsuṅ || གཟར:gzar↔གསར:gsar || གེ:ge↔སེ:se || གོ:go↔སོ:so || གྲས:gras↔སྲས:sras || གྲི:gri↔སྲི:sri || གྲོལ:grol↔སྲོལ:srol || ངོ:no↔སོ:so || ཅོ:co↔སོ:so || ཆར:char↔སར:sar || ཆེམས:chems↔སེམས:sems || ཆེར:cher↔སེར:ser || ཏེ:te↔སེ:se || ཐར:thar↔སར:sar || ཐུམ:thum↔སུམ:sum || ཐེར:ther↔སེར:ser || ཐེལ:thel↔སེལ:sel || ཐོ:tho↔སོ:so || ཐོར:thor↔སོར:sor || དེ:de↔སེ:se || དོ:do↔སོ:so || ནེ:ne↔སེ:se || ནོར:nor↔སོར:sor || པར:par↔སར:sar || པོར:por↔སོར:sor || ཕོར:phor↔སོར:sor || ཕྲས:phras↔སྲས:sras || བྲི:bri↔སྲི:sri || མོ:mo↔སོ:so || ཟེ:ze↔སེ:se || ཟེར:zer↔སེར:ser || ཟོར:zor↔སོར:sor || ཟློག:zlog↔སློག:slog || ཡར:yar↔སར:sar || ཡུམ:yum↔སུམ:sum || ཡེ:ye↔སེ:se || རོ:ro↔སོ:so || ལེ:le↔སེ:se || ལོ:lo↔སོ:so	0	wts_1_34;wts_35_51;wts_8_b;wts_9_m	wts_1_34:1004;wts_1_34:1009;wts_1_34:1015;wts_1_34:1018;wts_1_34:1021;wts_1_34:1022;wts_1_34:1023;wts_1_34:1024;wts_1_34:1025;wts_1_34:1034;wts_1_34:1061;wts_1_34:1064;wts_1_34:1067;wts_1_34:1127;wts_1_34:116;wts_1_34:1166;wts_1_34:1192;wts_1_34:1193;wts_1_34:120;wts_1_34:129;wts_1_34:160;wts_1_34:164;wts_1_34:206;wts_1_34:256;wts_1_34:260;wts_1_34:261;wts_1_34:262;wts_1_34:263;wts_1_34:267;wts_1_34:284;wts_1_34:285;wts_1_34:286;wts_1_34:287;wts_1_34:296;wts_1_34:321;wts_1_34:322;wts_1_34:323;wts_1_34:326;wts_1_34:328;wts_1_34:342;wts_1_34:354;wts_1_34:388;wts_1_34:453;wts_1_34:464;wts_1_34:465;wts_1_34:466;wts_1_34:472;wts_1_34:475;wts_1_34:487;wts_1_34:54;wts_1_34:557;wts_1_34:558;wts_1_34:58;wts_1_34:594;wts_1_34:62;wts_1_34:65;wts_1_34:654;wts_1_34:660;wts_1_34:674;wts_1_34:681;wts_1_34:703;wts_1_34:726;wts_1_34:805;wts_1_34:874;wts_1_34:899;wts_1_34:912;wts_1_34:914;wts_1_34:917;wts_1_34:919;wts_1_34:922;wts_1_34:923;wts_1_34:944;wts_1_34:953;wts_1_34:98;wts_1_34:981;wts_1_34:987;wts_35_51:1009;wts_35_51:103;wts_35_51:104;wts_35_51:1043;wts_35_51:1048;wts_35_51:1069;wts_35_51:1080;wts_35_51:1082;wts_35_51:120;wts_35_51:2;wts_35_51:243;wts_35_51:26;wts_35_51:269;wts_35_51:274;wts_35_51:360;wts_35_51:424;wts_35_51:506;wts_35_51:560;wts_35_51:602;wts_35_51:607;wts_35_51:638;wts_35_51:639;wts_35_51:648;wts_35_51:689;wts_35_51:690;wts_35_51:700;wts_35_51:702;wts_35_51:747;wts_35_51:790;wts_35_51:849;wts_35_51:859;wts_35_51:891;wts_35_51:906;wts_35_51:913;wts_35_51:914;wts_35_51:917;wts_35_51:922;wts_35_51:93;wts_35_51:96;wts_35_51:97;wts_35_51:971;wts_35_51:983;wts_35_51:984;wts_35_51:994;wts_8_b:147;wts_8_b:166;wts_8_b:171;wts_8_b:172;wts_8_b:179;wts_8_b:378;wts_8_b:441;wts_8_b:493;wts_8_b:504;wts_8_b:575;wts_8_b:62;wts_8_b:65;wts_8_b:92;wts_9_m:124;wts_9_m:162;wts_9_m:312;wts_9_m:43;wts_9_m:64			ordinary_tibetan_lexical_or_compound	reviewed	feature_reviewed
CORPUS_66FD1A3C3BEF	root_consonant	ཧ	contrastive	c→h	full_realization_isolated	h	h	ལྷག		0	0	ལྕག:lcag↔ལྷག:lhag	0	wts_1_34;wts_35_51;wts_8_b	wts_1_34:775;wts_35_51:912;wts_8_b:154;wts_8_b:305;wts_8_b:576			ordinary_tibetan_lexical_or_compound	provisional	feature_provisional
CORPUS_6EF8E6EDDF18	subjoined_consonants		contrastive	→h;→l;→r;→y	zero_realization_isolated			ཀོང;ཁབ;ཁེར;ཁོག;ཁོན;ཁོམ;ཁོལ;གི;གུ;གོ;དེ;དོ;ཕང;ཕད;ཕན;ཕམ;ཕས;ཕུ;ཕུག;ཕུགས;མགོན;ཟ;སྐོང		0	0	ཀོང:koṅ↔ཀློང:kloṅ || ཁབ:khab↔ཁྱབ:khyab || ཁབ:khab↔ཁྲབ:khrab || ཁེར:kher↔ཁྱེར:khyer || ཁོག:khog↔ཁྲོག:khrog || ཁོན:khon↔ཁྲོན:khron || ཁོམ:khom↔ཁྲོམ:khrom || ཁོལ:khol↔ཁྲོལ:khrol || གི:gi↔གྲི:gri || གུ:gu↔གྲུ:gru || གུ:gu↔གླུ:glu || གོ:go↔གྲོ:gro || དེ:de↔དྲེ:dre || དེ:de↔དྷེ:dhe || དོ:do↔དྲོ:dro || ཕང:phaṅ↔ཕྱང:phyaṅ || ཕད:phad↔ཕྱད:phyad || ཕད:phad↔ཕྲད:phrad || ཕན:phan↔ཕྲན:phran || ཕམ:pham↔ཕྱམ:phyam || ཕས:phas↔ཕྲས:phras || ཕུ:phu↔ཕྲུ:phru || ཕུག:phug↔ཕྲུག:phrug || ཕུགས:phugs↔ཕྱུགས:phyugs || མགོན:mgon↔མགྲོན:mgron || ཟ:za↔ཟླ:zla || སྐོང:skoṅ↔སྐྱོང:skyoṅ	0	wts_1_34;wts_35_51;wts_8_b;wts_9_m	wts_1_34:1002;wts_1_34:1022;wts_1_34:1034;wts_1_34:1045;wts_1_34:1054;wts_1_34:1059;wts_1_34:1084;wts_1_34:1089;wts_1_34:1110;wts_1_34:113;wts_1_34:1137;wts_1_34:1157;wts_1_34:116;wts_1_34:1179;wts_1_34:1182;wts_1_34:1199;wts_1_34:1200;wts_1_34:1201;wts_1_34:1202;wts_1_34:1203;wts_1_34:1208;wts_1_34:1209;wts_1_34:1218;wts_1_34:1219;wts_1_34:1221;wts_1_34:1222;wts_1_34:1223;wts_1_34:1224;wts_1_34:1228;wts_1_34:1229;wts_1_34:1230;wts_1_34:1244;wts_1_34:1246;wts_1_34:1247;wts_1_34:1248;wts_1_34:1269;wts_1_34:1287;wts_1_34:1321;wts_1_34:134;wts_1_34:162;wts_1_34:164;wts_1_34:182;wts_1_34:259;wts_1_34:260;wts_1_34:263;wts_1_34:271;wts_1_34:274;wts_1_34:275;wts_1_34:277;wts_1_34:278;wts_1_34:279;wts_1_34:281;wts_1_34:282;wts_1_34:283;wts_1_34:284;wts_1_34:292;wts_1_34:322;wts_1_34:338;wts_1_34:35;wts_1_34:350;wts_1_34:351;wts_1_34:355;wts_1_34:356;wts_1_34:357;wts_1_34:358;wts_1_34:387;wts_1_34:389;wts_1_34:390;wts_1_34:391;wts_1_34:404;wts_1_34:430;wts_1_34:453;wts_1_34:459;wts_1_34:466;wts_1_34:470;wts_1_34:471;wts_1_34:473;wts_1_34:504;wts_1_34:52;wts_1_34:524;wts_1_34:568;wts_1_34:57;wts_1_34:580;wts_1_34:593;wts_1_34:625;wts_1_34:663;wts_1_34:687;wts_1_34:688;wts_1_34:704;wts_1_34:712;wts_1_34:724;wts_1_34:778;wts_1_34:784;wts_1_34:83;wts_1_34:880;wts_1_34:912;wts_1_34:948;wts_1_34:955;wts_1_34:98;wts_1_34:980;wts_1_34:985;wts_35_51:102;wts_35_51:104;wts_35_51:1042;wts_35_51:1048;wts_35_51:1100;wts_35_51:1114;wts_35_51:179;wts_35_51:190;wts_35_51:225;wts_35_51:232;wts_35_51:246;wts_35_51:34;wts_35_51:377;wts_35_51:382;wts_35_51:389;wts_35_51:390;wts_35_51:399;wts_35_51:427;wts_35_51:444;wts_35_51:56;wts_35_51:62;wts_35_51:625;wts_35_51:645;wts_35_51:679;wts_35_51:685;wts_35_51:689;wts_35_51:720;wts_35_51:738;wts_35_51:739;wts_35_51:764;wts_35_51:768;wts_35_51:770;wts_35_51:817;wts_35_51:822;wts_35_51:826;wts_35_51:867;wts_35_51:868;wts_35_51:881;wts_35_51:883;wts_35_51:884;wts_35_51:885;wts_35_51:886;wts_35_51:887;wts_35_51:888;wts_35_51:889;wts_35_51:890;wts_35_51:891;wts_35_51:894;wts_35_51:895;wts_35_51:901;wts_35_51:903;wts_35_51:904;wts_35_51:905;wts_35_51:906;wts_35_51:907;wts_35_51:908;wts_35_51:941;wts_35_51:970;wts_8_b:105;wts_8_b:163;wts_8_b:22;wts_8_b:247;wts_8_b:251;wts_8_b:256;wts_8_b:257;wts_8_b:262;wts_8_b:317;wts_8_b:325;wts_8_b:332;wts_8_b:343;wts_8_b:344;wts_8_b:348;wts_8_b:362;wts_8_b:364;wts_8_b:410;wts_8_b:437;wts_8_b:452;wts_8_b:504;wts_8_b:542;wts_9_m:100;wts_9_m:122;wts_9_m:123;wts_9_m:124;wts_9_m:128;wts_9_m:132;wts_9_m:149;wts_9_m:150;wts_9_m:154;wts_9_m:165;wts_9_m:186;wts_9_m:19;wts_9_m:195;wts_9_m:200;wts_9_m:226;wts_9_m:248;wts_9_m:288;wts_9_m:33;wts_9_m:336;wts_9_m:34;wts_9_m:344;wts_9_m:55;wts_9_m:56			ordinary_tibetan_lexical_or_compound	high	feature_independent_strong_candidate
CORPUS_E34B3E203AE6	subjoined_consonants	ཡ	contrastive	y→r;→y	full_realization_isolated;zero_realization_isolated	y	y	ཁྱག;ཁྱབ;ཁྱེར;ཕྱང;ཕྱད;ཕྱམ;ཕྱིན;ཕྱུགས;བྱན;བྱི;བྱེད;སྐྱོང;སྦྱང		0	0	ཁབ:khab↔ཁྱབ:khyab || ཁེར:kher↔ཁྱེར:khyer || ཁྱག:khyag↔ཁྲག:khrag || ཁྱབ:khyab↔ཁྲབ:khrab || ཕང:phaṅ↔ཕྱང:phyaṅ || ཕད:phad↔ཕྱད:phyad || ཕམ:pham↔ཕྱམ:phyam || ཕུགས:phugs↔ཕྱུགས:phyugs || ཕྱད:phyad↔ཕྲད:phrad || ཕྱིན:phyin↔ཕྲིན:phrin || བྱན:byan↔བྲན:bran || བྱི:byi↔བྲི:bri || བྱེད:byed↔བྲེད:bred || སྐོང:skoṅ↔སྐྱོང:skyoṅ || སྦྱང:sbyaṅ↔སྦྲང:sbraṅ	0	wts_1_34;wts_35_51;wts_8_b;wts_9_m	wts_1_34:1014;wts_1_34:1021;wts_1_34:1034;wts_1_34:1048;wts_1_34:1054;wts_1_34:1055;wts_1_34:1057;wts_1_34:1064;wts_1_34:1067;wts_1_34:1068;wts_1_34:1072;wts_1_34:1089;wts_1_34:1111;wts_1_34:113;wts_1_34:1131;wts_1_34:1152;wts_1_34:1218;wts_1_34:1237;wts_1_34:1310;wts_1_34:132;wts_1_34:1321;wts_1_34:142;wts_1_34:147;wts_1_34:162;wts_1_34:174;wts_1_34:175;wts_1_34:204;wts_1_34:209;wts_1_34:215;wts_1_34:242;wts_1_34:248;wts_1_34:249;wts_1_34:265;wts_1_34:275;wts_1_34:278;wts_1_34:279;wts_1_34:280;wts_1_34:281;wts_1_34:282;wts_1_34:288;wts_1_34:289;wts_1_34:316;wts_1_34:320;wts_1_34:321;wts_1_34:322;wts_1_34:332;wts_1_34:338;wts_1_34:388;wts_1_34:404;wts_1_34:415;wts_1_34:453;wts_1_34:473;wts_1_34:476;wts_1_34:482;wts_1_34:540;wts_1_34:59;wts_1_34:590;wts_1_34:597;wts_1_34:60;wts_1_34:62;wts_1_34:63;wts_1_34:697;wts_1_34:70;wts_1_34:79;wts_1_34:794;wts_1_34:809;wts_1_34:81;wts_1_34:83;wts_1_34:91;wts_1_34:922;wts_1_34:925;wts_35_51:1000;wts_35_51:1001;wts_35_51:1002;wts_35_51:1003;wts_35_51:101;wts_35_51:1012;wts_35_51:1023;wts_35_51:1024;wts_35_51:1044;wts_35_51:1055;wts_35_51:1092;wts_35_51:1097;wts_35_51:1100;wts_35_51:1125;wts_35_51:1126;wts_35_51:188;wts_35_51:222;wts_35_51:227;wts_35_51:238;wts_35_51:266;wts_35_51:269;wts_35_51:360;wts_35_51:389;wts_35_51:399;wts_35_51:410;wts_35_51:444;wts_35_51:457;wts_35_51:476;wts_35_51:479;wts_35_51:483;wts_35_51:496;wts_35_51:555;wts_35_51:571;wts_35_51:589;wts_35_51:624;wts_35_51:625;wts_35_51:636;wts_35_51:760;wts_35_51:79;wts_35_51:793;wts_35_51:801;wts_35_51:817;wts_35_51:818;wts_35_51:83;wts_35_51:869;wts_35_51:876;wts_35_51:877;wts_35_51:878;wts_35_51:891;wts_35_51:896;wts_35_51:908;wts_35_51:912;wts_35_51:926;wts_35_51:972;wts_35_51:973;wts_35_51:974;wts_35_51:976;wts_35_51:992;wts_35_51:999;wts_8_b:154;wts_8_b:157;wts_8_b:181;wts_8_b:196;wts_8_b:197;wts_8_b:198;wts_8_b:200;wts_8_b:201;wts_8_b:211;wts_8_b:240;wts_8_b:242;wts_8_b:243;wts_8_b:244;wts_8_b:245;wts_8_b:298;wts_8_b:350;wts_8_b:363;wts_8_b:382;wts_8_b:456;wts_8_b:460;wts_8_b:470;wts_8_b:472;wts_8_b:530;wts_8_b:547;wts_8_b:548;wts_8_b:560;wts_8_b:573;wts_8_b:574;wts_8_b:575;wts_8_b:576;wts_8_b:84;wts_9_m:131;wts_9_m:201;wts_9_m:208;wts_9_m:284;wts_9_m:288;wts_9_m:315;wts_9_m:346			ordinary_tibetan_lexical_or_compound	reviewed	feature_reviewed
CORPUS_7F71AFFFC788	subjoined_consonants	ར	contrastive	r→h;r→l;y→r;→r	full_realization_isolated;zero_realization_isolated	r	r	ཁྲག;ཁྲབ;ཁྲོག;ཁྲོན;ཁྲོམ;ཁྲོལ;གྲང;གྲི;གྲུ;གྲོ;དྲེ;དྲོ;ཕྲད;ཕྲན;ཕྲས;ཕྲིན;ཕྲུ;ཕྲུག;བྲང;བྲན;བྲི;བྲེད;བྲོ;མགྲོན;སྦྲང;སྲོག		0	0	ཁབ:khab↔ཁྲབ:khrab || ཁོག:khog↔ཁྲོག:khrog || ཁོན:khon↔ཁྲོན:khron || ཁོམ:khom↔ཁྲོམ:khrom || ཁོལ:khol↔ཁྲོལ:khrol || ཁྱག:khyag↔ཁྲག:khrag || ཁྱབ:khyab↔ཁྲབ:khrab || གི:gi↔གྲི:gri || གུ:gu↔གྲུ:gru || གོ:go↔གྲོ:gro || གྲང:graṅ↔གླང:glaṅ || གྲུ:gru↔གླུ:glu || དེ:de↔དྲེ:dre || དོ:do↔དྲོ:dro || དྲེ:dre↔དྷེ:dhe || ཕད:phad↔ཕྲད:phrad || ཕན:phan↔ཕྲན:phran || ཕས:phas↔ཕྲས:phras || ཕུ:phu↔ཕྲུ:phru || ཕུག:phug↔ཕྲུག:phrug || ཕྱད:phyad↔ཕྲད:phrad || ཕྱིན:phyin↔ཕྲིན:phrin || བྱན:byan↔བྲན:bran || བྱི:byi↔བྲི:bri || བྱེད:byed↔བྲེད:bred || བྲང:braṅ↔བླང:blaṅ || བྲོ:bro↔བློ:blo || མགོན:mgon↔མགྲོན:mgron || སྦྱང:sbyaṅ↔སྦྲང:sbraṅ || སྲོག:srog↔སློག:slog	0	wts_1_34;wts_35_51;wts_8_b;wts_9_m	wts_1_34:1022;wts_1_34:1125;wts_1_34:113;wts_1_34:114;wts_1_34:1151;wts_1_34:1246;wts_1_34:1279;wts_1_34:1281;wts_1_34:1339;wts_1_34:134;wts_1_34:1345;wts_1_34:144;wts_1_34:159;wts_1_34:206;wts_1_34:207;wts_1_34:250;wts_1_34:292;wts_1_34:293;wts_1_34:294;wts_1_34:302;wts_1_34:303;wts_1_34:355;wts_1_34:378;wts_1_34:379;wts_1_34:380;wts_1_34:381;wts_1_34:384;wts_1_34:396;wts_1_34:432;wts_1_34:453;wts_1_34:47;wts_1_34:472;wts_1_34:558;wts_1_34:560;wts_1_34:647;wts_1_34:755;wts_1_34:758;wts_1_34:874;wts_1_34:940;wts_1_34:992;wts_1_34:995;wts_35_51:1003;wts_35_51:1060;wts_35_51:1061;wts_35_51:1064;wts_35_51:1065;wts_35_51:1066;wts_35_51:1067;wts_35_51:1068;wts_35_51:1069;wts_35_51:1070;wts_35_51:1081;wts_35_51:195;wts_35_51:227;wts_35_51:236;wts_35_51:305;wts_35_51:35;wts_35_51:378;wts_35_51:388;wts_35_51:399;wts_35_51:424;wts_35_51:465;wts_35_51:535;wts_35_51:550;wts_35_51:552;wts_35_51:616;wts_35_51:640;wts_35_51:722;wts_35_51:734;wts_35_51:765;wts_35_51:840;wts_35_51:882;wts_35_51:909;wts_35_51:921;wts_35_51:979;wts_35_51:981;wts_8_b:198;wts_8_b:227;wts_8_b:247;wts_8_b:261;wts_8_b:262;wts_8_b:263;wts_8_b:264;wts_8_b:266;wts_8_b:267;wts_8_b:27;wts_8_b:273;wts_8_b:285;wts_8_b:287;wts_8_b:288;wts_8_b:372;wts_8_b:440;wts_8_b:485;wts_8_b:571;wts_8_b:572;wts_8_b:573;wts_8_b:574;wts_8_b:575;wts_8_b:576;wts_8_b:85;wts_9_m:173;wts_9_m:272;wts_9_m:287;wts_9_m:315;wts_9_m:359;wts_9_m:364			ordinary_tibetan_lexical_or_compound	reviewed	feature_reviewed
CORPUS_ED2342564FDA	subjoined_consonants	ལ	contrastive	r→l;→l	full_realization_isolated;zero_realization_isolated	l	l	ཀློང;གླང;གླུ;བླང;བློ;ཟླ;སློག		0	0	ཀོང:koṅ↔ཀློང:kloṅ || གུ:gu↔གླུ:glu || གྲང:graṅ↔གླང:glaṅ || གྲུ:gru↔གླུ:glu || བྲང:braṅ↔བླང:blaṅ || བྲོ:bro↔བློ:blo || ཟ:za↔ཟླ:zla || སྲོག:srog↔སློག:slog	0	wts_1_34;wts_35_51;wts_8_b;wts_9_m	wts_1_34:1070;wts_1_34:117;wts_1_34:120;wts_1_34:141;wts_1_34:208;wts_1_34:256;wts_1_34:266;wts_1_34:276;wts_1_34:283;wts_1_34:285;wts_1_34:286;wts_1_34:291;wts_1_34:298;wts_1_34:340;wts_1_34:463;wts_1_34:470;wts_1_34:474;wts_1_34:61;wts_1_34:63;wts_1_34:74;wts_1_34:756;wts_1_34:774;wts_1_34:931;wts_1_34:956;wts_1_34:958;wts_1_34:980;wts_35_51:1009;wts_35_51:1040;wts_35_51:1069;wts_35_51:297;wts_35_51:304;wts_35_51:399;wts_35_51:468;wts_35_51:476;wts_35_51:573;wts_35_51:685;wts_35_51:720;wts_35_51:727;wts_35_51:769;wts_35_51:800;wts_8_b:13;wts_8_b:170;wts_8_b:23;wts_8_b:305;wts_8_b:306;wts_8_b:307;wts_8_b:316;wts_8_b:317;wts_8_b:319;wts_8_b:320;wts_8_b:321;wts_8_b:322;wts_8_b:323;wts_8_b:325;wts_8_b:326;wts_8_b:327;wts_8_b:328;wts_8_b:329;wts_8_b:330;wts_8_b:358;wts_8_b:366;wts_8_b:39;wts_8_b:499;wts_8_b:522;wts_8_b:581;wts_8_b:68;wts_9_m:371;wts_9_m:395			ordinary_tibetan_lexical_or_compound	reviewed	feature_reviewed
CORPUS_A801ED7D7EF4	subjoined_consonants	ཧ	contrastive	r→h;→h	full_realization_isolated;zero_realization_isolated	h	h	དྷེ		0	0	དེ:de↔དྷེ:dhe || དྲེ:dre↔དྷེ:dhe	0	wts_35_51;wts_8_b	wts_35_51:377;wts_35_51:4;wts_8_b:41			ordinary_tibetan_lexical_or_compound	provisional	feature_provisional
CORPUS_FE10A0A29248	suffix_coda		contrastive	→b;→d;→g;→l;→m;→n;→r;→s;→ṅ	zero_realization_isolated			ཁེ;ཁྱི;ཁྲོ;གཡོ;གྲུ;གྲོ;ངོ;ཅི;ཅོ;ཏི;ཐུ;ཐོ;དྲེ;དྲོ;ཕུ;ཕྱེ;ཕྲ;ཕྲུ;བརྡ;བསྡུ;བྱི;བྲི;བློ;མཐུ;མཐོ;ཙ;ཟ;ཟེ;ཡི;རི;རོ;རྒྱུ;རྨ;རྩ;ལུ;ལེ;ལོ;སེ;སོ;སྐྱེ;སྡེ;སྣ;སྲི		0	0	ཁེ:khe↔ཁེབ:kheb || ཁེ:khe↔ཁེར:kher || ཁེ:khe↔ཁེལ:khel || ཁྱི:khyi↔ཁྱིམ:khyim || ཁྲོ:khro↔ཁྲོག:khrog || ཁྲོ:khro↔ཁྲོད:khrod || ཁྲོ:khro↔ཁྲོན:khron || ཁྲོ:khro↔ཁྲོམ:khrom || ཁྲོ:khro↔ཁྲོལ:khrol || གཡོ:g.yo↔གཡོག:g.yog || གྲུ:gru↔གྲུབ:grub || གྲོ:gro↔གྲོང:groṅ || གྲོ:gro↔གྲོལ:grol || གྲོ:gro↔གྲོས:gros || ངོ:no↔ངོས:nos || ཅི:ci↔ཅིག:cig || ཅི:ci↔ཅིང:ciṅ || ཅོ:co↔ཅོག:cog || ཏི:ti↔ཏིག:tig || ཐུ:thu↔ཐུང:thuṅ || ཐུ:thu↔ཐུན:thun || ཐུ:thu↔ཐུབ:thub || ཐུ:thu↔ཐུམ:thum || ཐུ:thu↔ཐུར:thur || ཐུ:thu↔ཐུལ:thul || ཐོ:tho↔ཐོག:thog || ཐོ:tho↔ཐོད:thod || ཐོ:tho↔ཐོན:thon || ཐོ:tho↔ཐོབ:thob || ཐོ:tho↔ཐོར:thor || ཐོ:tho↔ཐོས:thos || དྲེ:dre↔དྲེག:dreg || དྲོ:dro↔དྲོད:drod || ཕུ:phu↔ཕུག:phug || ཕུ:phu↔ཕུད:phud || ཕུ:phu↔ཕུབ:phub || ཕུ:phu↔ཕུར:phur || ཕུ:phu↔ཕུལ:phul || ཕྱེ:phye↔ཕྱེད:phyed || ཕྲ:phra↔ཕྲད:phrad || ཕྲ:phra↔ཕྲན:phran || ཕྲ:phra↔ཕྲས:phras || ཕྲུ:phru↔ཕྲུག:phrug || བརྡ:brda↔བརྡབ:brdab || བརྡ:brda↔བརྡར:brdar || བསྡུ:bsdu↔བསྡུས:bsdus || བྱི:byi↔བྱིན:byin || བྲི:bri↔བྲིས:bris || བློ:blo↔བློན:blon || མཐུ:mthu↔མཐུག:mthug || མཐུ:mthu↔མཐུད:mthud || མཐུ:mthu↔མཐུན:mthun || མཐོ:mtho↔མཐོང:mthoṅ || ཙ:tsa↔ཙམ:tsam || ཟ:za↔ཟན:zan || ཟ:za↔ཟས:zas || ཟེ:ze↔ཟེར:zer || ཡི:yi↔ཡིག:yig || ཡི:yi↔ཡིན:yin || རི:ri↔རིག:rig || རི:ri↔རིང:riṅ || རི:ri↔རིམ:rim || རི:ri↔རིལ:ril || རི:ri↔རིས:ris || རོ:ro↔རོག:rog || རྒྱུ:rgyu↔རྒྱུད:rgyud || རྒྱུ:rgyu↔རྒྱུན:rgyun || རྨ:rma↔རྨང:rmaṅ || རྩ:rtsa↔རྩལ:rtsal || ལུ:lu↔ལུག:lug || ལུ:lu↔ལུང:luṅ || ལུ:lu↔ལུས:lus || ལེ:le↔ལེན:len || ལེ:le↔ལེབ:leb || ལོ:lo↔ལོག:log || ལོ:lo↔ལོང:loṅ || སེ:se↔སེང:seṅ || སེ:se↔སེར:ser || སེ:se↔སེལ:sel || སོ:so↔སོར:sor || སྐྱེ:skye↔སྐྱེད:skyed || སྐྱེ:skye↔སྐྱེལ:skyel || སྐྱེ:skye↔སྐྱེས:skyes || སྡེ:sde↔སྡེབ:sdeb || སྣ:sna↔སྣང:snaṅ || སྣ:sna↔སྣམ:snam || སྲི:sri↔སྲིང:sriṅ || སྲི:sri↔སྲིད:srid	0	wts_1_34;wts_35_51;wts_8_b;wts_9_m	wts_1_34:1002;wts_1_34:1003;wts_1_34:1004;wts_1_34:1005;wts_1_34:1014;wts_1_34:1023;wts_1_34:1024;wts_1_34:1027;wts_1_34:1029;wts_1_34:1030;wts_1_34:1034;wts_1_34:1038;wts_1_34:1058;wts_1_34:1059;wts_1_34:1061;wts_1_34:1063;wts_1_34:1064;wts_1_34:109;wts_1_34:113;wts_1_34:1132;wts_1_34:1135;wts_1_34:1137;wts_1_34:114;wts_1_34:1143;wts_1_34:115;wts_1_34:1156;wts_1_34:1157;wts_1_34:117;wts_1_34:1175;wts_1_34:1187;wts_1_34:120;wts_1_34:1222;wts_1_34:1271;wts_1_34:1315;wts_1_34:1321;wts_1_34:1323;wts_1_34:1333;wts_1_34:1339;wts_1_34:1345;wts_1_34:1350;wts_1_34:140;wts_1_34:141;wts_1_34:142;wts_1_34:159;wts_1_34:162;wts_1_34:163;wts_1_34:166;wts_1_34:174;wts_1_34:188;wts_1_34:196;wts_1_34:199;wts_1_34:204;wts_1_34:206;wts_1_34:207;wts_1_34:208;wts_1_34:209;wts_1_34:215;wts_1_34:222;wts_1_34:229;wts_1_34:246;wts_1_34:248;wts_1_34:249;wts_1_34:250;wts_1_34:252;wts_1_34:254;wts_1_34:255;wts_1_34:256;wts_1_34:258;wts_1_34:260;wts_1_34:267;wts_1_34:269;wts_1_34:270;wts_1_34:278;wts_1_34:283;wts_1_34:284;wts_1_34:286;wts_1_34:287;wts_1_34:290;wts_1_34:295;wts_1_34:296;wts_1_34:297;wts_1_34:301;wts_1_34:302;wts_1_34:303;wts_1_34:306;wts_1_34:321;wts_1_34:322;wts_1_34:326;wts_1_34:331;wts_1_34:347;wts_1_34:357;wts_1_34:358;wts_1_34:37;wts_1_34:38;wts_1_34:380;wts_1_34:381;wts_1_34:383;wts_1_34:384;wts_1_34:401;wts_1_34:404;wts_1_34:42;wts_1_34:434;wts_1_34:455;wts_1_34:464;wts_1_34:465;wts_1_34:466;wts_1_34:468;wts_1_34:469;wts_1_34:470;wts_1_34:474;wts_1_34:476;wts_1_34:477;wts_1_34:48;wts_1_34:483;wts_1_34:489;wts_1_34:53;wts_1_34:530;wts_1_34:537;wts_1_34:538;wts_1_34:539;wts_1_34:54;wts_1_34:540;wts_1_34:55;wts_1_34:551;wts_1_34:553;wts_1_34:563;wts_1_34:579;wts_1_34:58;wts_1_34:580;wts_1_34:581;wts_1_34:583;wts_1_34:585;wts_1_34:586;wts_1_34:594;wts_1_34:607;wts_1_34:612;wts_1_34:613;wts_1_34:621;wts_1_34:63;wts_1_34:65;wts_1_34:650;wts_1_34:651;wts_1_34:652;wts_1_34:660;wts_1_34:662;wts_1_34:674;wts_1_34:686;wts_1_34:69;wts_1_34:695;wts_1_34:70;wts_1_34:704;wts_1_34:707;wts_1_34:71;wts_1_34:717;wts_1_34:720;wts_1_34:737;wts_1_34:74;wts_1_34:753;wts_1_34:758;wts_1_34:77;wts_1_34:771;wts_1_34:772;wts_1_34:774;wts_1_34:784;wts_1_34:785;wts_1_34:805;wts_1_34:816;wts_1_34:817;wts_1_34:87;wts_1_34:873;wts_1_34:874;wts_1_34:879;wts_1_34:886;wts_1_34:889;wts_1_34:91;wts_1_34:914;wts_1_34:922;wts_1_34:928;wts_1_34:930;wts_1_34:952;wts_1_34:960;wts_1_34:97;wts_1_34:98;wts_1_34:987;wts_1_34:99;wts_1_34:990;wts_35_51:1001;wts_35_51:1011;wts_35_51:102;wts_35_51:1028;wts_35_51:1029;wts_35_51:103;wts_35_51:1030;wts_35_51:1039;wts_35_51:1040;wts_35_51:1051;wts_35_51:1052;wts_35_51:1053;wts_35_51:1054;wts_35_51:1055;wts_35_51:1068;wts_35_51:1069;wts_35_51:1090;wts_35_51:1101;wts_35_51:120;wts_35_51:173;wts_35_51:174;wts_35_51:179;wts_35_51:202;wts_35_51:222;wts_35_51:225;wts_35_51:226;wts_35_51:227;wts_35_51:236;wts_35_51:247;wts_35_51:248;wts_35_51:250;wts_35_51:285;wts_35_51:286;wts_35_51:289;wts_35_51:290;wts_35_51:291;wts_35_51:297;wts_35_51:3;wts_35_51:303;wts_35_51:304;wts_35_51:305;wts_35_51:306;wts_35_51:317;wts_35_51:318;wts_35_51:34;wts_35_51:35;wts_35_51:36;wts_35_51:362;wts_35_51:375;wts_35_51:377;wts_35_51:378;wts_35_51:381;wts_35_51:389;wts_35_51:399;wts_35_51:412;wts_35_51:422;wts_35_51:433;wts_35_51:465;wts_35_51:468;wts_35_51:497;wts_35_51:526;wts_35_51:535;wts_35_51:550;wts_35_51:551;wts_35_51:574;wts_35_51:582;wts_35_51:585;wts_35_51:586;wts_35_51:616;wts_35_51:617;wts_35_51:618;wts_35_51:619;wts_35_51:620;wts_35_51:621;wts_35_51:622;wts_35_51:623;wts_35_51:624;wts_35_51:625;wts_35_51:626;wts_35_51:639;wts_35_51:65;wts_35_51:677;wts_35_51:683;wts_35_51:690;wts_35_51:691;wts_35_51:700;wts_35_51:710;wts_35_51:720;wts_35_51:723;wts_35_51:725;wts_35_51:73;wts_35_51:730;wts_35_51:740;wts_35_51:770;wts_35_51:790;wts_35_51:792;wts_35_51:793;wts_35_51:81;wts_35_51:85;wts_35_51:876;wts_35_51:882;wts_35_51:903;wts_35_51:904;wts_35_51:905;wts_35_51:906;wts_35_51:913;wts_35_51:941;wts_35_51:981;wts_35_51:990;wts_8_b:115;wts_8_b:120;wts_8_b:128;wts_8_b:133;wts_8_b:157;wts_8_b:170;wts_8_b:177;wts_8_b:196;wts_8_b:197;wts_8_b:198;wts_8_b:200;wts_8_b:201;wts_8_b:22;wts_8_b:246;wts_8_b:251;wts_8_b:252;wts_8_b:263;wts_8_b:268;wts_8_b:273;wts_8_b:303;wts_8_b:316;wts_8_b:317;wts_8_b:319;wts_8_b:320;wts_8_b:321;wts_8_b:322;wts_8_b:323;wts_8_b:325;wts_8_b:326;wts_8_b:327;wts_8_b:328;wts_8_b:329;wts_8_b:330;wts_8_b:343;wts_8_b:350;wts_8_b:358;wts_8_b:362;wts_8_b:364;wts_8_b:376;wts_8_b:378;wts_8_b:396;wts_8_b:437;wts_8_b:453;wts_8_b:504;wts_8_b:545;wts_8_b:62;wts_9_m:132;wts_9_m:134;wts_9_m:154;wts_9_m:175;wts_9_m:195;wts_9_m:200;wts_9_m:224;wts_9_m:26;wts_9_m:290;wts_9_m:312;wts_9_m:328;wts_9_m:329;wts_9_m:368;wts_9_m:383;wts_9_m:64			ordinary_tibetan_lexical_or_compound	high	feature_independent_strong_candidate
CORPUS_9A673562CD7A	suffix_coda	ག	contrastive	g→b;g→d;g→l;g→m;g→n;g→r;g→s;g→ṅ;→g	full_realization_isolated;zero_realization_isolated	g	g	ཁུག;ཁོག;ཁྱག;ཁྲག;ཁྲོག;གཡོག;ཅིག;ཅོག;ཆག;ཆུག;ཆོག;ཏིག;ཐེག;ཐོག;དམག;དྲེག;ནག;པག;ཕག;ཕུག;ཕོག;ཕྲིག;ཕྲུག;བདག;བྲག;མཐུག;ཚག;ཟུག;ཡིག;རིག;རིགས;རུག;རོག;རྡེག;རྡོག;ལག;ལུག;ལོག;ལྷག;ཤོག;སྒྲོག;སྟག;སྲོག;སློག		0	0	ཁུག:khug↔ཁུང:khuṅ || ཁུག:khug↔ཁུལ:khul || ཁོག:khog↔ཁོང:khoṅ || ཁོག:khog↔ཁོན:khon || ཁོག:khog↔ཁོམ:khom || ཁོག:khog↔ཁོལ:khol || ཁྱག:khyag↔ཁྱད:khyad || ཁྱག:khyag↔ཁྱབ:khyab || ཁྲག:khrag↔ཁྲབ:khrab || ཁྲག:khrag↔ཁྲམ:khram || ཁྲག:khrag↔ཁྲལ:khral || ཁྲོ:khro↔ཁྲོག:khrog || ཁྲོག:khrog↔ཁྲོད:khrod || ཁྲོག:khrog↔ཁྲོན:khron || ཁྲོག:khrog↔ཁྲོམ:khrom || ཁྲོག:khrog↔ཁྲོལ:khrol || གཡོ:g.yo↔གཡོག:g.yog || ཅི:ci↔ཅིག:cig || ཅིག:cig↔ཅིང:ciṅ || ཅོ:co↔ཅོག:cog || ཆག:chag↔ཆང:chaṅ || ཆག:chag↔ཆད:chad || ཆག:chag↔ཆར:char || ཆག:chag↔ཆལ:chal || ཆུག:chug↔ཆུང:chuṅ || ཆུག:chug↔ཆུད:chud || ཆུག:chug↔ཆུན:chun || ཆོག:chog↔ཆོས:chos || ཏི:ti↔ཏིག:tig || ཐེག:theg↔ཐེད:thed || ཐེག:theg↔ཐེན:then || ཐེག:theg↔ཐེབ:theb || ཐེག:theg↔ཐེམ:them || ཐེག:theg↔ཐེར:ther || ཐེག:theg↔ཐེལ:thel || ཐོ:tho↔ཐོག:thog || ཐོག:thog↔ཐོད:thod || ཐོག:thog↔ཐོན:thon || ཐོག:thog↔ཐོབ:thob || ཐོག:thog↔ཐོར:thor || ཐོག:thog↔ཐོས:thos || དམག:dmag↔དམན:dman || དྲེ:dre↔དྲེག:dreg || ནག:nag↔ནད:nad || ནག:nag↔ནམ:nam || པག:pag↔པད:pad || པག:pag↔པན:pan || པག:pag↔པར:par || ཕག:phag↔ཕང:phaṅ || ཕག:phag↔ཕད:phad || ཕག:phag↔ཕན:phan || ཕག:phag↔ཕབ:phab || ཕག:phag↔ཕམ:pham || ཕག:phag↔ཕས:phas || ཕུ:phu↔ཕུག:phug || ཕུག:phug↔ཕུད:phud || ཕུག:phug↔ཕུབ:phub || ཕུག:phug↔ཕུར:phur || ཕུག:phug↔ཕུལ:phul || ཕོག:phog↔ཕོད:phod || ཕོག:phog↔ཕོན:phon || ཕོག:phog↔ཕོར:phor || ཕྲིག:phrig↔ཕྲིན:phrin || ཕྲུ:phru↔ཕྲུག:phrug || བདག:bdag↔བདར:bdar || བྲག:brag↔བྲང:braṅ || བྲག:brag↔བྲན:bran || བྲག:brag↔བྲབ:brab || བྲག:brag↔བྲམ:bram || བྲག:brag↔བྲལ:bral || མཐུ:mthu↔མཐུག:mthug || མཐུག:mthug↔མཐུད:mthud || མཐུག:mthug↔མཐུན:mthun || ཚག:tshag↔ཚང:tshaṅ || ཚག:tshag↔ཚབ:tshab || ཚག:tshag↔ཚར:tshar || ཟུག:zug↔ཟུར:zur || ཡི:yi↔ཡིག:yig || ཡིག:yig↔ཡིན:yin || རི:ri↔རིག:rig || རིག:rig↔རིང:riṅ || རིག:rig↔རིམ:rim || རིག:rig↔རིལ:ril || རིག:rig↔རིས:ris || རིགས:rigs↔རིམས:rims || རུག:rug↔རུས:rus || རོ:ro↔རོག:rog || རྡེག:rdeg↔རྡེལ:rdel || རྡོག:rdog↔རྡོལ:rdol || རྡོག:rdog↔རྡོས:rdos || ལག:lag↔ལང:laṅ || ལག:lag↔ལམ:lam || ལག:lag↔ལས:las || ལུ:lu↔ལུག:lug || ལུག:lug↔ལུང:luṅ || ལུག:lug↔ལུས:lus || ལོ:lo↔ལོག:log || ལོག:log↔ལོང:loṅ || ལྷག:lhag↔ལྷས:lhas || ཤོག:sog↔ཤོད:sod || ཤོག:sog↔ཤོར:sor || སྒྲོག:sgrog↔སྒྲོལ:sgrol || སྟག:stag↔སྟན:stan || སྲོག:srog↔སྲོལ:srol || སློག:slog↔སློང:sloṅ || སློག:slog↔སློབ:slob	0	wts_1_34;wts_35_51;wts_8_b;wts_9_m	wts_1_34:1002;wts_1_34:1015;wts_1_34:1023;wts_1_34:1024;wts_1_34:1025;wts_1_34:1026;wts_1_34:1029;wts_1_34:1030;wts_1_34:1032;wts_1_34:1033;wts_1_34:1034;wts_1_34:1039;wts_1_34:1040;wts_1_34:1046;wts_1_34:1056;wts_1_34:1058;wts_1_34:1059;wts_1_34:1064;wts_1_34:1075;wts_1_34:1106;wts_1_34:1125;wts_1_34:113;wts_1_34:114;wts_1_34:1166;wts_1_34:1181;wts_1_34:1186;wts_1_34:120;wts_1_34:1209;wts_1_34:1242;wts_1_34:1246;wts_1_34:126;wts_1_34:127;wts_1_34:1279;wts_1_34:128;wts_1_34:1281;wts_1_34:1308;wts_1_34:1309;wts_1_34:143;wts_1_34:158;wts_1_34:159;wts_1_34:164;wts_1_34:175;wts_1_34:182;wts_1_34:194;wts_1_34:195;wts_1_34:206;wts_1_34:242;wts_1_34:243;wts_1_34:245;wts_1_34:246;wts_1_34:254;wts_1_34:255;wts_1_34:256;wts_1_34:257;wts_1_34:264;wts_1_34:266;wts_1_34:268;wts_1_34:274;wts_1_34:275;wts_1_34:278;wts_1_34:279;wts_1_34:282;wts_1_34:284;wts_1_34:286;wts_1_34:291;wts_1_34:292;wts_1_34:293;wts_1_34:295;wts_1_34:302;wts_1_34:321;wts_1_34:322;wts_1_34:338;wts_1_34:35;wts_1_34:361;wts_1_34:364;wts_1_34:37;wts_1_34:381;wts_1_34:389;wts_1_34:390;wts_1_34:399;wts_1_34:405;wts_1_34:442;wts_1_34:453;wts_1_34:461;wts_1_34:464;wts_1_34:469;wts_1_34:474;wts_1_34:483;wts_1_34:485;wts_1_34:504;wts_1_34:538;wts_1_34:548;wts_1_34:558;wts_1_34:564;wts_1_34:565;wts_1_34:571;wts_1_34:575;wts_1_34:586;wts_1_34:601;wts_1_34:602;wts_1_34:621;wts_1_34:624;wts_1_34:625;wts_1_34:642;wts_1_34:646;wts_1_34:652;wts_1_34:656;wts_1_34:663;wts_1_34:670;wts_1_34:678;wts_1_34:682;wts_1_34:773;wts_1_34:775;wts_1_34:778;wts_1_34:826;wts_1_34:878;wts_1_34:88;wts_1_34:912;wts_1_34:914;wts_1_34:915;wts_1_34:942;wts_1_34:943;wts_1_34:944;wts_1_34:948;wts_1_34:955;wts_1_34:956;wts_1_34:980;wts_1_34:982;wts_1_34:987;wts_1_34:988;wts_1_34:989;wts_1_34:990;wts_1_34:995;wts_35_51:1001;wts_35_51:1003;wts_35_51:1009;wts_35_51:1017;wts_35_51:1023;wts_35_51:103;wts_35_51:1044;wts_35_51:1059;wts_35_51:1065;wts_35_51:1069;wts_35_51:1070;wts_35_51:1081;wts_35_51:1083;wts_35_51:1088;wts_35_51:1089;wts_35_51:1106;wts_35_51:1114;wts_35_51:1116;wts_35_51:1117;wts_35_51:127;wts_35_51:170;wts_35_51:228;wts_35_51:229;wts_35_51:230;wts_35_51:240;wts_35_51:244;wts_35_51:245;wts_35_51:248;wts_35_51:249;wts_35_51:25;wts_35_51:253;wts_35_51:258;wts_35_51:305;wts_35_51:31;wts_35_51:34;wts_35_51:373;wts_35_51:375;wts_35_51:377;wts_35_51:378;wts_35_51:379;wts_35_51:380;wts_35_51:381;wts_35_51:382;wts_35_51:389;wts_35_51:395;wts_35_51:399;wts_35_51:410;wts_35_51:414;wts_35_51:421;wts_35_51:422;wts_35_51:424;wts_35_51:425;wts_35_51:427;wts_35_51:44;wts_35_51:45;wts_35_51:451;wts_35_51:458;wts_35_51:459;wts_35_51:46;wts_35_51:466;wts_35_51:47;wts_35_51:48;wts_35_51:49;wts_35_51:50;wts_35_51:504;wts_35_51:53;wts_35_51:54;wts_35_51:55;wts_35_51:56;wts_35_51:616;wts_35_51:62;wts_35_51:636;wts_35_51:676;wts_35_51:677;wts_35_51:683;wts_35_51:689;wts_35_51:691;wts_35_51:692;wts_35_51:699;wts_35_51:720;wts_35_51:723;wts_35_51:733;wts_35_51:734;wts_35_51:739;wts_35_51:765;wts_35_51:792;wts_35_51:801;wts_35_51:817;wts_35_51:820;wts_35_51:840;wts_35_51:844;wts_35_51:855;wts_35_51:861;wts_35_51:880;wts_35_51:881;wts_35_51:882;wts_35_51:883;wts_35_51:906;wts_35_51:907;wts_35_51:908;wts_35_51:910;wts_35_51:912;wts_35_51:927;wts_35_51:937;wts_35_51:944;wts_35_51:945;wts_35_51:947;wts_35_51:970;wts_35_51:994;wts_35_51:995;wts_8_b:109;wts_8_b:113;wts_8_b:154;wts_8_b:163;wts_8_b:170;wts_8_b:171;wts_8_b:174;wts_8_b:175;wts_8_b:176;wts_8_b:177;wts_8_b:186;wts_8_b:198;wts_8_b:227;wts_8_b:230;wts_8_b:231;wts_8_b:233;wts_8_b:245;wts_8_b:247;wts_8_b:252;wts_8_b:255;wts_8_b:256;wts_8_b:257;wts_8_b:258;wts_8_b:259;wts_8_b:260;wts_8_b:262;wts_8_b:263;wts_8_b:267;wts_8_b:305;wts_8_b:317;wts_8_b:332;wts_8_b:338;wts_8_b:347;wts_8_b:358;wts_8_b:359;wts_8_b:365;wts_8_b:378;wts_8_b:400;wts_8_b:434;wts_8_b:437;wts_8_b:470;wts_8_b:485;wts_8_b:53;wts_8_b:56;wts_8_b:576;wts_8_b:85;wts_8_b:87;wts_8_b:89;wts_9_m:184;wts_9_m:192;wts_9_m:223;wts_9_m:27;wts_9_m:287;wts_9_m:288;wts_9_m:289;wts_9_m:290;wts_9_m:292;wts_9_m:293;wts_9_m:304;wts_9_m:331;wts_9_m:337;wts_9_m:345;wts_9_m:359;wts_9_m:395			ordinary_tibetan_lexical_or_compound	reviewed	feature_reviewed
SUFFIX_NG_TO_NDOT	suffix_coda	ང	contrastive	g→ṅ;ṅ→b;ṅ→d;ṅ→l;ṅ→m;ṅ→n;ṅ→r;ṅ→s;→ṅ	full_realization_isolated;zero_realization_isolated	ṅ	ṅ	ཁུང;ཁོང;གཏོང;གདུང;གདོང;གསུང;གྲང;གྲོང;ཅིང;ཆང;ཆུང;ཐང;ཐུང;ཕང;ཕྱང;ཕྱིང;བཏང;བྲང;མཐོང;ཚང;ཡང;རིང;རྨང;ལང;ལུང;ལོང;སེང;སྐོང;སྐྱོང;སྟེང;སྟོང;སྣང;སྤྱང;སྦྱང;སྦྱོང;སྦྲང;སྲིང;སློང		1647	0	ཁུག:khug↔ཁུང:khuṅ || ཁུང:khuṅ↔ཁུལ:khul || ཁོག:khog↔ཁོང:khoṅ || ཁོང:khoṅ↔ཁོན:khon || ཁོང:khoṅ↔ཁོམ:khom || ཁོང:khoṅ↔ཁོལ:khol || གཏོང:gtoṅ↔གཏོར:gtor || གདུང:gduṅ↔གདུབ:gdub || གདོང:gdoṅ↔གདོན:gdon || གསུང:gsuṅ↔གསུམ:gsum || གྲང:graṅ↔གྲས:gras || གྲོ:gro↔གྲོང:groṅ || གྲོང:groṅ↔གྲོལ:grol || གྲོང:groṅ↔གྲོས:gros || ཅི:ci↔ཅིང:ciṅ || ཅིག:cig↔ཅིང:ciṅ || ཆག:chag↔ཆང:chaṅ || ཆང:chaṅ↔ཆད:chad || ཆང:chaṅ↔ཆར:char || ཆང:chaṅ↔ཆལ:chal || ཆུག:chug↔ཆུང:chuṅ || ཆུང:chuṅ↔ཆུད:chud || ཆུང:chuṅ↔ཆུན:chun || ཐང:thaṅ↔ཐད:thad || ཐང:thaṅ↔ཐབ:thab || ཐང:thaṅ↔ཐམ:tham || ཐང:thaṅ↔ཐར:thar || ཐང:thaṅ↔ཐལ:thal || ཐུ:thu↔ཐུང:thuṅ || ཐུང:thuṅ↔ཐུན:thun || ཐུང:thuṅ↔ཐུབ:thub || ཐུང:thuṅ↔ཐུམ:thum || ཐུང:thuṅ↔ཐུར:thur || ཐུང:thuṅ↔ཐུལ:thul || ཕག:phag↔ཕང:phaṅ || ཕང:phaṅ↔ཕད:phad || ཕང:phaṅ↔ཕན:phan || ཕང:phaṅ↔ཕབ:phab || ཕང:phaṅ↔ཕམ:pham || ཕང:phaṅ↔ཕས:phas || ཕྱང:phyaṅ↔ཕྱད:phyad || ཕྱང:phyaṅ↔ཕྱམ:phyam || ཕྱང:phyaṅ↔ཕྱར:phyar || ཕྱང:phyaṅ↔ཕྱལ:phyal || ཕྱིང:phyiṅ↔ཕྱིན:phyin || ཕྱིང:phyiṅ↔ཕྱིས:phyis || བཏང:btaṅ↔བཏབ:btab || བྲག:brag↔བྲང:braṅ || བྲང:braṅ↔བྲན:bran || བྲང:braṅ↔བྲབ:brab || བྲང:braṅ↔བྲམ:bram || བྲང:braṅ↔བྲལ:bral || མཐོ:mtho↔མཐོང:mthoṅ || ཚག:tshag↔ཚང:tshaṅ || ཚང:tshaṅ↔ཚབ:tshab || ཚང:tshaṅ↔ཚར:tshar || ཡང:yaṅ↔ཡན:yan || ཡང:yaṅ↔ཡབ:yab || ཡང:yaṅ↔ཡར:yar || ཡང:yaṅ↔ཡས:yas || རི:ri↔རིང:riṅ || རིག:rig↔རིང:riṅ || རིང:riṅ↔རིམ:rim || རིང:riṅ↔རིལ:ril || རིང:riṅ↔རིས:ris || རྨ:rma↔རྨང:rmaṅ || ལག:lag↔ལང:laṅ || ལང:laṅ↔ལམ:lam || ལང:laṅ↔ལས:las || ལུ:lu↔ལུང:luṅ || ལུག:lug↔ལུང:luṅ || ལུང:luṅ↔ལུས:lus || ལོ:lo↔ལོང:loṅ || ལོག:log↔ལོང:loṅ || སེ:se↔སེང:seṅ || སེང:seṅ↔སེར:ser || སེང:seṅ↔སེལ:sel || སྐོང:skoṅ↔སྐོར:skor || སྐྱོང:skyoṅ↔སྐྱོབ:skyob || སྟེང:steṅ↔སྟེར:ster || སྟོང:stoṅ↔སྟོད:stod || སྟོང:stoṅ↔སྟོན:ston || སྣ:sna↔སྣང:snaṅ || སྣང:snaṅ↔སྣམ:snam || སྤྱང:spyaṅ↔སྤྱད:spyad || སྤྱང:spyaṅ↔སྤྱན:spyan || སྦྱང:sbyaṅ↔སྦྱར:sbyar || སྦྱོང:sbyoṅ↔སྦྱོར:sbyor || སྦྲང:sbraṅ↔སྦྲས:sbras || སྲི:sri↔སྲིང:sriṅ || སྲིང:sriṅ↔སྲིད:srid || སློག:slog↔སློང:sloṅ || སློང:sloṅ↔སློབ:slob	0	wts_1_34;wts_35_51;wts_8_b;wts_9_m	wts_35_51:100;wts_35_51:1016;wts_35_51:1023;wts_35_51:104;wts_35_51:1089;wts_35_51:1097;wts_35_51:1099;wts_35_51:125;wts_35_51:127;wts_35_51:131;wts_35_51:147;wts_35_51:174;wts_35_51:183;wts_35_51:188;wts_35_51:19;wts_35_51:194;wts_35_51:228;wts_35_51:24;wts_35_51:248;wts_35_51:25;wts_35_51:253;wts_35_51:26;wts_35_51:280;wts_35_51:286;wts_35_51:33;wts_35_51:34;wts_35_51:35;wts_35_51:36;wts_35_51:360;wts_35_51:361;wts_35_51:366;wts_35_51:367;wts_35_51:373;wts_35_51:378;wts_35_51:382;wts_35_51:392;wts_35_51:394;wts_35_51:407;wts_35_51:408;wts_35_51:410;wts_35_51:425;wts_35_51:426;wts_35_51:430;wts_35_51:431;wts_35_51:432;wts_35_51:444;wts_35_51:457;wts_35_51:465;wts_35_51:472;wts_35_51:476;wts_35_51:483;wts_35_51:496;wts_35_51:497;wts_35_51:499;wts_35_51:501;wts_35_51:528;wts_35_51:549;wts_35_51:552;wts_35_51:578;wts_35_51:583;wts_35_51:589;wts_35_51:595;wts_35_51:616;wts_35_51:618;wts_35_51:624;wts_35_51:629;wts_35_51:630;wts_35_51:631;wts_35_51:632;wts_35_51:633;wts_35_51:634;wts_35_51:635;wts_35_51:636;wts_35_51:637;wts_35_51:638;wts_35_51:639;wts_35_51:642;wts_35_51:646;wts_35_51:649;wts_35_51:65;wts_35_51:676;wts_35_51:680;wts_35_51:689;wts_35_51:701;wts_35_51:702;wts_35_51:715;wts_35_51:720;wts_35_51:73;wts_35_51:733;wts_35_51:739;wts_35_51:747;wts_35_51:748;wts_35_51:764;wts_35_51:768;wts_35_51:780;wts_35_51:783;wts_35_51:79;wts_35_51:798;wts_35_51:804;wts_35_51:82;wts_35_51:828;wts_35_51:83;wts_35_51:849;wts_35_51:859;wts_35_51:870;wts_35_51:873;wts_35_51:878;wts_35_51:883;wts_35_51:884;wts_35_51:902;wts_35_51:904;wts_35_51:908;wts_35_51:91;wts_35_51:926;wts_35_51:93;wts_35_51:954;wts_35_51:966;wts_35_51:972;wts_35_51:973;wts_35_51:976;wts_35_51:981;wts_35_51:984;wts_35_51:99;wts_35_51:992;wts_35_51:993;wts_35_51:994;wts_35_51:995;wts_35_51:998;wts_8_b:100;wts_8_b:102;wts_8_b:112;wts_8_b:116;wts_8_b:120;wts_8_b:123;wts_8_b:157;wts_8_b:181;wts_8_b:185;wts_8_b:196;wts_8_b:21;wts_8_b:22;wts_8_b:228;wts_8_b:23;wts_8_b:24;wts_8_b:253;wts_8_b:255;wts_8_b:261;wts_8_b:262;wts_8_b:263;wts_8_b:264;wts_8_b:27;wts_8_b:277;wts_8_b:294;wts_8_b:321;wts_8_b:336;wts_8_b:345;wts_8_b:347;wts_8_b:348;wts_8_b:349;wts_8_b:357;wts_8_b:358;wts_8_b:361;wts_8_b:372;wts_8_b:387;wts_8_b:39;wts_8_b:40;wts_8_b:403;wts_8_b:420;wts_8_b:421;wts_8_b:440;wts_8_b:457;wts_8_b:486;wts_8_b:493;wts_8_b:506;wts_8_b:509;wts_8_b:521;wts_8_b:524;wts_8_b:541;wts_8_b:544;wts_8_b:547;wts_8_b:548;wts_8_b:554;wts_8_b:557;wts_8_b:56;wts_8_b:563;wts_8_b:571;wts_8_b:572;wts_8_b:573;wts_8_b:574;wts_8_b:575;wts_8_b:576;wts_8_b:61;wts_8_b:62;wts_8_b:91;wts_8_b:92;wts_8_b:93;wts_8_b:99;wts_9_m:115;wts_9_m:118;wts_9_m:122;wts_9_m:124;wts_9_m:128;wts_9_m:153;wts_9_m:173;wts_9_m:176;wts_9_m:177;wts_9_m:186;wts_9_m:195;wts_9_m:217;wts_9_m:225;wts_9_m:226;wts_9_m:227;wts_9_m:25;wts_9_m:272;wts_9_m:279;wts_9_m:303;wts_9_m:304;wts_9_m:315;wts_9_m:331;wts_9_m:332;wts_9_m:344;wts_9_m:358;wts_9_m:360;wts_9_m:372;wts_9_m:395;wts_9_m:40;wts_9_m:74;wts_9_m:75			ordinary_tibetan_lexical_or_compound	reviewed	feature_reviewed
CORPUS_DDC164B090C8	suffix_coda	ད	contrastive	d→b;d→l;d→m;d→n;d→r;d→s;g→d;ṅ→d;→d	full_realization_isolated;zero_realization_isolated	d	d	ཁྱད;ཁྲོད;ཆད;ཆུད;ཐད;ཐེད;ཐོད;དྲོད;ནད;པད;ཕད;ཕུད;ཕོད;ཕྱད;ཕྱེད;ཕྲད;བྱད;བྲེད;མཐུད;ཚུད;ཡོད;རྒོད;རྒྱུད;རྩེད;ཤེད;ཤོད;སྐད;སྐྱིད;སྐྱེད;སྟོད;སྡོད;སྤྱད;སྲིད		0	0	ཁྱག:khyag↔ཁྱད:khyad || ཁྱད:khyad↔ཁྱབ:khyab || ཁྲོ:khro↔ཁྲོད:khrod || ཁྲོག:khrog↔ཁྲོད:khrod || ཁྲོད:khrod↔ཁྲོན:khron || ཁྲོད:khrod↔ཁྲོམ:khrom || ཁྲོད:khrod↔ཁྲོལ:khrol || ཆག:chag↔ཆད:chad || ཆང:chaṅ↔ཆད:chad || ཆད:chad↔ཆར:char || ཆད:chad↔ཆལ:chal || ཆུག:chug↔ཆུད:chud || ཆུང:chuṅ↔ཆུད:chud || ཆུད:chud↔ཆུན:chun || ཐང:thaṅ↔ཐད:thad || ཐད:thad↔ཐབ:thab || ཐད:thad↔ཐམ:tham || ཐད:thad↔ཐར:thar || ཐད:thad↔ཐལ:thal || ཐེག:theg↔ཐེད:thed || ཐེད:thed↔ཐེན:then || ཐེད:thed↔ཐེབ:theb || ཐེད:thed↔ཐེམ:them || ཐེད:thed↔ཐེར:ther || ཐེད:thed↔ཐེལ:thel || ཐོ:tho↔ཐོད:thod || ཐོག:thog↔ཐོད:thod || ཐོད:thod↔ཐོན:thon || ཐོད:thod↔ཐོབ:thob || ཐོད:thod↔ཐོར:thor || ཐོད:thod↔ཐོས:thos || དྲོ:dro↔དྲོད:drod || ནག:nag↔ནད:nad || ནད:nad↔ནམ:nam || པག:pag↔པད:pad || པད:pad↔པན:pan || པད:pad↔པར:par || ཕག:phag↔ཕད:phad || ཕང:phaṅ↔ཕད:phad || ཕད:phad↔ཕན:phan || ཕད:phad↔ཕབ:phab || ཕད:phad↔ཕམ:pham || ཕད:phad↔ཕས:phas || ཕུ:phu↔ཕུད:phud || ཕུག:phug↔ཕུད:phud || ཕུད:phud↔ཕུབ:phub || ཕུད:phud↔ཕུར:phur || ཕུད:phud↔ཕུལ:phul || ཕོག:phog↔ཕོད:phod || ཕོད:phod↔ཕོན:phon || ཕོད:phod↔ཕོར:phor || ཕྱང:phyaṅ↔ཕྱད:phyad || ཕྱད:phyad↔ཕྱམ:phyam || ཕྱད:phyad↔ཕྱར:phyar || ཕྱད:phyad↔ཕྱལ:phyal || ཕྱེ:phye↔ཕྱེད:phyed || ཕྲ:phra↔ཕྲད:phrad || ཕྲད:phrad↔ཕྲན:phran || ཕྲད:phrad↔ཕྲས:phras || བྱད:byad↔བྱན:byan || བྲེད:bred↔བྲེལ:brel || མཐུ:mthu↔མཐུད:mthud || མཐུག:mthug↔མཐུད:mthud || མཐུད:mthud↔མཐུན:mthun || ཚུད:tshud↔ཚུན:tshun || ཚུད:tshud↔ཚུར:tshur || ཚུད:tshud↔ཚུལ:tshul || ཡོད:yod↔ཡོན:yon || ཡོད:yod↔ཡོལ:yol || རྒོད:rgod↔རྒོལ:rgol || རྒྱུ:rgyu↔རྒྱུད:rgyud || རྒྱུད:rgyud↔རྒྱུན:rgyun || རྩེད:rtsed↔རྩེན:rtsen || ཤེད:sed↔ཤེལ:sel || ཤོག:sog↔ཤོད:sod || ཤོད:sod↔ཤོར:sor || སྐད:skad↔སྐམ:skam || སྐད:skad↔སྐར:skar || སྐད:skad↔སྐལ:skal || སྐྱིད:skyid↔སྐྱིལ:skyil || སྐྱེ:skye↔སྐྱེད:skyed || སྐྱེད:skyed↔སྐྱེལ:skyel || སྐྱེད:skyed↔སྐྱེས:skyes || སྟོང:stoṅ↔སྟོད:stod || སྟོད:stod↔སྟོན:ston || སྡོད:sdod↔སྡོམ:sdom || སྤྱང:spyaṅ↔སྤྱད:spyad || སྤྱད:spyad↔སྤྱན:spyan || སྲི:sri↔སྲིད:srid || སྲིང:sriṅ↔སྲིད:srid	0	wts_1_34;wts_35_51;wts_8_b;wts_9_m	wts_1_34:1010;wts_1_34:1015;wts_1_34:1022;wts_1_34:1026;wts_1_34:1037;wts_1_34:1038;wts_1_34:1039;wts_1_34:1059;wts_1_34:1066;wts_1_34:1070;wts_1_34:1089;wts_1_34:109;wts_1_34:1124;wts_1_34:1132;wts_1_34:1156;wts_1_34:116;wts_1_34:1165;wts_1_34:1166;wts_1_34:1167;wts_1_34:120;wts_1_34:1218;wts_1_34:1272;wts_1_34:1287;wts_1_34:1294;wts_1_34:1298;wts_1_34:1321;wts_1_34:1348;wts_1_34:138;wts_1_34:140;wts_1_34:142;wts_1_34:150;wts_1_34:155;wts_1_34:161;wts_1_34:162;wts_1_34:167;wts_1_34:169;wts_1_34:172;wts_1_34:178;wts_1_34:185;wts_1_34:199;wts_1_34:210;wts_1_34:241;wts_1_34:246;wts_1_34:267;wts_1_34:276;wts_1_34:277;wts_1_34:279;wts_1_34:280;wts_1_34:284;wts_1_34:285;wts_1_34:297;wts_1_34:298;wts_1_34:313;wts_1_34:320;wts_1_34:321;wts_1_34:335;wts_1_34:338;wts_1_34:360;wts_1_34:371;wts_1_34:373;wts_1_34:387;wts_1_34:40;wts_1_34:416;wts_1_34:454;wts_1_34:458;wts_1_34:472;wts_1_34:475;wts_1_34:48;wts_1_34:482;wts_1_34:484;wts_1_34:503;wts_1_34:52;wts_1_34:530;wts_1_34:538;wts_1_34:546;wts_1_34:579;wts_1_34:580;wts_1_34:594;wts_1_34:601;wts_1_34:612;wts_1_34:625;wts_1_34:630;wts_1_34:631;wts_1_34:637;wts_1_34:644;wts_1_34:646;wts_1_34:660;wts_1_34:702;wts_1_34:717;wts_1_34:771;wts_1_34:777;wts_1_34:784;wts_1_34:79;wts_1_34:796;wts_1_34:822;wts_1_34:86;wts_1_34:897;wts_1_34:910;wts_1_34:911;wts_1_34:914;wts_1_34:919;wts_1_34:953;wts_1_34:955;wts_1_34:965;wts_1_34:980;wts_1_34:985;wts_1_34:990;wts_1_34:991;wts_1_34:997;wts_35_51:1;wts_35_51:1002;wts_35_51:1003;wts_35_51:1011;wts_35_51:1023;wts_35_51:1032;wts_35_51:1033;wts_35_51:1060;wts_35_51:1070;wts_35_51:1071;wts_35_51:1113;wts_35_51:1115;wts_35_51:1124;wts_35_51:117;wts_35_51:147;wts_35_51:2;wts_35_51:209;wts_35_51:214;wts_35_51:225;wts_35_51:238;wts_35_51:264;wts_35_51:299;wts_35_51:304;wts_35_51:305;wts_35_51:35;wts_35_51:381;wts_35_51:382;wts_35_51:383;wts_35_51:399;wts_35_51:402;wts_35_51:404;wts_35_51:406;wts_35_51:407;wts_35_51:408;wts_35_51:409;wts_35_51:410;wts_35_51:411;wts_35_51:412;wts_35_51:413;wts_35_51:427;wts_35_51:433;wts_35_51:444;wts_35_51:457;wts_35_51:46;wts_35_51:607;wts_35_51:638;wts_35_51:639;wts_35_51:679;wts_35_51:682;wts_35_51:683;wts_35_51:684;wts_35_51:720;wts_35_51:722;wts_35_51:725;wts_35_51:738;wts_35_51:742;wts_35_51:822;wts_35_51:835;wts_35_51:882;wts_35_51:884;wts_35_51:885;wts_35_51:887;wts_35_51:913;wts_35_51:915;wts_35_51:916;wts_35_51:935;wts_35_51:938;wts_35_51:943;wts_35_51:949;wts_35_51:950;wts_35_51:953;wts_35_51:961;wts_35_51:972;wts_35_51:973;wts_35_51:974;wts_35_51:982;wts_35_51:986;wts_35_51:994;wts_8_b:145;wts_8_b:146;wts_8_b:174;wts_8_b:180;wts_8_b:181;wts_8_b:202;wts_8_b:230;wts_8_b:231;wts_8_b:263;wts_8_b:282;wts_8_b:285;wts_8_b:298;wts_8_b:32;wts_8_b:320;wts_8_b:329;wts_8_b:374;wts_8_b:377;wts_8_b:407;wts_8_b:493;wts_8_b:524;wts_8_b:53;wts_8_b:69;wts_9_m:153;wts_9_m:20;wts_9_m:254;wts_9_m:27;wts_9_m:289;wts_9_m:293;wts_9_m:303;wts_9_m:355			ordinary_tibetan_lexical_or_compound	reviewed	feature_reviewed
CORPUS_76CFA3FCFF21	suffix_coda	ན	contrastive	d→n;g→n;n→b;n→l;n→m;n→r;n→s;ṅ→n;→n	full_realization_isolated;zero_realization_isolated	n	n	ཀན;ཁོན;ཁྲོན;གདོན;ཆུན;ཆེན;ཐུན;ཐེན;ཐོན;དམན;ནོན;པན;ཕན;ཕོན;ཕྱིན;ཕྲན;ཕྲིན;བཙན;བྱན;བྱིན;བྲན;བློན;མཁན;མཐུན;ཚུན;ཟན;ཡན;ཡིན;ཡོན;རྒྱུན;རྩེན;ལེན;ཤན;སྟན;སྟོན;སྤྱན		0	0	ཀན:kan↔ཀར:kar || ཁོག:khog↔ཁོན:khon || ཁོང:khoṅ↔ཁོན:khon || ཁོན:khon↔ཁོམ:khom || ཁོན:khon↔ཁོལ:khol || ཁྲོ:khro↔ཁྲོན:khron || ཁྲོག:khrog↔ཁྲོན:khron || ཁྲོད:khrod↔ཁྲོན:khron || ཁྲོན:khron↔ཁྲོམ:khrom || ཁྲོན:khron↔ཁྲོལ:khrol || གདོང:gdoṅ↔གདོན:gdon || ཆུག:chug↔ཆུན:chun || ཆུང:chuṅ↔ཆུན:chun || ཆུད:chud↔ཆུན:chun || ཆེན:chen↔ཆེར:cher || ཐུ:thu↔ཐུན:thun || ཐུང:thuṅ↔ཐུན:thun || ཐུན:thun↔ཐུབ:thub || ཐུན:thun↔ཐུམ:thum || ཐུན:thun↔ཐུར:thur || ཐུན:thun↔ཐུལ:thul || ཐེག:theg↔ཐེན:then || ཐེད:thed↔ཐེན:then || ཐེན:then↔ཐེབ:theb || ཐེན:then↔ཐེམ:them || ཐེན:then↔ཐེར:ther || ཐེན:then↔ཐེལ:thel || ཐོ:tho↔ཐོན:thon || ཐོག:thog↔ཐོན:thon || ཐོད:thod↔ཐོན:thon || ཐོན:thon↔ཐོབ:thob || ཐོན:thon↔ཐོར:thor || ཐོན:thon↔ཐོས:thos || དམག:dmag↔དམན:dman || ནོན:non↔ནོར:nor || པག:pag↔པན:pan || པད:pad↔པན:pan || པན:pan↔པར:par || ཕག:phag↔ཕན:phan || ཕང:phaṅ↔ཕན:phan || ཕད:phad↔ཕན:phan || ཕན:phan↔ཕབ:phab || ཕན:phan↔ཕམ:pham || ཕན:phan↔ཕས:phas || ཕོག:phog↔ཕོན:phon || ཕོད:phod↔ཕོན:phon || ཕོན:phon↔ཕོར:phor || ཕྱིང:phyiṅ↔ཕྱིན:phyin || ཕྱིན:phyin↔ཕྱིས:phyis || ཕྲ:phra↔ཕྲན:phran || ཕྲད:phrad↔ཕྲན:phran || ཕྲན:phran↔ཕྲས:phras || ཕྲིག:phrig↔ཕྲིན:phrin || བཙན:btsan↔བཙལ:btsal || བྱད:byad↔བྱན:byan || བྱི:byi↔བྱིན:byin || བྲག:brag↔བྲན:bran || བྲང:braṅ↔བྲན:bran || བྲན:bran↔བྲབ:brab || བྲན:bran↔བྲམ:bram || བྲན:bran↔བྲལ:bral || བློ:blo↔བློན:blon || མཁན:mkhan↔མཁར:mkhar || མཁན:mkhan↔མཁས:mkhas || མཐུ:mthu↔མཐུན:mthun || མཐུག:mthug↔མཐུན:mthun || མཐུད:mthud↔མཐུན:mthun || ཚུད:tshud↔ཚུན:tshun || ཚུན:tshun↔ཚུར:tshur || ཚུན:tshun↔ཚུལ:tshul || ཟ:za↔ཟན:zan || ཟན:zan↔ཟས:zas || ཡང:yaṅ↔ཡན:yan || ཡན:yan↔ཡབ:yab || ཡན:yan↔ཡར:yar || ཡན:yan↔ཡས:yas || ཡི:yi↔ཡིན:yin || ཡིག:yig↔ཡིན:yin || ཡོད:yod↔ཡོན:yon || ཡོན:yon↔ཡོལ:yol || རྒྱུ:rgyu↔རྒྱུན:rgyun || རྒྱུད:rgyud↔རྒྱུན:rgyun || རྩེད:rtsed↔རྩེན:rtsen || ལེ:le↔ལེན:len || ལེན:len↔ལེབ:leb || ཤན:San↔ཤས:Sas || སྟག:stag↔སྟན:stan || སྟོང:stoṅ↔སྟོན:ston || སྟོད:stod↔སྟོན:ston || སྤྱང:spyaṅ↔སྤྱན:spyan || སྤྱད:spyad↔སྤྱན:spyan	0	wts_1_34;wts_35_51;wts_8_b;wts_9_m	wts_1_34:1002;wts_1_34:1011;wts_1_34:1014;wts_1_34:1015;wts_1_34:1017;wts_1_34:1018;wts_1_34:1019;wts_1_34:1020;wts_1_34:1022;wts_1_34:1024;wts_1_34:1025;wts_1_34:1026;wts_1_34:1039;wts_1_34:1040;wts_1_34:1045;wts_1_34:1048;wts_1_34:1052;wts_1_34:1054;wts_1_34:1055;wts_1_34:1057;wts_1_34:1058;wts_1_34:1060;wts_1_34:1061;wts_1_34:1062;wts_1_34:1063;wts_1_34:1064;wts_1_34:1068;wts_1_34:1074;wts_1_34:1084;wts_1_34:1089;wts_1_34:1106;wts_1_34:1110;wts_1_34:1111;wts_1_34:112;wts_1_34:113;wts_1_34:114;wts_1_34:1141;wts_1_34:1178;wts_1_34:1186;wts_1_34:1218;wts_1_34:1237;wts_1_34:1260;wts_1_34:1263;wts_1_34:1264;wts_1_34:1269;wts_1_34:127;wts_1_34:1294;wts_1_34:1298;wts_1_34:1308;wts_1_34:1323;wts_1_34:134;wts_1_34:139;wts_1_34:141;wts_1_34:144;wts_1_34:159;wts_1_34:162;wts_1_34:163;wts_1_34:164;wts_1_34:174;wts_1_34:176;wts_1_34:178;wts_1_34:207;wts_1_34:208;wts_1_34:221;wts_1_34:222;wts_1_34:246;wts_1_34:249;wts_1_34:253;wts_1_34:254;wts_1_34:257;wts_1_34:260;wts_1_34:264;wts_1_34:267;wts_1_34:268;wts_1_34:275;wts_1_34:277;wts_1_34:279;wts_1_34:280;wts_1_34:292;wts_1_34:295;wts_1_34:302;wts_1_34:304;wts_1_34:317;wts_1_34:322;wts_1_34:328;wts_1_34:347;wts_1_34:352;wts_1_34:356;wts_1_34:361;wts_1_34:37;wts_1_34:379;wts_1_34:390;wts_1_34:393;wts_1_34:396;wts_1_34:403;wts_1_34:407;wts_1_34:409;wts_1_34:415;wts_1_34:429;wts_1_34:447;wts_1_34:453;wts_1_34:460;wts_1_34:461;wts_1_34:464;wts_1_34:466;wts_1_34:47;wts_1_34:470;wts_1_34:471;wts_1_34:472;wts_1_34:48;wts_1_34:482;wts_1_34:483;wts_1_34:485;wts_1_34:486;wts_1_34:49;wts_1_34:491;wts_1_34:509;wts_1_34:51;wts_1_34:510;wts_1_34:538;wts_1_34:558;wts_1_34:560;wts_1_34:564;wts_1_34:568;wts_1_34:57;wts_1_34:587;wts_1_34:593;wts_1_34:60;wts_1_34:605;wts_1_34:620;wts_1_34:636;wts_1_34:647;wts_1_34:650;wts_1_34:661;wts_1_34:664;wts_1_34:666;wts_1_34:678;wts_1_34:717;wts_1_34:724;wts_1_34:734;wts_1_34:740;wts_1_34:743;wts_1_34:746;wts_1_34:750;wts_1_34:758;wts_1_34:766;wts_1_34:784;wts_1_34:785;wts_1_34:809;wts_1_34:81;wts_1_34:83;wts_1_34:888;wts_1_34:905;wts_1_34:91;wts_1_34:911;wts_1_34:923;wts_1_34:924;wts_1_34:925;wts_1_34:93;wts_1_34:94;wts_1_34:941;wts_1_34:945;wts_1_34:956;wts_1_34:958;wts_1_34:959;wts_1_34:989;wts_1_34:990;wts_1_34:995;wts_35_51:100;wts_35_51:1000;wts_35_51:1001;wts_35_51:1002;wts_35_51:1003;wts_35_51:1009;wts_35_51:1020;wts_35_51:1030;wts_35_51:1049;wts_35_51:1060;wts_35_51:1061;wts_35_51:1064;wts_35_51:1065;wts_35_51:1066;wts_35_51:1067;wts_35_51:1070;wts_35_51:1081;wts_35_51:1083;wts_35_51:1094;wts_35_51:174;wts_35_51:190;wts_35_51:192;wts_35_51:195;wts_35_51:198;wts_35_51:205;wts_35_51:216;wts_35_51:227;wts_35_51:229;wts_35_51:232;wts_35_51:240;wts_35_51:246;wts_35_51:36;wts_35_51:38;wts_35_51:39;wts_35_51:391;wts_35_51:399;wts_35_51:400;wts_35_51:403;wts_35_51:423;wts_35_51:425;wts_35_51:426;wts_35_51:429;wts_35_51:466;wts_35_51:472;wts_35_51:477;wts_35_51:482;wts_35_51:483;wts_35_51:485;wts_35_51:49;wts_35_51:492;wts_35_51:520;wts_35_51:552;wts_35_51:56;wts_35_51:600;wts_35_51:640;wts_35_51:680;wts_35_51:690;wts_35_51:693;wts_35_51:713;wts_35_51:715;wts_35_51:721;wts_35_51:722;wts_35_51:730;wts_35_51:740;wts_35_51:741;wts_35_51:760;wts_35_51:768;wts_35_51:792;wts_35_51:793;wts_35_51:797;wts_35_51:801;wts_35_51:808;wts_35_51:810;wts_35_51:811;wts_35_51:818;wts_35_51:821;wts_35_51:822;wts_35_51:876;wts_35_51:877;wts_35_51:878;wts_35_51:883;wts_35_51:885;wts_35_51:886;wts_35_51:887;wts_35_51:888;wts_35_51:889;wts_35_51:890;wts_35_51:891;wts_35_51:895;wts_35_51:896;wts_35_51:914;wts_35_51:92;wts_35_51:921;wts_35_51:926;wts_35_51:943;wts_35_51:950;wts_35_51:951;wts_35_51:953;wts_35_51:958;wts_35_51:970;wts_35_51:971;wts_35_51:974;wts_35_51:986;wts_35_51:99;wts_35_51:999;wts_8_b:113;wts_8_b:160;wts_8_b:161;wts_8_b:167;wts_8_b:168;wts_8_b:170;wts_8_b:171;wts_8_b:174;wts_8_b:181;wts_8_b:186;wts_8_b:206;wts_8_b:208;wts_8_b:209;wts_8_b:240;wts_8_b:245;wts_8_b:257;wts_8_b:266;wts_8_b:267;wts_8_b:276;wts_8_b:285;wts_8_b:287;wts_8_b:322;wts_8_b:332;wts_8_b:335;wts_8_b:346;wts_8_b:361;wts_8_b:363;wts_8_b:364;wts_8_b:372;wts_8_b:382;wts_8_b:400;wts_8_b:407;wts_8_b:468;wts_8_b:499;wts_8_b:504;wts_8_b:536;wts_8_b:549;wts_8_b:569;wts_8_b:572;wts_8_b:74;wts_8_b:94;wts_9_m:102;wts_9_m:109;wts_9_m:117;wts_9_m:122;wts_9_m:154;wts_9_m:155;wts_9_m:166;wts_9_m:184;wts_9_m:188;wts_9_m:192;wts_9_m:238;wts_9_m:241;wts_9_m:248;wts_9_m:252;wts_9_m:272;wts_9_m:274;wts_9_m:278;wts_9_m:281;wts_9_m:297;wts_9_m:315;wts_9_m:317;wts_9_m:343;wts_9_m:361;wts_9_m:364;wts_9_m:369;wts_9_m:376;wts_9_m:385;wts_9_m:386;wts_9_m:392;wts_9_m:62;wts_9_m:66;wts_9_m:74;wts_9_m:84			ordinary_tibetan_lexical_or_compound	reviewed	feature_reviewed
CORPUS_0C6592BB5CEF	suffix_coda	བ	contrastive	b→l;b→m;b→r;b→s;d→b;g→b;n→b;ṅ→b;→b	full_realization_isolated;zero_realization_isolated	b	b	ཁབ;ཁེབ;ཁྱབ;ཁྲབ;གདུབ;གྲུབ;ཐབ;ཐབས;ཐུབ;ཐེབ;ཐོབ;ཕབ;ཕུབ;བཏབ;བརྡབ;བྲབ;ཚབ;འབབ;ཡབ;རབ;ལེབ;སྐྱོབ;སྡེབ;སློབ		0	0	ཁབ:khab↔ཁར:khar || ཁེ:khe↔ཁེབ:kheb || ཁེབ:kheb↔ཁེར:kher || ཁེབ:kheb↔ཁེལ:khel || ཁྱག:khyag↔ཁྱབ:khyab || ཁྱད:khyad↔ཁྱབ:khyab || ཁྲག:khrag↔ཁྲབ:khrab || ཁྲབ:khrab↔ཁྲམ:khram || ཁྲབ:khrab↔ཁྲལ:khral || གདུང:gduṅ↔གདུབ:gdub || གྲུ:gru↔གྲུབ:grub || ཐང:thaṅ↔ཐབ:thab || ཐད:thad↔ཐབ:thab || ཐབ:thab↔ཐམ:tham || ཐབ:thab↔ཐར:thar || ཐབ:thab↔ཐལ:thal || ཐབས:thabs↔ཐམས:thams || ཐུ:thu↔ཐུབ:thub || ཐུང:thuṅ↔ཐུབ:thub || ཐུན:thun↔ཐུབ:thub || ཐུབ:thub↔ཐུམ:thum || ཐུབ:thub↔ཐུར:thur || ཐུབ:thub↔ཐུལ:thul || ཐེག:theg↔ཐེབ:theb || ཐེད:thed↔ཐེབ:theb || ཐེན:then↔ཐེབ:theb || ཐེབ:theb↔ཐེམ:them || ཐེབ:theb↔ཐེར:ther || ཐེབ:theb↔ཐེལ:thel || ཐོ:tho↔ཐོབ:thob || ཐོག:thog↔ཐོབ:thob || ཐོད:thod↔ཐོབ:thob || ཐོན:thon↔ཐོབ:thob || ཐོབ:thob↔ཐོར:thor || ཐོབ:thob↔ཐོས:thos || ཕག:phag↔ཕབ:phab || ཕང:phaṅ↔ཕབ:phab || ཕད:phad↔ཕབ:phab || ཕན:phan↔ཕབ:phab || ཕབ:phab↔ཕམ:pham || ཕབ:phab↔ཕས:phas || ཕུ:phu↔ཕུབ:phub || ཕུག:phug↔ཕུབ:phub || ཕུད:phud↔ཕུབ:phub || ཕུབ:phub↔ཕུར:phur || ཕུབ:phub↔ཕུལ:phul || བཏང:btaṅ↔བཏབ:btab || བརྡ:brda↔བརྡབ:brdab || བརྡབ:brdab↔བརྡར:brdar || བྲག:brag↔བྲབ:brab || བྲང:braṅ↔བྲབ:brab || བྲན:bran↔བྲབ:brab || བྲབ:brab↔བྲམ:bram || བྲབ:brab↔བྲལ:bral || ཚག:tshag↔ཚབ:tshab || ཚང:tshaṅ↔ཚབ:tshab || ཚབ:tshab↔ཚར:tshar || འབབ:bab↔འབར:bar || ཡང:yaṅ↔ཡབ:yab || ཡན:yan↔ཡབ:yab || ཡབ:yab↔ཡར:yar || ཡབ:yab↔ཡས:yas || རབ:rab↔རལ:ral || རབ:rab↔རས:ras || ལེ:le↔ལེབ:leb || ལེན:len↔ལེབ:leb || སྐྱོང:skyoṅ↔སྐྱོབ:skyob || སྡེ:sde↔སྡེབ:sdeb || སློག:slog↔སློབ:slob || སློང:sloṅ↔སློབ:slob	0	wts_1_34;wts_35_51;wts_8_b;wts_9_m	wts_1_34:1006;wts_1_34:1012;wts_1_34:1014;wts_1_34:1019;wts_1_34:1020;wts_1_34:1021;wts_1_34:1026;wts_1_34:1040;wts_1_34:1045;wts_1_34:1046;wts_1_34:1058;wts_1_34:1060;wts_1_34:1063;wts_1_34:1067;wts_1_34:1131;wts_1_34:1151;wts_1_34:117;wts_1_34:119;wts_1_34:120;wts_1_34:1247;wts_1_34:1277;wts_1_34:144;wts_1_34:147;wts_1_34:150;wts_1_34:156;wts_1_34:157;wts_1_34:160;wts_1_34:174;wts_1_34:185;wts_1_34:213;wts_1_34:219;wts_1_34:222;wts_1_34:233;wts_1_34:246;wts_1_34:255;wts_1_34:259;wts_1_34:260;wts_1_34:265;wts_1_34:267;wts_1_34:271;wts_1_34:275;wts_1_34:281;wts_1_34:282;wts_1_34:284;wts_1_34:293;wts_1_34:294;wts_1_34:312;wts_1_34:314;wts_1_34:324;wts_1_34:330;wts_1_34:338;wts_1_34:355;wts_1_34:373;wts_1_34:382;wts_1_34:383;wts_1_34:384;wts_1_34:393;wts_1_34:405;wts_1_34:459;wts_1_34:462;wts_1_34:470;wts_1_34:471;wts_1_34:473;wts_1_34:474;wts_1_34:484;wts_1_34:504;wts_1_34:527;wts_1_34:541;wts_1_34:545;wts_1_34:547;wts_1_34:553;wts_1_34:556;wts_1_34:62;wts_1_34:627;wts_1_34:628;wts_1_34:637;wts_1_34:639;wts_1_34:646;wts_1_34:650;wts_1_34:73;wts_1_34:746;wts_1_34:751;wts_1_34:755;wts_1_34:78;wts_1_34:791;wts_1_34:794;wts_1_34:806;wts_1_34:828;wts_1_34:83;wts_1_34:886;wts_1_34:898;wts_1_34:906;wts_1_34:94;wts_1_34:992;wts_1_34:993;wts_1_34:994;wts_1_34:995;wts_1_34:996;wts_35_51:102;wts_35_51:1030;wts_35_51:1055;wts_35_51:1080;wts_35_51:1094;wts_35_51:1100;wts_35_51:205;wts_35_51:227;wts_35_51:232;wts_35_51:24;wts_35_51:243;wts_35_51:248;wts_35_51:262;wts_35_51:28;wts_35_51:292;wts_35_51:30;wts_35_51:306;wts_35_51:312;wts_35_51:32;wts_35_51:395;wts_35_51:400;wts_35_51:444;wts_35_51:499;wts_35_51:500;wts_35_51:555;wts_35_51:571;wts_35_51:676;wts_35_51:679;wts_35_51:745;wts_35_51:770;wts_35_51:817;wts_35_51:818;wts_35_51:82;wts_35_51:888;wts_35_51:912;wts_35_51:919;wts_35_51:920;wts_35_51:927;wts_35_51:939;wts_35_51:949;wts_35_51:962;wts_35_51:966;wts_35_51:99;wts_8_b:119;wts_8_b:148;wts_8_b:28;wts_8_b:287;wts_8_b:295;wts_8_b:348;wts_8_b:382;wts_8_b:409;wts_8_b:418;wts_8_b:429;wts_8_b:431;wts_8_b:432;wts_8_b:433;wts_8_b:46;wts_8_b:487;wts_8_b:488;wts_8_b:490;wts_8_b:542;wts_8_b:576;wts_9_m:109;wts_9_m:144;wts_9_m:201;wts_9_m:218;wts_9_m:235;wts_9_m:248;wts_9_m:288;wts_9_m:299;wts_9_m:315			ordinary_tibetan_lexical_or_compound	reviewed	feature_reviewed
CORPUS_5683E9A09D00	suffix_coda	མ	contrastive	b→m;d→m;g→m;m→l;m→r;m→s;n→m;ṅ→m;→m	full_realization_isolated;zero_realization_isolated	m	m	ཁོམ;ཁྱིམ;ཁྲམ;ཁྲོམ;གསུམ;ཐམ;ཐམས;ཐུམ;ཐེམ;ནམ;ཕམ;ཕྱམ;བཅོམ;བྲམ;ཙམ;ཚིམ;ཡུམ;རིམ;རིམས;ལམ;སྐམ;སྡོམ;སྣམ		0	0	ཁོག:khog↔ཁོམ:khom || ཁོང:khoṅ↔ཁོམ:khom || ཁོན:khon↔ཁོམ:khom || ཁོམ:khom↔ཁོལ:khol || ཁྱི:khyi↔ཁྱིམ:khyim || ཁྲག:khrag↔ཁྲམ:khram || ཁྲབ:khrab↔ཁྲམ:khram || ཁྲམ:khram↔ཁྲལ:khral || ཁྲོ:khro↔ཁྲོམ:khrom || ཁྲོག:khrog↔ཁྲོམ:khrom || ཁྲོད:khrod↔ཁྲོམ:khrom || ཁྲོན:khron↔ཁྲོམ:khrom || ཁྲོམ:khrom↔ཁྲོལ:khrol || གསུང:gsuṅ↔གསུམ:gsum || ཐང:thaṅ↔ཐམ:tham || ཐད:thad↔ཐམ:tham || ཐབ:thab↔ཐམ:tham || ཐབས:thabs↔ཐམས:thams || ཐམ:tham↔ཐར:thar || ཐམ:tham↔ཐལ:thal || ཐུ:thu↔ཐུམ:thum || ཐུང:thuṅ↔ཐུམ:thum || ཐུན:thun↔ཐུམ:thum || ཐུབ:thub↔ཐུམ:thum || ཐུམ:thum↔ཐུར:thur || ཐུམ:thum↔ཐུལ:thul || ཐེག:theg↔ཐེམ:them || ཐེད:thed↔ཐེམ:them || ཐེན:then↔ཐེམ:them || ཐེབ:theb↔ཐེམ:them || ཐེམ:them↔ཐེར:ther || ཐེམ:them↔ཐེལ:thel || ནག:nag↔ནམ:nam || ནད:nad↔ནམ:nam || ཕག:phag↔ཕམ:pham || ཕང:phaṅ↔ཕམ:pham || ཕད:phad↔ཕམ:pham || ཕན:phan↔ཕམ:pham || ཕབ:phab↔ཕམ:pham || ཕམ:pham↔ཕས:phas || ཕྱང:phyaṅ↔ཕྱམ:phyam || ཕྱད:phyad↔ཕྱམ:phyam || ཕྱམ:phyam↔ཕྱར:phyar || ཕྱམ:phyam↔ཕྱལ:phyal || བཅོམ:bcom↔བཅོལ:bcol || བཅོམ:bcom↔བཅོས:bcos || བྲག:brag↔བྲམ:bram || བྲང:braṅ↔བྲམ:bram || བྲན:bran↔བྲམ:bram || བྲབ:brab↔བྲམ:bram || བྲམ:bram↔བྲལ:bral || ཙ:tsa↔ཙམ:tsam || ཚིམ:tshim↔ཚིལ:tshil || ཡུམ:yum↔ཡུལ:yul || རི:ri↔རིམ:rim || རིག:rig↔རིམ:rim || རིགས:rigs↔རིམས:rims || རིང:riṅ↔རིམ:rim || རིམ:rim↔རིལ:ril || རིམ:rim↔རིས:ris || ལག:lag↔ལམ:lam || ལང:laṅ↔ལམ:lam || ལམ:lam↔ལས:las || སྐད:skad↔སྐམ:skam || སྐམ:skam↔སྐར:skar || སྐམ:skam↔སྐལ:skal || སྡོད:sdod↔སྡོམ:sdom || སྣ:sna↔སྣམ:snam || སྣང:snaṅ↔སྣམ:snam	0	wts_1_34;wts_35_51;wts_8_b;wts_9_m	wts_1_34:1006;wts_1_34:1015;wts_1_34:1018;wts_1_34:1020;wts_1_34:1021;wts_1_34:1022;wts_1_34:1025;wts_1_34:1027;wts_1_34:1036;wts_1_34:1061;wts_1_34:1064;wts_1_34:1074;wts_1_34:1134;wts_1_34:1137;wts_1_34:1140;wts_1_34:1141;wts_1_34:1151;wts_1_34:1166;wts_1_34:1180;wts_1_34:1182;wts_1_34:1186;wts_1_34:1192;wts_1_34:1193;wts_1_34:1222;wts_1_34:1289;wts_1_34:129;wts_1_34:1310;wts_1_34:140;wts_1_34:148;wts_1_34:160;wts_1_34:175;wts_1_34:176;wts_1_34:180;wts_1_34:208;wts_1_34:217;wts_1_34:236;wts_1_34:246;wts_1_34:262;wts_1_34:263;wts_1_34:277;wts_1_34:283;wts_1_34:284;wts_1_34:285;wts_1_34:291;wts_1_34:293;wts_1_34:295;wts_1_34:303;wts_1_34:321;wts_1_34:323;wts_1_34:342;wts_1_34:37;wts_1_34:379;wts_1_34:388;wts_1_34:390;wts_1_34:426;wts_1_34:464;wts_1_34:470;wts_1_34:473;wts_1_34:474;wts_1_34:484;wts_1_34:486;wts_1_34:487;wts_1_34:51;wts_1_34:560;wts_1_34:568;wts_1_34:591;wts_1_34:621;wts_1_34:622;wts_1_34:626;wts_1_34:660;wts_1_34:678;wts_1_34:703;wts_1_34:726;wts_1_34:75;wts_1_34:823;wts_1_34:881;wts_1_34:899;wts_1_34:912;wts_1_34:916;wts_1_34:917;wts_1_34:919;wts_1_34:923;wts_1_34:953;wts_1_34:981;wts_1_34:988;wts_1_34:995;wts_1_34:996;wts_1_34:997;wts_35_51:100;wts_35_51:1020;wts_35_51:103;wts_35_51:1048;wts_35_51:1081;wts_35_51:1083;wts_35_51:1118;wts_35_51:1122;wts_35_51:1125;wts_35_51:1126;wts_35_51:117;wts_35_51:2;wts_35_51:215;wts_35_51:226;wts_35_51:241;wts_35_51:251;wts_35_51:270;wts_35_51:271;wts_35_51:302;wts_35_51:412;wts_35_51:418;wts_35_51:419;wts_35_51:420;wts_35_51:421;wts_35_51:422;wts_35_51:423;wts_35_51:424;wts_35_51:425;wts_35_51:426;wts_35_51:427;wts_35_51:428;wts_35_51:429;wts_35_51:430;wts_35_51:431;wts_35_51:476;wts_35_51:567;wts_35_51:568;wts_35_51:602;wts_35_51:619;wts_35_51:621;wts_35_51:640;wts_35_51:641;wts_35_51:702;wts_35_51:722;wts_35_51:729;wts_35_51:775;wts_35_51:820;wts_35_51:894;wts_35_51:895;wts_35_51:913;wts_35_51:914;wts_35_51:922;wts_35_51:970;wts_35_51:973;wts_35_51:974;wts_35_51:981;wts_35_51:983;wts_35_51:984;wts_8_b:102;wts_8_b:163;wts_8_b:227;wts_8_b:233;wts_8_b:268;wts_8_b:269;wts_8_b:30;wts_8_b:325;wts_8_b:359;wts_8_b:37;wts_8_b:378;wts_8_b:441;wts_8_b:472;wts_8_b:493;wts_8_b:525;wts_8_b:530;wts_8_b:65;wts_9_m:100;wts_9_m:123;wts_9_m:124;wts_9_m:144;wts_9_m:162;wts_9_m:287;wts_9_m:299;wts_9_m:33;wts_9_m:332;wts_9_m:336;wts_9_m:34;wts_9_m:355;wts_9_m:43			ordinary_tibetan_lexical_or_compound	reviewed	feature_reviewed
CORPUS_6783C3DA00D4	suffix_coda	ར	contrastive	b→r;d→r;g→r;m→r;n→r;r→l;r→s;ṅ→r;→r	full_realization_isolated;zero_realization_isolated	r	r	ཀར;ཁར;ཁེར;གཏོར;གསར;ཆར;ཆེར;ཐར;ཐུར;ཐེར;ཐོར;ནོར;པར;པོར;ཕུར;ཕོར;ཕྱར;བདར;བརྡར;མཁར;ཚར;ཚུར;ཟུར;ཟེར;འཁོར;འབར;ཡར;ཤོར;སེར;སོར;སྐར;སྐོར;སྟེར;སྦྱར;སྦྱོར		0	0	ཀན:kan↔ཀར:kar || ཁབ:khab↔ཁར:khar || ཁེ:khe↔ཁེར:kher || ཁེབ:kheb↔ཁེར:kher || ཁེར:kher↔ཁེལ:khel || གཏོང:gtoṅ↔གཏོར:gtor || གསར:gsar↔གསལ:gsal || ཆག:chag↔ཆར:char || ཆང:chaṅ↔ཆར:char || ཆད:chad↔ཆར:char || ཆར:char↔ཆལ:chal || ཆེན:chen↔ཆེར:cher || ཐང:thaṅ↔ཐར:thar || ཐད:thad↔ཐར:thar || ཐབ:thab↔ཐར:thar || ཐམ:tham↔ཐར:thar || ཐར:thar↔ཐལ:thal || ཐུ:thu↔ཐུར:thur || ཐུང:thuṅ↔ཐུར:thur || ཐུན:thun↔ཐུར:thur || ཐུབ:thub↔ཐུར:thur || ཐུམ:thum↔ཐུར:thur || ཐུར:thur↔ཐུལ:thul || ཐེག:theg↔ཐེར:ther || ཐེད:thed↔ཐེར:ther || ཐེན:then↔ཐེར:ther || ཐེབ:theb↔ཐེར:ther || ཐེམ:them↔ཐེར:ther || ཐེར:ther↔ཐེལ:thel || ཐོ:tho↔ཐོར:thor || ཐོག:thog↔ཐོར:thor || ཐོད:thod↔ཐོར:thor || ཐོན:thon↔ཐོར:thor || ཐོབ:thob↔ཐོར:thor || ཐོར:thor↔ཐོས:thos || ནོན:non↔ནོར:nor || པག:pag↔པར:par || པད:pad↔པར:par || པན:pan↔པར:par || པོར:por↔པོས:pos || ཕུ:phu↔ཕུར:phur || ཕུག:phug↔ཕུར:phur || ཕུད:phud↔ཕུར:phur || ཕུབ:phub↔ཕུར:phur || ཕུར:phur↔ཕུལ:phul || ཕོག:phog↔ཕོར:phor || ཕོད:phod↔ཕོར:phor || ཕོན:phon↔ཕོར:phor || ཕྱང:phyaṅ↔ཕྱར:phyar || ཕྱད:phyad↔ཕྱར:phyar || ཕྱམ:phyam↔ཕྱར:phyar || ཕྱར:phyar↔ཕྱལ:phyal || བདག:bdag↔བདར:bdar || བརྡ:brda↔བརྡར:brdar || བརྡབ:brdab↔བརྡར:brdar || མཁན:mkhan↔མཁར:mkhar || མཁར:mkhar↔མཁས:mkhas || ཚག:tshag↔ཚར:tshar || ཚང:tshaṅ↔ཚར:tshar || ཚབ:tshab↔ཚར:tshar || ཚུད:tshud↔ཚུར:tshur || ཚུན:tshun↔ཚུར:tshur || ཚུར:tshur↔ཚུལ:tshul || ཟུག:zug↔ཟུར:zur || ཟེ:ze↔ཟེར:zer || འཁོར:khor↔འཁོལ:khol || འབབ:bab↔འབར:bar || ཡང:yaṅ↔ཡར:yar || ཡན:yan↔ཡར:yar || ཡབ:yab↔ཡར:yar || ཡར:yar↔ཡས:yas || ཤོག:sog↔ཤོར:sor || ཤོད:sod↔ཤོར:sor || སེ:se↔སེར:ser || སེང:seṅ↔སེར:ser || སེར:ser↔སེལ:sel || སོ:so↔སོར:sor || སྐད:skad↔སྐར:skar || སྐམ:skam↔སྐར:skar || སྐར:skar↔སྐལ:skal || སྐོང:skoṅ↔སྐོར:skor || སྟེང:steṅ↔སྟེར:ster || སྦྱང:sbyaṅ↔སྦྱར:sbyar || སྦྱོང:sbyoṅ↔སྦྱོར:sbyor	0	wts_1_34;wts_35_51;wts_8_b;wts_9_m	wts_1_34:1001;wts_1_34:1006;wts_1_34:1017;wts_1_34:1020;wts_1_34:1021;wts_1_34:1022;wts_1_34:1027;wts_1_34:1028;wts_1_34:1029;wts_1_34:1032;wts_1_34:1045;wts_1_34:1046;wts_1_34:1047;wts_1_34:1049;wts_1_34:1050;wts_1_34:1055;wts_1_34:1056;wts_1_34:1060;wts_1_34:1061;wts_1_34:1064;wts_1_34:1073;wts_1_34:1090;wts_1_34:1097;wts_1_34:110;wts_1_34:1109;wts_1_34:1115;wts_1_34:1125;wts_1_34:1238;wts_1_34:125;wts_1_34:129;wts_1_34:1321;wts_1_34:162;wts_1_34:163;wts_1_34:164;wts_1_34:165;wts_1_34:166;wts_1_34:174;wts_1_34:176;wts_1_34:177;wts_1_34:178;wts_1_34:182;wts_1_34:188;wts_1_34:192;wts_1_34:194;wts_1_34:208;wts_1_34:212;wts_1_34:225;wts_1_34:228;wts_1_34:244;wts_1_34:245;wts_1_34:246;wts_1_34:251;wts_1_34:252;wts_1_34:255;wts_1_34:260;wts_1_34:261;wts_1_34:263;wts_1_34:264;wts_1_34:271;wts_1_34:279;wts_1_34:280;wts_1_34:284;wts_1_34:285;wts_1_34:286;wts_1_34:287;wts_1_34:295;wts_1_34:317;wts_1_34:321;wts_1_34:323;wts_1_34:332;wts_1_34:359;wts_1_34:387;wts_1_34:428;wts_1_34:459;wts_1_34:461;wts_1_34:464;wts_1_34:470;wts_1_34:474;wts_1_34:478;wts_1_34:489;wts_1_34:51;wts_1_34:528;wts_1_34:535;wts_1_34:536;wts_1_34:552;wts_1_34:553;wts_1_34:554;wts_1_34:555;wts_1_34:556;wts_1_34:56;wts_1_34:560;wts_1_34:584;wts_1_34:601;wts_1_34:63;wts_1_34:635;wts_1_34:636;wts_1_34:637;wts_1_34:647;wts_1_34:654;wts_1_34:665;wts_1_34:667;wts_1_34:686;wts_1_34:688;wts_1_34:70;wts_1_34:745;wts_1_34:775;wts_1_34:778;wts_1_34:79;wts_1_34:793;wts_1_34:809;wts_1_34:813;wts_1_34:822;wts_1_34:83;wts_1_34:889;wts_1_34:898;wts_1_34:899;wts_1_34:90;wts_1_34:914;wts_1_34:915;wts_1_34:916;wts_1_34:918;wts_1_34:919;wts_1_34:921;wts_1_34:925;wts_1_34:930;wts_1_34:949;wts_1_34:959;wts_1_34:966;wts_1_34:98;wts_1_34:980;wts_1_34:988;wts_1_34:991;wts_1_34:995;wts_1_34:998;wts_1_34:999;wts_35_51:1017;wts_35_51:1019;wts_35_51:1020;wts_35_51:1028;wts_35_51:1029;wts_35_51:1030;wts_35_51:104;wts_35_51:1071;wts_35_51:1077;wts_35_51:1082;wts_35_51:1087;wts_35_51:1105;wts_35_51:1106;wts_35_51:236;wts_35_51:242;wts_35_51:244;wts_35_51:248;wts_35_51:258;wts_35_51:263;wts_35_51:292;wts_35_51:308;wts_35_51:379;wts_35_51:398;wts_35_51:423;wts_35_51:476;wts_35_51:477;wts_35_51:478;wts_35_51:479;wts_35_51:481;wts_35_51:482;wts_35_51:483;wts_35_51:484;wts_35_51:485;wts_35_51:504;wts_35_51:525;wts_35_51:559;wts_35_51:570;wts_35_51:571;wts_35_51:572;wts_35_51:573;wts_35_51:574;wts_35_51:576;wts_35_51:578;wts_35_51:579;wts_35_51:580;wts_35_51:581;wts_35_51:582;wts_35_51:583;wts_35_51:584;wts_35_51:585;wts_35_51:586;wts_35_51:587;wts_35_51:589;wts_35_51:591;wts_35_51:592;wts_35_51:595;wts_35_51:625;wts_35_51:653;wts_35_51:676;wts_35_51:682;wts_35_51:69;wts_35_51:694;wts_35_51:695;wts_35_51:711;wts_35_51:712;wts_35_51:725;wts_35_51:802;wts_35_51:859;wts_35_51:869;wts_35_51:874;wts_35_51:889;wts_35_51:897;wts_35_51:899;wts_35_51:900;wts_35_51:920;wts_35_51:921;wts_35_51:922;wts_35_51:923;wts_35_51:926;wts_35_51:929;wts_35_51:93;wts_35_51:941;wts_35_51:951;wts_35_51:952;wts_35_51:953;wts_35_51:962;wts_35_51:97;wts_35_51:971;wts_35_51:973;wts_35_51:975;wts_8_b:113;wts_8_b:115;wts_8_b:120;wts_8_b:147;wts_8_b:150;wts_8_b:163;wts_8_b:180;wts_8_b:268;wts_8_b:269;wts_8_b:297;wts_8_b:304;wts_8_b:322;wts_8_b:346;wts_8_b:357;wts_8_b:359;wts_8_b:360;wts_8_b:413;wts_8_b:42;wts_8_b:43;wts_8_b:437;wts_8_b:445;wts_8_b:504;wts_8_b:540;wts_8_b:542;wts_8_b:554;wts_8_b:555;wts_8_b:569;wts_8_b:572;wts_8_b:575;wts_8_b:65;wts_9_m:129;wts_9_m:155;wts_9_m:162;wts_9_m:165;wts_9_m:191;wts_9_m:258;wts_9_m:346;wts_9_m:359;wts_9_m:362;wts_9_m:364;wts_9_m:388			ordinary_tibetan_lexical_or_compound	reviewed	feature_reviewed
RESIDUAL_A5A2CF47705E	suffix_coda	ལ	contrastive	b→l;d→l;g→l;l→s;m→l;n→l;r→l;ṅ→l;→l	full_realization_isolated;zero_realization_isolated	l	l	ཁུལ;ཁེལ;ཁོལ;ཁྲལ;ཁྲོལ;གསལ;གྲོལ;ཆལ;ཐལ;ཐུལ;ཐེལ;ཕུལ;ཕྱལ;བཅོལ;བཙལ;བྲལ;བྲེལ;ཚིལ;ཚུལ;ཚོལ;འཁོལ;ཡུལ;ཡོལ;རལ;རིལ;རྒོལ;རྡེལ;རྡོལ;རྩལ;ཤེལ;སེལ;སྐལ;སྐྱིལ;སྐྱེལ;སྒྲོལ;སྲོལ		0	0	ཁུག:khug↔ཁུལ:khul || ཁུང:khuṅ↔ཁུལ:khul || ཁེ:khe↔ཁེལ:khel || ཁེབ:kheb↔ཁེལ:khel || ཁེར:kher↔ཁེལ:khel || ཁོག:khog↔ཁོལ:khol || ཁོང:khoṅ↔ཁོལ:khol || ཁོན:khon↔ཁོལ:khol || ཁོམ:khom↔ཁོལ:khol || ཁྲག:khrag↔ཁྲལ:khral || ཁྲབ:khrab↔ཁྲལ:khral || ཁྲམ:khram↔ཁྲལ:khral || ཁྲོ:khro↔ཁྲོལ:khrol || ཁྲོག:khrog↔ཁྲོལ:khrol || ཁྲོད:khrod↔ཁྲོལ:khrol || ཁྲོན:khron↔ཁྲོལ:khrol || ཁྲོམ:khrom↔ཁྲོལ:khrol || གསར:gsar↔གསལ:gsal || གྲོ:gro↔གྲོལ:grol || གྲོང:groṅ↔གྲོལ:grol || གྲོལ:grol↔གྲོས:gros || ཆག:chag↔ཆལ:chal || ཆང:chaṅ↔ཆལ:chal || ཆད:chad↔ཆལ:chal || ཆར:char↔ཆལ:chal || ཐང:thaṅ↔ཐལ:thal || ཐད:thad↔ཐལ:thal || ཐབ:thab↔ཐལ:thal || ཐམ:tham↔ཐལ:thal || ཐར:thar↔ཐལ:thal || ཐུ:thu↔ཐུལ:thul || ཐུང:thuṅ↔ཐུལ:thul || ཐུན:thun↔ཐུལ:thul || ཐུབ:thub↔ཐུལ:thul || ཐུམ:thum↔ཐུལ:thul || ཐུར:thur↔ཐུལ:thul || ཐེག:theg↔ཐེལ:thel || ཐེད:thed↔ཐེལ:thel || ཐེན:then↔ཐེལ:thel || ཐེབ:theb↔ཐེལ:thel || ཐེམ:them↔ཐེལ:thel || ཐེར:ther↔ཐེལ:thel || ཕུ:phu↔ཕུལ:phul || ཕུག:phug↔ཕུལ:phul || ཕུད:phud↔ཕུལ:phul || ཕུབ:phub↔ཕུལ:phul || ཕུར:phur↔ཕུལ:phul || ཕྱང:phyaṅ↔ཕྱལ:phyal || ཕྱད:phyad↔ཕྱལ:phyal || ཕྱམ:phyam↔ཕྱལ:phyal || ཕྱར:phyar↔ཕྱལ:phyal || བཅོམ:bcom↔བཅོལ:bcol || བཅོལ:bcol↔བཅོས:bcos || བཙན:btsan↔བཙལ:btsal || བྲག:brag↔བྲལ:bral || བྲང:braṅ↔བྲལ:bral || བྲན:bran↔བྲལ:bral || བྲབ:brab↔བྲལ:bral || བྲམ:bram↔བྲལ:bral || བྲེད:bred↔བྲེལ:brel || ཚིམ:tshim↔ཚིལ:tshil || ཚུད:tshud↔ཚུལ:tshul || ཚུན:tshun↔ཚུལ:tshul || ཚུར:tshur↔ཚུལ:tshul || ཚོལ:tshol↔ཚོས:tshos || འཁོར:khor↔འཁོལ:khol || ཡུམ:yum↔ཡུལ:yul || ཡོད:yod↔ཡོལ:yol || ཡོན:yon↔ཡོལ:yol || རབ:rab↔རལ:ral || རལ:ral↔རས:ras || རི:ri↔རིལ:ril || རིག:rig↔རིལ:ril || རིང:riṅ↔རིལ:ril || རིམ:rim↔རིལ:ril || རིལ:ril↔རིས:ris || རྒོད:rgod↔རྒོལ:rgol || རྡེག:rdeg↔རྡེལ:rdel || རྡོག:rdog↔རྡོལ:rdol || རྡོལ:rdol↔རྡོས:rdos || རྩ:rtsa↔རྩལ:rtsal || ཤེད:sed↔ཤེལ:sel || སེ:se↔སེལ:sel || སེང:seṅ↔སེལ:sel || སེར:ser↔སེལ:sel || སྐད:skad↔སྐལ:skal || སྐམ:skam↔སྐལ:skal || སྐར:skar↔སྐལ:skal || སྐྱིད:skyid↔སྐྱིལ:skyil || སྐྱེ:skye↔སྐྱེལ:skyel || སྐྱེད:skyed↔སྐྱེལ:skyel || སྐྱེལ:skyel↔སྐྱེས:skyes || སྒྲོག:sgrog↔སྒྲོལ:sgrol || སྲོག:srog↔སྲོལ:srol	0	wts_1_34;wts_35_51;wts_8_b;wts_9_m	wts_1_34:1000;wts_1_34:1001;wts_1_34:1010;wts_1_34:1013;wts_1_34:1021;wts_1_34:1022;wts_1_34:1028;wts_1_34:1029;wts_1_34:1032;wts_1_34:1034;wts_1_34:1038;wts_1_34:1048;wts_1_34:1050;wts_1_34:1064;wts_1_34:1067;wts_1_34:1071;wts_1_34:1109;wts_1_34:113;wts_1_34:1164;wts_1_34:122;wts_1_34:1294;wts_1_34:1308;wts_1_34:134;wts_1_34:1345;wts_1_34:157;wts_1_34:163;wts_1_34:179;wts_1_34:180;wts_1_34:188;wts_1_34:211;wts_1_34:212;wts_1_34:215;wts_1_34:224;wts_1_34:237;wts_1_34:243;wts_1_34:254;wts_1_34:259;wts_1_34:267;wts_1_34:269;wts_1_34:276;wts_1_34:278;wts_1_34:279;wts_1_34:282;wts_1_34:283;wts_1_34:294;wts_1_34:297;wts_1_34:298;wts_1_34:303;wts_1_34:321;wts_1_34:323;wts_1_34:328;wts_1_34:334;wts_1_34:35;wts_1_34:356;wts_1_34:361;wts_1_34:389;wts_1_34:391;wts_1_34:393;wts_1_34:399;wts_1_34:413;wts_1_34:42;wts_1_34:420;wts_1_34:453;wts_1_34:460;wts_1_34:464;wts_1_34:471;wts_1_34:485;wts_1_34:497;wts_1_34:508;wts_1_34:52;wts_1_34:537;wts_1_34:548;wts_1_34:556;wts_1_34:558;wts_1_34:565;wts_1_34:568;wts_1_34:591;wts_1_34:631;wts_1_34:637;wts_1_34:648;wts_1_34:65;wts_1_34:697;wts_1_34:701;wts_1_34:75;wts_1_34:767;wts_1_34:778;wts_1_34:815;wts_1_34:874;wts_1_34:890;wts_1_34:911;wts_1_34:917;wts_1_34:961;wts_1_34:98;wts_1_34:99;wts_1_34:994;wts_1_34:999;wts_35_51:1007;wts_35_51:1032;wts_35_51:1033;wts_35_51:1043;wts_35_51:1044;wts_35_51:1082;wts_35_51:1083;wts_35_51:1087;wts_35_51:1093;wts_35_51:1112;wts_35_51:1116;wts_35_51:120;wts_35_51:190;wts_35_51:196;wts_35_51:197;wts_35_51:226;wts_35_51:227;wts_35_51:230;wts_35_51:240;wts_35_51:243;wts_35_51:245;wts_35_51:246;wts_35_51:251;wts_35_51:254;wts_35_51:267;wts_35_51:274;wts_35_51:294;wts_35_51:30;wts_35_51:365;wts_35_51:388;wts_35_51:390;wts_35_51:404;wts_35_51:444;wts_35_51:465;wts_35_51:468;wts_35_51:50;wts_35_51:506;wts_35_51:542;wts_35_51:573;wts_35_51:636;wts_35_51:637;wts_35_51:64;wts_35_51:648;wts_35_51:699;wts_35_51:714;wts_35_51:715;wts_35_51:723;wts_35_51:726;wts_35_51:754;wts_35_51:755;wts_35_51:775;wts_35_51:789;wts_35_51:803;wts_35_51:835;wts_35_51:839;wts_35_51:847;wts_35_51:863;wts_35_51:867;wts_35_51:868;wts_35_51:869;wts_35_51:874;wts_35_51:883;wts_35_51:901;wts_35_51:909;wts_35_51:923;wts_35_51:925;wts_35_51:926;wts_35_51:927;wts_35_51:939;wts_35_51:943;wts_35_51:963;wts_35_51:965;wts_35_51:976;wts_8_b:105;wts_8_b:109;wts_8_b:157;wts_8_b:163;wts_8_b:164;wts_8_b:185;wts_8_b:224;wts_8_b:240;wts_8_b:272;wts_8_b:28;wts_8_b:282;wts_8_b:285;wts_8_b:316;wts_8_b:327;wts_8_b:342;wts_8_b:349;wts_8_b:357;wts_8_b:36;wts_8_b:402;wts_8_b:43;wts_8_b:435;wts_8_b:471;wts_8_b:473;wts_8_b:493;wts_8_b:535;wts_8_b:536;wts_8_b:539;wts_8_b:569;wts_8_b:61;wts_8_b:66;wts_8_b:67;wts_8_b:71;wts_8_b:83;wts_8_b:87;wts_8_b:93;wts_9_m:225;wts_9_m:227;wts_9_m:269;wts_9_m:273;wts_9_m:287;wts_9_m:383;wts_9_m:79			ordinary_tibetan_lexical_or_compound	reviewed	feature_reviewed
CORPUS_735B62E02527	suffix_coda	ས	contrastive	b→s;d→s;g→s;l→s;m→s;n→s;r→s;ṅ→s;→s	full_realization_isolated;zero_realization_isolated	s	s	གྲས;གྲོས;ངོས;ཆོས;ཐོས;པོས;ཕས;ཕྱིས;ཕྲས;བཅོས;བསྡུས;བྲིས;མཁས;ཚོས;ཟས;ཡས;རས;རིས;རུས;རྡོས;ལས;ལུས;ལྷས;ཤས;སྐྱེས;སྦྲས		0	0	གྲང:graṅ↔གྲས:gras || གྲོ:gro↔གྲོས:gros || གྲོང:groṅ↔གྲོས:gros || གྲོལ:grol↔གྲོས:gros || ངོ:no↔ངོས:nos || ཆོག:chog↔ཆོས:chos || ཐོ:tho↔ཐོས:thos || ཐོག:thog↔ཐོས:thos || ཐོད:thod↔ཐོས:thos || ཐོན:thon↔ཐོས:thos || ཐོབ:thob↔ཐོས:thos || ཐོར:thor↔ཐོས:thos || པོར:por↔པོས:pos || ཕག:phag↔ཕས:phas || ཕང:phaṅ↔ཕས:phas || ཕད:phad↔ཕས:phas || ཕན:phan↔ཕས:phas || ཕབ:phab↔ཕས:phas || ཕམ:pham↔ཕས:phas || ཕྱིང:phyiṅ↔ཕྱིས:phyis || ཕྱིན:phyin↔ཕྱིས:phyis || ཕྲ:phra↔ཕྲས:phras || ཕྲད:phrad↔ཕྲས:phras || ཕྲན:phran↔ཕྲས:phras || བཅོམ:bcom↔བཅོས:bcos || བཅོལ:bcol↔བཅོས:bcos || བསྡུ:bsdu↔བསྡུས:bsdus || བྲི:bri↔བྲིས:bris || མཁན:mkhan↔མཁས:mkhas || མཁར:mkhar↔མཁས:mkhas || ཚོལ:tshol↔ཚོས:tshos || ཟ:za↔ཟས:zas || ཟན:zan↔ཟས:zas || ཡང:yaṅ↔ཡས:yas || ཡན:yan↔ཡས:yas || ཡབ:yab↔ཡས:yas || ཡར:yar↔ཡས:yas || རབ:rab↔རས:ras || རལ:ral↔རས:ras || རི:ri↔རིས:ris || རིག:rig↔རིས:ris || རིང:riṅ↔རིས:ris || རིམ:rim↔རིས:ris || རིལ:ril↔རིས:ris || རུག:rug↔རུས:rus || རྡོག:rdog↔རྡོས:rdos || རྡོལ:rdol↔རྡོས:rdos || ལག:lag↔ལས:las || ལང:laṅ↔ལས:las || ལམ:lam↔ལས:las || ལུ:lu↔ལུས:lus || ལུག:lug↔ལུས:lus || ལུང:luṅ↔ལུས:lus || ལྷག:lhag↔ལྷས:lhas || ཤན:San↔ཤས:Sas || སྐྱེ:skye↔སྐྱེས:skyes || སྐྱེད:skyed↔སྐྱེས:skyes || སྐྱེལ:skyel↔སྐྱེས:skyes || སྦྲང:sbraṅ↔སྦྲས:sbras	0	wts_1_34;wts_35_51;wts_8_b;wts_9_m	wts_1_34:1006;wts_1_34:1015;wts_1_34:1017;wts_1_34:1018;wts_1_34:1020;wts_1_34:1024;wts_1_34:1025;wts_1_34:1034;wts_1_34:1038;wts_1_34:1046;wts_1_34:1048;wts_1_34:1049;wts_1_34:1053;wts_1_34:1054;wts_1_34:1063;wts_1_34:1064;wts_1_34:1067;wts_1_34:1109;wts_1_34:1123;wts_1_34:1124;wts_1_34:1131;wts_1_34:117;wts_1_34:1178;wts_1_34:119;wts_1_34:1190;wts_1_34:120;wts_1_34:1203;wts_1_34:1219;wts_1_34:1244;wts_1_34:1273;wts_1_34:1320;wts_1_34:1328;wts_1_34:134;wts_1_34:141;wts_1_34:155;wts_1_34:157;wts_1_34:161;wts_1_34:166;wts_1_34:190;wts_1_34:194;wts_1_34:207;wts_1_34:209;wts_1_34:213;wts_1_34:214;wts_1_34:215;wts_1_34:223;wts_1_34:244;wts_1_34:248;wts_1_34:253;wts_1_34:255;wts_1_34:260;wts_1_34:266;wts_1_34:270;wts_1_34:283;wts_1_34:292;wts_1_34:293;wts_1_34:299;wts_1_34:322;wts_1_34:332;wts_1_34:337;wts_1_34:356;wts_1_34:379;wts_1_34:388;wts_1_34:390;wts_1_34:403;wts_1_34:405;wts_1_34:421;wts_1_34:456;wts_1_34:458;wts_1_34:463;wts_1_34:466;wts_1_34:468;wts_1_34:47;wts_1_34:472;wts_1_34:475;wts_1_34:476;wts_1_34:50;wts_1_34:501;wts_1_34:528;wts_1_34:534;wts_1_34:542;wts_1_34:563;wts_1_34:593;wts_1_34:610;wts_1_34:615;wts_1_34:622;wts_1_34:627;wts_1_34:63;wts_1_34:642;wts_1_34:643;wts_1_34:651;wts_1_34:657;wts_1_34:674;wts_1_34:675;wts_1_34:676;wts_1_34:677;wts_1_34:678;wts_1_34:679;wts_1_34:680;wts_1_34:681;wts_1_34:682;wts_1_34:69;wts_1_34:702;wts_1_34:722;wts_1_34:726;wts_1_34:74;wts_1_34:746;wts_1_34:756;wts_1_34:759;wts_1_34:786;wts_1_34:807;wts_1_34:86;wts_1_34:888;wts_1_34:918;wts_1_34:925;wts_1_34:962;wts_1_34:964;wts_1_34:980;wts_1_34:986;wts_1_34:987;wts_1_34:988;wts_1_34:989;wts_1_34:992;wts_1_34:994;wts_35_51:1008;wts_35_51:1018;wts_35_51:1019;wts_35_51:1020;wts_35_51:103;wts_35_51:1041;wts_35_51:1060;wts_35_51:1065;wts_35_51:1066;wts_35_51:1067;wts_35_51:1071;wts_35_51:1077;wts_35_51:1082;wts_35_51:1088;wts_35_51:1101;wts_35_51:1111;wts_35_51:1116;wts_35_51:1117;wts_35_51:1124;wts_35_51:1126;wts_35_51:127;wts_35_51:131;wts_35_51:17;wts_35_51:196;wts_35_51:227;wts_35_51:247;wts_35_51:251;wts_35_51:26;wts_35_51:297;wts_35_51:321;wts_35_51:35;wts_35_51:390;wts_35_51:403;wts_35_51:408;wts_35_51:484;wts_35_51:487;wts_35_51:525;wts_35_51:555;wts_35_51:56;wts_35_51:560;wts_35_51:57;wts_35_51:599;wts_35_51:625;wts_35_51:633;wts_35_51:638;wts_35_51:68;wts_35_51:69;wts_35_51:7;wts_35_51:71;wts_35_51:720;wts_35_51:730;wts_35_51:738;wts_35_51:740;wts_35_51:742;wts_35_51:748;wts_35_51:797;wts_35_51:818;wts_35_51:834;wts_35_51:840;wts_35_51:867;wts_35_51:901;wts_35_51:921;wts_35_51:934;wts_35_51:949;wts_35_51:952;wts_35_51:964;wts_35_51:970;wts_8_b:164;wts_8_b:170;wts_8_b:276;wts_8_b:277;wts_8_b:319;wts_8_b:32;wts_8_b:342;wts_8_b:350;wts_8_b:352;wts_8_b:358;wts_8_b:364;wts_8_b:367;wts_8_b:474;wts_8_b:526;wts_8_b:574;wts_8_b:99;wts_9_m:101;wts_9_m:124;wts_9_m:131;wts_9_m:150;wts_9_m:17;wts_9_m:271;wts_9_m:273;wts_9_m:281;wts_9_m:393;wts_9_m:61;wts_9_m:63;wts_9_m:66			ordinary_tibetan_lexical_or_compound	reviewed	feature_reviewed
CORPUS_30256E043D83	superscript		contrastive	→l;→r;→s	zero_realization_isolated			ཀར;ཀོང;གོ;གྱུར;གྲུབ;གྲོལ;ཏན;ཏེ;ཏོག;དེ;ནམ;ནེ;པར;བཀལ;བཏགས;བདར;བཙན;བྱིན;བྲང;ཙ;ཛི		0	0	ཀར:kar↔སྐར:skar || ཀོང:koṅ↔སྐོང:skoṅ || གོ:go↔སྒོ:sgo || གྱུར:gyur↔སྒྱུར:sgyur || གྲུབ:grub↔སྒྲུབ:sgrub || གྲོལ:grol↔སྒྲོལ:sgrol || ཏན:tan↔སྟན:stan || ཏེ:te↔ལྟེ:lte || ཏོག:tog↔རྟོག:rtog || དེ:de↔སྡེ:sde || ནམ:nam↔སྣམ:snam || ནེ:ne↔སྣེ:sne || པར:par↔སྤར:spar || བཀལ:bkal↔བསྐལ:bskal || བཏགས:btags↔བརྟགས:brtags || བདར:bdar↔བརྡར:brdar || བཙན:btsan↔བརྩན:brtsan || བྱིན:byin↔སྦྱིན:sbyin || བྲང:braṅ↔སྦྲང:sbraṅ || ཙ:tsa↔རྩ:rtsa || ཛི:dzi↔རྫི:rdzi	0	wts_1_34;wts_35_51;wts_8_b;wts_9_m	wts_1_34:1014;wts_1_34:1020;wts_1_34:1029;wts_1_34:1032;wts_1_34:1033;wts_1_34:1045;wts_1_34:1048;wts_1_34:1055;wts_1_34:1060;wts_1_34:1061;wts_1_34:1063;wts_1_34:1064;wts_1_34:114;wts_1_34:1143;wts_1_34:116;wts_1_34:1182;wts_1_34:1199;wts_1_34:1200;wts_1_34:1201;wts_1_34:1202;wts_1_34:1203;wts_1_34:1208;wts_1_34:1209;wts_1_34:1218;wts_1_34:1219;wts_1_34:122;wts_1_34:1221;wts_1_34:1222;wts_1_34:1223;wts_1_34:1224;wts_1_34:1228;wts_1_34:1229;wts_1_34:1230;wts_1_34:1294;wts_1_34:139;wts_1_34:156;wts_1_34:162;wts_1_34:212;wts_1_34:245;wts_1_34:246;wts_1_34:263;wts_1_34:279;wts_1_34:280;wts_1_34:284;wts_1_34:312;wts_1_34:317;wts_1_34:349;wts_1_34:352;wts_1_34:355;wts_1_34:356;wts_1_34:357;wts_1_34:358;wts_1_34:379;wts_1_34:38;wts_1_34:382;wts_1_34:383;wts_1_34:389;wts_1_34:42;wts_1_34:460;wts_1_34:462;wts_1_34:47;wts_1_34:509;wts_1_34:51;wts_1_34:510;wts_1_34:511;wts_1_34:52;wts_1_34:528;wts_1_34:53;wts_1_34:535;wts_1_34:536;wts_1_34:545;wts_1_34:547;wts_1_34:552;wts_1_34:553;wts_1_34:554;wts_1_34:555;wts_1_34:556;wts_1_34:568;wts_1_34:601;wts_1_34:650;wts_1_34:664;wts_1_34:70;wts_1_34:740;wts_1_34:745;wts_1_34:750;wts_1_34:79;wts_1_34:793;wts_1_34:809;wts_1_34:813;wts_1_34:870;wts_1_34:880;wts_1_34:89;wts_1_34:916;wts_1_34:925;wts_1_34:98;wts_1_34:999;wts_35_51:1007;wts_35_51:1019;wts_35_51:1020;wts_35_51:1048;wts_35_51:1082;wts_35_51:1087;wts_35_51:1106;wts_35_51:246;wts_35_51:308;wts_35_51:377;wts_35_51:398;wts_35_51:415;wts_35_51:418;wts_35_51:419;wts_35_51:420;wts_35_51:421;wts_35_51:422;wts_35_51:423;wts_35_51:424;wts_35_51:425;wts_35_51:426;wts_35_51:427;wts_35_51:428;wts_35_51:429;wts_35_51:430;wts_35_51:431;wts_35_51:465;wts_35_51:466;wts_35_51:485;wts_35_51:519;wts_35_51:525;wts_35_51:552;wts_35_51:570;wts_35_51:571;wts_35_51:572;wts_35_51:573;wts_35_51:574;wts_35_51:576;wts_35_51:578;wts_35_51:579;wts_35_51:580;wts_35_51:581;wts_35_51:582;wts_35_51:583;wts_35_51:584;wts_35_51:585;wts_35_51:586;wts_35_51:587;wts_35_51:589;wts_35_51:591;wts_35_51:592;wts_35_51:595;wts_35_51:619;wts_35_51:645;wts_35_51:653;wts_35_51:693;wts_35_51:694;wts_35_51:695;wts_35_51:730;wts_35_51:741;wts_35_51:839;wts_35_51:847;wts_35_51:885;wts_35_51:887;wts_35_51:889;wts_35_51:900;wts_35_51:92;wts_35_51:929;wts_35_51:93;wts_35_51:960;wts_35_51:962;wts_8_b:133;wts_8_b:163;wts_8_b:168;wts_8_b:18;wts_8_b:185;wts_8_b:206;wts_8_b:208;wts_8_b:209;wts_8_b:261;wts_8_b:262;wts_8_b:263;wts_8_b:264;wts_8_b:322;wts_8_b:329;wts_8_b:345;wts_8_b:348;wts_8_b:358;wts_8_b:364;wts_8_b:429;wts_8_b:452;wts_8_b:499;wts_8_b:74;wts_9_m:109;wts_9_m:129;wts_9_m:132;wts_9_m:165;wts_9_m:184;wts_9_m:188;wts_9_m:192;wts_9_m:195;wts_9_m:200;wts_9_m:213;wts_9_m:216;wts_9_m:217;wts_9_m:241;wts_9_m:273;wts_9_m:315;wts_9_m:317;wts_9_m:346;wts_9_m:355;wts_9_m:56;wts_9_m:66;wts_9_m:74			ordinary_tibetan_lexical_or_compound	high	feature_independent_strong_candidate
CORPUS_987FBEB04DC6	superscript	ར	contrastive	→r	zero_realization_isolated	r	r	བརྟགས;བརྡར;བརྩན;རྟོག;རྩ;རྫི		0	0	ཏོག:tog↔རྟོག:rtog || བཏགས:btags↔བརྟགས:brtags || བདར:bdar↔བརྡར:brdar || བཙན:btsan↔བརྩན:brtsan || ཙ:tsa↔རྩ:rtsa || ཛི:dzi↔རྫི:rdzi	0	wts_1_34;wts_35_51;wts_8_b	wts_1_34:1002;wts_1_34:1027;wts_1_34:1135;wts_1_34:1271;wts_1_34:1339;wts_1_34:142;wts_1_34:159;wts_1_34:166;wts_1_34:258;wts_1_34:266;wts_1_34:347;wts_1_34:395;wts_1_34:469;wts_1_34:470;wts_1_34:48;wts_1_34:489;wts_1_34:51;wts_1_34:535;wts_1_34:553;wts_1_34:58;wts_1_34:593;wts_1_34:650;wts_1_34:652;wts_1_34:674;wts_1_34:686;wts_1_34:717;wts_1_34:72;wts_1_34:720;wts_1_34:745;wts_1_34:746;wts_1_34:77;wts_1_34:772;wts_1_34:78;wts_1_34:784;wts_1_34:786;wts_1_34:923;wts_1_34:924;wts_1_34:928;wts_1_34:930;wts_1_34:933;wts_1_34:962;wts_1_34:963;wts_1_34:967;wts_35_51:1028;wts_35_51:1040;wts_35_51:1068;wts_35_51:202;wts_35_51:250;wts_35_51:308;wts_35_51:375;wts_35_51:377;wts_35_51:378;wts_35_51:453;wts_35_51:487;wts_35_51:559;wts_35_51:578;wts_35_51:580;wts_35_51:677;wts_35_51:683;wts_35_51:691;wts_35_51:813;wts_35_51:829;wts_8_b:18;wts_8_b:23;wts_8_b:303;wts_8_b:364;wts_8_b:376;wts_8_b:378;wts_8_b:396;wts_8_b:453;wts_8_b:77;wts_8_b:89			ordinary_tibetan_lexical_or_compound	reviewed	feature_reviewed
CORPUS_B645C6F8C113	superscript	ལ	contrastive	→l	zero_realization_isolated	l	l	ལྟེ		0	0	ཏེ:te↔ལྟེ:lte	0	wts_1_34;wts_35_51	wts_1_34:934;wts_35_51:1083;wts_35_51:683			ordinary_tibetan_lexical_or_compound	provisional	feature_provisional
CORPUS_86605D8DD3C9	superscript	ས	contrastive	→s	zero_realization_isolated	s	s	བསྐལ;སྐར;སྐོང;སྒོ;སྒྱུར;སྒྲུབ;སྒྲོལ;སྟན;སྡེ;སྣམ;སྣེ;སྤར;སྦྱིན;སྦྲང		0	0	ཀར:kar↔སྐར:skar || ཀོང:koṅ↔སྐོང:skoṅ || གོ:go↔སྒོ:sgo || གྱུར:gyur↔སྒྱུར:sgyur || གྲུབ:grub↔སྒྲུབ:sgrub || གྲོལ:grol↔སྒྲོལ:sgrol || ཏན:tan↔སྟན:stan || དེ:de↔སྡེ:sde || ནམ:nam↔སྣམ:snam || ནེ:ne↔སྣེ:sne || པར:par↔སྤར:spar || བཀལ:bkal↔བསྐལ:bskal || བྱིན:byin↔སྦྱིན:sbyin || བྲང:braṅ↔སྦྲང:sbraṅ	0	wts_1_34;wts_35_51;wts_8_b;wts_9_m	wts_1_34:1011;wts_1_34:1073;wts_1_34:169;wts_1_34:176;wts_1_34:177;wts_1_34:178;wts_1_34:196;wts_1_34:228;wts_1_34:242;wts_1_34:295;wts_1_34:313;wts_1_34:321;wts_1_34:383;wts_1_34:459;wts_1_34:470;wts_1_34:478;wts_1_34:487;wts_1_34:493;wts_1_34:494;wts_1_34:504;wts_1_34:508;wts_1_34:510;wts_1_34:563;wts_1_34:60;wts_1_34:621;wts_1_34:635;wts_1_34:636;wts_1_34:686;wts_1_34:697;wts_1_34:726;wts_1_34:778;wts_1_34:886;wts_1_34:945;wts_1_34:952;wts_1_34:980;wts_35_51:100;wts_35_51:102;wts_35_51:1070;wts_35_51:120;wts_35_51:174;wts_35_51:285;wts_35_51:286;wts_35_51:289;wts_35_51:290;wts_35_51:291;wts_35_51:389;wts_35_51:477;wts_35_51:483;wts_35_51:526;wts_35_51:537;wts_35_51:538;wts_35_51:552;wts_35_51:624;wts_35_51:625;wts_35_51:639;wts_35_51:640;wts_35_51:641;wts_35_51:646;wts_35_51:647;wts_35_51:690;wts_35_51:715;wts_35_51:720;wts_35_51:723;wts_35_51:730;wts_35_51:764;wts_35_51:768;wts_35_51:775;wts_35_51:776;wts_35_51:869;wts_35_51:876;wts_35_51:974;wts_35_51:979;wts_35_51:980;wts_35_51:990;wts_8_b:163;wts_8_b:164;wts_8_b:268;wts_8_b:345;wts_8_b:358;wts_8_b:362;wts_8_b:440;wts_8_b:46;wts_8_b:571;wts_8_b:572;wts_8_b:573;wts_8_b:574;wts_8_b:575;wts_8_b:576;wts_9_m:128;wts_9_m:165;wts_9_m:181;wts_9_m:344			ordinary_tibetan_lexical_or_compound	reviewed	feature_reviewed
CORPUS_01025FAF5D30	vowel	a	contrastive	a→e;a→i;a→o;a→u	full_realization_isolated	a	a	ཀན;ཁབ;ཁར;ཁྲག;ཁྲམ;ཁྲལ;གཅད;གདན;གསལ;གྲང;གྲས;གླང;ཆག;ཆང;ཆད;ཆར;ཐང;ཐད;ཐབ;ཐབས;ཐམ;ཐར;ཐལ;པར;ཕག;ཕད;ཕན;ཕབ;ཕྱགས;ཕྱང;ཕྱད;ཕྲ;ཕྲན;བཙན;བརྩན;བྱད;བྱན;བྲལ;མཚར;མཛད;མྱང;ཙ;ཚགས;ཚར;ཛ;ཟ;འཁར;ཡན;རལ;རས;རྟགས;རྡལ;ལག;ལང;ལས;སར;སྐར;སྟན;སྣ;སྤྱད;སྦྱང;སྦྱར		0	0	ཀན:kan↔ཀུན:kun || ཁབ:khab↔ཁེབ:kheb || ཁར:khar↔ཁེར:kher || ཁྲག:khrag↔ཁྲོག:khrog || ཁྲམ:khram↔ཁྲོམ:khrom || ཁྲལ:khral↔ཁྲོལ:khrol || གཅད:gcad↔གཅོད:gcod || གདན:gdan↔གདོན:gdon || གསལ:gsal↔གསོལ:gsol || གྲང:graṅ↔གྲོང:groṅ || གྲས:gras↔གྲོས:gros || གླང:glaṅ↔གླིང:gliṅ || ཆག:chag↔ཆིག:chig || ཆག:chag↔ཆུག:chug || ཆག:chag↔ཆོག:chog || ཆང:chaṅ↔ཆུང:chuṅ || ཆད:chad↔ཆུད:chud || ཆར:char↔ཆེར:cher || ཐང:thaṅ↔ཐུང:thuṅ || ཐད:thad↔ཐེད:thed || ཐད:thad↔ཐོད:thod || ཐབ:thab↔ཐུབ:thub || ཐབ:thab↔ཐེབ:theb || ཐབ:thab↔ཐོབ:thob || ཐབས:thabs↔ཐེབས:thebs || ཐམ:tham↔ཐུམ:thum || ཐམ:tham↔ཐེམ:them || ཐར:thar↔ཐུར:thur || ཐར:thar↔ཐེར:ther || ཐར:thar↔ཐོར:thor || ཐལ:thal↔ཐུལ:thul || ཐལ:thal↔ཐེལ:thel || པར:par↔པོར:por || ཕག:phag↔ཕུག:phug || ཕག:phag↔ཕོག:phog || ཕད:phad↔ཕུད:phud || ཕད:phad↔ཕོད:phod || ཕན:phan↔ཕོན:phon || ཕབ:phab↔ཕུབ:phub || ཕྱགས:phyags↔ཕྱུགས:phyugs || ཕྱང:phyaṅ↔ཕྱིང:phyiṅ || ཕྱང:phyaṅ↔ཕྱུང:phyuṅ || ཕྱད:phyad↔ཕྱེད:phyed || ཕྲ:phra↔ཕྲུ:phru || ཕྲན:phran↔ཕྲིན:phrin || བཙན:btsan↔བཙུན:btsun || བརྩན:brtsan↔བརྩོན:brtson || བྱད:byad↔བྱེད:byed || བྱན:byan↔བྱིན:byin || བྲལ:bral↔བྲེལ:brel || མཚར:mtshar↔མཚུར:mtshur || མཛད:mdzad↔མཛོད:mdzod || མྱང:myaṅ↔མྱོང:myoṅ || ཙ:tsa↔ཙི:tsi || ཙ:tsa↔ཙེ:tse || ཚགས:tshags↔ཚིགས:tshigs || ཚགས:tshags↔ཚུགས:tshugs || ཚགས:tshags↔ཚེགས:tshegs || ཚར:tshar↔ཚུར:tshur || ཛ:dza↔ཛི:dzi || ཟ:za↔ཟེ:ze || འཁར:khar↔འཁོར:khor || ཡན:yan↔ཡིན:yin || ཡན:yan↔ཡོན:yon || རལ:ral↔རིལ:ril || རས:ras↔རིས:ris || རས:ras↔རུས:rus || རས:ras↔རེས:ris || རྟགས:rtags↔རྟོགས:rtogs || རྡལ:rdal↔རྡུལ:rdul || རྡལ:rdal↔རྡེལ:rdel || རྡལ:rdal↔རྡོལ:rdol || ལག:lag↔ལུག:lug || ལག:lag↔ལོག:log || ལང:laṅ↔ལིང:liṅ || ལང:laṅ↔ལུང:luṅ || ལང:laṅ↔ལོང:loṅ || ལས:las↔ལུས:lus || སར:sar↔སེར:ser || སར:sar↔སོར:sor || སྐར:skar↔སྐོར:skor || སྟན:stan↔སྟོན:ston || སྣ:sna↔སྣེ:sne || སྤྱད:spyad↔སྤྱོད:spyod || སྦྱང:sbyaṅ↔སྦྱོང:sbyoṅ || སྦྱར:sbyar↔སྦྱོར:sbyor	0	wts_1_34;wts_35_51;wts_8_b;wts_9_m	wts_1_34:1000;wts_1_34:1001;wts_1_34:1002;wts_1_34:1003;wts_1_34:1006;wts_1_34:1010;wts_1_34:1012;wts_1_34:1015;wts_1_34:1017;wts_1_34:1020;wts_1_34:1022;wts_1_34:1032;wts_1_34:1034;wts_1_34:1049;wts_1_34:1054;wts_1_34:1055;wts_1_34:1060;wts_1_34:1061;wts_1_34:1064;wts_1_34:1070;wts_1_34:1071;wts_1_34:1084;wts_1_34:1089;wts_1_34:1109;wts_1_34:1135;wts_1_34:114;wts_1_34:1151;wts_1_34:1190;wts_1_34:120;wts_1_34:1218;wts_1_34:122;wts_1_34:1222;wts_1_34:1244;wts_1_34:1269;wts_1_34:1271;wts_1_34:1273;wts_1_34:1277;wts_1_34:1287;wts_1_34:1294;wts_1_34:1298;wts_1_34:1307;wts_1_34:1308;wts_1_34:1315;wts_1_34:1321;wts_1_34:138;wts_1_34:139;wts_1_34:140;wts_1_34:141;wts_1_34:148;wts_1_34:150;wts_1_34:158;wts_1_34:159;wts_1_34:160;wts_1_34:162;wts_1_34:163;wts_1_34:165;wts_1_34:166;wts_1_34:174;wts_1_34:176;wts_1_34:177;wts_1_34:178;wts_1_34:188;wts_1_34:207;wts_1_34:219;wts_1_34:237;wts_1_34:243;wts_1_34:244;wts_1_34:246;wts_1_34:251;wts_1_34:252;wts_1_34:253;wts_1_34:254;wts_1_34:255;wts_1_34:259;wts_1_34:260;wts_1_34:263;wts_1_34:264;wts_1_34:270;wts_1_34:274;wts_1_34:279;wts_1_34:280;wts_1_34:282;wts_1_34:284;wts_1_34:292;wts_1_34:293;wts_1_34:294;wts_1_34:295;wts_1_34:297;wts_1_34:303;wts_1_34:313;wts_1_34:315;wts_1_34:317;wts_1_34:322;wts_1_34:324;wts_1_34:328;wts_1_34:338;wts_1_34:352;wts_1_34:354;wts_1_34:356;wts_1_34:358;wts_1_34:361;wts_1_34:37;wts_1_34:379;wts_1_34:38;wts_1_34:382;wts_1_34:393;wts_1_34:396;wts_1_34:404;wts_1_34:42;wts_1_34:421;wts_1_34:456;wts_1_34:459;wts_1_34:461;wts_1_34:464;wts_1_34:466;wts_1_34:469;wts_1_34:47;wts_1_34:470;wts_1_34:471;wts_1_34:472;wts_1_34:478;wts_1_34:48;wts_1_34:49;wts_1_34:494;wts_1_34:504;wts_1_34:51;wts_1_34:527;wts_1_34:528;wts_1_34:53;wts_1_34:535;wts_1_34:536;wts_1_34:538;wts_1_34:540;wts_1_34:546;wts_1_34:552;wts_1_34:553;wts_1_34:554;wts_1_34:555;wts_1_34:556;wts_1_34:558;wts_1_34:568;wts_1_34:57;wts_1_34:575;wts_1_34:590;wts_1_34:591;wts_1_34:593;wts_1_34:60;wts_1_34:602;wts_1_34:612;wts_1_34:615;wts_1_34:621;wts_1_34:624;wts_1_34:625;wts_1_34:627;wts_1_34:63;wts_1_34:630;wts_1_34:631;wts_1_34:635;wts_1_34:636;wts_1_34:637;wts_1_34:647;wts_1_34:650;wts_1_34:652;wts_1_34:657;wts_1_34:664;wts_1_34:678;wts_1_34:680;wts_1_34:69;wts_1_34:70;wts_1_34:702;wts_1_34:713;wts_1_34:724;wts_1_34:726;wts_1_34:73;wts_1_34:740;wts_1_34:745;wts_1_34:750;wts_1_34:751;wts_1_34:758;wts_1_34:768;wts_1_34:775;wts_1_34:778;wts_1_34:784;wts_1_34:79;wts_1_34:793;wts_1_34:805;wts_1_34:807;wts_1_34:809;wts_1_34:813;wts_1_34:817;wts_1_34:828;wts_1_34:83;wts_1_34:84;wts_1_34:86;wts_1_34:886;wts_1_34:914;wts_1_34:916;wts_1_34:917;wts_1_34:925;wts_1_34:945;wts_1_34:966;wts_1_34:980;wts_1_34:985;wts_1_34:987;wts_1_34:988;wts_1_34:99;wts_1_34:990;wts_1_34:991;wts_1_34:992;wts_1_34:993;wts_1_34:994;wts_1_34:995;wts_1_34:997;wts_1_34:998;wts_1_34:999;wts_35_51:10;wts_35_51:100;wts_35_51:1002;wts_35_51:102;wts_35_51:1020;wts_35_51:1040;wts_35_51:1044;wts_35_51:1051;wts_35_51:1052;wts_35_51:1053;wts_35_51:1054;wts_35_51:1055;wts_35_51:1060;wts_35_51:1061;wts_35_51:1064;wts_35_51:1066;wts_35_51:1067;wts_35_51:1070;wts_35_51:1081;wts_35_51:1082;wts_35_51:1083;wts_35_51:1087;wts_35_51:1088;wts_35_51:1089;wts_35_51:1094;wts_35_51:1106;wts_35_51:1112;wts_35_51:1116;wts_35_51:1117;wts_35_51:1124;wts_35_51:120;wts_35_51:17;wts_35_51:179;wts_35_51:190;wts_35_51:196;wts_35_51:197;wts_35_51:205;wts_35_51:209;wts_35_51:215;wts_35_51:223;wts_35_51:225;wts_35_51:226;wts_35_51:227;wts_35_51:232;wts_35_51:239;wts_35_51:244;wts_35_51:245;wts_35_51:246;wts_35_51:247;wts_35_51:248;wts_35_51:267;wts_35_51:286;wts_35_51:289;wts_35_51:297;wts_35_51:304;wts_35_51:312;wts_35_51:35;wts_35_51:360;wts_35_51:362;wts_35_51:375;wts_35_51:377;wts_35_51:378;wts_35_51:390;wts_35_51:398;wts_35_51:399;wts_35_51:401;wts_35_51:403;wts_35_51:404;wts_35_51:425;wts_35_51:444;wts_35_51:457;wts_35_51:465;wts_35_51:466;wts_35_51:484;wts_35_51:499;wts_35_51:50;wts_35_51:525;wts_35_51:53;wts_35_51:55;wts_35_51:551;wts_35_51:559;wts_35_51:56;wts_35_51:570;wts_35_51:571;wts_35_51:572;wts_35_51:573;wts_35_51:574;wts_35_51:576;wts_35_51:578;wts_35_51:579;wts_35_51:580;wts_35_51:581;wts_35_51:582;wts_35_51:583;wts_35_51:584;wts_35_51:585;wts_35_51:586;wts_35_51:587;wts_35_51:589;wts_35_51:591;wts_35_51:592;wts_35_51:595;wts_35_51:616;wts_35_51:617;wts_35_51:618;wts_35_51:619;wts_35_51:620;wts_35_51:621;wts_35_51:622;wts_35_51:623;wts_35_51:624;wts_35_51:625;wts_35_51:626;wts_35_51:636;wts_35_51:640;wts_35_51:642;wts_35_51:653;wts_35_51:680;wts_35_51:683;wts_35_51:684;wts_35_51:689;wts_35_51:69;wts_35_51:690;wts_35_51:691;wts_35_51:692;wts_35_51:694;wts_35_51:695;wts_35_51:71;wts_35_51:715;wts_35_51:720;wts_35_51:723;wts_35_51:730;wts_35_51:734;wts_35_51:740;wts_35_51:742;wts_35_51:754;wts_35_51:755;wts_35_51:783;wts_35_51:789;wts_35_51:798;wts_35_51:800;wts_35_51:801;wts_35_51:804;wts_35_51:818;wts_35_51:82;wts_35_51:820;wts_35_51:822;wts_35_51:829;wts_35_51:855;wts_35_51:863;wts_35_51:881;wts_35_51:882;wts_35_51:883;wts_35_51:884;wts_35_51:885;wts_35_51:886;wts_35_51:887;wts_35_51:888;wts_35_51:889;wts_35_51:890;wts_35_51:891;wts_35_51:895;wts_35_51:9;wts_35_51:900;wts_35_51:902;wts_35_51:921;wts_35_51:929;wts_35_51:93;wts_35_51:943;wts_35_51:960;wts_35_51:970;wts_35_51:971;wts_35_51:972;wts_35_51:973;wts_35_51:974;wts_35_51:976;wts_35_51:986;wts_35_51:993;wts_8_b:102;wts_8_b:105;wts_8_b:119;wts_8_b:13;wts_8_b:133;wts_8_b:148;wts_8_b:163;wts_8_b:168;wts_8_b:170;wts_8_b:171;wts_8_b:18;wts_8_b:180;wts_8_b:181;wts_8_b:21;wts_8_b:214;wts_8_b:22;wts_8_b:23;wts_8_b:245;wts_8_b:253;wts_8_b:268;wts_8_b:27;wts_8_b:272;wts_8_b:277;wts_8_b:28;wts_8_b:295;wts_8_b:298;wts_8_b:304;wts_8_b:322;wts_8_b:345;wts_8_b:347;wts_8_b:348;wts_8_b:349;wts_8_b:358;wts_8_b:359;wts_8_b:364;wts_8_b:365;wts_8_b:372;wts_8_b:39;wts_8_b:400;wts_8_b:402;wts_8_b:407;wts_8_b:418;wts_8_b:420;wts_8_b:450;wts_8_b:471;wts_8_b:485;wts_8_b:486;wts_8_b:487;wts_8_b:504;wts_8_b:545;wts_8_b:547;wts_8_b:548;wts_8_b:554;wts_8_b:555;wts_8_b:56;wts_8_b:571;wts_8_b:572;wts_8_b:65;wts_8_b:67;wts_8_b:68;wts_8_b:74;wts_8_b:91;wts_8_b:97;wts_9_m:122;wts_9_m:129;wts_9_m:132;wts_9_m:154;wts_9_m:165;wts_9_m:166;wts_9_m:173;wts_9_m:184;wts_9_m:186;wts_9_m:188;wts_9_m:192;wts_9_m:195;wts_9_m:200;wts_9_m:218;wts_9_m:227;wts_9_m:235;wts_9_m:241;wts_9_m:248;wts_9_m:249;wts_9_m:258;wts_9_m:269;wts_9_m:271;wts_9_m:272;wts_9_m:273;wts_9_m:281;wts_9_m:287;wts_9_m:289;wts_9_m:299;wts_9_m:303;wts_9_m:315;wts_9_m:333;wts_9_m:346;wts_9_m:360;wts_9_m:364;wts_9_m:57;wts_9_m:64;wts_9_m:79;wts_9_m:84			ordinary_tibetan_lexical_or_compound	reviewed	feature_reviewed
CORPUS_9AD98BDABE87	vowel	e	contrastive	a→e;e→o;i→e;u→e	full_realization_isolated	e	e	ཀེ;ཁེབ;ཁེར;ཁེལ;གཏེར;གེ;ངེས;ཆེན;ཆེར;ཏེ;ཐེག;ཐེད;ཐེན;ཐེབ;ཐེབས;ཐེམ;ཐེར;ཐེལ;དེ;དྲེ;དྲེག;ནེ;ཕྱེད;བྱེད;བྲེལ;མཆེད;ཙེ;ཚེགས;ཚེས;ཟེ;ཟེར;ཡེ;རྡེག;རྡེལ;ལེ;ཤེད;སེ;སེར;སྐྱེད;སྐྱེལ;སྟེང;སྣེ		0	0	ཀི:ki↔ཀེ:ke || ཁབ:khab↔ཁེབ:kheb || ཁར:khar↔ཁེར:kher || ཁུལ:khul↔ཁེལ:khel || ཁེལ:khel↔ཁོལ:khol || གཏེར:gter↔གཏོར:gtor || གི:gi↔གེ:ge || གུ:gu↔གེ:ge || གེ:ge↔གོ:go || ངེས:nes↔ངོས:nos || ཆར:char↔ཆེར:cher || ཆུན:chun↔ཆེན:chen || ཏི:ti↔ཏེ:te || ཐད:thad↔ཐེད:thed || ཐབ:thab↔ཐེབ:theb || ཐབས:thabs↔ཐེབས:thebs || ཐམ:tham↔ཐེམ:them || ཐར:thar↔ཐེར:ther || ཐལ:thal↔ཐེལ:thel || ཐིག:thig↔ཐེག:theg || ཐུན:thun↔ཐེན:then || ཐུབ:thub↔ཐེབ:theb || ཐུམ:thum↔ཐེམ:them || ཐུར:thur↔ཐེར:ther || ཐུལ:thul↔ཐེལ:thel || ཐེག:theg↔ཐོག:thog || ཐེད:thed↔ཐོད:thod || ཐེན:then↔ཐོན:thon || ཐེབ:theb↔ཐོབ:thob || ཐེར:ther↔ཐོར:thor || དུ:du↔དེ:de || དེ:de↔དོ:do || དྲུག:drug↔དྲེག:dreg || དྲེ:dre↔དྲོ:dro || ནུ:nu↔ནེ:ne || ཕྱད:phyad↔ཕྱེད:phyed || བྱད:byad↔བྱེད:byed || བྲལ:bral↔བྲེལ:brel || མཆེད:mched↔མཆོད:mchod || ཙ:tsa↔ཙེ:tse || ཙི:tsi↔ཙེ:tse || ཚགས:tshags↔ཚེགས:tshegs || ཚིགས:tshigs↔ཚེགས:tshegs || ཚུགས:tshugs↔ཚེགས:tshegs || ཚེས:tshes↔ཚོས:tshos || ཟ:za↔ཟེ:ze || ཟུར:zur↔ཟེར:zer || ཟེར:zer↔ཟོར:zor || ཡི:yi↔ཡེ:ye || རྡལ:rdal↔རྡེལ:rdel || རྡུལ:rdul↔རྡེལ:rdel || རྡེག:rdeg↔རྡོག:rdog || རྡེལ:rdel↔རྡོལ:rdol || ལུ:lu↔ལེ:le || ལེ:le↔ལོ:lo || ཤེད:sed↔ཤོད:sod || སར:sar↔སེར:ser || སེ:se↔སོ:so || སེར:ser↔སོར:sor || སྐྱིད:skyid↔སྐྱེད:skyed || སྐྱིལ:skyil↔སྐྱེལ:skyel || སྟེང:steṅ↔སྟོང:stoṅ || སྣ:sna↔སྣེ:sne	0	wts_1_34;wts_35_51;wts_8_b;wts_9_m	wts_1_34:1001;wts_1_34:1002;wts_1_34:1003;wts_1_34:1011;wts_1_34:1012;wts_1_34:1013;wts_1_34:1014;wts_1_34:1019;wts_1_34:1020;wts_1_34:1023;wts_1_34:1024;wts_1_34:1025;wts_1_34:1026;wts_1_34:1027;wts_1_34:1028;wts_1_34:1029;wts_1_34:1032;wts_1_34:1034;wts_1_34:1038;wts_1_34:1039;wts_1_34:1045;wts_1_34:1048;wts_1_34:1050;wts_1_34:1052;wts_1_34:1055;wts_1_34:1058;wts_1_34:1062;wts_1_34:1064;wts_1_34:1067;wts_1_34:1068;wts_1_34:1072;wts_1_34:1074;wts_1_34:109;wts_1_34:1111;wts_1_34:112;wts_1_34:113;wts_1_34:1152;wts_1_34:116;wts_1_34:1161;wts_1_34:1182;wts_1_34:1199;wts_1_34:120;wts_1_34:1200;wts_1_34:1201;wts_1_34:1202;wts_1_34:1203;wts_1_34:1208;wts_1_34:1209;wts_1_34:1218;wts_1_34:1219;wts_1_34:1221;wts_1_34:1222;wts_1_34:1223;wts_1_34:1224;wts_1_34:1228;wts_1_34:1229;wts_1_34:1230;wts_1_34:1238;wts_1_34:1239;wts_1_34:1253;wts_1_34:127;wts_1_34:1287;wts_1_34:1315;wts_1_34:132;wts_1_34:1339;wts_1_34:1350;wts_1_34:139;wts_1_34:142;wts_1_34:156;wts_1_34:157;wts_1_34:159;wts_1_34:162;wts_1_34:164;wts_1_34:166;wts_1_34:175;wts_1_34:180;wts_1_34:194;wts_1_34:195;wts_1_34:204;wts_1_34:210;wts_1_34:212;wts_1_34:215;wts_1_34:244;wts_1_34:246;wts_1_34:248;wts_1_34:254;wts_1_34:255;wts_1_34:257;wts_1_34:261;wts_1_34:265;wts_1_34:267;wts_1_34:268;wts_1_34:271;wts_1_34:275;wts_1_34:278;wts_1_34:280;wts_1_34:282;wts_1_34:286;wts_1_34:287;wts_1_34:288;wts_1_34:290;wts_1_34:292;wts_1_34:295;wts_1_34:296;wts_1_34:301;wts_1_34:302;wts_1_34:303;wts_1_34:316;wts_1_34:320;wts_1_34:321;wts_1_34:322;wts_1_34:332;wts_1_34:338;wts_1_34:347;wts_1_34:349;wts_1_34:354;wts_1_34:37;wts_1_34:376;wts_1_34:388;wts_1_34:393;wts_1_34:399;wts_1_34:404;wts_1_34:447;wts_1_34:453;wts_1_34:460;wts_1_34:461;wts_1_34:464;wts_1_34:470;wts_1_34:471;wts_1_34:473;wts_1_34:476;wts_1_34:482;wts_1_34:483;wts_1_34:485;wts_1_34:504;wts_1_34:52;wts_1_34:534;wts_1_34:535;wts_1_34:536;wts_1_34:54;wts_1_34:540;wts_1_34:558;wts_1_34:56;wts_1_34:575;wts_1_34:58;wts_1_34:590;wts_1_34:597;wts_1_34:60;wts_1_34:63;wts_1_34:635;wts_1_34:636;wts_1_34:64;wts_1_34:645;wts_1_34:654;wts_1_34:665;wts_1_34:666;wts_1_34:667;wts_1_34:695;wts_1_34:70;wts_1_34:721;wts_1_34:737;wts_1_34:758;wts_1_34:766;wts_1_34:771;wts_1_34:772;wts_1_34:773;wts_1_34:774;wts_1_34:777;wts_1_34:785;wts_1_34:79;wts_1_34:794;wts_1_34:809;wts_1_34:87;wts_1_34:874;wts_1_34:879;wts_1_34:880;wts_1_34:888;wts_1_34:89;wts_1_34:893;wts_1_34:894;wts_1_34:896;wts_1_34:898;wts_1_34:90;wts_1_34:905;wts_1_34:91;wts_1_34:911;wts_1_34:914;wts_1_34:916;wts_1_34:917;wts_1_34:922;wts_1_34:923;wts_1_34:924;wts_1_34:925;wts_1_34:930;wts_1_34:941;wts_1_34:959;wts_1_34:98;wts_1_34:987;wts_1_34:989;wts_1_34:99;wts_1_34:990;wts_1_34:997;wts_35_51:100;wts_35_51:1009;wts_35_51:101;wts_35_51:1012;wts_35_51:1014;wts_35_51:1032;wts_35_51:1033;wts_35_51:1044;wts_35_51:1048;wts_35_51:1049;wts_35_51:1055;wts_35_51:1064;wts_35_51:1069;wts_35_51:1092;wts_35_51:1097;wts_35_51:1100;wts_35_51:1101;wts_35_51:1116;wts_35_51:1125;wts_35_51:1126;wts_35_51:127;wts_35_51:222;wts_35_51:226;wts_35_51:227;wts_35_51:228;wts_35_51:229;wts_35_51:230;wts_35_51:238;wts_35_51:240;wts_35_51:244;wts_35_51:245;wts_35_51:266;wts_35_51:269;wts_35_51:283;wts_35_51:292;wts_35_51:3;wts_35_51:30;wts_35_51:360;wts_35_51:377;wts_35_51:389;wts_35_51:391;wts_35_51:404;wts_35_51:406;wts_35_51:410;wts_35_51:422;wts_35_51:426;wts_35_51:427;wts_35_51:433;wts_35_51:465;wts_35_51:466;wts_35_51:49;wts_35_51:492;wts_35_51:500;wts_35_51:535;wts_35_51:600;wts_35_51:624;wts_35_51:625;wts_35_51:635;wts_35_51:636;wts_35_51:638;wts_35_51:646;wts_35_51:647;wts_35_51:676;wts_35_51:679;wts_35_51:680;wts_35_51:690;wts_35_51:699;wts_35_51:722;wts_35_51:738;wts_35_51:740;wts_35_51:742;wts_35_51:748;wts_35_51:768;wts_35_51:775;wts_35_51:776;wts_35_51:790;wts_35_51:793;wts_35_51:801;wts_35_51:868;wts_35_51:869;wts_35_51:891;wts_35_51:899;wts_35_51:912;wts_35_51:937;wts_35_51:958;wts_8_b:113;wts_8_b:147;wts_8_b:154;wts_8_b:167;wts_8_b:168;wts_8_b:174;wts_8_b:177;wts_8_b:211;wts_8_b:230;wts_8_b:231;wts_8_b:240;wts_8_b:242;wts_8_b:243;wts_8_b:244;wts_8_b:245;wts_8_b:257;wts_8_b:263;wts_8_b:267;wts_8_b:268;wts_8_b:269;wts_8_b:285;wts_8_b:316;wts_8_b:332;wts_8_b:346;wts_8_b:350;wts_8_b:358;wts_8_b:361;wts_8_b:362;wts_8_b:363;wts_8_b:445;wts_8_b:452;wts_8_b:456;wts_8_b:460;wts_8_b:468;wts_8_b:470;wts_8_b:472;wts_8_b:493;wts_8_b:499;wts_8_b:518;wts_8_b:521;wts_8_b:530;wts_8_b:536;wts_8_b:542;wts_8_b:560;wts_8_b:572;wts_8_b:573;wts_8_b:575;wts_8_b:576;wts_8_b:61;wts_8_b:87;wts_8_b:94;wts_9_m:102;wts_9_m:109;wts_9_m:131;wts_9_m:153;wts_9_m:165;wts_9_m:166;wts_9_m:176;wts_9_m:188;wts_9_m:191;wts_9_m:227;wts_9_m:281;wts_9_m:284;wts_9_m:299;wts_9_m:317;wts_9_m:345;wts_9_m:346;wts_9_m:395;wts_9_m:56;wts_9_m:61;wts_9_m:74		i	ordinary_tibetan_lexical_or_compound	provisional	feature_provisional
CORPUS_7F4FD64F52F9	vowel	e	contrastive	a→i;u→i	full_realization_isolated	i	i	རེས		0	0	རས:ras↔རེས:ris || རུས:rus↔རེས:ris	0	wts_1_34;wts_35_51	wts_1_34:1064;wts_1_34:291;wts_35_51:1047;wts_35_51:939		e	ordinary_tibetan_lexical_or_compound	provisional	feature_provisional
CORPUS_63EB474B7A3F	vowel	i	contrastive	a→i;i→e;i→o;i→u	full_realization_isolated	i	i	ཀི;ཁྲིད;གི;གྲི;གླིང;ཅི;ཅིག;ཆིག;ཏི;ཏིག;ཐིག;ཕྱིང;ཕྲིག;ཕྲིན;བྱིན;བྲི;མགྲིན;ཙི;ཚིགས;ཚིལ;ཛི;ཡི;ཡིན;རི;རིག;རིལ;རིས;ལིང;སྐྱིད;སྐྱིལ;སྲིང		0	0	ཀི:ki↔ཀེ:ke || ཁྲིད:khrid↔ཁྲོད:khrod || གི:gi↔གུ:gu || གི:gi↔གེ:ge || གི:gi↔གོ:go || གྲི:gri↔གྲུ:gru || གྲི:gri↔གྲོ:gro || གླང:glaṅ↔གླིང:gliṅ || ཅི:ci↔ཅོ:co || ཅིག:cig↔ཅོག:cog || ཆག:chag↔ཆིག:chig || ཆིག:chig↔ཆུག:chug || ཆིག:chig↔ཆོག:chog || ཏི:ti↔ཏེ:te || ཏིག:tig↔ཏོག:tog || ཐིག:thig↔ཐེག:theg || ཐིག:thig↔ཐོག:thog || ཕྱང:phyaṅ↔ཕྱིང:phyiṅ || ཕྱིང:phyiṅ↔ཕྱུང:phyuṅ || ཕྲན:phran↔ཕྲིན:phrin || ཕྲིག:phrig↔ཕྲུག:phrug || བྱན:byan↔བྱིན:byin || བྲི:bri↔བྲོ:bro || མགྲིན:mgrin↔མགྲོན:mgron || ཙ:tsa↔ཙི:tsi || ཙི:tsi↔ཙེ:tse || ཚགས:tshags↔ཚིགས:tshigs || ཚིགས:tshigs↔ཚུགས:tshugs || ཚིགས:tshigs↔ཚེགས:tshegs || ཚིལ:tshil↔ཚུལ:tshul || ཚིལ:tshil↔ཚོལ:tshol || ཛ:dza↔ཛི:dzi || ཡན:yan↔ཡིན:yin || ཡི:yi↔ཡེ:ye || ཡིན:yin↔ཡོན:yon || རལ:ral↔རིལ:ril || རས:ras↔རིས:ris || རི:ri↔རོ:ro || རིག:rig↔རུག:rug || རིག:rig↔རོག:rog || རིས:ris↔རུས:rus || ལང:laṅ↔ལིང:liṅ || ལིང:liṅ↔ལུང:luṅ || ལིང:liṅ↔ལོང:loṅ || སྐྱིད:skyid↔སྐྱེད:skyed || སྐྱིལ:skyil↔སྐྱེལ:skyel || སྲིང:sriṅ↔སྲུང:sruṅ	0	wts_1_34;wts_35_51;wts_8_b;wts_9_m	wts_1_34:1002;wts_1_34:1003;wts_1_34:1014;wts_1_34:1021;wts_1_34:1022;wts_1_34:1034;wts_1_34:1059;wts_1_34:1063;wts_1_34:1064;wts_1_34:109;wts_1_34:114;wts_1_34:1156;wts_1_34:1179;wts_1_34:1186;wts_1_34:1298;wts_1_34:1309;wts_1_34:1323;wts_1_34:1350;wts_1_34:142;wts_1_34:144;wts_1_34:166;wts_1_34:199;wts_1_34:215;wts_1_34:222;wts_1_34:243;wts_1_34:245;wts_1_34:250;wts_1_34:267;wts_1_34:276;wts_1_34:278;wts_1_34:280;wts_1_34:281;wts_1_34:283;wts_1_34:286;wts_1_34:287;wts_1_34:292;wts_1_34:295;wts_1_34:296;wts_1_34:306;wts_1_34:334;wts_1_34:338;wts_1_34:34;wts_1_34:350;wts_1_34:352;wts_1_34:37;wts_1_34:378;wts_1_34:379;wts_1_34:381;wts_1_34:387;wts_1_34:40;wts_1_34:401;wts_1_34:408;wts_1_34:42;wts_1_34:432;wts_1_34:434;wts_1_34:456;wts_1_34:461;wts_1_34:464;wts_1_34:483;wts_1_34:509;wts_1_34:510;wts_1_34:524;wts_1_34:53;wts_1_34:55;wts_1_34:579;wts_1_34:580;wts_1_34:581;wts_1_34:583;wts_1_34:587;wts_1_34:61;wts_1_34:636;wts_1_34:639;wts_1_34:650;wts_1_34:651;wts_1_34:652;wts_1_34:659;wts_1_34:687;wts_1_34:688;wts_1_34:69;wts_1_34:712;wts_1_34:722;wts_1_34:742;wts_1_34:750;wts_1_34:762;wts_1_34:784;wts_1_34:87;wts_1_34:870;wts_1_34:873;wts_1_34:874;wts_1_34:880;wts_1_34:885;wts_1_34:89;wts_1_34:910;wts_1_34:911;wts_1_34:914;wts_1_34:940;wts_1_34:948;wts_1_34:96;wts_1_34:980;wts_1_34:982;wts_1_34:986;wts_1_34:987;wts_1_34:989;wts_35_51:1001;wts_35_51:103;wts_35_51:1032;wts_35_51:104;wts_35_51:1042;wts_35_51:1059;wts_35_51:1065;wts_35_51:1066;wts_35_51:1067;wts_35_51:1070;wts_35_51:1074;wts_35_51:1100;wts_35_51:173;wts_35_51:19;wts_35_51:226;wts_35_51:232;wts_35_51:236;wts_35_51:239;wts_35_51:243;wts_35_51:247;wts_35_51:297;wts_35_51:3;wts_35_51:34;wts_35_51:377;wts_35_51:382;wts_35_51:389;wts_35_51:390;wts_35_51:395;wts_35_51:422;wts_35_51:485;wts_35_51:562;wts_35_51:616;wts_35_51:65;wts_35_51:685;wts_35_51:689;wts_35_51:702;wts_35_51:714;wts_35_51:738;wts_35_51:739;wts_35_51:74;wts_35_51:741;wts_35_51:748;wts_35_51:770;wts_35_51:788;wts_35_51:79;wts_35_51:81;wts_35_51:839;wts_35_51:868;wts_35_51:881;wts_35_51:883;wts_35_51:896;wts_35_51:916;wts_35_51:92;wts_35_51:921;wts_35_51:939;wts_35_51:943;wts_35_51:990;wts_35_51:994;wts_35_51:995;wts_35_51:998;wts_8_b:147;wts_8_b:160;wts_8_b:163;wts_8_b:167;wts_8_b:177;wts_8_b:18;wts_8_b:185;wts_8_b:206;wts_8_b:208;wts_8_b:209;wts_8_b:22;wts_8_b:233;wts_8_b:251;wts_8_b:273;wts_8_b:329;wts_8_b:343;wts_8_b:344;wts_8_b:348;wts_8_b:364;wts_8_b:403;wts_8_b:410;wts_8_b:421;wts_8_b:452;wts_8_b:504;wts_8_b:523;wts_8_b:527;wts_8_b:539;wts_8_b:54;wts_8_b:569;wts_8_b:574;wts_8_b:92;wts_8_b:93;wts_9_m:128;wts_9_m:134;wts_9_m:149;wts_9_m:150;wts_9_m:165;wts_9_m:175;wts_9_m:184;wts_9_m:224;wts_9_m:226;wts_9_m:281;wts_9_m:288;wts_9_m:374;wts_9_m:383;wts_9_m:56;wts_9_m:66;wts_9_m:74			ordinary_tibetan_lexical_or_compound	reviewed	feature_reviewed
CORPUS_16D4A9AA0695	vowel	o	contrastive	a→o;e→o;i→o;u→o	full_realization_isolated	o	o	ཁོག;ཁོང;ཁོལ;ཁྲོག;ཁྲོད;ཁྲོམ;ཁྲོལ;གཅོད;གཏོར;གདོང;གདོན;གསོལ;གོ;གྲོ;གྲོང;གྲོས;ངོས;ཅོ;ཅོག;ཆོག;ཏོག;ཐོ;ཐོག;ཐོད;ཐོན;ཐོབ;ཐོར;དོ;དྲོ;པོར;ཕོག;ཕོད;ཕོན;ཕོར;བརྟོལ;བརྩོན;བསྐོར;བྲོ;མགྲོན;མཆོད;མཐོ;མཛོད;མྱོང;ཚོལ;ཚོས;ཟོར;འཁོར;ཡོན;ཡོལ;རོ;རོག;རྟོགས;རྡོག;རྡོལ;ལོ;ལོག;ལོང;ཤོད;སོ;སོར;སྐོར;སྟོང;སྟོན;སྤྱོད;སྦྱོང;སྦྱོར		0	0	ཁུག:khug↔ཁོག:khog || ཁུང:khuṅ↔ཁོང:khoṅ || ཁུལ:khul↔ཁོལ:khol || ཁེལ:khel↔ཁོལ:khol || ཁྲག:khrag↔ཁྲོག:khrog || ཁྲམ:khram↔ཁྲོམ:khrom || ཁྲལ:khral↔ཁྲོལ:khrol || ཁྲིད:khrid↔ཁྲོད:khrod || གཅད:gcad↔གཅོད:gcod || གཏེར:gter↔གཏོར:gtor || གདན:gdan↔གདོན:gdon || གདུང:gduṅ↔གདོང:gdoṅ || གསལ:gsal↔གསོལ:gsol || གི:gi↔གོ:go || གུ:gu↔གོ:go || གེ:ge↔གོ:go || གྲང:graṅ↔གྲོང:groṅ || གྲས:gras↔གྲོས:gros || གྲི:gri↔གྲོ:gro || གྲུ:gru↔གྲོ:gro || ངེས:nes↔ངོས:nos || ཅི:ci↔ཅོ:co || ཅིག:cig↔ཅོག:cog || ཆག:chag↔ཆོག:chog || ཆིག:chig↔ཆོག:chog || ཆུག:chug↔ཆོག:chog || ཏིག:tig↔ཏོག:tog || ཐད:thad↔ཐོད:thod || ཐབ:thab↔ཐོབ:thob || ཐར:thar↔ཐོར:thor || ཐིག:thig↔ཐོག:thog || ཐུ:thu↔ཐོ:tho || ཐུན:thun↔ཐོན:thon || ཐུབ:thub↔ཐོབ:thob || ཐུར:thur↔ཐོར:thor || ཐེག:theg↔ཐོག:thog || ཐེད:thed↔ཐོད:thod || ཐེན:then↔ཐོན:thon || ཐེབ:theb↔ཐོབ:thob || ཐེར:ther↔ཐོར:thor || དུ:du↔དོ:do || དེ:de↔དོ:do || དྲེ:dre↔དྲོ:dro || པར:par↔པོར:por || ཕག:phag↔ཕོག:phog || ཕད:phad↔ཕོད:phod || ཕན:phan↔ཕོན:phon || ཕུག:phug↔ཕོག:phog || ཕུད:phud↔ཕོད:phod || ཕུར:phur↔ཕོར:phor || བརྟུལ:brtul↔བརྟོལ:brtol || བརྩན:brtsan↔བརྩོན:brtson || བསྐུར:bskur↔བསྐོར:bskor || བྲི:bri↔བྲོ:bro || མགྲིན:mgrin↔མགྲོན:mgron || མཆེད:mched↔མཆོད:mchod || མཐུ:mthu↔མཐོ:mtho || མཛད:mdzad↔མཛོད:mdzod || མྱང:myaṅ↔མྱོང:myoṅ || ཚིལ:tshil↔ཚོལ:tshol || ཚུལ:tshul↔ཚོལ:tshol || ཚེས:tshes↔ཚོས:tshos || ཟུར:zur↔ཟོར:zor || ཟེར:zer↔ཟོར:zor || འཁར:khar↔འཁོར:khor || ཡན:yan↔ཡོན:yon || ཡིན:yin↔ཡོན:yon || ཡུལ:yul↔ཡོལ:yol || རི:ri↔རོ:ro || རིག:rig↔རོག:rog || རུག:rug↔རོག:rog || རྟགས:rtags↔རྟོགས:rtogs || རྡལ:rdal↔རྡོལ:rdol || རྡུལ:rdul↔རྡོལ:rdol || རྡེག:rdeg↔རྡོག:rdog || རྡེལ:rdel↔རྡོལ:rdol || ལག:lag↔ལོག:log || ལང:laṅ↔ལོང:loṅ || ལིང:liṅ↔ལོང:loṅ || ལུ:lu↔ལོ:lo || ལུག:lug↔ལོག:log || ལུང:luṅ↔ལོང:loṅ || ལེ:le↔ལོ:lo || ཤེད:sed↔ཤོད:sod || སར:sar↔སོར:sor || སེ:se↔སོ:so || སེར:ser↔སོར:sor || སྐར:skar↔སྐོར:skor || སྟན:stan↔སྟོན:ston || སྟེང:steṅ↔སྟོང:stoṅ || སྤྱད:spyad↔སྤྱོད:spyod || སྦྱང:sbyaṅ↔སྦྱོང:sbyoṅ || སྦྱར:sbyar↔སྦྱོར:sbyor	0	wts_1_34;wts_35_51;wts_8_b;wts_9_m	wts_1_34:1001;wts_1_34:1015;wts_1_34:1017;wts_1_34:1020;wts_1_34:1021;wts_1_34:1023;wts_1_34:1025;wts_1_34:1027;wts_1_34:1029;wts_1_34:1030;wts_1_34:1032;wts_1_34:1033;wts_1_34:1034;wts_1_34:1037;wts_1_34:1038;wts_1_34:1039;wts_1_34:1040;wts_1_34:1045;wts_1_34:1046;wts_1_34:1047;wts_1_34:1050;wts_1_34:1051;wts_1_34:1053;wts_1_34:1058;wts_1_34:1061;wts_1_34:1063;wts_1_34:1064;wts_1_34:1067;wts_1_34:1072;wts_1_34:109;wts_1_34:110;wts_1_34:1106;wts_1_34:1109;wts_1_34:1125;wts_1_34:1132;wts_1_34:1139;wts_1_34:1141;wts_1_34:1143;wts_1_34:1151;wts_1_34:1156;wts_1_34:1165;wts_1_34:1166;wts_1_34:1167;wts_1_34:117;wts_1_34:1175;wts_1_34:1181;wts_1_34:119;wts_1_34:1202;wts_1_34:1209;wts_1_34:1242;wts_1_34:1244;wts_1_34:1246;wts_1_34:1247;wts_1_34:1248;wts_1_34:126;wts_1_34:128;wts_1_34:129;wts_1_34:1294;wts_1_34:1333;wts_1_34:134;wts_1_34:1345;wts_1_34:158;wts_1_34:159;wts_1_34:161;wts_1_34:163;wts_1_34:166;wts_1_34:174;wts_1_34:178;wts_1_34:182;wts_1_34:190;wts_1_34:192;wts_1_34:194;wts_1_34:196;wts_1_34:208;wts_1_34:213;wts_1_34:215;wts_1_34:222;wts_1_34:225;wts_1_34:232;wts_1_34:233;wts_1_34:243;wts_1_34:245;wts_1_34:246;wts_1_34:248;wts_1_34:249;wts_1_34:251;wts_1_34:254;wts_1_34:255;wts_1_34:256;wts_1_34:257;wts_1_34:258;wts_1_34:260;wts_1_34:263;wts_1_34:264;wts_1_34:266;wts_1_34:267;wts_1_34:274;wts_1_34:275;wts_1_34:278;wts_1_34:279;wts_1_34:283;wts_1_34:284;wts_1_34:287;wts_1_34:294;wts_1_34:295;wts_1_34:297;wts_1_34:302;wts_1_34:303;wts_1_34:321;wts_1_34:322;wts_1_34:323;wts_1_34:326;wts_1_34:328;wts_1_34:331;wts_1_34:332;wts_1_34:338;wts_1_34:346;wts_1_34:35;wts_1_34:355;wts_1_34:356;wts_1_34:357;wts_1_34:358;wts_1_34:359;wts_1_34:361;wts_1_34:37;wts_1_34:373;wts_1_34:382;wts_1_34:384;wts_1_34:387;wts_1_34:390;wts_1_34:391;wts_1_34:399;wts_1_34:403;wts_1_34:404;wts_1_34:424;wts_1_34:428;wts_1_34:429;wts_1_34:432;wts_1_34:454;wts_1_34:455;wts_1_34:462;wts_1_34:464;wts_1_34:465;wts_1_34:466;wts_1_34:468;wts_1_34:47;wts_1_34:475;wts_1_34:485;wts_1_34:487;wts_1_34:52;wts_1_34:525;wts_1_34:538;wts_1_34:54;wts_1_34:541;wts_1_34:542;wts_1_34:549;wts_1_34:55;wts_1_34:551;wts_1_34:552;wts_1_34:553;wts_1_34:560;wts_1_34:563;wts_1_34:565;wts_1_34:579;wts_1_34:585;wts_1_34:586;wts_1_34:597;wts_1_34:598;wts_1_34:601;wts_1_34:602;wts_1_34:605;wts_1_34:607;wts_1_34:612;wts_1_34:613;wts_1_34:63;wts_1_34:637;wts_1_34:646;wts_1_34:648;wts_1_34:650;wts_1_34:652;wts_1_34:663;wts_1_34:664;wts_1_34:670;wts_1_34:678;wts_1_34:690;wts_1_34:695;wts_1_34:696;wts_1_34:697;wts_1_34:703;wts_1_34:717;wts_1_34:725;wts_1_34:73;wts_1_34:74;wts_1_34:746;wts_1_34:75;wts_1_34:753;wts_1_34:76;wts_1_34:77;wts_1_34:771;wts_1_34:772;wts_1_34:775;wts_1_34:778;wts_1_34:78;wts_1_34:784;wts_1_34:791;wts_1_34:793;wts_1_34:815;wts_1_34:816;wts_1_34:873;wts_1_34:874;wts_1_34:878;wts_1_34:880;wts_1_34:889;wts_1_34:890;wts_1_34:897;wts_1_34:898;wts_1_34:899;wts_1_34:912;wts_1_34:915;wts_1_34:918;wts_1_34:919;wts_1_34:921;wts_1_34:922;wts_1_34:925;wts_1_34:928;wts_1_34:948;wts_1_34:952;wts_1_34:955;wts_1_34:956;wts_1_34:958;wts_1_34:959;wts_1_34:965;wts_1_34:966;wts_1_34:967;wts_1_34:97;wts_1_34:98;wts_1_34:985;wts_1_34:988;wts_1_34:991;wts_35_51:100;wts_35_51:1001;wts_35_51:1003;wts_35_51:1017;wts_35_51:1028;wts_35_51:1033;wts_35_51:1039;wts_35_51:1052;wts_35_51:1071;wts_35_51:1077;wts_35_51:1081;wts_35_51:1087;wts_35_51:1088;wts_35_51:1099;wts_35_51:1101;wts_35_51:120;wts_35_51:125;wts_35_51:127;wts_35_51:174;wts_35_51:195;wts_35_51:198;wts_35_51:222;wts_35_51:225;wts_35_51:232;wts_35_51:236;wts_35_51:238;wts_35_51:246;wts_35_51:248;wts_35_51:249;wts_35_51:25;wts_35_51:250;wts_35_51:251;wts_35_51:258;wts_35_51:263;wts_35_51:264;wts_35_51:280;wts_35_51:297;wts_35_51:30;wts_35_51:302;wts_35_51:32;wts_35_51:33;wts_35_51:34;wts_35_51:35;wts_35_51:36;wts_35_51:360;wts_35_51:365;wts_35_51:366;wts_35_51:377;wts_35_51:38;wts_35_51:381;wts_35_51:383;wts_35_51:388;wts_35_51:39;wts_35_51:391;wts_35_51:392;wts_35_51:402;wts_35_51:408;wts_35_51:410;wts_35_51:412;wts_35_51:420;wts_35_51:422;wts_35_51:423;wts_35_51:424;wts_35_51:425;wts_35_51:433;wts_35_51:451;wts_35_51:457;wts_35_51:465;wts_35_51:468;wts_35_51:471;wts_35_51:476;wts_35_51:603;wts_35_51:611;wts_35_51:62;wts_35_51:636;wts_35_51:646;wts_35_51:649;wts_35_51:676;wts_35_51:682;wts_35_51:693;wts_35_51:700;wts_35_51:710;wts_35_51:711;wts_35_51:712;wts_35_51:720;wts_35_51:722;wts_35_51:725;wts_35_51:73;wts_35_51:733;wts_35_51:742;wts_35_51:747;wts_35_51:770;wts_35_51:792;wts_35_51:802;wts_35_51:817;wts_35_51:82;wts_35_51:820;wts_35_51:834;wts_35_51:835;wts_35_51:839;wts_35_51:85;wts_35_51:867;wts_35_51:870;wts_35_51:873;wts_35_51:882;wts_35_51:885;wts_35_51:888;wts_35_51:909;wts_35_51:91;wts_35_51:912;wts_35_51:914;wts_35_51:926;wts_35_51:937;wts_35_51:94;wts_35_51:941;wts_35_51:944;wts_35_51:945;wts_35_51:947;wts_35_51:949;wts_35_51:950;wts_35_51:951;wts_35_51:952;wts_35_51:953;wts_35_51:958;wts_35_51:961;wts_35_51:968;wts_35_51:971;wts_35_51:979;wts_35_51:981;wts_35_51:99;wts_35_51:992;wts_35_51:994;wts_8_b:100;wts_8_b:105;wts_8_b:113;wts_8_b:120;wts_8_b:128;wts_8_b:133;wts_8_b:157;wts_8_b:163;wts_8_b:164;wts_8_b:170;wts_8_b:174;wts_8_b:185;wts_8_b:186;wts_8_b:194;wts_8_b:214;wts_8_b:246;wts_8_b:251;wts_8_b:262;wts_8_b:285;wts_8_b:287;wts_8_b:288;wts_8_b:295;wts_8_b:317;wts_8_b:319;wts_8_b:325;wts_8_b:343;wts_8_b:347;wts_8_b:348;wts_8_b:357;wts_8_b:358;wts_8_b:36;wts_8_b:360;wts_8_b:364;wts_8_b:374;wts_8_b:382;wts_8_b:41;wts_8_b:413;wts_8_b:42;wts_8_b:43;wts_8_b:437;wts_8_b:46;wts_8_b:490;wts_8_b:499;wts_8_b:504;wts_8_b:540;wts_8_b:541;wts_8_b:549;wts_8_b:56;wts_8_b:563;wts_8_b:569;wts_8_b:575;wts_8_b:62;wts_8_b:69;wts_8_b:93;wts_9_m:115;wts_9_m:128;wts_9_m:129;wts_9_m:132;wts_9_m:153;wts_9_m:155;wts_9_m:195;wts_9_m:200;wts_9_m:213;wts_9_m:216;wts_9_m:217;wts_9_m:225;wts_9_m:226;wts_9_m:227;wts_9_m:252;wts_9_m:265;wts_9_m:27;wts_9_m:281;wts_9_m:287;wts_9_m:312;wts_9_m:328;wts_9_m:355;wts_9_m:358;wts_9_m:359;wts_9_m:361;wts_9_m:364;wts_9_m:371;wts_9_m:62			ordinary_tibetan_lexical_or_compound	reviewed	feature_reviewed
CORPUS_84A74DBDD722	vowel	u	contrastive	a→u;i→u;u→e;u→i;u→o	full_realization_isolated	u	u	ཀུན;ཁུག;ཁུང;ཁུལ;གདུང;གུ;གྲུ;ཆུག;ཆུང;ཆུད;ཆུན;ཐུ;ཐུང;ཐུན;ཐུབ;ཐུམ;ཐུར;ཐུལ;དུ;དྲུག;ནུ;ཕུག;ཕུད;ཕུབ;ཕུར;ཕྱུགས;ཕྱུང;ཕྲུ;ཕྲུག;བཙུན;བརྟུལ;བསྐུར;མཐུ;མཚུར;ཚུགས;ཚུར;ཚུལ;ཟུར;ཡུལ;རུག;རུས;རྡུལ;ལུ;ལུག;ལུང;ལུས;སྲུང		0	0	ཀན:kan↔ཀུན:kun || ཁུག:khug↔ཁོག:khog || ཁུང:khuṅ↔ཁོང:khoṅ || ཁུལ:khul↔ཁེལ:khel || ཁུལ:khul↔ཁོལ:khol || གདུང:gduṅ↔གདོང:gdoṅ || གི:gi↔གུ:gu || གུ:gu↔གེ:ge || གུ:gu↔གོ:go || གྲི:gri↔གྲུ:gru || གྲུ:gru↔གྲོ:gro || ཆག:chag↔ཆུག:chug || ཆང:chaṅ↔ཆུང:chuṅ || ཆད:chad↔ཆུད:chud || ཆིག:chig↔ཆུག:chug || ཆུག:chug↔ཆོག:chog || ཆུན:chun↔ཆེན:chen || ཐང:thaṅ↔ཐུང:thuṅ || ཐབ:thab↔ཐུབ:thub || ཐམ:tham↔ཐུམ:thum || ཐར:thar↔ཐུར:thur || ཐལ:thal↔ཐུལ:thul || ཐུ:thu↔ཐོ:tho || ཐུན:thun↔ཐེན:then || ཐུན:thun↔ཐོན:thon || ཐུབ:thub↔ཐེབ:theb || ཐུབ:thub↔ཐོབ:thob || ཐུམ:thum↔ཐེམ:them || ཐུར:thur↔ཐེར:ther || ཐུར:thur↔ཐོར:thor || ཐུལ:thul↔ཐེལ:thel || དུ:du↔དེ:de || དུ:du↔དོ:do || དྲུག:drug↔དྲེག:dreg || ནུ:nu↔ནེ:ne || ཕག:phag↔ཕུག:phug || ཕད:phad↔ཕུད:phud || ཕབ:phab↔ཕུབ:phub || ཕུག:phug↔ཕོག:phog || ཕུད:phud↔ཕོད:phod || ཕུར:phur↔ཕོར:phor || ཕྱགས:phyags↔ཕྱུགས:phyugs || ཕྱང:phyaṅ↔ཕྱུང:phyuṅ || ཕྱིང:phyiṅ↔ཕྱུང:phyuṅ || ཕྲ:phra↔ཕྲུ:phru || ཕྲིག:phrig↔ཕྲུག:phrug || བཙན:btsan↔བཙུན:btsun || བརྟུལ:brtul↔བརྟོལ:brtol || བསྐུར:bskur↔བསྐོར:bskor || མཐུ:mthu↔མཐོ:mtho || མཚར:mtshar↔མཚུར:mtshur || ཚགས:tshags↔ཚུགས:tshugs || ཚར:tshar↔ཚུར:tshur || ཚིགས:tshigs↔ཚུགས:tshugs || ཚིལ:tshil↔ཚུལ:tshul || ཚུགས:tshugs↔ཚེགས:tshegs || ཚུལ:tshul↔ཚོལ:tshol || ཟུར:zur↔ཟེར:zer || ཟུར:zur↔ཟོར:zor || ཡུལ:yul↔ཡོལ:yol || རས:ras↔རུས:rus || རིག:rig↔རུག:rug || རིས:ris↔རུས:rus || རུག:rug↔རོག:rog || རུས:rus↔རེས:ris || རྡལ:rdal↔རྡུལ:rdul || རྡུལ:rdul↔རྡེལ:rdel || རྡུལ:rdul↔རྡོལ:rdol || ལག:lag↔ལུག:lug || ལང:laṅ↔ལུང:luṅ || ལས:las↔ལུས:lus || ལིང:liṅ↔ལུང:luṅ || ལུ:lu↔ལེ:le || ལུ:lu↔ལོ:lo || ལུག:lug↔ལོག:log || ལུང:luṅ↔ལོང:loṅ || སྲིང:sriṅ↔སྲུང:sruṅ	0	wts_1_34;wts_35_51;wts_8_b;wts_9_m	wts_1_34:1002;wts_1_34:1003;wts_1_34:1004;wts_1_34:1005;wts_1_34:1006;wts_1_34:1012;wts_1_34:1015;wts_1_34:1017;wts_1_34:1018;wts_1_34:1019;wts_1_34:1020;wts_1_34:1021;wts_1_34:1022;wts_1_34:1034;wts_1_34:1040;wts_1_34:1047;wts_1_34:1052;wts_1_34:1058;wts_1_34:1059;wts_1_34:1063;wts_1_34:1067;wts_1_34:1075;wts_1_34:1085;wts_1_34:1087;wts_1_34:1090;wts_1_34:1106;wts_1_34:1110;wts_1_34:1125;wts_1_34:113;wts_1_34:1132;wts_1_34:1135;wts_1_34:1143;wts_1_34:1164;wts_1_34:117;wts_1_34:1178;wts_1_34:1180;wts_1_34:119;wts_1_34:120;wts_1_34:1202;wts_1_34:122;wts_1_34:1237;wts_1_34:1240;wts_1_34:1246;wts_1_34:125;wts_1_34:1279;wts_1_34:1281;wts_1_34:1321;wts_1_34:1325;wts_1_34:1331;wts_1_34:1332;wts_1_34:1333;wts_1_34:1350;wts_1_34:142;wts_1_34:159;wts_1_34:161;wts_1_34:163;wts_1_34:164;wts_1_34:166;wts_1_34:208;wts_1_34:211;wts_1_34:215;wts_1_34:217;wts_1_34:228;wts_1_34:229;wts_1_34:242;wts_1_34:253;wts_1_34:262;wts_1_34:266;wts_1_34:267;wts_1_34:269;wts_1_34:275;wts_1_34:276;wts_1_34:277;wts_1_34:279;wts_1_34:282;wts_1_34:284;wts_1_34:285;wts_1_34:287;wts_1_34:297;wts_1_34:299;wts_1_34:313;wts_1_34:320;wts_1_34:321;wts_1_34:322;wts_1_34:326;wts_1_34:351;wts_1_34:352;wts_1_34:360;wts_1_34:37;wts_1_34:372;wts_1_34:379;wts_1_34:380;wts_1_34:381;wts_1_34:384;wts_1_34:387;wts_1_34:389;wts_1_34:390;wts_1_34:407;wts_1_34:413;wts_1_34:420;wts_1_34:438;wts_1_34:442;wts_1_34:453;wts_1_34:462;wts_1_34:464;wts_1_34:467;wts_1_34:473;wts_1_34:474;wts_1_34:487;wts_1_34:489;wts_1_34:491;wts_1_34:504;wts_1_34:54;wts_1_34:552;wts_1_34:556;wts_1_34:568;wts_1_34:571;wts_1_34:580;wts_1_34:591;wts_1_34:62;wts_1_34:627;wts_1_34:628;wts_1_34:63;wts_1_34:631;wts_1_34:639;wts_1_34:64;wts_1_34:65;wts_1_34:652;wts_1_34:656;wts_1_34:660;wts_1_34:661;wts_1_34:664;wts_1_34:678;wts_1_34:682;wts_1_34:688;wts_1_34:69;wts_1_34:697;wts_1_34:70;wts_1_34:701;wts_1_34:71;wts_1_34:714;wts_1_34:72;wts_1_34:724;wts_1_34:73;wts_1_34:74;wts_1_34:740;wts_1_34:75;wts_1_34:756;wts_1_34:76;wts_1_34:77;wts_1_34:78;wts_1_34:79;wts_1_34:81;wts_1_34:82;wts_1_34:822;wts_1_34:83;wts_1_34:84;wts_1_34:85;wts_1_34:86;wts_1_34:87;wts_1_34:890;wts_1_34:90;wts_1_34:911;wts_1_34:915;wts_1_34:925;wts_1_34:928;wts_1_34:94;wts_1_34:949;wts_1_34:953;wts_1_34:960;wts_1_34:965;wts_1_34:98;wts_1_34:980;wts_1_34:982;wts_1_34:985;wts_1_34:988;wts_1_34:99;wts_1_34:990;wts_1_34:991;wts_1_34:994;wts_35_51:1009;wts_35_51:1011;wts_35_51:1012;wts_35_51:1023;wts_35_51:1024;wts_35_51:1025;wts_35_51:1029;wts_35_51:1030;wts_35_51:104;wts_35_51:1068;wts_35_51:1069;wts_35_51:1070;wts_35_51:1071;wts_35_51:108;wts_35_51:1082;wts_35_51:1083;wts_35_51:1087;wts_35_51:1089;wts_35_51:1097;wts_35_51:1105;wts_35_51:1113;wts_35_51:1114;wts_35_51:1115;wts_35_51:127;wts_35_51:183;wts_35_51:194;wts_35_51:224;wts_35_51:225;wts_35_51:226;wts_35_51:227;wts_35_51:228;wts_35_51:232;wts_35_51:24;wts_35_51:248;wts_35_51:25;wts_35_51:26;wts_35_51:299;wts_35_51:3;wts_35_51:30;wts_35_51:34;wts_35_51:361;wts_35_51:373;wts_35_51:379;wts_35_51:380;wts_35_51:382;wts_35_51:389;wts_35_51:390;wts_35_51:392;wts_35_51:393;wts_35_51:394;wts_35_51:399;wts_35_51:407;wts_35_51:414;wts_35_51:423;wts_35_51:425;wts_35_51:427;wts_35_51:429;wts_35_51:444;wts_35_51:451;wts_35_51:453;wts_35_51:472;wts_35_51:479;wts_35_51:482;wts_35_51:494;wts_35_51:497;wts_35_51:50;wts_35_51:504;wts_35_51:523;wts_35_51:525;wts_35_51:53;wts_35_51:531;wts_35_51:549;wts_35_51:550;wts_35_51:554;wts_35_51:616;wts_35_51:618;wts_35_51:633;wts_35_51:636;wts_35_51:637;wts_35_51:64;wts_35_51:679;wts_35_51:701;wts_35_51:715;wts_35_51:723;wts_35_51:739;wts_35_51:745;wts_35_51:748;wts_35_51:764;wts_35_51:765;wts_35_51:783;wts_35_51:785;wts_35_51:810;wts_35_51:822;wts_35_51:826;wts_35_51:835;wts_35_51:839;wts_35_51:840;wts_35_51:859;wts_35_51:868;wts_35_51:874;wts_35_51:878;wts_35_51:882;wts_35_51:897;wts_35_51:903;wts_35_51:904;wts_35_51:905;wts_35_51:906;wts_35_51:907;wts_35_51:908;wts_35_51:915;wts_35_51:916;wts_35_51:919;wts_35_51:920;wts_35_51:921;wts_35_51:922;wts_35_51:923;wts_35_51:926;wts_35_51:941;wts_35_51:981;wts_35_51:984;wts_8_b:109;wts_8_b:116;wts_8_b:120;wts_8_b:123;wts_8_b:150;wts_8_b:157;wts_8_b:174;wts_8_b:180;wts_8_b:195;wts_8_b:196;wts_8_b:198;wts_8_b:22;wts_8_b:224;wts_8_b:227;wts_8_b:24;wts_8_b:240;wts_8_b:247;wts_8_b:255;wts_8_b:256;wts_8_b:257;wts_8_b:294;wts_8_b:297;wts_8_b:326;wts_8_b:332;wts_8_b:338;wts_8_b:342;wts_8_b:345;wts_8_b:348;wts_8_b:349;wts_8_b:350;wts_8_b:351;wts_8_b:357;wts_8_b:359;wts_8_b:361;wts_8_b:372;wts_8_b:40;wts_8_b:42;wts_8_b:435;wts_8_b:437;wts_8_b:457;wts_8_b:473;wts_8_b:488;wts_8_b:493;wts_8_b:504;wts_8_b:509;wts_8_b:53;wts_8_b:535;wts_8_b:536;wts_8_b:540;wts_8_b:542;wts_8_b:569;wts_8_b:66;wts_8_b:71;wts_8_b:85;wts_8_b:97;wts_8_b:99;wts_9_m:118;wts_9_m:167;wts_9_m:176;wts_9_m:177;wts_9_m:186;wts_9_m:192;wts_9_m:195;wts_9_m:218;wts_9_m:225;wts_9_m:241;wts_9_m:25;wts_9_m:251;wts_9_m:254;wts_9_m:258;wts_9_m:26;wts_9_m:279;wts_9_m:288;wts_9_m:323;wts_9_m:329;wts_9_m:332;wts_9_m:359;wts_9_m:361;wts_9_m:362;wts_9_m:365;wts_9_m:371;wts_9_m:372;wts_9_m:383;wts_9_m:43;wts_9_m:44;wts_9_m:55;wts_9_m:62;wts_9_m:63;wts_9_m:64;wts_9_m:74;wts_9_m:75			ordinary_tibetan_lexical_or_compound	reviewed	feature_reviewed
RESIDUAL_7FD6BA76C32B	root_consonant	ང	single_unknown_residual_induction		single_unknown_residual_induction	d	d	སྔོད		0	0		0	wts_1_34;wts_35_51	wts_1_34:915;wts_35_51:299		d;n	ordinary_tibetan_lexical_or_compound	provisional	feature_provisional
RESIDUAL_DFD9421F7D7A	root_consonant	ང	single_unknown_residual_induction		single_unknown_residual_induction	n	n	ངོ;ངོས		0	0		0	wts_1_34;wts_35_51;wts_8_b	wts_1_34:269;wts_1_34:537;wts_1_34:538;wts_1_34:539;wts_1_34:540;wts_1_34:542;wts_35_51:1088;wts_35_51:34;wts_8_b:164		d;n	ordinary_tibetan_lexical_or_compound	provisional	feature_provisional
RESIDUAL_955627964517	root_consonant	ཇ	single_unknown_residual_induction		single_unknown_residual_induction	j	j	ཇ;མཇལ;མཇུག;འཇོམས		0	0		0	wts_1_34;wts_35_51;wts_8_b	wts_1_34:245;wts_1_34:298;wts_1_34:707;wts_1_34:715;wts_1_34:716;wts_1_34:717;wts_1_34:778;wts_35_51:233;wts_35_51:856;wts_35_51:876;wts_35_51:959;wts_8_b:197			ordinary_tibetan_lexical_or_compound	high	feature_independent_strong_candidate
RESIDUAL_672C93F5A1BD	root_consonant	པ	single_unknown_residual_induction		single_unknown_residual_induction	b	b	སྤལ;སྤོམ		0	0		0	wts_35_51;wts_8_b	wts_35_51:1052;wts_35_51:525;wts_8_b:533;wts_8_b:534;wts_8_b:544;wts_8_b:545		b;p	ordinary_tibetan_lexical_or_compound	provisional	feature_provisional
RESIDUAL_FC3A36FDE3D9	root_consonant	པ	single_unknown_residual_induction		single_unknown_residual_induction	p	p	དཔལ;དཔོན;དཔྱད;པག;པགས;པད;པན;པར;པོར;པོས;སྤར;སྤུ;སྤྱང;སྤྱད;སྤྱན;སྤྱི;སྤྱོད;སྤྲོ		0	0		0	wts_1_34;wts_35_51;wts_8_b;wts_9_m	wts_1_34:1001;wts_1_34:1013;wts_1_34:1020;wts_1_34:1032;wts_1_34:1055;wts_1_34:1058;wts_1_34:1060;wts_1_34:1061;wts_1_34:1067;wts_1_34:1109;wts_1_34:1124;wts_1_34:1125;wts_1_34:119;wts_1_34:120;wts_1_34:141;wts_1_34:162;wts_1_34:208;wts_1_34:248;wts_1_34:279;wts_1_34:280;wts_1_34:284;wts_1_34:295;wts_1_34:297;wts_1_34:313;wts_1_34:317;wts_1_34:360;wts_1_34:371;wts_1_34:387;wts_1_34:404;wts_1_34:472;wts_1_34:476;wts_1_34:50;wts_1_34:509;wts_1_34:525;wts_1_34:528;wts_1_34:535;wts_1_34:536;wts_1_34:546;wts_1_34:552;wts_1_34:553;wts_1_34:554;wts_1_34:555;wts_1_34:556;wts_1_34:587;wts_1_34:605;wts_1_34:70;wts_1_34:720;wts_1_34:74;wts_1_34:745;wts_1_34:76;wts_1_34:772;wts_1_34:79;wts_1_34:793;wts_1_34:809;wts_1_34:813;wts_1_34:916;wts_1_34:918;wts_1_34:925;wts_1_34:94;wts_1_34:953;wts_1_34:962;wts_1_34:982;wts_35_51:101;wts_35_51:1069;wts_35_51:1070;wts_35_51:1082;wts_35_51:1106;wts_35_51:195;wts_35_51:240;wts_35_51:241;wts_35_51:243;wts_35_51:258;wts_35_51:263;wts_35_51:289;wts_35_51:293;wts_35_51:398;wts_35_51:423;wts_35_51:426;wts_35_51:457;wts_35_51:471;wts_35_51:525;wts_35_51:570;wts_35_51:571;wts_35_51:572;wts_35_51:573;wts_35_51:574;wts_35_51:576;wts_35_51:578;wts_35_51:579;wts_35_51:580;wts_35_51:581;wts_35_51:582;wts_35_51:583;wts_35_51:584;wts_35_51:585;wts_35_51:586;wts_35_51:587;wts_35_51:589;wts_35_51:591;wts_35_51:592;wts_35_51:595;wts_35_51:653;wts_35_51:676;wts_35_51:677;wts_35_51:679;wts_35_51:682;wts_35_51:683;wts_35_51:684;wts_35_51:693;wts_35_51:694;wts_35_51:695;wts_35_51:712;wts_35_51:716;wts_35_51:723;wts_35_51:729;wts_35_51:730;wts_35_51:732;wts_35_51:733;wts_35_51:734;wts_35_51:735;wts_35_51:736;wts_35_51:737;wts_35_51:751;wts_35_51:752;wts_35_51:756;wts_35_51:757;wts_35_51:775;wts_35_51:776;wts_35_51:778;wts_35_51:779;wts_35_51:780;wts_35_51:782;wts_35_51:797;wts_35_51:804;wts_35_51:808;wts_35_51:810;wts_35_51:811;wts_35_51:817;wts_35_51:818;wts_35_51:819;wts_35_51:820;wts_35_51:824;wts_35_51:825;wts_35_51:826;wts_35_51:834;wts_35_51:835;wts_35_51:859;wts_35_51:889;wts_35_51:900;wts_35_51:929;wts_35_51:93;wts_35_51:948;wts_35_51:951;wts_35_51:974;wts_35_51:976;wts_8_b:121;wts_8_b:175;wts_8_b:214;wts_8_b:322;wts_8_b:360;wts_8_b:41;wts_8_b:46;wts_8_b:575;wts_9_m:129;wts_9_m:165;wts_9_m:265;wts_9_m:288;wts_9_m:304;wts_9_m:346;wts_9_m:371;wts_9_m:66		b;p	ordinary_tibetan_lexical_or_compound	provisional	feature_provisional
RESIDUAL_35ECDE9DD50D	root_consonant	ཚ	single_unknown_residual_induction		single_unknown_residual_induction	tsb	tsb	ཚོམ		0	0		0	wts_1_34;wts_35_51	wts_1_34:1023;wts_1_34:222;wts_35_51:1054		tsb;tsh	ordinary_tibetan_lexical_or_compound	provisional	feature_provisional
RESIDUAL_21BFDB79EEB1	root_consonant	ཚ	single_unknown_residual_induction		single_unknown_residual_induction	tsh	tsh	མཚར;མཚུར;མཚོན;ཚག;ཚགས;ཚང;ཚབ;ཚར;ཚིགས;ཚིམ;ཚིལ;ཚུགས;ཚུད;ཚུན;ཚུར;ཚུལ;ཚོམས;ཚོལ;ཚོས		0	0		0	wts_1_34;wts_35_51;wts_8_b;wts_9_m	wts_1_34:1002;wts_1_34:1017;wts_1_34:1047;wts_1_34:1067;wts_1_34:1090;wts_1_34:1110;wts_1_34:1135;wts_1_34:1164;wts_1_34:1186;wts_1_34:1247;wts_1_34:142;wts_1_34:159;wts_1_34:161;wts_1_34:175;wts_1_34:185;wts_1_34:190;wts_1_34:194;wts_1_34:222;wts_1_34:252;wts_1_34:280;wts_1_34:303;wts_1_34:330;wts_1_34:334;wts_1_34:352;wts_1_34:364;wts_1_34:372;wts_1_34:379;wts_1_34:408;wts_1_34:413;wts_1_34:416;wts_1_34:438;wts_1_34:453;wts_1_34:461;wts_1_34:473;wts_1_34:487;wts_1_34:510;wts_1_34:540;wts_1_34:556;wts_1_34:568;wts_1_34:580;wts_1_34:591;wts_1_34:639;wts_1_34:650;wts_1_34:664;wts_1_34:697;wts_1_34:701;wts_1_34:75;wts_1_34:750;wts_1_34:768;wts_1_34:788;wts_1_34:792;wts_1_34:794;wts_1_34:81;wts_1_34:815;wts_1_34:823;wts_1_34:885;wts_1_34:890;wts_1_34:994;wts_35_51:1020;wts_35_51:1071;wts_35_51:1101;wts_35_51:262;wts_35_51:290;wts_35_51:299;wts_35_51:378;wts_35_51:379;wts_35_51:380;wts_35_51:390;wts_35_51:401;wts_35_51:402;wts_35_51:528;wts_35_51:621;wts_35_51:637;wts_35_51:714;wts_35_51:74;wts_35_51:804;wts_35_51:835;wts_35_51:839;wts_35_51:889;wts_35_51:890;wts_35_51:891;wts_35_51:897;wts_35_51:923;wts_35_51:966;wts_8_b:157;wts_8_b:181;wts_8_b:224;wts_8_b:357;wts_8_b:359;wts_8_b:407;wts_8_b:409;wts_8_b:413;wts_8_b:43;wts_8_b:473;wts_8_b:504;wts_8_b:548;wts_8_b:569;wts_8_b:65;wts_9_m:134;wts_9_m:223;wts_9_m:288;wts_9_m:333;wts_9_m:372;wts_9_m:383;wts_9_m:40		tsb;tsh	ordinary_tibetan_lexical_or_compound	provisional	feature_provisional
RESIDUAL_32A50F74BAA0	root_consonant	ཝ	single_unknown_residual_induction		single_unknown_residual_induction	w	w	ཝ		0	0		0	wts_1_34;wts_35_51	wts_1_34:283;wts_1_34:772;wts_35_51:689			ordinary_tibetan_lexical_or_compound	provisional	feature_provisional
RESIDUAL_868BE7E157BF	root_consonant	ཤ	single_unknown_residual_induction		single_unknown_residual_induction	S	S	ཤན;ཤས		0	0		0	wts_1_34;wts_35_51	wts_1_34:1018;wts_1_34:1034;wts_1_34:622;wts_1_34:91;wts_35_51:638;wts_35_51:971		S;s	ordinary_tibetan_lexical_or_compound	provisional	feature_provisional
RESIDUAL_DF771C5F0FCC	root_consonant	ཤ	single_unknown_residual_induction		single_unknown_residual_induction	s	s	གཤིན;བཤད;ཤུ;ཤུགས;ཤོག;ཤོད;ཤོར		0	0		0	wts_1_34;wts_35_51;wts_8_b;wts_9_m	wts_1_34:1029;wts_1_34:1073;wts_1_34:109;wts_1_34:143;wts_1_34:255;wts_1_34:256;wts_1_34:918;wts_35_51:1017;wts_35_51:170;wts_35_51:26;wts_35_51:383;wts_35_51:400;wts_35_51:742;wts_35_51:880;wts_35_51:891;wts_35_51:905;wts_35_51:97;wts_8_b:225;wts_8_b:329;wts_8_b:343;wts_8_b:356;wts_8_b:365;wts_8_b:550;wts_9_m:355		S;s	ordinary_tibetan_lexical_or_compound	provisional	feature_provisional
RESIDUAL_A801ED7D7EF4	subjoined_consonants	ཧ	single_unknown_residual_induction		single_unknown_residual_induction	h	h	བྷ		0	0		0	wts_1_34;wts_35_51;wts_8_b	wts_1_34:103;wts_1_34:651;wts_1_34:88;wts_35_51:689;wts_8_b:338			ordinary_tibetan_lexical_or_compound	provisional	feature_provisional
RESIDUAL_49DD88DAB3EF	suffix_coda	འ	single_unknown_residual_induction		single_unknown_residual_induction	'	'	མནའ		0	0		0	wts_35_51;wts_8_b	wts_35_51:543;wts_35_51:544;wts_8_b:374			ordinary_tibetan_lexical_or_compound	provisional	feature_provisional
RESIDUAL_B645C6F8C113	superscript	ལ	single_unknown_residual_induction		single_unknown_residual_induction	l	l	ལྕག;ལྕགས;ལྟར;ལྟུང;ལྡན;ལྡིང		0	0		0	wts_1_34;wts_35_51;wts_8_b;wts_9_m	wts_1_34:1000;wts_1_34:1033;wts_1_34:1038;wts_1_34:1048;wts_1_34:1138;wts_1_34:179;wts_1_34:207;wts_1_34:251;wts_1_34:270;wts_1_34:282;wts_1_34:284;wts_1_34:286;wts_1_34:289;wts_1_34:292;wts_1_34:301;wts_1_34:338;wts_1_34:387;wts_1_34:403;wts_1_34:404;wts_1_34:485;wts_1_34:52;wts_1_34:563;wts_1_34:597;wts_1_34:606;wts_1_34:607;wts_1_34:610;wts_1_34:611;wts_1_34:612;wts_1_34:646;wts_1_34:656;wts_1_34:710;wts_1_34:720;wts_1_34:773;wts_1_34:897;wts_1_34:912;wts_1_34:923;wts_1_34:997;wts_35_51:1023;wts_35_51:104;wts_35_51:1072;wts_35_51:1092;wts_35_51:120;wts_35_51:127;wts_35_51:147;wts_35_51:226;wts_35_51:25;wts_35_51:258;wts_35_51:278;wts_35_51:364;wts_35_51:465;wts_35_51:582;wts_35_51:618;wts_35_51:626;wts_35_51:69;wts_35_51:733;wts_35_51:734;wts_35_51:782;wts_35_51:83;wts_35_51:834;wts_35_51:968;wts_35_51:97;wts_35_51:980;wts_8_b:177;wts_8_b:232;wts_8_b:242;wts_8_b:301;wts_8_b:322;wts_8_b:351;wts_8_b:352;wts_8_b:358;wts_8_b:402;wts_8_b:512;wts_8_b:525;wts_9_m:115;wts_9_m:216;wts_9_m:283;wts_9_m:295			ordinary_tibetan_lexical_or_compound	high	feature_independent_strong_candidate
RESIDUAL_9AD98BDABE87	vowel	e	single_unknown_residual_induction		single_unknown_residual_induction	e	e	ཀེ;ཁེ;ཁེབ;ཁེབས;ཁེར;ཁེལ;ཁྱེར;ཁྲེས;གཅེས;གཏེར;གཙེར;གེ;གླེགས;ཆེན;ཆེམས;ཆེར;ཏེ;ཐེག;ཐེད;ཐེན;ཐེབ;ཐེབས;ཐེམ;ཐེར;ཐེལ;དབེན;དེ;དྲེ;དྲེག;ནེ;ཕྱེ;ཕྱེད;ཕྲེང;བརྟེན;བརྡེག;བརྩེ;བརྩེགས;བསྐྱེད;བྱེད;བྲེད;བྲེལ;མཁྱེན;མཆེད;མཛེས;ཙེ;ཟེ;ཟེར;འདྲེ;འཕེལ;ཡེ;རྐྱེན;རྟེན;རྡེག;རྡེལ;རྩེད;རྩེན;ལེ;ལེགས;ལེན;ལེབ;སེ;སེང;སེམས;སེར;སེལ;སྐེམས;སྐྱེ;སྐྱེད;སྐྱེལ;སྐྱེས;སྟེགས;སྟེང;སྟེར;སྡེ;སྡེབ;སྣེ		0	0		0	wts_1_34;wts_35_51;wts_8_b;wts_9_m	wts_1_34:1001;wts_1_34:1002;wts_1_34:1003;wts_1_34:1010;wts_1_34:1011;wts_1_34:1012;wts_1_34:1013;wts_1_34:1014;wts_1_34:1015;wts_1_34:1019;wts_1_34:1020;wts_1_34:1021;wts_1_34:1022;wts_1_34:1023;wts_1_34:1024;wts_1_34:1025;wts_1_34:1026;wts_1_34:1027;wts_1_34:1028;wts_1_34:1029;wts_1_34:1032;wts_1_34:1034;wts_1_34:1038;wts_1_34:1039;wts_1_34:1045;wts_1_34:1046;wts_1_34:1048;wts_1_34:1050;wts_1_34:1051;wts_1_34:1052;wts_1_34:1054;wts_1_34:1055;wts_1_34:1058;wts_1_34:1060;wts_1_34:1062;wts_1_34:1064;wts_1_34:1067;wts_1_34:1068;wts_1_34:1072;wts_1_34:1074;wts_1_34:109;wts_1_34:1097;wts_1_34:1106;wts_1_34:1110;wts_1_34:1111;wts_1_34:112;wts_1_34:1127;wts_1_34:113;wts_1_34:1138;wts_1_34:1143;wts_1_34:115;wts_1_34:1152;wts_1_34:116;wts_1_34:1161;wts_1_34:1177;wts_1_34:1178;wts_1_34:1182;wts_1_34:1186;wts_1_34:1192;wts_1_34:1199;wts_1_34:120;wts_1_34:1200;wts_1_34:1201;wts_1_34:1202;wts_1_34:1203;wts_1_34:1208;wts_1_34:1209;wts_1_34:1218;wts_1_34:1219;wts_1_34:1221;wts_1_34:1222;wts_1_34:1223;wts_1_34:1224;wts_1_34:1228;wts_1_34:1229;wts_1_34:1230;wts_1_34:1238;wts_1_34:1239;wts_1_34:1253;wts_1_34:126;wts_1_34:127;wts_1_34:1287;wts_1_34:1307;wts_1_34:1315;wts_1_34:132;wts_1_34:1320;wts_1_34:1321;wts_1_34:1323;wts_1_34:1339;wts_1_34:134;wts_1_34:1350;wts_1_34:139;wts_1_34:142;wts_1_34:148;wts_1_34:155;wts_1_34:156;wts_1_34:157;wts_1_34:159;wts_1_34:162;wts_1_34:164;wts_1_34:165;wts_1_34:166;wts_1_34:174;wts_1_34:175;wts_1_34:180;wts_1_34:183;wts_1_34:185;wts_1_34:188;wts_1_34:190;wts_1_34:194;wts_1_34:195;wts_1_34:196;wts_1_34:199;wts_1_34:204;wts_1_34:206;wts_1_34:207;wts_1_34:208;wts_1_34:209;wts_1_34:210;wts_1_34:212;wts_1_34:213;wts_1_34:214;wts_1_34:215;wts_1_34:224;wts_1_34:236;wts_1_34:244;wts_1_34:246;wts_1_34:248;wts_1_34:249;wts_1_34:250;wts_1_34:254;wts_1_34:255;wts_1_34:257;wts_1_34:258;wts_1_34:260;wts_1_34:261;wts_1_34:264;wts_1_34:265;wts_1_34:267;wts_1_34:268;wts_1_34:269;wts_1_34:270;wts_1_34:271;wts_1_34:275;wts_1_34:278;wts_1_34:280;wts_1_34:282;wts_1_34:283;wts_1_34:286;wts_1_34:287;wts_1_34:288;wts_1_34:289;wts_1_34:290;wts_1_34:292;wts_1_34:294;wts_1_34:295;wts_1_34:296;wts_1_34:300;wts_1_34:301;wts_1_34:302;wts_1_34:303;wts_1_34:314;wts_1_34:316;wts_1_34:317;wts_1_34:320;wts_1_34:321;wts_1_34:322;wts_1_34:328;wts_1_34:332;wts_1_34:337;wts_1_34:338;wts_1_34:347;wts_1_34:349;wts_1_34:354;wts_1_34:357;wts_1_34:361;wts_1_34:37;wts_1_34:383;wts_1_34:384;wts_1_34:388;wts_1_34:393;wts_1_34:397;wts_1_34:399;wts_1_34:403;wts_1_34:404;wts_1_34:428;wts_1_34:429;wts_1_34:434;wts_1_34:435;wts_1_34:437;wts_1_34:440;wts_1_34:447;wts_1_34:453;wts_1_34:455;wts_1_34:458;wts_1_34:460;wts_1_34:461;wts_1_34:463;wts_1_34:464;wts_1_34:468;wts_1_34:470;wts_1_34:471;wts_1_34:473;wts_1_34:476;wts_1_34:482;wts_1_34:483;wts_1_34:484;wts_1_34:485;wts_1_34:487;wts_1_34:50;wts_1_34:504;wts_1_34:51;wts_1_34:52;wts_1_34:530;wts_1_34:537;wts_1_34:54;wts_1_34:540;wts_1_34:551;wts_1_34:552;wts_1_34:555;wts_1_34:558;wts_1_34:56;wts_1_34:563;wts_1_34:564;wts_1_34:574;wts_1_34:575;wts_1_34:58;wts_1_34:59;wts_1_34:590;wts_1_34:597;wts_1_34:60;wts_1_34:619;wts_1_34:621;wts_1_34:627;wts_1_34:63;wts_1_34:635;wts_1_34:636;wts_1_34:64;wts_1_34:642;wts_1_34:643;wts_1_34:645;wts_1_34:646;wts_1_34:651;wts_1_34:654;wts_1_34:661;wts_1_34:662;wts_1_34:665;wts_1_34:666;wts_1_34:667;wts_1_34:681;wts_1_34:682;wts_1_34:686;wts_1_34:689;wts_1_34:69;wts_1_34:695;wts_1_34:70;wts_1_34:700;wts_1_34:707;wts_1_34:716;wts_1_34:721;wts_1_34:723;wts_1_34:724;wts_1_34:725;wts_1_34:726;wts_1_34:737;wts_1_34:748;wts_1_34:758;wts_1_34:766;wts_1_34:77;wts_1_34:771;wts_1_34:773;wts_1_34:774;wts_1_34:777;wts_1_34:785;wts_1_34:786;wts_1_34:788;wts_1_34:79;wts_1_34:794;wts_1_34:805;wts_1_34:806;wts_1_34:809;wts_1_34:81;wts_1_34:84;wts_1_34:87;wts_1_34:872;wts_1_34:874;wts_1_34:879;wts_1_34:880;wts_1_34:886;wts_1_34:888;wts_1_34:89;wts_1_34:893;wts_1_34:894;wts_1_34:896;wts_1_34:898;wts_1_34:90;wts_1_34:905;wts_1_34:91;wts_1_34:911;wts_1_34:914;wts_1_34:916;wts_1_34:917;wts_1_34:918;wts_1_34:920;wts_1_34:921;wts_1_34:922;wts_1_34:923;wts_1_34:924;wts_1_34:925;wts_1_34:930;wts_1_34:940;wts_1_34:941;wts_1_34:952;wts_1_34:959;wts_1_34:961;wts_1_34:965;wts_1_34:966;wts_1_34:967;wts_1_34:98;wts_1_34:980;wts_1_34:987;wts_1_34:988;wts_1_34:989;wts_1_34:99;wts_1_34:990;wts_1_34:992;wts_1_34:996;wts_35_51:100;wts_35_51:1003;wts_35_51:1009;wts_35_51:101;wts_35_51:1012;wts_35_51:1014;wts_35_51:1028;wts_35_51:1029;wts_35_51:1030;wts_35_51:1032;wts_35_51:1033;wts_35_51:1041;wts_35_51:1043;wts_35_51:1044;wts_35_51:1048;wts_35_51:1049;wts_35_51:1055;wts_35_51:1069;wts_35_51:1071;wts_35_51:1072;wts_35_51:1073;wts_35_51:1074;wts_35_51:1077;wts_35_51:1092;wts_35_51:1096;wts_35_51:1097;wts_35_51:1100;wts_35_51:1101;wts_35_51:1105;wts_35_51:1112;wts_35_51:1113;wts_35_51:1116;wts_35_51:1125;wts_35_51:1126;wts_35_51:1127;wts_35_51:117;wts_35_51:119;wts_35_51:120;wts_35_51:127;wts_35_51:131;wts_35_51:174;wts_35_51:205;wts_35_51:214;wts_35_51:215;wts_35_51:222;wts_35_51:226;wts_35_51:227;wts_35_51:228;wts_35_51:229;wts_35_51:230;wts_35_51:238;wts_35_51:24;wts_35_51:240;wts_35_51:243;wts_35_51:244;wts_35_51:245;wts_35_51:247;wts_35_51:25;wts_35_51:26;wts_35_51:266;wts_35_51:269;wts_35_51:274;wts_35_51:285;wts_35_51:286;wts_35_51:289;wts_35_51:290;wts_35_51:291;wts_35_51:292;wts_35_51:3;wts_35_51:30;wts_35_51:311;wts_35_51:34;wts_35_51:36;wts_35_51:360;wts_35_51:377;wts_35_51:389;wts_35_51:391;wts_35_51:395;wts_35_51:406;wts_35_51:407;wts_35_51:408;wts_35_51:410;wts_35_51:422;wts_35_51:426;wts_35_51:427;wts_35_51:431;wts_35_51:433;wts_35_51:44;wts_35_51:465;wts_35_51:466;wts_35_51:483;wts_35_51:49;wts_35_51:492;wts_35_51:500;wts_35_51:520;wts_35_51:521;wts_35_51:523;wts_35_51:526;wts_35_51:53;wts_35_51:530;wts_35_51:535;wts_35_51:539;wts_35_51:552;wts_35_51:554;wts_35_51:555;wts_35_51:585;wts_35_51:586;wts_35_51:592;wts_35_51:600;wts_35_51:617;wts_35_51:624;wts_35_51:625;wts_35_51:629;wts_35_51:635;wts_35_51:636;wts_35_51:639;wts_35_51:646;wts_35_51:647;wts_35_51:648;wts_35_51:676;wts_35_51:679;wts_35_51:68;wts_35_51:680;wts_35_51:690;wts_35_51:699;wts_35_51:722;wts_35_51:723;wts_35_51:730;wts_35_51:738;wts_35_51:740;wts_35_51:742;wts_35_51:748;wts_35_51:768;wts_35_51:770;wts_35_51:775;wts_35_51:790;wts_35_51:793;wts_35_51:801;wts_35_51:846;wts_35_51:867;wts_35_51:868;wts_35_51:869;wts_35_51:876;wts_35_51:891;wts_35_51:899;wts_35_51:912;wts_35_51:934;wts_35_51:937;wts_35_51:958;wts_35_51:960;wts_35_51:964;wts_35_51:97;wts_35_51:970;wts_35_51:971;wts_35_51:974;wts_35_51:990;wts_35_51:992;wts_8_b:113;wts_8_b:115;wts_8_b:147;wts_8_b:154;wts_8_b:163;wts_8_b:166;wts_8_b:167;wts_8_b:168;wts_8_b:171;wts_8_b:172;wts_8_b:174;wts_8_b:177;wts_8_b:179;wts_8_b:186;wts_8_b:208;wts_8_b:211;wts_8_b:230;wts_8_b:231;wts_8_b:240;wts_8_b:242;wts_8_b:243;wts_8_b:244;wts_8_b:245;wts_8_b:252;wts_8_b:257;wts_8_b:263;wts_8_b:267;wts_8_b:268;wts_8_b:269;wts_8_b:285;wts_8_b:316;wts_8_b:323;wts_8_b:332;wts_8_b:342;wts_8_b:343;wts_8_b:346;wts_8_b:350;wts_8_b:358;wts_8_b:361;wts_8_b:362;wts_8_b:363;wts_8_b:367;wts_8_b:384;wts_8_b:396;wts_8_b:445;wts_8_b:452;wts_8_b:456;wts_8_b:460;wts_8_b:468;wts_8_b:470;wts_8_b:472;wts_8_b:481;wts_8_b:493;wts_8_b:499;wts_8_b:504;wts_8_b:506;wts_8_b:518;wts_8_b:521;wts_8_b:530;wts_8_b:533;wts_8_b:536;wts_8_b:542;wts_8_b:560;wts_8_b:572;wts_8_b:573;wts_8_b:574;wts_8_b:575;wts_8_b:576;wts_8_b:61;wts_8_b:84;wts_8_b:87;wts_8_b:94;wts_8_b:97;wts_8_b:99;wts_9_m:102;wts_9_m:109;wts_9_m:119;wts_9_m:124;wts_9_m:131;wts_9_m:153;wts_9_m:166;wts_9_m:17;wts_9_m:176;wts_9_m:186;wts_9_m:188;wts_9_m:191;wts_9_m:208;wts_9_m:216;wts_9_m:227;wts_9_m:284;wts_9_m:293;wts_9_m:299;wts_9_m:303;wts_9_m:311;wts_9_m:312;wts_9_m:317;wts_9_m:336;wts_9_m:345;wts_9_m:346;wts_9_m:374;wts_9_m:395;wts_9_m:56;wts_9_m:61;wts_9_m:64;wts_9_m:66;wts_9_m:74		e;i	ordinary_tibetan_lexical_or_compound	provisional	feature_provisional
RESIDUAL_7F4FD64F52F9	vowel	e	single_unknown_residual_induction		single_unknown_residual_induction	i	i	རེས		0	0		0	wts_1_34;wts_35_51	wts_1_34:1064;wts_1_34:291;wts_35_51:1047;wts_35_51:939		e;i	ordinary_tibetan_lexical_or_compound	provisional	feature_provisional
