tibetan_syllable	prefix	superscript	root_consonant	subjoined_consonants	vowel	suffix_coda	post_suffix	orthographic_stack	ambiguous_root_candidates	role_parse_status	role_parse_confidence	rationale
ཀ			ཀ		a			ཀ		fully_resolved	high	One prefix/root/suffix parse is structurally possible.
ཀཀ					a					unusual_stack	none	Consonant sequence does not match conservative role patterns.
ཀཀཱ					a					unsupported_orthographic_sign	none	Unsupported transcription-bearing Tibetan signs: U+0F71
ཀག			ཀ		a	ག		ཀ		fully_resolved	high	One prefix/root/suffix parse is structurally possible.
ཀགྲང			ག	ར	a	ང		གར	ཀ	partially_resolved	medium	Stack resolved; extra consonants remain ambiguous.
ཀགྲོལ			ག	ར	o	ལ		གར	ཀ	partially_resolved	medium	Stack resolved; extra consonants remain ambiguous.
ཀགླག			ག	ལ	a	ག		གལ	ཀ	partially_resolved	medium	Stack resolved; extra consonants remain ambiguous.
ཀགླས			ག	ལ	a	ས		གལ	ཀ	partially_resolved	medium	Stack resolved; extra consonants remain ambiguous.
ཀང			ཀ		a	ང		ཀ		fully_resolved	high	One prefix/root/suffix parse is structurally possible.
ཀཏོལ					o					unusual_stack	none	Consonant sequence does not match conservative role patterns.
ཀད			ཀ		a	ད		ཀ		fully_resolved	high	One prefix/root/suffix parse is structurally possible.
ཀན			ཀ		a	ན		ཀ		fully_resolved	high	One prefix/root/suffix parse is structurally possible.
ཀནྡྲ			ན	དར	a			ནདར	ཀ	partially_resolved	medium	Stack resolved; extra consonants remain ambiguous.
ཀནྡྷ			ན	དཧ	a			ནདཧ	ཀ	partially_resolved	medium	Stack resolved; extra consonants remain ambiguous.
ཀབ			ཀ		a	བ		ཀ		fully_resolved	high	One prefix/root/suffix parse is structurally possible.
ཀབེི										unsupported_orthographic_sign	none	Multiple Tibetan vowel signs are not modelled.
ཀམ			ཀ		a	མ		ཀ		fully_resolved	high	One prefix/root/suffix parse is structurally possible.
ཀམས			ཀ		a	མ	ས	ཀ		fully_resolved	high	One prefix/root/suffix parse is structurally possible.
ཀམསྨ		ས	མ		a			སམ	ཀ;མ	partially_resolved	medium	Stack resolved; extra consonants remain ambiguous.
ཀམྨི			མ	མ	i			མམ	ཀ	partially_resolved	medium	Stack resolved; extra consonants remain ambiguous.
ཀམློ			མ	ལ	o			མལ	ཀ	partially_resolved	medium	Stack resolved; extra consonants remain ambiguous.
ཀཙོ					o					unusual_stack	none	Consonant sequence does not match conservative role patterns.
ཀའ			ཀ		a	འ		ཀ		fully_resolved	high	One prefix/root/suffix parse is structurally possible.
ཀའི			ཀ		i	འ		ཀ		fully_resolved	high	One prefix/root/suffix parse is structurally possible.
ཀའུ			ཀ		u	འ		ཀ		fully_resolved	high	One prefix/root/suffix parse is structurally possible.
ཀར			ཀ		a	ར		ཀ		fully_resolved	high	One prefix/root/suffix parse is structurally possible.
ཀརཉྱ			ཉ	ཡ	a			ཉཡ	ཀ;ར	partially_resolved	medium	Stack resolved; extra consonants remain ambiguous.
ཀརྐ		ར	ཀ		a			རཀ	ཀ	partially_resolved	medium	Stack resolved; extra consonants remain ambiguous.
ཀརྐམ		ར	ཀ		a	མ		རཀ	ཀ	partially_resolved	medium	Stack resolved; extra consonants remain ambiguous.
ཀརྐས		ར	ཀ		a	ས		རཀ	ཀ	partially_resolved	medium	Stack resolved; extra consonants remain ambiguous.
ཀརྙི		ར	ཉ		i			རཉ	ཀ	partially_resolved	medium	Stack resolved; extra consonants remain ambiguous.
ཀརྟི		ར	ཏ		i			རཏ	ཀ	partially_resolved	medium	Stack resolved; extra consonants remain ambiguous.
ཀརྡེ		ར	ད		e			རད	ཀ	partially_resolved	medium	Stack resolved; extra consonants remain ambiguous.
ཀརྡྷ		ར	ད	ཧ	a			རདཧ	ཀ	partially_resolved	medium	Stack resolved; extra consonants remain ambiguous.
ཀརྣི		ར	ན		i			རན	ཀ	partially_resolved	medium	Stack resolved; extra consonants remain ambiguous.
ཀརྨ		ར	མ		a			རམ	ཀ	partially_resolved	medium	Stack resolved; extra consonants remain ambiguous.
ཀརྲོང			ར	ར	o	ང		རར	ཀ	partially_resolved	medium	Stack resolved; extra consonants remain ambiguous.
ཀལ			ཀ		a	ལ		ཀ		fully_resolved	high	One prefix/root/suffix parse is structurally possible.
ཀཤེང					e					unusual_stack	none	Consonant sequence does not match conservative role patterns.
ཀས			ཀ		a	ས		ཀ		fully_resolved	high	One prefix/root/suffix parse is structurally possible.
ཀསེོང										unsupported_orthographic_sign	none	Multiple Tibetan vowel signs are not modelled.
ཀཱ					a					unsupported_orthographic_sign	none	Unsupported transcription-bearing Tibetan signs: U+0F71
ཀཱལླེ					e					unsupported_orthographic_sign	none	Unsupported transcription-bearing Tibetan signs: U+0F71
ཀཱི					i					unsupported_orthographic_sign	none	Unsupported transcription-bearing Tibetan signs: U+0F71
ཀཱུ					u					unsupported_orthographic_sign	none	Unsupported transcription-bearing Tibetan signs: U+0F71
ཀཱྩ					a					unsupported_orthographic_sign	none	Unsupported transcription-bearing Tibetan signs: U+0F71
ཀི			ཀ		i			ཀ		fully_resolved	high	One prefix/root/suffix parse is structurally possible.
ཀིག			ཀ		i	ག		ཀ		fully_resolved	high	One prefix/root/suffix parse is structurally possible.
ཀིང			ཀ		i	ང		ཀ		fully_resolved	high	One prefix/root/suffix parse is structurally possible.
ཀིངྐ			ང	ཀ	i			ངཀ	ཀ	partially_resolved	medium	Stack resolved; extra consonants remain ambiguous.
ཀིཏྟའི										unsupported_orthographic_sign	none	Multiple Tibetan vowel signs are not modelled.
ཀིན			ཀ		i	ན		ཀ		fully_resolved	high	One prefix/root/suffix parse is structurally possible.
ཀིམ			ཀ		i	མ		ཀ		fully_resolved	high	One prefix/root/suffix parse is structurally possible.
ཀིའང					i					unusual_stack	none	Consonant sequence does not match conservative role patterns.
ཀིའུ										unsupported_orthographic_sign	none	Multiple Tibetan vowel signs are not modelled.
ཀིར			ཀ		i	ར		ཀ		fully_resolved	high	One prefix/root/suffix parse is structurally possible.
ཀིརྟི										unsupported_orthographic_sign	none	Multiple Tibetan vowel signs are not modelled.
ཀིས			ཀ		i	ས		ཀ		fully_resolved	high	One prefix/root/suffix parse is structurally possible.
ཀིསྤི										unsupported_orthographic_sign	none	Multiple Tibetan vowel signs are not modelled.
ཀུ			ཀ		u			ཀ		fully_resolved	high	One prefix/root/suffix parse is structurally possible.
ཀུཀྐུ										unsupported_orthographic_sign	none	Multiple Tibetan vowel signs are not modelled.
ཀུག			ཀ		u	ག		ཀ		fully_resolved	high	One prefix/root/suffix parse is structurally possible.
ཀུང			ཀ		u	ང		ཀ		fully_resolved	high	One prefix/root/suffix parse is structurally possible.
ཀུངྐུ										unsupported_orthographic_sign	none	Multiple Tibetan vowel signs are not modelled.
ཀུད			ཀ		u	ད		ཀ		fully_resolved	high	One prefix/root/suffix parse is structurally possible.
ཀུན			ཀ		u	ན		ཀ		fully_resolved	high	One prefix/root/suffix parse is structurally possible.
ཀུནཏུ										unsupported_orthographic_sign	none	Multiple Tibetan vowel signs are not modelled.
ཀུནྡའི										unsupported_orthographic_sign	none	Multiple Tibetan vowel signs are not modelled.
ཀུནྡྷ			ན	དཧ	u			ནདཧ	ཀ	partially_resolved	medium	Stack resolved; extra consonants remain ambiguous.
ཀུབ			ཀ		u	བ		ཀ		fully_resolved	high	One prefix/root/suffix parse is structurally possible.
ཀུམ			ཀ		u	མ		ཀ		fully_resolved	high	One prefix/root/suffix parse is structurally possible.
ཀུའང					u					unusual_stack	none	Consonant sequence does not match conservative role patterns.
ཀུར			ཀ		u	ར		ཀ		fully_resolved	high	One prefix/root/suffix parse is structurally possible.
ཀུལླེའི										unsupported_orthographic_sign	none	Multiple Tibetan vowel signs are not modelled.
ཀུས			ཀ		u	ས		ཀ		fully_resolved	high	One prefix/root/suffix parse is structurally possible.
ཀུསྨ		ས	མ		u			སམ	ཀ	partially_resolved	medium	Stack resolved; extra consonants remain ambiguous.
ཀེ			ཀ		e			ཀ		fully_resolved	high	One prefix/root/suffix parse is structurally possible.
ཀེག			ཀ		e	ག		ཀ		fully_resolved	high	One prefix/root/suffix parse is structurally possible.
ཀེང			ཀ		e	ང		ཀ		fully_resolved	high	One prefix/root/suffix parse is structurally possible.
ཀེད			ཀ		e	ད		ཀ		fully_resolved	high	One prefix/root/suffix parse is structurally possible.
ཀེམ			ཀ		e	མ		ཀ		fully_resolved	high	One prefix/root/suffix parse is structurally possible.
ཀེའུ										unsupported_orthographic_sign	none	Multiple Tibetan vowel signs are not modelled.
ཀེར			ཀ		e	ར		ཀ		fully_resolved	high	One prefix/root/suffix parse is structurally possible.
ཀེས			ཀ		e	ས		ཀ		fully_resolved	high	One prefix/root/suffix parse is structurally possible.
ཀོ			ཀ		o			ཀ		fully_resolved	high	One prefix/root/suffix parse is structurally possible.
ཀོག			ཀ		o	ག		ཀ		fully_resolved	high	One prefix/root/suffix parse is structurally possible.
ཀོགས			ཀ		o	ག	ས	ཀ		fully_resolved	high	One prefix/root/suffix parse is structurally possible.
ཀོང			ཀ		o	ང		ཀ		fully_resolved	high	One prefix/root/suffix parse is structurally possible.
ཀོད			ཀ		o	ད		ཀ		fully_resolved	high	One prefix/root/suffix parse is structurally possible.
ཀོན			ཀ		o	ན		ཀ		fully_resolved	high	One prefix/root/suffix parse is structurally possible.
ཀོབ			ཀ		o	བ		ཀ		fully_resolved	high	One prefix/root/suffix parse is structurally possible.
ཀོམ			ཀ		o	མ		ཀ		fully_resolved	high	One prefix/root/suffix parse is structurally possible.
ཀོའུ										unsupported_orthographic_sign	none	Multiple Tibetan vowel signs are not modelled.
ཀོར			ཀ		o	ར		ཀ		fully_resolved	high	One prefix/root/suffix parse is structurally possible.
ཀོལ			ཀ		o	ལ		ཀ		fully_resolved	high	One prefix/root/suffix parse is structurally possible.
ཀོས			ཀ		o	ས		ཀ		fully_resolved	high	One prefix/root/suffix parse is structurally possible.
ཀོསྟུ										unsupported_orthographic_sign	none	Multiple Tibetan vowel signs are not modelled.
ཀོིཀ										unsupported_orthographic_sign	none	Multiple Tibetan vowel signs are not modelled.
ཀོཿ					o					unsupported_orthographic_sign	none	Unsupported transcription-bearing Tibetan signs: U+0F7F
ཀཾ					a					unsupported_orthographic_sign	none	Unsupported transcription-bearing Tibetan signs: U+0F7E
ཀཿ					a					unsupported_orthographic_sign	none	Unsupported transcription-bearing Tibetan signs: U+0F7F
ཀྐུགས			ཀ	ཀ	u	ག	ས	ཀཀ		fully_resolved	high	Unicode stack and trailing suffix roles resolve uniquely.
ཀྐོ			ཀ	ཀ	o			ཀཀ		fully_resolved	high	Unicode stack and trailing suffix roles resolve uniquely.
ཀྐྱལ			ཀ	ཀཡ	a	ལ		ཀཀཡ		fully_resolved	high	Unicode stack and trailing suffix roles resolve uniquely.
ཀྨརྨ			ཀ	མམ	a	ར		ཀམམ		fully_resolved	high	Unicode stack and trailing suffix roles resolve uniquely.
ཀྩེ			ཀ	ཙ	e			ཀཙ		fully_resolved	high	Unicode stack and trailing suffix roles resolve uniquely.
ཀྭ			ཀ	ཝ	a			ཀཝ		fully_resolved	high	Unicode stack and trailing suffix roles resolve uniquely.
ཀྭམཱར					a					unsupported_orthographic_sign	none	Unsupported transcription-bearing Tibetan signs: U+0F71
ཀྭའི			ཀ	ཝ	i	འ		ཀཝ		fully_resolved	high	Unicode stack and trailing suffix roles resolve uniquely.
ཀྭར			ཀ	ཝ	a	ར		ཀཝ		fully_resolved	high	Unicode stack and trailing suffix roles resolve uniquely.
ཀྱ			ཀ	ཡ	a			ཀཡ		fully_resolved	high	Unicode stack and trailing suffix roles resolve uniquely.
ཀྱག			ཀ	ཡ	a	ག		ཀཡ		fully_resolved	high	Unicode stack and trailing suffix roles resolve uniquely.
ཀྱང			ཀ	ཡ	a	ང		ཀཡ		fully_resolved	high	Unicode stack and trailing suffix roles resolve uniquely.
ཀྱད			ཀ	ཡ	a	ད		ཀཡ		fully_resolved	high	Unicode stack and trailing suffix roles resolve uniquely.
ཀྱབ			ཀ	ཡ	a	བ		ཀཡ		fully_resolved	high	Unicode stack and trailing suffix roles resolve uniquely.
ཀྱམ			ཀ	ཡ	a	མ		ཀཡ		fully_resolved	high	Unicode stack and trailing suffix roles resolve uniquely.
ཀྱམས			ཀ	ཡ	a	མ	ས	ཀཡ		fully_resolved	high	Unicode stack and trailing suffix roles resolve uniquely.
ཀྱའོ			ཀ	ཡ	o	འ		ཀཡ		fully_resolved	high	Unicode stack and trailing suffix roles resolve uniquely.
ཀྱར			ཀ	ཡ	a	ར		ཀཡ		fully_resolved	high	Unicode stack and trailing suffix roles resolve uniquely.
ཀྱལ			ཀ	ཡ	a	ལ		ཀཡ		fully_resolved	high	Unicode stack and trailing suffix roles resolve uniquely.
ཀྱས			ཀ	ཡ	a	ས		ཀཡ		fully_resolved	high	Unicode stack and trailing suffix roles resolve uniquely.
ཀྱི			ཀ	ཡ	i			ཀཡ		fully_resolved	high	Unicode stack and trailing suffix roles resolve uniquely.
ཀྱིང			ཀ	ཡ	i	ང		ཀཡ		fully_resolved	high	Unicode stack and trailing suffix roles resolve uniquely.
ཀྱིཏྲ			ཀ	ཡར	i			ཀཡར	ཏ	partially_resolved	medium	Stack resolved; extra consonants remain ambiguous.
ཀྱིད			ཀ	ཡ	i	ད		ཀཡ		fully_resolved	high	Unicode stack and trailing suffix roles resolve uniquely.
ཀྱིན			ཀ	ཡ	i	ན		ཀཡ		fully_resolved	high	Unicode stack and trailing suffix roles resolve uniquely.
ཀྱིབ			ཀ	ཡ	i	བ		ཀཡ		fully_resolved	high	Unicode stack and trailing suffix roles resolve uniquely.
ཀྱིམ			ཀ	ཡ	i	མ		ཀཡ		fully_resolved	high	Unicode stack and trailing suffix roles resolve uniquely.
ཀྱིའ			ཀ	ཡ	i	འ		ཀཡ		fully_resolved	high	Unicode stack and trailing suffix roles resolve uniquely.
ཀྱིའི										unsupported_orthographic_sign	none	Multiple Tibetan vowel signs are not modelled.
ཀྱིའུ										unsupported_orthographic_sign	none	Multiple Tibetan vowel signs are not modelled.
ཀྱིར			ཀ	ཡ	i	ར		ཀཡ		fully_resolved	high	Unicode stack and trailing suffix roles resolve uniquely.
ཀྱིལ			ཀ	ཡ	i	ལ		ཀཡ		fully_resolved	high	Unicode stack and trailing suffix roles resolve uniquely.
ཀྱིས			ཀ	ཡ	i	ས		ཀཡ		fully_resolved	high	Unicode stack and trailing suffix roles resolve uniquely.
ཀྱུ			ཀ	ཡ	u			ཀཡ		fully_resolved	high	Unicode stack and trailing suffix roles resolve uniquely.
ཀྱུག			ཀ	ཡ	u	ག		ཀཡ		fully_resolved	high	Unicode stack and trailing suffix roles resolve uniquely.
ཀྱུང			ཀ	ཡ	u	ང		ཀཡ		fully_resolved	high	Unicode stack and trailing suffix roles resolve uniquely.
ཀྱུད			ཀ	ཡ	u	ད		ཀཡ		fully_resolved	high	Unicode stack and trailing suffix roles resolve uniquely.
ཀྱུར			ཀ	ཡ	u	ར		ཀཡ		fully_resolved	high	Unicode stack and trailing suffix roles resolve uniquely.
ཀྱུས			ཀ	ཡ	u	ས		ཀཡ		fully_resolved	high	Unicode stack and trailing suffix roles resolve uniquely.
ཀྱེ			ཀ	ཡ	e			ཀཡ		fully_resolved	high	Unicode stack and trailing suffix roles resolve uniquely.
ཀྱེད			ཀ	ཡ	e	ད		ཀཡ		fully_resolved	high	Unicode stack and trailing suffix roles resolve uniquely.
ཀྱེན			ཀ	ཡ	e	ན		ཀཡ		fully_resolved	high	Unicode stack and trailing suffix roles resolve uniquely.
ཀྱེམ			ཀ	ཡ	e	མ		ཀཡ		fully_resolved	high	Unicode stack and trailing suffix roles resolve uniquely.
ཀྱེའུ										unsupported_orthographic_sign	none	Multiple Tibetan vowel signs are not modelled.
ཀྱེར			ཀ	ཡ	e	ར		ཀཡ		fully_resolved	high	Unicode stack and trailing suffix roles resolve uniquely.
ཀྱེལ			ཀ	ཡ	e	ལ		ཀཡ		fully_resolved	high	Unicode stack and trailing suffix roles resolve uniquely.
ཀྱོ			ཀ	ཡ	o			ཀཡ		fully_resolved	high	Unicode stack and trailing suffix roles resolve uniquely.
ཀྱོག			ཀ	ཡ	o	ག		ཀཡ		fully_resolved	high	Unicode stack and trailing suffix roles resolve uniquely.
ཀྱོང			ཀ	ཡ	o	ང		ཀཡ		fully_resolved	high	Unicode stack and trailing suffix roles resolve uniquely.
ཀྱོད			ཀ	ཡ	o	ད		ཀཡ		fully_resolved	high	Unicode stack and trailing suffix roles resolve uniquely.
ཀྱོན			ཀ	ཡ	o	ན		ཀཡ		fully_resolved	high	Unicode stack and trailing suffix roles resolve uniquely.
ཀྱོར			ཀ	ཡ	o	ར		ཀཡ		fully_resolved	high	Unicode stack and trailing suffix roles resolve uniquely.
ཀྱོལ			ཀ	ཡ	o	ལ		ཀཡ		fully_resolved	high	Unicode stack and trailing suffix roles resolve uniquely.
ཀྲ			ཀ	ར	a			ཀར		fully_resolved	high	Unicode stack and trailing suffix roles resolve uniquely.
ཀྲཁ			ཀ	ར	a			ཀར	ཁ	partially_resolved	medium	Stack resolved; extra consonants remain ambiguous.
ཀྲག			ཀ	ར	a	ག		ཀར		fully_resolved	high	Unicode stack and trailing suffix roles resolve uniquely.
ཀྲང			ཀ	ར	a	ང		ཀར		fully_resolved	high	Unicode stack and trailing suffix roles resolve uniquely.
ཀྲད			ཀ	ར	a	ད		ཀར		fully_resolved	high	Unicode stack and trailing suffix roles resolve uniquely.
ཀྲབ			ཀ	ར	a	བ		ཀར		fully_resolved	high	Unicode stack and trailing suffix roles resolve uniquely.
ཀྲམ			ཀ	ར	a	མ		ཀར		fully_resolved	high	Unicode stack and trailing suffix roles resolve uniquely.
ཀྲའ			ཀ	ར	a	འ		ཀར		fully_resolved	high	Unicode stack and trailing suffix roles resolve uniquely.
ཀྲས			ཀ	ར	a	ས		ཀར		fully_resolved	high	Unicode stack and trailing suffix roles resolve uniquely.
ཀྲི			ཀ	ར	i			ཀར		fully_resolved	high	Unicode stack and trailing suffix roles resolve uniquely.
ཀྲིག			ཀ	ར	i	ག		ཀར		fully_resolved	high	Unicode stack and trailing suffix roles resolve uniquely.
ཀྲིགས			ཀ	ར	i	ག	ས	ཀར		fully_resolved	high	Unicode stack and trailing suffix roles resolve uniquely.
ཀྲིམ			ཀ	ར	i	མ		ཀར		fully_resolved	high	Unicode stack and trailing suffix roles resolve uniquely.
ཀྲིམས			ཀ	ར	i	མ	ས	ཀར		fully_resolved	high	Unicode stack and trailing suffix roles resolve uniquely.
ཀྲིལ			ཀ	ར	i	ལ		ཀར		fully_resolved	high	Unicode stack and trailing suffix roles resolve uniquely.
ཀྲུ			ཀ	ར	u			ཀར		fully_resolved	high	Unicode stack and trailing suffix roles resolve uniquely.
ཀྲུགས			ཀ	ར	u	ག	ས	ཀར		fully_resolved	high	Unicode stack and trailing suffix roles resolve uniquely.
ཀྲུང			ཀ	ར	u	ང		ཀར		fully_resolved	high	Unicode stack and trailing suffix roles resolve uniquely.
ཀྲུམས			ཀ	ར	u	མ	ས	ཀར		fully_resolved	high	Unicode stack and trailing suffix roles resolve uniquely.
ཀྲེ			ཀ	ར	e			ཀར		fully_resolved	high	Unicode stack and trailing suffix roles resolve uniquely.
ཀྲེང			ཀ	ར	e	ང		ཀར		fully_resolved	high	Unicode stack and trailing suffix roles resolve uniquely.
ཀྲེའ			ཀ	ར	e	འ		ཀར		fully_resolved	high	Unicode stack and trailing suffix roles resolve uniquely.
ཀྲོ			ཀ	ར	o			ཀར		fully_resolved	high	Unicode stack and trailing suffix roles resolve uniquely.
ཀྲོག			ཀ	ར	o	ག		ཀར		fully_resolved	high	Unicode stack and trailing suffix roles resolve uniquely.
ཀྲོང			ཀ	ར	o	ང		ཀར		fully_resolved	high	Unicode stack and trailing suffix roles resolve uniquely.
ཀྲོངས			ཀ	ར	o	ང	ས	ཀར		fully_resolved	high	Unicode stack and trailing suffix roles resolve uniquely.
ཀྲོམས			ཀ	ར	o	མ	ས	ཀར		fully_resolved	high	Unicode stack and trailing suffix roles resolve uniquely.
ཀྲོར			ཀ	ར	o	ར		ཀར		fully_resolved	high	Unicode stack and trailing suffix roles resolve uniquely.
ཀྲོལ			ཀ	ར	o	ལ		ཀར		fully_resolved	high	Unicode stack and trailing suffix roles resolve uniquely.
ཀྲོས			ཀ	ར	o	ས		ཀར		fully_resolved	high	Unicode stack and trailing suffix roles resolve uniquely.
ཀྲྭབ			ཀ	རཝ	a	བ		ཀརཝ		fully_resolved	high	Unicode stack and trailing suffix roles resolve uniquely.
ཀླ			ཀ	ལ	a			ཀལ		fully_resolved	high	Unicode stack and trailing suffix roles resolve uniquely.
ཀླག			ཀ	ལ	a	ག		ཀལ		fully_resolved	high	Unicode stack and trailing suffix roles resolve uniquely.
ཀླགས			ཀ	ལ	a	ག	ས	ཀལ		fully_resolved	high	Unicode stack and trailing suffix roles resolve uniquely.
ཀླང			ཀ	ལ	a	ང		ཀལ		fully_resolved	high	Unicode stack and trailing suffix roles resolve uniquely.
ཀླད			ཀ	ལ	a	ད		ཀལ		fully_resolved	high	Unicode stack and trailing suffix roles resolve uniquely.
ཀླན			ཀ	ལ	a	ན		ཀལ		fully_resolved	high	Unicode stack and trailing suffix roles resolve uniquely.
ཀླམ			ཀ	ལ	a	མ		ཀལ		fully_resolved	high	Unicode stack and trailing suffix roles resolve uniquely.
ཀླལ			ཀ	ལ	a	ལ		ཀལ		fully_resolved	high	Unicode stack and trailing suffix roles resolve uniquely.
ཀླས			ཀ	ལ	a	ས		ཀལ		fully_resolved	high	Unicode stack and trailing suffix roles resolve uniquely.
ཀླིང			ཀ	ལ	i	ང		ཀལ		fully_resolved	high	Unicode stack and trailing suffix roles resolve uniquely.
ཀླིངས			ཀ	ལ	i	ང	ས	ཀལ		fully_resolved	high	Unicode stack and trailing suffix roles resolve uniquely.
ཀླིམྨི										unsupported_orthographic_sign	none	Multiple Tibetan vowel signs are not modelled.
ཀླུ			ཀ	ལ	u			ཀལ		fully_resolved	high	Unicode stack and trailing suffix roles resolve uniquely.
ཀླུང			ཀ	ལ	u	ང		ཀལ		fully_resolved	high	Unicode stack and trailing suffix roles resolve uniquely.
ཀླུན			ཀ	ལ	u	ན		ཀལ		fully_resolved	high	Unicode stack and trailing suffix roles resolve uniquely.
ཀླུབ			ཀ	ལ	u	བ		ཀལ		fully_resolved	high	Unicode stack and trailing suffix roles resolve uniquely.
ཀླུབས			ཀ	ལ	u	བ	ས	ཀལ		fully_resolved	high	Unicode stack and trailing suffix roles resolve uniquely.
ཀླུམ			ཀ	ལ	u	མ		ཀལ		fully_resolved	high	Unicode stack and trailing suffix roles resolve uniquely.
ཀླུའི										unsupported_orthographic_sign	none	Multiple Tibetan vowel signs are not modelled.
ཀླུས			ཀ	ལ	u	ས		ཀལ		fully_resolved	high	Unicode stack and trailing suffix roles resolve uniquely.
ཀློ			ཀ	ལ	o			ཀལ		fully_resolved	high	Unicode stack and trailing suffix roles resolve uniquely.
ཀློག			ཀ	ལ	o	ག		ཀལ		fully_resolved	high	Unicode stack and trailing suffix roles resolve uniquely.
ཀློགས			ཀ	ལ	o	ག	ས	ཀལ		fully_resolved	high	Unicode stack and trailing suffix roles resolve uniquely.
ཀློང			ཀ	ལ	o	ང		ཀལ		fully_resolved	high	Unicode stack and trailing suffix roles resolve uniquely.
ཀློངས			ཀ	ལ	o	ང	ས	ཀལ		fully_resolved	high	Unicode stack and trailing suffix roles resolve uniquely.
ཀློན			ཀ	ལ	o	ན		ཀལ		fully_resolved	high	Unicode stack and trailing suffix roles resolve uniquely.
ཀློའི										unsupported_orthographic_sign	none	Multiple Tibetan vowel signs are not modelled.
ཁ			ཁ		a			ཁ		fully_resolved	high	One prefix/root/suffix parse is structurally possible.
ཁཀྱཏྲལ			ཀ	ཡར	a	ལ		ཀཡར	ཁ;ཏ	partially_resolved	medium	Stack resolved; extra consonants remain ambiguous.
ཁཀྲགས			ཀ	ར	a	ག	ས	ཀར	ཁ	partially_resolved	medium	Stack resolved; extra consonants remain ambiguous.
ཁཀྲང			ཀ	ར	a	ང		ཀར	ཁ	partially_resolved	medium	Stack resolved; extra consonants remain ambiguous.
ཁག			ཁ		a	ག		ཁ		fully_resolved	high	One prefix/root/suffix parse is structurally possible.
ཁགྲེགས			ག	ར	e	ག	ས	གར	ཁ	partially_resolved	medium	Stack resolved; extra consonants remain ambiguous.
ཁང			ཁ		a	ང		ཁ		fully_resolved	high	One prefix/root/suffix parse is structurally possible.
ཁངས			ཁ		a	ང	ས	ཁ		fully_resolved	high	One prefix/root/suffix parse is structurally possible.
ཁངེས			ཁ		e	ང	ས	ཁ		fully_resolved	high	One prefix/root/suffix parse is structurally possible.
ཁཅའ					a					unusual_stack	none	Consonant sequence does not match conservative role patterns.
ཁཅུ					u					unusual_stack	none	Consonant sequence does not match conservative role patterns.
ཁཆུ					u					unusual_stack	none	Consonant sequence does not match conservative role patterns.
ཁཉུ					u					unusual_stack	none	Consonant sequence does not match conservative role patterns.
ཁཉྲིང			ཉ	ར	i	ང		ཉར	ཁ	partially_resolved	medium	Stack resolved; extra consonants remain ambiguous.
ཁཏྱིམ			ཏ	ཡ	i	མ		ཏཡ	ཁ	partially_resolved	medium	Stack resolved; extra consonants remain ambiguous.
ཁཏྱོལ			ཏ	ཡ	o	ལ		ཏཡ	ཁ	partially_resolved	medium	Stack resolved; extra consonants remain ambiguous.
ཁཐོབ					o					unusual_stack	none	Consonant sequence does not match conservative role patterns.
ཁད			ཁ		a	ད		ཁ		fully_resolved	high	One prefix/root/suffix parse is structurally possible.
ཁན			ཁ		a	ན		ཁ		fully_resolved	high	One prefix/root/suffix parse is structurally possible.
ཁནྡ			ན	ད	a			ནད	ཁ	partially_resolved	medium	Stack resolved; extra consonants remain ambiguous.
ཁབ			ཁ		a	བ		ཁ		fully_resolved	high	One prefix/root/suffix parse is structurally possible.
ཁབང					a					unusual_stack	none	Consonant sequence does not match conservative role patterns.
ཁབཅས					a					unusual_stack	none	Consonant sequence does not match conservative role patterns.
ཁབཅོས					o					unusual_stack	none	Consonant sequence does not match conservative role patterns.
ཁབམ					a					unusual_stack	none	Consonant sequence does not match conservative role patterns.
ཁབའ					a					unusual_stack	none	Consonant sequence does not match conservative role patterns.
ཁབསླ			ས	ལ	a			སལ	ཁ;བ	partially_resolved	medium	Stack resolved; extra consonants remain ambiguous.
ཁབེངས					e					unusual_stack	none	Consonant sequence does not match conservative role patterns.
ཁབྱཏྲང			བ	ཡར	a	ང		བཡར	ཁ;ཏ	partially_resolved	medium	Stack resolved; extra consonants remain ambiguous.
ཁབྲང			བ	ར	a	ང		བར	ཁ	partially_resolved	medium	Stack resolved; extra consonants remain ambiguous.
ཁབྲས			བ	ར	a	ས		བར	ཁ	partially_resolved	medium	Stack resolved; extra consonants remain ambiguous.
ཁབྲིང			བ	ར	i	ང		བར	ཁ	partially_resolved	medium	Stack resolved; extra consonants remain ambiguous.
ཁམ			ཁ		a	མ		ཁ		fully_resolved	high	One prefix/root/suffix parse is structurally possible.
ཁམས			ཁ		a	མ	ས	ཁ		fully_resolved	high	One prefix/root/suffix parse is structurally possible.
ཁམློ			མ	ལ	o			མལ	ཁ	partially_resolved	medium	Stack resolved; extra consonants remain ambiguous.
ཁའ			ཁ		a	འ		ཁ		fully_resolved	high	One prefix/root/suffix parse is structurally possible.
ཁའཁང					a					unusual_stack	none	Consonant sequence does not match conservative role patterns.
ཁའི			ཁ		i	འ		ཁ		fully_resolved	high	One prefix/root/suffix parse is structurally possible.
ཁར			ཁ		a	ར		ཁ		fully_resolved	high	One prefix/root/suffix parse is structurally possible.
ཁརྒྱ		ར	ག	ཡ	a			རགཡ	ཁ	partially_resolved	medium	Stack resolved; extra consonants remain ambiguous.
ཁལ			ཁ		a	ལ		ཁ		fully_resolved	high	One prefix/root/suffix parse is structurally possible.
ཁལས			ཁ		a	ལ	ས	ཁ		fully_resolved	high	One prefix/root/suffix parse is structurally possible.
ཁལེ			ཁ		e	ལ		ཁ		fully_resolved	high	One prefix/root/suffix parse is structurally possible.
ཁལོ			ཁ		o	ལ		ཁ		fully_resolved	high	One prefix/root/suffix parse is structurally possible.
ཁས			ཁ		a	ས		ཁ		fully_resolved	high	One prefix/root/suffix parse is structurally possible.
ཁསྦས		ས	བ		a	ས		སབ	ཁ	partially_resolved	medium	Stack resolved; extra consonants remain ambiguous.
ཁཱ					a					unsupported_orthographic_sign	none	Unsupported transcription-bearing Tibetan signs: U+0F71
ཁཱང					a					unsupported_orthographic_sign	none	Unsupported transcription-bearing Tibetan signs: U+0F71
ཁཱས					a					unsupported_orthographic_sign	none	Unsupported transcription-bearing Tibetan signs: U+0F71
ཁི			ཁ		i			ཁ		fully_resolved	high	One prefix/root/suffix parse is structurally possible.
ཁིང			ཁ		i	ང		ཁ		fully_resolved	high	One prefix/root/suffix parse is structurally possible.
ཁིའུ										unsupported_orthographic_sign	none	Multiple Tibetan vowel signs are not modelled.
ཁིར			ཁ		i	ར		ཁ		fully_resolved	high	One prefix/root/suffix parse is structurally possible.
ཁིིན										unsupported_orthographic_sign	none	Multiple Tibetan vowel signs are not modelled.
ཁུ			ཁ		u			ཁ		fully_resolved	high	One prefix/root/suffix parse is structurally possible.
ཁུག			ཁ		u	ག		ཁ		fully_resolved	high	One prefix/root/suffix parse is structurally possible.
ཁུགས			ཁ		u	ག	ས	ཁ		fully_resolved	high	One prefix/root/suffix parse is structurally possible.
ཁུང			ཁ		u	ང		ཁ		fully_resolved	high	One prefix/root/suffix parse is structurally possible.
ཁུངས			ཁ		u	ང	ས	ཁ		fully_resolved	high	One prefix/root/suffix parse is structurally possible.
ཁུད			ཁ		u	ད		ཁ		fully_resolved	high	One prefix/root/suffix parse is structurally possible.
ཁུན			ཁ		u	ན		ཁ		fully_resolved	high	One prefix/root/suffix parse is structurally possible.
ཁུམས			ཁ		u	མ	ས	ཁ		fully_resolved	high	One prefix/root/suffix parse is structurally possible.
ཁུར			ཁ		u	ར		ཁ		fully_resolved	high	One prefix/root/suffix parse is structurally possible.
ཁུལ			ཁ		u	ལ		ཁ		fully_resolved	high	One prefix/root/suffix parse is structurally possible.
ཁུས			ཁ		u	ས		ཁ		fully_resolved	high	One prefix/root/suffix parse is structurally possible.
ཁུུད										unsupported_orthographic_sign	none	Multiple Tibetan vowel signs are not modelled.
ཁེ			ཁ		e			ཁ		fully_resolved	high	One prefix/root/suffix parse is structurally possible.
ཁེགས			ཁ		e	ག	ས	ཁ		fully_resolved	high	One prefix/root/suffix parse is structurally possible.
ཁེང			ཁ		e	ང		ཁ		fully_resolved	high	One prefix/root/suffix parse is structurally possible.
ཁེངས			ཁ		e	ང	ས	ཁ		fully_resolved	high	One prefix/root/suffix parse is structurally possible.
ཁེད			ཁ		e	ད		ཁ		fully_resolved	high	One prefix/root/suffix parse is structurally possible.
ཁེན			ཁ		e	ན		ཁ		fully_resolved	high	One prefix/root/suffix parse is structurally possible.
ཁེབ			ཁ		e	བ		ཁ		fully_resolved	high	One prefix/root/suffix parse is structurally possible.
ཁེབས			ཁ		e	བ	ས	ཁ		fully_resolved	high	One prefix/root/suffix parse is structurally possible.
ཁེམ			ཁ		e	མ		ཁ		fully_resolved	high	One prefix/root/suffix parse is structurally possible.
ཁེམས			ཁ		e	མ	ས	ཁ		fully_resolved	high	One prefix/root/suffix parse is structurally possible.
ཁེའུ										unsupported_orthographic_sign	none	Multiple Tibetan vowel signs are not modelled.
ཁེར			ཁ		e	ར		ཁ		fully_resolved	high	One prefix/root/suffix parse is structurally possible.
ཁེལ			ཁ		e	ལ		ཁ		fully_resolved	high	One prefix/root/suffix parse is structurally possible.
ཁོ			ཁ		o			ཁ		fully_resolved	high	One prefix/root/suffix parse is structurally possible.
ཁོག			ཁ		o	ག		ཁ		fully_resolved	high	One prefix/root/suffix parse is structurally possible.
ཁོགས			ཁ		o	ག	ས	ཁ		fully_resolved	high	One prefix/root/suffix parse is structurally possible.
ཁོང			ཁ		o	ང		ཁ		fully_resolved	high	One prefix/root/suffix parse is structurally possible.
ཁོངས			ཁ		o	ང	ས	ཁ		fully_resolved	high	One prefix/root/suffix parse is structurally possible.
ཁོཌ					o					unusual_stack	none	Consonant sequence does not match conservative role patterns.
ཁོད			ཁ		o	ད		ཁ		fully_resolved	high	One prefix/root/suffix parse is structurally possible.
ཁོན			ཁ		o	ན		ཁ		fully_resolved	high	One prefix/root/suffix parse is structurally possible.
ཁོབ			ཁ		o	བ		ཁ		fully_resolved	high	One prefix/root/suffix parse is structurally possible.
ཁོམ			ཁ		o	མ		ཁ		fully_resolved	high	One prefix/root/suffix parse is structurally possible.
ཁོམས			ཁ		o	མ	ས	ཁ		fully_resolved	high	One prefix/root/suffix parse is structurally possible.
ཁོའི										unsupported_orthographic_sign	none	Multiple Tibetan vowel signs are not modelled.
ཁོར			ཁ		o	ར		ཁ		fully_resolved	high	One prefix/root/suffix parse is structurally possible.
ཁོལ			ཁ		o	ལ		ཁ		fully_resolved	high	One prefix/root/suffix parse is structurally possible.
ཁོས			ཁ		o	ས		ཁ		fully_resolved	high	One prefix/root/suffix parse is structurally possible.
ཁཾ					a					unsupported_orthographic_sign	none	Unsupported transcription-bearing Tibetan signs: U+0F7E
ཁྒོ			ཁ	ག	o			ཁག		fully_resolved	high	Unicode stack and trailing suffix roles resolve uniquely.
ཁྒོན			ཁ	ག	o	ན		ཁག		fully_resolved	high	Unicode stack and trailing suffix roles resolve uniquely.
ཁྟ			ཁ	ཏ	a			ཁཏ		fully_resolved	high	Unicode stack and trailing suffix roles resolve uniquely.
ཁྟབ			ཁ	ཏ	a	བ		ཁཏ		fully_resolved	high	Unicode stack and trailing suffix roles resolve uniquely.
ཁྟོ			ཁ	ཏ	o			ཁཏ		fully_resolved	high	Unicode stack and trailing suffix roles resolve uniquely.
ཁྡོག			ཁ	ད	o	ག		ཁད		fully_resolved	high	Unicode stack and trailing suffix roles resolve uniquely.
ཁྭ			ཁ	ཝ	a			ཁཝ		fully_resolved	high	Unicode stack and trailing suffix roles resolve uniquely.
ཁྱ			ཁ	ཡ	a			ཁཡ		fully_resolved	high	Unicode stack and trailing suffix roles resolve uniquely.
ཁྱག			ཁ	ཡ	a	ག		ཁཡ		fully_resolved	high	Unicode stack and trailing suffix roles resolve uniquely.
ཁྱགས			ཁ	ཡ	a	ག	ས	ཁཡ		fully_resolved	high	Unicode stack and trailing suffix roles resolve uniquely.
ཁྱང			ཁ	ཡ	a	ང		ཁཡ		fully_resolved	high	Unicode stack and trailing suffix roles resolve uniquely.
ཁྱཆའ			ཁ	ཡ	a	འ		ཁཡ	ཆ	partially_resolved	medium	Stack resolved; extra consonants remain ambiguous.
ཁྱད			ཁ	ཡ	a	ད		ཁཡ		fully_resolved	high	Unicode stack and trailing suffix roles resolve uniquely.
ཁྱན			ཁ	ཡ	a	ན		ཁཡ		fully_resolved	high	Unicode stack and trailing suffix roles resolve uniquely.
ཁྱནས			ཁ	ཡ	a	ན	ས	ཁཡ		fully_resolved	high	Unicode stack and trailing suffix roles resolve uniquely.
ཁྱབ			ཁ	ཡ	a	བ		ཁཡ		fully_resolved	high	Unicode stack and trailing suffix roles resolve uniquely.
ཁྱབས			ཁ	ཡ	a	བ	ས	ཁཡ		fully_resolved	high	Unicode stack and trailing suffix roles resolve uniquely.
ཁྱམ			ཁ	ཡ	a	མ		ཁཡ		fully_resolved	high	Unicode stack and trailing suffix roles resolve uniquely.
ཁྱམས			ཁ	ཡ	a	མ	ས	ཁཡ		fully_resolved	high	Unicode stack and trailing suffix roles resolve uniquely.
ཁྱར			ཁ	ཡ	a	ར		ཁཡ		fully_resolved	high	Unicode stack and trailing suffix roles resolve uniquely.
ཁྱལ			ཁ	ཡ	a	ལ		ཁཡ		fully_resolved	high	Unicode stack and trailing suffix roles resolve uniquely.
ཁྱི			ཁ	ཡ	i			ཁཡ		fully_resolved	high	Unicode stack and trailing suffix roles resolve uniquely.
ཁྱིགས			ཁ	ཡ	i	ག	ས	ཁཡ		fully_resolved	high	Unicode stack and trailing suffix roles resolve uniquely.
ཁྱིམ			ཁ	ཡ	i	མ		ཁཡ		fully_resolved	high	Unicode stack and trailing suffix roles resolve uniquely.
ཁྱིའི										unsupported_orthographic_sign	none	Multiple Tibetan vowel signs are not modelled.
ཁྱིར			ཁ	ཡ	i	ར		ཁཡ		fully_resolved	high	Unicode stack and trailing suffix roles resolve uniquely.
ཁྱུ			ཁ	ཡ	u			ཁཡ		fully_resolved	high	Unicode stack and trailing suffix roles resolve uniquely.
ཁྱུག			ཁ	ཡ	u	ག		ཁཡ		fully_resolved	high	Unicode stack and trailing suffix roles resolve uniquely.
ཁྱུང			ཁ	ཡ	u	ང		ཁཡ		fully_resolved	high	Unicode stack and trailing suffix roles resolve uniquely.
ཁྱུད			ཁ	ཡ	u	ད		ཁཡ		fully_resolved	high	Unicode stack and trailing suffix roles resolve uniquely.
ཁྱུན			ཁ	ཡ	u	ན		ཁཡ		fully_resolved	high	Unicode stack and trailing suffix roles resolve uniquely.
ཁྱུལ			ཁ	ཡ	u	ལ		ཁཡ		fully_resolved	high	Unicode stack and trailing suffix roles resolve uniquely.
ཁྱུས			ཁ	ཡ	u	ས		ཁཡ		fully_resolved	high	Unicode stack and trailing suffix roles resolve uniquely.
ཁྱེད			ཁ	ཡ	e	ད		ཁཡ		fully_resolved	high	Unicode stack and trailing suffix roles resolve uniquely.
ཁྱེའུ										unsupported_orthographic_sign	none	Multiple Tibetan vowel signs are not modelled.
ཁྱེར			ཁ	ཡ	e	ར		ཁཡ		fully_resolved	high	Unicode stack and trailing suffix roles resolve uniquely.
ཁྱེལ			ཁ	ཡ	e	ལ		ཁཡ		fully_resolved	high	Unicode stack and trailing suffix roles resolve uniquely.
ཁྱོ			ཁ	ཡ	o			ཁཡ		fully_resolved	high	Unicode stack and trailing suffix roles resolve uniquely.
ཁྱོམ			ཁ	ཡ	o	མ		ཁཡ		fully_resolved	high	Unicode stack and trailing suffix roles resolve uniquely.
ཁྱོར			ཁ	ཡ	o	ར		ཁཡ		fully_resolved	high	Unicode stack and trailing suffix roles resolve uniquely.
ཁྲ			ཁ	ར	a			ཁར		fully_resolved	high	Unicode stack and trailing suffix roles resolve uniquely.
ཁྲག			ཁ	ར	a	ག		ཁར		fully_resolved	high	Unicode stack and trailing suffix roles resolve uniquely.
ཁྲང			ཁ	ར	a	ང		ཁར		fully_resolved	high	Unicode stack and trailing suffix roles resolve uniquely.
ཁྲཉིའ			ཁ	ར	i	འ		ཁར	ཉ	partially_resolved	medium	Stack resolved; extra consonants remain ambiguous.
ཁྲད			ཁ	ར	a	ད		ཁར		fully_resolved	high	Unicode stack and trailing suffix roles resolve uniquely.
ཁྲབ			ཁ	ར	a	བ		ཁར		fully_resolved	high	Unicode stack and trailing suffix roles resolve uniquely.
ཁྲབས			ཁ	ར	a	བ	ས	ཁར		fully_resolved	high	Unicode stack and trailing suffix roles resolve uniquely.
ཁྲམ			ཁ	ར	a	མ		ཁར		fully_resolved	high	Unicode stack and trailing suffix roles resolve uniquely.
ཁྲམས			ཁ	ར	a	མ	ས	ཁར		fully_resolved	high	Unicode stack and trailing suffix roles resolve uniquely.
ཁྲལ			ཁ	ར	a	ལ		ཁར		fully_resolved	high	Unicode stack and trailing suffix roles resolve uniquely.
ཁྲལས			ཁ	ར	a	ལ	ས	ཁར		fully_resolved	high	Unicode stack and trailing suffix roles resolve uniquely.
ཁྲས			ཁ	ར	a	ས		ཁར		fully_resolved	high	Unicode stack and trailing suffix roles resolve uniquely.
ཁྲི			ཁ	ར	i			ཁར		fully_resolved	high	Unicode stack and trailing suffix roles resolve uniquely.
ཁྲིག			ཁ	ར	i	ག		ཁར		fully_resolved	high	Unicode stack and trailing suffix roles resolve uniquely.
ཁྲིགས			ཁ	ར	i	ག	ས	ཁར		fully_resolved	high	Unicode stack and trailing suffix roles resolve uniquely.
ཁྲིད			ཁ	ར	i	ད		ཁར		fully_resolved	high	Unicode stack and trailing suffix roles resolve uniquely.
ཁྲིན			ཁ	ར	i	ན		ཁར		fully_resolved	high	Unicode stack and trailing suffix roles resolve uniquely.
ཁྲིབ			ཁ	ར	i	བ		ཁར		fully_resolved	high	Unicode stack and trailing suffix roles resolve uniquely.
ཁྲིབས			ཁ	ར	i	བ	ས	ཁར		fully_resolved	high	Unicode stack and trailing suffix roles resolve uniquely.
ཁྲིམ			ཁ	ར	i	མ		ཁར		fully_resolved	high	Unicode stack and trailing suffix roles resolve uniquely.
ཁྲིམས			ཁ	ར	i	མ	ས	ཁར		fully_resolved	high	Unicode stack and trailing suffix roles resolve uniquely.
ཁྲིལ			ཁ	ར	i	ལ		ཁར		fully_resolved	high	Unicode stack and trailing suffix roles resolve uniquely.
ཁྲིས			ཁ	ར	i	ས		ཁར		fully_resolved	high	Unicode stack and trailing suffix roles resolve uniquely.
ཁྲུ			ཁ	ར	u			ཁར		fully_resolved	high	Unicode stack and trailing suffix roles resolve uniquely.
ཁྲུག			ཁ	ར	u	ག		ཁར		fully_resolved	high	Unicode stack and trailing suffix roles resolve uniquely.
ཁྲུང			ཁ	ར	u	ང		ཁར		fully_resolved	high	Unicode stack and trailing suffix roles resolve uniquely.
ཁྲུས			ཁ	ར	u	ས		ཁར		fully_resolved	high	Unicode stack and trailing suffix roles resolve uniquely.
ཁྲེ			ཁ	ར	e			ཁར		fully_resolved	high	Unicode stack and trailing suffix roles resolve uniquely.
ཁྲེགས			ཁ	ར	e	ག	ས	ཁར		fully_resolved	high	Unicode stack and trailing suffix roles resolve uniquely.
ཁྲེང			ཁ	ར	e	ང		ཁར		fully_resolved	high	Unicode stack and trailing suffix roles resolve uniquely.
ཁྲེངས			ཁ	ར	e	ང	ས	ཁར		fully_resolved	high	Unicode stack and trailing suffix roles resolve uniquely.
ཁྲེན			ཁ	ར	e	ན		ཁར		fully_resolved	high	Unicode stack and trailing suffix roles resolve uniquely.
ཁྲེབ			ཁ	ར	e	བ		ཁར		fully_resolved	high	Unicode stack and trailing suffix roles resolve uniquely.
ཁྲེམ			ཁ	ར	e	མ		ཁར		fully_resolved	high	Unicode stack and trailing suffix roles resolve uniquely.
ཁྲེམས			ཁ	ར	e	མ	ས	ཁར		fully_resolved	high	Unicode stack and trailing suffix roles resolve uniquely.
ཁྲེའུ										unsupported_orthographic_sign	none	Multiple Tibetan vowel signs are not modelled.
ཁྲེལ			ཁ	ར	e	ལ		ཁར		fully_resolved	high	Unicode stack and trailing suffix roles resolve uniquely.
ཁྲེས			ཁ	ར	e	ས		ཁར		fully_resolved	high	Unicode stack and trailing suffix roles resolve uniquely.
ཁྲོ			ཁ	ར	o			ཁར		fully_resolved	high	Unicode stack and trailing suffix roles resolve uniquely.
ཁྲོག			ཁ	ར	o	ག		ཁར		fully_resolved	high	Unicode stack and trailing suffix roles resolve uniquely.
ཁྲོད			ཁ	ར	o	ད		ཁར		fully_resolved	high	Unicode stack and trailing suffix roles resolve uniquely.
ཁྲོན			ཁ	ར	o	ན		ཁར		fully_resolved	high	Unicode stack and trailing suffix roles resolve uniquely.
ཁྲོབ			ཁ	ར	o	བ		ཁར		fully_resolved	high	Unicode stack and trailing suffix roles resolve uniquely.
ཁྲོམ			ཁ	ར	o	མ		ཁར		fully_resolved	high	Unicode stack and trailing suffix roles resolve uniquely.
ཁྲོལ			ཁ	ར	o	ལ		ཁར		fully_resolved	high	Unicode stack and trailing suffix roles resolve uniquely.
ཁླ			ཁ	ལ	a			ཁལ		fully_resolved	high	Unicode stack and trailing suffix roles resolve uniquely.
ཁློད			ཁ	ལ	o	ད		ཁལ		fully_resolved	high	Unicode stack and trailing suffix roles resolve uniquely.
ག			ག		a			ག		fully_resolved	high	One prefix/root/suffix parse is structurally possible.
གཀོང	ག		ཀ		o	ང		ཀ		fully_resolved	high	One prefix/root/suffix parse is structurally possible.
གཀོས	ག		ཀ		o	ས		ཀ		fully_resolved	high	One prefix/root/suffix parse is structurally possible.
གག					a				ག	ambiguous_root	low	Multiple Tibetan-only root parses remain possible.
གགས					a				ག	ambiguous_root	low	Multiple Tibetan-only root parses remain possible.
གང					a				ག;ང	ambiguous_root	low	Multiple Tibetan-only root parses remain possible.
གངས					a				ག;ང	ambiguous_root	low	Multiple Tibetan-only root parses remain possible.
གཅག	ག		ཅ		a	ག		ཅ		fully_resolved	high	One prefix/root/suffix parse is structurally possible.
གཅགས	ག		ཅ		a	ག	ས	ཅ		fully_resolved	high	One prefix/root/suffix parse is structurally possible.
གཅང	ག		ཅ		a	ང		ཅ		fully_resolved	high	One prefix/root/suffix parse is structurally possible.
གཅཉོད					o					unusual_stack	none	Consonant sequence does not match conservative role patterns.
གཅད	ག		ཅ		a	ད		ཅ		fully_resolved	high	One prefix/root/suffix parse is structurally possible.
གཅན	ག		ཅ		a	ན		ཅ		fully_resolved	high	One prefix/root/suffix parse is structurally possible.
གཅམ	ག		ཅ		a	མ		ཅ		fully_resolved	high	One prefix/root/suffix parse is structurally possible.
གཅཙང					a					unusual_stack	none	Consonant sequence does not match conservative role patterns.
གཅར	ག		ཅ		a	ར		ཅ		fully_resolved	high	One prefix/root/suffix parse is structurally possible.
གཅལ	ག		ཅ		a	ལ		ཅ		fully_resolved	high	One prefix/root/suffix parse is structurally possible.
གཅས	ག		ཅ		a	ས		ཅ		fully_resolved	high	One prefix/root/suffix parse is structurally possible.
གཅི	ག		ཅ		i			ཅ		fully_resolved	high	One prefix/root/suffix parse is structurally possible.
གཅིག	ག		ཅ		i	ག		ཅ		fully_resolved	high	One prefix/root/suffix parse is structurally possible.
གཅིན	ག		ཅ		i	ན		ཅ		fully_resolved	high	One prefix/root/suffix parse is structurally possible.
གཅིའུ										unsupported_orthographic_sign	none	Multiple Tibetan vowel signs are not modelled.
གཅིར	ག		ཅ		i	ར		ཅ		fully_resolved	high	One prefix/root/suffix parse is structurally possible.
གཅིལ	ག		ཅ		i	ལ		ཅ		fully_resolved	high	One prefix/root/suffix parse is structurally possible.
གཅུ	ག		ཅ		u			ཅ		fully_resolved	high	One prefix/root/suffix parse is structurally possible.
གཅུག	ག		ཅ		u	ག		ཅ		fully_resolved	high	One prefix/root/suffix parse is structurally possible.
གཅུགས	ག		ཅ		u	ག	ས	ཅ		fully_resolved	high	One prefix/root/suffix parse is structurally possible.
གཅུང	ག		ཅ		u	ང		ཅ		fully_resolved	high	One prefix/root/suffix parse is structurally possible.
གཅུད	ག		ཅ		u	ད		ཅ		fully_resolved	high	One prefix/root/suffix parse is structurally possible.
གཅུམ	ག		ཅ		u	མ		ཅ		fully_resolved	high	One prefix/root/suffix parse is structurally possible.
གཅུའུ										unsupported_orthographic_sign	none	Multiple Tibetan vowel signs are not modelled.
གཅུས	ག		ཅ		u	ས		ཅ		fully_resolved	high	One prefix/root/suffix parse is structurally possible.
གཅེགས	ག		ཅ		e	ག	ས	ཅ		fully_resolved	high	One prefix/root/suffix parse is structurally possible.
གཅེན	ག		ཅ		e	ན		ཅ		fully_resolved	high	One prefix/root/suffix parse is structurally possible.
གཅེའུ										unsupported_orthographic_sign	none	Multiple Tibetan vowel signs are not modelled.
གཅེར	ག		ཅ		e	ར		ཅ		fully_resolved	high	One prefix/root/suffix parse is structurally possible.
གཅེས	ག		ཅ		e	ས		ཅ		fully_resolved	high	One prefix/root/suffix parse is structurally possible.
གཅོ	ག		ཅ		o			ཅ		fully_resolved	high	One prefix/root/suffix parse is structurally possible.
གཅོག	ག		ཅ		o	ག		ཅ		fully_resolved	high	One prefix/root/suffix parse is structurally possible.
གཅོང	ག		ཅ		o	ང		ཅ		fully_resolved	high	One prefix/root/suffix parse is structurally possible.
གཅོད	ག		ཅ		o	ད		ཅ		fully_resolved	high	One prefix/root/suffix parse is structurally possible.
གཅོམ	ག		ཅ		o	མ		ཅ		fully_resolved	high	One prefix/root/suffix parse is structurally possible.
གཅོར	ག		ཅ		o	ར		ཅ		fully_resolved	high	One prefix/root/suffix parse is structurally possible.
གཅོས	ག		ཅ		o	ས		ཅ		fully_resolved	high	One prefix/root/suffix parse is structurally possible.
གཅྲིག	ག		ཅ	ར	i	ག		ཅར		fully_resolved	high	Unicode stack and trailing suffix roles resolve uniquely.
གཆད	ག		ཆ		a	ད		ཆ		fully_resolved	high	One prefix/root/suffix parse is structurally possible.
གཆིག	ག		ཆ		i	ག		ཆ		fully_resolved	high	One prefix/root/suffix parse is structurally possible.
གཉ	ག		ཉ		a			ཉ		fully_resolved	high	One prefix/root/suffix parse is structurally possible.
གཉག	ག		ཉ		a	ག		ཉ		fully_resolved	high	One prefix/root/suffix parse is structurally possible.
གཉགས	ག		ཉ		a	ག	ས	ཉ		fully_resolved	high	One prefix/root/suffix parse is structurally possible.
གཉང	ག		ཉ		a	ང		ཉ		fully_resolved	high	One prefix/root/suffix parse is structurally possible.
གཉཉིས					i					unusual_stack	none	Consonant sequence does not match conservative role patterns.
གཉད	ག		ཉ		a	ད		ཉ		fully_resolved	high	One prefix/root/suffix parse is structurally possible.
གཉན	ག		ཉ		a	ན		ཉ		fully_resolved	high	One prefix/root/suffix parse is structurally possible.
གཉའ	ག		ཉ		a	འ		ཉ		fully_resolved	high	One prefix/root/suffix parse is structurally possible.
གཉར	ག		ཉ		a	ར		ཉ		fully_resolved	high	One prefix/root/suffix parse is structurally possible.
གཉས	ག		ཉ		a	ས		ཉ		fully_resolved	high	One prefix/root/suffix parse is structurally possible.
གཉི	ག		ཉ		i			ཉ		fully_resolved	high	One prefix/root/suffix parse is structurally possible.
གཉིད	ག		ཉ		i	ད		ཉ		fully_resolved	high	One prefix/root/suffix parse is structurally possible.
གཉིན	ག		ཉ		i	ན		ཉ		fully_resolved	high	One prefix/root/suffix parse is structurally possible.
གཉིནྷ			ན	ཧ	i			ནཧ	ག;ཉ	partially_resolved	medium	Stack resolved; extra consonants remain ambiguous.
གཉིར	ག		ཉ		i	ར		ཉ		fully_resolved	high	One prefix/root/suffix parse is structurally possible.
གཉིས	ག		ཉ		i	ས		ཉ		fully_resolved	high	One prefix/root/suffix parse is structurally possible.
གཉུག	ག		ཉ		u	ག		ཉ		fully_resolved	high	One prefix/root/suffix parse is structurally possible.
གཉུགས	ག		ཉ		u	ག	ས	ཉ		fully_resolved	high	One prefix/root/suffix parse is structurally possible.
གཉུད	ག		ཉ		u	ད		ཉ		fully_resolved	high	One prefix/root/suffix parse is structurally possible.
གཉུན	ག		ཉ		u	ན		ཉ		fully_resolved	high	One prefix/root/suffix parse is structurally possible.
གཉེ	ག		ཉ		e			ཉ		fully_resolved	high	One prefix/root/suffix parse is structurally possible.
གཉེན	ག		ཉ		e	ན		ཉ		fully_resolved	high	One prefix/root/suffix parse is structurally possible.
གཉེར	ག		ཉ		e	ར		ཉ		fully_resolved	high	One prefix/root/suffix parse is structurally possible.
གཉེལ	ག		ཉ		e	ལ		ཉ		fully_resolved	high	One prefix/root/suffix parse is structurally possible.
གཉེས	ག		ཉ		e	ས		ཉ		fully_resolved	high	One prefix/root/suffix parse is structurally possible.
གཉོག	ག		ཉ		o	ག		ཉ		fully_resolved	high	One prefix/root/suffix parse is structurally possible.
གཉོད	ག		ཉ		o	ད		ཉ		fully_resolved	high	One prefix/root/suffix parse is structurally possible.
གཉོས	ག		ཉ		o	ས		ཉ		fully_resolved	high	One prefix/root/suffix parse is structurally possible.
གཉྱས	ག		ཉ	ཡ	a	ས		ཉཡ		fully_resolved	high	Unicode stack and trailing suffix roles resolve uniquely.
གཏ	ག		ཏ		a			ཏ		fully_resolved	high	One prefix/root/suffix parse is structurally possible.
གཏག	ག		ཏ		a	ག		ཏ		fully_resolved	high	One prefix/root/suffix parse is structurally possible.
གཏགས	ག		ཏ		a	ག	ས	ཏ		fully_resolved	high	One prefix/root/suffix parse is structurally possible.
གཏང	ག		ཏ		a	ང		ཏ		fully_resolved	high	One prefix/root/suffix parse is structurally possible.
གཏཏམ					a					unusual_stack	none	Consonant sequence does not match conservative role patterns.
གཏད	ག		ཏ		a	ད		ཏ		fully_resolved	high	One prefix/root/suffix parse is structurally possible.
གཏན	ག		ཏ		a	ན		ཏ		fully_resolved	high	One prefix/root/suffix parse is structurally possible.
གཏབ	ག		ཏ		a	བ		ཏ		fully_resolved	high	One prefix/root/suffix parse is structurally possible.
གཏབས	ག		ཏ		a	བ	ས	ཏ		fully_resolved	high	One prefix/root/suffix parse is structurally possible.
གཏམ	ག		ཏ		a	མ		ཏ		fully_resolved	high	One prefix/root/suffix parse is structurally possible.
གཏམས	ག		ཏ		a	མ	ས	ཏ		fully_resolved	high	One prefix/root/suffix parse is structurally possible.
གཏའ	ག		ཏ		a	འ		ཏ		fully_resolved	high	One prefix/root/suffix parse is structurally possible.
གཏར	ག		ཏ		a	ར		ཏ		fully_resolved	high	One prefix/root/suffix parse is structurally possible.
གཏལ	ག		ཏ		a	ལ		ཏ		fully_resolved	high	One prefix/root/suffix parse is structurally possible.
གཏི	ག		ཏ		i			ཏ		fully_resolved	high	One prefix/root/suffix parse is structurally possible.
གཏིག	ག		ཏ		i	ག		ཏ		fully_resolved	high	One prefix/root/suffix parse is structurally possible.
གཏིང	ག		ཏ		i	ང		ཏ		fully_resolved	high	One prefix/root/suffix parse is structurally possible.
གཏིབས	ག		ཏ		i	བ	ས	ཏ		fully_resolved	high	One prefix/root/suffix parse is structurally possible.
གཏུ	ག		ཏ		u			ཏ		fully_resolved	high	One prefix/root/suffix parse is structurally possible.
གཏུག	ག		ཏ		u	ག		ཏ		fully_resolved	high	One prefix/root/suffix parse is structurally possible.
གཏུགས	ག		ཏ		u	ག	ས	ཏ		fully_resolved	high	One prefix/root/suffix parse is structurally possible.
གཏུན	ག		ཏ		u	ན		ཏ		fully_resolved	high	One prefix/root/suffix parse is structurally possible.
གཏུབ	ག		ཏ		u	བ		ཏ		fully_resolved	high	One prefix/root/suffix parse is structurally possible.
གཏུབས	ག		ཏ		u	བ	ས	ཏ		fully_resolved	high	One prefix/root/suffix parse is structurally possible.
གཏུམ	ག		ཏ		u	མ		ཏ		fully_resolved	high	One prefix/root/suffix parse is structurally possible.
གཏུར	ག		ཏ		u	ར		ཏ		fully_resolved	high	One prefix/root/suffix parse is structurally possible.
གཏུལ	ག		ཏ		u	ལ		ཏ		fully_resolved	high	One prefix/root/suffix parse is structurally possible.
གཏུས	ག		ཏ		u	ས		ཏ		fully_resolved	high	One prefix/root/suffix parse is structurally possible.
གཏེ	ག		ཏ		e			ཏ		fully_resolved	high	One prefix/root/suffix parse is structurally possible.
གཏེང	ག		ཏ		e	ང		ཏ		fully_resolved	high	One prefix/root/suffix parse is structurally possible.
གཏེའུ										unsupported_orthographic_sign	none	Multiple Tibetan vowel signs are not modelled.
གཏེར	ག		ཏ		e	ར		ཏ		fully_resolved	high	One prefix/root/suffix parse is structurally possible.
གཏོ	ག		ཏ		o			ཏ		fully_resolved	high	One prefix/root/suffix parse is structurally possible.
གཏོག	ག		ཏ		o	ག		ཏ		fully_resolved	high	One prefix/root/suffix parse is structurally possible.
གཏོགས	ག		ཏ		o	ག	ས	ཏ		fully_resolved	high	One prefix/root/suffix parse is structurally possible.
གཏོང	ག		ཏ		o	ང		ཏ		fully_resolved	high	One prefix/root/suffix parse is structurally possible.
གཏོད	ག		ཏ		o	ད		ཏ		fully_resolved	high	One prefix/root/suffix parse is structurally possible.
གཏོར	ག		ཏ		o	ར		ཏ		fully_resolved	high	One prefix/root/suffix parse is structurally possible.
གཏོལ	ག		ཏ		o	ལ		ཏ		fully_resolved	high	One prefix/root/suffix parse is structurally possible.
གཏོས	ག		ཏ		o	ས		ཏ		fully_resolved	high	One prefix/root/suffix parse is structurally possible.
གད					a				ག;ད	ambiguous_root	low	Multiple Tibetan-only root parses remain possible.
གདག	ག		ད		a	ག		ད		fully_resolved	high	One prefix/root/suffix parse is structurally possible.
གདགས	ག		ད		a	ག	ས	ད		fully_resolved	high	One prefix/root/suffix parse is structurally possible.
གདང	ག		ད		a	ང		ད		fully_resolved	high	One prefix/root/suffix parse is structurally possible.
གདངས	ག		ད		a	ང	ས	ད		fully_resolved	high	One prefix/root/suffix parse is structurally possible.
གདན	ག		ད		a	ན		ད		fully_resolved	high	One prefix/root/suffix parse is structurally possible.
གདཔ					a					unusual_stack	none	Consonant sequence does not match conservative role patterns.
གདབ	ག		ད		a	བ		ད		fully_resolved	high	One prefix/root/suffix parse is structurally possible.
གདམས	ག		ད		a	མ	ས	ད		fully_resolved	high	One prefix/root/suffix parse is structurally possible.
གདའ	ག		ད		a	འ		ད		fully_resolved	high	One prefix/root/suffix parse is structurally possible.
གདར	ག		ད		a	ར		ད		fully_resolved	high	One prefix/root/suffix parse is structurally possible.
གདལ	ག		ད		a	ལ		ད		fully_resolved	high	One prefix/root/suffix parse is structurally possible.
གདས					a				ག;ད	ambiguous_root	low	Multiple Tibetan-only root parses remain possible.
གདསམ					a					unusual_stack	none	Consonant sequence does not match conservative role patterns.
གདིང	ག		ད		i	ང		ད		fully_resolved	high	One prefix/root/suffix parse is structurally possible.
གདུ					u				ག;ད	ambiguous_root	low	Multiple Tibetan-only root parses remain possible.
གདུག	ག		ད		u	ག		ད		fully_resolved	high	One prefix/root/suffix parse is structurally possible.
གདུགས	ག		ད		u	ག	ས	ད		fully_resolved	high	One prefix/root/suffix parse is structurally possible.
གདུང	ག		ད		u	ང		ད		fully_resolved	high	One prefix/root/suffix parse is structurally possible.
གདུངས	ག		ད		u	ང	ས	ད		fully_resolved	high	One prefix/root/suffix parse is structurally possible.
གདུབ	ག		ད		u	བ		ད		fully_resolved	high	One prefix/root/suffix parse is structurally possible.
གདུམ	ག		ད		u	མ		ད		fully_resolved	high	One prefix/root/suffix parse is structurally possible.
གདུལ	ག		ད		u	ལ		ད		fully_resolved	high	One prefix/root/suffix parse is structurally possible.
གདེག	ག		ད		e	ག		ད		fully_resolved	high	One prefix/root/suffix parse is structurally possible.
གདེགས	ག		ད		e	ག	ས	ད		fully_resolved	high	One prefix/root/suffix parse is structurally possible.
གདེང	ག		ད		e	ང		ད		fully_resolved	high	One prefix/root/suffix parse is structurally possible.
གདེངས	ག		ད		e	ང	ས	ད		fully_resolved	high	One prefix/root/suffix parse is structurally possible.
གདོང	ག		ད		o	ང		ད		fully_resolved	high	One prefix/root/suffix parse is structurally possible.
གདོངས	ག		ད		o	ང	ས	ད		fully_resolved	high	One prefix/root/suffix parse is structurally possible.
གདོད					o				ག;ད	ambiguous_root	low	Multiple Tibetan-only root parses remain possible.
གདོན	ག		ད		o	ན		ད		fully_resolved	high	One prefix/root/suffix parse is structurally possible.
གདོལ	ག		ད		o	ལ		ད		fully_resolved	high	One prefix/root/suffix parse is structurally possible.
གདོས					o				ག;ད	ambiguous_root	low	Multiple Tibetan-only root parses remain possible.
གན					a				ག;ན	ambiguous_root	low	Multiple Tibetan-only root parses remain possible.
གནག	ག		ན		a	ག		ན		fully_resolved	high	One prefix/root/suffix parse is structurally possible.
གནང	ག		ན		a	ང		ན		fully_resolved	high	One prefix/root/suffix parse is structurally possible.
གནད					a				ག;ན	ambiguous_root	low	Multiple Tibetan-only root parses remain possible.
གནན	ག		ན		a	ན		ན		fully_resolved	high	One prefix/root/suffix parse is structurally possible.
གནཔ					a					unusual_stack	none	Consonant sequence does not match conservative role patterns.
གནབ	ག		ན		a	བ		ན		fully_resolved	high	One prefix/root/suffix parse is structurally possible.
གནམ	ག		ན		a	མ		ན		fully_resolved	high	One prefix/root/suffix parse is structurally possible.
གནའ	ག		ན		a	འ		ན		fully_resolved	high	One prefix/root/suffix parse is structurally possible.
གནའི	ག		ན		i	འ		ན		fully_resolved	high	One prefix/root/suffix parse is structurally possible.
གནས					a				ག;ན	ambiguous_root	low	Multiple Tibetan-only root parses remain possible.
གནུབ	ག		ན		u	བ		ན		fully_resolved	high	One prefix/root/suffix parse is structurally possible.
གནུབས	ག		ན		u	བ	ས	ན		fully_resolved	high	One prefix/root/suffix parse is structurally possible.
གནུར	ག		ན		u	ར		ན		fully_resolved	high	One prefix/root/suffix parse is structurally possible.
གནོག	ག		ན		o	ག		ན		fully_resolved	high	One prefix/root/suffix parse is structurally possible.
གནོང	ག		ན		o	ང		ན		fully_resolved	high	One prefix/root/suffix parse is structurally possible.
གནོངས	ག		ན		o	ང	ས	ན		fully_resolved	high	One prefix/root/suffix parse is structurally possible.
གནོད					o				ག;ན	ambiguous_root	low	Multiple Tibetan-only root parses remain possible.
གནོན	ག		ན		o	ན		ན		fully_resolved	high	One prefix/root/suffix parse is structurally possible.
གནོས					o				ག;ན	ambiguous_root	low	Multiple Tibetan-only root parses remain possible.
གབ					a				ག;བ	ambiguous_root	low	Multiple Tibetan-only root parses remain possible.
གབྲང	ག		བ	ར	a	ང		བར		fully_resolved	high	Unicode stack and trailing suffix roles resolve uniquely.
གམ					a				ག;མ	ambiguous_root	low	Multiple Tibetan-only root parses remain possible.
གཙ	ག		ཙ		a			ཙ		fully_resolved	high	One prefix/root/suffix parse is structurally possible.
གཙང	ག		ཙ		a	ང		ཙ		fully_resolved	high	One prefix/root/suffix parse is structurally possible.
གཙངས	ག		ཙ		a	ང	ས	ཙ		fully_resolved	high	One prefix/root/suffix parse is structurally possible.
གཙིགས	ག		ཙ		i	ག	ས	ཙ		fully_resolved	high	One prefix/root/suffix parse is structurally possible.
གཙུག	ག		ཙ		u	ག		ཙ		fully_resolved	high	One prefix/root/suffix parse is structurally possible.
གཙུགས	ག		ཙ		u	ག	ས	ཙ		fully_resolved	high	One prefix/root/suffix parse is structurally possible.
གཙེར	ག		ཙ		e	ར		ཙ		fully_resolved	high	One prefix/root/suffix parse is structurally possible.
གཙོ	ག		ཙ		o			ཙ		fully_resolved	high	One prefix/root/suffix parse is structurally possible.
གཙོར	ག		ཙ		o	ར		ཙ		fully_resolved	high	One prefix/root/suffix parse is structurally possible.
གཞག	ག		ཞ		a	ག		ཞ		fully_resolved	high	One prefix/root/suffix parse is structurally possible.
གཞང	ག		ཞ		a	ང		ཞ		fully_resolved	high	One prefix/root/suffix parse is structurally possible.
གཞད	ག		ཞ		a	ད		ཞ		fully_resolved	high	One prefix/root/suffix parse is structurally possible.
གཞན	ག		ཞ		a	ན		ཞ		fully_resolved	high	One prefix/root/suffix parse is structurally possible.
གཞར	ག		ཞ		a	ར		ཞ		fully_resolved	high	One prefix/root/suffix parse is structurally possible.
གཞལ	ག		ཞ		a	ལ		ཞ		fully_resolved	high	One prefix/root/suffix parse is structurally possible.
གཞས	ག		ཞ		a	ས		ཞ		fully_resolved	high	One prefix/root/suffix parse is structurally possible.
གཞི	ག		ཞ		i			ཞ		fully_resolved	high	One prefix/root/suffix parse is structurally possible.
གཞིག	ག		ཞ		i	ག		ཞ		fully_resolved	high	One prefix/root/suffix parse is structurally possible.
གཞིགས	ག		ཞ		i	ག	ས	ཞ		fully_resolved	high	One prefix/root/suffix parse is structurally possible.
གཞིན	ག		ཞ		i	ན		ཞ		fully_resolved	high	One prefix/root/suffix parse is structurally possible.
གཞིབས	ག		ཞ		i	བ	ས	ཞ		fully_resolved	high	One prefix/root/suffix parse is structurally possible.
གཞིས	ག		ཞ		i	ས		ཞ		fully_resolved	high	One prefix/root/suffix parse is structurally possible.
གཞུ	ག		ཞ		u			ཞ		fully_resolved	high	One prefix/root/suffix parse is structurally possible.
གཞུག	ག		ཞ		u	ག		ཞ		fully_resolved	high	One prefix/root/suffix parse is structurally possible.
གཞུགས	ག		ཞ		u	ག	ས	ཞ		fully_resolved	high	One prefix/root/suffix parse is structurally possible.
གཞུང	ག		ཞ		u	ང		ཞ		fully_resolved	high	One prefix/root/suffix parse is structurally possible.
གཞེ	ག		ཞ		e			ཞ		fully_resolved	high	One prefix/root/suffix parse is structurally possible.
གཞོགས	ག		ཞ		o	ག	ས	ཞ		fully_resolved	high	One prefix/root/suffix parse is structurally possible.
གཞོད	ག		ཞ		o	ད		ཞ		fully_resolved	high	One prefix/root/suffix parse is structurally possible.
གཞོན	ག		ཞ		o	ན		ཞ		fully_resolved	high	One prefix/root/suffix parse is structurally possible.
གཞོམ	ག		ཞ		o	མ		ཞ		fully_resolved	high	One prefix/root/suffix parse is structurally possible.
གཞོལ	ག		ཞ		o	ལ		ཞ		fully_resolved	high	One prefix/root/suffix parse is structurally possible.
གཞོས	ག		ཞ		o	ས		ཞ		fully_resolved	high	One prefix/root/suffix parse is structurally possible.
གཞྒོན	ག		ཞ	ག	o	ན		ཞག		fully_resolved	high	Unicode stack and trailing suffix roles resolve uniquely.
གཟན	ག		ཟ		a	ན		ཟ		fully_resolved	high	One prefix/root/suffix parse is structurally possible.
གཟབས	ག		ཟ		a	བ	ས	ཟ		fully_resolved	high	One prefix/root/suffix parse is structurally possible.
གཟའ	ག		ཟ		a	འ		ཟ		fully_resolved	high	One prefix/root/suffix parse is structurally possible.
གཟའར					a					unusual_stack	none	Consonant sequence does not match conservative role patterns.
གཟར	ག		ཟ		a	ར		ཟ		fully_resolved	high	One prefix/root/suffix parse is structurally possible.
གཟས	ག		ཟ		a	ས		ཟ		fully_resolved	high	One prefix/root/suffix parse is structurally possible.
གཟི	ག		ཟ		i			ཟ		fully_resolved	high	One prefix/root/suffix parse is structurally possible.
གཟིགས	ག		ཟ		i	ག	ས	ཟ		fully_resolved	high	One prefix/root/suffix parse is structurally possible.
གཟིངས	ག		ཟ		i	ང	ས	ཟ		fully_resolved	high	One prefix/root/suffix parse is structurally possible.
གཟིར	ག		ཟ		i	ར		ཟ		fully_resolved	high	One prefix/root/suffix parse is structurally possible.
གཟུག	ག		ཟ		u	ག		ཟ		fully_resolved	high	One prefix/root/suffix parse is structurally possible.
གཟུགས	ག		ཟ		u	ག	ས	ཟ		fully_resolved	high	One prefix/root/suffix parse is structurally possible.
གཟུགསྣ		ས	ན		u			སན	ག;ཟ	partially_resolved	medium	Stack resolved; extra consonants remain ambiguous.
གཟུང	ག		ཟ		u	ང		ཟ		fully_resolved	high	One prefix/root/suffix parse is structurally possible.
གཟུངས	ག		ཟ		u	ང	ས	ཟ		fully_resolved	high	One prefix/root/suffix parse is structurally possible.
གཟེགས	ག		ཟ		e	ག	ས	ཟ		fully_resolved	high	One prefix/root/suffix parse is structurally possible.
གཟེབ	ག		ཟ		e	བ		ཟ		fully_resolved	high	One prefix/root/suffix parse is structurally possible.
གཟེར	ག		ཟ		e	ར		ཟ		fully_resolved	high	One prefix/root/suffix parse is structurally possible.
གཟོ	ག		ཟ		o			ཟ		fully_resolved	high	One prefix/root/suffix parse is structurally possible.
གཟོགས	ག		ཟ		o	ག	ས	ཟ		fully_resolved	high	One prefix/root/suffix parse is structurally possible.
གཟོང	ག		ཟ		o	ང		ཟ		fully_resolved	high	One prefix/root/suffix parse is structurally possible.
གཟོད	ག		ཟ		o	ད		ཟ		fully_resolved	high	One prefix/root/suffix parse is structurally possible.
གཟོན	ག		ཟ		o	ན		ཟ		fully_resolved	high	One prefix/root/suffix parse is structurally possible.
གཟོས	ག		ཟ		o	ས		ཟ		fully_resolved	high	One prefix/root/suffix parse is structurally possible.
གཟྲིག	ག		ཟ	ར	i	ག		ཟར		fully_resolved	high	Unicode stack and trailing suffix roles resolve uniquely.
གཟྲིགས	ག		ཟ	ར	i	ག	ས	ཟར		fully_resolved	high	Unicode stack and trailing suffix roles resolve uniquely.
གཟྲིར	ག		ཟ	ར	i	ར		ཟར		fully_resolved	high	Unicode stack and trailing suffix roles resolve uniquely.
གཟྲེགས	ག		ཟ	ར	e	ག	ས	ཟར		fully_resolved	high	Unicode stack and trailing suffix roles resolve uniquely.
གཟྲེབ	ག		ཟ	ར	e	བ		ཟར		fully_resolved	high	Unicode stack and trailing suffix roles resolve uniquely.
གཟྲེར	ག		ཟ	ར	e	ར		ཟར		fully_resolved	high	Unicode stack and trailing suffix roles resolve uniquely.
གའཛིན					i					unusual_stack	none	Consonant sequence does not match conservative role patterns.
གའི					i				ག;འ	ambiguous_root	low	Multiple Tibetan-only root parses remain possible.
གའུ					u				ག;འ	ambiguous_root	low	Multiple Tibetan-only root parses remain possible.
གའོང	ག		འ		o	ང		འ		fully_resolved	high	One prefix/root/suffix parse is structurally possible.
གཡག	ག		ཡ		a	ག		ཡ		fully_resolved	high	One prefix/root/suffix parse is structurally possible.
གཡང	ག		ཡ		a	ང		ཡ		fully_resolved	high	One prefix/root/suffix parse is structurally possible.
གཡའ	ག		ཡ		a	འ		ཡ		fully_resolved	high	One prefix/root/suffix parse is structurally possible.
གཡར	ག		ཡ		a	ར		ཡ		fully_resolved	high	One prefix/root/suffix parse is structurally possible.
གཡལ	ག		ཡ		a	ལ		ཡ		fully_resolved	high	One prefix/root/suffix parse is structurally possible.
གཡས	ག		ཡ		a	ས		ཡ		fully_resolved	high	One prefix/root/suffix parse is structurally possible.
གཡིངས	ག		ཡ		i	ང	ས	ཡ		fully_resolved	high	One prefix/root/suffix parse is structurally possible.
གཡུ	ག		ཡ		u			ཡ		fully_resolved	high	One prefix/root/suffix parse is structurally possible.
གཡུང	ག		ཡ		u	ང		ཡ		fully_resolved	high	One prefix/root/suffix parse is structurally possible.
གཡུལ	ག		ཡ		u	ལ		ཡ		fully_resolved	high	One prefix/root/suffix parse is structurally possible.
གཡེ	ག		ཡ		e			ཡ		fully_resolved	high	One prefix/root/suffix parse is structurally possible.
གཡེང	ག		ཡ		e	ང		ཡ		fully_resolved	high	One prefix/root/suffix parse is structurally possible.
གཡེངས	ག		ཡ		e	ང	ས	ཡ		fully_resolved	high	One prefix/root/suffix parse is structurally possible.
གཡེན	ག		ཡ		e	ན		ཡ		fully_resolved	high	One prefix/root/suffix parse is structurally possible.
གཡེར	ག		ཡ		e	ར		ཡ		fully_resolved	high	One prefix/root/suffix parse is structurally possible.
གཡེལ	ག		ཡ		e	ལ		ཡ		fully_resolved	high	One prefix/root/suffix parse is structurally possible.
གཡོ	ག		ཡ		o			ཡ		fully_resolved	high	One prefix/root/suffix parse is structurally possible.
གཡོག	ག		ཡ		o	ག		ཡ		fully_resolved	high	One prefix/root/suffix parse is structurally possible.
གཡོགས	ག		ཡ		o	ག	ས	ཡ		fully_resolved	high	One prefix/root/suffix parse is structurally possible.
གཡོན	ག		ཡ		o	ན		ཡ		fully_resolved	high	One prefix/root/suffix parse is structurally possible.
གཡོར	ག		ཡ		o	ར		ཡ		fully_resolved	high	One prefix/root/suffix parse is structurally possible.
གཡོལ	ག		ཡ		o	ལ		ཡ		fully_resolved	high	One prefix/root/suffix parse is structurally possible.
གཡོས	ག		ཡ		o	ས		ཡ		fully_resolved	high	One prefix/root/suffix parse is structurally possible.
གར					a				ག;ར	ambiguous_root	low	Multiple Tibetan-only root parses remain possible.
གརཆུང					u					unusual_stack	none	Consonant sequence does not match conservative role patterns.
གརྐཆ	ག	ར	ཀ		a			རཀ	ཆ	partially_resolved	medium	Stack resolved; extra consonants remain ambiguous.
གལ					a				ག;ལ	ambiguous_root	low	Multiple Tibetan-only root parses remain possible.
གཤ	ག		ཤ		a			ཤ		fully_resolved	high	One prefix/root/suffix parse is structurally possible.
གཤགས	ག		ཤ		a	ག	ས	ཤ		fully_resolved	high	One prefix/root/suffix parse is structurally possible.
གཤང	ག		ཤ		a	ང		ཤ		fully_resolved	high	One prefix/root/suffix parse is structurally possible.
གཤངས	ག		ཤ		a	ང	ས	ཤ		fully_resolved	high	One prefix/root/suffix parse is structurally possible.
གཤམ	ག		ཤ		a	མ		ཤ		fully_resolved	high	One prefix/root/suffix parse is structurally possible.
གཤར	ག		ཤ		a	ར		ཤ		fully_resolved	high	One prefix/root/suffix parse is structurally possible.
གཤལ	ག		ཤ		a	ལ		ཤ		fully_resolved	high	One prefix/root/suffix parse is structurally possible.
གཤིན	ག		ཤ		i	ན		ཤ		fully_resolved	high	One prefix/root/suffix parse is structurally possible.
གཤིམ	ག		ཤ		i	མ		ཤ		fully_resolved	high	One prefix/root/suffix parse is structurally possible.
གཤིས	ག		ཤ		i	ས		ཤ		fully_resolved	high	One prefix/root/suffix parse is structurally possible.
གཤུང	ག		ཤ		u	ང		ཤ		fully_resolved	high	One prefix/root/suffix parse is structurally possible.
གཤེ	ག		ཤ		e			ཤ		fully_resolved	high	One prefix/root/suffix parse is structurally possible.
གཤེག	ག		ཤ		e	ག		ཤ		fully_resolved	high	One prefix/root/suffix parse is structurally possible.
གཤེགས	ག		ཤ		e	ག	ས	ཤ		fully_resolved	high	One prefix/root/suffix parse is structurally possible.
གཤེད	ག		ཤ		e	ད		ཤ		fully_resolved	high	One prefix/root/suffix parse is structurally possible.
གཤེན	ག		ཤ		e	ན		ཤ		fully_resolved	high	One prefix/root/suffix parse is structurally possible.
གཤེར	ག		ཤ		e	ར		ཤ		fully_resolved	high	One prefix/root/suffix parse is structurally possible.
གཤེས	ག		ཤ		e	ས		ཤ		fully_resolved	high	One prefix/root/suffix parse is structurally possible.
གཤོག	ག		ཤ		o	ག		ཤ		fully_resolved	high	One prefix/root/suffix parse is structurally possible.
གཤོང	ག		ཤ		o	ང		ཤ		fully_resolved	high	One prefix/root/suffix parse is structurally possible.
གཤོངས	ག		ཤ		o	ང	ས	ཤ		fully_resolved	high	One prefix/root/suffix parse is structurally possible.
གཤོམ	ག		ཤ		o	མ		ཤ		fully_resolved	high	One prefix/root/suffix parse is structurally possible.
གཤོར	ག		ཤ		o	ར		ཤ		fully_resolved	high	One prefix/root/suffix parse is structurally possible.
གཤོལ	ག		ཤ		o	ལ		ཤ		fully_resolved	high	One prefix/root/suffix parse is structurally possible.
གས					a				ག;ས	ambiguous_root	low	Multiple Tibetan-only root parses remain possible.
གསག	ག		ས		a	ག		ས		fully_resolved	high	One prefix/root/suffix parse is structurally possible.
གསང	ག		ས		a	ང		ས		fully_resolved	high	One prefix/root/suffix parse is structurally possible.
གསན	ག		ས		a	ན		ས		fully_resolved	high	One prefix/root/suffix parse is structurally possible.
གསབ	ག		ས		a	བ		ས		fully_resolved	high	One prefix/root/suffix parse is structurally possible.
གསམ	ག		ས		a	མ		ས		fully_resolved	high	One prefix/root/suffix parse is structurally possible.
གསའ	ག		ས		a	འ		ས		fully_resolved	high	One prefix/root/suffix parse is structurally possible.
གསར	ག		ས		a	ར		ས		fully_resolved	high	One prefix/root/suffix parse is structurally possible.
གསལ	ག		ས		a	ལ		ས		fully_resolved	high	One prefix/root/suffix parse is structurally possible.
གསས					a				ག;ས	ambiguous_root	low	Multiple Tibetan-only root parses remain possible.
གསིག	ག		ས		i	ག		ས		fully_resolved	high	One prefix/root/suffix parse is structurally possible.
གསིང	ག		ས		i	ང		ས		fully_resolved	high	One prefix/root/suffix parse is structurally possible.
གསིད					i				ག;ས	ambiguous_root	low	Multiple Tibetan-only root parses remain possible.
གསིལ	ག		ས		i	ལ		ས		fully_resolved	high	One prefix/root/suffix parse is structurally possible.
གསུ					u				ག;ས	ambiguous_root	low	Multiple Tibetan-only root parses remain possible.
གསུག	ག		ས		u	ག		ས		fully_resolved	high	One prefix/root/suffix parse is structurally possible.
གསུང	ག		ས		u	ང		ས		fully_resolved	high	One prefix/root/suffix parse is structurally possible.
གསུད					u				ག;ས	ambiguous_root	low	Multiple Tibetan-only root parses remain possible.
གསུམ	ག		ས		u	མ		ས		fully_resolved	high	One prefix/root/suffix parse is structurally possible.
གསུར	ག		ས		u	ར		ས		fully_resolved	high	One prefix/root/suffix parse is structurally possible.
གསེ					e				ག;ས	ambiguous_root	low	Multiple Tibetan-only root parses remain possible.
གསེག	ག		ས		e	ག		ས		fully_resolved	high	One prefix/root/suffix parse is structurally possible.
གསེགས	ག		ས		e	ག	ས	ས		fully_resolved	high	One prefix/root/suffix parse is structurally possible.
གསེང	ག		ས		e	ང		ས		fully_resolved	high	One prefix/root/suffix parse is structurally possible.
གསེབ	ག		ས		e	བ		ས		fully_resolved	high	One prefix/root/suffix parse is structurally possible.
གསེར	ག		ས		e	ར		ས		fully_resolved	high	One prefix/root/suffix parse is structurally possible.
གསོ					o				ག;ས	ambiguous_root	low	Multiple Tibetan-only root parses remain possible.
གསོག	ག		ས		o	ག		ས		fully_resolved	high	One prefix/root/suffix parse is structurally possible.
གསོད					o				ག;ས	ambiguous_root	low	Multiple Tibetan-only root parses remain possible.
གསོབ	ག		ས		o	བ		ས		fully_resolved	high	One prefix/root/suffix parse is structurally possible.
གསོར	ག		ས		o	ར		ས		fully_resolved	high	One prefix/root/suffix parse is structurally possible.
གསོལ	ག		ས		o	ལ		ས		fully_resolved	high	One prefix/root/suffix parse is structurally possible.
གསོས					o				ག;ས	ambiguous_root	low	Multiple Tibetan-only root parses remain possible.
གསྒམ	ག	ས	ག		a	མ		སག		fully_resolved	high	Unicode stack and trailing suffix roles resolve uniquely.
གསྲལ	ག		ས	ར	a	ལ		སར		fully_resolved	high	Unicode stack and trailing suffix roles resolve uniquely.
གཱ					a					unsupported_orthographic_sign	none	Unsupported transcription-bearing Tibetan signs: U+0F71
གི			ག		i			ག		fully_resolved	high	One prefix/root/suffix parse is structurally possible.
གིང					i				ག;ང	ambiguous_root	low	Multiple Tibetan-only root parses remain possible.
གིན					i				ག;ན	ambiguous_root	low	Multiple Tibetan-only root parses remain possible.
གིཞུ										unsupported_orthographic_sign	none	Multiple Tibetan vowel signs are not modelled.
གིར					i				ག;ར	ambiguous_root	low	Multiple Tibetan-only root parses remain possible.
གིས					i				ག;ས	ambiguous_root	low	Multiple Tibetan-only root parses remain possible.
གུ			ག		u			ག		fully_resolved	high	One prefix/root/suffix parse is structurally possible.
གུག					u				ག	ambiguous_root	low	Multiple Tibetan-only root parses remain possible.
གུང					u				ག;ང	ambiguous_root	low	Multiple Tibetan-only root parses remain possible.
གུད					u				ག;ད	ambiguous_root	low	Multiple Tibetan-only root parses remain possible.
གུན					u				ག;ན	ambiguous_root	low	Multiple Tibetan-only root parses remain possible.
གུབ					u				ག;བ	ambiguous_root	low	Multiple Tibetan-only root parses remain possible.
གུམ					u				ག;མ	ambiguous_root	low	Multiple Tibetan-only root parses remain possible.
གུའ					u				ག;འ	ambiguous_root	low	Multiple Tibetan-only root parses remain possible.
གུར					u				ག;ར	ambiguous_root	low	Multiple Tibetan-only root parses remain possible.
གུས					u				ག;ས	ambiguous_root	low	Multiple Tibetan-only root parses remain possible.
གེ			ག		e			ག		fully_resolved	high	One prefix/root/suffix parse is structurally possible.
གེག					e				ག	ambiguous_root	low	Multiple Tibetan-only root parses remain possible.
གེགས					e				ག	ambiguous_root	low	Multiple Tibetan-only root parses remain possible.
གེའི										unsupported_orthographic_sign	none	Multiple Tibetan vowel signs are not modelled.
གེའུ										unsupported_orthographic_sign	none	Multiple Tibetan vowel signs are not modelled.
གེར					e				ག;ར	ambiguous_root	low	Multiple Tibetan-only root parses remain possible.
གེལ					e				ག;ལ	ambiguous_root	low	Multiple Tibetan-only root parses remain possible.
གེས					e				ག;ས	ambiguous_root	low	Multiple Tibetan-only root parses remain possible.
གོ			ག		o			ག		fully_resolved	high	One prefix/root/suffix parse is structurally possible.
གོག					o				ག	ambiguous_root	low	Multiple Tibetan-only root parses remain possible.
གོགས					o				ག	ambiguous_root	low	Multiple Tibetan-only root parses remain possible.
གོང					o				ག;ང	ambiguous_root	low	Multiple Tibetan-only root parses remain possible.
གོངས					o				ག;ང	ambiguous_root	low	Multiple Tibetan-only root parses remain possible.
གོད					o				ག;ད	ambiguous_root	low	Multiple Tibetan-only root parses remain possible.
གོན					o				ག;ན	ambiguous_root	low	Multiple Tibetan-only root parses remain possible.
གོབ					o				ག;བ	ambiguous_root	low	Multiple Tibetan-only root parses remain possible.
གོམ					o				ག;མ	ambiguous_root	low	Multiple Tibetan-only root parses remain possible.
གོམས					o				ག;མ	ambiguous_root	low	Multiple Tibetan-only root parses remain possible.
གོའུ										unsupported_orthographic_sign	none	Multiple Tibetan vowel signs are not modelled.
གོའོ										unsupported_orthographic_sign	none	Multiple Tibetan vowel signs are not modelled.
གོར					o				ག;ར	ambiguous_root	low	Multiple Tibetan-only root parses remain possible.
གོལ					o				ག;ལ	ambiguous_root	low	Multiple Tibetan-only root parses remain possible.
གོས					o				ག;ས	ambiguous_root	low	Multiple Tibetan-only root parses remain possible.
གཾ					a					unsupported_orthographic_sign	none	Unsupported transcription-bearing Tibetan signs: U+0F7E
གཿ					a					unsupported_orthographic_sign	none	Unsupported transcription-bearing Tibetan signs: U+0F7F
གྐནས			ག	ཀ	a	ན	ས	གཀ		fully_resolved	high	Unicode stack and trailing suffix roles resolve uniquely.
གྒ			ག	ག	a			གག		fully_resolved	high	Unicode stack and trailing suffix roles resolve uniquely.
གྒང			ག	ག	a	ང		གག		fully_resolved	high	Unicode stack and trailing suffix roles resolve uniquely.
གྒན			ག	ག	a	ན		གག		fully_resolved	high	Unicode stack and trailing suffix roles resolve uniquely.
གྒམ			ག	ག	a	མ		གག		fully_resolved	high	Unicode stack and trailing suffix roles resolve uniquely.
གྒལ			ག	ག	a	ལ		གག		fully_resolved	high	Unicode stack and trailing suffix roles resolve uniquely.
གྒུགས			ག	ག	u	ག	ས	གག		fully_resolved	high	Unicode stack and trailing suffix roles resolve uniquely.
གྒོ			ག	ག	o			གག		fully_resolved	high	Unicode stack and trailing suffix roles resolve uniquely.
གྒོག			ག	ག	o	ག		གག		fully_resolved	high	Unicode stack and trailing suffix roles resolve uniquely.
གྒོང			ག	ག	o	ང		གག		fully_resolved	high	Unicode stack and trailing suffix roles resolve uniquely.
གྒོའི										unsupported_orthographic_sign	none	Multiple Tibetan vowel signs are not modelled.
གྒྨྲ			ག	གམར	a			གགམར		fully_resolved	high	Unicode stack and trailing suffix roles resolve uniquely.
གྒྱམ			ག	གཡ	a	མ		གགཡ		fully_resolved	high	Unicode stack and trailing suffix roles resolve uniquely.
གྒྲ			ག	གར	a			གགར		fully_resolved	high	Unicode stack and trailing suffix roles resolve uniquely.
གྒྲུགས			ག	གར	u	ག	ས	གགར		fully_resolved	high	Unicode stack and trailing suffix roles resolve uniquely.
གྫ			ག	ཛ	a			གཛ		fully_resolved	high	Unicode stack and trailing suffix roles resolve uniquely.
གྭ			ག	ཝ	a			གཝ		fully_resolved	high	Unicode stack and trailing suffix roles resolve uniquely.
གྱ			ག	ཡ	a			གཡ		fully_resolved	high	Unicode stack and trailing suffix roles resolve uniquely.
གྱག			ག	ཡ	a	ག		གཡ		fully_resolved	high	Unicode stack and trailing suffix roles resolve uniquely.
གྱགས			ག	ཡ	a	ག	ས	གཡ		fully_resolved	high	Unicode stack and trailing suffix roles resolve uniquely.
གྱང			ག	ཡ	a	ང		གཡ		fully_resolved	high	Unicode stack and trailing suffix roles resolve uniquely.
གྱད			ག	ཡ	a	ད		གཡ		fully_resolved	high	Unicode stack and trailing suffix roles resolve uniquely.
གྱབ			ག	ཡ	a	བ		གཡ		fully_resolved	high	Unicode stack and trailing suffix roles resolve uniquely.
གྱམ			ག	ཡ	a	མ		གཡ		fully_resolved	high	Unicode stack and trailing suffix roles resolve uniquely.
གྱའི			ག	ཡ	i	འ		གཡ		fully_resolved	high	Unicode stack and trailing suffix roles resolve uniquely.
གྱར			ག	ཡ	a	ར		གཡ		fully_resolved	high	Unicode stack and trailing suffix roles resolve uniquely.
གྱལ			ག	ཡ	a	ལ		གཡ		fully_resolved	high	Unicode stack and trailing suffix roles resolve uniquely.
གྱི			ག	ཡ	i			གཡ		fully_resolved	high	Unicode stack and trailing suffix roles resolve uniquely.
གྱིག			ག	ཡ	i	ག		གཡ		fully_resolved	high	Unicode stack and trailing suffix roles resolve uniquely.
གྱིང			ག	ཡ	i	ང		གཡ		fully_resolved	high	Unicode stack and trailing suffix roles resolve uniquely.
གྱིན			ག	ཡ	i	ན		གཡ		fully_resolved	high	Unicode stack and trailing suffix roles resolve uniquely.
གྱིས			ག	ཡ	i	ས		གཡ		fully_resolved	high	Unicode stack and trailing suffix roles resolve uniquely.
གྱུ			ག	ཡ	u			གཡ		fully_resolved	high	Unicode stack and trailing suffix roles resolve uniquely.
གྱུབ			ག	ཡ	u	བ		གཡ		fully_resolved	high	Unicode stack and trailing suffix roles resolve uniquely.
གྱུམས			ག	ཡ	u	མ	ས	གཡ		fully_resolved	high	Unicode stack and trailing suffix roles resolve uniquely.
གྱུར			ག	ཡ	u	ར		གཡ		fully_resolved	high	Unicode stack and trailing suffix roles resolve uniquely.
གྱེ			ག	ཡ	e			གཡ		fully_resolved	high	Unicode stack and trailing suffix roles resolve uniquely.
གྱེང			ག	ཡ	e	ང		གཡ		fully_resolved	high	Unicode stack and trailing suffix roles resolve uniquely.
གྱེད			ག	ཡ	e	ད		གཡ		fully_resolved	high	Unicode stack and trailing suffix roles resolve uniquely.
གྱེན			ག	ཡ	e	ན		གཡ		fully_resolved	high	Unicode stack and trailing suffix roles resolve uniquely.
གྱེར			ག	ཡ	e	ར		གཡ		fully_resolved	high	Unicode stack and trailing suffix roles resolve uniquely.
གྱེས			ག	ཡ	e	ས		གཡ		fully_resolved	high	Unicode stack and trailing suffix roles resolve uniquely.
གྱོ			ག	ཡ	o			གཡ		fully_resolved	high	Unicode stack and trailing suffix roles resolve uniquely.
གྱོག			ག	ཡ	o	ག		གཡ		fully_resolved	high	Unicode stack and trailing suffix roles resolve uniquely.
གྱོགས			ག	ཡ	o	ག	ས	གཡ		fully_resolved	high	Unicode stack and trailing suffix roles resolve uniquely.
གྱོང			ག	ཡ	o	ང		གཡ		fully_resolved	high	Unicode stack and trailing suffix roles resolve uniquely.
གྱོད			ག	ཡ	o	ད		གཡ		fully_resolved	high	Unicode stack and trailing suffix roles resolve uniquely.
གྱོན			ག	ཡ	o	ན		གཡ		fully_resolved	high	Unicode stack and trailing suffix roles resolve uniquely.
གྱོས			ག	ཡ	o	ས		གཡ		fully_resolved	high	Unicode stack and trailing suffix roles resolve uniquely.
གྱྭ			ག	ཡཝ	a			གཡཝ		fully_resolved	high	Unicode stack and trailing suffix roles resolve uniquely.
གྲ			ག	ར	a			གར		fully_resolved	high	Unicode stack and trailing suffix roles resolve uniquely.
གྲག			ག	ར	a	ག		གར		fully_resolved	high	Unicode stack and trailing suffix roles resolve uniquely.
གྲགས			ག	ར	a	ག	ས	གར		fully_resolved	high	Unicode stack and trailing suffix roles resolve uniquely.
གྲང			ག	ར	a	ང		གར		fully_resolved	high	Unicode stack and trailing suffix roles resolve uniquely.
གྲངས			ག	ར	a	ང	ས	གར		fully_resolved	high	Unicode stack and trailing suffix roles resolve uniquely.
གྲཆམཊ			ག	ར	a			གར	ཆ;མ;ཊ	partially_resolved	medium	Stack resolved; extra consonants remain ambiguous.
གྲན			ག	ར	a	ན		གར		fully_resolved	high	Unicode stack and trailing suffix roles resolve uniquely.
གྲབ			ག	ར	a	བ		གར		fully_resolved	high	Unicode stack and trailing suffix roles resolve uniquely.
གྲབན			ག	ར	a	ན		གར	བ	partially_resolved	medium	Stack resolved; extra consonants remain ambiguous.
གྲབས			ག	ར	a	བ	ས	གར		fully_resolved	high	Unicode stack and trailing suffix roles resolve uniquely.
གྲམ			ག	ར	a	མ		གར		fully_resolved	high	Unicode stack and trailing suffix roles resolve uniquely.
གྲམས			ག	ར	a	མ	ས	གར		fully_resolved	high	Unicode stack and trailing suffix roles resolve uniquely.
གྲཟན			ག	ར	a	ན		གར	ཟ	partially_resolved	medium	Stack resolved; extra consonants remain ambiguous.
གྲཟི			ག	ར	i			གར	ཟ	partially_resolved	medium	Stack resolved; extra consonants remain ambiguous.
གྲཟུང			ག	ར	u	ང		གར	ཟ	partially_resolved	medium	Stack resolved; extra consonants remain ambiguous.
གྲཟོ			ག	ར	o			གར	ཟ	partially_resolved	medium	Stack resolved; extra consonants remain ambiguous.
གྲའ			ག	ར	a	འ		གར		fully_resolved	high	Unicode stack and trailing suffix roles resolve uniquely.
གྲའོ			ག	ར	o	འ		གར		fully_resolved	high	Unicode stack and trailing suffix roles resolve uniquely.
གྲར			ག	ར	a	ར		གར		fully_resolved	high	Unicode stack and trailing suffix roles resolve uniquely.
གྲལ			ག	ར	a	ལ		གར		fully_resolved	high	Unicode stack and trailing suffix roles resolve uniquely.
གྲས			ག	ར	a	ས		གར		fully_resolved	high	Unicode stack and trailing suffix roles resolve uniquely.
གྲསས			ག	ར	a	ས	ས	གར		fully_resolved	high	Unicode stack and trailing suffix roles resolve uniquely.
གྲི			ག	ར	i			གར		fully_resolved	high	Unicode stack and trailing suffix roles resolve uniquely.
གྲིགས			ག	ར	i	ག	ས	གར		fully_resolved	high	Unicode stack and trailing suffix roles resolve uniquely.
གྲིང			ག	ར	i	ང		གར		fully_resolved	high	Unicode stack and trailing suffix roles resolve uniquely.
གྲིབ			ག	ར	i	བ		གར		fully_resolved	high	Unicode stack and trailing suffix roles resolve uniquely.
གྲིབས			ག	ར	i	བ	ས	གར		fully_resolved	high	Unicode stack and trailing suffix roles resolve uniquely.
གྲིམ			ག	ར	i	མ		གར		fully_resolved	high	Unicode stack and trailing suffix roles resolve uniquely.
གྲིམས			ག	ར	i	མ	ས	གར		fully_resolved	high	Unicode stack and trailing suffix roles resolve uniquely.
གྲིལ			ག	ར	i	ལ		གར		fully_resolved	high	Unicode stack and trailing suffix roles resolve uniquely.
གྲུ			ག	ར	u			གར		fully_resolved	high	Unicode stack and trailing suffix roles resolve uniquely.
གྲུག			ག	ར	u	ག		གར		fully_resolved	high	Unicode stack and trailing suffix roles resolve uniquely.
གྲུགས			ག	ར	u	ག	ས	གར		fully_resolved	high	Unicode stack and trailing suffix roles resolve uniquely.
གྲུང			ག	ར	u	ང		གར		fully_resolved	high	Unicode stack and trailing suffix roles resolve uniquely.
གྲུབ			ག	ར	u	བ		གར		fully_resolved	high	Unicode stack and trailing suffix roles resolve uniquely.
གྲུབས			ག	ར	u	བ	ས	གར		fully_resolved	high	Unicode stack and trailing suffix roles resolve uniquely.
གྲུམ			ག	ར	u	མ		གར		fully_resolved	high	Unicode stack and trailing suffix roles resolve uniquely.
གྲུའི										unsupported_orthographic_sign	none	Multiple Tibetan vowel signs are not modelled.
གྲུའེ										unsupported_orthographic_sign	none	Multiple Tibetan vowel signs are not modelled.
གྲུལ			ག	ར	u	ལ		གར		fully_resolved	high	Unicode stack and trailing suffix roles resolve uniquely.
གྲུས			ག	ར	u	ས		གར		fully_resolved	high	Unicode stack and trailing suffix roles resolve uniquely.
གྲེ			ག	ར	e			གར		fully_resolved	high	Unicode stack and trailing suffix roles resolve uniquely.
གྲེང			ག	ར	e	ང		གར		fully_resolved	high	Unicode stack and trailing suffix roles resolve uniquely.
གྲེའུ										unsupported_orthographic_sign	none	Multiple Tibetan vowel signs are not modelled.
གྲེལ			ག	ར	e	ལ		གར		fully_resolved	high	Unicode stack and trailing suffix roles resolve uniquely.
གྲེས			ག	ར	e	ས		གར		fully_resolved	high	Unicode stack and trailing suffix roles resolve uniquely.
གྲོ			ག	ར	o			གར		fully_resolved	high	Unicode stack and trailing suffix roles resolve uniquely.
གྲོག			ག	ར	o	ག		གར		fully_resolved	high	Unicode stack and trailing suffix roles resolve uniquely.
གྲོགས			ག	ར	o	ག	ས	གར		fully_resolved	high	Unicode stack and trailing suffix roles resolve uniquely.
གྲོང			ག	ར	o	ང		གར		fully_resolved	high	Unicode stack and trailing suffix roles resolve uniquely.
གྲོངས			ག	ར	o	ང	ས	གར		fully_resolved	high	Unicode stack and trailing suffix roles resolve uniquely.
གྲོན			ག	ར	o	ན		གར		fully_resolved	high	Unicode stack and trailing suffix roles resolve uniquely.
གྲོམ			ག	ར	o	མ		གར		fully_resolved	high	Unicode stack and trailing suffix roles resolve uniquely.
གྲོའི										unsupported_orthographic_sign	none	Multiple Tibetan vowel signs are not modelled.
གྲོར			ག	ར	o	ར		གར		fully_resolved	high	Unicode stack and trailing suffix roles resolve uniquely.
གྲོལ			ག	ར	o	ལ		གར		fully_resolved	high	Unicode stack and trailing suffix roles resolve uniquely.
གྲོས			ག	ར	o	ས		གར		fully_resolved	high	Unicode stack and trailing suffix roles resolve uniquely.
གྲོཾཿ					o					unsupported_orthographic_sign	none	Unsupported transcription-bearing Tibetan signs: U+0F7E,U+0F7F
གྲོཿ					o					unsupported_orthographic_sign	none	Unsupported transcription-bearing Tibetan signs: U+0F7F
གྲྭ			ག	རཝ	a			གརཝ		fully_resolved	high	Unicode stack and trailing suffix roles resolve uniquely.
གླ			ག	ལ	a			གལ		fully_resolved	high	Unicode stack and trailing suffix roles resolve uniquely.
གླག			ག	ལ	a	ག		གལ		fully_resolved	high	Unicode stack and trailing suffix roles resolve uniquely.
གླགས			ག	ལ	a	ག	ས	གལ		fully_resolved	high	Unicode stack and trailing suffix roles resolve uniquely.
གླང			ག	ལ	a	ང		གལ		fully_resolved	high	Unicode stack and trailing suffix roles resolve uniquely.
གླད			ག	ལ	a	ད		གལ		fully_resolved	high	Unicode stack and trailing suffix roles resolve uniquely.
གླན			ག	ལ	a	ན		གལ		fully_resolved	high	Unicode stack and trailing suffix roles resolve uniquely.
གླམ			ག	ལ	a	མ		གལ		fully_resolved	high	Unicode stack and trailing suffix roles resolve uniquely.
གླལ			ག	ལ	a	ལ		གལ		fully_resolved	high	Unicode stack and trailing suffix roles resolve uniquely.
གླས			ག	ལ	a	ས		གལ		fully_resolved	high	Unicode stack and trailing suffix roles resolve uniquely.
གླི			ག	ལ	i			གལ		fully_resolved	high	Unicode stack and trailing suffix roles resolve uniquely.
གླིང			ག	ལ	i	ང		གལ		fully_resolved	high	Unicode stack and trailing suffix roles resolve uniquely.
གླིངས			ག	ལ	i	ང	ས	གལ		fully_resolved	high	Unicode stack and trailing suffix roles resolve uniquely.
གླུ			ག	ལ	u			གལ		fully_resolved	high	Unicode stack and trailing suffix roles resolve uniquely.
གླུག			ག	ལ	u	ག		གལ		fully_resolved	high	Unicode stack and trailing suffix roles resolve uniquely.
གླུང			ག	ལ	u	ང		གལ		fully_resolved	high	Unicode stack and trailing suffix roles resolve uniquely.
གླུད			ག	ལ	u	ད		གལ		fully_resolved	high	Unicode stack and trailing suffix roles resolve uniquely.
གླུན			ག	ལ	u	ན		གལ		fully_resolved	high	Unicode stack and trailing suffix roles resolve uniquely.
གླུབ			ག	ལ	u	བ		གལ		fully_resolved	high	Unicode stack and trailing suffix roles resolve uniquely.
གླུམ			ག	ལ	u	མ		གལ		fully_resolved	high	Unicode stack and trailing suffix roles resolve uniquely.
གླེ			ག	ལ	e			གལ		fully_resolved	high	Unicode stack and trailing suffix roles resolve uniquely.
གླེག			ག	ལ	e	ག		གལ		fully_resolved	high	Unicode stack and trailing suffix roles resolve uniquely.
གླེགས			ག	ལ	e	ག	ས	གལ		fully_resolved	high	Unicode stack and trailing suffix roles resolve uniquely.
གླེང			ག	ལ	e	ང		གལ		fully_resolved	high	Unicode stack and trailing suffix roles resolve uniquely.
གླེངས			ག	ལ	e	ང	ས	གལ		fully_resolved	high	Unicode stack and trailing suffix roles resolve uniquely.
གླེན			ག	ལ	e	ན		གལ		fully_resolved	high	Unicode stack and trailing suffix roles resolve uniquely.
གླེབ			ག	ལ	e	བ		གལ		fully_resolved	high	Unicode stack and trailing suffix roles resolve uniquely.
གླེབས			ག	ལ	e	བ	ས	གལ		fully_resolved	high	Unicode stack and trailing suffix roles resolve uniquely.
གླེའུ										unsupported_orthographic_sign	none	Multiple Tibetan vowel signs are not modelled.
གློ			ག	ལ	o			གལ		fully_resolved	high	Unicode stack and trailing suffix roles resolve uniquely.
གློག			ག	ལ	o	ག		གལ		fully_resolved	high	Unicode stack and trailing suffix roles resolve uniquely.
གློགས			ག	ལ	o	ག	ས	གལ		fully_resolved	high	Unicode stack and trailing suffix roles resolve uniquely.
གློང			ག	ལ	o	ང		གལ		fully_resolved	high	Unicode stack and trailing suffix roles resolve uniquely.
གློངས			ག	ལ	o	ང	ས	གལ		fully_resolved	high	Unicode stack and trailing suffix roles resolve uniquely.
གློད			ག	ལ	o	ད		གལ		fully_resolved	high	Unicode stack and trailing suffix roles resolve uniquely.
གློན			ག	ལ	o	ན		གལ		fully_resolved	high	Unicode stack and trailing suffix roles resolve uniquely.
གློའི										unsupported_orthographic_sign	none	Multiple Tibetan vowel signs are not modelled.
གློལ			ག	ལ	o	ལ		གལ		fully_resolved	high	Unicode stack and trailing suffix roles resolve uniquely.
གློས			ག	ལ	o	ས		གལ		fully_resolved	high	Unicode stack and trailing suffix roles resolve uniquely.
གླཾ					a					unsupported_orthographic_sign	none	Unsupported transcription-bearing Tibetan signs: U+0F7E
གླྭ			ག	ལཝ	a			གལཝ		fully_resolved	high	Unicode stack and trailing suffix roles resolve uniquely.
གྷ			ག	ཧ	a			གཧ		fully_resolved	high	Unicode stack and trailing suffix roles resolve uniquely.
གྷན			ག	ཧ	a	ན		གཧ		fully_resolved	high	Unicode stack and trailing suffix roles resolve uniquely.
གྷི			ག	ཧ	i			གཧ		fully_resolved	high	Unicode stack and trailing suffix roles resolve uniquely.
གྷིར			ག	ཧ	i	ར		གཧ		fully_resolved	high	Unicode stack and trailing suffix roles resolve uniquely.
ང			ང		a			ང		fully_resolved	high	One prefix/root/suffix parse is structurally possible.
ངཀ					a					unusual_stack	none	Consonant sequence does not match conservative role patterns.
ངཀཔ					a					unusual_stack	none	Consonant sequence does not match conservative role patterns.
ངག			ང		a	ག		ང		fully_resolved	high	One prefix/root/suffix parse is structurally possible.
ངགས			ང		a	ག	ས	ང		fully_resolved	high	One prefix/root/suffix parse is structurally possible.
ངགྲེར			ག	ར	e	ར		གར	ང	partially_resolved	medium	Stack resolved; extra consonants remain ambiguous.
ངང			ང		a	ང		ང		fully_resolved	high	One prefix/root/suffix parse is structurally possible.
ངཇལ					a					unusual_stack	none	Consonant sequence does not match conservative role patterns.
ངད			ང		a	ད		ང		fully_resolved	high	One prefix/root/suffix parse is structurally possible.
ངདཀའར					a					unusual_stack	none	Consonant sequence does not match conservative role patterns.
ངདོན					o					unusual_stack	none	Consonant sequence does not match conservative role patterns.
ངན			ང		a	ན		ང		fully_resolved	high	One prefix/root/suffix parse is structurally possible.
ངཔང					a					unusual_stack	none	Consonant sequence does not match conservative role patterns.
ངབ			ང		a	བ		ང		fully_resolved	high	One prefix/root/suffix parse is structurally possible.
ངབཁྲང			ཁ	ར	a	ང		ཁར	ང;བ	partially_resolved	medium	Stack resolved; extra consonants remain ambiguous.
ངབང					a					unusual_stack	none	Consonant sequence does not match conservative role patterns.
ངབྱར			བ	ཡ	a	ར		བཡ	ང	partially_resolved	medium	Stack resolved; extra consonants remain ambiguous.
ངམ			ང		a	མ		ང		fully_resolved	high	One prefix/root/suffix parse is structurally possible.
ངམས			ང		a	མ	ས	ང		fully_resolved	high	One prefix/root/suffix parse is structurally possible.
ངའ			ང		a	འ		ང		fully_resolved	high	One prefix/root/suffix parse is structurally possible.
ངའྱེན			འ	ཡ	e	ན		འཡ	ང	partially_resolved	medium	Stack resolved; extra consonants remain ambiguous.
ངར			ང		a	ར		ང		fully_resolved	high	One prefix/root/suffix parse is structurally possible.
ངལ			ང		a	ལ		ང		fully_resolved	high	One prefix/root/suffix parse is structurally possible.
ངས			ང		a	ས		ང		fully_resolved	high	One prefix/root/suffix parse is structurally possible.
ངཱ					a					unsupported_orthographic_sign	none	Unsupported transcription-bearing Tibetan signs: U+0F71
ངི			ང		i			ང		fully_resolved	high	One prefix/root/suffix parse is structurally possible.
ངུ			ང		u			ང		fully_resolved	high	One prefix/root/suffix parse is structurally possible.
ངུད			ང		u	ད		ང		fully_resolved	high	One prefix/root/suffix parse is structurally possible.
ངུའི										unsupported_orthographic_sign	none	Multiple Tibetan vowel signs are not modelled.
ངུར			ང		u	ར		ང		fully_resolved	high	One prefix/root/suffix parse is structurally possible.
ངེ			ང		e			ང		fully_resolved	high	One prefix/root/suffix parse is structurally possible.
ངེར			ང		e	ར		ང		fully_resolved	high	One prefix/root/suffix parse is structurally possible.
ངེས			ང		e	ས		ང		fully_resolved	high	One prefix/root/suffix parse is structurally possible.
ངོ			ང		o			ང		fully_resolved	high	One prefix/root/suffix parse is structurally possible.
ངོག			ང		o	ག		ང		fully_resolved	high	One prefix/root/suffix parse is structurally possible.
ངོགས			ང		o	ག	ས	ང		fully_resolved	high	One prefix/root/suffix parse is structurally possible.
ངོང			ང		o	ང		ང		fully_resolved	high	One prefix/root/suffix parse is structurally possible.
ངོན			ང		o	ན		ང		fully_resolved	high	One prefix/root/suffix parse is structurally possible.
ངོམ			ང		o	མ		ང		fully_resolved	high	One prefix/root/suffix parse is structurally possible.
ངོམས			ང		o	མ	ས	ང		fully_resolved	high	One prefix/root/suffix parse is structurally possible.
ངོས			ང		o	ས		ང		fully_resolved	high	One prefix/root/suffix parse is structurally possible.
ངོཾ					o					unsupported_orthographic_sign	none	Unsupported transcription-bearing Tibetan signs: U+0F7E
ངཿ					a					unsupported_orthographic_sign	none	Unsupported transcription-bearing Tibetan signs: U+0F7F
ངྔ			ང	ང	a			ངང		fully_resolved	high	Unicode stack and trailing suffix roles resolve uniquely.
ངྩོ			ང	ཙ	o			ངཙ		fully_resolved	high	Unicode stack and trailing suffix roles resolve uniquely.
ངྭ			ང	ཝ	a			ངཝ		fully_resolved	high	Unicode stack and trailing suffix roles resolve uniquely.
ངྭོ			ང	ཝ	o			ངཝ		fully_resolved	high	Unicode stack and trailing suffix roles resolve uniquely.
ངྱར			ང	ཡ	a	ར		ངཡ		fully_resolved	high	Unicode stack and trailing suffix roles resolve uniquely.
ངྱེད			ང	ཡ	e	ད		ངཡ		fully_resolved	high	Unicode stack and trailing suffix roles resolve uniquely.
ངྲ			ང	ར	a			ངར		fully_resolved	high	Unicode stack and trailing suffix roles resolve uniquely.
ངྲས			ང	ར	a	ས		ངར		fully_resolved	high	Unicode stack and trailing suffix roles resolve uniquely.
ངྲོ			ང	ར	o			ངར		fully_resolved	high	Unicode stack and trailing suffix roles resolve uniquely.
ངྷ			ང	ཧ	a			ངཧ		fully_resolved	high	Unicode stack and trailing suffix roles resolve uniquely.
ངྷེ			ང	ཧ	e			ངཧ		fully_resolved	high	Unicode stack and trailing suffix roles resolve uniquely.
ཅ			ཅ		a			ཅ		fully_resolved	high	One prefix/root/suffix parse is structurally possible.
ཅག			ཅ		a	ག		ཅ		fully_resolved	high	One prefix/root/suffix parse is structurally possible.
ཅང			ཅ		a	ང		ཅ		fully_resolved	high	One prefix/root/suffix parse is structurally possible.
ཅཆྲེར			ཆ	ར	e	ར		ཆར	ཅ	partially_resolved	medium	Stack resolved; extra consonants remain ambiguous.
ཅད			ཅ		a	ད		ཅ		fully_resolved	high	One prefix/root/suffix parse is structurally possible.
ཅན			ཅ		a	ན		ཅ		fully_resolved	high	One prefix/root/suffix parse is structurally possible.
ཅཔ					a					unusual_stack	none	Consonant sequence does not match conservative role patterns.
ཅབ			ཅ		a	བ		ཅ		fully_resolved	high	One prefix/root/suffix parse is structurally possible.
ཅམ			ཅ		a	མ		ཅ		fully_resolved	high	One prefix/root/suffix parse is structurally possible.
ཅཙམ					a					unusual_stack	none	Consonant sequence does not match conservative role patterns.
ཅའི			ཅ		i	འ		ཅ		fully_resolved	high	One prefix/root/suffix parse is structurally possible.
ཅར			ཅ		a	ར		ཅ		fully_resolved	high	One prefix/root/suffix parse is structurally possible.
ཅལ			ཅ		a	ལ		ཅ		fully_resolved	high	One prefix/root/suffix parse is structurally possible.
ཅས			ཅ		a	ས		ཅ		fully_resolved	high	One prefix/root/suffix parse is structurally possible.
ཅི			ཅ		i			ཅ		fully_resolved	high	One prefix/root/suffix parse is structurally possible.
ཅིག			ཅ		i	ག		ཅ		fully_resolved	high	One prefix/root/suffix parse is structurally possible.
ཅིང			ཅ		i	ང		ཅ		fully_resolved	high	One prefix/root/suffix parse is structurally possible.
ཅིད			ཅ		i	ད		ཅ		fully_resolved	high	One prefix/root/suffix parse is structurally possible.
ཅིའི										unsupported_orthographic_sign	none	Multiple Tibetan vowel signs are not modelled.
ཅིའུ										unsupported_orthographic_sign	none	Multiple Tibetan vowel signs are not modelled.
ཅིར			ཅ		i	ར		ཅ		fully_resolved	high	One prefix/root/suffix parse is structurally possible.
ཅིས			ཅ		i	ས		ཅ		fully_resolved	high	One prefix/root/suffix parse is structurally possible.
ཅུ			ཅ		u			ཅ		fully_resolved	high	One prefix/root/suffix parse is structurally possible.
ཅུག			ཅ		u	ག		ཅ		fully_resolved	high	One prefix/root/suffix parse is structurally possible.
ཅུང			ཅ		u	ང		ཅ		fully_resolved	high	One prefix/root/suffix parse is structurally possible.
ཅུའི										unsupported_orthographic_sign	none	Multiple Tibetan vowel signs are not modelled.
ཅུར			ཅ		u	ར		ཅ		fully_resolved	high	One prefix/root/suffix parse is structurally possible.
ཅུསྐོ										unsupported_orthographic_sign	none	Multiple Tibetan vowel signs are not modelled.
ཅེ			ཅ		e			ཅ		fully_resolved	high	One prefix/root/suffix parse is structurally possible.
ཅེང			ཅ		e	ང		ཅ		fully_resolved	high	One prefix/root/suffix parse is structurally possible.
ཅེན			ཅ		e	ན		ཅ		fully_resolved	high	One prefix/root/suffix parse is structurally possible.
ཅེམ			ཅ		e	མ		ཅ		fully_resolved	high	One prefix/root/suffix parse is structurally possible.
ཅེའུ										unsupported_orthographic_sign	none	Multiple Tibetan vowel signs are not modelled.
ཅེར			ཅ		e	ར		ཅ		fully_resolved	high	One prefix/root/suffix parse is structurally possible.
ཅེས			ཅ		e	ས		ཅ		fully_resolved	high	One prefix/root/suffix parse is structurally possible.
ཅོ			ཅ		o			ཅ		fully_resolved	high	One prefix/root/suffix parse is structurally possible.
ཅོག			ཅ		o	ག		ཅ		fully_resolved	high	One prefix/root/suffix parse is structurally possible.
ཅོང			ཅ		o	ང		ཅ		fully_resolved	high	One prefix/root/suffix parse is structurally possible.
ཅོད			ཅ		o	ད		ཅ		fully_resolved	high	One prefix/root/suffix parse is structurally possible.
ཅོན			ཅ		o	ན		ཅ		fully_resolved	high	One prefix/root/suffix parse is structurally possible.
ཅོབ			ཅ		o	བ		ཅ		fully_resolved	high	One prefix/root/suffix parse is structurally possible.
ཅོར			ཅ		o	ར		ཅ		fully_resolved	high	One prefix/root/suffix parse is structurally possible.
ཅོལ			ཅ		o	ལ		ཅ		fully_resolved	high	One prefix/root/suffix parse is structurally possible.
ཅོས			ཅ		o	ས		ཅ		fully_resolved	high	One prefix/root/suffix parse is structurally possible.
ཅཾ					a					unsupported_orthographic_sign	none	Unsupported transcription-bearing Tibetan signs: U+0F7E
ཅྭ			ཅ	ཝ	a			ཅཝ		fully_resolved	high	Unicode stack and trailing suffix roles resolve uniquely.
ཅྭཐོ			ཅ	ཝ	o			ཅཝ	ཐ	partially_resolved	medium	Stack resolved; extra consonants remain ambiguous.
ཅྱིགླ			ཅ	ཡལ	i	ག		ཅཡལ		fully_resolved	high	Unicode stack and trailing suffix roles resolve uniquely.
ཅྱིང			ཅ	ཡ	i	ང		ཅཡ		fully_resolved	high	Unicode stack and trailing suffix roles resolve uniquely.
ཅྲཀ			ཅ	ར	a			ཅར	ཀ	partially_resolved	medium	Stack resolved; extra consonants remain ambiguous.
ཅྲན			ཅ	ར	a	ན		ཅར		fully_resolved	high	Unicode stack and trailing suffix roles resolve uniquely.
ཅྲི			ཅ	ར	i			ཅར		fully_resolved	high	Unicode stack and trailing suffix roles resolve uniquely.
ཅྲོང			ཅ	ར	o	ང		ཅར		fully_resolved	high	Unicode stack and trailing suffix roles resolve uniquely.
ཆ			ཆ		a			ཆ		fully_resolved	high	One prefix/root/suffix parse is structurally possible.
ཆཁལ					a					unusual_stack	none	Consonant sequence does not match conservative role patterns.
ཆཁོང					o					unusual_stack	none	Consonant sequence does not match conservative role patterns.
ཆཁྲ			ཁ	ར	a			ཁར	ཆ	partially_resolved	medium	Stack resolved; extra consonants remain ambiguous.
ཆག			ཆ		a	ག		ཆ		fully_resolved	high	One prefix/root/suffix parse is structurally possible.
ཆགས			ཆ		a	ག	ས	ཆ		fully_resolved	high	One prefix/root/suffix parse is structurally possible.
ཆང			ཆ		a	ང		ཆ		fully_resolved	high	One prefix/root/suffix parse is structurally possible.
ཆངས			ཆ		a	ང	ས	ཆ		fully_resolved	high	One prefix/root/suffix parse is structurally possible.
ཆཉ					a					unusual_stack	none	Consonant sequence does not match conservative role patterns.
ཆཌ					a					unusual_stack	none	Consonant sequence does not match conservative role patterns.
ཆཐོང					o					unusual_stack	none	Consonant sequence does not match conservative role patterns.
ཆད			ཆ		a	ད		ཆ		fully_resolved	high	One prefix/root/suffix parse is structurally possible.
ཆན			ཆ		a	ན		ཆ		fully_resolved	high	One prefix/root/suffix parse is structurally possible.
ཆབ			ཆ		a	བ		ཆ		fully_resolved	high	One prefix/root/suffix parse is structurally possible.
ཆབས			ཆ		a	བ	ས	ཆ		fully_resolved	high	One prefix/root/suffix parse is structurally possible.
ཆམ			ཆ		a	མ		ཆ		fully_resolved	high	One prefix/root/suffix parse is structurally possible.
ཆམཚོན					o					unusual_stack	none	Consonant sequence does not match conservative role patterns.
ཆམིན					i					unusual_stack	none	Consonant sequence does not match conservative role patterns.
ཆམོ			ཆ		o	མ		ཆ		fully_resolved	high	One prefix/root/suffix parse is structurally possible.
ཆམོོ										unsupported_orthographic_sign	none	Multiple Tibetan vowel signs are not modelled.
ཆཚལ					a					unusual_stack	none	Consonant sequence does not match conservative role patterns.
ཆར			ཆ		a	ར		ཆ		fully_resolved	high	One prefix/root/suffix parse is structurally possible.
ཆརུམ					u					unusual_stack	none	Consonant sequence does not match conservative role patterns.
ཆརྟེན		ར	ཏ		e	ན		རཏ	ཆ	partially_resolved	medium	Stack resolved; extra consonants remain ambiguous.
ཆལ			ཆ		a	ལ		ཆ		fully_resolved	high	One prefix/root/suffix parse is structurally possible.
ཆས			ཆ		a	ས		ཆ		fully_resolved	high	One prefix/root/suffix parse is structurally possible.
ཆཨ					a					unusual_stack	none	Consonant sequence does not match conservative role patterns.
ཆཱ					a					unsupported_orthographic_sign	none	Unsupported transcription-bearing Tibetan signs: U+0F71
ཆཱེ					e					unsupported_orthographic_sign	none	Unsupported transcription-bearing Tibetan signs: U+0F71
ཆི			ཆ		i			ཆ		fully_resolved	high	One prefix/root/suffix parse is structurally possible.
ཆིག			ཆ		i	ག		ཆ		fully_resolved	high	One prefix/root/suffix parse is structurally possible.
ཆིགས			ཆ		i	ག	ས	ཆ		fully_resolved	high	One prefix/root/suffix parse is structurally possible.
ཆིང			ཆ		i	ང		ཆ		fully_resolved	high	One prefix/root/suffix parse is structurally possible.
ཆིངས			ཆ		i	ང	ས	ཆ		fully_resolved	high	One prefix/root/suffix parse is structurally possible.
ཆིབ			ཆ		i	བ		ཆ		fully_resolved	high	One prefix/root/suffix parse is structurally possible.
ཆིབས			ཆ		i	བ	ས	ཆ		fully_resolved	high	One prefix/root/suffix parse is structurally possible.
ཆིལ			ཆ		i	ལ		ཆ		fully_resolved	high	One prefix/root/suffix parse is structurally possible.
ཆུ			ཆ		u			ཆ		fully_resolved	high	One prefix/root/suffix parse is structurally possible.
ཆུག			ཆ		u	ག		ཆ		fully_resolved	high	One prefix/root/suffix parse is structurally possible.
ཆུགས			ཆ		u	ག	ས	ཆ		fully_resolved	high	One prefix/root/suffix parse is structurally possible.
ཆུང			ཆ		u	ང		ཆ		fully_resolved	high	One prefix/root/suffix parse is structurally possible.
ཆུངས			ཆ		u	ང	ས	ཆ		fully_resolved	high	One prefix/root/suffix parse is structurally possible.
ཆུད			ཆ		u	ད		ཆ		fully_resolved	high	One prefix/root/suffix parse is structurally possible.
ཆུན			ཆ		u	ན		ཆ		fully_resolved	high	One prefix/root/suffix parse is structurally possible.
ཆུཔ					u					unusual_stack	none	Consonant sequence does not match conservative role patterns.
ཆུབ			ཆ		u	བ		ཆ		fully_resolved	high	One prefix/root/suffix parse is structurally possible.
ཆུམ			ཆ		u	མ		ཆ		fully_resolved	high	One prefix/root/suffix parse is structurally possible.
ཆུམས			ཆ		u	མ	ས	ཆ		fully_resolved	high	One prefix/root/suffix parse is structurally possible.
ཆུའི										unsupported_orthographic_sign	none	Multiple Tibetan vowel signs are not modelled.
ཆུར			ཆ		u	ར		ཆ		fully_resolved	high	One prefix/root/suffix parse is structurally possible.
ཆུལ			ཆ		u	ལ		ཆ		fully_resolved	high	One prefix/root/suffix parse is structurally possible.
ཆུས			ཆ		u	ས		ཆ		fully_resolved	high	One prefix/root/suffix parse is structurally possible.
ཆེ			ཆ		e			ཆ		fully_resolved	high	One prefix/root/suffix parse is structurally possible.
ཆེག			ཆ		e	ག		ཆ		fully_resolved	high	One prefix/root/suffix parse is structurally possible.
ཆེགས			ཆ		e	ག	ས	ཆ		fully_resolved	high	One prefix/root/suffix parse is structurally possible.
ཆེང			ཆ		e	ང		ཆ		fully_resolved	high	One prefix/root/suffix parse is structurally possible.
ཆེངས			ཆ		e	ང	ས	ཆ		fully_resolved	high	One prefix/root/suffix parse is structurally possible.
ཆེད			ཆ		e	ད		ཆ		fully_resolved	high	One prefix/root/suffix parse is structurally possible.
ཆེན			ཆ		e	ན		ཆ		fully_resolved	high	One prefix/root/suffix parse is structurally possible.
ཆེནར					e					unusual_stack	none	Consonant sequence does not match conservative role patterns.
ཆེབ			ཆ		e	བ		ཆ		fully_resolved	high	One prefix/root/suffix parse is structurally possible.
ཆེབས			ཆ		e	བ	ས	ཆ		fully_resolved	high	One prefix/root/suffix parse is structurally possible.
ཆེམ			ཆ		e	མ		ཆ		fully_resolved	high	One prefix/root/suffix parse is structurally possible.
ཆེམས			ཆ		e	མ	ས	ཆ		fully_resolved	high	One prefix/root/suffix parse is structurally possible.
ཆེའི										unsupported_orthographic_sign	none	Multiple Tibetan vowel signs are not modelled.
ཆེར			ཆ		e	ར		ཆ		fully_resolved	high	One prefix/root/suffix parse is structurally possible.
ཆེལ			ཆ		e	ལ		ཆ		fully_resolved	high	One prefix/root/suffix parse is structurally possible.
ཆེལབས					e					unusual_stack	none	Consonant sequence does not match conservative role patterns.
ཆེལྲ			ལ	ར	e			ལར	ཆ	partially_resolved	medium	Stack resolved; extra consonants remain ambiguous.
ཆེས			ཆ		e	ས		ཆ		fully_resolved	high	One prefix/root/suffix parse is structurally possible.
ཆེསས			ཆ		e	ས	ས	ཆ		fully_resolved	high	One prefix/root/suffix parse is structurally possible.
ཆོ			ཆ		o			ཆ		fully_resolved	high	One prefix/root/suffix parse is structurally possible.
ཆོག			ཆ		o	ག		ཆ		fully_resolved	high	One prefix/root/suffix parse is structurally possible.
ཆོགས			ཆ		o	ག	ས	ཆ		fully_resolved	high	One prefix/root/suffix parse is structurally possible.
ཆོང			ཆ		o	ང		ཆ		fully_resolved	high	One prefix/root/suffix parse is structurally possible.
ཆོཊ					o					unusual_stack	none	Consonant sequence does not match conservative role patterns.
ཆོད			ཆ		o	ད		ཆ		fully_resolved	high	One prefix/root/suffix parse is structurally possible.
ཆོན			ཆ		o	ན		ཆ		fully_resolved	high	One prefix/root/suffix parse is structurally possible.
ཆོབ			ཆ		o	བ		ཆ		fully_resolved	high	One prefix/root/suffix parse is structurally possible.
ཆོབྲ			བ	ར	o			བར	ཆ	partially_resolved	medium	Stack resolved; extra consonants remain ambiguous.
ཆོམ			ཆ		o	མ		ཆ		fully_resolved	high	One prefix/root/suffix parse is structurally possible.
ཆོམས			ཆ		o	མ	ས	ཆ		fully_resolved	high	One prefix/root/suffix parse is structurally possible.
ཆོའ			ཆ		o	འ		ཆ		fully_resolved	high	One prefix/root/suffix parse is structurally possible.
ཆོར			ཆ		o	ར		ཆ		fully_resolved	high	One prefix/root/suffix parse is structurally possible.
ཆོལ			ཆ		o	ལ		ཆ		fully_resolved	high	One prefix/root/suffix parse is structurally possible.
ཆོས			ཆ		o	ས		ཆ		fully_resolved	high	One prefix/root/suffix parse is structurally possible.
ཆོཿ					o					unsupported_orthographic_sign	none	Unsupported transcription-bearing Tibetan signs: U+0F7F
ཆཾ					a					unsupported_orthographic_sign	none	Unsupported transcription-bearing Tibetan signs: U+0F7E
ཆཿ					a					unsupported_orthographic_sign	none	Unsupported transcription-bearing Tibetan signs: U+0F7F
ཆྒན			ཆ	ག	a	ན		ཆག		fully_resolved	high	Unicode stack and trailing suffix roles resolve uniquely.
ཆྔགས			ཆ	ང	a	ག	ས	ཆང		fully_resolved	high	Unicode stack and trailing suffix roles resolve uniquely.
ཆྗེ			ཆ	ཇ	e			ཆཇ		fully_resolved	high	Unicode stack and trailing suffix roles resolve uniquely.
ཆྡེ			ཆ	ད	e			ཆད		fully_resolved	high	Unicode stack and trailing suffix roles resolve uniquely.
ཆྭ			ཆ	ཝ	a			ཆཝ		fully_resolved	high	Unicode stack and trailing suffix roles resolve uniquely.
ཆྲ			ཆ	ར	a			ཆར		fully_resolved	high	Unicode stack and trailing suffix roles resolve uniquely.
ཆྲགཀ			ཆ	ར	a			ཆར	ག;ཀ	partially_resolved	medium	Stack resolved; extra consonants remain ambiguous.
ཆྲཱང					a					unsupported_orthographic_sign	none	Unsupported transcription-bearing Tibetan signs: U+0F71
ཆྲེ			ཆ	ར	e			ཆར		fully_resolved	high	Unicode stack and trailing suffix roles resolve uniquely.
ཆྲེན			ཆ	ར	e	ན		ཆར		fully_resolved	high	Unicode stack and trailing suffix roles resolve uniquely.
ཆླ			ཆ	ལ	a			ཆལ		fully_resolved	high	Unicode stack and trailing suffix roles resolve uniquely.
ཆླཆི			ཆ	ལ	i			ཆལ	ཆ	partially_resolved	medium	Stack resolved; extra consonants remain ambiguous.
ཇ			ཇ		a			ཇ		fully_resolved	high	One prefix/root/suffix parse is structurally possible.
ཇག			ཇ		a	ག		ཇ		fully_resolved	high	One prefix/root/suffix parse is structurally possible.
ཇང			ཇ		a	ང		ཇ		fully_resolved	high	One prefix/root/suffix parse is structurally possible.
ཇའི			ཇ		i	འ		ཇ		fully_resolved	high	One prefix/root/suffix parse is structurally possible.
ཇས			ཇ		a	ས		ཇ		fully_resolved	high	One prefix/root/suffix parse is structurally possible.
ཇི			ཇ		i			ཇ		fully_resolved	high	One prefix/root/suffix parse is structurally possible.
ཇིང			ཇ		i	ང		ཇ		fully_resolved	high	One prefix/root/suffix parse is structurally possible.
ཇིབས			ཇ		i	བ	ས	ཇ		fully_resolved	high	One prefix/root/suffix parse is structurally possible.
ཇིའུ										unsupported_orthographic_sign	none	Multiple Tibetan vowel signs are not modelled.
ཇུ			ཇ		u			ཇ		fully_resolved	high	One prefix/root/suffix parse is structurally possible.
ཇུག			ཇ		u	ག		ཇ		fully_resolved	high	One prefix/root/suffix parse is structurally possible.
ཇུས			ཇ		u	ས		ཇ		fully_resolved	high	One prefix/root/suffix parse is structurally possible.
ཇོ			ཇ		o			ཇ		fully_resolved	high	One prefix/root/suffix parse is structurally possible.
ཇོང			ཇ		o	ང		ཇ		fully_resolved	high	One prefix/root/suffix parse is structurally possible.
ཇོལ			ཇ		o	ལ		ཇ		fully_resolved	high	One prefix/root/suffix parse is structurally possible.
ཇཾས					a					unsupported_orthographic_sign	none	Unsupported transcription-bearing Tibetan signs: U+0F7E
ཇྔ			ཇ	ང	a			ཇང		fully_resolved	high	Unicode stack and trailing suffix roles resolve uniquely.
ཇྫག			ཇ	ཛ	a	ག		ཇཛ		fully_resolved	high	Unicode stack and trailing suffix roles resolve uniquely.
ཇྭའུ			ཇ	ཝ	u	འ		ཇཝ		fully_resolved	high	Unicode stack and trailing suffix roles resolve uniquely.
ཇྲ			ཇ	ར	a			ཇར		fully_resolved	high	Unicode stack and trailing suffix roles resolve uniquely.
ཇྲོ			ཇ	ར	o			ཇར		fully_resolved	high	Unicode stack and trailing suffix roles resolve uniquely.
ཉ			ཉ		a			ཉ		fully_resolved	high	One prefix/root/suffix parse is structurally possible.
ཉག			ཉ		a	ག		ཉ		fully_resolved	high	One prefix/root/suffix parse is structurally possible.
ཉགས			ཉ		a	ག	ས	ཉ		fully_resolved	high	One prefix/root/suffix parse is structurally possible.
ཉང			ཉ		a	ང		ཉ		fully_resolved	high	One prefix/root/suffix parse is structurally possible.
ཉངས			ཉ		a	ང	ས	ཉ		fully_resolved	high	One prefix/root/suffix parse is structurally possible.
ཉཅན					a					unusual_stack	none	Consonant sequence does not match conservative role patterns.
ཉཆས					a					unusual_stack	none	Consonant sequence does not match conservative role patterns.
ཉད			ཉ		a	ད		ཉ		fully_resolved	high	One prefix/root/suffix parse is structurally possible.
ཉན			ཉ		a	ན		ཉ		fully_resolved	high	One prefix/root/suffix parse is structurally possible.
ཉབ			ཉ		a	བ		ཉ		fully_resolved	high	One prefix/root/suffix parse is structurally possible.
ཉམ			ཉ		a	མ		ཉ		fully_resolved	high	One prefix/root/suffix parse is structurally possible.
ཉམས			ཉ		a	མ	ས	ཉ		fully_resolved	high	One prefix/root/suffix parse is structurally possible.
ཉཞིད					i					unusual_stack	none	Consonant sequence does not match conservative role patterns.
ཉའི			ཉ		i	འ		ཉ		fully_resolved	high	One prefix/root/suffix parse is structurally possible.
ཉར			ཉ		a	ར		ཉ		fully_resolved	high	One prefix/root/suffix parse is structurally possible.
ཉལ			ཉ		a	ལ		ཉ		fully_resolved	high	One prefix/root/suffix parse is structurally possible.
ཉཱ					a					unsupported_orthographic_sign	none	Unsupported transcription-bearing Tibetan signs: U+0F71
ཉི			ཉ		i			ཉ		fully_resolved	high	One prefix/root/suffix parse is structurally possible.
ཉིག			ཉ		i	ག		ཉ		fully_resolved	high	One prefix/root/suffix parse is structurally possible.
ཉིགས			ཉ		i	ག	ས	ཉ		fully_resolved	high	One prefix/root/suffix parse is structurally possible.
ཉིང			ཉ		i	ང		ཉ		fully_resolved	high	One prefix/root/suffix parse is structurally possible.
ཉིཏོགརྒྱན										unsupported_orthographic_sign	none	Multiple Tibetan vowel signs are not modelled.
ཉིད			ཉ		i	ད		ཉ		fully_resolved	high	One prefix/root/suffix parse is structurally possible.
ཉིན			ཉ		i	ན		ཉ		fully_resolved	high	One prefix/root/suffix parse is structurally possible.
ཉིར			ཉ		i	ར		ཉ		fully_resolved	high	One prefix/root/suffix parse is structurally possible.
ཉིལ			ཉ		i	ལ		ཉ		fully_resolved	high	One prefix/root/suffix parse is structurally possible.
ཉིས			ཉ		i	ས		ཉ		fully_resolved	high	One prefix/root/suffix parse is structurally possible.
ཉུ			ཉ		u			ཉ		fully_resolved	high	One prefix/root/suffix parse is structurally possible.
ཉུག			ཉ		u	ག		ཉ		fully_resolved	high	One prefix/root/suffix parse is structurally possible.
ཉུང			ཉ		u	ང		ཉ		fully_resolved	high	One prefix/root/suffix parse is structurally possible.
ཉུལ			ཉ		u	ལ		ཉ		fully_resolved	high	One prefix/root/suffix parse is structurally possible.
ཉེ			ཉ		e			ཉ		fully_resolved	high	One prefix/root/suffix parse is structurally possible.
ཉེག			ཉ		e	ག		ཉ		fully_resolved	high	One prefix/root/suffix parse is structurally possible.
ཉེང			ཉ		e	ང		ཉ		fully_resolved	high	One prefix/root/suffix parse is structurally possible.
ཉེད			ཉ		e	ད		ཉ		fully_resolved	high	One prefix/root/suffix parse is structurally possible.
ཉེན			ཉ		e	ན		ཉ		fully_resolved	high	One prefix/root/suffix parse is structurally possible.
ཉེའུ										unsupported_orthographic_sign	none	Multiple Tibetan vowel signs are not modelled.
ཉེར			ཉ		e	ར		ཉ		fully_resolved	high	One prefix/root/suffix parse is structurally possible.
ཉེལ			ཉ		e	ལ		ཉ		fully_resolved	high	One prefix/root/suffix parse is structurally possible.
ཉེས			ཉ		e	ས		ཉ		fully_resolved	high	One prefix/root/suffix parse is structurally possible.
ཉོ			ཉ		o			ཉ		fully_resolved	high	One prefix/root/suffix parse is structurally possible.
ཉོག			ཉ		o	ག		ཉ		fully_resolved	high	One prefix/root/suffix parse is structurally possible.
ཉོན			ཉ		o	ན		ཉ		fully_resolved	high	One prefix/root/suffix parse is structurally possible.
ཉོབ			ཉ		o	བ		ཉ		fully_resolved	high	One prefix/root/suffix parse is structurally possible.
ཉཾ					a					unsupported_orthographic_sign	none	Unsupported transcription-bearing Tibetan signs: U+0F7E
ཉཾག					a					unsupported_orthographic_sign	none	Unsupported transcription-bearing Tibetan signs: U+0F7E
ཉཾང					a					unsupported_orthographic_sign	none	Unsupported transcription-bearing Tibetan signs: U+0F7E
ཉཾན					a					unsupported_orthographic_sign	none	Unsupported transcription-bearing Tibetan signs: U+0F7E
ཉཾར					a					unsupported_orthographic_sign	none	Unsupported transcription-bearing Tibetan signs: U+0F7E
ཉྟ			ཉ	ཏ	a			ཉཏ		fully_resolved	high	Unicode stack and trailing suffix roles resolve uniquely.
ཉྩོན			ཉ	ཙ	o	ན		ཉཙ		fully_resolved	high	Unicode stack and trailing suffix roles resolve uniquely.
ཉྭ			ཉ	ཝ	a			ཉཝ		fully_resolved	high	Unicode stack and trailing suffix roles resolve uniquely.
ཉྱེ			ཉ	ཡ	e			ཉཡ		fully_resolved	high	Unicode stack and trailing suffix roles resolve uniquely.
ཉྲ			ཉ	ར	a			ཉར		fully_resolved	high	Unicode stack and trailing suffix roles resolve uniquely.
ཉྲོག			ཉ	ར	o	ག		ཉར		fully_resolved	high	Unicode stack and trailing suffix roles resolve uniquely.
ཉྲོའ			ཉ	ར	o	འ		ཉར		fully_resolved	high	Unicode stack and trailing suffix roles resolve uniquely.
ཉྲོའུ										unsupported_orthographic_sign	none	Multiple Tibetan vowel signs are not modelled.
ཉྷ			ཉ	ཧ	a			ཉཧ		fully_resolved	high	Unicode stack and trailing suffix roles resolve uniquely.
ཊ			ཊ		a			ཊ		fully_resolved	high	One prefix/root/suffix parse is structurally possible.
ཊང			ཊ		a	ང		ཊ		fully_resolved	high	One prefix/root/suffix parse is structurally possible.
ཊམ			ཊ		a	མ		ཊ		fully_resolved	high	One prefix/root/suffix parse is structurally possible.
ཊར			ཊ		a	ར		ཊ		fully_resolved	high	One prefix/root/suffix parse is structurally possible.
ཊི			ཊ		i			ཊ		fully_resolved	high	One prefix/root/suffix parse is structurally possible.
ཊིཏོག										unsupported_orthographic_sign	none	Multiple Tibetan vowel signs are not modelled.
ཊིདབལ					i					unusual_stack	none	Consonant sequence does not match conservative role patterns.
ཊུ			ཊ		u			ཊ		fully_resolved	high	One prefix/root/suffix parse is structurally possible.
ཊོ			ཊ		o			ཊ		fully_resolved	high	One prefix/root/suffix parse is structurally possible.
ཊོབ			ཊ		o	བ		ཊ		fully_resolved	high	One prefix/root/suffix parse is structurally possible.
ཊཾ					a					unsupported_orthographic_sign	none	Unsupported transcription-bearing Tibetan signs: U+0F7E
ཊྲ			ཊ	ར	a			ཊར		fully_resolved	high	Unicode stack and trailing suffix roles resolve uniquely.
ཌ			ཌ		a			ཌ		fully_resolved	high	One prefix/root/suffix parse is structurally possible.
ཌན			ཌ		a	ན		ཌ		fully_resolved	high	One prefix/root/suffix parse is structurally possible.
ཌབོ			ཌ		o	བ		ཌ		fully_resolved	high	One prefix/root/suffix parse is structurally possible.
ཌཱཀི					i					unsupported_orthographic_sign	none	Unsupported transcription-bearing Tibetan signs: U+0F71
ཌི			ཌ		i			ཌ		fully_resolved	high	One prefix/root/suffix parse is structurally possible.
ཌུརྱའི										unsupported_orthographic_sign	none	Multiple Tibetan vowel signs are not modelled.
ཌོ			ཌ		o			ཌ		fully_resolved	high	One prefix/root/suffix parse is structurally possible.
ཌྔ			ཌ	ང	a			ཌང		fully_resolved	high	Unicode stack and trailing suffix roles resolve uniquely.
ཌྕོགས			ཌ	ཅ	o	ག	ས	ཌཅ		fully_resolved	high	Unicode stack and trailing suffix roles resolve uniquely.
ཌྟ			ཌ	ཏ	a			ཌཏ		fully_resolved	high	Unicode stack and trailing suffix roles resolve uniquely.
ཌྟེ			ཌ	ཏ	e			ཌཏ		fully_resolved	high	Unicode stack and trailing suffix roles resolve uniquely.
ཌྡེགས			ཌ	ད	e	ག	ས	ཌད		fully_resolved	high	Unicode stack and trailing suffix roles resolve uniquely.
ཌྱ			ཌ	ཡ	a			ཌཡ		fully_resolved	high	Unicode stack and trailing suffix roles resolve uniquely.
ཌྲར			ཌ	ར	a	ར		ཌར		fully_resolved	high	Unicode stack and trailing suffix roles resolve uniquely.
ཏ			ཏ		a			ཏ		fully_resolved	high	One prefix/root/suffix parse is structurally possible.
ཏཀྟ			ཀ	ཏ	a			ཀཏ	ཏ	partially_resolved	medium	Stack resolved; extra consonants remain ambiguous.
ཏཀྟད			ཀ	ཏ	a	ད		ཀཏ	ཏ	partially_resolved	medium	Stack resolved; extra consonants remain ambiguous.
ཏཀྱིམ			ཀ	ཡ	i	མ		ཀཡ	ཏ	partially_resolved	medium	Stack resolved; extra consonants remain ambiguous.
ཏཀྱེའུ										unsupported_orthographic_sign	none	Multiple Tibetan vowel signs are not modelled.
ཏཀྲ			ཀ	ར	a			ཀར	ཏ	partially_resolved	medium	Stack resolved; extra consonants remain ambiguous.
ཏཁྱུང			ཁ	ཡ	u	ང		ཁཡ	ཏ	partially_resolved	medium	Stack resolved; extra consonants remain ambiguous.
ཏག			ཏ		a	ག		ཏ		fully_resolved	high	One prefix/root/suffix parse is structurally possible.
ཏང			ཏ		a	ང		ཏ		fully_resolved	high	One prefix/root/suffix parse is structurally possible.
ཏད			ཏ		a	ད		ཏ		fully_resolved	high	One prefix/root/suffix parse is structurally possible.
ཏདགུ					u					unusual_stack	none	Consonant sequence does not match conservative role patterns.
ཏདྱ			ད	ཡ	a			དཡ	ཏ	partially_resolved	medium	Stack resolved; extra consonants remain ambiguous.
ཏདྷ			ད	ཧ	a			དཧ	ཏ	partially_resolved	medium	Stack resolved; extra consonants remain ambiguous.
ཏན			ཏ		a	ན		ཏ		fully_resolved	high	One prefix/root/suffix parse is structurally possible.
ཏབ			ཏ		a	བ		ཏ		fully_resolved	high	One prefix/root/suffix parse is structurally possible.
ཏམ			ཏ		a	མ		ཏ		fully_resolved	high	One prefix/root/suffix parse is structurally possible.
ཏམས			ཏ		a	མ	ས	ཏ		fully_resolved	high	One prefix/root/suffix parse is structurally possible.
ཏའ			ཏ		a	འ		ཏ		fully_resolved	high	One prefix/root/suffix parse is structurally possible.
ཏའི			ཏ		i	འ		ཏ		fully_resolved	high	One prefix/root/suffix parse is structurally possible.
ཏར			ཏ		a	ར		ཏ		fully_resolved	high	One prefix/root/suffix parse is structurally possible.
ཏལ			ཏ		a	ལ		ཏ		fully_resolved	high	One prefix/root/suffix parse is structurally possible.
ཏསྟང		ས	ཏ		a	ང		སཏ	ཏ	partially_resolved	medium	Stack resolved; extra consonants remain ambiguous.
ཏཱ					a					unsupported_orthographic_sign	none	Unsupported transcription-bearing Tibetan signs: U+0F71
ཏཱཱ					a					unsupported_orthographic_sign	none	Unsupported transcription-bearing Tibetan signs: U+0F71,U+0F71
ཏཱི					i					unsupported_orthographic_sign	none	Unsupported transcription-bearing Tibetan signs: U+0F71
ཏཱེ					e					unsupported_orthographic_sign	none	Unsupported transcription-bearing Tibetan signs: U+0F71
ཏི			ཏ		i			ཏ		fully_resolved	high	One prefix/root/suffix parse is structurally possible.
ཏིག			ཏ		i	ག		ཏ		fully_resolved	high	One prefix/root/suffix parse is structurally possible.
ཏིང			ཏ		i	ང		ཏ		fully_resolved	high	One prefix/root/suffix parse is structurally possible.
ཏིངས			ཏ		i	ང	ས	ཏ		fully_resolved	high	One prefix/root/suffix parse is structurally possible.
ཏིན			ཏ		i	ན		ཏ		fully_resolved	high	One prefix/root/suffix parse is structurally possible.
ཏིམ			ཏ		i	མ		ཏ		fully_resolved	high	One prefix/root/suffix parse is structurally possible.
ཏིའགུ										unsupported_orthographic_sign	none	Multiple Tibetan vowel signs are not modelled.
ཏིར			ཏ		i	ར		ཏ		fully_resolved	high	One prefix/root/suffix parse is structurally possible.
ཏིལ			ཏ		i	ལ		ཏ		fully_resolved	high	One prefix/root/suffix parse is structurally possible.
ཏུ			ཏ		u			ཏ		fully_resolved	high	One prefix/root/suffix parse is structurally possible.
ཏུག			ཏ		u	ག		ཏ		fully_resolved	high	One prefix/root/suffix parse is structurally possible.
ཏུང			ཏ		u	ང		ཏ		fully_resolved	high	One prefix/root/suffix parse is structurally possible.
ཏུད			ཏ		u	ད		ཏ		fully_resolved	high	One prefix/root/suffix parse is structurally possible.
ཏུན			ཏ		u	ན		ཏ		fully_resolved	high	One prefix/root/suffix parse is structurally possible.
ཏུབ			ཏ		u	བ		ཏ		fully_resolved	high	One prefix/root/suffix parse is structurally possible.
ཏུམ			ཏ		u	མ		ཏ		fully_resolved	high	One prefix/root/suffix parse is structurally possible.
ཏུའི										unsupported_orthographic_sign	none	Multiple Tibetan vowel signs are not modelled.
ཏུར			ཏ		u	ར		ཏ		fully_resolved	high	One prefix/root/suffix parse is structurally possible.
ཏེ			ཏ		e			ཏ		fully_resolved	high	One prefix/root/suffix parse is structurally possible.
ཏེབ			ཏ		e	བ		ཏ		fully_resolved	high	One prefix/root/suffix parse is structurally possible.
ཏེའུ										unsupported_orthographic_sign	none	Multiple Tibetan vowel signs are not modelled.
ཏེར			ཏ		e	ར		ཏ		fully_resolved	high	One prefix/root/suffix parse is structurally possible.
ཏེལ			ཏ		e	ལ		ཏ		fully_resolved	high	One prefix/root/suffix parse is structurally possible.
ཏེས			ཏ		e	ས		ཏ		fully_resolved	high	One prefix/root/suffix parse is structurally possible.
ཏོ			ཏ		o			ཏ		fully_resolved	high	One prefix/root/suffix parse is structurally possible.
ཏོག			ཏ		o	ག		ཏ		fully_resolved	high	One prefix/root/suffix parse is structurally possible.
ཏོང			ཏ		o	ང		ཏ		fully_resolved	high	One prefix/root/suffix parse is structurally possible.
ཏོན			ཏ		o	ན		ཏ		fully_resolved	high	One prefix/root/suffix parse is structurally possible.
ཏོཔ					o					unusual_stack	none	Consonant sequence does not match conservative role patterns.
ཏོབ			ཏ		o	བ		ཏ		fully_resolved	high	One prefix/root/suffix parse is structurally possible.
ཏོར			ཏ		o	ར		ཏ		fully_resolved	high	One prefix/root/suffix parse is structurally possible.
ཏོལ			ཏ		o	ལ		ཏ		fully_resolved	high	One prefix/root/suffix parse is structurally possible.
ཏཾ					a					unsupported_orthographic_sign	none	Unsupported transcription-bearing Tibetan signs: U+0F7E
ཏཾག					a					unsupported_orthographic_sign	none	Unsupported transcription-bearing Tibetan signs: U+0F7E
ཏྟ			ཏ	ཏ	a			ཏཏ		fully_resolved	high	Unicode stack and trailing suffix roles resolve uniquely.
ཏྟག			ཏ	ཏ	a	ག		ཏཏ		fully_resolved	high	Unicode stack and trailing suffix roles resolve uniquely.
ཏྟང			ཏ	ཏ	a	ང		ཏཏ		fully_resolved	high	Unicode stack and trailing suffix roles resolve uniquely.
ཏྟད			ཏ	ཏ	a	ད		ཏཏ		fully_resolved	high	Unicode stack and trailing suffix roles resolve uniquely.
ཏྟན			ཏ	ཏ	a	ན		ཏཏ		fully_resolved	high	Unicode stack and trailing suffix roles resolve uniquely.
ཏྟབས			ཏ	ཏ	a	བ	ས	ཏཏ		fully_resolved	high	Unicode stack and trailing suffix roles resolve uniquely.
ཏྟིར			ཏ	ཏ	i	ར		ཏཏ		fully_resolved	high	Unicode stack and trailing suffix roles resolve uniquely.
ཏྟུང			ཏ	ཏ	u	ང		ཏཏ		fully_resolved	high	Unicode stack and trailing suffix roles resolve uniquely.
ཏྟུད			ཏ	ཏ	u	ད		ཏཏ		fully_resolved	high	Unicode stack and trailing suffix roles resolve uniquely.
ཏྟུན			ཏ	ཏ	u	ན		ཏཏ		fully_resolved	high	Unicode stack and trailing suffix roles resolve uniquely.
ཏྟེ			ཏ	ཏ	e			ཏཏ		fully_resolved	high	Unicode stack and trailing suffix roles resolve uniquely.
ཏྟེར			ཏ	ཏ	e	ར		ཏཏ		fully_resolved	high	Unicode stack and trailing suffix roles resolve uniquely.
ཏྟེས			ཏ	ཏ	e	ས		ཏཏ		fully_resolved	high	Unicode stack and trailing suffix roles resolve uniquely.
ཏྟོ			ཏ	ཏ	o			ཏཏ		fully_resolved	high	Unicode stack and trailing suffix roles resolve uniquely.
ཏྟཾ					a					unsupported_orthographic_sign	none	Unsupported transcription-bearing Tibetan signs: U+0F7E
ཏྟཾག					a					unsupported_orthographic_sign	none	Unsupported transcription-bearing Tibetan signs: U+0F7E
ཏྤ			ཏ	པ	a			ཏཔ		fully_resolved	high	Unicode stack and trailing suffix roles resolve uniquely.
ཏྤལ			ཏ	པ	a	ལ		ཏཔ		fully_resolved	high	Unicode stack and trailing suffix roles resolve uniquely.
ཏྤྲི			ཏ	པར	i			ཏཔར		fully_resolved	high	Unicode stack and trailing suffix roles resolve uniquely.
ཏྭ			ཏ	ཝ	a			ཏཝ		fully_resolved	high	Unicode stack and trailing suffix roles resolve uniquely.
ཏྭག			ཏ	ཝ	a	ག		ཏཝ		fully_resolved	high	Unicode stack and trailing suffix roles resolve uniquely.
ཏྭང			ཏ	ཝ	a	ང		ཏཝ		fully_resolved	high	Unicode stack and trailing suffix roles resolve uniquely.
ཏྱ			ཏ	ཡ	a			ཏཡ		fully_resolved	high	Unicode stack and trailing suffix roles resolve uniquely.
ཏྱགས			ཏ	ཡ	a	ག	ས	ཏཡ		fully_resolved	high	Unicode stack and trailing suffix roles resolve uniquely.
ཏྱང			ཏ	ཡ	a	ང		ཏཡ		fully_resolved	high	Unicode stack and trailing suffix roles resolve uniquely.
ཏྱད			ཏ	ཡ	a	ད		ཏཡ		fully_resolved	high	Unicode stack and trailing suffix roles resolve uniquely.
ཏྱབ			ཏ	ཡ	a	བ		ཏཡ		fully_resolved	high	Unicode stack and trailing suffix roles resolve uniquely.
ཏྱམ			ཏ	ཡ	a	མ		ཏཡ		fully_resolved	high	Unicode stack and trailing suffix roles resolve uniquely.
ཏྱར			ཏ	ཡ	a	ར		ཏཡ		fully_resolved	high	Unicode stack and trailing suffix roles resolve uniquely.
ཏྱཱ					a					unsupported_orthographic_sign	none	Unsupported transcription-bearing Tibetan signs: U+0F71
ཏྱི			ཏ	ཡ	i			ཏཡ		fully_resolved	high	Unicode stack and trailing suffix roles resolve uniquely.
ཏྱིན			ཏ	ཡ	i	ན		ཏཡ		fully_resolved	high	Unicode stack and trailing suffix roles resolve uniquely.
ཏྱིམ			ཏ	ཡ	i	མ		ཏཡ		fully_resolved	high	Unicode stack and trailing suffix roles resolve uniquely.
ཏྱུ			ཏ	ཡ	u			ཏཡ		fully_resolved	high	Unicode stack and trailing suffix roles resolve uniquely.
ཏྱུག			ཏ	ཡ	u	ག		ཏཡ		fully_resolved	high	Unicode stack and trailing suffix roles resolve uniquely.
ཏྱེངས			ཏ	ཡ	e	ང	ས	ཏཡ		fully_resolved	high	Unicode stack and trailing suffix roles resolve uniquely.
ཏྱེད			ཏ	ཡ	e	ད		ཏཡ		fully_resolved	high	Unicode stack and trailing suffix roles resolve uniquely.
ཏྱེམ			ཏ	ཡ	e	མ		ཏཡ		fully_resolved	high	Unicode stack and trailing suffix roles resolve uniquely.
ཏྱེམས			ཏ	ཡ	e	མ	ས	ཏཡ		fully_resolved	high	Unicode stack and trailing suffix roles resolve uniquely.
ཏྱེའུ										unsupported_orthographic_sign	none	Multiple Tibetan vowel signs are not modelled.
ཏྱོ			ཏ	ཡ	o			ཏཡ		fully_resolved	high	Unicode stack and trailing suffix roles resolve uniquely.
ཏྱོགས			ཏ	ཡ	o	ག	ས	ཏཡ		fully_resolved	high	Unicode stack and trailing suffix roles resolve uniquely.
ཏྱོད			ཏ	ཡ	o	ད		ཏཡ		fully_resolved	high	Unicode stack and trailing suffix roles resolve uniquely.
ཏྱོན			ཏ	ཡ	o	ན		ཏཡ		fully_resolved	high	Unicode stack and trailing suffix roles resolve uniquely.
ཏྱོར			ཏ	ཡ	o	ར		ཏཡ		fully_resolved	high	Unicode stack and trailing suffix roles resolve uniquely.
ཏྱོས			ཏ	ཡ	o	ས		ཏཡ		fully_resolved	high	Unicode stack and trailing suffix roles resolve uniquely.
ཏྲ			ཏ	ར	a			ཏར		fully_resolved	high	Unicode stack and trailing suffix roles resolve uniquely.
ཏྲམ			ཏ	ར	a	མ		ཏར		fully_resolved	high	Unicode stack and trailing suffix roles resolve uniquely.
ཏྲཱ					a					unsupported_orthographic_sign	none	Unsupported transcription-bearing Tibetan signs: U+0F71
ཏྲི			ཏ	ར	i			ཏར		fully_resolved	high	Unicode stack and trailing suffix roles resolve uniquely.
ཏྲིག			ཏ	ར	i	ག		ཏར		fully_resolved	high	Unicode stack and trailing suffix roles resolve uniquely.
ཏྲུག			ཏ	ར	u	ག		ཏར		fully_resolved	high	Unicode stack and trailing suffix roles resolve uniquely.
ཏྲེས			ཏ	ར	e	ས		ཏར		fully_resolved	high	Unicode stack and trailing suffix roles resolve uniquely.
ཏྲོ			ཏ	ར	o			ཏར		fully_resolved	high	Unicode stack and trailing suffix roles resolve uniquely.
ཏྲོག			ཏ	ར	o	ག		ཏར		fully_resolved	high	Unicode stack and trailing suffix roles resolve uniquely.
ཏྲོལ			ཏ	ར	o	ལ		ཏར		fully_resolved	high	Unicode stack and trailing suffix roles resolve uniquely.
ཏྲྭ			ཏ	རཝ	a			ཏརཝ		fully_resolved	high	Unicode stack and trailing suffix roles resolve uniquely.
ཏླལ			ཏ	ལ	a	ལ		ཏལ		fully_resolved	high	Unicode stack and trailing suffix roles resolve uniquely.
ཏྷ			ཏ	ཧ	a			ཏཧ		fully_resolved	high	Unicode stack and trailing suffix roles resolve uniquely.
ཏྷཱ					a					unsupported_orthographic_sign	none	Unsupported transcription-bearing Tibetan signs: U+0F71
ཐ			ཐ		a			ཐ		fully_resolved	high	One prefix/root/suffix parse is structurally possible.
ཐག			ཐ		a	ག		ཐ		fully_resolved	high	One prefix/root/suffix parse is structurally possible.
ཐགས			ཐ		a	ག	ས	ཐ		fully_resolved	high	One prefix/root/suffix parse is structurally possible.
ཐང			ཐ		a	ང		ཐ		fully_resolved	high	One prefix/root/suffix parse is structurally possible.
ཐངས			ཐ		a	ང	ས	ཐ		fully_resolved	high	One prefix/root/suffix parse is structurally possible.
ཐཆུ					u					unusual_stack	none	Consonant sequence does not match conservative role patterns.
ཐད			ཐ		a	ད		ཐ		fully_resolved	high	One prefix/root/suffix parse is structurally possible.
ཐན			ཐ		a	ན		ཐ		fully_resolved	high	One prefix/root/suffix parse is structurally possible.
ཐཔས					a					unusual_stack	none	Consonant sequence does not match conservative role patterns.
ཐབ			ཐ		a	བ		ཐ		fully_resolved	high	One prefix/root/suffix parse is structurally possible.
ཐབཔ					a					unusual_stack	none	Consonant sequence does not match conservative role patterns.
ཐབས			ཐ		a	བ	ས	ཐ		fully_resolved	high	One prefix/root/suffix parse is structurally possible.
ཐབྲེབ			བ	ར	e	བ		བར	ཐ	partially_resolved	medium	Stack resolved; extra consonants remain ambiguous.
ཐམ			ཐ		a	མ		ཐ		fully_resolved	high	One prefix/root/suffix parse is structurally possible.
ཐམས			ཐ		a	མ	ས	ཐ		fully_resolved	high	One prefix/root/suffix parse is structurally possible.
ཐའ			ཐ		a	འ		ཐ		fully_resolved	high	One prefix/root/suffix parse is structurally possible.
ཐའི			ཐ		i	འ		ཐ		fully_resolved	high	One prefix/root/suffix parse is structurally possible.
ཐའུ			ཐ		u	འ		ཐ		fully_resolved	high	One prefix/root/suffix parse is structurally possible.
ཐར			ཐ		a	ར		ཐ		fully_resolved	high	One prefix/root/suffix parse is structurally possible.
ཐལ			ཐ		a	ལ		ཐ		fully_resolved	high	One prefix/root/suffix parse is structurally possible.
ཐས			ཐ		a	ས		ཐ		fully_resolved	high	One prefix/root/suffix parse is structurally possible.
ཐཱ					a					unsupported_orthographic_sign	none	Unsupported transcription-bearing Tibetan signs: U+0F71
ཐཱྱོང					o					unsupported_orthographic_sign	none	Unsupported transcription-bearing Tibetan signs: U+0F71
ཐི			ཐ		i			ཐ		fully_resolved	high	One prefix/root/suffix parse is structurally possible.
ཐིག			ཐ		i	ག		ཐ		fully_resolved	high	One prefix/root/suffix parse is structurally possible.
ཐིགས			ཐ		i	ག	ས	ཐ		fully_resolved	high	One prefix/root/suffix parse is structurally possible.
ཐིང			ཐ		i	ང		ཐ		fully_resolved	high	One prefix/root/suffix parse is structurally possible.
ཐིད			ཐ		i	ད		ཐ		fully_resolved	high	One prefix/root/suffix parse is structurally possible.
ཐིབ			ཐ		i	བ		ཐ		fully_resolved	high	One prefix/root/suffix parse is structurally possible.
ཐིབས			ཐ		i	བ	ས	ཐ		fully_resolved	high	One prefix/root/suffix parse is structurally possible.
ཐིམ			ཐ		i	མ		ཐ		fully_resolved	high	One prefix/root/suffix parse is structurally possible.
ཐིར			ཐ		i	ར		ཐ		fully_resolved	high	One prefix/root/suffix parse is structurally possible.
ཐིལ			ཐ		i	ལ		ཐ		fully_resolved	high	One prefix/root/suffix parse is structurally possible.
ཐུ			ཐ		u			ཐ		fully_resolved	high	One prefix/root/suffix parse is structurally possible.
ཐུག			ཐ		u	ག		ཐ		fully_resolved	high	One prefix/root/suffix parse is structurally possible.
ཐུགས			ཐ		u	ག	ས	ཐ		fully_resolved	high	One prefix/root/suffix parse is structurally possible.
ཐུང			ཐ		u	ང		ཐ		fully_resolved	high	One prefix/root/suffix parse is structurally possible.
ཐུད			ཐ		u	ད		ཐ		fully_resolved	high	One prefix/root/suffix parse is structurally possible.
ཐུན			ཐ		u	ན		ཐ		fully_resolved	high	One prefix/root/suffix parse is structurally possible.
ཐུབ			ཐ		u	བ		ཐ		fully_resolved	high	One prefix/root/suffix parse is structurally possible.
ཐུབས			ཐ		u	བ	ས	ཐ		fully_resolved	high	One prefix/root/suffix parse is structurally possible.
ཐུམ			ཐ		u	མ		ཐ		fully_resolved	high	One prefix/root/suffix parse is structurally possible.
ཐུའི										unsupported_orthographic_sign	none	Multiple Tibetan vowel signs are not modelled.
ཐུར			ཐ		u	ར		ཐ		fully_resolved	high	One prefix/root/suffix parse is structurally possible.
ཐུལ			ཐ		u	ལ		ཐ		fully_resolved	high	One prefix/root/suffix parse is structurally possible.
ཐུས			ཐ		u	ས		ཐ		fully_resolved	high	One prefix/root/suffix parse is structurally possible.
ཐེ			ཐ		e			ཐ		fully_resolved	high	One prefix/root/suffix parse is structurally possible.
ཐེག			ཐ		e	ག		ཐ		fully_resolved	high	One prefix/root/suffix parse is structurally possible.
ཐེགས			ཐ		e	ག	ས	ཐ		fully_resolved	high	One prefix/root/suffix parse is structurally possible.
ཐེང			ཐ		e	ང		ཐ		fully_resolved	high	One prefix/root/suffix parse is structurally possible.
ཐེངས			ཐ		e	ང	ས	ཐ		fully_resolved	high	One prefix/root/suffix parse is structurally possible.
ཐེད			ཐ		e	ད		ཐ		fully_resolved	high	One prefix/root/suffix parse is structurally possible.
ཐེན			ཐ		e	ན		ཐ		fully_resolved	high	One prefix/root/suffix parse is structurally possible.
ཐེབ			ཐ		e	བ		ཐ		fully_resolved	high	One prefix/root/suffix parse is structurally possible.
ཐེབས			ཐ		e	བ	ས	ཐ		fully_resolved	high	One prefix/root/suffix parse is structurally possible.
ཐེམ			ཐ		e	མ		ཐ		fully_resolved	high	One prefix/root/suffix parse is structurally possible.
ཐེའུ										unsupported_orthographic_sign	none	Multiple Tibetan vowel signs are not modelled.
ཐེར			ཐ		e	ར		ཐ		fully_resolved	high	One prefix/root/suffix parse is structurally possible.
ཐེལ			ཐ		e	ལ		ཐ		fully_resolved	high	One prefix/root/suffix parse is structurally possible.
ཐེས			ཐ		e	ས		ཐ		fully_resolved	high	One prefix/root/suffix parse is structurally possible.
ཐོ			ཐ		o			ཐ		fully_resolved	high	One prefix/root/suffix parse is structurally possible.
ཐོག			ཐ		o	ག		ཐ		fully_resolved	high	One prefix/root/suffix parse is structurally possible.
ཐོགས			ཐ		o	ག	ས	ཐ		fully_resolved	high	One prefix/root/suffix parse is structurally possible.
ཐོང			ཐ		o	ང		ཐ		fully_resolved	high	One prefix/root/suffix parse is structurally possible.
ཐོངས			ཐ		o	ང	ས	ཐ		fully_resolved	high	One prefix/root/suffix parse is structurally possible.
ཐོད			ཐ		o	ད		ཐ		fully_resolved	high	One prefix/root/suffix parse is structurally possible.
ཐོན			ཐ		o	ན		ཐ		fully_resolved	high	One prefix/root/suffix parse is structurally possible.
ཐོཔ					o					unusual_stack	none	Consonant sequence does not match conservative role patterns.
ཐོབ			ཐ		o	བ		ཐ		fully_resolved	high	One prefix/root/suffix parse is structurally possible.
ཐོམ			ཐ		o	མ		ཐ		fully_resolved	high	One prefix/root/suffix parse is structurally possible.
ཐོའ			ཐ		o	འ		ཐ		fully_resolved	high	One prefix/root/suffix parse is structurally possible.
ཐོར			ཐ		o	ར		ཐ		fully_resolved	high	One prefix/root/suffix parse is structurally possible.
ཐོལ			ཐ		o	ལ		ཐ		fully_resolved	high	One prefix/root/suffix parse is structurally possible.
ཐོས			ཐ		o	ས		ཐ		fully_resolved	high	One prefix/root/suffix parse is structurally possible.
ཐོཿ					o					unsupported_orthographic_sign	none	Unsupported transcription-bearing Tibetan signs: U+0F7F
ཐྦོད			ཐ	བ	o	ད		ཐབ		fully_resolved	high	Unicode stack and trailing suffix roles resolve uniquely.
ཐྲག			ཐ	ར	a	ག		ཐར		fully_resolved	high	Unicode stack and trailing suffix roles resolve uniquely.
ཐྲགས			ཐ	ར	a	ག	ས	ཐར		fully_resolved	high	Unicode stack and trailing suffix roles resolve uniquely.
ཐྲང			ཐ	ར	a	ང		ཐར		fully_resolved	high	Unicode stack and trailing suffix roles resolve uniquely.
ཐྲད			ཐ	ར	a	ད		ཐར		fully_resolved	high	Unicode stack and trailing suffix roles resolve uniquely.
ཐྲིག			ཐ	ར	i	ག		ཐར		fully_resolved	high	Unicode stack and trailing suffix roles resolve uniquely.
ཐྲིན			ཐ	ར	i	ན		ཐར		fully_resolved	high	Unicode stack and trailing suffix roles resolve uniquely.
ཐྲིམ			ཐ	ར	i	མ		ཐར		fully_resolved	high	Unicode stack and trailing suffix roles resolve uniquely.
ཐྲེག			ཐ	ར	e	ག		ཐར		fully_resolved	high	Unicode stack and trailing suffix roles resolve uniquely.
ཐྲེགས			ཐ	ར	e	ག	ས	ཐར		fully_resolved	high	Unicode stack and trailing suffix roles resolve uniquely.
ཐྲེམ			ཐ	ར	e	མ		ཐར		fully_resolved	high	Unicode stack and trailing suffix roles resolve uniquely.
ཐྲེའུ										unsupported_orthographic_sign	none	Multiple Tibetan vowel signs are not modelled.
ཐྲེའུའི										unsupported_orthographic_sign	none	Multiple Tibetan vowel signs are not modelled.
ཐྲེར			ཐ	ར	e	ར		ཐར		fully_resolved	high	Unicode stack and trailing suffix roles resolve uniquely.
ཐྲོ			ཐ	ར	o			ཐར		fully_resolved	high	Unicode stack and trailing suffix roles resolve uniquely.
ཐྲོག			ཐ	ར	o	ག		ཐར		fully_resolved	high	Unicode stack and trailing suffix roles resolve uniquely.
ཐྲོབ			ཐ	ར	o	བ		ཐར		fully_resolved	high	Unicode stack and trailing suffix roles resolve uniquely.
ཐྲོས			ཐ	ར	o	ས		ཐར		fully_resolved	high	Unicode stack and trailing suffix roles resolve uniquely.
ད			ད		a			ད		fully_resolved	high	One prefix/root/suffix parse is structurally possible.
དཀ	ད		ཀ		a			ཀ		fully_resolved	high	One prefix/root/suffix parse is structurally possible.
དཀན	ད		ཀ		a	ན		ཀ		fully_resolved	high	One prefix/root/suffix parse is structurally possible.
དཀའ	ད		ཀ		a	འ		ཀ		fully_resolved	high	One prefix/root/suffix parse is structurally possible.
དཀར	ད		ཀ		a	ར		ཀ		fully_resolved	high	One prefix/root/suffix parse is structurally possible.
དཀུ	ད		ཀ		u			ཀ		fully_resolved	high	One prefix/root/suffix parse is structurally possible.
དཀུག	ད		ཀ		u	ག		ཀ		fully_resolved	high	One prefix/root/suffix parse is structurally possible.
དཀུུ										unsupported_orthographic_sign	none	Multiple Tibetan vowel signs are not modelled.
དཀེ	ད		ཀ		e			ཀ		fully_resolved	high	One prefix/root/suffix parse is structurally possible.
དཀོ	ད		ཀ		o			ཀ		fully_resolved	high	One prefix/root/suffix parse is structurally possible.
དཀོང	ད		ཀ		o	ང		ཀ		fully_resolved	high	One prefix/root/suffix parse is structurally possible.
དཀོན	ད		ཀ		o	ན		ཀ		fully_resolved	high	One prefix/root/suffix parse is structurally possible.
དཀོར	ད		ཀ		o	ར		ཀ		fully_resolved	high	One prefix/root/suffix parse is structurally possible.
དཀོལ	ད		ཀ		o	ལ		ཀ		fully_resolved	high	One prefix/root/suffix parse is structurally possible.
དཀོས	ད		ཀ		o	ས		ཀ		fully_resolved	high	One prefix/root/suffix parse is structurally possible.
དཀྱམས	ད		ཀ	ཡ	a	མ	ས	ཀཡ		fully_resolved	high	Unicode stack and trailing suffix roles resolve uniquely.
དཀྱལ	ད		ཀ	ཡ	a	ལ		ཀཡ		fully_resolved	high	Unicode stack and trailing suffix roles resolve uniquely.
དཀྱས	ད		ཀ	ཡ	a	ས		ཀཡ		fully_resolved	high	Unicode stack and trailing suffix roles resolve uniquely.
དཀྱིལ	ད		ཀ	ཡ	i	ལ		ཀཡ		fully_resolved	high	Unicode stack and trailing suffix roles resolve uniquely.
དཀྱུ	ད		ཀ	ཡ	u			ཀཡ		fully_resolved	high	Unicode stack and trailing suffix roles resolve uniquely.
དཀྱུས	ད		ཀ	ཡ	u	ས		ཀཡ		fully_resolved	high	Unicode stack and trailing suffix roles resolve uniquely.
དཀྱེར	ད		ཀ	ཡ	e	ར		ཀཡ		fully_resolved	high	Unicode stack and trailing suffix roles resolve uniquely.
དཀྱེལ	ད		ཀ	ཡ	e	ལ		ཀཡ		fully_resolved	high	Unicode stack and trailing suffix roles resolve uniquely.
དཀྱོག	ད		ཀ	ཡ	o	ག		ཀཡ		fully_resolved	high	Unicode stack and trailing suffix roles resolve uniquely.
དཀྱོར	ད		ཀ	ཡ	o	ར		ཀཡ		fully_resolved	high	Unicode stack and trailing suffix roles resolve uniquely.
དཀྲི	ད		ཀ	ར	i			ཀར		fully_resolved	high	Unicode stack and trailing suffix roles resolve uniquely.
དཀྲིག	ད		ཀ	ར	i	ག		ཀར		fully_resolved	high	Unicode stack and trailing suffix roles resolve uniquely.
དཀྲིགས	ད		ཀ	ར	i	ག	ས	ཀར		fully_resolved	high	Unicode stack and trailing suffix roles resolve uniquely.
དཀྲིལ	ད		ཀ	ར	i	ལ		ཀར		fully_resolved	high	Unicode stack and trailing suffix roles resolve uniquely.
དཀྲིས	ད		ཀ	ར	i	ས		ཀར		fully_resolved	high	Unicode stack and trailing suffix roles resolve uniquely.
དཀྲུག	ད		ཀ	ར	u	ག		ཀར		fully_resolved	high	Unicode stack and trailing suffix roles resolve uniquely.
དཀྲུགས	ད		ཀ	ར	u	ག	ས	ཀར		fully_resolved	high	Unicode stack and trailing suffix roles resolve uniquely.
དཀྲུང	ད		ཀ	ར	u	ང		ཀར		fully_resolved	high	Unicode stack and trailing suffix roles resolve uniquely.
དཀྲུམ	ད		ཀ	ར	u	མ		ཀར		fully_resolved	high	Unicode stack and trailing suffix roles resolve uniquely.
དཀྲུམས	ད		ཀ	ར	u	མ	ས	ཀར		fully_resolved	high	Unicode stack and trailing suffix roles resolve uniquely.
དཀྲེ	ད		ཀ	ར	e			ཀར		fully_resolved	high	Unicode stack and trailing suffix roles resolve uniquely.
དཀྲེས	ད		ཀ	ར	e	ས		ཀར		fully_resolved	high	Unicode stack and trailing suffix roles resolve uniquely.
དཀྲོག	ད		ཀ	ར	o	ག		ཀར		fully_resolved	high	Unicode stack and trailing suffix roles resolve uniquely.
དཀྲོགས	ད		ཀ	ར	o	ག	ས	ཀར		fully_resolved	high	Unicode stack and trailing suffix roles resolve uniquely.
དཀྲོང	ད		ཀ	ར	o	ང		ཀར		fully_resolved	high	Unicode stack and trailing suffix roles resolve uniquely.
དཀྲོངས	ད		ཀ	ར	o	ང	ས	ཀར		fully_resolved	high	Unicode stack and trailing suffix roles resolve uniquely.
དཀྲོལ	ད		ཀ	ར	o	ལ		ཀར		fully_resolved	high	Unicode stack and trailing suffix roles resolve uniquely.
དག					a				ད;ག	ambiguous_root	low	Multiple Tibetan-only root parses remain possible.
དགག	ད		ག		a	ག		ག		fully_resolved	high	One prefix/root/suffix parse is structurally possible.
དགགེ	ད		ག		e	ག		ག		fully_resolved	high	One prefix/root/suffix parse is structurally possible.
དགགྱེས			ག	ཡ	e	ས		གཡ	ད;ག	partially_resolved	medium	Stack resolved; extra consonants remain ambiguous.
དགང	ད		ག		a	ང		ག		fully_resolved	high	One prefix/root/suffix parse is structurally possible.
དགན	ད		ག		a	ན		ག		fully_resolved	high	One prefix/root/suffix parse is structurally possible.
དགབ	ད		ག		a	བ		ག		fully_resolved	high	One prefix/root/suffix parse is structurally possible.
དགམ	ད		ག		a	མ		ག		fully_resolved	high	One prefix/root/suffix parse is structurally possible.
དགའ	ད		ག		a	འ		ག		fully_resolved	high	One prefix/root/suffix parse is structurally possible.
དགའི	ད		ག		i	འ		ག		fully_resolved	high	One prefix/root/suffix parse is structurally possible.
དགའོ	ད		ག		o	འ		ག		fully_resolved	high	One prefix/root/suffix parse is structurally possible.
དགར	ད		ག		a	ར		ག		fully_resolved	high	One prefix/root/suffix parse is structurally possible.
དགལ	ད		ག		a	ལ		ག		fully_resolved	high	One prefix/root/suffix parse is structurally possible.
དགས					a				ད;ག	ambiguous_root	low	Multiple Tibetan-only root parses remain possible.
དགུ					u				ད;ག	ambiguous_root	low	Multiple Tibetan-only root parses remain possible.
དགུག	ད		ག		u	ག		ག		fully_resolved	high	One prefix/root/suffix parse is structurally possible.
དགུང	ད		ག		u	ང		ག		fully_resolved	high	One prefix/root/suffix parse is structurally possible.
དགུན	ད		ག		u	ན		ག		fully_resolved	high	One prefix/root/suffix parse is structurally possible.
དགུའི										unsupported_orthographic_sign	none	Multiple Tibetan vowel signs are not modelled.
དགེ					e				ད;ག	ambiguous_root	low	Multiple Tibetan-only root parses remain possible.
དགེས					e				ད;ག	ambiguous_root	low	Multiple Tibetan-only root parses remain possible.
དགོ					o				ད;ག	ambiguous_root	low	Multiple Tibetan-only root parses remain possible.
དགོག	ད		ག		o	ག		ག		fully_resolved	high	One prefix/root/suffix parse is structurally possible.
དགོང	ད		ག		o	ང		ག		fully_resolved	high	One prefix/root/suffix parse is structurally possible.
དགོངས	ད		ག		o	ང	ས	ག		fully_resolved	high	One prefix/root/suffix parse is structurally possible.
དགོད					o				ད;ག	ambiguous_root	low	Multiple Tibetan-only root parses remain possible.
དགོན	ད		ག		o	ན		ག		fully_resolved	high	One prefix/root/suffix parse is structurally possible.
དགོའ	ད		ག		o	འ		ག		fully_resolved	high	One prefix/root/suffix parse is structurally possible.
དགོལ	ད		ག		o	ལ		ག		fully_resolved	high	One prefix/root/suffix parse is structurally possible.
དགོས					o				ད;ག	ambiguous_root	low	Multiple Tibetan-only root parses remain possible.
དགྱང	ད		ག	ཡ	a	ང		གཡ		fully_resolved	high	Unicode stack and trailing suffix roles resolve uniquely.
དགྱིར	ད		ག	ཡ	i	ར		གཡ		fully_resolved	high	Unicode stack and trailing suffix roles resolve uniquely.
དགྱུར	ད		ག	ཡ	u	ར		གཡ		fully_resolved	high	Unicode stack and trailing suffix roles resolve uniquely.
དགྱེད	ད		ག	ཡ	e	ད		གཡ		fully_resolved	high	Unicode stack and trailing suffix roles resolve uniquely.
དགྱེའོ										unsupported_orthographic_sign	none	Multiple Tibetan vowel signs are not modelled.
དགྱེར	ད		ག	ཡ	e	ར		གཡ		fully_resolved	high	Unicode stack and trailing suffix roles resolve uniquely.
དགྱེལ	ད		ག	ཡ	e	ལ		གཡ		fully_resolved	high	Unicode stack and trailing suffix roles resolve uniquely.
དགྱེས	ད		ག	ཡ	e	ས		གཡ		fully_resolved	high	Unicode stack and trailing suffix roles resolve uniquely.
དགྲ	ད		ག	ར	a			གར		fully_resolved	high	Unicode stack and trailing suffix roles resolve uniquely.
དགྲམ	ད		ག	ར	a	མ		གར		fully_resolved	high	Unicode stack and trailing suffix roles resolve uniquely.
དགྲའ	ད		ག	ར	a	འ		གར		fully_resolved	high	Unicode stack and trailing suffix roles resolve uniquely.
དགྲའི	ད		ག	ར	i	འ		གར		fully_resolved	high	Unicode stack and trailing suffix roles resolve uniquely.
དགྲོན	ད		ག	ར	o	ན		གར		fully_resolved	high	Unicode stack and trailing suffix roles resolve uniquely.
དགྲོལ	ད		ག	ར	o	ལ		གར		fully_resolved	high	Unicode stack and trailing suffix roles resolve uniquely.
དང					a				ད;ང	ambiguous_root	low	Multiple Tibetan-only root parses remain possible.
དངགས	ད		ང		a	ག	ས	ང		fully_resolved	high	One prefix/root/suffix parse is structurally possible.
དངང	ད		ང		a	ང		ང		fully_resolved	high	One prefix/root/suffix parse is structurally possible.
དངངས	ད		ང		a	ང	ས	ང		fully_resolved	high	One prefix/root/suffix parse is structurally possible.
དངན	ད		ང		a	ན		ང		fully_resolved	high	One prefix/root/suffix parse is structurally possible.
དངར	ད		ང		a	ར		ང		fully_resolved	high	One prefix/root/suffix parse is structurally possible.
དངས					a				ད;ང	ambiguous_root	low	Multiple Tibetan-only root parses remain possible.
དངུལ	ད		ང		u	ལ		ང		fully_resolved	high	One prefix/root/suffix parse is structurally possible.
དངོ					o				ད;ང	ambiguous_root	low	Multiple Tibetan-only root parses remain possible.
དངོགས	ད		ང		o	ག	ས	ང		fully_resolved	high	One prefix/root/suffix parse is structurally possible.
དངོམ	ད		ང		o	མ		ང		fully_resolved	high	One prefix/root/suffix parse is structurally possible.
དངོས					o				ད;ང	ambiguous_root	low	Multiple Tibetan-only root parses remain possible.
དངྱ	ད		ང	ཡ	a			ངཡ		fully_resolved	high	Unicode stack and trailing suffix roles resolve uniquely.
དད					a				ད	ambiguous_root	low	Multiple Tibetan-only root parses remain possible.
དན					a				ད;ན	ambiguous_root	low	Multiple Tibetan-only root parses remain possible.
དཔག	ད		པ		a	ག		པ		fully_resolved	high	One prefix/root/suffix parse is structurally possible.
དཔགས	ད		པ		a	ག	ས	པ		fully_resolved	high	One prefix/root/suffix parse is structurally possible.
དཔང	ད		པ		a	ང		པ		fully_resolved	high	One prefix/root/suffix parse is structurally possible.
དཔངས	ད		པ		a	ང	ས	པ		fully_resolved	high	One prefix/root/suffix parse is structurally possible.
དཔན	ད		པ		a	ན		པ		fully_resolved	high	One prefix/root/suffix parse is structurally possible.
དཔའ	ད		པ		a	འ		པ		fully_resolved	high	One prefix/root/suffix parse is structurally possible.
དཔའཞུམ					u					unusual_stack	none	Consonant sequence does not match conservative role patterns.
དཔའི	ད		པ		i	འ		པ		fully_resolved	high	One prefix/root/suffix parse is structurally possible.
དཔར	ད		པ		a	ར		པ		fully_resolved	high	One prefix/root/suffix parse is structurally possible.
དཔལ	ད		པ		a	ལ		པ		fully_resolved	high	One prefix/root/suffix parse is structurally possible.
དཔས	ད		པ		a	ས		པ		fully_resolved	high	One prefix/root/suffix parse is structurally possible.
དཔུང	ད		པ		u	ང		པ		fully_resolved	high	One prefix/root/suffix parse is structurally possible.
དཔུར	ད		པ		u	ར		པ		fully_resolved	high	One prefix/root/suffix parse is structurally possible.
དཔེ	ད		པ		e			པ		fully_resolved	high	One prefix/root/suffix parse is structurally possible.
དཔེན	ད		པ		e	ན		པ		fully_resolved	high	One prefix/root/suffix parse is structurally possible.
དཔེའི										unsupported_orthographic_sign	none	Multiple Tibetan vowel signs are not modelled.
དཔེའུ										unsupported_orthographic_sign	none	Multiple Tibetan vowel signs are not modelled.
དཔེར	ད		པ		e	ར		པ		fully_resolved	high	One prefix/root/suffix parse is structurally possible.
དཔོ	ད		པ		o			པ		fully_resolved	high	One prefix/root/suffix parse is structurally possible.
དཔོག	ད		པ		o	ག		པ		fully_resolved	high	One prefix/root/suffix parse is structurally possible.
དཔོང	ད		པ		o	ང		པ		fully_resolved	high	One prefix/root/suffix parse is structurally possible.
དཔོད	ད		པ		o	ད		པ		fully_resolved	high	One prefix/root/suffix parse is structurally possible.
དཔོན	ད		པ		o	ན		པ		fully_resolved	high	One prefix/root/suffix parse is structurally possible.
དཔྱ	ད		པ	ཡ	a			པཡ		fully_resolved	high	Unicode stack and trailing suffix roles resolve uniquely.
དཔྱང	ད		པ	ཡ	a	ང		པཡ		fully_resolved	high	Unicode stack and trailing suffix roles resolve uniquely.
དཔྱངས	ད		པ	ཡ	a	ང	ས	པཡ		fully_resolved	high	Unicode stack and trailing suffix roles resolve uniquely.
དཔྱད	ད		པ	ཡ	a	ད		པཡ		fully_resolved	high	Unicode stack and trailing suffix roles resolve uniquely.
དཔྱདཟླ	ད		པ	ཡལ	a			པཡལ	ད;ཟ	partially_resolved	medium	Stack resolved; extra consonants remain ambiguous.
དཔྱའ	ད		པ	ཡ	a	འ		པཡ		fully_resolved	high	Unicode stack and trailing suffix roles resolve uniquely.
དཔྱས	ད		པ	ཡ	a	ས		པཡ		fully_resolved	high	Unicode stack and trailing suffix roles resolve uniquely.
དཔྱི	ད		པ	ཡ	i			པཡ		fully_resolved	high	Unicode stack and trailing suffix roles resolve uniquely.
དཔྱིད	ད		པ	ཡ	i	ད		པཡ		fully_resolved	high	Unicode stack and trailing suffix roles resolve uniquely.
དཔྱིས	ད		པ	ཡ	i	ས		པཡ		fully_resolved	high	Unicode stack and trailing suffix roles resolve uniquely.
དཔྱེའུ										unsupported_orthographic_sign	none	Multiple Tibetan vowel signs are not modelled.
དཔྱོང	ད		པ	ཡ	o	ང		པཡ		fully_resolved	high	Unicode stack and trailing suffix roles resolve uniquely.
དཔྱོངས	ད		པ	ཡ	o	ང	ས	པཡ		fully_resolved	high	Unicode stack and trailing suffix roles resolve uniquely.
དཔྱོད	ད		པ	ཡ	o	ད		པཡ		fully_resolved	high	Unicode stack and trailing suffix roles resolve uniquely.
དཔྲག	ད		པ	ར	a	ག		པར		fully_resolved	high	Unicode stack and trailing suffix roles resolve uniquely.
དཔྲལ	ད		པ	ར	a	ལ		པར		fully_resolved	high	Unicode stack and trailing suffix roles resolve uniquely.
དཔྲེ	ད		པ	ར	e			པར		fully_resolved	high	Unicode stack and trailing suffix roles resolve uniquely.
དཔྲོག	ད		པ	ར	o	ག		པར		fully_resolved	high	Unicode stack and trailing suffix roles resolve uniquely.
དཔྲོན	ད		པ	ར	o	ན		པར		fully_resolved	high	Unicode stack and trailing suffix roles resolve uniquely.
དཕྱིད	ད		ཕ	ཡ	i	ད		ཕཡ		fully_resolved	high	Unicode stack and trailing suffix roles resolve uniquely.
དབ					a				ད;བ	ambiguous_root	low	Multiple Tibetan-only root parses remain possible.
དབག	ད		བ		a	ག		བ		fully_resolved	high	One prefix/root/suffix parse is structurally possible.
དབགྱེས			ག	ཡ	e	ས		གཡ	ད;བ	partially_resolved	medium	Stack resolved; extra consonants remain ambiguous.
དབང	ད		བ		a	ང		བ		fully_resolved	high	One prefix/root/suffix parse is structurally possible.
དབངས	ད		བ		a	ང	ས	བ		fully_resolved	high	One prefix/root/suffix parse is structurally possible.
དབད					a				ད;བ	ambiguous_root	low	Multiple Tibetan-only root parses remain possible.
དབན	ད		བ		a	ན		བ		fully_resolved	high	One prefix/root/suffix parse is structurally possible.
དབཔང					a					unusual_stack	none	Consonant sequence does not match conservative role patterns.
དབཔེ					e					unusual_stack	none	Consonant sequence does not match conservative role patterns.
དབབ	ད		བ		a	བ		བ		fully_resolved	high	One prefix/root/suffix parse is structurally possible.
དབབུས	ད		བ		u	བ	ས	བ		fully_resolved	high	One prefix/root/suffix parse is structurally possible.
དབབྱངས			བ	ཡ	a	ང	ས	བཡ	ད;བ	partially_resolved	medium	Stack resolved; extra consonants remain ambiguous.
དབའ	ད		བ		a	འ		བ		fully_resolved	high	One prefix/root/suffix parse is structurally possible.
དབར	ད		བ		a	ར		བ		fully_resolved	high	One prefix/root/suffix parse is structurally possible.
དབལ	ད		བ		a	ལ		བ		fully_resolved	high	One prefix/root/suffix parse is structurally possible.
དབས					a				ད;བ	ambiguous_root	low	Multiple Tibetan-only root parses remain possible.
དབུ					u				ད;བ	ambiguous_root	low	Multiple Tibetan-only root parses remain possible.
དབུག	ད		བ		u	ག		བ		fully_resolved	high	One prefix/root/suffix parse is structurally possible.
དབུགས	ད		བ		u	ག	ས	བ		fully_resolved	high	One prefix/root/suffix parse is structurally possible.
དབུང	ད		བ		u	ང		བ		fully_resolved	high	One prefix/root/suffix parse is structurally possible.
དབུད					u				ད;བ	ambiguous_root	low	Multiple Tibetan-only root parses remain possible.
དབུབ	ད		བ		u	བ		བ		fully_resolved	high	One prefix/root/suffix parse is structurally possible.
དབུམ	ད		བ		u	མ		བ		fully_resolved	high	One prefix/root/suffix parse is structurally possible.
དབུའ	ད		བ		u	འ		བ		fully_resolved	high	One prefix/root/suffix parse is structurally possible.
དབུའི										unsupported_orthographic_sign	none	Multiple Tibetan vowel signs are not modelled.
དབུར	ད		བ		u	ར		བ		fully_resolved	high	One prefix/root/suffix parse is structurally possible.
དབུལ	ད		བ		u	ལ		བ		fully_resolved	high	One prefix/root/suffix parse is structurally possible.
དབུས					u				ད;བ	ambiguous_root	low	Multiple Tibetan-only root parses remain possible.
དབུསའགྱུར										unsupported_orthographic_sign	none	Multiple Tibetan vowel signs are not modelled.
དབུསས	ད		བ		u	ས	ས	བ		fully_resolved	high	One prefix/root/suffix parse is structurally possible.
དབེ					e				ད;བ	ambiguous_root	low	Multiple Tibetan-only root parses remain possible.
དབེན	ད		བ		e	ན		བ		fully_resolved	high	One prefix/root/suffix parse is structurally possible.
དབོ					o				ད;བ	ambiguous_root	low	Multiple Tibetan-only root parses remain possible.
དབོག	ད		བ		o	ག		བ		fully_resolved	high	One prefix/root/suffix parse is structurally possible.
དབོན	ད		བ		o	ན		བ		fully_resolved	high	One prefix/root/suffix parse is structurally possible.
དབོར	ད		བ		o	ར		བ		fully_resolved	high	One prefix/root/suffix parse is structurally possible.
དབོལ	ད		བ		o	ལ		བ		fully_resolved	high	One prefix/root/suffix parse is structurally possible.
དབོས					o				ད;བ	ambiguous_root	low	Multiple Tibetan-only root parses remain possible.
དབྱག	ད		བ	ཡ	a	ག		བཡ		fully_resolved	high	Unicode stack and trailing suffix roles resolve uniquely.
དབྱང	ད		བ	ཡ	a	ང		བཡ		fully_resolved	high	Unicode stack and trailing suffix roles resolve uniquely.
དབྱངས	ད		བ	ཡ	a	ང	ས	བཡ		fully_resolved	high	Unicode stack and trailing suffix roles resolve uniquely.
དབྱབ	ད		བ	ཡ	a	བ		བཡ		fully_resolved	high	Unicode stack and trailing suffix roles resolve uniquely.
དབྱམ	ད		བ	ཡ	a	མ		བཡ		fully_resolved	high	Unicode stack and trailing suffix roles resolve uniquely.
དབྱའ	ད		བ	ཡ	a	འ		བཡ		fully_resolved	high	Unicode stack and trailing suffix roles resolve uniquely.
དབྱར	ད		བ	ཡ	a	ར		བཡ		fully_resolved	high	Unicode stack and trailing suffix roles resolve uniquely.
དབྱརད	ད		བ	ཡ	a	ར	ད	བཡ		fully_resolved	high	Unicode stack and trailing suffix roles resolve uniquely.
དབྱལ	ད		བ	ཡ	a	ལ		བཡ		fully_resolved	high	Unicode stack and trailing suffix roles resolve uniquely.
དབྱི	ད		བ	ཡ	i			བཡ		fully_resolved	high	Unicode stack and trailing suffix roles resolve uniquely.
དབྱིག	ད		བ	ཡ	i	ག		བཡ		fully_resolved	high	Unicode stack and trailing suffix roles resolve uniquely.
དབྱིགས	ད		བ	ཡ	i	ག	ས	བཡ		fully_resolved	high	Unicode stack and trailing suffix roles resolve uniquely.
དབྱིངས	ད		བ	ཡ	i	ང	ས	བཡ		fully_resolved	high	Unicode stack and trailing suffix roles resolve uniquely.
དབྱིན	ད		བ	ཡ	i	ན		བཡ		fully_resolved	high	Unicode stack and trailing suffix roles resolve uniquely.
དབྱིབས	ད		བ	ཡ	i	བ	ས	བཡ		fully_resolved	high	Unicode stack and trailing suffix roles resolve uniquely.
དབྱུ	ད		བ	ཡ	u			བཡ		fully_resolved	high	Unicode stack and trailing suffix roles resolve uniquely.
དབྱུག	ད		བ	ཡ	u	ག		བཡ		fully_resolved	high	Unicode stack and trailing suffix roles resolve uniquely.
དབྱུགས	ད		བ	ཡ	u	ག	ས	བཡ		fully_resolved	high	Unicode stack and trailing suffix roles resolve uniquely.
དབྱུང	ད		བ	ཡ	u	ང		བཡ		fully_resolved	high	Unicode stack and trailing suffix roles resolve uniquely.
དབྱེ	ད		བ	ཡ	e			བཡ		fully_resolved	high	Unicode stack and trailing suffix roles resolve uniquely.
དབྱེག	ད		བ	ཡ	e	ག		བཡ		fully_resolved	high	Unicode stack and trailing suffix roles resolve uniquely.
དབྱེན	ད		བ	ཡ	e	ན		བཡ		fully_resolved	high	Unicode stack and trailing suffix roles resolve uniquely.
དབྱེབས	ད		བ	ཡ	e	བ	ས	བཡ		fully_resolved	high	Unicode stack and trailing suffix roles resolve uniquely.
དབྱེར	ད		བ	ཡ	e	ར		བཡ		fully_resolved	high	Unicode stack and trailing suffix roles resolve uniquely.
དབྱེལ	ད		བ	ཡ	e	ལ		བཡ		fully_resolved	high	Unicode stack and trailing suffix roles resolve uniquely.
དབྱེས	ད		བ	ཡ	e	ས		བཡ		fully_resolved	high	Unicode stack and trailing suffix roles resolve uniquely.
དབྲ	ད		བ	ར	a			བར		fully_resolved	high	Unicode stack and trailing suffix roles resolve uniquely.
དབྲག	ད		བ	ར	a	ག		བར		fully_resolved	high	Unicode stack and trailing suffix roles resolve uniquely.
དབྲགས	ད		བ	ར	a	ག	ས	བར		fully_resolved	high	Unicode stack and trailing suffix roles resolve uniquely.
དབྲད	ད		བ	ར	a	ད		བར		fully_resolved	high	Unicode stack and trailing suffix roles resolve uniquely.
དབྲབ	ད		བ	ར	a	བ		བར		fully_resolved	high	Unicode stack and trailing suffix roles resolve uniquely.
དབྲལ	ད		བ	ར	a	ལ		བར		fully_resolved	high	Unicode stack and trailing suffix roles resolve uniquely.
དབྲི	ད		བ	ར	i			བར		fully_resolved	high	Unicode stack and trailing suffix roles resolve uniquely.
དབྲུ	ད		བ	ར	u			བར		fully_resolved	high	Unicode stack and trailing suffix roles resolve uniquely.
དབྲེ	ད		བ	ར	e			བར		fully_resolved	high	Unicode stack and trailing suffix roles resolve uniquely.
དབྲོག	ད		བ	ར	o	ག		བར		fully_resolved	high	Unicode stack and trailing suffix roles resolve uniquely.
དམ					a				ད;མ	ambiguous_root	low	Multiple Tibetan-only root parses remain possible.
དམག	ད		མ		a	ག		མ		fully_resolved	high	One prefix/root/suffix parse is structurally possible.
དམགས	ད		མ		a	ག	ས	མ		fully_resolved	high	One prefix/root/suffix parse is structurally possible.
དམང	ད		མ		a	ང		མ		fully_resolved	high	One prefix/root/suffix parse is structurally possible.
དམངས	ད		མ		a	ང	ས	མ		fully_resolved	high	One prefix/root/suffix parse is structurally possible.
དམཆའི					i					unusual_stack	none	Consonant sequence does not match conservative role patterns.
དམན	ད		མ		a	ན		མ		fully_resolved	high	One prefix/root/suffix parse is structurally possible.
དམའ	ད		མ		a	འ		མ		fully_resolved	high	One prefix/root/suffix parse is structurally possible.
དམའས	ད		མ		a	འ	ས	མ		fully_resolved	high	One prefix/root/suffix parse is structurally possible.
དམའི	ད		མ		i	འ		མ		fully_resolved	high	One prefix/root/suffix parse is structurally possible.
དམར	ད		མ		a	ར		མ		fully_resolved	high	One prefix/root/suffix parse is structurally possible.
དམས					a				ད;མ	ambiguous_root	low	Multiple Tibetan-only root parses remain possible.
དམི					i				ད;མ	ambiguous_root	low	Multiple Tibetan-only root parses remain possible.
དམིག	ད		མ		i	ག		མ		fully_resolved	high	One prefix/root/suffix parse is structurally possible.
དམིགས	ད		མ		i	ག	ས	མ		fully_resolved	high	One prefix/root/suffix parse is structurally possible.
དམུ					u				ད;མ	ambiguous_root	low	Multiple Tibetan-only root parses remain possible.
དམུན	ད		མ		u	ན		མ		fully_resolved	high	One prefix/root/suffix parse is structurally possible.
དམུའེ										unsupported_orthographic_sign	none	Multiple Tibetan vowel signs are not modelled.
དམུར	ད		མ		u	ར		མ		fully_resolved	high	One prefix/root/suffix parse is structurally possible.
དམུལ	ད		མ		u	ལ		མ		fully_resolved	high	One prefix/root/suffix parse is structurally possible.
དམུས					u				ད;མ	ambiguous_root	low	Multiple Tibetan-only root parses remain possible.
དམེ					e				ད;མ	ambiguous_root	low	Multiple Tibetan-only root parses remain possible.
དམེགས	ད		མ		e	ག	ས	མ		fully_resolved	high	One prefix/root/suffix parse is structurally possible.
དམོང	ད		མ		o	ང		མ		fully_resolved	high	One prefix/root/suffix parse is structurally possible.
དམོད					o				ད;མ	ambiguous_root	low	Multiple Tibetan-only root parses remain possible.
དམྤ	ད		མ	པ	a			མཔ		fully_resolved	high	Unicode stack and trailing suffix roles resolve uniquely.
དམྱང	ད		མ	ཡ	a	ང		མཡ		fully_resolved	high	Unicode stack and trailing suffix roles resolve uniquely.
དམྱལ	ད		མ	ཡ	a	ལ		མཡ		fully_resolved	high	Unicode stack and trailing suffix roles resolve uniquely.
དམྱིག	ད		མ	ཡ	i	ག		མཡ		fully_resolved	high	Unicode stack and trailing suffix roles resolve uniquely.
དམྱིགས	ད		མ	ཡ	i	ག	ས	མཡ		fully_resolved	high	Unicode stack and trailing suffix roles resolve uniquely.
དམྱུག	ད		མ	ཡ	u	ག		མཡ		fully_resolved	high	Unicode stack and trailing suffix roles resolve uniquely.
དམྱུགས	ད		མ	ཡ	u	ག	ས	མཡ		fully_resolved	high	Unicode stack and trailing suffix roles resolve uniquely.
དའ					a				ད;འ	ambiguous_root	low	Multiple Tibetan-only root parses remain possible.
དའི					i				ད;འ	ambiguous_root	low	Multiple Tibetan-only root parses remain possible.
དའེ					e				ད;འ	ambiguous_root	low	Multiple Tibetan-only root parses remain possible.
དར					a				ད;ར	ambiguous_root	low	Multiple Tibetan-only root parses remain possible.
དརཱཧ					a					unsupported_orthographic_sign	none	Unsupported transcription-bearing Tibetan signs: U+0F71
དལ					a				ད;ལ	ambiguous_root	low	Multiple Tibetan-only root parses remain possible.
དས					a				ད;ས	ambiguous_root	low	Multiple Tibetan-only root parses remain possible.
དཨམག					a					unusual_stack	none	Consonant sequence does not match conservative role patterns.
དཱ					a					unsupported_orthographic_sign	none	Unsupported transcription-bearing Tibetan signs: U+0F71
དཱག					a					unsupported_orthographic_sign	none	Unsupported transcription-bearing Tibetan signs: U+0F71
དཱང					a					unsupported_orthographic_sign	none	Unsupported transcription-bearing Tibetan signs: U+0F71
དཱམ					a					unsupported_orthographic_sign	none	Unsupported transcription-bearing Tibetan signs: U+0F71
དཱར					a					unsupported_orthographic_sign	none	Unsupported transcription-bearing Tibetan signs: U+0F71
དཱྭ					a					unsupported_orthographic_sign	none	Unsupported transcription-bearing Tibetan signs: U+0F71
དི			ད		i			ད		fully_resolved	high	One prefix/root/suffix parse is structurally possible.
དིག					i				ད;ག	ambiguous_root	low	Multiple Tibetan-only root parses remain possible.
དིང					i				ད;ང	ambiguous_root	low	Multiple Tibetan-only root parses remain possible.
དིངས					i				ད;ང	ambiguous_root	low	Multiple Tibetan-only root parses remain possible.
དིམ					i				ད;མ	ambiguous_root	low	Multiple Tibetan-only root parses remain possible.
དིར					i				ད;ར	ambiguous_root	low	Multiple Tibetan-only root parses remain possible.
དུ			ད		u			ད		fully_resolved	high	One prefix/root/suffix parse is structurally possible.
དུག					u				ད;ག	ambiguous_root	low	Multiple Tibetan-only root parses remain possible.
དུགས					u				ད;ག	ambiguous_root	low	Multiple Tibetan-only root parses remain possible.
དུང					u				ད;ང	ambiguous_root	low	Multiple Tibetan-only root parses remain possible.
དུངས					u				ད;ང	ambiguous_root	low	Multiple Tibetan-only root parses remain possible.
དུད					u				ད	ambiguous_root	low	Multiple Tibetan-only root parses remain possible.
དུན					u				ད;ན	ambiguous_root	low	Multiple Tibetan-only root parses remain possible.
དུབ					u				ད;བ	ambiguous_root	low	Multiple Tibetan-only root parses remain possible.
དུབས					u				ད;བ	ambiguous_root	low	Multiple Tibetan-only root parses remain possible.
དུམ					u				ད;མ	ambiguous_root	low	Multiple Tibetan-only root parses remain possible.
དུར					u				ད;ར	ambiguous_root	low	Multiple Tibetan-only root parses remain possible.
དུལ					u				ད;ལ	ambiguous_root	low	Multiple Tibetan-only root parses remain possible.
དུས					u				ད;ས	ambiguous_root	low	Multiple Tibetan-only root parses remain possible.
དུཿཁ					u					unsupported_orthographic_sign	none	Unsupported transcription-bearing Tibetan signs: U+0F7F
དེ			ད		e			ད		fully_resolved	high	One prefix/root/suffix parse is structurally possible.
དེང					e				ད;ང	ambiguous_root	low	Multiple Tibetan-only root parses remain possible.
དེངས					e				ད;ང	ambiguous_root	low	Multiple Tibetan-only root parses remain possible.
དེད					e				ད	ambiguous_root	low	Multiple Tibetan-only root parses remain possible.
དེན					e				ད;ན	ambiguous_root	low	Multiple Tibetan-only root parses remain possible.
དེབ					e				ད;བ	ambiguous_root	low	Multiple Tibetan-only root parses remain possible.
དེམ					e				ད;མ	ambiguous_root	low	Multiple Tibetan-only root parses remain possible.
དེའི										unsupported_orthographic_sign	none	Multiple Tibetan vowel signs are not modelled.
དེའུ										unsupported_orthographic_sign	none	Multiple Tibetan vowel signs are not modelled.
དེའེ										unsupported_orthographic_sign	none	Multiple Tibetan vowel signs are not modelled.
དེལ					e				ད;ལ	ambiguous_root	low	Multiple Tibetan-only root parses remain possible.
དེས					e				ད;ས	ambiguous_root	low	Multiple Tibetan-only root parses remain possible.
དོ			ད		o			ད		fully_resolved	high	One prefix/root/suffix parse is structurally possible.
དོག					o				ད;ག	ambiguous_root	low	Multiple Tibetan-only root parses remain possible.
དོགས					o				ད;ག	ambiguous_root	low	Multiple Tibetan-only root parses remain possible.
དོང					o				ད;ང	ambiguous_root	low	Multiple Tibetan-only root parses remain possible.
དོད					o				ད	ambiguous_root	low	Multiple Tibetan-only root parses remain possible.
དོན					o				ད;ན	ambiguous_root	low	Multiple Tibetan-only root parses remain possible.
དོབ					o				ད;བ	ambiguous_root	low	Multiple Tibetan-only root parses remain possible.
དོམ					o				ད;མ	ambiguous_root	low	Multiple Tibetan-only root parses remain possible.
དོམས					o				ད;མ	ambiguous_root	low	Multiple Tibetan-only root parses remain possible.
དོའི										unsupported_orthographic_sign	none	Multiple Tibetan vowel signs are not modelled.
དོར					o				ད;ར	ambiguous_root	low	Multiple Tibetan-only root parses remain possible.
དོལ					o				ད;ལ	ambiguous_root	low	Multiple Tibetan-only root parses remain possible.
དོས					o				ད;ས	ambiguous_root	low	Multiple Tibetan-only root parses remain possible.
དོཿ					o					unsupported_orthographic_sign	none	Unsupported transcription-bearing Tibetan signs: U+0F7F
དཾ					a					unsupported_orthographic_sign	none	Unsupported transcription-bearing Tibetan signs: U+0F7E
དཿ					a					unsupported_orthographic_sign	none	Unsupported transcription-bearing Tibetan signs: U+0F7F
དྟ			ད	ཏ	a			དཏ		fully_resolved	high	Unicode stack and trailing suffix roles resolve uniquely.
དྡ			ད	ད	a			དད		fully_resolved	high	Unicode stack and trailing suffix roles resolve uniquely.
དྡེགས			ད	ད	e	ག	ས	དད		fully_resolved	high	Unicode stack and trailing suffix roles resolve uniquely.
དྡོ			ད	ད	o			དད		fully_resolved	high	Unicode stack and trailing suffix roles resolve uniquely.
དྡོད			ད	ད	o	ད		དད		fully_resolved	high	Unicode stack and trailing suffix roles resolve uniquely.
དྦ			ད	བ	a			དབ		fully_resolved	high	Unicode stack and trailing suffix roles resolve uniquely.
དྨྲ			ད	མར	a			དམར		fully_resolved	high	Unicode stack and trailing suffix roles resolve uniquely.
དྭ			ད	ཝ	a			དཝ		fully_resolved	high	Unicode stack and trailing suffix roles resolve uniquely.
དྭག			ད	ཝ	a	ག		དཝ		fully_resolved	high	Unicode stack and trailing suffix roles resolve uniquely.
དྭགན			ད	ཝ	a	ན		དཝ	ག	partially_resolved	medium	Stack resolved; extra consonants remain ambiguous.
དྭགམ			ད	ཝ	a	མ		དཝ	ག	partially_resolved	medium	Stack resolved; extra consonants remain ambiguous.
དྭགས			ད	ཝ	a	ག	ས	དཝ		fully_resolved	high	Unicode stack and trailing suffix roles resolve uniquely.
དྭགེས			ད	ཝ	e	ག	ས	དཝ		fully_resolved	high	Unicode stack and trailing suffix roles resolve uniquely.
དྭགོལ			ད	ཝ	o	ལ		དཝ	ག	partially_resolved	medium	Stack resolved; extra consonants remain ambiguous.
དྭགྱེས			ད	ཝཡ	e	ག	ས	དཝཡ		fully_resolved	high	Unicode stack and trailing suffix roles resolve uniquely.
དྭང			ད	ཝ	a	ང		དཝ		fully_resolved	high	Unicode stack and trailing suffix roles resolve uniquely.
དྭངཔུལ			ད	ཝ	u	ལ		དཝ	ང;པ	partially_resolved	medium	Stack resolved; extra consonants remain ambiguous.
དྭངལ			ད	ཝ	a	ལ		དཝ	ང	partially_resolved	medium	Stack resolved; extra consonants remain ambiguous.
དྭངས			ད	ཝ	a	ང	ས	དཝ		fully_resolved	high	Unicode stack and trailing suffix roles resolve uniquely.
དྭངུལ			ད	ཝ	u	ལ		དཝ	ང	partially_resolved	medium	Stack resolved; extra consonants remain ambiguous.
དྭབས			ད	ཝ	a	བ	ས	དཝ		fully_resolved	high	Unicode stack and trailing suffix roles resolve uniquely.
དྭབུལ			ད	ཝ	u	ལ		དཝ	བ	partially_resolved	medium	Stack resolved; extra consonants remain ambiguous.
དྭབུས			ད	ཝ	u	བ	ས	དཝ		fully_resolved	high	Unicode stack and trailing suffix roles resolve uniquely.
དྭབྱངས			ད	ཝཡ	a	ང	ས	དཝཡ	བ	partially_resolved	medium	Stack resolved; extra consonants remain ambiguous.
དྭས			ད	ཝ	a	ས		དཝ		fully_resolved	high	Unicode stack and trailing suffix roles resolve uniquely.
དྭིངས			ད	ཝ	i	ང	ས	དཝ		fully_resolved	high	Unicode stack and trailing suffix roles resolve uniquely.
དྭེ			ད	ཝ	e			དཝ		fully_resolved	high	Unicode stack and trailing suffix roles resolve uniquely.
དྭོ			ད	ཝ	o			དཝ		fully_resolved	high	Unicode stack and trailing suffix roles resolve uniquely.
དྭྱངལ			ད	ཝཡ	a	ལ		དཝཡ	ང	partially_resolved	medium	Stack resolved; extra consonants remain ambiguous.
དྱ			ད	ཡ	a			དཡ		fully_resolved	high	Unicode stack and trailing suffix roles resolve uniquely.
དྱགེས			ད	ཡ	e	ག	ས	དཡ		fully_resolved	high	Unicode stack and trailing suffix roles resolve uniquely.
དྱངལ			ད	ཡ	a	ལ		དཡ	ང	partially_resolved	medium	Stack resolved; extra consonants remain ambiguous.
དྱངས			ད	ཡ	a	ང	ས	དཡ		fully_resolved	high	Unicode stack and trailing suffix roles resolve uniquely.
དྱངུལ			ད	ཡ	u	ལ		དཡ	ང	partially_resolved	medium	Stack resolved; extra consonants remain ambiguous.
དྱབངས			ད	ཡ	a	ང	ས	དཡ	བ	partially_resolved	medium	Stack resolved; extra consonants remain ambiguous.
དྱབེ			ད	ཡ	e	བ		དཡ		fully_resolved	high	Unicode stack and trailing suffix roles resolve uniquely.
དྱབྱི			ད	ཡཡ	i	བ		དཡཡ		fully_resolved	high	Unicode stack and trailing suffix roles resolve uniquely.
དྱའེ			ད	ཡ	e	འ		དཡ		fully_resolved	high	Unicode stack and trailing suffix roles resolve uniquely.
དྱཱ					a					unsupported_orthographic_sign	none	Unsupported transcription-bearing Tibetan signs: U+0F71
དྱིད			ད	ཡ	i	ད		དཡ		fully_resolved	high	Unicode stack and trailing suffix roles resolve uniquely.
དྱུང			ད	ཡ	u	ང		དཡ		fully_resolved	high	Unicode stack and trailing suffix roles resolve uniquely.
དྲ			ད	ར	a			དར		fully_resolved	high	Unicode stack and trailing suffix roles resolve uniquely.
དྲག			ད	ར	a	ག		དར		fully_resolved	high	Unicode stack and trailing suffix roles resolve uniquely.
དྲགའི			ད	ར	i	འ		དར	ག	partially_resolved	medium	Stack resolved; extra consonants remain ambiguous.
དྲགས			ད	ར	a	ག	ས	དར		fully_resolved	high	Unicode stack and trailing suffix roles resolve uniquely.
དྲགྲ			ད	རར	a	ག		དརར		fully_resolved	high	Unicode stack and trailing suffix roles resolve uniquely.
དྲང			ད	ར	a	ང		དར		fully_resolved	high	Unicode stack and trailing suffix roles resolve uniquely.
དྲངས			ད	ར	a	ང	ས	དར		fully_resolved	high	Unicode stack and trailing suffix roles resolve uniquely.
དྲད			ད	ར	a	ད		དར		fully_resolved	high	Unicode stack and trailing suffix roles resolve uniquely.
དྲན			ད	ར	a	ན		དར		fully_resolved	high	Unicode stack and trailing suffix roles resolve uniquely.
དྲཔང			ད	ར	a	ང		དར	པ	partially_resolved	medium	Stack resolved; extra consonants remain ambiguous.
དྲབ			ད	ར	a	བ		དར		fully_resolved	high	Unicode stack and trailing suffix roles resolve uniquely.
དྲབང			ད	ར	a	ང		དར	བ	partially_resolved	medium	Stack resolved; extra consonants remain ambiguous.
དྲབབ			ད	ར	a	བ		དར	བ	partially_resolved	medium	Stack resolved; extra consonants remain ambiguous.
དྲབར			ད	ར	a	ར		དར	བ	partially_resolved	medium	Stack resolved; extra consonants remain ambiguous.
དྲམ			ད	ར	a	མ		དར		fully_resolved	high	Unicode stack and trailing suffix roles resolve uniquely.
དྲམག			ད	ར	a	ག		དར	མ	partially_resolved	medium	Stack resolved; extra consonants remain ambiguous.
དྲལ			ད	ར	a	ལ		དར		fully_resolved	high	Unicode stack and trailing suffix roles resolve uniquely.
དྲས			ད	ར	a	ས		དར		fully_resolved	high	Unicode stack and trailing suffix roles resolve uniquely.
དྲི			ད	ར	i			དར		fully_resolved	high	Unicode stack and trailing suffix roles resolve uniquely.
དྲིང			ད	ར	i	ང		དར		fully_resolved	high	Unicode stack and trailing suffix roles resolve uniquely.
དྲིན			ད	ར	i	ན		དར		fully_resolved	high	Unicode stack and trailing suffix roles resolve uniquely.
དྲིབ			ད	ར	i	བ		དར		fully_resolved	high	Unicode stack and trailing suffix roles resolve uniquely.
དྲིའ			ད	ར	i	འ		དར		fully_resolved	high	Unicode stack and trailing suffix roles resolve uniquely.
དྲིའུ										unsupported_orthographic_sign	none	Multiple Tibetan vowel signs are not modelled.
དྲིལ			ད	ར	i	ལ		དར		fully_resolved	high	Unicode stack and trailing suffix roles resolve uniquely.
དྲིས			ད	ར	i	ས		དར		fully_resolved	high	Unicode stack and trailing suffix roles resolve uniquely.
དྲུ			ད	ར	u			དར		fully_resolved	high	Unicode stack and trailing suffix roles resolve uniquely.
དྲུག			ད	ར	u	ག		དར		fully_resolved	high	Unicode stack and trailing suffix roles resolve uniquely.
དྲུང			ད	ར	u	ང		དར		fully_resolved	high	Unicode stack and trailing suffix roles resolve uniquely.
དྲུངས			ད	ར	u	ང	ས	དར		fully_resolved	high	Unicode stack and trailing suffix roles resolve uniquely.
དྲུད			ད	ར	u	ད		དར		fully_resolved	high	Unicode stack and trailing suffix roles resolve uniquely.
དྲུབ			ད	ར	u	བ		དར		fully_resolved	high	Unicode stack and trailing suffix roles resolve uniquely.
དྲུབས			ད	ར	u	བ	ས	དར		fully_resolved	high	Unicode stack and trailing suffix roles resolve uniquely.
དྲུམ			ད	ར	u	མ		དར		fully_resolved	high	Unicode stack and trailing suffix roles resolve uniquely.
དྲུའི										unsupported_orthographic_sign	none	Multiple Tibetan vowel signs are not modelled.
དྲུལ			ད	ར	u	ལ		དར		fully_resolved	high	Unicode stack and trailing suffix roles resolve uniquely.
དྲུས			ད	ར	u	ས		དར		fully_resolved	high	Unicode stack and trailing suffix roles resolve uniquely.
དྲེ			ད	ར	e			དར		fully_resolved	high	Unicode stack and trailing suffix roles resolve uniquely.
དྲེག			ད	ར	e	ག		དར		fully_resolved	high	Unicode stack and trailing suffix roles resolve uniquely.
དྲེགས			ད	ར	e	ག	ས	དར		fully_resolved	high	Unicode stack and trailing suffix roles resolve uniquely.
དྲེང			ད	ར	e	ང		དར		fully_resolved	high	Unicode stack and trailing suffix roles resolve uniquely.
དྲེངས			ད	ར	e	ང	ས	དར		fully_resolved	high	Unicode stack and trailing suffix roles resolve uniquely.
དྲེད			ད	ར	e	ད		དར		fully_resolved	high	Unicode stack and trailing suffix roles resolve uniquely.
དྲེན			ད	ར	e	ན		དར		fully_resolved	high	Unicode stack and trailing suffix roles resolve uniquely.
དྲེའུ										unsupported_orthographic_sign	none	Multiple Tibetan vowel signs are not modelled.
དྲེལ			ད	ར	e	ལ		དར		fully_resolved	high	Unicode stack and trailing suffix roles resolve uniquely.
དྲེས			ད	ར	e	ས		དར		fully_resolved	high	Unicode stack and trailing suffix roles resolve uniquely.
དྲོ			ད	ར	o			དར		fully_resolved	high	Unicode stack and trailing suffix roles resolve uniquely.
དྲོག			ད	ར	o	ག		དར		fully_resolved	high	Unicode stack and trailing suffix roles resolve uniquely.
དྲོགས			ད	ར	o	ག	ས	དར		fully_resolved	high	Unicode stack and trailing suffix roles resolve uniquely.
དྲོངས			ད	ར	o	ང	ས	དར		fully_resolved	high	Unicode stack and trailing suffix roles resolve uniquely.
དྲོད			ད	ར	o	ད		དར		fully_resolved	high	Unicode stack and trailing suffix roles resolve uniquely.
དྲོན			ད	ར	o	ན		དར		fully_resolved	high	Unicode stack and trailing suffix roles resolve uniquely.
དྲོལ			ད	ར	o	ལ		དར		fully_resolved	high	Unicode stack and trailing suffix roles resolve uniquely.
དྲོས			ད	ར	o	ས		དར		fully_resolved	high	Unicode stack and trailing suffix roles resolve uniquely.
དྲཾ					a					unsupported_orthographic_sign	none	Unsupported transcription-bearing Tibetan signs: U+0F7E
དྲྭ			ད	རཝ	a			དརཝ		fully_resolved	high	Unicode stack and trailing suffix roles resolve uniquely.
དྲྭག			ད	རཝ	a	ག		དརཝ		fully_resolved	high	Unicode stack and trailing suffix roles resolve uniquely.
དྷ			ད	ཧ	a			དཧ		fully_resolved	high	Unicode stack and trailing suffix roles resolve uniquely.
དྷའི			ད	ཧ	i	འ		དཧ		fully_resolved	high	Unicode stack and trailing suffix roles resolve uniquely.
དྷརྨ			ད	ཧམ	a	ར		དཧམ		fully_resolved	high	Unicode stack and trailing suffix roles resolve uniquely.
དྷི			ད	ཧ	i			དཧ		fully_resolved	high	Unicode stack and trailing suffix roles resolve uniquely.
དྷུ			ད	ཧ	u			དཧ		fully_resolved	high	Unicode stack and trailing suffix roles resolve uniquely.
དྷེ			ད	ཧ	e			དཧ		fully_resolved	high	Unicode stack and trailing suffix roles resolve uniquely.
ན			ན		a			ན		fully_resolved	high	One prefix/root/suffix parse is structurally possible.
ནཀ					a					unusual_stack	none	Consonant sequence does not match conservative role patterns.
ནག			ན		a	ག		ན		fully_resolved	high	One prefix/root/suffix parse is structurally possible.
ནགས			ན		a	ག	ས	ན		fully_resolved	high	One prefix/root/suffix parse is structurally possible.
ནང			ན		a	ང		ན		fully_resolved	high	One prefix/root/suffix parse is structurally possible.
ནངས			ན		a	ང	ས	ན		fully_resolved	high	One prefix/root/suffix parse is structurally possible.
ནད			ན		a	ད		ན		fully_resolved	high	One prefix/root/suffix parse is structurally possible.
ནན			ན		a	ན		ན		fully_resolved	high	One prefix/root/suffix parse is structurally possible.
ནབ			ན		a	བ		ན		fully_resolved	high	One prefix/root/suffix parse is structurally possible.
ནབག					a					unusual_stack	none	Consonant sequence does not match conservative role patterns.
ནམ			ན		a	མ		ན		fully_resolved	high	One prefix/root/suffix parse is structurally possible.
ནམས			ན		a	མ	ས	ན		fully_resolved	high	One prefix/root/suffix parse is structurally possible.
ནའང					a					unusual_stack	none	Consonant sequence does not match conservative role patterns.
ནའི			ན		i	འ		ན		fully_resolved	high	One prefix/root/suffix parse is structurally possible.
ནར			ན		a	ར		ན		fully_resolved	high	One prefix/root/suffix parse is structurally possible.
ནརང					a					unusual_stack	none	Consonant sequence does not match conservative role patterns.
ནལ			ན		a	ལ		ན		fully_resolved	high	One prefix/root/suffix parse is structurally possible.
ནས			ན		a	ས		ན		fully_resolved	high	One prefix/root/suffix parse is structurally possible.
ནཱ					a					unsupported_orthographic_sign	none	Unsupported transcription-bearing Tibetan signs: U+0F71
ནི			ན		i			ན		fully_resolved	high	One prefix/root/suffix parse is structurally possible.
ནིང			ན		i	ང		ན		fully_resolved	high	One prefix/root/suffix parse is structurally possible.
ནིངྐ			ང	ཀ	i			ངཀ	ན	partially_resolved	medium	Stack resolved; extra consonants remain ambiguous.
ནིམ			ན		i	མ		ན		fully_resolved	high	One prefix/root/suffix parse is structurally possible.
ནིའ			ན		i	འ		ན		fully_resolved	high	One prefix/root/suffix parse is structurally possible.
ནིར			ན		i	ར		ན		fully_resolved	high	One prefix/root/suffix parse is structurally possible.
ནུ			ན		u			ན		fully_resolved	high	One prefix/root/suffix parse is structurally possible.
ནུབ			ན		u	བ		ན		fully_resolved	high	One prefix/root/suffix parse is structurally possible.
ནུཞོ										unsupported_orthographic_sign	none	Multiple Tibetan vowel signs are not modelled.
ནུའི										unsupported_orthographic_sign	none	Multiple Tibetan vowel signs are not modelled.
ནུར			ན		u	ར		ན		fully_resolved	high	One prefix/root/suffix parse is structurally possible.
ནུལ			ན		u	ལ		ན		fully_resolved	high	One prefix/root/suffix parse is structurally possible.
ནུས			ན		u	ས		ན		fully_resolved	high	One prefix/root/suffix parse is structurally possible.
ནེ			ན		e			ན		fully_resolved	high	One prefix/root/suffix parse is structurally possible.
ནེང			ན		e	ང		ན		fully_resolved	high	One prefix/root/suffix parse is structurally possible.
ནེམ			ན		e	མ		ན		fully_resolved	high	One prefix/root/suffix parse is structurally possible.
ནེའུ										unsupported_orthographic_sign	none	Multiple Tibetan vowel signs are not modelled.
ནེལ			ན		e	ལ		ན		fully_resolved	high	One prefix/root/suffix parse is structurally possible.
ནོ			ན		o			ན		fully_resolved	high	One prefix/root/suffix parse is structurally possible.
ནོག			ན		o	ག		ན		fully_resolved	high	One prefix/root/suffix parse is structurally possible.
ནོང			ན		o	ང		ན		fully_resolved	high	One prefix/root/suffix parse is structurally possible.
ནོངས			ན		o	ང	ས	ན		fully_resolved	high	One prefix/root/suffix parse is structurally possible.
ནོད			ན		o	ད		ན		fully_resolved	high	One prefix/root/suffix parse is structurally possible.
ནོན			ན		o	ན		ན		fully_resolved	high	One prefix/root/suffix parse is structurally possible.
ནོམ			ན		o	མ		ན		fully_resolved	high	One prefix/root/suffix parse is structurally possible.
ནོར			ན		o	ར		ན		fully_resolved	high	One prefix/root/suffix parse is structurally possible.
ནོལ			ན		o	ལ		ན		fully_resolved	high	One prefix/root/suffix parse is structurally possible.
ནོས			ན		o	ས		ན		fully_resolved	high	One prefix/root/suffix parse is structurally possible.
ནཾ					a					unsupported_orthographic_sign	none	Unsupported transcription-bearing Tibetan signs: U+0F7E
ནཿ					a					unsupported_orthographic_sign	none	Unsupported transcription-bearing Tibetan signs: U+0F7F
ནྟི			ན	ཏ	i			ནཏ		fully_resolved	high	Unicode stack and trailing suffix roles resolve uniquely.
ནྟྲ			ན	ཏར	a			ནཏར		fully_resolved	high	Unicode stack and trailing suffix roles resolve uniquely.
ནྡི			ན	ད	i			ནད		fully_resolved	high	Unicode stack and trailing suffix roles resolve uniquely.
ནྡེ			ན	ད	e			ནད		fully_resolved	high	Unicode stack and trailing suffix roles resolve uniquely.
ནྡྲ			ན	དར	a			ནདར		fully_resolved	high	Unicode stack and trailing suffix roles resolve uniquely.
ནྱ			ན	ཡ	a			ནཡ		fully_resolved	high	Unicode stack and trailing suffix roles resolve uniquely.
ནྲ			ན	ར	a			ནར		fully_resolved	high	Unicode stack and trailing suffix roles resolve uniquely.
ནྲག			ན	ར	a	ག		ནར		fully_resolved	high	Unicode stack and trailing suffix roles resolve uniquely.
པ			པ		a			པ		fully_resolved	high	One prefix/root/suffix parse is structurally possible.
པཀྱི			ཀ	ཡ	i			ཀཡ	པ	partially_resolved	medium	Stack resolved; extra consonants remain ambiguous.
པཀླུ			ཀ	ལ	u			ཀལ	པ	partially_resolved	medium	Stack resolved; extra consonants remain ambiguous.
པག			པ		a	ག		པ		fully_resolved	high	One prefix/root/suffix parse is structurally possible.
པགས			པ		a	ག	ས	པ		fully_resolved	high	One prefix/root/suffix parse is structurally possible.
པགྲོད			ག	ར	o	ད		གར	པ	partially_resolved	medium	Stack resolved; extra consonants remain ambiguous.
པང			པ		a	ང		པ		fully_resolved	high	One prefix/root/suffix parse is structurally possible.
པངས			པ		a	ང	ས	པ		fully_resolved	high	One prefix/root/suffix parse is structurally possible.
པཌ					a					unusual_stack	none	Consonant sequence does not match conservative role patterns.
པད			པ		a	ད		པ		fully_resolved	high	One prefix/root/suffix parse is structurally possible.
པདྨ			ད	མ	a			དམ	པ	partially_resolved	medium	Stack resolved; extra consonants remain ambiguous.
པདྨའི			ད	མ	i	འ		དམ	པ	partially_resolved	medium	Stack resolved; extra consonants remain ambiguous.
པདྨའེ			ད	མ	e	འ		དམ	པ	partially_resolved	medium	Stack resolved; extra consonants remain ambiguous.
པདྨས			ད	མ	a	ས		དམ	པ	partially_resolved	medium	Stack resolved; extra consonants remain ambiguous.
པདྨོ			ད	མ	o			དམ	པ	partially_resolved	medium	Stack resolved; extra consonants remain ambiguous.
པདྲི			ད	ར	i			དར	པ	partially_resolved	medium	Stack resolved; extra consonants remain ambiguous.
པན			པ		a	ན		པ		fully_resolved	high	One prefix/root/suffix parse is structurally possible.
པཔ					a					unusual_stack	none	Consonant sequence does not match conservative role patterns.
པཕུས					u					unusual_stack	none	Consonant sequence does not match conservative role patterns.
པབ			པ		a	བ		པ		fully_resolved	high	One prefix/root/suffix parse is structurally possible.
པབྲེམས			བ	ར	e	མ	ས	བར	པ	partially_resolved	medium	Stack resolved; extra consonants remain ambiguous.
པམ			པ		a	མ		པ		fully_resolved	high	One prefix/root/suffix parse is structurally possible.
པཞྩོན			ཞ	ཙ	o	ན		ཞཙ	པ	partially_resolved	medium	Stack resolved; extra consonants remain ambiguous.
པའ			པ		a	འ		པ		fully_resolved	high	One prefix/root/suffix parse is structurally possible.
པའི			པ		i	འ		པ		fully_resolved	high	One prefix/root/suffix parse is structurally possible.
པའེ			པ		e	འ		པ		fully_resolved	high	One prefix/root/suffix parse is structurally possible.
པར			པ		a	ར		པ		fully_resolved	high	One prefix/root/suffix parse is structurally possible.
པརྐ		ར	ཀ		a			རཀ	པ	partially_resolved	medium	Stack resolved; extra consonants remain ambiguous.
པརྱ			ར	ཡ	a			རཡ	པ	partially_resolved	medium	Stack resolved; extra consonants remain ambiguous.
པལ			པ		a	ལ		པ		fully_resolved	high	One prefix/root/suffix parse is structurally possible.
པས			པ		a	ས		པ		fully_resolved	high	One prefix/root/suffix parse is structurally possible.
པཱ					a					unsupported_orthographic_sign	none	Unsupported transcription-bearing Tibetan signs: U+0F71
པི			པ		i			པ		fully_resolved	high	One prefix/root/suffix parse is structurally possible.
པིང			པ		i	ང		པ		fully_resolved	high	One prefix/root/suffix parse is structurally possible.
པིན			པ		i	ན		པ		fully_resolved	high	One prefix/root/suffix parse is structurally possible.
པིར			པ		i	ར		པ		fully_resolved	high	One prefix/root/suffix parse is structurally possible.
པིས			པ		i	ས		པ		fully_resolved	high	One prefix/root/suffix parse is structurally possible.
པུ			པ		u			པ		fully_resolved	high	One prefix/root/suffix parse is structurally possible.
པུཀྐ			ཀ	ཀ	u			ཀཀ	པ	partially_resolved	medium	Stack resolved; extra consonants remain ambiguous.
པུག			པ		u	ག		པ		fully_resolved	high	One prefix/root/suffix parse is structurally possible.
པུགས			པ		u	ག	ས	པ		fully_resolved	high	One prefix/root/suffix parse is structurally possible.
པུངླ			ང	ལ	u			ངལ	པ	partially_resolved	medium	Stack resolved; extra consonants remain ambiguous.
པུཏྲ			ཏ	ར	u			ཏར	པ	partially_resolved	medium	Stack resolved; extra consonants remain ambiguous.
པུན			པ		u	ན		པ		fully_resolved	high	One prefix/root/suffix parse is structurally possible.
པུནྣ			ན	ན	u			ནན	པ	partially_resolved	medium	Stack resolved; extra consonants remain ambiguous.
པུར			པ		u	ར		པ		fully_resolved	high	One prefix/root/suffix parse is structurally possible.
པུས			པ		u	ས		པ		fully_resolved	high	One prefix/root/suffix parse is structurally possible.
པུསྟ		ས	ཏ		u			སཏ	པ	partially_resolved	medium	Stack resolved; extra consonants remain ambiguous.
པེ			པ		e			པ		fully_resolved	high	One prefix/root/suffix parse is structurally possible.
པེད			པ		e	ད		པ		fully_resolved	high	One prefix/root/suffix parse is structurally possible.
པེས			པ		e	ས		པ		fully_resolved	high	One prefix/root/suffix parse is structurally possible.
པོ			པ		o			པ		fully_resolved	high	One prefix/root/suffix parse is structurally possible.
པོག			པ		o	ག		པ		fully_resolved	high	One prefix/root/suffix parse is structurally possible.
པོགས			པ		o	ག	ས	པ		fully_resolved	high	One prefix/root/suffix parse is structurally possible.
པོཌ					o					unusual_stack	none	Consonant sequence does not match conservative role patterns.
པོད			པ		o	ད		པ		fully_resolved	high	One prefix/root/suffix parse is structurally possible.
པོན			པ		o	ན		པ		fully_resolved	high	One prefix/root/suffix parse is structurally possible.
པོབ			པ		o	བ		པ		fully_resolved	high	One prefix/root/suffix parse is structurally possible.
པོམ			པ		o	མ		པ		fully_resolved	high	One prefix/root/suffix parse is structurally possible.
པོའ			པ		o	འ		པ		fully_resolved	high	One prefix/root/suffix parse is structurally possible.
པོའི										unsupported_orthographic_sign	none	Multiple Tibetan vowel signs are not modelled.
པོའེ										unsupported_orthographic_sign	none	Multiple Tibetan vowel signs are not modelled.
པོར			པ		o	ར		པ		fully_resolved	high	One prefix/root/suffix parse is structurally possible.
པོས			པ		o	ས		པ		fully_resolved	high	One prefix/root/suffix parse is structurally possible.
པཿ					a					unsupported_orthographic_sign	none	Unsupported transcription-bearing Tibetan signs: U+0F7F
པྟ			པ	ཏ	a			པཏ		fully_resolved	high	Unicode stack and trailing suffix roles resolve uniquely.
པྤོ			པ	པ	o			པཔ		fully_resolved	high	Unicode stack and trailing suffix roles resolve uniquely.
པྦྱན			པ	བཡ	a	ན		པབཡ		fully_resolved	high	Unicode stack and trailing suffix roles resolve uniquely.
པྩ			པ	ཙ	a			པཙ		fully_resolved	high	Unicode stack and trailing suffix roles resolve uniquely.
པྱེ			པ	ཡ	e			པཡ		fully_resolved	high	Unicode stack and trailing suffix roles resolve uniquely.
པྲ			པ	ར	a			པར		fully_resolved	high	Unicode stack and trailing suffix roles resolve uniquely.
པྲག			པ	ར	a	ག		པར		fully_resolved	high	Unicode stack and trailing suffix roles resolve uniquely.
པྲང			པ	ར	a	ང		པར		fully_resolved	high	Unicode stack and trailing suffix roles resolve uniquely.
པྲན			པ	ར	a	ན		པར		fully_resolved	high	Unicode stack and trailing suffix roles resolve uniquely.
པྲི			པ	ར	i			པར		fully_resolved	high	Unicode stack and trailing suffix roles resolve uniquely.
པྲིཀ			པ	ར	i			པར	ཀ	partially_resolved	medium	Stack resolved; extra consonants remain ambiguous.
པྲིན			པ	ར	i	ན		པར		fully_resolved	high	Unicode stack and trailing suffix roles resolve uniquely.
པྲིས			པ	ར	i	ས		པར		fully_resolved	high	Unicode stack and trailing suffix roles resolve uniquely.
པྲུ			པ	ར	u			པར		fully_resolved	high	Unicode stack and trailing suffix roles resolve uniquely.
པྲེ			པ	ར	e			པར		fully_resolved	high	Unicode stack and trailing suffix roles resolve uniquely.
པྲོ			པ	ར	o			པར		fully_resolved	high	Unicode stack and trailing suffix roles resolve uniquely.
པྲོག			པ	ར	o	ག		པར		fully_resolved	high	Unicode stack and trailing suffix roles resolve uniquely.
པླ			པ	ལ	a			པལ		fully_resolved	high	Unicode stack and trailing suffix roles resolve uniquely.
ཕ			ཕ		a			ཕ		fully_resolved	high	One prefix/root/suffix parse is structurally possible.
ཕག			ཕ		a	ག		ཕ		fully_resolved	high	One prefix/root/suffix parse is structurally possible.
ཕགས			ཕ		a	ག	ས	ཕ		fully_resolved	high	One prefix/root/suffix parse is structurally possible.
ཕང			ཕ		a	ང		ཕ		fully_resolved	high	One prefix/root/suffix parse is structurally possible.
ཕཉྟམྨ			ཉ	ཏམ	a	མ		ཉཏམ	ཕ	partially_resolved	medium	Stack resolved; extra consonants remain ambiguous.
ཕཊ					a					unusual_stack	none	Consonant sequence does not match conservative role patterns.
ཕད			ཕ		a	ད		ཕ		fully_resolved	high	One prefix/root/suffix parse is structurally possible.
ཕན			ཕ		a	ན		ཕ		fully_resolved	high	One prefix/root/suffix parse is structurally possible.
ཕབ			ཕ		a	བ		ཕ		fully_resolved	high	One prefix/root/suffix parse is structurally possible.
ཕབས			ཕ		a	བ	ས	ཕ		fully_resolved	high	One prefix/root/suffix parse is structurally possible.
ཕབྲ			བ	ར	a			བར	ཕ	partially_resolved	medium	Stack resolved; extra consonants remain ambiguous.
ཕམ			ཕ		a	མ		ཕ		fully_resolved	high	One prefix/root/suffix parse is structurally possible.
ཕའི			ཕ		i	འ		ཕ		fully_resolved	high	One prefix/root/suffix parse is structurally possible.
ཕར			ཕ		a	ར		ཕ		fully_resolved	high	One prefix/root/suffix parse is structurally possible.
ཕརཞོག					o					unusual_stack	none	Consonant sequence does not match conservative role patterns.
ཕརཤ					a					unusual_stack	none	Consonant sequence does not match conservative role patterns.
ཕལ			ཕ		a	ལ		ཕ		fully_resolved	high	One prefix/root/suffix parse is structurally possible.
ཕས			ཕ		a	ས		ཕ		fully_resolved	high	One prefix/root/suffix parse is structurally possible.
ཕི			ཕ		i			ཕ		fully_resolved	high	One prefix/root/suffix parse is structurally possible.
ཕིག			ཕ		i	ག		ཕ		fully_resolved	high	One prefix/root/suffix parse is structurally possible.
ཕིགས			ཕ		i	ག	ས	ཕ		fully_resolved	high	One prefix/root/suffix parse is structurally possible.
ཕིང			ཕ		i	ང		ཕ		fully_resolved	high	One prefix/root/suffix parse is structurally possible.
ཕིབས			ཕ		i	བ	ས	ཕ		fully_resolved	high	One prefix/root/suffix parse is structurally possible.
ཕིར			ཕ		i	ར		ཕ		fully_resolved	high	One prefix/root/suffix parse is structurally possible.
ཕུ			ཕ		u			ཕ		fully_resolved	high	One prefix/root/suffix parse is structurally possible.
ཕུག			ཕ		u	ག		ཕ		fully_resolved	high	One prefix/root/suffix parse is structurally possible.
ཕུགས			ཕ		u	ག	ས	ཕ		fully_resolved	high	One prefix/root/suffix parse is structurally possible.
ཕུང			ཕ		u	ང		ཕ		fully_resolved	high	One prefix/root/suffix parse is structurally possible.
ཕུཊ					u					unusual_stack	none	Consonant sequence does not match conservative role patterns.
ཕུད			ཕ		u	ད		ཕ		fully_resolved	high	One prefix/root/suffix parse is structurally possible.
ཕུན			ཕ		u	ན		ཕ		fully_resolved	high	One prefix/root/suffix parse is structurally possible.
ཕུབ			ཕ		u	བ		ཕ		fully_resolved	high	One prefix/root/suffix parse is structurally possible.
ཕུབས			ཕ		u	བ	ས	ཕ		fully_resolved	high	One prefix/root/suffix parse is structurally possible.
ཕུར			ཕ		u	ར		ཕ		fully_resolved	high	One prefix/root/suffix parse is structurally possible.
ཕུལ			ཕ		u	ལ		ཕ		fully_resolved	high	One prefix/root/suffix parse is structurally possible.
ཕུས			ཕ		u	ས		ཕ		fully_resolved	high	One prefix/root/suffix parse is structurally possible.
ཕེ			ཕ		e			ཕ		fully_resolved	high	One prefix/root/suffix parse is structurally possible.
ཕེག			ཕ		e	ག		ཕ		fully_resolved	high	One prefix/root/suffix parse is structurally possible.
ཕེང			ཕ		e	ང		ཕ		fully_resolved	high	One prefix/root/suffix parse is structurally possible.
ཕེབ			ཕ		e	བ		ཕ		fully_resolved	high	One prefix/root/suffix parse is structurally possible.
ཕེབས			ཕ		e	བ	ས	ཕ		fully_resolved	high	One prefix/root/suffix parse is structurally possible.
ཕེའུ										unsupported_orthographic_sign	none	Multiple Tibetan vowel signs are not modelled.
ཕེར			ཕ		e	ར		ཕ		fully_resolved	high	One prefix/root/suffix parse is structurally possible.
ཕེལ			ཕ		e	ལ		ཕ		fully_resolved	high	One prefix/root/suffix parse is structurally possible.
ཕོ			ཕ		o			ཕ		fully_resolved	high	One prefix/root/suffix parse is structurally possible.
ཕོག			ཕ		o	ག		ཕ		fully_resolved	high	One prefix/root/suffix parse is structurally possible.
ཕོགས			ཕ		o	ག	ས	ཕ		fully_resolved	high	One prefix/root/suffix parse is structurally possible.
ཕོགསྤ		ས	པ		o			སཔ	ཕ;ག	partially_resolved	medium	Stack resolved; extra consonants remain ambiguous.
ཕོང			ཕ		o	ང		ཕ		fully_resolved	high	One prefix/root/suffix parse is structurally possible.
ཕོངས			ཕ		o	ང	ས	ཕ		fully_resolved	high	One prefix/root/suffix parse is structurally possible.
ཕོད			ཕ		o	ད		ཕ		fully_resolved	high	One prefix/root/suffix parse is structurally possible.
ཕོན			ཕ		o	ན		ཕ		fully_resolved	high	One prefix/root/suffix parse is structurally possible.
ཕོབ			ཕ		o	བ		ཕ		fully_resolved	high	One prefix/root/suffix parse is structurally possible.
ཕོམ			ཕ		o	མ		ཕ		fully_resolved	high	One prefix/root/suffix parse is structurally possible.
ཕོའི										unsupported_orthographic_sign	none	Multiple Tibetan vowel signs are not modelled.
ཕོར			ཕ		o	ར		ཕ		fully_resolved	high	One prefix/root/suffix parse is structurally possible.
ཕོལ			ཕ		o	ལ		ཕ		fully_resolved	high	One prefix/root/suffix parse is structurally possible.
ཕྦྱིན			ཕ	བཡ	i	ན		ཕབཡ		fully_resolved	high	Unicode stack and trailing suffix roles resolve uniquely.
ཕྭ			ཕ	ཝ	a			ཕཝ		fully_resolved	high	Unicode stack and trailing suffix roles resolve uniquely.
ཕྱ			ཕ	ཡ	a			ཕཡ		fully_resolved	high	Unicode stack and trailing suffix roles resolve uniquely.
ཕྱག			ཕ	ཡ	a	ག		ཕཡ		fully_resolved	high	Unicode stack and trailing suffix roles resolve uniquely.
ཕྱགས			ཕ	ཡ	a	ག	ས	ཕཡ		fully_resolved	high	Unicode stack and trailing suffix roles resolve uniquely.
ཕྱང			ཕ	ཡ	a	ང		ཕཡ		fully_resolved	high	Unicode stack and trailing suffix roles resolve uniquely.
ཕྱད			ཕ	ཡ	a	ད		ཕཡ		fully_resolved	high	Unicode stack and trailing suffix roles resolve uniquely.
ཕྱདཏུ			ཕ	ཡ	u			ཕཡ	ད;ཏ	partially_resolved	medium	Stack resolved; extra consonants remain ambiguous.
ཕྱན			ཕ	ཡ	a	ན		ཕཡ		fully_resolved	high	Unicode stack and trailing suffix roles resolve uniquely.
ཕྱམ			ཕ	ཡ	a	མ		ཕཡ		fully_resolved	high	Unicode stack and trailing suffix roles resolve uniquely.
ཕྱའོ			ཕ	ཡ	o	འ		ཕཡ		fully_resolved	high	Unicode stack and trailing suffix roles resolve uniquely.
ཕྱར			ཕ	ཡ	a	ར		ཕཡ		fully_resolved	high	Unicode stack and trailing suffix roles resolve uniquely.
ཕྱལ			ཕ	ཡ	a	ལ		ཕཡ		fully_resolved	high	Unicode stack and trailing suffix roles resolve uniquely.
ཕྱས			ཕ	ཡ	a	ས		ཕཡ		fully_resolved	high	Unicode stack and trailing suffix roles resolve uniquely.
ཕྱི			ཕ	ཡ	i			ཕཡ		fully_resolved	high	Unicode stack and trailing suffix roles resolve uniquely.
ཕྱིག			ཕ	ཡ	i	ག		ཕཡ		fully_resolved	high	Unicode stack and trailing suffix roles resolve uniquely.
ཕྱིང			ཕ	ཡ	i	ང		ཕཡ		fully_resolved	high	Unicode stack and trailing suffix roles resolve uniquely.
ཕྱིད			ཕ	ཡ	i	ད		ཕཡ		fully_resolved	high	Unicode stack and trailing suffix roles resolve uniquely.
ཕྱིན			ཕ	ཡ	i	ན		ཕཡ		fully_resolved	high	Unicode stack and trailing suffix roles resolve uniquely.
ཕྱིབ			ཕ	ཡ	i	བ		ཕཡ		fully_resolved	high	Unicode stack and trailing suffix roles resolve uniquely.
ཕྱིམ			ཕ	ཡ	i	མ		ཕཡ		fully_resolved	high	Unicode stack and trailing suffix roles resolve uniquely.
ཕྱིའི										unsupported_orthographic_sign	none	Multiple Tibetan vowel signs are not modelled.
ཕྱིར			ཕ	ཡ	i	ར		ཕཡ		fully_resolved	high	Unicode stack and trailing suffix roles resolve uniquely.
ཕྱིལ			ཕ	ཡ	i	ལ		ཕཡ		fully_resolved	high	Unicode stack and trailing suffix roles resolve uniquely.
ཕྱིས			ཕ	ཡ	i	ས		ཕཡ		fully_resolved	high	Unicode stack and trailing suffix roles resolve uniquely.
ཕྱུ			ཕ	ཡ	u			ཕཡ		fully_resolved	high	Unicode stack and trailing suffix roles resolve uniquely.
ཕྱུག			ཕ	ཡ	u	ག		ཕཡ		fully_resolved	high	Unicode stack and trailing suffix roles resolve uniquely.
ཕྱུགས			ཕ	ཡ	u	ག	ས	ཕཡ		fully_resolved	high	Unicode stack and trailing suffix roles resolve uniquely.
ཕྱུང			ཕ	ཡ	u	ང		ཕཡ		fully_resolved	high	Unicode stack and trailing suffix roles resolve uniquely.
ཕྱུངས			ཕ	ཡ	u	ང	ས	ཕཡ		fully_resolved	high	Unicode stack and trailing suffix roles resolve uniquely.
ཕྱུཆགཤན			ཕ	ཡ	u	ན		ཕཡ	ཆ;ག;ཤ	partially_resolved	medium	Stack resolved; extra consonants remain ambiguous.
ཕྱུར			ཕ	ཡ	u	ར		ཕཡ		fully_resolved	high	Unicode stack and trailing suffix roles resolve uniquely.
ཕྱེ			ཕ	ཡ	e			ཕཡ		fully_resolved	high	Unicode stack and trailing suffix roles resolve uniquely.
ཕྱེང			ཕ	ཡ	e	ང		ཕཡ		fully_resolved	high	Unicode stack and trailing suffix roles resolve uniquely.
ཕྱེད			ཕ	ཡ	e	ད		ཕཡ		fully_resolved	high	Unicode stack and trailing suffix roles resolve uniquely.
ཕྱེན			ཕ	ཡ	e	ན		ཕཡ		fully_resolved	high	Unicode stack and trailing suffix roles resolve uniquely.
ཕྱེམ			ཕ	ཡ	e	མ		ཕཡ		fully_resolved	high	Unicode stack and trailing suffix roles resolve uniquely.
ཕྱེར			ཕ	ཡ	e	ར		ཕཡ		fully_resolved	high	Unicode stack and trailing suffix roles resolve uniquely.
ཕྱེས			ཕ	ཡ	e	ས		ཕཡ		fully_resolved	high	Unicode stack and trailing suffix roles resolve uniquely.
ཕྱོ			ཕ	ཡ	o			ཕཡ		fully_resolved	high	Unicode stack and trailing suffix roles resolve uniquely.
ཕྱོགས			ཕ	ཡ	o	ག	ས	ཕཡ		fully_resolved	high	Unicode stack and trailing suffix roles resolve uniquely.
ཕྱོད			ཕ	ཡ	o	ད		ཕཡ		fully_resolved	high	Unicode stack and trailing suffix roles resolve uniquely.
ཕྱོར			ཕ	ཡ	o	ར		ཕཡ		fully_resolved	high	Unicode stack and trailing suffix roles resolve uniquely.
ཕྱོལ			ཕ	ཡ	o	ལ		ཕཡ		fully_resolved	high	Unicode stack and trailing suffix roles resolve uniquely.
ཕྱྭ			ཕ	ཡཝ	a			ཕཡཝ		fully_resolved	high	Unicode stack and trailing suffix roles resolve uniquely.
ཕྱྱིན			ཕ	ཡཡ	i	ན		ཕཡཡ		fully_resolved	high	Unicode stack and trailing suffix roles resolve uniquely.
ཕྲ			ཕ	ར	a			ཕར		fully_resolved	high	Unicode stack and trailing suffix roles resolve uniquely.
ཕྲག			ཕ	ར	a	ག		ཕར		fully_resolved	high	Unicode stack and trailing suffix roles resolve uniquely.
ཕྲང			ཕ	ར	a	ང		ཕར		fully_resolved	high	Unicode stack and trailing suffix roles resolve uniquely.
ཕྲད			ཕ	ར	a	ད		ཕར		fully_resolved	high	Unicode stack and trailing suffix roles resolve uniquely.
ཕྲན			ཕ	ར	a	ན		ཕར		fully_resolved	high	Unicode stack and trailing suffix roles resolve uniquely.
ཕྲབ			ཕ	ར	a	བ		ཕར		fully_resolved	high	Unicode stack and trailing suffix roles resolve uniquely.
ཕྲར			ཕ	ར	a	ར		ཕར		fully_resolved	high	Unicode stack and trailing suffix roles resolve uniquely.
ཕྲལ			ཕ	ར	a	ལ		ཕར		fully_resolved	high	Unicode stack and trailing suffix roles resolve uniquely.
ཕྲས			ཕ	ར	a	ས		ཕར		fully_resolved	high	Unicode stack and trailing suffix roles resolve uniquely.
ཕྲི			ཕ	ར	i			ཕར		fully_resolved	high	Unicode stack and trailing suffix roles resolve uniquely.
ཕྲིག			ཕ	ར	i	ག		ཕར		fully_resolved	high	Unicode stack and trailing suffix roles resolve uniquely.
ཕྲིང			ཕ	ར	i	ང		ཕར		fully_resolved	high	Unicode stack and trailing suffix roles resolve uniquely.
ཕྲིན			ཕ	ར	i	ན		ཕར		fully_resolved	high	Unicode stack and trailing suffix roles resolve uniquely.
ཕྲིབ			ཕ	ར	i	བ		ཕར		fully_resolved	high	Unicode stack and trailing suffix roles resolve uniquely.
ཕྲིབས			ཕ	ར	i	བ	ས	ཕར		fully_resolved	high	Unicode stack and trailing suffix roles resolve uniquely.
ཕྲིར			ཕ	ར	i	ར		ཕར		fully_resolved	high	Unicode stack and trailing suffix roles resolve uniquely.
ཕྲུ			ཕ	ར	u			ཕར		fully_resolved	high	Unicode stack and trailing suffix roles resolve uniquely.
ཕྲུག			ཕ	ར	u	ག		ཕར		fully_resolved	high	Unicode stack and trailing suffix roles resolve uniquely.
ཕྲུགས			ཕ	ར	u	ག	ས	ཕར		fully_resolved	high	Unicode stack and trailing suffix roles resolve uniquely.
ཕྲུང			ཕ	ར	u	ང		ཕར		fully_resolved	high	Unicode stack and trailing suffix roles resolve uniquely.
ཕྲུབ			ཕ	ར	u	བ		ཕར		fully_resolved	high	Unicode stack and trailing suffix roles resolve uniquely.
ཕྲུམ			ཕ	ར	u	མ		ཕར		fully_resolved	high	Unicode stack and trailing suffix roles resolve uniquely.
ཕྲུལ			ཕ	ར	u	ལ		ཕར		fully_resolved	high	Unicode stack and trailing suffix roles resolve uniquely.
ཕྲེ			ཕ	ར	e			ཕར		fully_resolved	high	Unicode stack and trailing suffix roles resolve uniquely.
ཕྲེང			ཕ	ར	e	ང		ཕར		fully_resolved	high	Unicode stack and trailing suffix roles resolve uniquely.
ཕྲེད			ཕ	ར	e	ད		ཕར		fully_resolved	high	Unicode stack and trailing suffix roles resolve uniquely.
ཕྲེན			ཕ	ར	e	ན		ཕར		fully_resolved	high	Unicode stack and trailing suffix roles resolve uniquely.
ཕྲེབས			ཕ	ར	e	བ	ས	ཕར		fully_resolved	high	Unicode stack and trailing suffix roles resolve uniquely.
ཕྲེའུ										unsupported_orthographic_sign	none	Multiple Tibetan vowel signs are not modelled.
ཕྲེར			ཕ	ར	e	ར		ཕར		fully_resolved	high	Unicode stack and trailing suffix roles resolve uniquely.
ཕྲེལ			ཕ	ར	e	ལ		ཕར		fully_resolved	high	Unicode stack and trailing suffix roles resolve uniquely.
ཕྲེས			ཕ	ར	e	ས		ཕར		fully_resolved	high	Unicode stack and trailing suffix roles resolve uniquely.
ཕྲོ			ཕ	ར	o			ཕར		fully_resolved	high	Unicode stack and trailing suffix roles resolve uniquely.
ཕྲོག			ཕ	ར	o	ག		ཕར		fully_resolved	high	Unicode stack and trailing suffix roles resolve uniquely.
ཕྲོགས			ཕ	ར	o	ག	ས	ཕར		fully_resolved	high	Unicode stack and trailing suffix roles resolve uniquely.
ཕྲོད			ཕ	ར	o	ད		ཕར		fully_resolved	high	Unicode stack and trailing suffix roles resolve uniquely.
ཕྲོབ			ཕ	ར	o	བ		ཕར		fully_resolved	high	Unicode stack and trailing suffix roles resolve uniquely.
ཕྲོམ			ཕ	ར	o	མ		ཕར		fully_resolved	high	Unicode stack and trailing suffix roles resolve uniquely.
ཕྲོའུ										unsupported_orthographic_sign	none	Multiple Tibetan vowel signs are not modelled.
ཕྲོལ			ཕ	ར	o	ལ		ཕར		fully_resolved	high	Unicode stack and trailing suffix roles resolve uniquely.
ཕྲོས			ཕ	ར	o	ས		ཕར		fully_resolved	high	Unicode stack and trailing suffix roles resolve uniquely.
ཕྷམ			ཕ	ཧ	a	མ		ཕཧ		fully_resolved	high	Unicode stack and trailing suffix roles resolve uniquely.
བ			བ		a			བ		fully_resolved	high	One prefix/root/suffix parse is structurally possible.
བཀ	བ		ཀ		a			ཀ		fully_resolved	high	One prefix/root/suffix parse is structurally possible.
བཀཀྱིས			ཀ	ཡ	i	ས		ཀཡ	བ;ཀ	partially_resolved	medium	Stack resolved; extra consonants remain ambiguous.
བཀག	བ		ཀ		a	ག		ཀ		fully_resolved	high	One prefix/root/suffix parse is structurally possible.
བཀགས	བ		ཀ		a	ག	ས	ཀ		fully_resolved	high	One prefix/root/suffix parse is structurally possible.
བཀགྲོ			ག	ར	o			གར	བ;ཀ	partially_resolved	medium	Stack resolved; extra consonants remain ambiguous.
བཀང	བ		ཀ		a	ང		ཀ		fully_resolved	high	One prefix/root/suffix parse is structurally possible.
བཀད	བ		ཀ		a	ད		ཀ		fully_resolved	high	One prefix/root/suffix parse is structurally possible.
བཀན	བ		ཀ		a	ན		ཀ		fully_resolved	high	One prefix/root/suffix parse is structurally possible.
བཀབ	བ		ཀ		a	བ		ཀ		fully_resolved	high	One prefix/root/suffix parse is structurally possible.
བཀབས	བ		ཀ		a	བ	ས	ཀ		fully_resolved	high	One prefix/root/suffix parse is structurally possible.
བཀའ	བ		ཀ		a	འ		ཀ		fully_resolved	high	One prefix/root/suffix parse is structurally possible.
བཀའར					a					unusual_stack	none	Consonant sequence does not match conservative role patterns.
བཀའི	བ		ཀ		i	འ		ཀ		fully_resolved	high	One prefix/root/suffix parse is structurally possible.
བཀར	བ		ཀ		a	ར		ཀ		fully_resolved	high	One prefix/root/suffix parse is structurally possible.
བཀལ	བ		ཀ		a	ལ		ཀ		fully_resolved	high	One prefix/root/suffix parse is structurally possible.
བཀས	བ		ཀ		a	ས		ཀ		fully_resolved	high	One prefix/root/suffix parse is structurally possible.
བཀུ	བ		ཀ		u			ཀ		fully_resolved	high	One prefix/root/suffix parse is structurally possible.
བཀུག	བ		ཀ		u	ག		ཀ		fully_resolved	high	One prefix/root/suffix parse is structurally possible.
བཀུང	བ		ཀ		u	ང		ཀ		fully_resolved	high	One prefix/root/suffix parse is structurally possible.
བཀུམ	བ		ཀ		u	མ		ཀ		fully_resolved	high	One prefix/root/suffix parse is structurally possible.
བཀུམས	བ		ཀ		u	མ	ས	ཀ		fully_resolved	high	One prefix/root/suffix parse is structurally possible.
བཀུར	བ		ཀ		u	ར		ཀ		fully_resolved	high	One prefix/root/suffix parse is structurally possible.
བཀུལ	བ		ཀ		u	ལ		ཀ		fully_resolved	high	One prefix/root/suffix parse is structurally possible.
བཀུས	བ		ཀ		u	ས		ཀ		fully_resolved	high	One prefix/root/suffix parse is structurally possible.
བཀོ	བ		ཀ		o			ཀ		fully_resolved	high	One prefix/root/suffix parse is structurally possible.
བཀོག	བ		ཀ		o	ག		ཀ		fully_resolved	high	One prefix/root/suffix parse is structurally possible.
བཀོགས	བ		ཀ		o	ག	ས	ཀ		fully_resolved	high	One prefix/root/suffix parse is structurally possible.
བཀོང	བ		ཀ		o	ང		ཀ		fully_resolved	high	One prefix/root/suffix parse is structurally possible.
བཀོད	བ		ཀ		o	ད		ཀ		fully_resolved	high	One prefix/root/suffix parse is structurally possible.
བཀོན	བ		ཀ		o	ན		ཀ		fully_resolved	high	One prefix/root/suffix parse is structurally possible.
བཀོམ	བ		ཀ		o	མ		ཀ		fully_resolved	high	One prefix/root/suffix parse is structurally possible.
བཀོམས	བ		ཀ		o	མ	ས	ཀ		fully_resolved	high	One prefix/root/suffix parse is structurally possible.
བཀོར	བ		ཀ		o	ར		ཀ		fully_resolved	high	One prefix/root/suffix parse is structurally possible.
བཀོལ	བ		ཀ		o	ལ		ཀ		fully_resolved	high	One prefix/root/suffix parse is structurally possible.
བཀོས	བ		ཀ		o	ས		ཀ		fully_resolved	high	One prefix/root/suffix parse is structurally possible.
བཀྐོ	བ		ཀ	ཀ	o			ཀཀ		fully_resolved	high	Unicode stack and trailing suffix roles resolve uniquely.
བཀྱག	བ		ཀ	ཡ	a	ག		ཀཡ		fully_resolved	high	Unicode stack and trailing suffix roles resolve uniquely.
བཀྱལ	བ		ཀ	ཡ	a	ལ		ཀཡ		fully_resolved	high	Unicode stack and trailing suffix roles resolve uniquely.
བཀྱི	བ		ཀ	ཡ	i			ཀཡ		fully_resolved	high	Unicode stack and trailing suffix roles resolve uniquely.
བཀྱིག	བ		ཀ	ཡ	i	ག		ཀཡ		fully_resolved	high	Unicode stack and trailing suffix roles resolve uniquely.
བཀྱིགས	བ		ཀ	ཡ	i	ག	ས	ཀཡ		fully_resolved	high	Unicode stack and trailing suffix roles resolve uniquely.
བཀྱིད	བ		ཀ	ཡ	i	ད		ཀཡ		fully_resolved	high	Unicode stack and trailing suffix roles resolve uniquely.
བཀྱུ	བ		ཀ	ཡ	u			ཀཡ		fully_resolved	high	Unicode stack and trailing suffix roles resolve uniquely.
བཀྱེ	བ		ཀ	ཡ	e			ཀཡ		fully_resolved	high	Unicode stack and trailing suffix roles resolve uniquely.
བཀྱེད	བ		ཀ	ཡ	e	ད		ཀཡ		fully_resolved	high	Unicode stack and trailing suffix roles resolve uniquely.
བཀྱེས	བ		ཀ	ཡ	e	ས		ཀཡ		fully_resolved	high	Unicode stack and trailing suffix roles resolve uniquely.
བཀྱོན	བ		ཀ	ཡ	o	ན		ཀཡ		fully_resolved	high	Unicode stack and trailing suffix roles resolve uniquely.
བཀྲ	བ		ཀ	ར	a			ཀར		fully_resolved	high	Unicode stack and trailing suffix roles resolve uniquely.
བཀྲག	བ		ཀ	ར	a	ག		ཀར		fully_resolved	high	Unicode stack and trailing suffix roles resolve uniquely.
བཀྲབ	བ		ཀ	ར	a	བ		ཀར		fully_resolved	high	Unicode stack and trailing suffix roles resolve uniquely.
བཀྲབས	བ		ཀ	ར	a	བ	ས	ཀར		fully_resolved	high	Unicode stack and trailing suffix roles resolve uniquely.
བཀྲམ	བ		ཀ	ར	a	མ		ཀར		fully_resolved	high	Unicode stack and trailing suffix roles resolve uniquely.
བཀྲམས	བ		ཀ	ར	a	མ	ས	ཀར		fully_resolved	high	Unicode stack and trailing suffix roles resolve uniquely.
བཀྲར	བ		ཀ	ར	a	ར		ཀར		fully_resolved	high	Unicode stack and trailing suffix roles resolve uniquely.
བཀྲལ	བ		ཀ	ར	a	ལ		ཀར		fully_resolved	high	Unicode stack and trailing suffix roles resolve uniquely.
བཀྲས	བ		ཀ	ར	a	ས		ཀར		fully_resolved	high	Unicode stack and trailing suffix roles resolve uniquely.
བཀྲི	བ		ཀ	ར	i			ཀར		fully_resolved	high	Unicode stack and trailing suffix roles resolve uniquely.
བཀྲིད	བ		ཀ	ར	i	ད		ཀར		fully_resolved	high	Unicode stack and trailing suffix roles resolve uniquely.
བཀྲིས	བ		ཀ	ར	i	ས		ཀར		fully_resolved	high	Unicode stack and trailing suffix roles resolve uniquely.
བཀྲུ	བ		ཀ	ར	u			ཀར		fully_resolved	high	Unicode stack and trailing suffix roles resolve uniquely.
བཀྲུག	བ		ཀ	ར	u	ག		ཀར		fully_resolved	high	Unicode stack and trailing suffix roles resolve uniquely.
བཀྲུམ	བ		ཀ	ར	u	མ		ཀར		fully_resolved	high	Unicode stack and trailing suffix roles resolve uniquely.
བཀྲུར	བ		ཀ	ར	u	ར		ཀར		fully_resolved	high	Unicode stack and trailing suffix roles resolve uniquely.
བཀྲེན	བ		ཀ	ར	e	ན		ཀར		fully_resolved	high	Unicode stack and trailing suffix roles resolve uniquely.
བཀྲེས	བ		ཀ	ར	e	ས		ཀར		fully_resolved	high	Unicode stack and trailing suffix roles resolve uniquely.
བཀྲོ	བ		ཀ	ར	o			ཀར		fully_resolved	high	Unicode stack and trailing suffix roles resolve uniquely.
བཀྲོང	བ		ཀ	ར	o	ང		ཀར		fully_resolved	high	Unicode stack and trailing suffix roles resolve uniquely.
བཀྲོངས	བ		ཀ	ར	o	ང	ས	ཀར		fully_resolved	high	Unicode stack and trailing suffix roles resolve uniquely.
བཀྲོད	བ		ཀ	ར	o	ད		ཀར		fully_resolved	high	Unicode stack and trailing suffix roles resolve uniquely.
བཀྲོལ	བ		ཀ	ར	o	ལ		ཀར		fully_resolved	high	Unicode stack and trailing suffix roles resolve uniquely.
བཀྲོས	བ		ཀ	ར	o	ས		ཀར		fully_resolved	high	Unicode stack and trailing suffix roles resolve uniquely.
བཀླག	བ		ཀ	ལ	a	ག		ཀལ		fully_resolved	high	Unicode stack and trailing suffix roles resolve uniquely.
བཀླགས	བ		ཀ	ལ	a	ག	ས	ཀལ		fully_resolved	high	Unicode stack and trailing suffix roles resolve uniquely.
བཀླུས	བ		ཀ	ལ	u	ས		ཀལ		fully_resolved	high	Unicode stack and trailing suffix roles resolve uniquely.
བག					a				བ;ག	ambiguous_root	low	Multiple Tibetan-only root parses remain possible.
བགག	བ		ག		a	ག		ག		fully_resolved	high	One prefix/root/suffix parse is structurally possible.
བགགས	བ		ག		a	ག	ས	ག		fully_resolved	high	One prefix/root/suffix parse is structurally possible.
བགགྲོས			ག	ར	o	ས		གར	བ;ག	partially_resolved	medium	Stack resolved; extra consonants remain ambiguous.
བགང	བ		ག		a	ང		ག		fully_resolved	high	One prefix/root/suffix parse is structurally possible.
བགཉའ					a					unusual_stack	none	Consonant sequence does not match conservative role patterns.
བགཏད					a					unusual_stack	none	Consonant sequence does not match conservative role patterns.
བགད					a				བ;ག	ambiguous_root	low	Multiple Tibetan-only root parses remain possible.
བགམ	བ		ག		a	མ		ག		fully_resolved	high	One prefix/root/suffix parse is structurally possible.
བགཞེད					e					unusual_stack	none	Consonant sequence does not match conservative role patterns.
བགཤས					a					unusual_stack	none	Consonant sequence does not match conservative role patterns.
བགེགས	བ		ག		e	ག	ས	ག		fully_resolved	high	One prefix/root/suffix parse is structurally possible.
བགོ					o				བ;ག	ambiguous_root	low	Multiple Tibetan-only root parses remain possible.
བགོད					o				བ;ག	ambiguous_root	low	Multiple Tibetan-only root parses remain possible.
བགོར	བ		ག		o	ར		ག		fully_resolved	high	One prefix/root/suffix parse is structurally possible.
བགོས					o				བ;ག	ambiguous_root	low	Multiple Tibetan-only root parses remain possible.
བགྱང	བ		ག	ཡ	a	ང		གཡ		fully_resolved	high	Unicode stack and trailing suffix roles resolve uniquely.
བགྱངས	བ		ག	ཡ	a	ང	ས	གཡ		fully_resolved	high	Unicode stack and trailing suffix roles resolve uniquely.
བགྱི	བ		ག	ཡ	i			གཡ		fully_resolved	high	Unicode stack and trailing suffix roles resolve uniquely.
བགྱིད	བ		ག	ཡ	i	ད		གཡ		fully_resolved	high	Unicode stack and trailing suffix roles resolve uniquely.
བགྱིས	བ		ག	ཡ	i	ས		གཡ		fully_resolved	high	Unicode stack and trailing suffix roles resolve uniquely.
བགྲང	བ		ག	ར	a	ང		གར		fully_resolved	high	Unicode stack and trailing suffix roles resolve uniquely.
བགྲངས	བ		ག	ར	a	ང	ས	གར		fully_resolved	high	Unicode stack and trailing suffix roles resolve uniquely.
བགྲེ	བ		ག	ར	e			གར		fully_resolved	high	Unicode stack and trailing suffix roles resolve uniquely.
བགྲེལ	བ		ག	ར	e	ལ		གར		fully_resolved	high	Unicode stack and trailing suffix roles resolve uniquely.
བགྲེས	བ		ག	ར	e	ས		གར		fully_resolved	high	Unicode stack and trailing suffix roles resolve uniquely.
བགྲོད	བ		ག	ར	o	ད		གར		fully_resolved	high	Unicode stack and trailing suffix roles resolve uniquely.
བགྲོས	བ		ག	ར	o	ས		གར		fully_resolved	high	Unicode stack and trailing suffix roles resolve uniquely.
བང					a				བ;ང	ambiguous_root	low	Multiple Tibetan-only root parses remain possible.
བངག	བ		ང		a	ག		ང		fully_resolved	high	One prefix/root/suffix parse is structurally possible.
བངས					a				བ;ང	ambiguous_root	low	Multiple Tibetan-only root parses remain possible.
བངེ					e				བ;ང	ambiguous_root	low	Multiple Tibetan-only root parses remain possible.
བཅག	བ		ཅ		a	ག		ཅ		fully_resolved	high	One prefix/root/suffix parse is structurally possible.
བཅགས	བ		ཅ		a	ག	ས	ཅ		fully_resolved	high	One prefix/root/suffix parse is structurally possible.
བཅང	བ		ཅ		a	ང		ཅ		fully_resolved	high	One prefix/root/suffix parse is structurally possible.
བཅངས	བ		ཅ		a	ང	ས	ཅ		fully_resolved	high	One prefix/root/suffix parse is structurally possible.
བཅཅུ					u					unusual_stack	none	Consonant sequence does not match conservative role patterns.
བཅཆིབས					i					unusual_stack	none	Consonant sequence does not match conservative role patterns.
བཅཉ					a					unusual_stack	none	Consonant sequence does not match conservative role patterns.
བཅད	བ		ཅ		a	ད		ཅ		fully_resolved	high	One prefix/root/suffix parse is structurally possible.
བཅན	བ		ཅ		a	ན		ཅ		fully_resolved	high	One prefix/root/suffix parse is structurally possible.
བཅབ	བ		ཅ		a	བ		ཅ		fully_resolved	high	One prefix/root/suffix parse is structurally possible.
བཅམ	བ		ཅ		a	མ		ཅ		fully_resolved	high	One prefix/root/suffix parse is structurally possible.
བཅཙན					a					unusual_stack	none	Consonant sequence does not match conservative role patterns.
བཅའ	བ		ཅ		a	འ		ཅ		fully_resolved	high	One prefix/root/suffix parse is structurally possible.
བཅར	བ		ཅ		a	ར		ཅ		fully_resolved	high	One prefix/root/suffix parse is structurally possible.
བཅལ	བ		ཅ		a	ལ		ཅ		fully_resolved	high	One prefix/root/suffix parse is structurally possible.
བཅས	བ		ཅ		a	ས		ཅ		fully_resolved	high	One prefix/root/suffix parse is structurally possible.
བཅི	བ		ཅ		i			ཅ		fully_resolved	high	One prefix/root/suffix parse is structurally possible.
བཅིང	བ		ཅ		i	ང		ཅ		fully_resolved	high	One prefix/root/suffix parse is structurally possible.
བཅིངས	བ		ཅ		i	ང	ས	ཅ		fully_resolved	high	One prefix/root/suffix parse is structurally possible.
བཅིལ	བ		ཅ		i	ལ		ཅ		fully_resolved	high	One prefix/root/suffix parse is structurally possible.
བཅུ	བ		ཅ		u			ཅ		fully_resolved	high	One prefix/root/suffix parse is structurally possible.
བཅུག	བ		ཅ		u	ག		ཅ		fully_resolved	high	One prefix/root/suffix parse is structurally possible.
བཅུགས	བ		ཅ		u	ག	ས	ཅ		fully_resolved	high	One prefix/root/suffix parse is structurally possible.
བཅུང	བ		ཅ		u	ང		ཅ		fully_resolved	high	One prefix/root/suffix parse is structurally possible.
བཅུད	བ		ཅ		u	ད		ཅ		fully_resolved	high	One prefix/root/suffix parse is structurally possible.
བཅུན	བ		ཅ		u	ན		ཅ		fully_resolved	high	One prefix/root/suffix parse is structurally possible.
བཅུམ	བ		ཅ		u	མ		ཅ		fully_resolved	high	One prefix/root/suffix parse is structurally possible.
བཅུའི										unsupported_orthographic_sign	none	Multiple Tibetan vowel signs are not modelled.
བཅུས	བ		ཅ		u	ས		ཅ		fully_resolved	high	One prefix/root/suffix parse is structurally possible.
བཅེ	བ		ཅ		e			ཅ		fully_resolved	high	One prefix/root/suffix parse is structurally possible.
བཅེམ	བ		ཅ		e	མ		ཅ		fully_resolved	high	One prefix/root/suffix parse is structurally possible.
བཅེར	བ		ཅ		e	ར		ཅ		fully_resolved	high	One prefix/root/suffix parse is structurally possible.
བཅོ	བ		ཅ		o			ཅ		fully_resolved	high	One prefix/root/suffix parse is structurally possible.
བཅོམ	བ		ཅ		o	མ		ཅ		fully_resolved	high	One prefix/root/suffix parse is structurally possible.
བཅོར	བ		ཅ		o	ར		ཅ		fully_resolved	high	One prefix/root/suffix parse is structurally possible.
བཅོལ	བ		ཅ		o	ལ		ཅ		fully_resolved	high	One prefix/root/suffix parse is structurally possible.
བཅོས	བ		ཅ		o	ས		ཅ		fully_resolved	high	One prefix/root/suffix parse is structurally possible.
བཅོཨ					o					unusual_stack	none	Consonant sequence does not match conservative role patterns.
བཅྩེ	བ		ཅ	ཙ	e			ཅཙ		fully_resolved	high	Unicode stack and trailing suffix roles resolve uniquely.
བཆད	བ		ཆ		a	ད		ཆ		fully_resolved	high	One prefix/root/suffix parse is structurally possible.
བཌས	བ		ཌ		a	ས		ཌ		fully_resolved	high	One prefix/root/suffix parse is structurally possible.
བཏ	བ		ཏ		a			ཏ		fully_resolved	high	One prefix/root/suffix parse is structurally possible.
བཏག	བ		ཏ		a	ག		ཏ		fully_resolved	high	One prefix/root/suffix parse is structurally possible.
བཏགས	བ		ཏ		a	ག	ས	ཏ		fully_resolved	high	One prefix/root/suffix parse is structurally possible.
བཏང	བ		ཏ		a	ང		ཏ		fully_resolved	high	One prefix/root/suffix parse is structurally possible.
བཏངས	བ		ཏ		a	ང	ས	ཏ		fully_resolved	high	One prefix/root/suffix parse is structurally possible.
བཏད	བ		ཏ		a	ད		ཏ		fully_resolved	high	One prefix/root/suffix parse is structurally possible.
བཏན	བ		ཏ		a	ན		ཏ		fully_resolved	high	One prefix/root/suffix parse is structurally possible.
བཏབ	བ		ཏ		a	བ		ཏ		fully_resolved	high	One prefix/root/suffix parse is structurally possible.
བཏབས	བ		ཏ		a	བ	ས	ཏ		fully_resolved	high	One prefix/root/suffix parse is structurally possible.
བཏམས	བ		ཏ		a	མ	ས	ཏ		fully_resolved	high	One prefix/root/suffix parse is structurally possible.
བཏའ	བ		ཏ		a	འ		ཏ		fully_resolved	high	One prefix/root/suffix parse is structurally possible.
བཏལ	བ		ཏ		a	ལ		ཏ		fully_resolved	high	One prefix/root/suffix parse is structurally possible.
བཏས	བ		ཏ		a	ས		ཏ		fully_resolved	high	One prefix/root/suffix parse is structurally possible.
བཏིང	བ		ཏ		i	ང		ཏ		fully_resolved	high	One prefix/root/suffix parse is structurally possible.
བཏིངས	བ		ཏ		i	ང	ས	ཏ		fully_resolved	high	One prefix/root/suffix parse is structurally possible.
བཏུག	བ		ཏ		u	ག		ཏ		fully_resolved	high	One prefix/root/suffix parse is structurally possible.
བཏུང	བ		ཏ		u	ང		ཏ		fully_resolved	high	One prefix/root/suffix parse is structurally possible.
བཏུད	བ		ཏ		u	ད		ཏ		fully_resolved	high	One prefix/root/suffix parse is structurally possible.
བཏུན	བ		ཏ		u	ན		ཏ		fully_resolved	high	One prefix/root/suffix parse is structurally possible.
བཏུལ	བ		ཏ		u	ལ		ཏ		fully_resolved	high	One prefix/root/suffix parse is structurally possible.
བཏུས	བ		ཏ		u	ས		ཏ		fully_resolved	high	One prefix/root/suffix parse is structurally possible.
བཏེག	བ		ཏ		e	ག		ཏ		fully_resolved	high	One prefix/root/suffix parse is structurally possible.
བཏེགས	བ		ཏ		e	ག	ས	ཏ		fully_resolved	high	One prefix/root/suffix parse is structurally possible.
བཏོག	བ		ཏ		o	ག		ཏ		fully_resolved	high	One prefix/root/suffix parse is structurally possible.
བཏོགས	བ		ཏ		o	ག	ས	ཏ		fully_resolved	high	One prefix/root/suffix parse is structurally possible.
བཏོད	བ		ཏ		o	ད		ཏ		fully_resolved	high	One prefix/root/suffix parse is structurally possible.
བཏོན	བ		ཏ		o	ན		ཏ		fully_resolved	high	One prefix/root/suffix parse is structurally possible.
བཐ	བ		ཐ		a			ཐ		fully_resolved	high	One prefix/root/suffix parse is structurally possible.
བཐའ	བ		ཐ		a	འ		ཐ		fully_resolved	high	One prefix/root/suffix parse is structurally possible.
བཐུག	བ		ཐ		u	ག		ཐ		fully_resolved	high	One prefix/root/suffix parse is structurally possible.
བཐུགས	བ		ཐ		u	ག	ས	ཐ		fully_resolved	high	One prefix/root/suffix parse is structurally possible.
བཐུང	བ		ཐ		u	ང		ཐ		fully_resolved	high	One prefix/root/suffix parse is structurally possible.
བཐུར	བ		ཐ		u	ར		ཐ		fully_resolved	high	One prefix/root/suffix parse is structurally possible.
བད					a				བ;ད	ambiguous_root	low	Multiple Tibetan-only root parses remain possible.
བདག	བ		ད		a	ག		ད		fully_resolved	high	One prefix/root/suffix parse is structurally possible.
བདང	བ		ད		a	ང		ད		fully_resolved	high	One prefix/root/suffix parse is structurally possible.
བདད					a				བ;ད	ambiguous_root	low	Multiple Tibetan-only root parses remain possible.
བདདང					a					unusual_stack	none	Consonant sequence does not match conservative role patterns.
བདདྲ			ད	ར	a			དར	བ;ད	partially_resolved	medium	Stack resolved; extra consonants remain ambiguous.
བདན	བ		ད		a	ན		ད		fully_resolved	high	One prefix/root/suffix parse is structurally possible.
བདབ	བ		ད		a	བ		ད		fully_resolved	high	One prefix/root/suffix parse is structurally possible.
བདམས	བ		ད		a	མ	ས	ད		fully_resolved	high	One prefix/root/suffix parse is structurally possible.
བདའ	བ		ད		a	འ		ད		fully_resolved	high	One prefix/root/suffix parse is structurally possible.
བདར	བ		ད		a	ར		ད		fully_resolved	high	One prefix/root/suffix parse is structurally possible.
བདལ	བ		ད		a	ལ		ད		fully_resolved	high	One prefix/root/suffix parse is structurally possible.
བདས					a				བ;ད	ambiguous_root	low	Multiple Tibetan-only root parses remain possible.
བདི					i				བ;ད	ambiguous_root	low	Multiple Tibetan-only root parses remain possible.
བདུག	བ		ད		u	ག		ད		fully_resolved	high	One prefix/root/suffix parse is structurally possible.
བདུངས	བ		ད		u	ང	ས	ད		fully_resolved	high	One prefix/root/suffix parse is structurally possible.
བདུད					u				བ;ད	ambiguous_root	low	Multiple Tibetan-only root parses remain possible.
བདུན	བ		ད		u	ན		ད		fully_resolved	high	One prefix/root/suffix parse is structurally possible.
བདེ					e				བ;ད	ambiguous_root	low	Multiple Tibetan-only root parses remain possible.
བདེག	བ		ད		e	ག		ད		fully_resolved	high	One prefix/root/suffix parse is structurally possible.
བདེན	བ		ད		e	ན		ད		fully_resolved	high	One prefix/root/suffix parse is structurally possible.
བདེའི										unsupported_orthographic_sign	none	Multiple Tibetan vowel signs are not modelled.
བདེར	བ		ད		e	ར		ད		fully_resolved	high	One prefix/root/suffix parse is structurally possible.
བདོ					o				བ;ད	ambiguous_root	low	Multiple Tibetan-only root parses remain possible.
བདོག	བ		ད		o	ག		ད		fully_resolved	high	One prefix/root/suffix parse is structurally possible.
བདོས					o				བ;ད	ambiguous_root	low	Multiple Tibetan-only root parses remain possible.
བདྡེན	བ		ད	ད	e	ན		དད		fully_resolved	high	Unicode stack and trailing suffix roles resolve uniquely.
བདྱེ	བ		ད	ཡ	e			དཡ		fully_resolved	high	Unicode stack and trailing suffix roles resolve uniquely.
བདྲག	བ		ད	ར	a	ག		དར		fully_resolved	high	Unicode stack and trailing suffix roles resolve uniquely.
བདྲེ	བ		ད	ར	e			དར		fully_resolved	high	Unicode stack and trailing suffix roles resolve uniquely.
བདྲོ	བ		ད	ར	o			དར		fully_resolved	high	Unicode stack and trailing suffix roles resolve uniquely.
བདྲོག	བ		ད	ར	o	ག		དར		fully_resolved	high	Unicode stack and trailing suffix roles resolve uniquely.
བན					a				བ;ན	ambiguous_root	low	Multiple Tibetan-only root parses remain possible.
བནངས	བ		ན		a	ང	ས	ན		fully_resolved	high	One prefix/root/suffix parse is structurally possible.
བནྟྷ	བ		ན	ཏཧ	a			ནཏཧ		fully_resolved	high	Unicode stack and trailing suffix roles resolve uniquely.
བནྡེ	བ		ན	ད	e			ནད		fully_resolved	high	Unicode stack and trailing suffix roles resolve uniquely.
བནྡེའི										unsupported_orthographic_sign	none	Multiple Tibetan vowel signs are not modelled.
བནྭ	བ		ན	ཝ	a			ནཝ		fully_resolved	high	Unicode stack and trailing suffix roles resolve uniquely.
བཔ	བ		པ		a			པ		fully_resolved	high	One prefix/root/suffix parse is structurally possible.
བབ					a				བ	ambiguous_root	low	Multiple Tibetan-only root parses remain possible.
བབཟུང					u					unusual_stack	none	Consonant sequence does not match conservative role patterns.
བབར	བ		བ		a	ར		བ		fully_resolved	high	One prefix/root/suffix parse is structurally possible.
བབས					a				བ	ambiguous_root	low	Multiple Tibetan-only root parses remain possible.
བབུང	བ		བ		u	ང		བ		fully_resolved	high	One prefix/root/suffix parse is structurally possible.
བབྲར	བ		བ	ར	a	ར		བར		fully_resolved	high	Unicode stack and trailing suffix roles resolve uniquely.
བབྲས	བ		བ	ར	a	ས		བར		fully_resolved	high	Unicode stack and trailing suffix roles resolve uniquely.
བབྲོ	བ		བ	ར	o			བར		fully_resolved	high	Unicode stack and trailing suffix roles resolve uniquely.
བབླེས	བ		བ	ལ	e	ས		བལ		fully_resolved	high	Unicode stack and trailing suffix roles resolve uniquely.
བམ					a				བ;མ	ambiguous_root	low	Multiple Tibetan-only root parses remain possible.
བམས					a				བ;མ	ambiguous_root	low	Multiple Tibetan-only root parses remain possible.
བཙངས	བ		ཙ		a	ང	ས	ཙ		fully_resolved	high	One prefix/root/suffix parse is structurally possible.
བཙདཔོ					o					unusual_stack	none	Consonant sequence does not match conservative role patterns.
བཙན	བ		ཙ		a	ན		ཙ		fully_resolved	high	One prefix/root/suffix parse is structurally possible.
བཙའ	བ		ཙ		a	འ		ཙ		fully_resolved	high	One prefix/root/suffix parse is structurally possible.
བཙལ	བ		ཙ		a	ལ		ཙ		fully_resolved	high	One prefix/root/suffix parse is structurally possible.
བཙས	བ		ཙ		a	ས		ཙ		fully_resolved	high	One prefix/root/suffix parse is structurally possible.
བཙུག	བ		ཙ		u	ག		ཙ		fully_resolved	high	One prefix/root/suffix parse is structurally possible.
བཙུགས	བ		ཙ		u	ག	ས	ཙ		fully_resolved	high	One prefix/root/suffix parse is structurally possible.
བཙུན	བ		ཙ		u	ན		ཙ		fully_resolved	high	One prefix/root/suffix parse is structurally possible.
བཙོག	བ		ཙ		o	ག		ཙ		fully_resolved	high	One prefix/root/suffix parse is structurally possible.
བཙོན	བ		ཙ		o	ན		ཙ		fully_resolved	high	One prefix/root/suffix parse is structurally possible.
བཙྭ	བ		ཙ	ཝ	a			ཙཝ		fully_resolved	high	Unicode stack and trailing suffix roles resolve uniquely.
བཚྭ	བ		ཚ	ཝ	a			ཚཝ		fully_resolved	high	Unicode stack and trailing suffix roles resolve uniquely.
བཛ	བ		ཛ		a			ཛ		fully_resolved	high	One prefix/root/suffix parse is structurally possible.
བཛྫོས	བ		ཛ	ཛ	o	ས		ཛཛ		fully_resolved	high	Unicode stack and trailing suffix roles resolve uniquely.
བཛྲ	བ		ཛ	ར	a			ཛར		fully_resolved	high	Unicode stack and trailing suffix roles resolve uniquely.
བཞག	བ		ཞ		a	ག		ཞ		fully_resolved	high	One prefix/root/suffix parse is structurally possible.
བཞགས	བ		ཞ		a	ག	ས	ཞ		fully_resolved	high	One prefix/root/suffix parse is structurally possible.
བཞད	བ		ཞ		a	ད		ཞ		fully_resolved	high	One prefix/root/suffix parse is structurally possible.
བཞན	བ		ཞ		a	ན		ཞ		fully_resolved	high	One prefix/root/suffix parse is structurally possible.
བཞབགྐྱ			ག	ཀཡ	a			གཀཡ	བ;ཞ	partially_resolved	medium	Stack resolved; extra consonants remain ambiguous.
བཞམས	བ		ཞ		a	མ	ས	ཞ		fully_resolved	high	One prefix/root/suffix parse is structurally possible.
བཞའ	བ		ཞ		a	འ		ཞ		fully_resolved	high	One prefix/root/suffix parse is structurally possible.
བཞལ	བ		ཞ		a	ལ		ཞ		fully_resolved	high	One prefix/root/suffix parse is structurally possible.
བཞཤགས					a					unusual_stack	none	Consonant sequence does not match conservative role patterns.
བཞཤད					a					unusual_stack	none	Consonant sequence does not match conservative role patterns.
བཞི	བ		ཞ		i			ཞ		fully_resolved	high	One prefix/root/suffix parse is structurally possible.
བཞིག	བ		ཞ		i	ག		ཞ		fully_resolved	high	One prefix/root/suffix parse is structurally possible.
བཞིན	བ		ཞ		i	ན		ཞ		fully_resolved	high	One prefix/root/suffix parse is structurally possible.
བཞིའི										unsupported_orthographic_sign	none	Multiple Tibetan vowel signs are not modelled.
བཞུ	བ		ཞ		u			ཞ		fully_resolved	high	One prefix/root/suffix parse is structurally possible.
བཞུག	བ		ཞ		u	ག		ཞ		fully_resolved	high	One prefix/root/suffix parse is structurally possible.
བཞུགས	བ		ཞ		u	ག	ས	ཞ		fully_resolved	high	One prefix/root/suffix parse is structurally possible.
བཞུད	བ		ཞ		u	ད		ཞ		fully_resolved	high	One prefix/root/suffix parse is structurally possible.
བཞུར	བ		ཞ		u	ར		ཞ		fully_resolved	high	One prefix/root/suffix parse is structurally possible.
བཞེངས	བ		ཞ		e	ང	ས	ཞ		fully_resolved	high	One prefix/root/suffix parse is structurally possible.
བཞེད	བ		ཞ		e	ད		ཞ		fully_resolved	high	One prefix/root/suffix parse is structurally possible.
བཞེན	བ		ཞ		e	ན		ཞ		fully_resolved	high	One prefix/root/suffix parse is structurally possible.
བཞེར	བ		ཞ		e	ར		ཞ		fully_resolved	high	One prefix/root/suffix parse is structurally possible.
བཞེས	བ		ཞ		e	ས		ཞ		fully_resolved	high	One prefix/root/suffix parse is structurally possible.
བཞོ	བ		ཞ		o			ཞ		fully_resolved	high	One prefix/root/suffix parse is structurally possible.
བཞོན	བ		ཞ		o	ན		ཞ		fully_resolved	high	One prefix/root/suffix parse is structurally possible.
བཞྲོན	བ		ཞ	ར	o	ན		ཞར		fully_resolved	high	Unicode stack and trailing suffix roles resolve uniquely.
བཟ	བ		ཟ		a			ཟ		fully_resolved	high	One prefix/root/suffix parse is structurally possible.
བཟང	བ		ཟ		a	ང		ཟ		fully_resolved	high	One prefix/root/suffix parse is structurally possible.
བཟངས	བ		ཟ		a	ང	ས	ཟ		fully_resolved	high	One prefix/root/suffix parse is structurally possible.
བཟད	བ		ཟ		a	ད		ཟ		fully_resolved	high	One prefix/root/suffix parse is structurally possible.
བཟན	བ		ཟ		a	ན		ཟ		fully_resolved	high	One prefix/root/suffix parse is structurally possible.
བཟའ	བ		ཟ		a	འ		ཟ		fully_resolved	high	One prefix/root/suffix parse is structurally possible.
བཟི	བ		ཟ		i			ཟ		fully_resolved	high	One prefix/root/suffix parse is structurally possible.
བཟིགས	བ		ཟ		i	ག	ས	ཟ		fully_resolved	high	One prefix/root/suffix parse is structurally possible.
བཟུང	བ		ཟ		u	ང		ཟ		fully_resolved	high	One prefix/root/suffix parse is structurally possible.
བཟུངས	བ		ཟ		u	ང	ས	ཟ		fully_resolved	high	One prefix/root/suffix parse is structurally possible.
བཟེད	བ		ཟ		e	ད		ཟ		fully_resolved	high	One prefix/root/suffix parse is structurally possible.
བཟོ	བ		ཟ		o			ཟ		fully_resolved	high	One prefix/root/suffix parse is structurally possible.
བཟོད	བ		ཟ		o	ད		ཟ		fully_resolved	high	One prefix/root/suffix parse is structurally possible.
བཟོན	བ		ཟ		o	ན		ཟ		fully_resolved	high	One prefix/root/suffix parse is structurally possible.
བཟོའི										unsupported_orthographic_sign	none	Multiple Tibetan vowel signs are not modelled.
བཟོས	བ		ཟ		o	ས		ཟ		fully_resolved	high	One prefix/root/suffix parse is structurally possible.
བཟྣོག	བ		ཟ	ན	o	ག		ཟན		fully_resolved	high	Unicode stack and trailing suffix roles resolve uniquely.
བཟྲང	བ		ཟ	ར	a	ང		ཟར		fully_resolved	high	Unicode stack and trailing suffix roles resolve uniquely.
བཟྲའ	བ		ཟ	ར	a	འ		ཟར		fully_resolved	high	Unicode stack and trailing suffix roles resolve uniquely.
བཟྲོ	བ		ཟ	ར	o			ཟར		fully_resolved	high	Unicode stack and trailing suffix roles resolve uniquely.
བཟླ	བ		ཟ	ལ	a			ཟལ		fully_resolved	high	Unicode stack and trailing suffix roles resolve uniquely.
བཟླས	བ		ཟ	ལ	a	ས		ཟལ		fully_resolved	high	Unicode stack and trailing suffix roles resolve uniquely.
བཟླུགས	བ		ཟ	ལ	u	ག	ས	ཟལ		fully_resolved	high	Unicode stack and trailing suffix roles resolve uniquely.
བཟླུབ	བ		ཟ	ལ	u	བ		ཟལ		fully_resolved	high	Unicode stack and trailing suffix roles resolve uniquely.
བཟླུམ	བ		ཟ	ལ	u	མ		ཟལ		fully_resolved	high	Unicode stack and trailing suffix roles resolve uniquely.
བཟློ	བ		ཟ	ལ	o			ཟལ		fully_resolved	high	Unicode stack and trailing suffix roles resolve uniquely.
བཟློག	བ		ཟ	ལ	o	ག		ཟལ		fully_resolved	high	Unicode stack and trailing suffix roles resolve uniquely.
བཟློས	བ		ཟ	ལ	o	ས		ཟལ		fully_resolved	high	Unicode stack and trailing suffix roles resolve uniquely.
བའ					a				བ;འ	ambiguous_root	low	Multiple Tibetan-only root parses remain possible.
བའི					i				བ;འ	ambiguous_root	low	Multiple Tibetan-only root parses remain possible.
བའུ					u				བ;འ	ambiguous_root	low	Multiple Tibetan-only root parses remain possible.
བའེ					e				བ;འ	ambiguous_root	low	Multiple Tibetan-only root parses remain possible.
བར					a				བ;ར	ambiguous_root	low	Multiple Tibetan-only root parses remain possible.
བརང	བ		ར		a	ང		ར		fully_resolved	high	One prefix/root/suffix parse is structurally possible.
བརཉ					a					unusual_stack	none	Consonant sequence does not match conservative role patterns.
བརཏལ					a					unusual_stack	none	Consonant sequence does not match conservative role patterns.
བརཏྟྣལ			ཏ	ཏན	a	ལ		ཏཏན	བ;ར	partially_resolved	medium	Stack resolved; extra consonants remain ambiguous.
བརན	བ		ར		a	ན		ར		fully_resolved	high	One prefix/root/suffix parse is structurally possible.
བརརྐྱད		ར	ཀ	ཡ	a	ད		རཀཡ	བ;ར	partially_resolved	medium	Stack resolved; extra consonants remain ambiguous.
བརརྒྱགས		ར	ག	ཡ	a	ག	ས	རགཡ	བ;ར	partially_resolved	medium	Stack resolved; extra consonants remain ambiguous.
བརརྒྱད		ར	ག	ཡ	a	ད		རགཡ	བ;ར	partially_resolved	medium	Stack resolved; extra consonants remain ambiguous.
བརརྒྱབ		ར	ག	ཡ	a	བ		རགཡ	བ;ར	partially_resolved	medium	Stack resolved; extra consonants remain ambiguous.
བརལ	བ		ར		a	ལ		ར		fully_resolved	high	One prefix/root/suffix parse is structurally possible.
བརི					i				བ;ར	ambiguous_root	low	Multiple Tibetan-only root parses remain possible.
བརིགས	བ		ར		i	ག	ས	ར		fully_resolved	high	One prefix/root/suffix parse is structurally possible.
བརུམ	བ		ར		u	མ		ར		fully_resolved	high	One prefix/root/suffix parse is structurally possible.
བརོ					o				བ;ར	ambiguous_root	low	Multiple Tibetan-only root parses remain possible.
བརོག	བ		ར		o	ག		ར		fully_resolved	high	One prefix/root/suffix parse is structurally possible.
བརོགས	བ		ར		o	ག	ས	ར		fully_resolved	high	One prefix/root/suffix parse is structurally possible.
བརྐང	བ	ར	ཀ		a	ང		རཀ		fully_resolved	high	Unicode stack and trailing suffix roles resolve uniquely.
བརྐན	བ	ར	ཀ		a	ན		རཀ		fully_resolved	high	Unicode stack and trailing suffix roles resolve uniquely.
བརྐམ	བ	ར	ཀ		a	མ		རཀ		fully_resolved	high	Unicode stack and trailing suffix roles resolve uniquely.
བརྐུ	བ	ར	ཀ		u			རཀ		fully_resolved	high	Unicode stack and trailing suffix roles resolve uniquely.
བརྐུས	བ	ར	ཀ		u	ས		རཀ		fully_resolved	high	Unicode stack and trailing suffix roles resolve uniquely.
བརྐོ	བ	ར	ཀ		o			རཀ		fully_resolved	high	Unicode stack and trailing suffix roles resolve uniquely.
བརྐོས	བ	ར	ཀ		o	ས		རཀ		fully_resolved	high	Unicode stack and trailing suffix roles resolve uniquely.
བརྐྱང	བ	ར	ཀ	ཡ	a	ང		རཀཡ		fully_resolved	high	Unicode stack and trailing suffix roles resolve uniquely.
བརྐྱངས	བ	ར	ཀ	ཡ	a	ང	ས	རཀཡ		fully_resolved	high	Unicode stack and trailing suffix roles resolve uniquely.
བརྐྱད	བ	ར	ཀ	ཡ	a	ད		རཀཡ		fully_resolved	high	Unicode stack and trailing suffix roles resolve uniquely.
བརྐྱས	བ	ར	ཀ	ཡ	a	ས		རཀཡ		fully_resolved	high	Unicode stack and trailing suffix roles resolve uniquely.
བརྐྱིངས	བ	ར	ཀ	ཡ	i	ང	ས	རཀཡ		fully_resolved	high	Unicode stack and trailing suffix roles resolve uniquely.
བརྒ	བ	ར	ག		a			རག		fully_resolved	high	Unicode stack and trailing suffix roles resolve uniquely.
བརྒང	བ	ར	ག		a	ང		རག		fully_resolved	high	Unicode stack and trailing suffix roles resolve uniquely.
བརྒད	བ	ར	ག		a	ད		རག		fully_resolved	high	Unicode stack and trailing suffix roles resolve uniquely.
བརྒན	བ	ར	ག		a	ན		རག		fully_resolved	high	Unicode stack and trailing suffix roles resolve uniquely.
བརྒལ	བ	ར	ག		a	ལ		རག		fully_resolved	high	Unicode stack and trailing suffix roles resolve uniquely.
བརྒྱ	བ	ར	ག	ཡ	a			རགཡ		fully_resolved	high	Unicode stack and trailing suffix roles resolve uniquely.
བརྒྱག	བ	ར	ག	ཡ	a	ག		རགཡ		fully_resolved	high	Unicode stack and trailing suffix roles resolve uniquely.
བརྒྱགས	བ	ར	ག	ཡ	a	ག	ས	རགཡ		fully_resolved	high	Unicode stack and trailing suffix roles resolve uniquely.
བརྒྱངས	བ	ར	ག	ཡ	a	ང	ས	རགཡ		fully_resolved	high	Unicode stack and trailing suffix roles resolve uniquely.
བརྒྱད	བ	ར	ག	ཡ	a	ད		རགཡ		fully_resolved	high	Unicode stack and trailing suffix roles resolve uniquely.
བརྒྱན	བ	ར	ག	ཡ	a	ན		རགཡ		fully_resolved	high	Unicode stack and trailing suffix roles resolve uniquely.
བརྒྱབ	བ	ར	ག	ཡ	a	བ		རགཡ		fully_resolved	high	Unicode stack and trailing suffix roles resolve uniquely.
བརྒྱར	བ	ར	ག	ཡ	a	ར		རགཡ		fully_resolved	high	Unicode stack and trailing suffix roles resolve uniquely.
བརྒྱལ	བ	ར	ག	ཡ	a	ལ		རགཡ		fully_resolved	high	Unicode stack and trailing suffix roles resolve uniquely.
བརྒྱས	བ	ར	ག	ཡ	a	ས		རགཡ		fully_resolved	high	Unicode stack and trailing suffix roles resolve uniquely.
བརྒྱུ	བ	ར	ག	ཡ	u			རགཡ		fully_resolved	high	Unicode stack and trailing suffix roles resolve uniquely.
བརྒྱུག	བ	ར	ག	ཡ	u	ག		རགཡ		fully_resolved	high	Unicode stack and trailing suffix roles resolve uniquely.
བརྒྱུད	བ	ར	ག	ཡ	u	ད		རགཡ		fully_resolved	high	Unicode stack and trailing suffix roles resolve uniquely.
བརྒྱུར	བ	ར	ག	ཡ	u	ར		རགཡ		fully_resolved	high	Unicode stack and trailing suffix roles resolve uniquely.
བརྒྱུས	བ	ར	ག	ཡ	u	ས		རགཡ		fully_resolved	high	Unicode stack and trailing suffix roles resolve uniquely.
བརྔ	བ	ར	ང		a			རང		fully_resolved	high	Unicode stack and trailing suffix roles resolve uniquely.
བརྔངས	བ	ར	ང		a	ང	ས	རང		fully_resolved	high	Unicode stack and trailing suffix roles resolve uniquely.
བརྔན	བ	ར	ང		a	ན		རང		fully_resolved	high	Unicode stack and trailing suffix roles resolve uniquely.
བརྔམ	བ	ར	ང		a	མ		རང		fully_resolved	high	Unicode stack and trailing suffix roles resolve uniquely.
བརྔོད	བ	ར	ང		o	ད		རང		fully_resolved	high	Unicode stack and trailing suffix roles resolve uniquely.
བརྔོན	བ	ར	ང		o	ན		རང		fully_resolved	high	Unicode stack and trailing suffix roles resolve uniquely.
བརྔོར	བ	ར	ང		o	ར		རང		fully_resolved	high	Unicode stack and trailing suffix roles resolve uniquely.
བརྗད	བ	ར	ཇ		a	ད		རཇ		fully_resolved	high	Unicode stack and trailing suffix roles resolve uniquely.
བརྗིད	བ	ར	ཇ		i	ད		རཇ		fully_resolved	high	Unicode stack and trailing suffix roles resolve uniquely.
བརྗེ	བ	ར	ཇ		e			རཇ		fully_resolved	high	Unicode stack and trailing suffix roles resolve uniquely.
བརྗེང	བ	ར	ཇ		e	ང		རཇ		fully_resolved	high	Unicode stack and trailing suffix roles resolve uniquely.
བརྗེད	བ	ར	ཇ		e	ད		རཇ		fully_resolved	high	Unicode stack and trailing suffix roles resolve uniquely.
བརྗེབ	བ	ར	ཇ		e	བ		རཇ		fully_resolved	high	Unicode stack and trailing suffix roles resolve uniquely.
བརྗེས	བ	ར	ཇ		e	ས		རཇ		fully_resolved	high	Unicode stack and trailing suffix roles resolve uniquely.
བརྗོང	བ	ར	ཇ		o	ང		རཇ		fully_resolved	high	Unicode stack and trailing suffix roles resolve uniquely.
བརྗོད	བ	ར	ཇ		o	ད		རཇ		fully_resolved	high	Unicode stack and trailing suffix roles resolve uniquely.
བརྗོཿ					o					unsupported_orthographic_sign	none	Unsupported transcription-bearing Tibetan signs: U+0F7F
བརྙག	བ	ར	ཉ		a	ག		རཉ		fully_resolved	high	Unicode stack and trailing suffix roles resolve uniquely.
བརྙངས	བ	ར	ཉ		a	ང	ས	རཉ		fully_resolved	high	Unicode stack and trailing suffix roles resolve uniquely.
བརྙན	བ	ར	ཉ		a	ན		རཉ		fully_resolved	high	Unicode stack and trailing suffix roles resolve uniquely.
བརྙས	བ	ར	ཉ		a	ས		རཉ		fully_resolved	high	Unicode stack and trailing suffix roles resolve uniquely.
བརྙུར	བ	ར	ཉ		u	ར		རཉ		fully_resolved	high	Unicode stack and trailing suffix roles resolve uniquely.
བརྙེགས	བ	ར	ཉ		e	ག	ས	རཉ		fully_resolved	high	Unicode stack and trailing suffix roles resolve uniquely.
བརྙེན	བ	ར	ཉ		e	ན		རཉ		fully_resolved	high	Unicode stack and trailing suffix roles resolve uniquely.
བརྙེམས	བ	ར	ཉ		e	མ	ས	རཉ		fully_resolved	high	Unicode stack and trailing suffix roles resolve uniquely.
བརྙེས	བ	ར	ཉ		e	ས		རཉ		fully_resolved	high	Unicode stack and trailing suffix roles resolve uniquely.
བརྙོག	བ	ར	ཉ		o	ག		རཉ		fully_resolved	high	Unicode stack and trailing suffix roles resolve uniquely.
བརྙོགས	བ	ར	ཉ		o	ག	ས	རཉ		fully_resolved	high	Unicode stack and trailing suffix roles resolve uniquely.
བརྙོད	བ	ར	ཉ		o	ད		རཉ		fully_resolved	high	Unicode stack and trailing suffix roles resolve uniquely.
བརྙོན	བ	ར	ཉ		o	ན		རཉ		fully_resolved	high	Unicode stack and trailing suffix roles resolve uniquely.
བརྟ	བ	ར	ཏ		a			རཏ		fully_resolved	high	Unicode stack and trailing suffix roles resolve uniquely.
བརྟག	བ	ར	ཏ		a	ག		རཏ		fully_resolved	high	Unicode stack and trailing suffix roles resolve uniquely.
བརྟགས	བ	ར	ཏ		a	ག	ས	རཏ		fully_resolved	high	Unicode stack and trailing suffix roles resolve uniquely.
བརྟང	བ	ར	ཏ		a	ང		རཏ		fully_resolved	high	Unicode stack and trailing suffix roles resolve uniquely.
བརྟད	བ	ར	ཏ		a	ད		རཏ		fully_resolved	high	Unicode stack and trailing suffix roles resolve uniquely.
བརྟན	བ	ར	ཏ		a	ན		རཏ		fully_resolved	high	Unicode stack and trailing suffix roles resolve uniquely.
བརྟབ	བ	ར	ཏ		a	བ		རཏ		fully_resolved	high	Unicode stack and trailing suffix roles resolve uniquely.
བརྟབས	བ	ར	ཏ		a	བ	ས	རཏ		fully_resolved	high	Unicode stack and trailing suffix roles resolve uniquely.
བརྟམས	བ	ར	ཏ		a	མ	ས	རཏ		fully_resolved	high	Unicode stack and trailing suffix roles resolve uniquely.
བརྟལ	བ	ར	ཏ		a	ལ		རཏ		fully_resolved	high	Unicode stack and trailing suffix roles resolve uniquely.
བརྟས	བ	ར	ཏ		a	ས		རཏ		fully_resolved	high	Unicode stack and trailing suffix roles resolve uniquely.
བརྟིང	བ	ར	ཏ		i	ང		རཏ		fully_resolved	high	Unicode stack and trailing suffix roles resolve uniquely.
བརྟུད	བ	ར	ཏ		u	ད		རཏ		fully_resolved	high	Unicode stack and trailing suffix roles resolve uniquely.
བརྟུལ	བ	ར	ཏ		u	ལ		རཏ		fully_resolved	high	Unicode stack and trailing suffix roles resolve uniquely.
བརྟེངས	བ	ར	ཏ		e	ང	ས	རཏ		fully_resolved	high	Unicode stack and trailing suffix roles resolve uniquely.
བརྟེན	བ	ར	ཏ		e	ན		རཏ		fully_resolved	high	Unicode stack and trailing suffix roles resolve uniquely.
བརྟེབ	བ	ར	ཏ		e	བ		རཏ		fully_resolved	high	Unicode stack and trailing suffix roles resolve uniquely.
བརྟོད	བ	ར	ཏ		o	ད		རཏ		fully_resolved	high	Unicode stack and trailing suffix roles resolve uniquely.
བརྟོན	བ	ར	ཏ		o	ན		རཏ		fully_resolved	high	Unicode stack and trailing suffix roles resolve uniquely.
བརྟོལ	བ	ར	ཏ		o	ལ		རཏ		fully_resolved	high	Unicode stack and trailing suffix roles resolve uniquely.
བརྡ	བ	ར	ད		a			རད		fully_resolved	high	Unicode stack and trailing suffix roles resolve uniquely.
བརྡབ	བ	ར	ད		a	བ		རད		fully_resolved	high	Unicode stack and trailing suffix roles resolve uniquely.
བརྡབས	བ	ར	ད		a	བ	ས	རད		fully_resolved	high	Unicode stack and trailing suffix roles resolve uniquely.
བརྡར	བ	ར	ད		a	ར		རད		fully_resolved	high	Unicode stack and trailing suffix roles resolve uniquely.
བརྡལ	བ	ར	ད		a	ལ		རད		fully_resolved	high	Unicode stack and trailing suffix roles resolve uniquely.
བརྡས	བ	ར	ད		a	ས		རད		fully_resolved	high	Unicode stack and trailing suffix roles resolve uniquely.
བརྡུང	བ	ར	ད		u	ང		རད		fully_resolved	high	Unicode stack and trailing suffix roles resolve uniquely.
བརྡུངས	བ	ར	ད		u	ང	ས	རད		fully_resolved	high	Unicode stack and trailing suffix roles resolve uniquely.
བརྡུལ	བ	ར	ད		u	ལ		རད		fully_resolved	high	Unicode stack and trailing suffix roles resolve uniquely.
བརྡེག	བ	ར	ད		e	ག		རད		fully_resolved	high	Unicode stack and trailing suffix roles resolve uniquely.
བརྡེགས	བ	ར	ད		e	ག	ས	རད		fully_resolved	high	Unicode stack and trailing suffix roles resolve uniquely.
བརྡེབ	བ	ར	ད		e	བ		རད		fully_resolved	high	Unicode stack and trailing suffix roles resolve uniquely.
བརྡེབས	བ	ར	ད		e	བ	ས	རད		fully_resolved	high	Unicode stack and trailing suffix roles resolve uniquely.
བརྡོག	བ	ར	ད		o	ག		རད		fully_resolved	high	Unicode stack and trailing suffix roles resolve uniquely.
བརྡོལ	བ	ར	ད		o	ལ		རད		fully_resolved	high	Unicode stack and trailing suffix roles resolve uniquely.
བརྣག	བ	ར	ན		a	ག		རན		fully_resolved	high	Unicode stack and trailing suffix roles resolve uniquely.
བརྣགས	བ	ར	ན		a	ག	ས	རན		fully_resolved	high	Unicode stack and trailing suffix roles resolve uniquely.
བརྣང	བ	ར	ན		a	ང		རན		fully_resolved	high	Unicode stack and trailing suffix roles resolve uniquely.
བརྣན	བ	ར	ན		a	ན		རན		fully_resolved	high	Unicode stack and trailing suffix roles resolve uniquely.
བརྣར	བ	ར	ན		a	ར		རན		fully_resolved	high	Unicode stack and trailing suffix roles resolve uniquely.
བརྣོག	བ	ར	ན		o	ག		རན		fully_resolved	high	Unicode stack and trailing suffix roles resolve uniquely.
བརྨ	བ	ར	མ		a			རམ		fully_resolved	high	Unicode stack and trailing suffix roles resolve uniquely.
བརྩན	བ	ར	ཙ		a	ན		རཙ		fully_resolved	high	Unicode stack and trailing suffix roles resolve uniquely.
བརྩམས	བ	ར	ཙ		a	མ	ས	རཙ		fully_resolved	high	Unicode stack and trailing suffix roles resolve uniquely.
བརྩུང	བ	ར	ཙ		u	ང		རཙ		fully_resolved	high	Unicode stack and trailing suffix roles resolve uniquely.
བརྩེ	བ	ར	ཙ		e			རཙ		fully_resolved	high	Unicode stack and trailing suffix roles resolve uniquely.
བརྩེག	བ	ར	ཙ		e	ག		རཙ		fully_resolved	high	Unicode stack and trailing suffix roles resolve uniquely.
བརྩེགས	བ	ར	ཙ		e	ག	ས	རཙ		fully_resolved	high	Unicode stack and trailing suffix roles resolve uniquely.
བརྩེལ	བ	ར	ཙ		e	ལ		རཙ		fully_resolved	high	Unicode stack and trailing suffix roles resolve uniquely.
བརྩེས	བ	ར	ཙ		e	ས		རཙ		fully_resolved	high	Unicode stack and trailing suffix roles resolve uniquely.
བརྩོད	བ	ར	ཙ		o	ད		རཙ		fully_resolved	high	Unicode stack and trailing suffix roles resolve uniquely.
བརྩོན	བ	ར	ཙ		o	ན		རཙ		fully_resolved	high	Unicode stack and trailing suffix roles resolve uniquely.
བརྫག	བ	ར	ཛ		a	ག		རཛ		fully_resolved	high	Unicode stack and trailing suffix roles resolve uniquely.
བརྫགས	བ	ར	ཛ		a	ག	ས	རཛ		fully_resolved	high	Unicode stack and trailing suffix roles resolve uniquely.
བརྫངས	བ	ར	ཛ		a	ང	ས	རཛ		fully_resolved	high	Unicode stack and trailing suffix roles resolve uniquely.
བརྫན	བ	ར	ཛ		a	ན		རཛ		fully_resolved	high	Unicode stack and trailing suffix roles resolve uniquely.
བརྫས	བ	ར	ཛ		a	ས		རཛ		fully_resolved	high	Unicode stack and trailing suffix roles resolve uniquely.
བརྫིས	བ	ར	ཛ		i	ས		རཛ		fully_resolved	high	Unicode stack and trailing suffix roles resolve uniquely.
བརྫུས	བ	ར	ཛ		u	ས		རཛ		fully_resolved	high	Unicode stack and trailing suffix roles resolve uniquely.
བརྫོ	བ	ར	ཛ		o			རཛ		fully_resolved	high	Unicode stack and trailing suffix roles resolve uniquely.
བརྫོག	བ	ར	ཛ		o	ག		རཛ		fully_resolved	high	Unicode stack and trailing suffix roles resolve uniquely.
བརྫོགས	བ	ར	ཛ		o	ག	ས	རཛ		fully_resolved	high	Unicode stack and trailing suffix roles resolve uniquely.
བརྫོས	བ	ར	ཛ		o	ས		རཛ		fully_resolved	high	Unicode stack and trailing suffix roles resolve uniquely.
བརྱ	བ		ར	ཡ	a			རཡ		fully_resolved	high	Unicode stack and trailing suffix roles resolve uniquely.
བརྲི	བ		ར	ར	i			རར		fully_resolved	high	Unicode stack and trailing suffix roles resolve uniquely.
བརླག	བ		ར	ལ	a	ག		རལ		fully_resolved	high	Unicode stack and trailing suffix roles resolve uniquely.
བརླང	བ		ར	ལ	a	ང		རལ		fully_resolved	high	Unicode stack and trailing suffix roles resolve uniquely.
བརླབ	བ		ར	ལ	a	བ		རལ		fully_resolved	high	Unicode stack and trailing suffix roles resolve uniquely.
བརླབས	བ		ར	ལ	a	བ	ས	རལ		fully_resolved	high	Unicode stack and trailing suffix roles resolve uniquely.
བརླུག	བ		ར	ལ	u	ག		རལ		fully_resolved	high	Unicode stack and trailing suffix roles resolve uniquely.
བརླུགས	བ		ར	ལ	u	ག	ས	རལ		fully_resolved	high	Unicode stack and trailing suffix roles resolve uniquely.
བལ					a				བ;ལ	ambiguous_root	low	Multiple Tibetan-only root parses remain possible.
བལྔག	བ	ལ	ང		a	ག		ལང		fully_resolved	high	Unicode stack and trailing suffix roles resolve uniquely.
བལྔབ	བ	ལ	ང		a	བ		ལང		fully_resolved	high	Unicode stack and trailing suffix roles resolve uniquely.
བལྔས	བ	ལ	ང		a	ས		ལང		fully_resolved	high	Unicode stack and trailing suffix roles resolve uniquely.
བལྟ	བ	ལ	ཏ		a			ལཏ		fully_resolved	high	Unicode stack and trailing suffix roles resolve uniquely.
བལྟམས	བ	ལ	ཏ		a	མ	ས	ལཏ		fully_resolved	high	Unicode stack and trailing suffix roles resolve uniquely.
བལྟས	བ	ལ	ཏ		a	ས		ལཏ		fully_resolved	high	Unicode stack and trailing suffix roles resolve uniquely.
བལྟིརྟ	བ	ལ	ཏ	ཏ	i	ར		ལཏཏ		fully_resolved	high	Unicode stack and trailing suffix roles resolve uniquely.
བལྟེས	བ	ལ	ཏ		e	ས		ལཏ		fully_resolved	high	Unicode stack and trailing suffix roles resolve uniquely.
བལྟོས	བ	ལ	ཏ		o	ས		ལཏ		fully_resolved	high	Unicode stack and trailing suffix roles resolve uniquely.
བལྡག	བ	ལ	ད		a	ག		ལད		fully_resolved	high	Unicode stack and trailing suffix roles resolve uniquely.
བལྡགས	བ	ལ	ད		a	ག	ས	ལད		fully_resolved	high	Unicode stack and trailing suffix roles resolve uniquely.
བལྡད	བ	ལ	ད		a	ད		ལད		fully_resolved	high	Unicode stack and trailing suffix roles resolve uniquely.
བལྡབས	བ	ལ	ད		a	བ	ས	ལད		fully_resolved	high	Unicode stack and trailing suffix roles resolve uniquely.
བཤགས	བ		ཤ		a	ག	ས	ཤ		fully_resolved	high	One prefix/root/suffix parse is structurally possible.
བཤངས	བ		ཤ		a	ང	ས	ཤ		fully_resolved	high	One prefix/root/suffix parse is structurally possible.
བཤད	བ		ཤ		a	ད		ཤ		fully_resolved	high	One prefix/root/suffix parse is structurally possible.
བཤན	བ		ཤ		a	ན		ཤ		fully_resolved	high	One prefix/root/suffix parse is structurally possible.
བཤམ	བ		ཤ		a	མ		ཤ		fully_resolved	high	One prefix/root/suffix parse is structurally possible.
བཤམས	བ		ཤ		a	མ	ས	ཤ		fully_resolved	high	One prefix/root/suffix parse is structurally possible.
བཤའ	བ		ཤ		a	འ		ཤ		fully_resolved	high	One prefix/root/suffix parse is structurally possible.
བཤལ	བ		ཤ		a	ལ		ཤ		fully_resolved	high	One prefix/root/suffix parse is structurally possible.
བཤིག	བ		ཤ		i	ག		ཤ		fully_resolved	high	One prefix/root/suffix parse is structurally possible.
བཤུལ	བ		ཤ		u	ལ		ཤ		fully_resolved	high	One prefix/root/suffix parse is structurally possible.
བཤུས	བ		ཤ		u	ས		ཤ		fully_resolved	high	One prefix/root/suffix parse is structurally possible.
བཤེ	བ		ཤ		e			ཤ		fully_resolved	high	One prefix/root/suffix parse is structurally possible.
བཤེར	བ		ཤ		e	ར		ཤ		fully_resolved	high	One prefix/root/suffix parse is structurally possible.
བཤེས	བ		ཤ		e	ས		ཤ		fully_resolved	high	One prefix/root/suffix parse is structurally possible.
བཤོལ	བ		ཤ		o	ལ		ཤ		fully_resolved	high	One prefix/root/suffix parse is structurally possible.
བཤོས	བ		ཤ		o	ས		ཤ		fully_resolved	high	One prefix/root/suffix parse is structurally possible.
བས					a				བ;ས	ambiguous_root	low	Multiple Tibetan-only root parses remain possible.
བསག	བ		ས		a	ག		ས		fully_resolved	high	One prefix/root/suffix parse is structurally possible.
བསགས	བ		ས		a	ག	ས	ས		fully_resolved	high	One prefix/root/suffix parse is structurally possible.
བསང	བ		ས		a	ང		ས		fully_resolved	high	One prefix/root/suffix parse is structurally possible.
བསངས	བ		ས		a	ང	ས	ས		fully_resolved	high	One prefix/root/suffix parse is structurally possible.
བསད					a				བ;ས	ambiguous_root	low	Multiple Tibetan-only root parses remain possible.
བསན	བ		ས		a	ན		ས		fully_resolved	high	One prefix/root/suffix parse is structurally possible.
བསབ	བ		ས		a	བ		ས		fully_resolved	high	One prefix/root/suffix parse is structurally possible.
བསམ	བ		ས		a	མ		ས		fully_resolved	high	One prefix/root/suffix parse is structurally possible.
བསམས	བ		ས		a	མ	ས	ས		fully_resolved	high	One prefix/root/suffix parse is structurally possible.
བསར	བ		ས		a	ར		ས		fully_resolved	high	One prefix/root/suffix parse is structurally possible.
བསརྟར		ར	ཏ		a	ར		རཏ	བ;ས	partially_resolved	medium	Stack resolved; extra consonants remain ambiguous.
བསལ	བ		ས		a	ལ		ས		fully_resolved	high	One prefix/root/suffix parse is structurally possible.
བསས					a				བ;ས	ambiguous_root	low	Multiple Tibetan-only root parses remain possible.
བསིགས	བ		ས		i	ག	ས	ས		fully_resolved	high	One prefix/root/suffix parse is structurally possible.
བསིང	བ		ས		i	ང		ས		fully_resolved	high	One prefix/root/suffix parse is structurally possible.
བསིངས	བ		ས		i	ང	ས	ས		fully_resolved	high	One prefix/root/suffix parse is structurally possible.
བསིལ	བ		ས		i	ལ		ས		fully_resolved	high	One prefix/root/suffix parse is structurally possible.
བསུ					u				བ;ས	ambiguous_root	low	Multiple Tibetan-only root parses remain possible.
བསུང	བ		ས		u	ང		ས		fully_resolved	high	One prefix/root/suffix parse is structurally possible.
བསུངས	བ		ས		u	ང	ས	ས		fully_resolved	high	One prefix/root/suffix parse is structurally possible.
བསུན	བ		ས		u	ན		ས		fully_resolved	high	One prefix/root/suffix parse is structurally possible.
བསུབ	བ		ས		u	བ		ས		fully_resolved	high	One prefix/root/suffix parse is structurally possible.
བསུམ	བ		ས		u	མ		ས		fully_resolved	high	One prefix/root/suffix parse is structurally possible.
བསུས					u				བ;ས	ambiguous_root	low	Multiple Tibetan-only root parses remain possible.
བསེ					e				བ;ས	ambiguous_root	low	Multiple Tibetan-only root parses remain possible.
བསེད					e				བ;ས	ambiguous_root	low	Multiple Tibetan-only root parses remain possible.
བསེར	བ		ས		e	ར		ས		fully_resolved	high	One prefix/root/suffix parse is structurally possible.
བསེལ	བ		ས		e	ལ		ས		fully_resolved	high	One prefix/root/suffix parse is structurally possible.
བསོ					o				བ;ས	ambiguous_root	low	Multiple Tibetan-only root parses remain possible.
བསོད					o				བ;ས	ambiguous_root	low	Multiple Tibetan-only root parses remain possible.
བསོའི										unsupported_orthographic_sign	none	Multiple Tibetan vowel signs are not modelled.
བསོས					o				བ;ས	ambiguous_root	low	Multiple Tibetan-only root parses remain possible.
བསྐ	བ	ས	ཀ		a			སཀ		fully_resolved	high	Unicode stack and trailing suffix roles resolve uniquely.
བསྐང	བ	ས	ཀ		a	ང		སཀ		fully_resolved	high	Unicode stack and trailing suffix roles resolve uniquely.
བསྐངས	བ	ས	ཀ		a	ང	ས	སཀ		fully_resolved	high	Unicode stack and trailing suffix roles resolve uniquely.
བསྐད	བ	ས	ཀ		a	ད		སཀ		fully_resolved	high	Unicode stack and trailing suffix roles resolve uniquely.
བསྐམ	བ	ས	ཀ		a	མ		སཀ		fully_resolved	high	Unicode stack and trailing suffix roles resolve uniquely.
བསྐམས	བ	ས	ཀ		a	མ	ས	སཀ		fully_resolved	high	Unicode stack and trailing suffix roles resolve uniquely.
བསྐར	བ	ས	ཀ		a	ར		སཀ		fully_resolved	high	Unicode stack and trailing suffix roles resolve uniquely.
བསྐལ	བ	ས	ཀ		a	ལ		སཀ		fully_resolved	high	Unicode stack and trailing suffix roles resolve uniquely.
བསྐུ	བ	ས	ཀ		u			སཀ		fully_resolved	high	Unicode stack and trailing suffix roles resolve uniquely.
བསྐུག	བ	ས	ཀ		u	ག		སཀ		fully_resolved	high	Unicode stack and trailing suffix roles resolve uniquely.
བསྐུགས	བ	ས	ཀ		u	ག	ས	སཀ		fully_resolved	high	Unicode stack and trailing suffix roles resolve uniquely.
བསྐུངས	བ	ས	ཀ		u	ང	ས	སཀ		fully_resolved	high	Unicode stack and trailing suffix roles resolve uniquely.
བསྐུམ	བ	ས	ཀ		u	མ		སཀ		fully_resolved	high	Unicode stack and trailing suffix roles resolve uniquely.
བསྐུམས	བ	ས	ཀ		u	མ	ས	སཀ		fully_resolved	high	Unicode stack and trailing suffix roles resolve uniquely.
བསྐུར	བ	ས	ཀ		u	ར		སཀ		fully_resolved	high	Unicode stack and trailing suffix roles resolve uniquely.
བསྐུལ	བ	ས	ཀ		u	ལ		སཀ		fully_resolved	high	Unicode stack and trailing suffix roles resolve uniquely.
བསྐུས	བ	ས	ཀ		u	ས		སཀ		fully_resolved	high	Unicode stack and trailing suffix roles resolve uniquely.
བསྐོ	བ	ས	ཀ		o			སཀ		fully_resolved	high	Unicode stack and trailing suffix roles resolve uniquely.
བསྐོངས	བ	ས	ཀ		o	ང	ས	སཀ		fully_resolved	high	Unicode stack and trailing suffix roles resolve uniquely.
བསྐོད	བ	ས	ཀ		o	ད		སཀ		fully_resolved	high	Unicode stack and trailing suffix roles resolve uniquely.
བསྐོན	བ	ས	ཀ		o	ན		སཀ		fully_resolved	high	Unicode stack and trailing suffix roles resolve uniquely.
བསྐོབ	བ	ས	ཀ		o	བ		སཀ		fully_resolved	high	Unicode stack and trailing suffix roles resolve uniquely.
བསྐོར	བ	ས	ཀ		o	ར		སཀ		fully_resolved	high	Unicode stack and trailing suffix roles resolve uniquely.
བསྐོལ	བ	ས	ཀ		o	ལ		སཀ		fully_resolved	high	Unicode stack and trailing suffix roles resolve uniquely.
བསྐོས	བ	ས	ཀ		o	ས		སཀ		fully_resolved	high	Unicode stack and trailing suffix roles resolve uniquely.
བསྐྱ	བ	ས	ཀ	ཡ	a			སཀཡ		fully_resolved	high	Unicode stack and trailing suffix roles resolve uniquely.
བསྐྱང	བ	ས	ཀ	ཡ	a	ང		སཀཡ		fully_resolved	high	Unicode stack and trailing suffix roles resolve uniquely.
བསྐྱངས	བ	ས	ཀ	ཡ	a	ང	ས	སཀཡ		fully_resolved	high	Unicode stack and trailing suffix roles resolve uniquely.
བསྐྱད	བ	ས	ཀ	ཡ	a	ད		སཀཡ		fully_resolved	high	Unicode stack and trailing suffix roles resolve uniquely.
བསྐྱབ	བ	ས	ཀ	ཡ	a	བ		སཀཡ		fully_resolved	high	Unicode stack and trailing suffix roles resolve uniquely.
བསྐྱབས	བ	ས	ཀ	ཡ	a	བ	ས	སཀཡ		fully_resolved	high	Unicode stack and trailing suffix roles resolve uniquely.
བསྐྱམ	བ	ས	ཀ	ཡ	a	མ		སཀཡ		fully_resolved	high	Unicode stack and trailing suffix roles resolve uniquely.
བསྐྱམས	བ	ས	ཀ	ཡ	a	མ	ས	སཀཡ		fully_resolved	high	Unicode stack and trailing suffix roles resolve uniquely.
བསྐྱར	བ	ས	ཀ	ཡ	a	ར		སཀཡ		fully_resolved	high	Unicode stack and trailing suffix roles resolve uniquely.
བསྐྱལ	བ	ས	ཀ	ཡ	a	ལ		སཀཡ		fully_resolved	high	Unicode stack and trailing suffix roles resolve uniquely.
བསྐྱི	བ	ས	ཀ	ཡ	i			སཀཡ		fully_resolved	high	Unicode stack and trailing suffix roles resolve uniquely.
བསྐྱིག	བ	ས	ཀ	ཡ	i	ག		སཀཡ		fully_resolved	high	Unicode stack and trailing suffix roles resolve uniquely.
བསྐྱིགས	བ	ས	ཀ	ཡ	i	ག	ས	སཀཡ		fully_resolved	high	Unicode stack and trailing suffix roles resolve uniquely.
བསྐྱིན	བ	ས	ཀ	ཡ	i	ན		སཀཡ		fully_resolved	high	Unicode stack and trailing suffix roles resolve uniquely.
བསྐྱིམས	བ	ས	ཀ	ཡ	i	མ	ས	སཀཡ		fully_resolved	high	Unicode stack and trailing suffix roles resolve uniquely.
བསྐྱིལ	བ	ས	ཀ	ཡ	i	ལ		སཀཡ		fully_resolved	high	Unicode stack and trailing suffix roles resolve uniquely.
བསྐྱིས	བ	ས	ཀ	ཡ	i	ས		སཀཡ		fully_resolved	high	Unicode stack and trailing suffix roles resolve uniquely.
བསྐྱུགས	བ	ས	ཀ	ཡ	u	ག	ས	སཀཡ		fully_resolved	high	Unicode stack and trailing suffix roles resolve uniquely.
བསྐྱུངས	བ	ས	ཀ	ཡ	u	ང	ས	སཀཡ		fully_resolved	high	Unicode stack and trailing suffix roles resolve uniquely.
བསྐྱུད	བ	ས	ཀ	ཡ	u	ད		སཀཡ		fully_resolved	high	Unicode stack and trailing suffix roles resolve uniquely.
བསྐྱུར	བ	ས	ཀ	ཡ	u	ར		སཀཡ		fully_resolved	high	Unicode stack and trailing suffix roles resolve uniquely.
བསྐྱེང	བ	ས	ཀ	ཡ	e	ང		སཀཡ		fully_resolved	high	Unicode stack and trailing suffix roles resolve uniquely.
བསྐྱེངས	བ	ས	ཀ	ཡ	e	ང	ས	སཀཡ		fully_resolved	high	Unicode stack and trailing suffix roles resolve uniquely.
བསྐྱེད	བ	ས	ཀ	ཡ	e	ད		སཀཡ		fully_resolved	high	Unicode stack and trailing suffix roles resolve uniquely.
བསྐྱེལ	བ	ས	ཀ	ཡ	e	ལ		སཀཡ		fully_resolved	high	Unicode stack and trailing suffix roles resolve uniquely.
བསྐྱོ	བ	ས	ཀ	ཡ	o			སཀཡ		fully_resolved	high	Unicode stack and trailing suffix roles resolve uniquely.
བསྐྱོགས	བ	ས	ཀ	ཡ	o	ག	ས	སཀཡ		fully_resolved	high	Unicode stack and trailing suffix roles resolve uniquely.
བསྐྱོད	བ	ས	ཀ	ཡ	o	ད		སཀཡ		fully_resolved	high	Unicode stack and trailing suffix roles resolve uniquely.
བསྐྱོན	བ	ས	ཀ	ཡ	o	ན		སཀཡ		fully_resolved	high	Unicode stack and trailing suffix roles resolve uniquely.
བསྐྱོར	བ	ས	ཀ	ཡ	o	ར		སཀཡ		fully_resolved	high	Unicode stack and trailing suffix roles resolve uniquely.
བསྐྱོས	བ	ས	ཀ	ཡ	o	ས		སཀཡ		fully_resolved	high	Unicode stack and trailing suffix roles resolve uniquely.
བསྐྲ	བ	ས	ཀ	ར	a			སཀར		fully_resolved	high	Unicode stack and trailing suffix roles resolve uniquely.
བསྐྲད	བ	ས	ཀ	ར	a	ད		སཀར		fully_resolved	high	Unicode stack and trailing suffix roles resolve uniquely.
བསྐྲན	བ	ས	ཀ	ར	a	ན		སཀར		fully_resolved	high	Unicode stack and trailing suffix roles resolve uniquely.
བསྐྲི	བ	ས	ཀ	ར	i			སཀར		fully_resolved	high	Unicode stack and trailing suffix roles resolve uniquely.
བསྐྲིན	བ	ས	ཀ	ར	i	ན		སཀར		fully_resolved	high	Unicode stack and trailing suffix roles resolve uniquely.
བསྐྲུན	བ	ས	ཀ	ར	u	ན		སཀར		fully_resolved	high	Unicode stack and trailing suffix roles resolve uniquely.
བསྐྲོགས	བ	ས	ཀ	ར	o	ག	ས	སཀར		fully_resolved	high	Unicode stack and trailing suffix roles resolve uniquely.
བསྐྲོད	བ	ས	ཀ	ར	o	ད		སཀར		fully_resolved	high	Unicode stack and trailing suffix roles resolve uniquely.
བསྒགས	བ	ས	ག		a	ག	ས	སག		fully_resolved	high	Unicode stack and trailing suffix roles resolve uniquely.
བསྒང	བ	ས	ག		a	ང		སག		fully_resolved	high	Unicode stack and trailing suffix roles resolve uniquely.
བསྒངས	བ	ས	ག		a	ང	ས	སག		fully_resolved	high	Unicode stack and trailing suffix roles resolve uniquely.
བསྒབ	བ	ས	ག		a	བ		སག		fully_resolved	high	Unicode stack and trailing suffix roles resolve uniquely.
བསྒམས	བ	ས	ག		a	མ	ས	སག		fully_resolved	high	Unicode stack and trailing suffix roles resolve uniquely.
བསྒར	བ	ས	ག		a	ར		སག		fully_resolved	high	Unicode stack and trailing suffix roles resolve uniquely.
བསྒལ	བ	ས	ག		a	ལ		སག		fully_resolved	high	Unicode stack and trailing suffix roles resolve uniquely.
བསྒིན	བ	ས	ག		i	ན		སག		fully_resolved	high	Unicode stack and trailing suffix roles resolve uniquely.
བསྒུགས	བ	ས	ག		u	ག	ས	སག		fully_resolved	high	Unicode stack and trailing suffix roles resolve uniquely.
བསྒུལ	བ	ས	ག		u	ལ		སག		fully_resolved	high	Unicode stack and trailing suffix roles resolve uniquely.
བསྒེད	བ	ས	ག		e	ད		སག		fully_resolved	high	Unicode stack and trailing suffix roles resolve uniquely.
བསྒེས	བ	ས	ག		e	ས		སག		fully_resolved	high	Unicode stack and trailing suffix roles resolve uniquely.
བསྒོ	བ	ས	ག		o			སག		fully_resolved	high	Unicode stack and trailing suffix roles resolve uniquely.
བསྒོང	བ	ས	ག		o	ང		སག		fully_resolved	high	Unicode stack and trailing suffix roles resolve uniquely.
བསྒོན	བ	ས	ག		o	ན		སག		fully_resolved	high	Unicode stack and trailing suffix roles resolve uniquely.
བསྒོམ	བ	ས	ག		o	མ		སག		fully_resolved	high	Unicode stack and trailing suffix roles resolve uniquely.
བསྒོམས	བ	ས	ག		o	མ	ས	སག		fully_resolved	high	Unicode stack and trailing suffix roles resolve uniquely.
བསྒོས	བ	ས	ག		o	ས		སག		fully_resolved	high	Unicode stack and trailing suffix roles resolve uniquely.
བསྒྱར	བ	ས	ག	ཡ	a	ར		སགཡ		fully_resolved	high	Unicode stack and trailing suffix roles resolve uniquely.
བསྒྱིངས	བ	ས	ག	ཡ	i	ང	ས	སགཡ		fully_resolved	high	Unicode stack and trailing suffix roles resolve uniquely.
བསྒྱུངས	བ	ས	ག	ཡ	u	ང	ས	སགཡ		fully_resolved	high	Unicode stack and trailing suffix roles resolve uniquely.
བསྒྱུན	བ	ས	ག	ཡ	u	ན		སགཡ		fully_resolved	high	Unicode stack and trailing suffix roles resolve uniquely.
བསྒྱུབ	བ	ས	ག	ཡ	u	བ		སགཡ		fully_resolved	high	Unicode stack and trailing suffix roles resolve uniquely.
བསྒྱུར	བ	ས	ག	ཡ	u	ར		སགཡ		fully_resolved	high	Unicode stack and trailing suffix roles resolve uniquely.
བསྒྱེལ	བ	ས	ག	ཡ	e	ལ		སགཡ		fully_resolved	high	Unicode stack and trailing suffix roles resolve uniquely.
བསྒྲ	བ	ས	ག	ར	a			སགར		fully_resolved	high	Unicode stack and trailing suffix roles resolve uniquely.
བསྒྲག	བ	ས	ག	ར	a	ག		སགར		fully_resolved	high	Unicode stack and trailing suffix roles resolve uniquely.
བསྒྲགས	བ	ས	ག	ར	a	ག	ས	སགར		fully_resolved	high	Unicode stack and trailing suffix roles resolve uniquely.
བསྒྲངས	བ	ས	ག	ར	a	ང	ས	སགར		fully_resolved	high	Unicode stack and trailing suffix roles resolve uniquely.
བསྒྲད	བ	ས	ག	ར	a	ད		སགར		fully_resolved	high	Unicode stack and trailing suffix roles resolve uniquely.
བསྒྲར	བ	ས	ག	ར	a	ར		སགར		fully_resolved	high	Unicode stack and trailing suffix roles resolve uniquely.
བསྒྲལ	བ	ས	ག	ར	a	ལ		སགར		fully_resolved	high	Unicode stack and trailing suffix roles resolve uniquely.
བསྒྲས	བ	ས	ག	ར	a	ས		སགར		fully_resolved	high	Unicode stack and trailing suffix roles resolve uniquely.
བསྒྲིག	བ	ས	ག	ར	i	ག		སགར		fully_resolved	high	Unicode stack and trailing suffix roles resolve uniquely.
བསྒྲིགས	བ	ས	ག	ར	i	ག	ས	སགར		fully_resolved	high	Unicode stack and trailing suffix roles resolve uniquely.
བསྒྲིན	བ	ས	ག	ར	i	ན		སགར		fully_resolved	high	Unicode stack and trailing suffix roles resolve uniquely.
བསྒྲིམས	བ	ས	ག	ར	i	མ	ས	སགར		fully_resolved	high	Unicode stack and trailing suffix roles resolve uniquely.
བསྒྲིལ	བ	ས	ག	ར	i	ལ		སགར		fully_resolved	high	Unicode stack and trailing suffix roles resolve uniquely.
བསྒྲིས	བ	ས	ག	ར	i	ས		སགར		fully_resolved	high	Unicode stack and trailing suffix roles resolve uniquely.
བསྒྲུགས	བ	ས	ག	ར	u	ག	ས	སགར		fully_resolved	high	Unicode stack and trailing suffix roles resolve uniquely.
བསྒྲུབ	བ	ས	ག	ར	u	བ		སགར		fully_resolved	high	Unicode stack and trailing suffix roles resolve uniquely.
བསྒྲུབས	བ	ས	ག	ར	u	བ	ས	སགར		fully_resolved	high	Unicode stack and trailing suffix roles resolve uniquely.
བསྒྲུལ	བ	ས	ག	ར	u	ལ		སགར		fully_resolved	high	Unicode stack and trailing suffix roles resolve uniquely.
བསྒྲེ	བ	ས	ག	ར	e			སགར		fully_resolved	high	Unicode stack and trailing suffix roles resolve uniquely.
བསྒྲེགས	བ	ས	ག	ར	e	ག	ས	སགར		fully_resolved	high	Unicode stack and trailing suffix roles resolve uniquely.
བསྒྲེངས	བ	ས	ག	ར	e	ང	ས	སགར		fully_resolved	high	Unicode stack and trailing suffix roles resolve uniquely.
བསྒྲེས	བ	ས	ག	ར	e	ས		སགར		fully_resolved	high	Unicode stack and trailing suffix roles resolve uniquely.
བསྔགས	བ	ས	ང		a	ག	ས	སང		fully_resolved	high	Unicode stack and trailing suffix roles resolve uniquely.
བསྔམ	བ	ས	ང		a	མ		སང		fully_resolved	high	Unicode stack and trailing suffix roles resolve uniquely.
བསྔར	བ	ས	ང		a	ར		སང		fully_resolved	high	Unicode stack and trailing suffix roles resolve uniquely.
བསྔལ	བ	ས	ང		a	ལ		སང		fully_resolved	high	Unicode stack and trailing suffix roles resolve uniquely.
བསྔས	བ	ས	ང		a	ས		སང		fully_resolved	high	Unicode stack and trailing suffix roles resolve uniquely.
བསྔུས	བ	ས	ང		u	ས		སང		fully_resolved	high	Unicode stack and trailing suffix roles resolve uniquely.
བསྔོག	བ	ས	ང		o	ག		སང		fully_resolved	high	Unicode stack and trailing suffix roles resolve uniquely.
བསྔོས	བ	ས	ང		o	ས		སང		fully_resolved	high	Unicode stack and trailing suffix roles resolve uniquely.
བསྔྫགས	བ	ས	ང	ཛ	a	ག	ས	སངཛ		fully_resolved	high	Unicode stack and trailing suffix roles resolve uniquely.
བསྙག	བ	ས	ཉ		a	ག		སཉ		fully_resolved	high	Unicode stack and trailing suffix roles resolve uniquely.
བསྙགས	བ	ས	ཉ		a	ག	ས	སཉ		fully_resolved	high	Unicode stack and trailing suffix roles resolve uniquely.
བསྙན	བ	ས	ཉ		a	ན		སཉ		fully_resolved	high	Unicode stack and trailing suffix roles resolve uniquely.
བསྙབ	བ	ས	ཉ		a	བ		སཉ		fully_resolved	high	Unicode stack and trailing suffix roles resolve uniquely.
བསྙམས	བ	ས	ཉ		a	མ	ས	སཉ		fully_resolved	high	Unicode stack and trailing suffix roles resolve uniquely.
བསྙལ	བ	ས	ཉ		a	ལ		སཉ		fully_resolved	high	Unicode stack and trailing suffix roles resolve uniquely.
བསྙིམ	བ	ས	ཉ		i	མ		སཉ		fully_resolved	high	Unicode stack and trailing suffix roles resolve uniquely.
བསྙིམས	བ	ས	ཉ		i	མ	ས	སཉ		fully_resolved	high	Unicode stack and trailing suffix roles resolve uniquely.
བསྙིལ	བ	ས	ཉ		i	ལ		སཉ		fully_resolved	high	Unicode stack and trailing suffix roles resolve uniquely.
བསྙུག	བ	ས	ཉ		u	ག		སཉ		fully_resolved	high	Unicode stack and trailing suffix roles resolve uniquely.
བསྙུགས	བ	ས	ཉ		u	ག	ས	སཉ		fully_resolved	high	Unicode stack and trailing suffix roles resolve uniquely.
བསྙུང	བ	ས	ཉ		u	ང		སཉ		fully_resolved	high	Unicode stack and trailing suffix roles resolve uniquely.
བསྙུངས	བ	ས	ཉ		u	ང	ས	སཉ		fully_resolved	high	Unicode stack and trailing suffix roles resolve uniquely.
བསྙེག	བ	ས	ཉ		e	ག		སཉ		fully_resolved	high	Unicode stack and trailing suffix roles resolve uniquely.
བསྙེགས	བ	ས	ཉ		e	ག	ས	སཉ		fully_resolved	high	Unicode stack and trailing suffix roles resolve uniquely.
བསྙེང	བ	ས	ཉ		e	ང		སཉ		fully_resolved	high	Unicode stack and trailing suffix roles resolve uniquely.
བསྙེངས	བ	ས	ཉ		e	ང	ས	སཉ		fully_resolved	high	Unicode stack and trailing suffix roles resolve uniquely.
བསྙེན	བ	ས	ཉ		e	ན		སཉ		fully_resolved	high	Unicode stack and trailing suffix roles resolve uniquely.
བསྙེམས	བ	ས	ཉ		e	མ	ས	སཉ		fully_resolved	high	Unicode stack and trailing suffix roles resolve uniquely.
བསྙེར	བ	ས	ཉ		e	ར		སཉ		fully_resolved	high	Unicode stack and trailing suffix roles resolve uniquely.
བསྙེལ	བ	ས	ཉ		e	ལ		སཉ		fully_resolved	high	Unicode stack and trailing suffix roles resolve uniquely.
བསྙེས	བ	ས	ཉ		e	ས		སཉ		fully_resolved	high	Unicode stack and trailing suffix roles resolve uniquely.
བསྙོད	བ	ས	ཉ		o	ད		སཉ		fully_resolved	high	Unicode stack and trailing suffix roles resolve uniquely.
བསྙོན	བ	ས	ཉ		o	ན		སཉ		fully_resolved	high	Unicode stack and trailing suffix roles resolve uniquely.
བསྙོབས	བ	ས	ཉ		o	བ	ས	སཉ		fully_resolved	high	Unicode stack and trailing suffix roles resolve uniquely.
བསྙོམ	བ	ས	ཉ		o	མ		སཉ		fully_resolved	high	Unicode stack and trailing suffix roles resolve uniquely.
བསྙོལ	བ	ས	ཉ		o	ལ		སཉ		fully_resolved	high	Unicode stack and trailing suffix roles resolve uniquely.
བསྟགས	བ	ས	ཏ		a	ག	ས	སཏ		fully_resolved	high	Unicode stack and trailing suffix roles resolve uniquely.
བསྟང	བ	ས	ཏ		a	ང		སཏ		fully_resolved	high	Unicode stack and trailing suffix roles resolve uniquely.
བསྟད	བ	ས	ཏ		a	ད		སཏ		fully_resolved	high	Unicode stack and trailing suffix roles resolve uniquely.
བསྟན	བ	ས	ཏ		a	ན		སཏ		fully_resolved	high	Unicode stack and trailing suffix roles resolve uniquely.
བསྟབ	བ	ས	ཏ		a	བ		སཏ		fully_resolved	high	Unicode stack and trailing suffix roles resolve uniquely.
བསྟབས	བ	ས	ཏ		a	བ	ས	སཏ		fully_resolved	high	Unicode stack and trailing suffix roles resolve uniquely.
བསྟམས	བ	ས	ཏ		a	མ	ས	སཏ		fully_resolved	high	Unicode stack and trailing suffix roles resolve uniquely.
བསྟར	བ	ས	ཏ		a	ར		སཏ		fully_resolved	high	Unicode stack and trailing suffix roles resolve uniquely.
བསྟས	བ	ས	ཏ		a	ས		སཏ		fully_resolved	high	Unicode stack and trailing suffix roles resolve uniquely.
བསྟི	བ	ས	ཏ		i			སཏ		fully_resolved	high	Unicode stack and trailing suffix roles resolve uniquely.
བསྟིགས	བ	ས	ཏ		i	ག	ས	སཏ		fully_resolved	high	Unicode stack and trailing suffix roles resolve uniquely.
བསྟིང	བ	ས	ཏ		i	ང		སཏ		fully_resolved	high	Unicode stack and trailing suffix roles resolve uniquely.
བསྟིར	བ	ས	ཏ		i	ར		སཏ		fully_resolved	high	Unicode stack and trailing suffix roles resolve uniquely.
བསྟུགས	བ	ས	ཏ		u	ག	ས	སཏ		fully_resolved	high	Unicode stack and trailing suffix roles resolve uniquely.
བསྟུང	བ	ས	ཏ		u	ང		སཏ		fully_resolved	high	Unicode stack and trailing suffix roles resolve uniquely.
བསྟུངས	བ	ས	ཏ		u	ང	ས	སཏ		fully_resolved	high	Unicode stack and trailing suffix roles resolve uniquely.
བསྟུད	བ	ས	ཏ		u	ད		སཏ		fully_resolved	high	Unicode stack and trailing suffix roles resolve uniquely.
བསྟུན	བ	ས	ཏ		u	ན		སཏ		fully_resolved	high	Unicode stack and trailing suffix roles resolve uniquely.
བསྟུམ	བ	ས	ཏ		u	མ		སཏ		fully_resolved	high	Unicode stack and trailing suffix roles resolve uniquely.
བསྟུམས	བ	ས	ཏ		u	མ	ས	སཏ		fully_resolved	high	Unicode stack and trailing suffix roles resolve uniquely.
བསྟུལ	བ	ས	ཏ		u	ལ		སཏ		fully_resolved	high	Unicode stack and trailing suffix roles resolve uniquely.
བསྟེ	བ	ས	ཏ		e			སཏ		fully_resolved	high	Unicode stack and trailing suffix roles resolve uniquely.
བསྟེངས	བ	ས	ཏ		e	ང	ས	སཏ		fully_resolved	high	Unicode stack and trailing suffix roles resolve uniquely.
བསྟེད	བ	ས	ཏ		e	ད		སཏ		fully_resolved	high	Unicode stack and trailing suffix roles resolve uniquely.
བསྟེན	བ	ས	ཏ		e	ན		སཏ		fully_resolved	high	Unicode stack and trailing suffix roles resolve uniquely.
བསྟེར	བ	ས	ཏ		e	ར		སཏ		fully_resolved	high	Unicode stack and trailing suffix roles resolve uniquely.
བསྟོད	བ	ས	ཏ		o	ད		སཏ		fully_resolved	high	Unicode stack and trailing suffix roles resolve uniquely.
བསྟོན	བ	ས	ཏ		o	ན		སཏ		fully_resolved	high	Unicode stack and trailing suffix roles resolve uniquely.
བསྟོར	བ	ས	ཏ		o	ར		སཏ		fully_resolved	high	Unicode stack and trailing suffix roles resolve uniquely.
བསྟཾད					a					unsupported_orthographic_sign	none	Unsupported transcription-bearing Tibetan signs: U+0F7E
བསྡ	བ	ས	ད		a			སད		fully_resolved	high	Unicode stack and trailing suffix roles resolve uniquely.
བསྡད	བ	ས	ད		a	ད		སད		fully_resolved	high	Unicode stack and trailing suffix roles resolve uniquely.
བསྡམ	བ	ས	ད		a	མ		སད		fully_resolved	high	Unicode stack and trailing suffix roles resolve uniquely.
བསྡམས	བ	ས	ད		a	མ	ས	སད		fully_resolved	high	Unicode stack and trailing suffix roles resolve uniquely.
བསྡས	བ	ས	ད		a	ས		སད		fully_resolved	high	Unicode stack and trailing suffix roles resolve uniquely.
བསྡུ	བ	ས	ད		u			སད		fully_resolved	high	Unicode stack and trailing suffix roles resolve uniquely.
བསྡུད	བ	ས	ད		u	ད		སད		fully_resolved	high	Unicode stack and trailing suffix roles resolve uniquely.
བསྡུམ	བ	ས	ད		u	མ		སད		fully_resolved	high	Unicode stack and trailing suffix roles resolve uniquely.
བསྡུམས	བ	ས	ད		u	མ	ས	སད		fully_resolved	high	Unicode stack and trailing suffix roles resolve uniquely.
བསྡུར	བ	ས	ད		u	ར		སད		fully_resolved	high	Unicode stack and trailing suffix roles resolve uniquely.
བསྡུས	བ	ས	ད		u	ས		སད		fully_resolved	high	Unicode stack and trailing suffix roles resolve uniquely.
བསྡེགས	བ	ས	ད		e	ག	ས	སད		fully_resolved	high	Unicode stack and trailing suffix roles resolve uniquely.
བསྡེབ	བ	ས	ད		e	བ		སད		fully_resolved	high	Unicode stack and trailing suffix roles resolve uniquely.
བསྡེབས	བ	ས	ད		e	བ	ས	སད		fully_resolved	high	Unicode stack and trailing suffix roles resolve uniquely.
བསྡོགས	བ	ས	ད		o	ག	ས	སད		fully_resolved	high	Unicode stack and trailing suffix roles resolve uniquely.
བསྡོང	བ	ས	ད		o	ང		སད		fully_resolved	high	Unicode stack and trailing suffix roles resolve uniquely.
བསྡོངས	བ	ས	ད		o	ང	ས	སད		fully_resolved	high	Unicode stack and trailing suffix roles resolve uniquely.
བསྡོམས	བ	ས	ད		o	མ	ས	སད		fully_resolved	high	Unicode stack and trailing suffix roles resolve uniquely.
བསྡཾག					a					unsupported_orthographic_sign	none	Unsupported transcription-bearing Tibetan signs: U+0F7E
བསྡྔོགས	བ	ས	ད	ང	o	ག	ས	སདང		fully_resolved	high	Unicode stack and trailing suffix roles resolve uniquely.
བསྣངས	བ	ས	ན		a	ང	ས	སན		fully_resolved	high	Unicode stack and trailing suffix roles resolve uniquely.
བསྣད	བ	ས	ན		a	ད		སན		fully_resolved	high	Unicode stack and trailing suffix roles resolve uniquely.
བསྣན	བ	ས	ན		a	ན		སན		fully_resolved	high	Unicode stack and trailing suffix roles resolve uniquely.
བསྣམ	བ	ས	ན		a	མ		སན		fully_resolved	high	Unicode stack and trailing suffix roles resolve uniquely.
བསྣམས	བ	ས	ན		a	མ	ས	སན		fully_resolved	high	Unicode stack and trailing suffix roles resolve uniquely.
བསྣར	བ	ས	ན		a	ར		སན		fully_resolved	high	Unicode stack and trailing suffix roles resolve uniquely.
བསྣུད	བ	ས	ན		u	ད		སན		fully_resolved	high	Unicode stack and trailing suffix roles resolve uniquely.
བསྣུན	བ	ས	ན		u	ན		སན		fully_resolved	high	Unicode stack and trailing suffix roles resolve uniquely.
བསྣུབ	བ	ས	ན		u	བ		སན		fully_resolved	high	Unicode stack and trailing suffix roles resolve uniquely.
བསྣུར	བ	ས	ན		u	ར		སན		fully_resolved	high	Unicode stack and trailing suffix roles resolve uniquely.
བསྣོག	བ	ས	ན		o	ག		སན		fully_resolved	high	Unicode stack and trailing suffix roles resolve uniquely.
བསྣོན	བ	ས	ན		o	ན		སན		fully_resolved	high	Unicode stack and trailing suffix roles resolve uniquely.
བསྣོར	བ	ས	ན		o	ར		སན		fully_resolved	high	Unicode stack and trailing suffix roles resolve uniquely.
བསྣོལ	བ	ས	ན		o	ལ		སན		fully_resolved	high	Unicode stack and trailing suffix roles resolve uniquely.
བསྣོས	བ	ས	ན		o	ས		སན		fully_resolved	high	Unicode stack and trailing suffix roles resolve uniquely.
བསྤྲིན	བ	ས	པ	ར	i	ན		སཔར		fully_resolved	high	Unicode stack and trailing suffix roles resolve uniquely.
བསྩལ	བ	ས	ཙ		a	ལ		སཙ		fully_resolved	high	Unicode stack and trailing suffix roles resolve uniquely.
བསྩིངས	བ	ས	ཙ		i	ང	ས	སཙ		fully_resolved	high	Unicode stack and trailing suffix roles resolve uniquely.
བསྩུང	བ	ས	ཙ		u	ང		སཙ		fully_resolved	high	Unicode stack and trailing suffix roles resolve uniquely.
བསྩོགས	བ	ས	ཙ		o	ག	ས	སཙ		fully_resolved	high	Unicode stack and trailing suffix roles resolve uniquely.
བསྫོངས	བ	ས	ཛ		o	ང	ས	སཛ		fully_resolved	high	Unicode stack and trailing suffix roles resolve uniquely.
བསྲངས	བ		ས	ར	a	ང	ས	སར		fully_resolved	high	Unicode stack and trailing suffix roles resolve uniquely.
བསྲམ	བ		ས	ར	a	མ		སར		fully_resolved	high	Unicode stack and trailing suffix roles resolve uniquely.
བསྲམས	བ		ས	ར	a	མ	ས	སར		fully_resolved	high	Unicode stack and trailing suffix roles resolve uniquely.
བསྲར	བ		ས	ར	a	ར		སར		fully_resolved	high	Unicode stack and trailing suffix roles resolve uniquely.
བསྲལ	བ		ས	ར	a	ལ		སར		fully_resolved	high	Unicode stack and trailing suffix roles resolve uniquely.
བསྲས	བ		ས	ར	a	ས		སར		fully_resolved	high	Unicode stack and trailing suffix roles resolve uniquely.
བསྲི	བ		ས	ར	i			སར		fully_resolved	high	Unicode stack and trailing suffix roles resolve uniquely.
བསྲིང	བ		ས	ར	i	ང		སར		fully_resolved	high	Unicode stack and trailing suffix roles resolve uniquely.
བསྲིངས	བ		ས	ར	i	ང	ས	སར		fully_resolved	high	Unicode stack and trailing suffix roles resolve uniquely.
བསྲིས	བ		ས	ར	i	ས		སར		fully_resolved	high	Unicode stack and trailing suffix roles resolve uniquely.
བསྲུང	བ		ས	ར	u	ང		སར		fully_resolved	high	Unicode stack and trailing suffix roles resolve uniquely.
བསྲུངས	བ		ས	ར	u	ང	ས	སར		fully_resolved	high	Unicode stack and trailing suffix roles resolve uniquely.
བསྲུན	བ		ས	ར	u	ན		སར		fully_resolved	high	Unicode stack and trailing suffix roles resolve uniquely.
བསྲུབས	བ		ས	ར	u	བ	ས	སར		fully_resolved	high	Unicode stack and trailing suffix roles resolve uniquely.
བསྲེབ	བ		ས	ར	e	བ		སར		fully_resolved	high	Unicode stack and trailing suffix roles resolve uniquely.
བསྲེལ	བ		ས	ར	e	ལ		སར		fully_resolved	high	Unicode stack and trailing suffix roles resolve uniquely.
བསྲོར	བ		ས	ར	o	ར		སར		fully_resolved	high	Unicode stack and trailing suffix roles resolve uniquely.
བསླང	བ		ས	ལ	a	ང		སལ		fully_resolved	high	Unicode stack and trailing suffix roles resolve uniquely.
བསླངས	བ		ས	ལ	a	ང	ས	སལ		fully_resolved	high	Unicode stack and trailing suffix roles resolve uniquely.
བསླད	བ		ས	ལ	a	ད		སལ		fully_resolved	high	Unicode stack and trailing suffix roles resolve uniquely.
བསླབས	བ		ས	ལ	a	བ	ས	སལ		fully_resolved	high	Unicode stack and trailing suffix roles resolve uniquely.
བསླལ	བ		ས	ལ	a	ལ		སལ		fully_resolved	high	Unicode stack and trailing suffix roles resolve uniquely.
བསླེས	བ		ས	ལ	e	ས		སལ		fully_resolved	high	Unicode stack and trailing suffix roles resolve uniquely.
བསློག	བ		ས	ལ	o	ག		སལ		fully_resolved	high	Unicode stack and trailing suffix roles resolve uniquely.
བསློགས	བ		ས	ལ	o	ག	ས	སལ		fully_resolved	high	Unicode stack and trailing suffix roles resolve uniquely.
བསློངས	བ		ས	ལ	o	ང	ས	སལ		fully_resolved	high	Unicode stack and trailing suffix roles resolve uniquely.
བསློད	བ		ས	ལ	o	ད		སལ		fully_resolved	high	Unicode stack and trailing suffix roles resolve uniquely.
བསློན	བ		ས	ལ	o	ན		སལ		fully_resolved	high	Unicode stack and trailing suffix roles resolve uniquely.
བསློས	བ		ས	ལ	o	ས		སལ		fully_resolved	high	Unicode stack and trailing suffix roles resolve uniquely.
བསླྲིབས	བ		ས	ལར	i	བ	ས	སལར		fully_resolved	high	Unicode stack and trailing suffix roles resolve uniquely.
བསླྲིལ	བ		ས	ལར	i	ལ		སལར		fully_resolved	high	Unicode stack and trailing suffix roles resolve uniquely.
བཱ					a					unsupported_orthographic_sign	none	Unsupported transcription-bearing Tibetan signs: U+0F71
བི			བ		i			བ		fully_resolved	high	One prefix/root/suffix parse is structurally possible.
བིག					i				བ;ག	ambiguous_root	low	Multiple Tibetan-only root parses remain possible.
བིང					i				བ;ང	ambiguous_root	low	Multiple Tibetan-only root parses remain possible.
བིན					i				བ;ན	ambiguous_root	low	Multiple Tibetan-only root parses remain possible.
བིམ					i				བ;མ	ambiguous_root	low	Multiple Tibetan-only root parses remain possible.
བིའ					i				བ;འ	ambiguous_root	low	Multiple Tibetan-only root parses remain possible.
བིའུ										unsupported_orthographic_sign	none	Multiple Tibetan vowel signs are not modelled.
བིར					i				བ;ར	ambiguous_root	low	Multiple Tibetan-only root parses remain possible.
བིལ					i				བ;ལ	ambiguous_root	low	Multiple Tibetan-only root parses remain possible.
བུ			བ		u			བ		fully_resolved	high	One prefix/root/suffix parse is structurally possible.
བུག					u				བ;ག	ambiguous_root	low	Multiple Tibetan-only root parses remain possible.
བུགས					u				བ;ག	ambiguous_root	low	Multiple Tibetan-only root parses remain possible.
བུང					u				བ;ང	ambiguous_root	low	Multiple Tibetan-only root parses remain possible.
བུངས					u				བ;ང	ambiguous_root	low	Multiple Tibetan-only root parses remain possible.
བུད					u				བ;ད	ambiguous_root	low	Multiple Tibetan-only root parses remain possible.
བུདྡྷ	བ		ད	དཧ	u			དདཧ		fully_resolved	high	Unicode stack and trailing suffix roles resolve uniquely.
བུདྡྷི										unsupported_orthographic_sign	none	Multiple Tibetan vowel signs are not modelled.
བུན					u				བ;ན	ambiguous_root	low	Multiple Tibetan-only root parses remain possible.
བུཔ	བ		པ		u			པ		fully_resolved	high	One prefix/root/suffix parse is structurally possible.
བུབ					u				བ	ambiguous_root	low	Multiple Tibetan-only root parses remain possible.
བུབས					u				བ	ambiguous_root	low	Multiple Tibetan-only root parses remain possible.
བུམ					u				བ;མ	ambiguous_root	low	Multiple Tibetan-only root parses remain possible.
བུམས					u				བ;མ	ambiguous_root	low	Multiple Tibetan-only root parses remain possible.
བུའམ	བ		འ		u	མ		འ		fully_resolved	high	One prefix/root/suffix parse is structurally possible.
བུའི										unsupported_orthographic_sign	none	Multiple Tibetan vowel signs are not modelled.
བུའུ										unsupported_orthographic_sign	none	Multiple Tibetan vowel signs are not modelled.
བུར					u				བ;ར	ambiguous_root	low	Multiple Tibetan-only root parses remain possible.
བུརམཤ					u					unusual_stack	none	Consonant sequence does not match conservative role patterns.
བུལ					u				བ;ལ	ambiguous_root	low	Multiple Tibetan-only root parses remain possible.
བུས					u				བ;ས	ambiguous_root	low	Multiple Tibetan-only root parses remain possible.
བུུ										unsupported_orthographic_sign	none	Multiple Tibetan vowel signs are not modelled.
བུཿ					u					unsupported_orthographic_sign	none	Unsupported transcription-bearing Tibetan signs: U+0F7F
བེ			བ		e			བ		fully_resolved	high	One prefix/root/suffix parse is structurally possible.
བེག					e				བ;ག	ambiguous_root	low	Multiple Tibetan-only root parses remain possible.
བེང					e				བ;ང	ambiguous_root	low	Multiple Tibetan-only root parses remain possible.
བེངས					e				བ;ང	ambiguous_root	low	Multiple Tibetan-only root parses remain possible.
བེད					e				བ;ད	ambiguous_root	low	Multiple Tibetan-only root parses remain possible.
བེན					e				བ;ན	ambiguous_root	low	Multiple Tibetan-only root parses remain possible.
བེབས					e				བ	ambiguous_root	low	Multiple Tibetan-only root parses remain possible.
བེམ					e				བ;མ	ambiguous_root	low	Multiple Tibetan-only root parses remain possible.
བེམས					e				བ;མ	ambiguous_root	low	Multiple Tibetan-only root parses remain possible.
བེའུ										unsupported_orthographic_sign	none	Multiple Tibetan vowel signs are not modelled.
བེའུའི										unsupported_orthographic_sign	none	Multiple Tibetan vowel signs are not modelled.
བེར					e				བ;ར	ambiguous_root	low	Multiple Tibetan-only root parses remain possible.
བེེའུ										unsupported_orthographic_sign	none	Multiple Tibetan vowel signs are not modelled.
བོ			བ		o			བ		fully_resolved	high	One prefix/root/suffix parse is structurally possible.
བོག					o				བ;ག	ambiguous_root	low	Multiple Tibetan-only root parses remain possible.
བོགས					o				བ;ག	ambiguous_root	low	Multiple Tibetan-only root parses remain possible.
བོང					o				བ;ང	ambiguous_root	low	Multiple Tibetan-only root parses remain possible.
བོངས					o				བ;ང	ambiguous_root	low	Multiple Tibetan-only root parses remain possible.
བོད					o				བ;ད	ambiguous_root	low	Multiple Tibetan-only root parses remain possible.
བོན					o				བ;ན	ambiguous_root	low	Multiple Tibetan-only root parses remain possible.
བོནད					o				བ;ན	ambiguous_root	low	Multiple Tibetan-only root parses remain possible.
བོབ					o				བ	ambiguous_root	low	Multiple Tibetan-only root parses remain possible.
བོའི										unsupported_orthographic_sign	none	Multiple Tibetan vowel signs are not modelled.
བོར					o				བ;ར	ambiguous_root	low	Multiple Tibetan-only root parses remain possible.
བོལ					o				བ;ལ	ambiguous_root	low	Multiple Tibetan-only root parses remain possible.
བོས					o				བ;ས	ambiguous_root	low	Multiple Tibetan-only root parses remain possible.
བོཿ					o					unsupported_orthographic_sign	none	Unsupported transcription-bearing Tibetan signs: U+0F7F
བྒ			བ	ག	a			བག		fully_resolved	high	Unicode stack and trailing suffix roles resolve uniquely.
བྒན			བ	ག	a	ན		བག		fully_resolved	high	Unicode stack and trailing suffix roles resolve uniquely.
བྒམལ			བ	ག	a	ལ		བག	མ	partially_resolved	medium	Stack resolved; extra consonants remain ambiguous.
བྒར			བ	ག	a	ར		བག		fully_resolved	high	Unicode stack and trailing suffix roles resolve uniquely.
བྒརལ			བ	ག	a	ལ		བག	ར	partially_resolved	medium	Stack resolved; extra consonants remain ambiguous.
བྒྲ			བ	གར	a			བགར		fully_resolved	high	Unicode stack and trailing suffix roles resolve uniquely.
བྔམམ			བ	ང	a	མ		བང	མ	partially_resolved	medium	Stack resolved; extra consonants remain ambiguous.
བྗེ			བ	ཇ	e			བཇ		fully_resolved	high	Unicode stack and trailing suffix roles resolve uniquely.
བྙསོ			བ	ཉ	o	ས		བཉ		fully_resolved	high	Unicode stack and trailing suffix roles resolve uniquely.
བྟ			བ	ཏ	a			བཏ		fully_resolved	high	Unicode stack and trailing suffix roles resolve uniquely.
བྟཌ			བ	ཏ	a			བཏ	ཌ	partially_resolved	medium	Stack resolved; extra consonants remain ambiguous.
བྟཏ			བ	ཏ	a			བཏ	ཏ	partially_resolved	medium	Stack resolved; extra consonants remain ambiguous.
བྟཏན			བ	ཏ	a	ན		བཏ	ཏ	partially_resolved	medium	Stack resolved; extra consonants remain ambiguous.
བྟཏརལ			བ	ཏ	a	ལ		བཏ	ཏ;ར	partially_resolved	medium	Stack resolved; extra consonants remain ambiguous.
བྟཏྟན			བ	ཏཏ	a	ན		བཏཏ	ཏ	partially_resolved	medium	Stack resolved; extra consonants remain ambiguous.
བྟརན			བ	ཏ	a	ན		བཏ	ར	partially_resolved	medium	Stack resolved; extra consonants remain ambiguous.
བྟརབ			བ	ཏ	a	བ		བཏ	ར	partially_resolved	medium	Stack resolved; extra consonants remain ambiguous.
བྟརས			བ	ཏ	a	ར	ས	བཏ		fully_resolved	high	Unicode stack and trailing suffix roles resolve uniquely.
བྟས			བ	ཏ	a	ས		བཏ		fully_resolved	high	Unicode stack and trailing suffix roles resolve uniquely.
བྟསལ			བ	ཏ	a	ལ		བཏ	ས	partially_resolved	medium	Stack resolved; extra consonants remain ambiguous.
བྟཾཌ					a					unsupported_orthographic_sign	none	Unsupported transcription-bearing Tibetan signs: U+0F7E
བྟྙན			བ	ཏཉ	a	ན		བཏཉ		fully_resolved	high	Unicode stack and trailing suffix roles resolve uniquely.
བྣམས			བ	ན	a	མ	ས	བན		fully_resolved	high	Unicode stack and trailing suffix roles resolve uniquely.
བྦམ			བ	བ	a	མ		བབ		fully_resolved	high	Unicode stack and trailing suffix roles resolve uniquely.
བྩཊེ			བ	ཙ	e			བཙ	ཊ	partially_resolved	medium	Stack resolved; extra consonants remain ambiguous.
བྭ			བ	ཝ	a			བཝ		fully_resolved	high	Unicode stack and trailing suffix roles resolve uniquely.
བྱ			བ	ཡ	a			བཡ		fully_resolved	high	Unicode stack and trailing suffix roles resolve uniquely.
བྱཀཱ					a					unsupported_orthographic_sign	none	Unsupported transcription-bearing Tibetan signs: U+0F71
བྱཀི			བ	ཡ	i			བཡ	ཀ	partially_resolved	medium	Stack resolved; extra consonants remain ambiguous.
བྱཀྱི			བ	ཡཡ	i			བཡཡ	ཀ	partially_resolved	medium	Stack resolved; extra consonants remain ambiguous.
བྱག			བ	ཡ	a	ག		བཡ		fully_resolved	high	Unicode stack and trailing suffix roles resolve uniquely.
བྱགས			བ	ཡ	a	ག	ས	བཡ		fully_resolved	high	Unicode stack and trailing suffix roles resolve uniquely.
བྱགིས			བ	ཡ	i	ག	ས	བཡ		fully_resolved	high	Unicode stack and trailing suffix roles resolve uniquely.
བྱང			བ	ཡ	a	ང		བཡ		fully_resolved	high	Unicode stack and trailing suffix roles resolve uniquely.
བྱངས			བ	ཡ	a	ང	ས	བཡ		fully_resolved	high	Unicode stack and trailing suffix roles resolve uniquely.
བྱཅུ			བ	ཡ	u			བཡ	ཅ	partially_resolved	medium	Stack resolved; extra consonants remain ambiguous.
བྱཅུག			བ	ཡ	u	ག		བཡ	ཅ	partially_resolved	medium	Stack resolved; extra consonants remain ambiguous.
བྱད			བ	ཡ	a	ད		བཡ		fully_resolved	high	Unicode stack and trailing suffix roles resolve uniquely.
བྱན			བ	ཡ	a	ན		བཡ		fully_resolved	high	Unicode stack and trailing suffix roles resolve uniquely.
བྱབ			བ	ཡ	a	བ		བཡ		fully_resolved	high	Unicode stack and trailing suffix roles resolve uniquely.
བྱབས			བ	ཡ	a	བ	ས	བཡ		fully_resolved	high	Unicode stack and trailing suffix roles resolve uniquely.
བྱམ			བ	ཡ	a	མ		བཡ		fully_resolved	high	Unicode stack and trailing suffix roles resolve uniquely.
བྱམས			བ	ཡ	a	མ	ས	བཡ		fully_resolved	high	Unicode stack and trailing suffix roles resolve uniquely.
བྱཟུང			བ	ཡ	u	ང		བཡ	ཟ	partially_resolved	medium	Stack resolved; extra consonants remain ambiguous.
བྱའ			བ	ཡ	a	འ		བཡ		fully_resolved	high	Unicode stack and trailing suffix roles resolve uniquely.
བྱའི			བ	ཡ	i	འ		བཡ		fully_resolved	high	Unicode stack and trailing suffix roles resolve uniquely.
བྱའུ			བ	ཡ	u	འ		བཡ		fully_resolved	high	Unicode stack and trailing suffix roles resolve uniquely.
བྱའེ			བ	ཡ	e	འ		བཡ		fully_resolved	high	Unicode stack and trailing suffix roles resolve uniquely.
བྱའོ			བ	ཡ	o	འ		བཡ		fully_resolved	high	Unicode stack and trailing suffix roles resolve uniquely.
བྱར			བ	ཡ	a	ར		བཡ		fully_resolved	high	Unicode stack and trailing suffix roles resolve uniquely.
བྱརད			བ	ཡ	a	ར	ད	བཡ		fully_resolved	high	Unicode stack and trailing suffix roles resolve uniquely.
བྱརྒད			བ	ཡག	a	ར	ད	བཡག		fully_resolved	high	Unicode stack and trailing suffix roles resolve uniquely.
བྱརྒྱངས			བ	ཡགཡ	a	ང	ས	བཡགཡ	ར	partially_resolved	medium	Stack resolved; extra consonants remain ambiguous.
བྱས			བ	ཡ	a	ས		བཡ		fully_resolved	high	Unicode stack and trailing suffix roles resolve uniquely.
བྱཧ			བ	ཡ	a			བཡ	ཧ	partially_resolved	medium	Stack resolved; extra consonants remain ambiguous.
བྱི			བ	ཡ	i			བཡ		fully_resolved	high	Unicode stack and trailing suffix roles resolve uniquely.
བྱིང			བ	ཡ	i	ང		བཡ		fully_resolved	high	Unicode stack and trailing suffix roles resolve uniquely.
བྱིངས			བ	ཡ	i	ང	ས	བཡ		fully_resolved	high	Unicode stack and trailing suffix roles resolve uniquely.
བྱིད			བ	ཡ	i	ད		བཡ		fully_resolved	high	Unicode stack and trailing suffix roles resolve uniquely.
བྱིདིའི										unsupported_orthographic_sign	none	Multiple Tibetan vowel signs are not modelled.
བྱིན			བ	ཡ	i	ན		བཡ		fully_resolved	high	Unicode stack and trailing suffix roles resolve uniquely.
བྱིབས			བ	ཡ	i	བ	ས	བཡ		fully_resolved	high	Unicode stack and trailing suffix roles resolve uniquely.
བྱིམ			བ	ཡ	i	མ		བཡ		fully_resolved	high	Unicode stack and trailing suffix roles resolve uniquely.
བྱིའུ										unsupported_orthographic_sign	none	Multiple Tibetan vowel signs are not modelled.
བྱིལ			བ	ཡ	i	ལ		བཡ		fully_resolved	high	Unicode stack and trailing suffix roles resolve uniquely.
བྱིས			བ	ཡ	i	ས		བཡ		fully_resolved	high	Unicode stack and trailing suffix roles resolve uniquely.
བྱུ			བ	ཡ	u			བཡ		fully_resolved	high	Unicode stack and trailing suffix roles resolve uniquely.
བྱུག			བ	ཡ	u	ག		བཡ		fully_resolved	high	Unicode stack and trailing suffix roles resolve uniquely.
བྱུགས			བ	ཡ	u	ག	ས	བཡ		fully_resolved	high	Unicode stack and trailing suffix roles resolve uniquely.
བྱུང			བ	ཡ	u	ང		བཡ		fully_resolved	high	Unicode stack and trailing suffix roles resolve uniquely.
བྱུད			བ	ཡ	u	ད		བཡ		fully_resolved	high	Unicode stack and trailing suffix roles resolve uniquely.
བྱུན			བ	ཡ	u	ན		བཡ		fully_resolved	high	Unicode stack and trailing suffix roles resolve uniquely.
བྱུར			བ	ཡ	u	ར		བཡ		fully_resolved	high	Unicode stack and trailing suffix roles resolve uniquely.
བྱུས			བ	ཡ	u	ས		བཡ		fully_resolved	high	Unicode stack and trailing suffix roles resolve uniquely.
བྱུུ										unsupported_orthographic_sign	none	Multiple Tibetan vowel signs are not modelled.
བྱེ			བ	ཡ	e			བཡ		fully_resolved	high	Unicode stack and trailing suffix roles resolve uniquely.
བྱེད			བ	ཡ	e	ད		བཡ		fully_resolved	high	Unicode stack and trailing suffix roles resolve uniquely.
བྱེན			བ	ཡ	e	ན		བཡ		fully_resolved	high	Unicode stack and trailing suffix roles resolve uniquely.
བྱེའུ										unsupported_orthographic_sign	none	Multiple Tibetan vowel signs are not modelled.
བྱེར			བ	ཡ	e	ར		བཡ		fully_resolved	high	Unicode stack and trailing suffix roles resolve uniquely.
བྱེལ			བ	ཡ	e	ལ		བཡ		fully_resolved	high	Unicode stack and trailing suffix roles resolve uniquely.
བྱེས			བ	ཡ	e	ས		བཡ		fully_resolved	high	Unicode stack and trailing suffix roles resolve uniquely.
བྱོ			བ	ཡ	o			བཡ		fully_resolved	high	Unicode stack and trailing suffix roles resolve uniquely.
བྱོག			བ	ཡ	o	ག		བཡ		fully_resolved	high	Unicode stack and trailing suffix roles resolve uniquely.
བྱོན			བ	ཡ	o	ན		བཡ		fully_resolved	high	Unicode stack and trailing suffix roles resolve uniquely.
བྱོནད			བ	ཡ	o	ན	ད	བཡ		fully_resolved	high	Unicode stack and trailing suffix roles resolve uniquely.
བྱོབས			བ	ཡ	o	བ	ས	བཡ		fully_resolved	high	Unicode stack and trailing suffix roles resolve uniquely.
བྱོར			བ	ཡ	o	ར		བཡ		fully_resolved	high	Unicode stack and trailing suffix roles resolve uniquely.
བྱོལ			བ	ཡ	o	ལ		བཡ		fully_resolved	high	Unicode stack and trailing suffix roles resolve uniquely.
བྱྱ			བ	ཡཡ	a			བཡཡ		fully_resolved	high	Unicode stack and trailing suffix roles resolve uniquely.
བྱྱར			བ	ཡཡ	a	ར		བཡཡ		fully_resolved	high	Unicode stack and trailing suffix roles resolve uniquely.
བྱྱེའུ										unsupported_orthographic_sign	none	Multiple Tibetan vowel signs are not modelled.
བྲ			བ	ར	a			བར		fully_resolved	high	Unicode stack and trailing suffix roles resolve uniquely.
བྲག			བ	ར	a	ག		བར		fully_resolved	high	Unicode stack and trailing suffix roles resolve uniquely.
བྲགངས			བ	ར	a	ང	ས	བར	ག	partially_resolved	medium	Stack resolved; extra consonants remain ambiguous.
བྲགཞུན			བ	ར	u	ན		བར	ག;ཞ	partially_resolved	medium	Stack resolved; extra consonants remain ambiguous.
བྲགས			བ	ར	a	ག	ས	བར		fully_resolved	high	Unicode stack and trailing suffix roles resolve uniquely.
བྲགྲང			བ	རར	a	ང		བརར	ག	partially_resolved	medium	Stack resolved; extra consonants remain ambiguous.
བྲང			བ	ར	a	ང		བར		fully_resolved	high	Unicode stack and trailing suffix roles resolve uniquely.
བྲངས			བ	ར	a	ང	ས	བར		fully_resolved	high	Unicode stack and trailing suffix roles resolve uniquely.
བྲཐ			བ	ར	a			བར	ཐ	partially_resolved	medium	Stack resolved; extra consonants remain ambiguous.
བྲད			བ	ར	a	ད		བར		fully_resolved	high	Unicode stack and trailing suffix roles resolve uniquely.
བྲདང			བ	ར	a	ང		བར	ད	partially_resolved	medium	Stack resolved; extra consonants remain ambiguous.
བྲན			བ	ར	a	ན		བར		fully_resolved	high	Unicode stack and trailing suffix roles resolve uniquely.
བྲབ			བ	ར	a	བ		བར		fully_resolved	high	Unicode stack and trailing suffix roles resolve uniquely.
བྲབལ			བ	ར	a	ལ		བར	བ	partially_resolved	medium	Stack resolved; extra consonants remain ambiguous.
བྲབས			བ	ར	a	བ	ས	བར		fully_resolved	high	Unicode stack and trailing suffix roles resolve uniquely.
བྲམ			བ	ར	a	མ		བར		fully_resolved	high	Unicode stack and trailing suffix roles resolve uniquely.
བྲམཊ			བ	ར	a			བར	མ;ཊ	partially_resolved	medium	Stack resolved; extra consonants remain ambiguous.
བྲཟོ			བ	ར	o			བར	ཟ	partially_resolved	medium	Stack resolved; extra consonants remain ambiguous.
བྲཟྲང			བ	རར	a	ང		བརར	ཟ	partially_resolved	medium	Stack resolved; extra consonants remain ambiguous.
བྲའ			བ	ར	a	འ		བར		fully_resolved	high	Unicode stack and trailing suffix roles resolve uniquely.
བྲའོ			བ	ར	o	འ		བར		fully_resolved	high	Unicode stack and trailing suffix roles resolve uniquely.
བྲར			བ	ར	a	ར		བར		fully_resolved	high	Unicode stack and trailing suffix roles resolve uniquely.
བྲལ			བ	ར	a	ལ		བར		fully_resolved	high	Unicode stack and trailing suffix roles resolve uniquely.
བྲས			བ	ར	a	ས		བར		fully_resolved	high	Unicode stack and trailing suffix roles resolve uniquely.
བྲསས			བ	ར	a	ས	ས	བར		fully_resolved	high	Unicode stack and trailing suffix roles resolve uniquely.
བྲི			བ	ར	i			བར		fully_resolved	high	Unicode stack and trailing suffix roles resolve uniquely.
བྲིག			བ	ར	i	ག		བར		fully_resolved	high	Unicode stack and trailing suffix roles resolve uniquely.
བྲིང			བ	ར	i	ང		བར		fully_resolved	high	Unicode stack and trailing suffix roles resolve uniquely.
བྲིད			བ	ར	i	ད		བར		fully_resolved	high	Unicode stack and trailing suffix roles resolve uniquely.
བྲིན			བ	ར	i	ན		བར		fully_resolved	high	Unicode stack and trailing suffix roles resolve uniquely.
བྲིབས			བ	ར	i	བ	ས	བར		fully_resolved	high	Unicode stack and trailing suffix roles resolve uniquely.
བྲིམ			བ	ར	i	མ		བར		fully_resolved	high	Unicode stack and trailing suffix roles resolve uniquely.
བྲིམས			བ	ར	i	མ	ས	བར		fully_resolved	high	Unicode stack and trailing suffix roles resolve uniquely.
བྲིའ			བ	ར	i	འ		བར		fully_resolved	high	Unicode stack and trailing suffix roles resolve uniquely.
བྲིའྱི										unsupported_orthographic_sign	none	Multiple Tibetan vowel signs are not modelled.
བྲིའྲ			བ	རར	i	འ		བརར		fully_resolved	high	Unicode stack and trailing suffix roles resolve uniquely.
བྲིལ			བ	ར	i	ལ		བར		fully_resolved	high	Unicode stack and trailing suffix roles resolve uniquely.
བྲིས			བ	ར	i	ས		བར		fully_resolved	high	Unicode stack and trailing suffix roles resolve uniquely.
བྲུ			བ	ར	u			བར		fully_resolved	high	Unicode stack and trailing suffix roles resolve uniquely.
བྲུག			བ	ར	u	ག		བར		fully_resolved	high	Unicode stack and trailing suffix roles resolve uniquely.
བྲུངས			བ	ར	u	ང	ས	བར		fully_resolved	high	Unicode stack and trailing suffix roles resolve uniquely.
བྲུད			བ	ར	u	ད		བར		fully_resolved	high	Unicode stack and trailing suffix roles resolve uniquely.
བྲུན			བ	ར	u	ན		བར		fully_resolved	high	Unicode stack and trailing suffix roles resolve uniquely.
བྲུབ			བ	ར	u	བ		བར		fully_resolved	high	Unicode stack and trailing suffix roles resolve uniquely.
བྲུབས			བ	ར	u	བ	ས	བར		fully_resolved	high	Unicode stack and trailing suffix roles resolve uniquely.
བྲུམས			བ	ར	u	མ	ས	བར		fully_resolved	high	Unicode stack and trailing suffix roles resolve uniquely.
བྲུལ			བ	ར	u	ལ		བར		fully_resolved	high	Unicode stack and trailing suffix roles resolve uniquely.
བྲུས			བ	ར	u	ས		བར		fully_resolved	high	Unicode stack and trailing suffix roles resolve uniquely.
བྲེ			བ	ར	e			བར		fully_resolved	high	Unicode stack and trailing suffix roles resolve uniquely.
བྲེག			བ	ར	e	ག		བར		fully_resolved	high	Unicode stack and trailing suffix roles resolve uniquely.
བྲེགས			བ	ར	e	ག	ས	བར		fully_resolved	high	Unicode stack and trailing suffix roles resolve uniquely.
བྲེང			བ	ར	e	ང		བར		fully_resolved	high	Unicode stack and trailing suffix roles resolve uniquely.
བྲེངས			བ	ར	e	ང	ས	བར		fully_resolved	high	Unicode stack and trailing suffix roles resolve uniquely.
བྲེད			བ	ར	e	ད		བར		fully_resolved	high	Unicode stack and trailing suffix roles resolve uniquely.
བྲེན			བ	ར	e	ན		བར		fully_resolved	high	Unicode stack and trailing suffix roles resolve uniquely.
བྲེབས			བ	ར	e	བ	ས	བར		fully_resolved	high	Unicode stack and trailing suffix roles resolve uniquely.
བྲེམ			བ	ར	e	མ		བར		fully_resolved	high	Unicode stack and trailing suffix roles resolve uniquely.
བྲེམས			བ	ར	e	མ	ས	བར		fully_resolved	high	Unicode stack and trailing suffix roles resolve uniquely.
བྲེའ			བ	ར	e	འ		བར		fully_resolved	high	Unicode stack and trailing suffix roles resolve uniquely.
བྲེར			བ	ར	e	ར		བར		fully_resolved	high	Unicode stack and trailing suffix roles resolve uniquely.
བྲེརྤ			བ	རཔ	e	ར		བརཔ		fully_resolved	high	Unicode stack and trailing suffix roles resolve uniquely.
བྲེལ			བ	ར	e	ལ		བར		fully_resolved	high	Unicode stack and trailing suffix roles resolve uniquely.
བྲེས			བ	ར	e	ས		བར		fully_resolved	high	Unicode stack and trailing suffix roles resolve uniquely.
བྲོ			བ	ར	o			བར		fully_resolved	high	Unicode stack and trailing suffix roles resolve uniquely.
བྲོག			བ	ར	o	ག		བར		fully_resolved	high	Unicode stack and trailing suffix roles resolve uniquely.
བྲོང			བ	ར	o	ང		བར		fully_resolved	high	Unicode stack and trailing suffix roles resolve uniquely.
བྲོད			བ	ར	o	ད		བར		fully_resolved	high	Unicode stack and trailing suffix roles resolve uniquely.
བྲོན			བ	ར	o	ན		བར		fully_resolved	high	Unicode stack and trailing suffix roles resolve uniquely.
བྲོབ			བ	ར	o	བ		བར		fully_resolved	high	Unicode stack and trailing suffix roles resolve uniquely.
བྲོབས			བ	ར	o	བ	ས	བར		fully_resolved	high	Unicode stack and trailing suffix roles resolve uniquely.
བྲོར			བ	ར	o	ར		བར		fully_resolved	high	Unicode stack and trailing suffix roles resolve uniquely.
བྲོས			བ	ར	o	ས		བར		fully_resolved	high	Unicode stack and trailing suffix roles resolve uniquely.
བྲླ			བ	རལ	a			བརལ		fully_resolved	high	Unicode stack and trailing suffix roles resolve uniquely.
བླ			བ	ལ	a			བལ		fully_resolved	high	Unicode stack and trailing suffix roles resolve uniquely.
བླག			བ	ལ	a	ག		བལ		fully_resolved	high	Unicode stack and trailing suffix roles resolve uniquely.
བླགས			བ	ལ	a	ག	ས	བལ		fully_resolved	high	Unicode stack and trailing suffix roles resolve uniquely.
བླང			བ	ལ	a	ང		བལ		fully_resolved	high	Unicode stack and trailing suffix roles resolve uniquely.
བླངས			བ	ལ	a	ང	ས	བལ		fully_resolved	high	Unicode stack and trailing suffix roles resolve uniquely.
བླཊྣོག			བ	ལན	o	ག		བལན	ཊ	partially_resolved	medium	Stack resolved; extra consonants remain ambiguous.
བླད			བ	ལ	a	ད		བལ		fully_resolved	high	Unicode stack and trailing suffix roles resolve uniquely.
བླན			བ	ལ	a	ན		བལ		fully_resolved	high	Unicode stack and trailing suffix roles resolve uniquely.
བླཟླམ			བ	ལལ	a	མ		བལལ	ཟ	partially_resolved	medium	Stack resolved; extra consonants remain ambiguous.
བླའི			བ	ལ	i	འ		བལ		fully_resolved	high	Unicode stack and trailing suffix roles resolve uniquely.
བླར			བ	ལ	a	ར		བལ		fully_resolved	high	Unicode stack and trailing suffix roles resolve uniquely.
བླརག			བ	ལ	a	ག		བལ	ར	partially_resolved	medium	Stack resolved; extra consonants remain ambiguous.
བླལ			བ	ལ	a	ལ		བལ		fully_resolved	high	Unicode stack and trailing suffix roles resolve uniquely.
བླས			བ	ལ	a	ས		བལ		fully_resolved	high	Unicode stack and trailing suffix roles resolve uniquely.
བླསས			བ	ལ	a	ས	ས	བལ		fully_resolved	high	Unicode stack and trailing suffix roles resolve uniquely.
བླིམ			བ	ལ	i	མ		བལ		fully_resolved	high	Unicode stack and trailing suffix roles resolve uniquely.
བླུ			བ	ལ	u			བལ		fully_resolved	high	Unicode stack and trailing suffix roles resolve uniquely.
བླུག			བ	ལ	u	ག		བལ		fully_resolved	high	Unicode stack and trailing suffix roles resolve uniquely.
བླུགས			བ	ལ	u	ག	ས	བལ		fully_resolved	high	Unicode stack and trailing suffix roles resolve uniquely.
བླུན			བ	ལ	u	ན		བལ		fully_resolved	high	Unicode stack and trailing suffix roles resolve uniquely.
བླེ			བ	ལ	e			བལ		fully_resolved	high	Unicode stack and trailing suffix roles resolve uniquely.
བླེག			བ	ལ	e	ག		བལ		fully_resolved	high	Unicode stack and trailing suffix roles resolve uniquely.
བླེན			བ	ལ	e	ན		བལ		fully_resolved	high	Unicode stack and trailing suffix roles resolve uniquely.
བླེའགྱུ										unsupported_orthographic_sign	none	Multiple Tibetan vowel signs are not modelled.
བློ			བ	ལ	o			བལ		fully_resolved	high	Unicode stack and trailing suffix roles resolve uniquely.
བློག			བ	ལ	o	ག		བལ		fully_resolved	high	Unicode stack and trailing suffix roles resolve uniquely.
བློང			བ	ལ	o	ང		བལ		fully_resolved	high	Unicode stack and trailing suffix roles resolve uniquely.
བློད			བ	ལ	o	ད		བལ		fully_resolved	high	Unicode stack and trailing suffix roles resolve uniquely.
བློན			བ	ལ	o	ན		བལ		fully_resolved	high	Unicode stack and trailing suffix roles resolve uniquely.
བློས			བ	ལ	o	ས		བལ		fully_resolved	high	Unicode stack and trailing suffix roles resolve uniquely.
བློཿ					o					unsupported_orthographic_sign	none	Unsupported transcription-bearing Tibetan signs: U+0F7F
བླྒྲལ			བ	ལགར	a	ལ		བལགར		fully_resolved	high	Unicode stack and trailing suffix roles resolve uniquely.
བླྲ			བ	ལར	a			བལར		fully_resolved	high	Unicode stack and trailing suffix roles resolve uniquely.
བྷ			བ	ཧ	a			བཧ		fully_resolved	high	Unicode stack and trailing suffix roles resolve uniquely.
བྷང			བ	ཧ	a	ང		བཧ		fully_resolved	high	Unicode stack and trailing suffix roles resolve uniquely.
བྷདྲ			བ	ཧར	a	ད		བཧར		fully_resolved	high	Unicode stack and trailing suffix roles resolve uniquely.
བྷདྲཔཱ					a					unsupported_orthographic_sign	none	Unsupported transcription-bearing Tibetan signs: U+0F71
བྷརས			བ	ཧ	a	ར	ས	བཧ		fully_resolved	high	Unicode stack and trailing suffix roles resolve uniquely.
བྷུ			བ	ཧ	u			བཧ		fully_resolved	high	Unicode stack and trailing suffix roles resolve uniquely.
བྷེ			བ	ཧ	e			བཧ		fully_resolved	high	Unicode stack and trailing suffix roles resolve uniquely.
བྷྱ			བ	ཧཡ	a			བཧཡ		fully_resolved	high	Unicode stack and trailing suffix roles resolve uniquely.
མ			མ		a			མ		fully_resolved	high	One prefix/root/suffix parse is structurally possible.
མཀ	མ		ཀ		a			ཀ		fully_resolved	high	One prefix/root/suffix parse is structurally possible.
མཀར	མ		ཀ		a	ར		ཀ		fully_resolved	high	One prefix/root/suffix parse is structurally possible.
མཁ	མ		ཁ		a			ཁ		fully_resolved	high	One prefix/root/suffix parse is structurally possible.
མཁཀལ					a					unusual_stack	none	Consonant sequence does not match conservative role patterns.
མཁཁའ					a					unusual_stack	none	Consonant sequence does not match conservative role patterns.
མཁགས	མ		ཁ		a	ག	ས	ཁ		fully_resolved	high	One prefix/root/suffix parse is structurally possible.
མཁང	མ		ཁ		a	ང		ཁ		fully_resolved	high	One prefix/root/suffix parse is structurally possible.
མཁཆ					a					unusual_stack	none	Consonant sequence does not match conservative role patterns.
མཁཊ					a					unusual_stack	none	Consonant sequence does not match conservative role patterns.
མཁན	མ		ཁ		a	ན		ཁ		fully_resolved	high	One prefix/root/suffix parse is structurally possible.
མཁབས	མ		ཁ		a	བ	ས	ཁ		fully_resolved	high	One prefix/root/suffix parse is structurally possible.
མཁབི	མ		ཁ		i	བ		ཁ		fully_resolved	high	One prefix/root/suffix parse is structurally possible.
མཁའ	མ		ཁ		a	འ		ཁ		fully_resolved	high	One prefix/root/suffix parse is structurally possible.
མཁའང					a					unusual_stack	none	Consonant sequence does not match conservative role patterns.
མཁའི	མ		ཁ		i	འ		ཁ		fully_resolved	high	One prefix/root/suffix parse is structurally possible.
མཁའེ	མ		ཁ		e	འ		ཁ		fully_resolved	high	One prefix/root/suffix parse is structurally possible.
མཁར	མ		ཁ		a	ར		ཁ		fully_resolved	high	One prefix/root/suffix parse is structurally possible.
མཁལ	མ		ཁ		a	ལ		ཁ		fully_resolved	high	One prefix/root/suffix parse is structurally possible.
མཁས	མ		ཁ		a	ས		ཁ		fully_resolved	high	One prefix/root/suffix parse is structurally possible.
མཁསས	མ		ཁ		a	ས	ས	ཁ		fully_resolved	high	One prefix/root/suffix parse is structurally possible.
མཁུ	མ		ཁ		u			ཁ		fully_resolved	high	One prefix/root/suffix parse is structurally possible.
མཁུན	མ		ཁ		u	ན		ཁ		fully_resolved	high	One prefix/root/suffix parse is structurally possible.
མཁོ	མ		ཁ		o			ཁ		fully_resolved	high	One prefix/root/suffix parse is structurally possible.
མཁོང	མ		ཁ		o	ང		ཁ		fully_resolved	high	One prefix/root/suffix parse is structurally possible.
མཁོངས	མ		ཁ		o	ང	ས	ཁ		fully_resolved	high	One prefix/root/suffix parse is structurally possible.
མཁོན	མ		ཁ		o	ན		ཁ		fully_resolved	high	One prefix/root/suffix parse is structurally possible.
མཁོབ	མ		ཁ		o	བ		ཁ		fully_resolved	high	One prefix/root/suffix parse is structurally possible.
མཁོས	མ		ཁ		o	ས		ཁ		fully_resolved	high	One prefix/root/suffix parse is structurally possible.
མཁྱད	མ		ཁ	ཡ	a	ད		ཁཡ		fully_resolved	high	Unicode stack and trailing suffix roles resolve uniquely.
མཁྱིད	མ		ཁ	ཡ	i	ད		ཁཡ		fully_resolved	high	Unicode stack and trailing suffix roles resolve uniquely.
མཁྱུད	མ		ཁ	ཡ	u	ད		ཁཡ		fully_resolved	high	Unicode stack and trailing suffix roles resolve uniquely.
མཁྱེ	མ		ཁ	ཡ	e			ཁཡ		fully_resolved	high	Unicode stack and trailing suffix roles resolve uniquely.
མཁྱེན	མ		ཁ	ཡ	e	ན		ཁཡ		fully_resolved	high	Unicode stack and trailing suffix roles resolve uniquely.
མཁྲིགས	མ		ཁ	ར	i	ག	ས	ཁར		fully_resolved	high	Unicode stack and trailing suffix roles resolve uniquely.
མཁྲིས	མ		ཁ	ར	i	ས		ཁར		fully_resolved	high	Unicode stack and trailing suffix roles resolve uniquely.
མཁྲེགས	མ		ཁ	ར	e	ག	ས	ཁར		fully_resolved	high	Unicode stack and trailing suffix roles resolve uniquely.
མག					a				མ;ག	ambiguous_root	low	Multiple Tibetan-only root parses remain possible.
མགན	མ		ག		a	ན		ག		fully_resolved	high	One prefix/root/suffix parse is structurally possible.
མགའ	མ		ག		a	འ		ག		fully_resolved	high	One prefix/root/suffix parse is structurally possible.
མགའལ					a					unusual_stack	none	Consonant sequence does not match conservative role patterns.
མགར	མ		ག		a	ར		ག		fully_resolved	high	One prefix/root/suffix parse is structurally possible.
མགལ	མ		ག		a	ལ		ག		fully_resolved	high	One prefix/root/suffix parse is structurally possible.
མགིན	མ		ག		i	ན		ག		fully_resolved	high	One prefix/root/suffix parse is structurally possible.
མགུ					u				མ;ག	ambiguous_root	low	Multiple Tibetan-only root parses remain possible.
མགུར	མ		ག		u	ར		ག		fully_resolved	high	One prefix/root/suffix parse is structurally possible.
མགུལ	མ		ག		u	ལ		ག		fully_resolved	high	One prefix/root/suffix parse is structurally possible.
མགོ					o				མ;ག	ambiguous_root	low	Multiple Tibetan-only root parses remain possible.
མགོན	མ		ག		o	ན		ག		fully_resolved	high	One prefix/root/suffix parse is structurally possible.
མགོའི										unsupported_orthographic_sign	none	Multiple Tibetan vowel signs are not modelled.
མགོས					o				མ;ག	ambiguous_root	low	Multiple Tibetan-only root parses remain possible.
མགཾ					a					unsupported_orthographic_sign	none	Unsupported transcription-bearing Tibetan signs: U+0F7E
མགྱོགས	མ		ག	ཡ	o	ག	ས	གཡ		fully_resolved	high	Unicode stack and trailing suffix roles resolve uniquely.
མགྱོའུ										unsupported_orthographic_sign	none	Multiple Tibetan vowel signs are not modelled.
མགྲན	མ		ག	ར	a	ན		གར		fully_resolved	high	Unicode stack and trailing suffix roles resolve uniquely.
མགྲར	མ		ག	ར	a	ར		གར		fully_resolved	high	Unicode stack and trailing suffix roles resolve uniquely.
མགྲི	མ		ག	ར	i			གར		fully_resolved	high	Unicode stack and trailing suffix roles resolve uniquely.
མགྲིན	མ		ག	ར	i	ན		གར		fully_resolved	high	Unicode stack and trailing suffix roles resolve uniquely.
མགྲེན	མ		ག	ར	e	ན		གར		fully_resolved	high	Unicode stack and trailing suffix roles resolve uniquely.
མགྲོ	མ		ག	ར	o			གར		fully_resolved	high	Unicode stack and trailing suffix roles resolve uniquely.
མགྲོན	མ		ག	ར	o	ན		གར		fully_resolved	high	Unicode stack and trailing suffix roles resolve uniquely.
མང					a				མ;ང	ambiguous_root	low	Multiple Tibetan-only root parses remain possible.
མངག	མ		ང		a	ག		ང		fully_resolved	high	One prefix/root/suffix parse is structurally possible.
མངགས	མ		ང		a	ག	ས	ང		fully_resolved	high	One prefix/root/suffix parse is structurally possible.
མངང	མ		ང		a	ང		ང		fully_resolved	high	One prefix/root/suffix parse is structurally possible.
མངན	མ		ང		a	ན		ང		fully_resolved	high	One prefix/root/suffix parse is structurally possible.
མངའ	མ		ང		a	འ		ང		fully_resolved	high	One prefix/root/suffix parse is structurally possible.
མངར	མ		ང		a	ར		ང		fully_resolved	high	One prefix/root/suffix parse is structurally possible.
མངལ	མ		ང		a	ལ		ང		fully_resolved	high	One prefix/root/suffix parse is structurally possible.
མངས					a				མ;ང	ambiguous_root	low	Multiple Tibetan-only root parses remain possible.
མངོ					o				མ;ང	ambiguous_root	low	Multiple Tibetan-only root parses remain possible.
མངོངས	མ		ང		o	ང	ས	ང		fully_resolved	high	One prefix/root/suffix parse is structurally possible.
མངོན	མ		ང		o	ན		ང		fully_resolved	high	One prefix/root/suffix parse is structurally possible.
མཆ	མ		ཆ		a			ཆ		fully_resolved	high	One prefix/root/suffix parse is structurally possible.
མཆག	མ		ཆ		a	ག		ཆ		fully_resolved	high	One prefix/root/suffix parse is structurally possible.
མཆད	མ		ཆ		a	ད		ཆ		fully_resolved	high	One prefix/root/suffix parse is structurally possible.
མཆན	མ		ཆ		a	ན		ཆ		fully_resolved	high	One prefix/root/suffix parse is structurally possible.
མཆམས	མ		ཆ		a	མ	ས	ཆ		fully_resolved	high	One prefix/root/suffix parse is structurally possible.
མཆཚན					a					unusual_stack	none	Consonant sequence does not match conservative role patterns.
མཆལ	མ		ཆ		a	ལ		ཆ		fully_resolved	high	One prefix/root/suffix parse is structurally possible.
མཆཱ					a					unsupported_orthographic_sign	none	Unsupported transcription-bearing Tibetan signs: U+0F71
མཆི	མ		ཆ		i			ཆ		fully_resolved	high	One prefix/root/suffix parse is structurally possible.
མཆིག	མ		ཆ		i	ག		ཆ		fully_resolved	high	One prefix/root/suffix parse is structurally possible.
མཆིང	མ		ཆ		i	ང		ཆ		fully_resolved	high	One prefix/root/suffix parse is structurally possible.
མཆིད	མ		ཆ		i	ད		ཆ		fully_resolved	high	One prefix/root/suffix parse is structurally possible.
མཆིན	མ		ཆ		i	ན		ཆ		fully_resolved	high	One prefix/root/suffix parse is structurally possible.
མཆིལ	མ		ཆ		i	ལ		ཆ		fully_resolved	high	One prefix/root/suffix parse is structurally possible.
མཆིས	མ		ཆ		i	ས		ཆ		fully_resolved	high	One prefix/root/suffix parse is structurally possible.
མཆུ	མ		ཆ		u			ཆ		fully_resolved	high	One prefix/root/suffix parse is structurally possible.
མཆུངས	མ		ཆ		u	ང	ས	ཆ		fully_resolved	high	One prefix/root/suffix parse is structurally possible.
མཆུམ	མ		ཆ		u	མ		ཆ		fully_resolved	high	One prefix/root/suffix parse is structurally possible.
མཆེ	མ		ཆ		e			ཆ		fully_resolved	high	One prefix/root/suffix parse is structurally possible.
མཆེད	མ		ཆ		e	ད		ཆ		fully_resolved	high	One prefix/root/suffix parse is structurally possible.
མཆེལ	མ		ཆ		e	ལ		ཆ		fully_resolved	high	One prefix/root/suffix parse is structurally possible.
མཆེས	མ		ཆ		e	ས		ཆ		fully_resolved	high	One prefix/root/suffix parse is structurally possible.
མཆོ	མ		ཆ		o			ཆ		fully_resolved	high	One prefix/root/suffix parse is structurally possible.
མཆོག	མ		ཆ		o	ག		ཆ		fully_resolved	high	One prefix/root/suffix parse is structurally possible.
མཆོང	མ		ཆ		o	ང		ཆ		fully_resolved	high	One prefix/root/suffix parse is structurally possible.
མཆོངས	མ		ཆ		o	ང	ས	ཆ		fully_resolved	high	One prefix/root/suffix parse is structurally possible.
མཆོད	མ		ཆ		o	ད		ཆ		fully_resolved	high	One prefix/root/suffix parse is structurally possible.
མཆོན	མ		ཆ		o	ན		ཆ		fully_resolved	high	One prefix/root/suffix parse is structurally possible.
མཆོར	མ		ཆ		o	ར		ཆ		fully_resolved	high	One prefix/root/suffix parse is structurally possible.
མཆོཿ					o					unsupported_orthographic_sign	none	Unsupported transcription-bearing Tibetan signs: U+0F7F
མཆྦལ	མ		ཆ	བ	a	ལ		ཆབ		fully_resolved	high	Unicode stack and trailing suffix roles resolve uniquely.
མཇང	མ		ཇ		a	ང		ཇ		fully_resolved	high	One prefix/root/suffix parse is structurally possible.
མཇད	མ		ཇ		a	ད		ཇ		fully_resolved	high	One prefix/root/suffix parse is structurally possible.
མཇའ	མ		ཇ		a	འ		ཇ		fully_resolved	high	One prefix/root/suffix parse is structurally possible.
མཇལ	མ		ཇ		a	ལ		ཇ		fully_resolved	high	One prefix/root/suffix parse is structurally possible.
མཇིང	མ		ཇ		i	ང		ཇ		fully_resolved	high	One prefix/root/suffix parse is structurally possible.
མཇུག	མ		ཇ		u	ག		ཇ		fully_resolved	high	One prefix/root/suffix parse is structurally possible.
མཇུད	མ		ཇ		u	ད		ཇ		fully_resolved	high	One prefix/root/suffix parse is structurally possible.
མཇེད	མ		ཇ		e	ད		ཇ		fully_resolved	high	One prefix/root/suffix parse is structurally possible.
མཇེས	མ		ཇ		e	ས		ཇ		fully_resolved	high	One prefix/root/suffix parse is structurally possible.
མཇྟལ	མ		ཇ	ཏ	a	ལ		ཇཏ		fully_resolved	high	Unicode stack and trailing suffix roles resolve uniquely.
མཉ	མ		ཉ		a			ཉ		fully_resolved	high	One prefix/root/suffix parse is structurally possible.
མཉན	མ		ཉ		a	ན		ཉ		fully_resolved	high	One prefix/root/suffix parse is structurally possible.
མཉམ	མ		ཉ		a	མ		ཉ		fully_resolved	high	One prefix/root/suffix parse is structurally possible.
མཉས	མ		ཉ		a	ས		ཉ		fully_resolved	high	One prefix/root/suffix parse is structurally possible.
མཉེ	མ		ཉ		e			ཉ		fully_resolved	high	One prefix/root/suffix parse is structurally possible.
མཉེན	མ		ཉ		e	ན		ཉ		fully_resolved	high	One prefix/root/suffix parse is structurally possible.
མཉེལ	མ		ཉ		e	ལ		ཉ		fully_resolved	high	One prefix/root/suffix parse is structurally possible.
མཉེས	མ		ཉ		e	ས		ཉ		fully_resolved	high	One prefix/root/suffix parse is structurally possible.
མཏག	མ		ཏ		a	ག		ཏ		fully_resolved	high	One prefix/root/suffix parse is structurally possible.
མཏོག	མ		ཏ		o	ག		ཏ		fully_resolved	high	One prefix/root/suffix parse is structurally possible.
མཏྱེན	མ		ཏ	ཡ	e	ན		ཏཡ		fully_resolved	high	Unicode stack and trailing suffix roles resolve uniquely.
མཐང	མ		ཐ		a	ང		ཐ		fully_resolved	high	One prefix/root/suffix parse is structurally possible.
མཐན	མ		ཐ		a	ན		ཐ		fully_resolved	high	One prefix/root/suffix parse is structurally possible.
མཐའ	མ		ཐ		a	འ		ཐ		fully_resolved	high	One prefix/root/suffix parse is structurally possible.
མཐའལ					a					unusual_stack	none	Consonant sequence does not match conservative role patterns.
མཐའི	མ		ཐ		i	འ		ཐ		fully_resolved	high	One prefix/root/suffix parse is structurally possible.
མཐའྲ			འ	ར	a			འར	མ;ཐ	partially_resolved	medium	Stack resolved; extra consonants remain ambiguous.
མཐར	མ		ཐ		a	ར		ཐ		fully_resolved	high	One prefix/root/suffix parse is structurally possible.
མཐས	མ		ཐ		a	ས		ཐ		fully_resolved	high	One prefix/root/suffix parse is structurally possible.
མཐིང	མ		ཐ		i	ང		ཐ		fully_resolved	high	One prefix/root/suffix parse is structurally possible.
མཐིལ	མ		ཐ		i	ལ		ཐ		fully_resolved	high	One prefix/root/suffix parse is structurally possible.
མཐུ	མ		ཐ		u			ཐ		fully_resolved	high	One prefix/root/suffix parse is structurally possible.
མཐུག	མ		ཐ		u	ག		ཐ		fully_resolved	high	One prefix/root/suffix parse is structurally possible.
མཐུད	མ		ཐ		u	ད		ཐ		fully_resolved	high	One prefix/root/suffix parse is structurally possible.
མཐུན	མ		ཐ		u	ན		ཐ		fully_resolved	high	One prefix/root/suffix parse is structurally possible.
མཐུའི										unsupported_orthographic_sign	none	Multiple Tibetan vowel signs are not modelled.
མཐུར	མ		ཐ		u	ར		ཐ		fully_resolved	high	One prefix/root/suffix parse is structurally possible.
མཐེ	མ		ཐ		e			ཐ		fully_resolved	high	One prefix/root/suffix parse is structurally possible.
མཐེབ	མ		ཐ		e	བ		ཐ		fully_resolved	high	One prefix/root/suffix parse is structurally possible.
མཐེའུ										unsupported_orthographic_sign	none	Multiple Tibetan vowel signs are not modelled.
མཐོ	མ		ཐ		o			ཐ		fully_resolved	high	One prefix/root/suffix parse is structurally possible.
མཐོང	མ		ཐ		o	ང		ཐ		fully_resolved	high	One prefix/root/suffix parse is structurally possible.
མཐོངས	མ		ཐ		o	ང	ས	ཐ		fully_resolved	high	One prefix/root/suffix parse is structurally possible.
མཐོན	མ		ཐ		o	ན		ཐ		fully_resolved	high	One prefix/root/suffix parse is structurally possible.
མཐོའི										unsupported_orthographic_sign	none	Multiple Tibetan vowel signs are not modelled.
མཐོར	མ		ཐ		o	ར		ཐ		fully_resolved	high	One prefix/root/suffix parse is structurally possible.
མཐོས	མ		ཐ		o	ས		ཐ		fully_resolved	high	One prefix/root/suffix parse is structurally possible.
མཐྲའུ	མ		ཐ	ར	u	འ		ཐར		fully_resolved	high	Unicode stack and trailing suffix roles resolve uniquely.
མཐྲེབ	མ		ཐ	ར	e	བ		ཐར		fully_resolved	high	Unicode stack and trailing suffix roles resolve uniquely.
མཐྲོངས	མ		ཐ	ར	o	ང	ས	ཐར		fully_resolved	high	Unicode stack and trailing suffix roles resolve uniquely.
མད					a				མ;ད	ambiguous_root	low	Multiple Tibetan-only root parses remain possible.
མདག	མ		ད		a	ག		ད		fully_resolved	high	One prefix/root/suffix parse is structurally possible.
མདང	མ		ད		a	ང		ད		fully_resolved	high	One prefix/root/suffix parse is structurally possible.
མདངས	མ		ད		a	ང	ས	ད		fully_resolved	high	One prefix/root/suffix parse is structurally possible.
མདངོ	མ		ད		o	ང		ད		fully_resolved	high	One prefix/root/suffix parse is structurally possible.
མདད					a				མ;ད	ambiguous_root	low	Multiple Tibetan-only root parses remain possible.
མདན	མ		ད		a	ན		ད		fully_resolved	high	One prefix/root/suffix parse is structurally possible.
མདབ	མ		ད		a	བ		ད		fully_resolved	high	One prefix/root/suffix parse is structurally possible.
མདའ	མ		ད		a	འ		ད		fully_resolved	high	One prefix/root/suffix parse is structurally possible.
མདའུ	མ		ད		u	འ		ད		fully_resolved	high	One prefix/root/suffix parse is structurally possible.
མདར	མ		ད		a	ར		ད		fully_resolved	high	One prefix/root/suffix parse is structurally possible.
མདས					a				མ;ད	ambiguous_root	low	Multiple Tibetan-only root parses remain possible.
མདུང	མ		ད		u	ང		ད		fully_resolved	high	One prefix/root/suffix parse is structurally possible.
མདུད					u				མ;ད	ambiguous_root	low	Multiple Tibetan-only root parses remain possible.
མདུན	མ		ད		u	ན		ད		fully_resolved	high	One prefix/root/suffix parse is structurally possible.
མདེའུ										unsupported_orthographic_sign	none	Multiple Tibetan vowel signs are not modelled.
མདེལ	མ		ད		e	ལ		ད		fully_resolved	high	One prefix/root/suffix parse is structurally possible.
མདོ					o				མ;ད	ambiguous_root	low	Multiple Tibetan-only root parses remain possible.
མདོག	མ		ད		o	ག		ད		fully_resolved	high	One prefix/root/suffix parse is structurally possible.
མདོང	མ		ད		o	ང		ད		fully_resolved	high	One prefix/root/suffix parse is structurally possible.
མདོངས	མ		ད		o	ང	ས	ད		fully_resolved	high	One prefix/root/suffix parse is structurally possible.
མདོམས	མ		ད		o	མ	ས	ད		fully_resolved	high	One prefix/root/suffix parse is structurally possible.
མདོའི										unsupported_orthographic_sign	none	Multiple Tibetan vowel signs are not modelled.
མདོར	མ		ད		o	ར		ད		fully_resolved	high	One prefix/root/suffix parse is structurally possible.
མདོས					o				མ;ད	ambiguous_root	low	Multiple Tibetan-only root parses remain possible.
མདོཿ					o					unsupported_orthographic_sign	none	Unsupported transcription-bearing Tibetan signs: U+0F7F
མདྲེ	མ		ད	ར	e			དར		fully_resolved	high	Unicode stack and trailing suffix roles resolve uniquely.
མན					a				མ;ན	ambiguous_root	low	Multiple Tibetan-only root parses remain possible.
མནག	མ		ན		a	ག		ན		fully_resolved	high	One prefix/root/suffix parse is structurally possible.
མནགས	མ		ན		a	ག	ས	ན		fully_resolved	high	One prefix/root/suffix parse is structurally possible.
མནང	མ		ན		a	ང		ན		fully_resolved	high	One prefix/root/suffix parse is structurally possible.
མནངས	མ		ན		a	ང	ས	ན		fully_resolved	high	One prefix/root/suffix parse is structurally possible.
མནན	མ		ན		a	ན		ན		fully_resolved	high	One prefix/root/suffix parse is structurally possible.
མནབ	མ		ན		a	བ		ན		fully_resolved	high	One prefix/root/suffix parse is structurally possible.
མནབས	མ		ན		a	བ	ས	ན		fully_resolved	high	One prefix/root/suffix parse is structurally possible.
མནམ	མ		ན		a	མ		ན		fully_resolved	high	One prefix/root/suffix parse is structurally possible.
མནམས	མ		ན		a	མ	ས	ན		fully_resolved	high	One prefix/root/suffix parse is structurally possible.
མནའ	མ		ན		a	འ		ན		fully_resolved	high	One prefix/root/suffix parse is structurally possible.
མནར	མ		ན		a	ར		ན		fully_resolved	high	One prefix/root/suffix parse is structurally possible.
མནལ	མ		ན		a	ལ		ན		fully_resolved	high	One prefix/root/suffix parse is structurally possible.
མནས					a				མ;ན	ambiguous_root	low	Multiple Tibetan-only root parses remain possible.
མནུན	མ		ན		u	ན		ན		fully_resolved	high	One prefix/root/suffix parse is structurally possible.
མནེར	མ		ན		e	ར		ན		fully_resolved	high	One prefix/root/suffix parse is structurally possible.
མནོ					o				མ;ན	ambiguous_root	low	Multiple Tibetan-only root parses remain possible.
མནོག	མ		ན		o	ག		ན		fully_resolved	high	One prefix/root/suffix parse is structurally possible.
མནོད					o				མ;ན	ambiguous_root	low	Multiple Tibetan-only root parses remain possible.
མནོལ	མ		ན		o	ལ		ན		fully_resolved	high	One prefix/root/suffix parse is structurally possible.
མནོས					o				མ;ན	ambiguous_root	low	Multiple Tibetan-only root parses remain possible.
མནྡཱ					a					unsupported_orthographic_sign	none	Unsupported transcription-bearing Tibetan signs: U+0F71
མནྡྷ	མ		ན	དཧ	a			ནདཧ		fully_resolved	high	Unicode stack and trailing suffix roles resolve uniquely.
མབ					a				མ;བ	ambiguous_root	low	Multiple Tibetan-only root parses remain possible.
མབའ	མ		བ		a	འ		བ		fully_resolved	high	One prefix/root/suffix parse is structurally possible.
མབར	མ		བ		a	ར		བ		fully_resolved	high	One prefix/root/suffix parse is structurally possible.
མབྲིས	མ		བ	ར	i	ས		བར		fully_resolved	high	Unicode stack and trailing suffix roles resolve uniquely.
མབྲེབ	མ		བ	ར	e	བ		བར		fully_resolved	high	Unicode stack and trailing suffix roles resolve uniquely.
མབྲོད	མ		བ	ར	o	ད		བར		fully_resolved	high	Unicode stack and trailing suffix roles resolve uniquely.
མམ					a				མ	ambiguous_root	low	Multiple Tibetan-only root parses remain possible.
མམཀེ					e					unusual_stack	none	Consonant sequence does not match conservative role patterns.
མཚ	མ		ཚ		a			ཚ		fully_resolved	high	One prefix/root/suffix parse is structurally possible.
མཚང	མ		ཚ		a	ང		ཚ		fully_resolved	high	One prefix/root/suffix parse is structurally possible.
མཚན	མ		ཚ		a	ན		ཚ		fully_resolved	high	One prefix/root/suffix parse is structurally possible.
མཚམས	མ		ཚ		a	མ	ས	ཚ		fully_resolved	high	One prefix/root/suffix parse is structurally possible.
མཚའ	མ		ཚ		a	འ		ཚ		fully_resolved	high	One prefix/root/suffix parse is structurally possible.
མཚར	མ		ཚ		a	ར		ཚ		fully_resolved	high	One prefix/root/suffix parse is structurally possible.
མཚལ	མ		ཚ		a	ལ		ཚ		fully_resolved	high	One prefix/root/suffix parse is structurally possible.
མཚུངས	མ		ཚ		u	ང	ས	ཚ		fully_resolved	high	One prefix/root/suffix parse is structurally possible.
མཚུར	མ		ཚ		u	ར		ཚ		fully_resolved	high	One prefix/root/suffix parse is structurally possible.
མཚུལ	མ		ཚ		u	ལ		ཚ		fully_resolved	high	One prefix/root/suffix parse is structurally possible.
མཚེས	མ		ཚ		e	ས		ཚ		fully_resolved	high	One prefix/root/suffix parse is structurally possible.
མཚོ	མ		ཚ		o			ཚ		fully_resolved	high	One prefix/root/suffix parse is structurally possible.
མཚོན	མ		ཚ		o	ན		ཚ		fully_resolved	high	One prefix/root/suffix parse is structurally possible.
མཚོའི										unsupported_orthographic_sign	none	Multiple Tibetan vowel signs are not modelled.
མཚོར	མ		ཚ		o	ར		ཚ		fully_resolved	high	One prefix/root/suffix parse is structurally possible.
མཛངས	མ		ཛ		a	ང	ས	ཛ		fully_resolved	high	One prefix/root/suffix parse is structurally possible.
མཛད	མ		ཛ		a	ད		ཛ		fully_resolved	high	One prefix/root/suffix parse is structurally possible.
མཛའ	མ		ཛ		a	འ		ཛ		fully_resolved	high	One prefix/root/suffix parse is structurally possible.
མཛར	མ		ཛ		a	ར		ཛ		fully_resolved	high	One prefix/root/suffix parse is structurally possible.
མཛིང	མ		ཛ		i	ང		ཛ		fully_resolved	high	One prefix/root/suffix parse is structurally possible.
མཛུན	མ		ཛ		u	ན		ཛ		fully_resolved	high	One prefix/root/suffix parse is structurally possible.
མཛུབ	མ		ཛ		u	བ		ཛ		fully_resolved	high	One prefix/root/suffix parse is structurally possible.
མཛེས	མ		ཛ		e	ས		ཛ		fully_resolved	high	One prefix/root/suffix parse is structurally possible.
མཛོད	མ		ཛ		o	ད		ཛ		fully_resolved	high	One prefix/root/suffix parse is structurally possible.
མཛོར	མ		ཛ		o	ར		ཛ		fully_resolved	high	One prefix/root/suffix parse is structurally possible.
མཛོཿ					o					unsupported_orthographic_sign	none	Unsupported transcription-bearing Tibetan signs: U+0F7F
མཞང	མ		ཞ		a	ང		ཞ		fully_resolved	high	One prefix/root/suffix parse is structurally possible.
མཞུམ	མ		ཞ		u	མ		ཞ		fully_resolved	high	One prefix/root/suffix parse is structurally possible.
མའ					a				མ;འ	ambiguous_root	low	Multiple Tibetan-only root parses remain possible.
མའམ	མ		འ		a	མ		འ		fully_resolved	high	One prefix/root/suffix parse is structurally possible.
མའི					i				མ;འ	ambiguous_root	low	Multiple Tibetan-only root parses remain possible.
མའུ					u				མ;འ	ambiguous_root	low	Multiple Tibetan-only root parses remain possible.
མའེ					e				མ;འ	ambiguous_root	low	Multiple Tibetan-only root parses remain possible.
མའོ					o				མ;འ	ambiguous_root	low	Multiple Tibetan-only root parses remain possible.
མའོངས	མ		འ		o	ང	ས	འ		fully_resolved	high	One prefix/root/suffix parse is structurally possible.
མར					a				མ;ར	ambiguous_root	low	Multiple Tibetan-only root parses remain possible.
མརད					a				མ;ར	ambiguous_root	low	Multiple Tibetan-only root parses remain possible.
མརཞུན					u					unusual_stack	none	Consonant sequence does not match conservative role patterns.
མརྲ	མ		ར	ར	a			རར		fully_resolved	high	Unicode stack and trailing suffix roles resolve uniquely.
མལ					a				མ;ལ	ambiguous_root	low	Multiple Tibetan-only root parses remain possible.
མལླི	མ		ལ	ལ	i			ལལ		fully_resolved	high	Unicode stack and trailing suffix roles resolve uniquely.
མཤ	མ		ཤ		a			ཤ		fully_resolved	high	One prefix/root/suffix parse is structurally possible.
མཤམ	མ		ཤ		a	མ		ཤ		fully_resolved	high	One prefix/root/suffix parse is structurally possible.
མས					a				མ;ས	ambiguous_root	low	Multiple Tibetan-only root parses remain possible.
མསས					a				མ;ས	ambiguous_root	low	Multiple Tibetan-only root parses remain possible.
མསྲུ	མ		ས	ར	u			སར		fully_resolved	high	Unicode stack and trailing suffix roles resolve uniquely.
མཱ					a					unsupported_orthographic_sign	none	Unsupported transcription-bearing Tibetan signs: U+0F71
མཱཱ					a					unsupported_orthographic_sign	none	Unsupported transcription-bearing Tibetan signs: U+0F71,U+0F71
མི			མ		i			མ		fully_resolved	high	One prefix/root/suffix parse is structurally possible.
མིཀ	མ		ཀ		i			ཀ		fully_resolved	high	One prefix/root/suffix parse is structurally possible.
མིཀྲ	མ		ཀ	ར	i			ཀར		fully_resolved	high	Unicode stack and trailing suffix roles resolve uniquely.
མིག					i				མ;ག	ambiguous_root	low	Multiple Tibetan-only root parses remain possible.
མིགཉིན										unsupported_orthographic_sign	none	Multiple Tibetan vowel signs are not modelled.
མིགཐོར										unsupported_orthographic_sign	none	Multiple Tibetan vowel signs are not modelled.
མིང					i				མ;ང	ambiguous_root	low	Multiple Tibetan-only root parses remain possible.
མིངྟ	མ		ང	ཏ	i			ངཏ		fully_resolved	high	Unicode stack and trailing suffix roles resolve uniquely.
མིཏོག										unsupported_orthographic_sign	none	Multiple Tibetan vowel signs are not modelled.
མིད					i				མ;ད	ambiguous_root	low	Multiple Tibetan-only root parses remain possible.
མིན					i				མ;ན	ambiguous_root	low	Multiple Tibetan-only root parses remain possible.
མིམ					i				མ	ambiguous_root	low	Multiple Tibetan-only root parses remain possible.
མིའདྲེ										unsupported_orthographic_sign	none	Multiple Tibetan vowel signs are not modelled.
མིའམ	མ		འ		i	མ		འ		fully_resolved	high	One prefix/root/suffix parse is structurally possible.
མིའཚོ										unsupported_orthographic_sign	none	Multiple Tibetan vowel signs are not modelled.
མིའི										unsupported_orthographic_sign	none	Multiple Tibetan vowel signs are not modelled.
མིའུ										unsupported_orthographic_sign	none	Multiple Tibetan vowel signs are not modelled.
མིར					i				མ;ར	ambiguous_root	low	Multiple Tibetan-only root parses remain possible.
མིརྒ	མ	ར	ག		i			རག		fully_resolved	high	Unicode stack and trailing suffix roles resolve uniquely.
མིལྡུང										unsupported_orthographic_sign	none	Multiple Tibetan vowel signs are not modelled.
མིས					i				མ;ས	ambiguous_root	low	Multiple Tibetan-only root parses remain possible.
མིསྐྱེར										unsupported_orthographic_sign	none	Multiple Tibetan vowel signs are not modelled.
མིཿ					i					unsupported_orthographic_sign	none	Unsupported transcription-bearing Tibetan signs: U+0F7F
མུ			མ		u			མ		fully_resolved	high	One prefix/root/suffix parse is structurally possible.
མུཁྱུད										unsupported_orthographic_sign	none	Multiple Tibetan vowel signs are not modelled.
མུག					u				མ;ག	ambiguous_root	low	Multiple Tibetan-only root parses remain possible.
མུང					u				མ;ང	ambiguous_root	low	Multiple Tibetan-only root parses remain possible.
མུཏིཁ										unsupported_orthographic_sign	none	Multiple Tibetan vowel signs are not modelled.
མུད					u				མ;ད	ambiguous_root	low	Multiple Tibetan-only root parses remain possible.
མུན					u				མ;ན	ambiguous_root	low	Multiple Tibetan-only root parses remain possible.
མུཙུ										unsupported_orthographic_sign	none	Multiple Tibetan vowel signs are not modelled.
མུར					u				མ;ར	ambiguous_root	low	Multiple Tibetan-only root parses remain possible.
མུལ					u				མ;ལ	ambiguous_root	low	Multiple Tibetan-only root parses remain possible.
མུས					u				མ;ས	ambiguous_root	low	Multiple Tibetan-only root parses remain possible.
མུསྟན	མ	ས	ཏ		u	ན		སཏ		fully_resolved	high	Unicode stack and trailing suffix roles resolve uniquely.
མུསྟེགས										unsupported_orthographic_sign	none	Multiple Tibetan vowel signs are not modelled.
མེ			མ		e			མ		fully_resolved	high	One prefix/root/suffix parse is structurally possible.
མེག					e				མ;ག	ambiguous_root	low	Multiple Tibetan-only root parses remain possible.
མེགས					e				མ;ག	ambiguous_root	low	Multiple Tibetan-only root parses remain possible.
མེང					e				མ;ང	ambiguous_root	low	Multiple Tibetan-only root parses remain possible.
མེཏོག										unsupported_orthographic_sign	none	Multiple Tibetan vowel signs are not modelled.
མེཏོགཀྱི										unsupported_orthographic_sign	none	Multiple Tibetan vowel signs are not modelled.
མེད					e				མ;ད	ambiguous_root	low	Multiple Tibetan-only root parses remain possible.
མེདང	མ		ད		e	ང		ད		fully_resolved	high	One prefix/root/suffix parse is structurally possible.
མེན					e				མ;ན	ambiguous_root	low	Multiple Tibetan-only root parses remain possible.
མེའཁོར										unsupported_orthographic_sign	none	Multiple Tibetan vowel signs are not modelled.
མེའམ	མ		འ		e	མ		འ		fully_resolved	high	One prefix/root/suffix parse is structurally possible.
མེའི										unsupported_orthographic_sign	none	Multiple Tibetan vowel signs are not modelled.
མེར					e				མ;ར	ambiguous_root	low	Multiple Tibetan-only root parses remain possible.
མེལ					e				མ;ལ	ambiguous_root	low	Multiple Tibetan-only root parses remain possible.
མེཤགས	མ		ཤ		e	ག	ས	ཤ		fully_resolved	high	One prefix/root/suffix parse is structurally possible.
མེས					e				མ;ས	ambiguous_root	low	Multiple Tibetan-only root parses remain possible.
མེོ										unsupported_orthographic_sign	none	Multiple Tibetan vowel signs are not modelled.
མོ			མ		o			མ		fully_resolved	high	One prefix/root/suffix parse is structurally possible.
མོག					o				མ;ག	ambiguous_root	low	Multiple Tibetan-only root parses remain possible.
མོང					o				མ;ང	ambiguous_root	low	Multiple Tibetan-only root parses remain possible.
མོངས					o				མ;ང	ambiguous_root	low	Multiple Tibetan-only root parses remain possible.
མོད					o				མ;ད	ambiguous_root	low	Multiple Tibetan-only root parses remain possible.
མོན					o				མ;ན	ambiguous_root	low	Multiple Tibetan-only root parses remain possible.
མོནཌལ					o					unusual_stack	none	Consonant sequence does not match conservative role patterns.
མོའི										unsupported_orthographic_sign	none	Multiple Tibetan vowel signs are not modelled.
མོར					o				མ;ར	ambiguous_root	low	Multiple Tibetan-only root parses remain possible.
མོལ					o				མ;ལ	ambiguous_root	low	Multiple Tibetan-only root parses remain possible.
མོལྭ	མ		ལ	ཝ	o			ལཝ		fully_resolved	high	Unicode stack and trailing suffix roles resolve uniquely.
མོས					o				མ;ས	ambiguous_root	low	Multiple Tibetan-only root parses remain possible.
མོཿ					o					unsupported_orthographic_sign	none	Unsupported transcription-bearing Tibetan signs: U+0F7F
མཾ					a					unsupported_orthographic_sign	none	Unsupported transcription-bearing Tibetan signs: U+0F7E
མཾན					a					unsupported_orthographic_sign	none	Unsupported transcription-bearing Tibetan signs: U+0F7E
མཾར					a					unsupported_orthographic_sign	none	Unsupported transcription-bearing Tibetan signs: U+0F7E
མཾས					a					unsupported_orthographic_sign	none	Unsupported transcription-bearing Tibetan signs: U+0F7E
མཿ					a					unsupported_orthographic_sign	none	Unsupported transcription-bearing Tibetan signs: U+0F7F
མྐྱོང			མ	ཀཡ	o	ང		མཀཡ		fully_resolved	high	Unicode stack and trailing suffix roles resolve uniquely.
མྔ			མ	ང	a			མང		fully_resolved	high	Unicode stack and trailing suffix roles resolve uniquely.
མྔཆིས			མ	ང	i	ས		མང	ཆ	partially_resolved	medium	Stack resolved; extra consonants remain ambiguous.
མྨི			མ	མ	i			མམ		fully_resolved	high	Unicode stack and trailing suffix roles resolve uniquely.
མྨུ			མ	མ	u			མམ		fully_resolved	high	Unicode stack and trailing suffix roles resolve uniquely.
མྨུག			མ	མ	u	ག		མམ		fully_resolved	high	Unicode stack and trailing suffix roles resolve uniquely.
མྨོག			མ	མ	o	ག		མམ		fully_resolved	high	Unicode stack and trailing suffix roles resolve uniquely.
མྨོས			མ	མ	o	ས		མམ		fully_resolved	high	Unicode stack and trailing suffix roles resolve uniquely.
མྨྱ			མ	མཡ	a			མམཡ		fully_resolved	high	Unicode stack and trailing suffix roles resolve uniquely.
མྨྱག			མ	མཡ	a	ག		མམཡ		fully_resolved	high	Unicode stack and trailing suffix roles resolve uniquely.
མྨྱུ			མ	མཡ	u			མམཡ		fully_resolved	high	Unicode stack and trailing suffix roles resolve uniquely.
མྨྱོས			མ	མཡ	o	ས		མམཡ		fully_resolved	high	Unicode stack and trailing suffix roles resolve uniquely.
མྭའི			མ	ཝ	i	འ		མཝ		fully_resolved	high	Unicode stack and trailing suffix roles resolve uniquely.
མྭར			མ	ཝ	a	ར		མཝ		fully_resolved	high	Unicode stack and trailing suffix roles resolve uniquely.
མྱ			མ	ཡ	a			མཡ		fully_resolved	high	Unicode stack and trailing suffix roles resolve uniquely.
མྱཀོགས			མ	ཡ	o	ག	ས	མཡ	ཀ	partially_resolved	medium	Stack resolved; extra consonants remain ambiguous.
མྱཀློགས			མ	ཡལ	o	ག	ས	མཡལ	ཀ	partially_resolved	medium	Stack resolved; extra consonants remain ambiguous.
མྱག			མ	ཡ	a	ག		མཡ		fully_resolved	high	Unicode stack and trailing suffix roles resolve uniquely.
མྱང			མ	ཡ	a	ང		མཡ		fully_resolved	high	Unicode stack and trailing suffix roles resolve uniquely.
མྱཆ			མ	ཡ	a			མཡ	ཆ	partially_resolved	medium	Stack resolved; extra consonants remain ambiguous.
མྱཆཱ					a					unsupported_orthographic_sign	none	Unsupported transcription-bearing Tibetan signs: U+0F71
མྱཆུ			མ	ཡ	u			མཡ	ཆ	partially_resolved	medium	Stack resolved; extra consonants remain ambiguous.
མྱཆུས			མ	ཡ	u	ས		མཡ	ཆ	partially_resolved	medium	Stack resolved; extra consonants remain ambiguous.
མྱའི			མ	ཡ	i	འ		མཡ		fully_resolved	high	Unicode stack and trailing suffix roles resolve uniquely.
མྱར			མ	ཡ	a	ར		མཡ		fully_resolved	high	Unicode stack and trailing suffix roles resolve uniquely.
མྱལ			མ	ཡ	a	ལ		མཡ		fully_resolved	high	Unicode stack and trailing suffix roles resolve uniquely.
མྱི			མ	ཡ	i			མཡ		fully_resolved	high	Unicode stack and trailing suffix roles resolve uniquely.
མྱིག			མ	ཡ	i	ག		མཡ		fully_resolved	high	Unicode stack and trailing suffix roles resolve uniquely.
མྱིས			མ	ཡ	i	ས		མཡ		fully_resolved	high	Unicode stack and trailing suffix roles resolve uniquely.
མྱུ			མ	ཡ	u			མཡ		fully_resolved	high	Unicode stack and trailing suffix roles resolve uniquely.
མྱུར			མ	ཡ	u	ར		མཡ		fully_resolved	high	Unicode stack and trailing suffix roles resolve uniquely.
མྱུལ			མ	ཡ	u	ལ		མཡ		fully_resolved	high	Unicode stack and trailing suffix roles resolve uniquely.
མྱེད			མ	ཡ	e	ད		མཡ		fully_resolved	high	Unicode stack and trailing suffix roles resolve uniquely.
མྱེན			མ	ཡ	e	ན		མཡ		fully_resolved	high	Unicode stack and trailing suffix roles resolve uniquely.
མྱེས			མ	ཡ	e	ས		མཡ		fully_resolved	high	Unicode stack and trailing suffix roles resolve uniquely.
མྱོག			མ	ཡ	o	ག		མཡ		fully_resolved	high	Unicode stack and trailing suffix roles resolve uniquely.
མྱོང			མ	ཡ	o	ང		མཡ		fully_resolved	high	Unicode stack and trailing suffix roles resolve uniquely.
མྱོན			མ	ཡ	o	ན		མཡ		fully_resolved	high	Unicode stack and trailing suffix roles resolve uniquely.
མྱོས			མ	ཡ	o	ས		མཡ		fully_resolved	high	Unicode stack and trailing suffix roles resolve uniquely.
མྱྱ			མ	ཡཡ	a			མཡཡ		fully_resolved	high	Unicode stack and trailing suffix roles resolve uniquely.
མྲ			མ	ར	a			མར		fully_resolved	high	Unicode stack and trailing suffix roles resolve uniquely.
མྲག			མ	ར	a	ག		མར		fully_resolved	high	Unicode stack and trailing suffix roles resolve uniquely.
མྲགྭ			མ	རཝ	a	ག		མརཝ		fully_resolved	high	Unicode stack and trailing suffix roles resolve uniquely.
མྲང			མ	ར	a	ང		མར		fully_resolved	high	Unicode stack and trailing suffix roles resolve uniquely.
མྲིག			མ	ར	i	ག		མར		fully_resolved	high	Unicode stack and trailing suffix roles resolve uniquely.
མྲིས			མ	ར	i	ས		མར		fully_resolved	high	Unicode stack and trailing suffix roles resolve uniquely.
མྲེགས			མ	ར	e	ག	ས	མར		fully_resolved	high	Unicode stack and trailing suffix roles resolve uniquely.
མྲེས			མ	ར	e	ས		མར		fully_resolved	high	Unicode stack and trailing suffix roles resolve uniquely.
མྲོག			མ	ར	o	ག		མར		fully_resolved	high	Unicode stack and trailing suffix roles resolve uniquely.
མླུགས			མ	ལ	u	ག	ས	མལ		fully_resolved	high	Unicode stack and trailing suffix roles resolve uniquely.
མྷ			མ	ཧ	a			མཧ		fully_resolved	high	Unicode stack and trailing suffix roles resolve uniquely.
ཙ			ཙ		a			ཙ		fully_resolved	high	One prefix/root/suffix parse is structurally possible.
ཙན			ཙ		a	ན		ཙ		fully_resolved	high	One prefix/root/suffix parse is structurally possible.
ཙནྡན			ན	ད	a	ན		ནད	ཙ	partially_resolved	medium	Stack resolved; extra consonants remain ambiguous.
ཙནྡྲ			ན	དར	a			ནདར	ཙ	partially_resolved	medium	Stack resolved; extra consonants remain ambiguous.
ཙབ			ཙ		a	བ		ཙ		fully_resolved	high	One prefix/root/suffix parse is structurally possible.
ཙམ			ཙ		a	མ		ཙ		fully_resolved	high	One prefix/root/suffix parse is structurally possible.
ཙཚརན					a					unusual_stack	none	Consonant sequence does not match conservative role patterns.
ཙརྨ		ར	མ		a			རམ	ཙ	partially_resolved	medium	Stack resolved; extra consonants remain ambiguous.
ཙས			ཙ		a	ས		ཙ		fully_resolved	high	One prefix/root/suffix parse is structurally possible.
ཙཱ					a					unsupported_orthographic_sign	none	Unsupported transcription-bearing Tibetan signs: U+0F71
ཙཱན					a					unsupported_orthographic_sign	none	Unsupported transcription-bearing Tibetan signs: U+0F71
ཙི			ཙ		i			ཙ		fully_resolved	high	One prefix/root/suffix parse is structurally possible.
ཙུ			ཙ		u			ཙ		fully_resolved	high	One prefix/root/suffix parse is structurally possible.
ཙུག			ཙ		u	ག		ཙ		fully_resolved	high	One prefix/root/suffix parse is structurally possible.
ཙུབ			ཙ		u	བ		ཙ		fully_resolved	high	One prefix/root/suffix parse is structurally possible.
ཙེ			ཙ		e			ཙ		fully_resolved	high	One prefix/root/suffix parse is structurally possible.
ཙེར			ཙ		e	ར		ཙ		fully_resolved	high	One prefix/root/suffix parse is structurally possible.
ཙོ			ཙ		o			ཙ		fully_resolved	high	One prefix/root/suffix parse is structurally possible.
ཙོས			ཙ		o	ས		ཙ		fully_resolved	high	One prefix/root/suffix parse is structurally possible.
ཙཾ					a					unsupported_orthographic_sign	none	Unsupported transcription-bearing Tibetan signs: U+0F7E
ཙྨར			ཙ	མ	a	ར		ཙམ		fully_resolved	high	Unicode stack and trailing suffix roles resolve uniquely.
ཙྭ			ཙ	ཝ	a			ཙཝ		fully_resolved	high	Unicode stack and trailing suffix roles resolve uniquely.
ཚ			ཚ		a			ཚ		fully_resolved	high	One prefix/root/suffix parse is structurally possible.
ཚག			ཚ		a	ག		ཚ		fully_resolved	high	One prefix/root/suffix parse is structurally possible.
ཚགས			ཚ		a	ག	ས	ཚ		fully_resolved	high	One prefix/root/suffix parse is structurally possible.
ཚང			ཚ		a	ང		ཚ		fully_resolved	high	One prefix/root/suffix parse is structurally possible.
ཚངས			ཚ		a	ང	ས	ཚ		fully_resolved	high	One prefix/root/suffix parse is structurally possible.
ཚད			ཚ		a	ད		ཚ		fully_resolved	high	One prefix/root/suffix parse is structurally possible.
ཚདང					a					unusual_stack	none	Consonant sequence does not match conservative role patterns.
ཚན			ཚ		a	ན		ཚ		fully_resolved	high	One prefix/root/suffix parse is structurally possible.
ཚནྡོ			ན	ད	o			ནད	ཚ	partially_resolved	medium	Stack resolved; extra consonants remain ambiguous.
ཚབ			ཚ		a	བ		ཚ		fully_resolved	high	One prefix/root/suffix parse is structurally possible.
ཚབས			ཚ		a	བ	ས	ཚ		fully_resolved	high	One prefix/root/suffix parse is structurally possible.
ཚར			ཚ		a	ར		ཚ		fully_resolved	high	One prefix/root/suffix parse is structurally possible.
ཚལ			ཚ		a	ལ		ཚ		fully_resolved	high	One prefix/root/suffix parse is structurally possible.
ཚས			ཚ		a	ས		ཚ		fully_resolved	high	One prefix/root/suffix parse is structurally possible.
ཚིག			ཚ		i	ག		ཚ		fully_resolved	high	One prefix/root/suffix parse is structurally possible.
ཚིགས			ཚ		i	ག	ས	ཚ		fully_resolved	high	One prefix/root/suffix parse is structurally possible.
ཚིན			ཚ		i	ན		ཚ		fully_resolved	high	One prefix/root/suffix parse is structurally possible.
ཚིམ			ཚ		i	མ		ཚ		fully_resolved	high	One prefix/root/suffix parse is structurally possible.
ཚིམས			ཚ		i	མ	ས	ཚ		fully_resolved	high	One prefix/root/suffix parse is structurally possible.
ཚིར			ཚ		i	ར		ཚ		fully_resolved	high	One prefix/root/suffix parse is structurally possible.
ཚིལ			ཚ		i	ལ		ཚ		fully_resolved	high	One prefix/root/suffix parse is structurally possible.
ཚིས			ཚ		i	ས		ཚ		fully_resolved	high	One prefix/root/suffix parse is structurally possible.
ཚུ			ཚ		u			ཚ		fully_resolved	high	One prefix/root/suffix parse is structurally possible.
ཚུག			ཚ		u	ག		ཚ		fully_resolved	high	One prefix/root/suffix parse is structurally possible.
ཚུགས			ཚ		u	ག	ས	ཚ		fully_resolved	high	One prefix/root/suffix parse is structurally possible.
ཚུང			ཚ		u	ང		ཚ		fully_resolved	high	One prefix/root/suffix parse is structurally possible.
ཚུངས			ཚ		u	ང	ས	ཚ		fully_resolved	high	One prefix/root/suffix parse is structurally possible.
ཚུད			ཚ		u	ད		ཚ		fully_resolved	high	One prefix/root/suffix parse is structurally possible.
ཚུན			ཚ		u	ན		ཚ		fully_resolved	high	One prefix/root/suffix parse is structurally possible.
ཚུབ			ཚ		u	བ		ཚ		fully_resolved	high	One prefix/root/suffix parse is structurally possible.
ཚུམ			ཚ		u	མ		ཚ		fully_resolved	high	One prefix/root/suffix parse is structurally possible.
ཚུར			ཚ		u	ར		ཚ		fully_resolved	high	One prefix/root/suffix parse is structurally possible.
ཚུལ			ཚ		u	ལ		ཚ		fully_resolved	high	One prefix/root/suffix parse is structurally possible.
ཚེ			ཚ		e			ཚ		fully_resolved	high	One prefix/root/suffix parse is structurally possible.
ཚེག			ཚ		e	ག		ཚ		fully_resolved	high	One prefix/root/suffix parse is structurally possible.
ཚེགས			ཚ		e	ག	ས	ཚ		fully_resolved	high	One prefix/root/suffix parse is structurally possible.
ཚེམ			ཚ		e	མ		ཚ		fully_resolved	high	One prefix/root/suffix parse is structurally possible.
ཚེའ			ཚ		e	འ		ཚ		fully_resolved	high	One prefix/root/suffix parse is structurally possible.
ཚེའི										unsupported_orthographic_sign	none	Multiple Tibetan vowel signs are not modelled.
ཚེའེ										unsupported_orthographic_sign	none	Multiple Tibetan vowel signs are not modelled.
ཚེར			ཚ		e	ར		ཚ		fully_resolved	high	One prefix/root/suffix parse is structurally possible.
ཚེས			ཚ		e	ས		ཚ		fully_resolved	high	One prefix/root/suffix parse is structurally possible.
ཚོ			ཚ		o			ཚ		fully_resolved	high	One prefix/root/suffix parse is structurally possible.
ཚོགས			ཚ		o	ག	ས	ཚ		fully_resolved	high	One prefix/root/suffix parse is structurally possible.
ཚོང			ཚ		o	ང		ཚ		fully_resolved	high	One prefix/root/suffix parse is structurally possible.
ཚོངས			ཚ		o	ང	ས	ཚ		fully_resolved	high	One prefix/root/suffix parse is structurally possible.
ཚོད			ཚ		o	ད		ཚ		fully_resolved	high	One prefix/root/suffix parse is structurally possible.
ཚོན			ཚ		o	ན		ཚ		fully_resolved	high	One prefix/root/suffix parse is structurally possible.
ཚོམ			ཚ		o	མ		ཚ		fully_resolved	high	One prefix/root/suffix parse is structurally possible.
ཚོམས			ཚ		o	མ	ས	ཚ		fully_resolved	high	One prefix/root/suffix parse is structurally possible.
ཚོར			ཚ		o	ར		ཚ		fully_resolved	high	One prefix/root/suffix parse is structurally possible.
ཚོལ			ཚ		o	ལ		ཚ		fully_resolved	high	One prefix/root/suffix parse is structurally possible.
ཚོས			ཚ		o	ས		ཚ		fully_resolved	high	One prefix/root/suffix parse is structurally possible.
ཚོཿ					o					unsupported_orthographic_sign	none	Unsupported transcription-bearing Tibetan signs: U+0F7F
ཚྔ			ཚ	ང	a			ཚང		fully_resolved	high	Unicode stack and trailing suffix roles resolve uniquely.
ཚྫང			ཚ	ཛ	a	ང		ཚཛ		fully_resolved	high	Unicode stack and trailing suffix roles resolve uniquely.
ཚྫེ			ཚ	ཛ	e			ཚཛ		fully_resolved	high	Unicode stack and trailing suffix roles resolve uniquely.
ཚྫོན			ཚ	ཛ	o	ན		ཚཛ		fully_resolved	high	Unicode stack and trailing suffix roles resolve uniquely.
ཚྭ			ཚ	ཝ	a			ཚཝ		fully_resolved	high	Unicode stack and trailing suffix roles resolve uniquely.
ཛ			ཛ		a			ཛ		fully_resolved	high	One prefix/root/suffix parse is structurally possible.
ཛང			ཛ		a	ང		ཛ		fully_resolved	high	One prefix/root/suffix parse is structurally possible.
ཛཇན					a					unusual_stack	none	Consonant sequence does not match conservative role patterns.
ཛཕབ					a					unusual_stack	none	Consonant sequence does not match conservative role patterns.
ཛཱ					a					unsupported_orthographic_sign	none	Unsupported transcription-bearing Tibetan signs: U+0F71
ཛི			ཛ		i			ཛ		fully_resolved	high	One prefix/root/suffix parse is structurally possible.
ཛིག			ཛ		i	ག		ཛ		fully_resolved	high	One prefix/root/suffix parse is structurally possible.
ཛིར			ཛ		i	ར		ཛ		fully_resolved	high	One prefix/root/suffix parse is structurally possible.
ཛུ			ཛ		u			ཛ		fully_resolved	high	One prefix/root/suffix parse is structurally possible.
ཛུང			ཛ		u	ང		ཛ		fully_resolved	high	One prefix/root/suffix parse is structurally possible.
ཛེ			ཛ		e			ཛ		fully_resolved	high	One prefix/root/suffix parse is structurally possible.
ཛོ			ཛ		o			ཛ		fully_resolved	high	One prefix/root/suffix parse is structurally possible.
ཛཾ					a					unsupported_orthographic_sign	none	Unsupported transcription-bearing Tibetan signs: U+0F7E
ཛཿ					a					unsupported_orthographic_sign	none	Unsupported transcription-bearing Tibetan signs: U+0F7F
ཛྫ			ཛ	ཛ	a			ཛཛ		fully_resolved	high	Unicode stack and trailing suffix roles resolve uniquely.
ཛྫན			ཛ	ཛ	a	ན		ཛཛ		fully_resolved	high	Unicode stack and trailing suffix roles resolve uniquely.
ཛྭ			ཛ	ཝ	a			ཛཝ		fully_resolved	high	Unicode stack and trailing suffix roles resolve uniquely.
ཛྲ			ཛ	ར	a			ཛར		fully_resolved	high	Unicode stack and trailing suffix roles resolve uniquely.
ཛྲོམ			ཛ	ར	o	མ		ཛར		fully_resolved	high	Unicode stack and trailing suffix roles resolve uniquely.
ཛྷནྭ			ཛ	ཧཝ	a	ན		ཛཧཝ		fully_resolved	high	Unicode stack and trailing suffix roles resolve uniquely.
ཝ			ཝ		a			ཝ		fully_resolved	high	One prefix/root/suffix parse is structurally possible.
ཝང			ཝ		a	ང		ཝ		fully_resolved	high	One prefix/root/suffix parse is structurally possible.
ཝན			ཝ		a	ན		ཝ		fully_resolved	high	One prefix/root/suffix parse is structurally possible.
ཝམ			ཝ		a	མ		ཝ		fully_resolved	high	One prefix/root/suffix parse is structurally possible.
ཝཱ					a					unsupported_orthographic_sign	none	Unsupported transcription-bearing Tibetan signs: U+0F71
ཝི			ཝ		i			ཝ		fully_resolved	high	One prefix/root/suffix parse is structurally possible.
ཝེམ			ཝ		e	མ		ཝ		fully_resolved	high	One prefix/root/suffix parse is structurally possible.
ཝོ			ཝ		o			ཝ		fully_resolved	high	One prefix/root/suffix parse is structurally possible.
ཝོམ			ཝ		o	མ		ཝ		fully_resolved	high	One prefix/root/suffix parse is structurally possible.
ཝྔ			ཝ	ང	a			ཝང		fully_resolved	high	Unicode stack and trailing suffix roles resolve uniquely.
ཝྔན			ཝ	ང	a	ན		ཝང		fully_resolved	high	Unicode stack and trailing suffix roles resolve uniquely.
ཝྡན			ཝ	ད	a	ན		ཝད		fully_resolved	high	Unicode stack and trailing suffix roles resolve uniquely.
ཝྫིང			ཝ	ཛ	i	ང		ཝཛ		fully_resolved	high	Unicode stack and trailing suffix roles resolve uniquely.
ཝྫིབས			ཝ	ཛ	i	བ	ས	ཝཛ		fully_resolved	high	Unicode stack and trailing suffix roles resolve uniquely.
ཝྭང			ཝ	ཝ	a	ང		ཝཝ		fully_resolved	high	Unicode stack and trailing suffix roles resolve uniquely.
ཝྲ			ཝ	ར	a			ཝར		fully_resolved	high	Unicode stack and trailing suffix roles resolve uniquely.
ཝྲང			ཝ	ར	a	ང		ཝར		fully_resolved	high	Unicode stack and trailing suffix roles resolve uniquely.
ཝྲི			ཝ	ར	i			ཝར		fully_resolved	high	Unicode stack and trailing suffix roles resolve uniquely.
ཝྲིང			ཝ	ར	i	ང		ཝར		fully_resolved	high	Unicode stack and trailing suffix roles resolve uniquely.
ཝྲེང			ཝ	ར	e	ང		ཝར		fully_resolved	high	Unicode stack and trailing suffix roles resolve uniquely.
ཞ			ཞ		a			ཞ		fully_resolved	high	One prefix/root/suffix parse is structurally possible.
ཞཁག					a					unusual_stack	none	Consonant sequence does not match conservative role patterns.
ཞཁར					a					unusual_stack	none	Consonant sequence does not match conservative role patterns.
ཞཁོ					o					unusual_stack	none	Consonant sequence does not match conservative role patterns.
ཞཁོག					o					unusual_stack	none	Consonant sequence does not match conservative role patterns.
ཞཁོགས					o					unusual_stack	none	Consonant sequence does not match conservative role patterns.
ཞཁོན					o					unusual_stack	none	Consonant sequence does not match conservative role patterns.
ཞཁོར					o					unusual_stack	none	Consonant sequence does not match conservative role patterns.
ཞཁོས					o					unusual_stack	none	Consonant sequence does not match conservative role patterns.
ཞཁོཿ					o					unsupported_orthographic_sign	none	Unsupported transcription-bearing Tibetan signs: U+0F7F
ཞག			ཞ		a	ག		ཞ		fully_resolved	high	One prefix/root/suffix parse is structurally possible.
ཞགས			ཞ		a	ག	ས	ཞ		fully_resolved	high	One prefix/root/suffix parse is structurally possible.
ཞང			ཞ		a	ང		ཞ		fully_resolved	high	One prefix/root/suffix parse is structurally possible.
ཞད			ཞ		a	ད		ཞ		fully_resolved	high	One prefix/root/suffix parse is structurally possible.
ཞདས			ཞ		a	ད	ས	ཞ		fully_resolved	high	One prefix/root/suffix parse is structurally possible.
ཞན			ཞ		a	ན		ཞ		fully_resolved	high	One prefix/root/suffix parse is structurally possible.
ཞབས			ཞ		a	བ	ས	ཞ		fully_resolved	high	One prefix/root/suffix parse is structurally possible.
ཞམས			ཞ		a	མ	ས	ཞ		fully_resolved	high	One prefix/root/suffix parse is structurally possible.
ཞའ			ཞ		a	འ		ཞ		fully_resolved	high	One prefix/root/suffix parse is structurally possible.
ཞའཁར					a					unusual_stack	none	Consonant sequence does not match conservative role patterns.
ཞའཁལ					a					unusual_stack	none	Consonant sequence does not match conservative role patterns.
ཞའཁྱལ			ཁ	ཡ	a	ལ		ཁཡ	ཞ;འ	partially_resolved	medium	Stack resolved; extra consonants remain ambiguous.
ཞའགན					a					unusual_stack	none	Consonant sequence does not match conservative role patterns.
ཞའགྲོ			ག	ར	o			གར	ཞ;འ	partially_resolved	medium	Stack resolved; extra consonants remain ambiguous.
ཞའབྲས			བ	ར	a	ས		བར	ཞ;འ	partially_resolved	medium	Stack resolved; extra consonants remain ambiguous.
ཞའྲད			འ	ར	a	ད		འར	ཞ	partially_resolved	medium	Stack resolved; extra consonants remain ambiguous.
ཞར			ཞ		a	ར		ཞ		fully_resolved	high	One prefix/root/suffix parse is structurally possible.
ཞལ			ཞ		a	ལ		ཞ		fully_resolved	high	One prefix/root/suffix parse is structurally possible.
ཞས			ཞ		a	ས		ཞ		fully_resolved	high	One prefix/root/suffix parse is structurally possible.
ཞི			ཞ		i			ཞ		fully_resolved	high	One prefix/root/suffix parse is structurally possible.
ཞིཀ					i					unusual_stack	none	Consonant sequence does not match conservative role patterns.
ཞིག			ཞ		i	ག		ཞ		fully_resolved	high	One prefix/root/suffix parse is structurally possible.
ཞིང			ཞ		i	ང		ཞ		fully_resolved	high	One prefix/root/suffix parse is structurally possible.
ཞིད			ཞ		i	ད		ཞ		fully_resolved	high	One prefix/root/suffix parse is structurally possible.
ཞིན			ཞ		i	ན		ཞ		fully_resolved	high	One prefix/root/suffix parse is structurally possible.
ཞིབ			ཞ		i	བ		ཞ		fully_resolved	high	One prefix/root/suffix parse is structurally possible.
ཞིམ			ཞ		i	མ		ཞ		fully_resolved	high	One prefix/root/suffix parse is structurally possible.
ཞིའི										unsupported_orthographic_sign	none	Multiple Tibetan vowel signs are not modelled.
ཞུ			ཞ		u			ཞ		fully_resolved	high	One prefix/root/suffix parse is structurally possible.
ཞུག			ཞ		u	ག		ཞ		fully_resolved	high	One prefix/root/suffix parse is structurally possible.
ཞུགས			ཞ		u	ག	ས	ཞ		fully_resolved	high	One prefix/root/suffix parse is structurally possible.
ཞུན			ཞ		u	ན		ཞ		fully_resolved	high	One prefix/root/suffix parse is structurally possible.
ཞུམ			ཞ		u	མ		ཞ		fully_resolved	high	One prefix/root/suffix parse is structurally possible.
ཞུར			ཞ		u	ར		ཞ		fully_resolved	high	One prefix/root/suffix parse is structurally possible.
ཞུས			ཞ		u	ས		ཞ		fully_resolved	high	One prefix/root/suffix parse is structurally possible.
ཞེ			ཞ		e			ཞ		fully_resolved	high	One prefix/root/suffix parse is structurally possible.
ཞེང			ཞ		e	ང		ཞ		fully_resolved	high	One prefix/root/suffix parse is structurally possible.
ཞེད			ཞ		e	ད		ཞ		fully_resolved	high	One prefix/root/suffix parse is structurally possible.
ཞེན			ཞ		e	ན		ཞ		fully_resolved	high	One prefix/root/suffix parse is structurally possible.
ཞེར			ཞ		e	ར		ཞ		fully_resolved	high	One prefix/root/suffix parse is structurally possible.
ཞེལ			ཞ		e	ལ		ཞ		fully_resolved	high	One prefix/root/suffix parse is structurally possible.
ཞེས			ཞ		e	ས		ཞ		fully_resolved	high	One prefix/root/suffix parse is structurally possible.
ཞོ			ཞ		o			ཞ		fully_resolved	high	One prefix/root/suffix parse is structurally possible.
ཞོག			ཞ		o	ག		ཞ		fully_resolved	high	One prefix/root/suffix parse is structurally possible.
ཞོགས			ཞ		o	ག	ས	ཞ		fully_resolved	high	One prefix/root/suffix parse is structurally possible.
ཞོད			ཞ		o	ད		ཞ		fully_resolved	high	One prefix/root/suffix parse is structurally possible.
ཞོན			ཞ		o	ན		ཞ		fully_resolved	high	One prefix/root/suffix parse is structurally possible.
ཞོར			ཞ		o	ར		ཞ		fully_resolved	high	One prefix/root/suffix parse is structurally possible.
ཞོལ			ཞ		o	ལ		ཞ		fully_resolved	high	One prefix/root/suffix parse is structurally possible.
ཞོས			ཞ		o	ས		ཞ		fully_resolved	high	One prefix/root/suffix parse is structurally possible.
ཞྟུང			ཞ	ཏ	u	ང		ཞཏ		fully_resolved	high	Unicode stack and trailing suffix roles resolve uniquely.
ཞྡེ			ཞ	ད	e			ཞད		fully_resolved	high	Unicode stack and trailing suffix roles resolve uniquely.
ཞྭ			ཞ	ཝ	a			ཞཝ		fully_resolved	high	Unicode stack and trailing suffix roles resolve uniquely.
ཞྱགས			ཞ	ཡ	a	ག	ས	ཞཡ		fully_resolved	high	Unicode stack and trailing suffix roles resolve uniquely.
ཞྲག			ཞ	ར	a	ག		ཞར		fully_resolved	high	Unicode stack and trailing suffix roles resolve uniquely.
ཞྲབས			ཞ	ར	a	བ	ས	ཞར		fully_resolved	high	Unicode stack and trailing suffix roles resolve uniquely.
ཞྲིབ			ཞ	ར	i	བ		ཞར		fully_resolved	high	Unicode stack and trailing suffix roles resolve uniquely.
ཞྲོ			ཞ	ར	o			ཞར		fully_resolved	high	Unicode stack and trailing suffix roles resolve uniquely.
ཟ			ཟ		a			ཟ		fully_resolved	high	One prefix/root/suffix parse is structurally possible.
ཟག			ཟ		a	ག		ཟ		fully_resolved	high	One prefix/root/suffix parse is structurally possible.
ཟང			ཟ		a	ང		ཟ		fully_resolved	high	One prefix/root/suffix parse is structurally possible.
ཟངས			ཟ		a	ང	ས	ཟ		fully_resolved	high	One prefix/root/suffix parse is structurally possible.
ཟད			ཟ		a	ད		ཟ		fully_resolved	high	One prefix/root/suffix parse is structurally possible.
ཟན			ཟ		a	ན		ཟ		fully_resolved	high	One prefix/root/suffix parse is structurally possible.
ཟབ			ཟ		a	བ		ཟ		fully_resolved	high	One prefix/root/suffix parse is structurally possible.
ཟམ			ཟ		a	མ		ཟ		fully_resolved	high	One prefix/root/suffix parse is structurally possible.
ཟའི			ཟ		i	འ		ཟ		fully_resolved	high	One prefix/root/suffix parse is structurally possible.
ཟར			ཟ		a	ར		ཟ		fully_resolved	high	One prefix/root/suffix parse is structurally possible.
ཟལ			ཟ		a	ལ		ཟ		fully_resolved	high	One prefix/root/suffix parse is structurally possible.
ཟས			ཟ		a	ས		ཟ		fully_resolved	high	One prefix/root/suffix parse is structurally possible.
ཟི			ཟ		i			ཟ		fully_resolved	high	One prefix/root/suffix parse is structurally possible.
ཟིགས			ཟ		i	ག	ས	ཟ		fully_resolved	high	One prefix/root/suffix parse is structurally possible.
ཟིངས			ཟ		i	ང	ས	ཟ		fully_resolved	high	One prefix/root/suffix parse is structurally possible.
ཟིན			ཟ		i	ན		ཟ		fully_resolved	high	One prefix/root/suffix parse is structurally possible.
ཟིར			ཟ		i	ར		ཟ		fully_resolved	high	One prefix/root/suffix parse is structurally possible.
ཟིལ			ཟ		i	ལ		ཟ		fully_resolved	high	One prefix/root/suffix parse is structurally possible.
ཟུ			ཟ		u			ཟ		fully_resolved	high	One prefix/root/suffix parse is structurally possible.
ཟུག			ཟ		u	ག		ཟ		fully_resolved	high	One prefix/root/suffix parse is structurally possible.
ཟུང			ཟ		u	ང		ཟ		fully_resolved	high	One prefix/root/suffix parse is structurally possible.
ཟུངས			ཟ		u	ང	ས	ཟ		fully_resolved	high	One prefix/root/suffix parse is structurally possible.
ཟུར			ཟ		u	ར		ཟ		fully_resolved	high	One prefix/root/suffix parse is structurally possible.
ཟེ			ཟ		e			ཟ		fully_resolved	high	One prefix/root/suffix parse is structurally possible.
ཟེགས			ཟ		e	ག	ས	ཟ		fully_resolved	high	One prefix/root/suffix parse is structurally possible.
ཟེའི										unsupported_orthographic_sign	none	Multiple Tibetan vowel signs are not modelled.
ཟེའེ										unsupported_orthographic_sign	none	Multiple Tibetan vowel signs are not modelled.
ཟེར			ཟ		e	ར		ཟ		fully_resolved	high	One prefix/root/suffix parse is structurally possible.
ཟོག			ཟ		o	ག		ཟ		fully_resolved	high	One prefix/root/suffix parse is structurally possible.
ཟོང			ཟ		o	ང		ཟ		fully_resolved	high	One prefix/root/suffix parse is structurally possible.
ཟོན			ཟ		o	ན		ཟ		fully_resolved	high	One prefix/root/suffix parse is structurally possible.
ཟོམ			ཟ		o	མ		ཟ		fully_resolved	high	One prefix/root/suffix parse is structurally possible.
ཟོར			ཟ		o	ར		ཟ		fully_resolved	high	One prefix/root/suffix parse is structurally possible.
ཟོས			ཟ		o	ས		ཟ		fully_resolved	high	One prefix/root/suffix parse is structurally possible.
ཟྦ			ཟ	བ	a			ཟབ		fully_resolved	high	Unicode stack and trailing suffix roles resolve uniquely.
ཟྲག			ཟ	ར	a	ག		ཟར		fully_resolved	high	Unicode stack and trailing suffix roles resolve uniquely.
ཟྲིན			ཟ	ར	i	ན		ཟར		fully_resolved	high	Unicode stack and trailing suffix roles resolve uniquely.
ཟྲིལ			ཟ	ར	i	ལ		ཟར		fully_resolved	high	Unicode stack and trailing suffix roles resolve uniquely.
ཟྲེ			ཟ	ར	e			ཟར		fully_resolved	high	Unicode stack and trailing suffix roles resolve uniquely.
ཟྲེར			ཟ	ར	e	ར		ཟར		fully_resolved	high	Unicode stack and trailing suffix roles resolve uniquely.
ཟླ			ཟ	ལ	a			ཟལ		fully_resolved	high	Unicode stack and trailing suffix roles resolve uniquely.
ཟླག			ཟ	ལ	a	ག		ཟལ		fully_resolved	high	Unicode stack and trailing suffix roles resolve uniquely.
ཟླན			ཟ	ལ	a	ན		ཟལ		fully_resolved	high	Unicode stack and trailing suffix roles resolve uniquely.
ཟླམ			ཟ	ལ	a	མ		ཟལ		fully_resolved	high	Unicode stack and trailing suffix roles resolve uniquely.
ཟླའི			ཟ	ལ	i	འ		ཟལ		fully_resolved	high	Unicode stack and trailing suffix roles resolve uniquely.
ཟླུ			ཟ	ལ	u			ཟལ		fully_resolved	high	Unicode stack and trailing suffix roles resolve uniquely.
ཟླུམ			ཟ	ལ	u	མ		ཟལ		fully_resolved	high	Unicode stack and trailing suffix roles resolve uniquely.
ཟླུར			ཟ	ལ	u	ར		ཟལ		fully_resolved	high	Unicode stack and trailing suffix roles resolve uniquely.
ཟློ			ཟ	ལ	o			ཟལ		fully_resolved	high	Unicode stack and trailing suffix roles resolve uniquely.
ཟློག			ཟ	ལ	o	ག		ཟལ		fully_resolved	high	Unicode stack and trailing suffix roles resolve uniquely.
ཟློས			ཟ	ལ	o	ས		ཟལ		fully_resolved	high	Unicode stack and trailing suffix roles resolve uniquely.
འ			འ		a			འ		fully_resolved	high	One prefix/root/suffix parse is structurally possible.
འཀྱིམ	འ		ཀ	ཡ	i	མ		ཀཡ		fully_resolved	high	Unicode stack and trailing suffix roles resolve uniquely.
འཀྱོད	འ		ཀ	ཡ	o	ད		ཀཡ		fully_resolved	high	Unicode stack and trailing suffix roles resolve uniquely.
འཀྲང	འ		ཀ	ར	a	ང		ཀར		fully_resolved	high	Unicode stack and trailing suffix roles resolve uniquely.
འཁ	འ		ཁ		a			ཁ		fully_resolved	high	One prefix/root/suffix parse is structurally possible.
འཁཀྱོག			ཀ	ཡ	o	ག		ཀཡ	འ;ཁ	partially_resolved	medium	Stack resolved; extra consonants remain ambiguous.
འཁཀྱོངས			ཀ	ཡ	o	ང	ས	ཀཡ	འ;ཁ	partially_resolved	medium	Stack resolved; extra consonants remain ambiguous.
འཁང	འ		ཁ		a	ང		ཁ		fully_resolved	high	One prefix/root/suffix parse is structurally possible.
འཁན	འ		ཁ		a	ན		ཁ		fully_resolved	high	One prefix/root/suffix parse is structurally possible.
འཁབ	འ		ཁ		a	བ		ཁ		fully_resolved	high	One prefix/root/suffix parse is structurally possible.
འཁབྲེར			བ	ར	e	ར		བར	འ;ཁ	partially_resolved	medium	Stack resolved; extra consonants remain ambiguous.
འཁམ	འ		ཁ		a	མ		ཁ		fully_resolved	high	One prefix/root/suffix parse is structurally possible.
འཁམས	འ		ཁ		a	མ	ས	ཁ		fully_resolved	high	One prefix/root/suffix parse is structurally possible.
འཁའ	འ		ཁ		a	འ		ཁ		fully_resolved	high	One prefix/root/suffix parse is structurally possible.
འཁའར					a					unusual_stack	none	Consonant sequence does not match conservative role patterns.
འཁའེབ					e					unusual_stack	none	Consonant sequence does not match conservative role patterns.
འཁར	འ		ཁ		a	ར		ཁ		fully_resolved	high	One prefix/root/suffix parse is structurally possible.
འཁལ	འ		ཁ		a	ལ		ཁ		fully_resolved	high	One prefix/root/suffix parse is structurally possible.
འཁས	འ		ཁ		a	ས		ཁ		fully_resolved	high	One prefix/root/suffix parse is structurally possible.
འཁིང	འ		ཁ		i	ང		ཁ		fully_resolved	high	One prefix/root/suffix parse is structurally possible.
འཁིལ	འ		ཁ		i	ལ		ཁ		fully_resolved	high	One prefix/root/suffix parse is structurally possible.
འཁུ	འ		ཁ		u			ཁ		fully_resolved	high	One prefix/root/suffix parse is structurally possible.
འཁུགས	འ		ཁ		u	ག	ས	ཁ		fully_resolved	high	One prefix/root/suffix parse is structurally possible.
འཁུང	འ		ཁ		u	ང		ཁ		fully_resolved	high	One prefix/root/suffix parse is structurally possible.
འཁུན	འ		ཁ		u	ན		ཁ		fully_resolved	high	One prefix/root/suffix parse is structurally possible.
འཁུམ	འ		ཁ		u	མ		ཁ		fully_resolved	high	One prefix/root/suffix parse is structurally possible.
འཁུར	འ		ཁ		u	ར		ཁ		fully_resolved	high	One prefix/root/suffix parse is structurally possible.
འཁུལ	འ		ཁ		u	ལ		ཁ		fully_resolved	high	One prefix/root/suffix parse is structurally possible.
འཁུས	འ		ཁ		u	ས		ཁ		fully_resolved	high	One prefix/root/suffix parse is structurally possible.
འཁེགས	འ		ཁ		e	ག	ས	ཁ		fully_resolved	high	One prefix/root/suffix parse is structurally possible.
འཁེབ	འ		ཁ		e	བ		ཁ		fully_resolved	high	One prefix/root/suffix parse is structurally possible.
འཁེབས	འ		ཁ		e	བ	ས	ཁ		fully_resolved	high	One prefix/root/suffix parse is structurally possible.
འཁེལ	འ		ཁ		e	ལ		ཁ		fully_resolved	high	One prefix/root/suffix parse is structurally possible.
འཁོག	འ		ཁ		o	ག		ཁ		fully_resolved	high	One prefix/root/suffix parse is structurally possible.
འཁོགས	འ		ཁ		o	ག	ས	ཁ		fully_resolved	high	One prefix/root/suffix parse is structurally possible.
འཁོང	འ		ཁ		o	ང		ཁ		fully_resolved	high	One prefix/root/suffix parse is structurally possible.
འཁོད	འ		ཁ		o	ད		ཁ		fully_resolved	high	One prefix/root/suffix parse is structurally possible.
འཁོན	འ		ཁ		o	ན		ཁ		fully_resolved	high	One prefix/root/suffix parse is structurally possible.
འཁོབ	འ		ཁ		o	བ		ཁ		fully_resolved	high	One prefix/root/suffix parse is structurally possible.
འཁོབས	འ		ཁ		o	བ	ས	ཁ		fully_resolved	high	One prefix/root/suffix parse is structurally possible.
འཁོམ	འ		ཁ		o	མ		ཁ		fully_resolved	high	One prefix/root/suffix parse is structurally possible.
འཁོམས	འ		ཁ		o	མ	ས	ཁ		fully_resolved	high	One prefix/root/suffix parse is structurally possible.
འཁོར	འ		ཁ		o	ར		ཁ		fully_resolved	high	One prefix/root/suffix parse is structurally possible.
འཁོལ	འ		ཁ		o	ལ		ཁ		fully_resolved	high	One prefix/root/suffix parse is structurally possible.
འཁོས	འ		ཁ		o	ས		ཁ		fully_resolved	high	One prefix/root/suffix parse is structurally possible.
འཁྱག	འ		ཁ	ཡ	a	ག		ཁཡ		fully_resolved	high	Unicode stack and trailing suffix roles resolve uniquely.
འཁྱགས	འ		ཁ	ཡ	a	ག	ས	ཁཡ		fully_resolved	high	Unicode stack and trailing suffix roles resolve uniquely.
འཁྱངས	འ		ཁ	ཡ	a	ང	ས	ཁཡ		fully_resolved	high	Unicode stack and trailing suffix roles resolve uniquely.
འཁྱད	འ		ཁ	ཡ	a	ད		ཁཡ		fully_resolved	high	Unicode stack and trailing suffix roles resolve uniquely.
འཁྱན	འ		ཁ	ཡ	a	ན		ཁཡ		fully_resolved	high	Unicode stack and trailing suffix roles resolve uniquely.
འཁྱམ	འ		ཁ	ཡ	a	མ		ཁཡ		fully_resolved	high	Unicode stack and trailing suffix roles resolve uniquely.
འཁྱམས	འ		ཁ	ཡ	a	མ	ས	ཁཡ		fully_resolved	high	Unicode stack and trailing suffix roles resolve uniquely.
འཁྱར	འ		ཁ	ཡ	a	ར		ཁཡ		fully_resolved	high	Unicode stack and trailing suffix roles resolve uniquely.
འཁྱལ	འ		ཁ	ཡ	a	ལ		ཁཡ		fully_resolved	high	Unicode stack and trailing suffix roles resolve uniquely.
འཁྱིམས	འ		ཁ	ཡ	i	མ	ས	ཁཡ		fully_resolved	high	Unicode stack and trailing suffix roles resolve uniquely.
འཁྱིལ	འ		ཁ	ཡ	i	ལ		ཁཡ		fully_resolved	high	Unicode stack and trailing suffix roles resolve uniquely.
འཁྱུག	འ		ཁ	ཡ	u	ག		ཁཡ		fully_resolved	high	Unicode stack and trailing suffix roles resolve uniquely.
འཁྱུགས	འ		ཁ	ཡ	u	ག	ས	ཁཡ		fully_resolved	high	Unicode stack and trailing suffix roles resolve uniquely.
འཁྱུད	འ		ཁ	ཡ	u	ད		ཁཡ		fully_resolved	high	Unicode stack and trailing suffix roles resolve uniquely.
འཁྱུལ	འ		ཁ	ཡ	u	ལ		ཁཡ		fully_resolved	high	Unicode stack and trailing suffix roles resolve uniquely.
འཁྱེར	འ		ཁ	ཡ	e	ར		ཁཡ		fully_resolved	high	Unicode stack and trailing suffix roles resolve uniquely.
འཁྱོག	འ		ཁ	ཡ	o	ག		ཁཡ		fully_resolved	high	Unicode stack and trailing suffix roles resolve uniquely.
འཁྱོགས	འ		ཁ	ཡ	o	ག	ས	ཁཡ		fully_resolved	high	Unicode stack and trailing suffix roles resolve uniquely.
འཁྱོང	འ		ཁ	ཡ	o	ང		ཁཡ		fully_resolved	high	Unicode stack and trailing suffix roles resolve uniquely.
འཁྱོངས	འ		ཁ	ཡ	o	ང	ས	ཁཡ		fully_resolved	high	Unicode stack and trailing suffix roles resolve uniquely.
འཁྱོམ	འ		ཁ	ཡ	o	མ		ཁཡ		fully_resolved	high	Unicode stack and trailing suffix roles resolve uniquely.
འཁྱོམས	འ		ཁ	ཡ	o	མ	ས	ཁཡ		fully_resolved	high	Unicode stack and trailing suffix roles resolve uniquely.
འཁྱོར	འ		ཁ	ཡ	o	ར		ཁཡ		fully_resolved	high	Unicode stack and trailing suffix roles resolve uniquely.
འཁྱོལ	འ		ཁ	ཡ	o	ལ		ཁཡ		fully_resolved	high	Unicode stack and trailing suffix roles resolve uniquely.
འཁྱོས	འ		ཁ	ཡ	o	ས		ཁཡ		fully_resolved	high	Unicode stack and trailing suffix roles resolve uniquely.
འཁྲངས	འ		ཁ	ར	a	ང	ས	ཁར		fully_resolved	high	Unicode stack and trailing suffix roles resolve uniquely.
འཁྲབ	འ		ཁ	ར	a	བ		ཁར		fully_resolved	high	Unicode stack and trailing suffix roles resolve uniquely.
འཁྲལ	འ		ཁ	ར	a	ལ		ཁར		fully_resolved	high	Unicode stack and trailing suffix roles resolve uniquely.
འཁྲི	འ		ཁ	ར	i			ཁར		fully_resolved	high	Unicode stack and trailing suffix roles resolve uniquely.
འཁྲིག	འ		ཁ	ར	i	ག		ཁར		fully_resolved	high	Unicode stack and trailing suffix roles resolve uniquely.
འཁྲིགས	འ		ཁ	ར	i	ག	ས	ཁར		fully_resolved	high	Unicode stack and trailing suffix roles resolve uniquely.
འཁྲིང	འ		ཁ	ར	i	ང		ཁར		fully_resolved	high	Unicode stack and trailing suffix roles resolve uniquely.
འཁྲིད	འ		ཁ	ར	i	ད		ཁར		fully_resolved	high	Unicode stack and trailing suffix roles resolve uniquely.
འཁྲིན	འ		ཁ	ར	i	ན		ཁར		fully_resolved	high	Unicode stack and trailing suffix roles resolve uniquely.
འཁྲིམས	འ		ཁ	ར	i	མ	ས	ཁར		fully_resolved	high	Unicode stack and trailing suffix roles resolve uniquely.
འཁྲིལ	འ		ཁ	ར	i	ལ		ཁར		fully_resolved	high	Unicode stack and trailing suffix roles resolve uniquely.
འཁྲིས	འ		ཁ	ར	i	ས		ཁར		fully_resolved	high	Unicode stack and trailing suffix roles resolve uniquely.
འཁྲུག	འ		ཁ	ར	u	ག		ཁར		fully_resolved	high	Unicode stack and trailing suffix roles resolve uniquely.
འཁྲུགས	འ		ཁ	ར	u	ག	ས	ཁར		fully_resolved	high	Unicode stack and trailing suffix roles resolve uniquely.
འཁྲུངས	འ		ཁ	ར	u	ང	ས	ཁར		fully_resolved	high	Unicode stack and trailing suffix roles resolve uniquely.
འཁྲུལ	འ		ཁ	ར	u	ལ		ཁར		fully_resolved	high	Unicode stack and trailing suffix roles resolve uniquely.
འཁྲེ	འ		ཁ	ར	e			ཁར		fully_resolved	high	Unicode stack and trailing suffix roles resolve uniquely.
འཁྲེང	འ		ཁ	ར	e	ང		ཁར		fully_resolved	high	Unicode stack and trailing suffix roles resolve uniquely.
འཁྲེད	འ		ཁ	ར	e	ད		ཁར		fully_resolved	high	Unicode stack and trailing suffix roles resolve uniquely.
འཁྲེལ	འ		ཁ	ར	e	ལ		ཁར		fully_resolved	high	Unicode stack and trailing suffix roles resolve uniquely.
འཁྲོ	འ		ཁ	ར	o			ཁར		fully_resolved	high	Unicode stack and trailing suffix roles resolve uniquely.
འཁྲོག	འ		ཁ	ར	o	ག		ཁར		fully_resolved	high	Unicode stack and trailing suffix roles resolve uniquely.
འཁྲོགས	འ		ཁ	ར	o	ག	ས	ཁར		fully_resolved	high	Unicode stack and trailing suffix roles resolve uniquely.
འཁྲོད	འ		ཁ	ར	o	ད		ཁར		fully_resolved	high	Unicode stack and trailing suffix roles resolve uniquely.
འག					a				འ;ག	ambiguous_root	low	Multiple Tibetan-only root parses remain possible.
འགག	འ		ག		a	ག		ག		fully_resolved	high	One prefix/root/suffix parse is structurally possible.
འགགས	འ		ག		a	ག	ས	ག		fully_resolved	high	One prefix/root/suffix parse is structurally possible.
འགང	འ		ག		a	ང		ག		fully_resolved	high	One prefix/root/suffix parse is structurally possible.
འགངས	འ		ག		a	ང	ས	ག		fully_resolved	high	One prefix/root/suffix parse is structurally possible.
འགད					a				འ;ག	ambiguous_root	low	Multiple Tibetan-only root parses remain possible.
འགན	འ		ག		a	ན		ག		fully_resolved	high	One prefix/root/suffix parse is structurally possible.
འགབ	འ		ག		a	བ		ག		fully_resolved	high	One prefix/root/suffix parse is structurally possible.
འགབྲེང			བ	ར	e	ང		བར	འ;ག	partially_resolved	medium	Stack resolved; extra consonants remain ambiguous.
འགབྲོ			བ	ར	o			བར	འ;ག	partially_resolved	medium	Stack resolved; extra consonants remain ambiguous.
འགམ	འ		ག		a	མ		ག		fully_resolved	high	One prefix/root/suffix parse is structurally possible.
འགམས	འ		ག		a	མ	ས	ག		fully_resolved	high	One prefix/root/suffix parse is structurally possible.
འགའ	འ		ག		a	འ		ག		fully_resolved	high	One prefix/root/suffix parse is structurally possible.
འགར	འ		ག		a	ར		ག		fully_resolved	high	One prefix/root/suffix parse is structurally possible.
འགལ	འ		ག		a	ལ		ག		fully_resolved	high	One prefix/root/suffix parse is structurally possible.
འགས					a				འ;ག	ambiguous_root	low	Multiple Tibetan-only root parses remain possible.
འགུགས	འ		ག		u	ག	ས	ག		fully_resolved	high	One prefix/root/suffix parse is structurally possible.
འགུམ	འ		ག		u	མ		ག		fully_resolved	high	One prefix/root/suffix parse is structurally possible.
འགུར	འ		ག		u	ར		ག		fully_resolved	high	One prefix/root/suffix parse is structurally possible.
འགུལ	འ		ག		u	ལ		ག		fully_resolved	high	One prefix/root/suffix parse is structurally possible.
འགེ					e				འ;ག	ambiguous_root	low	Multiple Tibetan-only root parses remain possible.
འགེགས	འ		ག		e	ག	ས	ག		fully_resolved	high	One prefix/root/suffix parse is structurally possible.
འགེངས	འ		ག		e	ང	ས	ག		fully_resolved	high	One prefix/root/suffix parse is structurally possible.
འགེད					e				འ;ག	ambiguous_root	low	Multiple Tibetan-only root parses remain possible.
འགེབས	འ		ག		e	བ	ས	ག		fully_resolved	high	One prefix/root/suffix parse is structurally possible.
འགེམས	འ		ག		e	མ	ས	ག		fully_resolved	high	One prefix/root/suffix parse is structurally possible.
འགེལ	འ		ག		e	ལ		ག		fully_resolved	high	One prefix/root/suffix parse is structurally possible.
འགོ					o				འ;ག	ambiguous_root	low	Multiple Tibetan-only root parses remain possible.
འགོག	འ		ག		o	ག		ག		fully_resolved	high	One prefix/root/suffix parse is structurally possible.
འགོགས	འ		ག		o	ག	ས	ག		fully_resolved	high	One prefix/root/suffix parse is structurally possible.
འགོང	འ		ག		o	ང		ག		fully_resolved	high	One prefix/root/suffix parse is structurally possible.
འགོངས	འ		ག		o	ང	ས	ག		fully_resolved	high	One prefix/root/suffix parse is structurally possible.
འགོད					o				འ;ག	ambiguous_root	low	Multiple Tibetan-only root parses remain possible.
འགོམ	འ		ག		o	མ		ག		fully_resolved	high	One prefix/root/suffix parse is structurally possible.
འགོར	འ		ག		o	ར		ག		fully_resolved	high	One prefix/root/suffix parse is structurally possible.
འགོལ	འ		ག		o	ལ		ག		fully_resolved	high	One prefix/root/suffix parse is structurally possible.
འགོས					o				འ;ག	ambiguous_root	low	Multiple Tibetan-only root parses remain possible.
འགྱ	འ		ག	ཡ	a			གཡ		fully_resolved	high	Unicode stack and trailing suffix roles resolve uniquely.
འགྱང	འ		ག	ཡ	a	ང		གཡ		fully_resolved	high	Unicode stack and trailing suffix roles resolve uniquely.
འགྱངས	འ		ག	ཡ	a	ང	ས	གཡ		fully_resolved	high	Unicode stack and trailing suffix roles resolve uniquely.
འགྱམ	འ		ག	ཡ	a	མ		གཡ		fully_resolved	high	Unicode stack and trailing suffix roles resolve uniquely.
འགྱའར	འ		ག	ཡ	a	ར		གཡ	འ	partially_resolved	medium	Stack resolved; extra consonants remain ambiguous.
འགྱར	འ		ག	ཡ	a	ར		གཡ		fully_resolved	high	Unicode stack and trailing suffix roles resolve uniquely.
འགྱས	འ		ག	ཡ	a	ས		གཡ		fully_resolved	high	Unicode stack and trailing suffix roles resolve uniquely.
འགྱིག	འ		ག	ཡ	i	ག		གཡ		fully_resolved	high	Unicode stack and trailing suffix roles resolve uniquely.
འགྱིང	འ		ག	ཡ	i	ང		གཡ		fully_resolved	high	Unicode stack and trailing suffix roles resolve uniquely.
འགྱིངས	འ		ག	ཡ	i	ང	ས	གཡ		fully_resolved	high	Unicode stack and trailing suffix roles resolve uniquely.
འགྱུ	འ		ག	ཡ	u			གཡ		fully_resolved	high	Unicode stack and trailing suffix roles resolve uniquely.
འགྱུད	འ		ག	ཡ	u	ད		གཡ		fully_resolved	high	Unicode stack and trailing suffix roles resolve uniquely.
འགྱུབ	འ		ག	ཡ	u	བ		གཡ		fully_resolved	high	Unicode stack and trailing suffix roles resolve uniquely.
འགྱུར	འ		ག	ཡ	u	ར		གཡ		fully_resolved	high	Unicode stack and trailing suffix roles resolve uniquely.
འགྱུལ	འ		ག	ཡ	u	ལ		གཡ		fully_resolved	high	Unicode stack and trailing suffix roles resolve uniquely.
འགྱུས	འ		ག	ཡ	u	ས		གཡ		fully_resolved	high	Unicode stack and trailing suffix roles resolve uniquely.
འགྱེ	འ		ག	ཡ	e			གཡ		fully_resolved	high	Unicode stack and trailing suffix roles resolve uniquely.
འགྱེད	འ		ག	ཡ	e	ད		གཡ		fully_resolved	high	Unicode stack and trailing suffix roles resolve uniquely.
འགྱེན	འ		ག	ཡ	e	ན		གཡ		fully_resolved	high	Unicode stack and trailing suffix roles resolve uniquely.
འགྱེར	འ		ག	ཡ	e	ར		གཡ		fully_resolved	high	Unicode stack and trailing suffix roles resolve uniquely.
འགྱེལ	འ		ག	ཡ	e	ལ		གཡ		fully_resolved	high	Unicode stack and trailing suffix roles resolve uniquely.
འགྱེས	འ		ག	ཡ	e	ས		གཡ		fully_resolved	high	Unicode stack and trailing suffix roles resolve uniquely.
འགྱོག	འ		ག	ཡ	o	ག		གཡ		fully_resolved	high	Unicode stack and trailing suffix roles resolve uniquely.
འགྱོགས	འ		ག	ཡ	o	ག	ས	གཡ		fully_resolved	high	Unicode stack and trailing suffix roles resolve uniquely.
འགྱོང	འ		ག	ཡ	o	ང		གཡ		fully_resolved	high	Unicode stack and trailing suffix roles resolve uniquely.
འགྱོད	འ		ག	ཡ	o	ད		གཡ		fully_resolved	high	Unicode stack and trailing suffix roles resolve uniquely.
འགྲ	འ		ག	ར	a			གར		fully_resolved	high	Unicode stack and trailing suffix roles resolve uniquely.
འགྲགས	འ		ག	ར	a	ག	ས	གར		fully_resolved	high	Unicode stack and trailing suffix roles resolve uniquely.
འགྲང	འ		ག	ར	a	ང		གར		fully_resolved	high	Unicode stack and trailing suffix roles resolve uniquely.
འགྲངས	འ		ག	ར	a	ང	ས	གར		fully_resolved	high	Unicode stack and trailing suffix roles resolve uniquely.
འགྲན	འ		ག	ར	a	ན		གར		fully_resolved	high	Unicode stack and trailing suffix roles resolve uniquely.
འགྲབ	འ		ག	ར	a	བ		གར		fully_resolved	high	Unicode stack and trailing suffix roles resolve uniquely.
འགྲམ	འ		ག	ར	a	མ		གར		fully_resolved	high	Unicode stack and trailing suffix roles resolve uniquely.
འགྲམས	འ		ག	ར	a	མ	ས	གར		fully_resolved	high	Unicode stack and trailing suffix roles resolve uniquely.
འགྲར	འ		ག	ར	a	ར		གར		fully_resolved	high	Unicode stack and trailing suffix roles resolve uniquely.
འགྲལ	འ		ག	ར	a	ལ		གར		fully_resolved	high	Unicode stack and trailing suffix roles resolve uniquely.
འགྲས	འ		ག	ར	a	ས		གར		fully_resolved	high	Unicode stack and trailing suffix roles resolve uniquely.
འགྲིག	འ		ག	ར	i	ག		གར		fully_resolved	high	Unicode stack and trailing suffix roles resolve uniquely.
འགྲིགས	འ		ག	ར	i	ག	ས	གར		fully_resolved	high	Unicode stack and trailing suffix roles resolve uniquely.
འགྲིབ	འ		ག	ར	i	བ		གར		fully_resolved	high	Unicode stack and trailing suffix roles resolve uniquely.
འགྲིམ	འ		ག	ར	i	མ		གར		fully_resolved	high	Unicode stack and trailing suffix roles resolve uniquely.
འགྲིམས	འ		ག	ར	i	མ	ས	གར		fully_resolved	high	Unicode stack and trailing suffix roles resolve uniquely.
འགྲིལ	འ		ག	ར	i	ལ		གར		fully_resolved	high	Unicode stack and trailing suffix roles resolve uniquely.
འགྲིས	འ		ག	ར	i	ས		གར		fully_resolved	high	Unicode stack and trailing suffix roles resolve uniquely.
འགྲུག	འ		ག	ར	u	ག		གར		fully_resolved	high	Unicode stack and trailing suffix roles resolve uniquely.
འགྲུགས	འ		ག	ར	u	ག	ས	གར		fully_resolved	high	Unicode stack and trailing suffix roles resolve uniquely.
འགྲུབ	འ		ག	ར	u	བ		གར		fully_resolved	high	Unicode stack and trailing suffix roles resolve uniquely.
འགྲུམ	འ		ག	ར	u	མ		གར		fully_resolved	high	Unicode stack and trailing suffix roles resolve uniquely.
འགྲུལ	འ		ག	ར	u	ལ		གར		fully_resolved	high	Unicode stack and trailing suffix roles resolve uniquely.
འགྲེ	འ		ག	ར	e			གར		fully_resolved	high	Unicode stack and trailing suffix roles resolve uniquely.
འགྲེགས	འ		ག	ར	e	ག	ས	གར		fully_resolved	high	Unicode stack and trailing suffix roles resolve uniquely.
འགྲེང	འ		ག	ར	e	ང		གར		fully_resolved	high	Unicode stack and trailing suffix roles resolve uniquely.
འགྲེངས	འ		ག	ར	e	ང	ས	གར		fully_resolved	high	Unicode stack and trailing suffix roles resolve uniquely.
འགྲེབས	འ		ག	ར	e	བ	ས	གར		fully_resolved	high	Unicode stack and trailing suffix roles resolve uniquely.
འགྲེམས	འ		ག	ར	e	མ	ས	གར		fully_resolved	high	Unicode stack and trailing suffix roles resolve uniquely.
འགྲེལ	འ		ག	ར	e	ལ		གར		fully_resolved	high	Unicode stack and trailing suffix roles resolve uniquely.
འགྲེས	འ		ག	ར	e	ས		གར		fully_resolved	high	Unicode stack and trailing suffix roles resolve uniquely.
འགྲོ	འ		ག	ར	o			གར		fully_resolved	high	Unicode stack and trailing suffix roles resolve uniquely.
འགྲོགས	འ		ག	ར	o	ག	ས	གར		fully_resolved	high	Unicode stack and trailing suffix roles resolve uniquely.
འགྲོང	འ		ག	ར	o	ང		གར		fully_resolved	high	Unicode stack and trailing suffix roles resolve uniquely.
འགྲོངས	འ		ག	ར	o	ང	ས	གར		fully_resolved	high	Unicode stack and trailing suffix roles resolve uniquely.
འགྲོད	འ		ག	ར	o	ད		གར		fully_resolved	high	Unicode stack and trailing suffix roles resolve uniquely.
འགྲོན	འ		ག	ར	o	ན		གར		fully_resolved	high	Unicode stack and trailing suffix roles resolve uniquely.
འགྲོའི										unsupported_orthographic_sign	none	Multiple Tibetan vowel signs are not modelled.
འགྲོར	འ		ག	ར	o	ར		གར		fully_resolved	high	Unicode stack and trailing suffix roles resolve uniquely.
འགྲོལ	འ		ག	ར	o	ལ		གར		fully_resolved	high	Unicode stack and trailing suffix roles resolve uniquely.
འགྲོས	འ		ག	ར	o	ས		གར		fully_resolved	high	Unicode stack and trailing suffix roles resolve uniquely.
འགྲོཨཊ	འ		ག	ར	o			གར	ཨ;ཊ	partially_resolved	medium	Stack resolved; extra consonants remain ambiguous.
འགློ	འ		ག	ལ	o			གལ		fully_resolved	high	Unicode stack and trailing suffix roles resolve uniquely.
འང					a				འ;ང	ambiguous_root	low	Multiple Tibetan-only root parses remain possible.
འངད					a				འ;ང	ambiguous_root	low	Multiple Tibetan-only root parses remain possible.
འངདལ					a					unusual_stack	none	Consonant sequence does not match conservative role patterns.
འངས					a				འ;ང	ambiguous_root	low	Multiple Tibetan-only root parses remain possible.
འངོང	འ		ང		o	ང		ང		fully_resolved	high	One prefix/root/suffix parse is structurally possible.
འངོར	འ		ང		o	ར		ང		fully_resolved	high	One prefix/root/suffix parse is structurally possible.
འཆ	འ		ཆ		a			ཆ		fully_resolved	high	One prefix/root/suffix parse is structurally possible.
འཆག	འ		ཆ		a	ག		ཆ		fully_resolved	high	One prefix/root/suffix parse is structurally possible.
འཆགས	འ		ཆ		a	ག	ས	ཆ		fully_resolved	high	One prefix/root/suffix parse is structurally possible.
འཆང	འ		ཆ		a	ང		ཆ		fully_resolved	high	One prefix/root/suffix parse is structurally possible.
འཆཊ					a					unusual_stack	none	Consonant sequence does not match conservative role patterns.
འཆད	འ		ཆ		a	ད		ཆ		fully_resolved	high	One prefix/root/suffix parse is structurally possible.
འཆབ	འ		ཆ		a	བ		ཆ		fully_resolved	high	One prefix/root/suffix parse is structurally possible.
འཆམ	འ		ཆ		a	མ		ཆ		fully_resolved	high	One prefix/root/suffix parse is structurally possible.
འཆམས	འ		ཆ		a	མ	ས	ཆ		fully_resolved	high	One prefix/root/suffix parse is structurally possible.
འཆཚ					a					unusual_stack	none	Consonant sequence does not match conservative role patterns.
འཆའ	འ		ཆ		a	འ		ཆ		fully_resolved	high	One prefix/root/suffix parse is structurally possible.
འཆར	འ		ཆ		a	ར		ཆ		fully_resolved	high	One prefix/root/suffix parse is structurally possible.
འཆལ	འ		ཆ		a	ལ		ཆ		fully_resolved	high	One prefix/root/suffix parse is structurally possible.
འཆི	འ		ཆ		i			ཆ		fully_resolved	high	One prefix/root/suffix parse is structurally possible.
འཆིང	འ		ཆ		i	ང		ཆ		fully_resolved	high	One prefix/root/suffix parse is structurally possible.
འཆིངས	འ		ཆ		i	ང	ས	ཆ		fully_resolved	high	One prefix/root/suffix parse is structurally possible.
འཆིབ	འ		ཆ		i	བ		ཆ		fully_resolved	high	One prefix/root/suffix parse is structurally possible.
འཆིམས	འ		ཆ		i	མ	ས	ཆ		fully_resolved	high	One prefix/root/suffix parse is structurally possible.
འཆིར	འ		ཆ		i	ར		ཆ		fully_resolved	high	One prefix/root/suffix parse is structurally possible.
འཆུ	འ		ཆ		u			ཆ		fully_resolved	high	One prefix/root/suffix parse is structurally possible.
འཆུག	འ		ཆ		u	ག		ཆ		fully_resolved	high	One prefix/root/suffix parse is structurally possible.
འཆུགས	འ		ཆ		u	ག	ས	ཆ		fully_resolved	high	One prefix/root/suffix parse is structurally possible.
འཆུན	འ		ཆ		u	ན		ཆ		fully_resolved	high	One prefix/root/suffix parse is structurally possible.
འཆུབ	འ		ཆ		u	བ		ཆ		fully_resolved	high	One prefix/root/suffix parse is structurally possible.
འཆུམས	འ		ཆ		u	མ	ས	ཆ		fully_resolved	high	One prefix/root/suffix parse is structurally possible.
འཆུར	འ		ཆ		u	ར		ཆ		fully_resolved	high	One prefix/root/suffix parse is structurally possible.
འཆེ	འ		ཆ		e			ཆ		fully_resolved	high	One prefix/root/suffix parse is structurally possible.
འཆེག	འ		ཆ		e	ག		ཆ		fully_resolved	high	One prefix/root/suffix parse is structurally possible.
འཆེང	འ		ཆ		e	ང		ཆ		fully_resolved	high	One prefix/root/suffix parse is structurally possible.
འཆེར	འ		ཆ		e	ར		ཆ		fully_resolved	high	One prefix/root/suffix parse is structurally possible.
འཆེལ	འ		ཆ		e	ལ		ཆ		fully_resolved	high	One prefix/root/suffix parse is structurally possible.
འཆེས	འ		ཆ		e	ས		ཆ		fully_resolved	high	One prefix/root/suffix parse is structurally possible.
འཆོག	འ		ཆ		o	ག		ཆ		fully_resolved	high	One prefix/root/suffix parse is structurally possible.
འཆོབས	འ		ཆ		o	བ	ས	ཆ		fully_resolved	high	One prefix/root/suffix parse is structurally possible.
འཆོམ	འ		ཆ		o	མ		ཆ		fully_resolved	high	One prefix/root/suffix parse is structurally possible.
འཆོར	འ		ཆ		o	ར		ཆ		fully_resolved	high	One prefix/root/suffix parse is structurally possible.
འཆོལ	འ		ཆ		o	ལ		ཆ		fully_resolved	high	One prefix/root/suffix parse is structurally possible.
འཆོས	འ		ཆ		o	ས		ཆ		fully_resolved	high	One prefix/root/suffix parse is structurally possible.
འཇག	འ		ཇ		a	ག		ཇ		fully_resolved	high	One prefix/root/suffix parse is structurally possible.
འཇགས	འ		ཇ		a	ག	ས	ཇ		fully_resolved	high	One prefix/root/suffix parse is structurally possible.
འཇང	འ		ཇ		a	ང		ཇ		fully_resolved	high	One prefix/root/suffix parse is structurally possible.
འཇན	འ		ཇ		a	ན		ཇ		fully_resolved	high	One prefix/root/suffix parse is structurally possible.
འཇབ	འ		ཇ		a	བ		ཇ		fully_resolved	high	One prefix/root/suffix parse is structurally possible.
འཇམ	འ		ཇ		a	མ		ཇ		fully_resolved	high	One prefix/root/suffix parse is structurally possible.
འཇཛའ					a					unusual_stack	none	Consonant sequence does not match conservative role patterns.
འཇཛིན					i					unusual_stack	none	Consonant sequence does not match conservative role patterns.
འཇའ	འ		ཇ		a	འ		ཇ		fully_resolved	high	One prefix/root/suffix parse is structurally possible.
འཇར	འ		ཇ		a	ར		ཇ		fully_resolved	high	One prefix/root/suffix parse is structurally possible.
འཇལ	འ		ཇ		a	ལ		ཇ		fully_resolved	high	One prefix/root/suffix parse is structurally possible.
འཇི	འ		ཇ		i			ཇ		fully_resolved	high	One prefix/root/suffix parse is structurally possible.
འཇིག	འ		ཇ		i	ག		ཇ		fully_resolved	high	One prefix/root/suffix parse is structurally possible.
འཇིགས	འ		ཇ		i	ག	ས	ཇ		fully_resolved	high	One prefix/root/suffix parse is structurally possible.
འཇིང	འ		ཇ		i	ང		ཇ		fully_resolved	high	One prefix/root/suffix parse is structurally possible.
འཇིབ	འ		ཇ		i	བ		ཇ		fully_resolved	high	One prefix/root/suffix parse is structurally possible.
འཇིམ	འ		ཇ		i	མ		ཇ		fully_resolved	high	One prefix/root/suffix parse is structurally possible.
འཇིའ	འ		ཇ		i	འ		ཇ		fully_resolved	high	One prefix/root/suffix parse is structurally possible.
འཇིལ	འ		ཇ		i	ལ		ཇ		fully_resolved	high	One prefix/root/suffix parse is structurally possible.
འཇུ	འ		ཇ		u			ཇ		fully_resolved	high	One prefix/root/suffix parse is structurally possible.
འཇུག	འ		ཇ		u	ག		ཇ		fully_resolved	high	One prefix/root/suffix parse is structurally possible.
འཇུགས	འ		ཇ		u	ག	ས	ཇ		fully_resolved	high	One prefix/root/suffix parse is structurally possible.
འཇུངས	འ		ཇ		u	ང	ས	ཇ		fully_resolved	high	One prefix/root/suffix parse is structurally possible.
འཇུད	འ		ཇ		u	ད		ཇ		fully_resolved	high	One prefix/root/suffix parse is structurally possible.
འཇུན	འ		ཇ		u	ན		ཇ		fully_resolved	high	One prefix/root/suffix parse is structurally possible.
འཇུམ	འ		ཇ		u	མ		ཇ		fully_resolved	high	One prefix/root/suffix parse is structurally possible.
འཇུར	འ		ཇ		u	ར		ཇ		fully_resolved	high	One prefix/root/suffix parse is structurally possible.
འཇུས	འ		ཇ		u	ས		ཇ		fully_resolved	high	One prefix/root/suffix parse is structurally possible.
འཇེན	འ		ཇ		e	ན		ཇ		fully_resolved	high	One prefix/root/suffix parse is structurally possible.
འཇེབས	འ		ཇ		e	བ	ས	ཇ		fully_resolved	high	One prefix/root/suffix parse is structurally possible.
འཇེམ	འ		ཇ		e	མ		ཇ		fully_resolved	high	One prefix/root/suffix parse is structurally possible.
འཇེར	འ		ཇ		e	ར		ཇ		fully_resolved	high	One prefix/root/suffix parse is structurally possible.
འཇོ	འ		ཇ		o			ཇ		fully_resolved	high	One prefix/root/suffix parse is structurally possible.
འཇོག	འ		ཇ		o	ག		ཇ		fully_resolved	high	One prefix/root/suffix parse is structurally possible.
འཇོགས	འ		ཇ		o	ག	ས	ཇ		fully_resolved	high	One prefix/root/suffix parse is structurally possible.
འཇོད	འ		ཇ		o	ད		ཇ		fully_resolved	high	One prefix/root/suffix parse is structurally possible.
འཇོན	འ		ཇ		o	ན		ཇ		fully_resolved	high	One prefix/root/suffix parse is structurally possible.
འཇོམ	འ		ཇ		o	མ		ཇ		fully_resolved	high	One prefix/root/suffix parse is structurally possible.
འཇོམས	འ		ཇ		o	མ	ས	ཇ		fully_resolved	high	One prefix/root/suffix parse is structurally possible.
འཇོམཿས					o					unsupported_orthographic_sign	none	Unsupported transcription-bearing Tibetan signs: U+0F7F
འཇོའ	འ		ཇ		o	འ		ཇ		fully_resolved	high	One prefix/root/suffix parse is structurally possible.
འཇོརས	འ		ཇ		o	ར	ས	ཇ		fully_resolved	high	One prefix/root/suffix parse is structurally possible.
འཇོལ	འ		ཇ		o	ལ		ཇ		fully_resolved	high	One prefix/root/suffix parse is structurally possible.
འཇྱམ	འ		ཇ	ཡ	a	མ		ཇཡ		fully_resolved	high	Unicode stack and trailing suffix roles resolve uniquely.
འཇྲམ	འ		ཇ	ར	a	མ		ཇར		fully_resolved	high	Unicode stack and trailing suffix roles resolve uniquely.
འཇྲལ	འ		ཇ	ར	a	ལ		ཇར		fully_resolved	high	Unicode stack and trailing suffix roles resolve uniquely.
འཇྲིག	འ		ཇ	ར	i	ག		ཇར		fully_resolved	high	Unicode stack and trailing suffix roles resolve uniquely.
འཇྲིགས	འ		ཇ	ར	i	ག	ས	ཇར		fully_resolved	high	Unicode stack and trailing suffix roles resolve uniquely.
འཇྲེལས	འ		ཇ	ར	e	ལ	ས	ཇར		fully_resolved	high	Unicode stack and trailing suffix roles resolve uniquely.
འཏྱོམས	འ		ཏ	ཡ	o	མ	ས	ཏཡ		fully_resolved	high	Unicode stack and trailing suffix roles resolve uniquely.
འཐག	འ		ཐ		a	ག		ཐ		fully_resolved	high	One prefix/root/suffix parse is structurally possible.
འཐགས	འ		ཐ		a	ག	ས	ཐ		fully_resolved	high	One prefix/root/suffix parse is structurally possible.
འཐང	འ		ཐ		a	ང		ཐ		fully_resolved	high	One prefix/root/suffix parse is structurally possible.
འཐད	འ		ཐ		a	ད		ཐ		fully_resolved	high	One prefix/root/suffix parse is structurally possible.
འཐན	འ		ཐ		a	ན		ཐ		fully_resolved	high	One prefix/root/suffix parse is structurally possible.
འཐབ	འ		ཐ		a	བ		ཐ		fully_resolved	high	One prefix/root/suffix parse is structurally possible.
འཐམས	འ		ཐ		a	མ	ས	ཐ		fully_resolved	high	One prefix/root/suffix parse is structurally possible.
འཐར	འ		ཐ		a	ར		ཐ		fully_resolved	high	One prefix/root/suffix parse is structurally possible.
འཐས	འ		ཐ		a	ས		ཐ		fully_resolved	high	One prefix/root/suffix parse is structurally possible.
འཐིག	འ		ཐ		i	ག		ཐ		fully_resolved	high	One prefix/root/suffix parse is structurally possible.
འཐིགས	འ		ཐ		i	ག	ས	ཐ		fully_resolved	high	One prefix/root/suffix parse is structurally possible.
འཐིང	འ		ཐ		i	ང		ཐ		fully_resolved	high	One prefix/root/suffix parse is structurally possible.
འཐིབས	འ		ཐ		i	བ	ས	ཐ		fully_resolved	high	One prefix/root/suffix parse is structurally possible.
འཐུག	འ		ཐ		u	ག		ཐ		fully_resolved	high	One prefix/root/suffix parse is structurally possible.
འཐུང	འ		ཐ		u	ང		ཐ		fully_resolved	high	One prefix/root/suffix parse is structurally possible.
འཐུངས	འ		ཐ		u	ང	ས	ཐ		fully_resolved	high	One prefix/root/suffix parse is structurally possible.
འཐུད	འ		ཐ		u	ད		ཐ		fully_resolved	high	One prefix/root/suffix parse is structurally possible.
འཐུན	འ		ཐ		u	ན		ཐ		fully_resolved	high	One prefix/root/suffix parse is structurally possible.
འཐུབ	འ		ཐ		u	བ		ཐ		fully_resolved	high	One prefix/root/suffix parse is structurally possible.
འཐུམ	འ		ཐ		u	མ		ཐ		fully_resolved	high	One prefix/root/suffix parse is structurally possible.
འཐུམས	འ		ཐ		u	མ	ས	ཐ		fully_resolved	high	One prefix/root/suffix parse is structurally possible.
འཐུས	འ		ཐ		u	ས		ཐ		fully_resolved	high	One prefix/root/suffix parse is structurally possible.
འཐེག	འ		ཐ		e	ག		ཐ		fully_resolved	high	One prefix/root/suffix parse is structurally possible.
འཐེང	འ		ཐ		e	ང		ཐ		fully_resolved	high	One prefix/root/suffix parse is structurally possible.
འཐེད	འ		ཐ		e	ད		ཐ		fully_resolved	high	One prefix/root/suffix parse is structurally possible.
འཐེན	འ		ཐ		e	ན		ཐ		fully_resolved	high	One prefix/root/suffix parse is structurally possible.
འཐེམས	འ		ཐ		e	མ	ས	ཐ		fully_resolved	high	One prefix/root/suffix parse is structurally possible.
འཐེར	འ		ཐ		e	ར		ཐ		fully_resolved	high	One prefix/root/suffix parse is structurally possible.
འཐེལ	འ		ཐ		e	ལ		ཐ		fully_resolved	high	One prefix/root/suffix parse is structurally possible.
འཐོག	འ		ཐ		o	ག		ཐ		fully_resolved	high	One prefix/root/suffix parse is structurally possible.
འཐོགས	འ		ཐ		o	ག	ས	ཐ		fully_resolved	high	One prefix/root/suffix parse is structurally possible.
འཐོང	འ		ཐ		o	ང		ཐ		fully_resolved	high	One prefix/root/suffix parse is structurally possible.
འཐོན	འ		ཐ		o	ན		ཐ		fully_resolved	high	One prefix/root/suffix parse is structurally possible.
འཐོབ	འ		ཐ		o	བ		ཐ		fully_resolved	high	One prefix/root/suffix parse is structurally possible.
འཐོམས	འ		ཐ		o	མ	ས	ཐ		fully_resolved	high	One prefix/root/suffix parse is structurally possible.
འཐོར	འ		ཐ		o	ར		ཐ		fully_resolved	high	One prefix/root/suffix parse is structurally possible.
འཐྲིང	འ		ཐ	ར	i	ང		ཐར		fully_resolved	high	Unicode stack and trailing suffix roles resolve uniquely.
འཐྲེན	འ		ཐ	ར	e	ན		ཐར		fully_resolved	high	Unicode stack and trailing suffix roles resolve uniquely.
འཐྲོ	འ		ཐ	ར	o			ཐར		fully_resolved	high	Unicode stack and trailing suffix roles resolve uniquely.
འཐྲོན	འ		ཐ	ར	o	ན		ཐར		fully_resolved	high	Unicode stack and trailing suffix roles resolve uniquely.
འད					a				འ;ད	ambiguous_root	low	Multiple Tibetan-only root parses remain possible.
འདག	འ		ད		a	ག		ད		fully_resolved	high	One prefix/root/suffix parse is structurally possible.
འདགས	འ		ད		a	ག	ས	ད		fully_resolved	high	One prefix/root/suffix parse is structurally possible.
འདང	འ		ད		a	ང		ད		fully_resolved	high	One prefix/root/suffix parse is structurally possible.
འདངས	འ		ད		a	ང	ས	ད		fully_resolved	high	One prefix/root/suffix parse is structurally possible.
འདད					a				འ;ད	ambiguous_root	low	Multiple Tibetan-only root parses remain possible.
འདན	འ		ད		a	ན		ད		fully_resolved	high	One prefix/root/suffix parse is structurally possible.
འདབ	འ		ད		a	བ		ད		fully_resolved	high	One prefix/root/suffix parse is structurally possible.
འདབག					a					unusual_stack	none	Consonant sequence does not match conservative role patterns.
འདབས	འ		ད		a	བ	ས	ད		fully_resolved	high	One prefix/root/suffix parse is structurally possible.
འདམ	འ		ད		a	མ		ད		fully_resolved	high	One prefix/root/suffix parse is structurally possible.
འདམས	འ		ད		a	མ	ས	ད		fully_resolved	high	One prefix/root/suffix parse is structurally possible.
འདའ	འ		ད		a	འ		ད		fully_resolved	high	One prefix/root/suffix parse is structurally possible.
འདའི	འ		ད		i	འ		ད		fully_resolved	high	One prefix/root/suffix parse is structurally possible.
འདར	འ		ད		a	ར		ད		fully_resolved	high	One prefix/root/suffix parse is structurally possible.
འདལ	འ		ད		a	ལ		ད		fully_resolved	high	One prefix/root/suffix parse is structurally possible.
འདས					a				འ;ད	ambiguous_root	low	Multiple Tibetan-only root parses remain possible.
འདི					i				འ;ད	ambiguous_root	low	Multiple Tibetan-only root parses remain possible.
འདིང	འ		ད		i	ང		ད		fully_resolved	high	One prefix/root/suffix parse is structurally possible.
འདིར	འ		ད		i	ར		ད		fully_resolved	high	One prefix/root/suffix parse is structurally possible.
འདུ					u				འ;ད	ambiguous_root	low	Multiple Tibetan-only root parses remain possible.
འདུག	འ		ད		u	ག		ད		fully_resolved	high	One prefix/root/suffix parse is structurally possible.
འདུད					u				འ;ད	ambiguous_root	low	Multiple Tibetan-only root parses remain possible.
འདུན	འ		ད		u	ན		ད		fully_resolved	high	One prefix/root/suffix parse is structurally possible.
འདུམ	འ		ད		u	མ		ད		fully_resolved	high	One prefix/root/suffix parse is structurally possible.
འདུམས	འ		ད		u	མ	ས	ད		fully_resolved	high	One prefix/root/suffix parse is structurally possible.
འདུར	འ		ད		u	ར		ད		fully_resolved	high	One prefix/root/suffix parse is structurally possible.
འདུལ	འ		ད		u	ལ		ད		fully_resolved	high	One prefix/root/suffix parse is structurally possible.
འདུས					u				འ;ད	ambiguous_root	low	Multiple Tibetan-only root parses remain possible.
འདེ					e				འ;ད	ambiguous_root	low	Multiple Tibetan-only root parses remain possible.
འདེག	འ		ད		e	ག		ད		fully_resolved	high	One prefix/root/suffix parse is structurally possible.
འདེགས	འ		ད		e	ག	ས	ད		fully_resolved	high	One prefix/root/suffix parse is structurally possible.
འདེང	འ		ད		e	ང		ད		fully_resolved	high	One prefix/root/suffix parse is structurally possible.
འདེངས	འ		ད		e	ང	ས	ད		fully_resolved	high	One prefix/root/suffix parse is structurally possible.
འདེད					e				འ;ད	ambiguous_root	low	Multiple Tibetan-only root parses remain possible.
འདེབས	འ		ད		e	བ	ས	ད		fully_resolved	high	One prefix/root/suffix parse is structurally possible.
འདེམས	འ		ད		e	མ	ས	ད		fully_resolved	high	One prefix/root/suffix parse is structurally possible.
འདོ					o				འ;ད	ambiguous_root	low	Multiple Tibetan-only root parses remain possible.
འདོག	འ		ད		o	ག		ད		fully_resolved	high	One prefix/root/suffix parse is structurally possible.
འདོགས	འ		ད		o	ག	ས	ད		fully_resolved	high	One prefix/root/suffix parse is structurally possible.
འདོང	འ		ད		o	ང		ད		fully_resolved	high	One prefix/root/suffix parse is structurally possible.
འདོད					o				འ;ད	ambiguous_root	low	Multiple Tibetan-only root parses remain possible.
འདོདབློ										unsupported_orthographic_sign	none	Multiple Tibetan vowel signs are not modelled.
འདོན	འ		ད		o	ན		ད		fully_resolved	high	One prefix/root/suffix parse is structurally possible.
འདོམ	འ		ད		o	མ		ད		fully_resolved	high	One prefix/root/suffix parse is structurally possible.
འདོམས	འ		ད		o	མ	ས	ད		fully_resolved	high	One prefix/root/suffix parse is structurally possible.
འདོར	འ		ད		o	ར		ད		fully_resolved	high	One prefix/root/suffix parse is structurally possible.
འདོལ	འ		ད		o	ལ		ད		fully_resolved	high	One prefix/root/suffix parse is structurally possible.
འདོོང										unsupported_orthographic_sign	none	Multiple Tibetan vowel signs are not modelled.
འདྱུ	འ		ད	ཡ	u			དཡ		fully_resolved	high	Unicode stack and trailing suffix roles resolve uniquely.
འདྲ	འ		ད	ར	a			དར		fully_resolved	high	Unicode stack and trailing suffix roles resolve uniquely.
འདྲག	འ		ད	ར	a	ག		དར		fully_resolved	high	Unicode stack and trailing suffix roles resolve uniquely.
འདྲགས	འ		ད	ར	a	ག	ས	དར		fully_resolved	high	Unicode stack and trailing suffix roles resolve uniquely.
འདྲང	འ		ད	ར	a	ང		དར		fully_resolved	high	Unicode stack and trailing suffix roles resolve uniquely.
འདྲངས	འ		ད	ར	a	ང	ས	དར		fully_resolved	high	Unicode stack and trailing suffix roles resolve uniquely.
འདྲད	འ		ད	ར	a	ད		དར		fully_resolved	high	Unicode stack and trailing suffix roles resolve uniquely.
འདྲན	འ		ད	ར	a	ན		དར		fully_resolved	high	Unicode stack and trailing suffix roles resolve uniquely.
འདྲམ	འ		ད	ར	a	མ		དར		fully_resolved	high	Unicode stack and trailing suffix roles resolve uniquely.
འདྲལ	འ		ད	ར	a	ལ		དར		fully_resolved	high	Unicode stack and trailing suffix roles resolve uniquely.
འདྲས	འ		ད	ར	a	ས		དར		fully_resolved	high	Unicode stack and trailing suffix roles resolve uniquely.
འདྲི	འ		ད	ར	i			དར		fully_resolved	high	Unicode stack and trailing suffix roles resolve uniquely.
འདྲིན	འ		ད	ར	i	ན		དར		fully_resolved	high	Unicode stack and trailing suffix roles resolve uniquely.
འདྲིལ	འ		ད	ར	i	ལ		དར		fully_resolved	high	Unicode stack and trailing suffix roles resolve uniquely.
འདྲིས	འ		ད	ར	i	ས		དར		fully_resolved	high	Unicode stack and trailing suffix roles resolve uniquely.
འདྲུ	འ		ད	ར	u			དར		fully_resolved	high	Unicode stack and trailing suffix roles resolve uniquely.
འདྲུབ	འ		ད	ར	u	བ		དར		fully_resolved	high	Unicode stack and trailing suffix roles resolve uniquely.
འདྲུབས	འ		ད	ར	u	བ	ས	དར		fully_resolved	high	Unicode stack and trailing suffix roles resolve uniquely.
འདྲུམས	འ		ད	ར	u	མ	ས	དར		fully_resolved	high	Unicode stack and trailing suffix roles resolve uniquely.
འདྲུལ	འ		ད	ར	u	ལ		དར		fully_resolved	high	Unicode stack and trailing suffix roles resolve uniquely.
འདྲུས	འ		ད	ར	u	ས		དར		fully_resolved	high	Unicode stack and trailing suffix roles resolve uniquely.
འདྲེ	འ		ད	ར	e			དར		fully_resolved	high	Unicode stack and trailing suffix roles resolve uniquely.
འདྲེག	འ		ད	ར	e	ག		དར		fully_resolved	high	Unicode stack and trailing suffix roles resolve uniquely.
འདྲེགས	འ		ད	ར	e	ག	ས	དར		fully_resolved	high	Unicode stack and trailing suffix roles resolve uniquely.
འདྲེང	འ		ད	ར	e	ང		དར		fully_resolved	high	Unicode stack and trailing suffix roles resolve uniquely.
འདྲེད	འ		ད	ར	e	ད		དར		fully_resolved	high	Unicode stack and trailing suffix roles resolve uniquely.
འདྲེན	འ		ད	ར	e	ན		དར		fully_resolved	high	Unicode stack and trailing suffix roles resolve uniquely.
འདྲེནད	འ		ད	ར	e	ན	ད	དར		fully_resolved	high	Unicode stack and trailing suffix roles resolve uniquely.
འདྲེས	འ		ད	ར	e	ས		དར		fully_resolved	high	Unicode stack and trailing suffix roles resolve uniquely.
འདྲོག	འ		ད	ར	o	ག		དར		fully_resolved	high	Unicode stack and trailing suffix roles resolve uniquely.
འདྲོགས	འ		ད	ར	o	ག	ས	དར		fully_resolved	high	Unicode stack and trailing suffix roles resolve uniquely.
འདྲོངས	འ		ད	ར	o	ང	ས	དར		fully_resolved	high	Unicode stack and trailing suffix roles resolve uniquely.
འདྲོན	འ		ད	ར	o	ན		དར		fully_resolved	high	Unicode stack and trailing suffix roles resolve uniquely.
འདྲོབས	འ		ད	ར	o	བ	ས	དར		fully_resolved	high	Unicode stack and trailing suffix roles resolve uniquely.
འདྲོར	འ		ད	ར	o	ར		དར		fully_resolved	high	Unicode stack and trailing suffix roles resolve uniquely.
འན					a				འ;ན	ambiguous_root	low	Multiple Tibetan-only root parses remain possible.
འཔང	འ		པ		a	ང		པ		fully_resolved	high	One prefix/root/suffix parse is structurally possible.
འཕག	འ		ཕ		a	ག		ཕ		fully_resolved	high	One prefix/root/suffix parse is structurally possible.
འཕགས	འ		ཕ		a	ག	ས	ཕ		fully_resolved	high	One prefix/root/suffix parse is structurally possible.
འཕང	འ		ཕ		a	ང		ཕ		fully_resolved	high	One prefix/root/suffix parse is structurally possible.
འཕངས	འ		ཕ		a	ང	ས	ཕ		fully_resolved	high	One prefix/root/suffix parse is structurally possible.
འཕདྲང			ད	ར	a	ང		དར	འ;ཕ	partially_resolved	medium	Stack resolved; extra consonants remain ambiguous.
འཕན	འ		ཕ		a	ན		ཕ		fully_resolved	high	One prefix/root/suffix parse is structurally possible.
འཕབྲིན			བ	ར	i	ན		བར	འ;ཕ	partially_resolved	medium	Stack resolved; extra consonants remain ambiguous.
འཕམ	འ		ཕ		a	མ		ཕ		fully_resolved	high	One prefix/root/suffix parse is structurally possible.
འཕཛོངས					o					unusual_stack	none	Consonant sequence does not match conservative role patterns.
འཕར	འ		ཕ		a	ར		ཕ		fully_resolved	high	One prefix/root/suffix parse is structurally possible.
འཕལ	འ		ཕ		a	ལ		ཕ		fully_resolved	high	One prefix/root/suffix parse is structurally possible.
འཕས	འ		ཕ		a	ས		ཕ		fully_resolved	high	One prefix/root/suffix parse is structurally possible.
འཕིགས	འ		ཕ		i	ག	ས	ཕ		fully_resolved	high	One prefix/root/suffix parse is structurally possible.
འཕུ	འ		ཕ		u			ཕ		fully_resolved	high	One prefix/root/suffix parse is structurally possible.
འཕུག	འ		ཕ		u	ག		ཕ		fully_resolved	high	One prefix/root/suffix parse is structurally possible.
འཕུང	འ		ཕ		u	ང		ཕ		fully_resolved	high	One prefix/root/suffix parse is structurally possible.
འཕུད	འ		ཕ		u	ད		ཕ		fully_resolved	high	One prefix/root/suffix parse is structurally possible.
འཕུར	འ		ཕ		u	ར		ཕ		fully_resolved	high	One prefix/root/suffix parse is structurally possible.
འཕུལ	འ		ཕ		u	ལ		ཕ		fully_resolved	high	One prefix/root/suffix parse is structurally possible.
འཕེགས	འ		ཕ		e	ག	ས	ཕ		fully_resolved	high	One prefix/root/suffix parse is structurally possible.
འཕེན	འ		ཕ		e	ན		ཕ		fully_resolved	high	One prefix/root/suffix parse is structurally possible.
འཕེབ	འ		ཕ		e	བ		ཕ		fully_resolved	high	One prefix/root/suffix parse is structurally possible.
འཕེའ	འ		ཕ		e	འ		ཕ		fully_resolved	high	One prefix/root/suffix parse is structurally possible.
འཕེར	འ		ཕ		e	ར		ཕ		fully_resolved	high	One prefix/root/suffix parse is structurally possible.
འཕེལ	འ		ཕ		e	ལ		ཕ		fully_resolved	high	One prefix/root/suffix parse is structurally possible.
འཕོ	འ		ཕ		o			ཕ		fully_resolved	high	One prefix/root/suffix parse is structurally possible.
འཕོག	འ		ཕ		o	ག		ཕ		fully_resolved	high	One prefix/root/suffix parse is structurally possible.
འཕོགས	འ		ཕ		o	ག	ས	ཕ		fully_resolved	high	One prefix/root/suffix parse is structurally possible.
འཕོང	འ		ཕ		o	ང		ཕ		fully_resolved	high	One prefix/root/suffix parse is structurally possible.
འཕོངས	འ		ཕ		o	ང	ས	ཕ		fully_resolved	high	One prefix/root/suffix parse is structurally possible.
འཕོད	འ		ཕ		o	ད		ཕ		fully_resolved	high	One prefix/root/suffix parse is structurally possible.
འཕོན	འ		ཕ		o	ན		ཕ		fully_resolved	high	One prefix/root/suffix parse is structurally possible.
འཕོས	འ		ཕ		o	ས		ཕ		fully_resolved	high	One prefix/root/suffix parse is structurally possible.
འཕྱ	འ		ཕ	ཡ	a			ཕཡ		fully_resolved	high	Unicode stack and trailing suffix roles resolve uniquely.
འཕྱག	འ		ཕ	ཡ	a	ག		ཕཡ		fully_resolved	high	Unicode stack and trailing suffix roles resolve uniquely.
འཕྱང	འ		ཕ	ཡ	a	ང		ཕཡ		fully_resolved	high	Unicode stack and trailing suffix roles resolve uniquely.
འཕྱན	འ		ཕ	ཡ	a	ན		ཕཡ		fully_resolved	high	Unicode stack and trailing suffix roles resolve uniquely.
འཕྱམ	འ		ཕ	ཡ	a	མ		ཕཡ		fully_resolved	high	Unicode stack and trailing suffix roles resolve uniquely.
འཕྱའ	འ		ཕ	ཡ	a	འ		ཕཡ		fully_resolved	high	Unicode stack and trailing suffix roles resolve uniquely.
འཕྱར	འ		ཕ	ཡ	a	ར		ཕཡ		fully_resolved	high	Unicode stack and trailing suffix roles resolve uniquely.
འཕྱས	འ		ཕ	ཡ	a	ས		ཕཡ		fully_resolved	high	Unicode stack and trailing suffix roles resolve uniquely.
འཕྱི	འ		ཕ	ཡ	i			ཕཡ		fully_resolved	high	Unicode stack and trailing suffix roles resolve uniquely.
འཕྱིང	འ		ཕ	ཡ	i	ང		ཕཡ		fully_resolved	high	Unicode stack and trailing suffix roles resolve uniquely.
འཕྱིངས	འ		ཕ	ཡ	i	ང	ས	ཕཡ		fully_resolved	high	Unicode stack and trailing suffix roles resolve uniquely.
འཕྱིད	འ		ཕ	ཡ	i	ད		ཕཡ		fully_resolved	high	Unicode stack and trailing suffix roles resolve uniquely.
འཕྱིལ	འ		ཕ	ཡ	i	ལ		ཕཡ		fully_resolved	high	Unicode stack and trailing suffix roles resolve uniquely.
འཕྱིས	འ		ཕ	ཡ	i	ས		ཕཡ		fully_resolved	high	Unicode stack and trailing suffix roles resolve uniquely.
འཕྱུག	འ		ཕ	ཡ	u	ག		ཕཡ		fully_resolved	high	Unicode stack and trailing suffix roles resolve uniquely.
འཕྱུར	འ		ཕ	ཡ	u	ར		ཕཡ		fully_resolved	high	Unicode stack and trailing suffix roles resolve uniquely.
འཕྱུལ	འ		ཕ	ཡ	u	ལ		ཕཡ		fully_resolved	high	Unicode stack and trailing suffix roles resolve uniquely.
འཕྱེ	འ		ཕ	ཡ	e			ཕཡ		fully_resolved	high	Unicode stack and trailing suffix roles resolve uniquely.
འཕྱེན	འ		ཕ	ཡ	e	ན		ཕཡ		fully_resolved	high	Unicode stack and trailing suffix roles resolve uniquely.
འཕྱེལ	འ		ཕ	ཡ	e	ལ		ཕཡ		fully_resolved	high	Unicode stack and trailing suffix roles resolve uniquely.
འཕྱེས	འ		ཕ	ཡ	e	ས		ཕཡ		fully_resolved	high	Unicode stack and trailing suffix roles resolve uniquely.
འཕྱོ	འ		ཕ	ཡ	o			ཕཡ		fully_resolved	high	Unicode stack and trailing suffix roles resolve uniquely.
འཕྱོང	འ		ཕ	ཡ	o	ང		ཕཡ		fully_resolved	high	Unicode stack and trailing suffix roles resolve uniquely.
འཕྱོངས	འ		ཕ	ཡ	o	ང	ས	ཕཡ		fully_resolved	high	Unicode stack and trailing suffix roles resolve uniquely.
འཕྱོན	འ		ཕ	ཡ	o	ན		ཕཡ		fully_resolved	high	Unicode stack and trailing suffix roles resolve uniquely.
འཕྱོར	འ		ཕ	ཡ	o	ར		ཕཡ		fully_resolved	high	Unicode stack and trailing suffix roles resolve uniquely.
འཕྱོས	འ		ཕ	ཡ	o	ས		ཕཡ		fully_resolved	high	Unicode stack and trailing suffix roles resolve uniquely.
འཕྲ	འ		ཕ	ར	a			ཕར		fully_resolved	high	Unicode stack and trailing suffix roles resolve uniquely.
འཕྲགས	འ		ཕ	ར	a	ག	ས	ཕར		fully_resolved	high	Unicode stack and trailing suffix roles resolve uniquely.
འཕྲང	འ		ཕ	ར	a	ང		ཕར		fully_resolved	high	Unicode stack and trailing suffix roles resolve uniquely.
འཕྲད	འ		ཕ	ར	a	ད		ཕར		fully_resolved	high	Unicode stack and trailing suffix roles resolve uniquely.
འཕྲན	འ		ཕ	ར	a	ན		ཕར		fully_resolved	high	Unicode stack and trailing suffix roles resolve uniquely.
འཕྲའ	འ		ཕ	ར	a	འ		ཕར		fully_resolved	high	Unicode stack and trailing suffix roles resolve uniquely.
འཕྲའི	འ		ཕ	ར	i	འ		ཕར		fully_resolved	high	Unicode stack and trailing suffix roles resolve uniquely.
འཕྲར	འ		ཕ	ར	a	ར		ཕར		fully_resolved	high	Unicode stack and trailing suffix roles resolve uniquely.
འཕྲལ	འ		ཕ	ར	a	ལ		ཕར		fully_resolved	high	Unicode stack and trailing suffix roles resolve uniquely.
འཕྲས	འ		ཕ	ར	a	ས		ཕར		fully_resolved	high	Unicode stack and trailing suffix roles resolve uniquely.
འཕྲི	འ		ཕ	ར	i			ཕར		fully_resolved	high	Unicode stack and trailing suffix roles resolve uniquely.
འཕྲིག	འ		ཕ	ར	i	ག		ཕར		fully_resolved	high	Unicode stack and trailing suffix roles resolve uniquely.
འཕྲིགས	འ		ཕ	ར	i	ག	ས	ཕར		fully_resolved	high	Unicode stack and trailing suffix roles resolve uniquely.
འཕྲིང	འ		ཕ	ར	i	ང		ཕར		fully_resolved	high	Unicode stack and trailing suffix roles resolve uniquely.
འཕྲིན	འ		ཕ	ར	i	ན		ཕར		fully_resolved	high	Unicode stack and trailing suffix roles resolve uniquely.
འཕྲིར	འ		ཕ	ར	i	ར		ཕར		fully_resolved	high	Unicode stack and trailing suffix roles resolve uniquely.
འཕྲུ	འ		ཕ	ར	u			ཕར		fully_resolved	high	Unicode stack and trailing suffix roles resolve uniquely.
འཕྲུག	འ		ཕ	ར	u	ག		ཕར		fully_resolved	high	Unicode stack and trailing suffix roles resolve uniquely.
འཕྲུགས	འ		ཕ	ར	u	ག	ས	ཕར		fully_resolved	high	Unicode stack and trailing suffix roles resolve uniquely.
འཕྲུར	འ		ཕ	ར	u	ར		ཕར		fully_resolved	high	Unicode stack and trailing suffix roles resolve uniquely.
འཕྲུལ	འ		ཕ	ར	u	ལ		ཕར		fully_resolved	high	Unicode stack and trailing suffix roles resolve uniquely.
འཕྲེག	འ		ཕ	ར	e	ག		ཕར		fully_resolved	high	Unicode stack and trailing suffix roles resolve uniquely.
འཕྲེང	འ		ཕ	ར	e	ང		ཕར		fully_resolved	high	Unicode stack and trailing suffix roles resolve uniquely.
འཕྲེད	འ		ཕ	ར	e	ད		ཕར		fully_resolved	high	Unicode stack and trailing suffix roles resolve uniquely.
འཕྲེའ	འ		ཕ	ར	e	འ		ཕར		fully_resolved	high	Unicode stack and trailing suffix roles resolve uniquely.
འཕྲེའུ										unsupported_orthographic_sign	none	Multiple Tibetan vowel signs are not modelled.
འཕྲེར	འ		ཕ	ར	e	ར		ཕར		fully_resolved	high	Unicode stack and trailing suffix roles resolve uniquely.
འཕྲེལ	འ		ཕ	ར	e	ལ		ཕར		fully_resolved	high	Unicode stack and trailing suffix roles resolve uniquely.
འཕྲོ	འ		ཕ	ར	o			ཕར		fully_resolved	high	Unicode stack and trailing suffix roles resolve uniquely.
འཕྲོག	འ		ཕ	ར	o	ག		ཕར		fully_resolved	high	Unicode stack and trailing suffix roles resolve uniquely.
འཕྲོགས	འ		ཕ	ར	o	ག	ས	ཕར		fully_resolved	high	Unicode stack and trailing suffix roles resolve uniquely.
འཕྲོང	འ		ཕ	ར	o	ང		ཕར		fully_resolved	high	Unicode stack and trailing suffix roles resolve uniquely.
འཕྲོངས	འ		ཕ	ར	o	ང	ས	ཕར		fully_resolved	high	Unicode stack and trailing suffix roles resolve uniquely.
འཕྲོད	འ		ཕ	ར	o	ད		ཕར		fully_resolved	high	Unicode stack and trailing suffix roles resolve uniquely.
འཕྲོམ	འ		ཕ	ར	o	མ		ཕར		fully_resolved	high	Unicode stack and trailing suffix roles resolve uniquely.
འཕྲོས	འ		ཕ	ར	o	ས		ཕར		fully_resolved	high	Unicode stack and trailing suffix roles resolve uniquely.
འབ					a				འ;བ	ambiguous_root	low	Multiple Tibetan-only root parses remain possible.
འབག	འ		བ		a	ག		བ		fully_resolved	high	One prefix/root/suffix parse is structurally possible.
འབགས	འ		བ		a	ག	ས	བ		fully_resolved	high	One prefix/root/suffix parse is structurally possible.
འབགྲོ			ག	ར	o			གར	འ;བ	partially_resolved	medium	Stack resolved; extra consonants remain ambiguous.
འབང	འ		བ		a	ང		བ		fully_resolved	high	One prefix/root/suffix parse is structurally possible.
འབངས	འ		བ		a	ང	ས	བ		fully_resolved	high	One prefix/root/suffix parse is structurally possible.
འབཊ					a					unusual_stack	none	Consonant sequence does not match conservative role patterns.
འབཐངས					a					unusual_stack	none	Consonant sequence does not match conservative role patterns.
འབཐུང					u					unusual_stack	none	Consonant sequence does not match conservative role patterns.
འབཐུས					u					unusual_stack	none	Consonant sequence does not match conservative role patterns.
འབད					a				འ;བ	ambiguous_root	low	Multiple Tibetan-only root parses remain possible.
འབབ	འ		བ		a	བ		བ		fully_resolved	high	One prefix/root/suffix parse is structurally possible.
འབབས	འ		བ		a	བ	ས	བ		fully_resolved	high	One prefix/root/suffix parse is structurally possible.
འབམ	འ		བ		a	མ		བ		fully_resolved	high	One prefix/root/suffix parse is structurally possible.
འབའ	འ		བ		a	འ		བ		fully_resolved	high	One prefix/root/suffix parse is structurally possible.
འབའརྒྱ		ར	ག	ཡ	a			རགཡ	འ;བ	partially_resolved	medium	Stack resolved; extra consonants remain ambiguous.
འབར	འ		བ		a	ར		བ		fully_resolved	high	One prefix/root/suffix parse is structurally possible.
འབལ	འ		བ		a	ལ		བ		fully_resolved	high	One prefix/root/suffix parse is structurally possible.
འབས					a				འ;བ	ambiguous_root	low	Multiple Tibetan-only root parses remain possible.
འབིགས	འ		བ		i	ག	ས	བ		fully_resolved	high	One prefix/root/suffix parse is structurally possible.
འབིང	འ		བ		i	ང		བ		fully_resolved	high	One prefix/root/suffix parse is structurally possible.
འབིབས	འ		བ		i	བ	ས	བ		fully_resolved	high	One prefix/root/suffix parse is structurally possible.
འབུ					u				འ;བ	ambiguous_root	low	Multiple Tibetan-only root parses remain possible.
འབུག	འ		བ		u	ག		བ		fully_resolved	high	One prefix/root/suffix parse is structurally possible.
འབུགས	འ		བ		u	ག	ས	བ		fully_resolved	high	One prefix/root/suffix parse is structurally possible.
འབུང	འ		བ		u	ང		བ		fully_resolved	high	One prefix/root/suffix parse is structurally possible.
འབུངས	འ		བ		u	ང	ས	བ		fully_resolved	high	One prefix/root/suffix parse is structurally possible.
འབུད					u				འ;བ	ambiguous_root	low	Multiple Tibetan-only root parses remain possible.
འབུན	འ		བ		u	ན		བ		fully_resolved	high	One prefix/root/suffix parse is structurally possible.
འབུབས	འ		བ		u	བ	ས	བ		fully_resolved	high	One prefix/root/suffix parse is structurally possible.
འབུམ	འ		བ		u	མ		བ		fully_resolved	high	One prefix/root/suffix parse is structurally possible.
འབུམས	འ		བ		u	མ	ས	བ		fully_resolved	high	One prefix/root/suffix parse is structurally possible.
འབུར	འ		བ		u	ར		བ		fully_resolved	high	One prefix/root/suffix parse is structurally possible.
འབུལ	འ		བ		u	ལ		བ		fully_resolved	high	One prefix/root/suffix parse is structurally possible.
འབུས					u				འ;བ	ambiguous_root	low	Multiple Tibetan-only root parses remain possible.
འབེ					e				འ;བ	ambiguous_root	low	Multiple Tibetan-only root parses remain possible.
འབེགས	འ		བ		e	ག	ས	བ		fully_resolved	high	One prefix/root/suffix parse is structurally possible.
འབེན	འ		བ		e	ན		བ		fully_resolved	high	One prefix/root/suffix parse is structurally possible.
འབེབ	འ		བ		e	བ		བ		fully_resolved	high	One prefix/root/suffix parse is structurally possible.
འབེབས	འ		བ		e	བ	ས	བ		fully_resolved	high	One prefix/root/suffix parse is structurally possible.
འབེལ	འ		བ		e	ལ		བ		fully_resolved	high	One prefix/root/suffix parse is structurally possible.
འབོ					o				འ;བ	ambiguous_root	low	Multiple Tibetan-only root parses remain possible.
འབོག	འ		བ		o	ག		བ		fully_resolved	high	One prefix/root/suffix parse is structurally possible.
འབོགས	འ		བ		o	ག	ས	བ		fully_resolved	high	One prefix/root/suffix parse is structurally possible.
འབོད					o				འ;བ	ambiguous_root	low	Multiple Tibetan-only root parses remain possible.
འབོར	འ		བ		o	ར		བ		fully_resolved	high	One prefix/root/suffix parse is structurally possible.
འབོལ	འ		བ		o	ལ		བ		fully_resolved	high	One prefix/root/suffix parse is structurally possible.
འབོཿ					o					unsupported_orthographic_sign	none	Unsupported transcription-bearing Tibetan signs: U+0F7F
འབྱང	འ		བ	ཡ	a	ང		བཡ		fully_resolved	high	Unicode stack and trailing suffix roles resolve uniquely.
འབྱབ	འ		བ	ཡ	a	བ		བཡ		fully_resolved	high	Unicode stack and trailing suffix roles resolve uniquely.
འབྱམ	འ		བ	ཡ	a	མ		བཡ		fully_resolved	high	Unicode stack and trailing suffix roles resolve uniquely.
འབྱམས	འ		བ	ཡ	a	མ	ས	བཡ		fully_resolved	high	Unicode stack and trailing suffix roles resolve uniquely.
འབྱར	འ		བ	ཡ	a	ར		བཡ		fully_resolved	high	Unicode stack and trailing suffix roles resolve uniquely.
འབྱལ	འ		བ	ཡ	a	ལ		བཡ		fully_resolved	high	Unicode stack and trailing suffix roles resolve uniquely.
འབྱི	འ		བ	ཡ	i			བཡ		fully_resolved	high	Unicode stack and trailing suffix roles resolve uniquely.
འབྱིག	འ		བ	ཡ	i	ག		བཡ		fully_resolved	high	Unicode stack and trailing suffix roles resolve uniquely.
འབྱིང	འ		བ	ཡ	i	ང		བཡ		fully_resolved	high	Unicode stack and trailing suffix roles resolve uniquely.
འབྱིད	འ		བ	ཡ	i	ད		བཡ		fully_resolved	high	Unicode stack and trailing suffix roles resolve uniquely.
འབྱིན	འ		བ	ཡ	i	ན		བཡ		fully_resolved	high	Unicode stack and trailing suffix roles resolve uniquely.
འབྱུ	འ		བ	ཡ	u			བཡ		fully_resolved	high	Unicode stack and trailing suffix roles resolve uniquely.
འབྱུང	འ		བ	ཡ	u	ང		བཡ		fully_resolved	high	Unicode stack and trailing suffix roles resolve uniquely.
འབྱུར	འ		བ	ཡ	u	ར		བཡ		fully_resolved	high	Unicode stack and trailing suffix roles resolve uniquely.
འབྱེང	འ		བ	ཡ	e	ང		བཡ		fully_resolved	high	Unicode stack and trailing suffix roles resolve uniquely.
འབྱེད	འ		བ	ཡ	e	ད		བཡ		fully_resolved	high	Unicode stack and trailing suffix roles resolve uniquely.
འབྱེན	འ		བ	ཡ	e	ན		བཡ		fully_resolved	high	Unicode stack and trailing suffix roles resolve uniquely.
འབྱེར	འ		བ	ཡ	e	ར		བཡ		fully_resolved	high	Unicode stack and trailing suffix roles resolve uniquely.
འབྱེས	འ		བ	ཡ	e	ས		བཡ		fully_resolved	high	Unicode stack and trailing suffix roles resolve uniquely.
འབྱོ	འ		བ	ཡ	o			བཡ		fully_resolved	high	Unicode stack and trailing suffix roles resolve uniquely.
འབྱོག	འ		བ	ཡ	o	ག		བཡ		fully_resolved	high	Unicode stack and trailing suffix roles resolve uniquely.
འབྱོང	འ		བ	ཡ	o	ང		བཡ		fully_resolved	high	Unicode stack and trailing suffix roles resolve uniquely.
འབྱོངས	འ		བ	ཡ	o	ང	ས	བཡ		fully_resolved	high	Unicode stack and trailing suffix roles resolve uniquely.
འབྱོན	འ		བ	ཡ	o	ན		བཡ		fully_resolved	high	Unicode stack and trailing suffix roles resolve uniquely.
འབྱོར	འ		བ	ཡ	o	ར		བཡ		fully_resolved	high	Unicode stack and trailing suffix roles resolve uniquely.
འབྱོལ	འ		བ	ཡ	o	ལ		བཡ		fully_resolved	high	Unicode stack and trailing suffix roles resolve uniquely.
འབྲ	འ		བ	ར	a			བར		fully_resolved	high	Unicode stack and trailing suffix roles resolve uniquely.
འབྲག	འ		བ	ར	a	ག		བར		fully_resolved	high	Unicode stack and trailing suffix roles resolve uniquely.
འབྲང	འ		བ	ར	a	ང		བར		fully_resolved	high	Unicode stack and trailing suffix roles resolve uniquely.
འབྲངར	འ		བ	ར	a	ར		བར	ང	partially_resolved	medium	Stack resolved; extra consonants remain ambiguous.
འབྲངས	འ		བ	ར	a	ང	ས	བར		fully_resolved	high	Unicode stack and trailing suffix roles resolve uniquely.
འབྲད	འ		བ	ར	a	ད		བར		fully_resolved	high	Unicode stack and trailing suffix roles resolve uniquely.
འབྲཔ	འ		བ	ར	a			བར	པ	partially_resolved	medium	Stack resolved; extra consonants remain ambiguous.
འབྲབ	འ		བ	ར	a	བ		བར		fully_resolved	high	Unicode stack and trailing suffix roles resolve uniquely.
འབྲབས	འ		བ	ར	a	བ	ས	བར		fully_resolved	high	Unicode stack and trailing suffix roles resolve uniquely.
འབྲམ	འ		བ	ར	a	མ		བར		fully_resolved	high	Unicode stack and trailing suffix roles resolve uniquely.
འབྲལ	འ		བ	ར	a	ལ		བར		fully_resolved	high	Unicode stack and trailing suffix roles resolve uniquely.
འབྲས	འ		བ	ར	a	ས		བར		fully_resolved	high	Unicode stack and trailing suffix roles resolve uniquely.
འབྲི	འ		བ	ར	i			བར		fully_resolved	high	Unicode stack and trailing suffix roles resolve uniquely.
འབྲིང	འ		བ	ར	i	ང		བར		fully_resolved	high	Unicode stack and trailing suffix roles resolve uniquely.
འབྲིད	འ		བ	ར	i	ད		བར		fully_resolved	high	Unicode stack and trailing suffix roles resolve uniquely.
འབྲིན	འ		བ	ར	i	ན		བར		fully_resolved	high	Unicode stack and trailing suffix roles resolve uniquely.
འབྲིམ	འ		བ	ར	i	མ		བར		fully_resolved	high	Unicode stack and trailing suffix roles resolve uniquely.
འབྲིམས	འ		བ	ར	i	མ	ས	བར		fully_resolved	high	Unicode stack and trailing suffix roles resolve uniquely.
འབྲུ	འ		བ	ར	u			བར		fully_resolved	high	Unicode stack and trailing suffix roles resolve uniquely.
འབྲུག	འ		བ	ར	u	ག		བར		fully_resolved	high	Unicode stack and trailing suffix roles resolve uniquely.
འབྲུགས	འ		བ	ར	u	ག	ས	བར		fully_resolved	high	Unicode stack and trailing suffix roles resolve uniquely.
འབྲུང	འ		བ	ར	u	ང		བར		fully_resolved	high	Unicode stack and trailing suffix roles resolve uniquely.
འབྲུངས	འ		བ	ར	u	ང	ས	བར		fully_resolved	high	Unicode stack and trailing suffix roles resolve uniquely.
འབྲུད	འ		བ	ར	u	ད		བར		fully_resolved	high	Unicode stack and trailing suffix roles resolve uniquely.
འབྲུབ	འ		བ	ར	u	བ		བར		fully_resolved	high	Unicode stack and trailing suffix roles resolve uniquely.
འབྲུབས	འ		བ	ར	u	བ	ས	བར		fully_resolved	high	Unicode stack and trailing suffix roles resolve uniquely.
འབྲུམ	འ		བ	ར	u	མ		བར		fully_resolved	high	Unicode stack and trailing suffix roles resolve uniquely.
འབྲུལ	འ		བ	ར	u	ལ		བར		fully_resolved	high	Unicode stack and trailing suffix roles resolve uniquely.
འབྲེ	འ		བ	ར	e			བར		fully_resolved	high	Unicode stack and trailing suffix roles resolve uniquely.
འབྲེག	འ		བ	ར	e	ག		བར		fully_resolved	high	Unicode stack and trailing suffix roles resolve uniquely.
འབྲེང	འ		བ	ར	e	ང		བར		fully_resolved	high	Unicode stack and trailing suffix roles resolve uniquely.
འབྲེངས	འ		བ	ར	e	ང	ས	བར		fully_resolved	high	Unicode stack and trailing suffix roles resolve uniquely.
འབྲེད	འ		བ	ར	e	ད		བར		fully_resolved	high	Unicode stack and trailing suffix roles resolve uniquely.
འབྲེབས	འ		བ	ར	e	བ	ས	བར		fully_resolved	high	Unicode stack and trailing suffix roles resolve uniquely.
འབྲེམ	འ		བ	ར	e	མ		བར		fully_resolved	high	Unicode stack and trailing suffix roles resolve uniquely.
འབྲེར	འ		བ	ར	e	ར		བར		fully_resolved	high	Unicode stack and trailing suffix roles resolve uniquely.
འབྲེལ	འ		བ	ར	e	ལ		བར		fully_resolved	high	Unicode stack and trailing suffix roles resolve uniquely.
འབྲོ	འ		བ	ར	o			བར		fully_resolved	high	Unicode stack and trailing suffix roles resolve uniquely.
འབྲོག	འ		བ	ར	o	ག		བར		fully_resolved	high	Unicode stack and trailing suffix roles resolve uniquely.
འབྲོང	འ		བ	ར	o	ང		བར		fully_resolved	high	Unicode stack and trailing suffix roles resolve uniquely.
འབྲོངས	འ		བ	ར	o	ང	ས	བར		fully_resolved	high	Unicode stack and trailing suffix roles resolve uniquely.
འབྲོབ	འ		བ	ར	o	བ		བར		fully_resolved	high	Unicode stack and trailing suffix roles resolve uniquely.
འབྲོམ	འ		བ	ར	o	མ		བར		fully_resolved	high	Unicode stack and trailing suffix roles resolve uniquely.
འབྲོར	འ		བ	ར	o	ར		བར		fully_resolved	high	Unicode stack and trailing suffix roles resolve uniquely.
འབྲོས	འ		བ	ར	o	ས		བར		fully_resolved	high	Unicode stack and trailing suffix roles resolve uniquely.
འབྲོཿ					o					unsupported_orthographic_sign	none	Unsupported transcription-bearing Tibetan signs: U+0F7F
འབླས	འ		བ	ལ	a	ས		བལ		fully_resolved	high	Unicode stack and trailing suffix roles resolve uniquely.
འམ					a				འ;མ	ambiguous_root	low	Multiple Tibetan-only root parses remain possible.
འམྱིང	འ		མ	ཡ	i	ང		མཡ		fully_resolved	high	Unicode stack and trailing suffix roles resolve uniquely.
འཚག	འ		ཚ		a	ག		ཚ		fully_resolved	high	One prefix/root/suffix parse is structurally possible.
འཚང	འ		ཚ		a	ང		ཚ		fully_resolved	high	One prefix/root/suffix parse is structurally possible.
འཚངས	འ		ཚ		a	ང	ས	ཚ		fully_resolved	high	One prefix/root/suffix parse is structurally possible.
འཚབས	འ		ཚ		a	བ	ས	ཚ		fully_resolved	high	One prefix/root/suffix parse is structurally possible.
འཚམ	འ		ཚ		a	མ		ཚ		fully_resolved	high	One prefix/root/suffix parse is structurally possible.
འཚམས	འ		ཚ		a	མ	ས	ཚ		fully_resolved	high	One prefix/root/suffix parse is structurally possible.
འཚརམས					a					unusual_stack	none	Consonant sequence does not match conservative role patterns.
འཚལ	འ		ཚ		a	ལ		ཚ		fully_resolved	high	One prefix/root/suffix parse is structurally possible.
འཚལད	འ		ཚ		a	ལ	ད	ཚ		fully_resolved	high	One prefix/root/suffix parse is structurally possible.
འཚིག	འ		ཚ		i	ག		ཚ		fully_resolved	high	One prefix/root/suffix parse is structurally possible.
འཚེ	འ		ཚ		e			ཚ		fully_resolved	high	One prefix/root/suffix parse is structurally possible.
འཚེག	འ		ཚ		e	ག		ཚ		fully_resolved	high	One prefix/root/suffix parse is structurally possible.
འཚེར	འ		ཚ		e	ར		ཚ		fully_resolved	high	One prefix/root/suffix parse is structurally possible.
འཚོ	འ		ཚ		o			ཚ		fully_resolved	high	One prefix/root/suffix parse is structurally possible.
འཚོང	འ		ཚ		o	ང		ཚ		fully_resolved	high	One prefix/root/suffix parse is structurally possible.
འཚོར	འ		ཚ		o	ར		ཚ		fully_resolved	high	One prefix/root/suffix parse is structurally possible.
འཚོལ	འ		ཚ		o	ལ		ཚ		fully_resolved	high	One prefix/root/suffix parse is structurally possible.
འཚོས	འ		ཚ		o	ས		ཚ		fully_resolved	high	One prefix/root/suffix parse is structurally possible.
འཛ	འ		ཛ		a			ཛ		fully_resolved	high	One prefix/root/suffix parse is structurally possible.
འཛག	འ		ཛ		a	ག		ཛ		fully_resolved	high	One prefix/root/suffix parse is structurally possible.
འཛད	འ		ཛ		a	ད		ཛ		fully_resolved	high	One prefix/root/suffix parse is structurally possible.
འཛན	འ		ཛ		a	ན		ཛ		fully_resolved	high	One prefix/root/suffix parse is structurally possible.
འཛཕྲད			ཕ	ར	a	ད		ཕར	འ;ཛ	partially_resolved	medium	Stack resolved; extra consonants remain ambiguous.
འཛཕྲུལ			ཕ	ར	u	ལ		ཕར	འ;ཛ	partially_resolved	medium	Stack resolved; extra consonants remain ambiguous.
འཛའ	འ		ཛ		a	འ		ཛ		fully_resolved	high	One prefix/root/suffix parse is structurally possible.
འཛི	འ		ཛ		i			ཛ		fully_resolved	high	One prefix/root/suffix parse is structurally possible.
འཛིང	འ		ཛ		i	ང		ཛ		fully_resolved	high	One prefix/root/suffix parse is structurally possible.
འཛིངས	འ		ཛ		i	ང	ས	ཛ		fully_resolved	high	One prefix/root/suffix parse is structurally possible.
འཛིན	འ		ཛ		i	ན		ཛ		fully_resolved	high	One prefix/root/suffix parse is structurally possible.
འཛིིན										unsupported_orthographic_sign	none	Multiple Tibetan vowel signs are not modelled.
འཛུ	འ		ཛ		u			ཛ		fully_resolved	high	One prefix/root/suffix parse is structurally possible.
འཛུགས	འ		ཛ		u	ག	ས	ཛ		fully_resolved	high	One prefix/root/suffix parse is structurally possible.
འཛུམ	འ		ཛ		u	མ		ཛ		fully_resolved	high	One prefix/root/suffix parse is structurally possible.
འཛུལ	འ		ཛ		u	ལ		ཛ		fully_resolved	high	One prefix/root/suffix parse is structurally possible.
འཛེག	འ		ཛ		e	ག		ཛ		fully_resolved	high	One prefix/root/suffix parse is structurally possible.
འཛེམ	འ		ཛ		e	མ		ཛ		fully_resolved	high	One prefix/root/suffix parse is structurally possible.
འཛེར	འ		ཛ		e	ར		ཛ		fully_resolved	high	One prefix/root/suffix parse is structurally possible.
འཛོ	འ		ཛ		o			ཛ		fully_resolved	high	One prefix/root/suffix parse is structurally possible.
འཛོན	འ		ཛ		o	ན		ཛ		fully_resolved	high	One prefix/root/suffix parse is structurally possible.
འཛོབ	འ		ཛ		o	བ		ཛ		fully_resolved	high	One prefix/root/suffix parse is structurally possible.
འཛོམས	འ		ཛ		o	མ	ས	ཛ		fully_resolved	high	One prefix/root/suffix parse is structurally possible.
འཛོལ	འ		ཛ		o	ལ		ཛ		fully_resolved	high	One prefix/root/suffix parse is structurally possible.
འཛྲང	འ		ཛ	ར	a	ང		ཛར		fully_resolved	high	Unicode stack and trailing suffix roles resolve uniquely.
འཛྲིནྒ	འ		ཛ	རག	i	ན		ཛརག		fully_resolved	high	Unicode stack and trailing suffix roles resolve uniquely.
འཛྲུལ	འ		ཛ	ར	u	ལ		ཛར		fully_resolved	high	Unicode stack and trailing suffix roles resolve uniquely.
འཞཆར					a					unusual_stack	none	Consonant sequence does not match conservative role patterns.
འའ					a				འ	ambiguous_root	low	Multiple Tibetan-only root parses remain possible.
འའི					i				འ	ambiguous_root	low	Multiple Tibetan-only root parses remain possible.
འའེབ	འ		འ		e	བ		འ		fully_resolved	high	One prefix/root/suffix parse is structurally possible.
འའྲི	འ		འ	ར	i			འར		fully_resolved	high	Unicode stack and trailing suffix roles resolve uniquely.
འར					a				འ;ར	ambiguous_root	low	Multiple Tibetan-only root parses remain possible.
འརྙུ	འ	ར	ཉ		u			རཉ		fully_resolved	high	Unicode stack and trailing suffix roles resolve uniquely.
འརྟུལ	འ	ར	ཏ		u	ལ		རཏ		fully_resolved	high	Unicode stack and trailing suffix roles resolve uniquely.
འལ					a				འ;ལ	ambiguous_root	low	Multiple Tibetan-only root parses remain possible.
འས					a				འ;ས	ambiguous_root	low	Multiple Tibetan-only root parses remain possible.
འཱརྫོ					o					unsupported_orthographic_sign	none	Unsupported transcription-bearing Tibetan signs: U+0F71
འི			འ		i			འ		fully_resolved	high	One prefix/root/suffix parse is structurally possible.
འུ			འ		u			འ		fully_resolved	high	One prefix/root/suffix parse is structurally possible.
འུག					u				འ;ག	ambiguous_root	low	Multiple Tibetan-only root parses remain possible.
འུང					u				འ;ང	ambiguous_root	low	Multiple Tibetan-only root parses remain possible.
འུད					u				འ;ད	ambiguous_root	low	Multiple Tibetan-only root parses remain possible.
འུར					u				འ;ར	ambiguous_root	low	Multiple Tibetan-only root parses remain possible.
འུལ					u				འ;ལ	ambiguous_root	low	Multiple Tibetan-only root parses remain possible.
འེ			འ		e			འ		fully_resolved	high	One prefix/root/suffix parse is structurally possible.
འོ			འ		o			འ		fully_resolved	high	One prefix/root/suffix parse is structurally possible.
འོག					o				འ;ག	ambiguous_root	low	Multiple Tibetan-only root parses remain possible.
འོང					o				འ;ང	ambiguous_root	low	Multiple Tibetan-only root parses remain possible.
འོངས					o				འ;ང	ambiguous_root	low	Multiple Tibetan-only root parses remain possible.
འོད					o				འ;ད	ambiguous_root	low	Multiple Tibetan-only root parses remain possible.
འོདཞོན										unsupported_orthographic_sign	none	Multiple Tibetan vowel signs are not modelled.
འོབས					o				འ;བ	ambiguous_root	low	Multiple Tibetan-only root parses remain possible.
འོབསྲ			ས	ར	o			སར	འ;བ	partially_resolved	medium	Stack resolved; extra consonants remain ambiguous.
འོར					o				འ;ར	ambiguous_root	low	Multiple Tibetan-only root parses remain possible.
འོལ					o				འ;ལ	ambiguous_root	low	Multiple Tibetan-only root parses remain possible.
འོས					o				འ;ས	ambiguous_root	low	Multiple Tibetan-only root parses remain possible.
འོཿ					o					unsupported_orthographic_sign	none	Unsupported transcription-bearing Tibetan signs: U+0F7F
འྐྩེ			འ	ཀཙ	e			འཀཙ		fully_resolved	high	Unicode stack and trailing suffix roles resolve uniquely.
འྤའི			འ	པ	i	འ		འཔ		fully_resolved	high	Unicode stack and trailing suffix roles resolve uniquely.
འྤྲི			འ	པར	i			འཔར		fully_resolved	high	Unicode stack and trailing suffix roles resolve uniquely.
འྭ			འ	ཝ	a			འཝ		fully_resolved	high	Unicode stack and trailing suffix roles resolve uniquely.
འྭགོ			འ	ཝ	o	ག		འཝ		fully_resolved	high	Unicode stack and trailing suffix roles resolve uniquely.
འྱ			འ	ཡ	a			འཡ		fully_resolved	high	Unicode stack and trailing suffix roles resolve uniquely.
འྱཁུས			འ	ཡ	u	ས		འཡ	ཁ	partially_resolved	medium	Stack resolved; extra consonants remain ambiguous.
འྱགས			འ	ཡ	a	ག	ས	འཡ		fully_resolved	high	Unicode stack and trailing suffix roles resolve uniquely.
འྱཆི			འ	ཡ	i			འཡ	ཆ	partially_resolved	medium	Stack resolved; extra consonants remain ambiguous.
འྱདད			འ	ཡ	a	ད	ད	འཡ		fully_resolved	high	Unicode stack and trailing suffix roles resolve uniquely.
འྱབྱང			འ	ཡཡ	a	ང		འཡཡ	བ	partially_resolved	medium	Stack resolved; extra consonants remain ambiguous.
འྱབྱམས			འ	ཡཡ	a	མ	ས	འཡཡ	བ	partially_resolved	medium	Stack resolved; extra consonants remain ambiguous.
འྱབྱེད			འ	ཡཡ	e	བ	ད	འཡཡ		fully_resolved	high	Unicode stack and trailing suffix roles resolve uniquely.
འྱོ			འ	ཡ	o			འཡ		fully_resolved	high	Unicode stack and trailing suffix roles resolve uniquely.
འྲ			འ	ར	a			འར		fully_resolved	high	Unicode stack and trailing suffix roles resolve uniquely.
འྲགས			འ	ར	a	ག	ས	འར		fully_resolved	high	Unicode stack and trailing suffix roles resolve uniquely.
འྲགྲེལ			འ	རར	e	ལ		འརར	ག	partially_resolved	medium	Stack resolved; extra consonants remain ambiguous.
འྲཆི			འ	ར	i			འར	ཆ	partially_resolved	medium	Stack resolved; extra consonants remain ambiguous.
འྲབས			འ	ར	a	བ	ས	འར		fully_resolved	high	Unicode stack and trailing suffix roles resolve uniquely.
འྲའི			འ	ར	i	འ		འར		fully_resolved	high	Unicode stack and trailing suffix roles resolve uniquely.
འྲི			འ	ར	i			འར		fully_resolved	high	Unicode stack and trailing suffix roles resolve uniquely.
འྲེན			འ	ར	e	ན		འར		fully_resolved	high	Unicode stack and trailing suffix roles resolve uniquely.
འྲོ			འ	ར	o			འར		fully_resolved	high	Unicode stack and trailing suffix roles resolve uniquely.
འྲོང			འ	ར	o	ང		འར		fully_resolved	high	Unicode stack and trailing suffix roles resolve uniquely.
འྲོད			འ	ར	o	ད		འར		fully_resolved	high	Unicode stack and trailing suffix roles resolve uniquely.
འླ			འ	ལ	a			འལ		fully_resolved	high	Unicode stack and trailing suffix roles resolve uniquely.
ཡ			ཡ		a			ཡ		fully_resolved	high	One prefix/root/suffix parse is structurally possible.
ཡཀྟ			ཀ	ཏ	a			ཀཏ	ཡ	partially_resolved	medium	Stack resolved; extra consonants remain ambiguous.
ཡཁའ					a					unusual_stack	none	Consonant sequence does not match conservative role patterns.
ཡག			ཡ		a	ག		ཡ		fully_resolved	high	One prefix/root/suffix parse is structurally possible.
ཡང			ཡ		a	ང		ཡ		fully_resolved	high	One prefix/root/suffix parse is structurally possible.
ཡངས			ཡ		a	ང	ས	ཡ		fully_resolved	high	One prefix/root/suffix parse is structurally possible.
ཡཆང					a					unusual_stack	none	Consonant sequence does not match conservative role patterns.
ཡཆངར					a					unusual_stack	none	Consonant sequence does not match conservative role patterns.
ཡད			ཡ		a	ད		ཡ		fully_resolved	high	One prefix/root/suffix parse is structurally possible.
ཡན			ཡ		a	ན		ཡ		fully_resolved	high	One prefix/root/suffix parse is structurally possible.
ཡབ			ཡ		a	བ		ཡ		fully_resolved	high	One prefix/root/suffix parse is structurally possible.
ཡམ			ཡ		a	མ		ཡ		fully_resolved	high	One prefix/root/suffix parse is structurally possible.
ཡམས			ཡ		a	མ	ས	ཡ		fully_resolved	high	One prefix/root/suffix parse is structurally possible.
ཡའ			ཡ		a	འ		ཡ		fully_resolved	high	One prefix/root/suffix parse is structurally possible.
ཡཡི					i					unusual_stack	none	Consonant sequence does not match conservative role patterns.
ཡར			ཡ		a	ར		ཡ		fully_resolved	high	One prefix/root/suffix parse is structurally possible.
ཡལ			ཡ		a	ལ		ཡ		fully_resolved	high	One prefix/root/suffix parse is structurally possible.
ཡལེན					e					unusual_stack	none	Consonant sequence does not match conservative role patterns.
ཡས			ཡ		a	ས		ཡ		fully_resolved	high	One prefix/root/suffix parse is structurally possible.
ཡཱ					a					unsupported_orthographic_sign	none	Unsupported transcription-bearing Tibetan signs: U+0F71
ཡི			ཡ		i			ཡ		fully_resolved	high	One prefix/root/suffix parse is structurally possible.
ཡིག			ཡ		i	ག		ཡ		fully_resolved	high	One prefix/root/suffix parse is structurally possible.
ཡིད			ཡ		i	ད		ཡ		fully_resolved	high	One prefix/root/suffix parse is structurally possible.
ཡིན			ཡ		i	ན		ཡ		fully_resolved	high	One prefix/root/suffix parse is structurally possible.
ཡིབ			ཡ		i	བ		ཡ		fully_resolved	high	One prefix/root/suffix parse is structurally possible.
ཡིར			ཡ		i	ར		ཡ		fully_resolved	high	One prefix/root/suffix parse is structurally possible.
ཡིས			ཡ		i	ས		ཡ		fully_resolved	high	One prefix/root/suffix parse is structurally possible.
ཡུ			ཡ		u			ཡ		fully_resolved	high	One prefix/root/suffix parse is structurally possible.
ཡུག			ཡ		u	ག		ཡ		fully_resolved	high	One prefix/root/suffix parse is structurally possible.
ཡུངས			ཡ		u	ང	ས	ཡ		fully_resolved	high	One prefix/root/suffix parse is structurally possible.
ཡུད			ཡ		u	ད		ཡ		fully_resolved	high	One prefix/root/suffix parse is structurally possible.
ཡུན			ཡ		u	ན		ཡ		fully_resolved	high	One prefix/root/suffix parse is structurally possible.
ཡུམ			ཡ		u	མ		ཡ		fully_resolved	high	One prefix/root/suffix parse is structurally possible.
ཡུར			ཡ		u	ར		ཡ		fully_resolved	high	One prefix/root/suffix parse is structurally possible.
ཡུལ			ཡ		u	ལ		ཡ		fully_resolved	high	One prefix/root/suffix parse is structurally possible.
ཡེ			ཡ		e			ཡ		fully_resolved	high	One prefix/root/suffix parse is structurally possible.
ཡེན			ཡ		e	ན		ཡ		fully_resolved	high	One prefix/root/suffix parse is structurally possible.
ཡེའུ										unsupported_orthographic_sign	none	Multiple Tibetan vowel signs are not modelled.
ཡེར			ཡ		e	ར		ཡ		fully_resolved	high	One prefix/root/suffix parse is structurally possible.
ཡེས			ཡ		e	ས		ཡ		fully_resolved	high	One prefix/root/suffix parse is structurally possible.
ཡེེའུ										unsupported_orthographic_sign	none	Multiple Tibetan vowel signs are not modelled.
ཡོ			ཡ		o			ཡ		fully_resolved	high	One prefix/root/suffix parse is structurally possible.
ཡོག			ཡ		o	ག		ཡ		fully_resolved	high	One prefix/root/suffix parse is structurally possible.
ཡོགས			ཡ		o	ག	ས	ཡ		fully_resolved	high	One prefix/root/suffix parse is structurally possible.
ཡོང			ཡ		o	ང		ཡ		fully_resolved	high	One prefix/root/suffix parse is structurally possible.
ཡོངས			ཡ		o	ང	ས	ཡ		fully_resolved	high	One prefix/root/suffix parse is structurally possible.
ཡོད			ཡ		o	ད		ཡ		fully_resolved	high	One prefix/root/suffix parse is structurally possible.
ཡོན			ཡ		o	ན		ཡ		fully_resolved	high	One prefix/root/suffix parse is structurally possible.
ཡོམ			ཡ		o	མ		ཡ		fully_resolved	high	One prefix/root/suffix parse is structurally possible.
ཡོར			ཡ		o	ར		ཡ		fully_resolved	high	One prefix/root/suffix parse is structurally possible.
ཡོལ			ཡ		o	ལ		ཡ		fully_resolved	high	One prefix/root/suffix parse is structurally possible.
ཡོས			ཡ		o	ས		ཡ		fully_resolved	high	One prefix/root/suffix parse is structurally possible.
ཡོོང										unsupported_orthographic_sign	none	Multiple Tibetan vowel signs are not modelled.
ཡོཿ					o					unsupported_orthographic_sign	none	Unsupported transcription-bearing Tibetan signs: U+0F7F
ཡཾ					a					unsupported_orthographic_sign	none	Unsupported transcription-bearing Tibetan signs: U+0F7E
ཡཾག					a					unsupported_orthographic_sign	none	Unsupported transcription-bearing Tibetan signs: U+0F7E
ཡཾར					a					unsupported_orthographic_sign	none	Unsupported transcription-bearing Tibetan signs: U+0F7E
ཡཿ					a					unsupported_orthographic_sign	none	Unsupported transcription-bearing Tibetan signs: U+0F7F
ཡྩོན			ཡ	ཙ	o	ན		ཡཙ		fully_resolved	high	Unicode stack and trailing suffix roles resolve uniquely.
ཡྲཀ			ཡ	ར	a			ཡར	ཀ	partially_resolved	medium	Stack resolved; extra consonants remain ambiguous.
ཡྲི			ཡ	ར	i			ཡར		fully_resolved	high	Unicode stack and trailing suffix roles resolve uniquely.
ཡྲིང			ཡ	ར	i	ང		ཡར		fully_resolved	high	Unicode stack and trailing suffix roles resolve uniquely.
ཡྲིན			ཡ	ར	i	ན		ཡར		fully_resolved	high	Unicode stack and trailing suffix roles resolve uniquely.
ཡྲིས			ཡ	ར	i	ས		ཡར		fully_resolved	high	Unicode stack and trailing suffix roles resolve uniquely.
ཡྲོང			ཡ	ར	o	ང		ཡར		fully_resolved	high	Unicode stack and trailing suffix roles resolve uniquely.
ར			ར		a			ར		fully_resolved	high	One prefix/root/suffix parse is structurally possible.
རཀྐྱལ			ཀ	ཀཡ	a	ལ		ཀཀཡ	ར	partially_resolved	medium	Stack resolved; extra consonants remain ambiguous.
རཀྟི			ཀ	ཏ	i			ཀཏ	ར	partially_resolved	medium	Stack resolved; extra consonants remain ambiguous.
རག			ར		a	ག		ར		fully_resolved	high	One prefix/root/suffix parse is structurally possible.
རགས			ར		a	ག	ས	ར		fully_resolved	high	One prefix/root/suffix parse is structurally possible.
རགྱྱ			ག	ཡཡ	a			གཡཡ	ར	partially_resolved	medium	Stack resolved; extra consonants remain ambiguous.
རང			ར		a	ང		ར		fully_resolved	high	One prefix/root/suffix parse is structurally possible.
རངས			ར		a	ང	ས	ར		fully_resolved	high	One prefix/root/suffix parse is structurally possible.
རཏ					a					unusual_stack	none	Consonant sequence does not match conservative role patterns.
རད			ར		a	ད		ར		fully_resolved	high	One prefix/root/suffix parse is structurally possible.
རདགྲ			ག	ར	a			གར	ར;ད	partially_resolved	medium	Stack resolved; extra consonants remain ambiguous.
རདྒར			ད	ག	a	ར		དག	ར	partially_resolved	medium	Stack resolved; extra consonants remain ambiguous.
རན			ར		a	ན		ར		fully_resolved	high	One prefix/root/suffix parse is structurally possible.
རནྡྷ			ན	དཧ	a			ནདཧ	ར	partially_resolved	medium	Stack resolved; extra consonants remain ambiguous.
རཔ					a					unusual_stack	none	Consonant sequence does not match conservative role patterns.
རབ			ར		a	བ		ར		fully_resolved	high	One prefix/root/suffix parse is structurally possible.
རབངས					a					unusual_stack	none	Consonant sequence does not match conservative role patterns.
རབས			ར		a	བ	ས	ར		fully_resolved	high	One prefix/root/suffix parse is structurally possible.
རབསྲ			ས	ར	a			སར	ར;བ	partially_resolved	medium	Stack resolved; extra consonants remain ambiguous.
རབྲ			བ	ར	a			བར	ར	partially_resolved	medium	Stack resolved; extra consonants remain ambiguous.
རབྲོ			བ	ར	o			བར	ར	partially_resolved	medium	Stack resolved; extra consonants remain ambiguous.
རམ			ར		a	མ		ར		fully_resolved	high	One prefix/root/suffix parse is structurally possible.
རམགྲོན			ག	ར	o	ན		གར	ར;མ	partially_resolved	medium	Stack resolved; extra consonants remain ambiguous.
རམང					a					unusual_stack	none	Consonant sequence does not match conservative role patterns.
རམཆི					i					unusual_stack	none	Consonant sequence does not match conservative role patterns.
རམས			ར		a	མ	ས	ར		fully_resolved	high	One prefix/root/suffix parse is structurally possible.
རམི			ར		i	མ		ར		fully_resolved	high	One prefix/root/suffix parse is structurally possible.
རམོད			ར		o	མ	ད	ར		fully_resolved	high	One prefix/root/suffix parse is structurally possible.
རམྨ			མ	མ	a			མམ	ར	partially_resolved	medium	Stack resolved; extra consonants remain ambiguous.
རམྨྱ			མ	མཡ	a			མམཡ	ར	partially_resolved	medium	Stack resolved; extra consonants remain ambiguous.
རམྱག			མ	ཡ	a	ག		མཡ	ར	partially_resolved	medium	Stack resolved; extra consonants remain ambiguous.
རའ			ར		a	འ		ར		fully_resolved	high	One prefix/root/suffix parse is structurally possible.
རའི			ར		i	འ		ར		fully_resolved	high	One prefix/root/suffix parse is structurally possible.
རའེ			ར		e	འ		ར		fully_resolved	high	One prefix/root/suffix parse is structurally possible.
རར			ར		a	ར		ར		fully_resolved	high	One prefix/root/suffix parse is structurally possible.
རལ			ར		a	ལ		ར		fully_resolved	high	One prefix/root/suffix parse is structurally possible.
རས			ར		a	ས		ར		fully_resolved	high	One prefix/root/suffix parse is structurally possible.
རསྨན		ས	མ		a	ན		སམ	ར	partially_resolved	medium	Stack resolved; extra consonants remain ambiguous.
རཱ					a					unsupported_orthographic_sign	none	Unsupported transcription-bearing Tibetan signs: U+0F71
རཱདུ					u					unsupported_orthographic_sign	none	Unsupported transcription-bearing Tibetan signs: U+0F71
རཱཛ					a					unsupported_orthographic_sign	none	Unsupported transcription-bearing Tibetan signs: U+0F71
རཱལ					a					unsupported_orthographic_sign	none	Unsupported transcription-bearing Tibetan signs: U+0F71
རཱཱ					a					unsupported_orthographic_sign	none	Unsupported transcription-bearing Tibetan signs: U+0F71,U+0F71
རཱི					i					unsupported_orthographic_sign	none	Unsupported transcription-bearing Tibetan signs: U+0F71
རི			ར		i			ར		fully_resolved	high	One prefix/root/suffix parse is structurally possible.
རིཀ					i					unusual_stack	none	Consonant sequence does not match conservative role patterns.
རིཀའུལ										unsupported_orthographic_sign	none	Multiple Tibetan vowel signs are not modelled.
རིག			ར		i	ག		ར		fully_resolved	high	One prefix/root/suffix parse is structurally possible.
རིགས			ར		i	ག	ས	ར		fully_resolved	high	One prefix/root/suffix parse is structurally possible.
རིང			ར		i	ང		ར		fully_resolved	high	One prefix/root/suffix parse is structurally possible.
རིངས			ར		i	ང	ས	ར		fully_resolved	high	One prefix/root/suffix parse is structurally possible.
རིན			ར		i	ན		ར		fully_resolved	high	One prefix/root/suffix parse is structurally possible.
རིབ			ར		i	བ		ར		fully_resolved	high	One prefix/root/suffix parse is structurally possible.
རིམ			ར		i	མ		ར		fully_resolved	high	One prefix/root/suffix parse is structurally possible.
རིམས			ར		i	མ	ས	ར		fully_resolved	high	One prefix/root/suffix parse is structurally possible.
རིའ			ར		i	འ		ར		fully_resolved	high	One prefix/root/suffix parse is structurally possible.
རིའི										unsupported_orthographic_sign	none	Multiple Tibetan vowel signs are not modelled.
རིར			ར		i	ར		ར		fully_resolved	high	One prefix/root/suffix parse is structurally possible.
རིལ			ར		i	ལ		ར		fully_resolved	high	One prefix/root/suffix parse is structurally possible.
རིས			ར		i	ས		ར		fully_resolved	high	One prefix/root/suffix parse is structurally possible.
རིིམ										unsupported_orthographic_sign	none	Multiple Tibetan vowel signs are not modelled.
རུ			ར		u			ར		fully_resolved	high	One prefix/root/suffix parse is structurally possible.
རུག			ར		u	ག		ར		fully_resolved	high	One prefix/root/suffix parse is structurally possible.
རུང			ར		u	ང		ར		fully_resolved	high	One prefix/root/suffix parse is structurally possible.
རུད			ར		u	ད		ར		fully_resolved	high	One prefix/root/suffix parse is structurally possible.
རུབ			ར		u	བ		ར		fully_resolved	high	One prefix/root/suffix parse is structurally possible.
རུམ			ར		u	མ		ར		fully_resolved	high	One prefix/root/suffix parse is structurally possible.
རུར			ར		u	ར		ར		fully_resolved	high	One prefix/root/suffix parse is structurally possible.
རུལ			ར		u	ལ		ར		fully_resolved	high	One prefix/root/suffix parse is structurally possible.
རུས			ར		u	ས		ར		fully_resolved	high	One prefix/root/suffix parse is structurally possible.
རེ			ར		e			ར		fully_resolved	high	One prefix/root/suffix parse is structurally possible.
རེག			ར		e	ག		ར		fully_resolved	high	One prefix/root/suffix parse is structurally possible.
རེགས			ར		e	ག	ས	ར		fully_resolved	high	One prefix/root/suffix parse is structurally possible.
རེང			ར		e	ང		ར		fully_resolved	high	One prefix/root/suffix parse is structurally possible.
རེངས			ར		e	ང	ས	ར		fully_resolved	high	One prefix/root/suffix parse is structurally possible.
རེཊ					e					unusual_stack	none	Consonant sequence does not match conservative role patterns.
རེད			ར		e	ད		ར		fully_resolved	high	One prefix/root/suffix parse is structurally possible.
རེན			ར		e	ན		ར		fully_resolved	high	One prefix/root/suffix parse is structurally possible.
རེམ			ར		e	མ		ར		fully_resolved	high	One prefix/root/suffix parse is structurally possible.
རེའི										unsupported_orthographic_sign	none	Multiple Tibetan vowel signs are not modelled.
རེས			ར		e	ས		ར		fully_resolved	high	One prefix/root/suffix parse is structurally possible.
རོ			ར		o			ར		fully_resolved	high	One prefix/root/suffix parse is structurally possible.
རོག			ར		o	ག		ར		fully_resolved	high	One prefix/root/suffix parse is structurally possible.
རོགས			ར		o	ག	ས	ར		fully_resolved	high	One prefix/root/suffix parse is structurally possible.
རོང			ར		o	ང		ར		fully_resolved	high	One prefix/root/suffix parse is structurally possible.
རོན			ར		o	ན		ར		fully_resolved	high	One prefix/root/suffix parse is structurally possible.
རོབ			ར		o	བ		ར		fully_resolved	high	One prefix/root/suffix parse is structurally possible.
རོམ			ར		o	མ		ར		fully_resolved	high	One prefix/root/suffix parse is structurally possible.
རོའ			ར		o	འ		ར		fully_resolved	high	One prefix/root/suffix parse is structurally possible.
རོར			ར		o	ར		ར		fully_resolved	high	One prefix/root/suffix parse is structurally possible.
རོལ			ར		o	ལ		ར		fully_resolved	high	One prefix/root/suffix parse is structurally possible.
རོས			ར		o	ས		ར		fully_resolved	high	One prefix/root/suffix parse is structurally possible.
རཾ					a					unsupported_orthographic_sign	none	Unsupported transcription-bearing Tibetan signs: U+0F7E
རཿ					a					unsupported_orthographic_sign	none	Unsupported transcription-bearing Tibetan signs: U+0F7F
རྐ		ར	ཀ		a			རཀ		fully_resolved	high	Unicode stack and trailing suffix roles resolve uniquely.
རྐང		ར	ཀ		a	ང		རཀ		fully_resolved	high	Unicode stack and trailing suffix roles resolve uniquely.
རྐད		ར	ཀ		a	ད		རཀ		fully_resolved	high	Unicode stack and trailing suffix roles resolve uniquely.
རྐན		ར	ཀ		a	ན		རཀ		fully_resolved	high	Unicode stack and trailing suffix roles resolve uniquely.
རྐམ		ར	ཀ		a	མ		རཀ		fully_resolved	high	Unicode stack and trailing suffix roles resolve uniquely.
རྐིམ		ར	ཀ		i	མ		རཀ		fully_resolved	high	Unicode stack and trailing suffix roles resolve uniquely.
རྐུ		ར	ཀ		u			རཀ		fully_resolved	high	Unicode stack and trailing suffix roles resolve uniquely.
རྐུན		ར	ཀ		u	ན		རཀ		fully_resolved	high	Unicode stack and trailing suffix roles resolve uniquely.
རྐུབ		ར	ཀ		u	བ		རཀ		fully_resolved	high	Unicode stack and trailing suffix roles resolve uniquely.
རྐུས		ར	ཀ		u	ས		རཀ		fully_resolved	high	Unicode stack and trailing suffix roles resolve uniquely.
རྐེ		ར	ཀ		e			རཀ		fully_resolved	high	Unicode stack and trailing suffix roles resolve uniquely.
རྐེད		ར	ཀ		e	ད		རཀ		fully_resolved	high	Unicode stack and trailing suffix roles resolve uniquely.
རྐོ		ར	ཀ		o			རཀ		fully_resolved	high	Unicode stack and trailing suffix roles resolve uniquely.
རྐོང		ར	ཀ		o	ང		རཀ		fully_resolved	high	Unicode stack and trailing suffix roles resolve uniquely.
རྐོན		ར	ཀ		o	ན		རཀ		fully_resolved	high	Unicode stack and trailing suffix roles resolve uniquely.
རྐོམ		ར	ཀ		o	མ		རཀ		fully_resolved	high	Unicode stack and trailing suffix roles resolve uniquely.
རྐོས		ར	ཀ		o	ས		རཀ		fully_resolved	high	Unicode stack and trailing suffix roles resolve uniquely.
རྐྒན		ར	ཀ	ག	a	ན		རཀག		fully_resolved	high	Unicode stack and trailing suffix roles resolve uniquely.
རྐྱ		ར	ཀ	ཡ	a			རཀཡ		fully_resolved	high	Unicode stack and trailing suffix roles resolve uniquely.
རྐྱག		ར	ཀ	ཡ	a	ག		རཀཡ		fully_resolved	high	Unicode stack and trailing suffix roles resolve uniquely.
རྐྱང		ར	ཀ	ཡ	a	ང		རཀཡ		fully_resolved	high	Unicode stack and trailing suffix roles resolve uniquely.
རྐྱན		ར	ཀ	ཡ	a	ན		རཀཡ		fully_resolved	high	Unicode stack and trailing suffix roles resolve uniquely.
རྐྱབ		ར	ཀ	ཡ	a	བ		རཀཡ		fully_resolved	high	Unicode stack and trailing suffix roles resolve uniquely.
རྐྱལ		ར	ཀ	ཡ	a	ལ		རཀཡ		fully_resolved	high	Unicode stack and trailing suffix roles resolve uniquely.
རྐྱེད		ར	ཀ	ཡ	e	ད		རཀཡ		fully_resolved	high	Unicode stack and trailing suffix roles resolve uniquely.
རྐྱེན		ར	ཀ	ཡ	e	ན		རཀཡ		fully_resolved	high	Unicode stack and trailing suffix roles resolve uniquely.
རྐྱོང		ར	ཀ	ཡ	o	ང		རཀཡ		fully_resolved	high	Unicode stack and trailing suffix roles resolve uniquely.
རྐྱོས		ར	ཀ	ཡ	o	ས		རཀཡ		fully_resolved	high	Unicode stack and trailing suffix roles resolve uniquely.
རྒ		ར	ག		a			རག		fully_resolved	high	Unicode stack and trailing suffix roles resolve uniquely.
རྒང		ར	ག		a	ང		རག		fully_resolved	high	Unicode stack and trailing suffix roles resolve uniquely.
རྒངད		ར	ག		a	ང	ད	རག		fully_resolved	high	Unicode stack and trailing suffix roles resolve uniquely.
རྒངས		ར	ག		a	ང	ས	རག		fully_resolved	high	Unicode stack and trailing suffix roles resolve uniquely.
རྒཊ		ར	ག		a			རག	ཊ	partially_resolved	medium	Stack resolved; extra consonants remain ambiguous.
རྒཏྟ		ར	ག	ཏ	a			རགཏ	ཏ	partially_resolved	medium	Stack resolved; extra consonants remain ambiguous.
རྒད		ར	ག		a	ད		རག		fully_resolved	high	Unicode stack and trailing suffix roles resolve uniquely.
རྒན		ར	ག		a	ན		རག		fully_resolved	high	Unicode stack and trailing suffix roles resolve uniquely.
རྒམ		ར	ག		a	མ		རག		fully_resolved	high	Unicode stack and trailing suffix roles resolve uniquely.
རྒའ		ར	ག		a	འ		རག		fully_resolved	high	Unicode stack and trailing suffix roles resolve uniquely.
རྒའཊ		ར	ག		a			རག	འ;ཊ	partially_resolved	medium	Stack resolved; extra consonants remain ambiguous.
རྒར		ར	ག		a	ར		རག		fully_resolved	high	Unicode stack and trailing suffix roles resolve uniquely.
རྒལ		ར	ག		a	ལ		རག		fully_resolved	high	Unicode stack and trailing suffix roles resolve uniquely.
རྒས		ར	ག		a	ས		རག		fully_resolved	high	Unicode stack and trailing suffix roles resolve uniquely.
རྒུ		ར	ག		u			རག		fully_resolved	high	Unicode stack and trailing suffix roles resolve uniquely.
རྒུད		ར	ག		u	ད		རག		fully_resolved	high	Unicode stack and trailing suffix roles resolve uniquely.
རྒུན		ར	ག		u	ན		རག		fully_resolved	high	Unicode stack and trailing suffix roles resolve uniquely.
རྒོ		ར	ག		o			རག		fully_resolved	high	Unicode stack and trailing suffix roles resolve uniquely.
རྒོད		ར	ག		o	ད		རག		fully_resolved	high	Unicode stack and trailing suffix roles resolve uniquely.
རྒོན		ར	ག		o	ན		རག		fully_resolved	high	Unicode stack and trailing suffix roles resolve uniquely.
རྒོལ		ར	ག		o	ལ		རག		fully_resolved	high	Unicode stack and trailing suffix roles resolve uniquely.
རྒྱ		ར	ག	ཡ	a			རགཡ		fully_resolved	high	Unicode stack and trailing suffix roles resolve uniquely.
རྒྱག		ར	ག	ཡ	a	ག		རགཡ		fully_resolved	high	Unicode stack and trailing suffix roles resolve uniquely.
རྒྱགས		ར	ག	ཡ	a	ག	ས	རགཡ		fully_resolved	high	Unicode stack and trailing suffix roles resolve uniquely.
རྒྱང		ར	ག	ཡ	a	ང		རགཡ		fully_resolved	high	Unicode stack and trailing suffix roles resolve uniquely.
རྒྱངས		ར	ག	ཡ	a	ང	ས	རགཡ		fully_resolved	high	Unicode stack and trailing suffix roles resolve uniquely.
རྒྱད		ར	ག	ཡ	a	ད		རགཡ		fully_resolved	high	Unicode stack and trailing suffix roles resolve uniquely.
རྒྱན		ར	ག	ཡ	a	ན		རགཡ		fully_resolved	high	Unicode stack and trailing suffix roles resolve uniquely.
རྒྱབ		ར	ག	ཡ	a	བ		རགཡ		fully_resolved	high	Unicode stack and trailing suffix roles resolve uniquely.
རྒྱམ		ར	ག	ཡ	a	མ		རགཡ		fully_resolved	high	Unicode stack and trailing suffix roles resolve uniquely.
རྒྱའ		ར	ག	ཡ	a	འ		རགཡ		fully_resolved	high	Unicode stack and trailing suffix roles resolve uniquely.
རྒྱའི		ར	ག	ཡ	i	འ		རགཡ		fully_resolved	high	Unicode stack and trailing suffix roles resolve uniquely.
རྒྱལ		ར	ག	ཡ	a	ལ		རགཡ		fully_resolved	high	Unicode stack and trailing suffix roles resolve uniquely.
རྒྱས		ར	ག	ཡ	a	ས		རགཡ		fully_resolved	high	Unicode stack and trailing suffix roles resolve uniquely.
རྒྱུ		ར	ག	ཡ	u			རགཡ		fully_resolved	high	Unicode stack and trailing suffix roles resolve uniquely.
རྒྱུག		ར	ག	ཡ	u	ག		རགཡ		fully_resolved	high	Unicode stack and trailing suffix roles resolve uniquely.
རྒྱུང		ར	ག	ཡ	u	ང		རགཡ		fully_resolved	high	Unicode stack and trailing suffix roles resolve uniquely.
རྒྱུད		ར	ག	ཡ	u	ད		རགཡ		fully_resolved	high	Unicode stack and trailing suffix roles resolve uniquely.
རྒྱུན		ར	ག	ཡ	u	ན		རགཡ		fully_resolved	high	Unicode stack and trailing suffix roles resolve uniquely.
རྒྱུར		ར	ག	ཡ	u	ར		རགཡ		fully_resolved	high	Unicode stack and trailing suffix roles resolve uniquely.
རྒྱུས		ར	ག	ཡ	u	ས		རགཡ		fully_resolved	high	Unicode stack and trailing suffix roles resolve uniquely.
རྒྱོབ		ར	ག	ཡ	o	བ		རགཡ		fully_resolved	high	Unicode stack and trailing suffix roles resolve uniquely.
རྔ		ར	ང		a			རང		fully_resolved	high	Unicode stack and trailing suffix roles resolve uniquely.
རྔགས		ར	ང		a	ག	ས	རང		fully_resolved	high	Unicode stack and trailing suffix roles resolve uniquely.
རྔང		ར	ང		a	ང		རང		fully_resolved	high	Unicode stack and trailing suffix roles resolve uniquely.
རྔངས		ར	ང		a	ང	ས	རང		fully_resolved	high	Unicode stack and trailing suffix roles resolve uniquely.
རྔད		ར	ང		a	ད		རང		fully_resolved	high	Unicode stack and trailing suffix roles resolve uniquely.
རྔན		ར	ང		a	ན		རང		fully_resolved	high	Unicode stack and trailing suffix roles resolve uniquely.
རྔབ		ར	ང		a	བ		རང		fully_resolved	high	Unicode stack and trailing suffix roles resolve uniquely.
རྔམ		ར	ང		a	མ		རང		fully_resolved	high	Unicode stack and trailing suffix roles resolve uniquely.
རྔམས		ར	ང		a	མ	ས	རང		fully_resolved	high	Unicode stack and trailing suffix roles resolve uniquely.
རྔརྱ		ར	ང	ཡ	a	ར		རངཡ		fully_resolved	high	Unicode stack and trailing suffix roles resolve uniquely.
རྔལ		ར	ང		a	ལ		རང		fully_resolved	high	Unicode stack and trailing suffix roles resolve uniquely.
རྔུང		ར	ང		u	ང		རང		fully_resolved	high	Unicode stack and trailing suffix roles resolve uniquely.
རྔུབ		ར	ང		u	བ		རང		fully_resolved	high	Unicode stack and trailing suffix roles resolve uniquely.
རྔོ		ར	ང		o			རང		fully_resolved	high	Unicode stack and trailing suffix roles resolve uniquely.
རྔོག		ར	ང		o	ག		རང		fully_resolved	high	Unicode stack and trailing suffix roles resolve uniquely.
རྔོད		ར	ང		o	ད		རང		fully_resolved	high	Unicode stack and trailing suffix roles resolve uniquely.
རྔོན		ར	ང		o	ན		རང		fully_resolved	high	Unicode stack and trailing suffix roles resolve uniquely.
རྔོམ		ར	ང		o	མ		རང		fully_resolved	high	Unicode stack and trailing suffix roles resolve uniquely.
རྕེ		ར	ཅ		e			རཅ		fully_resolved	high	Unicode stack and trailing suffix roles resolve uniquely.
རྗང		ར	ཇ		a	ང		རཇ		fully_resolved	high	Unicode stack and trailing suffix roles resolve uniquely.
རྗི		ར	ཇ		i			རཇ		fully_resolved	high	Unicode stack and trailing suffix roles resolve uniquely.
རྗིད		ར	ཇ		i	ད		རཇ		fully_resolved	high	Unicode stack and trailing suffix roles resolve uniquely.
རྗེ		ར	ཇ		e			རཇ		fully_resolved	high	Unicode stack and trailing suffix roles resolve uniquely.
རྗེགས		ར	ཇ		e	ག	ས	རཇ		fully_resolved	high	Unicode stack and trailing suffix roles resolve uniquely.
རྗེད		ར	ཇ		e	ད		རཇ		fully_resolved	high	Unicode stack and trailing suffix roles resolve uniquely.
རྗེན		ར	ཇ		e	ན		རཇ		fully_resolved	high	Unicode stack and trailing suffix roles resolve uniquely.
རྗེའ		ར	ཇ		e	འ		རཇ		fully_resolved	high	Unicode stack and trailing suffix roles resolve uniquely.
རྗེའི										unsupported_orthographic_sign	none	Multiple Tibetan vowel signs are not modelled.
རྗེའུ										unsupported_orthographic_sign	none	Multiple Tibetan vowel signs are not modelled.
རྗེས		ར	ཇ		e	ས		རཇ		fully_resolved	high	Unicode stack and trailing suffix roles resolve uniquely.
རྗོད		ར	ཇ		o	ད		རཇ		fully_resolved	high	Unicode stack and trailing suffix roles resolve uniquely.
རྗཾས					a					unsupported_orthographic_sign	none	Unsupported transcription-bearing Tibetan signs: U+0F7E
རྗྫས		ར	ཇ	ཛ	a	ས		རཇཛ		fully_resolved	high	Unicode stack and trailing suffix roles resolve uniquely.
རྙང		ར	ཉ		a	ང		རཉ		fully_resolved	high	Unicode stack and trailing suffix roles resolve uniquely.
རྙབ		ར	ཉ		a	བ		རཉ		fully_resolved	high	Unicode stack and trailing suffix roles resolve uniquely.
རྙིང		ར	ཉ		i	ང		རཉ		fully_resolved	high	Unicode stack and trailing suffix roles resolve uniquely.
རྙིད		ར	ཉ		i	ད		རཉ		fully_resolved	high	Unicode stack and trailing suffix roles resolve uniquely.
རྙིབ		ར	ཉ		i	བ		རཉ		fully_resolved	high	Unicode stack and trailing suffix roles resolve uniquely.
རྙིལ		ར	ཉ		i	ལ		རཉ		fully_resolved	high	Unicode stack and trailing suffix roles resolve uniquely.
རྙིས		ར	ཉ		i	ས		རཉ		fully_resolved	high	Unicode stack and trailing suffix roles resolve uniquely.
རྙེ		ར	ཉ		e			རཉ		fully_resolved	high	Unicode stack and trailing suffix roles resolve uniquely.
རྙེད		ར	ཉ		e	ད		རཉ		fully_resolved	high	Unicode stack and trailing suffix roles resolve uniquely.
རྙོག		ར	ཉ		o	ག		རཉ		fully_resolved	high	Unicode stack and trailing suffix roles resolve uniquely.
རྙོགས		ར	ཉ		o	ག	ས	རཉ		fully_resolved	high	Unicode stack and trailing suffix roles resolve uniquely.
རྙོངས		ར	ཉ		o	ང	ས	རཉ		fully_resolved	high	Unicode stack and trailing suffix roles resolve uniquely.
རྙོབ		ར	ཉ		o	བ		རཉ		fully_resolved	high	Unicode stack and trailing suffix roles resolve uniquely.
རྟ		ར	ཏ		a			རཏ		fully_resolved	high	Unicode stack and trailing suffix roles resolve uniquely.
རྟག		ར	ཏ		a	ག		རཏ		fully_resolved	high	Unicode stack and trailing suffix roles resolve uniquely.
རྟགས		ར	ཏ		a	ག	ས	རཏ		fully_resolved	high	Unicode stack and trailing suffix roles resolve uniquely.
རྟང		ར	ཏ		a	ང		རཏ		fully_resolved	high	Unicode stack and trailing suffix roles resolve uniquely.
རྟཏ		ར	ཏ		a			རཏ	ཏ	partially_resolved	medium	Stack resolved; extra consonants remain ambiguous.
རྟན		ར	ཏ		a	ན		རཏ		fully_resolved	high	Unicode stack and trailing suffix roles resolve uniquely.
རྟཔས		ར	ཏ		a	ས		རཏ	པ	partially_resolved	medium	Stack resolved; extra consonants remain ambiguous.
རྟབ		ར	ཏ		a	བ		རཏ		fully_resolved	high	Unicode stack and trailing suffix roles resolve uniquely.
རྟབས		ར	ཏ		a	བ	ས	རཏ		fully_resolved	high	Unicode stack and trailing suffix roles resolve uniquely.
རྟམ		ར	ཏ		a	མ		རཏ		fully_resolved	high	Unicode stack and trailing suffix roles resolve uniquely.
རྟམས		ར	ཏ		a	མ	ས	རཏ		fully_resolved	high	Unicode stack and trailing suffix roles resolve uniquely.
རྟའི		ར	ཏ		i	འ		རཏ		fully_resolved	high	Unicode stack and trailing suffix roles resolve uniquely.
རྟའུ		ར	ཏ		u	འ		རཏ		fully_resolved	high	Unicode stack and trailing suffix roles resolve uniquely.
རྟལ		ར	ཏ		a	ལ		རཏ		fully_resolved	high	Unicode stack and trailing suffix roles resolve uniquely.
རྟས		ར	ཏ		a	ས		རཏ		fully_resolved	high	Unicode stack and trailing suffix roles resolve uniquely.
རྟི		ར	ཏ		i			རཏ		fully_resolved	high	Unicode stack and trailing suffix roles resolve uniquely.
རྟིག		ར	ཏ		i	ག		རཏ		fully_resolved	high	Unicode stack and trailing suffix roles resolve uniquely.
རྟིང		ར	ཏ		i	ང		རཏ		fully_resolved	high	Unicode stack and trailing suffix roles resolve uniquely.
རྟིབས		ར	ཏ		i	བ	ས	རཏ		fully_resolved	high	Unicode stack and trailing suffix roles resolve uniquely.
རྟིས		ར	ཏ		i	ས		རཏ		fully_resolved	high	Unicode stack and trailing suffix roles resolve uniquely.
རྟུག		ར	ཏ		u	ག		རཏ		fully_resolved	high	Unicode stack and trailing suffix roles resolve uniquely.
རྟུང		ར	ཏ		u	ང		རཏ		fully_resolved	high	Unicode stack and trailing suffix roles resolve uniquely.
རྟུན		ར	ཏ		u	ན		རཏ		fully_resolved	high	Unicode stack and trailing suffix roles resolve uniquely.
རྟུལ		ར	ཏ		u	ལ		རཏ		fully_resolved	high	Unicode stack and trailing suffix roles resolve uniquely.
རྟེ		ར	ཏ		e			རཏ		fully_resolved	high	Unicode stack and trailing suffix roles resolve uniquely.
རྟེག		ར	ཏ		e	ག		རཏ		fully_resolved	high	Unicode stack and trailing suffix roles resolve uniquely.
རྟེན		ར	ཏ		e	ན		རཏ		fully_resolved	high	Unicode stack and trailing suffix roles resolve uniquely.
རྟོ		ར	ཏ		o			རཏ		fully_resolved	high	Unicode stack and trailing suffix roles resolve uniquely.
རྟོག		ར	ཏ		o	ག		རཏ		fully_resolved	high	Unicode stack and trailing suffix roles resolve uniquely.
རྟོགས		ར	ཏ		o	ག	ས	རཏ		fully_resolved	high	Unicode stack and trailing suffix roles resolve uniquely.
རྟོང		ར	ཏ		o	ང		རཏ		fully_resolved	high	Unicode stack and trailing suffix roles resolve uniquely.
རྟོད		ར	ཏ		o	ད		རཏ		fully_resolved	high	Unicode stack and trailing suffix roles resolve uniquely.
རྟོན		ར	ཏ		o	ན		རཏ		fully_resolved	high	Unicode stack and trailing suffix roles resolve uniquely.
རྟོབ		ར	ཏ		o	བ		རཏ		fully_resolved	high	Unicode stack and trailing suffix roles resolve uniquely.
རྟོབས		ར	ཏ		o	བ	ས	རཏ		fully_resolved	high	Unicode stack and trailing suffix roles resolve uniquely.
རྟོལ		ར	ཏ		o	ལ		རཏ		fully_resolved	high	Unicode stack and trailing suffix roles resolve uniquely.
རྟོཿ					o					unsupported_orthographic_sign	none	Unsupported transcription-bearing Tibetan signs: U+0F7F
རྟཾང					a					unsupported_orthographic_sign	none	Unsupported transcription-bearing Tibetan signs: U+0F7E
རྡ		ར	ད		a			རད		fully_resolved	high	Unicode stack and trailing suffix roles resolve uniquely.
རྡག		ར	ད		a	ག		རད		fully_resolved	high	Unicode stack and trailing suffix roles resolve uniquely.
རྡགས		ར	ད		a	ག	ས	རད		fully_resolved	high	Unicode stack and trailing suffix roles resolve uniquely.
རྡང		ར	ད		a	ང		རད		fully_resolved	high	Unicode stack and trailing suffix roles resolve uniquely.
རྡད		ར	ད		a	ད		རད		fully_resolved	high	Unicode stack and trailing suffix roles resolve uniquely.
རྡན		ར	ད		a	ན		རད		fully_resolved	high	Unicode stack and trailing suffix roles resolve uniquely.
རྡབ		ར	ད		a	བ		རད		fully_resolved	high	Unicode stack and trailing suffix roles resolve uniquely.
རྡམ		ར	ད		a	མ		རད		fully_resolved	high	Unicode stack and trailing suffix roles resolve uniquely.
རྡར		ར	ད		a	ར		རད		fully_resolved	high	Unicode stack and trailing suffix roles resolve uniquely.
རྡརྔ		ར	ད	ང	a	ར		རདང		fully_resolved	high	Unicode stack and trailing suffix roles resolve uniquely.
རྡརྗའི		ར	ད	ཇ	i	འ		རདཇ	ར	partially_resolved	medium	Stack resolved; extra consonants remain ambiguous.
རྡརྗེ		ར	ད	ཇ	e	ར		རདཇ		fully_resolved	high	Unicode stack and trailing suffix roles resolve uniquely.
རྡརྫགླགས		ར	ད	ཛལ	a	ག	ས	རདཛལ	ར;ག	partially_resolved	medium	Stack resolved; extra consonants remain ambiguous.
རྡལ		ར	ད		a	ལ		རད		fully_resolved	high	Unicode stack and trailing suffix roles resolve uniquely.
རྡི		ར	ད		i			རད		fully_resolved	high	Unicode stack and trailing suffix roles resolve uniquely.
རྡུག		ར	ད		u	ག		རད		fully_resolved	high	Unicode stack and trailing suffix roles resolve uniquely.
རྡུགས		ར	ད		u	ག	ས	རད		fully_resolved	high	Unicode stack and trailing suffix roles resolve uniquely.
རྡུང		ར	ད		u	ང		རད		fully_resolved	high	Unicode stack and trailing suffix roles resolve uniquely.
རྡུངས		ར	ད		u	ང	ས	རད		fully_resolved	high	Unicode stack and trailing suffix roles resolve uniquely.
རྡུམ		ར	ད		u	མ		རད		fully_resolved	high	Unicode stack and trailing suffix roles resolve uniquely.
རྡུལ		ར	ད		u	ལ		རད		fully_resolved	high	Unicode stack and trailing suffix roles resolve uniquely.
རྡེ		ར	ད		e			རད		fully_resolved	high	Unicode stack and trailing suffix roles resolve uniquely.
རྡེག		ར	ད		e	ག		རད		fully_resolved	high	Unicode stack and trailing suffix roles resolve uniquely.
རྡེང		ར	ད		e	ང		རད		fully_resolved	high	Unicode stack and trailing suffix roles resolve uniquely.
རྡེན		ར	ད		e	ན		རད		fully_resolved	high	Unicode stack and trailing suffix roles resolve uniquely.
རྡེའུ										unsupported_orthographic_sign	none	Multiple Tibetan vowel signs are not modelled.
རྡེལ		ར	ད		e	ལ		རད		fully_resolved	high	Unicode stack and trailing suffix roles resolve uniquely.
རྡོ		ར	ད		o			རད		fully_resolved	high	Unicode stack and trailing suffix roles resolve uniquely.
རྡོག		ར	ད		o	ག		རད		fully_resolved	high	Unicode stack and trailing suffix roles resolve uniquely.
རྡོབ		ར	ད		o	བ		རད		fully_resolved	high	Unicode stack and trailing suffix roles resolve uniquely.
རྡོའི										unsupported_orthographic_sign	none	Multiple Tibetan vowel signs are not modelled.
རྡོར		ར	ད		o	ར		རད		fully_resolved	high	Unicode stack and trailing suffix roles resolve uniquely.
རྡོརྗ		ར	ད	ཇ	o	ར		རདཇ		fully_resolved	high	Unicode stack and trailing suffix roles resolve uniquely.
རྡོརྗེ										unsupported_orthographic_sign	none	Multiple Tibetan vowel signs are not modelled.
རྡོརྗེའི										unsupported_orthographic_sign	none	Multiple Tibetan vowel signs are not modelled.
རྡོལ		ར	ད		o	ལ		རད		fully_resolved	high	Unicode stack and trailing suffix roles resolve uniquely.
རྡོས		ར	ད		o	ས		རད		fully_resolved	high	Unicode stack and trailing suffix roles resolve uniquely.
རྡཾག					a					unsupported_orthographic_sign	none	Unsupported transcription-bearing Tibetan signs: U+0F7E
རྣ		ར	ན		a			རན		fully_resolved	high	Unicode stack and trailing suffix roles resolve uniquely.
རྣག		ར	ན		a	ག		རན		fully_resolved	high	Unicode stack and trailing suffix roles resolve uniquely.
རྣགས		ར	ན		a	ག	ས	རན		fully_resolved	high	Unicode stack and trailing suffix roles resolve uniquely.
རྣང		ར	ན		a	ང		རན		fully_resolved	high	Unicode stack and trailing suffix roles resolve uniquely.
རྣངས		ར	ན		a	ང	ས	རན		fully_resolved	high	Unicode stack and trailing suffix roles resolve uniquely.
རྣན		ར	ན		a	ན		རན		fully_resolved	high	Unicode stack and trailing suffix roles resolve uniquely.
རྣབས		ར	ན		a	བ	ས	རན		fully_resolved	high	Unicode stack and trailing suffix roles resolve uniquely.
རྣམ		ར	ན		a	མ		རན		fully_resolved	high	Unicode stack and trailing suffix roles resolve uniquely.
རྣམས		ར	ན		a	མ	ས	རན		fully_resolved	high	Unicode stack and trailing suffix roles resolve uniquely.
རྣཚེ		ར	ན		e			རན	ཚ	partially_resolved	medium	Stack resolved; extra consonants remain ambiguous.
རྣལ		ར	ན		a	ལ		རན		fully_resolved	high	Unicode stack and trailing suffix roles resolve uniquely.
རྣུ		ར	ན		u			རན		fully_resolved	high	Unicode stack and trailing suffix roles resolve uniquely.
རྣོ		ར	ན		o			རན		fully_resolved	high	Unicode stack and trailing suffix roles resolve uniquely.
རྣོགས		ར	ན		o	ག	ས	རན		fully_resolved	high	Unicode stack and trailing suffix roles resolve uniquely.
རྣོངས		ར	ན		o	ང	ས	རན		fully_resolved	high	Unicode stack and trailing suffix roles resolve uniquely.
རྣོན		ར	ན		o	ན		རན		fully_resolved	high	Unicode stack and trailing suffix roles resolve uniquely.
རྣོམ		ར	ན		o	མ		རན		fully_resolved	high	Unicode stack and trailing suffix roles resolve uniquely.
རྣོར		ར	ན		o	ར		རན		fully_resolved	high	Unicode stack and trailing suffix roles resolve uniquely.
རྤ		ར	པ		a			རཔ		fully_resolved	high	Unicode stack and trailing suffix roles resolve uniquely.
རྤབ		ར	པ		a	བ		རཔ		fully_resolved	high	Unicode stack and trailing suffix roles resolve uniquely.
རྦ		ར	བ		a			རབ		fully_resolved	high	Unicode stack and trailing suffix roles resolve uniquely.
རྦད		ར	བ		a	ད		རབ		fully_resolved	high	Unicode stack and trailing suffix roles resolve uniquely.
རྦཔ		ར	བ		a			རབ	པ	partially_resolved	medium	Stack resolved; extra consonants remain ambiguous.
རྦབ		ར	བ		a	བ		རབ		fully_resolved	high	Unicode stack and trailing suffix roles resolve uniquely.
རྦས		ར	བ		a	ས		རབ		fully_resolved	high	Unicode stack and trailing suffix roles resolve uniquely.
རྦུ		ར	བ		u			རབ		fully_resolved	high	Unicode stack and trailing suffix roles resolve uniquely.
རྦོད		ར	བ		o	ད		རབ		fully_resolved	high	Unicode stack and trailing suffix roles resolve uniquely.
རྨ		ར	མ		a			རམ		fully_resolved	high	Unicode stack and trailing suffix roles resolve uniquely.
རྨག		ར	མ		a	ག		རམ		fully_resolved	high	Unicode stack and trailing suffix roles resolve uniquely.
རྨང		ར	མ		a	ང		རམ		fully_resolved	high	Unicode stack and trailing suffix roles resolve uniquely.
རྨངས		ར	མ		a	ང	ས	རམ		fully_resolved	high	Unicode stack and trailing suffix roles resolve uniquely.
རྨད		ར	མ		a	ད		རམ		fully_resolved	high	Unicode stack and trailing suffix roles resolve uniquely.
རྨན		ར	མ		a	ན		རམ		fully_resolved	high	Unicode stack and trailing suffix roles resolve uniquely.
རྨའབྱེད		ར	མ	ཡ	e	བ	ད	རམཡ	འ	partially_resolved	medium	Stack resolved; extra consonants remain ambiguous.
རྨལ		ར	མ		a	ལ		རམ		fully_resolved	high	Unicode stack and trailing suffix roles resolve uniquely.
རྨཤུ		ར	མ		u			རམ	ཤ	partially_resolved	medium	Stack resolved; extra consonants remain ambiguous.
རྨས		ར	མ		a	ས		རམ		fully_resolved	high	Unicode stack and trailing suffix roles resolve uniquely.
རྨི		ར	མ		i			རམ		fully_resolved	high	Unicode stack and trailing suffix roles resolve uniquely.
རྨིག		ར	མ		i	ག		རམ		fully_resolved	high	Unicode stack and trailing suffix roles resolve uniquely.
རྨིངས		ར	མ		i	ང	ས	རམ		fully_resolved	high	Unicode stack and trailing suffix roles resolve uniquely.
རྨིའུ										unsupported_orthographic_sign	none	Multiple Tibetan vowel signs are not modelled.
རྨུ		ར	མ		u			རམ		fully_resolved	high	Unicode stack and trailing suffix roles resolve uniquely.
རྨུག		ར	མ		u	ག		རམ		fully_resolved	high	Unicode stack and trailing suffix roles resolve uniquely.
རྨུགས		ར	མ		u	ག	ས	རམ		fully_resolved	high	Unicode stack and trailing suffix roles resolve uniquely.
རྨུན		ར	མ		u	ན		རམ		fully_resolved	high	Unicode stack and trailing suffix roles resolve uniquely.
རྨུར		ར	མ		u	ར		རམ		fully_resolved	high	Unicode stack and trailing suffix roles resolve uniquely.
རྨུས		ར	མ		u	ས		རམ		fully_resolved	high	Unicode stack and trailing suffix roles resolve uniquely.
རྨེ		ར	མ		e			རམ		fully_resolved	high	Unicode stack and trailing suffix roles resolve uniquely.
རྨེག		ར	མ		e	ག		རམ		fully_resolved	high	Unicode stack and trailing suffix roles resolve uniquely.
རྨེགས		ར	མ		e	ག	ས	རམ		fully_resolved	high	Unicode stack and trailing suffix roles resolve uniquely.
རྨེངས		ར	མ		e	ང	ས	རམ		fully_resolved	high	Unicode stack and trailing suffix roles resolve uniquely.
རྨེད		ར	མ		e	ད		རམ		fully_resolved	high	Unicode stack and trailing suffix roles resolve uniquely.
རྨེན		ར	མ		e	ན		རམ		fully_resolved	high	Unicode stack and trailing suffix roles resolve uniquely.
རྨེས		ར	མ		e	ས		རམ		fully_resolved	high	Unicode stack and trailing suffix roles resolve uniquely.
རྨོ		ར	མ		o			རམ		fully_resolved	high	Unicode stack and trailing suffix roles resolve uniquely.
རྨོག		ར	མ		o	ག		རམ		fully_resolved	high	Unicode stack and trailing suffix roles resolve uniquely.
རྨོང		ར	མ		o	ང		རམ		fully_resolved	high	Unicode stack and trailing suffix roles resolve uniquely.
རྨོངས		ར	མ		o	ང	ས	རམ		fully_resolved	high	Unicode stack and trailing suffix roles resolve uniquely.
རྨོད		ར	མ		o	ད		རམ		fully_resolved	high	Unicode stack and trailing suffix roles resolve uniquely.
རྨོན		ར	མ		o	ན		རམ		fully_resolved	high	Unicode stack and trailing suffix roles resolve uniquely.
རྨོས		ར	མ		o	ས		རམ		fully_resolved	high	Unicode stack and trailing suffix roles resolve uniquely.
རྨོཿ					o					unsupported_orthographic_sign	none	Unsupported transcription-bearing Tibetan signs: U+0F7F
རྨཾ					a					unsupported_orthographic_sign	none	Unsupported transcription-bearing Tibetan signs: U+0F7E
རྨྒ		ར	མ	ག	a			རམག		fully_resolved	high	Unicode stack and trailing suffix roles resolve uniquely.
རྨྱ		ར	མ	ཡ	a			རམཡ		fully_resolved	high	Unicode stack and trailing suffix roles resolve uniquely.
རྨྱག		ར	མ	ཡ	a	ག		རམཡ		fully_resolved	high	Unicode stack and trailing suffix roles resolve uniquely.
རྨྱང		ར	མ	ཡ	a	ང		རམཡ		fully_resolved	high	Unicode stack and trailing suffix roles resolve uniquely.
རྩ		ར	ཙ		a			རཙ		fully_resolved	high	Unicode stack and trailing suffix roles resolve uniquely.
རྩག		ར	ཙ		a	ག		རཙ		fully_resolved	high	Unicode stack and trailing suffix roles resolve uniquely.
རྩང		ར	ཙ		a	ང		རཙ		fully_resolved	high	Unicode stack and trailing suffix roles resolve uniquely.
རྩངས		ར	ཙ		a	ང	ས	རཙ		fully_resolved	high	Unicode stack and trailing suffix roles resolve uniquely.
རྩན		ར	ཙ		a	ན		རཙ		fully_resolved	high	Unicode stack and trailing suffix roles resolve uniquely.
རྩམ		ར	ཙ		a	མ		རཙ		fully_resolved	high	Unicode stack and trailing suffix roles resolve uniquely.
རྩལ		ར	ཙ		a	ལ		རཙ		fully_resolved	high	Unicode stack and trailing suffix roles resolve uniquely.
རྩས		ར	ཙ		a	ས		རཙ		fully_resolved	high	Unicode stack and trailing suffix roles resolve uniquely.
རྩི		ར	ཙ		i			རཙ		fully_resolved	high	Unicode stack and trailing suffix roles resolve uniquely.
རྩིག		ར	ཙ		i	ག		རཙ		fully_resolved	high	Unicode stack and trailing suffix roles resolve uniquely.
རྩིད		ར	ཙ		i	ད		རཙ		fully_resolved	high	Unicode stack and trailing suffix roles resolve uniquely.
རྩིའི										unsupported_orthographic_sign	none	Multiple Tibetan vowel signs are not modelled.
རྩིར		ར	ཙ		i	ར		རཙ		fully_resolved	high	Unicode stack and trailing suffix roles resolve uniquely.
རྩིས		ར	ཙ		i	ས		རཙ		fully_resolved	high	Unicode stack and trailing suffix roles resolve uniquely.
རྩུ		ར	ཙ		u			རཙ		fully_resolved	high	Unicode stack and trailing suffix roles resolve uniquely.
རྩུག		ར	ཙ		u	ག		རཙ		fully_resolved	high	Unicode stack and trailing suffix roles resolve uniquely.
རྩུབ		ར	ཙ		u	བ		རཙ		fully_resolved	high	Unicode stack and trailing suffix roles resolve uniquely.
རྩེ		ར	ཙ		e			རཙ		fully_resolved	high	Unicode stack and trailing suffix roles resolve uniquely.
རྩེད		ར	ཙ		e	ད		རཙ		fully_resolved	high	Unicode stack and trailing suffix roles resolve uniquely.
རྩེན		ར	ཙ		e	ན		རཙ		fully_resolved	high	Unicode stack and trailing suffix roles resolve uniquely.
རྩེབས		ར	ཙ		e	བ	ས	རཙ		fully_resolved	high	Unicode stack and trailing suffix roles resolve uniquely.
རྩེའི										unsupported_orthographic_sign	none	Multiple Tibetan vowel signs are not modelled.
རྩེས		ར	ཙ		e	ས		རཙ		fully_resolved	high	Unicode stack and trailing suffix roles resolve uniquely.
རྩོད		ར	ཙ		o	ད		རཙ		fully_resolved	high	Unicode stack and trailing suffix roles resolve uniquely.
རྩོམ		ར	ཙ		o	མ		རཙ		fully_resolved	high	Unicode stack and trailing suffix roles resolve uniquely.
རྩོལ		ར	ཙ		o	ལ		རཙ		fully_resolved	high	Unicode stack and trailing suffix roles resolve uniquely.
རྩོས		ར	ཙ		o	ས		རཙ		fully_resolved	high	Unicode stack and trailing suffix roles resolve uniquely.
རྩྭ		ར	ཙ	ཝ	a			རཙཝ		fully_resolved	high	Unicode stack and trailing suffix roles resolve uniquely.
རྫ		ར	ཛ		a			རཛ		fully_resolved	high	Unicode stack and trailing suffix roles resolve uniquely.
རྫགས		ར	ཛ		a	ག	ས	རཛ		fully_resolved	high	Unicode stack and trailing suffix roles resolve uniquely.
རྫང		ར	ཛ		a	ང		རཛ		fully_resolved	high	Unicode stack and trailing suffix roles resolve uniquely.
རྫབ		ར	ཛ		a	བ		རཛ		fully_resolved	high	Unicode stack and trailing suffix roles resolve uniquely.
རྫལ		ར	ཛ		a	ལ		རཛ		fully_resolved	high	Unicode stack and trailing suffix roles resolve uniquely.
རྫས		ར	ཛ		a	ས		རཛ		fully_resolved	high	Unicode stack and trailing suffix roles resolve uniquely.
རྫི		ར	ཛ		i			རཛ		fully_resolved	high	Unicode stack and trailing suffix roles resolve uniquely.
རྫིང		ར	ཛ		i	ང		རཛ		fully_resolved	high	Unicode stack and trailing suffix roles resolve uniquely.
རྫིངས		ར	ཛ		i	ང	ས	རཛ		fully_resolved	high	Unicode stack and trailing suffix roles resolve uniquely.
རྫིབ		ར	ཛ		i	བ		རཛ		fully_resolved	high	Unicode stack and trailing suffix roles resolve uniquely.
རྫུད		ར	ཛ		u	ད		རཛ		fully_resolved	high	Unicode stack and trailing suffix roles resolve uniquely.
རྫུན		ར	ཛ		u	ན		རཛ		fully_resolved	high	Unicode stack and trailing suffix roles resolve uniquely.
རྫུལ		ར	ཛ		u	ལ		རཛ		fully_resolved	high	Unicode stack and trailing suffix roles resolve uniquely.
རྫེའུ										unsupported_orthographic_sign	none	Multiple Tibetan vowel signs are not modelled.
རྫོག		ར	ཛ		o	ག		རཛ		fully_resolved	high	Unicode stack and trailing suffix roles resolve uniquely.
རྫོགས		ར	ཛ		o	ག	ས	རཛ		fully_resolved	high	Unicode stack and trailing suffix roles resolve uniquely.
རྫོང		ར	ཛ		o	ང		རཛ		fully_resolved	high	Unicode stack and trailing suffix roles resolve uniquely.
རྫོངས		ར	ཛ		o	ང	ས	རཛ		fully_resolved	high	Unicode stack and trailing suffix roles resolve uniquely.
རྫོན		ར	ཛ		o	ན		རཛ		fully_resolved	high	Unicode stack and trailing suffix roles resolve uniquely.
རྫོབ		ར	ཛ		o	བ		རཛ		fully_resolved	high	Unicode stack and trailing suffix roles resolve uniquely.
རྫཾས					a					unsupported_orthographic_sign	none	Unsupported transcription-bearing Tibetan signs: U+0F7E
རྭ			ར	ཝ	a			རཝ		fully_resolved	high	Unicode stack and trailing suffix roles resolve uniquely.
རྱ			ར	ཡ	a			རཡ		fully_resolved	high	Unicode stack and trailing suffix roles resolve uniquely.
རྱང			ར	ཡ	a	ང		རཡ		fully_resolved	high	Unicode stack and trailing suffix roles resolve uniquely.
རྱན			ར	ཡ	a	ན		རཡ		fully_resolved	high	Unicode stack and trailing suffix roles resolve uniquely.
རྱའ			ར	ཡ	a	འ		རཡ		fully_resolved	high	Unicode stack and trailing suffix roles resolve uniquely.
རྱར			ར	ཡ	a	ར		རཡ		fully_resolved	high	Unicode stack and trailing suffix roles resolve uniquely.
རྱས			ར	ཡ	a	ས		རཡ		fully_resolved	high	Unicode stack and trailing suffix roles resolve uniquely.
རྱི			ར	ཡ	i			རཡ		fully_resolved	high	Unicode stack and trailing suffix roles resolve uniquely.
རྱུར			ར	ཡ	u	ར		རཡ		fully_resolved	high	Unicode stack and trailing suffix roles resolve uniquely.
རྱོག			ར	ཡ	o	ག		རཡ		fully_resolved	high	Unicode stack and trailing suffix roles resolve uniquely.
རྱོགས			ར	ཡ	o	ག	ས	རཡ		fully_resolved	high	Unicode stack and trailing suffix roles resolve uniquely.
རྱོང			ར	ཡ	o	ང		རཡ		fully_resolved	high	Unicode stack and trailing suffix roles resolve uniquely.
རྱོཉ			ར	ཡ	o			རཡ	ཉ	partially_resolved	medium	Stack resolved; extra consonants remain ambiguous.
རྱོན			ར	ཡ	o	ན		རཡ		fully_resolved	high	Unicode stack and trailing suffix roles resolve uniquely.
རྱོས			ར	ཡ	o	ས		རཡ		fully_resolved	high	Unicode stack and trailing suffix roles resolve uniquely.
རྱྱ			ར	ཡཡ	a			རཡཡ		fully_resolved	high	Unicode stack and trailing suffix roles resolve uniquely.
རྱྱོས			ར	ཡཡ	o	ས		རཡཡ		fully_resolved	high	Unicode stack and trailing suffix roles resolve uniquely.
རྲ			ར	ར	a			རར		fully_resolved	high	Unicode stack and trailing suffix roles resolve uniquely.
རྲད			ར	ར	a	ད		རར		fully_resolved	high	Unicode stack and trailing suffix roles resolve uniquely.
རྲིག			ར	ར	i	ག		རར		fully_resolved	high	Unicode stack and trailing suffix roles resolve uniquely.
རྲིགས			ར	ར	i	ག	ས	རར		fully_resolved	high	Unicode stack and trailing suffix roles resolve uniquely.
རྲུག			ར	ར	u	ག		རར		fully_resolved	high	Unicode stack and trailing suffix roles resolve uniquely.
རྲྭ			ར	རཝ	a			རརཝ		fully_resolved	high	Unicode stack and trailing suffix roles resolve uniquely.
རླ			ར	ལ	a			རལ		fully_resolved	high	Unicode stack and trailing suffix roles resolve uniquely.
རླག			ར	ལ	a	ག		རལ		fully_resolved	high	Unicode stack and trailing suffix roles resolve uniquely.
རླང			ར	ལ	a	ང		རལ		fully_resolved	high	Unicode stack and trailing suffix roles resolve uniquely.
རླངས			ར	ལ	a	ང	ས	རལ		fully_resolved	high	Unicode stack and trailing suffix roles resolve uniquely.
རླབས			ར	ལ	a	བ	ས	རལ		fully_resolved	high	Unicode stack and trailing suffix roles resolve uniquely.
རླི			ར	ལ	i			རལ		fully_resolved	high	Unicode stack and trailing suffix roles resolve uniquely.
རླིག			ར	ལ	i	ག		རལ		fully_resolved	high	Unicode stack and trailing suffix roles resolve uniquely.
རླུང			ར	ལ	u	ང		རལ		fully_resolved	high	Unicode stack and trailing suffix roles resolve uniquely.
རླུངས			ར	ལ	u	ང	ས	རལ		fully_resolved	high	Unicode stack and trailing suffix roles resolve uniquely.
རླེས			ར	ལ	e	ས		རལ		fully_resolved	high	Unicode stack and trailing suffix roles resolve uniquely.
རློ			ར	ལ	o			རལ		fully_resolved	high	Unicode stack and trailing suffix roles resolve uniquely.
རློད			ར	ལ	o	ད		རལ		fully_resolved	high	Unicode stack and trailing suffix roles resolve uniquely.
རློབ			ར	ལ	o	བ		རལ		fully_resolved	high	Unicode stack and trailing suffix roles resolve uniquely.
རློབས			ར	ལ	o	བ	ས	རལ		fully_resolved	high	Unicode stack and trailing suffix roles resolve uniquely.
རློམས			ར	ལ	o	མ	ས	རལ		fully_resolved	high	Unicode stack and trailing suffix roles resolve uniquely.
རྷ		ར	ཧ		a			རཧ		fully_resolved	high	Unicode stack and trailing suffix roles resolve uniquely.
ལ			ལ		a			ལ		fully_resolved	high	One prefix/root/suffix parse is structurally possible.
ལཁེ					e					unusual_stack	none	Consonant sequence does not match conservative role patterns.
ལག			ལ		a	ག		ལ		fully_resolved	high	One prefix/root/suffix parse is structurally possible.
ལགས			ལ		a	ག	ས	ལ		fully_resolved	high	One prefix/root/suffix parse is structurally possible.
ལང			ལ		a	ང		ལ		fully_resolved	high	One prefix/root/suffix parse is structurally possible.
ལངས			ལ		a	ང	ས	ལ		fully_resolved	high	One prefix/root/suffix parse is structurally possible.
ལད			ལ		a	ད		ལ		fully_resolved	high	One prefix/root/suffix parse is structurally possible.
ལན			ལ		a	ན		ལ		fully_resolved	high	One prefix/root/suffix parse is structurally possible.
ལབ			ལ		a	བ		ལ		fully_resolved	high	One prefix/root/suffix parse is structurally possible.
ལམ			ལ		a	མ		ལ		fully_resolved	high	One prefix/root/suffix parse is structurally possible.
ལཝ					a					unusual_stack	none	Consonant sequence does not match conservative role patterns.
ལའ			ལ		a	འ		ལ		fully_resolved	high	One prefix/root/suffix parse is structurally possible.
ལའང					a					unusual_stack	none	Consonant sequence does not match conservative role patterns.
ལའའོ					o					unusual_stack	none	Consonant sequence does not match conservative role patterns.
ལའི			ལ		i	འ		ལ		fully_resolved	high	One prefix/root/suffix parse is structurally possible.
ལའུ			ལ		u	འ		ལ		fully_resolved	high	One prefix/root/suffix parse is structurally possible.
ལར			ལ		a	ར		ལ		fully_resolved	high	One prefix/root/suffix parse is structurally possible.
ལརཀི					i					unusual_stack	none	Consonant sequence does not match conservative role patterns.
ལརམ					a					unusual_stack	none	Consonant sequence does not match conservative role patterns.
ལཤུན					u					unusual_stack	none	Consonant sequence does not match conservative role patterns.
ལས			ལ		a	ས		ལ		fully_resolved	high	One prefix/root/suffix parse is structurally possible.
ལཱ					a					unsupported_orthographic_sign	none	Unsupported transcription-bearing Tibetan signs: U+0F71
ལཱན					a					unsupported_orthographic_sign	none	Unsupported transcription-bearing Tibetan signs: U+0F71
ལཱི					i					unsupported_orthographic_sign	none	Unsupported transcription-bearing Tibetan signs: U+0F71
ལི			ལ		i			ལ		fully_resolved	high	One prefix/root/suffix parse is structurally possible.
ལིང			ལ		i	ང		ལ		fully_resolved	high	One prefix/root/suffix parse is structurally possible.
ལིན			ལ		i	ན		ལ		fully_resolved	high	One prefix/root/suffix parse is structurally possible.
ལིནྡའི										unsupported_orthographic_sign	none	Multiple Tibetan vowel signs are not modelled.
ལིནྡྲ			ན	དར	i			ནདར	ལ	partially_resolved	medium	Stack resolved; extra consonants remain ambiguous.
ལིའི										unsupported_orthographic_sign	none	Multiple Tibetan vowel signs are not modelled.
ལིཿ					i					unsupported_orthographic_sign	none	Unsupported transcription-bearing Tibetan signs: U+0F7F
ལུ			ལ		u			ལ		fully_resolved	high	One prefix/root/suffix parse is structurally possible.
ལུག			ལ		u	ག		ལ		fully_resolved	high	One prefix/root/suffix parse is structurally possible.
ལུགས			ལ		u	ག	ས	ལ		fully_resolved	high	One prefix/root/suffix parse is structurally possible.
ལུང			ལ		u	ང		ལ		fully_resolved	high	One prefix/root/suffix parse is structurally possible.
ལུད			ལ		u	ད		ལ		fully_resolved	high	One prefix/root/suffix parse is structurally possible.
ལུམ			ལ		u	མ		ལ		fully_resolved	high	One prefix/root/suffix parse is structurally possible.
ལུའུ										unsupported_orthographic_sign	none	Multiple Tibetan vowel signs are not modelled.
ལུར			ལ		u	ར		ལ		fully_resolved	high	One prefix/root/suffix parse is structurally possible.
ལུས			ལ		u	ས		ལ		fully_resolved	high	One prefix/root/suffix parse is structurally possible.
ལེ			ལ		e			ལ		fully_resolved	high	One prefix/root/suffix parse is structurally possible.
ལེགས			ལ		e	ག	ས	ལ		fully_resolved	high	One prefix/root/suffix parse is structurally possible.
ལེང			ལ		e	ང		ལ		fully_resolved	high	One prefix/root/suffix parse is structurally possible.
ལེན			ལ		e	ན		ལ		fully_resolved	high	One prefix/root/suffix parse is structurally possible.
ལེཔ					e					unusual_stack	none	Consonant sequence does not match conservative role patterns.
ལེབ			ལ		e	བ		ལ		fully_resolved	high	One prefix/root/suffix parse is structurally possible.
ལེའ			ལ		e	འ		ལ		fully_resolved	high	One prefix/root/suffix parse is structurally possible.
ལེའི										unsupported_orthographic_sign	none	Multiple Tibetan vowel signs are not modelled.
ལེའུ										unsupported_orthographic_sign	none	Multiple Tibetan vowel signs are not modelled.
ལེར			ལ		e	ར		ལ		fully_resolved	high	One prefix/root/suffix parse is structurally possible.
ལེས			ལ		e	ས		ལ		fully_resolved	high	One prefix/root/suffix parse is structurally possible.
ལོ			ལ		o			ལ		fully_resolved	high	One prefix/root/suffix parse is structurally possible.
ལོག			ལ		o	ག		ལ		fully_resolved	high	One prefix/root/suffix parse is structurally possible.
ལོགས			ལ		o	ག	ས	ལ		fully_resolved	high	One prefix/root/suffix parse is structurally possible.
ལོང			ལ		o	ང		ལ		fully_resolved	high	One prefix/root/suffix parse is structurally possible.
ལོངས			ལ		o	ང	ས	ལ		fully_resolved	high	One prefix/root/suffix parse is structurally possible.
ལོད			ལ		o	ད		ལ		fully_resolved	high	One prefix/root/suffix parse is structurally possible.
ལོན			ལ		o	ན		ལ		fully_resolved	high	One prefix/root/suffix parse is structurally possible.
ལོབ			ལ		o	བ		ལ		fully_resolved	high	One prefix/root/suffix parse is structurally possible.
ལོབས			ལ		o	བ	ས	ལ		fully_resolved	high	One prefix/root/suffix parse is structurally possible.
ལོའི										unsupported_orthographic_sign	none	Multiple Tibetan vowel signs are not modelled.
ལོར			ལ		o	ར		ལ		fully_resolved	high	One prefix/root/suffix parse is structurally possible.
ལོས			ལ		o	ས		ལ		fully_resolved	high	One prefix/root/suffix parse is structurally possible.
ལོཿ					o					unsupported_orthographic_sign	none	Unsupported transcription-bearing Tibetan signs: U+0F7F
ལཾ					a					unsupported_orthographic_sign	none	Unsupported transcription-bearing Tibetan signs: U+0F7E
ལྐག		ལ	ཀ		a	ག		ལཀ		fully_resolved	high	Unicode stack and trailing suffix roles resolve uniquely.
ལྐགས		ལ	ཀ		a	ག	ས	ལཀ		fully_resolved	high	Unicode stack and trailing suffix roles resolve uniquely.
ལྐལ		ལ	ཀ		a	ལ		ལཀ		fully_resolved	high	Unicode stack and trailing suffix roles resolve uniquely.
ལྐུ		ལ	ཀ		u			ལཀ		fully_resolved	high	Unicode stack and trailing suffix roles resolve uniquely.
ལྐུག		ལ	ཀ		u	ག		ལཀ		fully_resolved	high	Unicode stack and trailing suffix roles resolve uniquely.
ལྐུགས		ལ	ཀ		u	ག	ས	ལཀ		fully_resolved	high	Unicode stack and trailing suffix roles resolve uniquely.
ལྐོག		ལ	ཀ		o	ག		ལཀ		fully_resolved	high	Unicode stack and trailing suffix roles resolve uniquely.
ལྐོགས		ལ	ཀ		o	ག	ས	ལཀ		fully_resolved	high	Unicode stack and trailing suffix roles resolve uniquely.
ལྒ		ལ	ག		a			ལག		fully_resolved	high	Unicode stack and trailing suffix roles resolve uniquely.
ལྔ		ལ	ང		a			ལང		fully_resolved	high	Unicode stack and trailing suffix roles resolve uniquely.
ལྔག		ལ	ང		a	ག		ལང		fully_resolved	high	Unicode stack and trailing suffix roles resolve uniquely.
ལྔགས		ལ	ང		a	ག	ས	ལང		fully_resolved	high	Unicode stack and trailing suffix roles resolve uniquely.
ལྔང		ལ	ང		a	ང		ལང		fully_resolved	high	Unicode stack and trailing suffix roles resolve uniquely.
ལྔངས		ལ	ང		a	ང	ས	ལང		fully_resolved	high	Unicode stack and trailing suffix roles resolve uniquely.
ལྔན		ལ	ང		a	ན		ལང		fully_resolved	high	Unicode stack and trailing suffix roles resolve uniquely.
ལྔབ		ལ	ང		a	བ		ལང		fully_resolved	high	Unicode stack and trailing suffix roles resolve uniquely.
ལྔབས		ལ	ང		a	བ	ས	ལང		fully_resolved	high	Unicode stack and trailing suffix roles resolve uniquely.
ལྔམ		ལ	ང		a	མ		ལང		fully_resolved	high	Unicode stack and trailing suffix roles resolve uniquely.
ལྔར		ལ	ང		a	ར		ལང		fully_resolved	high	Unicode stack and trailing suffix roles resolve uniquely.
ལྔས		ལ	ང		a	ས		ལང		fully_resolved	high	Unicode stack and trailing suffix roles resolve uniquely.
ལྔི		ལ	ང		i			ལང		fully_resolved	high	Unicode stack and trailing suffix roles resolve uniquely.
ལྔིང		ལ	ང		i	ང		ལང		fully_resolved	high	Unicode stack and trailing suffix roles resolve uniquely.
ལྔིར		ལ	ང		i	ར		ལང		fully_resolved	high	Unicode stack and trailing suffix roles resolve uniquely.
ལྔོ		ལ	ང		o			ལང		fully_resolved	high	Unicode stack and trailing suffix roles resolve uniquely.
ལྔོའི										unsupported_orthographic_sign	none	Multiple Tibetan vowel signs are not modelled.
ལྕག		ལ	ཅ		a	ག		ལཅ		fully_resolved	high	Unicode stack and trailing suffix roles resolve uniquely.
ལྕགས		ལ	ཅ		a	ག	ས	ལཅ		fully_resolved	high	Unicode stack and trailing suffix roles resolve uniquely.
ལྕང		ལ	ཅ		a	ང		ལཅ		fully_resolved	high	Unicode stack and trailing suffix roles resolve uniquely.
ལྕམ		ལ	ཅ		a	མ		ལཅ		fully_resolved	high	Unicode stack and trailing suffix roles resolve uniquely.
ལྕི		ལ	ཅ		i			ལཅ		fully_resolved	high	Unicode stack and trailing suffix roles resolve uniquely.
ལྕིགས		ལ	ཅ		i	ག	ས	ལཅ		fully_resolved	high	Unicode stack and trailing suffix roles resolve uniquely.
ལྕིབས		ལ	ཅ		i	བ	ས	ལཅ		fully_resolved	high	Unicode stack and trailing suffix roles resolve uniquely.
ལྕུག		ལ	ཅ		u	ག		ལཅ		fully_resolved	high	Unicode stack and trailing suffix roles resolve uniquely.
ལྕེ		ལ	ཅ		e			ལཅ		fully_resolved	high	Unicode stack and trailing suffix roles resolve uniquely.
ལྕེག		ལ	ཅ		e	ག		ལཅ		fully_resolved	high	Unicode stack and trailing suffix roles resolve uniquely.
ལྕེབས		ལ	ཅ		e	བ	ས	ལཅ		fully_resolved	high	Unicode stack and trailing suffix roles resolve uniquely.
ལྕོག		ལ	ཅ		o	ག		ལཅ		fully_resolved	high	Unicode stack and trailing suffix roles resolve uniquely.
ལྕོགས		ལ	ཅ		o	ག	ས	ལཅ		fully_resolved	high	Unicode stack and trailing suffix roles resolve uniquely.
ལྕོང		ལ	ཅ		o	ང		ལཅ		fully_resolved	high	Unicode stack and trailing suffix roles resolve uniquely.
ལྗགས		ལ	ཇ		a	ག	ས	ལཇ		fully_resolved	high	Unicode stack and trailing suffix roles resolve uniquely.
ལྗང		ལ	ཇ		a	ང		ལཇ		fully_resolved	high	Unicode stack and trailing suffix roles resolve uniquely.
ལྗབ		ལ	ཇ		a	བ		ལཇ		fully_resolved	high	Unicode stack and trailing suffix roles resolve uniquely.
ལྗིང		ལ	ཇ		i	ང		ལཇ		fully_resolved	high	Unicode stack and trailing suffix roles resolve uniquely.
ལྗིབ		ལ	ཇ		i	བ		ལཇ		fully_resolved	high	Unicode stack and trailing suffix roles resolve uniquely.
ལྗེད		ལ	ཇ		e	ད		ལཇ		fully_resolved	high	Unicode stack and trailing suffix roles resolve uniquely.
ལྗེབས		ལ	ཇ		e	བ	ས	ལཇ		fully_resolved	high	Unicode stack and trailing suffix roles resolve uniquely.
ལྗོག		ལ	ཇ		o	ག		ལཇ		fully_resolved	high	Unicode stack and trailing suffix roles resolve uniquely.
ལྗོང		ལ	ཇ		o	ང		ལཇ		fully_resolved	high	Unicode stack and trailing suffix roles resolve uniquely.
ལྗོངས		ལ	ཇ		o	ང	ས	ལཇ		fully_resolved	high	Unicode stack and trailing suffix roles resolve uniquely.
ལྗོན		ལ	ཇ		o	ན		ལཇ		fully_resolved	high	Unicode stack and trailing suffix roles resolve uniquely.
ལྟ		ལ	ཏ		a			ལཏ		fully_resolved	high	Unicode stack and trailing suffix roles resolve uniquely.
ལྟག		ལ	ཏ		a	ག		ལཏ		fully_resolved	high	Unicode stack and trailing suffix roles resolve uniquely.
ལྟང		ལ	ཏ		a	ང		ལཏ		fully_resolved	high	Unicode stack and trailing suffix roles resolve uniquely.
ལྟད		ལ	ཏ		a	ད		ལཏ		fully_resolved	high	Unicode stack and trailing suffix roles resolve uniquely.
ལྟན		ལ	ཏ		a	ན		ལཏ		fully_resolved	high	Unicode stack and trailing suffix roles resolve uniquely.
ལྟབ		ལ	ཏ		a	བ		ལཏ		fully_resolved	high	Unicode stack and trailing suffix roles resolve uniquely.
ལྟམ		ལ	ཏ		a	མ		ལཏ		fully_resolved	high	Unicode stack and trailing suffix roles resolve uniquely.
ལྟའང		ལ	ཏ		a	ང		ལཏ	འ	partially_resolved	medium	Stack resolved; extra consonants remain ambiguous.
ལྟའི		ལ	ཏ		i	འ		ལཏ		fully_resolved	high	Unicode stack and trailing suffix roles resolve uniquely.
ལྟར		ལ	ཏ		a	ར		ལཏ		fully_resolved	high	Unicode stack and trailing suffix roles resolve uniquely.
ལྟས		ལ	ཏ		a	ས		ལཏ		fully_resolved	high	Unicode stack and trailing suffix roles resolve uniquely.
ལྟིར		ལ	ཏ		i	ར		ལཏ		fully_resolved	high	Unicode stack and trailing suffix roles resolve uniquely.
ལྟུང		ལ	ཏ		u	ང		ལཏ		fully_resolved	high	Unicode stack and trailing suffix roles resolve uniquely.
ལྟེ		ལ	ཏ		e			ལཏ		fully_resolved	high	Unicode stack and trailing suffix roles resolve uniquely.
ལྟེང		ལ	ཏ		e	ང		ལཏ		fully_resolved	high	Unicode stack and trailing suffix roles resolve uniquely.
ལྟེངས		ལ	ཏ		e	ང	ས	ལཏ		fully_resolved	high	Unicode stack and trailing suffix roles resolve uniquely.
ལྟེབ		ལ	ཏ		e	བ		ལཏ		fully_resolved	high	Unicode stack and trailing suffix roles resolve uniquely.
ལྟེབས		ལ	ཏ		e	བ	ས	ལཏ		fully_resolved	high	Unicode stack and trailing suffix roles resolve uniquely.
ལྟེམ		ལ	ཏ		e	མ		ལཏ		fully_resolved	high	Unicode stack and trailing suffix roles resolve uniquely.
ལྟེམས		ལ	ཏ		e	མ	ས	ལཏ		fully_resolved	high	Unicode stack and trailing suffix roles resolve uniquely.
ལྟོ		ལ	ཏ		o			ལཏ		fully_resolved	high	Unicode stack and trailing suffix roles resolve uniquely.
ལྟོགས		ལ	ཏ		o	ག	ས	ལཏ		fully_resolved	high	Unicode stack and trailing suffix roles resolve uniquely.
ལྟོང		ལ	ཏ		o	ང		ལཏ		fully_resolved	high	Unicode stack and trailing suffix roles resolve uniquely.
ལྟོས		ལ	ཏ		o	ས		ལཏ		fully_resolved	high	Unicode stack and trailing suffix roles resolve uniquely.
ལྟཾ					a					unsupported_orthographic_sign	none	Unsupported transcription-bearing Tibetan signs: U+0F7E
ལྟྷ		ལ	ཏ	ཧ	a			ལཏཧ		fully_resolved	high	Unicode stack and trailing suffix roles resolve uniquely.
ལྡ		ལ	ད		a			ལད		fully_resolved	high	Unicode stack and trailing suffix roles resolve uniquely.
ལྡག		ལ	ད		a	ག		ལད		fully_resolved	high	Unicode stack and trailing suffix roles resolve uniquely.
ལྡང		ལ	ད		a	ང		ལད		fully_resolved	high	Unicode stack and trailing suffix roles resolve uniquely.
ལྡད		ལ	ད		a	ད		ལད		fully_resolved	high	Unicode stack and trailing suffix roles resolve uniquely.
ལྡན		ལ	ད		a	ན		ལད		fully_resolved	high	Unicode stack and trailing suffix roles resolve uniquely.
ལྡམ		ལ	ད		a	མ		ལད		fully_resolved	high	Unicode stack and trailing suffix roles resolve uniquely.
ལྡར		ལ	ད		a	ར		ལད		fully_resolved	high	Unicode stack and trailing suffix roles resolve uniquely.
ལྡི		ལ	ད		i			ལད		fully_resolved	high	Unicode stack and trailing suffix roles resolve uniquely.
ལྡིག		ལ	ད		i	ག		ལད		fully_resolved	high	Unicode stack and trailing suffix roles resolve uniquely.
ལྡིང		ལ	ད		i	ང		ལད		fully_resolved	high	Unicode stack and trailing suffix roles resolve uniquely.
ལྡིངས		ལ	ད		i	ང	ས	ལད		fully_resolved	high	Unicode stack and trailing suffix roles resolve uniquely.
ལྡིབ		ལ	ད		i	བ		ལད		fully_resolved	high	Unicode stack and trailing suffix roles resolve uniquely.
ལྡིབས		ལ	ད		i	བ	ས	ལད		fully_resolved	high	Unicode stack and trailing suffix roles resolve uniquely.
ལྡིར		ལ	ད		i	ར		ལད		fully_resolved	high	Unicode stack and trailing suffix roles resolve uniquely.
ལྡུ		ལ	ད		u			ལད		fully_resolved	high	Unicode stack and trailing suffix roles resolve uniquely.
ལྡུག		ལ	ད		u	ག		ལད		fully_resolved	high	Unicode stack and trailing suffix roles resolve uniquely.
ལྡུགས		ལ	ད		u	ག	ས	ལད		fully_resolved	high	Unicode stack and trailing suffix roles resolve uniquely.
ལྡུད		ལ	ད		u	ད		ལད		fully_resolved	high	Unicode stack and trailing suffix roles resolve uniquely.
ལྡུམ		ལ	ད		u	མ		ལད		fully_resolved	high	Unicode stack and trailing suffix roles resolve uniquely.
ལྡུར		ལ	ད		u	ར		ལད		fully_resolved	high	Unicode stack and trailing suffix roles resolve uniquely.
ལྡུས		ལ	ད		u	ས		ལད		fully_resolved	high	Unicode stack and trailing suffix roles resolve uniquely.
ལྡེ		ལ	ད		e			ལད		fully_resolved	high	Unicode stack and trailing suffix roles resolve uniquely.
ལྡེག		ལ	ད		e	ག		ལད		fully_resolved	high	Unicode stack and trailing suffix roles resolve uniquely.
ལྡེང		ལ	ད		e	ང		ལད		fully_resolved	high	Unicode stack and trailing suffix roles resolve uniquely.
ལྡེངས		ལ	ད		e	ང	ས	ལད		fully_resolved	high	Unicode stack and trailing suffix roles resolve uniquely.
ལྡེབ		ལ	ད		e	བ		ལད		fully_resolved	high	Unicode stack and trailing suffix roles resolve uniquely.
ལྡེབས		ལ	ད		e	བ	ས	ལད		fully_resolved	high	Unicode stack and trailing suffix roles resolve uniquely.
ལྡེམ		ལ	ད		e	མ		ལད		fully_resolved	high	Unicode stack and trailing suffix roles resolve uniquely.
ལྡེའུ										unsupported_orthographic_sign	none	Multiple Tibetan vowel signs are not modelled.
ལྡེར		ལ	ད		e	ར		ལད		fully_resolved	high	Unicode stack and trailing suffix roles resolve uniquely.
ལྡོག		ལ	ད		o	ག		ལད		fully_resolved	high	Unicode stack and trailing suffix roles resolve uniquely.
ལྡོགས		ལ	ད		o	ག	ས	ལད		fully_resolved	high	Unicode stack and trailing suffix roles resolve uniquely.
ལྡོང		ལ	ད		o	ང		ལད		fully_resolved	high	Unicode stack and trailing suffix roles resolve uniquely.
ལྡོངས		ལ	ད		o	ང	ས	ལད		fully_resolved	high	Unicode stack and trailing suffix roles resolve uniquely.
ལྡོན		ལ	ད		o	ན		ལད		fully_resolved	high	Unicode stack and trailing suffix roles resolve uniquely.
ལྡོབ		ལ	ད		o	བ		ལད		fully_resolved	high	Unicode stack and trailing suffix roles resolve uniquely.
ལྡོབས		ལ	ད		o	བ	ས	ལད		fully_resolved	high	Unicode stack and trailing suffix roles resolve uniquely.
ལྡོམ		ལ	ད		o	མ		ལད		fully_resolved	high	Unicode stack and trailing suffix roles resolve uniquely.
ལྣོད		ལ	ན		o	ད		ལན		fully_resolved	high	Unicode stack and trailing suffix roles resolve uniquely.
ལྤགས		ལ	པ		a	ག	ས	ལཔ		fully_resolved	high	Unicode stack and trailing suffix roles resolve uniquely.
ལྤང		ལ	པ		a	ང		ལཔ		fully_resolved	high	Unicode stack and trailing suffix roles resolve uniquely.
ལྤད		ལ	པ		a	ད		ལཔ		fully_resolved	high	Unicode stack and trailing suffix roles resolve uniquely.
ལྤན		ལ	པ		a	ན		ལཔ		fully_resolved	high	Unicode stack and trailing suffix roles resolve uniquely.
ལྤམ		ལ	པ		a	མ		ལཔ		fully_resolved	high	Unicode stack and trailing suffix roles resolve uniquely.
ལྤའི		ལ	པ		i	འ		ལཔ		fully_resolved	high	Unicode stack and trailing suffix roles resolve uniquely.
ལྤལ		ལ	པ		a	ལ		ལཔ		fully_resolved	high	Unicode stack and trailing suffix roles resolve uniquely.
ལྤུ		ལ	པ		u			ལཔ		fully_resolved	high	Unicode stack and trailing suffix roles resolve uniquely.
ལྤེག		ལ	པ		e	ག		ལཔ		fully_resolved	high	Unicode stack and trailing suffix roles resolve uniquely.
ལྤེམ		ལ	པ		e	མ		ལཔ		fully_resolved	high	Unicode stack and trailing suffix roles resolve uniquely.
ལྤེའོ										unsupported_orthographic_sign	none	Multiple Tibetan vowel signs are not modelled.
ལྦ		ལ	བ		a			ལབ		fully_resolved	high	Unicode stack and trailing suffix roles resolve uniquely.
ལྦལ		ལ	བ		a	ལ		ལབ		fully_resolved	high	Unicode stack and trailing suffix roles resolve uniquely.
ལྦུ		ལ	བ		u			ལབ		fully_resolved	high	Unicode stack and trailing suffix roles resolve uniquely.
ལྩགས		ལ	ཙ		a	ག	ས	ལཙ		fully_resolved	high	Unicode stack and trailing suffix roles resolve uniquely.
ལྩང		ལ	ཙ		a	ང		ལཙ		fully_resolved	high	Unicode stack and trailing suffix roles resolve uniquely.
ལྩམ		ལ	ཙ		a	མ		ལཙ		fully_resolved	high	Unicode stack and trailing suffix roles resolve uniquely.
ལྩི		ལ	ཙ		i			ལཙ		fully_resolved	high	Unicode stack and trailing suffix roles resolve uniquely.
ལྩིད		ལ	ཙ		i	ད		ལཙ		fully_resolved	high	Unicode stack and trailing suffix roles resolve uniquely.
ལྩིབས		ལ	ཙ		i	བ	ས	ལཙ		fully_resolved	high	Unicode stack and trailing suffix roles resolve uniquely.
ལྩེ		ལ	ཙ		e			ལཙ		fully_resolved	high	Unicode stack and trailing suffix roles resolve uniquely.
ལྩེབ		ལ	ཙ		e	བ		ལཙ		fully_resolved	high	Unicode stack and trailing suffix roles resolve uniquely.
ལྩོག		ལ	ཙ		o	ག		ལཙ		fully_resolved	high	Unicode stack and trailing suffix roles resolve uniquely.
ལྩོང		ལ	ཙ		o	ང		ལཙ		fully_resolved	high	Unicode stack and trailing suffix roles resolve uniquely.
ལྫ		ལ	ཛ		a			ལཛ		fully_resolved	high	Unicode stack and trailing suffix roles resolve uniquely.
ལྫག		ལ	ཛ		a	ག		ལཛ		fully_resolved	high	Unicode stack and trailing suffix roles resolve uniquely.
ལྫགས		ལ	ཛ		a	ག	ས	ལཛ		fully_resolved	high	Unicode stack and trailing suffix roles resolve uniquely.
ལྫང		ལ	ཛ		a	ང		ལཛ		fully_resolved	high	Unicode stack and trailing suffix roles resolve uniquely.
ལྫན		ལ	ཛ		a	ན		ལཛ		fully_resolved	high	Unicode stack and trailing suffix roles resolve uniquely.
ལྫི		ལ	ཛ		i			ལཛ		fully_resolved	high	Unicode stack and trailing suffix roles resolve uniquely.
ལྫིང		ལ	ཛ		i	ང		ལཛ		fully_resolved	high	Unicode stack and trailing suffix roles resolve uniquely.
ལྫིན		ལ	ཛ		i	ན		ལཛ		fully_resolved	high	Unicode stack and trailing suffix roles resolve uniquely.
ལྫོད		ལ	ཛ		o	ད		ལཛ		fully_resolved	high	Unicode stack and trailing suffix roles resolve uniquely.
ལྭ			ལ	ཝ	a			ལཝ		fully_resolved	high	Unicode stack and trailing suffix roles resolve uniquely.
ལྭསྲ			ལ	ཝར	a	ས		ལཝར		fully_resolved	high	Unicode stack and trailing suffix roles resolve uniquely.
ལྭེ			ལ	ཝ	e			ལཝ		fully_resolved	high	Unicode stack and trailing suffix roles resolve uniquely.
ལྱ			ལ	ཡ	a			ལཡ		fully_resolved	high	Unicode stack and trailing suffix roles resolve uniquely.
ལྱན			ལ	ཡ	a	ན		ལཡ		fully_resolved	high	Unicode stack and trailing suffix roles resolve uniquely.
ལྱི			ལ	ཡ	i			ལཡ		fully_resolved	high	Unicode stack and trailing suffix roles resolve uniquely.
ལྲང			ལ	ར	a	ང		ལར		fully_resolved	high	Unicode stack and trailing suffix roles resolve uniquely.
ལྲའོ			ལ	ར	o	འ		ལར		fully_resolved	high	Unicode stack and trailing suffix roles resolve uniquely.
ལྲར			ལ	ར	a	ར		ལར		fully_resolved	high	Unicode stack and trailing suffix roles resolve uniquely.
ལྲི			ལ	ར	i			ལར		fully_resolved	high	Unicode stack and trailing suffix roles resolve uniquely.
ལྲིབ			ལ	ར	i	བ		ལར		fully_resolved	high	Unicode stack and trailing suffix roles resolve uniquely.
ལླ			ལ	ལ	a			ལལ		fully_resolved	high	Unicode stack and trailing suffix roles resolve uniquely.
ལླགས			ལ	ལ	a	ག	ས	ལལ		fully_resolved	high	Unicode stack and trailing suffix roles resolve uniquely.
ལླསུ			ལ	ལ	u	ས		ལལ		fully_resolved	high	Unicode stack and trailing suffix roles resolve uniquely.
ལླུ			ལ	ལ	u			ལལ		fully_resolved	high	Unicode stack and trailing suffix roles resolve uniquely.
ལྷ		ལ	ཧ		a			ལཧ		fully_resolved	high	Unicode stack and trailing suffix roles resolve uniquely.
ལྷག		ལ	ཧ		a	ག		ལཧ		fully_resolved	high	Unicode stack and trailing suffix roles resolve uniquely.
ལྷགས		ལ	ཧ		a	ག	ས	ལཧ		fully_resolved	high	Unicode stack and trailing suffix roles resolve uniquely.
ལྷང		ལ	ཧ		a	ང		ལཧ		fully_resolved	high	Unicode stack and trailing suffix roles resolve uniquely.
ལྷངས		ལ	ཧ		a	ང	ས	ལཧ		fully_resolved	high	Unicode stack and trailing suffix roles resolve uniquely.
ལྷད		ལ	ཧ		a	ད		ལཧ		fully_resolved	high	Unicode stack and trailing suffix roles resolve uniquely.
ལྷམ		ལ	ཧ		a	མ		ལཧ		fully_resolved	high	Unicode stack and trailing suffix roles resolve uniquely.
ལྷའ		ལ	ཧ		a	འ		ལཧ		fully_resolved	high	Unicode stack and trailing suffix roles resolve uniquely.
ལྷའི		ལ	ཧ		i	འ		ལཧ		fully_resolved	high	Unicode stack and trailing suffix roles resolve uniquely.
ལྷར		ལ	ཧ		a	ར		ལཧ		fully_resolved	high	Unicode stack and trailing suffix roles resolve uniquely.
ལྷས		ལ	ཧ		a	ས		ལཧ		fully_resolved	high	Unicode stack and trailing suffix roles resolve uniquely.
ལྷུག		ལ	ཧ		u	ག		ལཧ		fully_resolved	high	Unicode stack and trailing suffix roles resolve uniquely.
ལྷུང		ལ	ཧ		u	ང		ལཧ		fully_resolved	high	Unicode stack and trailing suffix roles resolve uniquely.
ལྷུན		ལ	ཧ		u	ན		ལཧ		fully_resolved	high	Unicode stack and trailing suffix roles resolve uniquely.
ལྷུམ		ལ	ཧ		u	མ		ལཧ		fully_resolved	high	Unicode stack and trailing suffix roles resolve uniquely.
ལྷུར		ལ	ཧ		u	ར		ལཧ		fully_resolved	high	Unicode stack and trailing suffix roles resolve uniquely.
ལྷེ		ལ	ཧ		e			ལཧ		fully_resolved	high	Unicode stack and trailing suffix roles resolve uniquely.
ལྷོགས		ལ	ཧ		o	ག	ས	ལཧ		fully_resolved	high	Unicode stack and trailing suffix roles resolve uniquely.
ལྷོད		ལ	ཧ		o	ད		ལཧ		fully_resolved	high	Unicode stack and trailing suffix roles resolve uniquely.
ལྷྕགས		ལ	ཧ	ཅ	a	ག	ས	ལཧཅ		fully_resolved	high	Unicode stack and trailing suffix roles resolve uniquely.
ཤ			ཤ		a			ཤ		fully_resolved	high	One prefix/root/suffix parse is structurally possible.
ཤག			ཤ		a	ག		ཤ		fully_resolved	high	One prefix/root/suffix parse is structurally possible.
ཤགས			ཤ		a	ག	ས	ཤ		fully_resolved	high	One prefix/root/suffix parse is structurally possible.
ཤང			ཤ		a	ང		ཤ		fully_resolved	high	One prefix/root/suffix parse is structurally possible.
ཤངས			ཤ		a	ང	ས	ཤ		fully_resolved	high	One prefix/root/suffix parse is structurally possible.
ཤད			ཤ		a	ད		ཤ		fully_resolved	high	One prefix/root/suffix parse is structurally possible.
ཤན			ཤ		a	ན		ཤ		fully_resolved	high	One prefix/root/suffix parse is structurally possible.
ཤབ			ཤ		a	བ		ཤ		fully_resolved	high	One prefix/root/suffix parse is structurally possible.
ཤབས			ཤ		a	བ	ས	ཤ		fully_resolved	high	One prefix/root/suffix parse is structurally possible.
ཤབྱིག			བ	ཡ	i	ག		བཡ	ཤ	partially_resolved	medium	Stack resolved; extra consonants remain ambiguous.
ཤམ			ཤ		a	མ		ཤ		fully_resolved	high	One prefix/root/suffix parse is structurally possible.
ཤམས			ཤ		a	མ	ས	ཤ		fully_resolved	high	One prefix/root/suffix parse is structurally possible.
ཤམྦྷི			མ	བཧ	i			མབཧ	ཤ	partially_resolved	medium	Stack resolved; extra consonants remain ambiguous.
ཤའབྲིན			བ	ར	i	ན		བར	ཤ;འ	partially_resolved	medium	Stack resolved; extra consonants remain ambiguous.
ཤའི			ཤ		i	འ		ཤ		fully_resolved	high	One prefix/root/suffix parse is structurally possible.
ཤར			ཤ		a	ར		ཤ		fully_resolved	high	One prefix/root/suffix parse is structurally possible.
ཤལ			ཤ		a	ལ		ཤ		fully_resolved	high	One prefix/root/suffix parse is structurally possible.
ཤཤན					a					unusual_stack	none	Consonant sequence does not match conservative role patterns.
ཤས			ཤ		a	ས		ཤ		fully_resolved	high	One prefix/root/suffix parse is structurally possible.
ཤཱ					a					unsupported_orthographic_sign	none	Unsupported transcription-bearing Tibetan signs: U+0F71
ཤཱཀྱ					a					unsupported_orthographic_sign	none	Unsupported transcription-bearing Tibetan signs: U+0F71
ཤཱི					i					unsupported_orthographic_sign	none	Unsupported transcription-bearing Tibetan signs: U+0F71
ཤཱུན					u					unsupported_orthographic_sign	none	Unsupported transcription-bearing Tibetan signs: U+0F71
ཤི			ཤ		i			ཤ		fully_resolved	high	One prefix/root/suffix parse is structurally possible.
ཤིག			ཤ		i	ག		ཤ		fully_resolved	high	One prefix/root/suffix parse is structurally possible.
ཤིང			ཤ		i	ང		ཤ		fully_resolved	high	One prefix/root/suffix parse is structurally possible.
ཤིད			ཤ		i	ད		ཤ		fully_resolved	high	One prefix/root/suffix parse is structurally possible.
ཤིའ			ཤ		i	འ		ཤ		fully_resolved	high	One prefix/root/suffix parse is structurally possible.
ཤིའི										unsupported_orthographic_sign	none	Multiple Tibetan vowel signs are not modelled.
ཤིལ			ཤ		i	ལ		ཤ		fully_resolved	high	One prefix/root/suffix parse is structurally possible.
ཤིས			ཤ		i	ས		ཤ		fully_resolved	high	One prefix/root/suffix parse is structurally possible.
ཤུ			ཤ		u			ཤ		fully_resolved	high	One prefix/root/suffix parse is structurally possible.
ཤུག			ཤ		u	ག		ཤ		fully_resolved	high	One prefix/root/suffix parse is structurally possible.
ཤུགས			ཤ		u	ག	ས	ཤ		fully_resolved	high	One prefix/root/suffix parse is structurally possible.
ཤུད			ཤ		u	ད		ཤ		fully_resolved	high	One prefix/root/suffix parse is structurally possible.
ཤུན			ཤ		u	ན		ཤ		fully_resolved	high	One prefix/root/suffix parse is structurally possible.
ཤུབས			ཤ		u	བ	ས	ཤ		fully_resolved	high	One prefix/root/suffix parse is structurally possible.
ཤུའི										unsupported_orthographic_sign	none	Multiple Tibetan vowel signs are not modelled.
ཤུལ			ཤ		u	ལ		ཤ		fully_resolved	high	One prefix/root/suffix parse is structurally possible.
ཤེ			ཤ		e			ཤ		fully_resolved	high	One prefix/root/suffix parse is structurally possible.
ཤེང			ཤ		e	ང		ཤ		fully_resolved	high	One prefix/root/suffix parse is structurally possible.
ཤེད			ཤ		e	ད		ཤ		fully_resolved	high	One prefix/root/suffix parse is structurally possible.
ཤེན			ཤ		e	ན		ཤ		fully_resolved	high	One prefix/root/suffix parse is structurally possible.
ཤེའི										unsupported_orthographic_sign	none	Multiple Tibetan vowel signs are not modelled.
ཤེར			ཤ		e	ར		ཤ		fully_resolved	high	One prefix/root/suffix parse is structurally possible.
ཤེལ			ཤ		e	ལ		ཤ		fully_resolved	high	One prefix/root/suffix parse is structurally possible.
ཤེས			ཤ		e	ས		ཤ		fully_resolved	high	One prefix/root/suffix parse is structurally possible.
ཤོ			ཤ		o			ཤ		fully_resolved	high	One prefix/root/suffix parse is structurally possible.
ཤོག			ཤ		o	ག		ཤ		fully_resolved	high	One prefix/root/suffix parse is structurally possible.
ཤོང			ཤ		o	ང		ཤ		fully_resolved	high	One prefix/root/suffix parse is structurally possible.
ཤོངས			ཤ		o	ང	ས	ཤ		fully_resolved	high	One prefix/root/suffix parse is structurally possible.
ཤོད			ཤ		o	ད		ཤ		fully_resolved	high	One prefix/root/suffix parse is structurally possible.
ཤོན			ཤ		o	ན		ཤ		fully_resolved	high	One prefix/root/suffix parse is structurally possible.
ཤོབ			ཤ		o	བ		ཤ		fully_resolved	high	One prefix/root/suffix parse is structurally possible.
ཤོམ			ཤ		o	མ		ཤ		fully_resolved	high	One prefix/root/suffix parse is structurally possible.
ཤོར			ཤ		o	ར		ཤ		fully_resolved	high	One prefix/root/suffix parse is structurally possible.
ཤོས			ཤ		o	ས		ཤ		fully_resolved	high	One prefix/root/suffix parse is structurally possible.
ཤཾ					a					unsupported_orthographic_sign	none	Unsupported transcription-bearing Tibetan signs: U+0F7E
ཤཾང					a					unsupported_orthographic_sign	none	Unsupported transcription-bearing Tibetan signs: U+0F7E
ཤཿ					a					unsupported_orthographic_sign	none	Unsupported transcription-bearing Tibetan signs: U+0F7F
ཤྐིག			ཤ	ཀ	i	ག		ཤཀ		fully_resolved	high	Unicode stack and trailing suffix roles resolve uniquely.
ཤྭ			ཤ	ཝ	a			ཤཝ		fully_resolved	high	Unicode stack and trailing suffix roles resolve uniquely.
ཤྱང			ཤ	ཡ	a	ང		ཤཡ		fully_resolved	high	Unicode stack and trailing suffix roles resolve uniquely.
ཤྲཱི					i					unsupported_orthographic_sign	none	Unsupported transcription-bearing Tibetan signs: U+0F71
ཤྲི			ཤ	ར	i			ཤར		fully_resolved	high	Unicode stack and trailing suffix roles resolve uniquely.
ཤྲིང			ཤ	ར	i	ང		ཤར		fully_resolved	high	Unicode stack and trailing suffix roles resolve uniquely.
ཤྲཾ					a					unsupported_orthographic_sign	none	Unsupported transcription-bearing Tibetan signs: U+0F7E
ཤློ			ཤ	ལ	o			ཤལ		fully_resolved	high	Unicode stack and trailing suffix roles resolve uniquely.
ས			ས		a			ས		fully_resolved	high	One prefix/root/suffix parse is structurally possible.
སག			ས		a	ག		ས		fully_resolved	high	One prefix/root/suffix parse is structurally possible.
སགས			ས		a	ག	ས	ས		fully_resolved	high	One prefix/root/suffix parse is structurally possible.
སང			ས		a	ང		ས		fully_resolved	high	One prefix/root/suffix parse is structurally possible.
སངས			ས		a	ང	ས	ས		fully_resolved	high	One prefix/root/suffix parse is structurally possible.
སཊ					a					unusual_stack	none	Consonant sequence does not match conservative role patterns.
སད			ས		a	ད		ས		fully_resolved	high	One prefix/root/suffix parse is structurally possible.
སན			ས		a	ན		ས		fully_resolved	high	One prefix/root/suffix parse is structurally possible.
སཔ					a					unusual_stack	none	Consonant sequence does not match conservative role patterns.
སབ			ས		a	བ		ས		fully_resolved	high	One prefix/root/suffix parse is structurally possible.
སབས			ས		a	བ	ས	ས		fully_resolved	high	One prefix/root/suffix parse is structurally possible.
སམ			ས		a	མ		ས		fully_resolved	high	One prefix/root/suffix parse is structurally possible.
སམས			ས		a	མ	ས	ས		fully_resolved	high	One prefix/root/suffix parse is structurally possible.
སའ			ས		a	འ		ས		fully_resolved	high	One prefix/root/suffix parse is structurally possible.
སའི			ས		i	འ		ས		fully_resolved	high	One prefix/root/suffix parse is structurally possible.
སའུ			ས		u	འ		ས		fully_resolved	high	One prefix/root/suffix parse is structurally possible.
སར			ས		a	ར		ས		fully_resolved	high	One prefix/root/suffix parse is structurally possible.
སརྦ		ར	བ		a			རབ	ས	partially_resolved	medium	Stack resolved; extra consonants remain ambiguous.
སལ			ས		a	ལ		ས		fully_resolved	high	One prefix/root/suffix parse is structurally possible.
སས			ས		a	ས		ས		fully_resolved	high	One prefix/root/suffix parse is structurally possible.
སསད			ས		a	ས	ད	ས		fully_resolved	high	One prefix/root/suffix parse is structurally possible.
སཱ					a					unsupported_orthographic_sign	none	Unsupported transcription-bearing Tibetan signs: U+0F71
སཱཀ					a					unsupported_orthographic_sign	none	Unsupported transcription-bearing Tibetan signs: U+0F71
སཱང					a					unsupported_orthographic_sign	none	Unsupported transcription-bearing Tibetan signs: U+0F71
སཱན					a					unsupported_orthographic_sign	none	Unsupported transcription-bearing Tibetan signs: U+0F71
སཱི					i					unsupported_orthographic_sign	none	Unsupported transcription-bearing Tibetan signs: U+0F71
སཱུན					u					unsupported_orthographic_sign	none	Unsupported transcription-bearing Tibetan signs: U+0F71
སི			ས		i			ས		fully_resolved	high	One prefix/root/suffix parse is structurally possible.
སིག			ས		i	ག		ས		fully_resolved	high	One prefix/root/suffix parse is structurally possible.
སིང			ས		i	ང		ས		fully_resolved	high	One prefix/root/suffix parse is structurally possible.
སིན			ས		i	ན		ས		fully_resolved	high	One prefix/root/suffix parse is structurally possible.
སིམ			ས		i	མ		ས		fully_resolved	high	One prefix/root/suffix parse is structurally possible.
སིར			ས		i	ར		ས		fully_resolved	high	One prefix/root/suffix parse is structurally possible.
སིལ			ས		i	ལ		ས		fully_resolved	high	One prefix/root/suffix parse is structurally possible.
སུ			ས		u			ས		fully_resolved	high	One prefix/root/suffix parse is structurally possible.
སུང			ས		u	ང		ས		fully_resolved	high	One prefix/root/suffix parse is structurally possible.
སུངས			ས		u	ང	ས	ས		fully_resolved	high	One prefix/root/suffix parse is structurally possible.
སུད			ས		u	ད		ས		fully_resolved	high	One prefix/root/suffix parse is structurally possible.
སུན			ས		u	ན		ས		fully_resolved	high	One prefix/root/suffix parse is structurally possible.
སུབ			ས		u	བ		ས		fully_resolved	high	One prefix/root/suffix parse is structurally possible.
སུབས			ས		u	བ	ས	ས		fully_resolved	high	One prefix/root/suffix parse is structurally possible.
སུམ			ས		u	མ		ས		fully_resolved	high	One prefix/root/suffix parse is structurally possible.
སུལ			ས		u	ལ		ས		fully_resolved	high	One prefix/root/suffix parse is structurally possible.
སུས			ས		u	ས		ས		fully_resolved	high	One prefix/root/suffix parse is structurally possible.
སུུ										unsupported_orthographic_sign	none	Multiple Tibetan vowel signs are not modelled.
སེ			ས		e			ས		fully_resolved	high	One prefix/root/suffix parse is structurally possible.
སེཀས					e					unusual_stack	none	Consonant sequence does not match conservative role patterns.
སེག			ས		e	ག		ས		fully_resolved	high	One prefix/root/suffix parse is structurally possible.
སེང			ས		e	ང		ས		fully_resolved	high	One prefix/root/suffix parse is structurally possible.
སེཏོག										unsupported_orthographic_sign	none	Multiple Tibetan vowel signs are not modelled.
སེན			ས		e	ན		ས		fully_resolved	high	One prefix/root/suffix parse is structurally possible.
སེམས			ས		e	མ	ས	ས		fully_resolved	high	One prefix/root/suffix parse is structurally possible.
སེའ			ས		e	འ		ས		fully_resolved	high	One prefix/root/suffix parse is structurally possible.
སེའུ										unsupported_orthographic_sign	none	Multiple Tibetan vowel signs are not modelled.
སེར			ས		e	ར		ས		fully_resolved	high	One prefix/root/suffix parse is structurally possible.
སེལ			ས		e	ལ		ས		fully_resolved	high	One prefix/root/suffix parse is structurally possible.
སེས			ས		e	ས		ས		fully_resolved	high	One prefix/root/suffix parse is structurally possible.
སེེངྒེ										unsupported_orthographic_sign	none	Multiple Tibetan vowel signs are not modelled.
སོ			ས		o			ས		fully_resolved	high	One prefix/root/suffix parse is structurally possible.
སོག			ས		o	ག		ས		fully_resolved	high	One prefix/root/suffix parse is structurally possible.
སོགས			ས		o	ག	ས	ས		fully_resolved	high	One prefix/root/suffix parse is structurally possible.
སོང			ས		o	ང		ས		fully_resolved	high	One prefix/root/suffix parse is structurally possible.
སོངས			ས		o	ང	ས	ས		fully_resolved	high	One prefix/root/suffix parse is structurally possible.
སོད			ས		o	ད		ས		fully_resolved	high	One prefix/root/suffix parse is structurally possible.
སོན			ས		o	ན		ས		fully_resolved	high	One prefix/root/suffix parse is structurally possible.
སོམ			ས		o	མ		ས		fully_resolved	high	One prefix/root/suffix parse is structurally possible.
སོར			ས		o	ར		ས		fully_resolved	high	One prefix/root/suffix parse is structurally possible.
སོལ			ས		o	ལ		ས		fully_resolved	high	One prefix/root/suffix parse is structurally possible.
སོས			ས		o	ས		ས		fully_resolved	high	One prefix/root/suffix parse is structurally possible.
སོཿ					o					unsupported_orthographic_sign	none	Unsupported transcription-bearing Tibetan signs: U+0F7F
སཾ					a					unsupported_orthographic_sign	none	Unsupported transcription-bearing Tibetan signs: U+0F7E
སཿ					a					unsupported_orthographic_sign	none	Unsupported transcription-bearing Tibetan signs: U+0F7F
སྐ		ས	ཀ		a			སཀ		fully_resolved	high	Unicode stack and trailing suffix roles resolve uniquely.
སྐག		ས	ཀ		a	ག		སཀ		fully_resolved	high	Unicode stack and trailing suffix roles resolve uniquely.
སྐགས		ས	ཀ		a	ག	ས	སཀ		fully_resolved	high	Unicode stack and trailing suffix roles resolve uniquely.
སྐང		ས	ཀ		a	ང		སཀ		fully_resolved	high	Unicode stack and trailing suffix roles resolve uniquely.
སྐངས		ས	ཀ		a	ང	ས	སཀ		fully_resolved	high	Unicode stack and trailing suffix roles resolve uniquely.
སྐད		ས	ཀ		a	ད		སཀ		fully_resolved	high	Unicode stack and trailing suffix roles resolve uniquely.
སྐན		ས	ཀ		a	ན		སཀ		fully_resolved	high	Unicode stack and trailing suffix roles resolve uniquely.
སྐབ		ས	ཀ		a	བ		སཀ		fully_resolved	high	Unicode stack and trailing suffix roles resolve uniquely.
སྐབས		ས	ཀ		a	བ	ས	སཀ		fully_resolved	high	Unicode stack and trailing suffix roles resolve uniquely.
སྐམ		ས	ཀ		a	མ		སཀ		fully_resolved	high	Unicode stack and trailing suffix roles resolve uniquely.
སྐམས		ས	ཀ		a	མ	ས	སཀ		fully_resolved	high	Unicode stack and trailing suffix roles resolve uniquely.
སྐའི		ས	ཀ		i	འ		སཀ		fully_resolved	high	Unicode stack and trailing suffix roles resolve uniquely.
སྐར		ས	ཀ		a	ར		སཀ		fully_resolved	high	Unicode stack and trailing suffix roles resolve uniquely.
སྐལ		ས	ཀ		a	ལ		སཀ		fully_resolved	high	Unicode stack and trailing suffix roles resolve uniquely.
སྐས		ས	ཀ		a	ས		སཀ		fully_resolved	high	Unicode stack and trailing suffix roles resolve uniquely.
སྐི		ས	ཀ		i			སཀ		fully_resolved	high	Unicode stack and trailing suffix roles resolve uniquely.
སྐིད		ས	ཀ		i	ད		སཀ		fully_resolved	high	Unicode stack and trailing suffix roles resolve uniquely.
སྐུ		ས	ཀ		u			སཀ		fully_resolved	high	Unicode stack and trailing suffix roles resolve uniquely.
སྐུགས		ས	ཀ		u	ག	ས	སཀ		fully_resolved	high	Unicode stack and trailing suffix roles resolve uniquely.
སྐུངས		ས	ཀ		u	ང	ས	སཀ		fully_resolved	high	Unicode stack and trailing suffix roles resolve uniquely.
སྐུད		ས	ཀ		u	ད		སཀ		fully_resolved	high	Unicode stack and trailing suffix roles resolve uniquely.
སྐུན		ས	ཀ		u	ན		སཀ		fully_resolved	high	Unicode stack and trailing suffix roles resolve uniquely.
སྐུབུ										unsupported_orthographic_sign	none	Multiple Tibetan vowel signs are not modelled.
སྐུམ		ས	ཀ		u	མ		སཀ		fully_resolved	high	Unicode stack and trailing suffix roles resolve uniquely.
སྐུའི										unsupported_orthographic_sign	none	Multiple Tibetan vowel signs are not modelled.
སྐུར		ས	ཀ		u	ར		སཀ		fully_resolved	high	Unicode stack and trailing suffix roles resolve uniquely.
སྐུལ		ས	ཀ		u	ལ		སཀ		fully_resolved	high	Unicode stack and trailing suffix roles resolve uniquely.
སྐུས		ས	ཀ		u	ས		སཀ		fully_resolved	high	Unicode stack and trailing suffix roles resolve uniquely.
སྐེ		ས	ཀ		e			སཀ		fully_resolved	high	Unicode stack and trailing suffix roles resolve uniquely.
སྐེག		ས	ཀ		e	ག		སཀ		fully_resolved	high	Unicode stack and trailing suffix roles resolve uniquely.
སྐེགས		ས	ཀ		e	ག	ས	སཀ		fully_resolved	high	Unicode stack and trailing suffix roles resolve uniquely.
སྐེད		ས	ཀ		e	ད		སཀ		fully_resolved	high	Unicode stack and trailing suffix roles resolve uniquely.
སྐེན		ས	ཀ		e	ན		སཀ		fully_resolved	high	Unicode stack and trailing suffix roles resolve uniquely.
སྐེམ		ས	ཀ		e	མ		སཀ		fully_resolved	high	Unicode stack and trailing suffix roles resolve uniquely.
སྐེམས		ས	ཀ		e	མ	ས	སཀ		fully_resolved	high	Unicode stack and trailing suffix roles resolve uniquely.
སྐེར		ས	ཀ		e	ར		སཀ		fully_resolved	high	Unicode stack and trailing suffix roles resolve uniquely.
སྐེལ		ས	ཀ		e	ལ		སཀ		fully_resolved	high	Unicode stack and trailing suffix roles resolve uniquely.
སྐེས		ས	ཀ		e	ས		སཀ		fully_resolved	high	Unicode stack and trailing suffix roles resolve uniquely.
སྐོ		ས	ཀ		o			སཀ		fully_resolved	high	Unicode stack and trailing suffix roles resolve uniquely.
སྐོགས		ས	ཀ		o	ག	ས	སཀ		fully_resolved	high	Unicode stack and trailing suffix roles resolve uniquely.
སྐོང		ས	ཀ		o	ང		སཀ		fully_resolved	high	Unicode stack and trailing suffix roles resolve uniquely.
སྐོངས		ས	ཀ		o	ང	ས	སཀ		fully_resolved	high	Unicode stack and trailing suffix roles resolve uniquely.
སྐོད		ས	ཀ		o	ད		སཀ		fully_resolved	high	Unicode stack and trailing suffix roles resolve uniquely.
སྐོན		ས	ཀ		o	ན		སཀ		fully_resolved	high	Unicode stack and trailing suffix roles resolve uniquely.
སྐོབ		ས	ཀ		o	བ		སཀ		fully_resolved	high	Unicode stack and trailing suffix roles resolve uniquely.
སྐོབས		ས	ཀ		o	བ	ས	སཀ		fully_resolved	high	Unicode stack and trailing suffix roles resolve uniquely.
སྐོམ		ས	ཀ		o	མ		སཀ		fully_resolved	high	Unicode stack and trailing suffix roles resolve uniquely.
སྐོམས		ས	ཀ		o	མ	ས	སཀ		fully_resolved	high	Unicode stack and trailing suffix roles resolve uniquely.
སྐོར		ས	ཀ		o	ར		སཀ		fully_resolved	high	Unicode stack and trailing suffix roles resolve uniquely.
སྐོལ		ས	ཀ		o	ལ		སཀ		fully_resolved	high	Unicode stack and trailing suffix roles resolve uniquely.
སྐོས		ས	ཀ		o	ས		སཀ		fully_resolved	high	Unicode stack and trailing suffix roles resolve uniquely.
སྐྱ		ས	ཀ	ཡ	a			སཀཡ		fully_resolved	high	Unicode stack and trailing suffix roles resolve uniquely.
སྐྱག		ས	ཀ	ཡ	a	ག		སཀཡ		fully_resolved	high	Unicode stack and trailing suffix roles resolve uniquely.
སྐྱགས		ས	ཀ	ཡ	a	ག	ས	སཀཡ		fully_resolved	high	Unicode stack and trailing suffix roles resolve uniquely.
སྐྱང		ས	ཀ	ཡ	a	ང		སཀཡ		fully_resolved	high	Unicode stack and trailing suffix roles resolve uniquely.
སྐྱབ		ས	ཀ	ཡ	a	བ		སཀཡ		fully_resolved	high	Unicode stack and trailing suffix roles resolve uniquely.
སྐྱབས		ས	ཀ	ཡ	a	བ	ས	སཀཡ		fully_resolved	high	Unicode stack and trailing suffix roles resolve uniquely.
སྐྱའི		ས	ཀ	ཡ	i	འ		སཀཡ		fully_resolved	high	Unicode stack and trailing suffix roles resolve uniquely.
སྐྱའོ		ས	ཀ	ཡ	o	འ		སཀཡ		fully_resolved	high	Unicode stack and trailing suffix roles resolve uniquely.
སྐྱར		ས	ཀ	ཡ	a	ར		སཀཡ		fully_resolved	high	Unicode stack and trailing suffix roles resolve uniquely.
སྐྱལ		ས	ཀ	ཡ	a	ལ		སཀཡ		fully_resolved	high	Unicode stack and trailing suffix roles resolve uniquely.
སྐྱས		ས	ཀ	ཡ	a	ས		སཀཡ		fully_resolved	high	Unicode stack and trailing suffix roles resolve uniquely.
སྐྱི		ས	ཀ	ཡ	i			སཀཡ		fully_resolved	high	Unicode stack and trailing suffix roles resolve uniquely.
སྐྱིག		ས	ཀ	ཡ	i	ག		སཀཡ		fully_resolved	high	Unicode stack and trailing suffix roles resolve uniquely.
སྐྱིགས		ས	ཀ	ཡ	i	ག	ས	སཀཡ		fully_resolved	high	Unicode stack and trailing suffix roles resolve uniquely.
སྐྱིང		ས	ཀ	ཡ	i	ང		སཀཡ		fully_resolved	high	Unicode stack and trailing suffix roles resolve uniquely.
སྐྱིད		ས	ཀ	ཡ	i	ད		སཀཡ		fully_resolved	high	Unicode stack and trailing suffix roles resolve uniquely.
སྐྱིན		ས	ཀ	ཡ	i	ན		སཀཡ		fully_resolved	high	Unicode stack and trailing suffix roles resolve uniquely.
སྐྱིབས		ས	ཀ	ཡ	i	བ	ས	སཀཡ		fully_resolved	high	Unicode stack and trailing suffix roles resolve uniquely.
སྐྱིལ		ས	ཀ	ཡ	i	ལ		སཀཡ		fully_resolved	high	Unicode stack and trailing suffix roles resolve uniquely.
སྐྱིས		ས	ཀ	ཡ	i	ས		སཀཡ		fully_resolved	high	Unicode stack and trailing suffix roles resolve uniquely.
སྐྱུ		ས	ཀ	ཡ	u			སཀཡ		fully_resolved	high	Unicode stack and trailing suffix roles resolve uniquely.
སྐྱུག		ས	ཀ	ཡ	u	ག		སཀཡ		fully_resolved	high	Unicode stack and trailing suffix roles resolve uniquely.
སྐྱུགས		ས	ཀ	ཡ	u	ག	ས	སཀཡ		fully_resolved	high	Unicode stack and trailing suffix roles resolve uniquely.
སྐྱུང		ས	ཀ	ཡ	u	ང		སཀཡ		fully_resolved	high	Unicode stack and trailing suffix roles resolve uniquely.
སྐྱུད		ས	ཀ	ཡ	u	ད		སཀཡ		fully_resolved	high	Unicode stack and trailing suffix roles resolve uniquely.
སྐྱུར		ས	ཀ	ཡ	u	ར		སཀཡ		fully_resolved	high	Unicode stack and trailing suffix roles resolve uniquely.
སྐྱུས		ས	ཀ	ཡ	u	ས		སཀཡ		fully_resolved	high	Unicode stack and trailing suffix roles resolve uniquely.
སྐྱེ		ས	ཀ	ཡ	e			སཀཡ		fully_resolved	high	Unicode stack and trailing suffix roles resolve uniquely.
སྐྱེག		ས	ཀ	ཡ	e	ག		སཀཡ		fully_resolved	high	Unicode stack and trailing suffix roles resolve uniquely.
སྐྱེགས		ས	ཀ	ཡ	e	ག	ས	སཀཡ		fully_resolved	high	Unicode stack and trailing suffix roles resolve uniquely.
སྐྱེངས		ས	ཀ	ཡ	e	ང	ས	སཀཡ		fully_resolved	high	Unicode stack and trailing suffix roles resolve uniquely.
སྐྱེད		ས	ཀ	ཡ	e	ད		སཀཡ		fully_resolved	high	Unicode stack and trailing suffix roles resolve uniquely.
སྐྱེན		ས	ཀ	ཡ	e	ན		སཀཡ		fully_resolved	high	Unicode stack and trailing suffix roles resolve uniquely.
སྐྱེམ		ས	ཀ	ཡ	e	མ		སཀཡ		fully_resolved	high	Unicode stack and trailing suffix roles resolve uniquely.
སྐྱེམས		ས	ཀ	ཡ	e	མ	ས	སཀཡ		fully_resolved	high	Unicode stack and trailing suffix roles resolve uniquely.
སྐྱེར		ས	ཀ	ཡ	e	ར		སཀཡ		fully_resolved	high	Unicode stack and trailing suffix roles resolve uniquely.
སྐྱེལ		ས	ཀ	ཡ	e	ལ		སཀཡ		fully_resolved	high	Unicode stack and trailing suffix roles resolve uniquely.
སྐྱེས		ས	ཀ	ཡ	e	ས		སཀཡ		fully_resolved	high	Unicode stack and trailing suffix roles resolve uniquely.
སྐྱོ		ས	ཀ	ཡ	o			སཀཡ		fully_resolved	high	Unicode stack and trailing suffix roles resolve uniquely.
སྐྱོག		ས	ཀ	ཡ	o	ག		སཀཡ		fully_resolved	high	Unicode stack and trailing suffix roles resolve uniquely.
སྐྱོགས		ས	ཀ	ཡ	o	ག	ས	སཀཡ		fully_resolved	high	Unicode stack and trailing suffix roles resolve uniquely.
སྐྱོང		ས	ཀ	ཡ	o	ང		སཀཡ		fully_resolved	high	Unicode stack and trailing suffix roles resolve uniquely.
སྐྱོངས		ས	ཀ	ཡ	o	ང	ས	སཀཡ		fully_resolved	high	Unicode stack and trailing suffix roles resolve uniquely.
སྐྱོད		ས	ཀ	ཡ	o	ད		སཀཡ		fully_resolved	high	Unicode stack and trailing suffix roles resolve uniquely.
སྐྱོན		ས	ཀ	ཡ	o	ན		སཀཡ		fully_resolved	high	Unicode stack and trailing suffix roles resolve uniquely.
སྐྱོབ		ས	ཀ	ཡ	o	བ		སཀཡ		fully_resolved	high	Unicode stack and trailing suffix roles resolve uniquely.
སྐྱོབས		ས	ཀ	ཡ	o	བ	ས	སཀཡ		fully_resolved	high	Unicode stack and trailing suffix roles resolve uniquely.
སྐྱོམ		ས	ཀ	ཡ	o	མ		སཀཡ		fully_resolved	high	Unicode stack and trailing suffix roles resolve uniquely.
སྐྱོམས		ས	ཀ	ཡ	o	མ	ས	སཀཡ		fully_resolved	high	Unicode stack and trailing suffix roles resolve uniquely.
སྐྱོར		ས	ཀ	ཡ	o	ར		སཀཡ		fully_resolved	high	Unicode stack and trailing suffix roles resolve uniquely.
སྐྱོལ		ས	ཀ	ཡ	o	ལ		སཀཡ		fully_resolved	high	Unicode stack and trailing suffix roles resolve uniquely.
སྐྱོས		ས	ཀ	ཡ	o	ས		སཀཡ		fully_resolved	high	Unicode stack and trailing suffix roles resolve uniquely.
སྐྲ		ས	ཀ	ར	a			སཀར		fully_resolved	high	Unicode stack and trailing suffix roles resolve uniquely.
སྐྲག		ས	ཀ	ར	a	ག		སཀར		fully_resolved	high	Unicode stack and trailing suffix roles resolve uniquely.
སྐྲགས		ས	ཀ	ར	a	ག	ས	སཀར		fully_resolved	high	Unicode stack and trailing suffix roles resolve uniquely.
སྐྲང		ས	ཀ	ར	a	ང		སཀར		fully_resolved	high	Unicode stack and trailing suffix roles resolve uniquely.
སྐྲངས		ས	ཀ	ར	a	ང	ས	སཀར		fully_resolved	high	Unicode stack and trailing suffix roles resolve uniquely.
སྐྲད		ས	ཀ	ར	a	ད		སཀར		fully_resolved	high	Unicode stack and trailing suffix roles resolve uniquely.
སྐྲན		ས	ཀ	ར	a	ན		སཀར		fully_resolved	high	Unicode stack and trailing suffix roles resolve uniquely.
སྐྲབ		ས	ཀ	ར	a	བ		སཀར		fully_resolved	high	Unicode stack and trailing suffix roles resolve uniquely.
སྐྲས		ས	ཀ	ར	a	ས		སཀར		fully_resolved	high	Unicode stack and trailing suffix roles resolve uniquely.
སྐྲིགས		ས	ཀ	ར	i	ག	ས	སཀར		fully_resolved	high	Unicode stack and trailing suffix roles resolve uniquely.
སྐྲུད		ས	ཀ	ར	u	ད		སཀར		fully_resolved	high	Unicode stack and trailing suffix roles resolve uniquely.
སྐྲོང		ས	ཀ	ར	o	ང		སཀར		fully_resolved	high	Unicode stack and trailing suffix roles resolve uniquely.
སྐྲོད		ས	ཀ	ར	o	ད		སཀར		fully_resolved	high	Unicode stack and trailing suffix roles resolve uniquely.
སྒ		ས	ག		a			སག		fully_resolved	high	Unicode stack and trailing suffix roles resolve uniquely.
སྒགས		ས	ག		a	ག	ས	སག		fully_resolved	high	Unicode stack and trailing suffix roles resolve uniquely.
སྒང		ས	ག		a	ང		སག		fully_resolved	high	Unicode stack and trailing suffix roles resolve uniquely.
སྒབ		ས	ག		a	བ		སག		fully_resolved	high	Unicode stack and trailing suffix roles resolve uniquely.
སྒམ		ས	ག		a	མ		སག		fully_resolved	high	Unicode stack and trailing suffix roles resolve uniquely.
སྒར		ས	ག		a	ར		སག		fully_resolved	high	Unicode stack and trailing suffix roles resolve uniquely.
སྒལ		ས	ག		a	ལ		སག		fully_resolved	high	Unicode stack and trailing suffix roles resolve uniquely.
སྒི		ས	ག		i			སག		fully_resolved	high	Unicode stack and trailing suffix roles resolve uniquely.
སྒིམ		ས	ག		i	མ		སག		fully_resolved	high	Unicode stack and trailing suffix roles resolve uniquely.
སྒུ		ས	ག		u			སག		fully_resolved	high	Unicode stack and trailing suffix roles resolve uniquely.
སྒུད		ས	ག		u	ད		སག		fully_resolved	high	Unicode stack and trailing suffix roles resolve uniquely.
སྒུམ		ས	ག		u	མ		སག		fully_resolved	high	Unicode stack and trailing suffix roles resolve uniquely.
སྒུར		ས	ག		u	ར		སག		fully_resolved	high	Unicode stack and trailing suffix roles resolve uniquely.
སྒུལ		ས	ག		u	ལ		སག		fully_resolved	high	Unicode stack and trailing suffix roles resolve uniquely.
སྒེ		ས	ག		e			སག		fully_resolved	high	Unicode stack and trailing suffix roles resolve uniquely.
སྒེག		ས	ག		e	ག		སག		fully_resolved	high	Unicode stack and trailing suffix roles resolve uniquely.
སྒེའུ										unsupported_orthographic_sign	none	Multiple Tibetan vowel signs are not modelled.
སྒེར		ས	ག		e	ར		སག		fully_resolved	high	Unicode stack and trailing suffix roles resolve uniquely.
སྒེལ		ས	ག		e	ལ		སག		fully_resolved	high	Unicode stack and trailing suffix roles resolve uniquely.
སྒེས		ས	ག		e	ས		སག		fully_resolved	high	Unicode stack and trailing suffix roles resolve uniquely.
སྒོ		ས	ག		o			སག		fully_resolved	high	Unicode stack and trailing suffix roles resolve uniquely.
སྒོག		ས	ག		o	ག		སག		fully_resolved	high	Unicode stack and trailing suffix roles resolve uniquely.
སྒོགས		ས	ག		o	ག	ས	སག		fully_resolved	high	Unicode stack and trailing suffix roles resolve uniquely.
སྒོང		ས	ག		o	ང		སག		fully_resolved	high	Unicode stack and trailing suffix roles resolve uniquely.
སྒོན		ས	ག		o	ན		སག		fully_resolved	high	Unicode stack and trailing suffix roles resolve uniquely.
སྒོམ		ས	ག		o	མ		སག		fully_resolved	high	Unicode stack and trailing suffix roles resolve uniquely.
སྒོམས		ས	ག		o	མ	ས	སག		fully_resolved	high	Unicode stack and trailing suffix roles resolve uniquely.
སྒོར		ས	ག		o	ར		སག		fully_resolved	high	Unicode stack and trailing suffix roles resolve uniquely.
སྒོལ		ས	ག		o	ལ		སག		fully_resolved	high	Unicode stack and trailing suffix roles resolve uniquely.
སྒོས		ས	ག		o	ས		སག		fully_resolved	high	Unicode stack and trailing suffix roles resolve uniquely.
སྒྱིངས		ས	ག	ཡ	i	ང	ས	སགཡ		fully_resolved	high	Unicode stack and trailing suffix roles resolve uniquely.
སྒྱིད		ས	ག	ཡ	i	ད		སགཡ		fully_resolved	high	Unicode stack and trailing suffix roles resolve uniquely.
སྒྱུ		ས	ག	ཡ	u			སགཡ		fully_resolved	high	Unicode stack and trailing suffix roles resolve uniquely.
སྒྱུག		ས	ག	ཡ	u	ག		སགཡ		fully_resolved	high	Unicode stack and trailing suffix roles resolve uniquely.
སྒྱུངས		ས	ག	ཡ	u	ང	ས	སགཡ		fully_resolved	high	Unicode stack and trailing suffix roles resolve uniquely.
སྒྱུབ		ས	ག	ཡ	u	བ		སགཡ		fully_resolved	high	Unicode stack and trailing suffix roles resolve uniquely.
སྒྱུར		ས	ག	ཡ	u	ར		སགཡ		fully_resolved	high	Unicode stack and trailing suffix roles resolve uniquely.
སྒྱུས		ས	ག	ཡ	u	ས		སགཡ		fully_resolved	high	Unicode stack and trailing suffix roles resolve uniquely.
སྒྱེ		ས	ག	ཡ	e			སགཡ		fully_resolved	high	Unicode stack and trailing suffix roles resolve uniquely.
སྒྱེའུ										unsupported_orthographic_sign	none	Multiple Tibetan vowel signs are not modelled.
སྒྱོ		ས	ག	ཡ	o			སགཡ		fully_resolved	high	Unicode stack and trailing suffix roles resolve uniquely.
སྒྱོགས		ས	ག	ཡ	o	ག	ས	སགཡ		fully_resolved	high	Unicode stack and trailing suffix roles resolve uniquely.
སྒྲ		ས	ག	ར	a			སགར		fully_resolved	high	Unicode stack and trailing suffix roles resolve uniquely.
སྒྲག		ས	ག	ར	a	ག		སགར		fully_resolved	high	Unicode stack and trailing suffix roles resolve uniquely.
སྒྲགས		ས	ག	ར	a	ག	ས	སགར		fully_resolved	high	Unicode stack and trailing suffix roles resolve uniquely.
སྒྲང		ས	ག	ར	a	ང		སགར		fully_resolved	high	Unicode stack and trailing suffix roles resolve uniquely.
སྒྲབ		ས	ག	ར	a	བ		སགར		fully_resolved	high	Unicode stack and trailing suffix roles resolve uniquely.
སྒྲབས		ས	ག	ར	a	བ	ས	སགར		fully_resolved	high	Unicode stack and trailing suffix roles resolve uniquely.
སྒྲམ		ས	ག	ར	a	མ		སགར		fully_resolved	high	Unicode stack and trailing suffix roles resolve uniquely.
སྒྲམས		ས	ག	ར	a	མ	ས	སགར		fully_resolved	high	Unicode stack and trailing suffix roles resolve uniquely.
སྒྲའི		ས	ག	ར	i	འ		སགར		fully_resolved	high	Unicode stack and trailing suffix roles resolve uniquely.
སྒྲལ		ས	ག	ར	a	ལ		སགར		fully_resolved	high	Unicode stack and trailing suffix roles resolve uniquely.
སྒྲིག		ས	ག	ར	i	ག		སགར		fully_resolved	high	Unicode stack and trailing suffix roles resolve uniquely.
སྒྲིགས		ས	ག	ར	i	ག	ས	སགར		fully_resolved	high	Unicode stack and trailing suffix roles resolve uniquely.
སྒྲིན		ས	ག	ར	i	ན		སགར		fully_resolved	high	Unicode stack and trailing suffix roles resolve uniquely.
སྒྲིབ		ས	ག	ར	i	བ		སགར		fully_resolved	high	Unicode stack and trailing suffix roles resolve uniquely.
སྒྲིབས		ས	ག	ར	i	བ	ས	སགར		fully_resolved	high	Unicode stack and trailing suffix roles resolve uniquely.
སྒྲིམ		ས	ག	ར	i	མ		སགར		fully_resolved	high	Unicode stack and trailing suffix roles resolve uniquely.
སྒྲིམས		ས	ག	ར	i	མ	ས	སགར		fully_resolved	high	Unicode stack and trailing suffix roles resolve uniquely.
སྒྲིལ		ས	ག	ར	i	ལ		སགར		fully_resolved	high	Unicode stack and trailing suffix roles resolve uniquely.
སྒྲུ		ས	ག	ར	u			སགར		fully_resolved	high	Unicode stack and trailing suffix roles resolve uniquely.
སྒྲུགས		ས	ག	ར	u	ག	ས	སགར		fully_resolved	high	Unicode stack and trailing suffix roles resolve uniquely.
སྒྲུང		ས	ག	ར	u	ང		སགར		fully_resolved	high	Unicode stack and trailing suffix roles resolve uniquely.
སྒྲུབ		ས	ག	ར	u	བ		སགར		fully_resolved	high	Unicode stack and trailing suffix roles resolve uniquely.
སྒྲུབས		ས	ག	ར	u	བ	ས	སགར		fully_resolved	high	Unicode stack and trailing suffix roles resolve uniquely.
སྒྲུལ		ས	ག	ར	u	ལ		སགར		fully_resolved	high	Unicode stack and trailing suffix roles resolve uniquely.
སྒྲེགས		ས	ག	ར	e	ག	ས	སགར		fully_resolved	high	Unicode stack and trailing suffix roles resolve uniquely.
སྒྲེང		ས	ག	ར	e	ང		སགར		fully_resolved	high	Unicode stack and trailing suffix roles resolve uniquely.
སྒྲེངས		ས	ག	ར	e	ང	ས	སགར		fully_resolved	high	Unicode stack and trailing suffix roles resolve uniquely.
སྒྲེན		ས	ག	ར	e	ན		སགར		fully_resolved	high	Unicode stack and trailing suffix roles resolve uniquely.
སྒྲེའུ										unsupported_orthographic_sign	none	Multiple Tibetan vowel signs are not modelled.
སྒྲེལ		ས	ག	ར	e	ལ		སགར		fully_resolved	high	Unicode stack and trailing suffix roles resolve uniquely.
སྒྲེས		ས	ག	ར	e	ས		སགར		fully_resolved	high	Unicode stack and trailing suffix roles resolve uniquely.
སྒྲོ		ས	ག	ར	o			སགར		fully_resolved	high	Unicode stack and trailing suffix roles resolve uniquely.
སྒྲོག		ས	ག	ར	o	ག		སགར		fully_resolved	high	Unicode stack and trailing suffix roles resolve uniquely.
སྒྲོགས		ས	ག	ར	o	ག	ས	སགར		fully_resolved	high	Unicode stack and trailing suffix roles resolve uniquely.
སྒྲོང		ས	ག	ར	o	ང		སགར		fully_resolved	high	Unicode stack and trailing suffix roles resolve uniquely.
སྒྲོངས		ས	ག	ར	o	ང	ས	སགར		fully_resolved	high	Unicode stack and trailing suffix roles resolve uniquely.
སྒྲོན		ས	ག	ར	o	ན		སགར		fully_resolved	high	Unicode stack and trailing suffix roles resolve uniquely.
སྒྲོབ		ས	ག	ར	o	བ		སགར		fully_resolved	high	Unicode stack and trailing suffix roles resolve uniquely.
སྒྲོམ		ས	ག	ར	o	མ		སགར		fully_resolved	high	Unicode stack and trailing suffix roles resolve uniquely.
སྒྲོལ		ས	ག	ར	o	ལ		སགར		fully_resolved	high	Unicode stack and trailing suffix roles resolve uniquely.
སྒྲོས		ས	ག	ར	o	ས		སགར		fully_resolved	high	Unicode stack and trailing suffix roles resolve uniquely.
སྔ		ས	ང		a			སང		fully_resolved	high	Unicode stack and trailing suffix roles resolve uniquely.
སྔག		ས	ང		a	ག		སང		fully_resolved	high	Unicode stack and trailing suffix roles resolve uniquely.
སྔགས		ས	ང		a	ག	ས	སང		fully_resolved	high	Unicode stack and trailing suffix roles resolve uniquely.
སྔང		ས	ང		a	ང		སང		fully_resolved	high	Unicode stack and trailing suffix roles resolve uniquely.
སྔད		ས	ང		a	ད		སང		fully_resolved	high	Unicode stack and trailing suffix roles resolve uniquely.
སྔན		ས	ང		a	ན		སང		fully_resolved	high	Unicode stack and trailing suffix roles resolve uniquely.
སྔམ		ས	ང		a	མ		སང		fully_resolved	high	Unicode stack and trailing suffix roles resolve uniquely.
སྔར		ས	ང		a	ར		སང		fully_resolved	high	Unicode stack and trailing suffix roles resolve uniquely.
སྔས		ས	ང		a	ས		སང		fully_resolved	high	Unicode stack and trailing suffix roles resolve uniquely.
སྔིག		ས	ང		i	ག		སང		fully_resolved	high	Unicode stack and trailing suffix roles resolve uniquely.
སྔེར		ས	ང		e	ར		སང		fully_resolved	high	Unicode stack and trailing suffix roles resolve uniquely.
སྔོ		ས	ང		o			སང		fully_resolved	high	Unicode stack and trailing suffix roles resolve uniquely.
སྔོགས		ས	ང		o	ག	ས	སང		fully_resolved	high	Unicode stack and trailing suffix roles resolve uniquely.
སྔོང		ས	ང		o	ང		སང		fully_resolved	high	Unicode stack and trailing suffix roles resolve uniquely.
སྔོད		ས	ང		o	ད		སང		fully_resolved	high	Unicode stack and trailing suffix roles resolve uniquely.
སྔོན		ས	ང		o	ན		སང		fully_resolved	high	Unicode stack and trailing suffix roles resolve uniquely.
སྔོམ		ས	ང		o	མ		སང		fully_resolved	high	Unicode stack and trailing suffix roles resolve uniquely.
སྔོར		ས	ང		o	ར		སང		fully_resolved	high	Unicode stack and trailing suffix roles resolve uniquely.
སྙ		ས	ཉ		a			སཉ		fully_resolved	high	Unicode stack and trailing suffix roles resolve uniquely.
སྙག		ས	ཉ		a	ག		སཉ		fully_resolved	high	Unicode stack and trailing suffix roles resolve uniquely.
སྙགས		ས	ཉ		a	ག	ས	སཉ		fully_resolved	high	Unicode stack and trailing suffix roles resolve uniquely.
སྙང		ས	ཉ		a	ང		སཉ		fully_resolved	high	Unicode stack and trailing suffix roles resolve uniquely.
སྙད		ས	ཉ		a	ད		སཉ		fully_resolved	high	Unicode stack and trailing suffix roles resolve uniquely.
སྙན		ས	ཉ		a	ན		སཉ		fully_resolved	high	Unicode stack and trailing suffix roles resolve uniquely.
སྙབ		ས	ཉ		a	བ		སཉ		fully_resolved	high	Unicode stack and trailing suffix roles resolve uniquely.
སྙབས		ས	ཉ		a	བ	ས	སཉ		fully_resolved	high	Unicode stack and trailing suffix roles resolve uniquely.
སྙམ		ས	ཉ		a	མ		སཉ		fully_resolved	high	Unicode stack and trailing suffix roles resolve uniquely.
སྙལ		ས	ཉ		a	ལ		སཉ		fully_resolved	high	Unicode stack and trailing suffix roles resolve uniquely.
སྙས		ས	ཉ		a	ས		སཉ		fully_resolved	high	Unicode stack and trailing suffix roles resolve uniquely.
སྙི		ས	ཉ		i			སཉ		fully_resolved	high	Unicode stack and trailing suffix roles resolve uniquely.
སྙིགས		ས	ཉ		i	ག	ས	སཉ		fully_resolved	high	Unicode stack and trailing suffix roles resolve uniquely.
སྙིང		ས	ཉ		i	ང		སཉ		fully_resolved	high	Unicode stack and trailing suffix roles resolve uniquely.
སྙིངས		ས	ཉ		i	ང	ས	སཉ		fully_resolved	high	Unicode stack and trailing suffix roles resolve uniquely.
སྙིད		ས	ཉ		i	ད		སཉ		fully_resolved	high	Unicode stack and trailing suffix roles resolve uniquely.
སྙིམ		ས	ཉ		i	མ		སཉ		fully_resolved	high	Unicode stack and trailing suffix roles resolve uniquely.
སྙིལ		ས	ཉ		i	ལ		སཉ		fully_resolved	high	Unicode stack and trailing suffix roles resolve uniquely.
སྙུག		ས	ཉ		u	ག		སཉ		fully_resolved	high	Unicode stack and trailing suffix roles resolve uniquely.
སྙུགས		ས	ཉ		u	ག	ས	སཉ		fully_resolved	high	Unicode stack and trailing suffix roles resolve uniquely.
སྙུང		ས	ཉ		u	ང		སཉ		fully_resolved	high	Unicode stack and trailing suffix roles resolve uniquely.
སྙུངས		ས	ཉ		u	ང	ས	སཉ		fully_resolved	high	Unicode stack and trailing suffix roles resolve uniquely.
སྙེ		ས	ཉ		e			སཉ		fully_resolved	high	Unicode stack and trailing suffix roles resolve uniquely.
སྙེགས		ས	ཉ		e	ག	ས	སཉ		fully_resolved	high	Unicode stack and trailing suffix roles resolve uniquely.
སྙེངས		ས	ཉ		e	ང	ས	སཉ		fully_resolved	high	Unicode stack and trailing suffix roles resolve uniquely.
སྙེད		ས	ཉ		e	ད		སཉ		fully_resolved	high	Unicode stack and trailing suffix roles resolve uniquely.
སྙེབས		ས	ཉ		e	བ	ས	སཉ		fully_resolved	high	Unicode stack and trailing suffix roles resolve uniquely.
སྙེམས		ས	ཉ		e	མ	ས	སཉ		fully_resolved	high	Unicode stack and trailing suffix roles resolve uniquely.
སྙེའུ										unsupported_orthographic_sign	none	Multiple Tibetan vowel signs are not modelled.
སྙེའོ										unsupported_orthographic_sign	none	Multiple Tibetan vowel signs are not modelled.
སྙོག		ས	ཉ		o	ག		སཉ		fully_resolved	high	Unicode stack and trailing suffix roles resolve uniquely.
སྙོགས		ས	ཉ		o	ག	ས	སཉ		fully_resolved	high	Unicode stack and trailing suffix roles resolve uniquely.
སྙོང		ས	ཉ		o	ང		སཉ		fully_resolved	high	Unicode stack and trailing suffix roles resolve uniquely.
སྙོངས		ས	ཉ		o	ང	ས	སཉ		fully_resolved	high	Unicode stack and trailing suffix roles resolve uniquely.
སྙོད		ས	ཉ		o	ད		སཉ		fully_resolved	high	Unicode stack and trailing suffix roles resolve uniquely.
སྙོབས		ས	ཉ		o	བ	ས	སཉ		fully_resolved	high	Unicode stack and trailing suffix roles resolve uniquely.
སྙོམ		ས	ཉ		o	མ		སཉ		fully_resolved	high	Unicode stack and trailing suffix roles resolve uniquely.
སྙོམས		ས	ཉ		o	མ	ས	སཉ		fully_resolved	high	Unicode stack and trailing suffix roles resolve uniquely.
སྙོལ		ས	ཉ		o	ལ		སཉ		fully_resolved	high	Unicode stack and trailing suffix roles resolve uniquely.
སྙྣག		ས	ཉ	ན	a	ག		སཉན		fully_resolved	high	Unicode stack and trailing suffix roles resolve uniquely.
སྙྩང		ས	ཉ	ཙ	a	ང		སཉཙ		fully_resolved	high	Unicode stack and trailing suffix roles resolve uniquely.
སྟ		ས	ཏ		a			སཏ		fully_resolved	high	Unicode stack and trailing suffix roles resolve uniquely.
སྟག		ས	ཏ		a	ག		སཏ		fully_resolved	high	Unicode stack and trailing suffix roles resolve uniquely.
སྟང		ས	ཏ		a	ང		སཏ		fully_resolved	high	Unicode stack and trailing suffix roles resolve uniquely.
སྟངས		ས	ཏ		a	ང	ས	སཏ		fully_resolved	high	Unicode stack and trailing suffix roles resolve uniquely.
སྟད		ས	ཏ		a	ད		སཏ		fully_resolved	high	Unicode stack and trailing suffix roles resolve uniquely.
སྟན		ས	ཏ		a	ན		སཏ		fully_resolved	high	Unicode stack and trailing suffix roles resolve uniquely.
སྟབ		ས	ཏ		a	བ		སཏ		fully_resolved	high	Unicode stack and trailing suffix roles resolve uniquely.
སྟབས		ས	ཏ		a	བ	ས	སཏ		fully_resolved	high	Unicode stack and trailing suffix roles resolve uniquely.
སྟའི		ས	ཏ		i	འ		སཏ		fully_resolved	high	Unicode stack and trailing suffix roles resolve uniquely.
སྟར		ས	ཏ		a	ར		སཏ		fully_resolved	high	Unicode stack and trailing suffix roles resolve uniquely.
སྟས		ས	ཏ		a	ས		སཏ		fully_resolved	high	Unicode stack and trailing suffix roles resolve uniquely.
སྟི		ས	ཏ		i			སཏ		fully_resolved	high	Unicode stack and trailing suffix roles resolve uniquely.
སྟིང		ས	ཏ		i	ང		སཏ		fully_resolved	high	Unicode stack and trailing suffix roles resolve uniquely.
སྟིར		ས	ཏ		i	ར		སཏ		fully_resolved	high	Unicode stack and trailing suffix roles resolve uniquely.
སྟུག		ས	ཏ		u	ག		སཏ		fully_resolved	high	Unicode stack and trailing suffix roles resolve uniquely.
སྟུང		ས	ཏ		u	ང		སཏ		fully_resolved	high	Unicode stack and trailing suffix roles resolve uniquely.
སྟུངས		ས	ཏ		u	ང	ས	སཏ		fully_resolved	high	Unicode stack and trailing suffix roles resolve uniquely.
སྟུན		ས	ཏ		u	ན		སཏ		fully_resolved	high	Unicode stack and trailing suffix roles resolve uniquely.
སྟེ		ས	ཏ		e			སཏ		fully_resolved	high	Unicode stack and trailing suffix roles resolve uniquely.
སྟེག		ས	ཏ		e	ག		སཏ		fully_resolved	high	Unicode stack and trailing suffix roles resolve uniquely.
སྟེགས		ས	ཏ		e	ག	ས	སཏ		fully_resolved	high	Unicode stack and trailing suffix roles resolve uniquely.
སྟེང		ས	ཏ		e	ང		སཏ		fully_resolved	high	Unicode stack and trailing suffix roles resolve uniquely.
སྟེངས		ས	ཏ		e	ང	ས	སཏ		fully_resolved	high	Unicode stack and trailing suffix roles resolve uniquely.
སྟེད		ས	ཏ		e	ད		སཏ		fully_resolved	high	Unicode stack and trailing suffix roles resolve uniquely.
སྟེན		ས	ཏ		e	ན		སཏ		fully_resolved	high	Unicode stack and trailing suffix roles resolve uniquely.
སྟེབས		ས	ཏ		e	བ	ས	སཏ		fully_resolved	high	Unicode stack and trailing suffix roles resolve uniquely.
སྟེམ		ས	ཏ		e	མ		སཏ		fully_resolved	high	Unicode stack and trailing suffix roles resolve uniquely.
སྟེམས		ས	ཏ		e	མ	ས	སཏ		fully_resolved	high	Unicode stack and trailing suffix roles resolve uniquely.
སྟེའུ										unsupported_orthographic_sign	none	Multiple Tibetan vowel signs are not modelled.
སྟེར		ས	ཏ		e	ར		སཏ		fully_resolved	high	Unicode stack and trailing suffix roles resolve uniquely.
སྟེས		ས	ཏ		e	ས		སཏ		fully_resolved	high	Unicode stack and trailing suffix roles resolve uniquely.
སྟོ		ས	ཏ		o			སཏ		fully_resolved	high	Unicode stack and trailing suffix roles resolve uniquely.
སྟོགས		ས	ཏ		o	ག	ས	སཏ		fully_resolved	high	Unicode stack and trailing suffix roles resolve uniquely.
སྟོང		ས	ཏ		o	ང		སཏ		fully_resolved	high	Unicode stack and trailing suffix roles resolve uniquely.
སྟོངས		ས	ཏ		o	ང	ས	སཏ		fully_resolved	high	Unicode stack and trailing suffix roles resolve uniquely.
སྟོད		ས	ཏ		o	ད		སཏ		fully_resolved	high	Unicode stack and trailing suffix roles resolve uniquely.
སྟོན		ས	ཏ		o	ན		སཏ		fully_resolved	high	Unicode stack and trailing suffix roles resolve uniquely.
སྟོབ		ས	ཏ		o	བ		སཏ		fully_resolved	high	Unicode stack and trailing suffix roles resolve uniquely.
སྟོབས		ས	ཏ		o	བ	ས	སཏ		fully_resolved	high	Unicode stack and trailing suffix roles resolve uniquely.
སྟོམ		ས	ཏ		o	མ		སཏ		fully_resolved	high	Unicode stack and trailing suffix roles resolve uniquely.
སྟོར		ས	ཏ		o	ར		སཏ		fully_resolved	high	Unicode stack and trailing suffix roles resolve uniquely.
སྟོརད		ས	ཏ		o	ར	ད	སཏ		fully_resolved	high	Unicode stack and trailing suffix roles resolve uniquely.
སྟྱག		ས	ཏ	ཡ	a	ག		སཏཡ		fully_resolved	high	Unicode stack and trailing suffix roles resolve uniquely.
སྟྱན		ས	ཏ	ཡ	a	ན		སཏཡ		fully_resolved	high	Unicode stack and trailing suffix roles resolve uniquely.
སྟྲིན		ས	ཏ	ར	i	ན		སཏར		fully_resolved	high	Unicode stack and trailing suffix roles resolve uniquely.
སྡང		ས	ད		a	ང		སད		fully_resolved	high	Unicode stack and trailing suffix roles resolve uniquely.
སྡད		ས	ད		a	ད		སད		fully_resolved	high	Unicode stack and trailing suffix roles resolve uniquely.
སྡར		ས	ད		a	ར		སད		fully_resolved	high	Unicode stack and trailing suffix roles resolve uniquely.
སྡིག		ས	ད		i	ག		སད		fully_resolved	high	Unicode stack and trailing suffix roles resolve uniquely.
སྡིགས		ས	ད		i	ག	ས	སད		fully_resolved	high	Unicode stack and trailing suffix roles resolve uniquely.
སྡིང		ས	ད		i	ང		སད		fully_resolved	high	Unicode stack and trailing suffix roles resolve uniquely.
སྡིངས		ས	ད		i	ང	ས	སད		fully_resolved	high	Unicode stack and trailing suffix roles resolve uniquely.
སྡུག		ས	ད		u	ག		སད		fully_resolved	high	Unicode stack and trailing suffix roles resolve uniquely.
སྡུད		ས	ད		u	ད		སད		fully_resolved	high	Unicode stack and trailing suffix roles resolve uniquely.
སྡུམ		ས	ད		u	མ		སད		fully_resolved	high	Unicode stack and trailing suffix roles resolve uniquely.
སྡུམས		ས	ད		u	མ	ས	སད		fully_resolved	high	Unicode stack and trailing suffix roles resolve uniquely.
སྡུར		ས	ད		u	ར		སད		fully_resolved	high	Unicode stack and trailing suffix roles resolve uniquely.
སྡུས		ས	ད		u	ས		སད		fully_resolved	high	Unicode stack and trailing suffix roles resolve uniquely.
སྡེ		ས	ད		e			སད		fully_resolved	high	Unicode stack and trailing suffix roles resolve uniquely.
སྡེག		ས	ད		e	ག		སད		fully_resolved	high	Unicode stack and trailing suffix roles resolve uniquely.
སྡེང		ས	ད		e	ང		སད		fully_resolved	high	Unicode stack and trailing suffix roles resolve uniquely.
སྡེད		ས	ད		e	ད		སད		fully_resolved	high	Unicode stack and trailing suffix roles resolve uniquely.
སྡེན		ས	ད		e	ན		སད		fully_resolved	high	Unicode stack and trailing suffix roles resolve uniquely.
སྡེབ		ས	ད		e	བ		སད		fully_resolved	high	Unicode stack and trailing suffix roles resolve uniquely.
སྡེབས		ས	ད		e	བ	ས	སད		fully_resolved	high	Unicode stack and trailing suffix roles resolve uniquely.
སྡེའི										unsupported_orthographic_sign	none	Multiple Tibetan vowel signs are not modelled.
སྡེའུ										unsupported_orthographic_sign	none	Multiple Tibetan vowel signs are not modelled.
སྡེར		ས	ད		e	ར		སད		fully_resolved	high	Unicode stack and trailing suffix roles resolve uniquely.
སྡེལས		ས	ད		e	ལ	ས	སད		fully_resolved	high	Unicode stack and trailing suffix roles resolve uniquely.
སྡོ		ས	ད		o			སད		fully_resolved	high	Unicode stack and trailing suffix roles resolve uniquely.
སྡོག		ས	ད		o	ག		སད		fully_resolved	high	Unicode stack and trailing suffix roles resolve uniquely.
སྡོགས		ས	ད		o	ག	ས	སད		fully_resolved	high	Unicode stack and trailing suffix roles resolve uniquely.
སྡོང		ས	ད		o	ང		སད		fully_resolved	high	Unicode stack and trailing suffix roles resolve uniquely.
སྡོངས		ས	ད		o	ང	ས	སད		fully_resolved	high	Unicode stack and trailing suffix roles resolve uniquely.
སྡོད		ས	ད		o	ད		སད		fully_resolved	high	Unicode stack and trailing suffix roles resolve uniquely.
སྡོམ		ས	ད		o	མ		སད		fully_resolved	high	Unicode stack and trailing suffix roles resolve uniquely.
སྡོམས		ས	ད		o	མ	ས	སད		fully_resolved	high	Unicode stack and trailing suffix roles resolve uniquely.
སྡོར		ས	ད		o	ར		སད		fully_resolved	high	Unicode stack and trailing suffix roles resolve uniquely.
སྡོས		ས	ད		o	ས		སད		fully_resolved	high	Unicode stack and trailing suffix roles resolve uniquely.
སྡྲལ		ས	ད	ར	a	ལ		སདར		fully_resolved	high	Unicode stack and trailing suffix roles resolve uniquely.
སྣ		ས	ན		a			སན		fully_resolved	high	Unicode stack and trailing suffix roles resolve uniquely.
སྣག		ས	ན		a	ག		སན		fully_resolved	high	Unicode stack and trailing suffix roles resolve uniquely.
སྣང		ས	ན		a	ང		སན		fully_resolved	high	Unicode stack and trailing suffix roles resolve uniquely.
སྣད		ས	ན		a	ད		སན		fully_resolved	high	Unicode stack and trailing suffix roles resolve uniquely.
སྣན		ས	ན		a	ན		སན		fully_resolved	high	Unicode stack and trailing suffix roles resolve uniquely.
སྣབས		ས	ན		a	བ	ས	སན		fully_resolved	high	Unicode stack and trailing suffix roles resolve uniquely.
སྣམ		ས	ན		a	མ		སན		fully_resolved	high	Unicode stack and trailing suffix roles resolve uniquely.
སྣམས		ས	ན		a	མ	ས	སན		fully_resolved	high	Unicode stack and trailing suffix roles resolve uniquely.
སྣའི		ས	ན		i	འ		སན		fully_resolved	high	Unicode stack and trailing suffix roles resolve uniquely.
སྣར		ས	ན		a	ར		སན		fully_resolved	high	Unicode stack and trailing suffix roles resolve uniquely.
སྣརམ		ས	ན		a	མ		སན	ར	partially_resolved	medium	Stack resolved; extra consonants remain ambiguous.
སྣུག		ས	ན		u	ག		སན		fully_resolved	high	Unicode stack and trailing suffix roles resolve uniquely.
སྣུན		ས	ན		u	ན		སན		fully_resolved	high	Unicode stack and trailing suffix roles resolve uniquely.
སྣུབས		ས	ན		u	བ	ས	སན		fully_resolved	high	Unicode stack and trailing suffix roles resolve uniquely.
སྣུམ		ས	ན		u	མ		སན		fully_resolved	high	Unicode stack and trailing suffix roles resolve uniquely.
སྣུར		ས	ན		u	ར		སན		fully_resolved	high	Unicode stack and trailing suffix roles resolve uniquely.
སྣེ		ས	ན		e			སན		fully_resolved	high	Unicode stack and trailing suffix roles resolve uniquely.
སྣེམ		ས	ན		e	མ		སན		fully_resolved	high	Unicode stack and trailing suffix roles resolve uniquely.
སྣེའུ										unsupported_orthographic_sign	none	Multiple Tibetan vowel signs are not modelled.
སྣོག		ས	ན		o	ག		སན		fully_resolved	high	Unicode stack and trailing suffix roles resolve uniquely.
སྣོད		ས	ན		o	ད		སན		fully_resolved	high	Unicode stack and trailing suffix roles resolve uniquely.
སྣོན		ས	ན		o	ན		སན		fully_resolved	high	Unicode stack and trailing suffix roles resolve uniquely.
སྣོམ		ས	ན		o	མ		སན		fully_resolved	high	Unicode stack and trailing suffix roles resolve uniquely.
སྣྲེལ		ས	ན	ར	e	ལ		སནར		fully_resolved	high	Unicode stack and trailing suffix roles resolve uniquely.
སྤ		ས	པ		a			སཔ		fully_resolved	high	Unicode stack and trailing suffix roles resolve uniquely.
སྤག		ས	པ		a	ག		སཔ		fully_resolved	high	Unicode stack and trailing suffix roles resolve uniquely.
སྤགས		ས	པ		a	ག	ས	སཔ		fully_resolved	high	Unicode stack and trailing suffix roles resolve uniquely.
སྤང		ས	པ		a	ང		སཔ		fully_resolved	high	Unicode stack and trailing suffix roles resolve uniquely.
སྤངས		ས	པ		a	ང	ས	སཔ		fully_resolved	high	Unicode stack and trailing suffix roles resolve uniquely.
སྤད		ས	པ		a	ད		སཔ		fully_resolved	high	Unicode stack and trailing suffix roles resolve uniquely.
སྤན		ས	པ		a	ན		སཔ		fully_resolved	high	Unicode stack and trailing suffix roles resolve uniquely.
སྤབ		ས	པ		a	བ		སཔ		fully_resolved	high	Unicode stack and trailing suffix roles resolve uniquely.
སྤབས		ས	པ		a	བ	ས	སཔ		fully_resolved	high	Unicode stack and trailing suffix roles resolve uniquely.
སྤམ		ས	པ		a	མ		སཔ		fully_resolved	high	Unicode stack and trailing suffix roles resolve uniquely.
སྤའ		ས	པ		a	འ		སཔ		fully_resolved	high	Unicode stack and trailing suffix roles resolve uniquely.
སྤར		ས	པ		a	ར		སཔ		fully_resolved	high	Unicode stack and trailing suffix roles resolve uniquely.
སྤལ		ས	པ		a	ལ		སཔ		fully_resolved	high	Unicode stack and trailing suffix roles resolve uniquely.
སྤས		ས	པ		a	ས		སཔ		fully_resolved	high	Unicode stack and trailing suffix roles resolve uniquely.
སྤི		ས	པ		i			སཔ		fully_resolved	high	Unicode stack and trailing suffix roles resolve uniquely.
སྤིན		ས	པ		i	ན		སཔ		fully_resolved	high	Unicode stack and trailing suffix roles resolve uniquely.
སྤིའུ										unsupported_orthographic_sign	none	Multiple Tibetan vowel signs are not modelled.
སྤིར		ས	པ		i	ར		སཔ		fully_resolved	high	Unicode stack and trailing suffix roles resolve uniquely.
སྤུ		ས	པ		u			སཔ		fully_resolved	high	Unicode stack and trailing suffix roles resolve uniquely.
སྤུག		ས	པ		u	ག		སཔ		fully_resolved	high	Unicode stack and trailing suffix roles resolve uniquely.
སྤུགས		ས	པ		u	ག	ས	སཔ		fully_resolved	high	Unicode stack and trailing suffix roles resolve uniquely.
སྤུང		ས	པ		u	ང		སཔ		fully_resolved	high	Unicode stack and trailing suffix roles resolve uniquely.
སྤུངས		ས	པ		u	ང	ས	སཔ		fully_resolved	high	Unicode stack and trailing suffix roles resolve uniquely.
སྤུད		ས	པ		u	ད		སཔ		fully_resolved	high	Unicode stack and trailing suffix roles resolve uniquely.
སྤུན		ས	པ		u	ན		སཔ		fully_resolved	high	Unicode stack and trailing suffix roles resolve uniquely.
སྤུབས		ས	པ		u	བ	ས	སཔ		fully_resolved	high	Unicode stack and trailing suffix roles resolve uniquely.
སྤུའི										unsupported_orthographic_sign	none	Multiple Tibetan vowel signs are not modelled.
སྤུར		ས	པ		u	ར		སཔ		fully_resolved	high	Unicode stack and trailing suffix roles resolve uniquely.
སྤུལ		ས	པ		u	ལ		སཔ		fully_resolved	high	Unicode stack and trailing suffix roles resolve uniquely.
སྤུས		ས	པ		u	ས		སཔ		fully_resolved	high	Unicode stack and trailing suffix roles resolve uniquely.
སྤེ		ས	པ		e			སཔ		fully_resolved	high	Unicode stack and trailing suffix roles resolve uniquely.
སྤེག		ས	པ		e	ག		སཔ		fully_resolved	high	Unicode stack and trailing suffix roles resolve uniquely.
སྤེངས		ས	པ		e	ང	ས	སཔ		fully_resolved	high	Unicode stack and trailing suffix roles resolve uniquely.
སྤེད		ས	པ		e	ད		སཔ		fully_resolved	high	Unicode stack and trailing suffix roles resolve uniquely.
སྤེན		ས	པ		e	ན		སཔ		fully_resolved	high	Unicode stack and trailing suffix roles resolve uniquely.
སྤེབས		ས	པ		e	བ	ས	སཔ		fully_resolved	high	Unicode stack and trailing suffix roles resolve uniquely.
སྤེམས		ས	པ		e	མ	ས	སཔ		fully_resolved	high	Unicode stack and trailing suffix roles resolve uniquely.
སྤེར		ས	པ		e	ར		སཔ		fully_resolved	high	Unicode stack and trailing suffix roles resolve uniquely.
སྤེལ		ས	པ		e	ལ		སཔ		fully_resolved	high	Unicode stack and trailing suffix roles resolve uniquely.
སྤེས		ས	པ		e	ས		སཔ		fully_resolved	high	Unicode stack and trailing suffix roles resolve uniquely.
སྤེུ										unsupported_orthographic_sign	none	Multiple Tibetan vowel signs are not modelled.
སྤོ		ས	པ		o			སཔ		fully_resolved	high	Unicode stack and trailing suffix roles resolve uniquely.
སྤོག		ས	པ		o	ག		སཔ		fully_resolved	high	Unicode stack and trailing suffix roles resolve uniquely.
སྤོགས		ས	པ		o	ག	ས	སཔ		fully_resolved	high	Unicode stack and trailing suffix roles resolve uniquely.
སྤོང		ས	པ		o	ང		སཔ		fully_resolved	high	Unicode stack and trailing suffix roles resolve uniquely.
སྤོངས		ས	པ		o	ང	ས	སཔ		fully_resolved	high	Unicode stack and trailing suffix roles resolve uniquely.
སྤོད		ས	པ		o	ད		སཔ		fully_resolved	high	Unicode stack and trailing suffix roles resolve uniquely.
སྤོན		ས	པ		o	ན		སཔ		fully_resolved	high	Unicode stack and trailing suffix roles resolve uniquely.
སྤོབ		ས	པ		o	བ		སཔ		fully_resolved	high	Unicode stack and trailing suffix roles resolve uniquely.
སྤོབས		ས	པ		o	བ	ས	སཔ		fully_resolved	high	Unicode stack and trailing suffix roles resolve uniquely.
སྤོམ		ས	པ		o	མ		སཔ		fully_resolved	high	Unicode stack and trailing suffix roles resolve uniquely.
སྤོམས		ས	པ		o	མ	ས	སཔ		fully_resolved	high	Unicode stack and trailing suffix roles resolve uniquely.
སྤོར		ས	པ		o	ར		སཔ		fully_resolved	high	Unicode stack and trailing suffix roles resolve uniquely.
སྤོལ		ས	པ		o	ལ		སཔ		fully_resolved	high	Unicode stack and trailing suffix roles resolve uniquely.
སྤོས		ས	པ		o	ས		སཔ		fully_resolved	high	Unicode stack and trailing suffix roles resolve uniquely.
སྤྐངས		ས	པ	ཀ	a	ང	ས	སཔཀ		fully_resolved	high	Unicode stack and trailing suffix roles resolve uniquely.
སྤྦ		ས	པ	བ	a			སཔབ		fully_resolved	high	Unicode stack and trailing suffix roles resolve uniquely.
སྤྨགས		ས	པ	མ	a	ག	ས	སཔམ		fully_resolved	high	Unicode stack and trailing suffix roles resolve uniquely.
སྤྨོན		ས	པ	མ	o	ན		སཔམ		fully_resolved	high	Unicode stack and trailing suffix roles resolve uniquely.
སྤྱ		ས	པ	ཡ	a			སཔཡ		fully_resolved	high	Unicode stack and trailing suffix roles resolve uniquely.
སྤྱང		ས	པ	ཡ	a	ང		སཔཡ		fully_resolved	high	Unicode stack and trailing suffix roles resolve uniquely.
སྤྱངས		ས	པ	ཡ	a	ང	ས	སཔཡ		fully_resolved	high	Unicode stack and trailing suffix roles resolve uniquely.
སྤྱད		ས	པ	ཡ	a	ད		སཔཡ		fully_resolved	high	Unicode stack and trailing suffix roles resolve uniquely.
སྤྱན		ས	པ	ཡ	a	ན		སཔཡ		fully_resolved	high	Unicode stack and trailing suffix roles resolve uniquely.
སྤྱར		ས	པ	ཡ	a	ར		སཔཡ		fully_resolved	high	Unicode stack and trailing suffix roles resolve uniquely.
སྤྱི		ས	པ	ཡ	i			སཔཡ		fully_resolved	high	Unicode stack and trailing suffix roles resolve uniquely.
སྤྱིག		ས	པ	ཡ	i	ག		སཔཡ		fully_resolved	high	Unicode stack and trailing suffix roles resolve uniquely.
སྤྱིགས		ས	པ	ཡ	i	ག	ས	སཔཡ		fully_resolved	high	Unicode stack and trailing suffix roles resolve uniquely.
སྤྱིད		ས	པ	ཡ	i	ད		སཔཡ		fully_resolved	high	Unicode stack and trailing suffix roles resolve uniquely.
སྤྱིན		ས	པ	ཡ	i	ན		སཔཡ		fully_resolved	high	Unicode stack and trailing suffix roles resolve uniquely.
སྤྱིའི										unsupported_orthographic_sign	none	Multiple Tibetan vowel signs are not modelled.
སྤྱིར		ས	པ	ཡ	i	ར		སཔཡ		fully_resolved	high	Unicode stack and trailing suffix roles resolve uniquely.
སྤྱིལ		ས	པ	ཡ	i	ལ		སཔཡ		fully_resolved	high	Unicode stack and trailing suffix roles resolve uniquely.
སྤྱིས		ས	པ	ཡ	i	ས		སཔཡ		fully_resolved	high	Unicode stack and trailing suffix roles resolve uniquely.
སྤྱུ		ས	པ	ཡ	u			སཔཡ		fully_resolved	high	Unicode stack and trailing suffix roles resolve uniquely.
སྤྱུགས		ས	པ	ཡ	u	ག	ས	སཔཡ		fully_resolved	high	Unicode stack and trailing suffix roles resolve uniquely.
སྤྱེན		ས	པ	ཡ	e	ན		སཔཡ		fully_resolved	high	Unicode stack and trailing suffix roles resolve uniquely.
སྤྱོ		ས	པ	ཡ	o			སཔཡ		fully_resolved	high	Unicode stack and trailing suffix roles resolve uniquely.
སྤྱོད		ས	པ	ཡ	o	ད		སཔཡ		fully_resolved	high	Unicode stack and trailing suffix roles resolve uniquely.
སྤྱོན		ས	པ	ཡ	o	ན		སཔཡ		fully_resolved	high	Unicode stack and trailing suffix roles resolve uniquely.
སྤྱོམ		ས	པ	ཡ	o	མ		སཔཡ		fully_resolved	high	Unicode stack and trailing suffix roles resolve uniquely.
སྤྲ		ས	པ	ར	a			སཔར		fully_resolved	high	Unicode stack and trailing suffix roles resolve uniquely.
སྤྲག		ས	པ	ར	a	ག		སཔར		fully_resolved	high	Unicode stack and trailing suffix roles resolve uniquely.
སྤྲགས		ས	པ	ར	a	ག	ས	སཔར		fully_resolved	high	Unicode stack and trailing suffix roles resolve uniquely.
སྤྲང		ས	པ	ར	a	ང		སཔར		fully_resolved	high	Unicode stack and trailing suffix roles resolve uniquely.
སྤྲད		ས	པ	ར	a	ད		སཔར		fully_resolved	high	Unicode stack and trailing suffix roles resolve uniquely.
སྤྲན		ས	པ	ར	a	ན		སཔར		fully_resolved	high	Unicode stack and trailing suffix roles resolve uniquely.
སྤྲབ		ས	པ	ར	a	བ		སཔར		fully_resolved	high	Unicode stack and trailing suffix roles resolve uniquely.
སྤྲབས		ས	པ	ར	a	བ	ས	སཔར		fully_resolved	high	Unicode stack and trailing suffix roles resolve uniquely.
སྤྲའུ		ས	པ	ར	u	འ		སཔར		fully_resolved	high	Unicode stack and trailing suffix roles resolve uniquely.
སྤྲར		ས	པ	ར	a	ར		སཔར		fully_resolved	high	Unicode stack and trailing suffix roles resolve uniquely.
སྤྲལ		ས	པ	ར	a	ལ		སཔར		fully_resolved	high	Unicode stack and trailing suffix roles resolve uniquely.
སྤྲས		ས	པ	ར	a	ས		སཔར		fully_resolved	high	Unicode stack and trailing suffix roles resolve uniquely.
སྤྲི		ས	པ	ར	i			སཔར		fully_resolved	high	Unicode stack and trailing suffix roles resolve uniquely.
སྤྲིང		ས	པ	ར	i	ང		སཔར		fully_resolved	high	Unicode stack and trailing suffix roles resolve uniquely.
སྤྲིངས		ས	པ	ར	i	ང	ས	སཔར		fully_resolved	high	Unicode stack and trailing suffix roles resolve uniquely.
སྤྲིད		ས	པ	ར	i	ད		སཔར		fully_resolved	high	Unicode stack and trailing suffix roles resolve uniquely.
སྤྲིན		ས	པ	ར	i	ན		སཔར		fully_resolved	high	Unicode stack and trailing suffix roles resolve uniquely.
སྤྲིབ		ས	པ	ར	i	བ		སཔར		fully_resolved	high	Unicode stack and trailing suffix roles resolve uniquely.
སྤྲིབས		ས	པ	ར	i	བ	ས	སཔར		fully_resolved	high	Unicode stack and trailing suffix roles resolve uniquely.
སྤྲིའུ										unsupported_orthographic_sign	none	Multiple Tibetan vowel signs are not modelled.
སྤྲིལ		ས	པ	ར	i	ལ		སཔར		fully_resolved	high	Unicode stack and trailing suffix roles resolve uniquely.
སྤྲིས		ས	པ	ར	i	ས		སཔར		fully_resolved	high	Unicode stack and trailing suffix roles resolve uniquely.
སྤྲུ		ས	པ	ར	u			སཔར		fully_resolved	high	Unicode stack and trailing suffix roles resolve uniquely.
སྤྲུག		ས	པ	ར	u	ག		སཔར		fully_resolved	high	Unicode stack and trailing suffix roles resolve uniquely.
སྤྲུགས		ས	པ	ར	u	ག	ས	སཔར		fully_resolved	high	Unicode stack and trailing suffix roles resolve uniquely.
སྤྲུད		ས	པ	ར	u	ད		སཔར		fully_resolved	high	Unicode stack and trailing suffix roles resolve uniquely.
སྤྲུན		ས	པ	ར	u	ན		སཔར		fully_resolved	high	Unicode stack and trailing suffix roles resolve uniquely.
སྤྲུབ		ས	པ	ར	u	བ		སཔར		fully_resolved	high	Unicode stack and trailing suffix roles resolve uniquely.
སྤྲུབས		ས	པ	ར	u	བ	ས	སཔར		fully_resolved	high	Unicode stack and trailing suffix roles resolve uniquely.
སྤྲུམ		ས	པ	ར	u	མ		སཔར		fully_resolved	high	Unicode stack and trailing suffix roles resolve uniquely.
སྤྲུར		ས	པ	ར	u	ར		སཔར		fully_resolved	high	Unicode stack and trailing suffix roles resolve uniquely.
སྤྲུལ		ས	པ	ར	u	ལ		སཔར		fully_resolved	high	Unicode stack and trailing suffix roles resolve uniquely.
སྤྲེ		ས	པ	ར	e			སཔར		fully_resolved	high	Unicode stack and trailing suffix roles resolve uniquely.
སྤྲེང		ས	པ	ར	e	ང		སཔར		fully_resolved	high	Unicode stack and trailing suffix roles resolve uniquely.
སྤྲེད		ས	པ	ར	e	ད		སཔར		fully_resolved	high	Unicode stack and trailing suffix roles resolve uniquely.
སྤྲེའུ										unsupported_orthographic_sign	none	Multiple Tibetan vowel signs are not modelled.
སྤྲེའུའི										unsupported_orthographic_sign	none	Multiple Tibetan vowel signs are not modelled.
སྤྲེལ		ས	པ	ར	e	ལ		སཔར		fully_resolved	high	Unicode stack and trailing suffix roles resolve uniquely.
སྤྲེས		ས	པ	ར	e	ས		སཔར		fully_resolved	high	Unicode stack and trailing suffix roles resolve uniquely.
སྤྲོ		ས	པ	ར	o			སཔར		fully_resolved	high	Unicode stack and trailing suffix roles resolve uniquely.
སྤྲོག		ས	པ	ར	o	ག		སཔར		fully_resolved	high	Unicode stack and trailing suffix roles resolve uniquely.
སྤྲོགས		ས	པ	ར	o	ག	ས	སཔར		fully_resolved	high	Unicode stack and trailing suffix roles resolve uniquely.
སྤྲོང		ས	པ	ར	o	ང		སཔར		fully_resolved	high	Unicode stack and trailing suffix roles resolve uniquely.
སྤྲོད		ས	པ	ར	o	ད		སཔར		fully_resolved	high	Unicode stack and trailing suffix roles resolve uniquely.
སྤྲོན		ས	པ	ར	o	ན		སཔར		fully_resolved	high	Unicode stack and trailing suffix roles resolve uniquely.
སྤྲོམ		ས	པ	ར	o	མ		སཔར		fully_resolved	high	Unicode stack and trailing suffix roles resolve uniquely.
སྤྲོར		ས	པ	ར	o	ར		སཔར		fully_resolved	high	Unicode stack and trailing suffix roles resolve uniquely.
སྤྲོས		ས	པ	ར	o	ས		སཔར		fully_resolved	high	Unicode stack and trailing suffix roles resolve uniquely.
སྤླངས		ས	པ	ལ	a	ང	ས	སཔལ		fully_resolved	high	Unicode stack and trailing suffix roles resolve uniquely.
སྦ		ས	བ		a			སབ		fully_resolved	high	Unicode stack and trailing suffix roles resolve uniquely.
སྦག		ས	བ		a	ག		སབ		fully_resolved	high	Unicode stack and trailing suffix roles resolve uniquely.
སྦར		ས	བ		a	ར		སབ		fully_resolved	high	Unicode stack and trailing suffix roles resolve uniquely.
སྦལ		ས	བ		a	ལ		སབ		fully_resolved	high	Unicode stack and trailing suffix roles resolve uniquely.
སྦས		ས	བ		a	ས		སབ		fully_resolved	high	Unicode stack and trailing suffix roles resolve uniquely.
སྦིས		ས	བ		i	ས		སབ		fully_resolved	high	Unicode stack and trailing suffix roles resolve uniquely.
སྦུ		ས	བ		u			སབ		fully_resolved	high	Unicode stack and trailing suffix roles resolve uniquely.
སྦུབས		ས	བ		u	བ	ས	སབ		fully_resolved	high	Unicode stack and trailing suffix roles resolve uniquely.
སྦུར		ས	བ		u	ར		སབ		fully_resolved	high	Unicode stack and trailing suffix roles resolve uniquely.
སྦོ		ས	བ		o			སབ		fully_resolved	high	Unicode stack and trailing suffix roles resolve uniquely.
སྦོངས		ས	བ		o	ང	ས	སབ		fully_resolved	high	Unicode stack and trailing suffix roles resolve uniquely.
སྦོམ		ས	བ		o	མ		སབ		fully_resolved	high	Unicode stack and trailing suffix roles resolve uniquely.
སྦོས		ས	བ		o	ས		སབ		fully_resolved	high	Unicode stack and trailing suffix roles resolve uniquely.
སྦྱ		ས	བ	ཡ	a			སབཡ		fully_resolved	high	Unicode stack and trailing suffix roles resolve uniquely.
སྦྱག		ས	བ	ཡ	a	ག		སབཡ		fully_resolved	high	Unicode stack and trailing suffix roles resolve uniquely.
སྦྱང		ས	བ	ཡ	a	ང		སབཡ		fully_resolved	high	Unicode stack and trailing suffix roles resolve uniquely.
སྦྱངས		ས	བ	ཡ	a	ང	ས	སབཡ		fully_resolved	high	Unicode stack and trailing suffix roles resolve uniquely.
སྦྱད		ས	བ	ཡ	a	ད		སབཡ		fully_resolved	high	Unicode stack and trailing suffix roles resolve uniquely.
སྦྱན		ས	བ	ཡ	a	ན		སབཡ		fully_resolved	high	Unicode stack and trailing suffix roles resolve uniquely.
སྦྱར		ས	བ	ཡ	a	ར		སབཡ		fully_resolved	high	Unicode stack and trailing suffix roles resolve uniquely.
སྦྱི		ས	བ	ཡ	i			སབཡ		fully_resolved	high	Unicode stack and trailing suffix roles resolve uniquely.
སྦྱིན		ས	བ	ཡ	i	ན		སབཡ		fully_resolved	high	Unicode stack and trailing suffix roles resolve uniquely.
སྦྱིལ		ས	བ	ཡ	i	ལ		སབཡ		fully_resolved	high	Unicode stack and trailing suffix roles resolve uniquely.
སྦྱེན		ས	བ	ཡ	e	ན		སབཡ		fully_resolved	high	Unicode stack and trailing suffix roles resolve uniquely.
སྦྱོང		ས	བ	ཡ	o	ང		སབཡ		fully_resolved	high	Unicode stack and trailing suffix roles resolve uniquely.
སྦྱོངས		ས	བ	ཡ	o	ང	ས	སབཡ		fully_resolved	high	Unicode stack and trailing suffix roles resolve uniquely.
སྦྱོད		ས	བ	ཡ	o	ད		སབཡ		fully_resolved	high	Unicode stack and trailing suffix roles resolve uniquely.
སྦྱོར		ས	བ	ཡ	o	ར		སབཡ		fully_resolved	high	Unicode stack and trailing suffix roles resolve uniquely.
སྦྲ		ས	བ	ར	a			སབར		fully_resolved	high	Unicode stack and trailing suffix roles resolve uniquely.
སྦྲག		ས	བ	ར	a	ག		སབར		fully_resolved	high	Unicode stack and trailing suffix roles resolve uniquely.
སྦྲགས		ས	བ	ར	a	ག	ས	སབར		fully_resolved	high	Unicode stack and trailing suffix roles resolve uniquely.
སྦྲང		ས	བ	ར	a	ང		སབར		fully_resolved	high	Unicode stack and trailing suffix roles resolve uniquely.
སྦྲངས		ས	བ	ར	a	ང	ས	སབར		fully_resolved	high	Unicode stack and trailing suffix roles resolve uniquely.
སྦྲན		ས	བ	ར	a	ན		སབར		fully_resolved	high	Unicode stack and trailing suffix roles resolve uniquely.
སྦྲབ		ས	བ	ར	a	བ		སབར		fully_resolved	high	Unicode stack and trailing suffix roles resolve uniquely.
སྦྲབས		ས	བ	ར	a	བ	ས	སབར		fully_resolved	high	Unicode stack and trailing suffix roles resolve uniquely.
སྦྲམ		ས	བ	ར	a	མ		སབར		fully_resolved	high	Unicode stack and trailing suffix roles resolve uniquely.
སྦྲར		ས	བ	ར	a	ར		སབར		fully_resolved	high	Unicode stack and trailing suffix roles resolve uniquely.
སྦྲལ		ས	བ	ར	a	ལ		སབར		fully_resolved	high	Unicode stack and trailing suffix roles resolve uniquely.
སྦྲས		ས	བ	ར	a	ས		སབར		fully_resolved	high	Unicode stack and trailing suffix roles resolve uniquely.
སྦྲིད		ས	བ	ར	i	ད		སབར		fully_resolved	high	Unicode stack and trailing suffix roles resolve uniquely.
སྦྲུག		ས	བ	ར	u	ག		སབར		fully_resolved	high	Unicode stack and trailing suffix roles resolve uniquely.
སྦྲུབ		ས	བ	ར	u	བ		སབར		fully_resolved	high	Unicode stack and trailing suffix roles resolve uniquely.
སྦྲུབས		ས	བ	ར	u	བ	ས	སབར		fully_resolved	high	Unicode stack and trailing suffix roles resolve uniquely.
སྦྲུམ		ས	བ	ར	u	མ		སབར		fully_resolved	high	Unicode stack and trailing suffix roles resolve uniquely.
སྦྲུལ		ས	བ	ར	u	ལ		སབར		fully_resolved	high	Unicode stack and trailing suffix roles resolve uniquely.
སྦྲེངས		ས	བ	ར	e	ང	ས	སབར		fully_resolved	high	Unicode stack and trailing suffix roles resolve uniquely.
སྦྲེད		ས	བ	ར	e	ད		སབར		fully_resolved	high	Unicode stack and trailing suffix roles resolve uniquely.
སྦྲེབས		ས	བ	ར	e	བ	ས	སབར		fully_resolved	high	Unicode stack and trailing suffix roles resolve uniquely.
སྦྲེམས		ས	བ	ར	e	མ	ས	སབར		fully_resolved	high	Unicode stack and trailing suffix roles resolve uniquely.
སྦྲེལ		ས	བ	ར	e	ལ		སབར		fully_resolved	high	Unicode stack and trailing suffix roles resolve uniquely.
སྦྲོང		ས	བ	ར	o	ང		སབར		fully_resolved	high	Unicode stack and trailing suffix roles resolve uniquely.
སྨ		ས	མ		a			སམ		fully_resolved	high	Unicode stack and trailing suffix roles resolve uniquely.
སྨག		ས	མ		a	ག		སམ		fully_resolved	high	Unicode stack and trailing suffix roles resolve uniquely.
སྨགས		ས	མ		a	ག	ས	སམ		fully_resolved	high	Unicode stack and trailing suffix roles resolve uniquely.
སྨང		ས	མ		a	ང		སམ		fully_resolved	high	Unicode stack and trailing suffix roles resolve uniquely.
སྨད		ས	མ		a	ད		སམ		fully_resolved	high	Unicode stack and trailing suffix roles resolve uniquely.
སྨན		ས	མ		a	ན		སམ		fully_resolved	high	Unicode stack and trailing suffix roles resolve uniquely.
སྨར		ས	མ		a	ར		སམ		fully_resolved	high	Unicode stack and trailing suffix roles resolve uniquely.
སྨརད		ས	མ		a	ར	ད	སམ		fully_resolved	high	Unicode stack and trailing suffix roles resolve uniquely.
སྨི		ས	མ		i			སམ		fully_resolved	high	Unicode stack and trailing suffix roles resolve uniquely.
སྨིག		ས	མ		i	ག		སམ		fully_resolved	high	Unicode stack and trailing suffix roles resolve uniquely.
སྨིགས		ས	མ		i	ག	ས	སམ		fully_resolved	high	Unicode stack and trailing suffix roles resolve uniquely.
སྨིན		ས	མ		i	ན		སམ		fully_resolved	high	Unicode stack and trailing suffix roles resolve uniquely.
སྨུ		ས	མ		u			སམ		fully_resolved	high	Unicode stack and trailing suffix roles resolve uniquely.
སྨུག		ས	མ		u	ག		སམ		fully_resolved	high	Unicode stack and trailing suffix roles resolve uniquely.
སྨུགས		ས	མ		u	ག	ས	སམ		fully_resolved	high	Unicode stack and trailing suffix roles resolve uniquely.
སྨེ		ས	མ		e			སམ		fully_resolved	high	Unicode stack and trailing suffix roles resolve uniquely.
སྨེག		ས	མ		e	ག		སམ		fully_resolved	high	Unicode stack and trailing suffix roles resolve uniquely.
སྨེང		ས	མ		e	ང		སམ		fully_resolved	high	Unicode stack and trailing suffix roles resolve uniquely.
སྨེད		ས	མ		e	ད		སམ		fully_resolved	high	Unicode stack and trailing suffix roles resolve uniquely.
སྨེན		ས	མ		e	ན		སམ		fully_resolved	high	Unicode stack and trailing suffix roles resolve uniquely.
སྨོད		ས	མ		o	ད		སམ		fully_resolved	high	Unicode stack and trailing suffix roles resolve uniquely.
སྨོན		ས	མ		o	ན		སམ		fully_resolved	high	Unicode stack and trailing suffix roles resolve uniquely.
སྨོནད		ས	མ		o	ན	ད	སམ		fully_resolved	high	Unicode stack and trailing suffix roles resolve uniquely.
སྨོབས		ས	མ		o	བ	ས	སམ		fully_resolved	high	Unicode stack and trailing suffix roles resolve uniquely.
སྨོམ		ས	མ		o	མ		སམ		fully_resolved	high	Unicode stack and trailing suffix roles resolve uniquely.
སྨོས		ས	མ		o	ས		སམ		fully_resolved	high	Unicode stack and trailing suffix roles resolve uniquely.
སྨྱ		ས	མ	ཡ	a			སམཡ		fully_resolved	high	Unicode stack and trailing suffix roles resolve uniquely.
སྨྱག		ས	མ	ཡ	a	ག		སམཡ		fully_resolved	high	Unicode stack and trailing suffix roles resolve uniquely.
སྨྱགས		ས	མ	ཡ	a	ག	ས	སམཡ		fully_resolved	high	Unicode stack and trailing suffix roles resolve uniquely.
སྨྱང		ས	མ	ཡ	a	ང		སམཡ		fully_resolved	high	Unicode stack and trailing suffix roles resolve uniquely.
སྨྱན		ས	མ	ཡ	a	ན		སམཡ		fully_resolved	high	Unicode stack and trailing suffix roles resolve uniquely.
སྨྱིག		ས	མ	ཡ	i	ག		སམཡ		fully_resolved	high	Unicode stack and trailing suffix roles resolve uniquely.
སྨྱུག		ས	མ	ཡ	u	ག		སམཡ		fully_resolved	high	Unicode stack and trailing suffix roles resolve uniquely.
སྨྱུང		ས	མ	ཡ	u	ང		སམཡ		fully_resolved	high	Unicode stack and trailing suffix roles resolve uniquely.
སྨྱུན		ས	མ	ཡ	u	ན		སམཡ		fully_resolved	high	Unicode stack and trailing suffix roles resolve uniquely.
སྨྱོས		ས	མ	ཡ	o	ས		སམཡ		fully_resolved	high	Unicode stack and trailing suffix roles resolve uniquely.
སྨྲ		ས	མ	ར	a			སམར		fully_resolved	high	Unicode stack and trailing suffix roles resolve uniquely.
སྨྲག		ས	མ	ར	a	ག		སམར		fully_resolved	high	Unicode stack and trailing suffix roles resolve uniquely.
སྨྲང		ས	མ	ར	a	ང		སམར		fully_resolved	high	Unicode stack and trailing suffix roles resolve uniquely.
སྨྲལ		ས	མ	ར	a	ལ		སམར		fully_resolved	high	Unicode stack and trailing suffix roles resolve uniquely.
སྨྲས		ས	མ	ར	a	ས		སམར		fully_resolved	high	Unicode stack and trailing suffix roles resolve uniquely.
སྨྲིག		ས	མ	ར	i	ག		སམར		fully_resolved	high	Unicode stack and trailing suffix roles resolve uniquely.
སྩན		ས	ཙ		a	ན		སཙ		fully_resolved	high	Unicode stack and trailing suffix roles resolve uniquely.
སྩམ		ས	ཙ		a	མ		སཙ		fully_resolved	high	Unicode stack and trailing suffix roles resolve uniquely.
སྩལ		ས	ཙ		a	ལ		སཙ		fully_resolved	high	Unicode stack and trailing suffix roles resolve uniquely.
སྩས		ས	ཙ		a	ས		སཙ		fully_resolved	high	Unicode stack and trailing suffix roles resolve uniquely.
སྩེད		ས	ཙ		e	ད		སཙ		fully_resolved	high	Unicode stack and trailing suffix roles resolve uniquely.
སྩེམས		ས	ཙ		e	མ	ས	སཙ		fully_resolved	high	Unicode stack and trailing suffix roles resolve uniquely.
སྩེལ		ས	ཙ		e	ལ		སཙ		fully_resolved	high	Unicode stack and trailing suffix roles resolve uniquely.
སྩོགས		ས	ཙ		o	ག	ས	སཙ		fully_resolved	high	Unicode stack and trailing suffix roles resolve uniquely.
སྩོམས		ས	ཙ		o	མ	ས	སཙ		fully_resolved	high	Unicode stack and trailing suffix roles resolve uniquely.
སྩོལ		ས	ཙ		o	ལ		སཙ		fully_resolved	high	Unicode stack and trailing suffix roles resolve uniquely.
སྩྱངས		ས	ཙ	ཡ	a	ང	ས	སཙཡ		fully_resolved	high	Unicode stack and trailing suffix roles resolve uniquely.
སྩྱིན		ས	ཙ	ཡ	i	ན		སཙཡ		fully_resolved	high	Unicode stack and trailing suffix roles resolve uniquely.
སྫགས		ས	ཛ		a	ག	ས	སཛ		fully_resolved	high	Unicode stack and trailing suffix roles resolve uniquely.
སྫངས		ས	ཛ		a	ང	ས	སཛ		fully_resolved	high	Unicode stack and trailing suffix roles resolve uniquely.
སྫོ		ས	ཛ		o			སཛ		fully_resolved	high	Unicode stack and trailing suffix roles resolve uniquely.
སྫོས		ས	ཛ		o	ས		སཛ		fully_resolved	high	Unicode stack and trailing suffix roles resolve uniquely.
སྭ			ས	ཝ	a			སཝ		fully_resolved	high	Unicode stack and trailing suffix roles resolve uniquely.
སྭལེ			ས	ཝ	e	ལ		སཝ		fully_resolved	high	Unicode stack and trailing suffix roles resolve uniquely.
སྭི			ས	ཝ	i			སཝ		fully_resolved	high	Unicode stack and trailing suffix roles resolve uniquely.
སྭུ			ས	ཝ	u			སཝ		fully_resolved	high	Unicode stack and trailing suffix roles resolve uniquely.
སྭེ			ས	ཝ	e			སཝ		fully_resolved	high	Unicode stack and trailing suffix roles resolve uniquely.
སྭེའུ										unsupported_orthographic_sign	none	Multiple Tibetan vowel signs are not modelled.
སྭོ			ས	ཝ	o			སཝ		fully_resolved	high	Unicode stack and trailing suffix roles resolve uniquely.
སྱང			ས	ཡ	a	ང		སཡ		fully_resolved	high	Unicode stack and trailing suffix roles resolve uniquely.
སྱི			ས	ཡ	i			སཡ		fully_resolved	high	Unicode stack and trailing suffix roles resolve uniquely.
སྱེ			ས	ཡ	e			སཡ		fully_resolved	high	Unicode stack and trailing suffix roles resolve uniquely.
སྱོད			ས	ཡ	o	ད		སཡ		fully_resolved	high	Unicode stack and trailing suffix roles resolve uniquely.
སྱོར			ས	ཡ	o	ར		སཡ		fully_resolved	high	Unicode stack and trailing suffix roles resolve uniquely.
སྱྱིག			ས	ཡཡ	i	ག		སཡཡ		fully_resolved	high	Unicode stack and trailing suffix roles resolve uniquely.
སྱྱོད			ས	ཡཡ	o	ད		སཡཡ		fully_resolved	high	Unicode stack and trailing suffix roles resolve uniquely.
སྲ			ས	ར	a			སར		fully_resolved	high	Unicode stack and trailing suffix roles resolve uniquely.
སྲང			ས	ར	a	ང		སར		fully_resolved	high	Unicode stack and trailing suffix roles resolve uniquely.
སྲངས			ས	ར	a	ང	ས	སར		fully_resolved	high	Unicode stack and trailing suffix roles resolve uniquely.
སྲད			ས	ར	a	ད		སར		fully_resolved	high	Unicode stack and trailing suffix roles resolve uniquely.
སྲན			ས	ར	a	ན		སར		fully_resolved	high	Unicode stack and trailing suffix roles resolve uniquely.
སྲབ			ས	ར	a	བ		སར		fully_resolved	high	Unicode stack and trailing suffix roles resolve uniquely.
སྲབས			ས	ར	a	བ	ས	སར		fully_resolved	high	Unicode stack and trailing suffix roles resolve uniquely.
སྲའི			ས	ར	i	འ		སར		fully_resolved	high	Unicode stack and trailing suffix roles resolve uniquely.
སྲར			ས	ར	a	ར		སར		fully_resolved	high	Unicode stack and trailing suffix roles resolve uniquely.
སྲལ			ས	ར	a	ལ		སར		fully_resolved	high	Unicode stack and trailing suffix roles resolve uniquely.
སྲས			ས	ར	a	ས		སར		fully_resolved	high	Unicode stack and trailing suffix roles resolve uniquely.
སྲཱ					a					unsupported_orthographic_sign	none	Unsupported transcription-bearing Tibetan signs: U+0F71
སྲི			ས	ར	i			སར		fully_resolved	high	Unicode stack and trailing suffix roles resolve uniquely.
སྲིཀ			ས	ར	i			སར	ཀ	partially_resolved	medium	Stack resolved; extra consonants remain ambiguous.
སྲིག			ས	ར	i	ག		སར		fully_resolved	high	Unicode stack and trailing suffix roles resolve uniquely.
སྲིང			ས	ར	i	ང		སར		fully_resolved	high	Unicode stack and trailing suffix roles resolve uniquely.
སྲིད			ས	ར	i	ད		སར		fully_resolved	high	Unicode stack and trailing suffix roles resolve uniquely.
སྲིན			ས	ར	i	ན		སར		fully_resolved	high	Unicode stack and trailing suffix roles resolve uniquely.
སྲིབས			ས	ར	i	བ	ས	སར		fully_resolved	high	Unicode stack and trailing suffix roles resolve uniquely.
སྲིམ			ས	ར	i	མ		སར		fully_resolved	high	Unicode stack and trailing suffix roles resolve uniquely.
སྲིལ			ས	ར	i	ལ		སར		fully_resolved	high	Unicode stack and trailing suffix roles resolve uniquely.
སྲུ			ས	ར	u			སར		fully_resolved	high	Unicode stack and trailing suffix roles resolve uniquely.
སྲུག			ས	ར	u	ག		སར		fully_resolved	high	Unicode stack and trailing suffix roles resolve uniquely.
སྲུང			ས	ར	u	ང		སར		fully_resolved	high	Unicode stack and trailing suffix roles resolve uniquely.
སྲུངས			ས	ར	u	ང	ས	སར		fully_resolved	high	Unicode stack and trailing suffix roles resolve uniquely.
སྲུན			ས	ར	u	ན		སར		fully_resolved	high	Unicode stack and trailing suffix roles resolve uniquely.
སྲུབ			ས	ར	u	བ		སར		fully_resolved	high	Unicode stack and trailing suffix roles resolve uniquely.
སྲུབས			ས	ར	u	བ	ས	སར		fully_resolved	high	Unicode stack and trailing suffix roles resolve uniquely.
སྲུས			ས	ར	u	ས		སར		fully_resolved	high	Unicode stack and trailing suffix roles resolve uniquely.
སྲེ			ས	ར	e			སར		fully_resolved	high	Unicode stack and trailing suffix roles resolve uniquely.
སྲེག			ས	ར	e	ག		སར		fully_resolved	high	Unicode stack and trailing suffix roles resolve uniquely.
སྲེང			ས	ར	e	ང		སར		fully_resolved	high	Unicode stack and trailing suffix roles resolve uniquely.
སྲེདྲ			ས	རར	e	ད		སརར		fully_resolved	high	Unicode stack and trailing suffix roles resolve uniquely.
སྲེར			ས	ར	e	ར		སར		fully_resolved	high	Unicode stack and trailing suffix roles resolve uniquely.
སྲེལ			ས	ར	e	ལ		སར		fully_resolved	high	Unicode stack and trailing suffix roles resolve uniquely.
སྲེས			ས	ར	e	ས		སར		fully_resolved	high	Unicode stack and trailing suffix roles resolve uniquely.
སྲོ			ས	ར	o			སར		fully_resolved	high	Unicode stack and trailing suffix roles resolve uniquely.
སྲོག			ས	ར	o	ག		སར		fully_resolved	high	Unicode stack and trailing suffix roles resolve uniquely.
སྲོང			ས	ར	o	ང		སར		fully_resolved	high	Unicode stack and trailing suffix roles resolve uniquely.
སྲོན			ས	ར	o	ན		སར		fully_resolved	high	Unicode stack and trailing suffix roles resolve uniquely.
སྲོར			ས	ར	o	ར		སར		fully_resolved	high	Unicode stack and trailing suffix roles resolve uniquely.
སྲོལ			ས	ར	o	ལ		སར		fully_resolved	high	Unicode stack and trailing suffix roles resolve uniquely.
སྲོས			ས	ར	o	ས		སར		fully_resolved	high	Unicode stack and trailing suffix roles resolve uniquely.
སྲྭ			ས	རཝ	a			སརཝ		fully_resolved	high	Unicode stack and trailing suffix roles resolve uniquely.
སླ			ས	ལ	a			སལ		fully_resolved	high	Unicode stack and trailing suffix roles resolve uniquely.
སླང			ས	ལ	a	ང		སལ		fully_resolved	high	Unicode stack and trailing suffix roles resolve uniquely.
སླངས			ས	ལ	a	ང	ས	སལ		fully_resolved	high	Unicode stack and trailing suffix roles resolve uniquely.
སླད			ས	ལ	a	ད		སལ		fully_resolved	high	Unicode stack and trailing suffix roles resolve uniquely.
སླན			ས	ལ	a	ན		སལ		fully_resolved	high	Unicode stack and trailing suffix roles resolve uniquely.
སླབ			ས	ལ	a	བ		སལ		fully_resolved	high	Unicode stack and trailing suffix roles resolve uniquely.
སླར			ས	ལ	a	ར		སལ		fully_resolved	high	Unicode stack and trailing suffix roles resolve uniquely.
སླིག			ས	ལ	i	ག		སལ		fully_resolved	high	Unicode stack and trailing suffix roles resolve uniquely.
སླིང			ས	ལ	i	ང		སལ		fully_resolved	high	Unicode stack and trailing suffix roles resolve uniquely.
སླིབ			ས	ལ	i	བ		སལ		fully_resolved	high	Unicode stack and trailing suffix roles resolve uniquely.
སླུ			ས	ལ	u			སལ		fully_resolved	high	Unicode stack and trailing suffix roles resolve uniquely.
སླེ			ས	ལ	e			སལ		fully_resolved	high	Unicode stack and trailing suffix roles resolve uniquely.
སླེག			ས	ལ	e	ག		སལ		fully_resolved	high	Unicode stack and trailing suffix roles resolve uniquely.
སླེབ			ས	ལ	e	བ		སལ		fully_resolved	high	Unicode stack and trailing suffix roles resolve uniquely.
སླེབས			ས	ལ	e	བ	ས	སལ		fully_resolved	high	Unicode stack and trailing suffix roles resolve uniquely.
སླེམས			ས	ལ	e	མ	ས	སལ		fully_resolved	high	Unicode stack and trailing suffix roles resolve uniquely.
སླེས			ས	ལ	e	ས		སལ		fully_resolved	high	Unicode stack and trailing suffix roles resolve uniquely.
སློ			ས	ལ	o			སལ		fully_resolved	high	Unicode stack and trailing suffix roles resolve uniquely.
སློག			ས	ལ	o	ག		སལ		fully_resolved	high	Unicode stack and trailing suffix roles resolve uniquely.
སློང			ས	ལ	o	ང		སལ		fully_resolved	high	Unicode stack and trailing suffix roles resolve uniquely.
སློངས			ས	ལ	o	ང	ས	སལ		fully_resolved	high	Unicode stack and trailing suffix roles resolve uniquely.
སློད			ས	ལ	o	ད		སལ		fully_resolved	high	Unicode stack and trailing suffix roles resolve uniquely.
སློབ			ས	ལ	o	བ		སལ		fully_resolved	high	Unicode stack and trailing suffix roles resolve uniquely.
སློལ			ས	ལ	o	ལ		སལ		fully_resolved	high	Unicode stack and trailing suffix roles resolve uniquely.
སློས			ས	ལ	o	ས		སལ		fully_resolved	high	Unicode stack and trailing suffix roles resolve uniquely.
སླྲ			ས	ལར	a			སལར		fully_resolved	high	Unicode stack and trailing suffix roles resolve uniquely.
སྷ		ས	ཧ		a			སཧ		fully_resolved	high	Unicode stack and trailing suffix roles resolve uniquely.
ཧ			ཧ		a			ཧ		fully_resolved	high	One prefix/root/suffix parse is structurally possible.
ཧགས			ཧ		a	ག	ས	ཧ		fully_resolved	high	One prefix/root/suffix parse is structurally possible.
ཧང			ཧ		a	ང		ཧ		fully_resolved	high	One prefix/root/suffix parse is structurally possible.
ཧད			ཧ		a	ད		ཧ		fully_resolved	high	One prefix/root/suffix parse is structurally possible.
ཧན			ཧ		a	ན		ཧ		fully_resolved	high	One prefix/root/suffix parse is structurally possible.
ཧབ			ཧ		a	བ		ཧ		fully_resolved	high	One prefix/root/suffix parse is structurally possible.
ཧམ			ཧ		a	མ		ཧ		fully_resolved	high	One prefix/root/suffix parse is structurally possible.
ཧར			ཧ		a	ར		ཧ		fully_resolved	high	One prefix/root/suffix parse is structurally possible.
ཧལ			ཧ		a	ལ		ཧ		fully_resolved	high	One prefix/root/suffix parse is structurally possible.
ཧཱ					a					unsupported_orthographic_sign	none	Unsupported transcription-bearing Tibetan signs: U+0F71
ཧཱནྟ					a					unsupported_orthographic_sign	none	Unsupported transcription-bearing Tibetan signs: U+0F71
ཧཱཾ					a					unsupported_orthographic_sign	none	Unsupported transcription-bearing Tibetan signs: U+0F71,U+0F7E
ཧཱཿ					a					unsupported_orthographic_sign	none	Unsupported transcription-bearing Tibetan signs: U+0F71,U+0F7F
ཧི			ཧ		i			ཧ		fully_resolved	high	One prefix/root/suffix parse is structurally possible.
ཧིཿ					i					unsupported_orthographic_sign	none	Unsupported transcription-bearing Tibetan signs: U+0F7F
ཧུ			ཧ		u			ཧ		fully_resolved	high	One prefix/root/suffix parse is structurally possible.
ཧུང			ཧ		u	ང		ཧ		fully_resolved	high	One prefix/root/suffix parse is structurally possible.
ཧུད			ཧ		u	ད		ཧ		fully_resolved	high	One prefix/root/suffix parse is structurally possible.
ཧུམ			ཧ		u	མ		ཧ		fully_resolved	high	One prefix/root/suffix parse is structurally possible.
ཧུའི										unsupported_orthographic_sign	none	Multiple Tibetan vowel signs are not modelled.
ཧུར			ཧ		u	ར		ཧ		fully_resolved	high	One prefix/root/suffix parse is structurally possible.
ཧེ			ཧ		e			ཧ		fully_resolved	high	One prefix/root/suffix parse is structurally possible.
ཧེང			ཧ		e	ང		ཧ		fully_resolved	high	One prefix/root/suffix parse is structurally possible.
ཧོ			ཧ		o			ཧ		fully_resolved	high	One prefix/root/suffix parse is structurally possible.
ཧོན			ཧ		o	ན		ཧ		fully_resolved	high	One prefix/root/suffix parse is structurally possible.
ཧོར			ཧ		o	ར		ཧ		fully_resolved	high	One prefix/root/suffix parse is structurally possible.
ཧྭ			ཧ	ཝ	a			ཧཝ		fully_resolved	high	Unicode stack and trailing suffix roles resolve uniquely.
ཧྱ			ཧ	ཡ	a			ཧཡ		fully_resolved	high	Unicode stack and trailing suffix roles resolve uniquely.
ཧྱང			ཧ	ཡ	a	ང		ཧཡ		fully_resolved	high	Unicode stack and trailing suffix roles resolve uniquely.
ཧྱལ			ཧ	ཡ	a	ལ		ཧཡ		fully_resolved	high	Unicode stack and trailing suffix roles resolve uniquely.
ཧྱེངས			ཧ	ཡ	e	ང	ས	ཧཡ		fully_resolved	high	Unicode stack and trailing suffix roles resolve uniquely.
ཧྲངས			ཧ	ར	a	ང	ས	ཧར		fully_resolved	high	Unicode stack and trailing suffix roles resolve uniquely.
ཧྲལ			ཧ	ར	a	ལ		ཧར		fully_resolved	high	Unicode stack and trailing suffix roles resolve uniquely.
ཧྲི			ཧ	ར	i			ཧར		fully_resolved	high	Unicode stack and trailing suffix roles resolve uniquely.
ཧྲིལ			ཧ	ར	i	ལ		ཧར		fully_resolved	high	Unicode stack and trailing suffix roles resolve uniquely.
ཧྲེ			ཧ	ར	e			ཧར		fully_resolved	high	Unicode stack and trailing suffix roles resolve uniquely.
ཧྲེང			ཧ	ར	e	ང		ཧར		fully_resolved	high	Unicode stack and trailing suffix roles resolve uniquely.
ཨ			ཨ		a			ཨ		fully_resolved	high	One prefix/root/suffix parse is structurally possible.
ཨག			ཨ		a	ག		ཨ		fully_resolved	high	One prefix/root/suffix parse is structurally possible.
ཨངས			ཨ		a	ང	ས	ཨ		fully_resolved	high	One prefix/root/suffix parse is structurally possible.
ཨཉན					a					unusual_stack	none	Consonant sequence does not match conservative role patterns.
ཨཉམ					a					unusual_stack	none	Consonant sequence does not match conservative role patterns.
ཨཐའ					a					unusual_stack	none	Consonant sequence does not match conservative role patterns.
ཨཐུར					u					unusual_stack	none	Consonant sequence does not match conservative role patterns.
ཨད			ཨ		a	ད		ཨ		fully_resolved	high	One prefix/root/suffix parse is structurally possible.
ཨར			ཨ		a	ར		ཨ		fully_resolved	high	One prefix/root/suffix parse is structurally possible.
ཨས			ཨ		a	ས		ཨ		fully_resolved	high	One prefix/root/suffix parse is structurally possible.
ཨཱ					a					unsupported_orthographic_sign	none	Unsupported transcription-bearing Tibetan signs: U+0F71
ཨི			ཨ		i			ཨ		fully_resolved	high	One prefix/root/suffix parse is structurally possible.
ཨུ			ཨ		u			ཨ		fully_resolved	high	One prefix/root/suffix parse is structurally possible.
ཨུན			ཨ		u	ན		ཨ		fully_resolved	high	One prefix/root/suffix parse is structurally possible.
ཨེ			ཨ		e			ཨ		fully_resolved	high	One prefix/root/suffix parse is structurally possible.
ཨེད			ཨ		e	ད		ཨ		fully_resolved	high	One prefix/root/suffix parse is structurally possible.
ཨེན			ཨ		e	ན		ཨ		fully_resolved	high	One prefix/root/suffix parse is structurally possible.
ཨེར			ཨ		e	ར		ཨ		fully_resolved	high	One prefix/root/suffix parse is structurally possible.
ཨོག			ཨ		o	ག		ཨ		fully_resolved	high	One prefix/root/suffix parse is structurally possible.
ཨོང			ཨ		o	ང		ཨ		fully_resolved	high	One prefix/root/suffix parse is structurally possible.
ཨོར			ཨ		o	ར		ཨ		fully_resolved	high	One prefix/root/suffix parse is structurally possible.
ཨོཾ					o					unsupported_orthographic_sign	none	Unsupported transcription-bearing Tibetan signs: U+0F7E
ཨཾ					a					unsupported_orthographic_sign	none	Unsupported transcription-bearing Tibetan signs: U+0F7E
ཨྱལ			ཨ	ཡ	a	ལ		ཨཡ		fully_resolved	high	Unicode stack and trailing suffix roles resolve uniquely.
ི					i					unparsed	none	No base consonant.
ིཏོག										unsupported_orthographic_sign	none	Multiple Tibetan vowel signs are not modelled.
ིལ			ལ		i			ལ		fully_resolved	high	One prefix/root/suffix parse is structurally possible.
ུ					u					unparsed	none	No base consonant.
ུཀུད										unsupported_orthographic_sign	none	Multiple Tibetan vowel signs are not modelled.
ུང			ང		u			ང		fully_resolved	high	One prefix/root/suffix parse is structurally possible.
ུལ			ལ		u			ལ		fully_resolved	high	One prefix/root/suffix parse is structurally possible.
ུལེ										unsupported_orthographic_sign	none	Multiple Tibetan vowel signs are not modelled.
ེ					e					unparsed	none	No base consonant.
ེལ			ལ		e			ལ		fully_resolved	high	One prefix/root/suffix parse is structurally possible.
ོ					o					unparsed	none	No base consonant.
ོར			ར		o			ར		fully_resolved	high	One prefix/root/suffix parse is structurally possible.
ོལ			ལ		o			ལ		fully_resolved	high	One prefix/root/suffix parse is structurally possible.
ཾ					a					unsupported_orthographic_sign	none	Unsupported transcription-bearing Tibetan signs: U+0F7E
ཿ					a					unsupported_orthographic_sign	none	Unsupported transcription-bearing Tibetan signs: U+0F7F
ྒ					a					unparsed	none	No base consonant.
ྔམགས					a					unparsed	none	Subjoined stack lacks a visible base.
ྟ					a					unparsed	none	No base consonant.
ྟིང					i					unparsed	none	Subjoined stack lacks a visible base.
ྟེམ					e					unparsed	none	Subjoined stack lacks a visible base.
ྟོད					o					unparsed	none	Subjoined stack lacks a visible base.
ྣ					a					unparsed	none	No base consonant.
ྤིན					i					unparsed	none	Subjoined stack lacks a visible base.
ྤུ					u					unparsed	none	No base consonant.
ྤྱི					i					unparsed	none	No base consonant.
ྤྱེ					e					unparsed	none	No base consonant.
ྤྲིན					i					unparsed	none	Subjoined stack lacks a visible base.
ྤྲོ					o					unparsed	none	No base consonant.
ྦྲུལ					u					unparsed	none	Subjoined stack lacks a visible base.
ྨརུ					u					unparsed	none	Subjoined stack lacks a visible base.
ྨྲུག					u					unparsed	none	Subjoined stack lacks a visible base.
ྩ					a					unparsed	none	No base consonant.
ྭ					a					unparsed	none	No base consonant.
ྱ					a					unparsed	none	No base consonant.
ྱི					i					unparsed	none	No base consonant.
ྱུ					u					unparsed	none	No base consonant.
ྱེ					e					unparsed	none	No base consonant.
ྱེད					e					unparsed	none	Subjoined stack lacks a visible base.
ྲ					a					unparsed	none	No base consonant.
ྲད					a					unparsed	none	Subjoined stack lacks a visible base.
ྲལ					a					unparsed	none	Subjoined stack lacks a visible base.
ྲིཀ					i					unparsed	none	Subjoined stack lacks a visible base.
ྲིང					i					unparsed	none	Subjoined stack lacks a visible base.
ྲིད					i					unparsed	none	Subjoined stack lacks a visible base.
ྲིན					i					unparsed	none	Subjoined stack lacks a visible base.
ྲེང					e					unparsed	none	Subjoined stack lacks a visible base.
ྲོད					o					unparsed	none	Subjoined stack lacks a visible base.
ླ					a					unparsed	none	No base consonant.
ློཊ					o					unparsed	none	Subjoined stack lacks a visible base.
