signature	reviewed_positive_syllables	reviewed_positive_occurrences	historical_positive_occurrences	alternate_witness_adopted	alternate_witness_unresolved_or_candidate	alternate_witness_conflicts	legitimate_source_form_controls	ambiguous_cases	foreign_domain_cases	alignment_noise_cases	superseded_negative_count	control_examples
DEL 'bans	0	0	0	0	0	0	0	0	0	0	0	none
DEL 'brel	0	0	0	0	0	0	0	0	0	0	0	none
DEL 'dab	0	0	0	0	0	0	0	0	0	0	0	none
DEL 'groba	0	0	0	0	0	0	0	0	0	0	0	none
DEL -legs	0	0	0	0	0	0	0	0	0	0	0	none
DEL -ma	0	0	0	0	0	0	0	0	0	0	0	none
DEL A	0	0	0	0	0	0	8	0	7	0	0	ཉ=Ai;ཉག=Aug;ཉམས=Aams;ཉལ=Aal;ཉི=Ai;ཉི=Al;ཉིད=Aid;རུ=Antilopenhorn
DEL Aben	0	0	0	0	0	0	0	0	0	0	0	none
DEL Amt	0	0	0	0	0	0	0	0	0	0	0	none
DEL Auge	0	0	0	0	0	0	0	0	0	0	0	none
DEL B	0	0	0	0	0	0	3	0	7	0	0	པ=Beiname;པོ=Beiname;མ=Beiname
DEL Be	0	0	0	0	0	0	3	0	7	0	0	པ=Beiname;པོ=Beiname;མ=Beiname
DEL Beina	0	0	0	0	0	0	3	0	7	0	0	པ=Beiname;པོ=Beiname;མ=Beiname
DEL Besänftigun	0	0	0	0	0	0	0	0	0	0	0	none
DEL Bälava	0	0	0	0	0	0	0	0	0	0	0	none
DEL D	0	0	0	0	0	0	8	0	3	0	0	བད=Dad;བན=Dan;བུ=Du;བྲུག=Drug;འབར=Dar;འབུ=Du;འབྲས=Dras;འབྲོག=Drog
DEL Da	0	0	0	0	0	0	3	0	0	0	0	བད=Dad;བན=Dan;འབར=Dar
DEL E	0	0	0	0	3	0	0	0	0	0	0	none
DEL Fett	0	0	0	0	0	0	0	0	0	0	0	none
DEL Filzkleidun	0	0	0	0	0	0	0	0	0	0	0	none
DEL Gefol	0	0	0	0	0	0	0	0	0	0	0	none
DEL Geie	0	0	0	0	0	0	0	0	0	0	0	none
DEL Genic	0	0	0	0	0	0	0	0	0	0	0	none
DEL Gott	0	0	0	0	0	0	0	0	0	0	0	none
DEL Grundla	0	0	0	0	0	0	0	0	0	0	0	none
DEL Hel	0	0	0	0	0	0	0	0	0	0	0	none
DEL I	0	0	0	4	3	0	0	0	0	0	0	none
DEL Ide	0	0	0	0	0	0	0	0	0	0	0	none
DEL Is	0	0	0	0	0	0	0	0	0	0	0	none
DEL Kamelhen	0	0	0	0	0	0	0	0	0	0	0	none
DEL N	0	0	0	0	0	0	7	0	2	0	0	ཀུན=N;ག=N;ཆུ=N;ཉ=Na;ཉམས=Nams;དག=N;པ=N
DEL Na	0	0	0	0	0	0	2	0	0	0	0	ཉ=Na;ཉམས=Nams
DEL Nahe	0	0	0	0	0	0	0	0	0	0	0	none
DEL P	0	0	0	0	0	0	1	0	0	0	0	འཕགས=Phags
DEL Po	0	0	0	0	0	0	0	0	0	0	0	none
DEL Re	0	0	0	0	0	0	0	0	0	0	0	none
DEL Ri	0	0	0	0	0	0	0	0	0	0	0	none
DEL Ruh	0	0	0	0	0	0	0	0	0	0	0	none
DEL S	0	0	0	0	1	0	19	0	55	0	0	པོ=Stelle;འ=Sonnengottes;ཤ=Sa;ཤག=Sag;ཤགས=Sags;ཤད=Sad;ཤན=San;ཤམ=Sam
DEL Sch	0	0	0	0	0	0	0	0	0	0	0	none
DEL Schnell	0	0	0	0	0	0	0	0	0	0	0	none
DEL Sel	0	0	0	0	0	0	0	0	0	0	0	none
DEL Tmig	0	0	0	0	0	0	0	0	0	0	0	none
DEL U	0	0	0	0	0	0	0	0	0	0	0	none
DEL Ve	0	0	0	0	0	0	0	0	0	0	0	none
DEL Verstopfun	0	0	0	0	0	0	0	0	0	0	0	none
DEL V’	0	0	0	0	0	0	0	0	0	0	0	none
DEL Weltgege	0	0	0	0	0	0	0	0	0	0	0	none
DEL Wil	0	0	0	0	0	0	0	0	0	0	0	none
DEL Wä	0	0	0	0	0	0	0	0	0	0	0	none
DEL Y	0	0	0	0	0	0	0	0	0	0	0	none
DEL Y'ranzo	0	0	0	0	0	0	0	0	0	0	0	none
DEL Ze	0	0	0	0	0	0	0	0	0	0	0	none
DEL a	0	0	0	0	9	0	1011	0	17558	0	0	ཀ=Ra;ཀ=ka;ཀ=kam;ཀན=kan;ཀམ=kam;ཀའི=ka’i;ཀར=kar;ཀརྨ=kanda
DEL abe	0	0	0	0	2	0	0	0	0	0	0	none
DEL abs	0	0	0	0	0	0	20	0	5	0	0	གྲབས=grabs;ཐབས=thabs;ཕབས=phabs;བཀབས=bkrabs;བཀྲབས=bkrabs;བབས=babs;བབྲས=babs;བརྡབས=brdabs
DEL ach	0	0	0	0	0	0	0	0	0	0	0	none
DEL ag	0	0	0	0	1	0	130	0	1372	0	0	ཀླག=Rlag;ཀླག=klag;ཁག=khag;ཁག=khrag;ཁྱག=khyag;ཁྲག=Rhrag;ཁྲག=khrag;ག=snag
DEL al	0	0	0	0	0	0	84	0	637	0	0	ཀྱ=kyal;ཁལ=khal;ཁལ=khral;ཁྲལ=khral;གཅལ=gcal;གདལ=gdal;གལ=gal;གསལ=gsal
DEL am	0	0	0	0	1	0	111	0	939	0	0	ཀ=kam;ཀམ=kam;ཀྱམས=byams;ཁམ=kham;ཁམ=khram;ཁམས=kbams;ཁམས=khams;ཁྲམ=khram
DEL ame	0	0	0	0	0	0	3	0	7	0	0	པ=Beiname;པོ=Beiname;མ=Beiname
DEL an	0	0	0	0	6	0	113	0	1488	0	0	ཀན=kan;ཀརྨ=kanda;གཅན=gcan;གཉན=gran;གཉན=grian;གཉན=gñan;གཉན=güan;གཏན=gan
DEL as	0	0	0	0	1	0	55	0	679	0	0	ཀླས=klas;ཁས=khas;ཁྲབས=bras;གནས=gas;གནས=gnas;གནས=gras;གཡས=g.yas;གས=gas
DEL asa	0	0	0	0	0	0	0	0	0	0	0	none
DEL atz	0	0	0	0	0	0	0	0	0	0	0	none
DEL auchpe	0	0	0	0	0	0	0	0	0	0	0	none
DEL ayan	0	0	0	0	0	0	0	0	0	0	0	none
DEL b	0	0	0	0	1	0	700	0	6383	0	0	ཀོབ=kob;ཀྱབ=khyab;ཀྱམས=byams;ཀྱེད=byed;ཁ=ba;ཁ=bu;ཁ=kba;ཁ=khba
DEL ba	0	0	0	0	1	0	76	0	2104	0	0	ཁ=ba;ཁ=kba;ཁ=khba;ཁང=kbaṅ;ཁམས=kbams;ཁྲ=ba;ཐ=tba;དབང=dbaṅ
DEL bab	0	0	0	0	0	0	8	0	41	0	0	དབབ=dbab;བབ=bab;བབས=babs;བབྲས=babs;ཚབས=tsbabs;འབབ=bab;འབྲབ=bab;རྦབ=rbab
DEL bacan	0	0	0	0	0	0	0	0	0	0	0	none
DEL bakāri	0	0	0	0	0	0	0	0	0	0	0	none
DEL bd	0	0	0	0	0	0	16	0	448	0	0	བདག=bbdag;བདག=bdag;བདག=bdaggir;བདད=bdud;བདན=bdun;བདར=bdar;བདུད=bdnd;བདུད=bdud
DEL bda	0	0	0	0	0	0	5	0	195	0	0	བདག=bbdag;བདག=bdag;བདག=bdaggir;བདར=bdar;བདྲག=bdag
DEL be	0	0	0	0	0	0	26	0	91	0	0	དབེན=dben;ཕེབས=pbebs;བཀྲ=bera;བགྲོད=berod;བཅད=bead;བཅས=beas;བཅུ=ben;བཅུ=beu
DEL behälter	0	0	0	0	0	0	0	0	0	0	0	none
DEL beit	0	0	0	0	0	0	0	0	0	0	0	none
DEL bikoti	0	0	0	0	0	0	0	0	0	0	0	none
DEL blu	0	0	0	0	0	0	3	0	0	0	0	བླུག=blug;བླུགས=blugs;བླུན=blun
DEL brul	0	0	0	0	0	0	4	0	0	0	0	བྲུལ=brul;ལ=sbrul;སྤྲུལ=sbrul;སྦྲུལ=sbrul
DEL bu	0	0	0	0	0	0	52	0	591	0	0	ཁ=bu;ཁུ=kbu;ཁུར=khbur;གས=sbugs;ཐུན=tbun;དབུ=dbu;དབུག=dbug;དབུགས=dbugs
DEL bya	0	0	0	0	0	0	22	0	309	0	0	ཀྱམས=byams;ང=byaṅ;དབྱར=dbyar;དབྱལ=dbyal;ཕྱག=pbyag;བྱ=bya;བྱག=byag;བྱང=bbyaṅ
DEL byad	0	0	0	0	0	0	1	0	14	0	0	བྱད=byad
DEL byed	0	0	0	0	0	0	7	0	415	0	0	ཀྱེད=byed;ཏྱེད=byed;བྱད=byed;བྱེ=byed;བྱེད=byed;འབྱེད=byed;ྱེད=byed
DEL bzan	0	0	0	0	0	0	0	0	0	0	0	none
DEL c	0	0	0	0	3	0	144	0	2688	0	0	གཅག=gcag;གཅག=gcig;གཅད=gcad;གཅན=gcan;གཅལ=gcal;གཅིག=gcig;གཅིན=gcin;གཅུས=gcus
DEL ch	0	0	0	0	2	0	80	0	1894	0	0	ཆ=cha;ཆཁྲ=chab;ཆག=chag;ཆག=chog;ཆགས=chags;ཆང=chaṅ;ཆད=chad;ཆན=chan
DEL cha	0	0	0	0	0	0	23	0	492	0	0	ཆ=cha;ཆཁྲ=chab;ཆག=chag;ཆགས=chags;ཆང=chaṅ;ཆད=chad;ཆན=chan;ཆབ=chab
DEL che	0	0	0	0	0	0	14	0	486	0	0	ཆན=chen;ཆེ=che;ཆེ=chen;ཆེད=ched;ཆེན=chen;ཆེམ=chem;ཆེམས=chems;ཆེར=cher
DEL chen	0	0	0	0	0	0	3	0	298	0	0	ཆན=chen;ཆེ=chen;ཆེན=chen
DEL chend	0	0	0	0	0	0	0	0	0	0	0	none
DEL chhebe	0	0	0	0	0	0	0	0	0	0	0	none
DEL chnun	0	0	0	0	0	0	0	0	0	0	0	none
DEL chod	0	0	0	0	0	0	4	0	120	0	0	ཆོད=chod;ཆོཿ=chod;མཆད=mchod;མཆོད=mchod
DEL chreibung	0	0	0	0	0	0	0	0	0	0	0	none
DEL chtfeld	0	0	0	0	0	0	0	0	0	0	0	none
DEL cke	0	0	0	0	0	0	0	0	0	0	0	none
DEL d	0	0	0	0	9	0	601	0	6816	0	0	ཀརྨ=kanda;ཀོན=dkon;ཀྱུད=khyud;ཀྱེད=byed;ཀྲད=krad;ཀླད=klad;ཁད=khad;ཁུད=khud
DEL dan	0	0	0	0	0	0	6	0	273	0	0	གདན=gdan;དན=dan;ཝྡན=ldan;ལན=ldan;ལྔན=ldan;ལྡན=ldan
DEL db	0	0	0	0	0	0	31	0	398	0	0	དབང=dbaṅ;དབང=ddbaṅ;དབབ=dbab;དབལ=dbal;དབུ=dbu;དབུག=dbug;དབུགས=dbugs;དབུབ=dbub
DEL de	0	0	0	0	2	0	31	0	449	0	0	དག=de;དགུ=deu;དགོན=deon;དགྲ=dera;དེ=de;དེད=ded;དེབ=deb;དེའི=de’i
DEL ders	0	0	0	0	0	0	0	0	0	0	0	none
DEL dha	0	0	0	0	0	0	4	0	11	0	0	ངྷ=dha;དྷ=ddha;དྷ=dha;དྷརྨ=dharma
DEL die	0	0	0	0	0	0	0	0	0	0	0	none
DEL dlich	0	0	0	0	0	0	0	0	0	0	0	none
DEL dmar	0	0	0	0	0	0	1	0	94	0	0	དམར=dmar
DEL dogpo	0	0	0	0	0	0	0	0	0	0	0	none
DEL dzon	0	0	0	0	0	0	0	0	0	0	0	none
DEL e	0	0	0	0	7	0	407	0	4081	0	0	ཀེ=ke;ཀེག=keg;ཀེམ=kem;ཀེར=ker;ཀྱིར=khyer;ཀྱིར=kyer;ཀྱེ=khye;ཀྱེ=kye
DEL eachtlich	0	0	0	0	0	0	0	0	0	0	0	none
DEL echt	0	0	0	0	0	0	0	0	0	0	0	none
DEL ed	0	0	0	0	0	0	37	0	739	0	0	ཀྱེད=byed;གཤེད=gsed;ཆེད=ched;ཏྱེད=byed;ཐེད=thed;དེད=ded;དྲེད=dred;ཕྱེད=phyed
DEL ehr	0	0	0	0	0	0	0	0	0	0	0	none
DEL eig	0	0	0	0	0	0	1	0	33	0	0	གཅིག=geig
DEL ein	0	0	0	0	0	0	6	0	10	0	0	གཅིན=gein;པ=Beiname;པོ=Beiname;བུ=kleine;མ=Beiname;འཛིན=dein
DEL einigung	0	0	0	0	0	0	0	0	0	0	0	none
DEL emzar	0	0	0	0	0	0	0	0	0	0	0	none
DEL en	0	0	0	0	0	0	44	0	632	0	0	ཁེན=len;གཉེན=gen;གཉེན=gien;གཉེན=giien;གཤེན=gsen;གླེན=glen;ཆན=chen;ཆེ=chen
DEL enplatte	0	0	0	0	0	0	0	0	0	0	0	none
DEL enschwanz	0	0	0	0	0	0	0	0	0	0	0	none
DEL er	0	0	0	0	0	0	56	0	155	0	0	ཀེར=ker;ཀྱིར=khyer;ཀྱིར=kyer;ཀྱེར=khyer;ཁེར=kher;ཁྱེར=khyer;གཅེར=gcer;གཉེར=ger
DEL ereckig	0	0	0	0	0	0	0	0	0	0	0	none
DEL es	0	0	0	0	0	0	36	0	525	0	0	ཁྲེས=khres;གཅེས=gces;གྱེས=gyes;ངེས=nes;ཅེས=ces;ཆེས=ches;ཉིས=fies;ཉེས=es
DEL esp	0	0	0	0	0	0	0	0	0	0	0	none
DEL etzesfriede	0	0	0	0	0	0	0	0	0	0	0	none
DEL führer	0	0	0	0	0	0	1	0	0	0	0	པ=Heerführer
DEL g	0	0	0	0	2	0	813	0	6628	0	0	ཀེག=keg;ཀོ=go;ཀྱི=gyi;ཀྱིས=gyis;ཀྱོག=kyog;ཀྲོ=gro;ཀྲོག=krog;ཀླག=Rlag
DEL g.yan	0	0	0	0	0	0	0	0	0	0	0	none
DEL g.yos	0	0	0	0	0	0	0	0	0	0	0	none
DEL ga	0	0	0	0	0	0	35	0	341	0	0	ག=ga;གག=gag;གང=gaṅ;གཏན=gan;གད=gad;གན=gan;གན=gar;གནས=gas
DEL gelkadaver	0	0	0	0	0	0	0	0	0	0	0	none
DEL glin	0	0	0	0	0	0	0	0	0	0	0	none
DEL glückb	0	0	0	0	0	0	0	0	0	0	0	none
DEL gon	0	0	0	0	0	0	3	0	39	0	0	གོན=gon;དགོན=dgon;མགོན=mgon
DEL gos	0	0	0	0	0	0	5	0	45	0	0	གོས=gos;དགས=dgos;དགོས=dgos;བཀོས=bgos;སྒོས=sgos
DEL gpi	0	0	0	0	0	0	0	0	0	0	0	none
DEL gri	0	0	0	0	0	0	23	0	59	0	0	གཉན=grian;གཉིས=gris;གྲི=gri;གྲིབ=grib;གྲིམས=grims;གྲིལ=gril;བསྒྲིག=bsgrig;བསྒྲིགས=bsgrigs
DEL grü	0	0	0	0	0	0	0	0	0	0	0	none
DEL gs	0	0	0	0	0	0	167	0	1080	0	0	ཁུགས=khugs;ཁྲེགས=khregs;གཏགས=gtugs;གཏུགས=gtugs;གཏོགས=gtogs;གདགས=gdags;གདགས=gdugs;གདུགས=gdugs
DEL gseb	0	0	0	0	0	0	1	0	0	0	0	གསེབ=gseb
DEL gskomman	0	0	0	0	0	0	0	0	0	0	0	none
DEL gu	0	0	0	0	0	0	27	0	103	0	0	གུ=gu;གུག=gug;གུང=guṅ;གུད=gud;གུན=gun;གུར=gur;གུས=gus;གྭ=gu
DEL gur	0	0	0	0	1	0	4	0	8	0	0	གུར=gur;མགུར=mgur;འགར=gur;སྒུར=sgur
DEL gy	0	0	0	0	0	0	57	0	757	0	0	ཀྱི=gyi;ཀྱིས=gyis;གྱ=gya;གྱ=gyi;གྱ=gyu;གྱར=gyur;གྱི=gyi;གྱིས=gyis
DEL gyigsas	0	0	0	0	0	0	0	0	0	0	0	none
DEL gyirkyen	0	0	0	0	0	0	0	0	0	0	0	none
DEL gyur	0	0	0	0	0	0	8	0	11	0	0	གྱར=gyur;གྱུར=gyur;བརྒྱུར=bsgyur;བསྒར=bsgyur;བསྒྱུར=bsgyur;འགྱར=gyur;འགྱུར=gyur;སྒྱུར=sgyur
DEL gzar	0	0	0	0	0	0	1	0	0	0	0	གཟར=gzar
DEL gzer	0	0	0	0	0	0	1	0	0	0	0	གཟེར=gzer
DEL h	0	0	0	0	2	0	538	0	5176	0	0	ཀུ=khyu;ཀྱབ=khyab;ཀྱི=khyi;ཀྱིམ=khyim;ཀྱིར=khyer;ཀྱུ=khyu;ཀྱུད=khyud;ཀྱེ=khye
DEL hara	0	0	0	0	0	0	0	0	0	0	0	none
DEL herbeik	0	0	0	0	0	0	0	0	0	0	0	none
DEL ho	0	0	0	0	0	0	90	0	1047	0	0	ཁོ=kho;ཁོག=khog;ཁོན=khon;ཁོམ=khom;ཁོར=khor;ཁོལ=khol;ཆག=chog;ཆས=chos
DEL i	0	0	0	0	42	0	454	0	3354	0	0	ཀའི=ka’i;ཀི=kai;ཀི=ki;ཀི=kyi;ཀྱ=kyi;ཀྱི=gyi;ཀྱི=khyi;ཀྱི=kyi
DEL ich	0	0	0	0	0	0	0	0	0	0	0	none
DEL ichtsverhandlung	0	0	0	0	0	0	0	0	0	0	0	none
DEL ieg	0	0	0	0	0	0	0	0	0	0	0	none
DEL ig	0	0	0	0	0	0	61	0	386	0	0	ཁྲིག=khrig;གཅག=gcig;གཅིག=gcig;གཅིག=geig;གཙིགས=gtsigs;གཟིགས=gzigs;ཅིག=cig;ཆིག=chig
DEL in	0	0	0	0	0	0	55	0	501	0	0	ཀྱིན=kyin;གཅིན=gcin;གཅིན=gein;གཤིན=gsin;ཉན=rin;ཉིན=Hin;ཉིན=fin;ཉིན=iin
DEL ing	0	0	0	0	0	0	1	0	0	0	0	འཇུག=ing
DEL insabdag	0	0	0	0	0	0	0	0	0	0	0	none
DEL it	0	0	0	0	1	0	1	0	0	0	0	བལྟ=bita
DEL itārische	0	0	0	0	0	0	0	0	0	0	0	none
DEL iv	0	0	0	0	0	0	0	0	0	0	0	none
DEL iy	0	0	0	0	0	0	0	0	0	0	0	none
DEL izenmehl	0	0	0	0	0	0	0	0	0	0	0	none
DEL j	0	0	0	0	1	0	36	0	385	0	0	ཇ=ja;ཇི=ji;ཇུས=jus;ཇོ=jo;ཉི=ji;ཉེ=je;ཉེ=jie;བརྗིད=brjid
DEL je'i	0	0	0	0	0	0	1	0	11	0	0	རྗེའི=rje'i
DEL k	0	0	0	0	4	0	361	0	3730	0	0	ཀ=ka;ཀ=kam;ཀ=ku;ཀན=kan;ཀམ=kam;ཀའི=ka’i;ཀར=kar;ཀརྨ=kanda
DEL ka	0	0	0	0	0	0	34	0	948	0	0	ཀ=ka;ཀ=kam;ཀན=kan;ཀམ=kam;ཀའི=ka’i;ཀར=kar;ཀརྨ=kanda;ཀརྨ=karma
DEL kaumu	0	0	0	0	0	0	0	0	0	0	0	none
DEL kenn	0	0	0	0	0	0	0	0	0	0	0	none
DEL kh	0	0	0	0	1	0	136	0	980	0	0	ཀུ=khyu;ཀྱབ=khyab;ཀྱི=khyi;ཀྱིམ=khyim;ཀྱིར=khyer;ཀྱུ=khyu;ཀྱུད=khyud;ཀྱེ=khye
DEL khal	0	0	0	0	0	0	1	0	0	0	0	ཁལ=khal
DEL khams	0	0	0	0	0	0	1	0	50	0	0	ཁམས=khams
DEL kr	0	0	0	0	0	0	26	0	101	0	0	ཀོལ=krol;ཀྲ=kra;ཀྲད=krad;ཀྲི=kri;ཀྲུ=kru;ཀྲོག=krog;ཀློག=krog;དཀྲིས=dkris
DEL kya	0	0	0	0	0	0	11	0	57	0	0	ཀྱ=kyal;ཀྱང=kyaṅ;བསྐྱར=bskyar;བསྐྱལ=bskyal;རྐྱན=rkyan;རྐྱལ=rkyal;སྐྱ=skya;སྐྱག=skyag
DEL kye	0	0	0	0	0	0	17	0	247	0	0	ཀྱིར=kyer;ཀྱེ=kye;བཀྱེ=bkye;བསྐྱེད=bskyed;རྐྱེན=rkyen;སྐེས=skyes;སྐྱ=skye;སྐྱེ=skye
DEL l	0	0	0	1	4	0	399	0	3088	0	0	ཀོལ=kol;ཀོལ=krol;ཀྱ=kyal;ཀླག=Rlag;ཀླག=klag;ཀླད=klad;ཀླས=klas;ཀླུ=klu
DEL la	0	0	0	0	0	0	48	0	833	0	0	ཀླག=Rlag;ཀླག=klag;ཀླད=klad;ཀླས=klas;གཏམ=glam;གླ=gla;གླག=glag;གླང=glaṅ
DEL lbam	0	0	0	0	0	0	0	0	0	0	0	none
DEL lcog	0	0	0	0	0	0	3	0	8	0	0	ལྕོག=lcog;ལྕོགས=lcogs;ལྩོག=lcog
DEL lcogs	0	0	0	0	0	0	1	0	0	0	0	ལྕོགས=lcogs
DEL lda	0	0	0	0	0	0	9	0	257	0	0	ཝྡན=ldan;ལན=ldan;ལྔ=lda;ལྔང=ldaṅ;ལྔན=ldan;ལྔབ=ldab;ལྗང=ldaṅ;ལྡང=ldaṅ
DEL lde	0	0	0	0	0	0	4	0	7	0	0	ལྡེ=lde;ལྡེག=ldeg;ལྡེམ=ldem;ལྤེམ=ldem
DEL ldo	0	0	0	0	0	0	1	0	0	0	0	ལྡོག=ldog
DEL le	0	0	0	0	1	0	16	0	128	0	0	ཁལེ=le;ཁེ=le;ཁེན=len;གླེགས=glegs;གླེན=glen;པོ=Stelle;བུ=kleine;ལི=le
DEL leba	0	0	0	0	0	0	0	0	0	0	0	none
DEL lin	0	0	0	0	0	0	0	0	0	0	0	none
DEL ljag	0	0	0	0	0	0	1	0	0	0	0	ལྗགས=ljags
DEL log	0	0	0	0	0	0	11	0	47	0	0	ཀློག=klog;གླག=glog;གླུག=glog;གློག=glog;བཟྣོག=bzlog;བཟློག=bzlog;བློག=zlog;ཟློག=zlog
DEL lu	0	0	0	0	0	0	17	0	128	0	0	ཀླུ=klu;ཀླུང=kluṅ;གླད=glud;གླུ=glu;གླུད=glud;བླུག=blug;བླུགས=blugs;བླུན=blun
DEL lun	0	0	0	0	0	0	1	0	0	0	0	བླུན=blun
DEL lung	0	0	0	0	0	0	0	0	0	0	0	none
DEL läf	0	0	0	0	0	0	0	0	0	0	0	none
DEL m	0	0	0	0	9	0	486	0	5275	0	0	ཀ=kam;ཀམ=kam;ཀརྨ=karma;ཀེམ=kem;ཀོམ=kom;ཀྱམས=byams;ཀྱིམ=khyim;ཁམ=kham
DEL ma	0	0	0	0	0	0	60	0	1810	0	0	ཀརྨ=karma;ངག=mag;ཆ=ma;ཉ=ma;ཏ=ma;དམག=dmag;དམག=dmaggi;དམན=dman
DEL maraga	0	0	0	0	0	0	0	0	0	0	0	none
DEL me	0	0	0	0	1	0	26	0	416	0	0	ཏོག=me;དམེ=dme;པ=Beiname;པོ=Beiname;མ=Beiname;མ=me;མད=med;མི=me
DEL mel	0	0	0	0	0	0	1	0	0	0	0	མེལ=mel
DEL men	0	0	0	0	0	0	2	0	0	0	0	མེན=men;རྨེན=rmen
DEL methode	0	0	0	0	0	0	0	0	0	0	0	none
DEL mi	0	0	0	0	0	0	31	0	428	0	0	དམིགས=dmigs;དམེགས=dmigs;མ=mi;མག=mig;མང=miṅ;མཉན=miian;མཉམ=miam;མཉེ=mie
DEL mimo	0	0	0	0	0	0	0	0	0	0	0	none
DEL miyi	0	0	0	0	0	0	0	0	0	0	0	none
DEL mo	0	0	0	0	0	0	28	0	527	0	0	ཆེ=mo;ཉོ=mo;དམོད=dmod;མ=mo;མངོན=mon;མས=mos;མེ=mo;མོ=mo
DEL mug	0	0	0	0	0	0	6	0	23	0	0	མག=mug;མིག=mug;མུག=mug;རྨུག=rmug;ས=rmugs;སྨུག=smug
DEL n	0	0	0	0	17	0	497	0	5637	0	0	ཀན=kan;ཀརྨ=kanda;ཀུན=Run;ཀུན=kun;ཀུནཏུ=kun;ཀོན=dkon;ཀོན=kon;ཀྱིན=kyin
DEL na	0	0	0	0	0	0	79	0	1506	0	0	ག=snag;གནག=gnag;གནང=gnaṅ;གནད=gnad;གནམ=gnam;གནས=gnas;ང=naṅ;ངག=nag
DEL nad	0	0	0	0	0	0	3	0	0	0	0	གནད=gnad;ངད=nad;ནད=nad
DEL nag	0	0	0	0	0	0	15	0	159	0	0	ག=snag;གནག=gnag;ངག=nag;ཉག=nag;དམག=dinag;དམག=dnag;ནག=nag;ནགས=nags
DEL name	0	0	0	0	0	0	3	0	7	0	0	པ=Beiname;པོ=Beiname;མ=Beiname
DEL nan	0	0	0	0	0	0	7	0	52	0	0	ངན=nan;དམན=dinan;ནན=nan;མངན=mnan;མནན=mnan;རྔན=rnan;སྙན=snan
DEL ndtschaftsverhältnis	0	0	0	0	0	0	0	0	0	0	0	none
DEL neuli	0	0	0	0	0	0	0	0	0	0	0	none
DEL ni	0	0	0	0	0	0	11	0	56	0	0	ཉ=ni;ཉི=ni;ཉིད=nid;ཉིས=nis;ཉེ=nie;ཌི=ni;ནི=ni;ནིམ=nim
DEL nied	0	0	0	0	0	0	0	0	0	0	0	none
DEL no	0	0	0	0	0	0	36	0	223	0	0	གནོད=gnod;གནོན=gnon;ངགས=nogs;ངོ=no;ངོགས=nogs;ངོམས=noms;ངོས=nos;དངོ=dno
DEL nogpo	0	0	0	0	0	0	0	0	0	0	0	none
DEL non	0	0	0	0	0	0	8	0	34	0	0	གནོན=gnon;ནོན=non;བསྣོན=bsnon;མངན=mnon;མངོན=mnon;རྣོན=rnon;སྔོན=snon;སྣོན=snon
DEL ns	0	0	0	0	0	0	1	0	0	0	0	སེམས=serns
DEL nü	0	0	0	0	0	0	0	0	0	0	0	none
DEL o	0	0	0	0	2	0	638	0	6781	0	0	ཀོ=go;ཀོ=ko;ཀོང=koṅ;ཀོན=dkon;ཀོན=kon;ཀོབ=kob;ཀོམ=kom;ཀོར=kor
DEL objekt	0	0	0	0	0	0	0	0	0	0	0	none
DEL offen	0	0	0	0	0	0	0	0	0	0	0	none
DEL og	0	0	0	0	0	0	101	0	829	0	0	ཀྱོག=kyog;ཀྲོག=krog;ཀློག=klog;ཀློག=krog;ཁོག=khog;ཁྲོག=khrog;གཅོག=gcog;གཏོགས=gtogs
DEL on	0	0	0	0	0	0	78	0	579	0	0	ཀོན=dkon;ཀོན=kon;ཁོན=khon;ཁྲོན=khron;གདོན=gdon;གནོན=gnon;གཟོན=gzon;གོན=gon
DEL onenname	0	0	0	0	0	0	0	0	0	0	0	none
DEL or	0	0	0	0	0	0	46	0	419	0	0	ཀོར=kor;ཁོར=khor;གཏོར=gtor;གཤོར=gsor;གོར=gor;ཅོར=cor;ཏོར=tor;ཐོར=thor
DEL p	0	0	0	0	1	0	273	0	5701	0	0	ཁ=pa;ཁོ=po;ཁོཌ=po;ངན=pa;ཌ=pa;ཐོགས=pa;དཔག=dpag;དཔང=dpaṅ
DEL pa	0	0	0	0	0	0	40	0	3117	0	0	ཁ=pa;ངན=pa;ཌ=pa;ཐོགས=pa;དཔག=dpag;དཔང=dpaṅ;དཔའི=dpa'i;དཔར=dpar
DEL paspyod	0	0	0	0	0	0	0	0	0	0	0	none
DEL pb	0	0	0	0	0	0	22	0	43	0	0	པོ=pbo;ཕ=pba;ཕལ=pbal;ཕས=pbas;ཕུ=pbu;ཕུར=pbur;ཕེབས=pbebs;ཕོ=pbo
DEL pf	0	0	0	0	0	0	1	0	0	0	0	ས=pf
DEL ph	0	0	0	0	0	0	117	0	1004	0	0	པ=pha;པོ=pho;ཕ=pha;ཕ=ppha;ཕག=phag;ཕང=phaṅ;ཕད=phad;ཕན=phan
DEL phab	0	0	0	0	0	0	2	0	0	0	0	ཕབ=phab;ཕབས=phabs
DEL pho	0	0	0	0	0	0	13	0	97	0	0	པོ=pho;ཕོ=pho;ཕོག=phog;ཕོགས=phogs;ཕོད=phod;ཕོན=phon;ཕོབ=phob;ཕོར=phor
DEL phu	0	0	0	0	0	0	11	0	178	0	0	ཕུ=phu;ཕུག=phug;ཕུགས=phugs;ཕུང=phuṅ;ཕུད=phud;ཕུན=phun;ཕུབ=phub;ཕུར=phur
DEL phye	0	0	0	0	0	0	5	0	55	0	0	ཕྱི=phye;ཕྱེ=phye;ཕྱེད=phyed;འཕྱེ=phye;འཕྱེས=phyes
DEL po	0	0	0	0	0	0	23	0	1123	0	0	ཁོ=po;ཁོཌ=po;དཔོང=dpoṅ;དཔོན=dpon;པ=po;པེ=po;པོ=po;པོད=pod
DEL pom	0	0	0	0	0	0	1	0	6	0	0	སྤོམ=spom
DEL pyan	0	0	0	0	0	0	4	0	47	0	0	ན=spyan;སྤན=spyan;སྤྱན=spyan;སྨན=spyan
DEL pyid	0	0	0	0	0	0	1	0	13	0	0	དཔྱིད=dpyid
DEL pyod	0	0	0	0	0	0	6	0	100	0	0	དཔྱོད=dpyod;པ=spyod;སྤོད=spyod;སྤྱོད=spyod;སྤྲོད=spyod;སྦྱོད=spyod
DEL r	0	0	0	0	10	0	857	0	6796	0	0	ཀར=kar;ཀརྨ=karma;ཀེར=ker;ཀོར=kor;ཀོལ=krol;ཀྱར=kyur;ཀྱི=kyiri;ཀྱིར=khyer
DEL ra	0	0	0	0	0	0	129	0	1080	0	0	ཀྲ=kra;ཀྲད=krad;ཁ=khra;ཁག=khrag;ཁམ=khram;ཁལ=khral;ཁྲ=khra;ཁྲག=Rhrag
DEL ram	0	0	0	0	0	0	11	0	38	0	0	ཁམ=khram;ཁྲམ=khram;གནམ=gram;གྲམ=gram;ཉམ=ram;བཀྲམ=bkram;བྲམ=bram;འགྲམ=gram
DEL rdo	0	0	0	0	0	0	9	0	174	0	0	བརྡོལ=brdol;རྔོ=rdo;རྡ=rdo;རྡོ=rdo;རྡོ=rrdo;རྡོག=rdog;རྡོརྗེ=rdo;རྡོལ=rdol
DEL rdzi	0	0	0	0	0	0	2	0	0	0	0	རྫི=rdzi;རྫིང=rdziṅ
DEL rdzon	0	0	0	0	0	0	0	0	0	0	0	none
DEL re	0	0	0	0	0	0	52	0	242	0	0	ཁྲེགས=khregs;ཁྲེལ=khrel;ཁྲེས=khres;གྲེ=gre;དབྲེ=dbre;དྲེ=dre;དྲེག=dreg;དྲེགས=dregs
DEL rei	0	0	0	0	0	0	0	0	0	0	0	none
DEL rens	0	0	0	0	0	0	0	0	0	0	0	none
DEL rgyu	0	0	0	0	0	0	12	0	79	0	0	བརྒྱད=brgyud;བརྒྱུད=brgyud;རྒྱ=rgyu;རྒྱག=rgyug;རྒྱགས=rgyugs;རྒྱད=rgyud;རྒྱན=rgyun;རྒྱས=rgyus
DEL rhaltens	0	0	0	0	0	0	0	0	0	0	0	none
DEL rigs	0	0	0	0	0	0	6	0	29	0	0	བསྒྲིགས=bsgrigs;འཁྲིགས=khrigs;འགྲིགས=grigs;རིགས=rigs;རེགས=rigs;སྒྲིགས=sgrigs
DEL rioms	0	0	0	0	0	0	0	0	0	0	0	none
DEL ris	0	0	0	0	0	0	17	0	36	0	0	ཁྲིས=khris;གཉིས=gris;དཀྲིས=dkris;དྲིས=dris;བརྩེགས=brisegs;བྲིས=bris;བྲེས=bris;མཁྲིས=mkhris
DEL risa	0	0	0	0	0	0	1	0	0	0	0	རྩ=risa
DEL rlab	0	0	0	0	0	0	4	0	0	0	0	བརླབ=brlab;བརླབས=brlabs;རབས=rlabs;རླབས=rlabs
DEL rlich	0	0	0	0	0	0	0	0	0	0	0	none
DEL rob	0	0	0	0	0	0	1	0	0	0	0	སྒྲོབ=sgrob
DEL rschen	0	0	0	0	0	0	0	0	0	0	0	none
DEL rt	0	0	0	0	0	0	39	0	438	0	0	བརྟག=brtag;བརྟགས=brtags;བརྟན=brtan;བརྟན=brtun;བརྟུལ=brtul;བརྟེན=brten;བརྟོལ=brtol;བརྩན=brtsan
DEL rta	0	0	0	0	0	0	8	0	146	0	0	བརྟག=brtag;བརྟགས=brtags;བརྟན=brtan;རྟ=rta;རྟག=rtag;རྟགས=rtags;རྟབ=rtab;རྟེ=rta
DEL rtags	0	0	0	0	0	0	2	0	28	0	0	བརྟགས=brtags;རྟགས=rtags
DEL rtse	0	0	0	0	0	0	5	0	61	0	0	བརྩེ=brtse;བརྩེགས=brtsegs;རྩེ=rtse;རྩེད=rtsed;རྩེན=rtsen
DEL rtsi	0	0	0	0	0	0	5	0	58	0	0	རྩི=rtsi;རྩིག=rtsig;རྩིའི=rtsi'i;རྩིས=rtsis;རྩེ=rtsi
DEL rtsis	0	0	0	0	0	0	1	0	0	0	0	རྩིས=rtsis
DEL ru	0	0	0	0	0	0	71	0	287	0	0	ཀྲུ=kru;ཁུན=khrun;ཁྱུ=khru;ཁྲས=khrus;ཁྲུས=khrus;གབ=grub;གྱུ=gru;གྱུབ=grub
DEL ry	0	0	0	0	0	0	1	0	0	0	0	ཕྱོགས=plryogs
DEL s	0	0	0	0	9	0	1024	0	6435	0	0	ཀུས=kus;ཀོས=kos;ཀྱམས=byams;ཀྱིས=gyis;ཀྱིས=kyis;ཀྱུས=kyus;ཀླས=klas;ཁམས=kbams
DEL sa	0	0	0	0	0	0	47	0	330	0	0	གཙང=gtsaṅ;གཤམ=gsam;གསག=gsag;གསང=gsaṅ;གསར=gsar;གསལ=gsal;གསས=gsas;ཅ=tsa
DEL sbyi	0	0	0	0	0	0	3	0	86	0	0	སྤྱིན=sbyin;སྤྲིན=sbyin;སྦྱིན=sbyin
DEL sbyin	0	0	0	0	0	0	3	0	86	0	0	སྤྱིན=sbyin;སྤྲིན=sbyin;སྦྱིན=sbyin
DEL schau	0	0	0	0	0	0	0	0	0	0	0	none
DEL schus	0	0	0	0	0	0	0	0	0	0	0	none
DEL sehen	0	0	0	0	0	0	0	0	0	0	0	none
DEL sga	0	0	0	0	0	0	6	0	38	0	0	གྒ=sga;སྒ=sga;སྒང=sgaṅ;སྒབ=sgab;སྒམ=sgam;སྒར=sgar
DEL sie	0	0	0	0	0	0	2	0	0	0	0	སྙེ=sie;སྣེ=sie
DEL sman	0	0	0	0	0	0	3	0	105	0	0	སྤན=sman;སྨན=sman;སྨན=ssman
DEL sna	0	0	0	0	0	0	15	0	214	0	0	ག=snag;བརྫག=bsnag;བསྣམ=bsnam;བསྣམས=bsnams;སྔ=sna;སྔགས=snags;སྙང=snaṅ;སྙན=snan
DEL sten	0	0	0	0	0	0	2	0	0	0	0	བསྟེན=bsten;སྟེན=sten
DEL sung	0	0	0	0	0	0	0	0	0	0	0	none
DEL t	0	0	0	0	5	0	351	0	2807	0	0	གཏགས=gtugs;གཏད=gtad;གཏན=gtan;གཏན=gtun;གཏམ=gtam;གཏམ=gtum;གཏམས=gtams;གཏར=gtar
DEL tand	0	0	0	0	0	0	0	0	0	0	0	none
DEL taraN	0	0	0	0	0	0	0	0	0	0	0	none
DEL te	0	0	0	0	1	0	21	0	216	0	0	གཏར=gter;གཏེ=gte;གཏེར=gter;ཏེ=te;པོ=Stelle;བཏེག=bteg;བརྟེན=brten;བསྟེན=bsten
DEL tehen	0	0	0	0	0	0	0	0	0	0	0	none
DEL ter	0	0	0	0	0	0	5	0	37	0	0	གཏར=gter;གཏེར=gter;བསྟེར=bster;ར=roter;སྟེར=ster
DEL terlage	0	0	0	0	0	0	0	0	0	0	0	none
DEL terstützung	0	0	0	0	0	0	0	0	0	0	0	none
DEL th	0	0	0	0	0	0	94	0	797	0	0	ཐ=tha;ཐག=thag;ཐག=thog;ཐགས=thags;ཐང=thaṅ;ཐད=thad;ཐན=than;ཐབ=thab
DEL thabs	0	0	0	0	0	0	1	0	0	0	0	ཐབས=thabs
DEL thag	0	0	0	0	0	0	4	0	98	0	0	ཐག=thag;ཐགས=thags;ཐྲག=thag;འཐག=thag
DEL theg	0	0	0	0	0	0	2	0	28	0	0	ཐེག=theg;ཐྲེག=theg
DEL thod	0	0	0	0	0	0	1	0	39	0	0	ཐོད=thod
DEL thub	0	0	0	0	0	0	2	0	42	0	0	ཐུབ=thub;བུབ=thub
DEL thug	0	0	0	0	0	0	5	0	110	0	0	ཐུག=thug;ཐུགས=thugs;བཐུགས=thugs;བུགས=thugs;མཐུག=mthug
DEL tknochen	0	0	0	0	0	0	0	0	0	0	0	none
DEL to	0	0	0	0	0	0	32	0	412	0	0	གཏོ=gto;གཏོགས=gtogs;གཏོང=gtoṅ;གཏོད=gtod;གཏོར=gtor;ཏབ=tob;ཏོ=to;ཏོག=tog
DEL tpa	0	0	0	0	0	0	0	0	0	0	0	none
DEL tra	0	0	0	0	0	0	2	0	13	0	0	ཏྲ=tra;པུཏྲ=putra
DEL ts	0	0	0	0	1	0	116	0	551	0	0	གཙང=gtsaṅ;གཙིགས=gtsigs;གཙུག=gtsug;གཙེར=gtser;གཙོ=gtso;ཅ=tsa;ཅམ=tsam;ཆ=tsha
DEL tsam	0	0	0	0	0	0	2	0	0	0	0	ཅམ=tsam;ཙམ=tsam
DEL tsar	0	0	0	0	0	0	0	0	0	0	0	none
DEL tshe	0	0	0	0	0	0	6	0	35	0	0	ཆེ=tshe;ཚེ=tshe;ཚེགས=tshegs;ཚེར=tsher;ཚེས=tshes;འཚེ=tshe
DEL tshig	0	0	0	0	0	0	3	0	0	0	0	ཆིགས=tshigs;ཚིག=tshig;ཚིགས=tshigs
DEL tshil	0	0	0	0	0	0	1	0	0	0	0	ཚིལ=tshil
DEL tsho	0	0	0	0	0	0	18	0	124	0	0	ཆོད=tshod;ཆོན=tshon;མཆོ=mtsho;མཆོན=mtshon;མཚོ=mtsho;མཚོན=mtshon;མཚོའི=mtsho’i;ཚོ=tsho
DEL tshon	0	0	0	0	0	0	4	0	0	0	0	ཆོན=tshon;མཆོན=mtshon;མཚོན=mtshon;ཚོན=tshon
DEL tshos	0	0	0	0	0	0	1	0	0	0	0	ཚོས=tshos
DEL tsug	0	0	0	0	0	0	3	0	14	0	0	གཙུག=gtsug;བཙུགས=btsugs;ཙུག=tsug
DEL tu	0	0	0	0	0	0	25	0	203	0	0	གཏགས=gtugs;གཏན=gtun;གཏམ=gtum;གཏུགས=gtugs;གཏུན=gtun;གཏུམ=gtum;ཏ=tu;ཏར=tur
DEL tung	0	0	0	0	0	0	0	0	0	0	0	none
DEL twendigkeit	0	0	0	0	0	0	0	0	0	0	0	none
DEL tändig	0	0	0	0	0	0	0	0	0	0	0	none
DEL u	0	0	0	0	2	0	559	0	4487	0	0	ཀ=ku;ཀཱ=ku;ཀུ=khyu;ཀུ=ku;ཀུན=Run;ཀུན=kun;ཀུནཏུ=kun;ཀུས=kus
DEL uft	0	0	0	0	0	0	0	0	0	0	0	none
DEL ug	0	0	0	0	1	0	98	0	467	0	0	ཁུག=khug;ཁུགས=khugs;གཏགས=gtugs;གཏུགས=gtugs;གདགས=gdugs;གདུག=gdug;གདུགས=gdugs;གཙུག=gisug
DEL um	0	0	0	0	0	0	33	0	191	0	0	གཏམ=gtum;གཏུམ=gtum;གསུམ=gsum;གྲམ=grum;གྲམས=grums;གྲུམ=grum;ཆུམ=chum;ཐུམ=thum
DEL unsenheit	0	0	0	0	0	0	0	0	0	0	0	none
DEL ve	0	0	0	0	1	0	0	0	0	0	0	none
DEL vination	0	0	0	0	0	0	0	0	0	0	0	none
DEL we	0	0	0	0	2	0	0	0	0	0	0	none
DEL y	0	0	0	0	1	0	390	0	3600	0	0	ཀི=kyi;ཀུ=khyu;ཀྱ=kyal;ཀྱ=kyi;ཀྱང=kyaṅ;ཀྱབ=khyab;ཀྱམས=byams;ཀྱར=kyur
DEL yul	0	0	0	0	0	0	2	0	55	0	0	ཡལ=yul;ཡུལ=yul
DEL z	0	0	0	0	2	0	84	0	545	0	0	གཟན=gzan;གཟར=gzar;གཟི=gzi;གཟིགས=gzigs;གཟིར=gzir;གཟུགས=gzugs;གཟེར=gzer;གཟོ=gzo
DEL zo	0	0	0	0	0	0	20	0	48	0	0	གཟོ=gzo;གཟོན=gzon;གཟོས=gzos;ཐོམ=zom;ཐོར=zor;བཟོ=bzo;བཟོད=bzod;བཟོས=bzos
DEL zwei	0	0	0	0	0	0	0	0	0	0	0	none
DEL zweitjüng	0	0	0	0	0	0	0	0	0	0	0	none
DEL zyklus	0	0	0	0	0	0	0	0	0	0	0	none
DEL zö	0	0	0	0	0	0	0	0	0	0	0	none
DEL äuße	0	0	0	0	0	0	0	0	0	0	0	none
DEL äß	0	0	0	0	0	0	0	0	0	0	0	none
DEL üschel	0	0	0	0	0	0	0	0	0	0	0	none
DEL ı	0	0	0	0	0	0	3	0	0	0	0	ཡིག=yıg;རིལ=rıl;སྲི=srı
DEL ń	0	0	0	0	0	0	0	0	0	0	0	none
DEL ṅ	0	0	0	0	0	0	160	0	2640	0	0	ཀོང=koṅ;ཀྱང=kyaṅ;ཀླུང=kluṅ;ཀློང=kloṅ;ཁང=kbaṅ;ཁང=khaṅ;ཁུང=khuṅ;ཁྱུང=khyuṅ
DEL ’u	0	0	0	0	0	0	1	0	0	0	0	སྤྲེའུ=spre’u
INS .	0	0	0	0	1	0	0	0	0	0	0	none
INS Sa	0	0	0	0	0	0	0	0	0	0	0	none
INS a	0	0	0	0	15	0	0	0	0	0	0	none
INS ag	0	0	0	0	0	0	0	0	0	0	0	none
INS ags	0	0	0	0	0	0	0	0	0	0	0	none
INS al	0	0	0	0	3	0	0	0	0	0	0	none
INS am	0	0	0	0	1	0	0	0	0	0	0	none
INS an	0	0	0	0	1	0	0	0	0	0	0	none
INS ar	0	0	0	0	0	0	0	0	0	0	0	none
INS aṅ	0	0	0	0	0	0	0	0	0	0	0	none
INS b	0	0	0	0	6	0	0	0	0	0	0	none
INS ba	0	0	0	0	0	0	0	0	0	0	0	none
INS bdu	0	0	0	0	0	0	0	0	0	0	0	none
INS bra	0	0	0	0	0	0	0	0	0	0	0	none
INS bre	0	0	0	0	0	0	0	0	0	0	0	none
INS bu	0	0	0	0	0	0	0	0	0	0	0	none
INS bye	0	0	0	0	0	0	0	0	0	0	0	none
INS c	0	0	0	0	1	0	0	0	0	0	0	none
INS cha	0	0	0	0	0	0	0	0	0	0	0	none
INS cho	0	0	0	0	0	0	0	0	0	0	0	none
INS co	0	0	0	0	0	0	0	0	0	0	0	none
INS d	0	0	0	0	9	0	0	0	0	0	0	none
INS da	0	0	0	0	2	0	0	0	0	0	0	none
INS deb	0	0	0	0	0	0	0	0	0	0	0	none
INS dmi	0	0	0	0	0	0	0	0	0	0	0	none
INS e	0	0	0	0	5	0	0	0	0	0	0	none
INS el	0	0	0	0	0	0	0	0	0	0	0	none
INS er	0	0	0	0	3	0	0	0	0	0	0	none
INS g	0	0	0	0	5	0	0	0	0	0	0	none
INS g.	0	0	0	0	0	0	0	0	0	0	0	none
INS god	0	0	0	0	0	0	0	0	0	0	0	none
INS gs	0	0	0	0	1	0	0	0	0	0	0	none
INS gse	0	0	0	0	0	0	0	0	0	0	0	none
INS gt	0	0	0	0	0	0	0	0	0	0	0	none
INS gu	0	0	0	0	0	0	0	0	0	0	0	none
INS gy	0	0	0	0	1	0	0	0	0	0	0	none
INS gyun	0	0	0	0	0	0	0	0	0	0	0	none
INS h	0	0	0	0	2	0	0	0	0	0	0	none
INS higs	0	0	0	0	0	0	0	0	0	0	0	none
INS huṅ	0	0	0	0	0	0	0	0	0	0	0	none
INS i	0	0	0	0	38	0	0	0	0	0	0	none
INS is	0	0	0	0	1	0	0	0	0	0	0	none
INS j	0	0	0	0	10	0	0	0	0	0	0	none
INS jag	0	0	0	0	0	0	0	0	0	0	0	none
INS k	0	0	0	0	0	0	0	0	0	0	0	none
INS kh	0	0	0	0	0	0	0	0	0	0	0	none
INS kha	0	0	0	0	0	0	0	0	0	0	0	none
INS kyes	0	0	0	0	0	0	0	0	0	0	0	none
INS kyi	0	0	0	0	0	0	0	0	0	0	0	none
INS l	0	0	0	0	11	0	0	0	0	0	0	none
INS la	0	0	0	0	1	0	0	0	0	0	0	none
INS leg	0	0	0	0	0	0	0	0	0	0	0	none
INS m	0	0	0	0	6	0	0	0	0	0	0	none
INS mju	0	0	0	0	0	0	0	0	0	0	0	none
INS n	0	0	0	0	23	0	0	0	0	0	0	none
INS ne	0	0	0	0	0	0	0	0	0	0	0	none
INS o	0	0	0	0	0	0	0	0	0	0	0	none
INS obs	0	0	0	0	0	0	0	0	0	0	0	none
INS og	0	0	0	0	0	0	0	0	0	0	0	none
INS or	0	0	0	0	0	0	0	0	0	0	0	none
INS os	0	0	0	0	0	0	0	0	0	0	0	none
INS p	0	0	0	0	0	0	0	0	0	0	0	none
INS pa	0	0	0	0	0	0	0	0	0	0	0	none
INS ph	0	0	0	0	0	0	0	0	0	0	0	none
INS r	0	0	0	0	13	0	0	0	0	0	0	none
INS ra	0	0	0	0	0	0	0	0	0	0	0	none
INS rd	0	0	0	0	0	0	0	0	0	0	0	none
INS rt	0	0	0	0	0	0	0	0	0	0	0	none
INS s	0	0	0	0	11	0	0	0	0	0	0	none
INS sar	0	0	0	0	0	0	0	0	0	0	0	none
INS sas	0	0	0	0	0	0	0	0	0	0	0	none
INS sd	0	0	0	0	0	0	0	0	0	0	0	none
INS sg	0	0	0	0	0	0	0	0	0	0	0	none
INS sgr	0	0	0	0	0	0	0	0	0	0	0	none
INS sky	0	0	0	0	1	0	0	0	0	0	0	none
INS so	0	0	0	0	0	0	0	0	0	0	0	none
INS t	0	0	0	0	10	0	0	0	0	0	0	none
INS tag	0	0	0	0	0	0	0	0	0	0	0	none
INS th	0	0	0	0	0	0	0	0	0	0	0	none
INS the	0	0	0	0	1	0	0	0	0	0	0	none
INS tho	0	0	0	0	0	0	0	0	0	0	0	none
INS ti	0	0	0	0	0	0	0	0	0	0	0	none
INS to	0	0	0	0	0	0	0	0	0	0	0	none
INS ts	0	0	0	0	0	0	0	0	0	0	0	none
INS tsha	0	0	0	0	0	0	0	0	0	0	0	none
INS tun	0	0	0	0	0	0	0	0	0	0	0	none
INS u	0	0	0	0	6	0	0	0	0	0	0	none
INS ub	0	0	0	0	0	0	0	0	0	0	0	none
INS ud	0	0	0	0	1	0	0	0	0	0	0	none
INS ur	0	0	0	0	0	0	0	0	0	0	0	none
INS uṅ	0	0	0	0	0	0	0	0	0	0	0	none
INS w	0	0	0	0	1	0	0	0	0	0	0	none
INS wa	0	0	0	0	0	0	0	0	0	0	0	none
INS y	0	1	0	0	17	0	0	0	0	0	0	none
INS ya	0	0	0	0	2	0	0	0	0	0	0	none
INS ye	0	0	0	0	0	0	0	0	0	0	0	none
INS yur	0	0	0	0	0	0	0	0	0	0	0	none
INS z	0	0	0	0	3	0	0	0	0	0	0	none
INS ze	0	0	0	0	0	0	0	0	0	0	0	none
INS ź	0	0	0	0	4	0	0	0	0	0	0	none
INS źi	0	0	0	0	0	0	0	0	0	0	0	none
INS ṅ	0	0	0	0	9	0	0	0	0	0	0	none
REPLACE 'i→ṅ	0	0	0	0	0	0	0	0	0	0	0	none
REPLACE ARE→ke	0	0	0	0	0	0	0	0	0	0	0	none
REPLACE ARE→thaṅ	0	0	0	0	0	0	0	0	0	0	0	none
REPLACE ART→gtum	0	0	0	0	0	0	0	0	0	0	0	none
REPLACE Abson→r	0	0	0	0	0	0	0	0	0	0	0	none
REPLACE Anf→gt	0	0	0	0	0	0	0	0	0	0	0	none
REPLACE Art→co	0	0	0	0	0	0	0	0	0	0	0	none
REPLACE Ar→gtum	0	0	0	0	0	0	0	0	0	0	0	none
REPLACE Aufge→na	0	0	0	0	0	0	0	0	0	0	0	none
REPLACE Aufsc→t	0	0	0	0	0	0	0	0	0	0	0	none
REPLACE Au→chag	0	0	0	0	0	0	0	0	0	0	0	none
REPLACE Az→pad	0	0	0	0	0	0	0	0	0	0	0	none
REPLACE A→dan	0	0	0	0	0	0	0	0	0	0	0	none
REPLACE A→dpo	0	0	0	0	0	0	0	0	0	0	0	none
REPLACE A→dwa	0	0	0	0	0	0	0	0	0	0	0	none
REPLACE A→ya	0	0	0	0	0	0	0	0	0	0	0	none
REPLACE BEN→go	0	0	0	0	0	0	0	0	0	0	0	none
REPLACE Bas→gź	0	0	0	0	0	0	0	0	0	0	0	none
REPLACE Beeinflu→gtog	0	0	0	0	0	0	0	0	0	0	0	none
REPLACE Behälter→snod	0	0	0	0	0	0	0	0	0	0	0	none
REPLACE Beiname→gtso	0	0	0	0	0	0	0	0	0	0	0	none
REPLACE Beina→phud	0	0	0	0	0	0	0	0	0	0	0	none
REPLACE Bein→bl	0	0	0	0	0	0	0	0	0	0	0	none
REPLACE Bein→ch	0	0	0	0	0	0	0	0	0	0	0	none
REPLACE Bei→mo	0	0	0	0	0	0	0	0	0	0	0	none
REPLACE Berggottheit→dwa	0	0	0	0	0	0	0	0	0	0	0	none
REPLACE Bericht→gsaṅ	0	0	0	0	0	0	0	0	0	0	0	none
REPLACE Besitz→nor	0	0	0	0	0	0	0	0	0	0	0	none
REPLACE Bestr→ch	0	0	0	0	0	0	0	0	0	0	0	none
REPLACE Bewei→rtag	0	0	0	0	0	0	0	0	0	0	0	none
REPLACE Be→n	0	0	0	0	0	0	0	0	0	0	0	none
REPLACE Be→sby	0	0	0	0	0	0	0	0	0	0	0	none
REPLACE Be→thar	0	0	0	0	0	0	0	0	0	0	0	none
REPLACE Be→y	0	0	0	0	0	0	0	0	0	0	0	none
REPLACE Bh→y	0	0	0	0	0	0	0	0	0	0	0	none
REPLACE Bitume→pha	0	0	0	0	0	0	0	0	0	0	0	none
REPLACE Blitz→od	0	0	0	0	0	0	0	0	0	0	0	none
REPLACE Blütenstaub→mo	0	0	0	0	0	0	0	0	0	0	0	none
REPLACE Boot→rab	0	0	0	0	0	0	0	0	0	0	0	none
REPLACE B→sky	0	0	0	0	0	0	0	0	0	0	0	none
REPLACE Dar→phye	0	0	0	0	0	0	0	0	0	0	0	none
REPLACE Daumen→ko	0	0	0	0	0	0	0	0	0	0	0	none
REPLACE Diebesgut→nor	0	0	0	0	0	0	0	0	0	0	0	none
REPLACE Diener→g.yog	0	0	0	0	0	0	0	0	0	0	0	none
REPLACE Di→zan	0	0	0	0	0	0	0	0	0	0	0	none
REPLACE Donne→sg	0	0	0	0	0	0	0	0	0	0	0	none
REPLACE D→by	0	0	0	0	0	0	0	0	0	0	0	none
REPLACE D→kh	0	0	0	0	0	0	0	0	0	0	0	none
REPLACE D→lc	0	0	0	0	0	0	0	0	0	0	0	none
REPLACE D→rts	0	0	0	0	0	0	0	0	0	0	0	none
REPLACE EIT→te	0	0	0	0	0	0	0	0	0	0	0	none
REPLACE Einheit→gyur	0	0	0	0	0	0	0	0	0	0	0	none
REPLACE Ein→so	0	0	0	0	0	0	0	0	0	0	0	none
REPLACE Ei→lcag	0	0	0	0	0	0	0	0	0	0	0	none
REPLACE Erbrin→ja	0	0	0	0	0	0	0	0	0	0	0	none
REPLACE Erfa→t	0	0	0	0	0	0	0	0	0	0	0	none
REPLACE Eselj→phr	0	0	0	0	0	0	0	0	0	0	0	none
REPLACE Familienname→gduṅ	0	0	0	0	0	0	0	0	0	0	0	none
REPLACE Fede→sg	0	0	0	0	0	0	0	0	0	0	0	none
REPLACE Felsbl→g	0	0	0	0	0	0	0	0	0	0	0	none
REPLACE Fels→k	0	0	0	0	0	0	0	0	0	0	0	none
REPLACE Fenster→khuṅ	0	0	0	0	0	0	0	0	0	0	0	none
REPLACE Festu→dpo	0	0	0	0	0	0	0	0	0	0	0	none
REPLACE Fe→thab	0	0	0	0	0	0	0	0	0	0	0	none
REPLACE Fi→bde	0	0	0	0	0	0	0	0	0	0	0	none
REPLACE Fluch→mo	0	0	0	0	0	0	0	0	0	0	0	none
REPLACE Flußfisch→mo	0	0	0	0	0	0	0	0	0	0	0	none
REPLACE Fluß→bab	0	0	0	0	0	0	0	0	0	0	0	none
REPLACE Fre→sd	0	0	0	0	0	0	0	0	0	0	0	none
REPLACE Fähre→yi	0	0	0	0	0	0	0	0	0	0	0	none
REPLACE Fü→k	0	0	0	0	0	0	0	0	0	0	0	none
REPLACE F→gs	0	0	0	0	0	0	0	0	0	0	0	none
REPLACE F→st	0	0	0	0	0	0	0	0	0	0	0	none
REPLACE Gegner→zla	0	0	0	0	0	0	0	0	0	0	0	none
REPLACE Gehege→rwa	0	0	0	0	0	0	0	0	0	0	0	none
REPLACE Gelie→thu	0	0	0	0	0	0	0	0	0	0	0	none
REPLACE Gemüsesuppe→ral	0	0	0	0	0	0	0	0	0	0	0	none
REPLACE Genick→stag	0	0	0	0	0	0	0	0	0	0	0	none
REPLACE Gesicht→kra	0	0	0	0	0	0	0	0	0	0	0	none
REPLACE Getrei→b	0	0	0	0	0	0	0	0	0	0	0	none
REPLACE Ge→jag	0	0	0	0	0	0	0	0	0	0	0	none
REPLACE Gicht→dreg	0	0	0	0	0	0	0	0	0	0	0	none
REPLACE Gicht→nad	0	0	0	0	0	0	0	0	0	0	0	none
REPLACE Glück→sdug	0	0	0	0	0	0	0	0	0	0	0	none
REPLACE Glühwürmche→s	0	0	0	0	0	0	0	0	0	0	0	none
REPLACE Gottes→gdu	0	0	0	0	0	0	0	0	0	0	0	none
REPLACE Gottheit→gad	0	0	0	0	0	0	0	0	0	0	0	none
REPLACE Gottheit→spyan	0	0	0	0	0	0	0	0	0	0	0	none
REPLACE Gotthert→dgag	0	0	0	0	0	0	0	0	0	0	0	none
REPLACE Grü→do	0	0	0	0	0	0	0	0	0	0	0	none
REPLACE G→gs	0	0	0	0	0	0	0	0	0	0	0	none
REPLACE Haarkn→lc	0	0	0	0	0	0	0	0	0	0	0	none
REPLACE Handlinie→mo	0	0	0	0	0	0	0	0	0	0	0	none
REPLACE Handrücken→goṅ	0	0	0	0	0	0	0	0	0	0	0	none
REPLACE Hauptte→gź	0	0	0	0	0	0	0	0	0	0	0	none
REPLACE Haus→k	0	0	0	0	0	0	0	0	0	0	0	none
REPLACE Ha→z	0	0	0	0	0	0	0	0	0	0	0	none
REPLACE Henker→byuṅ	0	0	0	0	0	0	0	0	0	0	0	none
REPLACE Henne→mo	0	0	0	0	0	0	0	0	0	0	0	none
REPLACE Herbeih→l	0	0	0	0	0	0	0	0	0	0	0	none
REPLACE Hg→byed	0	0	0	0	0	0	0	0	0	0	0	none
REPLACE Himmel→khyab	0	0	0	0	0	0	0	0	0	0	0	none
REPLACE Hochzeit→b	0	0	0	0	0	0	0	0	0	0	0	none
REPLACE Hufei→lcag	0	0	0	0	0	0	0	0	0	0	0	none
REPLACE H→st	0	0	0	0	0	0	0	0	0	0	0	none
REPLACE H→th	0	0	0	0	0	0	0	0	0	0	0	none
REPLACE Iched→por	0	0	0	0	0	0	0	0	0	0	0	none
REPLACE Iman→h	0	0	0	0	0	0	0	0	0	0	0	none
REPLACE Imthu→dpal	0	0	0	0	0	0	0	0	0	0	0	none
REPLACE Im→d	0	0	0	0	0	0	0	0	0	0	0	none
REPLACE Im→g	0	0	0	0	0	0	0	0	0	0	0	none
REPLACE Im→k	0	0	0	0	0	0	0	0	0	0	0	none
REPLACE Im→spy	0	0	0	0	0	0	0	0	0	0	0	none
REPLACE Innereien→lto	0	0	0	0	0	0	0	0	0	0	0	none
REPLACE Irm→ch	0	0	0	0	0	0	0	0	0	0	0	none
REPLACE Isbag→chen	0	0	0	0	0	0	0	0	0	0	0	none
REPLACE Isbyil→mo	0	0	0	0	0	0	0	0	0	0	0	none
REPLACE I→dmig	0	0	0	0	0	0	0	0	0	0	0	none
REPLACE I→don	0	0	0	0	0	0	0	0	0	0	0	none
REPLACE I→la	0	0	0	0	0	0	0	0	0	0	0	none
REPLACE I→lcags	0	0	0	0	0	0	0	0	0	0	0	none
REPLACE I→rgyu	0	0	0	0	0	0	0	0	0	0	0	none
REPLACE I→rla	0	0	0	0	0	0	0	0	0	0	0	none
REPLACE J→dwa	0	0	0	0	0	0	0	0	0	0	0	none
REPLACE J→lj	0	0	0	0	0	0	0	0	0	0	0	none
REPLACE Kaulquappe→mo	0	0	0	0	0	0	0	0	0	0	0	none
REPLACE Kommission→ze	0	0	0	0	0	0	0	0	0	0	0	none
REPLACE Kopfsteue→g	0	0	0	0	0	0	0	0	0	0	0	none
REPLACE Kopfsteue→kh	0	0	0	0	0	0	0	0	0	0	0	none
REPLACE Kraf→s	0	0	0	0	0	0	0	0	0	0	0	none
REPLACE Krankhe→gź	0	0	0	0	0	0	0	0	0	0	0	none
REPLACE Krankh→by	0	0	0	0	0	0	0	0	0	0	0	none
REPLACE Kro→pa	0	0	0	0	0	0	0	0	0	0	0	none
REPLACE Kuhbutte→ma	0	0	0	0	0	0	0	0	0	0	0	none
REPLACE Köcher→doṅ	0	0	0	0	0	0	0	0	0	0	0	none
REPLACE K→gzi	0	0	0	0	0	0	0	0	0	0	0	none
REPLACE Lagerp→yu	0	0	0	0	0	0	0	0	0	0	0	none
REPLACE Lehrwerk→dan	0	0	0	0	0	0	0	0	0	0	0	none
REPLACE Leh→g	0	0	0	0	0	0	0	0	0	0	0	none
REPLACE Leiter→skas	0	0	0	0	0	0	0	0	0	0	0	none
REPLACE Lei→na	0	0	0	0	0	0	0	0	0	0	0	none
REPLACE Licht→od	0	0	0	0	0	0	0	0	0	0	0	none
REPLACE MYI→yi	0	0	0	0	0	0	0	0	0	0	0	none
REPLACE Magnet→loṅ	0	0	0	0	0	0	0	0	0	0	0	none
REPLACE Menschenkunde→brtag	0	0	0	0	0	0	0	0	0	0	0	none
REPLACE Ministe→g	0	0	0	0	0	0	0	0	0	0	0	none
REPLACE Morg→sky	0	0	0	0	0	0	0	0	0	0	0	none
REPLACE MÜNCHEN→de	0	0	0	0	0	0	0	0	0	0	0	none
REPLACE Mära→t	0	0	0	0	0	0	0	0	0	0	0	none
REPLACE Mühl→by	0	0	0	0	0	0	0	0	0	0	0	none
REPLACE M→br	0	0	0	0	0	0	0	0	0	0	0	none
REPLACE M→mth	0	0	0	0	0	0	0	0	0	0	0	none
REPLACE M→rdz	0	0	0	0	0	0	0	0	0	0	0	none
REPLACE M→st	0	0	0	0	0	0	0	0	0	0	0	none
REPLACE M→th	0	0	0	0	0	0	0	0	0	0	0	none
REPLACE NAT→gtum	0	0	0	0	0	0	0	0	0	0	0	none
REPLACE Nab→lt	0	0	0	0	0	0	0	0	0	0	0	none
REPLACE Nahr→b	0	0	0	0	0	0	0	0	0	0	0	none
REPLACE Nams→og	0	0	0	0	0	0	0	0	0	0	0	none
REPLACE Na→mchod	0	0	0	0	0	0	0	0	0	0	0	none
REPLACE Neb→gtad	0	0	0	0	0	0	0	0	0	0	0	none
REPLACE Nf→gag	0	0	0	0	0	0	0	0	0	0	0	none
REPLACE Nl→ñ	0	1	0	0	2	0	0	0	0	0	0	none
REPLACE Nomadengebiet→yul	0	0	0	0	0	0	0	0	0	0	0	none
REPLACE N→bzaṅ	0	0	0	0	0	0	0	0	0	0	0	none
REPLACE N→ci	0	0	0	0	0	0	0	0	0	0	0	none
REPLACE N→dwa	0	0	0	0	0	0	0	0	0	0	0	none
REPLACE N→dza	0	0	0	0	0	0	0	0	0	0	0	none
REPLACE N→gyur	0	0	0	0	0	0	0	0	0	0	0	none
REPLACE N→kh	0	0	0	0	0	0	0	0	0	0	0	none
REPLACE N→mo	0	0	0	0	0	0	0	0	0	0	0	none
REPLACE N→oṅ	0	0	0	0	0	0	0	0	0	0	0	none
REPLACE N→stoṅ	0	0	0	0	0	0	0	0	0	0	0	none
REPLACE Onke→z	0	0	0	0	0	0	0	0	0	0	0	none
REPLACE PProvinzen→du	0	0	0	0	0	0	0	0	0	0	0	none
REPLACE Pe→g	0	0	0	0	0	0	0	0	0	0	0	none
REPLACE Pfeilspitze→rma	0	0	0	0	0	0	0	0	0	0	0	none
REPLACE Pfeil→gro	0	0	0	0	0	0	0	0	0	0	0	none
REPLACE Plan→gźi	0	0	0	0	0	0	0	0	0	0	0	none
REPLACE Pr→l	0	0	0	0	0	0	0	0	0	0	0	none
REPLACE P→phyu	0	0	0	0	0	0	0	0	0	0	0	none
REPLACE Quarz→goṅ	0	0	0	0	0	0	0	0	0	0	0	none
REPLACE Querb→lc	0	0	0	0	0	0	0	0	0	0	0	none
REPLACE RR→dwa	0	0	0	0	0	0	0	0	0	0	0	none
REPLACE RS→stobs	0	0	0	0	0	0	0	0	0	0	0	none
REPLACE Reichtum→nor	0	0	0	0	0	0	0	0	0	0	0	none
REPLACE Reic→k	0	0	0	0	0	0	0	0	0	0	0	none
REPLACE Reinheit→lu	0	0	0	0	0	0	0	0	0	0	0	none
REPLACE Rekru→b	0	0	0	0	0	0	0	0	0	0	0	none
REPLACE Rohrf→g	0	0	0	0	0	0	0	0	0	0	0	none
REPLACE Rä→s	0	0	0	0	0	0	0	0	0	0	0	none
REPLACE R→gt	0	0	0	0	0	0	0	0	0	0	0	none
REPLACE R→sk	0	0	0	0	0	0	0	0	0	0	0	none
REPLACE SAYS→mgo	0	0	0	0	0	0	0	0	0	0	0	none
REPLACE SIEH→gu	0	0	0	0	0	0	0	0	0	0	0	none
REPLACE SI→debs	0	0	0	0	0	0	0	0	0	0	0	none
REPLACE STAAT→stag	0	0	0	0	0	0	0	0	0	0	0	none
REPLACE STATE→go	0	0	0	0	0	0	0	0	0	0	0	none
REPLACE Sa→gros	0	0	0	0	0	0	0	0	0	0	0	none
REPLACE Sa→koṅ	0	0	0	0	0	0	0	0	0	0	0	none
REPLACE Schiff→gro	0	0	0	0	0	0	0	0	0	0	0	none
REPLACE Schlan→mju	0	0	0	0	0	0	0	0	0	0	0	none
REPLACE Schl→rw	0	0	0	0	0	0	0	0	0	0	0	none
REPLACE Schürh→y	0	0	0	0	0	0	0	0	0	0	0	none
REPLACE Sch→gz	0	0	0	0	0	0	0	0	0	0	0	none
REPLACE Sc→t	0	0	0	0	0	0	0	0	0	0	0	none
REPLACE Segen→bcol	0	0	0	0	0	0	0	0	0	0	0	none
REPLACE Sichtwei→lug	0	0	0	0	0	0	0	0	0	0	0	none
REPLACE Si→ras	0	0	0	0	0	0	0	0	0	0	0	none
REPLACE Spe→ka	0	0	0	0	0	0	0	0	0	0	0	none
REPLACE Spiegelung→mo	0	0	0	0	0	0	0	0	0	0	0	none
REPLACE Spr→sk	0	0	0	0	0	0	0	0	0	0	0	none
REPLACE Stric→s	0	0	0	0	0	0	0	0	0	0	0	none
REPLACE Suffix→go	0	0	0	0	0	0	0	0	0	0	0	none
REPLACE S→de	0	0	0	0	0	0	0	0	0	0	0	none
REPLACE S→kra	0	0	0	0	0	0	0	0	0	0	0	none
REPLACE Tbag→tshos	0	0	0	0	0	0	0	0	0	0	0	none
REPLACE Tchu→sbyaṅ	0	0	0	0	0	0	0	0	0	0	0	none
REPLACE Texte→jo	0	0	0	0	0	0	0	0	0	0	0	none
REPLACE Text→ran	0	0	0	0	0	0	0	0	0	0	0	none
REPLACE Te→skor	0	0	0	0	0	0	0	0	0	0	0	none
REPLACE Tkhyug→se	0	0	0	0	0	0	0	0	0	0	0	none
REPLACE Tmcho→bye	0	0	0	0	0	0	0	0	0	0	0	none
REPLACE Tmg→d	0	0	0	0	0	0	0	0	0	0	0	none
REPLACE Tmi→r	0	0	0	0	0	0	0	0	0	0	0	none
REPLACE Tomi→lus	0	0	0	0	0	0	0	0	0	0	0	none
REPLACE Tpha→oṅ	0	0	0	0	0	0	0	0	0	0	0	none
REPLACE Tphr→g	0	0	0	0	0	0	0	0	0	0	0	none
REPLACE Tr→g.y	0	0	0	0	0	0	0	0	0	0	0	none
REPLACE Tr→p	0	0	0	0	0	0	0	0	0	0	0	none
REPLACE Umrechn→l	0	0	0	0	0	0	0	0	0	0	0	none
REPLACE Unend→yas	0	0	0	0	0	0	0	0	0	0	0	none
REPLACE Unterbreit→ph	0	0	0	0	0	0	0	0	0	0	0	none
REPLACE U→gda	0	0	0	0	0	0	0	0	0	0	0	none
REPLACE U→gro	0	0	0	0	0	0	0	0	0	0	0	none
REPLACE U→mgo	0	0	0	0	0	0	0	0	0	0	0	none
REPLACE V'bre→gaṅ	0	0	0	0	0	0	0	0	0	0	0	none
REPLACE Vd→y	0	0	0	0	0	0	0	0	0	0	0	none
REPLACE Verrücktheit→bog	0	0	0	0	0	0	0	0	0	0	0	none
REPLACE Verw→zl	0	0	0	0	0	0	0	0	0	0	0	none
REPLACE Veuergefäß→yi	0	0	0	0	0	0	0	0	0	0	0	none
REPLACE Ve→sbyo	0	0	0	0	0	0	0	0	0	0	0	none
REPLACE V’chi→blas	0	0	0	0	0	0	0	0	0	0	0	none
REPLACE V→br	0	0	0	0	0	0	0	0	0	0	0	none
REPLACE V→mth	0	0	0	0	0	0	0	0	0	0	0	none
REPLACE V→rt	0	0	0	0	0	0	0	0	0	0	0	none
REPLACE V→ts	0	0	0	0	0	0	0	0	0	0	0	none
REPLACE Wan→l	0	0	0	0	0	0	0	0	0	0	0	none
REPLACE Warnu→gto	0	0	0	0	0	0	0	0	0	0	0	none
REPLACE Wasserkeim→bon	0	0	0	0	0	0	0	0	0	0	0	none
REPLACE Wedel→yab	0	0	0	0	0	0	0	0	0	0	0	none
REPLACE We→k	0	0	0	0	0	0	0	0	0	0	0	none
REPLACE Woll→da	0	0	0	0	0	0	0	0	0	0	0	none
REPLACE Wort→gy	0	0	0	0	0	0	0	0	0	0	0	none
REPLACE Wüste→daṅ	0	0	0	0	0	0	0	0	0	0	0	none
REPLACE W→phy	0	0	0	0	0	0	0	0	0	0	0	none
REPLACE Y'bron→ge	0	0	0	0	0	0	0	0	0	0	0	none
REPLACE Ybyas→gzo	0	0	0	0	0	0	0	0	0	0	0	none
REPLACE Yen→spyad	0	0	0	0	0	0	0	0	0	0	0	none
REPLACE ZZahlw→n	0	0	0	0	0	0	0	0	0	0	0	none
REPLACE Zab→gu	0	0	0	0	0	0	0	0	0	0	0	none
REPLACE Zahl→ji	0	0	0	0	0	0	0	0	0	0	0	none
REPLACE Ze→r	0	0	0	0	0	0	0	0	0	0	0	none
REPLACE Zie→yu	0	0	0	0	0	0	0	0	0	0	0	none
REPLACE Ziff→t	0	0	0	0	0	0	0	0	0	0	0	none
REPLACE Zig→thor	0	0	0	0	0	0	0	0	0	0	0	none
REPLACE Zukunft→phyis	0	0	0	0	0	0	0	0	0	0	0	none
REPLACE Zu→dog	0	0	0	0	0	0	0	0	0	0	0	none
REPLACE Zu→jags	0	0	0	0	0	0	0	0	0	0	0	none
REPLACE Zu→kho	0	0	0	0	0	0	0	0	0	0	0	none
REPLACE Zweifel→chum	0	0	0	0	0	0	0	0	0	0	0	none
REPLACE Zwischenexistenz→do	0	0	0	0	0	0	0	0	0	0	0	none
REPLACE Z→brt	0	0	0	0	0	0	0	0	0	0	0	none
REPLACE Z→gr	0	0	0	0	0	0	0	0	0	0	0	none
REPLACE abgelegene→stoṅ	0	0	0	0	0	0	0	0	0	0	0	none
REPLACE agen→i	0	0	0	0	0	0	0	0	0	0	0	none
REPLACE ag→o	0	0	0	0	0	0	0	0	0	0	0	none
REPLACE allhin→o	0	0	0	0	0	0	0	0	0	0	0	none
REPLACE allwiss→mkhy	0	0	0	0	0	0	0	0	0	0	0	none
REPLACE anso→yum	0	0	0	0	0	0	0	0	0	0	0	none
REPLACE ans→i	0	0	0	0	0	0	0	0	0	0	0	none
REPLACE ans→ig	0	0	0	0	0	0	0	0	0	0	0	none
REPLACE an→e	0	0	0	0	1	0	0	0	0	0	0	none
REPLACE an→i	0	0	0	0	0	0	0	0	0	0	0	none
REPLACE an→o	0	0	0	0	0	0	0	0	0	0	0	none
REPLACE an→tho	0	0	0	0	0	0	0	0	0	0	0	none
REPLACE ao→deb	0	0	0	0	0	0	0	0	0	0	0	none
REPLACE ap→sder	0	0	0	0	0	0	0	0	0	0	0	none
REPLACE ar→mgo	0	0	0	0	0	0	0	0	0	0	0	none
REPLACE astr→mgo	0	0	0	0	0	0	0	0	0	0	0	none
REPLACE atzen→ug	0	0	0	0	0	0	0	0	0	0	0	none
REPLACE auchphyin→log	0	0	0	0	0	0	0	0	0	0	0	none
REPLACE aufg→by	0	0	0	0	0	0	0	0	0	0	0	none
REPLACE auf→di	0	0	0	0	0	0	0	0	0	0	0	none
REPLACE au→o	0	0	0	0	0	0	0	0	0	0	0	none
REPLACE a→bde	0	0	0	0	0	0	0	0	0	0	0	none
REPLACE a→chod	0	0	0	0	0	0	0	0	0	0	0	none
REPLACE a→gro	0	0	0	0	0	0	0	0	0	0	0	none
REPLACE a→iṅ	0	0	0	0	0	0	0	0	0	0	0	none
REPLACE a→lto	0	0	0	0	0	0	0	0	0	0	0	none
REPLACE a→mos	0	0	0	0	0	0	0	0	0	0	0	none
REPLACE a→ogs	0	0	0	0	0	0	0	0	0	0	0	none
REPLACE a→rel	0	0	0	0	0	0	0	0	0	0	0	none
REPLACE a→ul	0	0	0	0	0	0	0	0	0	0	0	none
REPLACE a→yuṅ	0	0	0	0	0	0	0	0	0	0	0	none
REPLACE bZ→j	0	0	0	0	0	0	0	0	0	0	0	none
REPLACE ba'i→yuṅ	0	0	0	0	0	0	0	0	0	0	0	none
REPLACE ba’i→dge	0	0	0	0	0	0	0	0	0	0	0	none
REPLACE ba→chen	0	0	0	0	0	0	0	0	0	0	0	none
REPLACE ba→chuṅ	0	0	0	0	0	0	0	0	0	0	0	none
REPLACE ba→dri	0	0	0	0	0	0	0	0	0	0	0	none
REPLACE ba→g.yo	0	0	0	0	0	0	0	0	0	0	0	none
REPLACE ba→gyur	0	0	0	0	0	0	0	0	0	0	0	none
REPLACE ba→kor	0	0	0	0	0	0	0	0	0	0	0	none
REPLACE ba→lto	0	0	0	0	0	0	0	0	0	0	0	none
REPLACE ba→phreṅ	0	0	0	0	0	0	0	0	0	0	0	none
REPLACE ba→yul	0	0	0	0	0	0	0	0	0	0	0	none
REPLACE bcal→yis	0	0	0	0	0	0	0	0	0	0	0	none
REPLACE bdnd→ye	0	0	0	0	0	0	0	0	0	0	0	none
REPLACE bd→l	0	0	0	0	0	0	0	0	0	0	0	none
REPLACE behaftet→gos	0	0	0	0	0	0	0	0	0	0	0	none
REPLACE bekanntmachen→dogs	0	0	0	0	0	0	0	0	0	0	0	none
REPLACE ben→d	0	0	0	0	0	0	0	0	0	0	0	none
REPLACE beu→khar	0	0	0	0	0	0	0	0	0	0	0	none
REPLACE bliche→gs	0	0	0	0	0	0	0	0	0	0	0	none
REPLACE blo→gter	0	0	0	0	0	0	0	0	0	0	0	none
REPLACE bnissteine→l	0	0	0	0	0	0	0	0	0	0	0	none
REPLACE bor→te	0	0	0	0	0	0	0	0	0	0	0	none
REPLACE bo→seṅ	0	0	0	0	0	0	0	0	0	0	0	none
REPLACE breg→mo	0	0	0	0	0	0	0	0	0	0	0	none
REPLACE brgy→kh	0	0	0	0	0	0	0	0	0	0	0	none
REPLACE brt→s	0	0	0	0	0	0	0	0	0	0	0	none
REPLACE bsags→du	0	0	0	0	0	0	0	0	0	0	0	none
REPLACE bsus→no	0	0	0	0	0	0	0	0	0	0	0	none
REPLACE bsṅal→ge	0	0	0	0	0	0	0	0	0	0	0	none
REPLACE bs→y	0	0	0	0	0	0	0	0	0	0	0	none
REPLACE buch→don	0	0	0	0	0	0	0	0	0	0	0	none
REPLACE bu→chen	0	0	0	0	1	0	0	0	0	0	0	none
REPLACE bu→kra	0	0	0	0	0	0	0	0	0	0	0	none
REPLACE bu→loṅ	0	0	0	0	0	0	0	0	0	0	0	none
REPLACE bu→mgron	0	0	0	0	0	0	0	0	0	0	0	none
REPLACE bu→nor	0	0	0	0	0	0	0	0	0	0	0	none
REPLACE bu→skyes	0	0	0	0	0	0	0	0	0	0	0	none
REPLACE bu→thor	0	0	0	0	0	0	0	0	0	0	0	none
REPLACE bu→tsa	0	0	0	0	0	0	0	0	0	0	0	none
REPLACE byar→um	0	0	0	0	0	0	0	0	0	0	0	none
REPLACE byaṅ→mig	0	0	0	0	0	0	0	0	0	0	0	none
REPLACE byi→lo	0	0	0	0	0	0	0	0	0	0	0	none
REPLACE bza→r	0	0	0	0	0	0	0	0	0	0	0	none
REPLACE bzin→du	0	0	0	0	0	0	0	0	0	0	0	none
REPLACE büchse→og	0	0	0	0	0	0	0	0	0	0	0	none
REPLACE bśul→riṅ	0	0	0	0	0	0	0	0	0	0	0	none
REPLACE b→ch	0	0	0	0	0	0	0	0	0	0	0	none
REPLACE b→dr	0	0	0	0	0	0	0	0	0	0	0	none
REPLACE b→gs	0	0	0	0	0	0	0	0	0	0	0	none
REPLACE b→gt	0	0	0	0	0	0	0	0	0	0	0	none
REPLACE b→gts	0	0	0	0	0	0	0	0	0	0	0	none
REPLACE b→kh	0	0	0	0	0	0	0	0	0	0	0	none
REPLACE b→khr	0	0	0	0	0	0	0	0	0	0	0	none
REPLACE b→kr	0	0	0	0	0	0	0	0	0	0	0	none
REPLACE b→lt	0	0	0	0	0	0	0	0	0	0	0	none
REPLACE b→mn	0	0	0	0	0	0	0	0	0	0	0	none
REPLACE b→mr	0	0	0	0	0	0	0	0	0	0	0	none
REPLACE b→ph	0	0	0	0	0	0	0	0	0	0	0	none
REPLACE b→sk	0	0	0	0	0	0	0	0	0	0	0	none
REPLACE b→sn	0	0	0	0	0	0	0	0	0	0	0	none
REPLACE b→sp	0	0	0	0	0	0	0	0	0	0	0	none
REPLACE b→th	0	0	0	0	0	0	0	0	0	0	0	none
REPLACE can→g.yel	0	0	0	0	0	0	0	0	0	0	0	none
REPLACE can→gdoṅ	0	0	0	0	0	0	0	0	0	0	0	none
REPLACE can→sgrib	0	0	0	0	0	0	0	0	0	0	0	none
REPLACE che→d	0	0	0	0	0	0	0	0	0	0	0	none
REPLACE che→ri	0	0	0	0	0	0	0	0	0	0	0	none
REPLACE chnung→s	0	0	0	0	0	0	0	0	0	0	0	none
REPLACE chod→reg	0	0	0	0	0	0	0	0	0	0	0	none
REPLACE cho→rigs	0	0	0	0	0	0	0	0	0	0	0	none
REPLACE cht→ag	0	0	0	0	0	0	0	0	0	0	0	none
REPLACE cht→bs	0	0	0	0	0	0	0	0	0	0	0	none
REPLACE chuo-t→d	0	0	0	0	0	0	0	0	0	0	0	none
REPLACE ch→a	0	0	0	0	0	0	0	0	0	0	0	none
REPLACE ch→m	0	0	0	0	0	0	0	0	0	0	0	none
REPLACE ch→s	0	0	0	0	0	0	0	0	0	0	0	none
REPLACE cine→mar	0	0	0	0	0	0	0	0	0	0	0	none
REPLACE cine→mo	0	0	0	0	0	0	0	0	0	0	0	none
REPLACE cin→thod	0	0	0	0	0	0	0	0	0	0	0	none
REPLACE ci→log	0	0	0	0	0	0	0	0	0	0	0	none
REPLACE ci→thod	0	0	0	0	0	0	0	0	0	0	0	none
REPLACE cke→bs	0	0	0	0	0	0	0	0	0	0	0	none
REPLACE ck→s	0	0	0	0	0	0	0	0	0	0	0	none
REPLACE ck→ṅ	0	0	0	0	0	0	0	0	0	0	0	none
REPLACE crcr→di	0	0	0	0	0	0	0	0	0	0	0	none
REPLACE c→gl	0	0	0	0	0	0	0	0	0	0	0	none
REPLACE c→rts	0	0	0	0	0	0	0	0	0	0	0	none
REPLACE c→th	0	0	0	0	1	0	0	0	0	0	0	none
REPLACE dbah→ris	0	0	0	0	0	0	0	0	0	0	0	none
REPLACE dban→moṅ	0	0	0	0	0	0	0	0	0	0	0	none
REPLACE dbar→c	0	0	0	0	0	0	0	0	0	0	0	none
REPLACE dbyar→chen	0	0	0	0	0	0	0	0	0	0	0	none
REPLACE dbyins→koṅ	0	0	0	0	0	0	0	0	0	0	0	none
REPLACE del→b	0	0	0	0	0	0	0	0	0	0	0	none
REPLACE dem→lhag	0	0	0	0	0	0	0	0	0	0	0	none
REPLACE de→zla	0	0	0	0	0	0	0	0	0	0	0	none
REPLACE diese→ltar	0	0	0	0	0	0	0	0	0	0	0	none
REPLACE die→t	0	0	0	0	0	0	0	0	0	0	0	none
REPLACE divin→gto	0	0	0	0	0	0	0	0	0	0	0	none
REPLACE dmigs→char	0	0	0	0	0	0	0	0	0	0	0	none
REPLACE dod→chags	0	0	0	0	0	0	0	0	0	0	0	none
REPLACE don→yi	0	0	0	0	0	0	0	0	0	0	0	none
REPLACE do→nub	0	0	0	0	0	0	0	0	0	0	0	none
REPLACE dra→chen	0	0	0	0	0	0	0	0	0	0	0	none
REPLACE dri→bzaṅ	0	0	0	0	0	0	0	0	0	0	0	none
REPLACE dug→al	0	0	0	0	0	0	0	0	0	0	0	none
REPLACE dus→og	0	0	0	0	0	0	0	0	0	0	0	none
REPLACE dus→yi	0	0	0	0	0	0	0	0	0	0	0	none
REPLACE du→goṅ	0	0	0	0	0	0	0	0	0	0	0	none
REPLACE du→lon	0	0	0	0	0	0	0	0	0	0	0	none
REPLACE du→steṅ	0	0	0	0	0	0	0	0	0	0	0	none
REPLACE d→by	0	0	0	0	0	0	0	0	0	0	0	none
REPLACE d→gr	0	0	0	0	0	0	0	0	0	0	0	none
REPLACE d→lt	0	0	0	0	0	0	0	0	0	0	0	none
REPLACE d→ms	0	0	0	0	1	0	0	0	0	0	0	none
REPLACE d→ph	0	0	0	0	0	0	0	0	0	0	0	none
REPLACE d→po	0	0	0	0	0	0	0	0	0	0	0	none
REPLACE d→rky	0	0	0	0	0	0	0	0	0	0	0	none
REPLACE eb→z	0	0	0	0	0	0	0	0	0	0	0	none
REPLACE echapfel→o	0	0	0	0	0	0	0	0	0	0	0	none
REPLACE echnung→tsis	0	0	0	0	0	0	0	0	0	0	0	none
REPLACE ehe→sgyu	0	0	0	0	0	0	0	0	0	0	0	none
REPLACE eineKuh→yar	0	0	0	0	0	0	0	0	0	0	0	none
REPLACE einen→bur	0	0	0	0	0	0	0	0	0	0	0	none
REPLACE eines→gram	0	0	0	0	0	0	0	0	0	0	0	none
REPLACE eines→rab	0	0	0	0	0	0	0	0	0	0	0	none
REPLACE eit→u	0	0	0	0	0	0	0	0	0	0	0	none
REPLACE endlo→ya	0	0	0	0	0	0	0	0	0	0	0	none
REPLACE enmantel→os	0	0	0	0	0	0	0	0	0	0	0	none
REPLACE ents→g	0	0	0	0	0	0	0	0	0	0	0	none
REPLACE en→hog	0	0	0	0	0	0	0	0	0	0	0	none
REPLACE erlangen→thob	0	0	0	0	0	0	0	0	0	0	0	none
REPLACE erzrā→d	0	0	0	0	0	0	0	0	0	0	0	none
REPLACE er→btags	0	0	0	0	0	0	0	0	0	0	0	none
REPLACE esse→a	0	0	0	0	0	0	0	0	0	0	0	none
REPLACE es→lta	0	0	0	0	0	0	0	0	0	0	0	none
REPLACE eteilt→yur	0	0	0	0	0	0	0	0	0	0	0	none
REPLACE eviel→g	0	0	0	0	0	0	0	0	0	0	0	none
REPLACE ey→chog	0	0	0	0	0	0	0	0	0	0	0	none
REPLACE ey→k	0	0	0	0	0	0	0	0	0	0	0	none
REPLACE e→dan	0	0	0	0	0	0	0	0	0	0	0	none
REPLACE e→du	0	0	0	0	0	0	0	0	0	0	0	none
REPLACE e→on	0	0	0	0	0	0	0	0	0	0	0	none
REPLACE e→ruṅ	0	0	0	0	0	0	0	0	0	0	0	none
REPLACE e→sin	0	0	0	0	0	0	0	0	0	0	0	none
REPLACE e→tabs	0	0	0	0	0	0	0	0	0	0	0	none
REPLACE e→un	0	0	0	0	0	0	0	0	0	0	0	none
REPLACE e→yi	0	0	0	0	0	0	0	0	0	0	0	none
REPLACE e→źi	0	0	0	0	0	0	0	0	0	0	0	none
REPLACE fehlung→ib	0	0	0	0	0	0	0	0	0	0	0	none
REPLACE finition→d	0	0	0	0	0	0	0	0	0	0	0	none
REPLACE freu→gsi	0	0	0	0	0	0	0	0	0	0	0	none
REPLACE frü→c	0	0	0	0	0	0	0	0	0	0	0	none
REPLACE fung→d	0	0	0	0	0	0	0	0	0	0	0	none
REPLACE fur→dgag	0	0	0	0	0	0	0	0	0	0	0	none
REPLACE fur→dgod	0	0	0	0	0	0	0	0	0	0	0	none
REPLACE f→dby	0	0	0	0	0	0	0	0	0	0	0	none
REPLACE f→phya	0	0	0	0	0	0	0	0	0	0	0	none
REPLACE g.yel→snaṅ	0	0	0	0	0	0	0	0	0	0	0	none
REPLACE gN→babs	0	0	0	0	0	0	0	0	0	0	0	none
REPLACE ga→zes	0	0	0	0	0	0	0	0	0	0	0	none
REPLACE gdon→yi	0	0	0	0	0	0	0	0	0	0	0	none
REPLACE gebeugt→khro	0	0	0	0	0	0	0	0	0	0	0	none
REPLACE gehört→pan	0	0	0	0	0	0	0	0	0	0	0	none
REPLACE genießen→skyod	0	0	0	0	0	0	0	0	0	0	0	none
REPLACE gens→lto	0	0	0	0	0	0	0	0	0	0	0	none
REPLACE ger→m	0	0	0	0	0	0	0	0	0	0	0	none
REPLACE ger→no	0	0	0	0	0	0	0	0	0	0	0	none
REPLACE gi→b	0	0	0	0	0	0	0	0	0	0	0	none
REPLACE gi→thob	0	0	0	0	0	0	0	0	0	0	0	none
REPLACE glücklich→bde	0	0	0	0	0	0	0	0	0	0	0	none
REPLACE gra→yi	0	0	0	0	0	0	0	0	0	0	0	none
REPLACE grenzenlo→byam	0	0	0	0	0	0	0	0	0	0	0	none
REPLACE grlan→mo	0	0	0	0	0	0	0	0	0	0	0	none
REPLACE grün→mo	0	0	0	0	0	0	0	0	0	0	0	none
REPLACE gsum→dal	0	0	0	0	0	0	0	0	0	0	0	none
REPLACE gs→l	0	0	0	0	0	0	0	0	0	0	0	none
REPLACE gs→ṅ	0	0	0	0	0	0	0	0	0	0	0	none
REPLACE gtsaṅ→yi	0	0	0	0	0	0	0	0	0	0	0	none
REPLACE gtso→yi	0	0	0	0	0	0	0	0	0	0	0	none
REPLACE gt→mch	0	0	0	0	0	0	0	0	0	0	0	none
REPLACE gyed→riṅ	0	0	0	0	0	0	0	0	0	0	0	none
REPLACE gyi→bstan	0	0	0	0	0	0	0	0	0	0	0	none
REPLACE gy→d	0	0	0	0	0	0	0	0	0	0	0	none
REPLACE gy→m	0	0	0	0	0	0	0	0	0	0	0	none
REPLACE gzugs→yi	0	0	0	0	0	0	0	0	0	0	0	none
REPLACE g→byuṅ	0	0	0	0	0	0	0	0	0	0	0	none
REPLACE g→kh	0	0	0	0	0	0	0	0	0	0	0	none
REPLACE g→sk	0	0	0	0	0	0	0	0	0	0	0	none
REPLACE g→sm	0	0	0	0	0	0	0	0	0	0	0	none
REPLACE halt→sky	0	0	0	0	0	0	0	0	0	0	0	none
REPLACE hban→o	0	0	0	0	0	0	0	0	0	0	0	none
REPLACE hei→o	0	0	0	0	0	0	0	0	0	0	0	none
REPLACE hilfreich→bab	0	0	0	0	0	0	0	0	0	0	0	none
REPLACE hi→ṅ	0	0	0	0	0	0	0	0	0	0	0	none
REPLACE hlraum→ṅ	0	0	0	0	0	0	0	0	0	0	0	none
REPLACE hon→gril	0	0	0	0	0	0	0	0	0	0	0	none
REPLACE hud→o	0	0	0	0	0	0	0	0	0	0	0	none
REPLACE höchster→dbyig	0	0	0	0	0	0	0	0	0	0	0	none
REPLACE h→ad	0	0	0	0	0	0	0	0	0	0	0	none
REPLACE h→bam	0	0	0	0	0	0	0	0	0	0	0	none
REPLACE h→ku	0	0	0	0	0	0	0	0	0	0	0	none
REPLACE h→ld	0	0	0	0	0	0	0	0	0	0	0	none
REPLACE ichtlich→um	0	0	0	0	0	0	0	0	0	0	0	none
REPLACE ier→s	0	0	0	0	0	0	0	0	0	0	0	none
REPLACE ie→o	0	0	0	0	0	0	0	0	0	0	0	none
REPLACE igen→aṅ	0	0	0	0	0	0	0	0	0	0	0	none
REPLACE ig→o	0	0	0	0	0	0	0	0	0	0	0	none
REPLACE im→ldan	0	0	0	0	0	0	0	0	0	0	0	none
REPLACE iname→s	0	0	0	0	0	0	0	0	0	0	0	none
REPLACE inhaltliche→sko	0	0	0	0	0	0	0	0	0	0	0	none
REPLACE inten→byam	0	0	0	0	0	0	0	0	0	0	0	none
REPLACE in→dru	0	0	0	0	0	0	0	0	0	0	0	none
REPLACE in→goṅ	0	0	0	0	0	0	0	0	0	0	0	none
REPLACE in→m	0	0	0	0	3	0	0	0	0	0	0	none
REPLACE ir→byed	0	0	0	0	0	0	0	0	0	0	0	none
REPLACE iten→d	0	0	0	0	0	0	0	0	0	0	0	none
REPLACE it→u	0	0	0	0	1	0	0	0	0	0	0	none
REPLACE i→ad	0	0	0	0	0	0	0	0	0	0	0	none
REPLACE i→an	0	0	0	0	0	0	0	0	0	0	0	none
REPLACE i→gdan	0	0	0	0	0	0	0	0	0	0	0	none
REPLACE i→pha	0	0	0	0	0	0	0	0	0	0	0	none
REPLACE i→re	0	0	0	0	0	0	0	0	0	0	0	none
REPLACE i→sbyor	0	0	0	0	0	0	0	0	0	0	0	none
REPLACE i→tshugs	0	0	0	0	0	0	0	0	0	0	0	none
REPLACE je→dza	0	0	0	0	0	0	0	0	0	0	0	none
REPLACE je→thab	0	0	0	0	0	0	0	0	0	0	0	none
REPLACE jo→dza	0	0	0	0	0	0	0	0	0	0	0	none
REPLACE j→dz	0	0	0	0	0	0	0	0	0	0	0	none
REPLACE kagn→bź	0	0	0	0	0	0	0	0	0	0	0	none
REPLACE kal→n	0	0	0	0	0	0	0	0	0	0	0	none
REPLACE kar→oṅ	0	0	0	0	0	0	0	0	0	0	0	none
REPLACE ka→cog	0	0	0	0	0	0	0	0	0	0	0	none
REPLACE ka→tor	0	0	0	0	0	0	0	0	0	0	0	none
REPLACE kennen→togs	0	0	0	0	0	0	0	0	0	0	0	none
REPLACE kha→so	0	0	0	0	0	0	0	0	0	0	0	none
REPLACE khral→no	0	0	0	0	0	0	0	0	0	0	0	none
REPLACE khr→by	0	0	0	0	0	0	0	0	0	0	0	none
REPLACE khy→t	0	0	0	0	0	0	0	0	0	0	0	none
REPLACE kh→b	0	0	0	0	0	0	0	0	0	0	0	none
REPLACE kleiner→gu	0	0	0	0	0	0	0	0	0	0	0	none
REPLACE kleine→chuṅ	0	0	0	0	0	0	0	0	0	0	0	none
REPLACE knüpfen→glas	0	0	0	0	0	0	0	0	0	0	0	none
REPLACE ko→phyar	0	0	0	0	0	0	0	0	0	0	0	none
REPLACE ko→rgyun	0	0	0	0	0	0	0	0	0	0	0	none
REPLACE kräftig→mo	0	0	0	0	0	0	0	0	0	0	0	none
REPLACE kt→gro	0	0	0	0	0	0	0	0	0	0	0	none
REPLACE kurzer→lam	0	0	0	0	0	0	0	0	0	0	0	none
REPLACE ku→rigs	0	0	0	0	0	0	0	0	0	0	0	none
REPLACE ku→spya	0	0	0	0	0	0	0	0	0	0	0	none
REPLACE kyan→du	0	0	0	0	0	0	0	0	0	0	0	none
REPLACE ky→r	0	0	0	0	0	0	0	0	0	0	0	none
REPLACE kühn→gu	0	0	0	0	0	0	0	0	0	0	0	none
REPLACE k→bz	0	0	0	0	0	0	0	0	0	0	0	none
REPLACE k→dp	0	0	0	0	0	0	0	0	0	0	0	none
REPLACE k→gr	0	0	0	0	0	0	0	0	0	0	0	none
REPLACE k→rgy	0	0	0	0	0	0	0	0	0	0	0	none
REPLACE k→ro	0	0	0	0	0	0	0	0	0	0	0	none
REPLACE langmüt→r	0	0	0	0	0	0	0	0	0	0	0	none
REPLACE laufen→co	0	0	0	0	0	0	0	0	0	0	0	none
REPLACE la→bkur	0	0	0	0	0	0	0	0	0	0	0	none
REPLACE la→g	0	0	0	0	0	0	0	0	0	0	0	none
REPLACE lc→y	0	0	0	0	0	0	0	0	0	0	0	none
REPLACE leiter→as	0	0	0	0	0	0	0	0	0	0	0	none
REPLACE le→stoṅ	0	0	0	0	0	0	0	0	0	0	0	none
REPLACE ließende→og	0	0	0	0	0	0	0	0	0	0	0	none
REPLACE lken→m	0	0	0	0	0	0	0	0	0	0	0	none
REPLACE lkh→g	0	0	0	0	0	0	0	0	0	0	0	none
REPLACE llendete→gs	0	0	0	0	0	0	0	0	0	0	0	none
REPLACE lle→d	0	0	0	0	0	0	0	0	0	0	0	none
REPLACE lltuch→s	0	0	0	0	0	0	0	0	0	0	0	none
REPLACE ln→d	0	0	0	0	0	0	0	0	0	0	0	none
REPLACE lokale→gźuṅ	0	0	0	0	0	0	0	0	0	0	0	none
REPLACE lo→stag	0	0	0	0	0	0	0	0	0	0	0	none
REPLACE lsspalte→b	0	0	0	0	0	0	0	0	0	0	0	none
REPLACE lustrade→b	0	0	0	0	0	0	0	0	0	0	0	none
REPLACE lust→ag	0	0	0	0	0	0	0	0	0	0	0	none
REPLACE ly→b	0	0	0	0	0	0	0	0	0	0	0	none
REPLACE lz→g	0	0	0	0	0	0	0	0	0	0	0	none
REPLACE lṅa→chos	0	0	0	0	0	0	0	0	0	0	0	none
REPLACE l→br	0	0	0	0	0	0	0	0	0	0	0	none
REPLACE l→chu	0	0	0	0	0	0	0	0	0	0	0	none
REPLACE l→gs	0	0	0	0	0	0	0	0	0	0	0	none
REPLACE l→kh	0	0	0	0	0	0	0	0	0	0	0	none
REPLACE l→rw	0	0	0	0	0	0	0	0	0	0	0	none
REPLACE ma→btsun	0	0	0	0	0	0	0	0	0	0	0	none
REPLACE ma→bźi	0	0	0	0	0	0	0	0	0	0	0	none
REPLACE ma→chuṅ	0	0	0	0	0	0	0	0	0	0	0	none
REPLACE ma→dor	0	0	0	0	0	0	0	0	0	0	0	none
REPLACE ma→dus	0	0	0	0	0	0	0	0	0	0	0	none
REPLACE ma→goṅ	0	0	0	0	0	0	0	0	0	0	0	none
REPLACE ma→gro	0	0	0	0	0	0	0	0	0	0	0	none
REPLACE ma→gsed	0	0	0	0	0	0	0	0	0	0	0	none
REPLACE ma→gtor	0	0	0	0	0	0	0	0	0	0	0	none
REPLACE ma→khol	0	0	0	0	0	0	0	0	0	0	0	none
REPLACE ma→rdzi	0	0	0	0	0	0	0	0	0	0	0	none
REPLACE ma→rigs	0	0	0	0	0	0	0	0	0	0	0	none
REPLACE ma→skyob	0	0	0	0	0	0	0	0	0	0	0	none
REPLACE ma→spel	0	0	0	0	0	0	0	0	0	0	0	none
REPLACE ma→thog	0	0	0	0	0	0	0	0	0	0	0	none
REPLACE mchog→yi	0	0	0	0	0	0	0	0	0	0	0	none
REPLACE mdzub→gaṅ	0	0	0	0	0	0	0	0	0	0	0	none
REPLACE med→thor	0	0	0	0	0	0	0	0	0	0	0	none
REPLACE metsba→cho	0	0	0	0	0	0	0	0	0	0	0	none
REPLACE me→brtag	0	0	0	0	0	0	0	0	0	0	0	none
REPLACE me→byuṅ	0	0	0	0	0	0	0	0	0	0	0	none
REPLACE me→bźi	0	0	0	0	0	0	0	0	0	0	0	none
REPLACE me→loṅ	0	0	0	0	0	0	0	0	0	0	0	none
REPLACE me→s	0	0	0	0	0	0	0	0	0	0	0	none
REPLACE me→ṅ	0	0	0	0	0	0	0	0	0	0	0	none
REPLACE mgo→rtsis	0	0	0	0	0	0	0	0	0	0	0	none
REPLACE mg→b	0	0	0	0	0	0	0	0	0	0	0	none
REPLACE mimi→phyed	0	0	0	0	0	0	0	0	0	0	0	none
REPLACE mit→byug	0	0	0	0	0	0	0	0	0	0	0	none
REPLACE mit→skad	0	0	0	0	0	0	0	0	0	0	0	none
REPLACE miy→p	0	0	0	0	0	0	0	0	0	0	0	none
REPLACE mi→gyur	0	0	0	0	0	0	0	0	0	0	0	none
REPLACE mi→khrugs	0	0	0	0	0	0	0	0	0	0	0	none
REPLACE mi→ldan	0	0	0	0	0	0	0	0	0	0	0	none
REPLACE mi→rtsa	0	0	0	0	0	0	0	0	0	0	0	none
REPLACE mi→skyes	0	0	0	0	0	0	0	0	0	0	0	none
REPLACE mkha→spyod	0	0	0	0	0	0	0	0	0	0	0	none
REPLACE mkh→t	0	0	0	0	0	0	0	0	0	0	0	none
REPLACE mmelstock→g	0	0	0	0	0	0	0	0	0	0	0	none
REPLACE mmen→ṅ	0	0	0	0	0	0	0	0	0	0	0	none
REPLACE mm→sky	0	0	0	0	0	0	0	0	0	0	0	none
REPLACE mn→rts	0	0	0	0	0	0	0	0	0	0	0	none
REPLACE mon→a	0	0	0	0	0	0	0	0	0	0	0	none
REPLACE mo→a	0	0	0	0	0	0	0	0	0	0	0	none
REPLACE mo→sriṅ	0	0	0	0	0	0	0	0	0	0	0	none
REPLACE mt→k	0	0	0	0	0	0	0	0	0	0	0	none
REPLACE mun→khrod	0	0	0	0	0	0	0	0	0	0	0	none
REPLACE mu→o	0	0	0	0	0	0	0	0	0	0	0	none
REPLACE m→br	0	0	0	0	0	0	0	0	0	0	0	none
REPLACE m→bz	0	0	0	0	0	0	0	0	0	0	0	none
REPLACE m→gc	0	0	0	0	0	0	0	0	0	0	0	none
REPLACE m→go	0	0	0	0	0	0	0	0	0	0	0	none
REPLACE m→gts	0	0	0	0	0	0	0	0	0	0	0	none
REPLACE m→in	0	0	0	0	2	0	0	0	0	0	0	none
REPLACE m→kh	0	0	0	0	0	0	0	0	0	0	0	none
REPLACE m→nu	0	0	0	0	0	0	0	0	0	0	0	none
REPLACE m→rdz	0	0	0	0	0	0	0	0	0	0	0	none
REPLACE m→rn	0	0	0	0	11	0	0	0	0	0	0	none
REPLACE m→ta	0	0	0	0	0	0	0	0	0	0	0	none
REPLACE m→th	0	0	0	0	1	0	0	0	0	0	0	none
REPLACE m→un	0	0	0	0	1	0	0	0	0	0	0	none
REPLACE nabel→u	0	0	0	0	0	0	0	0	0	0	0	none
REPLACE nachdrücklich→sgos	0	0	0	0	0	0	0	0	0	0	0	none
REPLACE nach→bgyid	0	0	0	0	0	0	0	0	0	0	0	none
REPLACE nag→mo	0	0	0	0	0	0	0	0	0	0	0	none
REPLACE nam→chuṅ	0	0	0	0	0	0	0	0	0	0	0	none
REPLACE nar→o	0	0	0	0	0	0	0	0	0	0	0	none
REPLACE nas→ji	0	0	0	0	0	0	0	0	0	0	0	none
REPLACE ndämme→s	0	0	0	0	0	0	0	0	0	0	0	none
REPLACE nd→g	0	0	0	0	0	0	0	0	0	0	0	none
REPLACE nd→l	0	0	0	0	0	0	0	0	0	0	0	none
REPLACE nd→s	0	0	0	0	0	0	0	0	0	0	0	none
REPLACE nd→ṅ	0	0	0	0	0	0	0	0	0	0	0	none
REPLACE nefett→l	0	0	0	0	0	0	0	0	0	0	0	none
REPLACE ne→brtags	0	0	0	0	0	0	0	0	0	0	0	none
REPLACE ngalgyibu→ṅ	0	0	0	0	0	0	0	0	0	0	0	none
REPLACE ngeduldig→ṅ	0	0	0	0	0	0	0	0	0	0	0	none
REPLACE ngende→s	0	0	0	0	0	0	0	0	0	0	0	none
REPLACE ngobaum→ṅ	0	0	0	0	0	0	0	0	0	0	0	none
REPLACE ngon→ṅ	0	0	0	0	0	0	0	0	0	0	0	none
REPLACE ngos→ṅ	0	0	0	0	0	0	0	0	0	0	0	none
REPLACE ngsmittelzuteilung→d	0	0	0	0	0	0	0	0	0	0	0	none
REPLACE ng→b	0	0	0	0	0	0	0	0	0	0	0	none
REPLACE ng→l	0	0	0	0	0	0	0	0	0	0	0	none
REPLACE ng→stobs	0	0	0	0	0	0	0	0	0	0	0	none
REPLACE nin→mñ	0	1	0	0	2	0	0	0	0	0	0	none
REPLACE ni→d	0	0	0	0	0	0	0	0	0	0	0	none
REPLACE ni→m	0	0	0	0	10	0	0	0	0	0	0	none
REPLACE ni→ṅ	0	4	0	0	11	0	0	0	0	0	0	none
REPLACE nkheit→d	0	0	0	0	0	0	0	0	0	0	0	none
REPLACE nnshöhe→ṅ	0	0	0	0	0	0	0	0	0	0	0	none
REPLACE no→thum	0	0	0	0	0	0	0	0	0	0	0	none
REPLACE nrtse→ṅ	0	0	0	0	0	0	0	0	0	0	0	none
REPLACE nr→ṅ	0	0	0	0	0	0	0	0	0	0	0	none
REPLACE ns→ṅ	0	0	0	0	0	0	0	0	0	0	0	none
REPLACE nterwerfen→s	0	0	0	0	0	0	0	0	0	0	0	none
REPLACE nu→skyes	0	0	0	0	0	0	0	0	0	0	0	none
REPLACE nu→tsa	0	0	0	0	0	0	0	0	0	0	0	none
REPLACE n→by	0	0	0	0	0	0	0	0	0	0	0	none
REPLACE n→gs	0	0	0	0	0	0	0	0	0	0	0	none
REPLACE n→ts	0	0	0	0	0	0	0	0	0	0	0	none
REPLACE o'i→as	0	0	0	0	0	0	0	0	0	0	0	none
REPLACE od→cig	0	0	0	0	0	0	0	0	0	0	0	none
REPLACE ogs→ed	0	0	0	0	0	0	0	0	0	0	0	none
REPLACE og→zes	0	0	0	0	0	0	0	0	0	0	0	none
REPLACE ohneFe→d	0	0	0	0	0	0	0	0	0	0	0	none
REPLACE olche→ug	0	0	0	0	0	0	0	0	0	0	0	none
REPLACE onom→se	0	0	0	0	0	0	0	0	0	0	0	none
REPLACE onom→ur	0	0	0	0	0	0	0	0	0	0	0	none
REPLACE on→u	0	0	0	0	0	0	0	0	0	0	0	none
REPLACE orgfältig→aṅ	0	0	0	0	0	0	0	0	0	0	0	none
REPLACE o→gy	0	0	0	0	0	0	0	0	0	0	0	none
REPLACE o→hrin	0	0	0	0	0	0	0	0	0	0	0	none
REPLACE o→ra	0	0	0	0	0	0	0	0	0	0	0	none
REPLACE o→rad	0	0	0	0	0	0	0	0	0	0	0	none
REPLACE o→ug	0	0	0	0	0	0	0	0	0	0	0	none
REPLACE pa'i→od	0	0	0	0	0	0	0	0	0	0	0	none
REPLACE pa'i→yul	0	0	0	0	0	0	0	0	0	0	0	none
REPLACE pa’i→khron	0	0	0	0	0	0	0	0	0	0	0	none
REPLACE pa→brjod	0	0	0	0	0	0	0	0	0	0	0	none
REPLACE pa→brug	0	0	0	0	0	0	0	0	0	0	0	none
REPLACE pa→byed	0	0	0	0	0	0	0	0	0	0	0	none
REPLACE pa→bźi	0	0	0	0	0	0	0	0	0	0	0	none
REPLACE pa→chum	0	0	0	0	0	0	0	0	0	0	0	none
REPLACE pa→dbyig	0	0	0	0	0	0	0	0	0	0	0	none
REPLACE pa→dren	0	0	0	0	0	0	0	0	0	0	0	none
REPLACE pa→dud	0	0	0	0	0	0	0	0	0	0	0	none
REPLACE pa→dun	0	0	0	0	0	0	0	0	0	0	0	none
REPLACE pa→gcod	0	0	0	0	0	0	0	0	0	0	0	none
REPLACE pa→gos	0	0	0	0	0	0	0	0	0	0	0	none
REPLACE pa→gyur	0	0	0	0	0	0	0	0	0	0	0	none
REPLACE pa→khyog	0	0	0	0	0	0	0	0	0	0	0	none
REPLACE pa→len	0	0	0	0	0	0	0	0	0	0	0	none
REPLACE pa→log	0	0	0	0	0	0	0	0	0	0	0	none
REPLACE pa→rdzogs	0	0	0	0	0	0	0	0	0	0	0	none
REPLACE pa→rtog	0	0	0	0	0	0	0	0	0	0	0	none
REPLACE pa→rum	0	0	0	0	0	0	0	0	0	0	0	none
REPLACE pa→sdug	0	0	0	0	0	0	0	0	0	0	0	none
REPLACE pa→srid	0	0	0	0	0	0	0	0	0	0	0	none
REPLACE pa→theg	0	0	0	0	0	0	0	0	0	0	0	none
REPLACE pa→tho	0	0	0	0	0	0	0	0	0	0	0	none
REPLACE pa→thos	0	0	0	0	0	0	0	0	0	0	0	none
REPLACE pfer→l	0	0	0	0	0	0	0	0	0	0	0	none
REPLACE pf→bkal	0	0	0	0	0	0	0	0	0	0	0	none
REPLACE pf→bkod	0	0	0	0	0	0	0	0	0	0	0	none
REPLACE pf→bog	0	0	0	0	0	0	0	0	0	0	0	none
REPLACE pf→brjod	0	0	0	0	0	0	0	0	0	0	0	none
REPLACE pf→bskos	0	0	0	0	0	0	0	0	0	0	0	none
REPLACE pf→bstad	0	0	0	0	0	0	0	0	0	0	0	none
REPLACE pf→bstan	0	0	0	0	0	0	0	0	0	0	0	none
REPLACE pf→bsu	0	0	0	0	0	0	0	0	0	0	0	none
REPLACE pf→byis	0	0	0	0	0	0	0	0	0	0	0	none
REPLACE pf→dud	0	0	0	0	0	0	0	0	0	0	0	none
REPLACE pf→gebs	0	0	0	0	0	0	0	0	0	0	0	none
REPLACE pf→grigs	0	0	0	0	0	0	0	0	0	0	0	none
REPLACE pf→gtogs	0	0	0	0	0	0	0	0	0	0	0	none
REPLACE pf→gtum	0	0	0	0	0	0	0	0	0	0	0	none
REPLACE pf→gyed	0	0	0	0	0	0	0	0	0	0	0	none
REPLACE pf→gyur	0	0	0	0	0	0	0	0	0	0	0	none
REPLACE pf→log	0	0	0	0	0	0	0	0	0	0	0	none
REPLACE pf→rtog	0	0	0	0	0	0	0	0	0	0	0	none
REPLACE pf→rtsom	0	0	0	0	0	0	0	0	0	0	0	none
REPLACE pf→rtul	0	0	0	0	0	0	0	0	0	0	0	none
REPLACE pf→sbyar	0	0	0	0	0	0	0	0	0	0	0	none
REPLACE pf→sbyor	0	0	0	0	0	0	0	0	0	0	0	none
REPLACE pf→skyil	0	0	0	0	0	0	0	0	0	0	0	none
REPLACE pf→sro	0	0	0	0	0	0	0	0	0	0	0	none
REPLACE pf→ston	0	0	0	0	0	0	0	0	0	0	0	none
REPLACE pf→then	0	0	0	0	0	0	0	0	0	0	0	none
REPLACE pha→do	0	0	0	0	0	0	0	0	0	0	0	none
REPLACE phel→daṅ	0	0	0	0	0	0	0	0	0	0	0	none
REPLACE phe→iṅ	0	0	0	0	0	0	0	0	0	0	0	none
REPLACE phran→ge	0	0	0	0	0	0	0	0	0	0	0	none
REPLACE phren→yi	0	0	0	0	0	0	0	0	0	0	0	none
REPLACE phrul→byed	0	0	0	0	0	0	0	0	0	0	0	none
REPLACE phu→le	0	0	0	0	0	0	0	0	0	0	0	none
REPLACE phyi→sor	0	0	0	0	0	0	0	0	0	0	0	none
REPLACE phy→d	0	0	0	0	0	0	0	0	0	0	0	none
REPLACE phy→gr	0	0	0	0	0	0	0	0	0	0	0	none
REPLACE phy→j	0	0	0	0	0	0	0	0	0	0	0	none
REPLACE ph→l	0	0	0	0	0	0	0	0	0	0	0	none
REPLACE ph→m	0	0	0	0	0	0	0	0	0	0	0	none
REPLACE ph→n	0	0	0	0	0	0	0	0	0	0	0	none
REPLACE ph→y	0	0	0	0	0	0	0	0	0	0	0	none
REPLACE pi→m	0	0	0	0	0	0	0	0	0	0	0	none
REPLACE poh→kyes	0	0	0	0	0	0	0	0	0	0	0	none
REPLACE pon→ud	0	0	0	0	0	0	0	0	0	0	0	none
REPLACE po’i→gaṅ	0	0	0	0	0	0	0	0	0	0	0	none
REPLACE po→bdud	0	0	0	0	0	0	0	0	0	0	0	none
REPLACE po→byed	0	0	0	0	0	0	0	0	0	0	0	none
REPLACE po→graṅ	0	0	0	0	0	0	0	0	0	0	0	none
REPLACE po→ram	0	0	0	0	0	0	0	0	0	0	0	none
REPLACE pra→bu	0	0	0	0	0	0	0	0	0	0	0	none
REPLACE pr→m	0	0	0	0	0	0	0	0	0	0	0	none
REPLACE pyod→kul	0	0	0	0	0	0	0	0	0	0	0	none
REPLACE py→b	0	0	0	0	0	0	0	0	0	0	0	none
REPLACE py→m	0	0	0	0	0	0	0	0	0	0	0	none
REPLACE p→bsk	0	0	0	0	0	0	0	0	0	0	0	none
REPLACE p→byin	0	0	0	0	0	0	0	0	0	0	0	none
REPLACE p→ch	0	0	0	0	1	0	0	0	0	0	0	none
REPLACE p→gr	0	0	0	0	1	0	0	0	0	0	0	none
REPLACE p→khr	0	0	0	0	0	0	0	0	0	0	0	none
REPLACE p→khy	0	0	0	0	0	0	0	0	0	0	0	none
REPLACE p→lug	0	0	0	0	0	0	0	0	0	0	0	none
REPLACE p→rk	0	0	0	0	0	0	0	0	0	0	0	none
REPLACE p→st	0	0	0	0	0	0	0	0	0	0	0	none
REPLACE p→th	0	0	0	0	0	0	0	0	0	0	0	none
REPLACE rausschau→ṅ	0	0	0	0	0	0	0	0	0	0	0	none
REPLACE rau→g	0	0	0	0	0	0	0	0	0	0	0	none
REPLACE rderung→ṅ	0	0	0	0	0	0	0	0	0	0	0	none
REPLACE rdo→yi	0	0	0	0	0	0	0	0	0	0	0	none
REPLACE reißen→al	0	0	0	0	0	0	0	0	0	0	0	none
REPLACE rel→aṅ	0	0	0	0	0	0	0	0	0	0	0	none
REPLACE rende→go	0	0	0	0	0	0	0	0	0	0	0	none
REPLACE re→a	0	0	0	0	0	0	0	0	0	0	0	none
REPLACE rgyal→chos	0	0	0	0	0	0	0	0	0	0	0	none
REPLACE rgy→d	0	0	0	0	0	0	0	0	0	0	0	none
REPLACE rgy→th	0	0	0	0	0	0	0	0	0	0	0	none
REPLACE rh→j	0	0	0	0	0	0	0	0	0	0	0	none
REPLACE riphrug→ṅ	0	0	0	0	0	0	0	0	0	0	0	none
REPLACE ris→byed	0	0	0	0	0	0	0	0	0	0	0	none
REPLACE ri→ṅ	0	3	0	0	7	0	0	0	0	0	0	none
REPLACE rje→du	0	0	0	0	0	0	0	0	0	0	0	none
REPLACE rje→spyan	0	0	0	0	0	0	0	0	0	0	0	none
REPLACE rk→d	0	0	0	0	0	0	0	0	0	0	0	none
REPLACE rmy→n	0	0	0	0	0	0	0	0	0	0	0	none
REPLACE rna→mo	0	0	0	0	0	0	0	0	0	0	0	none
REPLACE rnvoller→d	0	0	0	0	0	0	0	0	0	0	0	none
REPLACE rockene→haṅ	0	0	0	0	0	0	0	0	0	0	0	none
REPLACE rol→byug	0	0	0	0	0	0	0	0	0	0	0	none
REPLACE routine→d	0	0	0	0	0	0	0	0	0	0	0	none
REPLACE rr→ṅ	0	0	0	0	0	0	0	0	0	0	0	none
REPLACE rt→phy	0	0	0	0	0	0	0	0	0	0	0	none
REPLACE run→o	0	0	0	0	0	0	0	0	0	0	0	none
REPLACE ru→a	0	0	0	0	0	0	0	0	0	0	0	none
REPLACE ru→skyes	0	0	0	0	0	0	0	0	0	0	0	none
REPLACE rwandte→l	0	0	0	0	0	0	0	0	0	0	0	none
REPLACE rzeu→d	0	0	0	0	0	0	0	0	0	0	0	none
REPLACE rückweichen→b	0	0	0	0	0	0	0	0	0	0	0	none
REPLACE rı→ṅ	0	0	0	0	0	0	0	0	0	0	0	none
REPLACE r→ch	0	0	0	0	0	0	0	0	0	0	0	none
REPLACE r→gs	0	0	0	0	0	0	0	0	0	0	0	none
REPLACE r→kh	0	0	0	0	0	0	0	0	0	0	0	none
REPLACE r→th	0	0	0	0	0	0	0	0	0	0	0	none
REPLACE sa→dun	0	0	0	0	0	0	0	0	0	0	0	none
REPLACE sa→lto	0	0	0	0	0	0	0	0	0	0	0	none
REPLACE sbauarbeiten→g	0	0	0	0	0	0	0	0	0	0	0	none
REPLACE sbyor→daṅ	0	0	0	0	0	0	0	0	0	0	0	none
REPLACE sby→d	0	0	0	0	0	0	0	0	0	0	0	none
REPLACE schlechte→gro	0	0	0	0	0	0	0	0	0	0	0	none
REPLACE schreiben→og	0	0	0	0	0	0	0	0	0	0	0	none
REPLACE schreiten→yug	0	0	0	0	0	0	0	0	0	0	0	none
REPLACE schwein→oṅ	0	0	0	0	0	0	0	0	0	0	0	none
REPLACE sc→k	0	0	0	0	0	0	0	0	0	0	0	none
REPLACE sge’n→chuṅ	0	0	0	0	0	0	0	0	0	0	0	none
REPLACE sh→m	0	0	0	0	0	0	0	0	0	0	0	none
REPLACE sich→mdzad	0	0	0	0	0	0	0	0	0	0	0	none
REPLACE sit→h	0	0	0	0	0	0	0	0	0	0	0	none
REPLACE si→g	0	0	0	0	0	0	0	0	0	0	0	none
REPLACE si→ran	0	0	0	0	0	0	0	0	0	0	0	none
REPLACE skt→rgyud	0	0	0	0	0	0	0	0	0	0	0	none
REPLACE skyes→za	0	0	0	0	0	0	0	0	0	0	0	none
REPLACE sky→br	0	0	0	0	0	0	0	0	0	0	0	none
REPLACE sky→r	0	0	0	0	0	0	0	0	0	0	0	none
REPLACE smra→te	0	0	0	0	0	0	0	0	0	0	0	none
REPLACE smyn→gu	0	0	0	0	0	0	0	0	0	0	0	none
REPLACE smy→g	0	0	0	0	0	0	0	0	0	0	0	none
REPLACE sn→m	0	0	0	0	0	0	0	0	0	0	0	none
REPLACE sogleich→du	0	0	0	0	0	0	0	0	0	0	0	none
REPLACE spun→yi	0	0	0	0	0	0	0	0	0	0	0	none
REPLACE spyi→te	0	0	0	0	0	0	0	0	0	0	0	none
REPLACE spätere→daṅ	0	0	0	0	0	0	0	0	0	0	0	none
REPLACE sras→yon	0	0	0	0	0	0	0	0	0	0	0	none
REPLACE sr→y	0	0	0	0	0	0	0	0	0	0	0	none
REPLACE sta→m	0	0	0	0	0	0	0	0	0	0	0	none
REPLACE sten→du	0	0	0	0	0	0	0	0	0	0	0	none
REPLACE ste→di	0	0	0	0	0	0	0	0	0	0	0	none
REPLACE ste→ji	0	0	0	0	0	0	0	0	0	0	0	none
REPLACE stob→ciṅ	0	0	0	0	0	0	0	0	0	0	0	none
REPLACE ständig→ab	0	0	0	0	0	0	0	0	0	0	0	none
REPLACE sy→mon	0	0	0	0	0	0	0	0	0	0	0	none
REPLACE säi→do	0	0	0	0	0	0	0	0	0	0	0	none
REPLACE süed→ji	0	0	0	0	0	0	0	0	0	0	0	none
REPLACE süoms→bźi	0	0	0	0	0	0	0	0	0	0	0	none
REPLACE s→khr	0	0	0	0	0	0	0	0	0	0	0	none
REPLACE s→la	0	0	0	0	0	0	0	0	0	0	0	none
REPLACE s→tho	0	0	0	0	0	0	0	0	0	0	0	none
REPLACE s→toṅ	0	0	0	0	0	0	0	0	0	0	0	none
REPLACE s→zar	0	0	0	0	0	0	0	0	0	0	0	none
REPLACE t.t→rkyen	0	0	0	0	0	0	0	0	0	0	0	none
REPLACE tad→s	0	0	0	0	0	0	0	0	0	0	0	none
REPLACE tal→se	0	0	0	0	0	0	0	0	0	0	0	none
REPLACE tan→l	0	0	0	0	0	0	0	0	0	0	0	none
REPLACE tarker→ugs	0	0	0	0	0	0	0	0	0	0	0	none
REPLACE tatsäch→bre	0	0	0	0	0	0	0	0	0	0	0	none
REPLACE ta→o	0	0	0	0	0	0	0	0	0	0	0	none
REPLACE ta→sde	0	0	0	0	0	0	0	0	0	0	0	none
REPLACE tehende→kor	0	0	0	0	0	0	0	0	0	0	0	none
REPLACE ten→g	0	0	0	0	0	0	0	0	0	0	0	none
REPLACE terdrücke→o	0	0	0	0	0	0	0	0	0	0	0	none
REPLACE terial→s	0	0	0	0	0	0	0	0	0	0	0	none
REPLACE thogs→du	0	0	0	0	0	0	0	0	0	0	0	none
REPLACE thun→moṅ	0	0	0	0	0	0	0	0	0	0	0	none
REPLACE thurn→pad	0	0	0	0	0	0	0	0	0	0	0	none
REPLACE th→b	0	0	0	0	1	0	0	0	0	0	0	none
REPLACE th→y	0	0	0	0	0	0	0	0	0	0	0	none
REPLACE th→z	0	0	0	0	0	0	0	0	0	0	0	none
REPLACE tion→d	0	0	0	0	0	0	0	0	0	0	0	none
REPLACE tk→z	0	0	0	0	0	0	0	0	0	0	0	none
REPLACE tog→dkyil	0	0	0	0	0	0	0	0	0	0	0	none
REPLACE tog→rdul	0	0	0	0	0	0	0	0	0	0	0	none
REPLACE tog→smras	0	0	0	0	0	0	0	0	0	0	0	none
REPLACE tpho→nad	0	0	0	0	0	0	0	0	0	0	0	none
REPLACE transitiv→byed	0	0	0	0	0	0	0	0	0	0	0	none
REPLACE trösten→phab	0	0	0	0	0	0	0	0	0	0	0	none
REPLACE tr→l	0	0	0	0	0	0	0	0	0	0	0	none
REPLACE tsheb→kr	0	0	0	0	0	0	0	0	0	0	0	none
REPLACE ts→c	0	0	0	0	1	0	0	0	0	0	0	none
REPLACE tum→ro	0	0	0	0	0	0	0	0	0	0	0	none
REPLACE tu→gzigs	0	0	0	0	0	0	0	0	0	0	0	none
REPLACE tu→khyog	0	0	0	0	0	0	0	0	0	0	0	none
REPLACE t→eb	0	0	0	0	0	0	0	0	0	0	0	none
REPLACE t→igs	0	0	0	0	0	0	0	0	0	0	0	none
REPLACE t→ky	0	0	0	0	0	0	0	0	0	0	0	none
REPLACE t→yi	0	0	0	0	0	0	0	0	0	0	0	none
REPLACE uerpfan→gs	0	0	0	0	0	0	0	0	0	0	0	none
REPLACE umeister→n	0	0	0	0	0	0	0	0	0	0	0	none
REPLACE ung→s	0	0	0	0	0	0	0	0	0	0	0	none
REPLACE untere→yi	0	0	0	0	0	0	0	0	0	0	0	none
REPLACE unterwei→gdam	0	0	0	0	0	0	0	0	0	0	0	none
REPLACE urk→t	0	0	0	0	0	0	0	0	0	0	0	none
REPLACE usspionieren→d	0	0	0	0	0	0	0	0	0	0	0	none
REPLACE ut→d	0	0	0	0	0	0	0	0	0	0	0	none
REPLACE u→ce	0	0	0	0	0	0	0	0	0	0	0	none
REPLACE u→habs	0	0	0	0	0	0	0	0	0	0	0	none
REPLACE u→mal	0	0	0	0	0	0	0	0	0	0	0	none
REPLACE u→ra	0	0	0	0	0	0	0	0	0	0	0	none
REPLACE u→rwa	0	0	0	0	0	0	0	0	0	0	0	none
REPLACE u→sr	0	0	0	0	0	0	0	0	0	0	0	none
REPLACE u→tan	0	0	0	0	0	0	0	0	0	0	0	none
REPLACE u→wa	0	0	0	0	0	0	0	0	0	0	0	none
REPLACE u→ya	0	0	0	0	0	0	0	0	0	0	0	none
REPLACE vergegenwär→b	0	0	0	0	0	0	0	0	0	0	0	none
REPLACE vernich→gtoṅ	0	0	0	0	0	0	0	0	0	0	0	none
REPLACE vertr→khy	0	0	0	0	0	0	0	0	0	0	0	none
REPLACE ve→brag	0	0	0	0	0	0	0	0	0	0	0	none
REPLACE volle→nad	0	0	0	0	0	0	0	0	0	0	0	none
REPLACE vo→gdu	0	0	0	0	0	0	0	0	0	0	0	none
REPLACE v→bź	0	0	0	0	0	0	0	0	0	0	0	none
REPLACE v→rdz	0	0	0	0	0	0	0	0	0	0	0	none
REPLACE v→sg	0	0	0	0	0	0	0	0	0	0	0	none
REPLACE v→sp	0	0	0	0	0	0	0	0	0	0	0	none
REPLACE wa→u	0	0	0	0	0	0	0	0	0	0	0	none
REPLACE weibliche→dra	0	0	0	0	0	0	0	0	0	0	0	none
REPLACE weiche→bol	0	0	0	0	0	0	0	0	0	0	0	none
REPLACE weiß→lu	0	0	0	0	0	0	0	0	0	0	0	none
REPLACE wenden→bzlog	0	0	0	0	0	0	0	0	0	0	0	none
REPLACE we→r	0	0	0	0	0	0	0	0	0	0	0	none
REPLACE w→ci	0	0	0	0	0	0	0	0	0	0	0	none
REPLACE w→uṅ	0	0	0	0	0	0	0	0	0	0	0	none
REPLACE xis→m	0	0	0	0	0	0	0	0	0	0	0	none
REPLACE x→mon	0	0	0	0	0	0	0	0	0	0	0	none
REPLACE ya→u	0	0	0	0	0	0	0	0	0	0	0	none
REPLACE yind→ug	0	0	0	0	0	0	0	0	0	0	0	none
REPLACE yin→s	0	0	0	0	0	0	0	0	0	0	0	none
REPLACE yi→thub	0	0	0	0	0	0	0	0	0	0	0	none
REPLACE ypen→u	0	0	0	0	0	0	0	0	0	0	0	none
REPLACE yud→aṅ	0	0	0	0	0	0	0	0	0	0	0	none
REPLACE yu→a	0	0	0	0	0	0	0	0	0	0	0	none
REPLACE za→dri	0	0	0	0	0	0	0	0	0	0	0	none
REPLACE zlich→e	0	0	0	0	0	0	0	0	0	0	0	none
REPLACE zl→sgr	0	0	0	0	0	0	0	0	0	0	0	none
REPLACE zul→byed	0	0	0	0	0	0	0	0	0	0	0	none
REPLACE zusammenk→d	0	0	0	0	0	0	0	0	0	0	0	none
REPLACE zu→byed	0	0	0	0	0	0	0	0	0	0	0	none
REPLACE zu→dge	0	0	0	0	0	0	0	0	0	0	0	none
REPLACE zweifel→ston	0	0	0	0	0	0	0	0	0	0	0	none
REPLACE zweiter→las	0	0	0	0	0	0	0	0	0	0	0	none
REPLACE zw→dan	0	0	0	0	0	0	0	0	0	0	0	none
REPLACE zw→rtogs	0	0	0	0	0	0	0	0	0	0	0	none
REPLACE zy→bdud	0	0	0	0	0	0	0	0	0	0	0	none
REPLACE z→br	0	0	0	0	0	0	0	0	0	0	0	none
REPLACE z→ga	0	0	0	0	0	0	0	0	0	0	0	none
REPLACE z→rg	0	0	0	0	0	0	0	0	0	0	0	none
REPLACE z→th	0	0	0	0	0	0	0	0	0	0	0	none
REPLACE Äußere→g	0	0	0	0	0	0	0	0	0	0	0	none
REPLACE Ñ→se	0	0	0	0	0	0	0	0	0	0	0	none
REPLACE ßen→ci	0	0	0	0	0	0	0	0	0	0	0	none
REPLACE öhle→uṅ	0	0	0	0	0	0	0	0	0	0	0	none
REPLACE öte→iṅ	0	0	0	0	0	0	0	0	0	0	0	none
REPLACE übe→g	0	0	0	0	0	0	0	0	0	0	0	none
REPLACE üid→mkhyen	0	0	0	0	0	0	0	0	0	0	0	none
REPLACE ’i→d	0	0	0	0	0	0	0	0	0	0	0	none
REPLACE ’i→l	0	0	0	0	0	0	0	0	0	0	0	none
SUB $→ś	0	2	0	114	28	0	0	0	0	0	0	none
SUB A→c	0	0	0	0	0	0	8	0	7	0	0	ཉ=Ai;ཉག=Aug;ཉམས=Aams;ཉལ=Aal;ཉི=Ai;ཉི=Al;ཉིད=Aid;རུ=Antilopenhorn
SUB A→g	0	0	0	0	0	0	8	0	7	0	0	ཉ=Ai;ཉག=Aug;ཉམས=Aams;ཉལ=Aal;ཉི=Ai;ཉི=Al;ཉིད=Aid;རུ=Antilopenhorn
SUB A→o	0	0	0	0	0	0	8	0	7	0	0	ཉ=Ai;ཉག=Aug;ཉམས=Aams;ཉལ=Aal;ཉི=Ai;ཉི=Al;ཉིད=Aid;རུ=Antilopenhorn
SUB B→d	0	0	0	0	0	0	3	0	7	0	0	པ=Beiname;པོ=Beiname;མ=Beiname
SUB B→k	0	0	0	0	0	0	3	0	7	0	0	པ=Beiname;པོ=Beiname;མ=Beiname
SUB B→l	0	0	0	0	0	0	3	0	7	0	0	པ=Beiname;པོ=Beiname;མ=Beiname
SUB B→p	0	0	0	0	0	0	3	0	7	0	0	པ=Beiname;པོ=Beiname;མ=Beiname
SUB B→y	0	0	0	0	0	0	3	0	7	0	0	པ=Beiname;པོ=Beiname;མ=Beiname
SUB D→b	0	0	0	0	3	0	8	0	3	0	0	བད=Dad;བན=Dan;བུ=Du;བྲུག=Drug;འབར=Dar;འབུ=Du;འབྲས=Dras;འབྲོག=Drog
SUB D→s	0	0	0	0	0	0	8	0	3	0	0	བད=Dad;བན=Dan;བུ=Du;བྲུག=Drug;འབར=Dar;འབུ=Du;འབྲས=Dras;འབྲོག=Drog
SUB E→b	0	0	0	0	0	0	0	0	0	0	0	none
SUB E→e	0	0	0	0	2	0	0	0	0	0	0	none
SUB E→g	0	0	0	0	0	0	0	0	0	0	0	none
SUB E→i	0	0	0	0	0	0	0	0	0	0	0	none
SUB E→o	0	0	0	0	0	0	0	0	0	0	0	none
SUB F→r	0	0	0	0	0	0	0	0	0	0	0	none
SUB F→s	0	0	0	0	0	0	0	0	0	0	0	none
SUB G→b	0	0	0	0	0	0	0	0	0	0	0	none
SUB H→b	0	0	0	0	0	0	5	0	0	0	0	ཉན=Han;ཉམས=Hams;ཉལ=Hal;ཉིན=Hin;པ=Heerführer
SUB H→g	0	0	0	0	0	0	5	0	0	0	0	ཉན=Han;ཉམས=Hams;ཉལ=Hal;ཉིན=Hin;པ=Heerführer
SUB H→k	0	0	0	0	0	0	5	0	0	0	0	ཉན=Han;ཉམས=Hams;ཉལ=Hal;ཉིན=Hin;པ=Heerführer
SUB H→l	0	0	0	0	0	0	5	0	0	0	0	ཉན=Han;ཉམས=Hams;ཉལ=Hal;ཉིན=Hin;པ=Heerführer
SUB H→t	0	0	0	0	0	0	5	0	0	0	0	ཉན=Han;ཉམས=Hams;ཉལ=Hal;ཉིན=Hin;པ=Heerführer
SUB I→b	0	0	0	0	0	0	0	0	0	0	0	none
SUB I→l	35	3291	0	1651	32	0	0	0	0	0	0	none
SUB I→s	0	0	0	0	2	0	0	0	0	0	0	none
SUB I→t	0	0	0	0	0	0	0	0	0	0	0	none
SUB I→y	0	0	0	0	0	0	0	0	0	0	0	none
SUB J→j	0	0	0	0	4	0	4	0	14	0	0	ཇ=Ja;འཇམ=Jam;འཇིགས=Jigs;འཇོམས=Joms
SUB L→b	0	0	0	0	0	0	0	0	0	0	0	none
SUB M→g	0	0	0	0	0	0	1	0	0	0	0	ཉན=Man
SUB M→m	0	0	0	0	2	0	1	0	0	0	0	ཉན=Man
SUB M→r	0	0	0	0	0	0	1	0	0	0	0	ཉན=Man
SUB N→g	0	0	0	0	0	0	7	0	2	0	0	ཀུན=N;ག=N;ཆུ=N;ཉ=Na;ཉམས=Nams;དག=N;པ=N
SUB N→i	0	0	0	0	0	0	7	0	2	0	0	ཀུན=N;ག=N;ཆུ=N;ཉ=Na;ཉམས=Nams;དག=N;པ=N
SUB N→m	0	0	0	0	0	0	7	0	2	0	0	ཀུན=N;ག=N;ཆུ=N;ཉ=Na;ཉམས=Nams;དག=N;པ=N
SUB N→n	0	0	0	0	2	0	7	0	2	0	0	ཀུན=N;ག=N;ཆུ=N;ཉ=Na;ཉམས=Nams;དག=N;པ=N
SUB N→r	0	0	0	0	0	0	7	0	2	0	0	ཀུན=N;ག=N;ཆུ=N;ཉ=Na;ཉམས=Nams;དག=N;པ=N
SUB O→o	0	0	0	0	2	0	1	0	0	0	0	པ=Ozean
SUB P→p	0	0	0	0	1	0	1	0	0	0	0	འཕགས=Phags
SUB P→r	0	0	0	0	0	0	1	0	0	0	0	འཕགས=Phags
SUB R→g	0	0	0	0	0	0	4	0	8	0	0	ཀ=Ra;ཀུན=Run;ཀླག=Rlag;ཁྲག=Rhrag
SUB R→k	0	0	0	0	4	0	4	0	8	0	0	ཀ=Ra;ཀུན=Run;ཀླག=Rlag;ཁྲག=Rhrag
SUB R→m	0	0	0	0	0	0	4	0	8	0	0	ཀ=Ra;ཀུན=Run;ཀླག=Rlag;ཁྲག=Rhrag
SUB R→o	0	0	0	0	0	0	4	0	8	0	0	ཀ=Ra;ཀུན=Run;ཀླག=Rlag;ཁྲག=Rhrag
SUB R→r	0	0	0	0	2	0	4	0	8	0	0	ཀ=Ra;ཀུན=Run;ཀླག=Rlag;ཁྲག=Rhrag
SUB R→t	0	0	0	0	0	0	4	0	8	0	0	ཀ=Ra;ཀུན=Run;ཀླག=Rlag;ཁྲག=Rhrag
SUB S→b	0	0	0	0	0	0	19	0	55	0	0	པོ=Stelle;འ=Sonnengottes;ཤ=Sa;ཤག=Sag;ཤགས=Sags;ཤད=Sad;ཤན=San;ཤམ=Sam
SUB S→g	0	0	0	0	0	0	19	0	55	0	0	པོ=Stelle;འ=Sonnengottes;ཤ=Sa;ཤག=Sag;ཤགས=Sags;ཤད=Sad;ཤན=San;ཤམ=Sam
SUB S→m	0	0	0	0	0	0	19	0	55	0	0	པོ=Stelle;འ=Sonnengottes;ཤ=Sa;ཤག=Sag;ཤགས=Sags;ཤད=Sad;ཤན=San;ཤམ=Sam
SUB S→r	0	0	0	0	1	0	19	0	55	0	0	པོ=Stelle;འ=Sonnengottes;ཤ=Sa;ཤག=Sag;ཤགས=Sags;ཤད=Sad;ཤན=San;ཤམ=Sam
SUB S→s	0	0	0	5	26	0	19	0	55	0	0	པོ=Stelle;འ=Sonnengottes;ཤ=Sa;ཤག=Sag;ཤགས=Sags;ཤད=Sad;ཤན=San;ཤམ=Sam
SUB S→t	0	0	0	0	0	0	19	0	55	0	0	པོ=Stelle;འ=Sonnengottes;ཤ=Sa;ཤག=Sag;ཤགས=Sags;ཤད=Sad;ཤན=San;ཤམ=Sam
SUB S→ś	0	1	0	12	20	0	19	0	55	0	0	པོ=Stelle;འ=Sonnengottes;ཤ=Sa;ཤག=Sag;ཤགས=Sags;ཤད=Sad;ཤན=San;ཤམ=Sam
SUB T→g	0	0	0	0	0	0	0	0	0	0	0	none
SUB T→k	0	0	0	0	0	0	0	0	0	0	0	none
SUB T→o	0	0	0	0	0	0	0	0	0	0	0	none
SUB T→r	0	0	0	0	0	0	0	0	0	0	0	none
SUB T→t	0	0	0	0	1	0	0	0	0	0	0	none
SUB V→b	0	0	0	0	1	0	0	0	0	0	0	none
SUB V→c	0	0	0	0	0	0	0	0	0	0	0	none
SUB V→r	0	0	0	0	0	0	0	0	0	0	0	none
SUB V→s	0	0	0	0	0	0	0	0	0	0	0	none
SUB W→d	0	0	0	0	0	0	0	0	0	0	0	none
SUB W→g	0	0	0	0	0	0	0	0	0	0	0	none
SUB W→l	0	0	0	0	0	0	0	0	0	0	0	none
SUB Y→d	0	0	0	0	0	0	0	0	0	0	0	none
SUB Z→h	0	0	0	0	0	0	0	0	0	0	0	none
SUB Z→n	0	0	0	0	1	0	0	0	0	0	0	none
SUB Z→t	0	0	0	0	0	0	0	0	0	0	0	none
SUB Z→ź	6	141	0	0	195	0	0	0	0	0	0	none
SUB a→d	0	0	0	0	2	0	1011	0	17558	0	0	ཀ=Ra;ཀ=ka;ཀ=kam;ཀན=kan;ཀམ=kam;ཀའི=ka’i;ཀར=kar;ཀརྨ=kanda
SUB a→e	0	0	0	0	10	0	1011	0	17558	0	0	ཀ=Ra;ཀ=ka;ཀ=kam;ཀན=kan;ཀམ=kam;ཀའི=ka’i;ཀར=kar;ཀརྨ=kanda
SUB a→g	0	0	0	0	0	0	1011	0	17558	0	0	ཀ=Ra;ཀ=ka;ཀ=kam;ཀན=kan;ཀམ=kam;ཀའི=ka’i;ཀར=kar;ཀརྨ=kanda
SUB a→i	0	0	0	0	2	0	1011	0	17558	0	0	ཀ=Ra;ཀ=ka;ཀ=kam;ཀན=kan;ཀམ=kam;ཀའི=ka’i;ཀར=kar;ཀརྨ=kanda
SUB a→l	0	0	0	0	2	0	1011	0	17558	0	0	ཀ=Ra;ཀ=ka;ཀ=kam;ཀན=kan;ཀམ=kam;ཀའི=ka’i;ཀར=kar;ཀརྨ=kanda
SUB a→m	0	0	0	0	0	0	1011	0	17558	0	0	ཀ=Ra;ཀ=ka;ཀ=kam;ཀན=kan;ཀམ=kam;ཀའི=ka’i;ཀར=kar;ཀརྨ=kanda
SUB a→n	0	0	0	0	2	0	1011	0	17558	0	0	ཀ=Ra;ཀ=ka;ཀ=kam;ཀན=kan;ཀམ=kam;ཀའི=ka’i;ཀར=kar;ཀརྨ=kanda
SUB a→o	0	0	0	0	2	0	1011	0	17558	0	0	ཀ=Ra;ཀ=ka;ཀ=kam;ཀན=kan;ཀམ=kam;ཀའི=ka’i;ཀར=kar;ཀརྨ=kanda
SUB a→r	0	0	0	0	2	0	1011	0	17558	0	0	ཀ=Ra;ཀ=ka;ཀ=kam;ཀན=kan;ཀམ=kam;ཀའི=ka’i;ཀར=kar;ཀརྨ=kanda
SUB a→t	0	0	0	0	0	0	1011	0	17558	0	0	ཀ=Ra;ཀ=ka;ཀ=kam;ཀན=kan;ཀམ=kam;ཀའི=ka’i;ཀར=kar;ཀརྨ=kanda
SUB a→u	0	0	0	0	9	0	1011	0	17558	0	0	ཀ=Ra;ཀ=ka;ཀ=kam;ཀན=kan;ཀམ=kam;ཀའི=ka’i;ཀར=kar;ཀརྨ=kanda
SUB a→y	0	0	0	0	1	0	1011	0	17558	0	0	ཀ=Ra;ཀ=ka;ཀ=kam;ཀན=kan;ཀམ=kam;ཀའི=ka’i;ཀར=kar;ཀརྨ=kanda
SUB a→ź	0	0	0	0	0	0	1011	0	17558	0	0	ཀ=Ra;ཀ=ka;ཀ=kam;ཀན=kan;ཀམ=kam;ཀའི=ka’i;ཀར=kar;ཀརྨ=kanda
SUB b→c	0	0	0	0	1	0	700	0	6383	0	0	ཀོབ=kob;ཀྱབ=khyab;ཀྱམས=byams;ཀྱེད=byed;ཁ=ba;ཁ=bu;ཁ=kba;ཁ=khba
SUB b→d	0	0	0	0	1	0	700	0	6383	0	0	ཀོབ=kob;ཀྱབ=khyab;ཀྱམས=byams;ཀྱེད=byed;ཁ=ba;ཁ=bu;ཁ=kba;ཁ=khba
SUB b→e	0	0	0	0	0	0	700	0	6383	0	0	ཀོབ=kob;ཀྱབ=khyab;ཀྱམས=byams;ཀྱེད=byed;ཁ=ba;ཁ=bu;ཁ=kba;ཁ=khba
SUB b→g	0	0	0	0	0	0	700	0	6383	0	0	ཀོབ=kob;ཀྱབ=khyab;ཀྱམས=byams;ཀྱེད=byed;ཁ=ba;ཁ=bu;ཁ=kba;ཁ=khba
SUB b→h	0	0	0	7	34	0	700	0	6383	0	0	ཀོབ=kob;ཀྱབ=khyab;ཀྱམས=byams;ཀྱེད=byed;ཁ=ba;ཁ=bu;ཁ=kba;ཁ=khba
SUB b→k	0	0	0	0	0	0	700	0	6383	0	0	ཀོབ=kob;ཀྱབ=khyab;ཀྱམས=byams;ཀྱེད=byed;ཁ=ba;ཁ=bu;ཁ=kba;ཁ=khba
SUB b→l	0	0	0	0	0	0	700	0	6383	0	0	ཀོབ=kob;ཀྱབ=khyab;ཀྱམས=byams;ཀྱེད=byed;ཁ=ba;ཁ=bu;ཁ=kba;ཁ=khba
SUB b→n	0	0	0	0	0	0	700	0	6383	0	0	ཀོབ=kob;ཀྱབ=khyab;ཀྱམས=byams;ཀྱེད=byed;ཁ=ba;ཁ=bu;ཁ=kba;ཁ=khba
SUB b→o	0	0	0	0	0	0	700	0	6383	0	0	ཀོབ=kob;ཀྱབ=khyab;ཀྱམས=byams;ཀྱེད=byed;ཁ=ba;ཁ=bu;ཁ=kba;ཁ=khba
SUB b→p	0	0	0	0	0	0	700	0	6383	0	0	ཀོབ=kob;ཀྱབ=khyab;ཀྱམས=byams;ཀྱེད=byed;ཁ=ba;ཁ=bu;ཁ=kba;ཁ=khba
SUB b→s	0	0	0	0	1	0	700	0	6383	0	0	ཀོབ=kob;ཀྱབ=khyab;ཀྱམས=byams;ཀྱེད=byed;ཁ=ba;ཁ=bu;ཁ=kba;ཁ=khba
SUB b→t	0	0	0	0	0	0	700	0	6383	0	0	ཀོབ=kob;ཀྱབ=khyab;ཀྱམས=byams;ཀྱེད=byed;ཁ=ba;ཁ=bu;ཁ=kba;ཁ=khba
SUB b→u	0	0	0	0	0	0	700	0	6383	0	0	ཀོབ=kob;ཀྱབ=khyab;ཀྱམས=byams;ཀྱེད=byed;ཁ=ba;ཁ=bu;ཁ=kba;ཁ=khba
SUB b→y	0	0	0	0	0	0	700	0	6383	0	0	ཀོབ=kob;ཀྱབ=khyab;ཀྱམས=byams;ཀྱེད=byed;ཁ=ba;ཁ=bu;ཁ=kba;ཁ=khba
SUB b→z	0	0	0	0	0	0	700	0	6383	0	0	ཀོབ=kob;ཀྱབ=khyab;ཀྱམས=byams;ཀྱེད=byed;ཁ=ba;ཁ=bu;ཁ=kba;ཁ=khba
SUB c→e	0	0	0	0	31	0	144	0	2688	0	0	གཅག=gcag;གཅག=gcig;གཅད=gcad;གཅན=gcan;གཅལ=gcal;གཅིག=gcig;གཅིན=gcin;གཅུས=gcus
SUB c→h	0	0	0	0	0	0	144	0	2688	0	0	གཅག=gcag;གཅག=gcig;གཅད=gcad;གཅན=gcan;གཅལ=gcal;གཅིག=gcig;གཅིན=gcin;གཅུས=gcus
SUB c→k	0	0	0	0	1	0	144	0	2688	0	0	གཅག=gcag;གཅག=gcig;གཅད=gcad;གཅན=gcan;གཅལ=gcal;གཅིག=gcig;གཅིན=gcin;གཅུས=gcus
SUB c→l	0	0	0	0	0	0	144	0	2688	0	0	གཅག=gcag;གཅག=gcig;གཅད=gcad;གཅན=gcan;གཅལ=gcal;གཅིག=gcig;གཅིན=gcin;གཅུས=gcus
SUB c→p	0	0	0	0	1	0	144	0	2688	0	0	གཅག=gcag;གཅག=gcig;གཅད=gcad;གཅན=gcan;གཅལ=gcal;གཅིག=gcig;གཅིན=gcin;གཅུས=gcus
SUB c→r	0	0	0	0	1	0	144	0	2688	0	0	གཅག=gcag;གཅག=gcig;གཅད=gcad;གཅན=gcan;གཅལ=gcal;གཅིག=gcig;གཅིན=gcin;གཅུས=gcus
SUB c→s	0	0	0	0	0	0	144	0	2688	0	0	གཅག=gcag;གཅག=gcig;གཅད=gcad;གཅན=gcan;གཅལ=gcal;གཅིག=gcig;གཅིན=gcin;གཅུས=gcus
SUB c→t	0	0	0	0	2	0	144	0	2688	0	0	གཅག=gcag;གཅག=gcig;གཅད=gcad;གཅན=gcan;གཅལ=gcal;གཅིག=gcig;གཅིན=gcin;གཅུས=gcus
SUB c→ź	0	0	0	0	0	0	144	0	2688	0	0	གཅག=gcag;གཅག=gcig;གཅད=gcad;གཅན=gcan;གཅལ=gcal;གཅིག=gcig;གཅིན=gcin;གཅུས=gcus
SUB d→a	0	0	0	0	2	0	601	0	6816	0	0	ཀརྨ=kanda;ཀོན=dkon;ཀྱུད=khyud;ཀྱེད=byed;ཀྲད=krad;ཀླད=klad;ཁད=khad;ཁུད=khud
SUB d→b	0	0	0	0	2	0	601	0	6816	0	0	ཀརྨ=kanda;ཀོན=dkon;ཀྱུད=khyud;ཀྱེད=byed;ཀྲད=krad;ཀླད=klad;ཁད=khad;ཁུད=khud
SUB d→c	0	0	0	0	1	0	601	0	6816	0	0	ཀརྨ=kanda;ཀོན=dkon;ཀྱུད=khyud;ཀྱེད=byed;ཀྲད=krad;ཀླད=klad;ཁད=khad;ཁུད=khud
SUB d→g	0	0	0	0	2	0	601	0	6816	0	0	ཀརྨ=kanda;ཀོན=dkon;ཀྱུད=khyud;ཀྱེད=byed;ཀྲད=krad;ཀླད=klad;ཁད=khad;ཁུད=khud
SUB d→h	0	0	0	0	1	0	601	0	6816	0	0	ཀརྨ=kanda;ཀོན=dkon;ཀྱུད=khyud;ཀྱེད=byed;ཀྲད=krad;ཀླད=klad;ཁད=khad;ཁུད=khud
SUB d→i	0	0	0	0	0	0	601	0	6816	0	0	ཀརྨ=kanda;ཀོན=dkon;ཀྱུད=khyud;ཀྱེད=byed;ཀྲད=krad;ཀླད=klad;ཁད=khad;ཁུད=khud
SUB d→j	0	0	0	0	0	0	601	0	6816	0	0	ཀརྨ=kanda;ཀོན=dkon;ཀྱུད=khyud;ཀྱེད=byed;ཀྲད=krad;ཀླད=klad;ཁད=khad;ཁུད=khud
SUB d→k	0	0	0	0	1	0	601	0	6816	0	0	ཀརྨ=kanda;ཀོན=dkon;ཀྱུད=khyud;ཀྱེད=byed;ཀྲད=krad;ཀླད=klad;ཁད=khad;ཁུད=khud
SUB d→l	0	0	0	0	3	0	601	0	6816	0	0	ཀརྨ=kanda;ཀོན=dkon;ཀྱུད=khyud;ཀྱེད=byed;ཀྲད=krad;ཀླད=klad;ཁད=khad;ཁུད=khud
SUB d→m	0	0	0	0	3	0	601	0	6816	0	0	ཀརྨ=kanda;ཀོན=dkon;ཀྱུད=khyud;ཀྱེད=byed;ཀྲད=krad;ཀླད=klad;ཁད=khad;ཁུད=khud
SUB d→n	0	0	0	0	3	0	601	0	6816	0	0	ཀརྨ=kanda;ཀོན=dkon;ཀྱུད=khyud;ཀྱེད=byed;ཀྲད=krad;ཀླད=klad;ཁད=khad;ཁུད=khud
SUB d→o	0	0	0	0	0	0	601	0	6816	0	0	ཀརྨ=kanda;ཀོན=dkon;ཀྱུད=khyud;ཀྱེད=byed;ཀྲད=krad;ཀླད=klad;ཁད=khad;ཁུད=khud
SUB d→p	0	0	0	0	4	0	601	0	6816	0	0	ཀརྨ=kanda;ཀོན=dkon;ཀྱུད=khyud;ཀྱེད=byed;ཀྲད=krad;ཀླད=klad;ཁད=khad;ཁུད=khud
SUB d→r	0	0	0	0	2	0	601	0	6816	0	0	ཀརྨ=kanda;ཀོན=dkon;ཀྱུད=khyud;ཀྱེད=byed;ཀྲད=krad;ཀླད=klad;ཁད=khad;ཁུད=khud
SUB d→w	0	0	0	0	0	0	601	0	6816	0	0	ཀརྨ=kanda;ཀོན=dkon;ཀྱུད=khyud;ཀྱེད=byed;ཀྲད=krad;ཀླད=klad;ཁད=khad;ཁུད=khud
SUB d→y	0	0	0	0	1	0	601	0	6816	0	0	ཀརྨ=kanda;ཀོན=dkon;ཀྱུད=khyud;ཀྱེད=byed;ཀྲད=krad;ཀླད=klad;ཁད=khad;ཁུད=khud
SUB d→z	0	0	0	0	3	0	601	0	6816	0	0	ཀརྨ=kanda;ཀོན=dkon;ཀྱུད=khyud;ཀྱེད=byed;ཀྲད=krad;ཀླད=klad;ཁད=khad;ཁུད=khud
SUB d→ṅ	0	0	0	0	0	0	601	0	6816	0	0	ཀརྨ=kanda;ཀོན=dkon;ཀྱུད=khyud;ཀྱེད=byed;ཀྲད=krad;ཀླད=klad;ཁད=khad;ཁུད=khud
SUB e→a	0	0	0	0	6	0	407	0	4081	0	0	ཀེ=ke;ཀེག=keg;ཀེམ=kem;ཀེར=ker;ཀྱིར=khyer;ཀྱིར=kyer;ཀྱེ=khye;ཀྱེ=kye
SUB e→c	0	0	0	0	34	0	407	0	4081	0	0	ཀེ=ke;ཀེག=keg;ཀེམ=kem;ཀེར=ker;ཀྱིར=khyer;ཀྱིར=kyer;ཀྱེ=khye;ཀྱེ=kye
SUB e→d	0	0	0	0	0	0	407	0	4081	0	0	ཀེ=ke;ཀེག=keg;ཀེམ=kem;ཀེར=ker;ཀྱིར=khyer;ཀྱིར=kyer;ཀྱེ=khye;ཀྱེ=kye
SUB e→g	0	0	0	0	8	0	407	0	4081	0	0	ཀེ=ke;ཀེག=keg;ཀེམ=kem;ཀེར=ker;ཀྱིར=khyer;ཀྱིར=kyer;ཀྱེ=khye;ཀྱེ=kye
SUB e→h	0	0	0	0	3	0	407	0	4081	0	0	ཀེ=ke;ཀེག=keg;ཀེམ=kem;ཀེར=ker;ཀྱིར=khyer;ཀྱིར=kyer;ཀྱེ=khye;ཀྱེ=kye
SUB e→i	0	0	0	0	3	0	407	0	4081	0	0	ཀེ=ke;ཀེག=keg;ཀེམ=kem;ཀེར=ker;ཀྱིར=khyer;ཀྱིར=kyer;ཀྱེ=khye;ཀྱེ=kye
SUB e→n	0	0	0	0	4	0	407	0	4081	0	0	ཀེ=ke;ཀེག=keg;ཀེམ=kem;ཀེར=ker;ཀྱིར=khyer;ཀྱིར=kyer;ཀྱེ=khye;ཀྱེ=kye
SUB e→o	0	0	0	0	3	0	407	0	4081	0	0	ཀེ=ke;ཀེག=keg;ཀེམ=kem;ཀེར=ker;ཀྱིར=khyer;ཀྱིར=kyer;ཀྱེ=khye;ཀྱེ=kye
SUB e→p	0	0	0	0	0	0	407	0	4081	0	0	ཀེ=ke;ཀེག=keg;ཀེམ=kem;ཀེར=ker;ཀྱིར=khyer;ཀྱིར=kyer;ཀྱེ=khye;ཀྱེ=kye
SUB e→r	0	0	0	0	0	0	407	0	4081	0	0	ཀེ=ke;ཀེག=keg;ཀེམ=kem;ཀེར=ker;ཀྱིར=khyer;ཀྱིར=kyer;ཀྱེ=khye;ཀྱེ=kye
SUB e→s	0	0	0	0	3	0	407	0	4081	0	0	ཀེ=ke;ཀེག=keg;ཀེམ=kem;ཀེར=ker;ཀྱིར=khyer;ཀྱིར=kyer;ཀྱེ=khye;ཀྱེ=kye
SUB e→t	0	0	0	0	6	0	407	0	4081	0	0	ཀེ=ke;ཀེག=keg;ཀེམ=kem;ཀེར=ker;ཀྱིར=khyer;ཀྱིར=kyer;ཀྱེ=khye;ཀྱེ=kye
SUB e→u	0	0	0	0	3	0	407	0	4081	0	0	ཀེ=ke;ཀེག=keg;ཀེམ=kem;ཀེར=ker;ཀྱིར=khyer;ཀྱིར=kyer;ཀྱེ=khye;ཀྱེ=kye
SUB e→w	0	0	0	0	1	0	407	0	4081	0	0	ཀེ=ke;ཀེག=keg;ཀེམ=kem;ཀེར=ker;ཀྱིར=khyer;ཀྱིར=kyer;ཀྱེ=khye;ཀྱེ=kye
SUB e→y	0	0	0	0	1	0	407	0	4081	0	0	ཀེ=ke;ཀེག=keg;ཀེམ=kem;ཀེར=ker;ཀྱིར=khyer;ཀྱིར=kyer;ཀྱེ=khye;ཀྱེ=kye
SUB e→z	0	0	0	0	0	0	407	0	4081	0	0	ཀེ=ke;ཀེག=keg;ཀེམ=kem;ཀེར=ker;ཀྱིར=khyer;ཀྱིར=kyer;ཀྱེ=khye;ཀྱེ=kye
SUB e→ṅ	0	0	0	0	0	0	407	0	4081	0	0	ཀེ=ke;ཀེག=keg;ཀེམ=kem;ཀེར=ker;ཀྱིར=khyer;ཀྱིར=kyer;ཀྱེ=khye;ཀྱེ=kye
SUB f→c	0	0	0	0	0	0	13	0	83	0	0	གཉིས=gfüis;ཉ=fa;ཉི=fi;ཉི=fie;ཉི=fl;ཉིན=fin;ཉིས=fies;ཉེ=fie
SUB f→d	0	0	0	0	2	0	13	0	83	0	0	གཉིས=gfüis;ཉ=fa;ཉི=fi;ཉི=fie;ཉི=fl;ཉིན=fin;ཉིས=fies;ཉེ=fie
SUB f→h	0	0	0	0	0	0	13	0	83	0	0	གཉིས=gfüis;ཉ=fa;ཉི=fi;ཉི=fie;ཉི=fl;ཉིན=fin;ཉིས=fies;ཉེ=fie
SUB f→t	0	0	0	0	0	0	13	0	83	0	0	གཉིས=gfüis;ཉ=fa;ཉི=fi;ཉི=fie;ཉི=fl;ཉིན=fin;ཉིས=fies;ཉེ=fie
SUB f→u	0	0	0	0	0	0	13	0	83	0	0	གཉིས=gfüis;ཉ=fa;ཉི=fi;ཉི=fie;ཉི=fl;ཉིན=fin;ཉིས=fies;ཉེ=fie
SUB g→b	0	0	0	0	3	0	813	0	6628	0	0	ཀེག=keg;ཀོ=go;ཀྱི=gyi;ཀྱིས=gyis;ཀྱོག=kyog;ཀྲོ=gro;ཀྲོག=krog;ཀླག=Rlag
SUB g→c	0	0	0	0	0	0	813	0	6628	0	0	ཀེག=keg;ཀོ=go;ཀྱི=gyi;ཀྱིས=gyis;ཀྱོག=kyog;ཀྲོ=gro;ཀྲོག=krog;ཀླག=Rlag
SUB g→d	0	0	0	0	4	0	813	0	6628	0	0	ཀེག=keg;ཀོ=go;ཀྱི=gyi;ཀྱིས=gyis;ཀྱོག=kyog;ཀྲོ=gro;ཀྲོག=krog;ཀླག=Rlag
SUB g→i	0	0	0	0	1	0	813	0	6628	0	0	ཀེག=keg;ཀོ=go;ཀྱི=gyi;ཀྱིས=gyis;ཀྱོག=kyog;ཀྲོ=gro;ཀྲོག=krog;ཀླག=Rlag
SUB g→k	0	0	0	0	0	0	813	0	6628	0	0	ཀེག=keg;ཀོ=go;ཀྱི=gyi;ཀྱིས=gyis;ཀྱོག=kyog;ཀྲོ=gro;ཀྲོག=krog;ཀླག=Rlag
SUB g→l	0	0	0	0	0	0	813	0	6628	0	0	ཀེག=keg;ཀོ=go;ཀྱི=gyi;ཀྱིས=gyis;ཀྱོག=kyog;ཀྲོ=gro;ཀྲོག=krog;ཀླག=Rlag
SUB g→m	0	0	0	0	1	0	813	0	6628	0	0	ཀེག=keg;ཀོ=go;ཀྱི=gyi;ཀྱིས=gyis;ཀྱོག=kyog;ཀྲོ=gro;ཀྲོག=krog;ཀླག=Rlag
SUB g→n	0	0	0	0	1	0	813	0	6628	0	0	ཀེག=keg;ཀོ=go;ཀྱི=gyi;ཀྱིས=gyis;ཀྱོག=kyog;ཀྲོ=gro;ཀྲོག=krog;ཀླག=Rlag
SUB g→o	0	0	0	0	0	0	813	0	6628	0	0	ཀེག=keg;ཀོ=go;ཀྱི=gyi;ཀྱིས=gyis;ཀྱོག=kyog;ཀྲོ=gro;ཀྲོག=krog;ཀླག=Rlag
SUB g→r	0	0	0	0	3	0	813	0	6628	0	0	ཀེག=keg;ཀོ=go;ཀྱི=gyi;ཀྱིས=gyis;ཀྱོག=kyog;ཀྲོ=gro;ཀྲོག=krog;ཀླག=Rlag
SUB g→s	0	0	0	0	5	0	813	0	6628	0	0	ཀེག=keg;ཀོ=go;ཀྱི=gyi;ཀྱིས=gyis;ཀྱོག=kyog;ཀྲོ=gro;ཀྲོག=krog;ཀླག=Rlag
SUB g→y	0	0	0	0	0	0	813	0	6628	0	0	ཀེག=keg;ཀོ=go;ཀྱི=gyi;ཀྱིས=gyis;ཀྱོག=kyog;ཀྲོ=gro;ཀྲོག=krog;ཀླག=Rlag
SUB g→ṅ	0	0	0	0	0	0	813	0	6628	0	0	ཀེག=keg;ཀོ=go;ཀྱི=gyi;ཀྱིས=gyis;ཀྱོག=kyog;ཀྲོ=gro;ཀྲོག=krog;ཀླག=Rlag
SUB h→a	0	0	0	0	3	0	538	0	5176	0	0	ཀུ=khyu;ཀྱབ=khyab;ཀྱི=khyi;ཀྱིམ=khyim;ཀྱིར=khyer;ཀྱུ=khyu;ཀྱུད=khyud;ཀྱེ=khye
SUB h→b	0	0	0	0	2	0	538	0	5176	0	0	ཀུ=khyu;ཀྱབ=khyab;ཀྱི=khyi;ཀྱིམ=khyim;ཀྱིར=khyer;ཀྱུ=khyu;ཀྱུད=khyud;ཀྱེ=khye
SUB h→d	0	0	0	0	0	0	538	0	5176	0	0	ཀུ=khyu;ཀྱབ=khyab;ཀྱི=khyi;ཀྱིམ=khyim;ཀྱིར=khyer;ཀྱུ=khyu;ཀྱུད=khyud;ཀྱེ=khye
SUB h→i	0	0	0	0	2	0	538	0	5176	0	0	ཀུ=khyu;ཀྱབ=khyab;ཀྱི=khyi;ཀྱིམ=khyim;ཀྱིར=khyer;ཀྱུ=khyu;ཀྱུད=khyud;ཀྱེ=khye
SUB h→k	0	0	0	0	0	0	538	0	5176	0	0	ཀུ=khyu;ཀྱབ=khyab;ཀྱི=khyi;ཀྱིམ=khyim;ཀྱིར=khyer;ཀྱུ=khyu;ཀྱུད=khyud;ཀྱེ=khye
SUB h→l	0	0	0	0	2	0	538	0	5176	0	0	ཀུ=khyu;ཀྱབ=khyab;ཀྱི=khyi;ཀྱིམ=khyim;ཀྱིར=khyer;ཀྱུ=khyu;ཀྱུད=khyud;ཀྱེ=khye
SUB h→r	0	0	0	0	1	0	538	0	5176	0	0	ཀུ=khyu;ཀྱབ=khyab;ཀྱི=khyi;ཀྱིམ=khyim;ཀྱིར=khyer;ཀྱུ=khyu;ཀྱུད=khyud;ཀྱེ=khye
SUB h→s	0	0	0	0	0	0	538	0	5176	0	0	ཀུ=khyu;ཀྱབ=khyab;ཀྱི=khyi;ཀྱིམ=khyim;ཀྱིར=khyer;ཀྱུ=khyu;ཀྱུད=khyud;ཀྱེ=khye
SUB h→u	0	0	0	0	1	0	538	0	5176	0	0	ཀུ=khyu;ཀྱབ=khyab;ཀྱི=khyi;ཀྱིམ=khyim;ཀྱིར=khyer;ཀྱུ=khyu;ཀྱུད=khyud;ཀྱེ=khye
SUB h→y	0	0	0	0	0	0	538	0	5176	0	0	ཀུ=khyu;ཀྱབ=khyab;ཀྱི=khyi;ཀྱིམ=khyim;ཀྱིར=khyer;ཀྱུ=khyu;ཀྱུད=khyud;ཀྱེ=khye
SUB h→z	0	0	0	0	0	0	538	0	5176	0	0	ཀུ=khyu;ཀྱབ=khyab;ཀྱི=khyi;ཀྱིམ=khyim;ཀྱིར=khyer;ཀྱུ=khyu;ཀྱུད=khyud;ཀྱེ=khye
SUB h→ṅ	29	45	0	2	1	0	538	0	5176	0	0	ཀུ=khyu;ཀྱབ=khyab;ཀྱི=khyi;ཀྱིམ=khyim;ཀྱིར=khyer;ཀྱུ=khyu;ཀྱུད=khyud;ཀྱེ=khye
SUB i→a	0	0	0	0	13	0	454	0	3354	0	0	ཀའི=ka’i;ཀི=kai;ཀི=ki;ཀི=kyi;ཀྱ=kyi;ཀྱི=gyi;ཀྱི=khyi;ཀྱི=kyi
SUB i→b	0	0	0	0	0	0	454	0	3354	0	0	ཀའི=ka’i;ཀི=kai;ཀི=ki;ཀི=kyi;ཀྱ=kyi;ཀྱི=gyi;ཀྱི=khyi;ཀྱི=kyi
SUB i→d	0	0	0	0	0	0	454	0	3354	0	0	ཀའི=ka’i;ཀི=kai;ཀི=ki;ཀི=kyi;ཀྱ=kyi;ཀྱི=gyi;ཀྱི=khyi;ཀྱི=kyi
SUB i→e	0	0	0	0	4	0	454	0	3354	0	0	ཀའི=ka’i;ཀི=kai;ཀི=ki;ཀི=kyi;ཀྱ=kyi;ཀྱི=gyi;ཀྱི=khyi;ཀྱི=kyi
SUB i→g	0	0	0	0	0	0	454	0	3354	0	0	ཀའི=ka’i;ཀི=kai;ཀི=ki;ཀི=kyi;ཀྱ=kyi;ཀྱི=gyi;ཀྱི=khyi;ཀྱི=kyi
SUB i→h	0	0	0	0	3	0	454	0	3354	0	0	ཀའི=ka’i;ཀི=kai;ཀི=ki;ཀི=kyi;ཀྱ=kyi;ཀྱི=gyi;ཀྱི=khyi;ཀྱི=kyi
SUB i→j	0	0	0	0	0	0	454	0	3354	0	0	ཀའི=ka’i;ཀི=kai;ཀི=ki;ཀི=kyi;ཀྱ=kyi;ཀྱི=gyi;ཀྱི=khyi;ཀྱི=kyi
SUB i→l	0	0	0	0	3	0	454	0	3354	0	0	ཀའི=ka’i;ཀི=kai;ཀི=ki;ཀི=kyi;ཀྱ=kyi;ཀྱི=gyi;ཀྱི=khyi;ཀྱི=kyi
SUB i→n	0	0	0	1	5	0	454	0	3354	0	0	ཀའི=ka’i;ཀི=kai;ཀི=ki;ཀི=kyi;ཀྱ=kyi;ཀྱི=gyi;ཀྱི=khyi;ཀྱི=kyi
SUB i→o	0	0	0	0	0	0	454	0	3354	0	0	ཀའི=ka’i;ཀི=kai;ཀི=ki;ཀི=kyi;ཀྱ=kyi;ཀྱི=gyi;ཀྱི=khyi;ཀྱི=kyi
SUB i→r	0	0	0	0	3	0	454	0	3354	0	0	ཀའི=ka’i;ཀི=kai;ཀི=ki;ཀི=kyi;ཀྱ=kyi;ཀྱི=gyi;ཀྱི=khyi;ཀྱི=kyi
SUB i→s	0	0	0	0	1	0	454	0	3354	0	0	ཀའི=ka’i;ཀི=kai;ཀི=ki;ཀི=kyi;ཀྱ=kyi;ཀྱི=gyi;ཀྱི=khyi;ཀྱི=kyi
SUB i→t	0	0	0	1	8	0	454	0	3354	0	0	ཀའི=ka’i;ཀི=kai;ཀི=ki;ཀི=kyi;ཀྱ=kyi;ཀྱི=gyi;ཀྱི=khyi;ཀྱི=kyi
SUB i→u	0	0	0	0	5	0	454	0	3354	0	0	ཀའི=ka’i;ཀི=kai;ཀི=ki;ཀི=kyi;ཀྱ=kyi;ཀྱི=gyi;ཀྱི=khyi;ཀྱི=kyi
SUB i→z	0	0	0	0	0	0	454	0	3354	0	0	ཀའི=ka’i;ཀི=kai;ཀི=ki;ཀི=kyi;ཀྱ=kyi;ཀྱི=gyi;ཀྱི=khyi;ཀྱི=kyi
SUB i→ź	0	1	0	0	13	0	454	0	3354	0	0	ཀའི=ka’i;ཀི=kai;ཀི=ki;ཀི=kyi;ཀྱ=kyi;ཀྱི=gyi;ཀྱི=khyi;ཀྱི=kyi
SUB i→ṅ	0	0	0	0	3	0	454	0	3354	0	0	ཀའི=ka’i;ཀི=kai;ཀི=ki;ཀི=kyi;ཀྱ=kyi;ཀྱི=gyi;ཀྱི=khyi;ཀྱི=kyi
SUB j→a	0	0	0	0	0	0	36	0	385	0	0	ཇ=ja;ཇི=ji;ཇུས=jus;ཇོ=jo;ཉི=ji;ཉེ=je;ཉེ=jie;བརྗིད=brjid
SUB j→d	0	0	0	0	0	0	36	0	385	0	0	ཇ=ja;ཇི=ji;ཇུས=jus;ཇོ=jo;ཉི=ji;ཉེ=je;ཉེ=jie;བརྗིད=brjid
SUB j→i	0	0	0	0	2	0	36	0	385	0	0	ཇ=ja;ཇི=ji;ཇུས=jus;ཇོ=jo;ཉི=ji;ཉེ=je;ཉེ=jie;བརྗིད=brjid
SUB j→n	0	0	0	0	0	0	36	0	385	0	0	ཇ=ja;ཇི=ji;ཇུས=jus;ཇོ=jo;ཉི=ji;ཉེ=je;ཉེ=jie;བརྗིད=brjid
SUB j→u	0	0	0	0	0	0	36	0	385	0	0	ཇ=ja;ཇི=ji;ཇུས=jus;ཇོ=jo;ཉི=ji;ཉེ=je;ཉེ=jie;བརྗིད=brjid
SUB k→a	0	0	0	0	0	0	361	0	3730	0	0	ཀ=ka;ཀ=kam;ཀ=ku;ཀན=kan;ཀམ=kam;ཀའི=ka’i;ཀར=kar;ཀརྨ=kanda
SUB k→b	0	0	0	0	2	0	361	0	3730	0	0	ཀ=ka;ཀ=kam;ཀ=ku;ཀན=kan;ཀམ=kam;ཀའི=ka’i;ཀར=kar;ཀརྨ=kanda
SUB k→c	0	0	0	0	0	0	361	0	3730	0	0	ཀ=ka;ཀ=kam;ཀ=ku;ཀན=kan;ཀམ=kam;ཀའི=ka’i;ཀར=kar;ཀརྨ=kanda
SUB k→d	0	0	0	0	0	0	361	0	3730	0	0	ཀ=ka;ཀ=kam;ཀ=ku;ཀན=kan;ཀམ=kam;ཀའི=ka’i;ཀར=kar;ཀརྨ=kanda
SUB k→g	0	0	0	0	1	0	361	0	3730	0	0	ཀ=ka;ཀ=kam;ཀ=ku;ཀན=kan;ཀམ=kam;ཀའི=ka’i;ཀར=kar;ཀརྨ=kanda
SUB k→m	0	0	0	0	1	0	361	0	3730	0	0	ཀ=ka;ཀ=kam;ཀ=ku;ཀན=kan;ཀམ=kam;ཀའི=ka’i;ཀར=kar;ཀརྨ=kanda
SUB k→r	0	0	0	0	1	0	361	0	3730	0	0	ཀ=ka;ཀ=kam;ཀ=ku;ཀན=kan;ཀམ=kam;ཀའི=ka’i;ཀར=kar;ཀརྨ=kanda
SUB k→s	0	0	0	0	0	0	361	0	3730	0	0	ཀ=ka;ཀ=kam;ཀ=ku;ཀན=kan;ཀམ=kam;ཀའི=ka’i;ཀར=kar;ཀརྨ=kanda
SUB k→w	0	0	0	0	0	0	361	0	3730	0	0	ཀ=ka;ཀ=kam;ཀ=ku;ཀན=kan;ཀམ=kam;ཀའི=ka’i;ཀར=kar;ཀརྨ=kanda
SUB k→y	0	0	0	0	0	0	361	0	3730	0	0	ཀ=ka;ཀ=kam;ཀ=ku;ཀན=kan;ཀམ=kam;ཀའི=ka’i;ཀར=kar;ཀརྨ=kanda
SUB k→z	0	0	0	0	0	0	361	0	3730	0	0	ཀ=ka;ཀ=kam;ཀ=ku;ཀན=kan;ཀམ=kam;ཀའི=ka’i;ཀར=kar;ཀརྨ=kanda
SUB k→ź	0	0	0	0	0	0	361	0	3730	0	0	ཀ=ka;ཀ=kam;ཀ=ku;ཀན=kan;ཀམ=kam;ཀའི=ka’i;ཀར=kar;ཀརྨ=kanda
SUB l→a	0	0	0	0	2	0	399	0	3088	0	0	ཀོལ=kol;ཀོལ=krol;ཀྱ=kyal;ཀླག=Rlag;ཀླག=klag;ཀླད=klad;ཀླས=klas;ཀླུ=klu
SUB l→b	0	0	0	0	0	0	399	0	3088	0	0	ཀོལ=kol;ཀོལ=krol;ཀྱ=kyal;ཀླག=Rlag;ཀླག=klag;ཀླད=klad;ཀླས=klas;ཀླུ=klu
SUB l→c	0	0	0	0	1	0	399	0	3088	0	0	ཀོལ=kol;ཀོལ=krol;ཀྱ=kyal;ཀླག=Rlag;ཀླག=klag;ཀླད=klad;ཀླས=klas;ཀླུ=klu
SUB l→g	0	0	0	0	3	0	399	0	3088	0	0	ཀོལ=kol;ཀོལ=krol;ཀྱ=kyal;ཀླག=Rlag;ཀླག=klag;ཀླད=klad;ཀླས=klas;ཀླུ=klu
SUB l→h	0	0	0	0	2	0	399	0	3088	0	0	ཀོལ=kol;ཀོལ=krol;ཀྱ=kyal;ཀླག=Rlag;ཀླག=klag;ཀླད=klad;ཀླས=klas;ཀླུ=klu
SUB l→i	0	0	0	0	1	0	399	0	3088	0	0	ཀོལ=kol;ཀོལ=krol;ཀྱ=kyal;ཀླག=Rlag;ཀླག=klag;ཀླད=klad;ཀླས=klas;ཀླུ=klu
SUB l→k	0	0	0	0	0	0	399	0	3088	0	0	ཀོལ=kol;ཀོལ=krol;ཀྱ=kyal;ཀླག=Rlag;ཀླག=klag;ཀླད=klad;ཀླས=klas;ཀླུ=klu
SUB l→m	0	0	0	0	0	0	399	0	3088	0	0	ཀོལ=kol;ཀོལ=krol;ཀྱ=kyal;ཀླག=Rlag;ཀླག=klag;ཀླད=klad;ཀླས=klas;ཀླུ=klu
SUB l→o	0	0	0	0	0	0	399	0	3088	0	0	ཀོལ=kol;ཀོལ=krol;ཀྱ=kyal;ཀླག=Rlag;ཀླག=klag;ཀླད=klad;ཀླས=klas;ཀླུ=klu
SUB l→r	0	0	0	0	3	0	399	0	3088	0	0	ཀོལ=kol;ཀོལ=krol;ཀྱ=kyal;ཀླག=Rlag;ཀླག=klag;ཀླད=klad;ཀླས=klas;ཀླུ=klu
SUB l→s	0	0	0	0	1	0	399	0	3088	0	0	ཀོལ=kol;ཀོལ=krol;ཀྱ=kyal;ཀླག=Rlag;ཀླག=klag;ཀླད=klad;ཀླས=klas;ཀླུ=klu
SUB l→t	0	0	0	0	0	0	399	0	3088	0	0	ཀོལ=kol;ཀོལ=krol;ཀྱ=kyal;ཀླག=Rlag;ཀླག=klag;ཀླད=klad;ཀླས=klas;ཀླུ=klu
SUB l→w	0	0	0	0	0	0	399	0	3088	0	0	ཀོལ=kol;ཀོལ=krol;ཀྱ=kyal;ཀླག=Rlag;ཀླག=klag;ཀླད=klad;ཀླས=klas;ཀླུ=klu
SUB l→y	0	0	0	0	1	0	399	0	3088	0	0	ཀོལ=kol;ཀོལ=krol;ཀྱ=kyal;ཀླག=Rlag;ཀླག=klag;ཀླད=klad;ཀླས=klas;ཀླུ=klu
SUB l→ṅ	0	0	0	0	0	0	399	0	3088	0	0	ཀོལ=kol;ཀོལ=krol;ཀྱ=kyal;ཀླག=Rlag;ཀླག=klag;ཀླད=klad;ཀླས=klas;ཀླུ=klu
SUB m→d	0	0	0	0	2	0	486	0	5275	0	0	ཀ=kam;ཀམ=kam;ཀརྨ=karma;ཀེམ=kem;ཀོམ=kom;ཀྱམས=byams;ཀྱིམ=khyim;ཁམ=kham
SUB m→g	0	0	0	0	1	0	486	0	5275	0	0	ཀ=kam;ཀམ=kam;ཀརྨ=karma;ཀེམ=kem;ཀོམ=kom;ཀྱམས=byams;ཀྱིམ=khyim;ཁམ=kham
SUB m→i	0	0	0	0	1	0	486	0	5275	0	0	ཀ=kam;ཀམ=kam;ཀརྨ=karma;ཀེམ=kem;ཀོམ=kom;ཀྱམས=byams;ཀྱིམ=khyim;ཁམ=kham
SUB m→j	0	0	0	0	0	0	486	0	5275	0	0	ཀ=kam;ཀམ=kam;ཀརྨ=karma;ཀེམ=kem;ཀོམ=kom;ཀྱམས=byams;ཀྱིམ=khyim;ཁམ=kham
SUB m→l	0	0	0	0	0	0	486	0	5275	0	0	ཀ=kam;ཀམ=kam;ཀརྨ=karma;ཀེམ=kem;ཀོམ=kom;ཀྱམས=byams;ཀྱིམ=khyim;ཁམ=kham
SUB m→n	0	0	0	0	14	0	486	0	5275	0	0	ཀ=kam;ཀམ=kam;ཀརྨ=karma;ཀེམ=kem;ཀོམ=kom;ཀྱམས=byams;ཀྱིམ=khyim;ཁམ=kham
SUB m→p	0	0	0	0	1	0	486	0	5275	0	0	ཀ=kam;ཀམ=kam;ཀརྨ=karma;ཀེམ=kem;ཀོམ=kom;ཀྱམས=byams;ཀྱིམ=khyim;ཁམ=kham
SUB m→r	0	0	0	0	7	0	486	0	5275	0	0	ཀ=kam;ཀམ=kam;ཀརྨ=karma;ཀེམ=kem;ཀོམ=kom;ཀྱམས=byams;ཀྱིམ=khyim;ཁམ=kham
SUB m→s	0	0	0	0	1	0	486	0	5275	0	0	ཀ=kam;ཀམ=kam;ཀརྨ=karma;ཀེམ=kem;ཀོམ=kom;ཀྱམས=byams;ཀྱིམ=khyim;ཁམ=kham
SUB m→t	0	0	0	0	0	0	486	0	5275	0	0	ཀ=kam;ཀམ=kam;ཀརྨ=karma;ཀེམ=kem;ཀོམ=kom;ཀྱམས=byams;ཀྱིམ=khyim;ཁམ=kham
SUB m→w	0	0	0	0	1	0	486	0	5275	0	0	ཀ=kam;ཀམ=kam;ཀརྨ=karma;ཀེམ=kem;ཀོམ=kom;ཀྱམས=byams;ཀྱིམ=khyim;ཁམ=kham
SUB m→y	0	0	0	0	0	0	486	0	5275	0	0	ཀ=kam;ཀམ=kam;ཀརྨ=karma;ཀེམ=kem;ཀོམ=kom;ཀྱམས=byams;ཀྱིམ=khyim;ཁམ=kham
SUB n→a	0	0	0	0	3	0	497	0	5637	0	0	ཀན=kan;ཀརྨ=kanda;ཀུན=Run;ཀུན=kun;ཀུནཏུ=kun;ཀོན=dkon;ཀོན=kon;ཀྱིན=kyin
SUB n→b	0	0	0	0	1	0	497	0	5637	0	0	ཀན=kan;ཀརྨ=kanda;ཀུན=Run;ཀུན=kun;ཀུནཏུ=kun;ཀོན=dkon;ཀོན=kon;ཀྱིན=kyin
SUB n→d	0	0	0	0	7	0	497	0	5637	0	0	ཀན=kan;ཀརྨ=kanda;ཀུན=Run;ཀུན=kun;ཀུནཏུ=kun;ཀོན=dkon;ཀོན=kon;ཀྱིན=kyin
SUB n→g	0	0	0	0	2	0	497	0	5637	0	0	ཀན=kan;ཀརྨ=kanda;ཀུན=Run;ཀུན=kun;ཀུནཏུ=kun;ཀོན=dkon;ཀོན=kon;ཀྱིན=kyin
SUB n→j	0	0	0	0	0	0	497	0	5637	0	0	ཀན=kan;ཀརྨ=kanda;ཀུན=Run;ཀུན=kun;ཀུནཏུ=kun;ཀོན=dkon;ཀོན=kon;ཀྱིན=kyin
SUB n→l	0	0	0	0	3	0	497	0	5637	0	0	ཀན=kan;ཀརྨ=kanda;ཀུན=Run;ཀུན=kun;ཀུནཏུ=kun;ཀོན=dkon;ཀོན=kon;ཀྱིན=kyin
SUB n→m	0	0	0	1	11	0	497	0	5637	0	0	ཀན=kan;ཀརྨ=kanda;ཀུན=Run;ཀུན=kun;ཀུནཏུ=kun;ཀོན=dkon;ཀོན=kon;ཀྱིན=kyin
SUB n→o	0	0	0	0	2	0	497	0	5637	0	0	ཀན=kan;ཀརྨ=kanda;ཀུན=Run;ཀུན=kun;ཀུནཏུ=kun;ཀོན=dkon;ཀོན=kon;ཀྱིན=kyin
SUB n→p	0	0	0	0	0	0	497	0	5637	0	0	ཀན=kan;ཀརྨ=kanda;ཀུན=Run;ཀུན=kun;ཀུནཏུ=kun;ཀོན=dkon;ཀོན=kon;ཀྱིན=kyin
SUB n→r	0	0	0	0	8	0	497	0	5637	0	0	ཀན=kan;ཀརྨ=kanda;ཀུན=Run;ཀུན=kun;ཀུནཏུ=kun;ཀོན=dkon;ཀོན=kon;ཀྱིན=kyin
SUB n→s	0	0	0	0	3	0	497	0	5637	0	0	ཀན=kan;ཀརྨ=kanda;ཀུན=Run;ཀུན=kun;ཀུནཏུ=kun;ཀོན=dkon;ཀོན=kon;ཀྱིན=kyin
SUB n→t	0	0	0	0	0	0	497	0	5637	0	0	ཀན=kan;ཀརྨ=kanda;ཀུན=Run;ཀུན=kun;ཀུནཏུ=kun;ཀོན=dkon;ཀོན=kon;ཀྱིན=kyin
SUB n→u	0	1	0	0	21	0	497	0	5637	0	0	ཀན=kan;ཀརྨ=kanda;ཀུན=Run;ཀུན=kun;ཀུནཏུ=kun;ཀོན=dkon;ཀོན=kon;ཀྱིན=kyin
SUB n→y	0	0	0	0	0	0	497	0	5637	0	0	ཀན=kan;ཀརྨ=kanda;ཀུན=Run;ཀུན=kun;ཀུནཏུ=kun;ཀོན=dkon;ཀོན=kon;ཀྱིན=kyin
SUB n→ñ	0	0	0	851	106	0	497	0	5637	0	0	ཀན=kan;ཀརྨ=kanda;ཀུན=Run;ཀུན=kun;ཀུནཏུ=kun;ཀོན=dkon;ཀོན=kon;ཀྱིན=kyin
SUB n→ṅ	156	2336	0	3692	99	0	497	0	5637	0	0	ཀན=kan;ཀརྨ=kanda;ཀུན=Run;ཀུན=kun;ཀུནཏུ=kun;ཀོན=dkon;ཀོན=kon;ཀྱིན=kyin
SUB o→a	0	0	0	0	3	0	638	0	6781	0	0	ཀོ=go;ཀོ=ko;ཀོང=koṅ;ཀོན=dkon;ཀོན=kon;ཀོབ=kob;ཀོམ=kom;ཀོར=kor
SUB o→d	0	0	0	0	0	0	638	0	6781	0	0	ཀོ=go;ཀོ=ko;ཀོང=koṅ;ཀོན=dkon;ཀོན=kon;ཀོབ=kob;ཀོམ=kom;ཀོར=kor
SUB o→e	0	0	0	0	5	0	638	0	6781	0	0	ཀོ=go;ཀོ=ko;ཀོང=koṅ;ཀོན=dkon;ཀོན=kon;ཀོབ=kob;ཀོམ=kom;ཀོར=kor
SUB o→g	0	0	0	0	12	0	638	0	6781	0	0	ཀོ=go;ཀོ=ko;ཀོང=koṅ;ཀོན=dkon;ཀོན=kon;ཀོབ=kob;ཀོམ=kom;ཀོར=kor
SUB o→h	0	0	0	0	2	0	638	0	6781	0	0	ཀོ=go;ཀོ=ko;ཀོང=koṅ;ཀོན=dkon;ཀོན=kon;ཀོབ=kob;ཀོམ=kom;ཀོར=kor
SUB o→i	0	0	0	0	2	0	638	0	6781	0	0	ཀོ=go;ཀོ=ko;ཀོང=koṅ;ཀོན=dkon;ཀོན=kon;ཀོབ=kob;ཀོམ=kom;ཀོར=kor
SUB o→l	0	0	0	0	0	0	638	0	6781	0	0	ཀོ=go;ཀོ=ko;ཀོང=koṅ;ཀོན=dkon;ཀོན=kon;ཀོབ=kob;ཀོམ=kom;ཀོར=kor
SUB o→u	0	0	0	0	0	0	638	0	6781	0	0	ཀོ=go;ཀོ=ko;ཀོང=koṅ;ཀོན=dkon;ཀོན=kon;ཀོབ=kob;ཀོམ=kom;ཀོར=kor
SUB o→y	0	0	0	0	0	0	638	0	6781	0	0	ཀོ=go;ཀོ=ko;ཀོང=koṅ;ཀོན=dkon;ཀོན=kon;ཀོབ=kob;ཀོམ=kom;ཀོར=kor
SUB o→ṅ	0	0	0	0	0	0	638	0	6781	0	0	ཀོ=go;ཀོ=ko;ཀོང=koṅ;ཀོན=dkon;ཀོན=kon;ཀོབ=kob;ཀོམ=kom;ཀོར=kor
SUB p→b	0	0	0	0	0	0	273	0	5701	0	0	ཁ=pa;ཁོ=po;ཁོཌ=po;ངན=pa;ཌ=pa;ཐོགས=pa;དཔག=dpag;དཔང=dpaṅ
SUB p→c	0	0	0	0	1	0	273	0	5701	0	0	ཁ=pa;ཁོ=po;ཁོཌ=po;ངན=pa;ཌ=pa;ཐོགས=pa;དཔག=dpag;དཔང=dpaṅ
SUB p→d	0	0	0	0	2	0	273	0	5701	0	0	ཁ=pa;ཁོ=po;ཁོཌ=po;ངན=pa;ཌ=pa;ཐོགས=pa;དཔག=dpag;དཔང=dpaṅ
SUB p→g	0	0	0	0	1	0	273	0	5701	0	0	ཁ=pa;ཁོ=po;ཁོཌ=po;ངན=pa;ཌ=pa;ཐོགས=pa;དཔག=dpag;དཔང=dpaṅ
SUB p→h	0	0	0	0	1	0	273	0	5701	0	0	ཁ=pa;ཁོ=po;ཁོཌ=po;ངན=pa;ཌ=pa;ཐོགས=pa;དཔག=dpag;དཔང=dpaṅ
SUB p→k	0	0	0	0	0	0	273	0	5701	0	0	ཁ=pa;ཁོ=po;ཁོཌ=po;ངན=pa;ཌ=pa;ཐོགས=pa;དཔག=dpag;དཔང=dpaṅ
SUB p→m	0	0	0	0	1	0	273	0	5701	0	0	ཁ=pa;ཁོ=po;ཁོཌ=po;ངན=pa;ཌ=pa;ཐོགས=pa;དཔག=dpag;དཔང=dpaṅ
SUB p→n	0	0	0	0	0	0	273	0	5701	0	0	ཁ=pa;ཁོ=po;ཁོཌ=po;ངན=pa;ཌ=pa;ཐོགས=pa;དཔག=dpag;དཔང=dpaṅ
SUB p→r	0	0	0	0	1	0	273	0	5701	0	0	ཁ=pa;ཁོ=po;ཁོཌ=po;ངན=pa;ཌ=pa;ཐོགས=pa;དཔག=dpag;དཔང=dpaṅ
SUB p→s	0	0	0	0	1	0	273	0	5701	0	0	ཁ=pa;ཁོ=po;ཁོཌ=po;ངན=pa;ཌ=pa;ཐོགས=pa;དཔག=dpag;དཔང=dpaṅ
SUB p→t	0	0	0	0	0	0	273	0	5701	0	0	ཁ=pa;ཁོ=po;ཁོཌ=po;ངན=pa;ཌ=pa;ཐོགས=pa;དཔག=dpag;དཔང=dpaṅ
SUB p→y	0	0	0	0	1	0	273	0	5701	0	0	ཁ=pa;ཁོ=po;ཁོཌ=po;ངན=pa;ཌ=pa;ཐོགས=pa;དཔག=dpag;དཔང=dpaṅ
SUB r→a	0	0	0	0	2	0	857	0	6796	0	0	ཀར=kar;ཀརྨ=karma;ཀེར=ker;ཀོར=kor;ཀོལ=krol;ཀྱར=kyur;ཀྱི=kyiri;ཀྱིར=khyer
SUB r→b	0	0	0	0	2	0	857	0	6796	0	0	ཀར=kar;ཀརྨ=karma;ཀེར=ker;ཀོར=kor;ཀོལ=krol;ཀྱར=kyur;ཀྱི=kyiri;ཀྱིར=khyer
SUB r→d	0	0	0	0	2	0	857	0	6796	0	0	ཀར=kar;ཀརྨ=karma;ཀེར=ker;ཀོར=kor;ཀོལ=krol;ཀྱར=kyur;ཀྱི=kyiri;ཀྱིར=khyer
SUB r→e	0	0	0	0	1	0	857	0	6796	0	0	ཀར=kar;ཀརྨ=karma;ཀེར=ker;ཀོར=kor;ཀོལ=krol;ཀྱར=kyur;ཀྱི=kyiri;ཀྱིར=khyer
SUB r→g	0	0	0	0	3	0	857	0	6796	0	0	ཀར=kar;ཀརྨ=karma;ཀེར=ker;ཀོར=kor;ཀོལ=krol;ཀྱར=kyur;ཀྱི=kyiri;ཀྱིར=khyer
SUB r→k	0	0	0	0	0	0	857	0	6796	0	0	ཀར=kar;ཀརྨ=karma;ཀེར=ker;ཀོར=kor;ཀོལ=krol;ཀྱར=kyur;ཀྱི=kyiri;ཀྱིར=khyer
SUB r→l	0	0	0	0	1	0	857	0	6796	0	0	ཀར=kar;ཀརྨ=karma;ཀེར=ker;ཀོར=kor;ཀོལ=krol;ཀྱར=kyur;ཀྱི=kyiri;ཀྱིར=khyer
SUB r→m	0	0	0	0	4	0	857	0	6796	0	0	ཀར=kar;ཀརྨ=karma;ཀེར=ker;ཀོར=kor;ཀོལ=krol;ཀྱར=kyur;ཀྱི=kyiri;ཀྱིར=khyer
SUB r→n	0	0	0	0	28	0	857	0	6796	0	0	ཀར=kar;ཀརྨ=karma;ཀེར=ker;ཀོར=kor;ཀོལ=krol;ཀྱར=kyur;ཀྱི=kyiri;ཀྱིར=khyer
SUB r→o	0	0	0	0	0	0	857	0	6796	0	0	ཀར=kar;ཀརྨ=karma;ཀེར=ker;ཀོར=kor;ཀོལ=krol;ཀྱར=kyur;ཀྱི=kyiri;ཀྱིར=khyer
SUB r→s	0	0	0	0	0	0	857	0	6796	0	0	ཀར=kar;ཀརྨ=karma;ཀེར=ker;ཀོར=kor;ཀོལ=krol;ཀྱར=kyur;ཀྱི=kyiri;ཀྱིར=khyer
SUB r→t	0	0	0	0	11	0	857	0	6796	0	0	ཀར=kar;ཀརྨ=karma;ཀེར=ker;ཀོར=kor;ཀོལ=krol;ཀྱར=kyur;ཀྱི=kyiri;ཀྱིར=khyer
SUB r→w	0	0	0	0	0	0	857	0	6796	0	0	ཀར=kar;ཀརྨ=karma;ཀེར=ker;ཀོར=kor;ཀོལ=krol;ཀྱར=kyur;ཀྱི=kyiri;ཀྱིར=khyer
SUB r→y	0	0	0	0	1	0	857	0	6796	0	0	ཀར=kar;ཀརྨ=karma;ཀེར=ker;ཀོར=kor;ཀོལ=krol;ཀྱར=kyur;ཀྱི=kyiri;ཀྱིར=khyer
SUB r→z	0	0	0	0	0	0	857	0	6796	0	0	ཀར=kar;ཀརྨ=karma;ཀེར=ker;ཀོར=kor;ཀོལ=krol;ཀྱར=kyur;ཀྱི=kyiri;ཀྱིར=khyer
SUB r→ñ	0	0	0	0	3	0	857	0	6796	0	0	ཀར=kar;ཀརྨ=karma;ཀེར=ker;ཀོར=kor;ཀོལ=krol;ཀྱར=kyur;ཀྱི=kyiri;ཀྱིར=khyer
SUB r→ṅ	0	0	0	5	7	0	857	0	6796	0	0	ཀར=kar;ཀརྨ=karma;ཀེར=ker;ཀོར=kor;ཀོལ=krol;ཀྱར=kyur;ཀྱི=kyiri;ཀྱིར=khyer
SUB s→S	0	0	0	0	30	0	1024	0	6435	0	0	ཀུས=kus;ཀོས=kos;ཀྱམས=byams;ཀྱིས=gyis;ཀྱིས=kyis;ཀྱུས=kyus;ཀླས=klas;ཁམས=kbams
SUB s→a	0	0	0	0	4	0	1024	0	6435	0	0	ཀུས=kus;ཀོས=kos;ཀྱམས=byams;ཀྱིས=gyis;ཀྱིས=kyis;ཀྱུས=kyus;ཀླས=klas;ཁམས=kbams
SUB s→b	0	0	0	0	1	0	1024	0	6435	0	0	ཀུས=kus;ཀོས=kos;ཀྱམས=byams;ཀྱིས=gyis;ཀྱིས=kyis;ཀྱུས=kyus;ཀླས=klas;ཁམས=kbams
SUB s→d	0	0	0	0	3	0	1024	0	6435	0	0	ཀུས=kus;ཀོས=kos;ཀྱམས=byams;ཀྱིས=gyis;ཀྱིས=kyis;ཀྱུས=kyus;ཀླས=klas;ཁམས=kbams
SUB s→g	0	0	0	0	0	0	1024	0	6435	0	0	ཀུས=kus;ཀོས=kos;ཀྱམས=byams;ཀྱིས=gyis;ཀྱིས=kyis;ཀྱུས=kyus;ཀླས=klas;ཁམས=kbams
SUB s→h	0	0	0	0	0	0	1024	0	6435	0	0	ཀུས=kus;ཀོས=kos;ཀྱམས=byams;ཀྱིས=gyis;ཀྱིས=kyis;ཀྱུས=kyus;ཀླས=klas;ཁམས=kbams
SUB s→k	0	0	0	0	1	0	1024	0	6435	0	0	ཀུས=kus;ཀོས=kos;ཀྱམས=byams;ཀྱིས=gyis;ཀྱིས=kyis;ཀྱུས=kyus;ཀླས=klas;ཁམས=kbams
SUB s→l	0	0	0	0	1	0	1024	0	6435	0	0	ཀུས=kus;ཀོས=kos;ཀྱམས=byams;ཀྱིས=gyis;ཀྱིས=kyis;ཀྱུས=kyus;ཀླས=klas;ཁམས=kbams
SUB s→m	0	0	0	0	2	0	1024	0	6435	0	0	ཀུས=kus;ཀོས=kos;ཀྱམས=byams;ཀྱིས=gyis;ཀྱིས=kyis;ཀྱུས=kyus;ཀླས=klas;ཁམས=kbams
SUB s→n	0	0	0	0	7	0	1024	0	6435	0	0	ཀུས=kus;ཀོས=kos;ཀྱམས=byams;ཀྱིས=gyis;ཀྱིས=kyis;ཀྱུས=kyus;ཀླས=klas;ཁམས=kbams
SUB s→o	0	0	0	0	1	0	1024	0	6435	0	0	ཀུས=kus;ཀོས=kos;ཀྱམས=byams;ཀྱིས=gyis;ཀྱིས=kyis;ཀྱུས=kyus;ཀླས=klas;ཁམས=kbams
SUB s→p	0	0	0	0	0	0	1024	0	6435	0	0	ཀུས=kus;ཀོས=kos;ཀྱམས=byams;ཀྱིས=gyis;ཀྱིས=kyis;ཀྱུས=kyus;ཀླས=klas;ཁམས=kbams
SUB s→r	0	0	0	0	2	0	1024	0	6435	0	0	ཀུས=kus;ཀོས=kos;ཀྱམས=byams;ཀྱིས=gyis;ཀྱིས=kyis;ཀྱུས=kyus;ཀླས=klas;ཁམས=kbams
SUB s→t	0	0	0	0	2	0	1024	0	6435	0	0	ཀུས=kus;ཀོས=kos;ཀྱམས=byams;ཀྱིས=gyis;ཀྱིས=kyis;ཀྱུས=kyus;ཀླས=klas;ཁམས=kbams
SUB s→u	0	0	0	0	0	0	1024	0	6435	0	0	ཀུས=kus;ཀོས=kos;ཀྱམས=byams;ཀྱིས=gyis;ཀྱིས=kyis;ཀྱུས=kyus;ཀླས=klas;ཁམས=kbams
SUB s→y	0	0	0	0	0	0	1024	0	6435	0	0	ཀུས=kus;ཀོས=kos;ཀྱམས=byams;ཀྱིས=gyis;ཀྱིས=kyis;ཀྱུས=kyus;ཀླས=klas;ཁམས=kbams
SUB s→ṅ	0	0	0	0	2	0	1024	0	6435	0	0	ཀུས=kus;ཀོས=kos;ཀྱམས=byams;ཀྱིས=gyis;ཀྱིས=kyis;ཀྱུས=kyus;ཀླས=klas;ཁམས=kbams
SUB t→b	0	0	0	0	0	0	351	0	2807	0	0	གཏགས=gtugs;གཏད=gtad;གཏན=gtan;གཏན=gtun;གཏམ=gtam;གཏམ=gtum;གཏམས=gtams;གཏར=gtar
SUB t→d	0	0	0	0	1	0	351	0	2807	0	0	གཏགས=gtugs;གཏད=gtad;གཏན=gtan;གཏན=gtun;གཏམ=gtam;གཏམ=gtum;གཏམས=gtams;གཏར=gtar
SUB t→g	0	0	0	0	0	0	351	0	2807	0	0	གཏགས=gtugs;གཏད=gtad;གཏན=gtan;གཏན=gtun;གཏམ=gtam;གཏམ=gtum;གཏམས=gtams;གཏར=gtar
SUB t→h	0	0	0	0	1	0	351	0	2807	0	0	གཏགས=gtugs;གཏད=gtad;གཏན=gtan;གཏན=gtun;གཏམ=gtam;གཏམ=gtum;གཏམས=gtams;གཏར=gtar
SUB t→k	0	0	0	0	2	0	351	0	2807	0	0	གཏགས=gtugs;གཏད=gtad;གཏན=gtan;གཏན=gtun;གཏམ=gtam;གཏམ=gtum;གཏམས=gtams;གཏར=gtar
SUB t→l	0	0	0	0	3	0	351	0	2807	0	0	གཏགས=gtugs;གཏད=gtad;གཏན=gtan;གཏན=gtun;གཏམ=gtam;གཏམ=gtum;གཏམས=gtams;གཏར=gtar
SUB t→m	0	0	0	0	0	0	351	0	2807	0	0	གཏགས=gtugs;གཏད=gtad;གཏན=gtan;གཏན=gtun;གཏམ=gtam;གཏམ=gtum;གཏམས=gtams;གཏར=gtar
SUB t→n	0	0	0	0	1	0	351	0	2807	0	0	གཏགས=gtugs;གཏད=gtad;གཏན=gtan;གཏན=gtun;གཏམ=gtam;གཏམ=gtum;གཏམས=gtams;གཏར=gtar
SUB t→p	0	0	0	0	0	0	351	0	2807	0	0	གཏགས=gtugs;གཏད=gtad;གཏན=gtan;གཏན=gtun;གཏམ=gtam;གཏམ=gtum;གཏམས=gtams;གཏར=gtar
SUB t→y	0	0	0	0	1	0	351	0	2807	0	0	གཏགས=gtugs;གཏད=gtad;གཏན=gtan;གཏན=gtun;གཏམ=gtam;གཏམ=gtum;གཏམས=gtams;གཏར=gtar
SUB u→a	0	0	0	0	4	0	559	0	4487	0	0	ཀ=ku;ཀཱ=ku;ཀུ=khyu;ཀུ=ku;ཀུན=Run;ཀུན=kun;ཀུནཏུ=kun;ཀུས=kus
SUB u→d	0	0	0	0	0	0	559	0	4487	0	0	ཀ=ku;ཀཱ=ku;ཀུ=khyu;ཀུ=ku;ཀུན=Run;ཀུན=kun;ཀུནཏུ=kun;ཀུས=kus
SUB u→e	0	0	0	0	1	0	559	0	4487	0	0	ཀ=ku;ཀཱ=ku;ཀུ=khyu;ཀུ=ku;ཀུན=Run;ཀུན=kun;ཀུནཏུ=kun;ཀུས=kus
SUB u→g	0	0	0	0	0	0	559	0	4487	0	0	ཀ=ku;ཀཱ=ku;ཀུ=khyu;ཀུ=ku;ཀུན=Run;ཀུན=kun;ཀུནཏུ=kun;ཀུས=kus
SUB u→h	0	0	0	0	3	0	559	0	4487	0	0	ཀ=ku;ཀཱ=ku;ཀུ=khyu;ཀུ=ku;ཀུན=Run;ཀུན=kun;ཀུནཏུ=kun;ཀུས=kus
SUB u→i	0	0	0	0	4	0	559	0	4487	0	0	ཀ=ku;ཀཱ=ku;ཀུ=khyu;ཀུ=ku;ཀུན=Run;ཀུན=kun;ཀུནཏུ=kun;ཀུས=kus
SUB u→k	0	0	0	0	0	0	559	0	4487	0	0	ཀ=ku;ཀཱ=ku;ཀུ=khyu;ཀུ=ku;ཀུན=Run;ཀུན=kun;ཀུནཏུ=kun;ཀུས=kus
SUB u→l	0	0	0	0	0	0	559	0	4487	0	0	ཀ=ku;ཀཱ=ku;ཀུ=khyu;ཀུ=ku;ཀུན=Run;ཀུན=kun;ཀུནཏུ=kun;ཀུས=kus
SUB u→o	0	0	0	0	1	0	559	0	4487	0	0	ཀ=ku;ཀཱ=ku;ཀུ=khyu;ཀུ=ku;ཀུན=Run;ཀུན=kun;ཀུནཏུ=kun;ཀུས=kus
SUB u→r	0	0	0	0	2	0	559	0	4487	0	0	ཀ=ku;ཀཱ=ku;ཀུ=khyu;ཀུ=ku;ཀུན=Run;ཀུན=kun;ཀུནཏུ=kun;ཀུས=kus
SUB u→t	0	0	0	0	2	0	559	0	4487	0	0	ཀ=ku;ཀཱ=ku;ཀུ=khyu;ཀུ=ku;ཀུན=Run;ཀུན=kun;ཀུནཏུ=kun;ཀུས=kus
SUB v→b	0	0	0	0	0	0	2	0	0	0	0	ནང=vaṅ;རོལ=vol
SUB v→d	0	0	0	0	1	0	2	0	0	0	0	ནང=vaṅ;རོལ=vol
SUB v→n	0	0	0	0	0	0	2	0	0	0	0	ནང=vaṅ;རོལ=vol
SUB v→r	0	0	0	0	0	0	2	0	0	0	0	ནང=vaṅ;རོལ=vol
SUB w→a	0	0	0	0	0	0	12	0	25	0	0	ཀྭ=kwa;གྲྭ=grwa;ཉ=wa;དཱ=dwa;ཕྱ=phywa;ཕྱུ=phywa;བུའི=bwi;ཚྭ=tshwa
SUB w→c	0	0	0	0	0	0	12	0	25	0	0	ཀྭ=kwa;གྲྭ=grwa;ཉ=wa;དཱ=dwa;ཕྱ=phywa;ཕྱུ=phywa;བུའི=bwi;ཚྭ=tshwa
SUB w→i	0	0	0	0	0	0	12	0	25	0	0	ཀྭ=kwa;གྲྭ=grwa;ཉ=wa;དཱ=dwa;ཕྱ=phywa;ཕྱུ=phywa;བུའི=bwi;ཚྭ=tshwa
SUB w→n	0	0	0	0	1	0	12	0	25	0	0	ཀྭ=kwa;གྲྭ=grwa;ཉ=wa;དཱ=dwa;ཕྱ=phywa;ཕྱུ=phywa;བུའི=bwi;ཚྭ=tshwa
SUB y→a	0	0	0	0	0	0	390	0	3600	0	0	ཀི=kyi;ཀུ=khyu;ཀྱ=kyal;ཀྱ=kyi;ཀྱང=kyaṅ;ཀྱབ=khyab;ཀྱམས=byams;ཀྱར=kyur
SUB y→g	0	0	0	0	0	0	390	0	3600	0	0	ཀི=kyi;ཀུ=khyu;ཀྱ=kyal;ཀྱ=kyi;ཀྱང=kyaṅ;ཀྱབ=khyab;ཀྱམས=byams;ཀྱར=kyur
SUB y→h	0	0	0	0	0	0	390	0	3600	0	0	ཀི=kyi;ཀུ=khyu;ཀྱ=kyal;ཀྱ=kyi;ཀྱང=kyaṅ;ཀྱབ=khyab;ཀྱམས=byams;ཀྱར=kyur
SUB y→i	0	0	0	0	2	0	390	0	3600	0	0	ཀི=kyi;ཀུ=khyu;ཀྱ=kyal;ཀྱ=kyi;ཀྱང=kyaṅ;ཀྱབ=khyab;ཀྱམས=byams;ཀྱར=kyur
SUB y→o	0	0	0	0	0	0	390	0	3600	0	0	ཀི=kyi;ཀུ=khyu;ཀྱ=kyal;ཀྱ=kyi;ཀྱང=kyaṅ;ཀྱབ=khyab;ཀྱམས=byams;ཀྱར=kyur
SUB y→r	0	0	0	0	1	0	390	0	3600	0	0	ཀི=kyi;ཀུ=khyu;ཀྱ=kyal;ཀྱ=kyi;ཀྱང=kyaṅ;ཀྱབ=khyab;ཀྱམས=byams;ཀྱར=kyur
SUB y→z	0	0	0	0	0	0	390	0	3600	0	0	ཀི=kyi;ཀུ=khyu;ཀྱ=kyal;ཀྱ=kyi;ཀྱང=kyaṅ;ཀྱབ=khyab;ཀྱམས=byams;ཀྱར=kyur
SUB z→h	0	0	0	0	0	0	84	0	545	0	0	གཟན=gzan;གཟར=gzar;གཟི=gzi;གཟིགས=gzigs;གཟིར=gzir;གཟུགས=gzugs;གཟེར=gzer;གཟོ=gzo
SUB z→r	0	0	0	0	2	0	84	0	545	0	0	གཟན=gzan;གཟར=gzar;གཟི=gzi;གཟིགས=gzigs;གཟིར=gzir;གཟུགས=gzugs;གཟེར=gzer;གཟོ=gzo
SUB z→y	0	0	0	0	0	0	84	0	545	0	0	གཟན=gzan;གཟར=gzar;གཟི=gzi;གཟིགས=gzigs;གཟིར=gzir;གཟུགས=gzugs;གཟེར=gzer;གཟོ=gzo
SUB z→ź	3	34	0	293	8	0	84	0	545	0	0	གཟན=gzan;གཟར=gzar;གཟི=gzi;གཟིགས=gzigs;གཟིར=gzir;གཟུགས=gzugs;གཟེར=gzer;གཟོ=gzo
SUB ä→t	0	0	0	0	0	0	6	0	11	0	0	ཀཱ=kä;གཉིད=gäid;གཉིས=gäis;མཱ=mä;སྙད=säad;སྙན=säan
SUB ä→ź	0	0	0	0	13	0	6	0	11	0	0	ཀཱ=kä;གཉིད=gäid;གཉིས=gäis;མཱ=mä;སྙད=säad;སྙན=säan
SUB é→ź	0	0	0	0	0	0	0	0	0	0	0	none
SUB ñ→n	0	0	0	0	20	0	18	0	50	0	0	གཉན=gñan;གཉིས=gñis;གཉེར=gñer;ངན=ñaṅ;ངར=ñar;ངེ=ñe;ཉ=ña;ཉག=ñag
SUB ñ→r	0	0	0	0	2	0	18	0	50	0	0	གཉན=gñan;གཉིས=gñis;གཉེར=gñer;ངན=ñaṅ;ངར=ñar;ངེ=ñe;ཉ=ña;ཉག=ñag
SUB ñ→ṅ	0	103	0	62	0	0	18	0	50	0	0	གཉན=gñan;གཉིས=gñis;གཉེར=gñer;ངན=ñaṅ;ངར=ñar;ངེ=ñe;ཉ=ña;ཉག=ñag
SUB ü→e	0	0	0	0	0	0	13	0	7	0	0	གཉན=güan;གཉིས=gfüis;གཉིས=güis;གཉེར=güer;ཉེ=üe;པ=Heerführer;བརྙན=brüan;བསྙེན=bsüen
SUB ü→u	0	0	0	0	11	0	13	0	7	0	0	གཉན=güan;གཉིས=gfüis;གཉིས=güis;གཉེར=güer;ཉེ=üe;པ=Heerführer;བརྙན=brüan;བསྙེན=bsüen
SUB ā→ź	0	0	0	0	0	0	1	0	7	0	0	ཧཱ=hā
SUB ı→e	0	0	0	0	0	0	3	0	0	0	0	ཡིག=yıg;རིལ=rıl;སྲི=srı
SUB ı→i	0	0	0	0	0	0	3	0	0	0	0	ཡིག=yıg;རིལ=rıl;སྲི=srı
SUB ń→ṅ	2	24	0	2	2	0	0	0	0	0	0	none
SUB ś→S	0	0	0	0	0	0	0	0	0	0	0	none
SUB ś→s	0	0	0	2	0	0	0	0	0	0	0	none
SUB ṅ→l	0	0	0	0	0	0	160	0	2640	0	0	ཀོང=koṅ;ཀྱང=kyaṅ;ཀླུང=kluṅ;ཀློང=kloṅ;ཁང=kbaṅ;ཁང=khaṅ;ཁུང=khuṅ;ཁྱུང=khyuṅ
SUB ṅ→r	0	0	0	0	0	0	160	0	2640	0	0	ཀོང=koṅ;ཀྱང=kyaṅ;ཀླུང=kluṅ;ཀློང=kloṅ;ཁང=kbaṅ;ཁང=khaṅ;ཁུང=khuṅ;ཁྱུང=khyuṅ
SUB ṅ→s	0	0	0	0	0	0	160	0	2640	0	0	ཀོང=koṅ;ཀྱང=kyaṅ;ཀླུང=kluṅ;ཀློང=kloṅ;ཁང=kbaṅ;ཁང=khaṅ;ཁུང=khuṅ;ཁྱུང=khyuṅ
SUB ṅ→y	0	0	0	0	0	0	160	0	2640	0	0	ཀོང=koṅ;ཀྱང=kyaṅ;ཀླུང=kluṅ;ཀློང=kloṅ;ཁང=kbaṅ;ཁང=khaṅ;ཁུང=khuṅ;ཁྱུང=khyuṅ
SUB ’→a	0	0	0	0	0	0	21	0	220	0	0	ཀའི=ka’i;ཏའི=ta’i;དགུའི=dgu’i;དེའི=de’i;པའི=pa’i;པོའི=po’i;བའི=ba’i;བུའི=bu’i
SUB ’→o	0	0	0	0	0	0	21	0	220	0	0	ཀའི=ka’i;ཏའི=ta’i;དགུའི=dgu’i;དེའི=de’i;པའི=pa’i;པོའི=po’i;བའི=ba’i;བུའི=bu’i
