source_queue	volume	page	line	token_index	source_token	proposed_target	candidate_family	context_excerpt	evidence	confidence	suggested_action	block_reason	score	score_explanation
corrected_text_scan	wts_35_51	9	45	9	$	ś	guarded_dollar_to_sacute	ldan (r. gdan) 0776) gad pa ... bcas la $)7//)	guarded_dollar_scan	low	defer	artifact_or_numeric_noise	0	Dollar token lacks a clean alphabetic Tibetan-transliteration shape.
corrected_text_scan	wts_35_51	9	82	9	$	ś	guarded_dollar_to_sacute	1: 388,3); Zan Zun gi yul nas ... $/07/ mehed	guarded_dollar_scan	low	defer	artifact_or_numeric_noise	0	Dollar token lacks a clean alphabetic Tibetan-transliteration shape.
corrected_text_scan	wts_35_51	21	6	3	$	ś	guarded_dollar_to_sacute	(?) (vgl. PW $. +).	guarded_dollar_scan	low	defer	artifact_or_numeric_noise	0	Dollar token lacks a clean alphabetic Tibetan-transliteration shape.
corrected_text_scan	wts_35_51	29	53	6	$	ś	guarded_dollar_to_sacute	des Kah-thog inne und betreute $© dan	guarded_dollar_scan	low	defer	artifact_or_numeric_noise	0	Dollar token lacks a clean alphabetic Tibetan-transliteration shape.
corrected_text_scan	wts_35_51	37	81	3	$	ś	guarded_dollar_to_sacute	"mlvi gnas $// ""am Ort des großen Dämons"	guarded_dollar_scan	low	defer	artifact_or_numeric_noise	0	Dollar token lacks a clean alphabetic Tibetan-transliteration shape.
corrected_text_scan	wts_35_51	41	17	8	$	ś	guarded_dollar_to_sacute	"Lex. gal che ba ""wichtig"" (brDa); gdos $// che"	guarded_dollar_scan	low	defer	artifact_or_numeric_noise	0	Dollar token lacks a clean alphabetic Tibetan-transliteration shape.
corrected_text_scan	wts_35_51	41	66	5	$	ś	guarded_dollar_to_sacute	~ dan gźan 0)7/$ tha mi dad par geig pa las	guarded_dollar_scan	low	defer	artifact_or_numeric_noise	0	Dollar token lacks a clean alphabetic Tibetan-transliteration shape.
corrected_text_scan	wts_35_51	43	86	7	$	ś	guarded_dollar_to_sacute	299,1); — ni dgra bo'i don $/7/?) — (metr.)	guarded_dollar_scan	low	defer	artifact_or_numeric_noise	0	Dollar token lacks a clean alphabetic Tibetan-transliteration shape.
corrected_text_scan	wts_35_51	46	17	5	7$	7ś	guarded_dollar_to_sacute	"169,3); bud ned /7$ ... khrus bya ba — cin ""ei-"	guarded_dollar_scan	low	defer	artifact_or_numeric_noise	0	Dollar token lacks a clean alphabetic Tibetan-transliteration shape.
corrected_text_scan	wts_35_51	47	29	6	$77	ś77	guarded_dollar_to_sacute	"st)"" (Ppu 151d); di la $77//? po ci yod ces /"	guarded_dollar_scan	low	defer	artifact_or_numeric_noise	0	Dollar token lacks a clean alphabetic Tibetan-transliteration shape.
corrected_text_scan	wts_35_51	48	28	8	$	ś	guarded_dollar_to_sacute	"ren"" (Hev 2.3.44); ses rab — rab tu /?$/7:705"	guarded_dollar_scan	low	defer	artifact_or_numeric_noise	0	Dollar token lacks a clean alphabetic Tibetan-transliteration shape.
corrected_text_scan	wts_35_51	48	44	8	$	ś	guarded_dollar_to_sacute	"les Anderen"" (NBT 160,1); 9/7/$ sa med pa'"	guarded_dollar_scan	low	defer	artifact_or_numeric_noise	0	Dollar token lacks a clean alphabetic Tibetan-transliteration shape.
corrected_text_scan	wts_35_51	49	30	10	$	ś	guarded_dollar_to_sacute	"kenntnis"" (ViśT 190,27); sans rgyas dan 0/7/$"	guarded_dollar_scan	low	defer	artifact_or_numeric_noise	0	Dollar token lacks a clean alphabetic Tibetan-transliteration shape.
corrected_text_scan	wts_35_51	49	76	10	$	ś	guarded_dollar_to_sacute	12,5); rgyal po de ni — Zig lags 4©$ gda' bas	guarded_dollar_scan	low	defer	artifact_or_numeric_noise	0	Dollar token lacks a clean alphabetic Tibetan-transliteration shape.
corrected_text_scan	wts_35_51	52	65	6	$	ś	guarded_dollar_to_sacute	sum cu rtsa 0/7/$ kyi mi).	guarded_dollar_scan	low	defer	artifact_or_numeric_noise	0	Dollar token lacks a clean alphabetic Tibetan-transliteration shape.
corrected_text_scan	wts_35_51	54	12	2	$	ś	guarded_dollar_to_sacute	"khons $// dgos pa ""sie sind durch den Haus-"	guarded_dollar_scan	low	defer	artifact_or_numeric_noise	0	Dollar token lacks a clean alphabetic Tibetan-transliteration shape.
corrected_text_scan	wts_35_51	54	83	6	$77	ś77	guarded_dollar_to_sacute	(Mil 87,4); — pa dan / $77/37 vje chen po'i lami	guarded_dollar_scan	low	defer	artifact_or_numeric_noise	0	Dollar token lacks a clean alphabetic Tibetan-transliteration shape.
corrected_text_scan	wts_35_51	55	55	2	$07	ś07	guarded_dollar_to_sacute	"so $07 gzim khani ""die jeweiligen Schlafräu-"	guarded_dollar_scan	low	defer	artifact_or_numeric_noise	0	Dollar token lacks a clean alphabetic Tibetan-transliteration shape.
corrected_text_scan	wts_35_51	55	73	4	$	ś	guarded_dollar_to_sacute	"gren dud 977/$ kyi rje dan — pa' ""er fun-"	guarded_dollar_scan	low	defer	artifact_or_numeric_noise	0	Dollar token lacks a clean alphabetic Tibetan-transliteration shape.
corrected_text_scan	wts_35_51	55	75	8	$	ś	guarded_dollar_to_sacute	"und Tiere"" (PT1287 367); se chen ... gu $"	guarded_dollar_scan	low	defer	artifact_or_numeric_noise	0	Dollar token lacks a clean alphabetic Tibetan-transliteration shape.
corrected_text_scan	wts_35_51	58	45	9	$	ś	guarded_dollar_to_sacute	"pa'i ""bras bu ni / 'di la thog mar — $ te"	guarded_dollar_scan	low	defer	artifact_or_numeric_noise	0	Dollar token lacks a clean alphabetic Tibetan-transliteration shape.
corrected_text_scan	wts_35_51	65	27	6	$	ś	guarded_dollar_to_sacute	"sems kyis bdag gi senis ©$ so stam du ""der"	guarded_dollar_scan	low	defer	artifact_or_numeric_noise	0	Dollar token lacks a clean alphabetic Tibetan-transliteration shape.
corrected_text_scan	wts_35_51	69	7	2	$	ś	guarded_dollar_to_sacute	7/$/ 7 zas can.	guarded_dollar_scan	low	defer	artifact_or_numeric_noise	0	Dollar token lacks a clean alphabetic Tibetan-transliteration shape.
corrected_text_scan	wts_35_51	72	67	5	$5	ś5	guarded_dollar_to_sacute	"phag la byan nos $5// gsegs ""jener geistliche"	guarded_dollar_scan	low	defer	artifact_or_numeric_noise	0	Dollar token lacks a clean alphabetic Tibetan-transliteration shape.
corrected_text_scan	wts_35_51	75	54	1	$	ś	guarded_dollar_to_sacute	"$// ... kun nas rol bar byed (metr.) ""indem cs"	guarded_dollar_scan	low	defer	artifact_or_numeric_noise	0	Dollar token lacks a clean alphabetic Tibetan-transliteration shape.
corrected_text_scan	wts_35_51	78	42	6	$5	ś5	guarded_dollar_to_sacute	"gibt"" (Rgs 28.4b); — 9/7/$5 yod de / dur 'dzi"	guarded_dollar_scan	low	defer	artifact_or_numeric_noise	0	Dollar token lacks a clean alphabetic Tibetan-transliteration shape.
corrected_text_scan	wts_35_51	78	81	1	0$	0ś	guarded_dollar_to_sacute	"— 0$//07/ khon la yod ""er hat Wohlergehen,"	guarded_dollar_scan	low	defer	artifact_or_numeric_noise	0	Dollar token lacks a clean alphabetic Tibetan-transliteration shape.
corrected_text_scan	wts_35_51	84	18	5	$	ś	guarded_dollar_to_sacute	"28,14); — gyi phyogs $// Zal bltas te sku ""das so"	guarded_dollar_scan	low	defer	artifact_or_numeric_noise	0	Dollar token lacks a clean alphabetic Tibetan-transliteration shape.
corrected_text_scan	wts_35_51	86	49	8	$	ś	guarded_dollar_to_sacute	"rgyas te thar pa'am Zi ba la $ so ""Buddha,"	guarded_dollar_scan	low	defer	artifact_or_numeric_noise	0	Dollar token lacks a clean alphabetic Tibetan-transliteration shape.
corrected_text_scan	wts_35_51	88	56	5	$	ś	guarded_dollar_to_sacute	བདེ་ལེགས་ bde legs Glück, Wohlergehen; — $//	guarded_dollar_scan	low	defer	artifact_or_numeric_noise	0	Dollar token lacks a clean alphabetic Tibetan-transliteration shape.
corrected_text_scan	wts_35_51	91	38	6	$	ś	guarded_dollar_to_sacute	བདེན་གཉིས bbden \bden pa 9/7/$.	guarded_dollar_scan	low	defer	artifact_or_numeric_noise	0	Dollar token lacks a clean alphabetic Tibetan-transliteration shape.
corrected_text_scan	wts_35_51	93	62	2	$	ś	guarded_dollar_to_sacute	"mtshams $// ni (metr.) ""im südöstlichen, süd-"	guarded_dollar_scan	low	defer	artifact_or_numeric_noise	0	Dollar token lacks a clean alphabetic Tibetan-transliteration shape.
corrected_text_scan	wts_35_51	95	47	9	$	ś	guarded_dollar_to_sacute	"pa = nor rdzas dan yod pa'i don ""1, $, v. Reich-"	guarded_dollar_scan	low	defer	artifact_or_numeric_noise	0	Dollar token lacks a clean alphabetic Tibetan-transliteration shape.
corrected_text_scan	wts_35_51	96	27	1	$	ś	guarded_dollar_to_sacute	"{)$//)? gyi rmi lam bZin brjed ""den Gedan-"	guarded_dollar_scan	low	defer	artifact_or_numeric_noise	0	Dollar token lacks a clean alphabetic Tibetan-transliteration shape.
corrected_text_scan	wts_35_51	99	3	3	$	ś	guarded_dollar_to_sacute	5348); —s $¢ 7750 = kāndena mahim vilikhati	guarded_dollar_scan	low	defer	artifact_or_numeric_noise	0	Dollar token lacks a clean alphabetic Tibetan-transliteration shape.
corrected_text_scan	wts_35_51	102	9	6	$	ś	guarded_dollar_to_sacute	"Hilfe rufen"" (brDa); — pa = grogs $// ""bod pa"	guarded_dollar_scan	low	defer	artifact_or_numeric_noise	0	Dollar token lacks a clean alphabetic Tibetan-transliteration shape.
corrected_text_scan	wts_35_51	102	50	8	$	ś	guarded_dollar_to_sacute	"Jagd"" (Nel 14b2); 'dod pa ... lag 97/$ — 'gens"	guarded_dollar_scan	low	defer	artifact_or_numeric_noise	0	Dollar token lacks a clean alphabetic Tibetan-transliteration shape.
corrected_text_scan	wts_35_51	105	54	6	$	ś	guarded_dollar_to_sacute	tel; — dkar po white spar, — $?7///9 po haemati-	guarded_dollar_scan	low	defer	artifact_or_numeric_noise	0	Dollar token lacks a clean alphabetic Tibetan-transliteration shape.
corrected_text_scan	wts_35_51	108	21	2	$	ś	guarded_dollar_to_sacute	"nos $// ""wie: nicht hinten sein, vorne; vor-"	guarded_dollar_scan	low	defer	artifact_or_numeric_noise	0	Dollar token lacks a clean alphabetic Tibetan-transliteration shape.
corrected_text_scan	wts_35_51	110	22	6	$	ś	guarded_dollar_to_sacute	gnod sbyin de 0?7/$ gnod sbyin gZan gyi —r son	guarded_dollar_scan	low	defer	artifact_or_numeric_noise	0	Dollar token lacks a clean alphabetic Tibetan-transliteration shape.
corrected_text_scan	wts_35_51	111	54	10	$	ś	guarded_dollar_to_sacute	"(Padm 5546); de la —""i sam skr ta la $/7 tra 26"	guarded_dollar_scan	low	defer	artifact_or_numeric_noise	0	Dollar token lacks a clean alphabetic Tibetan-transliteration shape.
corrected_text_scan	wts_35_51	117	3	2	$750	ś750	guarded_dollar_to_sacute	"durch"" ($750 150); dbus U'}khams / — gsum"	guarded_dollar_scan	low	defer	artifact_or_numeric_noise	0	Dollar token lacks a clean alphabetic Tibetan-transliteration shape.
corrected_text_scan	wts_35_51	123	36	3	$	ś	guarded_dollar_to_sacute	"14b3); klu'i ~$ Zal Zzal byas te ""mit dem Lehm"	guarded_dollar_scan	low	defer	artifact_or_numeric_noise	0	Dollar token lacks a clean alphabetic Tibetan-transliteration shape.
corrected_text_scan	wts_35_51	123	78	5	$	ś	guarded_dollar_to_sacute	"khe ""die Scheide macht $ ru ru. Verehrung"	guarded_dollar_scan	low	defer	artifact_or_numeric_noise	0	Dollar token lacks a clean alphabetic Tibetan-transliteration shape.
corrected_text_scan	wts_35_51	124	22	4	$90	ś90	guarded_dollar_to_sacute	(Dagy); 'dan sin = $90 7 phred gtan dan 'khor	guarded_dollar_scan	low	defer	artifact_or_numeric_noise	0	Dollar token lacks a clean alphabetic Tibetan-transliteration shape.
corrected_text_scan	wts_35_51	128	16	5	$	ś	guarded_dollar_to_sacute	"he oder unterhalb"" (brDa); — $// = ne Zol du"	guarded_dollar_scan	low	defer	artifact_or_numeric_noise	0	Dollar token lacks a clean alphabetic Tibetan-transliteration shape.
corrected_text_scan	wts_35_51	131	63	7	$0	ś0	guarded_dollar_to_sacute	"Lex. 'dam smyug ma'i nani 07 $0/00 ""Löwe im"	guarded_dollar_scan	low	defer	artifact_or_numeric_noise	0	Dollar token lacks a clean alphabetic Tibetan-transliteration shape.
corrected_text_scan	wts_35_51	134	12	1	$	ś	guarded_dollar_to_sacute	"¢$ (metr.) ""den Ort der Wolken konnte er"	guarded_dollar_scan	low	defer	artifact_or_numeric_noise	0	Dollar token lacks a clean alphabetic Tibetan-transliteration shape.
corrected_text_scan	wts_35_51	134	14	5	$	ś	guarded_dollar_to_sacute	dag dan sa 077/$ las kyan rab — nas (metr.)	guarded_dollar_scan	low	defer	artifact_or_numeric_noise	0	Dollar token lacks a clean alphabetic Tibetan-transliteration shape.
corrected_text_scan	wts_35_51	136	21	9	$	ś	guarded_dollar_to_sacute	"blon chun khri blon lṅa beu nas / de $??¿ ""das"	guarded_dollar_scan	low	defer	artifact_or_numeric_noise	0	Dollar token lacks a clean alphabetic Tibetan-transliteration shape.
corrected_text_scan	wts_35_51	137	85	8	0$	0ś	guarded_dollar_to_sacute	und 24); po ti gtad nas — la //0$ ... gsuns	guarded_dollar_scan	low	defer	artifact_or_numeric_noise	0	Dollar token lacks a clean alphabetic Tibetan-transliteration shape.
corrected_text_scan	wts_35_51	138	19	5	$	ś	guarded_dollar_to_sacute	(brDa); — dag = — 9?7/$ Zes 0/7/5 tsbig (Dagy);	guarded_dollar_scan	low	defer	artifact_or_numeric_noise	0	Dollar token lacks a clean alphabetic Tibetan-transliteration shape.
corrected_text_scan	wts_35_51	138	45	3	$	ś	guarded_dollar_to_sacute	"35]) 1) ///$ — la skra dan kha spu ...yod.do ""auf"	guarded_dollar_scan	low	defer	artifact_or_numeric_noise	0	Dollar token lacks a clean alphabetic Tibetan-transliteration shape.
corrected_text_scan	wts_35_51	138	73	4	$	ś	guarded_dollar_to_sacute	"rigs pas rjes $// gier Zig ""einer, der diesem"	guarded_dollar_scan	low	defer	artifact_or_numeric_noise	0	Dollar token lacks a clean alphabetic Tibetan-transliteration shape.
corrected_text_scan	wts_35_51	139	7	6	$	ś	guarded_dollar_to_sacute	"sehen [könnten]"" (Gś-H 1043); sku ~$ su Zig"	guarded_dollar_scan	low	defer	artifact_or_numeric_noise	0	Dollar token lacks a clean alphabetic Tibetan-transliteration shape.
corrected_text_scan	wts_35_51	139	60	7	$	ś	guarded_dollar_to_sacute	"nem Penis!"" (KunK 53,11); rje ~$ pho bran"	guarded_dollar_scan	low	defer	artifact_or_numeric_noise	0	Dollar token lacks a clean alphabetic Tibetan-transliteration shape.
corrected_text_scan	wts_35_51	139	69	8	$	ś	guarded_dollar_to_sacute	"samgiti"" (Vdk-M 160,19); las kyi rjes $// 'bran)"	guarded_dollar_scan	low	defer	artifact_or_numeric_noise	0	Dollar token lacks a clean alphabetic Tibetan-transliteration shape.
corrected_text_scan	wts_35_51	141	42	5	$	ś	guarded_dollar_to_sacute	"Lex. — la = ihatrab ""hier []. $. v. in diesem"	guarded_dollar_scan	low	defer	artifact_or_numeric_noise	0	Dollar token lacks a clean alphabetic Tibetan-transliteration shape.
corrected_text_scan	wts_35_51	142	28	6	$	ś	guarded_dollar_to_sacute	"snubs na re dir skabs $// beyis byas pas ""sNubs"	guarded_dollar_scan	low	defer	artifact_or_numeric_noise	0	Dollar token lacks a clean alphabetic Tibetan-transliteration shape.
corrected_text_scan	wts_35_51	151	7	7	$	ś	guarded_dollar_to_sacute	"21.250); — yul sa rnam 0/7/$ bśad (metr.) ""es"	guarded_dollar_scan	low	defer	artifact_or_numeric_noise	0	Dollar token lacks a clean alphabetic Tibetan-transliteration shape.
corrected_text_scan	wts_35_51	157	22	8	$	ś	guarded_dollar_to_sacute	man po yis / g.yens bar 07///7 /$/?0 khams kyis mi	guarded_dollar_scan	low	defer	artifact_or_numeric_noise	0	Dollar token lacks a clean alphabetic Tibetan-transliteration shape.
corrected_text_scan	wts_35_51	157	53	2	$	ś	guarded_dollar_to_sacute	"tümmel, ¦, $. v. nicht einsam"" (Dagy)."	guarded_dollar_scan	low	defer	artifact_or_numeric_noise	0	Dollar token lacks a clean alphabetic Tibetan-transliteration shape.
corrected_text_scan	wts_35_51	157	69	1	$	ś	guarded_dollar_to_sacute	"$/7:0/775 pha ma'i — dan (metr.) ""er soll al-"	guarded_dollar_scan	low	defer	artifact_or_numeric_noise	0	Dollar token lacks a clean alphabetic Tibetan-transliteration shape.
corrected_text_scan	wts_35_51	160	3	9	$01	ś01	guarded_dollar_to_sacute	"spro bin du mdun du — go ""er zeigte $01-"	guarded_dollar_scan	low	defer	artifact_or_numeric_noise	0	Dollar token lacks a clean alphabetic Tibetan-transliteration shape.
corrected_text_scan	wts_35_51	168	81	1	$	ś	guarded_dollar_to_sacute	~$ rta bsrags ldan broyan te phul ba la	guarded_dollar_scan	low	defer	artifact_or_numeric_noise	0	Dollar token lacks a clean alphabetic Tibetan-transliteration shape.
corrected_text_scan	wts_35_51	171	9	3	$	ś	guarded_dollar_to_sacute	"Lex. 'dur = $/0)/0 ma — lta bu daṅ ""wie: kleb-"	guarded_dollar_scan	low	defer	artifact_or_numeric_noise	0	Dollar token lacks a clean alphabetic Tibetan-transliteration shape.
corrected_text_scan	wts_35_51	172	15	4	$	ś	guarded_dollar_to_sacute	(PT1287 488); ji $) ... sdo ba'i dgra rnams	guarded_dollar_scan	low	defer	artifact_or_numeric_noise	0	Dollar token lacks a clean alphabetic Tibetan-transliteration shape.
corrected_text_scan	wts_35_51	174	5	1	$	ś	guarded_dollar_to_sacute	$ དྲ་རན dh. Text, skt. Vinayaprabha-	guarded_dollar_scan	low	defer	artifact_or_numeric_noise	0	Dollar token lacks a clean alphabetic Tibetan-transliteration shape.
corrected_text_scan	wts_35_51	174	20	4	$	ś	guarded_dollar_to_sacute	"— las / lo /7/$ ston du bsad pa (77)? ""im Kom-"	guarded_dollar_scan	low	defer	artifact_or_numeric_noise	0	Dollar token lacks a clean alphabetic Tibetan-transliteration shape.
corrected_text_scan	wts_35_51	177	50	4	$	ś	guarded_dollar_to_sacute	"dan rlun 677/$ — las gyur pa yin no ""was die"	guarded_dollar_scan	low	defer	artifact_or_numeric_noise	0	Dollar token lacks a clean alphabetic Tibetan-transliteration shape.
corrected_text_scan	wts_35_51	182	66	8	$	ś	guarded_dollar_to_sacute	"det"" (MTH3/5/20 13); ri klons $// / dur —"	guarded_dollar_scan	low	defer	artifact_or_numeric_noise	0	Dollar token lacks a clean alphabetic Tibetan-transliteration shape.
corrected_text_scan	wts_35_51	185	23	10	$	ś	guarded_dollar_to_sacute	"gro ba'i don te don ba'i bya byed ""1. $, ¥ ge-"	guarded_dollar_scan	low	defer	artifact_or_numeric_noise	0	Dollar token lacks a clean alphabetic Tibetan-transliteration shape.
corrected_text_scan	wts_35_51	185	43	6	$	ś	guarded_dollar_to_sacute	105); lag pa 9/7/$ ni myur rkyon la / ci — pa	guarded_dollar_scan	low	defer	artifact_or_numeric_noise	0	Dollar token lacks a clean alphabetic Tibetan-transliteration shape.
corrected_text_scan	wts_35_51	188	54	6	$	ś	guarded_dollar_to_sacute	137,21); 'dod pa'i khanis $// 'dod chags ran	guarded_dollar_scan	low	defer	artifact_or_numeric_noise	0	Dollar token lacks a clean alphabetic Tibetan-transliteration shape.
corrected_text_scan	wts_35_51	192	23	7	$	ś	guarded_dollar_to_sacute	do bdag phan tshun 0/7/$ mos — gi bris	guarded_dollar_scan	low	defer	artifact_or_numeric_noise	0	Dollar token lacks a clean alphabetic Tibetan-transliteration shape.
corrected_text_scan	wts_35_51	193	55	6	$	ś	guarded_dollar_to_sacute	"von Begierde verblendet"" (K113 24b2); ~$"	guarded_dollar_scan	low	defer	artifact_or_numeric_noise	0	Dollar token lacks a clean alphabetic Tibetan-transliteration shape.
corrected_text_scan	wts_35_51	194	14	4	9$	9ś	guarded_dollar_to_sacute	ñan par ~ 7/9$ byed /7// ba'i sgra las geig tu	guarded_dollar_scan	low	defer	artifact_or_numeric_noise	0	Dollar token lacks a clean alphabetic Tibetan-transliteration shape.
corrected_text_scan	wts_35_51	197	15	4	$	ś	guarded_dollar_to_sacute	"in | , , ?5/7 $///// cu ?75/7 07/$ po 'dirnams ""käminf"	guarded_dollar_scan	low	defer	artifact_or_numeric_noise	0	Dollar token lacks a clean alphabetic Tibetan-transliteration shape.
corrected_text_scan	wts_35_51	197	15	9	$	ś	guarded_dollar_to_sacute	"in | , , ?5/7 $///// cu ?75/7 07/$ po 'dirnams ""käminf"	guarded_dollar_scan	low	defer	artifact_or_numeric_noise	0	Dollar token lacks a clean alphabetic Tibetan-transliteration shape.
corrected_text_scan	wts_35_51	201	71	8	$	ś	guarded_dollar_to_sacute	(Mvy 8204); — gan = lag pa 0)7/$ brkyans	guarded_dollar_scan	low	defer	artifact_or_numeric_noise	0	Dollar token lacks a clean alphabetic Tibetan-transliteration shape.
corrected_text_scan	wts_35_51	202	86	6	$	ś	guarded_dollar_to_sacute	"འདོམས་ ""doms pf. und fur. །0(///$ lehren, un-"	guarded_dollar_scan	low	defer	artifact_or_numeric_noise	0	Dollar token lacks a clean alphabetic Tibetan-transliteration shape.
corrected_text_scan	wts_35_51	203	6	2	$	ś	guarded_dollar_to_sacute	"dros $// — par byed pa nams chwn gis ""wir"	guarded_dollar_scan	low	defer	artifact_or_numeric_noise	0	Dollar token lacks a clean alphabetic Tibetan-transliteration shape.
corrected_text_scan	wts_35_51	204	43	6	$	ś	guarded_dollar_to_sacute	"te verschmäht"" (Käsy 21,17); ///$ dan sems"	guarded_dollar_scan	low	defer	artifact_or_numeric_noise	0	Dollar token lacks a clean alphabetic Tibetan-transliteration shape.
corrected_text_scan	wts_35_51	205	29	2	$	ś	guarded_dollar_to_sacute	Lex. $/7/ ba / 'jam pa / 'bol ba (Dagy).	guarded_dollar_scan	low	defer	artifact_or_numeric_noise	0	Dollar token lacks a clean alphabetic Tibetan-transliteration shape.
corrected_text_scan	wts_35_51	207	59	3	$	ś	guarded_dollar_to_sacute	"21b9); sa $??0 — za ""ich esse so etwas wie"	guarded_dollar_scan	low	defer	artifact_or_numeric_noise	0	Dollar token lacks a clean alphabetic Tibetan-transliteration shape.
corrected_text_scan	wts_35_51	207	61	1	$77	ś77	guarded_dollar_to_sacute	$77/77 la mda' phog pa'i sdug bsial — ba cig	guarded_dollar_scan	low	defer	artifact_or_numeric_noise	0	Dollar token lacks a clean alphabetic Tibetan-transliteration shape.
corrected_text_scan	wts_35_51	207	64	4	$	ś	guarded_dollar_to_sacute	(Glr 163,1); ///$ la bltas na keṅ rus — (metr.)	guarded_dollar_scan	low	defer	artifact_or_numeric_noise	0	Dollar token lacks a clean alphabetic Tibetan-transliteration shape.
corrected_text_scan	wts_35_51	211	34	3	$	ś	guarded_dollar_to_sacute	"(Dagy); dus $// — = kale prechanti ""sie fragen"	guarded_dollar_scan	low	defer	artifact_or_numeric_noise	0	Dollar token lacks a clean alphabetic Tibetan-transliteration shape.
corrected_text_scan	wts_35_51	212	13	3	$	ś	guarded_dollar_to_sacute	drehen, 1. $, v, sich richten nach.	guarded_dollar_scan	low	defer	artifact_or_numeric_noise	0	Dollar token lacks a clean alphabetic Tibetan-transliteration shape.
corrected_text_scan	wts_35_51	212	34	3	$	ś	guarded_dollar_to_sacute	na 17624); ///$ / yid 'on — pa nam par 'dor	guarded_dollar_scan	low	defer	artifact_or_numeric_noise	0	Dollar token lacks a clean alphabetic Tibetan-transliteration shape.
corrected_text_scan	wts_35_51	212	76	1	$77	ś77	guarded_dollar_to_sacute	$77/?7 ga dan / bran dan ...la sogs pa nad Zin/	guarded_dollar_scan	low	defer	artifact_or_numeric_noise	0	Dollar token lacks a clean alphabetic Tibetan-transliteration shape.
corrected_text_scan	wts_35_51	223	15	5	$	ś	guarded_dollar_to_sacute	"pa'i gla bdal gla ‰$ snaṅ ""Gebühr für den"	guarded_dollar_scan	low	defer	artifact_or_numeric_noise	0	Dollar token lacks a clean alphabetic Tibetan-transliteration shape.
corrected_text_scan	wts_35_51	223	69	4	$	ś	guarded_dollar_to_sacute	eingeschränkt sein, versagen; — $// jur	guarded_dollar_scan	low	defer	artifact_or_numeric_noise	0	Dollar token lacks a clean alphabetic Tibetan-transliteration shape.
corrected_text_scan	wts_35_51	225	70	5	$77	ś77	guarded_dollar_to_sacute	skyes bu 'di ni $77//? stobs dan / — dan / mun	guarded_dollar_scan	low	defer	artifact_or_numeric_noise	0	Dollar token lacks a clean alphabetic Tibetan-transliteration shape.
corrected_text_scan	wts_35_51	230	24	1	$	ś	guarded_dollar_to_sacute	"$ 'gags pa sel ""Pulver der gemahlenen Wur-"	guarded_dollar_scan	low	defer	artifact_or_numeric_noise	0	Dollar token lacks a clean alphabetic Tibetan-transliteration shape.
corrected_text_scan	wts_35_51	236	77	5	$3	ś3	guarded_dollar_to_sacute	རྡོ་རྗེ་རྒྱ་གྲམ་ rdo rje rga gram = $3©6]47©112(61)	guarded_dollar_scan	low	defer	artifact_or_numeric_noise	0	Dollar token lacks a clean alphabetic Tibetan-transliteration shape.
corrected_text_scan	wts_35_51	238	30	1	$77	ś77	guarded_dollar_to_sacute	"— $77//7 370 che (metr.) ""schr mitfühlender Va-"	guarded_dollar_scan	low	defer	artifact_or_numeric_noise	0	Dollar token lacks a clean alphabetic Tibetan-transliteration shape.
corrected_text_scan	wts_35_51	241	29	6	$	ś	guarded_dollar_to_sacute	den bstan ma ben 97/$ (Neb 182 f.).	guarded_dollar_scan	low	defer	artifact_or_numeric_noise	0	Dollar token lacks a clean alphabetic Tibetan-transliteration shape.
corrected_text_scan	wts_35_51	241	64	6	$	ś	guarded_dollar_to_sacute	"bsrun ma mo bcu 077/$ ""die zwölf Ma-mo, die"	guarded_dollar_scan	low	defer	artifact_or_numeric_noise	0	Dollar token lacks a clean alphabetic Tibetan-transliteration shape.
corrected_text_scan	wts_35_51	249	36	2	$	ś	guarded_dollar_to_sacute	"Lex. ~$ (r. po?) = golā ""Kugel"" (Ak 311.44);"	guarded_dollar_scan	low	defer	artifact_or_numeric_noise	0	Dollar token lacks a clean alphabetic Tibetan-transliteration shape.
corrected_text_scan	wts_35_51	250	4	7	$	ś	guarded_dollar_to_sacute	yon tan gyi min); rdo yi $/7//? po = mar gad	guarded_dollar_scan	low	defer	artifact_or_numeric_noise	0	Dollar token lacks a clean alphabetic Tibetan-transliteration shape.
corrected_text_scan	wts_35_51	256	42	7	$	ś	guarded_dollar_to_sacute	(Śambh 26b1); kwa ye ran la $)7//) brtse —	guarded_dollar_scan	low	defer	artifact_or_numeric_noise	0	Dollar token lacks a clean alphabetic Tibetan-transliteration shape.
corrected_text_scan	wts_35_51	257	46	6	$7	ś7	guarded_dollar_to_sacute	Lex. Idab Idob = miien pa'ani $7/ ba (Dagy).	guarded_dollar_scan	low	defer	artifact_or_numeric_noise	0	Dollar token lacks a clean alphabetic Tibetan-transliteration shape.
corrected_text_scan	wts_35_51	260	45	6	$	ś	guarded_dollar_to_sacute	2. eine Pflanze, synon. 's $// Coriandrum sa-	guarded_dollar_scan	low	defer	artifact_or_numeric_noise	0	Dollar token lacks a clean alphabetic Tibetan-transliteration shape.
corrected_text_scan	wts_35_51	261	44	8	$	ś	guarded_dollar_to_sacute	chu dan ... /57// dan gyi de gus ... ///$ sim par	guarded_dollar_scan	low	defer	artifact_or_numeric_noise	0	Dollar token lacks a clean alphabetic Tibetan-transliteration shape.
corrected_text_scan	wts_35_51	264	2	2	0$97	0ś97	guarded_dollar_to_sacute	pa, [/0$97///7 ba la ldein por dgons pa (vgl. Mvy	guarded_dollar_scan	low	defer	artifact_or_numeric_noise	0	Dollar token lacks a clean alphabetic Tibetan-transliteration shape.
corrected_text_scan	wts_35_51	265	65	5	$	ś	guarded_dollar_to_sacute	"kyi rdzu 'phrul 07// {$ ) mthu las so ""wir über-"	guarded_dollar_scan	low	defer	artifact_or_numeric_noise	0	Dollar token lacks a clean alphabetic Tibetan-transliteration shape.
corrected_text_scan	wts_35_51	266	35	2	7609$	7609ś	guarded_dollar_to_sacute	4/7609$ auch !dog imp. zu [/(779 lecken,	guarded_dollar_scan	low	defer	artifact_or_numeric_noise	0	Dollar token lacks a clean alphabetic Tibetan-transliteration shape.
corrected_text_scan	wts_35_51	267	11	3	$4	ś4	guarded_dollar_to_sacute	"man] aus $4 dag, Idon ros und ba bla"" (Hipp"	guarded_dollar_scan	low	defer	artifact_or_numeric_noise	0	Dollar token lacks a clean alphabetic Tibetan-transliteration shape.
corrected_text_scan	wts_35_51	267	50	5	$	ś	guarded_dollar_to_sacute	drin la lan 07//( $) ~ pa'i bu ni brgya las ga' daṅ	guarded_dollar_scan	low	defer	artifact_or_numeric_noise	0	Dollar token lacks a clean alphabetic Tibetan-transliteration shape.
corrected_text_scan	wts_35_51	268	79	1	$	ś	guarded_dollar_to_sacute	"$/0/? mchog de la — bar byas sin ""sie alle wa-"	guarded_dollar_scan	low	defer	artifact_or_numeric_noise	0	Dollar token lacks a clean alphabetic Tibetan-transliteration shape.
corrected_text_scan	wts_35_51	273	11	2	$	ś	guarded_dollar_to_sacute	"tshugs $// spyod spyod ""sie begingen so vie-"	guarded_dollar_scan	low	defer	artifact_or_numeric_noise	0	Dollar token lacks a clean alphabetic Tibetan-transliteration shape.
corrected_text_scan	wts_35_51	280	28	6	$	ś	guarded_dollar_to_sacute	auch sdug po beu 077/$ po	guarded_dollar_scan	low	defer	artifact_or_numeric_noise	0	Dollar token lacks a clean alphabetic Tibetan-transliteration shape.
corrected_text_scan	wts_35_51	282	13	5	$	ś	guarded_dollar_to_sacute	pa la ni 077/$ pa sbyar / de nisdud dan byed pa	guarded_dollar_scan	low	defer	artifact_or_numeric_noise	0	Dollar token lacks a clean alphabetic Tibetan-transliteration shape.
corrected_text_scan	wts_35_51	284	25	6	$	ś	guarded_dollar_to_sacute	"che Gedanken"" (gZer 591,2); $ pa dad par"	guarded_dollar_scan	low	defer	artifact_or_numeric_noise	0	Dollar token lacks a clean alphabetic Tibetan-transliteration shape.
corrected_text_scan	wts_35_51	285	85	10	0$	0ś	guarded_dollar_to_sacute	khams kyi dpon khag gi nani nas sde che 0$	guarded_dollar_scan	low	defer	artifact_or_numeric_noise	0	Dollar token lacks a clean alphabetic Tibetan-transliteration shape.
corrected_text_scan	wts_35_51	287	59	8	$	ś	guarded_dollar_to_sacute	sla 'gyur gyi sde dan 0/7/$ / de gfüis ka ma yin	guarded_dollar_scan	low	defer	artifact_or_numeric_noise	0	Dollar token lacks a clean alphabetic Tibetan-transliteration shape.
corrected_text_scan	wts_35_51	291	3	2	$706	ś706	guarded_dollar_to_sacute	1. ༈$706.	guarded_dollar_scan	low	defer	artifact_or_numeric_noise	0	Dollar token lacks a clean alphabetic Tibetan-transliteration shape.
corrected_text_scan	wts_35_51	291	46	2	$5	ś5	guarded_dollar_to_sacute	1. [$5/70.	guarded_dollar_scan	low	defer	artifact_or_numeric_noise	0	Dollar token lacks a clean alphabetic Tibetan-transliteration shape.
corrected_text_scan	wts_35_51	291	47	5	$	ś	guarded_dollar_to_sacute	2. das Tripitaka; vgl. [$/7© snod gsum.	guarded_dollar_scan	low	defer	artifact_or_numeric_noise	0	Dollar token lacks a clean alphabetic Tibetan-transliteration shape.
corrected_text_scan	wts_35_51	291	60	4	$	ś	guarded_dollar_to_sacute	2. verbinden 1. $, v. verheiraten; zari Ehe-	guarded_dollar_scan	low	defer	artifact_or_numeric_noise	0	Dollar token lacks a clean alphabetic Tibetan-transliteration shape.
corrected_text_scan	wts_35_51	292	72	5	$	ś	guarded_dollar_to_sacute	2. verbinden, vereinigen 1, $, v. verheiraten;	guarded_dollar_scan	low	defer	artifact_or_numeric_noise	0	Dollar token lacks a clean alphabetic Tibetan-transliteration shape.
corrected_text_scan	wts_35_51	298	26	1	$	ś	guarded_dollar_to_sacute	"— $?7//7 'dod / bsdad na 'gro $77//) 'dod ""wenn"	guarded_dollar_scan	low	defer	artifact_or_numeric_noise	0	Dollar token lacks a clean alphabetic Tibetan-transliteration shape.
corrected_text_scan	wts_35_51	298	26	8	$77	ś77	guarded_dollar_to_sacute	"— $?7//7 'dod / bsdad na 'gro $77//) 'dod ""wenn"	guarded_dollar_scan	low	defer	artifact_or_numeric_noise	0	Dollar token lacks a clean alphabetic Tibetan-transliteration shape.
corrected_text_scan	wts_35_51	303	23	1	50g$	50gś	guarded_dollar_to_sacute	"50g$ ""Butter und Fleisch usw. als Suppenein-"	guarded_dollar_scan	low	defer	artifact_or_numeric_noise	0	Dollar token lacks a clean alphabetic Tibetan-transliteration shape.
corrected_text_scan	wts_35_51	310	3	10	$	ś	guarded_dollar_to_sacute	272,8); skra gäig cin lag pa 9/7/$ kyis brani — te	guarded_dollar_scan	low	defer	artifact_or_numeric_noise	0	Dollar token lacks a clean alphabetic Tibetan-transliteration shape.
corrected_text_scan	wts_35_51	312	71	10	$	ś	guarded_dollar_to_sacute	"dbu ba geig 9679 la — pa lta bu ""1, $, v. mitein-"	guarded_dollar_scan	low	defer	artifact_or_numeric_noise	0	Dollar token lacks a clean alphabetic Tibetan-transliteration shape.
corrected_text_scan	wts_35_51	316	15	8	$	ś	guarded_dollar_to_sacute	"sen"" (Vdk-M 132,39); dgos dban 9/( $) lo gsum"	guarded_dollar_scan	low	defer	artifact_or_numeric_noise	0	Dollar token lacks a clean alphabetic Tibetan-transliteration shape.
corrected_text_scan	wts_35_51	316	35	3	$	ś	guarded_dollar_to_sacute	"sen, gehemmt"" $, v. samvrta 2.]"" (Mvy 399);"	guarded_dollar_scan	low	defer	artifact_or_numeric_noise	0	Dollar token lacks a clean alphabetic Tibetan-transliteration shape.
corrected_text_scan	wts_35_51	317	10	8	$	ś	guarded_dollar_to_sacute	"per Form] zusammenstellen"" (Ps 2d); 9/7/$"	guarded_dollar_scan	low	defer	artifact_or_numeric_noise	0	Dollar token lacks a clean alphabetic Tibetan-transliteration shape.
corrected_text_scan	wts_35_51	319	57	5	$46	ś46	guarded_dollar_to_sacute	"nahm sie ein"" (im $46); dge 'dun tshe 'das"	guarded_dollar_scan	low	defer	artifact_or_numeric_noise	0	Dollar token lacks a clean alphabetic Tibetan-transliteration shape.
corrected_text_scan	wts_35_51	320	62	3	$	ś	guarded_dollar_to_sacute	auch 1. $, v. jmdn. für sich einnehmen, sich	guarded_dollar_scan	low	defer	artifact_or_numeric_noise	0	Dollar token lacks a clean alphabetic Tibetan-transliteration shape.
corrected_text_scan	wts_35_51	341	32	11	$	ś	guarded_dollar_to_sacute	"Mit Bettina Zeisler: ""rJe-blas, pha-los and Other Compounds with Suffix ~$"	guarded_dollar_scan	low	defer	artifact_or_numeric_noise	0	Dollar token lacks a clean alphabetic Tibetan-transliteration shape.
corrected_text_scan	wts_35_51	342	16	5	$	ś	guarded_dollar_to_sacute	"""Tibetan Offierals in the $""""-Century South-eastern Part of the Empire"","	guarded_dollar_scan	low	defer	artifact_or_numeric_noise	0	Dollar token lacks a clean alphabetic Tibetan-transliteration shape.
corrected_text_scan	wts_35_51	352	50	9	$	ś	guarded_dollar_to_sacute	"[diese Pflanzen]"" (K841(2) 20537); beu 0/7/$"	guarded_dollar_scan	low	defer	artifact_or_numeric_noise	0	Dollar token lacks a clean alphabetic Tibetan-transliteration shape.
corrected_text_scan	wts_35_51	356	5	5	$	ś	guarded_dollar_to_sacute	"Handlungen!"" (Pd-K 216c); yons $// brtags —"	guarded_dollar_scan	low	defer	artifact_or_numeric_noise	0	Dollar token lacks a clean alphabetic Tibetan-transliteration shape.
corrected_text_scan	wts_35_51	357	26	1	$77	ś77	guarded_dollar_to_sacute	"$77//7 la babs — no nag ""wenn eine Entzün-"	guarded_dollar_scan	low	defer	artifact_or_numeric_noise	0	Dollar token lacks a clean alphabetic Tibetan-transliteration shape.
corrected_text_scan	wts_35_51	357	81	8	$	ś	guarded_dollar_to_sacute	(Mil 67,2 ); ci ste ña ma $ ~ phyis nas rin	guarded_dollar_scan	low	defer	artifact_or_numeric_noise	0	Dollar token lacks a clean alphabetic Tibetan-transliteration shape.
corrected_text_scan	wts_35_51	362	21	6	$0	ś0	guarded_dollar_to_sacute	"mo ""Freundin"" (brDa); — ma = na $0 7 grans"	guarded_dollar_scan	low	defer	artifact_or_numeric_noise	0	Dollar token lacks a clean alphabetic Tibetan-transliteration shape.
corrected_text_scan	wts_35_51	364	26	9	$	ś	guarded_dollar_to_sacute	(sBa 57,12); bdag lus 2//9 ?7?// $ bkan (metr.)	guarded_dollar_scan	low	defer	artifact_or_numeric_noise	0	Dollar token lacks a clean alphabetic Tibetan-transliteration shape.
corrected_text_scan	wts_35_51	369	38	6	$	ś	guarded_dollar_to_sacute	11,25); khyed 9)7/$ /7/¢/ — / dgra bcom pa gsod	guarded_dollar_scan	low	defer	artifact_or_numeric_noise	0	Dollar token lacks a clean alphabetic Tibetan-transliteration shape.
corrected_text_scan	wts_35_51	371	34	5	$	ś	guarded_dollar_to_sacute	dra (brDa); na landa = $¢ dus chos sde chen	guarded_dollar_scan	low	defer	artifact_or_numeric_noise	0	Dollar token lacks a clean alphabetic Tibetan-transliteration shape.
corrected_text_scan	wts_35_51	374	52	3	$	ś	guarded_dollar_to_sacute	2012: 1434 $, ¥, rag.	guarded_dollar_scan	low	defer	artifact_or_numeric_noise	0	Dollar token lacks a clean alphabetic Tibetan-transliteration shape.
corrected_text_scan	wts_35_51	376	17	2	$	ś	guarded_dollar_to_sacute	"klu ~$ bstod do ""Kälika pries [den Bodhis-"	guarded_dollar_scan	low	defer	artifact_or_numeric_noise	0	Dollar token lacks a clean alphabetic Tibetan-transliteration shape.
corrected_text_scan	wts_35_51	378	75	4	$	ś	guarded_dollar_to_sacute	"gion nu ma ~$ bkal ba'i skud pas ""mit ci- ནག་མོ་ཁྲག་འཇག་ nag mo khrag 779 npr. eine"	guarded_dollar_scan	low	defer	artifact_or_numeric_noise	0	Dollar token lacks a clean alphabetic Tibetan-transliteration shape.
corrected_text_scan	wts_35_51	380	51	8	$	ś	guarded_dollar_to_sacute	ma bteg pa / de srid du ni — $// son (metr.)	guarded_dollar_scan	low	defer	artifact_or_numeric_noise	0	Dollar token lacks a clean alphabetic Tibetan-transliteration shape.
corrected_text_scan	wts_35_51	383	3	3	$	ś	guarded_dollar_to_sacute	Lex. sin ~$ mched pa (Dagy).	guarded_dollar_scan	low	defer	artifact_or_numeric_noise	0	Dollar token lacks a clean alphabetic Tibetan-transliteration shape.
corrected_text_scan	wts_35_51	383	70	6	$	ś	guarded_dollar_to_sacute	"schaft"" (Nel 237); 9/7/$ kyis yer pa nas 'dil"	guarded_dollar_scan	low	defer	artifact_or_numeric_noise	0	Dollar token lacks a clean alphabetic Tibetan-transliteration shape.
corrected_text_scan	wts_35_51	384	65	7	$	ś	guarded_dollar_to_sacute	"(KunK 53,12); mi bren grog $/0/? ""dra ba'i — /"	guarded_dollar_scan	low	defer	artifact_or_numeric_noise	0	Dollar token lacks a clean alphabetic Tibetan-transliteration shape.
corrected_text_scan	wts_35_51	388	69	10	$	ś	guarded_dollar_to_sacute	/7//7 fa khrag rus pa — rnams kyis yons $// gani	guarded_dollar_scan	low	defer	artifact_or_numeric_noise	0	Dollar token lacks a clean alphabetic Tibetan-transliteration shape.
corrected_text_scan	wts_35_51	394	12	5	$7	ś7	guarded_dollar_to_sacute	(PT1287 195); de dran $7:0/7 rnams kyi —	guarded_dollar_scan	low	defer	artifact_or_numeric_noise	0	Dollar token lacks a clean alphabetic Tibetan-transliteration shape.
corrected_text_scan	wts_35_51	394	30	10	$	ś	guarded_dollar_to_sacute	gnas mchog fl śu //7/?/ / yul ni so 97/$ — gtogs	guarded_dollar_scan	low	defer	artifact_or_numeric_noise	0	Dollar token lacks a clean alphabetic Tibetan-transliteration shape.
corrected_text_scan	wts_35_51	395	34	3	$	ś	guarded_dollar_to_sacute	"wickelt, 1. $, v. zusammenkommen"" (brDa)."	guarded_dollar_scan	low	defer	artifact_or_numeric_noise	0	Dollar token lacks a clean alphabetic Tibetan-transliteration shape.
corrected_text_scan	wts_35_51	400	73	4	$5	ś5	guarded_dollar_to_sacute	"Lex. — 0/7/$5 btind ni in gäis 'thud pa ""zwei"	guarded_dollar_scan	low	defer	artifact_or_numeric_noise	0	Dollar token lacks a clean alphabetic Tibetan-transliteration shape.
corrected_text_scan	wts_35_51	406	21	9	$	ś	guarded_dollar_to_sacute	"der Fuß krank ist, ist man krank"" (brDa); ///$"	guarded_dollar_scan	low	defer	artifact_or_numeric_noise	0	Dollar token lacks a clean alphabetic Tibetan-transliteration shape.
corrected_text_scan	wts_35_51	407	42	1	$77	ś77	guarded_dollar_to_sacute	"$77//7 la 'dus pa'i — (metr.) ""das Herz wurde"	guarded_dollar_scan	low	defer	artifact_or_numeric_noise	0	Dollar token lacks a clean alphabetic Tibetan-transliteration shape.
corrected_text_scan	wts_35_51	407	54	6	$	ś	guarded_dollar_to_sacute	Krankheiten, vgl. SCHUH 2012: 1441 $. v. nad	guarded_dollar_scan	low	defer	artifact_or_numeric_noise	0	Dollar token lacks a clean alphabetic Tibetan-transliteration shape.
corrected_text_scan	wts_35_51	412	82	4	$07	ś07	guarded_dollar_to_sacute	"drod bskyed chu $07 — yin (metr.) ""es er-"	guarded_dollar_scan	low	defer	artifact_or_numeric_noise	0	Dollar token lacks a clean alphabetic Tibetan-transliteration shape.
corrected_text_scan	wts_35_51	415	22	6	$77	ś77	guarded_dollar_to_sacute	sogs pa'! min); nan tan $77//? por byed pa = pra-	guarded_dollar_scan	low	defer	artifact_or_numeric_noise	0	Dollar token lacks a clean alphabetic Tibetan-transliteration shape.
corrected_text_scan	wts_35_51	417	69	7	$	ś	guarded_dollar_to_sacute	"nen diese Erde aus"" (Rgs 12.70); ~$ 'jigs pas"	guarded_dollar_scan	low	defer	artifact_or_numeric_noise	0	Dollar token lacks a clean alphabetic Tibetan-transliteration shape.
corrected_text_scan	wts_35_51	421	42	7	$	ś	guarded_dollar_to_sacute	(Dagy). ka' säin po, nam mkha' $/7//)	guarded_dollar_scan	low	defer	artifact_or_numeric_noise	0	Dollar token lacks a clean alphabetic Tibetan-transliteration shape.
corrected_text_scan	wts_35_51	433	78	5	$	ś	guarded_dollar_to_sacute	erweitert werden, vgl. Inas $//.	guarded_dollar_scan	low	defer	artifact_or_numeric_noise	0	Dollar token lacks a clean alphabetic Tibetan-transliteration shape.
corrected_text_scan	wts_35_51	434	6	4	$62	ś62	guarded_dollar_to_sacute	"geflohen war"" (Inl $62); zans rdo bla —"	guarded_dollar_scan	low	defer	artifact_or_numeric_noise	0	Dollar token lacks a clean alphabetic Tibetan-transliteration shape.
corrected_text_scan	wts_35_51	434	18	7	$07707	ś07707	guarded_dollar_to_sacute	"Schemel bewegt"" (Prav 41,21); nu $07707/ 07 /"	guarded_dollar_scan	low	defer	artifact_or_numeric_noise	0	Dollar token lacks a clean alphabetic Tibetan-transliteration shape.
corrected_text_scan	wts_35_51	442	57	9	$	ś	guarded_dollar_to_sacute	"ko ru sor du dogs — ... beans kyis 7//$ ""weil"	guarded_dollar_scan	low	defer	artifact_or_numeric_noise	0	Dollar token lacks a clean alphabetic Tibetan-transliteration shape.
corrected_text_scan	wts_35_51	442	75	7	9$	9ś	guarded_dollar_to_sacute	(TsonNth 6,2433); kha zer la ?/9$ — 'gro ma	guarded_dollar_scan	low	defer	artifact_or_numeric_noise	0	Dollar token lacks a clean alphabetic Tibetan-transliteration shape.
corrected_text_scan	wts_35_51	445	78	5	$	ś	guarded_dollar_to_sacute	"ram pa sna tshogs $// kun du snani ""der Re-"	guarded_dollar_scan	low	defer	artifact_or_numeric_noise	0	Dollar token lacks a clean alphabetic Tibetan-transliteration shape.
corrected_text_scan	wts_35_51	447	58	6	$	ś	guarded_dollar_to_sacute	(T4113 19662); ka ka ni ¢$ bya ba — 'gron	guarded_dollar_scan	low	defer	artifact_or_numeric_noise	0	Dollar token lacks a clean alphabetic Tibetan-transliteration shape.
corrected_text_scan	wts_35_51	450	2	5	$	ś	guarded_dollar_to_sacute	Lex. — chos drug = ye ©$ kyi mkha' 'gro ma —	guarded_dollar_scan	low	defer	artifact_or_numeric_noise	0	Dollar token lacks a clean alphabetic Tibetan-transliteration shape.
corrected_text_scan	wts_35_51	458	29	4	$	ś	guarded_dollar_to_sacute	"med 0/7/$ ... byun ste ""in meinem Traum er-"	guarded_dollar_scan	low	defer	artifact_or_numeric_noise	0	Dollar token lacks a clean alphabetic Tibetan-transliteration shape.
corrected_text_scan	wts_35_51	458	77	2	$	ś	guarded_dollar_to_sacute	"— mtsbams $// ""im Nordwesten der Wasser-"	guarded_dollar_scan	low	defer	artifact_or_numeric_noise	0	Dollar token lacks a clean alphabetic Tibetan-transliteration shape.
corrected_text_scan	wts_35_51	459	68	2	$	ś	guarded_dollar_to_sacute	4©$ rab pha rol phyin pa thos nas mi — ba	guarded_dollar_scan	low	defer	artifact_or_numeric_noise	0	Dollar token lacks a clean alphabetic Tibetan-transliteration shape.
corrected_text_scan	wts_35_51	461	60	1	$	ś	guarded_dollar_to_sacute	/$ ... yon tan geig rgyas brjod par ga la ~	guarded_dollar_scan	low	defer	artifact_or_numeric_noise	0	Dollar token lacks a clean alphabetic Tibetan-transliteration shape.
corrected_text_scan	wts_35_51	462	73	6	$	ś	guarded_dollar_to_sacute	"kein Gelübde'"" (Nel 17b2 Gl.); ///$ man por"	guarded_dollar_scan	low	defer	artifact_or_numeric_noise	0	Dollar token lacks a clean alphabetic Tibetan-transliteration shape.
corrected_text_scan	wts_35_51	466	3	1	$	ś	guarded_dollar_to_sacute	"$// ""um zu sühnen, daß ihre Tante Selbst-"	guarded_dollar_scan	low	defer	artifact_or_numeric_noise	0	Dollar token lacks a clean alphabetic Tibetan-transliteration shape.
corrected_text_scan	wts_35_51	466	59	9	$	ś	guarded_dollar_to_sacute	Lex. kira (Ak 134.21); bya skad 9/7/$ smva	guarded_dollar_scan	low	defer	artifact_or_numeric_noise	0	Dollar token lacks a clean alphabetic Tibetan-transliteration shape.
corrected_text_scan	wts_35_51	468	58	4	$	ś	guarded_dollar_to_sacute	pha ma 07/$ kyis bram ze'i khye'u pani nas	guarded_dollar_scan	low	defer	artifact_or_numeric_noise	0	Dollar token lacks a clean alphabetic Tibetan-transliteration shape.
corrected_text_scan	wts_35_51	470	66	6	$	ś	guarded_dollar_to_sacute	"sie stimmig"" (Ppu 75b); rjes $// yi ran (w.l."	guarded_dollar_scan	low	defer	artifact_or_numeric_noise	0	Dollar token lacks a clean alphabetic Tibetan-transliteration shape.
corrected_text_scan	wts_35_51	472	80	6	$	ś	guarded_dollar_to_sacute	"thams cad reg pa 1. $, ¥, berühren"" (brDa);"	guarded_dollar_scan	low	defer	artifact_or_numeric_noise	0	Dollar token lacks a clean alphabetic Tibetan-transliteration shape.
corrected_text_scan	wts_35_51	473	28	2	$	ś	guarded_dollar_to_sacute	"1. $, v. nicht in Zweifel ziehen"" (dPeD 186,5)."	guarded_dollar_scan	low	defer	artifact_or_numeric_noise	0	Dollar token lacks a clean alphabetic Tibetan-transliteration shape.
corrected_text_scan	wts_35_51	475	61	2	$	ś	guarded_dollar_to_sacute	Lex. $ ba' nor bgo ba = mrtavaibhavād	guarded_dollar_scan	low	defer	artifact_or_numeric_noise	0	Dollar token lacks a clean alphabetic Tibetan-transliteration shape.
corrected_text_scan	wts_35_51	486	43	11	$	ś	guarded_dollar_to_sacute	(Prav 111,6 und 7); — dan dkar dan 0/7/$	guarded_dollar_scan	low	defer	artifact_or_numeric_noise	0	Dollar token lacks a clean alphabetic Tibetan-transliteration shape.
corrected_text_scan	wts_35_51	486	65	6	$	ś	guarded_dollar_to_sacute	"ston rtsan gyis / g.yug du — ///?$ btab ""sTon-"	guarded_dollar_scan	low	defer	artifact_or_numeric_noise	0	Dollar token lacks a clean alphabetic Tibetan-transliteration shape.
corrected_text_scan	wts_35_51	492	34	8	$006	ś006	guarded_dollar_to_sacute	ran la sgos su sku 'gag 0079 ... $006 ... gan no	guarded_dollar_scan	low	defer	artifact_or_numeric_noise	0	Dollar token lacks a clean alphabetic Tibetan-transliteration shape.
corrected_text_scan	wts_35_51	505	44	2	$	ś	guarded_dollar_to_sacute	གནའ་བའ་སྲལ ggra / $༡⁄0	guarded_dollar_scan	low	defer	artifact_or_numeric_noise	0	Dollar token lacks a clean alphabetic Tibetan-transliteration shape.
corrected_text_scan	wts_35_51	506	26	4	$	ś	guarded_dollar_to_sacute	"he Stätte; — dan — $// hier und dort; — ""dir"	guarded_dollar_scan	low	defer	artifact_or_numeric_noise	0	Dollar token lacks a clean alphabetic Tibetan-transliteration shape.
corrected_text_scan	wts_35_51	506	29	3	$	ś	guarded_dollar_to_sacute	Hölle; sa — $// an Ort und Stelle; gsod pa'	guarded_dollar_scan	low	defer	artifact_or_numeric_noise	0	Dollar token lacks a clean alphabetic Tibetan-transliteration shape.
corrected_text_scan	wts_35_51	512	52	9	$	ś	guarded_dollar_to_sacute	"gehalten werden"" (MTH3/5/19 15); 9)7/$ nas"	guarded_dollar_scan	low	defer	artifact_or_numeric_noise	0	Dollar token lacks a clean alphabetic Tibetan-transliteration shape.
corrected_text_scan	wts_35_51	516	54	2	$	ś	guarded_dollar_to_sacute	thabs $// — pa ma yin nam / tha dad du —	guarded_dollar_scan	low	defer	artifact_or_numeric_noise	0	Dollar token lacks a clean alphabetic Tibetan-transliteration shape.
corrected_text_scan	wts_35_51	517	49	4	$	ś	guarded_dollar_to_sacute	231a7); sans rgyas $/0// la kun tu khebs par ~	guarded_dollar_scan	low	defer	artifact_or_numeric_noise	0	Dollar token lacks a clean alphabetic Tibetan-transliteration shape.
corrected_text_scan	wts_35_51	517	73	5	$	ś	guarded_dollar_to_sacute	daṅ bral bar — pas ///$ kyi gnas skabs 'di 'drar	guarded_dollar_scan	low	defer	artifact_or_numeric_noise	0	Dollar token lacks a clean alphabetic Tibetan-transliteration shape.
corrected_text_scan	wts_35_51	519	48	6	$	ś	guarded_dollar_to_sacute	9292); bran khan ni 'dug $¢ khani pa'am ~	guarded_dollar_scan	low	defer	artifact_or_numeric_noise	0	Dollar token lacks a clean alphabetic Tibetan-transliteration shape.
corrected_text_scan	wts_35_51	520	14	6	$	ś	guarded_dollar_to_sacute	ba dan Ins kyi — ni ///$ 7705 pa spanis kyan	guarded_dollar_scan	low	defer	artifact_or_numeric_noise	0	Dollar token lacks a clean alphabetic Tibetan-transliteration shape.
corrected_text_scan	wts_35_51	520	21	1	70$	70ś	guarded_dollar_to_sacute	/70$ spyod spans Ryan shon goms kyi dban gis	guarded_dollar_scan	low	defer	artifact_or_numeric_noise	0	Dollar token lacks a clean alphabetic Tibetan-transliteration shape.
corrected_text_scan	wts_35_51	522	53	6	0$	0ś	guarded_dollar_to_sacute	"folgende Frage"" (Bu 805,4); 0$//77 rgyan ..."	guarded_dollar_scan	low	defer	artifact_or_numeric_noise	0	Dollar token lacks a clean alphabetic Tibetan-transliteration shape.
corrected_text_scan	wts_35_51	525	13	4	$	ś	guarded_dollar_to_sacute	"Beistand"" (SWTF 3.48 $ .v. ni-sraya 1)."	guarded_dollar_scan	low	defer	artifact_or_numeric_noise	0	Dollar token lacks a clean alphabetic Tibetan-transliteration shape.
corrected_text_scan	wts_35_51	525	57	2	$	ś	guarded_dollar_to_sacute	SWTF $. v. upagamana.	guarded_dollar_scan	low	defer	artifact_or_numeric_noise	0	Dollar token lacks a clean alphabetic Tibetan-transliteration shape.
corrected_text_scan	wts_35_51	532	33	8	$	ś	guarded_dollar_to_sacute	"ba = 'gyod pa mi bkur ba'am mi ©$ pa ""kein"	guarded_dollar_scan	low	defer	artifact_or_numeric_noise	0	Dollar token lacks a clean alphabetic Tibetan-transliteration shape.
corrected_text_scan	wts_35_51	532	81	5	9$	9ś	guarded_dollar_to_sacute	"tsban Zig la 2//9$ nas — du by ""|dieser"	guarded_dollar_scan	low	defer	artifact_or_numeric_noise	0	Dollar token lacks a clean alphabetic Tibetan-transliteration shape.
corrected_text_scan	wts_35_51	534	7	5	$	ś	guarded_dollar_to_sacute	"lichem entstehen"" (Hev 2.2.12a); ///$ skyem"	guarded_dollar_scan	low	defer	artifact_or_numeric_noise	0	Dollar token lacks a clean alphabetic Tibetan-transliteration shape.
corrected_text_scan	wts_35_51	534	93	7	$	ś	guarded_dollar_to_sacute	(/7/// chn chan snod 0/7/$ 'thuns pas — med	guarded_dollar_scan	low	defer	artifact_or_numeric_noise	0	Dollar token lacks a clean alphabetic Tibetan-transliteration shape.
corrected_text_scan	wts_35_51	538	14	7	$	ś	guarded_dollar_to_sacute	"101,25); śa bani — yani dag ©$ su gyur te ""der"	guarded_dollar_scan	low	defer	artifact_or_numeric_noise	0	Dollar token lacks a clean alphabetic Tibetan-transliteration shape.
corrected_text_scan	wts_35_51	543	8	4	$	ś	guarded_dollar_to_sacute	2. riechen i. $, v. Geruch abgeben.	guarded_dollar_scan	low	defer	artifact_or_numeric_noise	0	Dollar token lacks a clean alphabetic Tibetan-transliteration shape.
corrected_text_scan	wts_35_51	543	57	7	$77	ś77	guarded_dollar_to_sacute	47); pyin bar mchi ste / dbu $77//77 bro ~	guarded_dollar_scan	low	defer	artifact_or_numeric_noise	0	Dollar token lacks a clean alphabetic Tibetan-transliteration shape.
corrected_text_scan	wts_35_51	555	25	5	$	ś	guarded_dollar_to_sacute	Lex. kun mkhyen ye ©$ te sans rgyas kho na	guarded_dollar_scan	low	defer	artifact_or_numeric_noise	0	Dollar token lacks a clean alphabetic Tibetan-transliteration shape.
corrected_text_scan	wts_35_51	556	7	7	$	ś	guarded_dollar_to_sacute	"vorgeht"" (Mvy 206, Abt. mon par ©$ pa"	guarded_dollar_scan	low	defer	artifact_or_numeric_noise	0	Dollar token lacks a clean alphabetic Tibetan-transliteration shape.
corrected_text_scan	wts_35_51	557	14	6	$	ś	guarded_dollar_to_sacute	(Ahs 1.1.39c); rlun byun — ma ///$ khrag	guarded_dollar_scan	low	defer	artifact_or_numeric_noise	0	Dollar token lacks a clean alphabetic Tibetan-transliteration shape.
corrected_text_scan	wts_35_51	564	27	8	$5	ś5	guarded_dollar_to_sacute	dam chos dan sgrub gsen 0)7/$5 / tshig dan —r	guarded_dollar_scan	low	defer	artifact_or_numeric_noise	0	Dollar token lacks a clean alphabetic Tibetan-transliteration shape.
corrected_text_scan	wts_35_51	567	74	3	$	ś	guarded_dollar_to_sacute	par 4©$ pa rigs geig pa ni... —' no bo nid	guarded_dollar_scan	low	defer	artifact_or_numeric_noise	0	Dollar token lacks a clean alphabetic Tibetan-transliteration shape.
corrected_text_scan	wts_35_51	568	54	7	$	ś	guarded_dollar_to_sacute	skad cig geig daṅ ldan pa'i ©$ rab kyis ~ thob	guarded_dollar_scan	low	defer	artifact_or_numeric_noise	0	Dollar token lacks a clean alphabetic Tibetan-transliteration shape.
corrected_text_scan	wts_35_51	569	74	6	$	ś	guarded_dollar_to_sacute	"Schaden bewirkt"" (Käsy 147,15); $/7/)7 rje rje"	guarded_dollar_scan	low	defer	artifact_or_numeric_noise	0	Dollar token lacks a clean alphabetic Tibetan-transliteration shape.
corrected_text_scan	wts_35_51	577	70	4	$	ś	guarded_dollar_to_sacute	"ion mons — par ©$ byas nas (metr.) ""man"	guarded_dollar_scan	low	defer	artifact_or_numeric_noise	0	Dollar token lacks a clean alphabetic Tibetan-transliteration shape.
corrected_text_scan	wts_35_51	578	82	8	$	ś	guarded_dollar_to_sacute	dankengänge; rnam rtog med pa' sems kyis $//	guarded_dollar_scan	low	defer	artifact_or_numeric_noise	0	Dollar token lacks a clean alphabetic Tibetan-transliteration shape.
corrected_text_scan	wts_35_51	581	29	10	$	ś	guarded_dollar_to_sacute	"Fa ri am rmam par bkram pa = vipra sku ///$ gser gyi mdog tat — (metr.) ""[der Bud-"	guarded_dollar_scan	low	defer	artifact_or_numeric_noise	0	Dollar token lacks a clean alphabetic Tibetan-transliteration shape.
corrected_text_scan	wts_35_51	582	4	2	$	ś	guarded_dollar_to_sacute	777 ༡// ///$ ni 'dar gyur cin / spu yan — bar ''gyur	guarded_dollar_scan	low	defer	artifact_or_numeric_noise	0	Dollar token lacks a clean alphabetic Tibetan-transliteration shape.
corrected_text_scan	wts_35_51	582	59	3	$	ś	guarded_dollar_to_sacute	1928: 334 $, ¥, viskambhana).	guarded_dollar_scan	low	defer	artifact_or_numeric_noise	0	Dollar token lacks a clean alphabetic Tibetan-transliteration shape.
corrected_text_scan	wts_35_51	591	11	1	$	ś	guarded_dollar_to_sacute	$, ¥, vIvacayati.	guarded_dollar_scan	low	defer	artifact_or_numeric_noise	0	Dollar token lacks a clean alphabetic Tibetan-transliteration shape.
corrected_text_scan	wts_35_51	591	56	7	$	ś	guarded_dollar_to_sacute	ran ran 777? rnams sna tshogs $// / byan chub —r	guarded_dollar_scan	low	defer	artifact_or_numeric_noise	0	Dollar token lacks a clean alphabetic Tibetan-transliteration shape.
corrected_text_scan	wts_35_51	595	79	2	$	ś	guarded_dollar_to_sacute	du $ ~ nas gñis su med chos spyod (metr.)	guarded_dollar_scan	low	defer	artifact_or_numeric_noise	0	Dollar token lacks a clean alphabetic Tibetan-transliteration shape.
corrected_text_scan	wts_35_51	596	65	4	$	ś	guarded_dollar_to_sacute	"bco brgyad rnams $// bsad (metr.) ""Sinnesor-"	guarded_dollar_scan	low	defer	artifact_or_numeric_noise	0	Dollar token lacks a clean alphabetic Tibetan-transliteration shape.
corrected_text_scan	wts_35_51	596	70	8	$	ś	guarded_dollar_to_sacute	(Hev 2.3.35); mig gi dbani po'i rnam ©$ ni /	guarded_dollar_scan	low	defer	artifact_or_numeric_noise	0	Dollar token lacks a clean alphabetic Tibetan-transliteration shape.
corrected_text_scan	wts_35_51	598	32	6	0$	0ś	guarded_dollar_to_sacute	"chend verhalten"" (Rgs 1.24b); gZun ///0$ la / ji"	guarded_dollar_scan	low	defer	artifact_or_numeric_noise	0	Dollar token lacks a clean alphabetic Tibetan-transliteration shape.
corrected_text_scan	wts_35_51	601	27	2	$	ś	guarded_dollar_to_sacute	Lex. //$ (brDa, Dagy).	guarded_dollar_scan	low	defer	artifact_or_numeric_noise	0	Dollar token lacks a clean alphabetic Tibetan-transliteration shape.
corrected_text_scan	wts_35_51	601	55	1	$	ś	guarded_dollar_to_sacute	"$// bsgyur (metr.) ""nachdem du die schlech-"	guarded_dollar_scan	low	defer	artifact_or_numeric_noise	0	Dollar token lacks a clean alphabetic Tibetan-transliteration shape.
corrected_text_scan	wts_35_51	602	40	9	$	ś	guarded_dollar_to_sacute	(brDa); mig dan rna ba sna dan lce ///$ yid	guarded_dollar_scan	low	defer	artifact_or_numeric_noise	0	Dollar token lacks a clean alphabetic Tibetan-transliteration shape.
corrected_text_scan	wts_35_51	603	40	2	77$	77ś	guarded_dollar_to_sacute	རྣམས་ 17774/77$	guarded_dollar_scan	low	defer	artifact_or_numeric_noise	0	Dollar token lacks a clean alphabetic Tibetan-transliteration shape.
corrected_text_scan	wts_35_51	606	36	2	40$	40ś	guarded_dollar_to_sacute	gnas རོ 40$ pa ran bzin du m gnas pa lta bu	guarded_dollar_scan	low	defer	artifact_or_numeric_noise	0	Dollar token lacks a clean alphabetic Tibetan-transliteration shape.
corrected_text_scan	wts_35_51	608	19	4	$	ś	guarded_dollar_to_sacute	"— id / deyi 7705 $// dbu ma bstan (metr.) ""die"	guarded_dollar_scan	low	defer	artifact_or_numeric_noise	0	Dollar token lacks a clean alphabetic Tibetan-transliteration shape.
corrected_text_scan	wts_35_51	609	61	1	$0	ś0	guarded_dollar_to_sacute	$0?/ räil (TTC).	guarded_dollar_scan	low	defer	artifact_or_numeric_noise	0	Dollar token lacks a clean alphabetic Tibetan-transliteration shape.
corrected_text_scan	wts_35_51	612	21	8	$	ś	guarded_dollar_to_sacute	"le warteten"" (HMrg 57,11); chu gri ~$ lag"	guarded_dollar_scan	low	defer	artifact_or_numeric_noise	0	Dollar token lacks a clean alphabetic Tibetan-transliteration shape.
corrected_text_scan	wts_35_51	613	53	1	$	ś	guarded_dollar_to_sacute	"~$ bud = — khun gis phu ""debs pa ""durch die"	guarded_dollar_scan	low	defer	artifact_or_numeric_noise	0	Dollar token lacks a clean alphabetic Tibetan-transliteration shape.
corrected_text_scan	wts_35_51	618	41	10	$7	ś7	guarded_dollar_to_sacute	sna gdon dan / gan gi rtsub (r. gtsug) mi $7/7/?	guarded_dollar_scan	low	defer	artifact_or_numeric_noise	0	Dollar token lacks a clean alphabetic Tibetan-transliteration shape.
corrected_text_scan	wts_35_51	621	68	6	$	ś	guarded_dollar_to_sacute	dass.; yo byad mkho dgu — $// in allem Nöui-	guarded_dollar_scan	low	defer	artifact_or_numeric_noise	0	Dollar token lacks a clean alphabetic Tibetan-transliteration shape.
corrected_text_scan	wts_35_51	630	66	1	$	ś	guarded_dollar_to_sacute	"©$ die Regeln [für die Bodhisattvas]"" (Bca"	guarded_dollar_scan	low	defer	artifact_or_numeric_noise	0	Dollar token lacks a clean alphabetic Tibetan-transliteration shape.
corrected_text_scan	wts_35_51	638	24	2	$	ś	guarded_dollar_to_sacute	snan ©$ (r. Sas) = tshe 'di'i snani ba'i cha śas	guarded_dollar_scan	low	defer	artifact_or_numeric_noise	0	Dollar token lacks a clean alphabetic Tibetan-transliteration shape.
corrected_text_scan	wts_35_51	638	50	1	$	ś	guarded_dollar_to_sacute	$?7777 sel khrab gyon npr. ein	guarded_dollar_scan	low	defer	artifact_or_numeric_noise	0	Dollar token lacks a clean alphabetic Tibetan-transliteration shape.
corrected_text_scan	wts_35_51	638	51	2	$	ś	guarded_dollar_to_sacute	Erdherr ($¢ bdag), vgl. Neb	guarded_dollar_scan	low	defer	artifact_or_numeric_noise	0	Dollar token lacks a clean alphabetic Tibetan-transliteration shape.
corrected_text_scan	wts_35_51	646	36	3	$	ś	guarded_dollar_to_sacute	Lex. rtswa $/?0 tshod cig sne'u (brDa); sne'n'i	guarded_dollar_scan	low	defer	artifact_or_numeric_noise	0	Dollar token lacks a clean alphabetic Tibetan-transliteration shape.
corrected_text_scan	wts_35_51	646	45	1	$	ś	guarded_dollar_to_sacute	"$ ༤༨༤ . > """	guarded_dollar_scan	low	defer	artifact_or_numeric_noise	0	Dollar token lacks a clean alphabetic Tibetan-transliteration shape.
corrected_text_scan	wts_35_51	650	2	1	$	ś	guarded_dollar_to_sacute	སྣད་ $//0	guarded_dollar_scan	low	defer	artifact_or_numeric_noise	0	Dollar token lacks a clean alphabetic Tibetan-transliteration shape.
corrected_text_scan	wts_35_51	650	51	1	$	ś	guarded_dollar_to_sacute	སྣད་ $/70/0	guarded_dollar_scan	low	defer	artifact_or_numeric_noise	0	Dollar token lacks a clean alphabetic Tibetan-transliteration shape.
corrected_text_scan	wts_35_51	654	59	1	$	ś	guarded_dollar_to_sacute	"$// rdzogs pa = paripāmasamkalpah ""jemand,"	guarded_dollar_scan	low	defer	artifact_or_numeric_noise	0	Dollar token lacks a clean alphabetic Tibetan-transliteration shape.
corrected_text_scan	wts_35_51	655	12	4	$	ś	guarded_dollar_to_sacute	"mchi mas — pa'i $?7//7 gis ...smras pa ""mit von"	guarded_dollar_scan	low	defer	artifact_or_numeric_noise	0	Dollar token lacks a clean alphabetic Tibetan-transliteration shape.
corrected_text_scan	wts_35_51	660	12	8	$	ś	guarded_dollar_to_sacute	345,6); phral khrims gtams sgrags pa'i ///$ sten	guarded_dollar_scan	low	defer	artifact_or_numeric_noise	0	Dollar token lacks a clean alphabetic Tibetan-transliteration shape.
corrected_text_scan	wts_35_51	662	9	2	$	ś	guarded_dollar_to_sacute	-m, ~$ sowie nach ausgefallenem da drag; das	guarded_dollar_scan	low	defer	artifact_or_numeric_noise	0	Dollar token lacks a clean alphabetic Tibetan-transliteration shape.
corrected_text_scan	wts_35_51	662	38	5	$	ś	guarded_dollar_to_sacute	"und rezitierte"" (Liy2 71); $// le lo bDyid —"	guarded_dollar_scan	low	defer	artifact_or_numeric_noise	0	Dollar token lacks a clean alphabetic Tibetan-transliteration shape.
corrected_text_scan	wts_35_51	664	82	1	$	ś	guarded_dollar_to_sacute	"~$ bdugs ma thag tn ""kaum daß er es mit"	guarded_dollar_scan	low	defer	artifact_or_numeric_noise	0	Dollar token lacks a clean alphabetic Tibetan-transliteration shape.
corrected_text_scan	wts_35_51	666	44	5	$5	ś5	guarded_dollar_to_sacute	sum beu so 977/$5 nan nas mchog tu gyur	guarded_dollar_scan	low	defer	artifact_or_numeric_noise	0	Dollar token lacks a clean alphabetic Tibetan-transliteration shape.
corrected_text_scan	wts_35_51	668	91	5	$	ś	guarded_dollar_to_sacute	21,29); ma sad ~$ kyan rnam par rig pa	guarded_dollar_scan	low	defer	artifact_or_numeric_noise	0	Dollar token lacks a clean alphabetic Tibetan-transliteration shape.
corrected_text_scan	wts_35_51	669	14	1	$	ś	guarded_dollar_to_sacute	"~$ grub nas ""nachdem er Vaisravana und"	guarded_dollar_scan	low	defer	artifact_or_numeric_noise	0	Dollar token lacks a clean alphabetic Tibetan-transliteration shape.
corrected_text_scan	wts_35_51	669	59	4	$	ś	guarded_dollar_to_sacute	"li mkar pha ... $[i]n san kyi inkar — ""Bür-"	guarded_dollar_scan	low	defer	artifact_or_numeric_noise	0	Dollar token lacks a clean alphabetic Tibetan-transliteration shape.
corrected_text_scan	wts_35_51	669	63	9	$7	ś7	guarded_dollar_to_sacute	ga 277b2); kun dga'i ra ba — rnams la $7)/)7/5	guarded_dollar_scan	low	defer	artifact_or_numeric_noise	0	Dollar token lacks a clean alphabetic Tibetan-transliteration shape.
corrected_text_scan	wts_35_51	670	37	10	$	ś	guarded_dollar_to_sacute	"sicht bekamen"" (MTH3/5/ 10 45); 'di — 0/7/$"	guarded_dollar_scan	low	defer	artifact_or_numeric_noise	0	Dollar token lacks a clean alphabetic Tibetan-transliteration shape.
corrected_text_scan	wts_35_51	675	18	6	$750	ś750	guarded_dollar_to_sacute	"den Feldern des Linken Horns"" ($750 56);"	guarded_dollar_scan	low	defer	artifact_or_numeric_noise	0	Dollar token lacks a clean alphabetic Tibetan-transliteration shape.
corrected_text_scan	wts_35_51	678	24	6	$	ś	guarded_dollar_to_sacute	gris kyis / glan chen — gos $// 'dzin (metr.)	guarded_dollar_scan	low	defer	artifact_or_numeric_noise	0	Dollar token lacks a clean alphabetic Tibetan-transliteration shape.
corrected_text_scan	wts_35_51	678	89	8	$	ś	guarded_dollar_to_sacute	mdog gser (༣: 1. add. midog) 'dra ba = $/7~	guarded_dollar_scan	low	defer	artifact_or_numeric_noise	0	Dollar token lacks a clean alphabetic Tibetan-transliteration shape.
corrected_text_scan	wts_35_51	679	60	5	$	ś	guarded_dollar_to_sacute	"de dag 9/7/$ kyi — du rgyal bu ni (metr.) ""der"	guarded_dollar_scan	low	defer	artifact_or_numeric_noise	0	Dollar token lacks a clean alphabetic Tibetan-transliteration shape.
corrected_text_scan	wts_35_51	680	78	2	$	ś	guarded_dollar_to_sacute	Lex. ///$ — dam mkiyind tsbad (brDa).	guarded_dollar_scan	low	defer	artifact_or_numeric_noise	0	Dollar token lacks a clean alphabetic Tibetan-transliteration shape.
corrected_text_scan	wts_35_51	689	21	7	$7	ś7	guarded_dollar_to_sacute	pad ma ra ga dan / rdo'i $7/7? po la sogs pas	guarded_dollar_scan	low	defer	artifact_or_numeric_noise	0	Dollar token lacks a clean alphabetic Tibetan-transliteration shape.
corrected_text_scan	wts_35_51	692	72	5	$rT	śrT	guarded_dollar_to_sacute	(Bu-śz 104,12); — Säkya $rT la sogs pa mikhas	guarded_dollar_scan	low	defer	non_transliteration_shape	10	Dollar token does not match the conservative Tibetan transliteration token shape.
corrected_text_scan	wts_35_51	693	58	1	$	ś	guarded_dollar_to_sacute	"~$ khyer byon ste ""eine Bronzestatue des"	guarded_dollar_scan	low	defer	artifact_or_numeric_noise	0	Dollar token lacks a clean alphabetic Tibetan-transliteration shape.
corrected_text_scan	wts_35_51	694	57	6	$	ś	guarded_dollar_to_sacute	ni/ al snubs 0/7/$ / — yani 0/7/$ / 77:77 cog 0?7/$	guarded_dollar_scan	low	defer	artifact_or_numeric_noise	0	Dollar token lacks a clean alphabetic Tibetan-transliteration shape.
corrected_text_scan	wts_35_51	694	57	10	$	ś	guarded_dollar_to_sacute	ni/ al snubs 0/7/$ / — yani 0/7/$ / 77:77 cog 0?7/$	guarded_dollar_scan	low	defer	artifact_or_numeric_noise	0	Dollar token lacks a clean alphabetic Tibetan-transliteration shape.
corrected_text_scan	wts_35_51	694	57	16	$	ś	guarded_dollar_to_sacute	ni/ al snubs 0/7/$ / — yani 0/7/$ / 77:77 cog 0?7/$	guarded_dollar_scan	low	defer	artifact_or_numeric_noise	0	Dollar token lacks a clean alphabetic Tibetan-transliteration shape.
corrected_text_scan	wts_35_51	696	53	2	$	ś	guarded_dollar_to_sacute	8/$ ... gro ba de dag sdug bsral thob (metr.)	guarded_dollar_scan	low	defer	artifact_or_numeric_noise	0	Dollar token lacks a clean alphabetic Tibetan-transliteration shape.
corrected_text_scan	wts_35_51	696	66	1	$	ś	guarded_dollar_to_sacute	"$// me stobs ldan (metr.) ""weil der kräft-"	guarded_dollar_scan	low	defer	artifact_or_numeric_noise	0	Dollar token lacks a clean alphabetic Tibetan-transliteration shape.
corrected_text_scan	wts_35_51	697	6	5	$	ś	guarded_dollar_to_sacute	Art Birke (PW 4.721 $, ¥)?	guarded_dollar_scan	low	defer	artifact_or_numeric_noise	0	Dollar token lacks a clean alphabetic Tibetan-transliteration shape.
corrected_text_scan	wts_35_51	697	22	1	$	ś	guarded_dollar_to_sacute	$, ¥. pippala 3b).	guarded_dollar_scan	low	defer	artifact_or_numeric_noise	0	Dollar token lacks a clean alphabetic Tibetan-transliteration shape.
corrected_text_scan	wts_35_51	697	68	3	$	ś	guarded_dollar_to_sacute	(PW 2.632 $. ¥).	guarded_dollar_scan	low	defer	artifact_or_numeric_noise	0	Dollar token lacks a clean alphabetic Tibetan-transliteration shape.
corrected_text_scan	wts_35_51	698	39	2	$011011	ś011011	guarded_dollar_to_sacute	vgl. $011011 2012: 1456 f., ein Erdherr,	guarded_dollar_scan	low	defer	artifact_or_numeric_noise	0	Dollar token lacks a clean alphabetic Tibetan-transliteration shape.
corrected_text_scan	wts_35_51	699	66	4	$	ś	guarded_dollar_to_sacute	Lin. (PW 2.26 $. v. katurohint) bzw. Lagotis	guarded_dollar_scan	low	defer	artifact_or_numeric_noise	0	Dollar token lacks a clean alphabetic Tibetan-transliteration shape.
corrected_text_scan	wts_35_51	701	39	8	0$	0ś	guarded_dollar_to_sacute	Lex. zar ma'! dab ma yin par 0$//7?$ (brDa).	guarded_dollar_scan	low	defer	artifact_or_numeric_noise	0	Dollar token lacks a clean alphabetic Tibetan-transliteration shape.
corrected_text_scan	wts_35_51	701	39	10	$	ś	guarded_dollar_to_sacute	Lex. zar ma'! dab ma yin par 0$//7?$ (brDa).	guarded_dollar_scan	low	defer	artifact_or_numeric_noise	0	Dollar token lacks a clean alphabetic Tibetan-transliteration shape.
corrected_text_scan	wts_35_51	704	66	8	$750	ś750	guarded_dollar_to_sacute	"""die Untertanen des khurd pa chen po"" ($750"	guarded_dollar_scan	low	defer	artifact_or_numeric_noise	0	Dollar token lacks a clean alphabetic Tibetan-transliteration shape.
corrected_text_scan	wts_35_51	704	81	5	$	ś	guarded_dollar_to_sacute	"ra bya nd pal $?70// ~~ 7 dbu (metr.) ""|dein]"	guarded_dollar_scan	low	defer	artifact_or_numeric_noise	0	Dollar token lacks a clean alphabetic Tibetan-transliteration shape.
corrected_text_scan	wts_35_51	705	86	1	$	ś	guarded_dollar_to_sacute	"~$ ... '//?/ min ... btags kyis ""weil der Groß-"	guarded_dollar_scan	low	defer	artifact_or_numeric_noise	0	Dollar token lacks a clean alphabetic Tibetan-transliteration shape.
corrected_text_scan	wts_35_51	706	16	1	$	ś	guarded_dollar_to_sacute	"~$ lhad bcug pa yin no ""das ist eine Verfäl-"	guarded_dollar_scan	low	defer	artifact_or_numeric_noise	0	Dollar token lacks a clean alphabetic Tibetan-transliteration shape.
corrected_text_scan	wts_35_51	708	42	6	$	ś	guarded_dollar_to_sacute	"ger der Welt"" (\/16 13a); $))/37:7 — fon mons"	guarded_dollar_scan	low	defer	artifact_or_numeric_noise	0	Dollar token lacks a clean alphabetic Tibetan-transliteration shape.
corrected_text_scan	wts_35_51	708	72	10	$	ś	guarded_dollar_to_sacute	"nimmt"" (MTH3/5/31 1); ph po so (r. ($)"	guarded_dollar_scan	low	defer	artifact_or_numeric_noise	0	Dollar token lacks a clean alphabetic Tibetan-transliteration shape.
corrected_text_scan	wts_35_51	714	70	2	$	ś	guarded_dollar_to_sacute	stens $// / — dan rdo rje dbyins kyi gtsug lag	guarded_dollar_scan	low	defer	artifact_or_numeric_noise	0	Dollar token lacks a clean alphabetic Tibetan-transliteration shape.
corrected_text_scan	wts_35_51	716	27	1	$	ś	guarded_dollar_to_sacute	"~$ bkan ste ""sie füllten die Almosenschale"	guarded_dollar_scan	low	defer	artifact_or_numeric_noise	0	Dollar token lacks a clean alphabetic Tibetan-transliteration shape.
corrected_text_scan	wts_35_51	718	25	8	070$	070ś	guarded_dollar_to_sacute	"(ThK 2: 523,1); gzugs sku — ""tshbo 070$ (r."	guarded_dollar_scan	low	defer	artifact_or_numeric_noise	0	Dollar token lacks a clean alphabetic Tibetan-transliteration shape.
corrected_text_scan	wts_35_51	720	24	6	$	ś	guarded_dollar_to_sacute	"unermeßlich sind"" (Padm 4b3); phug ... — $//"	guarded_dollar_scan	low	defer	artifact_or_numeric_noise	0	Dollar token lacks a clean alphabetic Tibetan-transliteration shape.
corrected_text_scan	wts_35_51	720	68	10	$	ś	guarded_dollar_to_sacute	skye bo blo — ba la / 'dina bde skyiid 07/$ yod	guarded_dollar_scan	low	defer	artifact_or_numeric_noise	0	Dollar token lacks a clean alphabetic Tibetan-transliteration shape.
corrected_text_scan	wts_35_51	724	18	9	$	ś	guarded_dollar_to_sacute	ne 'dzin bstan pa ein buddh. Text, das $/7-	guarded_dollar_scan	low	defer	artifact_or_numeric_noise	0	Dollar token lacks a clean alphabetic Tibetan-transliteration shape.
corrected_text_scan	wts_35_51	724	55	6	$7	ś7	guarded_dollar_to_sacute	"als Begleitung"" (BcaK 46,3); ~-""/ $7/?7 grogs ..."	guarded_dollar_scan	low	defer	artifact_or_numeric_noise	0	Dollar token lacks a clean alphabetic Tibetan-transliteration shape.
corrected_text_scan	wts_35_51	729	85	4	$	ś	guarded_dollar_to_sacute	"sras 0?7/$ stod smad gäls su gyes (metr.) ""die"	guarded_dollar_scan	low	defer	artifact_or_numeric_noise	0	Dollar token lacks a clean alphabetic Tibetan-transliteration shape.
corrected_text_scan	wts_35_51	734	37	10	$	ś	guarded_dollar_to_sacute	mkhan po Zus te bsien par rdzogs te dge $/0/)	guarded_dollar_scan	low	defer	artifact_or_numeric_noise	0	Dollar token lacks a clean alphabetic Tibetan-transliteration shape.
corrected_text_scan	wts_35_51	737	33	4	$76	ś76	guarded_dollar_to_sacute	rgyal rtse yon $76/7 {5} du ~ gźis nas 'bru phul	guarded_dollar_scan	low	defer	artifact_or_numeric_noise	0	Dollar token lacks a clean alphabetic Tibetan-transliteration shape.
corrected_text_scan	wts_35_51	743	70	1	$	ś	guarded_dollar_to_sacute	"~$ ."".bstan pa ""dargelegt durch das Beispiel"	guarded_dollar_scan	low	defer	artifact_or_numeric_noise	0	Dollar token lacks a clean alphabetic Tibetan-transliteration shape.
corrected_text_scan	wts_35_51	746	24	7	$	ś	guarded_dollar_to_sacute	mishan ni sum cu risa 077/$ dan / — breyad	guarded_dollar_scan	low	defer	artifact_or_numeric_noise	0	Dollar token lacks a clean alphabetic Tibetan-transliteration shape.
corrected_text_scan	wts_35_51	750	70	6	$8212	ś8212	guarded_dollar_to_sacute	"Wa'-tsan-kun führte sie an"" ($8212 4); 'di"	guarded_dollar_scan	low	defer	artifact_or_numeric_noise	0	Dollar token lacks a clean alphabetic Tibetan-transliteration shape.
corrected_text_scan	wts_35_51	750	71	1	$	ś	guarded_dollar_to_sacute	"$//7 mal / ~ po'l'o ""Wem [gehört] dieses"	guarded_dollar_scan	low	defer	artifact_or_numeric_noise	0	Dollar token lacks a clean alphabetic Tibetan-transliteration shape.
corrected_text_scan	wts_35_51	752	59	3	$	ś	guarded_dollar_to_sacute	"— 0/7/$ han las ma mchis ""der Adelsherr"	guarded_dollar_scan	low	defer	artifact_or_numeric_noise	0	Dollar token lacks a clean alphabetic Tibetan-transliteration shape.
corrected_text_scan	wts_35_51	754	21	7	$47	ś47	guarded_dollar_to_sacute	"gebracht, den Tribut zu zahlen"" (im $47);"	guarded_dollar_scan	low	defer	artifact_or_numeric_noise	0	Dollar token lacks a clean alphabetic Tibetan-transliteration shape.
corrected_text_scan	wts_35_51	754	24	3	$51	ś51	guarded_dollar_to_sacute	"zahlen"" (Ini $51); stsan dphya' nas dan /"	guarded_dollar_scan	low	defer	artifact_or_numeric_noise	0	Dollar token lacks a clean alphabetic Tibetan-transliteration shape.
corrected_text_scan	wts_35_51	754	38	6	$	ś	guarded_dollar_to_sacute	"ein"" (PT1287 449); 9)7/$ gyis dpya' gcal to"	guarded_dollar_scan	low	defer	artifact_or_numeric_noise	0	Dollar token lacks a clean alphabetic Tibetan-transliteration shape.
corrected_text_scan	wts_35_51	759	69	8	$	ś	guarded_dollar_to_sacute	"ter als Vararuci hielt"" (Tär 60,19); ~$ kyan"	guarded_dollar_scan	low	defer	artifact_or_numeric_noise	0	Dollar token lacks a clean alphabetic Tibetan-transliteration shape.
corrected_text_scan	wts_35_51	760	10	8	$	ś	guarded_dollar_to_sacute	— gitshes brgyad skar ma rgyal gyi dus $// sku	guarded_dollar_scan	low	defer	artifact_or_numeric_noise	0	Dollar token lacks a clean alphabetic Tibetan-transliteration shape.
corrected_text_scan	wts_35_51	762	10	4	$	ś	guarded_dollar_to_sacute	དཔྲལ་བ་ dpralba Kurzf. dpral $ (171); ~~ ?/ /)/7/09$	guarded_dollar_scan	low	defer	artifact_or_numeric_noise	0	Dollar token lacks a clean alphabetic Tibetan-transliteration shape.
corrected_text_scan	wts_35_51	762	10	7	09$	09ś	guarded_dollar_to_sacute	དཔྲལ་བ་ dpralba Kurzf. dpral $ (171); ~~ ?/ /)/7/09$	guarded_dollar_scan	low	defer	artifact_or_numeric_noise	0	Dollar token lacks a clean alphabetic Tibetan-transliteration shape.
corrected_text_scan	wts_35_51	762	20	4	$	ś	guarded_dollar_to_sacute	"lassen"" (Siddh 26.25); ///$ 'di ni rkan pa ..."	guarded_dollar_scan	low	defer	artifact_or_numeric_noise	0	Dollar token lacks a clean alphabetic Tibetan-transliteration shape.
corrected_text_scan	wts_35_51	764	31	3	$32	ś32	guarded_dollar_to_sacute	"nesen"" (In1 $32); de'' mthus khams kyi royal"	guarded_dollar_scan	low	defer	artifact_or_numeric_noise	0	Dollar token lacks a clean alphabetic Tibetan-transliteration shape.
corrected_text_scan	wts_35_51	765	31	1	$	ś	guarded_dollar_to_sacute	$¢ dge'i mira' 'og gi char ... — ka thog pa ...	guarded_dollar_scan	low	defer	artifact_or_numeric_noise	0	Dollar token lacks a clean alphabetic Tibetan-transliteration shape.
corrected_text_scan	wts_35_51	770	30	3	$	ś	guarded_dollar_to_sacute	Lex. /// /' 77 /$/ / be do / thog dkar mgo deu	guarded_dollar_scan	low	defer	artifact_or_numeric_noise	0	Dollar token lacks a clean alphabetic Tibetan-transliteration shape.
corrected_text_scan	wts_35_51	770	47	6	$	ś	guarded_dollar_to_sacute	"(TMP), bzw. ""teasel root"" (Goldstein $. v.)."	guarded_dollar_scan	low	defer	artifact_or_numeric_noise	0	Dollar token lacks a clean alphabetic Tibetan-transliteration shape.
corrected_text_scan	wts_35_51	782	38	8	$	ś	guarded_dollar_to_sacute	di lta du 'di lta ste ... rdo'i $?7//7 po dan / —	guarded_dollar_scan	low	defer	artifact_or_numeric_noise	0	Dollar token lacks a clean alphabetic Tibetan-transliteration shape.
corrected_text_scan	wts_35_51	782	64	8	$	ś	guarded_dollar_to_sacute	ston ye ses yon tan 0/7/$ kyis mor luns bzun ste	guarded_dollar_scan	low	defer	artifact_or_numeric_noise	0	Dollar token lacks a clean alphabetic Tibetan-transliteration shape.
corrected_text_scan	wts_35_51	784	70	9	$	ś	guarded_dollar_to_sacute	phyogs de'i mi ~ bdun thog brdib(s) nas $ ba	guarded_dollar_scan	low	defer	artifact_or_numeric_noise	0	Dollar token lacks a clean alphabetic Tibetan-transliteration shape.
corrected_text_scan	wts_35_51	790	5	2	$	ś	guarded_dollar_to_sacute	spe'u $© ?7/ npr. cin Tempel im Kloster	guarded_dollar_scan	low	defer	artifact_or_numeric_noise	0	Dollar token lacks a clean alphabetic Tibetan-transliteration shape.
corrected_text_scan	wts_35_51	792	53	3	$	ś	guarded_dollar_to_sacute	(SCHWIEGER 2009, $, viii).	guarded_dollar_scan	low	defer	artifact_or_numeric_noise	0	Dollar token lacks a clean alphabetic Tibetan-transliteration shape.
corrected_text_scan	wts_35_51	796	38	8	$	ś	guarded_dollar_to_sacute	"Lex. pa = gnan ba'i don la'ani ""auch [. $. v."	guarded_dollar_scan	low	defer	artifact_or_numeric_noise	0	Dollar token lacks a clean alphabetic Tibetan-transliteration shape.
corrected_text_scan	wts_35_51	797	13	6	9$5	9ś5	guarded_dollar_to_sacute	po'i dbus su mi 7/9$5 — pa yis / smra ba'i	guarded_dollar_scan	low	defer	artifact_or_numeric_noise	0	Dollar token lacks a clean alphabetic Tibetan-transliteration shape.
corrected_text_scan	wts_35_51	806	72	3	0$	0ś	guarded_dollar_to_sacute	"301b1); dus 0$///77 legs — (metr.) ""die rech-"	guarded_dollar_scan	low	defer	artifact_or_numeric_noise	0	Dollar token lacks a clean alphabetic Tibetan-transliteration shape.
corrected_text_scan	wts_35_51	807	38	1	$7	ś7	guarded_dollar_to_sacute	"$7?0 ni stan gyis gan (metr.) ""so weit der"	guarded_dollar_scan	low	defer	artifact_or_numeric_noise	0	Dollar token lacks a clean alphabetic Tibetan-transliteration shape.
corrected_text_scan	wts_35_51	807	51	3	$	ś	guarded_dollar_to_sacute	1.8.16c); gari $// rdo re') — ldan kun (metr.)	guarded_dollar_scan	low	defer	artifact_or_numeric_noise	0	Dollar token lacks a clean alphabetic Tibetan-transliteration shape.
corrected_text_scan	wts_35_51	808	45	3	$	ś	guarded_dollar_to_sacute	'a spyan $?7/7	guarded_dollar_scan	low	defer	artifact_or_numeric_noise	0	Dollar token lacks a clean alphabetic Tibetan-transliteration shape.
corrected_text_scan	wts_35_51	810	84	3	$	ś	guarded_dollar_to_sacute	"0/7/$ kyi rund — ""Dombhi-Heruka brachte"	guarded_dollar_scan	low	defer	artifact_or_numeric_noise	0	Dollar token lacks a clean alphabetic Tibetan-transliteration shape.
corrected_text_scan	wts_35_51	815	31	4	9$	9ś	guarded_dollar_to_sacute	"oben"" (Hev 2.5.34c); ?/9$ sin rnams pa' —"	guarded_dollar_scan	low	defer	artifact_or_numeric_noise	0	Dollar token lacks a clean alphabetic Tibetan-transliteration shape.
corrected_text_scan	wts_35_51	815	46	9	$	ś	guarded_dollar_to_sacute	bcom ldan ma / Zal gcig phyag 0/7/$ — (metr.)	guarded_dollar_scan	low	defer	artifact_or_numeric_noise	0	Dollar token lacks a clean alphabetic Tibetan-transliteration shape.
corrected_text_scan	wts_35_51	819	22	2	$	ś	guarded_dollar_to_sacute	"ci // $// gani — ste (metr.) ""ch, ji, su und gar"	guarded_dollar_scan	low	defer	artifact_or_numeric_noise	0	Dollar token lacks a clean alphabetic Tibetan-transliteration shape.
corrected_text_scan	wts_35_51	820	61	2	$	ś	guarded_dollar_to_sacute	Lex. $/07//'/ '/)/// ba'am spyir thob tu beug pa	guarded_dollar_scan	low	defer	artifact_or_numeric_noise	0	Dollar token lacks a clean alphabetic Tibetan-transliteration shape.
corrected_text_scan	wts_35_51	820	70	1	$0	ś0	guarded_dollar_to_sacute	"$0?/ spyi dam re sprad nas ""den dud-chun[-"	guarded_dollar_scan	low	defer	artifact_or_numeric_noise	0	Dollar token lacks a clean alphabetic Tibetan-transliteration shape.
corrected_text_scan	wts_35_51	822	71	2	$	ś	guarded_dollar_to_sacute	"buns $// bsams pa lta bu ""wie: allgemeine"	guarded_dollar_scan	low	defer	artifact_or_numeric_noise	0	Dollar token lacks a clean alphabetic Tibetan-transliteration shape.
corrected_text_scan	wts_35_51	826	44	5	$.XVJ	Ś.XVJ	guarded_dollar_to_sacute	= Weide, vgl. Schneider 2012 $.XVJ; auch	guarded_dollar_scan	low	defer	non_transliteration_shape	10	Dollar token does not match the conservative Tibetan transliteration token shape.
corrected_text_scan	wts_35_51	826	68	4	$	ś	guarded_dollar_to_sacute	ken; vgl. 1///$ $/27///7.	guarded_dollar_scan	low	defer	artifact_or_numeric_noise	0	Dollar token lacks a clean alphabetic Tibetan-transliteration shape.
corrected_text_scan	wts_35_51	826	68	5	$	ś	guarded_dollar_to_sacute	ken; vgl. 1///$ $/27///7.	guarded_dollar_scan	low	defer	artifact_or_numeric_noise	0	Dollar token lacks a clean alphabetic Tibetan-transliteration shape.
corrected_text_scan	wts_35_51	827	33	12	9$	9ś	guarded_dollar_to_sacute	1. mit dem Kopf nach unten, vgl. [4/7// /5/7//9$	guarded_dollar_scan	low	defer	artifact_or_numeric_noise	0	Dollar token lacks a clean alphabetic Tibetan-transliteration shape.
corrected_text_scan	wts_35_51	828	50	2	$	ś	guarded_dollar_to_sacute	༄ DDInG $, VII).	guarded_dollar_scan	low	defer	artifact_or_numeric_noise	0	Dollar token lacks a clean alphabetic Tibetan-transliteration shape.
corrected_text_scan	wts_35_51	831	20	7	$	ś	guarded_dollar_to_sacute	"pe der Weisheit!"" (K95 172a1); de ///$ kyi las"	guarded_dollar_scan	low	defer	artifact_or_numeric_noise	0	Dollar token lacks a clean alphabetic Tibetan-transliteration shape.
corrected_text_scan	wts_35_51	832	78	3	$	ś	guarded_dollar_to_sacute	"mtbo ris $// ni — byed pa (metr.) ""sie zichen"	guarded_dollar_scan	low	defer	artifact_or_numeric_noise	0	Dollar token lacks a clean alphabetic Tibetan-transliteration shape.
corrected_text_scan	wts_35_51	833	57	1	$	ś	guarded_dollar_to_sacute	"སཿ $ Vaters"" (Nel 666"	guarded_dollar_scan	low	defer	artifact_or_numeric_noise	0	Dollar token lacks a clean alphabetic Tibetan-transliteration shape.
corrected_text_scan	wts_35_51	833	90	6	$	ś	guarded_dollar_to_sacute	"(r. spras) la gnod pa $// ""wenn irgendjemand"	guarded_dollar_scan	low	defer	artifact_or_numeric_noise	0	Dollar token lacks a clean alphabetic Tibetan-transliteration shape.
corrected_text_scan	wts_35_51	834	39	7	$	ś	guarded_dollar_to_sacute	cig byun bar 'dod pa yan $?7/7? pos dben pa	guarded_dollar_scan	low	defer	artifact_or_numeric_noise	0	Dollar token lacks a clean alphabetic Tibetan-transliteration shape.
corrected_text_scan	wts_35_51	836	70	1	$0	ś0	guarded_dollar_to_sacute	"$0 7 skye bos mon sum gyi — min ""das ist"	guarded_dollar_scan	low	defer	artifact_or_numeric_noise	0	Dollar token lacks a clean alphabetic Tibetan-transliteration shape.
corrected_text_scan	wts_35_51	841	23	3	$0	ś0	guarded_dollar_to_sacute	"khag so $0 7 spyi dam re — nas ""den als Diener"	guarded_dollar_scan	low	defer	artifact_or_numeric_noise	0	Dollar token lacks a clean alphabetic Tibetan-transliteration shape.
corrected_text_scan	wts_35_51	842	25	4	$	ś	guarded_dollar_to_sacute	སྤྲས་ spras pf. zu ། '$/077/ schmücken, verzieren;	guarded_dollar_scan	low	defer	artifact_or_numeric_noise	0	Dollar token lacks a clean alphabetic Tibetan-transliteration shape.
corrected_text_scan	wts_35_51	846	67	2	$	ś	guarded_dollar_to_sacute	Maray $/?77// gi myu gu Bez. für Regen	guarded_dollar_scan	low	defer	artifact_or_numeric_noise	0	Dollar token lacks a clean alphabetic Tibetan-transliteration shape.
corrected_text_scan	wts_35_51	846	74	1	$	ś	guarded_dollar_to_sacute	— ... $?7/? mo ma la ya can 07/7 khyim thab	guarded_dollar_scan	low	defer	artifact_or_numeric_noise	0	Dollar token lacks a clean alphabetic Tibetan-transliteration shape.
corrected_text_scan	wts_35_51	849	10	4	$	ś	guarded_dollar_to_sacute	SCHUH 2012: 1464 $. ¥ — can.	guarded_dollar_scan	low	defer	artifact_or_numeric_noise	0	Dollar token lacks a clean alphabetic Tibetan-transliteration shape.
corrected_text_scan	wts_35_51	849	37	2	$	ś	guarded_dollar_to_sacute	1464 $. v. sprin las rnam rgyal.	guarded_dollar_scan	low	defer	artifact_or_numeric_noise	0	Dollar token lacks a clean alphabetic Tibetan-transliteration shape.
corrected_text_scan	wts_35_51	853	22	7	0$	0ś	guarded_dollar_to_sacute	"wie der Dharmakāya"" (AA 1.17b); rigs 0$////?"	guarded_dollar_scan	low	defer	artifact_or_numeric_noise	0	Dollar token lacks a clean alphabetic Tibetan-transliteration shape.
corrected_text_scan	wts_35_51	854	64	6	$11111	ś11111	guarded_dollar_to_sacute	Paar, wird der Sohn Ye-śes $11111-])(), eine In-	guarded_dollar_scan	low	defer	artifact_or_numeric_noise	0	Dollar token lacks a clean alphabetic Tibetan-transliteration shape.
corrected_text_scan	wts_35_51	857	72	5	$	ś	guarded_dollar_to_sacute	"verbreitend"" (Vmst 73b); 50///$ ma — ༡༩༩"	guarded_dollar_scan	low	defer	artifact_or_numeric_noise	0	Dollar token lacks a clean alphabetic Tibetan-transliteration shape.
corrected_text_scan	wts_35_51	860	5	7	$	ś	guarded_dollar_to_sacute	"""SCHRS MO la an (b Da) ; $ gi: , j"	guarded_dollar_scan	low	defer	artifact_or_numeric_noise	0	Dollar token lacks a clean alphabetic Tibetan-transliteration shape.
corrected_text_scan	wts_35_51	862	54	6	$	ś	guarded_dollar_to_sacute	"'phro bar chug cig ""setz ©$ fort!"""	guarded_dollar_scan	low	defer	artifact_or_numeric_noise	0	Dollar token lacks a clean alphabetic Tibetan-transliteration shape.
corrected_text_scan	wts_35_51	868	32	5	$	ś	guarded_dollar_to_sacute	yan lag brgyad pa' $/7/)7 po bsdus pa slob	guarded_dollar_scan	low	defer	artifact_or_numeric_noise	0	Dollar token lacks a clean alphabetic Tibetan-transliteration shape.
corrected_text_scan	wts_35_51	869	64	9	$5	ś5	guarded_dollar_to_sacute	myan tsen cun dan / — po mu gsen /7/$5 m	guarded_dollar_scan	low	defer	artifact_or_numeric_noise	0	Dollar token lacks a clean alphabetic Tibetan-transliteration shape.
corrected_text_scan	wts_35_51	872	10	6	$	ś	guarded_dollar_to_sacute	"der Eltern"" (Nagdel 41,16); ///$ bskyed drin"	guarded_dollar_scan	low	defer	artifact_or_numeric_noise	0	Dollar token lacks a clean alphabetic Tibetan-transliteration shape.
corrected_text_scan	wts_35_51	872	13	6	$5	ś5	guarded_dollar_to_sacute	(#Z41-Sn 100,33); — 0/7/$5 kyi dkar dinar yin	guarded_dollar_scan	low	defer	artifact_or_numeric_noise	0	Dollar token lacks a clean alphabetic Tibetan-transliteration shape.
corrected_text_scan	wts_35_51	874	46	2	$	ś	guarded_dollar_to_sacute	"~~ / phyogs $// ""in Richtung des Berges, der"	guarded_dollar_scan	low	defer	artifact_or_numeric_noise	0	Dollar token lacks a clean alphabetic Tibetan-transliteration shape.
corrected_text_scan	wts_35_51	879	56	2	$750	ś750	guarded_dollar_to_sacute	"men"" ($750 243)."	guarded_dollar_scan	low	defer	artifact_or_numeric_noise	0	Dollar token lacks a clean alphabetic Tibetan-transliteration shape.
corrected_text_scan	wts_35_51	890	5	4	$	ś	guarded_dollar_to_sacute	"khyu ba 077/$ ... — snad cin smas pa ""zwei"	guarded_dollar_scan	low	defer	artifact_or_numeric_noise	0	Dollar token lacks a clean alphabetic Tibetan-transliteration shape.
corrected_text_scan	wts_35_51	890	74	5	9$	9ś	guarded_dollar_to_sacute	Ze sdan la 7//9$ par gzigs = anyonyavivāda-	guarded_dollar_scan	low	defer	artifact_or_numeric_noise	0	Dollar token lacks a clean alphabetic Tibetan-transliteration shape.
corrected_text_scan	wts_35_51	892	68	5	$	ś	guarded_dollar_to_sacute	"ma ben 0/7/$ thog smad beu 0/7/5 — (metr.) ""er"	guarded_dollar_scan	low	defer	artifact_or_numeric_noise	0	Dollar token lacks a clean alphabetic Tibetan-transliteration shape.
corrected_text_scan	wts_35_51	894	35	6	$777	ś777	guarded_dollar_to_sacute	"ken übertreffen"" (Vmst 1145); char $777/ rl"	guarded_dollar_scan	low	defer	artifact_or_numeric_noise	0	Dollar token lacks a clean alphabetic Tibetan-transliteration shape.
corrected_text_scan	wts_35_51	895	56	5	$	ś	guarded_dollar_to_sacute	"bskum du yod pa' ... ///$ ""der Körper, der zum"	guarded_dollar_scan	low	defer	artifact_or_numeric_noise	0	Dollar token lacks a clean alphabetic Tibetan-transliteration shape.
corrected_text_scan	wts_35_51	897	11	3	$	ś	guarded_dollar_to_sacute	"bstan pa' $/7//7 po — don du ger ba ""jene,"	guarded_dollar_scan	low	defer	artifact_or_numeric_noise	0	Dollar token lacks a clean alphabetic Tibetan-transliteration shape.
corrected_text_scan	wts_35_51	900	25	6	$	ś	guarded_dollar_to_sacute	85,11); — gyis ma 4©$ 'ga' Zig gis śes na'an ...	guarded_dollar_scan	low	defer	artifact_or_numeric_noise	0	Dollar token lacks a clean alphabetic Tibetan-transliteration shape.
corrected_text_scan	wts_35_51	901	60	5	$	ś	guarded_dollar_to_sacute	Lex. phas bsu (v.l. $//) ba = pratyudyanam	guarded_dollar_scan	low	defer	artifact_or_numeric_noise	0	Dollar token lacks a clean alphabetic Tibetan-transliteration shape.
corrected_text_scan	wts_35_51	907	80	1	$77	ś77	guarded_dollar_to_sacute	"$77//7 nas 'dud (metr.) ""ich verneige mich von"	guarded_dollar_scan	low	defer	artifact_or_numeric_noise	0	Dollar token lacks a clean alphabetic Tibetan-transliteration shape.
corrected_text_scan	wts_35_51	910	32	1	$77	ś77	guarded_dollar_to_sacute	$77//) du Zugs pa' sinyon pa de / van la	guarded_dollar_scan	low	defer	artifact_or_numeric_noise	0	Dollar token lacks a clean alphabetic Tibetan-transliteration shape.
corrected_text_scan	wts_35_51	911	19	1	$	ś	guarded_dollar_to_sacute	"/// $/)//775 pas na — ""weil es zusammen auf-"	guarded_dollar_scan	low	defer	artifact_or_numeric_noise	0	Dollar token lacks a clean alphabetic Tibetan-transliteration shape.
corrected_text_scan	wts_35_51	912	44	2	$	ś	guarded_dollar_to_sacute	Lex. ///$ kyi min (brDa, Dagy).	guarded_dollar_scan	low	defer	artifact_or_numeric_noise	0	Dollar token lacks a clean alphabetic Tibetan-transliteration shape.
corrected_text_scan	wts_35_51	914	34	4	$	ś	guarded_dollar_to_sacute	(Scdr 216,4); $/0//?/ rgyan ... nor bu dan beas	guarded_dollar_scan	low	defer	artifact_or_numeric_noise	0	Dollar token lacks a clean alphabetic Tibetan-transliteration shape.
corrected_text_scan	wts_35_51	914	73	5	$	ś	guarded_dollar_to_sacute	de bag yans su ($)00 — /)(/7 phru ma brdzi	guarded_dollar_scan	low	defer	artifact_or_numeric_noise	0	Dollar token lacks a clean alphabetic Tibetan-transliteration shape.
corrected_text_scan	wts_35_51	918	57	6	$	ś	guarded_dollar_to_sacute	pbun sum tshogs 2 bkra $ pa lta bu (Dagy).	guarded_dollar_scan	low	defer	artifact_or_numeric_noise	0	Dollar token lacks a clean alphabetic Tibetan-transliteration shape.
corrected_text_scan	wts_35_51	925	31	8	$	ś	guarded_dollar_to_sacute	"Schulung zu beenden"" (Prav 154,17); res $//"	guarded_dollar_scan	low	defer	artifact_or_numeric_noise	0	Dollar token lacks a clean alphabetic Tibetan-transliteration shape.
corrected_text_scan	wts_35_51	935	45	2	77$	77ś	guarded_dollar_to_sacute	ru / {?}//77$ chun tsbad las ma phod (metr.)	guarded_dollar_scan	low	defer	artifact_or_numeric_noise	0	Dollar token lacks a clean alphabetic Tibetan-transliteration shape.
corrected_text_scan	wts_35_51	937	19	8	$	ś	guarded_dollar_to_sacute	rga yan chad ji la man chad $/0// mkhar gyi	guarded_dollar_scan	low	defer	artifact_or_numeric_noise	0	Dollar token lacks a clean alphabetic Tibetan-transliteration shape.
corrected_text_scan	wts_35_51	942	73	8	$7	ś7	guarded_dollar_to_sacute	"und des Penis"" (Ahs 14.54); rked pa $7//? nn"	guarded_dollar_scan	low	defer	artifact_or_numeric_noise	0	Dollar token lacks a clean alphabetic Tibetan-transliteration shape.
corrected_text_scan	wts_35_51	949	78	8	$	ś	guarded_dollar_to_sacute	"an ihn nicht heran"" (Rgs 5.9d); rjes $// mthun"	guarded_dollar_scan	low	defer	artifact_or_numeric_noise	0	Dollar token lacks a clean alphabetic Tibetan-transliteration shape.
corrected_text_scan	wts_35_51	950	52	9	$	ś	guarded_dollar_to_sacute	dbu ru la ston sde beu 0/7/$ yod ste...	guarded_dollar_scan	low	defer	artifact_or_numeric_noise	0	Dollar token lacks a clean alphabetic Tibetan-transliteration shape.
corrected_text_scan	wts_35_51	954	47	1	$	ś	guarded_dollar_to_sacute	$/0//37/ skum ohne Abdruck, zweitens 'or or	guarded_dollar_scan	low	defer	artifact_or_numeric_noise	0	Dollar token lacks a clean alphabetic Tibetan-transliteration shape.
corrected_text_scan	wts_35_51	955	36	9	$	ś	guarded_dollar_to_sacute	"meinem Penis"" (KunK 33,12); chos royal 07//$"	guarded_dollar_scan	low	defer	artifact_or_numeric_noise	0	Dollar token lacks a clean alphabetic Tibetan-transliteration shape.
corrected_text_scan	wts_35_51	955	62	9	$	ś	guarded_dollar_to_sacute	(Mvy 310); bzens /?7/// du ma bind par — /?//$	guarded_dollar_scan	low	defer	artifact_or_numeric_noise	0	Dollar token lacks a clean alphabetic Tibetan-transliteration shape.
corrected_text_scan	wts_35_51	958	18	9	$	ś	guarded_dollar_to_sacute	"dhi der Mahämudrä"" (Tär 150,22); /7//7/?$ len"	guarded_dollar_scan	low	defer	artifact_or_numeric_noise	0	Dollar token lacks a clean alphabetic Tibetan-transliteration shape.
corrected_text_scan	wts_35_51	959	41	9	$	ś	guarded_dollar_to_sacute	171,21); bstan pa'i ?7)) Ings Sar phyogs $// yod	guarded_dollar_scan	low	defer	artifact_or_numeric_noise	0	Dollar token lacks a clean alphabetic Tibetan-transliteration shape.
corrected_text_scan	wts_35_51	960	50	1	$07	ś07	guarded_dollar_to_sacute	"$07/?) thag fie / bkol bde / — dmar ""sie sind"	guarded_dollar_scan	low	defer	artifact_or_numeric_noise	0	Dollar token lacks a clean alphabetic Tibetan-transliteration shape.
corrected_text_scan	wts_35_51	961	61	1	$77	ś77	guarded_dollar_to_sacute	"$77/93 ma ""Abfall"" (brDa); — pa = pāamsukāli-"	guarded_dollar_scan	low	defer	artifact_or_numeric_noise	0	Dollar token lacks a clean alphabetic Tibetan-transliteration shape.
corrected_text_scan	wts_35_51	962	70	4	$	ś	guarded_dollar_to_sacute	"Sucandra!"" (Śambh 4462); ~$ gsuns pa'igsan"	guarded_dollar_scan	low	defer	artifact_or_numeric_noise	0	Dollar token lacks a clean alphabetic Tibetan-transliteration shape.
corrected_text_scan	wts_35_51	967	53	6	$	ś	guarded_dollar_to_sacute	"einzigartigen Arzt"" (Ahs 1.1.1d); phyag ""$"	guarded_dollar_scan	low	defer	artifact_or_numeric_noise	0	Dollar token lacks a clean alphabetic Tibetan-transliteration shape.
corrected_text_scan	wts_35_51	968	52	9	$	ś	guarded_dollar_to_sacute	"sde srid — rim byon gyi lo rgpus res $// ""gemäß"	guarded_dollar_scan	low	defer	artifact_or_numeric_noise	0	Dollar token lacks a clean alphabetic Tibetan-transliteration shape.
corrected_text_scan	wts_35_51	972	4	8	$	ś	guarded_dollar_to_sacute	bdag gis phyag ma (v.). —) blans nas $// ...	guarded_dollar_scan	low	defer	artifact_or_numeric_noise	0	Dollar token lacks a clean alphabetic Tibetan-transliteration shape.
corrected_text_scan	wts_35_51	974	14	3	$	ś	guarded_dollar_to_sacute	SWTF 1.100 $. v. krta.	guarded_dollar_scan	low	defer	artifact_or_numeric_noise	0	Dollar token lacks a clean alphabetic Tibetan-transliteration shape.
corrected_text_scan	wts_35_51	974	52	8	$	ś	guarded_dollar_to_sacute	Lex. gos kyi bye brag (brDa); phyani [$ = gos	guarded_dollar_scan	low	defer	artifact_or_numeric_noise	0	Dollar token lacks a clean alphabetic Tibetan-transliteration shape.
corrected_text_scan	wts_35_51	975	18	7	$	ś	guarded_dollar_to_sacute	2: 353,3); Zal dkar (7//($) rta kha phyir bskor	guarded_dollar_scan	low	defer	artifact_or_numeric_noise	0	Dollar token lacks a clean alphabetic Tibetan-transliteration shape.
corrected_text_scan	wts_35_51	980	38	4	$	ś	guarded_dollar_to_sacute	de 9/7/$ phyi de nin par 'phral (r. dpral) 775	guarded_dollar_scan	low	defer	artifact_or_numeric_noise	0	Dollar token lacks a clean alphabetic Tibetan-transliteration shape.
corrected_text_scan	wts_35_51	983	20	4	$	ś	guarded_dollar_to_sacute	"cadran bäin 0)//($) chod cin ""alle inneren und"	guarded_dollar_scan	low	defer	artifact_or_numeric_noise	0	Dollar token lacks a clean alphabetic Tibetan-transliteration shape.
corrected_text_scan	wts_35_51	983	67	7	$	ś	guarded_dollar_to_sacute	"Muslime in Äryadesa"" (Śambh 1933); — 97/$"	guarded_dollar_scan	low	defer	artifact_or_numeric_noise	0	Dollar token lacks a clean alphabetic Tibetan-transliteration shape.
corrected_text_scan	wts_35_51	986	7	6	$	ś	guarded_dollar_to_sacute	"dat nan bon 9/7/$ yod par grags Sin ""es heißt,"	guarded_dollar_scan	low	defer	artifact_or_numeric_noise	0	Dollar token lacks a clean alphabetic Tibetan-transliteration shape.
corrected_text_scan	wts_35_51	987	17	7	$	ś	guarded_dollar_to_sacute	de yi slob ma tshul /]/))77//$ 'bum — ste ... sgo	guarded_dollar_scan	low	defer	artifact_or_numeric_noise	0	Dollar token lacks a clean alphabetic Tibetan-transliteration shape.
corrected_text_scan	wts_35_51	987	42	6	$	ś	guarded_dollar_to_sacute	"196d); ""dir bdag mi yi ///$ thob nas / —r smon"	guarded_dollar_scan	low	defer	artifact_or_numeric_noise	0	Dollar token lacks a clean alphabetic Tibetan-transliteration shape.
corrected_text_scan	wts_35_51	988	6	5	$5	ś5	guarded_dollar_to_sacute	"la sta ma 07/$5 0/7/5 dnan pa yin no ""von"	guarded_dollar_scan	low	defer	artifact_or_numeric_noise	0	Dollar token lacks a clean alphabetic Tibetan-transliteration shape.
corrected_text_scan	wts_35_51	988	25	3	$	ś	guarded_dollar_to_sacute	Lex. — Sos = $?7/7 ma ma yin rjes ma'ami phyi	guarded_dollar_scan	low	defer	artifact_or_numeric_noise	0	Dollar token lacks a clean alphabetic Tibetan-transliteration shape.
corrected_text_scan	wts_35_51	989	50	2	$	ś	guarded_dollar_to_sacute	"Lex. $/)?7/77 po'am phyir /7/// phyin pa ""Better"	guarded_dollar_scan	low	defer	artifact_or_numeric_noise	0	Dollar token lacks a clean alphabetic Tibetan-transliteration shape.
corrected_text_scan	wts_35_51	991	59	9	$	ś	guarded_dollar_to_sacute	"ben!"" (Rgs 3 1. 100) war du yons $// tshol la —"	guarded_dollar_scan	low	defer	artifact_or_numeric_noise	0	Dollar token lacks a clean alphabetic Tibetan-transliteration shape.
corrected_text_scan	wts_35_51	992	32	5	$	ś	guarded_dollar_to_sacute	— dbyin cir 07///7 {$ ) sa mchogt{s} nas mthar	guarded_dollar_scan	low	defer	artifact_or_numeric_noise	0	Dollar token lacks a clean alphabetic Tibetan-transliteration shape.
corrected_text_scan	wts_35_51	993	46	2	$	ś	guarded_dollar_to_sacute	Lex. — $// = nan du ma yin pbyi rol tn ha bu	guarded_dollar_scan	low	defer	artifact_or_numeric_noise	0	Dollar token lacks a clean alphabetic Tibetan-transliteration shape.
corrected_text_scan	wts_35_51	995	26	2	$	ś	guarded_dollar_to_sacute	0///$ /0?// /////1).	guarded_dollar_scan	low	defer	artifact_or_numeric_noise	0	Dollar token lacks a clean alphabetic Tibetan-transliteration shape.
corrected_text_scan	wts_35_51	998	16	5	$	ś	guarded_dollar_to_sacute	DENE phyin sari Nchin $:7/7.	guarded_dollar_scan	low	defer	artifact_or_numeric_noise	0	Dollar token lacks a clean alphabetic Tibetan-transliteration shape.
corrected_text_scan	wts_35_51	998	33	11	$	ś	guarded_dollar_to_sacute	"ces pa'i don te ""dto rgyab mi phyid sbyon: i. $, v."	guarded_dollar_scan	low	defer	artifact_or_numeric_noise	0	Dollar token lacks a clean alphabetic Tibetan-transliteration shape.
corrected_text_scan	wts_35_51	999	54	8	$	ś	guarded_dollar_to_sacute	"men war"" (Debm 2235); bred nas nags $// —"	guarded_dollar_scan	low	defer	artifact_or_numeric_noise	0	Dollar token lacks a clean alphabetic Tibetan-transliteration shape.
corrected_text_scan	wts_35_51	1001	71	2	$7777	ś7777	guarded_dollar_to_sacute	"rgyani $7777 pa yin no ""mit der vollkommenen"	guarded_dollar_scan	low	defer	artifact_or_numeric_noise	0	Dollar token lacks a clean alphabetic Tibetan-transliteration shape.
corrected_text_scan	wts_35_51	1002	47	7	$	ś	guarded_dollar_to_sacute	— nor bu len par spro ba $// ya //// 'byun	guarded_dollar_scan	low	defer	artifact_or_numeric_noise	0	Dollar token lacks a clean alphabetic Tibetan-transliteration shape.
corrected_text_scan	wts_35_51	1004	4	7	$	ś	guarded_dollar_to_sacute	— yani / sems can dinyal ba rnamis $// ... gnas	guarded_dollar_scan	low	defer	artifact_or_numeric_noise	0	Dollar token lacks a clean alphabetic Tibetan-transliteration shape.
corrected_text_scan	wts_35_51	1006	5	2	$	ś	guarded_dollar_to_sacute	Zo $ chen po phul ba'i ~ / bka drin	guarded_dollar_scan	low	defer	artifact_or_numeric_noise	0	Dollar token lacks a clean alphabetic Tibetan-transliteration shape.
corrected_text_scan	wts_35_51	1007	45	6	$	ś	guarded_dollar_to_sacute	2. Abbitte leisten, vgl. SWTF $, v. pratzsam-	guarded_dollar_scan	low	defer	artifact_or_numeric_noise	0	Dollar token lacks a clean alphabetic Tibetan-transliteration shape.
corrected_text_scan	wts_35_51	1008	54	4	$	ś	guarded_dollar_to_sacute	"so so' /////? ba — $// 'jug pa dan ""er veranlaßte"	guarded_dollar_scan	low	defer	artifact_or_numeric_noise	0	Dollar token lacks a clean alphabetic Tibetan-transliteration shape.
corrected_text_scan	wts_35_51	1014	36	7	$	ś	guarded_dollar_to_sacute	religiösen Lehren usw, vgl. BHSD 48 $. v.	guarded_dollar_scan	low	defer	artifact_or_numeric_noise	0	Dollar token lacks a clean alphabetic Tibetan-transliteration shape.
corrected_text_scan	wts_35_51	1018	85	4	$	ś	guarded_dollar_to_sacute	"[pa]r '(3'/[/) ]$ pas ""weil man später das Zu-"	guarded_dollar_scan	low	defer	artifact_or_numeric_noise	0	Dollar token lacks a clean alphabetic Tibetan-transliteration shape.
corrected_text_scan	wts_35_51	1018	90	1	$	ś	guarded_dollar_to_sacute	$°: je	guarded_dollar_scan	low	defer	artifact_or_numeric_noise	0	Dollar token lacks a clean alphabetic Tibetan-transliteration shape.
corrected_text_scan	wts_35_51	1020	14	2	$	ś	guarded_dollar_to_sacute	(Nachtr. $. v. ani-pra-skadya, -skandya).	guarded_dollar_scan	low	defer	artifact_or_numeric_noise	0	Dollar token lacks a clean alphabetic Tibetan-transliteration shape.
corrected_text_scan	wts_35_51	1021	56	4	09$	09ś	guarded_dollar_to_sacute	(Bu-śz. 42,10); //09$ — lan gsum stioms pas	guarded_dollar_scan	low	defer	artifact_or_numeric_noise	0	Dollar token lacks a clean alphabetic Tibetan-transliteration shape.
corrected_text_scan	wts_35_51	1026	13	6	$77	ś77	guarded_dollar_to_sacute	"rgyal sar — ba'i dus tsbod $77/75 sam ""ist es"	guarded_dollar_scan	low	defer	artifact_or_numeric_noise	0	Dollar token lacks a clean alphabetic Tibetan-transliteration shape.
corrected_text_scan	wts_35_51	1027	54	10	$	ś	guarded_dollar_to_sacute	"tor zum Sterben öffnen"" (Nagdel 71,2); 9/7/$"	guarded_dollar_scan	low	defer	artifact_or_numeric_noise	0	Dollar token lacks a clean alphabetic Tibetan-transliteration shape.
corrected_text_scan	wts_35_51	1027	82	7	$	ś	guarded_dollar_to_sacute	yani rus pa' dra ba las / ©$ rab mtshon gyis	guarded_dollar_scan	low	defer	artifact_or_numeric_noise	0	Dollar token lacks a clean alphabetic Tibetan-transliteration shape.
corrected_text_scan	wts_35_51	1027	91	7	$	ś	guarded_dollar_to_sacute	3. unterscheiden, analysieren, darlegen; 0/7/$	guarded_dollar_scan	low	defer	artifact_or_numeric_noise	0	Dollar token lacks a clean alphabetic Tibetan-transliteration shape.
corrected_text_scan	wts_35_51	1029	58	8	$1	ś1	guarded_dollar_to_sacute	"dhe gu dan (metr.) ""Pulver, Pillen und $1-"	guarded_dollar_scan	low	defer	artifact_or_numeric_noise	0	Dollar token lacks a clean alphabetic Tibetan-transliteration shape.
corrected_text_scan	wts_35_51	1033	75	4	$	ś	guarded_dollar_to_sacute	unterdrückt wurden, kommt $ zu Verstop-	guarded_dollar_scan	low	defer	artifact_or_numeric_noise	0	Dollar token lacks a clean alphabetic Tibetan-transliteration shape.
corrected_text_scan	wts_35_51	1034	26	3	$	ś	guarded_dollar_to_sacute	"open"" (ebd. $, v. phyo sans)."	guarded_dollar_scan	low	defer	artifact_or_numeric_noise	0	Dollar token lacks a clean alphabetic Tibetan-transliteration shape.
corrected_text_scan	wts_35_51	1034	34	5	$	ś	guarded_dollar_to_sacute	zu, in Richtung von; — $// nach, zu; gyen —	guarded_dollar_scan	low	defer	artifact_or_numeric_noise	0	Dollar token lacks a clean alphabetic Tibetan-transliteration shape.
corrected_text_scan	wts_35_51	1034	42	8	$	ś	guarded_dollar_to_sacute	526); dpe geig gtsigs sa ma dan — $// ... bäag	guarded_dollar_scan	low	defer	artifact_or_numeric_noise	0	Dollar token lacks a clean alphabetic Tibetan-transliteration shape.
corrected_text_scan	wts_35_51	1034	80	1	$	ś	guarded_dollar_to_sacute	"$// rkyan phyag ston mdzad ""er vollzog tau-"	guarded_dollar_scan	low	defer	artifact_or_numeric_noise	0	Dollar token lacks a clean alphabetic Tibetan-transliteration shape.
corrected_text_scan	wts_35_51	1034	84	5	$	ś	guarded_dollar_to_sacute	"pa mams la gñis — $// ja chan bsams nas ""den"	guarded_dollar_scan	low	defer	artifact_or_numeric_noise	0	Dollar token lacks a clean alphabetic Tibetan-transliteration shape.
corrected_text_scan	wts_35_51	1036	46	5	$	ś	guarded_dollar_to_sacute	"Grenzgebieten"" (Ś8212 49); // 3//// — $// mchi"	guarded_dollar_scan	low	defer	artifact_or_numeric_noise	0	Dollar token lacks a clean alphabetic Tibetan-transliteration shape.
corrected_text_scan	wts_35_51	1037	5	2	$	ś	guarded_dollar_to_sacute	"nag — $// ..thub bstan rnam rgyal ""in der Re-"	guarded_dollar_scan	low	defer	artifact_or_numeric_noise	0	Dollar token lacks a clean alphabetic Tibetan-transliteration shape.
corrected_text_scan	wts_35_51	1037	12	5	$	ś	guarded_dollar_to_sacute	(MTH3/5/17 12); $)7/ mo ru 'tsbams ~ su sku	guarded_dollar_scan	low	defer	artifact_or_numeric_noise	0	Dollar token lacks a clean alphabetic Tibetan-transliteration shape.
corrected_text_scan	wts_35_51	1037	90	7	$	ś	guarded_dollar_to_sacute	postpos. wie — /a mit Hinblick auf, — $// ge-	guarded_dollar_scan	low	defer	artifact_or_numeric_noise	0	Dollar token lacks a clean alphabetic Tibetan-transliteration shape.
corrected_text_scan	wts_35_51	1038	49	1	73'09$	73'09ś	guarded_dollar_to_sacute	ཕྱོགས་ '//73'09$	guarded_dollar_scan	low	defer	artifact_or_numeric_noise	0	Dollar token lacks a clean alphabetic Tibetan-transliteration shape.
corrected_text_scan	wts_35_51	1041	38	3	$7	ś7	guarded_dollar_to_sacute	"Lex. phyogs $7//777 byed ñi ma'i min ""Bez. für"	guarded_dollar_scan	low	defer	artifact_or_numeric_noise	0	Dollar token lacks a clean alphabetic Tibetan-transliteration shape.
corrected_text_scan	wts_35_51	1044	56	7	$	ś	guarded_dollar_to_sacute	"gen davon"" (Anav 1: 78,11); $¢ dan me dan"	guarded_dollar_scan	low	defer	artifact_or_numeric_noise	0	Dollar token lacks a clean alphabetic Tibetan-transliteration shape.
corrected_text_scan	wts_35_51	1045	51	7	$	ś	guarded_dollar_to_sacute	"dan — mams su gihis 0/7/$ te (metr.) ""je zwei"	guarded_dollar_scan	low	defer	artifact_or_numeric_noise	0	Dollar token lacks a clean alphabetic Tibetan-transliteration shape.
corrected_text_scan	wts_35_51	1046	25	3	$	ś	guarded_dollar_to_sacute	lo ?10///$ bsres pa Niog ༡700) po dag yod pa la	guarded_dollar_scan	low	defer	artifact_or_numeric_noise	0	Dollar token lacks a clean alphabetic Tibetan-transliteration shape.
corrected_text_scan	wts_35_51	1046	56	1	$	ś	guarded_dollar_to_sacute	"$// (metr.) ""in die vier Himmelsrichtungen"	guarded_dollar_scan	low	defer	artifact_or_numeric_noise	0	Dollar token lacks a clean alphabetic Tibetan-transliteration shape.
corrected_text_scan	wts_35_51	1049	20	1	$	ś	guarded_dollar_to_sacute	$?/:077 Zen (v. gen) balthod can gyis phya dan emäx: pl 7: 0707) Lohan ofen 2	guarded_dollar_scan	low	defer	artifact_or_numeric_noise	0	Dollar token lacks a clean alphabetic Tibetan-transliteration shape.
corrected_text_scan	wts_35_51	1049	53	9	$	ś	guarded_dollar_to_sacute	"med"" (gZer 755,5); 07/5 bsos pa ///($?) — dmu"	guarded_dollar_scan	low	defer	artifact_or_numeric_noise	0	Dollar token lacks a clean alphabetic Tibetan-transliteration shape.
corrected_text_scan	wts_35_51	1052	35	8	7$	7ś	guarded_dollar_to_sacute	"fänglichem"" (brDa); stobs śugs dan ron ?// 0/7$"	guarded_dollar_scan	low	defer	artifact_or_numeric_noise	0	Dollar token lacks a clean alphabetic Tibetan-transliteration shape.
corrected_text_scan	wts_35_51	1054	84	7	$	ś	guarded_dollar_to_sacute	"rtsa sum ci rtsa 0/7/$ po 'di mans ""abhedyi,"	guarded_dollar_scan	low	defer	artifact_or_numeric_noise	0	Dollar token lacks a clean alphabetic Tibetan-transliteration shape.
corrected_text_scan	wts_35_51	1055	75	9	$	ś	guarded_dollar_to_sacute	(ThK 2: 533,6); bskal chen bye ba $/0/? — dpag	guarded_dollar_scan	low	defer	artifact_or_numeric_noise	0	Dollar token lacks a clean alphabetic Tibetan-transliteration shape.
corrected_text_scan	wts_35_51	1056	35	8	$	ś	guarded_dollar_to_sacute	83b7); ston gsum breya — ben yi rdul $/70/	guarded_dollar_scan	low	defer	artifact_or_numeric_noise	0	Dollar token lacks a clean alphabetic Tibetan-transliteration shape.
corrected_text_scan	wts_35_51	1061	89	10	$	ś	guarded_dollar_to_sacute	8); dge rgyim Ü}phran bu las chos 027/$ sogs	guarded_dollar_scan	low	defer	artifact_or_numeric_noise	0	Dollar token lacks a clean alphabetic Tibetan-transliteration shape.
corrected_text_scan	wts_35_51	1064	8	3	$	ś	guarded_dollar_to_sacute	"tsbon — re $/?/7 thog 'gro [lan 'dug pafs] ""von"	guarded_dollar_scan	low	defer	artifact_or_numeric_noise	0	Dollar token lacks a clean alphabetic Tibetan-transliteration shape.
corrected_text_scan	wts_35_51	1064	16	3	$	ś	guarded_dollar_to_sacute	2010: 143 $. ¥, pratse).	guarded_dollar_scan	low	defer	artifact_or_numeric_noise	0	Dollar token lacks a clean alphabetic Tibetan-transliteration shape.
corrected_text_scan	wts_35_51	1066	73	2	$	ś	guarded_dollar_to_sacute	"0//$ bskyans pas (metr.) ""weil die Dharma-"	guarded_dollar_scan	low	defer	artifact_or_numeric_noise	0	Dollar token lacks a clean alphabetic Tibetan-transliteration shape.
corrected_text_scan	wts_35_51	1068	30	7	$	ś	guarded_dollar_to_sacute	Otsban ra' stani (r. stern) die... $/77 /?0 7 kba gru	guarded_dollar_scan	low	defer	artifact_or_numeric_noise	0	Dollar token lacks a clean alphabetic Tibetan-transliteration shape.
corrected_text_scan	wts_35_51	1069	46	5	$	ś	guarded_dollar_to_sacute	ma mo ni khra $ 'tshal / 'ur prug ni thali	guarded_dollar_scan	low	defer	artifact_or_numeric_noise	0	Dollar token lacks a clean alphabetic Tibetan-transliteration shape.
corrected_text_scan	wts_35_51	1071	37	4	$	ś	guarded_dollar_to_sacute	"Lex. 70 snod $/7/05$ (r.smyig?) ma ""Joghurtge-"	guarded_dollar_scan	low	defer	artifact_or_numeric_noise	0	Dollar token lacks a clean alphabetic Tibetan-transliteration shape.
corrected_text_scan	wts_35_51	1071	37	6	05$	05ś	guarded_dollar_to_sacute	"Lex. 70 snod $/7/05$ (r.smyig?) ma ""Joghurtge-"	guarded_dollar_scan	low	defer	artifact_or_numeric_noise	0	Dollar token lacks a clean alphabetic Tibetan-transliteration shape.
corrected_text_scan	wts_35_51	1074	14	2	$	ś	guarded_dollar_to_sacute	"khrims $?7/?? po ""was die Kette seiner Inkarna-"	guarded_dollar_scan	low	defer	artifact_or_numeric_noise	0	Dollar token lacks a clean alphabetic Tibetan-transliteration shape.
corrected_text_scan	wts_35_51	1076	17	4	$	ś	guarded_dollar_to_sacute	"Lex. 0/7/$ su 'bral dgos na — cig ""wenn et-"	guarded_dollar_scan	low	defer	artifact_or_numeric_noise	0	Dollar token lacks a clean alphabetic Tibetan-transliteration shape.
corrected_text_scan	wts_35_51	1077	72	5	$	ś	guarded_dollar_to_sacute	Ibo phyogs ryal po — / $/0// indog ser po ... ral	guarded_dollar_scan	low	defer	artifact_or_numeric_noise	0	Dollar token lacks a clean alphabetic Tibetan-transliteration shape.
corrected_text_scan	wts_35_51	1078	45	5	$7	ś7	guarded_dollar_to_sacute	— thugs rje chen pos $7//? rje'Tthugs kyis mthon	guarded_dollar_scan	low	defer	artifact_or_numeric_noise	0	Dollar token lacks a clean alphabetic Tibetan-transliteration shape.
corrected_text_scan	wts_35_51	1082	81	4	70$6	70ś6	guarded_dollar_to_sacute	འཕགས་ཡུལ་ ''phags Kurzf. für '/)/?(70$6 pa'	guarded_dollar_scan	low	defer	artifact_or_numeric_noise	0	Dollar token lacks a clean alphabetic Tibetan-transliteration shape.
corrected_text_scan	wts_35_51	1084	20	5	$	ś	guarded_dollar_to_sacute	"thog gis (977 phyogs $// — bas ""indem man"	guarded_dollar_scan	low	defer	artifact_or_numeric_noise	0	Dollar token lacks a clean alphabetic Tibetan-transliteration shape.
corrected_text_scan	wts_35_51	1092	30	8	$777	ś777	guarded_dollar_to_sacute	"in das Land Abhirati"" (Tär 205,3); $777/ mo ..."	guarded_dollar_scan	low	defer	artifact_or_numeric_noise	0	Dollar token lacks a clean alphabetic Tibetan-transliteration shape.
corrected_text_scan	wts_35_51	1093	35	7	$	ś	guarded_dollar_to_sacute	2. addieren; vgl Schun 2012: 1477, $. v. phul	guarded_dollar_scan	low	defer	artifact_or_numeric_noise	0	Dollar token lacks a clean alphabetic Tibetan-transliteration shape.
corrected_text_scan	wts_35_51	1095	62	7	$	ś	guarded_dollar_to_sacute	zessin, laß deine Freude zunehmen (1, $, v.	guarded_dollar_scan	low	defer	artifact_or_numeric_noise	0	Dollar token lacks a clean alphabetic Tibetan-transliteration shape.
corrected_text_scan	wts_35_51	1096	46	9	$	ś	guarded_dollar_to_sacute	kyan Idem rgyan nem nur yid 0/7/$ man po	guarded_dollar_scan	low	defer	artifact_or_numeric_noise	0	Dollar token lacks a clean alphabetic Tibetan-transliteration shape.
corrected_text_scan	wts_35_51	1098	26	4	$	ś	guarded_dollar_to_sacute	"62,7); skabs $// yul la — byed (metr.) ""von"	guarded_dollar_scan	low	defer	artifact_or_numeric_noise	0	Dollar token lacks a clean alphabetic Tibetan-transliteration shape.
corrected_text_scan	wts_35_51	1099	47	3	$	ś	guarded_dollar_to_sacute	vädins gibt ©$ sieben [Schulen]: die Müla-	guarded_dollar_scan	low	defer	artifact_or_numeric_noise	0	Dollar token lacks a clean alphabetic Tibetan-transliteration shape.
corrected_text_scan	wts_35_51	1100	50	2	$	ś	guarded_dollar_to_sacute	"yons $// spon bar byed ""einige micden ihn aus"	guarded_dollar_scan	low	defer	artifact_or_numeric_noise	0	Dollar token lacks a clean alphabetic Tibetan-transliteration shape.
corrected_text_scan	wts_35_51	1101	50	1	$	ś	guarded_dollar_to_sacute	"$// myani Zes pa la rgyal sa — pa yin no ""da-"	guarded_dollar_scan	low	defer	artifact_or_numeric_noise	0	Dollar token lacks a clean alphabetic Tibetan-transliteration shape.
corrected_text_scan	wts_35_51	1101	52	9	$	ś	guarded_dollar_to_sacute	(Debm 1233); a khu shar gyi khani 07/$ — pa'i	guarded_dollar_scan	low	defer	artifact_or_numeric_noise	0	Dollar token lacks a clean alphabetic Tibetan-transliteration shape.
corrected_text_scan	wts_35_51	1105	17	3	$	ś	guarded_dollar_to_sacute	BHSD 518 $. v. vyäseka.	guarded_dollar_scan	low	defer	artifact_or_numeric_noise	0	Dollar token lacks a clean alphabetic Tibetan-transliteration shape.
corrected_text_scan	wts_35_51	1107	20	4	$	ś	guarded_dollar_to_sacute	Scnun 2012: 1477 $. ¥, 'phyis pa.	guarded_dollar_scan	low	defer	artifact_or_numeric_noise	0	Dollar token lacks a clean alphabetic Tibetan-transliteration shape.
corrected_text_scan	wts_35_51	1107	28	9	$	ś	guarded_dollar_to_sacute	"Lex. — pa = nor ba'i don bya byed ""1. $, v. sich"	guarded_dollar_scan	low	defer	artifact_or_numeric_noise	0	Dollar token lacks a clean alphabetic Tibetan-transliteration shape.
corrected_text_scan	wts_35_51	1108	50	4	$	ś	guarded_dollar_to_sacute	"bu ""wie 1, $, ¥, sich bewegen"" (Dagy); — ba"	guarded_dollar_scan	low	defer	artifact_or_numeric_noise	0	Dollar token lacks a clean alphabetic Tibetan-transliteration shape.
corrected_text_scan	wts_35_51	1108	72	1	$	ś	guarded_dollar_to_sacute	"~$ mdo don stor ba skyon yod ""weil du weit"	guarded_dollar_scan	low	defer	artifact_or_numeric_noise	0	Dollar token lacks a clean alphabetic Tibetan-transliteration shape.
corrected_text_scan	wts_35_51	1110	25	10	$	ś	guarded_dollar_to_sacute	"mit den Füßen stoßen"" (Käsy 229, 11); go 77/$"	guarded_dollar_scan	low	defer	artifact_or_numeric_noise	0	Dollar token lacks a clean alphabetic Tibetan-transliteration shape.
corrected_text_scan	wts_35_51	1112	35	1	$00	ś00	guarded_dollar_to_sacute	"$00)/5 dga’ la nam phug ph ""diese Reden"	guarded_dollar_scan	low	defer	artifact_or_numeric_noise	0	Dollar token lacks a clean alphabetic Tibetan-transliteration shape.
corrected_text_scan	wts_35_51	1114	58	7	$	ś	guarded_dollar_to_sacute	de ltar 'gren dud 0/7/$ la / — gis kyi bka' drin	guarded_dollar_scan	low	defer	artifact_or_numeric_noise	0	Dollar token lacks a clean alphabetic Tibetan-transliteration shape.
corrected_text_scan	wts_35_51	1115	1	2	$	ś	guarded_dollar_to_sacute	"འཕྲས་ ""//7¢/$"	guarded_dollar_scan	low	defer	artifact_or_numeric_noise	0	Dollar token lacks a clean alphabetic Tibetan-transliteration shape.
corrected_text_scan	wts_35_51	1115	24	2	$	ś	guarded_dollar_to_sacute	1478 $. ¥, 'phri ba.	guarded_dollar_scan	low	defer	artifact_or_numeric_noise	0	Dollar token lacks a clean alphabetic Tibetan-transliteration shape.
corrected_text_scan	wts_35_51	1126	35	5	$	ś	guarded_dollar_to_sacute	ldan 'das kyi spyan $?7/7)ˆ dam tshig bcas nas	guarded_dollar_scan	low	defer	artifact_or_numeric_noise	0	Dollar token lacks a clean alphabetic Tibetan-transliteration shape.
corrected_text_scan	wts_35_51	1127	44	6	$	ś	guarded_dollar_to_sacute	"ließen"" (Scdr 631,1); Zag %/$ — la 'gor ""wir ha-"	guarded_dollar_scan	low	defer	artifact_or_numeric_noise	0	Dollar token lacks a clean alphabetic Tibetan-transliteration shape.
