volume	page	line	token_index	tibetan_syllable	current_dotted_token	provenance_class	source_token_or_tokens	correction_reason	correction_evidence	context_excerpt
wts_35_51	1	50	2	འོང	oṅ	base_ocr_dotted	oṅ	no_release_change_introduced_current_dotted_token	authoritative_base_ocr	ད་འོང་ drod 'oṅ auch drod 'oṅs, drod 'oṅs dus
wts_35_51	6	45	1	གདང	gdaṅ	base_ocr_dotted	gdaṅ	no_release_change_introduced_current_dotted_token	authoritative_base_ocr	གདང་བུ་ gdaṅ bu
wts_35_51	6	52	1	གདང	gdaṅ	base_ocr_dotted	gdaṅ	no_release_change_introduced_current_dotted_token	authoritative_base_ocr	གདང་ 'gdaṅ pf. Igdans aufreißen, öffnen, aus-
wts_35_51	6	65	1	གདང	gdaṅ	unknown	gdañ	ambiguous_change_or_token_position		གདང་ཁ་ gdaṅ kha îgdaṅ ga.
wts_35_51	6	66	1	གདང	ggdaṅ	base_ocr_dotted	ggdaṅ	no_release_change_introduced_current_dotted_token	authoritative_base_ocr	གདང་ག་ ggdaṅ ga khba Leitersprosse,
wts_35_51	6	80	1	གདང	gdaṅ	base_ocr_dotted	gdaṅ	no_release_change_introduced_current_dotted_token	authoritative_base_ocr	"གདང་བུ་ gdaṅ bu auch rdan bu ""Treppenstufe,"
wts_35_51	7	1	1	གདང	gdaṅ	base_ocr_dotted	gdaṅ	no_release_change_introduced_current_dotted_token	authoritative_base_ocr	གདང་ཡས་ gdaṅ yas
wts_35_51	7	7	1	གདང	gdaṅ	base_ocr_dotted	gdaṅ	no_release_change_introduced_current_dotted_token	authoritative_base_ocr	གདང་ཡས་ gdaṅ yas Tgtad yas.
wts_35_51	7	8	1	གདང	ggdaṅ	base_ocr_dotted	ggdaṅ	no_release_change_introduced_current_dotted_token	authoritative_base_ocr	གདང་རྭ་ ggdaṅ Gehege.
wts_35_51	7	11	1	གདངས	gdaṅs	base_ocr_dotted	gdaṅs	no_release_change_introduced_current_dotted_token	authoritative_base_ocr	གདངས་ 'gdaṅs Klang, Ton, Intonation; Melo-
wts_35_51	7	38	1	གདངས	gdaṅs	google_adopted	gdans	alternate_witness_google_loc_nasal_upgrade	alternate_witness_adoption	"གདངས་ ""gdaṅs pf. zu 1'gdan aufreißen, 6[[-"
wts_35_51	7	43	1	གདངས	gdaṅs	base_ocr_dotted	gdaṅs	no_release_change_introduced_current_dotted_token	authoritative_base_ocr	གདངས་སྙན་ gdaṅs sñan
wts_35_51	7	76	1	དངས	gdaṅs	base_ocr_dotted	gdaṅs	no_release_change_introduced_current_dotted_token	authoritative_base_ocr	དངས་སྙན་ gdaṅs sfian.
wts_35_51	9	41	2	དྲངས	draṅs	base_ocr_dotted	draṅs	no_release_change_introduced_current_dotted_token	authoritative_base_ocr	གདན་དྲངས་ gdan draṅs
wts_35_51	10	1	2	དྲོངས	droṅs	base_ocr_dotted	droṅs	no_release_change_introduced_current_dotted_token	authoritative_base_ocr	གདན་དྲོངས་ gdan droṅs
wts_35_51	10	11	2	དྲོངས	droṅs	base_ocr_dotted	droṅs	no_release_change_introduced_current_dotted_token	authoritative_base_ocr	གདན་དྲོངས་ gdan droṅs imp. zu Igdan 'dren
wts_35_51	17	7	1	གདིང	gdiṅ	base_ocr_dotted	gdiṅ	no_release_change_introduced_current_dotted_token	authoritative_base_ocr	གདིང་ gdiṅ fut. zu l'dir ausbreiten.
wts_35_51	17	18	1	གདིང	gdiṅ	base_ocr_dotted	gdiṅ	no_release_change_introduced_current_dotted_token	authoritative_base_ocr	གདིང་བ་ gdiṅ ba.
wts_35_51	17	35	1	གདིང	gdiṅ	base_ocr_dotted	gdiṅ	no_release_change_introduced_current_dotted_token	authoritative_base_ocr	གདིང་བ་ལས་གྱར་པ་ gdiṅ ba las gyur pa ein Ver-
wts_35_51	19	35	5	སྲིང	sriṅ	base_ocr_dotted	sriṅ	no_release_change_introduced_current_dotted_token	authoritative_base_ocr	གདུག་པ་ཅན་གྱི་སྲིང་མོ་ gdug pa can gyi sriṅ mo
wts_35_51	21	2	2	ཁང	khaṅ	base_ocr_dotted	khaṅ	no_release_change_introduced_current_dotted_token	authoritative_base_ocr	གདུགས་ཁང་ gdugs khaṅ Tdugs khani
wts_35_51	21	42	1	གདུང	gduṅ	base_ocr_dotted	gduṅ	no_release_change_introduced_current_dotted_token	authoritative_base_ocr	གདུང་ 'gduṅ
wts_35_51	22	1	1	གདུང	gduṅ	base_ocr_dotted	gduṅ	no_release_change_introduced_current_dotted_token	authoritative_base_ocr	གདུང་ 'gduṅ
wts_35_51	22	48	1	གདུང	gduṅ	base_ocr_dotted	gduṅ	no_release_change_introduced_current_dotted_token	authoritative_base_ocr	གདུང་ 'gduṅ
wts_35_51	24	18	1	གདུང	gduṅ	base_ocr_dotted	gduṅ	no_release_change_introduced_current_dotted_token	authoritative_base_ocr	གདུང་སྐྱོབ་ gduṅ skyob Sonnenschirm.
wts_35_51	24	20	1	གདུང	gduṅ	base_ocr_dotted	gduṅ	no_release_change_introduced_current_dotted_token	authoritative_base_ocr	གདུང་ཁང་ gduṅ khaṅ Reliquienbehälter, Tem-
wts_35_51	24	20	2	ཁང	khaṅ	base_ocr_dotted	khaṅ	no_release_change_introduced_current_dotted_token	authoritative_base_ocr	གདུང་ཁང་ gduṅ khaṅ Reliquienbehälter, Tem-
wts_35_51	24	32	1	གདུང	gduṅ	base_ocr_dotted	gduṅ	no_release_change_introduced_current_dotted_token	authoritative_base_ocr	གདུང་ཁེབས་ gduṅ khebs Abdeckbalken [über
wts_35_51	24	39	1	གདུང	gduṅ	base_ocr_dotted	gduṅ	no_release_change_introduced_current_dotted_token	authoritative_base_ocr	གདུང་རྒྱལ་བཙན་པོ་ gduṅ rgyal btsan po npr. ein
wts_35_51	24	42	1	གདུང	gduṅ	base_ocr_dotted	gduṅ	no_release_change_introduced_current_dotted_token	authoritative_base_ocr	གདུང་བརྒྱུད་ gduṅ brgyud
wts_35_51	24	44	1	གདུང	gduṅ	base_ocr_dotted	gduṅ	no_release_change_introduced_current_dotted_token	authoritative_base_ocr	གདུང་སྒྲོམ་ gduṅ sgrom Sarg.
wts_35_51	24	46	1	གདུང	gduṅ	unknown	gdun	ambiguous_change_or_token_position		གདུང་བརྒྱུད་ gduṅ breynd auch gduṅ rgynd.
wts_35_51	25	1	1	གདུང	gduṅ	base_ocr_dotted	gduṅ	no_release_change_introduced_current_dotted_token	authoritative_base_ocr	གདུང་ཆོག་ gduṅ chog
wts_35_51	25	6	1	གདུང	gduṅ	base_ocr_dotted	gduṅ	no_release_change_introduced_current_dotted_token	authoritative_base_ocr	གདུང་ཆག་ gduṅ chog eine Totenzeremonie
wts_35_51	25	8	1	གདུང	gduṅ	base_ocr_dotted	gduṅ	no_release_change_introduced_current_dotted_token	authoritative_base_ocr	གདུང་ཏལ་མ་ gduṅ talma Raum ohne Pfeiler.
wts_35_51	25	13	1	གདུང	gduṅ	base_ocr_dotted	gduṅ	no_release_change_introduced_current_dotted_token	authoritative_base_ocr	གདུང་རྟེན gduṅ rten i Reliquienbehälter, Reli-
wts_35_51	25	34	1	གདུང	gduṅ	base_ocr_dotted	gduṅ	no_release_change_introduced_current_dotted_token	authoritative_base_ocr	གདུང་ལྡན་ gduṅ ldan Dynastie.
wts_35_51	25	37	1	གདུང	gduṅ	base_ocr_dotted	gduṅ	no_release_change_introduced_current_dotted_token	authoritative_base_ocr	གདུང་བའི་འོད་འབྱིན་ gduṅ ba'i 'od 'byin Bez. für
wts_35_51	25	40	1	གདུང	gduṅ	base_ocr_dotted	gduṅ	no_release_change_introduced_current_dotted_token	authoritative_base_ocr	གདུང་འཛིན་ gduṅ dam
wts_35_51	26	1	1	གདུང	gduṅ	base_ocr_dotted	gduṅ	no_release_change_introduced_current_dotted_token	authoritative_base_ocr	གདུང་རབས་ gduṅ rabs
wts_35_51	26	2	1	གདུང	gduṅ	base_ocr_dotted	gduṅ	no_release_change_introduced_current_dotted_token	authoritative_base_ocr	གདུང་རབས་ gduṅ rabs Generation, Abfolge,
wts_35_51	26	37	1	ང	gduṅ	base_ocr_dotted	gduṅ	no_release_change_introduced_current_dotted_token	authoritative_base_ocr	ང་རབསྲ་དང་ gduṅ rabs rgyud Gencerations-
wts_35_51	26	46	1	གདུང	gduṅ	base_ocr_dotted	gduṅ	no_release_change_introduced_current_dotted_token	authoritative_base_ocr	གདུང་སེམས་ gduṅ sems
wts_35_51	26	54	1	གདུང	gduṅ	base_ocr_dotted	gduṅ	no_release_change_introduced_current_dotted_token	authoritative_base_ocr	གདུང་རུས་ gduṅ rus.
wts_35_51	26	79	1	གདུང	gduṅ	base_ocr_dotted	gduṅ	no_release_change_introduced_current_dotted_token	authoritative_base_ocr	གདུང་ཤུགས་ gduṅ sugs heftige Liebe.
wts_35_51	26	83	1	གདུང	gduṅ	base_ocr_dotted	gduṅ	no_release_change_introduced_current_dotted_token	authoritative_base_ocr	གདུང་སེམས་ gduṅ sems Liebe; — can leiden-
wts_35_51	27	1	1	གདུངས	gduṅs	base_ocr_dotted	gduṅs	no_release_change_introduced_current_dotted_token	authoritative_base_ocr	གདུངས་ gduṅs
wts_35_51	27	8	1	གདུངས	gduṅs	base_ocr_dotted	gduṅs	no_release_change_introduced_current_dotted_token	authoritative_base_ocr	གདུངས་ gduṅs pf. zu Igdion.
wts_35_51	30	1	1	གདེང	gdeṅ	base_ocr_dotted	gdeṅ	no_release_change_introduced_current_dotted_token	authoritative_base_ocr	གདེང་ 'gdeṅ
wts_35_51	30	2	1	གདེང	gdeṅ	base_ocr_dotted	gdeṅ	no_release_change_introduced_current_dotted_token	authoritative_base_ocr	གདེང་ 'gdeṅ auch gdens.
wts_35_51	30	44	1	གདེངས	gdeṅs	base_ocr_dotted	gdeṅs	no_release_change_introduced_current_dotted_token	authoritative_base_ocr	གདེངས་ gdeṅs
wts_35_51	30	45	1	གདེང	gdeṅ	base_ocr_dotted	gdeṅ	no_release_change_introduced_current_dotted_token	authoritative_base_ocr	གདེང་ཀ་ gdeṅ ka Igdens ha.
wts_35_51	30	46	1	གདེང	gdeṅ	base_ocr_dotted	gdeṅ	no_release_change_introduced_current_dotted_token	authoritative_base_ocr	གདེང་ཁེལ་ gdeṅ khel Gewißheit, Sicherheit.
wts_35_51	30	54	1	གདེང	gdeṅ	base_ocr_dotted	gdeṅ	no_release_change_introduced_current_dotted_token	authoritative_base_ocr	གདེང་ཅན་ gdeṅ can Igdens can
wts_35_51	30	55	1	གདེང	gdeṅ	base_ocr_dotted	gdeṅ	no_release_change_introduced_current_dotted_token	authoritative_base_ocr	གདེང་ཐུབ་ gdeṅ thub erkennen, beurteilen.
wts_35_51	30	58	1	གདེང	gdeṅ	base_ocr_dotted	gdeṅ	no_release_change_introduced_current_dotted_token	authoritative_base_ocr	གདེང་ཐོབ་ gdeṅ thob auch gdens thob sicher
wts_35_51	30	68	1	གདེང	gdeṅ	unknown	gden	ambiguous_change_or_token_position		གདེང་ཚད་ gdeṅ tshad auch gdeṅ tsbod Zuver-
wts_35_51	30	75	1	གདེངས	ggdeṅs	base_ocr_dotted	ggdeṅs	no_release_change_introduced_current_dotted_token	authoritative_base_ocr	གདེངས་ ggdeṅs bzw. pf. zu T'gdenr erhe-
wts_35_51	31	1	1	གདེངས	gdeṅs	base_ocr_dotted	gdeṅs	no_release_change_introduced_current_dotted_token	authoritative_base_ocr	གདེངས་ཀ་ gdeṅs ka
wts_35_51	31	8	1	གདེངས	gdeṅs	base_ocr_dotted	gdeṅs	no_release_change_introduced_current_dotted_token	authoritative_base_ocr	གདེངས་ཀ་ gdeṅs ka auch gdens, gden ka
wts_35_51	31	36	1	གདེངས	gdeṅs	base_ocr_dotted	gdeṅs	no_release_change_introduced_current_dotted_token	authoritative_base_ocr	གདེངས་ཀ་ཅན་ gdeṅs Ra can Bez. für Schlange
wts_35_51	31	39	1	གདེངས	gdeṅs	base_ocr_dotted	gdeṅs	no_release_change_introduced_current_dotted_token	authoritative_base_ocr	གདེངས་ཀ་ཆེན་པོ་ gdeṅs ka chen po npr. ein Nā-
wts_35_51	31	41	1	གདེངས	gdeṅs	base_ocr_dotted	gdeṅs	no_release_change_introduced_current_dotted_token	authoritative_base_ocr	གདེངས་ཅན་བདག་པོ་ gdeṅs can bdag po
wts_35_51	32	1	1	གདེངས	gdeṅs	base_ocr_dotted	gdeṅs	no_release_change_introduced_current_dotted_token	authoritative_base_ocr	གདེངས་ཅན་འདྲེན་པ་ gdeṅs can 'dren pa
wts_35_51	32	2	1	གདེངས	gdeṅs	base_ocr_dotted	gdeṅs	no_release_change_introduced_current_dotted_token	authoritative_base_ocr	གདེངས་ཅན་འདྲེན་པ་ gdeṅs can 'dren pa Bez. für
wts_35_51	32	5	1	དེངས	gdeṅs	base_ocr_dotted	gdeṅs	no_release_change_introduced_current_dotted_token	authoritative_base_ocr	དེངས་ཅན་དྲབང་པོ་ gdeṅs can dbaṅ po Bez. für
wts_35_51	32	5	3	དྲབང	dbaṅ	base_ocr_dotted	dbaṅ	no_release_change_introduced_current_dotted_token	authoritative_base_ocr	དེངས་ཅན་དྲབང་པོ་ gdeṅs can dbaṅ po Bez. für
wts_35_51	32	9	1	གདེངས	gdeṅs	base_ocr_dotted	gdeṅs	no_release_change_introduced_current_dotted_token	authoritative_base_ocr	གདེངས་ཅན་ལྔ་མོ་ gdeṅs can lha mo Bez. für das
wts_35_51	32	12	1	གདེངས	gdeṅs	base_ocr_dotted	gdeṅs	no_release_change_introduced_current_dotted_token	authoritative_base_ocr	གདེངས་ཐོབ་ gdeṅs thob Tgden thob.
wts_35_51	33	1	1	གདོང	edoṅ	base_ocr_dotted	edoṅ	no_release_change_introduced_current_dotted_token	authoritative_base_ocr	གདོང་ 'edoṅ
wts_35_51	33	48	1	གདོང	gdoṅ	base_ocr_dotted	gdoṅ	no_release_change_introduced_current_dotted_token	authoritative_base_ocr	གདོང་ཁྱིའི་ལྟ་བུ་ gdoṅ khyvi lta bu
wts_35_51	34	1	1	གདོང	gdoṅ	base_ocr_dotted	gdoṅ	no_release_change_introduced_current_dotted_token	authoritative_base_ocr	གདོང་གི་ཕྲེང་བ་ gdoṅ gi phreṅ ba
wts_35_51	34	1	3	ཕྲེང	phreṅ	base_ocr_dotted	phreṅ	no_release_change_introduced_current_dotted_token	authoritative_base_ocr	གདོང་གི་ཕྲེང་བ་ gdoṅ gi phreṅ ba
wts_35_51	34	2	1	གདོང	gdoṅ	base_ocr_dotted	gdoṅ	no_release_change_introduced_current_dotted_token	authoritative_base_ocr	གདོང་གི་ཕྲེང་བ་ gdoṅ gi phreṅ ba Beiname
wts_35_51	34	2	3	ཕྲེང	phreṅ	base_ocr_dotted	phreṅ	no_release_change_introduced_current_dotted_token	authoritative_base_ocr	གདོང་གི་ཕྲེང་བ་ gdoṅ gi phreṅ ba Beiname
wts_35_51	34	5	1	གདོང	gdoṅ	base_ocr_dotted	gdoṅ	no_release_change_introduced_current_dotted_token	authoritative_base_ocr	གདོང་འགྲམ་ gdoṅ 'gram vordere Wange.
wts_35_51	34	17	1	གདོང	gdoṅ	base_ocr_dotted	gdoṅ	no_release_change_introduced_current_dotted_token	authoritative_base_ocr	གདོང་ངོ་འཚལ་ gdoṅ no 'tshal erkennen.
wts_35_51	34	21	1	གདོང	gdoṅ	base_ocr_dotted	gdoṅ	no_release_change_introduced_current_dotted_token	authoritative_base_ocr	གདོང་ལྔ་པ་ gdoṅ lṅa pa.
wts_35_51	34	28	1	གདོང	ggdoṅ	base_ocr_dotted	ggdoṅ	no_release_change_introduced_current_dotted_token	authoritative_base_ocr	གདོང་ཅན་གཉིས་ ggdoṅ can zwei Gottheiten
wts_35_51	34	33	1	གདང	gdoṅ	base_ocr_dotted	gdoṅ	no_release_change_introduced_current_dotted_token	authoritative_base_ocr	གདང་བཅུ་པ་ gdoṅ beu pa Beiname Rävanas.
wts_35_51	34	36	1	གདོང	gdoṅ	base_ocr_dotted	gdoṅ	no_release_change_introduced_current_dotted_token	authoritative_base_ocr	གདོང་ཆུག་ gdoṅ chug unmittelbar danach,
wts_35_51	34	41	1	གདོང	gdoṅ	base_ocr_dotted	gdoṅ	no_release_change_introduced_current_dotted_token	authoritative_base_ocr	གདོང་འདྲེ་ gdoṅ 'dre
wts_35_51	34	42	1	གདོང	gdoṅ	base_ocr_dotted	gdoṅ	no_release_change_introduced_current_dotted_token	authoritative_base_ocr	གདོང་ཆུང་ gdoṅ chuṅ.
wts_35_51	34	42	2	ཆུང	chuṅ	reviewed_exact_final_ng	chun	reviewed_tibetan_exact_script_ng_witness	tibetan_script_chung_cross_volume_batch_20260719	གདོང་ཆུང་ gdoṅ chuṅ.
wts_35_51	34	51	1	གདོང	gdoṅ	base_ocr_dotted	gdoṅ	no_release_change_introduced_current_dotted_token	authoritative_base_ocr	གདོང་མཇུག་ gdoṅ mjng die beiden Mondkno-
wts_35_51	34	55	1	གདོང	gdoṅ	base_ocr_dotted	gdoṅ	no_release_change_introduced_current_dotted_token	authoritative_base_ocr	གདོང་ཐུག་ gdoṅ thug Begegnung, Zusammen-
wts_35_51	34	61	1	གདོང	gdoṅ	base_ocr_dotted	gdoṅ	no_release_change_introduced_current_dotted_token	authoritative_base_ocr	གདོང་དྲུག་ gdoṅ drug auch — pa.
wts_35_51	34	79	1	གདོང	gdoṅ	base_ocr_dotted	gdoṅ	no_release_change_introduced_current_dotted_token	authoritative_base_ocr	གདོང་འདྲེ་ gdoṅ 'dre cin Dämon.
wts_35_51	35	1	1	གདོང	gdoṅ	base_ocr_dotted	gdoṅ	no_release_change_introduced_current_dotted_token	authoritative_base_ocr	གདོང་ལྡོག་ gdoṅ ldog
wts_35_51	35	2	1	གདོང	gdoṅ	base_ocr_dotted	gdoṅ	no_release_change_introduced_current_dotted_token	authoritative_base_ocr	གདོང་ལྡོག་ gdoṅ Idog umkehren.
wts_35_51	35	8	1	གདང	gdoṅ	base_ocr_dotted	gdoṅ	no_release_change_introduced_current_dotted_token	authoritative_base_ocr	"གདང་བསྡུས་པ་ gdoṅ bsdus pa ""mit zusammen-"
wts_35_51	35	12	1	གདོང	gdoṅ	base_ocr_dotted	gdoṅ	no_release_change_introduced_current_dotted_token	authoritative_base_ocr	གདོང་སྣ་ gdoṅ sna Bergnase.
wts_35_51	35	16	1	གདོང	gdoṅ	base_ocr_dotted	gdoṅ	no_release_change_introduced_current_dotted_token	authoritative_base_ocr	གདོང་པ་ gdoṅ pa Schnabel.
wts_35_51	35	19	1	གདོང	gdoṅ	base_ocr_dotted	gdoṅ	no_release_change_introduced_current_dotted_token	authoritative_base_ocr	གདོང་ཕྱིས་ gdoṅ phyis kleines Handtuch, Ta-
wts_35_51	35	22	1	གདོང	gdoṅ	base_ocr_dotted	gdoṅ	no_release_change_introduced_current_dotted_token	authoritative_base_ocr	གདོང་ཕྲད་ gdoṅ phrad mit jmdm. zusammen-
wts_35_51	35	29	1	གདོང	gdoṅ	base_ocr_dotted	gdoṅ	no_release_change_introduced_current_dotted_token	authoritative_base_ocr	"གདོང་མང་ gdoṅ maṅ ""vielgesichtig"", npr. der"
wts_35_51	35	29	2	མང	maṅ	base_ocr_dotted	maṅ	no_release_change_introduced_current_dotted_token	authoritative_base_ocr	"གདོང་མང་ gdoṅ maṅ ""vielgesichtig"", npr. der"
wts_35_51	35	32	1	གདོང	gdoṅ	base_ocr_dotted	gdoṅ	no_release_change_introduced_current_dotted_token	authoritative_base_ocr	གདོང་མོ་ gdoṅ mo Kreuzbein.
wts_35_51	35	34	1	གདོང	gdoṅ	base_ocr_dotted	gdoṅ	no_release_change_introduced_current_dotted_token	authoritative_base_ocr	གདོང་བཞི་ gdoṅ bźi
wts_35_51	35	36	1	གདོང	gdoṅ	base_ocr_dotted	gdoṅ	no_release_change_introduced_current_dotted_token	authoritative_base_ocr	གདོང་དམར་མ་ gdoṅ dmar ma npr. cine Gott.
wts_35_51	35	52	1	གདོང	gdoṅ	base_ocr_dotted	gdoṅ	no_release_change_introduced_current_dotted_token	authoritative_base_ocr	གདོང་ཚན་ཅན་ gdoṅ tshan can schamlos, unver-
wts_35_51	35	58	1	གདོང	gdoṅ	base_ocr_dotted	gdoṅ	no_release_change_introduced_current_dotted_token	authoritative_base_ocr	གདོང་བཞི་ gdoṅ bäi.
wts_35_51	36	3	1	གདོང	gdoṅ	base_ocr_dotted	gdoṅ	no_release_change_introduced_current_dotted_token	authoritative_base_ocr	གདོང་བློག་ gdoṅ zlog Zurücktreibung.
wts_35_51	36	10	1	གདོང	gdoṅ	base_ocr_dotted	gdoṅ	no_release_change_introduced_current_dotted_token	authoritative_base_ocr	གདོང་གཡོ་བ་ gdoṅ g.yo ba eine Krankheit, Ge-
wts_35_51	36	16	1	གདོང	gdoṅ	base_ocr_dotted	gdoṅ	no_release_change_introduced_current_dotted_token	authoritative_base_ocr	གདོང་ལེན gdoṅ len entgegengehen, vorausge-
wts_35_51	36	22	1	གདོངས	gdoṅs	base_ocr_dotted	gdoṅs	no_release_change_introduced_current_dotted_token	authoritative_base_ocr	གདོངས་ gdoṅs Stallvieh.
wts_35_51	54	34	2	དབང	dbaṅ	base_ocr_dotted	dbaṅ	no_release_change_introduced_current_dotted_token	authoritative_base_ocr	བདག་དབང་ bdag dbaṅ Unabhāngigkeit, Cha-
wts_35_51	56	50	2	བཟུང	bzuṅ	base_ocr_dotted	bzuṅ	no_release_change_introduced_current_dotted_token	authoritative_base_ocr	བདག་བཟུང་ bdag bzuṅ Aneignung.
wts_35_51	56	67	3	བྱུང	byuṅ	base_ocr_dotted	byuṅ	no_release_change_introduced_current_dotted_token	authoritative_base_ocr	བདག་ལས་བྱུང་ bdag las byuṅ Beiname Māras byw des Liebespottes.
wts_35_51	57	21	1	བདང	bdaṅ	base_ocr_dotted	bdaṅ	no_release_change_introduced_current_dotted_token	authoritative_base_ocr	བདང་ཡས་ bdaṅ yas Tgtad yas.
wts_35_51	60	21	3	ཤིང	siṅ	base_ocr_dotted	siṅ	no_release_change_introduced_current_dotted_token	authoritative_base_ocr	བདུག་སྤོས་ཤིང་ cng spos siṅ Bez. für Wachol-
wts_35_51	60	45	1	བདུངས	bduṅs	base_ocr_dotted	bduṅs	no_release_change_introduced_current_dotted_token	authoritative_base_ocr	བདུངས་ bduṅs
wts_35_51	63	57	4	གདོང	gdoṅ	base_ocr_dotted	gdoṅ	no_release_change_introduced_current_dotted_token	authoritative_base_ocr	བདད་རམགྲོན་སྡེར་གདོང་ bdud mgon sen gdoṅ npr.
wts_35_51	64	44	3	སྟོང	stoṅ	base_ocr_dotted	stoṅ	no_release_change_introduced_current_dotted_token	authoritative_base_ocr	བདུད་རྗེ་སྟོང་བདུད་ bdud rje stoṅ bdud npr. eine
wts_35_51	65	59	5	གུང	guṅ	base_ocr_dotted	guṅ	no_release_change_introduced_current_dotted_token	authoritative_base_ocr	བདུད་པོ་བྱེ་བ་གུང་རིང་ bdud po bye ba guṅ riṅ
wts_35_51	65	59	6	རིང	riṅ	base_ocr_dotted	riṅ	no_release_change_introduced_current_dotted_token	authoritative_base_ocr	བདུད་པོ་བྱེ་བ་གུང་རིང་ bdud po bye ba guṅ riṅ
wts_35_51	65	78	5	འགོང	goṅ	base_ocr_dotted	goṅ	no_release_change_introduced_current_dotted_token	authoritative_base_ocr	བདུད་ཕོ་རེ་ཏི་འགོང་ཡག་ bdud pho re ti 'goṅ yag
wts_35_51	66	41	3	སེང	seṅ	base_ocr_dotted	seṅ	no_release_change_introduced_current_dotted_token	authoritative_base_ocr	བདང་མོ་སེང་གའོང་་་ bdud mo seṅ gdoṅ
wts_35_51	66	41	4	གའོང	gdoṅ	base_ocr_dotted	gdoṅ	no_release_change_introduced_current_dotted_token	authoritative_base_ocr	བདང་མོ་སེང་གའོང་་་ bdud mo seṅ gdoṅ
wts_35_51	66	66	4	ལངས	laṅs	base_ocr_dotted	laṅs	no_release_change_introduced_current_dotted_token	authoritative_base_ocr	བདུད་མོ་རོ་ལངས་མ་ bdud mo ro laṅs ma
wts_35_51	68	45	3	འབྱུང	byuṅ	base_ocr_dotted	byuṅ	no_release_change_introduced_current_dotted_token	authoritative_base_ocr	བདུད་རྩི་འབྱུང་གནས་ bdud rtsi byuṅ gnas
wts_35_51	68	71	5	ལུང	Tuṅ	base_ocr_dotted	Tuṅ	no_release_change_introduced_current_dotted_token	authoritative_base_ocr	བདུད་རྩི་བུམ་པའི་ལུང་ bdud risi bum pa'i Tuṅ
wts_35_51	68	78	3	འབྱུང	byuṅ	base_ocr_dotted	byuṅ	no_release_change_introduced_current_dotted_token	authoritative_base_ocr	བདུད་རྩི་འབྱུང་གནས་ baud rtsi byuṅ gnas npr.
wts_35_51	69	44	3	ཁང	khaṅ	base_ocr_dotted	khaṅ	no_release_change_introduced_current_dotted_token	authoritative_base_ocr	བདད་རྩེའི་ཁང་པ་ bdud resi'i khaṅ pa Bez. für
wts_35_51	69	58	3	སྙིང	siṅ	base_ocr_dotted	siṅ	no_release_change_introduced_current_dotted_token	authoritative_base_ocr	"བདུད་རྩིའི་སྙིང་པོ་ bald rs siṅ po ""Essenz des"
wts_35_51	70	44	3	སྐྱེངས	skyeṅs	base_ocr_dotted	skyeṅs	no_release_change_introduced_current_dotted_token	authoritative_base_ocr	བདུད་ལ་སྐྱེངས་ bdud la skyeṅs
wts_35_51	73	7	2	སྟོང	stoṅ	base_ocr_dotted	stoṅ	no_release_change_introduced_current_dotted_token	authoritative_base_ocr	བདུན་སྟོང་ bdun stoṅ sicbentausend,
wts_35_51	79	4	2	སྐྱོང	skyoṅ	base_ocr_dotted	skyoṅ	no_release_change_introduced_current_dotted_token	authoritative_base_ocr	བདེ་སྐྱོང་ bde skyoṅ Bez. für Schädel oder Schä-
wts_35_51	79	13	2	གླིང	gliṅ	unknown	glin	ambiguous_change_or_token_position		བདེ་གླིང་ bde gliṅ Kurzf. für bde chen gliṅ pa
wts_35_51	79	53	3	གསང	gsaṅ	base_ocr_dotted	gsaṅ	no_release_change_introduced_current_dotted_token	authoritative_base_ocr	བདེ་འགྲོ་གསང་ཡུམ་ bde gro gsaṅ yum auch bde
wts_35_51	80	1	4	ཤང	Saṅ	base_ocr_dotted	Saṅ	no_release_change_introduced_current_dotted_token	authoritative_base_ocr	བདེ་སྒྲོན་ཧ་ཤང་ bde sgron ha Saṅ
wts_35_51	80	67	3	གླིང	gliṅ	base_ocr_dotted	gliṅ	no_release_change_introduced_current_dotted_token	authoritative_base_ocr	བདེ་ཆེན་གླིང་པ་ bde chen gliṅ pa tbde glin.
wts_35_51	81	23	3	རྫོང	rdzoṅ	base_ocr_dotted	rdzoṅ	no_release_change_introduced_current_dotted_token	authoritative_base_ocr	བདེ་ཆེན་རྫོང་ bde chen rdzoṅ npr. ein rdzoṅ in
wts_35_51	81	29	3	ཞིང	Ziṅ	base_ocr_dotted	Ziṅ	no_release_change_introduced_current_dotted_token	authoritative_base_ocr	བདེ་ཆེན་ཞིང་ bde chen Ziṅ das reine Land des
wts_35_51	82	22	2	སྟོང	stoṅ	base_ocr_dotted	stoṅ	no_release_change_introduced_current_dotted_token	authoritative_base_ocr	"བདེ་སྟོང་ཐུང་འཇུག་ bde stoṅ zu jug ""die Ver-"
wts_35_51	82	29	2	ཐང	thaṅ	base_ocr_dotted	thaṅ	no_release_change_introduced_current_dotted_token	authoritative_base_ocr	བདེ་ཐང་ bde thaṅ Wohlergehen.
wts_35_51	83	1	3	དབང	dbaṅ	base_ocr_dotted	dbaṅ	no_release_change_introduced_current_dotted_token	authoritative_base_ocr	བདེ་ལྡན་དབང་ཕྱུག་ bde ldan dbaṅ phyug
wts_35_51	83	6	3	དབང	dbaṅ	base_ocr_dotted	dbaṅ	no_release_change_introduced_current_dotted_token	authoritative_base_ocr	བདེ་ལྡན་དབང་ཕྱུག་ bde ldan dbaṅ phyug Beina-
wts_35_51	83	43	3	སྐྱོང	skyoṅ	base_ocr_dotted	skyoṅ	no_release_change_introduced_current_dotted_token	authoritative_base_ocr	བདེ་བ་སྐྱོང་ bde ba skyoṅ
wts_35_51	83	76	3	སྐྱོང	skyoṅ	base_ocr_dotted	skyoṅ	no_release_change_introduced_current_dotted_token	authoritative_base_ocr	བདེ་བ་སྐྱོང་ bde ba skyoṅ npr. auch Ras-pa bDe-
wts_35_51	84	44	3	དང	daṅ	google_adopted	dañ	alternate_witness_google_loc_velar_nasal_upgrade	alternate_witness_adoption	"བདེ་བ་དང་སྡུག་ "" bde ba daṅ sdug"
wts_35_51	85	1	3	དང	daṅ	base_ocr_dotted	daṅ	no_release_change_introduced_current_dotted_token	authoritative_base_ocr	བདེ་བ་དང་སྡུག་་ bde ba daṅ sdug
wts_35_51	85	38	3	འབྱུང	byuṅ	reviewed_exact_final_ng	byuh	reviewed_tibetan_exact_final_ng_consensus	tibetan_abyung_consensus_batch_20260720	བདེ་བའི་འབྱུང་གནས་ bde ba'i byuṅ gnas Iode
wts_35_51	87	21	3	སེང	seṅ	base_ocr_dotted	seṅ	no_release_change_introduced_current_dotted_token	authoritative_base_ocr	བདེ་བྱེད་སེང་ bde byed seṅ npr. ein Herrscher in
wts_35_51	87	40	2	འབྱུང	byuṅ	base_ocr_dotted	byuṅ	no_release_change_introduced_current_dotted_token	authoritative_base_ocr	བདེ་འབྱུང་ bde 'byuṅ
wts_35_51	87	67	2	འབྱུང	byuṅ	reviewed_exact_final_ng	byun	reviewed_tibetan_exact_final_ng_consensus	tibetan_abyung_consensus_batch_20260720	བདེ་འབྱུང་ bde 'byuṅ.
wts_35_51	88	1	2	འབྱུང	byuṅ	base_ocr_dotted	byuṅ	no_release_change_introduced_current_dotted_token	authoritative_base_ocr	བདེ་འབྱུང་གཙུག་རྒྱན་ bde 'byuṅ gtsug rgyan
wts_35_51	89	28	3	དབང	dbaṅ	base_ocr_dotted	dbaṅ	no_release_change_introduced_current_dotted_token	authoritative_base_ocr	བདེ་གཤེགས་དབང་མོ་ bde giegs dbaṅ mo Beina-
wts_35_51	91	40	2	སྟོང	stoṅ	base_ocr_dotted	stoṅ	no_release_change_introduced_current_dotted_token	authoritative_base_ocr	"བདེན་སྟོང་ bden stoṅ ""in Wahrheit leer"", philo-"
wts_35_51	92	67	3	གསང	gsuṅ	base_ocr_dotted	gsuṅ	no_release_change_introduced_current_dotted_token	authoritative_base_ocr	བདྡེན་པ་གསང་བྲ་ bden pa gsuṅ ba Bez. für Bud-
wts_35_51	93	2	3	སྨྲང	simraṅ	base_ocr_dotted	simraṅ	no_release_change_introduced_current_dotted_token	authoritative_base_ocr	བདེན་པའི་སྨྲང་ bden pa'i simraṅ
wts_35_51	93	16	3	སྤྲང	smraṅ	base_ocr_dotted	smraṅ	no_release_change_introduced_current_dotted_token	authoritative_base_ocr	བདེན་པའི་སྤྲང་ bien pa'i smraṅ Wahrheitswort;
wts_35_51	93	34	3	གསུང	gsuṅ	base_ocr_dotted	gsuṅ	no_release_change_introduced_current_dotted_token	authoritative_base_ocr	བདེན་པར་གསུང་བ་ bien par gsuṅ ba.
wts_35_51	93	48	2	དཔང	dpaṅ	base_ocr_dotted	dpaṅ	no_release_change_introduced_current_dotted_token	authoritative_base_ocr	བདེན་དཔང་ bden dpaṅ Zeuge.
wts_35_51	94	44	3	དབང	dbaṅ	base_ocr_dotted	dbaṅ	no_release_change_introduced_current_dotted_token	authoritative_base_ocr	བདེན་ཞེན་དབང་གྱུར་ bden Zen dbaṅ gyur Bez. für
wts_35_51	96	15	1	མདང	mdaṅ	base_ocr_dotted	mdaṅ	no_release_change_introduced_current_dotted_token	authoritative_base_ocr	མདང་བའེ་གནས་ mdaṅ ba'i gnas Leichenver-
wts_35_51	96	18	1	མདང	mdaṅ	base_ocr_dotted	mdaṅ	no_release_change_introduced_current_dotted_token	authoritative_base_ocr	མདང་སང་ mdaṅ saṅ gestern Nacht.
wts_35_51	96	18	2	སང	saṅ	base_ocr_dotted	saṅ	no_release_change_introduced_current_dotted_token	authoritative_base_ocr	མདང་སང་ mdaṅ saṅ gestern Nacht.
wts_35_51	96	21	1	མདང	indaṅ	base_ocr_dotted	indaṅ	no_release_change_introduced_current_dotted_token	authoritative_base_ocr	མདང་སུམ་ indaṅ sum auch mdans sum gestern,
wts_35_51	96	42	1	མདངས	imdaṅs	base_ocr_dotted	imdaṅs	no_release_change_introduced_current_dotted_token	authoritative_base_ocr	མདངས་ imdaṅs
wts_35_51	97	1	1	མདངས	mdaṅs	base_ocr_dotted	mdaṅs	no_release_change_introduced_current_dotted_token	authoritative_base_ocr	མདངས་བཀྲ་ mdaṅs bkra
wts_35_51	97	12	1	མདངས	mdaṅs	base_ocr_dotted	mdaṅs	no_release_change_introduced_current_dotted_token	authoritative_base_ocr	མདངས་བཀྲ་ mdaṅs bkra leuchtende, strahlen-
wts_35_51	97	17	1	མདངས	mdaṅs	base_ocr_dotted	mdaṅs	no_release_change_introduced_current_dotted_token	authoritative_base_ocr	མདངས་བཀྲག་ mdaṅs bkrag strahlender Glanz.
wts_35_51	97	22	1	མདངས	mdaṅs	base_ocr_dotted	mdaṅs	no_release_change_introduced_current_dotted_token	authoritative_base_ocr	མདངས་བསྐྱེད་ mdaṅs bskyed vitalisieren.
wts_35_51	97	26	1	མདངས	mdaṅs	base_ocr_dotted	mdaṅs	no_release_change_introduced_current_dotted_token	authoritative_base_ocr	མདངས་ལྡན་ mdaṅs ldan.
wts_35_51	97	41	1	མདངས	mdaṅs	base_ocr_dotted	mdaṅs	no_release_change_introduced_current_dotted_token	authoritative_base_ocr	"མདངས་ཤོར་ mdaṅs sor ""Verlust des Glanzes"""
wts_35_51	97	50	1	མདངས	mdaṅs	base_ocr_dotted	mdaṅs	no_release_change_introduced_current_dotted_token	authoritative_base_ocr	མདངས་སུམ་ mdaṅs sum Yndan sum.
wts_35_51	97	51	1	མདངས	mdaṅs	base_ocr_dotted	mdaṅs	no_release_change_introduced_current_dotted_token	authoritative_base_ocr	མདངས་གསར་ mdaṅs gsar.
wts_35_51	99	46	2	གྲོང	groṅ	base_ocr_dotted	groṅ	no_release_change_introduced_current_dotted_token	authoritative_base_ocr	མདའ་གྲོང་ mda' groṅ
wts_35_51	100	53	2	ལྟོང	koṅ	base_ocr_dotted	koṅ	no_release_change_introduced_current_dotted_token	authoritative_base_ocr	མདའ་ལྟོང་ mda' koṅ auch mda'ston Nocke des
wts_35_51	100	66	2	སྟོང	stoṅ	base_ocr_dotted	stoṅ	no_release_change_introduced_current_dotted_token	authoritative_base_ocr	མདའ་སྟོང་ 'nnda' stoṅ Tinda' Iton.
wts_35_51	100	67	2	སྟོང	stoṅ	base_ocr_dotted	stoṅ	no_release_change_introduced_current_dotted_token	authoritative_base_ocr	མདའ་སྟོང་ tinda' stoṅ wüste Talöffnung.
wts_35_51	101	66	2	འཕོང	phoṅ	base_ocr_dotted	phoṅ	no_release_change_introduced_current_dotted_token	authoritative_base_ocr	མདའ་འཕོང་རྭ་ mda' 'phoṅ rwa Platz zum Bo-
wts_35_51	103	43	2	གྲོང	groṅ	base_ocr_dotted	groṅ	no_release_change_introduced_current_dotted_token	authoritative_base_ocr	མདར་གྲོང་མོ་ཆེ་ mdar groṅ mo che npr. ein Grab
wts_35_51	103	59	1	མདུང	mduṅ	base_ocr_dotted	mduṅ	no_release_change_introduced_current_dotted_token	authoritative_base_ocr	མདུང་ mduṅ Lanze, Speer, Spieß; — rgyab mit
wts_35_51	104	40	1	མདུང	mduṅ	base_ocr_dotted	mduṅ	no_release_change_introduced_current_dotted_token	authoritative_base_ocr	"མདུང་གི་མ་རྩེ་མ་ mduṅ gi ma rtse ma lmduṅ ""ten"
wts_35_51	104	44	1	མདུང	mduṅ	base_ocr_dotted	mduṅ	no_release_change_introduced_current_dotted_token	authoritative_base_ocr	མདུང་ཅན་ mduṅ can.
wts_35_51	104	47	1	མདུང	mdiuṅ	base_ocr_dotted	mdiuṅ	no_release_change_introduced_current_dotted_token	authoritative_base_ocr	མདུང་ཐོགས་ mdiuṅ thogs
wts_35_51	104	62	1	མདུང	mduṅ	base_ocr_dotted	mduṅ	no_release_change_introduced_current_dotted_token	authoritative_base_ocr	མདུང་ཐུང་ mduṅ thuṅ kurzer Speer, Spieß.
wts_35_51	104	62	2	ཐུང	thuṅ	base_ocr_dotted	thuṅ	no_release_change_introduced_current_dotted_token	authoritative_base_ocr	མདུང་ཐུང་ mduṅ thuṅ kurzer Speer, Spieß.
wts_35_51	104	79	1	མདུང	mduṅ	base_ocr_dotted	mduṅ	no_release_change_introduced_current_dotted_token	authoritative_base_ocr	མདུང་ཐུང་གསར་ལྡན་ mduṅ thuṅ gsar ldan Bei-
wts_35_51	104	79	2	ཐུང	thuṅ	base_ocr_dotted	thuṅ	no_release_change_introduced_current_dotted_token	authoritative_base_ocr	མདུང་ཐུང་གསར་ལྡན་ mduṅ thuṅ gsar ldan Bei-
wts_35_51	105	7	1	མདུང	mduṅ	base_ocr_dotted	mduṅ	no_release_change_introduced_current_dotted_token	authoritative_base_ocr	མདུང་དོར་ mduṅ dor Einsatz im Spiel, bei der
wts_35_51	105	16	1	མདུང	mduṅ	base_ocr_dotted	mduṅ	no_release_change_introduced_current_dotted_token	authoritative_base_ocr	མདུང་པ་ mduṅ pa Speerwerfer.
wts_35_51	105	19	1	མདུང	mduṅ	base_ocr_dotted	mduṅ	no_release_change_introduced_current_dotted_token	authoritative_base_ocr	མདུང་བ་ mduṅ ba Einsatz im Spiel, bei der
wts_35_51	105	25	1	མདུང	mduṅ	base_ocr_dotted	mduṅ	no_release_change_introduced_current_dotted_token	authoritative_base_ocr	མདུང་བས་འགེབས་ mduṅ bas 'gebs die Gattin
wts_35_51	105	29	1	མདུང	mduṅ	base_ocr_dotted	mduṅ	no_release_change_introduced_current_dotted_token	authoritative_base_ocr	མདུང་མོ་ mduṅ mo Speer.
wts_35_51	105	33	1	མདུང	mduṅ	unknown	mdun	ambiguous_change_or_token_position		མདུང་རྩེ་ mduṅ rtse Kurzf. für mduṅ gi rtse,
wts_35_51	109	39	2	ལྔང	ldaṅ	base_ocr_dotted	ldaṅ	no_release_change_introduced_current_dotted_token	authoritative_base_ocr	མདུན་ལྔང་ mdun ldaṅ aufgekommene Debat-
wts_35_51	116	34	2	བྱང	byaṅ	base_ocr_dotted	byaṅ	no_release_change_introduced_current_dotted_token	authoritative_base_ocr	མདོ་བྱང་ mdo byaṅ Notiz.
wts_35_51	119	45	2	བཟང	bzaṅ	base_ocr_dotted	bzaṅ	no_release_change_introduced_current_dotted_token	authoritative_base_ocr	མདོག་བཟང་ mdog bzaṅ
wts_35_51	119	77	2	བཟང	bzaṅ	base_ocr_dotted	bzaṅ	no_release_change_introduced_current_dotted_token	authoritative_base_ocr	མདོག་བཟང་ ndog bzaṅ farbig, bunt.
wts_35_51	120	2	1	མངང	mdoṅ	base_ocr_dotted	mdoṅ	no_release_change_introduced_current_dotted_token	authoritative_base_ocr	མངང་ཆ། mdoṅ mo
wts_35_51	120	11	1	མདོང	mdoṅ	base_ocr_dotted	mdoṅ	no_release_change_introduced_current_dotted_token	authoritative_base_ocr	མདོང་གསོལ་ mdoṅ gsol Schmeichelei, Be-
wts_35_51	120	53	1	མདོངས	mdoṅs	base_ocr_dotted	mdoṅs	no_release_change_introduced_current_dotted_token	authoritative_base_ocr	མདོངས་ཐལ་ཅན་ mdoṅs thal can Bez. für Pfau.
wts_35_51	120	60	1	མདོངས	mdoṅs	base_ocr_dotted	mdoṅs	no_release_change_introduced_current_dotted_token	authoritative_base_ocr	མདོངས་མཐའ་ཅན་ mdoṅs mtha' can Bez. für
wts_35_51	120	65	1	མདོངས	mdoṅs	base_ocr_dotted	mdoṅs	no_release_change_introduced_current_dotted_token	authoritative_base_ocr	མདོངས་ལྡན་ mdoṅs ldan Bez. für Pfau.
wts_35_51	120	68	1	མདོངས	mdoṅs	base_ocr_dotted	mdoṅs	no_release_change_introduced_current_dotted_token	authoritative_base_ocr	མདོངས་སེལ་ mdoṅs sel der Stern Alpha Cari-
wts_35_51	120	72	1	མདོངས	mdoṅs	base_ocr_dotted	mdoṅs	no_release_change_introduced_current_dotted_token	authoritative_base_ocr	མདོངས་གསོལ་ mdoṅs gsol gratulieren, glück-
wts_35_51	124	1	1	འདང	daṅ	base_ocr_dotted	daṅ	no_release_change_introduced_current_dotted_token	authoritative_base_ocr	འདང་ daṅ
wts_35_51	124	2	1	འདང	daṅ	base_ocr_dotted	daṅ	no_release_change_introduced_current_dotted_token	authoritative_base_ocr	འདང་ 'daṅ Yldan.
wts_35_51	124	3	1	འདངས	daṅs	base_ocr_dotted	daṅs	no_release_change_introduced_current_dotted_token	authoritative_base_ocr	འདངས་ daṅs Yldans.
wts_35_51	124	9	2	ཤིང	siṅ	base_ocr_dotted	siṅ	no_release_change_introduced_current_dotted_token	authoritative_base_ocr	འདད་ཤིང་ dad siṅ
wts_35_51	125	27	2	སྟོང	stoṅ	base_ocr_dotted	stoṅ	no_release_change_introduced_current_dotted_token	authoritative_base_ocr	འདབ་སྟོང་ dab stoṅ Kurzf. für 'dab ma ston
wts_35_51	127	1	3	སྟོང	stoṅ	base_ocr_dotted	stoṅ	no_release_change_introduced_current_dotted_token	authoritative_base_ocr	འདབ་མ་སྟོང་ལྡན་ 'dab ma stoṅ ldan
wts_35_51	127	13	3	སྟོང	stoṅ	base_ocr_dotted	stoṅ	no_release_change_introduced_current_dotted_token	authoritative_base_ocr	འདབ་མ་སྟོང་ལྡན་ dab ma stoṅ ldan dab stoṅ.
wts_35_51	127	28	3	ཤིང	Siṅ	base_ocr_dotted	Siṅ	no_release_change_introduced_current_dotted_token	authoritative_base_ocr	འདབ་མའེ་ཤིང་རྟ་ dab ma'i Siṅ rta auch — can
wts_35_51	127	39	2	བཟངས	bzaṅs	base_ocr_dotted	bzaṅs	no_release_change_introduced_current_dotted_token	authoritative_base_ocr	འདབ་བཟངས་ 'dab bzaṅs auch 'dab bzan.
wts_35_51	131	53	2	རིང	riṅ	base_ocr_dotted	riṅ	no_release_change_introduced_current_dotted_token	authoritative_base_ocr	འདམ་རིང་ dam riṅ Moor.
wts_35_51	131	62	2	སེང	seṅ	base_ocr_dotted	seṅ	no_release_change_introduced_current_dotted_token	authoritative_base_ocr	འདམ་སེང་ 'dam seṅ cin Löwe.
wts_35_51	147	2	3	ཡང	yaṅ	base_ocr_dotted	yaṅ	no_release_change_introduced_current_dotted_token	authoritative_base_ocr	འདི་ལྟར་ཡང་ di ltar yaṅ und außerdem, ferner,
wts_35_51	147	5	2	མཐོང	mthoṅ	base_ocr_dotted	mthoṅ	no_release_change_introduced_current_dotted_token	authoritative_base_ocr	འདི་མཐོང་བ་ལ་ཡོད་པ་ 'di mthoṅ ba la yod pa
wts_35_51	147	13	2	ངང	daṅ	base_ocr_dotted	daṅ	no_release_change_introduced_current_dotted_token	authoritative_base_ocr	འདེ་ངང་འདེ་སྲུང་ di daṅ 'diskad diese und jene
wts_35_51	147	22	2	དང	daṅ	base_ocr_dotted	daṅ	no_release_change_introduced_current_dotted_token	authoritative_base_ocr	འདི་དང་འདི་ལྟ་བུ་ di daṅ di lta bu dies und das,
wts_35_51	151	45	1	འདིང	diṅ	base_ocr_dotted	diṅ	no_release_change_introduced_current_dotted_token	authoritative_base_ocr	འདིང་ diṅ
wts_35_51	151	63	1	འདྲེང	diṅ	base_ocr_dotted	diṅ	no_release_change_introduced_current_dotted_token	authoritative_base_ocr	འདྲེང་ 'diṅ auch 'dins pf. !btin fur. Tgdin imp.
wts_35_51	154	51	2	ཁང	kbaṅ	base_ocr_dotted	kbaṅ	no_release_change_introduced_current_dotted_token	authoritative_base_ocr	འདུ་ཁང་ du kbaṅ
wts_35_51	157	51	2	ལོང	loṅ	reviewed_exact_final_ng	loh	reviewed_tibetan_exact_final_ng_consensus	tibetan_long_consensus_batch_20260726	འདུ་ལོང་ du loṅ Geschāftigkeit
wts_35_51	166	1	2	སྟངས	staṅs	base_ocr_dotted	staṅs	no_release_change_introduced_current_dotted_token	authoritative_base_ocr	འདུག་སྟངས་ 'dug staṅs
wts_35_51	166	39	2	སྟངས	staṅs	base_ocr_dotted	staṅs	no_release_change_introduced_current_dotted_token	authoritative_base_ocr	འདུག་སྟངས་ dung staṅs Stellung, Sitzweise.
wts_35_51	174	42	2	སྦྱོང	sbyoṅ	base_ocr_dotted	sbyoṅ	no_release_change_introduced_current_dotted_token	authoritative_base_ocr	འདུལ་སྦྱོང་མཁན་ 'dul sbyoṅ mkhan Pferdewirt.
wts_35_51	176	60	2	གླིང	gliṅ	reviewed_exact_final_ng	glin	reviewed_tibetan_exact_final_ng_consensus	tibetan_gling_consensus_batch_20260719	"འདུས་གླིང་ ""dus gliṅ Versammlungsgebiet."
wts_35_51	178	72	2	མང	maṅ	base_ocr_dotted	maṅ	no_release_change_introduced_current_dotted_token	authoritative_base_ocr	འདུས་མང་ dus maṅ Mönchsgemeinde.
wts_35_51	179	1	2	ཤིང	siṅ	base_ocr_dotted	siṅ	no_release_change_introduced_current_dotted_token	authoritative_base_ocr	འདས་ཤིང་བྲ་བ་ 'dus siṅ za ba
wts_35_51	179	11	2	ཤིང	siṅ	base_ocr_dotted	siṅ	no_release_change_introduced_current_dotted_token	authoritative_base_ocr	འདུས་ཤིང་ཟ་བ་ dus siṅ za ba Essen in Gemein-
wts_35_51	180	21	1	འདེང	deṅ	base_ocr_dotted	deṅ	no_release_change_introduced_current_dotted_token	authoritative_base_ocr	འདེང་ 'deṅ pf. und imp. T'den.
wts_35_51	180	33	1	འདེངས	deṅs	base_ocr_dotted	deṅs	no_release_change_introduced_current_dotted_token	authoritative_base_ocr	འདེངས་ deṅs T'den.
wts_35_51	183	1	2	ཁུང	khuṅ	base_ocr_dotted	khuṅ	no_release_change_introduced_current_dotted_token	authoritative_base_ocr	འདེབས་ཁུང་ 'debs khuṅ
wts_35_51	183	16	2	ཁུང	khuṅ	base_ocr_dotted	khuṅ	no_release_change_introduced_current_dotted_token	authoritative_base_ocr	འདེབས་ཁུང་ 'debs khuṅ Bez. für ein Loch.
wts_35_51	183	18	2	ཞིང	Ziṅ	base_ocr_dotted	Ziṅ	no_release_change_introduced_current_dotted_token	authoritative_base_ocr	འདེབས་ཞིང་ 'debs Ziṅ Bez. für Feld, Acker.
wts_35_51	184	48	1	འདོང	doṅ	base_ocr_dotted	doṅ	no_release_change_introduced_current_dotted_token	authoritative_base_ocr	འདོང་ 'doṅ
wts_35_51	184	75	1	འདོང	doṅ	base_ocr_dotted	doṅ	no_release_change_introduced_current_dotted_token	authoritative_base_ocr	འདོང་ 'doṅ pf. und imp. t'don.
wts_35_51	188	2	2	སྐྱོང	skyoṅ	base_ocr_dotted	skyoṅ	no_release_change_introduced_current_dotted_token	authoritative_base_ocr	འདོད སྐྱོང dod skyoṅ
wts_35_51	188	39	2	སྐྱོང	skyoṅ	base_ocr_dotted	skyoṅ	no_release_change_introduced_current_dotted_token	authoritative_base_ocr	འདོད་སྐྱོང་ 'dod skyoṅ Beiname fūr Balabhadra.
wts_35_51	190	47	3	དང	daṅ	base_ocr_dotted	daṅ	no_release_change_introduced_current_dotted_token	authoritative_base_ocr	འདོད་ཆགས་དང་བྲལ་་ 'dod chags daṅ bral
wts_35_51	190	55	3	དང	daṅ	base_ocr_dotted	daṅ	no_release_change_introduced_current_dotted_token	authoritative_base_ocr	འདོད་ཆགས་དང་བྲལ་བ་ 'dod chags daṅ bral ba
wts_35_51	191	14	2	ཆུང	chuṅ	reviewed_exact_final_ng	chuh	reviewed_tibetan_exact_final_ng_consensus	tibetan_chuh_consensus_batch_20260726	"འདོད་ཆུང་ ""dod chuṅ auch 'dod pa chuṅ ba ""klei-"
wts_35_51	191	47	2	འཆིང	chiṅ	reviewed_exact_final_ng	chin	reviewed_tibetan_exact_final_ng_consensus	tibetan_aching_consensus_batch_20260726	འདོད་འཆིང་ 'dod chiṅ.
wts_35_51	193	4	2	བརྡུངས	brduṅs	base_ocr_dotted	brduṅs	no_release_change_introduced_current_dotted_token	authoritative_base_ocr	འདོད་བརྡུངས་ dod brduṅs eigenmächtig.
wts_35_51	194	78	3	ཆུང	chuṅ	base_ocr_dotted	chuṅ	no_release_change_introduced_current_dotted_token	authoritative_base_ocr	འདོད་པ་ཆུང་བ་ 'dod pa chuṅ ba V'dod chuṅ.
wts_35_51	195	50	3	ལོངས	loṅs	base_ocr_dotted	loṅs	no_release_change_introduced_current_dotted_token	authoritative_base_ocr	འདོད་པ་ལོངས་སྤྱོད་ 'dod pa loṅs spyod.
wts_35_51	195	67	4	ཤྲིང	siṅ	base_ocr_dotted	siṅ	no_release_change_introduced_current_dotted_token	authoritative_base_ocr	འངོང་པའི་འཁྲེ་ཤྲིང་ dod pa'i 'khri siṅ Bez. fi
wts_35_51	197	38	2	དབང	dbaṅ	base_ocr_dotted	dbaṅ	no_release_change_introduced_current_dotted_token	authoritative_base_ocr	འདོད་དབང་ ''dod dbaṅ Burgherr.
wts_35_51	201	24	2	ཁོངས	khoṅs	base_ocr_dotted	khoṅs	no_release_change_introduced_current_dotted_token	authoritative_base_ocr	འདོན་ཁོངས་ don khoṅs Steuerleistung.
wts_35_51	203	77	2	གདངས	gdaṅs	base_ocr_dotted	gdaṅs	no_release_change_introduced_current_dotted_token	authoritative_base_ocr	འདོམས་གདངས་ doms gdaṅs - [2761[1)©111185 sit-
wts_35_51	205	7	3	དང	daṅ	base_ocr_dotted	daṅ	no_release_change_introduced_current_dotted_token	authoritative_base_ocr	འདོར་བ་དང་ལེན་པ་ dor ba daṅ len pa Vdor len.
wts_35_51	210	24	2	མཚུངས	mtsbuṅs	base_ocr_dotted	mtsbuṅs	no_release_change_introduced_current_dotted_token	authoritative_base_ocr	འདྲ་མཚུངས་ 'dra mtsbuṅs gleich, ähnlich.
wts_35_51	210	54	1	འདྲང	draṅ	base_ocr_dotted	draṅ	no_release_change_introduced_current_dotted_token	authoritative_base_ocr	འདྲང་ 'draṅ N'dran.
wts_35_51	210	55	1	འདྲངས	draṅs	base_ocr_dotted	draṅs	no_release_change_introduced_current_dotted_token	authoritative_base_ocr	འདྲངས་ draṅs Tdrans.
wts_35_51	222	11	2	རྫོང	rdzoṅ	base_ocr_dotted	rdzoṅ	no_release_change_introduced_current_dotted_token	authoritative_base_ocr	རྡར་རྫོང་ rdar rdzoṅ
wts_35_51	222	18	1	རྡང	rdaṅ	base_ocr_dotted	rdaṅ	no_release_change_introduced_current_dotted_token	authoritative_base_ocr	རྡང་ rdaṅ
wts_35_51	222	19	1	རྡང	rdaṅ	base_ocr_dotted	rdaṅ	no_release_change_introduced_current_dotted_token	authoritative_base_ocr	རྡང་བུ་ rdaṅ bu Tgdan bu.
wts_35_51	222	21	1	རྡང	rdaṅ	base_ocr_dotted	rdaṅ	no_release_change_introduced_current_dotted_token	authoritative_base_ocr	རྡང་མོ་ rdaṅ mo Fluch, Verwünschung.
wts_35_51	224	2	1	རྡུང	rduṅ	base_ocr_dotted	rduṅ	no_release_change_introduced_current_dotted_token	authoritative_base_ocr	རྡུང་ rduṅ pf. Vbrduns fur. l'brduṅ imp. | >+, < erhlaven.
wts_35_51	224	23	1	རྡུང	rduṅ	base_ocr_dotted	rduṅ	no_release_change_introduced_current_dotted_token	authoritative_base_ocr	རྡུང་གཏག་ rduṅ gtag Schlagen.
wts_35_51	224	26	1	རྡུངས	rduṅs	base_ocr_dotted	rduṅs	no_release_change_introduced_current_dotted_token	authoritative_base_ocr	རྡུངས་ rduṅs imp. zu Trdan schlagen.
wts_35_51	226	46	2	དང	daṅ	base_ocr_dotted	daṅ	no_release_change_introduced_current_dotted_token	authoritative_base_ocr	རྡུལ་དང་ལྡན་པ་ ndul daṅ ldan pa Irdul ldan.
wts_35_51	226	47	2	དང	daṅ	base_ocr_dotted	daṅ	no_release_change_introduced_current_dotted_token	authoritative_base_ocr	རྡུལ་དང་བྲལ་བ་ rdul daṅ bral ba Idul bral
wts_35_51	228	1	3	ཅིང	ciṅ	base_ocr_dotted	ciṅ	no_release_change_introduced_current_dotted_token	authoritative_base_ocr	རྡུལ་མེད་ཅིང་རྡུལ་་ rdul med ciṅ rdul
wts_35_51	232	47	2	གླིང	gliṅ	base_ocr_dotted	gliṅ	no_release_change_introduced_current_dotted_token	authoritative_base_ocr	རྡོ་གླིང་ rdo gliṅ
wts_35_51	232	79	2	གླིང	gliṅ	base_ocr_dotted	gliṅ	no_release_change_introduced_current_dotted_token	authoritative_base_ocr	རྡོ་གླིང་ rdo gliṅ Kurzf. für rdo rje gliṅ npr. der
wts_35_51	235	1	3	ཀིང	kiṅ	base_ocr_dotted	kiṅ	no_release_change_introduced_current_dotted_token	authoritative_base_ocr	རྡོ་རྗེ་ཀིང་ཀང་ rdo rje kiṅ kani
wts_35_51	235	49	3	ཀིང	kiṅ	base_ocr_dotted	kiṅ	no_release_change_introduced_current_dotted_token	authoritative_base_ocr	རྡོ་རྗེ་ཀིང་ཀང་ rdo rje kiṅ kaṅ Ykin kan. Bez. für tantrische Gottheiten.
wts_35_51	235	49	4	ཀང	kaṅ	base_ocr_dotted	kaṅ	no_release_change_introduced_current_dotted_token	authoritative_base_ocr	རྡོ་རྗེ་ཀིང་ཀང་ rdo rje kiṅ kaṅ Ykin kan. Bez. für tantrische Gottheiten.
wts_35_51	236	54	3	གླིང	gliṅ	base_ocr_dotted	gliṅ	no_release_change_introduced_current_dotted_token	authoritative_base_ocr	རྡོ་རྗེ་གླིང་ rrdo rje gliṅ glin.
wts_35_51	237	43	3	འཆང	chaṅ	base_ocr_dotted	chaṅ	no_release_change_introduced_current_dotted_token	authoritative_base_ocr	རྡོ་རྗེ་འཆང་ rdo rje chaṅ
wts_35_51	238	2	3	འཆང	chaṅ	base_ocr_dotted	chaṅ	no_release_change_introduced_current_dotted_token	authoritative_base_ocr	རྡོ་རྗེ་འཆང་རྒྱ་་ rdo rje chaṅ rgya
wts_35_51	238	3	3	འཆང	chaṅ	base_ocr_dotted	chaṅ	no_release_change_introduced_current_dotted_token	authoritative_base_ocr	རྡོ་རྗེ་འཆང་རྒྱ་མཚོ་བླ་མ་ rdo rje chaṅ rgya mtsho bla nr Tirol doe fūonfean TA
wts_35_51	238	28	3	སྙིང	sāiṅ	base_ocr_dotted	sāiṅ	no_release_change_introduced_current_dotted_token	authoritative_base_ocr	རྡ་རྗེ་སྙིང་པོ་ rdo rje sāiṅ po npr. cin Bodhisattva,
wts_35_51	242	9	3	དབང	dbaṅ	base_ocr_dotted	dbaṅ	no_release_change_introduced_current_dotted_token	authoritative_base_ocr	རྡོ་རྗེ་དབང་ཕྱུག་ rdo rje dbaṅ phyug Beiname Va- iranāīnie
wts_35_51	242	16	3	དབྱིངས	dbyiṅs	google_adopted	dbyins	alternate_witness_google_loc_nasal_upgrade	alternate_witness_adoption	རྡོ་རྗེ་དབྱིངས་ rdo rje dbyiṅs.
wts_35_51	243	44	4	ཀྲུང	kruṅ	base_ocr_dotted	kruṅ	no_release_change_introduced_current_dotted_token	authoritative_base_ocr	རྡ་རྗེའི་སྐྱིལ་ཀྲུང་ rdo rje'i skyil kruṅ
wts_35_51	244	32	3	ཏིང	dziṅ	base_ocr_dotted	dziṅ	no_release_change_introduced_current_dotted_token	authoritative_base_ocr	རྡོ འི་ཏིང་འཛིན་ rrdo tin 'dziṅ cin Samādhi.
wts_35_51	246	1	2	འཕང	phaṅ	base_ocr_dotted	phaṅ	no_release_change_introduced_current_dotted_token	authoritative_base_ocr	རྡོ་འཕང་ཀོང་ rdo 'phaṅ koṅ
wts_35_51	246	1	3	ཀོང	koṅ	base_ocr_dotted	koṅ	no_release_change_introduced_current_dotted_token	authoritative_base_ocr	རྡོ་འཕང་ཀོང་ rdo 'phaṅ koṅ
wts_35_51	246	2	2	འཕང	phaṅ	base_ocr_dotted	phaṅ	no_release_change_introduced_current_dotted_token	authoritative_base_ocr	རྡོ་འཕང་ཀོང་ rdo 'phaṅ koṅ npr. eine Amtsbe-
wts_35_51	246	2	3	ཀོང	koṅ	base_ocr_dotted	koṅ	no_release_change_introduced_current_dotted_token	authoritative_base_ocr	རྡོ་འཕང་ཀོང་ rdo 'phaṅ koṅ npr. eine Amtsbe-
wts_35_51	246	64	2	གཟོང	gzoṅ	base_ocr_dotted	gzoṅ	no_release_change_introduced_current_dotted_token	authoritative_base_ocr	རྡོ་གཟོང་ rdo gzoṅ Meißel.
wts_35_51	247	32	2	རངས	riṅs	base_ocr_dotted	riṅs	no_release_change_introduced_current_dotted_token	authoritative_base_ocr	རྡ་རངས་ rdo riṅs auch rdo rin Steinstele, Stein-
wts_35_51	248	2	2	ལུང	luṅ	base_ocr_dotted	luṅ	no_release_change_introduced_current_dotted_token	authoritative_base_ocr	རྡོ་ལུང་ rdo luṅ
wts_35_51	248	22	2	ཤིང	siṅ	base_ocr_dotted	siṅ	no_release_change_introduced_current_dotted_token	authoritative_base_ocr	རྡོ་ཤིང་བཟོ་རིགས་ rdo siṅ bzo rigs Maurer und
wts_35_51	248	63	2	ཁང	khaṅ	base_ocr_dotted	khaṅ	no_release_change_introduced_current_dotted_token	authoritative_base_ocr	རྡོག་ཁང་ rdog khaṅ Trtog khan.
wts_35_51	249	45	2	སྙིང	siṅ	base_ocr_dotted	siṅ	no_release_change_introduced_current_dotted_token	authoritative_base_ocr	རྡོའི་སྙིང་པོ་ rdo'i siṅ po
wts_35_51	252	43	1	ལྗང	daṅ	base_ocr_dotted	daṅ	no_release_change_introduced_current_dotted_token	authoritative_base_ocr	ལྗང་ 'daṅ
wts_35_51	253	32	1	ལྡང	ldaṅ	base_ocr_dotted	ldaṅ	no_release_change_introduced_current_dotted_token	authoritative_base_ocr	ལྡང་དཀར་ ldaṅ dkar ein Vogel.
wts_35_51	253	34	1	ལྔང	ldaṅ	base_ocr_dotted	ldaṅ	no_release_change_introduced_current_dotted_token	authoritative_base_ocr	ལྔང་སྐོ་སྐ ldaṅ sko ska ein myth. Tier, skt. sa-
wts_35_51	253	43	1	ལྔངས	daṅs	base_ocr_dotted	daṅs	no_release_change_introduced_current_dotted_token	authoritative_base_ocr	ལྔངས་ 'daṅs
wts_35_51	253	44	1	ལྔང	daṅ	base_ocr_dotted	daṅ	no_release_change_introduced_current_dotted_token	authoritative_base_ocr	"ལྔང་དུབ་ daṅ dub ""entstehende Müdigkeit"""
wts_35_51	253	61	1	ལྔང	ldaṅ	base_ocr_dotted	ldaṅ	no_release_change_introduced_current_dotted_token	authoritative_base_ocr	ལྔང་བ་ཡང་བ་ ldaṅ ba yaṅ ba unbeschwert.
wts_35_51	253	61	3	ཡང	yaṅ	base_ocr_dotted	yaṅ	no_release_change_introduced_current_dotted_token	authoritative_base_ocr	ལྔང་བ་ཡང་བ་ ldaṅ ba yaṅ ba unbeschwert.
wts_35_51	253	72	1	ལྔང	ldaṅ	base_ocr_dotted	ldaṅ	no_release_change_introduced_current_dotted_token	authoritative_base_ocr	ལྔང་ཟུག་ ldaṅ zug eine Krankheit.
wts_35_51	254	7	1	ལྔངས	ldaṅs	other_postprocess	Idaṅs	confusable_initial_I_to_l_strong_context	A	ལྔངས་ཕུལ་ ldaṅs phul imp. (zw.) berichten.
wts_35_51	258	1	1	ལྗིང	ldiṅ	base_ocr_dotted	ldiṅ	no_release_change_introduced_current_dotted_token	authoritative_base_ocr	ལྗིང་སྐོར་ ldiṅ skor
wts_35_51	258	20	1	ལྡིང	ldiṅ	base_ocr_dotted	ldiṅ	no_release_change_introduced_current_dotted_token	authoritative_base_ocr	ལྡིང་སྐོར་ ldiṅ skor schweben.
wts_35_51	258	26	1	ལྡིང	ldiṅ	base_ocr_dotted	ldiṅ	no_release_change_introduced_current_dotted_token	authoritative_base_ocr	ལྡིང་ཁ་ ldiṅ kba Teich.
wts_35_51	258	33	1	ལྡིང	ldiṅ	base_ocr_dotted	ldiṅ	no_release_change_introduced_current_dotted_token	authoritative_base_ocr	ལྡིང་ཁང་ ldiṅ khaṅ Schloß.
wts_35_51	258	33	2	ཁང	khaṅ	base_ocr_dotted	khaṅ	no_release_change_introduced_current_dotted_token	authoritative_base_ocr	ལྡིང་ཁང་ ldiṅ khaṅ Schloß.
wts_35_51	258	36	1	ལྡིང	ldiṅ	base_ocr_dotted	ldiṅ	no_release_change_introduced_current_dotted_token	authoritative_base_ocr	ལྡིང་ཆ་ ldiṅ cha Podest.
wts_35_51	258	40	1	ལྡིང	ldiṅ	base_ocr_dotted	ldiṅ	no_release_change_introduced_current_dotted_token	authoritative_base_ocr	ལྡིང་དཔོན་ ldiṅ dpon
wts_35_51	258	41	1	ལྡེང	ldiṅ	base_ocr_dotted	ldiṅ	no_release_change_introduced_current_dotted_token	authoritative_base_ocr	ལྡེང་ནག་ ldiṅ nag eine Kennzeichnung der
wts_35_51	258	52	1	ང	ldiṅ	base_ocr_dotted	ldiṅ	no_release_change_introduced_current_dotted_token	authoritative_base_ocr	ང་པྲ་ ldiṅ pa auch —'ignas npr. eine Region,
wts_35_51	258	72	1	ལྡིང	ldiṅ	base_ocr_dotted	ldiṅ	no_release_change_introduced_current_dotted_token	authoritative_base_ocr	ལྡིང་དཔོན་ ldiṅ dpon hoher Offizier, Komman-
wts_35_51	259	1	1	ལྡིངས	ldiṅs	base_ocr_dotted	ldiṅs	no_release_change_introduced_current_dotted_token	authoritative_base_ocr	ལྡིངས་ ldiṅs
wts_35_51	259	5	1	ལྡེངས	ldiṅs	other_postprocess	Idiṅs	confusable_initial_I_to_l_strong_context	A	ལྡེངས་ ldiṅs pf. zu 1/(/77)) schweben.
wts_35_51	260	68	2	ཞིང	Ziṅ	reviewed_exact_final_ng	Zin	reviewed_tibetan_exact_final_ng_consensus	tibetan_zhing_consensus_batch_20260726	ལྡུམ་ཞིང་ ldum Ziṅ.
wts_35_51	262	26	4	ུང	cuṅ	base_ocr_dotted	cuṅ	no_release_change_introduced_current_dotted_token	authoritative_base_ocr	ལྡེ་སྨན་ལྡེའུ་ུང་ llde sman lde'u cuṅ cun.
wts_35_51	263	23	2	དགོངས	dgoṅs	base_ocr_dotted	dgoṅs	no_release_change_introduced_current_dotted_token	authoritative_base_ocr	ལྡེམ་དགོངས་བཞི་ Idem dgoṅs bźi ldem por
wts_35_51	263	25	2	རྒྱང	rgyaṅ	base_ocr_dotted	rgyaṅ	no_release_change_introduced_current_dotted_token	authoritative_base_ocr	ལྤེམ་རྒྱང་ ldem rgyaṅ auch ldem rgyanis.
wts_35_51	263	73	3	དགོངས	dgoṅs	base_ocr_dotted	dgoṅs	no_release_change_introduced_current_dotted_token	authoritative_base_ocr	ལྡེམ་པོར་དགོངས་པ་བཞི་ Idem por dgoṅs pa bāi
wts_35_51	266	43	1	ལྡོང	ldoṅ	base_ocr_dotted	ldoṅ	no_release_change_introduced_current_dotted_token	authoritative_base_ocr	ལྡོང་རོས་ ldoṅ ros
wts_35_51	266	59	1	ལྗོང	ldoṅ	base_ocr_dotted	ldoṅ	no_release_change_introduced_current_dotted_token	authoritative_base_ocr	"ལྗོང་ཕྲོམ་ ldoṅ prom ""weißes Kupfer"", vgl. Bia-"
wts_35_51	266	66	1	ལྗོང	ldoṅ	other_postprocess	Idoṅ	confusable_initial_I_to_l_lexicon	A	ལྗོང་བྱེད་ ldoṅ byed Bez. für Dunkelheit, Fin-
wts_35_51	266	72	1	ང	ldoṅ	other_postprocess	Idoṅ	confusable_initial_I_to_l_lexicon	A	ང་མོ།ོ་ ldoṅ mo Tmdon mo.
wts_35_51	266	74	1	ང	ldoṅ	other_postprocess	Idoṅ	confusable_initial_I_to_l_lexicon	A	ང་རོས། ldoṅ ros ein Mineral bzw. Farbstoff;
wts_35_51	267	16	1	ལྡོངས	ldoṅs	other_postprocess	Idoṅs	confusable_initial_I_to_l_strong_context	A	ལྡོངས་ 'ldoṅs auch mdons pf. zu !'Idon erblin-
wts_35_51	267	38	1	ལྡོངས	T'mdoṅs	base_ocr_dotted	T'mdoṅs	no_release_change_introduced_current_dotted_token	authoritative_base_ocr	ལྡོངས་ T'mdoṅs
wts_35_51	267	39	1	ལྡོངས	lldoṅs	base_ocr_dotted	lldoṅs	no_release_change_introduced_current_dotted_token	authoritative_base_ocr	ལྡོངས་གསལ་ lldoṅs gsal aufrichtige Rede.
wts_35_51	268	40	1	སྡང	sdaṅ	base_ocr_dotted	sdaṅ	no_release_change_introduced_current_dotted_token	authoritative_base_ocr	སྡང་ sdaṅ
wts_35_51	269	1	1	སྡང	sdaṅ	base_ocr_dotted	sdaṅ	no_release_change_introduced_current_dotted_token	authoritative_base_ocr	སྡང་དགྲ་ sdaṅ dgra
wts_35_51	269	29	1	སྡང	sdaṅ	unknown	sdan	ambiguous_change_or_token_position		སྡང་དགྲ་ sdaṅ dgra Kurzf. für sdaṅ ba'i dgra er-
wts_35_51	269	41	1	སྔང	sdaṅ	base_ocr_dotted	sdaṅ	no_release_change_introduced_current_dotted_token	authoritative_base_ocr	སྔང་པོ་ sdaṅ po Haß; — byed Haß richten auf,
wts_35_51	269	53	1	སྲང	ssdaṅ	base_ocr_dotted	ssdaṅ	no_release_change_introduced_current_dotted_token	authoritative_base_ocr	སྲང་བའི་དགྲ་ ssdaṅ ba'i dgra dgra.
wts_35_51	269	54	1	སྡང	sdaṅ	base_ocr_dotted	sdaṅ	no_release_change_introduced_current_dotted_token	authoritative_base_ocr	སྡང་བྱེད་ sdaṅ byed.
wts_35_51	269	58	1	སྡང	sdaṅ	base_ocr_dotted	sdaṅ	no_release_change_introduced_current_dotted_token	authoritative_base_ocr	"སྡང་མིག་ sdaṅ mig ""zornvolles Auge"", Blick"
wts_35_51	269	62	1	སྔང	sdaṅ	base_ocr_dotted	sdaṅ	no_release_change_introduced_current_dotted_token	authoritative_base_ocr	སྔང་སེམས་ sdaṅ sems Zorn, Haß.
wts_35_51	278	72	3	འབྱུང	byuṅ	base_ocr_dotted	byuṅ	no_release_change_introduced_current_dotted_token	authoritative_base_ocr	སྡུག་བསྔལ་འབྱུང་གནས་ sdug bsṅal 'byuṅ gnas
wts_35_51	280	35	2	ཕོངས	phoṅs	base_ocr_dotted	phoṅs	no_release_change_introduced_current_dotted_token	authoritative_base_ocr	སྡུག་ཕོངས་པ་ sdug phoṅs pa Notleidender,
wts_35_51	280	42	2	སྦྱོང	sbyoṅ	base_ocr_dotted	sbyoṅ	no_release_change_introduced_current_dotted_token	authoritative_base_ocr	སྡུག་སྦྱོང་ sdug sbyoṅ Mißhandlung.
wts_35_51	283	21	2	ཡང	yaṅ	reviewed_exact_final_ng	yah	reviewed_tibetan_exact_final_ng_consensus	tibetan_yang_h_consensus_batch_20260727	སྡུམ་ཡང་ sdum yaṅ eine Amtsbezeichnung in
wts_35_51	286	74	2	ཐང	thaṅ	base_ocr_dotted	thaṅ	no_release_change_introduced_current_dotted_token	authoritative_base_ocr	སྡེ་ཐང་ sde thaṅ Preis.
wts_35_51	291	21	2	བཟང	bzaṅ	base_ocr_dotted	bzaṅ	no_release_change_introduced_current_dotted_token	authoritative_base_ocr	སྡེ་བཟང་ sde bzaṅ Bez. für Kloster.
wts_35_51	294	45	1	སྡོང	sdoṅ	base_ocr_dotted	sdoṅ	no_release_change_introduced_current_dotted_token	authoritative_base_ocr	སྡོང་གྲོགས་ sdoṅ grogs
wts_35_51	294	65	1	སྡོང	sdoṅ	reviewed_exact_final_ng	sdon	reviewed_tibetan_exact_final_ng_consensus	tibetan_sdong_consensus_batch_20260726	སྡོང་ 'sdoṅ.
wts_35_51	294	74	1	སྡོང	sdoṅ	base_ocr_dotted	sdoṅ	no_release_change_introduced_current_dotted_token	authoritative_base_ocr	སྡོང་འཁོལ་ sdoṅ khol mar mes sdon 'khol
wts_35_51	294	76	1	སྡོང	sdoṅ	base_ocr_dotted	sdoṅ	no_release_change_introduced_current_dotted_token	authoritative_base_ocr	སྡོང་གྲོགས་ sdoṅ grogs auch sdons grogs Freund,
wts_35_51	295	1	1	སྡོང	sdoṅ	base_ocr_dotted	sdoṅ	no_release_change_introduced_current_dotted_token	authoritative_base_ocr	སྡོང་གྲོགས་ཞལ་དཀར་་ sdoṅ grogs Zal dikar
wts_35_51	295	15	1	སྡོང	sdoṅ	base_ocr_dotted	sdoṅ	no_release_change_introduced_current_dotted_token	authoritative_base_ocr	སྡོང་ཐིག་ sdoṅ tbig Docht.
wts_35_51	295	18	1	སྡོང	sdoṅ	base_ocr_dotted	sdoṅ	no_release_change_introduced_current_dotted_token	authoritative_base_ocr	སྡོང་དུམ་ sdoṅ dum Baumstumpf.
wts_35_51	295	27	1	སྡོང	sdoṅ	base_ocr_dotted	sdoṅ	no_release_change_introduced_current_dotted_token	authoritative_base_ocr	སྡོང་པོ་ sdoṅ po.
wts_35_51	295	42	1	སྡོང	sdoṅ	base_ocr_dotted	sdoṅ	no_release_change_introduced_current_dotted_token	authoritative_base_ocr	སྡོང་པོ་ sdoṅ po
wts_35_51	296	1	1	སྡོང	sdoṅ	base_ocr_dotted	sdoṅ	no_release_change_introduced_current_dotted_token	authoritative_base_ocr	སྡོང་པོ་བཀོད་པ་ sdoṅ po bkod pa
wts_35_51	296	10	1	སྡོང	sdoṅ	base_ocr_dotted	sdoṅ	no_release_change_introduced_current_dotted_token	authoritative_base_ocr	སྡོང་པོ་བཀོད་པ་ sdoṅ po bkod pa ein buddh.
wts_35_51	296	22	1	སྡོང	sdoṅ	base_ocr_dotted	sdoṅ	no_release_change_introduced_current_dotted_token	authoritative_base_ocr	སྡོང་པོ་ལྗོན་པ་ sdoṅ po Jon pa npr. ein König der
wts_35_51	296	29	1	སྡོང	sdoṅ	base_ocr_dotted	sdoṅ	no_release_change_introduced_current_dotted_token	authoritative_base_ocr	སྡོང་བུ་ sdoṅ bu.
wts_35_51	296	41	1	སྡོང	sdoṅ	base_ocr_dotted	sdoṅ	no_release_change_introduced_current_dotted_token	authoritative_base_ocr	སྡོང་བུ་ sdoṅ bu
wts_35_51	297	1	1	སྡོང	sdoṅ	base_ocr_dotted	sdoṅ	no_release_change_introduced_current_dotted_token	authoritative_base_ocr	སྡོང་བུའི་ས་བོན་ sdoṅ bu'i sa bon
wts_35_51	297	5	1	སྡོང	sdoṅ	base_ocr_dotted	sdoṅ	no_release_change_introduced_current_dotted_token	authoritative_base_ocr	སྡོང་བུའི་ས་བོན་ sdoṅ bu'i sa bon Pflanzenable-
wts_35_51	297	15	1	སྡོང	sdoṅ	base_ocr_dotted	sdoṅ	no_release_change_introduced_current_dotted_token	authoritative_base_ocr	སྡོང་ཟླ་ sdoṅ zla Freund, Helfer.
wts_35_51	297	19	1	སྡོང	sdoṅ	base_ocr_dotted	sdoṅ	no_release_change_introduced_current_dotted_token	authoritative_base_ocr	སྡོང་རས་ sdoṅ ras Baumwolldocht.
wts_35_51	297	24	1	སྡོང	sdoṅ	base_ocr_dotted	sdoṅ	no_release_change_introduced_current_dotted_token	authoritative_base_ocr	སྡོང་རིས་ sdoṅ ris.
wts_35_51	297	41	1	སྡོང	sdoṅ	base_ocr_dotted	sdoṅ	no_release_change_introduced_current_dotted_token	authoritative_base_ocr	སྡོང་རོ་ sdoṅ ro abgebrannter Docht.
wts_35_51	297	47	1	སྡོངས	sdoṅs	base_ocr_dotted	sdoṅs	no_release_change_introduced_current_dotted_token	authoritative_base_ocr	སྡོངས་ 'sdoṅs imp. zu T'sdon begleiten, helfen,
wts_35_51	297	58	1	ངས	sdoṅs	base_ocr_dotted	sdoṅs	no_release_change_introduced_current_dotted_token	authoritative_base_ocr	ངས་གྲོགས་ sdoṅs grogs Tsdon grogs.
wts_35_51	299	1	2	ཁུངས	khuṅs	base_ocr_dotted	khuṅs	no_release_change_introduced_current_dotted_token	authoritative_base_ocr	སྡོད་ཁུངས་ sdod khuṅs
wts_35_51	299	4	2	ཁུངས	khuṅs	base_ocr_dotted	khuṅs	no_release_change_introduced_current_dotted_token	authoritative_base_ocr	སྡོད་ཁུངས་ sdod khuṅs Lebensgrundlage.
wts_35_51	304	57	2	རྙིང	riṅ	base_ocr_dotted	riṅ	no_release_change_introduced_current_dotted_token	authoritative_base_ocr	"བརྡ་རྙིང་པ་ brda riṅ pa ""alte Zeichen"", Ortho-"
wts_35_51	305	1	2	དང	daṅ	base_ocr_dotted	daṅ	no_release_change_introduced_current_dotted_token	authoritative_base_ocr	བརྡ་དང་སྒྲ་ལ་་་ brda daṅ sgra la
wts_35_51	305	6	2	དང	daṅ	base_ocr_dotted	daṅ	no_release_change_introduced_current_dotted_token	authoritative_base_ocr	བརྡ་དང་སྒྲ་ལ་འཇུག་པ་ brda daṅ sgra la 'jug pa ein
wts_35_51	305	39	3	དབང	dbaṅ	base_ocr_dotted	dbaṅ	no_release_change_introduced_current_dotted_token	authoritative_base_ocr	བརྡ་སྤྲོད་དབང་པོ brda sprod dbaṅ po Sprach
wts_35_51	309	40	1	བརྡུངས	brduṅs	base_ocr_dotted	brduṅs	no_release_change_introduced_current_dotted_token	authoritative_base_ocr	བརྡུངས་ 'brduṅs
wts_35_51	314	1	2	རྐང	rkaṅ	base_ocr_dotted	rkaṅ	no_release_change_introduced_current_dotted_token	authoritative_base_ocr	བསྡད་རྐང་ bsdad rkaṅ
wts_35_51	314	65	2	རྐང	rkaṅ	base_ocr_dotted	rkaṅ	no_release_change_introduced_current_dotted_token	authoritative_base_ocr	བསྡད་རྐང་ bsdad rkaṅ kultiviertes Feld.
wts_35_51	318	51	4	མོང	moṅ	base_ocr_dotted	moṅ	no_release_change_introduced_current_dotted_token	authoritative_base_ocr	བསྡུ་བ་ཐུན་མོང་ bsdu ba thin moṅ Tbsdu thun.
wts_35_51	323	32	1	བསྡོང	bedoṅ	base_ocr_dotted	bedoṅ	no_release_change_introduced_current_dotted_token	authoritative_base_ocr	བསྡོང་ bedoṅ fut. zu V'sdon begleiten, helfen,
wts_35_51	323	37	1	བསྡོངས	bsdoṅs	base_ocr_dotted	bsdoṅs	no_release_change_introduced_current_dotted_token	authoritative_base_ocr	བསྡོངས་ bsdoṅs pf. zu T'sdon sich verbünden,
wts_35_51	360	28	3	གྲོང	groṅ	base_ocr_dotted	groṅ	no_release_change_introduced_current_dotted_token	authoritative_base_ocr	"ན་ཀའི་གྲོང་ཁྱེར་ na kra'i groṅ khyer ""Stadt der"
wts_35_51	360	43	3	ཆུང	chuṅ	unknown	chun	ambiguous_change_or_token_position		ན་ཁ་ཆུང་ na kha chuṅ auch na ga chuṅ, na gu
wts_35_51	361	53	3	ཆུང	chuṅ	unknown	chun	ambiguous_change_or_token_position		ན་གུ་ཆུང་ na gu chuṅ lṅa kha chuṅ.
wts_35_51	361	62	2	ཆུང	chuṅ	base_ocr_dotted	chuṅ	no_release_change_introduced_current_dotted_token	authoritative_base_ocr	ན་ཆུང་ ma chuṅ junger Mensch, junge Frau,
wts_35_51	362	29	2	དང	daṅ	base_ocr_dotted	daṅ	no_release_change_introduced_current_dotted_token	authoritative_base_ocr	"ན་དང་ག་ཧ་དང་པོ་ na daṅ ga ha daṅ po ""mit na,"
wts_35_51	362	29	5	དང	daṅ	base_ocr_dotted	daṅ	no_release_change_introduced_current_dotted_token	authoritative_base_ocr	"ན་དང་ག་ཧ་དང་པོ་ na daṅ ga ha daṅ po ""mit na,"
wts_35_51	362	37	2	ནིང	niṅ	base_ocr_dotted	niṅ	no_release_change_introduced_current_dotted_token	authoritative_base_ocr	ན་ནིང་ na niṅ vergangenes Jahr, letztes Jahr.
wts_35_51	364	1	4	གདོང	gdoṅ	base_ocr_dotted	gdoṅ	no_release_change_introduced_current_dotted_token	authoritative_base_ocr	ན་མོ་འབུ་གདོང་ na mo bu gdoṅ
wts_35_51	364	4	4	གདོང	gdoṅ	base_ocr_dotted	gdoṅ	no_release_change_introduced_current_dotted_token	authoritative_base_ocr	ན་མོ་འབུ་གདོང་ na mo 'bu gdoṅ npr. cin Tempel.
wts_35_51	365	14	3	བཟང	bzaṅ	base_ocr_dotted	bzaṅ	no_release_change_introduced_current_dotted_token	authoritative_base_ocr	ན་ཚོད་བཟང་པོ་ na tshod bzaṅ po npr. ein Bud-
wts_35_51	366	1	3	འཕྲེང	phreṅ	base_ocr_dotted	phreṅ	no_release_change_introduced_current_dotted_token	authoritative_base_ocr	ན་བཟའ་འཕྲེང་གསོལ་ na bza' phreṅ gsol
wts_35_51	366	14	3	འཕྲེང	phreṅ	base_ocr_dotted	phreṅ	no_release_change_introduced_current_dotted_token	authoritative_base_ocr	ན་བཟའ་འཕྲེང་གསོལ་ na bza' 'phreṅ gsol npr. ein
wts_35_51	366	19	2	ཡང	yaṅ	base_ocr_dotted	yaṅ	no_release_change_introduced_current_dotted_token	authoritative_base_ocr	ན་ཡང་ na yaṅ auch na'aṅ.
wts_35_51	367	1	2	ཡང	yaṅ	base_ocr_dotted	yaṅ	no_release_change_introduced_current_dotted_token	authoritative_base_ocr	ན་ཡང་ na yaṅ
wts_35_51	367	47	2	ཡང	yaṅ	base_ocr_dotted	yaṅ	no_release_change_introduced_current_dotted_token	authoritative_base_ocr	ན་ཡང་ na yaṅ
wts_35_51	368	54	3	སེང	seṅ	base_ocr_dotted	seṅ	no_release_change_introduced_current_dotted_token	authoritative_base_ocr	ན་ར་སེང་ཧ་ na ra seṅ ha npr. eine Gottheit, ge-
wts_35_51	368	64	2	རང	raṅ	unknown	ran	ambiguous_change_or_token_position		ན་རང་ཀ་ ma raṅ ka auch na raṅ ga Orangen-
wts_35_51	373	49	2	ཆུང	chuṅ	base_ocr_dotted	chuṅ	no_release_change_introduced_current_dotted_token	authoritative_base_ocr	ནག་ཆུང་ nag chuṅ
wts_35_51	377	27	3	མདུང	mduṅ	base_ocr_dotted	mduṅ	no_release_change_introduced_current_dotted_token	authoritative_base_ocr	ནག་པོ་མདུང་རྩེ་དོ་ལ་རི་ nag po mduṅ rtse do la ri
wts_35_51	377	41	3	ཕུང	phuṅ	base_ocr_dotted	phuṅ	no_release_change_introduced_current_dotted_token	authoritative_base_ocr	ནག་པོའི་ཕུང་པོ་ nag po'i phuṅ po
wts_35_51	377	69	3	ཕུང	phuṅ	base_ocr_dotted	phuṅ	no_release_change_introduced_current_dotted_token	authoritative_base_ocr	ནག་པོའི་ཕུང་པོ་ nag po'i phuṅ po auch nag po'i
wts_35_51	378	16	3	ཚང	tshaṅ	base_ocr_dotted	tshaṅ	no_release_change_introduced_current_dotted_token	authoritative_base_ocr	ནག་པོའི་ཚང nag po'i tshaṅ lnag tshani.
wts_35_51	379	32	3	འབངས	baṅs	base_ocr_dotted	baṅs	no_release_change_introduced_current_dotted_token	authoritative_base_ocr	ནག་མའེ་འབངས་ nag mo'i baṅs npr. Kālidāsa,
wts_35_51	381	22	2	ཀླུང	kluṅ	base_ocr_dotted	kluṅ	no_release_change_introduced_current_dotted_token	authoritative_base_ocr	ནགས་ཀླུང་ nags kluṅ Wald.
wts_35_51	382	17	2	མཐོང	mthoṅ	base_ocr_dotted	mthoṅ	no_release_change_introduced_current_dotted_token	authoritative_base_ocr	ནགས་མཐོང་ nags mthoṅ Wald.
wts_35_51	382	73	2	དབང	dbaṅ	base_ocr_dotted	dbaṅ	no_release_change_introduced_current_dotted_token	authoritative_base_ocr	ནགས་དབང་ nags dbaṅ Bez. für Löwe.
wts_35_51	388	1	1	ནང	naṅ	base_ocr_dotted	naṅ	no_release_change_introduced_current_dotted_token	authoritative_base_ocr	ནང་ཀེག་ naṅ keg
wts_35_51	388	36	1	ནང	naṅ	base_ocr_dotted	naṅ	no_release_change_introduced_current_dotted_token	authoritative_base_ocr	ནང་ཁྲོལ་ naṅ khrol
wts_35_51	389	1	1	ནང	naṅ	base_ocr_dotted	naṅ	no_release_change_introduced_current_dotted_token	authoritative_base_ocr	ནང་འཁོར་ naṅ 'khor
wts_35_51	389	44	1	ནང	naṅ	base_ocr_dotted	naṅ	no_release_change_introduced_current_dotted_token	authoritative_base_ocr	ནང་གི་བྱེད་པོ་ naṅ gi byed po
wts_35_51	389	57	1	ནང	naṅ	base_ocr_dotted	naṅ	no_release_change_introduced_current_dotted_token	authoritative_base_ocr	"ནང་གས་པ་ naṅ gas pa ""innen gespalten"", ent-"
wts_35_51	389	65	1	ནང	naṅ	base_ocr_dotted	naṅ	no_release_change_introduced_current_dotted_token	authoritative_base_ocr	ནང་གི་མངལ་ཕུག་ naṅ gi mnal phug ein Di-
wts_35_51	389	69	1	ནང	naṅ	base_ocr_dotted	naṅ	no_release_change_introduced_current_dotted_token	authoritative_base_ocr	ནང་གི་བདག་ naṅ gi bdag Inneres.
wts_35_51	389	74	1	ནང	vaṅ	base_ocr_dotted	vaṅ	no_release_change_introduced_current_dotted_token	authoritative_base_ocr	ནང་གི་སྡེ་བརྒྱད་ vaṅ gi sde brgyad eine Grup-
wts_35_51	389	77	1	ནང	naṅ	base_ocr_dotted	naṅ	no_release_change_introduced_current_dotted_token	authoritative_base_ocr	ནང་གི་བྱེད་པོ་ naṅ gi byed po Bez. für Geist.
wts_35_51	390	1	1	ནང	naṅ	base_ocr_dotted	naṅ	no_release_change_introduced_current_dotted_token	authoritative_base_ocr	ནང་གི་ཚུལ་མི་་་ naṅ gi tchul mi
wts_35_51	390	2	1	ནང	naṅ	base_ocr_dotted	naṅ	no_release_change_introduced_current_dotted_token	authoritative_base_ocr	ནང་གི་ཚུལ་མི་ཤེས་ naṅ gi tshul mi ses Bez. für
wts_35_51	390	13	1	ནང	naṅ	base_ocr_dotted	naṅ	no_release_change_introduced_current_dotted_token	authoritative_base_ocr	"ནང་གི་ས་དྲགྲ་ naṅ gi sa dgra ""innerer Erd-"
wts_35_51	390	22	1	ནང	naṅ	base_ocr_dotted	naṅ	no_release_change_introduced_current_dotted_token	authoritative_base_ocr	ནང་གོང་ naṅ goṅ ein Ort in
wts_35_51	390	22	2	གོང	goṅ	base_ocr_dotted	goṅ	no_release_change_introduced_current_dotted_token	authoritative_base_ocr	ནང་གོང་ naṅ goṅ ein Ort in
wts_35_51	390	26	1	ནང	naṅ	base_ocr_dotted	naṅ	no_release_change_introduced_current_dotted_token	authoritative_base_ocr	ནང་གྲས་ naṅ gras jmd., der zur gleichen Grup-
wts_35_51	391	1	1	ནང	naṅ	base_ocr_dotted	naṅ	no_release_change_introduced_current_dotted_token	authoritative_base_ocr	ནང་ཆེན་གཉེར་ naṅ chen gñer
wts_35_51	391	7	1	ནང	naṅ	base_ocr_dotted	naṅ	no_release_change_introduced_current_dotted_token	authoritative_base_ocr	"ནང་ཆེན་གཉེར་ naṅ chen ger ""Verwalter für in-"
wts_35_51	391	16	3	ནང	naṅ	other_postprocess	nañ	explicit_user_allowlist	A	en . a . ནང་མཆོད་ naṅ mchod inneres Opfer, innere IN C q
wts_35_51	391	31	1	ནང	naṅ	base_ocr_dotted	naṅ	no_release_change_introduced_current_dotted_token	authoritative_base_ocr	"ནང་མཆོད་ཀ་ལི་ naṅ mchod ka li ""eine Schädel-"
wts_35_51	391	38	1	ནང	naṅ	base_ocr_dotted	naṅ	no_release_change_introduced_current_dotted_token	authoritative_base_ocr	ནང་རྗེ་ naṅ rje Bez. für Hausherr, als Anrede:
wts_35_51	391	42	1	ནང	naṅ	base_ocr_dotted	naṅ	no_release_change_introduced_current_dotted_token	authoritative_base_ocr	ནང་རྟེན་ naṅ rten
wts_35_51	391	60	1	ནང	nnaṅ	base_ocr_dotted	nnaṅ	no_release_change_introduced_current_dotted_token	authoritative_base_ocr	ནང་རྟེན་ nnaṅ rten Objekt, religiöser
wts_35_51	392	1	1	ནང	naṅ	base_ocr_dotted	naṅ	no_release_change_introduced_current_dotted_token	authoritative_base_ocr	ནང་སྟོང་པ་ཉིད་ naṅ stoṅ pa nid
wts_35_51	392	1	2	སྟོང	stoṅ	base_ocr_dotted	stoṅ	no_release_change_introduced_current_dotted_token	authoritative_base_ocr	ནང་སྟོང་པ་ཉིད་ naṅ stoṅ pa nid
wts_35_51	392	4	1	ནང	veṅ	base_ocr_dotted	veṅ	no_release_change_introduced_current_dotted_token	authoritative_base_ocr	ནང་སྟོང་པ་ཉིད་ veṅ stoṅ pa iid die innere Leer-
wts_35_51	392	4	2	སྟོང	stoṅ	base_ocr_dotted	stoṅ	no_release_change_introduced_current_dotted_token	authoritative_base_ocr	ནང་སྟོང་པ་ཉིད་ veṅ stoṅ pa iid die innere Leer-
wts_35_51	392	13	1	ནང	naṅ	base_ocr_dotted	naṅ	no_release_change_introduced_current_dotted_token	authoritative_base_ocr	ནང་དན་གྱི་གན་རྒྱ་ naṅ dan gyi gan rgya Privat-
wts_35_51	392	20	1	ནང	naṅ	base_ocr_dotted	naṅ	no_release_change_introduced_current_dotted_token	authoritative_base_ocr	ནང་དམ་ naṅ dam tief, für skt. gambhira.
wts_35_51	392	25	1	ནང	naṅ	base_ocr_dotted	naṅ	no_release_change_introduced_current_dotted_token	authoritative_base_ocr	ནང་དུ་ naṅ du.
wts_35_51	392	40	1	ནང	naṅ	base_ocr_dotted	naṅ	no_release_change_introduced_current_dotted_token	authoritative_base_ocr	ནང་དུ་ naṅ du
wts_35_51	393	1	1	ནང	naṅ	base_ocr_dotted	naṅ	no_release_change_introduced_current_dotted_token	authoritative_base_ocr	ནང་དུ་ naṅ du
wts_35_51	393	48	1	ནང	naṅ	base_ocr_dotted	naṅ	no_release_change_introduced_current_dotted_token	authoritative_base_ocr	ནང་དུ་ naṅ du
wts_35_51	394	1	1	ནང	naṅ	base_ocr_dotted	naṅ	no_release_change_introduced_current_dotted_token	authoritative_base_ocr	ནང་དུ་གཅུམ་ naṅ du geum
wts_35_51	394	47	1	ནང	naṅ	base_ocr_dotted	naṅ	no_release_change_introduced_current_dotted_token	authoritative_base_ocr	ནང་དུ་ཡང་དག་་་ naṅ du yaṅ dag
wts_35_51	394	47	3	ཡང	yaṅ	base_ocr_dotted	yaṅ	no_release_change_introduced_current_dotted_token	authoritative_base_ocr	ནང་དུ་ཡང་དག་་་ naṅ du yaṅ dag
wts_35_51	394	54	1	ནང	nnaṅ	base_ocr_dotted	nnaṅ	no_release_change_introduced_current_dotted_token	authoritative_base_ocr	ནང་དུ་གཅུམ་ nnaṅ du geum zusammenzie-
wts_35_51	394	59	1	ནང	naṅ	base_ocr_dotted	naṅ	no_release_change_introduced_current_dotted_token	authoritative_base_ocr	ནང་དུ་ཞུགས་ naṅ du Zugs.
wts_35_51	394	78	1	ནང	naṅ	base_ocr_dotted	naṅ	no_release_change_introduced_current_dotted_token	authoritative_base_ocr	ནང་དུ་ཡང་དག་འཇོག་ naṅ du yaṅ dag jog sich in Marditatinn
wts_35_51	394	78	3	ཡང	yaṅ	base_ocr_dotted	yaṅ	no_release_change_introduced_current_dotted_token	authoritative_base_ocr	ནང་དུ་ཡང་དག་འཇོག་ naṅ du yaṅ dag jog sich in Marditatinn
wts_35_51	395	1	1	ང	naṅ	base_ocr_dotted	naṅ	no_release_change_introduced_current_dotted_token	authoritative_base_ocr	ང་ངདོན་རྲིག་པ།་ naṅ doṅ rig pa
wts_35_51	395	12	1	ནང	naṅ	base_ocr_dotted	naṅ	no_release_change_introduced_current_dotted_token	authoritative_base_ocr	ནང་དོན་རིག་པ་ naṅ don rig pa Bez. für die bud-
wts_35_51	395	25	1	ནང	naṅ	base_ocr_dotted	naṅ	no_release_change_introduced_current_dotted_token	authoritative_base_ocr	"ནང་འདུ་འདུ་ naṅ ""du 'du einbezogen, enthalten"
wts_35_51	395	35	1	ནང	naṅ	base_ocr_dotted	naṅ	no_release_change_introduced_current_dotted_token	authoritative_base_ocr	ནང་སྡེབ་ naṅ sdeb auch naṅ bsdebs Verbindung, 11 _ en.
wts_35_51	396	47	1	ནང	naṅ	base_ocr_dotted	naṅ	no_release_change_introduced_current_dotted_token	authoritative_base_ocr	ནང་ནས་ naṅ nas
wts_35_51	396	62	1	ནང	naṅ	base_ocr_dotted	naṅ	no_release_change_introduced_current_dotted_token	authoritative_base_ocr	ནང་ནས་ naṅ nas.
wts_35_51	397	1	1	ནང	naṅ	base_ocr_dotted	naṅ	no_release_change_introduced_current_dotted_token	authoritative_base_ocr	ནང་པ་ naṅ pa
wts_35_51	397	47	1	ནང	naṅ	base_ocr_dotted	naṅ	no_release_change_introduced_current_dotted_token	authoritative_base_ocr	ནང་པ་ naṅ pa
wts_35_51	398	1	1	ནང	vaṅ	base_ocr_dotted	vaṅ	no_release_change_introduced_current_dotted_token	authoritative_base_ocr	ནང་པའི་བླ་ vaṅ pa'i bla
wts_35_51	398	34	1	ནང	naṅ	base_ocr_dotted	naṅ	no_release_change_introduced_current_dotted_token	authoritative_base_ocr	ནང་པའི་བླ་ naṅ pa'i bla ein Amt am Hof,
wts_35_51	398	40	1	ནང	naṅ	base_ocr_dotted	naṅ	no_release_change_introduced_current_dotted_token	authoritative_base_ocr	ནང་པར་ naṅ par vgl. ↑² naṅ.
wts_35_51	398	44	1	ནང	naṅ	base_ocr_dotted	naṅ	no_release_change_introduced_current_dotted_token	authoritative_base_ocr	ནང་པར་ naṅ par
wts_35_51	399	2	1	ནང	naṅ	base_ocr_dotted	naṅ	no_release_change_introduced_current_dotted_token	authoritative_base_ocr	ནང་པོ་ naṅ po
wts_35_51	399	7	1	ནང	naṅ	base_ocr_dotted	naṅ	no_release_change_introduced_current_dotted_token	authoritative_base_ocr	ནང་པོ་ naṅ po Freund, Helfer.
wts_35_51	399	9	1	ནང	naṅ	base_ocr_dotted	naṅ	no_release_change_introduced_current_dotted_token	authoritative_base_ocr	ནང་ཕུག་ naṅ phug das Innere des Hauses.
wts_35_51	399	12	1	ནང	naṅ	base_ocr_dotted	naṅ	no_release_change_introduced_current_dotted_token	authoritative_base_ocr	ནང་ཕྱོགས་ naṅ phyogs i das Innere, Innenseite,
wts_35_51	399	19	1	ནང	naṅ	base_ocr_dotted	naṅ	no_release_change_introduced_current_dotted_token	authoritative_base_ocr	ནང་ཕྲད་ naṅ phrad.
wts_35_51	399	35	1	ནང	naṅ	base_ocr_dotted	naṅ	no_release_change_introduced_current_dotted_token	authoritative_base_ocr	ནང་བབ་ naṅ bab persönlich.
wts_35_51	399	40	1	ནང	naṅ	base_ocr_dotted	naṅ	no_release_change_introduced_current_dotted_token	authoritative_base_ocr	ནང་བློ་ naṅ blo
wts_35_51	399	41	1	ནང	naṅ	base_ocr_dotted	naṅ	no_release_change_introduced_current_dotted_token	authoritative_base_ocr	"ནང་བོན་ naṅ bon ""inneres Bon"", Bez. für das"
wts_35_51	399	50	1	ནང	naṅ	base_ocr_dotted	naṅ	no_release_change_introduced_current_dotted_token	authoritative_base_ocr	ནང་བྱན naṅ byan Bediensteter, Hausdiener,
wts_35_51	399	55	1	ནང	naṅ	unknown	nan	ambiguous_change_or_token_position		ནང་བྱན་ཆུད་ naṅ byan chnd auch naṅ byan
wts_35_51	399	76	1	ནང	naṅ	base_ocr_dotted	naṅ	no_release_change_introduced_current_dotted_token	authoritative_base_ocr	ནང་བློ་ naṅ blo Gedanke,
wts_35_51	400	2	1	ནང	naṅ	base_ocr_dotted	naṅ	no_release_change_introduced_current_dotted_token	authoritative_base_ocr	ནང་བློན་ naṅ blon.
wts_35_51	400	35	1	ནང	naṅ	reviewed_exact_final_ng	nah	reviewed_tibetan_exact_final_ng_consensus	final_ng_nang_consensus_batch_20260727	ནང་འབབ་ naṅ bab eigener Grundherr
wts_35_51	400	41	1	ནང	naṅ	base_ocr_dotted	naṅ	no_release_change_introduced_current_dotted_token	authoritative_base_ocr	ནང་མ་གཤིན་པ་ naṅ ma gsin pa
wts_35_51	401	2	1	ནང	naṅ	base_ocr_dotted	naṅ	no_release_change_introduced_current_dotted_token	authoritative_base_ocr	ནང་མ་ naṅ mi
wts_35_51	401	3	1	ང	naṅ	base_ocr_dotted	naṅ	no_release_change_introduced_current_dotted_token	authoritative_base_ocr	ང་མི་ naṅ mi Hausbewohner, Familienmit-
wts_35_51	401	16	1	ནང	naṅ	unknown	nan	ambiguous_change_or_token_position		ནང་དམེ་ naṅ dme auch naṅ rme innerfamiliāre
wts_35_51	401	27	1	ནང	naṅ	base_ocr_dotted	naṅ	no_release_change_introduced_current_dotted_token	authoritative_base_ocr	ནང་གཙངས་ naṅ gtsaṅs Gleichgesinnter, Ver-
wts_35_51	401	27	2	གཙངས	gtsaṅs	base_ocr_dotted	gtsaṅs	no_release_change_introduced_current_dotted_token	authoritative_base_ocr	ནང་གཙངས་ naṅ gtsaṅs Gleichgesinnter, Ver-
wts_35_51	401	32	1	ནང	naṅ	base_ocr_dotted	naṅ	no_release_change_introduced_current_dotted_token	authoritative_base_ocr	ནང་ཚ་ naṅ tsha Ehepaar.
wts_35_51	401	34	1	ནང	naṅ	base_ocr_dotted	naṅ	no_release_change_introduced_current_dotted_token	authoritative_base_ocr	ནང་ཚགས་ naṅ tshags freundschaftlich.
wts_35_51	401	41	1	ནང	naṅ	base_ocr_dotted	naṅ	no_release_change_introduced_current_dotted_token	authoritative_base_ocr	ནང་ཚན་ naṅ tshan
wts_35_51	401	45	1	ང	naṅ	base_ocr_dotted	naṅ	no_release_change_introduced_current_dotted_token	authoritative_base_ocr	ང་ཚང་ naṅ tshaṅ Haushalt, Familie, Famili-
wts_35_51	401	45	2	ཚང	tshaṅ	reviewed_exact_final_ng	tshah	reviewed_tibetan_exact_final_ng_consensus	tibetan_tshang_consensus_batch_20260726	ང་ཚང་ naṅ tshaṅ Haushalt, Familie, Famili-
wts_35_51	401	54	1	ནང	naṅ	base_ocr_dotted	naṅ	no_release_change_introduced_current_dotted_token	authoritative_base_ocr	ནང་ཚངས་ཅན་ naṅ tshaṅs can gefüttert, gepol-
wts_35_51	401	54	2	ཚངས	tshaṅs	base_ocr_dotted	tshaṅs	no_release_change_introduced_current_dotted_token	authoritative_base_ocr	ནང་ཚངས་ཅན་ naṅ tshaṅs can gefüttert, gepol-
wts_35_51	401	63	1	ནང	naṅ	reviewed_exact_final_ng	nan	reviewed_tibetan_exact_script_ng_witness	tibetan_script_ng_witness_residual_20260628	ནང་ཚ * naṅ tshan einer oder mehrere aus ei-
wts_35_51	402	1	1	ནང	naṅ	base_ocr_dotted	naṅ	no_release_change_introduced_current_dotted_token	authoritative_base_ocr	ནང་ཚུད naṅ tshud
wts_35_51	402	10	1	ནང	raṅ	base_ocr_dotted	raṅ	no_release_change_introduced_current_dotted_token	authoritative_base_ocr	ནང་ཚུད་ raṅ ishud innerhalb von, in.
wts_35_51	402	17	1	ནང	naṅ	base_ocr_dotted	naṅ	no_release_change_introduced_current_dotted_token	authoritative_base_ocr	ནང་ཚོང་ naṅ ishoṅ interner Handel.
wts_35_51	402	17	2	ཚོང	ishoṅ	base_ocr_dotted	ishoṅ	no_release_change_introduced_current_dotted_token	authoritative_base_ocr	ནང་ཚོང་ naṅ ishoṅ interner Handel.
wts_35_51	402	29	1	ནང	naṅ	base_ocr_dotted	naṅ	no_release_change_introduced_current_dotted_token	authoritative_base_ocr	ནང་འཚངས་ naṅ 'tshahs Füllung, Futter, Pol-
wts_35_51	402	34	1	ནང	naṅ	base_ocr_dotted	naṅ	no_release_change_introduced_current_dotted_token	authoritative_base_ocr	ནང་མཛོད་ naṅ mdzod,
wts_35_51	402	47	1	ནང	naṅ	base_ocr_dotted	naṅ	no_release_change_introduced_current_dotted_token	authoritative_base_ocr	ནང་འཛིངས་ naṅ 'dziṅs innere Kämpfe.
wts_35_51	402	47	2	འཛིངས	dziṅs	base_ocr_dotted	dziṅs	no_release_change_introduced_current_dotted_token	authoritative_base_ocr	ནང་འཛིངས་ naṅ 'dziṅs innere Kämpfe.
wts_35_51	402	52	1	ནང	naṅ	base_ocr_dotted	naṅ	no_release_change_introduced_current_dotted_token	authoritative_base_ocr	ནང་རྫས་ naṅ rdzas Hauseinrichtung.
wts_35_51	402	58	1	ནང	nnaṅ	base_ocr_dotted	nnaṅ	no_release_change_introduced_current_dotted_token	authoritative_base_ocr	ནང་གཞིས་ nnaṅ Haus und Hof, Gutshof.
wts_35_51	402	61	1	ནང	naṅ	base_ocr_dotted	naṅ	no_release_change_introduced_current_dotted_token	authoritative_base_ocr	ནང་གཞུགས་ naṅ gāugs Fūllung [einer Statue].
wts_35_51	402	66	1	ནང	naṅ	base_ocr_dotted	naṅ	no_release_change_introduced_current_dotted_token	authoritative_base_ocr	ནང་གཟའ་ naṅ gza' ein Planet, entweder Sa-
wts_35_51	403	1	1	ནང	maṅ	base_ocr_dotted	maṅ	no_release_change_introduced_current_dotted_token	authoritative_base_ocr	ནང་བཟན་ maṅ bzan
wts_35_51	403	2	1	ནང	naṅ	unknown	nan	ambiguous_change_or_token_position		ནང་བཟན་ naṅ bzan auch naṅ gzan Angestell-
wts_35_51	403	12	1	ནང	naṅ	base_ocr_dotted	naṅ	no_release_change_introduced_current_dotted_token	authoritative_base_ocr	"ནང་ཡངས་པ་ naṅ yaṅs pa ""innen weit"", geräu-"
wts_35_51	403	12	2	ཡངས	yaṅs	base_ocr_dotted	yaṅs	no_release_change_introduced_current_dotted_token	authoritative_base_ocr	"ནང་ཡངས་པ་ naṅ yaṅs pa ""innen weit"", geräu-"
wts_35_51	403	15	1	ནང	naṅ	base_ocr_dotted	naṅ	no_release_change_introduced_current_dotted_token	authoritative_base_ocr	ནང་ཡན་པ་ naṅ yan pa.
wts_35_51	403	25	1	ནང	naṅ	reviewed_exact_final_ng	nah	reviewed_tibetan_exact_final_ng_consensus	final_ng_nang_consensus_batch_20260727	ནང་རིམ་ naṅ rim Rundweg in einem Gebäude.
wts_35_51	403	27	1	ནང	naṅ	base_ocr_dotted	naṅ	no_release_change_introduced_current_dotted_token	authoritative_base_ocr	ནང་རུབ་ naṅ rab Morgen und Abend.
wts_35_51	403	31	1	ནང	naṅ	base_ocr_dotted	naṅ	no_release_change_introduced_current_dotted_token	authoritative_base_ocr	ནང་རོལ་ན་ naṅ rolna im Innern.
wts_35_51	403	37	1	ནང	naṅ	base_ocr_dotted	naṅ	no_release_change_introduced_current_dotted_token	authoritative_base_ocr	ནང་ལོགས་ naṅ logs
wts_35_51	403	40	1	ནང	naṅ	base_ocr_dotted	naṅ	no_release_change_introduced_current_dotted_token	authoritative_base_ocr	ནང་ལ་ naṅ la.
wts_35_51	403	65	1	ནང	naṅ	base_ocr_dotted	naṅ	no_release_change_introduced_current_dotted_token	authoritative_base_ocr	ནང་ལས་ naṅ las.
wts_35_51	404	1	1	ནང	naṅ	base_ocr_dotted	naṅ	no_release_change_introduced_current_dotted_token	authoritative_base_ocr	ནང་ཤ་ཅན་ naṅ Sa can
wts_35_51	404	2	1	ནང	naṅ	base_ocr_dotted	naṅ	no_release_change_introduced_current_dotted_token	authoritative_base_ocr	ནང་ཤ་ཅན་ naṅ Sa can gefüttert, gepolstert.
wts_35_51	404	5	1	ནང	naṅ	base_ocr_dotted	naṅ	no_release_change_introduced_current_dotted_token	authoritative_base_ocr	ནང་ཤེད་ན naṅ sed na ungefāhr in.
wts_35_51	404	11	1	ནང	naṅ	base_ocr_dotted	naṅ	no_release_change_introduced_current_dotted_token	authoritative_base_ocr	ནང་གཤིམ་པ་ naṅ gsim pa Vertrauter.
wts_35_51	404	19	1	ནང	naṅ	base_ocr_dotted	naṅ	no_release_change_introduced_current_dotted_token	authoritative_base_ocr	ནང་ས་ naṅ so.
wts_35_51	404	30	1	ནང	naṅ	base_ocr_dotted	naṅ	no_release_change_introduced_current_dotted_token	authoritative_base_ocr	ནང་སོག་ naṅ sog die Innere Mongolei.
wts_35_51	404	36	1	ནང	naṅ	base_ocr_dotted	naṅ	no_release_change_introduced_current_dotted_token	authoritative_base_ocr	ནང་གསལ་ naṅ gsal cin Stoff.
wts_35_51	407	1	3	གདུང	gduṅ	base_ocr_dotted	gduṅ	no_release_change_introduced_current_dotted_token	authoritative_base_ocr	ནད་ཀྱིས་གདུང་ nad kyis gduṅ
wts_35_51	407	15	3	གདུང	voṅ	base_ocr_dotted	voṅ	no_release_change_introduced_current_dotted_token	authoritative_base_ocr	ནད་ཀྱིས་གདུང་ nad kyisgdun voṅ Krankheit ge-
wts_35_51	407	21	3	གདུངས	gduṅs	base_ocr_dotted	gduṅs	no_release_change_introduced_current_dotted_token	authoritative_base_ocr	ནད་ཀྱིས་གདུངས་ nad kyis gduṅs pf. von Krank-
wts_35_51	408	1	2	ཁོང	khoṅ	base_ocr_dotted	khoṅ	no_release_change_introduced_current_dotted_token	authoritative_base_ocr	ནད་ཁོང་སྐེམས་པ་ nad khoṅ skems pa
wts_35_51	408	2	2	ཁོང	kboṅ	base_ocr_dotted	kboṅ	no_release_change_introduced_current_dotted_token	authoritative_base_ocr	ནད་ཁོང་སྐེམས་པ་ nad kboṅ skems pa auch nad
wts_35_51	410	1	2	འབྱུང	byuṅ	base_ocr_dotted	byuṅ	no_release_change_introduced_current_dotted_token	authoritative_base_ocr	ནད་འབྱུང་ nad 'byuṅ
wts_35_51	410	2	2	འབྱུང	byuṅ	base_ocr_dotted	byuṅ	no_release_change_introduced_current_dotted_token	authoritative_base_ocr	ནད་འབྱུང་ nad 'byuṅ pf. ]/7:7/7 byun eine Krank-
wts_35_51	410	36	2	འབྱོང	byoṅ	base_ocr_dotted	byoṅ	no_release_change_introduced_current_dotted_token	authoritative_base_ocr	ནད་འབྱོང་བར་བྱེད་ nad 'byoṅ bar byed Krankhei-
wts_35_51	410	48	2	སྦྱོང	sbyoṅ	base_ocr_dotted	sbyoṅ	no_release_change_introduced_current_dotted_token	authoritative_base_ocr	ནད་སྦྱོང་ vad sbyoṅ Krankheiten heilen,
wts_35_51	416	13	2	ཕྱུངས	phyuṅs	base_ocr_dotted	phyuṅs	no_release_change_introduced_current_dotted_token	authoritative_base_ocr	ནན་ཕྱུངས་ nan phyuṅs Aufforderung.
wts_35_51	419	41	3	ལྔིང	ldiṅ	base_ocr_dotted	ldiṅ	no_release_change_introduced_current_dotted_token	authoritative_base_ocr	ནམ་མཁའ་ལྔིང་ nam mkha' ldiṅ
wts_35_51	422	40	3	མཐོངས	mthoṅs	base_ocr_dotted	mthoṅs	no_release_change_introduced_current_dotted_token	authoritative_base_ocr	ནམ་མཁའི་མཐོངས་ nam mkha'i mthoṅs
wts_35_51	422	71	3	མཐོངས	mthoṅs	base_ocr_dotted	mthoṅs	no_release_change_introduced_current_dotted_token	authoritative_base_ocr	ནམ་མཁའི་མཐོངས་ nam mkha'i mthoṅs Him-
wts_35_51	423	38	3	དབྱིངས	dbyiṅs	base_ocr_dotted	dbyiṅs	no_release_change_introduced_current_dotted_token	authoritative_base_ocr	ནམ་མཁའི་དབྱིངས་ nam mkha'i dbyiṅs Him-
wts_35_51	424	34	2	གུང	guṅ	base_ocr_dotted	guṅ	no_release_change_introduced_current_dotted_token	authoritative_base_ocr	ནམ་གུང་ nam guṅ
wts_35_51	424	53	2	གང	gaṅ	unknown	gañ	ambiguous_change_or_token_position		ནམ་གང་ nam gaṅ Ignam gaṅ.
wts_35_51	424	54	2	གུང	guṅ	unknown	gun	ambiguous_change_or_token_position		ནམ་གུང་ nam guṅ auch nam gyi guṅ, nam gyi
wts_35_51	425	1	2	གུང	guṅ	base_ocr_dotted	guṅ	no_release_change_introduced_current_dotted_token	authoritative_base_ocr	ནམ་གུང་ཅན་ nam guṅ can
wts_35_51	425	4	2	གུང	guṅ	base_ocr_dotted	guṅ	no_release_change_introduced_current_dotted_token	authoritative_base_ocr	ནམ་གུང་ཅན་ nam guṅ can Bez fūr Nacht.
wts_35_51	425	6	2	གོང	goṅ	reviewed_exact_final_ng	goh	reviewed_tibetan_exact_final_ng_consensus	tibetan_gong_consensus_batch_20260719	ནམ་གོང་ nam goṅ Bez. für das Mondhaus sa ri.
wts_35_51	425	9	3	གུང	guṅ	base_ocr_dotted	guṅ	no_release_change_introduced_current_dotted_token	authoritative_base_ocr	ནམ་གྱི་གུང་ nam gyi guṅ Tnam gun.
wts_35_51	425	10	3	གུང	guṅ	base_ocr_dotted	guṅ	no_release_change_introduced_current_dotted_token	authoritative_base_ocr	ནམ་གྱི་གུང་ཐུན nam gyi guṅ thun Tnam gun.
wts_35_51	425	11	3	གདོང	gdoṅ	base_ocr_dotted	gdoṅ	no_release_change_introduced_current_dotted_token	authoritative_base_ocr	ནམ་གྱི་གདོང་ nam gyi gdoṅ Inam gdon.
wts_35_51	425	39	2	ཐང	thaṅ	base_ocr_dotted	thaṅ	no_release_change_introduced_current_dotted_token	authoritative_base_ocr	ནམ་ཐང་ nam thaṅ
wts_35_51	425	55	2	དགུང	dguṅ	base_ocr_dotted	dguṅ	no_release_change_introduced_current_dotted_token	authoritative_base_ocr	ནམ་དགུང་ nam dguṅ nam gun.
wts_35_51	425	63	2	སྟོང	stoṅ	base_ocr_dotted	stoṅ	no_release_change_introduced_current_dotted_token	authoritative_base_ocr	ནམ་སྟོང་ nam stoṅ Ignam ston.
wts_35_51	425	64	2	ཐང	thaṅ	base_ocr_dotted	thaṅ	no_release_change_introduced_current_dotted_token	authoritative_base_ocr	ནམ་ཐང་ nam thaṅ auch nam than ba klarer
wts_35_51	426	13	3	རྫོང	rdzoṅ	base_ocr_dotted	rdzoṅ	no_release_change_introduced_current_dotted_token	authoritative_base_ocr	མ་ཐེན་རྫོང་དཔོན་ nam then rdzoṅ dpon nam
wts_35_51	426	15	2	མཐོང	mthoṅ	base_ocr_dotted	mthoṅ	no_release_change_introduced_current_dotted_token	authoritative_base_ocr	ནམ་མཐོང་ nam mthoṅ Bez. für das Mondhaus
wts_35_51	426	17	2	མཐོང	mthoṅ	base_ocr_dotted	mthoṅ	no_release_change_introduced_current_dotted_token	authoritative_base_ocr	ནམ་མཐོང་གོང་ nam mthoṅ goṅ Bez. für das
wts_35_51	426	17	3	གོང	goṅ	base_ocr_dotted	goṅ	no_release_change_introduced_current_dotted_token	authoritative_base_ocr	ནམ་མཐོང་གོང་ nam mthoṅ goṅ Bez. für das
wts_35_51	426	22	2	མཐོང	mthoṅ	base_ocr_dotted	mthoṅ	no_release_change_introduced_current_dotted_token	authoritative_base_ocr	ནམ་མཐོང་འོག་ nam mthoṅ 'og Bez. für das
wts_35_51	426	42	2	མནངས	mnaṅs	base_ocr_dotted	mnaṅs	no_release_change_introduced_current_dotted_token	authoritative_base_ocr	ནམ་མནངས་ nam mnaṅs
wts_35_51	428	8	2	ཚོང	tshoṅ	base_ocr_dotted	tshoṅ	no_release_change_introduced_current_dotted_token	authoritative_base_ocr	ནམ་ཚོང་ nam tshoṅ Inam 'tshon.
wts_35_51	428	32	2	རྫོང	rdzoṅ	base_ocr_dotted	rdzoṅ	no_release_change_introduced_current_dotted_token	authoritative_base_ocr	ནམ་རྫོང་ nam rdzoṅ Kurzf. für nam then rdzon
wts_35_51	430	1	2	ཡང	yaṅ	base_ocr_dotted	yaṅ	no_release_change_introduced_current_dotted_token	authoritative_base_ocr	ནམ་ཡང་ nam yaṅ
wts_35_51	430	2	2	ཡང	yaṅ	base_ocr_dotted	yaṅ	no_release_change_introduced_current_dotted_token	authoritative_base_ocr	ནམ་ཡང་ nam yaṅ auch nams kyani irgendwann
wts_35_51	430	54	2	རིང	riṅ	base_ocr_dotted	riṅ	no_release_change_introduced_current_dotted_token	authoritative_base_ocr	ནམ་རིང་ nam riṅ lange Zeit bzw. lange Nacht.
wts_35_51	430	61	2	ལངས	laṅs	base_ocr_dotted	laṅs	no_release_change_introduced_current_dotted_token	authoritative_base_ocr	ནམ་ལངས་པ་ nam laṅs pa auch nam lans Mor-
wts_35_51	431	1	2	སེང	seṅ	base_ocr_dotted	seṅ	no_release_change_introduced_current_dotted_token	authoritative_base_ocr	ནམ་སེང་ཙམ་ nam seṅ tsam
wts_35_51	431	2	2	སེང	seṅ	base_ocr_dotted	seṅ	no_release_change_introduced_current_dotted_token	authoritative_base_ocr	ནམ་སེང་ཙམ་ nam seṅ tsam Bez. für Morgen-
wts_35_51	431	20	2	ཀྱང	kyaṅ	base_ocr_dotted	kyaṅ	no_release_change_introduced_current_dotted_token	authoritative_base_ocr	ནམས་ཀྱང་ nams kyaṅ Inam yaṅ.
wts_35_51	432	19	2	རིང	riṅ	base_ocr_dotted	riṅ	no_release_change_introduced_current_dotted_token	authoritative_base_ocr	ནར་རིང་ nar riṅ länglich.
wts_35_51	432	27	2	ལོངས	loṅs	base_ocr_dotted	loṅs	no_release_change_introduced_current_dotted_token	authoritative_base_ocr	ནར་ལོངས་ nar loṅs das rechte, passende Alter
wts_35_51	444	1	4	ཤིང	Siṅ	base_ocr_dotted	Siṅ	no_release_change_introduced_current_dotted_token	authoritative_base_ocr	ནས་ཀྱི་འཁྲི་ཤིང་ nas kyi 'khri Siṅ
wts_35_51	444	17	4	ཤིང	Siṅ	reviewed_exact_final_ng	Sin	reviewed_tibetan_exact_final_ng_source_compatible	source_compatible_shing_consensus_batch_20260727	ནས་ཀྱི་འཁྲི་ཤིང་ nas kyi 'khri Siṅ.
wts_35_51	444	42	2	རྗང	rjaṅ	base_ocr_dotted	rjaṅ	no_release_change_introduced_current_dotted_token	authoritative_base_ocr	ནས་རྗང་ mas rjaṅ Getreidespeicher.
wts_35_51	444	45	2	དང	daṅ	base_ocr_dotted	daṅ	no_release_change_introduced_current_dotted_token	authoritative_base_ocr	ནས་དང་བྲལ་བ་ nas daṅ bral ba Eingeweide-
wts_35_51	444	69	2	སྦྱང	sbyaṅ	base_ocr_dotted	sbyaṅ	no_release_change_introduced_current_dotted_token	authoritative_base_ocr	ནས་སྦྱང་ nas sbyaṅ Getreidespeicher.
wts_35_51	457	24	4	སྐྱོང	skyoṅ	base_ocr_dotted	skyoṅ	no_release_change_introduced_current_dotted_token	authoritative_base_ocr	ནུབ་ཀྱི་ཕྱོགས་སྐྱོང་ nub kyi phyogs skyoṅ Beiname
wts_35_51	457	28	4	ལང	laṅ	base_ocr_dotted	laṅ	no_release_change_introduced_current_dotted_token	authoritative_base_ocr	ནུབ་ཀྱི་བ་ལང་སྤྱོད་ nub kyi ba laṅ spyod ein Kon-
wts_35_51	458	57	2	བྱང	byaṅ	reviewed_exact_final_ng	byan	reviewed_tibetan_exact_final_ng_consensus	tibetan_byang_consensus_batch_20260726	ནུབ་བྱང་ nub byaṅ.
wts_35_51	459	1	2	བྱང	byaṅ	base_ocr_dotted	byaṅ	no_release_change_introduced_current_dotted_token	authoritative_base_ocr	ནུབ་བྱང་བདག་པོ་ nub byaṅ bdag po
wts_35_51	465	1	3	སྟོང	stoṅ	base_ocr_dotted	stoṅ	no_release_change_introduced_current_dotted_token	authoritative_base_ocr	ནུས་པ་སྟོང་ལྡན་ nus pa stoṅ ldan
wts_35_51	465	13	3	སྟོང	stoṅ	base_ocr_dotted	stoṅ	no_release_change_introduced_current_dotted_token	authoritative_base_ocr	ནུས་པ་སྟོང་ལྡན་ mus pa stoṅ ldan Bez. für das
wts_35_51	465	16	3	དང	daṅ	base_ocr_dotted	daṅ	no_release_change_introduced_current_dotted_token	authoritative_base_ocr	ནུས་པ་དང་ལྡན་པ་ nus pa daṅ ldan pa tnus ldan.
wts_35_51	465	41	2	ཆུང	chuṅ	unknown	chun	ambiguous_change_or_token_position		ནེ་ཆུང་ ne chuṅ npr. auch gSen-za ne'u chuṅ-
wts_35_51	465	67	2	ཐང	thaṅ	base_ocr_dotted	thaṅ	no_release_change_introduced_current_dotted_token	authoritative_base_ocr	ནེ་ཐང་ ne thaṅ Parkanlage.
wts_35_51	467	28	2	སང	siṅ	base_ocr_dotted	siṅ	no_release_change_introduced_current_dotted_token	authoritative_base_ocr	ན་སང་ ne siṅ lne'u gsin.
wts_35_51	468	43	2	ཐང	thaṅ	base_ocr_dotted	thaṅ	no_release_change_introduced_current_dotted_token	authoritative_base_ocr	"ནེའུ་ཐང་ ne'u thaṅ npr. ""die Ebene mit Gras-"
wts_35_51	468	56	2	ལྡང	ldeṅ	other_postprocess	Ideṅ	confusable_initial_I_to_l_strong_context	A	ནེའུ་ལྡང་ ne'u ldeṅ auch ne'u Idans gleichaltrig,
wts_35_51	470	40	1	ནངས	NOoṅs	base_ocr_dotted	NOoṅs	no_release_change_introduced_current_dotted_token	authoritative_base_ocr	ནངས་ NOoṅs
wts_35_51	471	1	1	ནོངས	noṅs	base_ocr_dotted	noṅs	no_release_change_introduced_current_dotted_token	authoritative_base_ocr	ནོངས་སྤྱོད་ noṅs spyod
wts_35_51	471	32	1	ནོངས	noṅs	base_ocr_dotted	noṅs	no_release_change_introduced_current_dotted_token	authoritative_base_ocr	ནོངས་མྱིག་ noṅs myig Vergehen.
wts_35_51	472	1	2	ཆུང	chuṅ	base_ocr_dotted	chuṅ	no_release_change_introduced_current_dotted_token	authoritative_base_ocr	ནོན་ཆུང་ non chuṅ
wts_35_51	472	64	2	ཆུང	chuṅ	base_ocr_dotted	chuṅ	no_release_change_introduced_current_dotted_token	authoritative_base_ocr	ནོན་ཆུང non chuṅ glanzlos.
wts_35_51	476	1	2	སྐྱོང	skyoṅ	base_ocr_dotted	skyoṅ	no_release_change_introduced_current_dotted_token	authoritative_base_ocr	ནོར་སྐྱོང་ nor skyoṅ
wts_35_51	476	14	2	སྐྱོང	skyoṅ	reviewed_exact_final_ng	skyon	reviewed_tibetan_exact_final_ng_consensus	tibetan_skyong_consensus_batch_20260720	ནོར་སྐྱོང་ nor skyoṅ.
wts_35_51	476	26	3	བླང	blaṅ	base_ocr_dotted	blaṅ	no_release_change_introduced_current_dotted_token	authoritative_base_ocr	"ནོར་ཁྱིམ་བླང་ nor khyim blaṅ ""Erlangen 'des"
wts_35_51	476	57	3	དབང	dbaṅ	base_ocr_dotted	dbaṅ	no_release_change_introduced_current_dotted_token	authoritative_base_ocr	རྭ་གི་དབང་ཕྲག་ nor gyi dbaṅ phyug Beiname
wts_35_51	478	17	2	དང	daṅ	base_ocr_dotted	daṅ	no_release_change_introduced_current_dotted_token	authoritative_base_ocr	ནར་དང་འདྲ་བ་ nor daṅ 'dra ba Aquivalent, Er-
wts_35_51	481	3	3	འཆིང	chiṅ	base_ocr_dotted	chiṅ	no_release_change_introduced_current_dotted_token	authoritative_base_ocr	ནོར་བུ་འཆིང་བ་ nor bu 'chiṅ ba Bez. für das
wts_35_51	481	19	3	བཟང	bzaṅ	base_ocr_dotted	bzaṅ	no_release_change_introduced_current_dotted_token	authoritative_base_ocr	ནོར་བུ་བཟང་པོ་ nor bu bzaṅ po.
wts_35_51	482	7	4	ཤིང	siṅ	base_ocr_dotted	siṅ	no_release_change_introduced_current_dotted_token	authoritative_base_ocr	ར་པའི་ལཁེ་ཤིང་ nor bu' 'khri siṅ Bez. für Ko-
wts_35_51	483	4	3	གཅུང	gcuṅ	base_ocr_dotted	gcuṅ	no_release_change_introduced_current_dotted_token	authoritative_base_ocr	ནོར་སྦྱིན་གཅུང་པོ་ nor sbyin gcuṅ po Beiname
wts_35_51	483	14	3	དབང	dbaṅ	base_ocr_dotted	dbaṅ	no_release_change_introduced_current_dotted_token	authoritative_base_ocr	ར་སྟྲིན་དབང་པོ་ nor sbyin dbaṅ po Beiname
wts_35_51	483	23	2	མང	maṅ	base_ocr_dotted	maṅ	no_release_change_introduced_current_dotted_token	authoritative_base_ocr	ནར་མང་པོ་ nor maṅ po.
wts_35_51	483	62	3	སྐྱོང	skyoṅ	base_ocr_dotted	skyoṅ	no_release_change_introduced_current_dotted_token	authoritative_base_ocr	ནོར་འཛིན་སྐྱོང་བ་ nor 'dzin skyoṅ ba Bez. für Kö-
wts_35_51	484	22	2	བཟང	bzaṅ	base_ocr_dotted	bzaṅ	no_release_change_introduced_current_dotted_token	authoritative_base_ocr	ནོར་བཟང་ nor bzaṅ auch nor bzans.
wts_35_51	487	38	1	གནང	gnaṅ	base_ocr_dotted	gnaṅ	no_release_change_introduced_current_dotted_token	authoritative_base_ocr	གནང་ gnaṅ
wts_35_51	487	60	1	གནང	gnaṅ	base_ocr_dotted	gnaṅ	no_release_change_introduced_current_dotted_token	authoritative_base_ocr	གནང་ gnaṅ auch grans.
wts_35_51	488	48	1	གནང	graṅ	base_ocr_dotted	graṅ	no_release_change_introduced_current_dotted_token	authoritative_base_ocr	གནང་ graṅ
wts_35_51	489	1	1	གནང	gnaṅ	base_ocr_dotted	gnaṅ	no_release_change_introduced_current_dotted_token	authoritative_base_ocr	གནང་ gnaṅ
wts_35_51	489	48	1	གནང	gnaṅ	base_ocr_dotted	gnaṅ	no_release_change_introduced_current_dotted_token	authoritative_base_ocr	གནང་ gnaṅ
wts_35_51	490	1	1	གནང	gnaṅ	base_ocr_dotted	gnaṅ	no_release_change_introduced_current_dotted_token	authoritative_base_ocr	གནང་ gnaṅ
wts_35_51	490	48	1	གནང	gnaṅ	base_ocr_dotted	gnaṅ	no_release_change_introduced_current_dotted_token	authoritative_base_ocr	གནང་ gnaṅ
wts_35_51	491	1	1	གནང	gnaṅ	base_ocr_dotted	gnaṅ	no_release_change_introduced_current_dotted_token	authoritative_base_ocr	གནང་བཀག་ gnaṅ bkag
wts_35_51	491	47	1	གནང	gnaṅ	base_ocr_dotted	gnaṅ	no_release_change_introduced_current_dotted_token	authoritative_base_ocr	གནང་ཁང་ gnaṅ khani
wts_35_51	492	1	1	གནང	gnaṅ	base_ocr_dotted	gnaṅ	no_release_change_introduced_current_dotted_token	authoritative_base_ocr	གནང་ཅེན་ gnaṅ cen
wts_35_51	492	7	1	གནང	graṅ	base_ocr_dotted	graṅ	no_release_change_introduced_current_dotted_token	authoritative_base_ocr	གནང་ཅེན་ graṅ cen Ignan chen.
wts_35_51	492	8	1	གནང	gnaṅ	base_ocr_dotted	gnaṅ	no_release_change_introduced_current_dotted_token	authoritative_base_ocr	གནང་ཆ་ gnaṅ cha resp. Geschenk, Gabe, Be-
wts_35_51	492	11	1	གནང	graṅ	base_ocr_dotted	graṅ	no_release_change_introduced_current_dotted_token	authoritative_base_ocr	གནང་ཆེན་ graṅ chen auch gnaṅ cen.
wts_35_51	492	25	1	གནང	gnaṅ	base_ocr_dotted	gnaṅ	no_release_change_introduced_current_dotted_token	authoritative_base_ocr	གནང་རྟེན་ gnaṅ rten Briefbeigabe.
wts_35_51	492	32	1	གནང	graṅ	base_ocr_dotted	graṅ	no_release_change_introduced_current_dotted_token	authoritative_base_ocr	གནང་པྦྱན graṅ sbyin Gabe, Geschenk
wts_35_51	496	30	2	སྐྱོང	skyoṅ	base_ocr_dotted	skyoṅ	no_release_change_introduced_current_dotted_token	authoritative_base_ocr	གནམ་སྐྱོང་ gnam skyoṅ Bez. für den chinesi-
wts_35_51	497	1	3	ཞེང	zeṅ	base_ocr_dotted	zeṅ	no_release_change_introduced_current_dotted_token	authoritative_base_ocr	གནམ་ཁ་ཞེང་ gngnam kha zeṅ gnam beud
wts_35_51	497	2	8	གང	gaṅ	other_postprocess	gañ	explicit_user_allowlist	A	übernommen hatte, war sein Sohn, gNam- གནམ་གང་ gram gaṅ auch nam gar Neumond.
wts_35_51	497	7	3	ཞེང	Zeṅ	base_ocr_dotted	Zeṅ	no_release_change_introduced_current_dotted_token	authoritative_base_ocr	གནམ་ཁ་ཞེང་ gnam kha Zeṅ der Himmel, das tshes sum cu la (Dagy); nam gaṅ = ñi zla lhan
wts_35_51	497	18	2	ཁུང	khuṅ	base_ocr_dotted	khuṅ	no_release_change_introduced_current_dotted_token	authoritative_base_ocr	གནམ་ཁུང་ gram khuṅ die Ausdehnung des
wts_35_51	498	28	5	ལུང	luṅ	reviewed_exact_final_ng	luh	reviewed_tibetan_exact_final_ng_source_compatible	source_compatible_lung_consensus_batch_20260727	གནམ་གྱི་བྱེ་མ་ལུང་པ་ gram gyi bye ma luṅ pa
wts_35_51	499	6	4	ཐང	thaṅ	base_ocr_dotted	thaṅ	no_release_change_introduced_current_dotted_token	authoritative_base_ocr	གནམ གྲུའེ་འབབ ཐང་ vum gra'i bab thaṅ Ylug
wts_35_51	499	15	2	རྒྱང	rgyaṅ	other_postprocess	rgyañ	confusable_to_headword	A	གནམ་རྒྱང་ sram rgyaṅ.
wts_35_51	501	27	2	མཐོང	mthoṅ	base_ocr_dotted	mthoṅ	no_release_change_introduced_current_dotted_token	authoritative_base_ocr	གནམ་མཐོང་ gnam mthoṅ Lichthof.
wts_35_51	501	39	2	འཕང	phaṅ	base_ocr_dotted	phaṅ	no_release_change_introduced_current_dotted_token	authoritative_base_ocr	གནམ་འཕང་ gnam 'phaṅ
wts_35_51	501	70	2	འཕང	phaṅ	base_ocr_dotted	phaṅ	no_release_change_introduced_current_dotted_token	authoritative_base_ocr	གནམ་འཕང་ gnam 'phaṅ auch gnam 'phans Hö-
wts_35_51	503	79	2	ལངས	laṅs	base_ocr_dotted	laṅs	no_release_change_introduced_current_dotted_token	authoritative_base_ocr	གནམ་ལངས་པ་ gnam laṅs pa Tagesanbruch,
wts_35_51	504	43	3	བྱང	byaṅ	base_ocr_dotted	byaṅ	no_release_change_introduced_current_dotted_token	authoritative_base_ocr	གནམ་ལྷ་བྱང་ཆུབ་ gnam lha byaṅ chub
wts_35_51	505	1	3	བྱང	byaṅ	reviewed_exact_final_ng	byan	reviewed_tibetan_exact_final_ng_consensus	tibetan_byang_consensus_batch_20260726	"གནམ་ལྷ་བྱང་སྨན་་ ""་ gram lba byaṅ sman"
wts_35_51	519	31	2	ཁང	khaṅ	base_ocr_dotted	khaṅ	no_release_change_introduced_current_dotted_token	authoritative_base_ocr	གནས་ཁང་ gras khaṅ Wohnstätte, Wohnhaus,
wts_35_51	523	33	2	ཐང	thaṅ	base_ocr_dotted	thaṅ	no_release_change_introduced_current_dotted_token	authoritative_base_ocr	གནས་ཐང་ gnas thaṅ npr. ein Ort in [1630
wts_35_51	523	35	2	དང	daṅ	base_ocr_dotted	daṅ	no_release_change_introduced_current_dotted_token	authoritative_base_ocr	གནས་དང་རྟེན་ gnas daṅ rten Tgnas rten.
wts_35_51	523	40	3	དབྱུང	dbyuṅ	base_ocr_dotted	dbyuṅ	no_release_change_introduced_current_dotted_token	authoritative_base_ocr	གནས་ནས་དབྱུང་ gnas nas dbyuṅ
wts_35_51	523	58	3	ཕྱུང	phyuṅ	base_ocr_dotted	phyuṅ	no_release_change_introduced_current_dotted_token	authoritative_base_ocr	གནས་ནས་ཕྱུང་ gnas nas phyuṅ pf. zu Ignas nas
wts_35_51	523	67	3	དབྱུང	dbyuṅ	base_ocr_dotted	dbyuṅ	no_release_change_introduced_current_dotted_token	authoritative_base_ocr	གནས་ནས་དབྱུང་ gnas nas dbyuṅ auch gnas
wts_35_51	526	13	2	དབྱུང	dbyuṅ	base_ocr_dotted	dbyuṅ	no_release_change_introduced_current_dotted_token	authoritative_base_ocr	གནས་དབྱུང་ gnas dbyuṅ Tgnas nas dbyun.
wts_35_51	528	25	2	གཙང	gtsaṅ	base_ocr_dotted	gtsaṅ	no_release_change_introduced_current_dotted_token	authoritative_base_ocr	"གནས་གཙང་མ་ gnas gtsaṅ ma ""reiner Bereich"","
wts_35_51	528	32	2	ཚང	tshaṅ	base_ocr_dotted	tshaṅ	no_release_change_introduced_current_dotted_token	authoritative_base_ocr	གནས་ཚང་ gras tshaṅ Unterkunft, Wohnstätte,
wts_35_51	531	13	2	སྲུང	sruṅ	base_ocr_dotted	sruṅ	no_release_change_introduced_current_dotted_token	authoritative_base_ocr	གནས་སྲུང་ gnas sruṅ auch gras bsrun Schutz-
wts_35_51	531	19	2	སྲུང	sruṅ	base_ocr_dotted	sruṅ	no_release_change_introduced_current_dotted_token	authoritative_base_ocr	གནས་སྲུང་པོ་ gras sruṅ po.
wts_35_51	531	35	2	བསྲུང	bsruṅ	base_ocr_dotted	bsruṅ	no_release_change_introduced_current_dotted_token	authoritative_base_ocr	གནས་བསྲུང་ guas bsruṅ Tgnas sruṅ.
wts_35_51	532	4	1	གནོང	gnoṅ	base_ocr_dotted	gnoṅ	no_release_change_introduced_current_dotted_token	authoritative_base_ocr	གནོང་ gnoṅ bedauern, bereuen, verlegen sein;
wts_35_51	537	46	3	གང	gaṅ	base_ocr_dotted	gaṅ	no_release_change_introduced_current_dotted_token	authoritative_base_ocr	གནོད་སྦྱིན་གང་བཟང་ grod sbyin gaṅ bzar
wts_35_51	539	29	3	སྤོང	spoṅ	reviewed_exact_final_ng	spoh	reviewed_tibetan_exact_final_ng_consensus	tibetan_spong_consensus_batch_20260726	"གནོད་སེམས་སྤོང་བ་ gnod ses spoṅ ba ""Aufge-"
wts_35_51	540	43	1	མནངས	mnaṅs	base_ocr_dotted	mnaṅs	no_release_change_introduced_current_dotted_token	authoritative_base_ocr	མནངས་ mnaṅs
wts_35_51	540	74	1	མནངས	mmaṅs	base_ocr_dotted	mmaṅs	no_release_change_introduced_current_dotted_token	authoritative_base_ocr	མནངས་ mmaṅs auch — pa.
wts_35_51	547	8	2	ཆུང	chuṅ	unknown	chun	ambiguous_change_or_token_position		མནོག་ཆུང་ mnog chuṅ Tninag chuṅ.
wts_35_51	549	47	2	ཁུང	khuṅ	base_ocr_dotted	khuṅ	no_release_change_introduced_current_dotted_token	authoritative_base_ocr	རྣ་ཁུང་ཆུང་ rna khuṅ chuṅ
wts_35_51	549	47	3	ཆུང	chuṅ	base_ocr_dotted	chuṅ	no_release_change_introduced_current_dotted_token	authoritative_base_ocr	རྣ་ཁུང་ཆུང་ rna khuṅ chuṅ
wts_35_51	549	75	2	བཀང	bkaṅ	unknown	bkan	ambiguous_change_or_token_position		རྣ་བཀང་ rma bkaṅ auch rna ga bkaṅ, rma gru
wts_35_51	549	83	2	ཁུང	khuṅ	base_ocr_dotted	khuṅ	no_release_change_introduced_current_dotted_token	authoritative_base_ocr	རྣ་ཁུང་ ma khuṅ Öffnung des Ohres.
wts_35_51	549	85	2	ཁུང	khuṅ	base_ocr_dotted	khuṅ	no_release_change_introduced_current_dotted_token	authoritative_base_ocr	རྣ་ཁུང་ཆུང་ ma khuṅ chuṅ Bez. für jmdn. mit
wts_35_51	549	85	3	ཆུང	chuṅ	base_ocr_dotted	chuṅ	no_release_change_introduced_current_dotted_token	authoritative_base_ocr	རྣ་ཁུང་ཆུང་ ma khuṅ chuṅ Bez. für jmdn. mit
wts_35_51	550	9	3	བཀང	bkaṅ	base_ocr_dotted	bkaṅ	no_release_change_introduced_current_dotted_token	authoritative_base_ocr	རྣ་གྲུ་བཀང་ rna gru bkaṅ Trna bkan.
wts_35_51	551	41	3	ཀློངས	kroṅs	base_ocr_dotted	kroṅs	no_release_change_introduced_current_dotted_token	authoritative_base_ocr	རྣ་བ་ཀློངས་ rna ba kroṅs die Ohren aufstellen,
wts_35_51	552	38	2	སྦྲང	sbraṅ	base_ocr_dotted	sbraṅ	no_release_change_introduced_current_dotted_token	authoritative_base_ocr	རྣ་སྦྲང་ rna sbraṅ
wts_35_51	552	64	2	བྲང	braṅ	base_ocr_dotted	braṅ	no_release_change_introduced_current_dotted_token	authoritative_base_ocr	རྣ་བྲང་ rna braṅ Irma sbran.
wts_35_51	553	29	2	ལུང	laṅ	base_ocr_dotted	laṅ	no_release_change_introduced_current_dotted_token	authoritative_base_ocr	རྣ་ལུང་ ma laṅ Ohrring, Ohrschmuck.
wts_35_51	554	14	1	རྣང	maṅ	base_ocr_dotted	maṅ	no_release_change_introduced_current_dotted_token	authoritative_base_ocr	རྣང་ 'maṅ pf. Ibrnans fur. Ibrnan 1111 Hals
wts_35_51	554	25	1	རྣང	maṅ	base_ocr_dotted	maṅ	no_release_change_introduced_current_dotted_token	authoritative_base_ocr	རྣང་རྒལ་ maṅ rgal Bewässerungsgraben, Was-
wts_35_51	554	32	1	རྣང	rnaṅ	base_ocr_dotted	rnaṅ	no_release_change_introduced_current_dotted_token	authoritative_base_ocr	རྣང་མ་ rnaṅ ma Quelle.
wts_35_51	555	5	2	ཁེངས	kheṅs	base_ocr_dotted	kheṅs	no_release_change_introduced_current_dotted_token	authoritative_base_ocr	རྣམ་ཁེངས་ rnam kheṅs voll sein, ausfüllen.
wts_35_51	555	41	2	གྲངས	graṅs	base_ocr_dotted	graṅs	no_release_change_introduced_current_dotted_token	authoritative_base_ocr	རྣམ་གྲངས་ mam graṅs
wts_35_51	556	60	3	གླིང	ciṅ	base_ocr_dotted	ciṅ	no_release_change_introduced_current_dotted_token	authoritative_base_ocr	རྣམ་གྲོལ་གླིང་ rnam grolglin ciṅ Kloster in Süd- ehane
wts_35_51	558	33	3	ཤིང	Siṅ	base_ocr_dotted	Siṅ	no_release_change_introduced_current_dotted_token	authoritative_base_ocr	རྣམ་རྒྱལ་ཤིང་ rnam rgyal Siṅ cin Baum, skt.
wts_35_51	561	2	2	མཐང	mthoṅ	base_ocr_dotted	mthoṅ	no_release_change_introduced_current_dotted_token	authoritative_base_ocr	རྣམ་མཐང་ rnam mthoṅ
wts_35_51	561	35	2	མཐོང	mthoṅ	other_postprocess	mthoñ	confusable_to_headword	A	རྣམ་མཐོང་ rnam mthoṅ.
wts_35_51	562	1	4	གླིང	gliṅ	base_ocr_dotted	gliṅ	no_release_change_introduced_current_dotted_token	authoritative_base_ocr	རྣམ་དག་ཁྲིམས་གླིང་ rnam dag kbrims gliṅ
wts_35_51	562	61	4	གླིང	gliṅ	base_ocr_dotted	gliṅ	no_release_change_introduced_current_dotted_token	authoritative_base_ocr	རྣམ་དག་ ཁྲིམས་ གླིང་ mmam dag khrims gliṅ auch
wts_35_51	572	1	3	གྱེང	gyeṅ	base_ocr_dotted	gyeṅ	no_release_change_introduced_current_dotted_token	authoritative_base_ocr	རྣམ་པར་གྱེང་བ་ rnam par gyeṅ ba
wts_35_51	572	2	3	གྱེང	gyeṅ	base_ocr_dotted	gyeṅ	no_release_change_introduced_current_dotted_token	authoritative_base_ocr	རྣམ་པར་གྱེང་བ་ rnam par gyeṅ ba Abschwei-
wts_35_51	576	1	3	བསྒྱིངས	bsgyiṅs	base_ocr_dotted	bsgyiṅs	no_release_change_introduced_current_dotted_token	authoritative_base_ocr	རྣམ་པར་བསྒྱིངས་ rnam par bsgyiṅs
wts_35_51	578	64	3	གཏོང	gtoṅ	base_ocr_dotted	gtoṅ	no_release_change_introduced_current_dotted_token	authoritative_base_ocr	རྣམ་པར་གཏོང་ man par gtoṅ pf. rnami par btani
wts_35_51	578	70	3	བཏང	btaṅ	base_ocr_dotted	btaṅ	no_release_change_introduced_current_dotted_token	authoritative_base_ocr	རྣམ་པར་བཏང་ mam par btaṅ pf. zu rmam par
wts_35_51	580	17	3	ལྟུང	ltuṅ	other_postprocess	Ituṅ	confusable_initial_I_to_l_strong_context	A	རྣམ་པར་ལྟུང་ rnam par ltuṅ schlecht ergehen.
wts_35_51	581	61	3	དང	daṅ	base_ocr_dotted	daṅ	no_release_change_introduced_current_dotted_token	authoritative_base_ocr	རྣམ་པར་དང་ mam par daṅ pf. rnam par daṅs Körper, der ihm lieb und vertraut ist, gibt
wts_35_51	582	1	3	ལྡང	ldaṅ	base_ocr_dotted	ldaṅ	no_release_change_introduced_current_dotted_token	authoritative_base_ocr	རྣམ་པར་ལྡང་ rnam par ldaṅ
wts_35_51	582	2	3	ལྡང	ldaṅ	base_ocr_dotted	ldaṅ	no_release_change_introduced_current_dotted_token	authoritative_base_ocr	རྣམ་པར་ལྡང་ mam par ldaṅ [Haare] sich sträu-
wts_35_51	582	7	3	སང	sdaṅ	base_ocr_dotted	sdaṅ	no_release_change_introduced_current_dotted_token	authoritative_base_ocr	རྣམ་པར་སང་ man par sdaṅ hassen; — 'gyur es
wts_35_51	583	15	3	སྣང	snaṅ	base_ocr_dotted	snaṅ	no_release_change_introduced_current_dotted_token	authoritative_base_ocr	རྣམ་པར་སྣང་མཛད་ mam par snaṅ mdzad Kurzf.
wts_35_51	584	31	3	སྤང	spaṅ	unknown	span	ambiguous_change_or_token_position		རྣམ་པར་སྤང་ mam par spaṅ Kurzf. rmam spaṅ
wts_35_51	584	37	3	སྤངས	spaṅs	base_ocr_dotted	spaṅs	no_release_change_introduced_current_dotted_token	authoritative_base_ocr	རྣམ་པར་སྤངས་ rnam par spaṅs Kurzf. mam
wts_35_51	584	43	3	སྤངས	spaṅs	base_ocr_dotted	spaṅs	no_release_change_introduced_current_dotted_token	authoritative_base_ocr	རྣམ་པར་སྤངས་ rmam par spaṅs
wts_35_51	585	21	3	སྤོང	spoṅ	base_ocr_dotted	spoṅ	no_release_change_introduced_current_dotted_token	authoritative_base_ocr	རྣམ་པར་སྤོང་ rnam par spoṅ pf. [?77/77?7 par spans
wts_35_51	589	30	3	སྦྱང	sbyaṅ	base_ocr_dotted	sbyaṅ	no_release_change_introduced_current_dotted_token	authoritative_base_ocr	རྣམ་པར་སྦྱང་ mam par sbyaṅ pf. mam par
wts_35_51	589	42	3	རྨེངས	rmoṅs	base_ocr_dotted	rmoṅs	no_release_change_introduced_current_dotted_token	authoritative_base_ocr	རྣམ་པར་རྨེངས་ rnam par rmoṅs
wts_35_51	589	45	3	སྦྱངས	sbyaṅs	base_ocr_dotted	sbyaṅs	no_release_change_introduced_current_dotted_token	authoritative_base_ocr	རྣམ་པར་སྦྱངས་ mam par sbyaṅs pf. zu mam par
wts_35_51	589	70	3	རྨོངས	rmoṅs	base_ocr_dotted	rmoṅs	no_release_change_introduced_current_dotted_token	authoritative_base_ocr	རྣམ་པར་རྨོངས་ mam par rmoṅs Kurzf. rmam
wts_35_51	595	22	3	རིང	riṅ	base_ocr_dotted	riṅ	no_release_change_introduced_current_dotted_token	authoritative_base_ocr	རྣམ་པར་རིང་ rnam par riṅ in lus ni — langglied-
wts_35_51	599	27	2	སྤང	spaṅ	base_ocr_dotted	spaṅ	no_release_change_introduced_current_dotted_token	authoritative_base_ocr	རྣམ་སྤང་ rnam spaṅ Irmam par span.
wts_35_51	599	28	2	སྤངས	spaṅs	unknown	spañs	ambiguous_change_or_token_position		རྣམ་སྤངས་ rnam spaṅs Tram par spaṅs.
wts_35_51	600	4	2	བྱང	byaṅ	base_ocr_dotted	byaṅ	no_release_change_introduced_current_dotted_token	authoritative_base_ocr	རྣམ་བྱང་ rnam byaṅ Irnam par byan ba.
wts_35_51	600	5	2	བྱུང	byuṅ	reviewed_exact_final_ng	byun	reviewed_tibetan_exact_final_ng_consensus	tibetan_byung_consensus_batch_20260726	རྣམ་བྱུང་ mam byuṅ.
wts_35_51	600	12	2	བྱུང	byuṅ	base_ocr_dotted	byuṅ	no_release_change_introduced_current_dotted_token	authoritative_base_ocr	རྣམ་བྱུང་ཆེན་པོ་ rnam byuṅ chen po lrnam 'byun rhen HO
wts_35_51	600	36	2	རྨེངས	rmoṅs	base_ocr_dotted	rmoṅs	no_release_change_introduced_current_dotted_token	authoritative_base_ocr	རྣམ་རྨེངས་ rnam rmoṅs
wts_35_51	611	2	3	གཏིང	gtiṅ	base_ocr_dotted	gtiṅ	no_release_change_introduced_current_dotted_token	authoritative_base_ocr	རྣོ་གཅོད་གཏིང་འབྱིན་ rno gcod gtiṅ 'byin a8
wts_35_51	611	55	12	གཏིང	gtiṅ	reviewed_exact_final_ng	gtin	reviewed_tibetan_exact_final_ng_consensus	tibetan_gting_consensus_batch_20260726	(brDa); gri dan rig pa sogs rno ba (Dagy). ལྣོད་གཅོད་གཏིང་འབྱིན་ mod gcod gtiṅ 'byin [7770
wts_35_51	616	12	2	ཁུང	khuṅ	base_ocr_dotted	khuṅ	no_release_change_introduced_current_dotted_token	authoritative_base_ocr	སྣ་ཁུང་ sna khuṅ Nasenloch.
wts_35_51	616	42	2	གོང	goṅ	base_ocr_dotted	goṅ	no_release_change_introduced_current_dotted_token	authoritative_base_ocr	སྣ་གོང་ sna goṅ die Stelle zwischen den beiden
wts_35_51	616	48	2	གྲངས	graṅs	base_ocr_dotted	graṅs	no_release_change_introduced_current_dotted_token	authoritative_base_ocr	སྣ་གྲངས་ sna graṅs Arten, Anzahl von.
wts_35_51	618	22	2	ཐུང	thuṅ	base_ocr_dotted	thuṅ	no_release_change_introduced_current_dotted_token	authoritative_base_ocr	སྣ་ཐུང་ sna thuṅ sehr verärgert, aufbrausend.
wts_35_51	618	28	2	དྲངས	draṅs	base_ocr_dotted	draṅs	no_release_change_introduced_current_dotted_token	authoritative_base_ocr	སྣ་དྲངས་ sna draṅs pf. zu Isna 'dren führen, lei-
wts_35_51	618	35	2	གདོངས	gdoṅs	base_ocr_dotted	gdoṅs	no_release_change_introduced_current_dotted_token	authoritative_base_ocr	སྣ་གདོངས་ sna gdoṅs auch sna gdon.
wts_35_51	620	15	2	བླངས	blaṅs	base_ocr_dotted	blaṅs	no_release_change_introduced_current_dotted_token	authoritative_base_ocr	སྣ་བླངས་ na blaṅs pf. zu !sna len entgegenge-
wts_35_51	624	17	3	གཏོང	gtoṅ	base_ocr_dotted	gtoṅ	no_release_change_introduced_current_dotted_token	authoritative_base_ocr	སྣ་ཚོགས་གཏོང་བ་ sna tshogs gtoṅ ba Beiname
wts_35_51	626	1	3	ཤིང	Siṅ	base_ocr_dotted	Siṅ	no_release_change_introduced_current_dotted_token	authoritative_base_ocr	སྣ་ཚོགས་ཤིང་རྟ་ sna tshogs Siṅ rta
wts_35_51	626	2	3	ཤིང	siṅ	base_ocr_dotted	siṅ	no_release_change_introduced_current_dotted_token	authoritative_base_ocr	སྣ་ཚོགས་ཤིང་རྟ་ sna tshogs siṅ vta.
wts_35_51	629	40	1	སྣང	snaṅ	base_ocr_dotted	snaṅ	no_release_change_introduced_current_dotted_token	authoritative_base_ocr	སྣང་ snaṅ
wts_35_51	630	1	1	སྣང	snaṅ	base_ocr_dotted	snaṅ	no_release_change_introduced_current_dotted_token	authoritative_base_ocr	སྣང་ snaṅ
wts_35_51	630	48	1	སྣང	snaṅ	base_ocr_dotted	snaṅ	no_release_change_introduced_current_dotted_token	authoritative_base_ocr	སྣང་ snaṅ
wts_35_51	631	1	1	སྣང	snaṅ	base_ocr_dotted	snaṅ	no_release_change_introduced_current_dotted_token	authoritative_base_ocr	སྣང་ snaṅ
wts_35_51	631	48	1	སྣང	snaṅ	base_ocr_dotted	snaṅ	no_release_change_introduced_current_dotted_token	authoritative_base_ocr	སྣང་ snaṅ
wts_35_51	632	1	1	སྣང	snaṅ	base_ocr_dotted	snaṅ	no_release_change_introduced_current_dotted_token	authoritative_base_ocr	སྣང་གྲག་ snaṅ grag
wts_35_51	632	48	1	སྣང	snaṅ	base_ocr_dotted	snaṅ	no_release_change_introduced_current_dotted_token	authoritative_base_ocr	སྣང་ང་ snaṅ no
wts_35_51	632	63	1	སྣང	snaṅ	base_ocr_dotted	snaṅ	no_release_change_introduced_current_dotted_token	authoritative_base_ocr	སྣང་གྲག་ snaṅ grag Sehen und Hören.
wts_35_51	633	1	1	སྙང	snaṅ	base_ocr_dotted	snaṅ	no_release_change_introduced_current_dotted_token	authoritative_base_ocr	སྙང་ཆུང་ snaṅ chuṅ
wts_35_51	633	1	2	ཆུང	chuṅ	base_ocr_dotted	chuṅ	no_release_change_introduced_current_dotted_token	authoritative_base_ocr	སྙང་ཆུང་ snaṅ chuṅ
wts_35_51	633	19	1	སྣང	snaṅ	unknown	snan	ambiguous_change_or_token_position		སྣང་བརྙན་ snaṅ brūan auch snaṅ
wts_35_51	633	41	1	སྣང	snaṅ	unknown	snan	ambiguous_change_or_token_position		སྣང་མཐའ་ཡས་པ་ snaṅ mtha' yas pa \snaṅ ba
wts_35_51	633	43	1	སྣང	snaṅ	base_ocr_dotted	snaṅ	no_release_change_introduced_current_dotted_token	authoritative_base_ocr	སྣང་བ་ snaṅ ba
wts_35_51	634	1	1	སྙང	snaṅ	base_ocr_dotted	snaṅ	no_release_change_introduced_current_dotted_token	authoritative_base_ocr	སྙང་བ་ snaṅ ba
wts_35_51	634	49	1	སྣང	snaṅ	base_ocr_dotted	snaṅ	no_release_change_introduced_current_dotted_token	authoritative_base_ocr	སྣང་བ་ snaṅ ba
wts_35_51	635	1	1	སྣང	snaṅ	base_ocr_dotted	snaṅ	no_release_change_introduced_current_dotted_token	authoritative_base_ocr	སྣང་བ་མཆེད་པ་ snaṅ ba mched pa
wts_35_51	635	5	1	སྣང	snaṅ	base_ocr_dotted	snaṅ	no_release_change_introduced_current_dotted_token	authoritative_base_ocr	སྣང་བ་ནས་སྣང་་ snaṅ ba nas snaṅ
wts_35_51	635	5	4	སྣང	snaṅ	base_ocr_dotted	snaṅ	no_release_change_introduced_current_dotted_token	authoritative_base_ocr	སྣང་བ་ནས་སྣང་་ snaṅ ba nas snaṅ
wts_35_51	636	1	1	སྣང	snaṅ	base_ocr_dotted	snaṅ	no_release_change_introduced_current_dotted_token	authoritative_base_ocr	སྣང་བ་ནས་མུན་་ snaṅ ba nas mun
wts_35_51	636	10	1	སྣང	snaṅ	base_ocr_dotted	snaṅ	no_release_change_introduced_current_dotted_token	authoritative_base_ocr	སྣང་བ་མེད་པ་ snaṅ ba med pa ↑ snaṅ med.
wts_35_51	636	11	1	སྣང	snaṅ	base_ocr_dotted	snaṅ	no_release_change_introduced_current_dotted_token	authoritative_base_ocr	སྣང་བ་མཛེས་འབྱུང་ snaṅ ba mdzes 'byuṅ npr. ein
wts_35_51	636	11	4	འབྱུང	byuṅ	base_ocr_dotted	byuṅ	no_release_change_introduced_current_dotted_token	authoritative_base_ocr	སྣང་བ་མཛེས་འབྱུང་ snaṅ ba mdzes 'byuṅ npr. ein
wts_35_51	636	15	1	ང	snaṅ	base_ocr_dotted	snaṅ	no_release_change_introduced_current_dotted_token	authoritative_base_ocr	ང་བ་ཟློག་བྱེད་ snaṅ ba zlog byed Bez. für
wts_35_51	636	18	1	སྣང	snaṅ	base_ocr_dotted	snaṅ	no_release_change_introduced_current_dotted_token	authoritative_base_ocr	སྣང་བ་གཟིགས་པ་ snaṅ ba gzigs pa npr. ein Bud-
wts_35_51	636	28	1	སྣང	snaṅ	base_ocr_dotted	snaṅ	no_release_change_introduced_current_dotted_token	authoritative_base_ocr	སྣང་བ་གསལ་བ་ snaṅ ba gsal ba ein Samādhi.
wts_35_51	636	31	1	སྣང	snaṅ	base_ocr_dotted	snaṅ	no_release_change_introduced_current_dotted_token	authoritative_base_ocr	སྣང་བའི་ཁུང་ snaṅ ba' khuṅ Tenster, Tür.
wts_35_51	636	31	3	ཁུང	khuṅ	base_ocr_dotted	khuṅ	no_release_change_introduced_current_dotted_token	authoritative_base_ocr	སྣང་བའི་ཁུང་ snaṅ ba' khuṅ Tenster, Tür.
wts_35_51	636	34	1	སྣང	snaṅ	base_ocr_dotted	snaṅ	no_release_change_introduced_current_dotted_token	authoritative_base_ocr	སྣང་བའི་བདག་པོ་ snaṅ ba'i bdag po Bez. für die © , , ._
wts_35_51	636	37	1	སྣང	snaṅ	base_ocr_dotted	snaṅ	no_release_change_introduced_current_dotted_token	authoritative_base_ocr	སྣང་མ་པ་ snaṅ ma pa
wts_35_51	636	41	1	སྣང	snaṅ	base_ocr_dotted	snaṅ	no_release_change_introduced_current_dotted_token	authoritative_base_ocr	སྣང་བའི་མུ་ཁྱུད་ snaṅ ba' mn khyud Bez. für
wts_35_51	636	44	1	སྣང	snaṅ	base_ocr_dotted	snaṅ	no_release_change_introduced_current_dotted_token	authoritative_base_ocr	སྣང་བའི་མཛོད་ snaṅ ba'i mdzod Bez. für Sonne.
wts_35_51	636	47	1	སྣང	snaṅ	base_ocr_dotted	snaṅ	no_release_change_introduced_current_dotted_token	authoritative_base_ocr	སྣང་བའི་འོད་ཟེར་ snaṅ ba'i 'od zer npr. ein Bud-
wts_35_51	636	50	1	སྣང	snaṅ	reviewed_exact_final_ng	snah	reviewed_tibetan_exact_final_ng_consensus	tibetan_snang_consensus_batch_20260726	སྣང་བར་བྱེད་པ་ snaṅ bar byed pa ↑ snaṅ.
wts_35_51	636	57	1	སྣང	snaṅ	base_ocr_dotted	snaṅ	no_release_change_introduced_current_dotted_token	authoritative_base_ocr	སྣང་བྱེད་ snaṅ byed.
wts_35_51	637	1	1	སྣང	snaṅ	base_ocr_dotted	snaṅ	no_release_change_introduced_current_dotted_token	authoritative_base_ocr	སྣང་མུན་ snaṅ mun
wts_35_51	637	2	1	སྟང	snaṅ	base_ocr_dotted	snaṅ	no_release_change_introduced_current_dotted_token	authoritative_base_ocr	སྟང་མུན་ snaṅ mun Licht und Dunkelheit.
wts_35_51	637	11	1	སྣང	snaṅ	unknown	snan	ambiguous_change_or_token_position		སྣང་མེད་ snaṅ med Kurzf. für snaṅ ba med pa.
wts_35_51	637	25	1	སྣང	snaṅ	base_ocr_dotted	snaṅ	no_release_change_introduced_current_dotted_token	authoritative_base_ocr	སྣང་ཚུལ་ snaṅ tshul.
wts_35_51	637	42	1	སྣང	snaṅ	base_ocr_dotted	snaṅ	no_release_change_introduced_current_dotted_token	authoritative_base_ocr	སྣང་གཡེལ་ snaṅ g.yel
wts_35_51	638	1	1	སྣང	snaṅ	base_ocr_dotted	snaṅ	no_release_change_introduced_current_dotted_token	authoritative_base_ocr	སྣང་གཡེལ་ཅན་ snaṅ g.yel can
wts_35_51	638	13	1	སྣང	snaṅ	base_ocr_dotted	snaṅ	no_release_change_introduced_current_dotted_token	authoritative_base_ocr	སྣང་ལ་མ་ངེས་ snaṅ la ma nes unbewußte Wahr-
wts_35_51	638	21	1	སྣང	snaṅ	base_ocr_dotted	snaṅ	no_release_change_introduced_current_dotted_token	authoritative_base_ocr	སྣང་ཤས་ snaṅ Sas vorūbergehende Anhaftung.
wts_35_51	638	29	1	སྣང	snaṅ	base_ocr_dotted	snaṅ	no_release_change_introduced_current_dotted_token	authoritative_base_ocr	སྣང་གཤེན་ snaṅ gsen ein Bon-Priester, der ། 1 I'. II. 1 u
wts_35_51	638	39	1	སྣང	snaṅ	base_ocr_dotted	snaṅ	no_release_change_introduced_current_dotted_token	authoritative_base_ocr	སྣང་སྲིད་ snaṅ srid
wts_35_51	638	54	1	སྣང	snaṅ	unknown	snan	ambiguous_change_or_token_position		སྣང་སྲིད་ snaṅ srid Kurzf. für snaṅ Zin srid
wts_35_51	639	1	1	སྣང	snaṅ	base_ocr_dotted	snaṅ	no_release_change_introduced_current_dotted_token	authoritative_base_ocr	སྣང་སྲིད་སྡེ་བརྒྱད་ snaṅ srid sde brgyad
wts_35_51	642	42	2	ཐང	thaṅ	base_ocr_dotted	thaṅ	no_release_change_introduced_current_dotted_token	authoritative_base_ocr	སྣར་ཐང་ snar thaṅ
wts_35_51	645	2	2	ཀོང	koṅ	base_ocr_dotted	koṅ	no_release_change_introduced_current_dotted_token	authoritative_base_ocr	སྣུམ་ཀོང་ snum koṅ
wts_35_51	645	20	2	ཀོང	koṅ	base_ocr_dotted	koṅ	no_release_change_introduced_current_dotted_token	authoritative_base_ocr	སྣུམ་ཀོང་ snum koṅ Schālchen fūr Öl, Butter-
wts_35_51	646	46	2	གདོང	gdoṅ	unknown	gdon	ambiguous_change_or_token_position		སྣེ་གདོང་ sne gdoṅ auch sne'u gdoṅ.
wts_35_51	647	2	2	མང	maṅ	base_ocr_dotted	maṅ	no_release_change_introduced_current_dotted_token	authoritative_base_ocr	སྣེ་མང་ sne maṅ
wts_35_51	649	10	2	གདོང	gdoṅ	base_ocr_dotted	gdoṅ	no_release_change_introduced_current_dotted_token	authoritative_base_ocr	སྙེའུ་གདོང་ sne'u gdoṅ Tsne gdon.
wts_35_51	649	11	2	རྫོང	rdzoṅ	base_ocr_dotted	rdzoṅ	no_release_change_introduced_current_dotted_token	authoritative_base_ocr	"སྣེའུ་རྫོང sneu rdzoṅ npr. eine Residenz in ""Ti. 1 I..."
wts_35_51	655	1	1	བརྣང	brnaṅ	base_ocr_dotted	brnaṅ	no_release_change_introduced_current_dotted_token	authoritative_base_ocr	བརྣང་ brnaṅ
wts_35_51	655	2	1	བརྣང	brnaṅ	base_ocr_dotted	brnaṅ	no_release_change_introduced_current_dotted_token	authoritative_base_ocr	བརྣང་ brnaṅ fut. zu ] 7777) im Hals stecken
wts_35_51	656	19	1	བསྣངས	bsnaṅs	base_ocr_dotted	bsnaṅs	no_release_change_introduced_current_dotted_token	authoritative_base_ocr	བསྣངས་པ་ bsnaṅs pa ausgelassen, aufgedreht.
wts_35_51	674	63	3	རྔངས	saṅs	base_ocr_dotted	saṅs	no_release_change_introduced_current_dotted_token	authoritative_base_ocr	པ་བ་རྔངས།་ pa ba saṅs Ipa sans.
wts_35_51	674	73	3	སྙིང	sñiṅ	base_ocr_dotted	sñiṅ	no_release_change_introduced_current_dotted_token	authoritative_base_ocr	པ་དམའི་སྙིང་པོ་ pa dma'i sñiṅ po npr. ein Bodhi-
wts_35_51	676	47	2	སངས	saṅs	base_ocr_dotted	saṅs	no_release_change_introduced_current_dotted_token	authoritative_base_ocr	"པ་སངས་བྲུ་ pa saṅs bit ""Sohn der Venus"", Bez."
wts_35_51	676	50	2	སངས	saṅs	base_ocr_dotted	saṅs	no_release_change_introduced_current_dotted_token	authoritative_base_ocr	"པ་སངས་སློབ་མ་ pa saṅs slob ma ""Sukras Schü-"
wts_35_51	676	73	2	སྟེང	steṅ	base_ocr_dotted	steṅ	no_release_change_introduced_current_dotted_token	authoritative_base_ocr	པག་སྟེང་ pag steṅ par.
wts_35_51	679	36	1	པང	paṅ	base_ocr_dotted	paṅ	no_release_change_introduced_current_dotted_token	authoritative_base_ocr	པང་ཁེབ་ paṅ kheb
wts_35_51	679	74	1	པང	paṅ	base_ocr_dotted	paṅ	no_release_change_introduced_current_dotted_token	authoritative_base_ocr	པང་ཁྲེབ་ paṅ kheb auch paṅ khebs Schoß-
wts_35_51	680	8	1	པང	paṅ	base_ocr_dotted	paṅ	no_release_change_introduced_current_dotted_token	authoritative_base_ocr	པང་འགྱོགས་ paṅ gyogs hochheben, stemmen.
wts_35_51	680	12	2	སྟེང	steṅ	reviewed_exact_final_ng	steh	reviewed_tibetan_exact_final_ng_consensus	tibetan_steng_consensus_batch_20260720	"པང་སྟེང་ pani steṅ Ypani eine hohe Zahl, 10""."
wts_35_51	680	23	1	པང	paṅ	base_ocr_dotted	paṅ	no_release_change_introduced_current_dotted_token	authoritative_base_ocr	པང་སྟེང་ཆེན་པོ་ paṅ steṅ chen po auch par
wts_35_51	680	23	2	སྟེང	steṅ	base_ocr_dotted	steṅ	no_release_change_introduced_current_dotted_token	authoritative_base_ocr	པང་སྟེང་ཆེན་པོ་ paṅ steṅ chen po auch par
wts_35_51	680	32	1	པང	paṅ	base_ocr_dotted	paṅ	no_release_change_introduced_current_dotted_token	authoritative_base_ocr	པང་གདན་ paṅ gdan gewebte Schūrze der tra-
wts_35_51	680	39	1	པང	paṅ	base_ocr_dotted	paṅ	no_release_change_introduced_current_dotted_token	authoritative_base_ocr	པང་ཚད་ paṅ tshad
wts_35_51	682	1	2	སྡོང	sdoṅ	base_ocr_dotted	sdoṅ	no_release_change_introduced_current_dotted_token	authoritative_base_ocr	པད་སྡོང་ pad sdoṅ
wts_35_51	682	2	2	སྡོང	sdoṅ	unknown	sdon	ambiguous_change_or_token_position		པད་སྡོང་ pad sdoṅ Kurzf. für lpadma'i sdoṅ po
wts_35_51	682	21	2	ཕྲེང	phreṅ	base_ocr_dotted	phreṅ	no_release_change_introduced_current_dotted_token	authoritative_base_ocr	པད་ཕྲེང་མ་ pad phreṅ ma npr. eine Gottheit,
wts_35_51	682	24	2	འབྱུང	byuṅ	base_ocr_dotted	byuṅ	no_release_change_introduced_current_dotted_token	authoritative_base_ocr	པད་འབྱུང་ pad 'byuṅ npr. Beiname des Padma-
wts_35_51	682	67	3	ཤོངས	Soṅs	base_ocr_dotted	Soṅs	no_release_change_introduced_current_dotted_token	authoritative_base_ocr	པད་མ་ཤོངས་ pad ma Soṅs npr. ein Ort in
wts_35_51	683	13	3	སྡོང	sdoṅ	base_ocr_dotted	sdoṅ	no_release_change_introduced_current_dotted_token	authoritative_base_ocr	པད་མའི་སྡོང་པོ་ pad ma'i sdoṅ po lpadma'i sdoṅ
wts_35_51	683	26	3	མིང	miṅ	base_ocr_dotted	miṅ	no_release_change_introduced_current_dotted_token	authoritative_base_ocr	པད་མའི་མིང་ pad ma'i miṅ lpadma'i min.
wts_35_51	685	1	2	ཀློང	kloṅ	base_ocr_dotted	kloṅ	no_release_change_introduced_current_dotted_token	authoritative_base_ocr	པདྨ་ཀློང་གི་འབུམ་་ padma kloṅ gi bum
wts_35_51	688	43	2	འབྱུང	byuṅ	base_ocr_dotted	byuṅ	no_release_change_introduced_current_dotted_token	authoritative_base_ocr	པདྨ་འབྱུང་གནས་ padina 'byuṅ gnas
wts_35_51	689	39	4	གིང	giṅ	base_ocr_dotted	giṅ	no_release_change_introduced_current_dotted_token	authoritative_base_ocr	པདྨ་རིགས་ཀྱི་གིང་ padma rigs kyi giṅ eine Un
wts_35_51	689	44	2	བསྲུང	bsruṅ	base_ocr_dotted	bsruṅ	no_release_change_introduced_current_dotted_token	authoritative_base_ocr	པདྨ་བསྲུང་བ་ padma bsruṅ ba
wts_35_51	689	47	4	ལང	laṅ	base_ocr_dotted	laṅ	no_release_change_introduced_current_dotted_token	authoritative_base_ocr	པདྨ་རིགས་ཀྱི་ལང་ཀ་ padma rigs kyi laṅ ka
wts_35_51	689	77	2	གསུང	gsuṅ	base_ocr_dotted	gsuṅ	no_release_change_introduced_current_dotted_token	authoritative_base_ocr	པདྨ་གསུང་གི་ལྷ་ཚོགས་ padma gsuṅ gi Iba tshogs
wts_35_51	689	80	2	བསྲུང	bsruṅ	base_ocr_dotted	bsruṅ	no_release_change_introduced_current_dotted_token	authoritative_base_ocr	པདྨ་བསྲུང་བ་ padina bsruṅ ba npr. ein [31]111-
wts_35_51	690	28	3	བྱུང	byuṅ	base_ocr_dotted	byuṅ	no_release_change_introduced_current_dotted_token	authoritative_base_ocr	པདྨའི་མངལ་བྱུང་ padma’i mmal byuṅ auch pad
wts_35_51	690	37	2	སྡོང	sdoṅ	base_ocr_dotted	sdoṅ	no_release_change_introduced_current_dotted_token	authoritative_base_ocr	པདྨའི་སྡོང་པོ་ padma’i sdoṅ po
wts_35_51	690	70	2	སྡོང	sdoṅ	base_ocr_dotted	sdoṅ	no_release_change_introduced_current_dotted_token	authoritative_base_ocr	པདྨའི་སྡོང་པོ་ padma’i sdoṅ po auch pad ma'
wts_35_51	691	22	2	ཕུང	phuṅ	base_ocr_dotted	phuṅ	no_release_change_introduced_current_dotted_token	authoritative_base_ocr	པདྨའི་ཕུང་པོ་ padma’i phuṅ po npr. ein Buddha.
wts_35_51	697	20	3	མིང	liṅ	base_ocr_dotted	liṅ	no_release_change_introduced_current_dotted_token	authoritative_base_ocr	པི་པི་མིང་ pi pi liṅ auch pi lin Langpfeffer, skt.
wts_35_51	698	1	2	ཝང	waṅ	base_ocr_dotted	waṅ	no_release_change_introduced_current_dotted_token	authoritative_base_ocr	ཡི་ཝང་ pi waṅ
wts_35_51	698	2	2	ལྤང	waṅ	base_ocr_dotted	waṅ	no_release_change_introduced_current_dotted_token	authoritative_base_ocr	པི་ལྤང་ pi waṅ auch pi baṅ ein Saiteninstru-
wts_35_51	699	55	3	གུང	guṅ	reviewed_exact_final_ng	guh	reviewed_tibetan_exact_final_ng_consensus	tibetan_gung_consensus_batch_20260726	པུ་དེ་གུང་རྒྱལ་ pu de guṅ rgyal Ispu de guṅ rgyal:
wts_35_51	700	16	2	རངས	raṅs	unknown	rañs	ambiguous_change_or_token_position		པུ་རངས་ pu raṅs lspu raṅs.
wts_35_51	701	40	2	ཧྲངས	hraṅs	base_ocr_dotted	hraṅs	no_release_change_introduced_current_dotted_token	authoritative_base_ocr	པུ་ཧྲངས་ pu hraṅs Ispu raṅs.
wts_35_51	701	60	3	ཆུང	chuṅ	base_ocr_dotted	chuṅ	no_release_change_introduced_current_dotted_token	authoritative_base_ocr	པུག་བུ་ཆུང་ ppug bu chuṅ Insignie, Abzci-
wts_35_51	702	2	2	མིང	miṅ	base_ocr_dotted	miṅ	no_release_change_introduced_current_dotted_token	authoritative_base_ocr	པུཏྲ་མིང་སྲིང་གསུམ་ putra miṅ sriṅ gsum cine
wts_35_51	702	2	3	སྲིང	sriṅ	base_ocr_dotted	sriṅ	no_release_change_introduced_current_dotted_token	authoritative_base_ocr	པུཏྲ་མིང་སྲིང་གསུམ་ putra miṅ sriṅ gsum cine
wts_35_51	702	26	2	ཁང	khaṅ	base_ocr_dotted	khaṅ	no_release_change_introduced_current_dotted_token	authoritative_base_ocr	ཕུར་ཁང་ pur khaṅ Leichenhaus, Leichenplatz,
wts_35_51	702	39	2	སྦྱངས	sbyaṅs	base_ocr_dotted	sbyaṅs	no_release_change_introduced_current_dotted_token	authoritative_base_ocr	པུར་སྦྱངས་པ་ pur sbyaṅs pa verbrannte Leiche.
wts_35_51	712	38	1	ཕྱུང	pyuṅ	base_ocr_dotted	pyuṅ	no_release_change_introduced_current_dotted_token	authoritative_base_ocr	ཕྱུང་ pyuṅ lphyun.
wts_35_51	712	47	1	ཕྱང	pyaṅ	base_ocr_dotted	pyaṅ	no_release_change_introduced_current_dotted_token	authoritative_base_ocr	ཕྱང་ཆུབ་ pyaṅ chub \byani chab.
wts_35_51	712	55	1	ཕྱིང	ppyiṅ	base_ocr_dotted	ppyiṅ	no_release_change_introduced_current_dotted_token	authoritative_base_ocr	ཕྱིང་བ་ ppyiṅ ba ba.
wts_35_51	714	45	3	བཀང	bkaṅ	base_ocr_dotted	bkaṅ	no_release_change_introduced_current_dotted_token	authoritative_base_ocr	ཕྲིག་ཆུམ་བཀང་ prig chum bkaṅ zögerlich,
wts_35_51	714	56	7	གངས	gaṅs	base_ocr_dotted	gaṅs	no_release_change_introduced_current_dotted_token	authoritative_base_ocr	པྲེ་ཏ་པུ་རི་ལ་ཕྱི་གངས་ pre ta pu ri la phyi gaṅs
wts_35_51	715	1	4	ཆུང	chuṅ	base_ocr_dotted	chuṅ	no_release_change_introduced_current_dotted_token	authoritative_base_ocr	པྲེ་པེ་སྟན་ཆུང་ pre pe stan chuṅ
wts_35_51	715	2	4	ཆུང	chuṅ	base_ocr_dotted	chuṅ	no_release_change_introduced_current_dotted_token	authoritative_base_ocr	པྲེ་པེ་སྟན་ཆུང་ pre pe stan chuṅ npr. ein Feld.
wts_35_51	716	1	3	མདུང	mduṅ	base_ocr_dotted	mduṅ	no_release_change_introduced_current_dotted_token	authoritative_base_ocr	དཔག་དཔོན་མདུང་རྩེ་ dpag dpon mduṅ rtse
wts_35_51	718	1	4	ཤིང	siṅ	base_ocr_dotted	siṅ	no_release_change_introduced_current_dotted_token	authoritative_base_ocr	དཔག་བསམ་འཁྲི་ཤིང་ dpag bsam 'khri siṅ
wts_35_51	718	5	4	ཤིང	siṅ	base_ocr_dotted	siṅ	no_release_change_introduced_current_dotted_token	authoritative_base_ocr	དཔག་བསམ་འཁྲི་ཤིང་ dpag bsam kbri siṅ Kurzf. { IR 1 00.008
wts_35_51	718	41	3	ཤིང	siṅ	base_ocr_dotted	siṅ	no_release_change_introduced_current_dotted_token	authoritative_base_ocr	དཔག་བསམ་ཤིང་ dpag bsam siṅ
wts_35_51	718	45	3	ཤིང	siṅ	base_ocr_dotted	siṅ	no_release_change_introduced_current_dotted_token	authoritative_base_ocr	དཔག་བསམ་ཤིང་ dpag bsam siṅ auch dpag bsam
wts_35_51	719	28	1	དཔང	dpaṅ	base_ocr_dotted	dpaṅ	no_release_change_introduced_current_dotted_token	authoritative_base_ocr	དཔང་ dpaṅ auch — po Zeuge, Mittelsmann; —
wts_35_51	719	45	1	དཔང	dpaṅ	base_ocr_dotted	dpaṅ	no_release_change_introduced_current_dotted_token	authoritative_base_ocr	དཔང་ dpaṅ
wts_35_51	720	1	1	དཔང	dpaṅ	base_ocr_dotted	dpaṅ	no_release_change_introduced_current_dotted_token	authoritative_base_ocr	དཔང་སྐོང་ dpaṅ skoṅ
wts_35_51	720	1	2	སྐོང	skoṅ	base_ocr_dotted	skoṅ	no_release_change_introduced_current_dotted_token	authoritative_base_ocr	དཔང་སྐོང་ dpaṅ skoṅ
wts_35_51	720	8	1	དཔངས	dpaṅs	base_ocr_dotted	dpaṅs	no_release_change_introduced_current_dotted_token	authoritative_base_ocr	དཔངས་མཐོ་ dpaṅs mtho
wts_35_51	720	15	1	དཔང	dpaṅ	base_ocr_dotted	dpaṅ	no_release_change_introduced_current_dotted_token	authoritative_base_ocr	དཔང་སྐོང་ dpaṅ skoṅ Ispan skon. དཔངས་ dpanhs Höhe, Dicke, ~ kyi tshad dass.
wts_35_51	720	15	2	སྐོང	skoṅ	base_ocr_dotted	skoṅ	no_release_change_introduced_current_dotted_token	authoritative_base_ocr	དཔང་སྐོང་ dpaṅ skoṅ Ispan skon. དཔངས་ dpanhs Höhe, Dicke, ~ kyi tshad dass.
wts_35_51	720	19	1	དཔང	dpaṅ	base_ocr_dotted	dpaṅ	no_release_change_introduced_current_dotted_token	authoritative_base_ocr	"དཔང་རྒྱ་ dpaṅ rgya ""Siegel der Zeugen"", Ver-"
wts_35_51	720	29	1	དཔངས	dpaṅs	base_ocr_dotted	dpaṅs	no_release_change_introduced_current_dotted_token	authoritative_base_ocr	དཔངས་དཀྱུས་ dpaṅs dkyus Höhe und Länge.
wts_35_51	720	43	1	དཔངས	dpaṅs	base_ocr_dotted	dpaṅs	no_release_change_introduced_current_dotted_token	authoritative_base_ocr	དཔངས་སྟོད་ dpaṅs stod auch dpans bstod Prei-
wts_35_51	720	44	1	དཔང	dpaṅ	base_ocr_dotted	dpaṅ	no_release_change_introduced_current_dotted_token	authoritative_base_ocr	དཔང་བློ་གྲོས་བརྟན་པ་ dpaṅ blo gros brtan pa sungszeremonig; vgl. Schun 2012:
wts_35_51	720	46	1	དཔང	dpaṅ	base_ocr_dotted	dpaṅ	no_release_change_introduced_current_dotted_token	authoritative_base_ocr	དཔང་ལག་ dpaṅ lag Zeuge und Vermittler.
wts_35_51	720	49	1	དཔང	dpaṅ	unknown	dpan	ambiguous_change_or_token_position		དཔང་ལོ་ dpaṅ lo Kurzf. für dpaṅ lo tsä ba
wts_35_51	721	1	1	དཔངས	dpaṅs	base_ocr_dotted	dpaṅs	no_release_change_introduced_current_dotted_token	authoritative_base_ocr	དཔངས་དམན་ dpaṅs dman
wts_35_51	721	2	1	དཔངས	dpaṅs	base_ocr_dotted	dpaṅs	no_release_change_introduced_current_dotted_token	authoritative_base_ocr	དཔངས་དམན་ dpaṅs dinan niedrig.
wts_35_51	722	1	2	བཀོང	bkoṅ	base_ocr_dotted	bkoṅ	no_release_change_introduced_current_dotted_token	authoritative_base_ocr	དཔའ་བཀོང་ dpa' bkoṅ
wts_35_51	722	15	2	བཀོང	bkoṅ	base_ocr_dotted	bkoṅ	no_release_change_introduced_current_dotted_token	authoritative_base_ocr	དཔའ་བཀོང་ dpa' bkoṅ Ispa bkon.
wts_35_51	723	41	3	གིང	giṅ	base_ocr_dotted	giṅ	no_release_change_introduced_current_dotted_token	authoritative_base_ocr	དཔའ་བའི་གིང་ dpa' ba'i giṅ
wts_35_51	723	56	2	གདེངས	gdeṅs	base_ocr_dotted	gdeṅs	no_release_change_introduced_current_dotted_token	authoritative_base_ocr	དཔའ་གདེངས་ dpa' gdeṅs Heldenmut.
wts_35_51	723	69	3	གིང	giṅ	base_ocr_dotted	giṅ	no_release_change_introduced_current_dotted_token	authoritative_base_ocr	དཔའ་བའི་གིང་ dpa' ba'i giṅ eine Gruppe von
wts_35_51	726	41	2	མཛངས	mdzaṅs	base_ocr_dotted	mdzaṅs	no_release_change_introduced_current_dotted_token	authoritative_base_ocr	དཔའ་མཛངས་ dpa' mdzaṅs
wts_35_51	727	35	2	ལུང	luṅ	reviewed_exact_final_ng	lun	reviewed_tibetan_exact_final_ng_source_compatible	source_compatible_lung_consensus_batch_20260727	དཔའ་ལུང་ dpa' luṅ.
wts_35_51	729	66	2	ཁང	khaṅ	base_ocr_dotted	khaṅ	no_release_change_introduced_current_dotted_token	authoritative_base_ocr	དཔལ་ཁང་ dpal khaṅ auch dpal sgan, pad (0@/)
wts_35_51	730	42	5	ལུང	laṅ	base_ocr_dotted	laṅ	no_release_change_introduced_current_dotted_token	authoritative_base_ocr	ཕལ་གྱི་གྲ་བུ་ལུང་ dpal gyi gra bu laṅ npr eine
wts_35_51	730	67	3	སྙིང	siṅ	base_ocr_dotted	siṅ	no_release_change_introduced_current_dotted_token	authoritative_base_ocr	དཔལ་གྱི་སྙིང་པོ་ dpal gyi siṅ po.
wts_35_51	733	1	2	སྒང	sgaṅ	base_ocr_dotted	sgaṅ	no_release_change_introduced_current_dotted_token	authoritative_base_ocr	དཔལ་སྒང་ dpal sgaṅ
wts_35_51	733	55	2	དང	daṅ	base_ocr_dotted	daṅ	no_release_change_introduced_current_dotted_token	authoritative_base_ocr	དཔལ་དང་ལྡན་པ་ dpal daṅ ldan pa Kurzf. ldpal
wts_35_51	733	63	2	གདོང	gdoṅ	base_ocr_dotted	gdoṅ	no_release_change_introduced_current_dotted_token	authoritative_base_ocr	དཔལ་གདོང་ dpal gdoṅ Bez. für das weibliche
wts_35_51	734	41	4	འཐུང	thuṅ	base_ocr_dotted	thuṅ	no_release_change_introduced_current_dotted_token	authoritative_base_ocr	དཔལ་ལྡན་ཁྲག་འཐུང་ dpal ldan khrag 'thuṅ Bei-
wts_35_51	736	31	4	སྡིང	sdiṅ	base_ocr_dotted	sdiṅ	no_release_change_introduced_current_dotted_token	authoritative_base_ocr	དཔལ་མོ་ཆོས་སྡིང་ dpal mo chos sdiṅ npr. ein
wts_35_51	737	4	2	བཟང	bzaṅ	base_ocr_dotted	bzaṅ	no_release_change_introduced_current_dotted_token	authoritative_base_ocr	དཔལ་བཟང་ dpal bzaṅ npr. ein Näga.
wts_35_51	737	43	1	དཔུང	dpuṅ	reviewed_exact_final_ng	dpun	reviewed_tibetan_exact_final_ng_consensus	tibetan_dpung_consensus_batch_20260726	དཔུང་ 'dpuṅ.
wts_35_51	738	47	1	དཔུང	dpuṅ	base_ocr_dotted	dpuṅ	no_release_change_introduced_current_dotted_token	authoritative_base_ocr	དཔུང་གི་མགོན་པོ་ dpuṅ gi mgon po
wts_35_51	738	54	1	དཔུང	dpuṅ	reviewed_exact_final_ng	dpun	reviewed_tibetan_exact_final_ng_consensus	tibetan_dpung_consensus_batch_20260726	"དཔུང་ ""dpuṅ Ldpuṅ pa."
wts_35_51	738	55	1	དཔུང	dpuṅ	base_ocr_dotted	dpuṅ	no_release_change_introduced_current_dotted_token	authoritative_base_ocr	དཔུང་བཀོད་པ་ dpuṅ bkod pa ein Samādhi.
wts_35_51	738	58	1	དཔུང	dpuṅ	base_ocr_dotted	dpuṅ	no_release_change_introduced_current_dotted_token	authoritative_base_ocr	དཔུང་སྐྱེད་ dpuṅ skyed entschlossen sein, Ent-
wts_35_51	738	64	1	དཔུང	dpuṅ	unknown	dpuñ	ambiguous_change_or_token_position		དཔུང་སྐྱེས་ dpuṅ skyes Kurzf. für dpuṅ las skyes.
wts_35_51	738	72	1	དཔུང	dpuṅ	base_ocr_dotted	dpuṅ	no_release_change_introduced_current_dotted_token	authoritative_base_ocr	དཔུང་གི་ཁྱུ་མཆོག་ dpuṅ gi khyu mchog Heerfüh-
wts_35_51	738	79	1	དཔུང	dpuṅ	base_ocr_dotted	dpuṅ	no_release_change_introduced_current_dotted_token	authoritative_base_ocr	དཔུང་གི་མགོན་པོ་ dpuṅ gi mgon po Heerführer.
wts_35_51	739	1	1	དཔུང	dpuṅ	reviewed_exact_final_ng	dpun	reviewed_tibetan_exact_final_ng_consensus	tibetan_dpung_consensus_batch_20260726	"དཔུང་གི་ཆུང་གི་་ "" dpuṅ gi chuṅ gi"
wts_35_51	739	1	3	ཆུང	chuṅ	other_postprocess	chuñ	confusable_to_headword	A	"དཔུང་གི་ཆུང་གི་་ "" dpuṅ gi chuṅ gi"
wts_35_51	739	2	1	དཔུང	dpuṅ	base_ocr_dotted	dpuṅ	no_release_change_introduced_current_dotted_token	authoritative_base_ocr	དཔུང་གི་ཆུང་གི་ཚོགས་ dpuṅ gi chuṅ gi tshogs
wts_35_51	739	2	3	ཆུང	chuṅ	base_ocr_dotted	chuṅ	no_release_change_introduced_current_dotted_token	authoritative_base_ocr	དཔུང་གི་ཆུང་གི་ཚོགས་ dpuṅ gi chuṅ gi tshogs
wts_35_51	739	5	1	དཔུང	dpuṅ	base_ocr_dotted	dpuṅ	no_release_change_introduced_current_dotted_token	authoritative_base_ocr	དཔུང་གི་བདག་པོ་ dpuṅ gi bdag po Heerführer.
wts_35_51	739	9	1	དཔུང	dpuṅ	base_ocr_dotted	dpuṅ	no_release_change_introduced_current_dotted_token	authoritative_base_ocr	དཔུང་གི་ཚོགས་ dpuṅ gi tshogs Ldpuṅ tshogs.
wts_35_51	739	41	1	དཔུང	dpuṅ	base_ocr_dotted	dpuṅ	no_release_change_introduced_current_dotted_token	authoritative_base_ocr	དཔུང་རྒྱབ་ཀྱི་དམག་ dpuṅ rgyab kyi dmag
wts_35_51	739	42	1	དཔུང	dpuṅ	base_ocr_dotted	dpuṅ	no_release_change_introduced_current_dotted_token	authoritative_base_ocr	དཔུང་གི་རུ་འདྲེན་ dpuṅ gi ru 'dren Heerführer.
wts_35_51	739	47	1	དཔུང	dpuṅ	unknown	dpun	ambiguous_change_or_token_position		དཔུང་མགོ་ dpuṅ mgo auch dpuṅ pa'i mgo
wts_35_51	739	60	1	དཔུང	dpuṅ	base_ocr_dotted	dpuṅ	no_release_change_introduced_current_dotted_token	authoritative_base_ocr	དཔུང་རྒྱན་ dpuṅ rgyan.
wts_35_51	739	81	1	དཔུང	dpuṅ	base_ocr_dotted	dpuṅ	no_release_change_introduced_current_dotted_token	authoritative_base_ocr	དཔུང་རྒྱབ་ཀྱི་དམག་ dpuṅ rgyab kyi dmag
wts_35_51	740	1	1	དཔུང	dpuṅ	base_ocr_dotted	dpuṅ	no_release_change_introduced_current_dotted_token	authoritative_base_ocr	དཔུང་བསྒྲིལ་ dpuṅ bsgril
wts_35_51	740	2	1	དཔུང	dpuṅ	base_ocr_dotted	dpuṅ	no_release_change_introduced_current_dotted_token	authoritative_base_ocr	དཔུང་བསྒྲིལ་ dpuṅ bsgril Schulterschluß.
wts_35_51	740	7	1	དཔུང	dpuṅ	base_ocr_dotted	dpuṅ	no_release_change_introduced_current_dotted_token	authoritative_base_ocr	དཔུང་བཅད་རས་ dpuṅ bcad ras ein Kleidungs-
wts_35_51	740	13	1	དཔུང	dpuṅ	base_ocr_dotted	dpuṅ	no_release_change_introduced_current_dotted_token	authoritative_base_ocr	དཔུང་ཆུང་ dpuṅ chuṅ Idpun bu chuṅ.
wts_35_51	740	13	2	ཆུང	chuṅ	reviewed_exact_final_ng	chuh	reviewed_tibetan_exact_final_ng_consensus	tibetan_chuh_consensus_batch_20260726	དཔུང་ཆུང་ dpuṅ chuṅ Idpun bu chuṅ.
wts_35_51	740	14	1	དཔུང	dpuṅ	base_ocr_dotted	dpuṅ	no_release_change_introduced_current_dotted_token	authoritative_base_ocr	དཔུང་ཆེན་བཏེག་ dpuṅ chen bteg ein Heerla-
wts_35_51	740	23	1	དཔུང	dpuṅ	base_ocr_dotted	dpuṅ	no_release_change_introduced_current_dotted_token	authoritative_base_ocr	དཔུང་འཇུག་ dpuṅ ug Eintritt in den Krieg; —
wts_35_51	740	35	1	དཔུང	dpuṅ	base_ocr_dotted	dpuṅ	no_release_change_introduced_current_dotted_token	authoritative_base_ocr	དཔུང་གཉེན་ dpuṅ għen Freund, Beschützer,
wts_35_51	740	40	1	དཔུང	dpuṅ	base_ocr_dotted	dpuṅ	no_release_change_introduced_current_dotted_token	authoritative_base_ocr	དཔུང་པ་ dpuṅ pa
wts_35_51	740	68	1	དཔུང	dpuṅ	base_ocr_dotted	dpuṅ	no_release_change_introduced_current_dotted_token	authoritative_base_ocr	དཔུང་གདང་ཆོས་ dpuṅ gdaṅ chos zusammen ge-
wts_35_51	740	68	2	གདང	gdaṅ	base_ocr_dotted	gdaṅ	no_release_change_introduced_current_dotted_token	authoritative_base_ocr	དཔུང་གདང་ཆོས་ dpuṅ gdaṅ chos zusammen ge-
wts_35_51	740	72	1	དཔུང	dpuṅ	base_ocr_dotted	dpuṅ	no_release_change_introduced_current_dotted_token	authoritative_base_ocr	དཔུང་སྣ་ dpuṅ sna Bug, Schulter.
wts_35_51	740	75	1	དཔུང	dpuṅ	unknown	dpun	ambiguous_change_or_token_position		དཔུང་པ་ dpuṅ pa auch dpuṅ Arm, Oberarm,
wts_35_51	741	1	1	དཔུང	dpuṅ	base_ocr_dotted	dpuṅ	no_release_change_introduced_current_dotted_token	authoritative_base_ocr	དཔུང་པ་བྱིན་ dpuṅ pa byin
wts_35_51	741	39	1	ང	dpuṅ	base_ocr_dotted	dpuṅ	no_release_change_introduced_current_dotted_token	authoritative_base_ocr	ང་པ་བྲིན་ dpuṅ pa byin auch dpun pa sbyin
wts_35_51	741	46	1	དཔུང	dpuṅ	base_ocr_dotted	dpuṅ	no_release_change_introduced_current_dotted_token	authoritative_base_ocr	དཔུང་ཚོགས་ dpuṅ tshogs
wts_35_51	741	47	1	ཕུང	dpuṅ	base_ocr_dotted	dpuṅ	no_release_change_introduced_current_dotted_token	authoritative_base_ocr	ཕུང་པའི་འདབ་མ་ dpuṅ pa'i 'dab ma Bez. für
wts_35_51	741	50	1	ཕུང	dpuṅ	base_ocr_dotted	dpuṅ	no_release_change_introduced_current_dotted_token	authoritative_base_ocr	ཕུང་པོ་ dpuṅ po Ansammlung, Haufen, vgl.
wts_35_51	742	1	1	དཔུང	dpuṅ	base_ocr_dotted	dpuṅ	no_release_change_introduced_current_dotted_token	authoritative_base_ocr	དཔུང་བཞི་པ་ dpuṅ bźi pa
wts_35_51	742	16	1	དཔུང	dpuṅ	base_ocr_dotted	dpuṅ	no_release_change_introduced_current_dotted_token	authoritative_base_ocr	དཔུང་བཞི་པ་ dpuṅ bZi pa Beiname Visnus.
wts_35_51	742	18	1	དཔུང	dpuṅ	base_ocr_dotted	dpuṅ	no_release_change_introduced_current_dotted_token	authoritative_base_ocr	དཔུང་ཟོར་ dpuṅ zor magische Kraft.
wts_35_51	742	23	1	དཔུང	dpuṅ	base_ocr_dotted	dpuṅ	no_release_change_introduced_current_dotted_token	authoritative_base_ocr	དཔུང་རོགས་ dpuṅ vogs Verbündeten, Verstär-
wts_35_51	742	33	1	དཔུང	dpuṅ	base_ocr_dotted	dpuṅ	no_release_change_introduced_current_dotted_token	authoritative_base_ocr	དཔུང་ལས་སྐྱེས་ dpuṅ las skyes Tdpun skyes.
wts_35_51	742	34	1	དཔུང	dpuṅ	base_ocr_dotted	dpuṅ	no_release_change_introduced_current_dotted_token	authoritative_base_ocr	དཔུང་ཤུགས་ dpuṅ sugs Kraft der Arme.
wts_35_51	742	42	1	དཔུང	dpuṅ	base_ocr_dotted	dpuṅ	no_release_change_introduced_current_dotted_token	authoritative_base_ocr	དཔུང་ཤེད་ dpuṅ sed Waffengewalt.
wts_35_51	744	57	2	ཁང	khaṅ	base_ocr_dotted	khaṅ	no_release_change_introduced_current_dotted_token	authoritative_base_ocr	དཔེ་ཁང་ dpe khaṅ Bücherci, Bibliothek, Buch-
wts_35_51	747	1	3	གསུང	gsuṅ	base_ocr_dotted	gsuṅ	no_release_change_introduced_current_dotted_token	authoritative_base_ocr	དཔེ་མེད་གསུང་བ་ dpe med gsuṅ ba
wts_35_51	747	4	3	གསུང	gsuṅ	base_ocr_dotted	gsuṅ	no_release_change_introduced_current_dotted_token	authoritative_base_ocr	དཔེ་མེད་གསུང་བ་ dpe med gsuṅ ba npr. ein Bud-
wts_35_51	747	32	2	བཟང	bzaṅ	base_ocr_dotted	bzaṅ	no_release_change_introduced_current_dotted_token	authoritative_base_ocr	དཔེ་བཟང་ dpe bzaṅ gutes Vorbild, Idol.
wts_35_51	747	45	2	རང	raṅ	base_ocr_dotted	raṅ	no_release_change_introduced_current_dotted_token	authoritative_base_ocr	"དཔེ་རང་མེད་ dpe raṅ med auch dpe med ""die"
wts_35_51	748	29	2	འཕྲེང	phreṅ	base_ocr_dotted	phreṅ	no_release_change_introduced_current_dotted_token	authoritative_base_ocr	དཔེའི་འཕྲེང་བ་ dpe'i 'phreṅ ba ein buddh. Text,
wts_35_51	748	37	2	ཆུང	chuṅ	base_ocr_dotted	chuṅ	no_release_change_introduced_current_dotted_token	authoritative_base_ocr	དཔེའུ་ཆུང་ dpe'u chuṅ kleine Zeichung, Dia-
wts_35_51	750	28	1	དཔོང	dpoṅ	base_ocr_dotted	dpoṅ	no_release_change_introduced_current_dotted_token	authoritative_base_ocr	དཔོང་ཁང་ dpoṅ khaṅ Platz, Stelle.
wts_35_51	750	28	2	ཁང	khaṅ	base_ocr_dotted	khaṅ	no_release_change_introduced_current_dotted_token	authoritative_base_ocr	དཔོང་ཁང་ dpoṅ khaṅ Platz, Stelle.
wts_35_51	750	31	1	དཔོང	dpoṅ	base_ocr_dotted	dpoṅ	no_release_change_introduced_current_dotted_token	authoritative_base_ocr	དཔོང་ས་ dpoṅ sa.
wts_35_51	754	45	1	དཔྱང	dpyaṅ	base_ocr_dotted	dpyaṅ	no_release_change_introduced_current_dotted_token	authoritative_base_ocr	དཔྱང་ dpyaṅ
wts_35_51	754	77	1	དཔྱང	dpyaṅ	base_ocr_dotted	dpyaṅ	no_release_change_introduced_current_dotted_token	authoritative_base_ocr	དཔྱང་ dpyaṅ fur. zu !dpyor aufhängen.
wts_35_51	755	1	1	དཔྱང	dpyaṅ	base_ocr_dotted	dpyaṅ	no_release_change_introduced_current_dotted_token	authoritative_base_ocr	དཔྱང་ཐག་ dpyaṅ thag
wts_35_51	755	12	1	དཔྱང	dpyaṅ	base_ocr_dotted	dpyaṅ	no_release_change_introduced_current_dotted_token	authoritative_base_ocr	དཔྱང་རལ་ dpyaṅ ral Tuch.
wts_35_51	755	16	1	དཔྱངས	dpyaṅs	base_ocr_dotted	dpyaṅs	no_release_change_introduced_current_dotted_token	authoritative_base_ocr	དཔྱངས་ dpyaṅs pf. zu ↓ dpyoṅ aufhängen.
wts_35_51	759	79	2	འབྲིང	briṅ	base_ocr_dotted	briṅ	no_release_change_introduced_current_dotted_token	authoritative_base_ocr	དཔྱིད་འབྲིང་ zla 'briṅ po.
wts_35_51	760	1	4	ཆུང	chuṅ	base_ocr_dotted	chuṅ	no_release_change_introduced_current_dotted_token	authoritative_base_ocr	དཔྱིད་ཟླ་ཐ་ཆུང་ dpyid zla tha chuṅ
wts_35_51	760	18	3	འབྲིང	briṅ	base_ocr_dotted	briṅ	no_release_change_introduced_current_dotted_token	authoritative_base_ocr	དཔྱིད་ཟླ་འབྲིང་པོ་ dpyid zla 'briṅ po auch dpyid
wts_35_51	760	42	1	དཔྱོང	dpyoṅ	base_ocr_dotted	dpyoṅ	no_release_change_introduced_current_dotted_token	authoritative_base_ocr	དཔྱོང་ dpyoṅ
wts_35_51	760	71	1	དཔྱོང	dpyoṅ	base_ocr_dotted	dpyoṅ	no_release_change_introduced_current_dotted_token	authoritative_base_ocr	དཔྱོང་ dpyoṅ pf. Tdpyans fur. ↑ dpyaṅ imp.
wts_35_51	761	5	1	དཔྱོངས	dpyoṅs	base_ocr_dotted	dpyoṅs	no_release_change_introduced_current_dotted_token	authoritative_base_ocr	དཔྱོངས་ dpyoṅs
wts_35_51	761	6	1	དཔྱོངས	dpyoṅs	base_ocr_dotted	dpyoṅs	no_release_change_introduced_current_dotted_token	authoritative_base_ocr	དཔྱོངས་ dpyoṅs imp. bzw. res. zu dpyon auf-
wts_35_51	763	44	2	བཀོང	bkoṅ	base_ocr_dotted	bkoṅ	no_release_change_introduced_current_dotted_token	authoritative_base_ocr	སྤ་བཀོང་ spa bkoṅ
wts_35_51	764	22	2	སྐོང	skoṅ	base_ocr_dotted	skoṅ	no_release_change_introduced_current_dotted_token	authoritative_base_ocr	སྤྲ་སྐོང་ spa skoṅ 1spa bkon.
wts_35_51	764	26	2	གོང	goṅ	base_ocr_dotted	goṅ	no_release_change_introduced_current_dotted_token	authoritative_base_ocr	སྤྲ་གོང་ spa goṅ auch spa 'gon verzagen, mutlos
wts_35_51	766	46	1	སྤང	spaṅ	base_ocr_dotted	spaṅ	no_release_change_introduced_current_dotted_token	authoritative_base_ocr	སྤང་ spaṅ
wts_35_51	767	1	1	སྤང	spaṅ	reviewed_exact_final_ng	span	reviewed_tibetan_exact_final_ng_consensus	tibetan_spang_consensus_batch_20260726	"སྤང་ ""spaṅ"
wts_35_51	767	48	1	སྤང	spaṅ	reviewed_exact_final_ng	span	reviewed_tibetan_exact_final_ng_consensus	tibetan_spang_consensus_batch_20260726	"སྤང་ ""spaṅ"
wts_35_51	768	1	1	སྤང	spaṅ	base_ocr_dotted	spaṅ	no_release_change_introduced_current_dotted_token	authoritative_base_ocr	སྤང་ 'spaṅ
wts_35_51	768	27	1	སྤང	spaṅ	base_ocr_dotted	spaṅ	no_release_change_introduced_current_dotted_token	authoritative_base_ocr	སྤང་སྐོང་ spaṅ skoṅ auch dpan skoṅ, — phyag
wts_35_51	768	27	2	སྐོང	skoṅ	unknown	skon	ambiguous_change_or_token_position		སྤང་སྐོང་ spaṅ skoṅ auch dpan skoṅ, — phyag
wts_35_51	768	43	1	སྤང	spaṅ	base_ocr_dotted	spaṅ	no_release_change_introduced_current_dotted_token	authoritative_base_ocr	སྤང་རྟེན་ཆེན་པོ་ spaṅ rten chen po
wts_35_51	768	46	1	སྤང	spaṅ	base_ocr_dotted	spaṅ	no_release_change_introduced_current_dotted_token	authoritative_base_ocr	སྤང་རྒྱན་ spaṅ rgyan.
wts_35_51	768	77	1	སྤང	spaṅ	base_ocr_dotted	spaṅ	no_release_change_introduced_current_dotted_token	authoritative_base_ocr	སྤང་ལྗོངས་ spaṅ ljoṅs Wiese, Grascbene.
wts_35_51	768	77	2	ལྗོངས	ljoṅs	base_ocr_dotted	ljoṅs	no_release_change_introduced_current_dotted_token	authoritative_base_ocr	སྤང་ལྗོངས་ spaṅ ljoṅs Wiese, Grascbene.
wts_35_51	769	1	1	སྤང	spaṅ	base_ocr_dotted	spaṅ	no_release_change_introduced_current_dotted_token	authoritative_base_ocr	སྤང་ལྟུང་ spaṅ ltuṅ
wts_35_51	769	1	2	ལྟུང	ltuṅ	other_postprocess	Ituṅ	confusable_initial_I_to_l_strong_context	A	སྤང་ལྟུང་ spaṅ ltuṅ
wts_35_51	769	2	1	སྤང	spaṅ	base_ocr_dotted	spaṅ	no_release_change_introduced_current_dotted_token	authoritative_base_ocr	སྤང་ལྟུང་ spaṅ ltuṅ eine der fūnf Gruppen von
wts_35_51	769	2	2	ལྟུང	ltuṅ	other_postprocess	Ituṅ	confusable_initial_I_to_l_strong_context	A	སྤང་ལྟུང་ spaṅ ltuṅ eine der fūnf Gruppen von
wts_35_51	769	10	1	སྤང	spaṅ	base_ocr_dotted	spaṅ	no_release_change_introduced_current_dotted_token	authoritative_base_ocr	སྤང་བླང་ spaṅ blaṅ
wts_35_51	769	10	2	བླང	blaṅ	base_ocr_dotted	blaṅ	no_release_change_introduced_current_dotted_token	authoritative_base_ocr	སྤང་བླང་ spaṅ blaṅ
wts_35_51	769	46	1	སྤང	spaṅ	base_ocr_dotted	spaṅ	no_release_change_introduced_current_dotted_token	authoritative_base_ocr	སྤང་གནང་ spaṅ gnaṅ Gebote und Verbote.
wts_35_51	769	46	2	གནང	gnaṅ	base_ocr_dotted	gnaṅ	no_release_change_introduced_current_dotted_token	authoritative_base_ocr	སྤང་གནང་ spaṅ gnaṅ Gebote und Verbote.
wts_35_51	769	50	1	སྤང	spaṅ	base_ocr_dotted	spaṅ	no_release_change_introduced_current_dotted_token	authoritative_base_ocr	སྤང་སྤོས་ spaṅ spos eine Heilpflanze, die auch
wts_35_51	770	1	1	སྤང	spaṅ	base_ocr_dotted	spaṅ	no_release_change_introduced_current_dotted_token	authoritative_base_ocr	སྤང་མ་ spaṅ ma
wts_35_51	770	11	1	སྤང	spaṅ	base_ocr_dotted	spaṅ	no_release_change_introduced_current_dotted_token	authoritative_base_ocr	སྤང་མ་ spaṅ ma blauer Vitriol, Kupfersulfat.
wts_35_51	770	25	1	སྤང	spaṅ	base_ocr_dotted	spaṅ	no_release_change_introduced_current_dotted_token	authoritative_base_ocr	སྤང་རྩི་དོ་བོ་ spaṅ rtsi do bo eine Pflanze, Pte-
wts_35_51	770	43	1	སྤང	spaṅ	base_ocr_dotted	spaṅ	no_release_change_introduced_current_dotted_token	authoritative_base_ocr	སྤང་ལེབ་ spaṅ leb
wts_35_51	770	44	1	སྤང	spaṅ	base_ocr_dotted	spaṅ	no_release_change_introduced_current_dotted_token	authoritative_base_ocr	སྤང་རྩི་འབྱར་བག་ཅན་ spaṅ rtsi byar bag can eine E BR
wts_35_51	770	55	1	སྤང	spaṅ	base_ocr_dotted	spaṅ	no_release_change_introduced_current_dotted_token	authoritative_base_ocr	སྤང་ཞུན་ spaṅ Zun grün.
wts_35_51	770	59	1	སྤང	spaṅ	base_ocr_dotted	spaṅ	no_release_change_introduced_current_dotted_token	authoritative_base_ocr	སྤང་རི་ spaṅ ri.
wts_35_51	770	77	1	སྤང	spaṅ	base_ocr_dotted	spaṅ	no_release_change_introduced_current_dotted_token	authoritative_base_ocr	སྤང་ལེབ་ spaṅ leb auch pan leb Platte, Brett,
wts_35_51	771	1	1	སྤང	spaṅ	base_ocr_dotted	spaṅ	no_release_change_introduced_current_dotted_token	authoritative_base_ocr	སྤང་ཤ་ spaṅ Sa
wts_35_51	771	27	1	སྤང	spaṅ	base_ocr_dotted	spaṅ	no_release_change_introduced_current_dotted_token	authoritative_base_ocr	"སྤང་ཤ་ spaṅ sa ""Fleisch der Wiese"", ein Pilz."
wts_35_51	771	30	1	སྤང	spaṅ	base_ocr_dotted	spaṅ	no_release_change_introduced_current_dotted_token	authoritative_base_ocr	སྤང་གཤོངས་ spaṅ gsoṅs Ebene, Senke.
wts_35_51	771	30	2	གཤོངས	gsoṅs	base_ocr_dotted	gsoṅs	no_release_change_introduced_current_dotted_token	authoritative_base_ocr	སྤང་གཤོངས་ spaṅ gsoṅs Ebene, Senke.
wts_35_51	771	34	1	སྤང	spaṅ	base_ocr_dotted	spaṅ	no_release_change_introduced_current_dotted_token	authoritative_base_ocr	སྤང་ས་ spaṅ sa Rasenfleck, eine homogene
wts_35_51	771	39	1	སྤངས	spaṅs	base_ocr_dotted	spaṅs	no_release_change_introduced_current_dotted_token	authoritative_base_ocr	སྤངས་ 'spaṅs pf. zu l'spoñń.
wts_35_51	771	43	1	སྤངས	spaṅs	base_ocr_dotted	spaṅs	no_release_change_introduced_current_dotted_token	authoritative_base_ocr	སྤངས་ 'spaṅs
wts_35_51	772	1	1	སྤངས	spaṅs	base_ocr_dotted	spaṅs	no_release_change_introduced_current_dotted_token	authoritative_base_ocr	སྤངས་ 'spaṅs
wts_35_51	772	48	1	སྤངས	spaṅs	base_ocr_dotted	spaṅs	no_release_change_introduced_current_dotted_token	authoritative_base_ocr	སྤངས་ 'spaṅs
wts_35_51	773	61	1	སྤངས	spaṅs	base_ocr_dotted	spaṅs	no_release_change_introduced_current_dotted_token	authoritative_base_ocr	སྤངས་བླངས་ spaṅs blaṅs Tspani bla.
wts_35_51	773	61	2	བླངས	blaṅs	base_ocr_dotted	blaṅs	no_release_change_introduced_current_dotted_token	authoritative_base_ocr	སྤངས་བླངས་ spaṅs blaṅs Tspani bla.
wts_35_51	773	62	1	སྤངས	spaṅs	base_ocr_dotted	spaṅs	no_release_change_introduced_current_dotted_token	authoritative_base_ocr	སྤངས་མ་ spaṅs ma Tspan ma.
wts_35_51	775	1	2	ཁང	khaṅ	base_ocr_dotted	khaṅ	no_release_change_introduced_current_dotted_token	authoritative_base_ocr	སྤར་ཁང་ spar khaṅ
wts_35_51	775	16	2	ཁང	khaṅ	base_ocr_dotted	khaṅ	no_release_change_introduced_current_dotted_token	authoritative_base_ocr	སྤར་ཁང་ spar khaṅ Druckerei.
wts_35_51	775	27	2	གང	gaṅ	base_ocr_dotted	gaṅ	no_release_change_introduced_current_dotted_token	authoritative_base_ocr	སྤར་གང་ spar gaṅ eine Handvoll.
wts_35_51	775	36	2	བཅང	beaṅ	base_ocr_dotted	beaṅ	no_release_change_introduced_current_dotted_token	authoritative_base_ocr	སྤར་བཅང་ spar beaṅ
wts_35_51	775	58	2	བྱང	byaṅ	base_ocr_dotted	byaṅ	no_release_change_introduced_current_dotted_token	authoritative_base_ocr	སྤར་བྱང་ spar byaṅ Vermerk zur Drucklegung
wts_35_51	780	36	2	རིང	riṅ	base_ocr_dotted	riṅ	no_release_change_introduced_current_dotted_token	authoritative_base_ocr	སྤུ་རིང་ spu riṅ
wts_35_51	782	8	4	ལྟུང	ltuṅ	base_ocr_dotted	ltuṅ	no_release_change_introduced_current_dotted_token	authoritative_base_ocr	"སྤུ་ས་ལ་ལྟུང་བ་ལྟ་བུ་ spu sa la ltuṅ ba lta bu ""wie"
wts_35_51	782	39	1	སྤུང	spuṅ	base_ocr_dotted	spuṅ	no_release_change_introduced_current_dotted_token	authoritative_base_ocr	སྤུང་ spuṅ
wts_35_51	783	1	1	སྤུང	spuṅ	base_ocr_dotted	spuṅ	no_release_change_introduced_current_dotted_token	authoritative_base_ocr	སྤུང་ཐང་ spuṅ thaṅ
wts_35_51	783	1	2	ཐང	thaṅ	base_ocr_dotted	thaṅ	no_release_change_introduced_current_dotted_token	authoritative_base_ocr	སྤུང་ཐང་ spuṅ thaṅ
wts_35_51	783	12	1	སྤུང	spuṅ	base_ocr_dotted	spuṅ	no_release_change_introduced_current_dotted_token	authoritative_base_ocr	སྤུང་ཐང་ spuṅ thaṅ \bum than.
wts_35_51	783	12	2	ཐང	thaṅ	base_ocr_dotted	thaṅ	no_release_change_introduced_current_dotted_token	authoritative_base_ocr	སྤུང་ཐང་ spuṅ thaṅ \bum than.
wts_35_51	783	13	1	སྤུང	spuṅ	base_ocr_dotted	spuṅ	no_release_change_introduced_current_dotted_token	authoritative_base_ocr	སྤུང་སད་ spuṅ sad Kurzf. für spun sad zu
wts_35_51	783	30	1	སྤུངས	spuṅs	base_ocr_dotted	spuṅs	no_release_change_introduced_current_dotted_token	authoritative_base_ocr	སྤུངས་ spuṅs pf. und imp. zu span} anhäufen; —
wts_35_51	783	77	1	སྤུངས	spuṅs	base_ocr_dotted	spuṅs	no_release_change_introduced_current_dotted_token	authoritative_base_ocr	སྤུངས་ཆུང་ spuṅs chuṅ schwache Gruppe.
wts_35_51	783	77	2	ཆུང	chuṅ	base_ocr_dotted	chuṅ	no_release_change_introduced_current_dotted_token	authoritative_base_ocr	སྤུངས་ཆུང་ spuṅs chuṅ schwache Gruppe.
wts_35_51	785	46	2	གྲངས	graṅs	base_ocr_dotted	graṅs	no_release_change_introduced_current_dotted_token	authoritative_base_ocr	སྤུན་གྲངས་ spun graṅs eine Kalkulation zur
wts_35_51	785	75	2	དྲུང	druṅ	base_ocr_dotted	druṅ	no_release_change_introduced_current_dotted_token	authoritative_base_ocr	སྤུན་དྲུང་ spun druṅ Verwandter, Verwandte.
wts_35_51	788	42	2	ལིང	liṅ	base_ocr_dotted	liṅ	no_release_change_introduced_current_dotted_token	authoritative_base_ocr	སྤེ་ལིང་ spe liṅ auch spe len Erwerb.
wts_35_51	794	34	1	སྤྲོང	spoṅ	base_ocr_dotted	spoṅ	no_release_change_introduced_current_dotted_token	authoritative_base_ocr	སྤྲོང་ 'spoṅ pf. Tspans fut. t'spaṅ imp. Ispons.
wts_35_51	794	38	1	སྤྲོང	spoṅ	base_ocr_dotted	spoṅ	no_release_change_introduced_current_dotted_token	authoritative_base_ocr	སྤྲོང་ 'spoṅ
wts_35_51	795	1	1	སྤོང	spoṅ	base_ocr_dotted	spoṅ	no_release_change_introduced_current_dotted_token	authoritative_base_ocr	སྤོང་ 'spoṅ
wts_35_51	795	40	1	སྤོང	spoṅ	base_ocr_dotted	spoṅ	no_release_change_introduced_current_dotted_token	authoritative_base_ocr	སྤོང་ས་ spoṅ sa
wts_35_51	796	1	1	སྤོངས	spoṅs	base_ocr_dotted	spoṅs	no_release_change_introduced_current_dotted_token	authoritative_base_ocr	སྤོངས་ spoṅs
wts_35_51	796	4	1	སྤོངས	spoṅs	base_ocr_dotted	spoṅs	no_release_change_introduced_current_dotted_token	authoritative_base_ocr	སྤོངས་ spoṅs imp. zu T'spon meiden, vermei-
wts_35_51	798	66	2	ཐང	thaṅ	base_ocr_dotted	thaṅ	no_release_change_introduced_current_dotted_token	authoritative_base_ocr	སྤོར་ཐང་རྩིས་ spor thaṅ rtsis auch spor thani gser
wts_35_51	799	2	2	རང	riṅ	base_ocr_dotted	riṅ	no_release_change_introduced_current_dotted_token	authoritative_base_ocr	སྨར་རང་ spor riṅ
wts_35_51	800	3	3	གླང	glaṅ	base_ocr_dotted	glaṅ	no_release_change_introduced_current_dotted_token	authoritative_base_ocr	སྤོས་ཀྱི་གླང་པོ་ spos kyi glaṅ po
wts_35_51	800	6	3	གླང	glaṅ	base_ocr_dotted	glaṅ	no_release_change_introduced_current_dotted_token	authoritative_base_ocr	སྤྲོས་ཀྱི་གླང་པོ་ spos kyi glaṅ po.
wts_35_51	801	19	2	གླང	glaṅ	base_ocr_dotted	glaṅ	no_release_change_introduced_current_dotted_token	authoritative_base_ocr	སྤོས་གླང་ spos glaṅ npr. ein Buddha.
wts_35_51	801	40	4	ཤིང	Siṅ	base_ocr_dotted	Siṅ	no_release_change_introduced_current_dotted_token	authoritative_base_ocr	སྤོས་ཆེན་གྱི་ཤིང་ spos chen gyi Siṅ
wts_35_51	802	40	2	འཚོང	tsboṅ	base_ocr_dotted	tsboṅ	no_release_change_introduced_current_dotted_token	authoritative_base_ocr	སྤོས་འཚོང་ spos 'tsboṅ
wts_35_51	802	72	2	འཚོང	tsboṅ	base_ocr_dotted	tsboṅ	no_release_change_introduced_current_dotted_token	authoritative_base_ocr	སྤོས་འཚོང་ spos 'tsboṅ auch spos tsbon Händ-
wts_35_51	803	20	2	བཟང	bzaṅ	base_ocr_dotted	bzaṅ	no_release_change_introduced_current_dotted_token	authoritative_base_ocr	སྤོས་བཟང་ spos bzaṅ npr. von Buddhas.
wts_35_51	804	1	1	སྤྱང	spyaṅ	base_ocr_dotted	spyaṅ	no_release_change_introduced_current_dotted_token	authoritative_base_ocr	སྤྱང་གྲུང་ spyaṅ grum
wts_35_51	804	7	1	སྤྱང	spyaṅ	base_ocr_dotted	spyaṅ	no_release_change_introduced_current_dotted_token	authoritative_base_ocr	སྤྱང་གྲུང་ spyaṅ gruṅ klug, aufgeweckt.
wts_35_51	804	7	2	གྲུང	gruṅ	base_ocr_dotted	gruṅ	no_release_change_introduced_current_dotted_token	authoritative_base_ocr	སྤྱང་གྲུང་ spyaṅ gruṅ klug, aufgeweckt.
wts_35_51	804	16	1	སྤང	spyaṅ	base_ocr_dotted	spyaṅ	no_release_change_introduced_current_dotted_token	authoritative_base_ocr	སྤང་པོ་ spyaṅ po schlau, klug, gescheit; ge-
wts_35_51	804	40	1	སྤྱང	spyaṅ	base_ocr_dotted	spyaṅ	no_release_change_introduced_current_dotted_token	authoritative_base_ocr	"སྤྱང་འཕར་འདུས་པ་ spyaṅ 'phar 'dus pa ""Wolf"
wts_35_51	804	46	1	སྤྲང	spyaṅ	base_ocr_dotted	spyaṅ	no_release_change_introduced_current_dotted_token	authoritative_base_ocr	སྤྲང་བ་ spyaṅ ba ↑ spyaṅ po.
wts_35_51	804	47	1	སྤང	spyaṅ	base_ocr_dotted	spyaṅ	no_release_change_introduced_current_dotted_token	authoritative_base_ocr	"སྤང་མོའི་མགོ་ཅན་ spyaṅ mo' mgo can ""die mit"
wts_35_51	804	57	1	སྤྱང	spyaṅ	base_ocr_dotted	spyaṅ	no_release_change_introduced_current_dotted_token	authoritative_base_ocr	སྤྱང་རླག་ spyaṅ rlag Wolfsmist.
wts_35_51	804	61	1	སྤྱངས	spyaṅs	base_ocr_dotted	spyaṅs	no_release_change_introduced_current_dotted_token	authoritative_base_ocr	སྤྱངས་པ་ spyaṅs pa Halt, Stütze.
wts_35_51	808	47	2	བསྐྱངས	bskyaṅs	base_ocr_dotted	bskyaṅs	no_release_change_introduced_current_dotted_token	authoritative_base_ocr	"སྤྱན་བསྐྱངས་པ་ spyan bskyaṅs pa ""mit dem Au-"
wts_35_51	810	45	2	དྲངས	draṅs	base_ocr_dotted	draṅs	no_release_change_introduced_current_dotted_token	authoritative_base_ocr	སྤྱན་དྲངས་ spyan draṅs
wts_35_51	811	2	2	དྲངས	droṅs	base_ocr_dotted	droṅs	no_release_change_introduced_current_dotted_token	authoritative_base_ocr	སྤན་དྲངས་ spyan droṅs
wts_35_51	811	30	2	དྲོངས	droṅs	base_ocr_dotted	droṅs	no_release_change_introduced_current_dotted_token	authoritative_base_ocr	སྤྱན་དྲོངས་ spyan droṅs imp. zu spyan 'dren ein-
wts_35_51	812	2	2	འདྲོངས	droṅs	base_ocr_dotted	droṅs	no_release_change_introduced_current_dotted_token	authoritative_base_ocr	སྨན་འདྲོངས་ spyan 'droṅs
wts_35_51	812	7	2	འདྲོངས	droṅs	base_ocr_dotted	droṅs	no_release_change_introduced_current_dotted_token	authoritative_base_ocr	སྤན་འདྲོངས་ spyan 'droṅs eingeladen sein.
wts_35_51	812	65	3	བཟང	bzaṅ	base_ocr_dotted	bzaṅ	no_release_change_introduced_current_dotted_token	authoritative_base_ocr	སྨན་མེ་བཟང་ spyan mi bzaṅ npr. eine der
wts_35_51	813	40	2	དྲང	raṅ	reviewed_exact_final_ng	ran	reviewed_tibetan_exact_script_ng_witness	tibetan_script_ng_witness_postprocess_token_index_20260628	'རང་དྲང་ཅྲན་ spyan raṅ dran can
wts_35_51	817	65	2	ཁང	khaṅ	base_ocr_dotted	khaṅ	no_release_change_introduced_current_dotted_token	authoritative_base_ocr	སྤྱི་ཁང་ spyi khaṅ Gemeindehalle, Versamm-
wts_35_51	818	35	4	ཁུངས	khuṅs	base_ocr_dotted	khuṅs	no_release_change_introduced_current_dotted_token	authoritative_base_ocr	སྤྲི་ཁྱབ་ལས་ཁུངས་ spyi khyab las khuṅs oberste
wts_35_51	819	38	2	ཆིངས	chiṅs	base_ocr_dotted	chiṅs	no_release_change_introduced_current_dotted_token	authoritative_base_ocr	སྤྱི་ཆིངས་ spyi chiṅs Richtlinie; allgemei-
wts_35_51	822	67	2	བུངས	buṅs	base_ocr_dotted	buṅs	no_release_change_introduced_current_dotted_token	authoritative_base_ocr	སྤྲེ་བུངས་ spyl buṅs gemeinsamer Besitz der
wts_35_51	824	3	4	དབང	dbaṅ	base_ocr_dotted	dbaṅ	no_release_change_introduced_current_dotted_token	authoritative_base_ocr	སྤི་བོ་ནས་དབང་་ spyi bo nas dbaṅ y
wts_35_51	824	42	2	བྱིངས	byiṅs	base_ocr_dotted	byiṅs	no_release_change_introduced_current_dotted_token	authoritative_base_ocr	སྤྲི་བྱིངས་ spyi byiṅs allgemein, ganz, insge-
wts_35_51	824	53	3	འཆང	chaṅ	base_ocr_dotted	chaṅ	no_release_change_introduced_current_dotted_token	authoritative_base_ocr	སྤྱི་བླུག་འཆང་བ་ spyi blug 'chaṅ ba ein Nacht-
wts_35_51	825	29	2	དམངས	dmaṅs	base_ocr_dotted	dmaṅs	no_release_change_introduced_current_dotted_token	authoritative_base_ocr	སྤྲི་དམངས་ spyi dmaṅs Volk.
wts_35_51	828	51	2	བཏང	btaṅ	unknown	btan	ambiguous_change_or_token_position		སྤྱིར་བཏང་ spyir btaṅ auch spyi btaṅ.
wts_35_51	834	69	3	དང	daṅ	base_ocr_dotted	daṅ	no_release_change_introduced_current_dotted_token	authoritative_base_ocr	སྤྲོད་པ་དང་ལྡན་པ་ spyod pa daṅ ldan pa cin
wts_35_51	834	74	3	དངས	daṅs	base_ocr_dotted	daṅs	no_release_change_introduced_current_dotted_token	authoritative_base_ocr	སྤྲོད་པ་དངས་ spyod pa daṅs npr. ein Buddha.
wts_35_51	835	59	4	བཟང	bzaṅ	reviewed_exact_final_ng	bzan	reviewed_tibetan_exact_final_ng_consensus	tibetan_bzang_consensus_batch_20260719	ur > | སྤྱོད་པ་བཟང་པོ་ spyod pa bzaṅ po npr. ein Bud. dha.
wts_35_51	835	76	3	དབང	dbaṅ	base_ocr_dotted	dbaṅ	no_release_change_introduced_current_dotted_token	authoritative_base_ocr	སྤྲོད་པའི་དབང་པོ་ spyod pa'i dbaṅ po npr. ei-
wts_35_51	839	43	1	སྤྲང	spraṅ	base_ocr_dotted	spraṅ	no_release_change_introduced_current_dotted_token	authoritative_base_ocr	སྤྲང་ཆས་ spraṅ chas
wts_35_51	839	75	1	སྤྲང	spraṅ	reviewed_exact_final_ng	sprah	reviewed_tibetan_exact_final_ng_source_compatible	source_compatible_sprang_consensus_batch_20260727	སྤྲང་ *spraṅ Kurzforn für ↓ spraṅ po.
wts_35_51	839	76	1	སྤྲང	spraṅ	base_ocr_dotted	spraṅ	no_release_change_introduced_current_dotted_token	authoritative_base_ocr	སྤྲང་ཆས་ spraṅ chas Bertlerkleidung,
wts_35_51	840	1	1	སྤྲང	spraṅ	base_ocr_dotted	spraṅ	no_release_change_introduced_current_dotted_token	authoritative_base_ocr	སྤྲང་ཉལ་ spraṅ ñal
wts_35_51	840	2	1	སྤྲང	spraṅ	base_ocr_dotted	spraṅ	no_release_change_introduced_current_dotted_token	authoritative_base_ocr	སྤྲང་ཉལ་ spraṅ nal Liegen auf einer Körpersci-
wts_35_51	840	9	1	སྤྲང	spraṅ	base_ocr_dotted	spraṅ	no_release_change_introduced_current_dotted_token	authoritative_base_ocr	སྤྲང་པོ་ spraṅ po Kurzf. spran Bettler.
wts_35_51	840	51	1	སྤྲང	spraṅ	base_ocr_dotted	spraṅ	no_release_change_introduced_current_dotted_token	authoritative_base_ocr	སྤྲང་ཕྲུག་ spraṅ phrug Bettelkind.
wts_35_51	840	57	1	སྤྲང	spraṅ	base_ocr_dotted	spraṅ	no_release_change_introduced_current_dotted_token	authoritative_base_ocr	སྤྲང་བན་ spraṅ ban Kurzf. für spran po ban de
wts_35_51	840	70	1	སྤྲང	spraṅ	base_ocr_dotted	spraṅ	no_release_change_introduced_current_dotted_token	authoritative_base_ocr	སྤྲང་ཟས་ spraṅ zas Speise cines Berrlers.
wts_35_51	843	1	1	སྤྲིང	spriṅ	base_ocr_dotted	spriṅ	no_release_change_introduced_current_dotted_token	authoritative_base_ocr	སྤྲིང་ spriṅ
wts_35_51	843	18	1	སྤྲིང	spriṅ	base_ocr_dotted	spriṅ	no_release_change_introduced_current_dotted_token	authoritative_base_ocr	སྤྲིང་ spriṅ pf. Isprins.
wts_35_51	843	46	1	སྤྲིངས	spriṅs	base_ocr_dotted	spriṅs	no_release_change_introduced_current_dotted_token	authoritative_base_ocr	སྤྲིངས་ spriṅs
wts_35_51	844	1	1	སྤྲིངས	spriṅs	base_ocr_dotted	spriṅs	no_release_change_introduced_current_dotted_token	authoritative_base_ocr	སྤྲིངས་ཡིག་ spriṅs yig
wts_35_51	844	2	1	སྤྲིངས	spriṅs	base_ocr_dotted	spriṅs	no_release_change_introduced_current_dotted_token	authoritative_base_ocr	སྤྲིངས་ཡིག་ spriṅs yig Vphrin yig.
wts_35_51	845	45	3	གོང	goṅ	base_ocr_dotted	goṅ	no_release_change_introduced_current_dotted_token	authoritative_base_ocr	སྤྲིན་གྱི་གོང་བུ་ sprin gyi goṅ bu Bez. für Hagel.
wts_35_51	846	28	3	ཕྲེང	phreṅ	base_ocr_dotted	phreṅ	no_release_change_introduced_current_dotted_token	authoritative_base_ocr	སྤིན་གྱི་ཕྲེང་བ sprin gyi phreṅ ba.
wts_35_51	846	44	3	དབང	dbaṅ	base_ocr_dotted	dbaṅ	no_release_change_introduced_current_dotted_token	authoritative_base_ocr	"སྤྲིན་གྱི་དབང་པོ་ sprin gyi dbaṅ po ""Wolkenherr"", BReiname Indras."
wts_35_51	848	1	2	མཐོངས	mthoṅs	base_ocr_dotted	mthoṅs	no_release_change_introduced_current_dotted_token	authoritative_base_ocr	སྤྲིན་མཐོངས་ sprin mthoṅs
wts_35_51	848	5	2	མཐོངས	mthoṅs	base_ocr_dotted	mthoṅs	no_release_change_introduced_current_dotted_token	authoritative_base_ocr	སྤྲིན་མཐོངས་ sprin mthoṅs der freie Raum zwi-
wts_35_51	848	24	3	བཟང	bzaṅ	base_ocr_dotted	bzaṅ	no_release_change_introduced_current_dotted_token	authoritative_base_ocr	སྤྲིན་འདེགས་བཟང་པོ་ sprin 'degs bzaṅ po ein Vo-
wts_35_51	848	42	2	དབྱངས	dbyaṅs	base_ocr_dotted	dbyaṅs	no_release_change_introduced_current_dotted_token	authoritative_base_ocr	སྤྲིན་དབྱངས་ sprin dbyaṅs npr. ein Buddha.
wts_35_51	848	44	2	འབྱུང	byuṅ	reviewed_exact_final_ng	byun	reviewed_tibetan_exact_final_ng_consensus	tibetan_abyung_consensus_batch_20260720	སྤྲིན་འབྱུང་ sprin 'byuṅ.
wts_35_51	848	54	2	མིང	miṅ	base_ocr_dotted	miṅ	no_release_change_introduced_current_dotted_token	authoritative_base_ocr	སྤྲིན་མིང་ཅན་ sprin miṅ can ein Gras, synon.
wts_35_51	849	8	2	བཟང	bzaṅ	base_ocr_dotted	bzaṅ	no_release_change_introduced_current_dotted_token	authoritative_base_ocr	སྤྲིན་བཟང་ sprin bzaṅ auch — can, — zla ba
wts_35_51	849	51	3	སློང	sloṅ	base_ocr_dotted	sloṅ	no_release_change_introduced_current_dotted_token	authoritative_base_ocr	ན་ས་སློང་ sprin sa sloṅ ein Vogel.
wts_35_51	859	16	2	ཁང	khaṅ	base_ocr_dotted	khaṅ	no_release_change_introduced_current_dotted_token	authoritative_base_ocr	སྤྲོ་ཁང་ spro khaṅ Gartenhaus.
wts_35_51	859	31	2	ཐུང	thuṅ	base_ocr_dotted	thuṅ	no_release_change_introduced_current_dotted_token	authoritative_base_ocr	སྤྲོ་ཐུང་བ་ spro thuṅ ba.
wts_35_51	859	44	3	ཁང	khaṅ	base_ocr_dotted	khaṅ	no_release_change_introduced_current_dotted_token	authoritative_base_ocr	སྤྲོ་བདེ་ཁང་གསར་ spro bde khaṅ gsar Tspro khani
wts_35_51	859	46	2	སྣང	snaṅ	base_ocr_dotted	snaṅ	no_release_change_introduced_current_dotted_token	authoritative_base_ocr	སྤྲོ་སྣང་ spro snaṅ Freude.
wts_35_51	859	53	3	རིང	riṅ	base_ocr_dotted	riṅ	no_release_change_introduced_current_dotted_token	authoritative_base_ocr	སྤྲོ་བ་རིང་བ་ spro ba riṅ ba langmütig, geduldig.
wts_35_51	859	57	3	བསྲིངས	bsriṅs	base_ocr_dotted	bsriṅs	no_release_change_introduced_current_dotted_token	authoritative_base_ocr	སྤྲོ་བ་བསྲིངས་ spro ba bsriṅs auch spro bsrins pa
wts_35_51	860	13	2	སིང	siṅ	base_ocr_dotted	siṅ	no_release_change_introduced_current_dotted_token	authoritative_base_ocr	སྤྲེ་སིང་ངེ་བ་ spro siṅ ñe ba froh, freudig.
wts_35_51	861	1	2	ཁུངས	khuṅs	base_ocr_dotted	khuṅs	no_release_change_introduced_current_dotted_token	authoritative_base_ocr	སྤྲོད་ཁུངས་ sprod khuṅs
wts_35_51	861	2	2	ཁངས	khuṅs	base_ocr_dotted	khuṅs	no_release_change_introduced_current_dotted_token	authoritative_base_ocr	སོང་ཁངས་ sprod khuṅs
wts_35_51	861	10	2	ཁོངས	khoṅs	base_ocr_dotted	khoṅs	no_release_change_introduced_current_dotted_token	authoritative_base_ocr	སྤྲོད་ཁོངས་ཡིག་རིགས་ sprod khoṅs yig rigs Ur-
wts_35_51	863	1	3	དང	daṅ	other_postprocess	dañ	explicit_user_allowlist	A	"སྤྲོས་པ་དང་བྲལ་་ "" spros pa daṅ bral"
wts_35_51	863	2	3	དང	daṅ	base_ocr_dotted	daṅ	no_release_change_introduced_current_dotted_token	authoritative_base_ocr	སྤྲོས་པ་དང་བྲལ་བ་ spros pa daṅ bral ba Ispros bral.
wts_35_51	869	22	2	དང	daṅ	base_ocr_dotted	daṅ	no_release_change_introduced_current_dotted_token	authoritative_base_ocr	ཕ་དང་མ་ pha daṅ ma lpha ma.
wts_35_51	870	21	2	བང	baṅ	base_ocr_dotted	baṅ	no_release_change_introduced_current_dotted_token	authoritative_base_ocr	ཕ་བང་ལོང་བུ་ pha baṅ loṅ bu \pha wan lon bu.
wts_35_51	870	21	3	ལོང	loṅ	base_ocr_dotted	loṅ	no_release_change_introduced_current_dotted_token	authoritative_base_ocr	ཕ་བང་ལོང་བུ་ pha baṅ loṅ bu \pha wan lon bu.
wts_35_51	870	43	2	བོང	boṅ	base_ocr_dotted	boṅ	no_release_change_introduced_current_dotted_token	authoritative_base_ocr	ཕ་བོང་ pha boṅ
wts_35_51	871	1	2	བོང	boṅ	base_ocr_dotted	boṅ	no_release_change_introduced_current_dotted_token	authoritative_base_ocr	ཕ་བོང་དགོ་དགོ་ pba boṅ dgo dgo
wts_35_51	871	19	2	བོང	boṅ	base_ocr_dotted	boṅ	no_release_change_introduced_current_dotted_token	authoritative_base_ocr	ཕ་བོང་དགོ་དགོ་ m boṅ dgo dgo Tpha ba deo
wts_35_51	871	20	2	བོང	boṅ	base_ocr_dotted	boṅ	no_release_change_introduced_current_dotted_token	authoritative_base_ocr	ཕ་བོང་ཐྲང་ pha boṅ thaṅ npr. das freie Gelände
wts_35_51	871	20	3	ཐྲང	thaṅ	base_ocr_dotted	thaṅ	no_release_change_introduced_current_dotted_token	authoritative_base_ocr	ཕ་བོང་ཐྲང་ pha boṅ thaṅ npr. das freie Gelände
wts_35_51	871	32	2	ལྤང	lbaṅ	base_ocr_dotted	lbaṅ	no_release_change_introduced_current_dotted_token	authoritative_base_ocr	ཕ་ལྤང་ལོང་བུ་ ppha lbaṅ bu \pha war loni bu.
wts_35_51	872	31	2	མིང	miṅ	reviewed_exact_final_ng	min	reviewed_tibetan_exact_final_ng_consensus	tibetan_ming_consensus_batch_20260726	"ཕུ་མིང་ ""phba miṅ Vater und Bruder."
wts_35_51	873	57	2	ཝྲང	waṅ	base_ocr_dotted	waṅ	no_release_change_introduced_current_dotted_token	authoritative_base_ocr	ཕ་ཝྲང་ལོང་བུ་ pba waṅ loṅ bu auch pha ban loṅ
wts_35_51	873	57	3	ལོང	loṅ	unknown	lon	ambiguous_change_or_token_position		ཕ་ཝྲང་ལོང་བུ་ pba waṅ loṅ bu auch pha ban loṅ
wts_35_51	873	69	2	ཞིང	Ziṅ	base_ocr_dotted	Ziṅ	no_release_change_introduced_current_dotted_token	authoritative_base_ocr	ཕ་ཞིང་ pha Ziṅ Grundbesitz als Familienerbe.
wts_35_51	878	30	3	གཏོང	gtoṅ	base_ocr_dotted	gtoṅ	no_release_change_introduced_current_dotted_token	authoritative_base_ocr	ཕ་རོལ་གཏོང་ pha rol gtoṅ
wts_35_51	878	77	5	འཆང	chaṅ	reviewed_exact_final_ng	chah	reviewed_tibetan_exact_final_ng_consensus	tibetan_achang_consensus_batch_20260726	"ཕ་རོལ་ཕྱིན་བཅུ་འཆང་ pha rol phyin ben ""chaṅ"
wts_35_51	881	47	3	ཤིང	siṅ	reviewed_exact_final_ng	sih	reviewed_tibetan_exact_final_ng_source_compatible	source_compatible_shing_consensus_batch_20260727	ཕག་གི་ཤིང་རྟ་ phag gi siṅ rta
wts_35_51	883	1	2	འཚོང	tshoṅ	base_ocr_dotted	tshoṅ	no_release_change_introduced_current_dotted_token	authoritative_base_ocr	ཕག་འཚོང་ phag 'tshoṅ
wts_35_51	883	6	2	འཚོང	tshoṅ	base_ocr_dotted	tshoṅ	no_release_change_introduced_current_dotted_token	authoritative_base_ocr	ཕག་འཚོང་ phag 'tshoṅ Verkāufer von Schwei-
wts_35_51	883	40	1	ཕང	pbaṅ	base_ocr_dotted	pbaṅ	no_release_change_introduced_current_dotted_token	authoritative_base_ocr	ཕང་མཁན་ pbaṅ mkhan
wts_35_51	883	52	3	རྫོང	rdzoṅ	unknown	rdzon	ambiguous_change_or_token_position		ཕག་རི་རྫོང་ phag ri rdzoṅ auch phag rdzoṅ npr.
wts_35_51	883	69	1	ཕང	phaṅ	base_ocr_dotted	phaṅ	no_release_change_introduced_current_dotted_token	authoritative_base_ocr	ཕང་ 'phaṅ
wts_35_51	883	71	1	ཕང	phaṅ	base_ocr_dotted	phaṅ	no_release_change_introduced_current_dotted_token	authoritative_base_ocr	ཕང་མཁན་ phaṅ miehan auch — pa Weber, eine
wts_35_51	884	2	1	ཕང	phaṅ	base_ocr_dotted	phaṅ	no_release_change_introduced_current_dotted_token	authoritative_base_ocr	ཕང་འགྲོ་ phaṅ 'gro
wts_35_51	884	3	1	ཕང	pphaṅ	base_ocr_dotted	pphaṅ	no_release_change_introduced_current_dotted_token	authoritative_base_ocr	ཕང་འགྲ pphaṅ gro JAULENMSTTUMENE.
wts_35_51	884	8	1	ཕང	phaṅ	base_ocr_dotted	phaṅ	no_release_change_introduced_current_dotted_token	authoritative_base_ocr	ཕང་སྟོད་ phaṅ stod Oberkörper.
wts_35_51	884	12	1	ཕང	phaṅ	base_ocr_dotted	phaṅ	no_release_change_introduced_current_dotted_token	authoritative_base_ocr	ཕང་མབྲོད།། phaṅ mthos äußerst hoch.
wts_35_51	884	15	1	ཕང	phaṅ	base_ocr_dotted	phaṅ	no_release_change_introduced_current_dotted_token	authoritative_base_ocr	ཕང་པ་ phaṅ pa.
wts_35_51	884	19	2	ཕུང	phuṅ	reviewed_exact_final_ng	phuh	reviewed_tibetan_exact_final_ng_consensus	tibetan_phung_consensus_batch_20260726	ཕང་ཕུང་ phani phuṅ Haufen; ~ byed aufhäufen.
wts_35_51	884	32	1	བངས	phaṅs	base_ocr_dotted	phaṅs	no_release_change_introduced_current_dotted_token	authoritative_base_ocr	བངས། phaṅs auch 'phans.
wts_35_51	889	44	3	དང	daṅ	base_ocr_dotted	daṅ	no_release_change_introduced_current_dotted_token	authoritative_base_ocr	ཕན་པ་དང་བདེ་བ་ phan pa daṅ bde ba lphan bde.
wts_35_51	896	15	2	འགྱང	gaṅ	base_ocr_dotted	gaṅ	no_release_change_introduced_current_dotted_token	authoritative_base_ocr	ཕར་འགྱང་ phar 'gaṅ auch phar 'gyañńs Auf-
wts_35_51	902	12	1	ཕྲིང	phiṅ	base_ocr_dotted	phiṅ	no_release_change_introduced_current_dotted_token	authoritative_base_ocr	ཕྲིང་ཆང་ phiṅ chaṅ ein Mönchsschal, vgl. chin.
wts_35_51	902	12	2	ཆང	chaṅ	base_ocr_dotted	chaṅ	no_release_change_introduced_current_dotted_token	authoritative_base_ocr	ཕྲིང་ཆང་ phiṅ chaṅ ein Mönchsschal, vgl. chin.
wts_35_51	904	1	2	ཐུང	thuṅ	base_ocr_dotted	thuṅ	no_release_change_introduced_current_dotted_token	authoritative_base_ocr	ཕུ་ཐུང་ phu thuṅ
wts_35_51	904	22	2	དུང	duṅ	base_ocr_dotted	duṅ	no_release_change_introduced_current_dotted_token	authoritative_base_ocr	ཕུ་དུང་ phu duṅ Tphu thun.
wts_35_51	908	34	3	རྐང	rkaṅ	base_ocr_dotted	rkaṅ	no_release_change_introduced_current_dotted_token	authoritative_base_ocr	ཕུག་རོན་རྐང་ phug ron rkaṅ auch — pa eine
wts_35_51	908	40	3	སྐྱོང	skyoṅ	base_ocr_dotted	skyoṅ	no_release_change_introduced_current_dotted_token	authoritative_base_ocr	"ཕུག་རོན་སྐྱོང་བ་ phug ron skyoṅ ba ""Tauben-"
wts_35_51	909	1	1	ཕུང	phuṅ	base_ocr_dotted	phuṅ	no_release_change_introduced_current_dotted_token	authoritative_base_ocr	ཕུང་ 'phuṅ
wts_35_51	909	2	1	ཕུང	phuṅ	base_ocr_dotted	phuṅ	no_release_change_introduced_current_dotted_token	authoritative_base_ocr	ཕུང་ 'phuṅ pf. zu Uphun verderben, zugrunde-
wts_35_51	909	45	1	ཕུང	phuṅ	base_ocr_dotted	phuṅ	no_release_change_introduced_current_dotted_token	authoritative_base_ocr	ཕུང་ཁྲོལ་ phuṅ khrol
wts_35_51	909	71	1	ཕུང	phuṅ	base_ocr_dotted	phuṅ	no_release_change_introduced_current_dotted_token	authoritative_base_ocr	ཕུང་ཁྲོལ་ phuṅ khrol auch phan krol Schlech-
wts_35_51	910	2	1	ཕུང	phuṅ	base_ocr_dotted	phuṅ	no_release_change_introduced_current_dotted_token	authoritative_base_ocr	ཕུང་འགང་ནག་པ་ phuṅ 'goṅ nag po
wts_35_51	910	2	2	འགང	goṅ	base_ocr_dotted	goṅ	no_release_change_introduced_current_dotted_token	authoritative_base_ocr	ཕུང་འགང་ནག་པ་ phuṅ 'goṅ nag po
wts_35_51	910	15	2	འགོང	goṅ	base_ocr_dotted	goṅ	no_release_change_introduced_current_dotted_token	authoritative_base_ocr	ཕུང་འགོང་ནག་པོ་ phur 'goṅ nag po npr. cin Dä-
wts_35_51	910	17	1	ཕུང	phuṅ	base_ocr_dotted	phuṅ	no_release_change_introduced_current_dotted_token	authoritative_base_ocr	ཕུང་རྒྱལ་ phuṅ rgyal Schneefrosch.
wts_35_51	910	22	1	ཕུང	phuṅ	base_ocr_dotted	phuṅ	no_release_change_introduced_current_dotted_token	authoritative_base_ocr	ཕུང་བདུད་ phuṅ bdud npr. ein Held.
wts_35_51	910	31	1	ཕུང	phuṅ	unknown	phun	ambiguous_change_or_token_position		ཕུང་འདྲེ་ phuṅ 'dre auch 'phuṅ 'dre ein Dämon.
wts_35_51	910	40	1	ཕུང	phuṅ	base_ocr_dotted	phuṅ	no_release_change_introduced_current_dotted_token	authoritative_base_ocr	ཕུང་པོ་ phuṅ po
wts_35_51	911	1	1	ཕུང	phuṅ	base_ocr_dotted	phuṅ	no_release_change_introduced_current_dotted_token	authoritative_base_ocr	ཕུང་པོ་ལྔ་ phuṅ po lṅa
wts_35_51	911	47	1	ཕུང	phuṅ	base_ocr_dotted	phuṅ	no_release_change_introduced_current_dotted_token	authoritative_base_ocr	ཕུང་པོ་ལྔ་ phuṅ po lṅa
wts_35_51	912	1	1	ཕུང	phuṅ	base_ocr_dotted	phuṅ	no_release_change_introduced_current_dotted_token	authoritative_base_ocr	ཕུང་པོ་ཐོབ་བྱེད་ phuṅ po thob byed
wts_35_51	912	42	1	ཕུང	phuṅ	base_ocr_dotted	phuṅ	no_release_change_introduced_current_dotted_token	authoritative_base_ocr	ཕུང་པོ་ཐོབ་བྱེད་ phuṅ po thob byed Bez. für Kör-
wts_35_51	912	45	1	ཕུང	phuṅ	base_ocr_dotted	phuṅ	no_release_change_introduced_current_dotted_token	authoritative_base_ocr	ཕུང་པོ་ལྷག་མ་་ phuṅ po lhag ma
wts_35_51	912	49	1	ང	phuṅ	base_ocr_dotted	phuṅ	no_release_change_introduced_current_dotted_token	authoritative_base_ocr	ང་པོ་ལས་ལིན་བདད་ phuṅ po lus len bdnd npr.
wts_35_51	913	1	1	ཕུང	phuṅ	base_ocr_dotted	phuṅ	no_release_change_introduced_current_dotted_token	authoritative_base_ocr	ཕུང་པོའི་བདུད་ phuṅ po'i bdud
wts_35_51	913	22	1	ཕུང	pbuṅ	base_ocr_dotted	pbuṅ	no_release_change_introduced_current_dotted_token	authoritative_base_ocr	ཕུང་ཚབས་ pbuṅ tsbabs Verderbnis.
wts_35_51	913	27	1	ཕུང	phuṅ	reviewed_exact_final_ng	phuh	reviewed_tibetan_exact_final_ng_consensus	tibetan_phung_consensus_batch_20260726	ཕུང་གཞི་ 'phuṅ gźi Grundlage fūr das Verder-
wts_35_51	913	38	1	ཕུང	phuṅ	base_ocr_dotted	phuṅ	no_release_change_introduced_current_dotted_token	authoritative_base_ocr	ཕུང་གསུམ་པ་ phuṅ gsun pa
wts_35_51	913	44	1	ཕུང	phuṅ	base_ocr_dotted	phuṅ	no_release_change_introduced_current_dotted_token	authoritative_base_ocr	ཕུང་ཡོད་ phuṅ yod Ruin, divinatorische Kon-
wts_35_51	913	56	1	ཕུང	phuṅ	base_ocr_dotted	phuṅ	no_release_change_introduced_current_dotted_token	authoritative_base_ocr	ཕུང་སུམ་པ་ phuṅ sum pa lphun gsum pa.
wts_35_51	913	68	1	ཕུང	phuṅ	unknown	phun	ambiguous_change_or_token_position		ཕུང་གསུམ་པ་ phuṅ gsum pa auch phuṅ sum pa
wts_35_51	914	1	1	ཕུང	phuṅ	base_ocr_dotted	phuṅ	no_release_change_introduced_current_dotted_token	authoritative_base_ocr	ཕུང་གསུམ་ལམ་སྟོན་ phuṅ gsum lam ston
wts_35_51	916	38	2	གླིང	gliṅ	base_ocr_dotted	gliṅ	no_release_change_introduced_current_dotted_token	authoritative_base_ocr	ཕུན་གླིང་ phun gliṅ Yphum tshogs glin.
wts_35_51	920	6	3	གླིང	gliṅ	base_ocr_dotted	gliṅ	no_release_change_introduced_current_dotted_token	authoritative_base_ocr	ཕུབ་མེ་གླིང་ཆེན་ phub mo gliṅ chen npr. ein
wts_35_51	923	1	2	མོང	moṅ	base_ocr_dotted	moṅ	no_release_change_introduced_current_dotted_token	authoritative_base_ocr	ཕུར་མོང་ phur moṅ
wts_35_51	923	11	2	མོང	moṅ	base_ocr_dotted	moṅ	no_release_change_introduced_current_dotted_token	authoritative_base_ocr	ཕུར་མོང་ phur moṅ Bez. verschiedener Heil-
wts_35_51	923	31	2	ལུང	beṅ	base_ocr_dotted	beṅ	no_release_change_introduced_current_dotted_token	authoritative_base_ocr	ཕུར་ལུང་ phur beṅ npr. ein Tempel.
wts_35_51	926	19	2	བཏང	btaṅ	base_ocr_dotted	btaṅ	no_release_change_introduced_current_dotted_token	authoritative_base_ocr	ཕུལ་བཏང་ phul btaṅ schicken.
wts_35_51	926	24	3	བྱུང	byuṅ	base_ocr_dotted	byuṅ	no_release_change_introduced_current_dotted_token	authoritative_base_ocr	ཕུལ་དུ་བྱུང་བ་ phul du byuṅ ba Lphul byuh.
wts_35_51	926	51	3	བཏུང	btuṅ	base_ocr_dotted	btuṅ	no_release_change_introduced_current_dotted_token	authoritative_base_ocr	ཕུལ་བའི་བཏུང་ཕོར་ phul ba' btuṅ phor eine
wts_35_51	926	55	2	བྲང	byuṅ	base_ocr_dotted	byuṅ	no_release_change_introduced_current_dotted_token	authoritative_base_ocr	ལྭ་བྲང་ phil byuṅ auch phul du byun ba.
wts_35_51	926	72	2	བྱུང	byuṅ	base_ocr_dotted	byuṅ	no_release_change_introduced_current_dotted_token	authoritative_base_ocr	ཕུལ་བྱུང་ལྷ་ phul byuṅ lha npr. ein Buddha.
wts_35_51	927	22	2	རྔང	raṅ	base_ocr_dotted	raṅ	no_release_change_introduced_current_dotted_token	authoritative_base_ocr	ཕེ་རྔང་ phe raṅ auch phe ren, phe ren ki, pha
wts_35_51	932	15	2	རྫོངས	rdzoṅs	base_ocr_dotted	rdzoṅs	no_release_change_introduced_current_dotted_token	authoritative_base_ocr	ཕེབས་རྫོངས་ phebs rdzoṅs Abschiedsgeschenk.
wts_35_51	935	1	2	ཁྲེངས	kheṅs	base_ocr_dotted	kheṅs	no_release_change_introduced_current_dotted_token	authoritative_base_ocr	ཕོ་ཁྲེངས་ pho kheṅs
wts_35_51	935	2	2	ཁེངས	kheṅs	base_ocr_dotted	kheṅs	no_release_change_introduced_current_dotted_token	authoritative_base_ocr	ཕོ་ཁེངས་ pbo kheṅs hochmütig, stolz.
wts_35_51	935	16	2	གྱོང	gyoṅ	base_ocr_dotted	gyoṅ	no_release_change_introduced_current_dotted_token	authoritative_base_ocr	ཕྲོ་གྱོང་བཟའ་ pho gyoṅ bza' npr. eine weibliche
wts_35_51	938	25	2	ལྗང	ldaṅ	base_ocr_dotted	ldaṅ	no_release_change_introduced_current_dotted_token	authoritative_base_ocr	ཕོ་ལྗང་ pho ldaṅ npr. ein Kloster.
wts_35_51	939	47	2	པྲང	braṅ	base_ocr_dotted	braṅ	no_release_change_introduced_current_dotted_token	authoritative_base_ocr	ཕོ་པྲང་ pbo braṅ altuib. auch po bran.
wts_35_51	941	33	2	བྲང	braṅ	reviewed_exact_final_ng	brań	reviewed_tibetan_exact_final_ng_consensus	tibetan_brang_consensus_batch_20260726	ཕོ་བྲང་འཁོར་མེོ་ pho braṅ 'kbor mo Bez. für die
wts_35_51	941	48	2	དབང	dbaṅ	base_ocr_dotted	dbaṅ	no_release_change_introduced_current_dotted_token	authoritative_base_ocr	ཕོ་དབང་ pho dbaṅ lpho'i dbaṅ po.
wts_35_51	943	33	2	ཡོང	yoṅ	unknown	yon	ambiguous_change_or_token_position		ཕོ་ཡོང་བཟྲའ་ pho yoṅ bza' auch pho yoṅ gza',
wts_35_51	945	1	2	ཤིང	siṅ	base_ocr_dotted	siṅ	no_release_change_introduced_current_dotted_token	authoritative_base_ocr	ཕོ་ཤིང་ pho siṅ
wts_35_51	945	4	2	ཤིང	siṅ	base_ocr_dotted	siṅ	no_release_change_introduced_current_dotted_token	authoritative_base_ocr	"ཕོ་ཤིང་ pbo siṅ ""männliches Holz"", Bez. für"
wts_35_51	945	15	2	གསང	gsaṅ	base_ocr_dotted	gsaṅ	no_release_change_introduced_current_dotted_token	authoritative_base_ocr	ཕོ་གསང་ལྟེམ་ pho gsaṅ Item cine Magenkrank-
wts_35_51	945	18	2	དྲེངས	breṅs	base_ocr_dotted	breṅs	no_release_change_introduced_current_dotted_token	authoritative_base_ocr	ཕྲོ་དྲེངས་ pho breṅs auch pho ren, pho res, pho
wts_35_51	948	55	1	ཕོང	phoṅ	base_ocr_dotted	phoṅ	no_release_change_introduced_current_dotted_token	authoritative_base_ocr	ཕོང་ phoṅ lphon.
wts_35_51	949	35	1	ཕོངས	phoṅs	base_ocr_dotted	phoṅs	no_release_change_introduced_current_dotted_token	authoritative_base_ocr	ཕོངས་ 'phoṅs l'phons.
wts_35_51	949	36	1	ཕོངས	phoṅs	base_ocr_dotted	phoṅs	no_release_change_introduced_current_dotted_token	authoritative_base_ocr	ཕོངས་སྐྱོབ་མ་ phoṅs skyob ma Beiname Täräs.
wts_35_51	949	38	1	ཕོངས	phoṅs	base_ocr_dotted	phoṅs	no_release_change_introduced_current_dotted_token	authoritative_base_ocr	"ཕོངས་ཆོས།་ phoṅs chos ""Dharma der Armut"","
wts_35_51	949	45	1	ཕོངས	phoṅs	base_ocr_dotted	phoṅs	no_release_change_introduced_current_dotted_token	authoritative_base_ocr	ཕོངས་པ་མེད་པ་ phoṅs pa med pa oder phans
wts_35_51	951	39	2	དབང	dbaṅ	base_ocr_dotted	dbaṅ	no_release_change_introduced_current_dotted_token	authoritative_base_ocr	ཕོའི་དབང་པོ་ pho'i dbaṅ po
wts_35_51	951	60	2	དབང	dbaṅ	base_ocr_dotted	dbaṅ	no_release_change_introduced_current_dotted_token	authoritative_base_ocr	ཕའི་དབང་པོ་ pho'i dbaṅ po Kurzf. pho dba
wts_35_51	954	1	2	གཏོང	gtoṅ	base_ocr_dotted	gtoṅ	no_release_change_introduced_current_dotted_token	authoritative_base_ocr	ཕྱ ་གཏོང་ pbya gtoṅ
wts_35_51	956	66	4	ཁུང	khuṅ	base_ocr_dotted	khuṅ	no_release_change_introduced_current_dotted_token	authoritative_base_ocr	ཕྱག་གི་ཁམ་ཁུང་ phyag gi kham khuṅ npr. ein
wts_35_51	960	8	3	ཐེངས	theṅs	base_ocr_dotted	theṅs	no_release_change_introduced_current_dotted_token	authoritative_base_ocr	ཕྱག་ཏུ་ཐེངས་ phyag tu theṅs bekommen.
wts_35_51	960	40	2	དང	daṅ	base_ocr_dotted	daṅ	no_release_change_introduced_current_dotted_token	authoritative_base_ocr	ཕྱག་དང་ཞབས་ phyag daṅ Zabs
wts_35_51	960	79	2	དང	daṅ	base_ocr_dotted	daṅ	no_release_change_introduced_current_dotted_token	authoritative_base_ocr	ཕྱག་དང་ཞབས་ Phyag daṅ Habs lphyag Zabs.
wts_35_51	964	50	2	ཕྲེང	phreṅ	base_ocr_dotted	phreṅ	no_release_change_introduced_current_dotted_token	authoritative_base_ocr	ཕྱག་ཕྲེང་ phyag phreṅ Gebetskette.
wts_35_51	965	1	2	དབང	dbaṅ	base_ocr_dotted	dbaṅ	no_release_change_introduced_current_dotted_token	authoritative_base_ocr	ཕྱག་དབང་ pbyag dbaṅ
wts_35_51	965	2	2	དབང	dbaṅ	base_ocr_dotted	dbaṅ	no_release_change_introduced_current_dotted_token	authoritative_base_ocr	ཕྱག་དབང་ phyag dbaṅ Weihe, die mit der Hand
wts_35_51	966	35	2	ཚང	tshaṅ	base_ocr_dotted	tshaṅ	no_release_change_introduced_current_dotted_token	authoritative_base_ocr	ཕྱག་ཚང་འབྲིམ་པ་ phyag tshaṅ brim pa Ord-
wts_35_51	966	42	3	མང	maṅ	base_ocr_dotted	maṅ	no_release_change_introduced_current_dotted_token	authoritative_base_ocr	ཕྱག་ཚང་མང་བ་ phyag tshani maṅ ba auch phyag
wts_35_51	971	9	2	ཤིང	siṅ	base_ocr_dotted	siṅ	no_release_change_introduced_current_dotted_token	authoritative_base_ocr	ཕྱག་ཤིང་ phyag siṅ Stock.
wts_35_51	972	21	3	ང	siṅ	base_ocr_dotted	siṅ	no_release_change_introduced_current_dotted_token	authoritative_base_ocr	ཕྱགས་ཤི ང་ phya gs siṅ
wts_35_51	972	40	2	བཟུང	bzuṅ	base_ocr_dotted	bzuṅ	no_release_change_introduced_current_dotted_token	authoritative_base_ocr	ཕྱང་བཟུང་ phyani bzuṅ
wts_35_51	972	48	1	ཕྱང	pphyaṅ	base_ocr_dotted	pphyaṅ	no_release_change_introduced_current_dotted_token	authoritative_base_ocr	ཕྱང་སྤྲུལ་ pphyaṅ sprul phrul.
wts_35_51	972	49	1	ཕྱང	phyaṅ	base_ocr_dotted	phyaṅ	no_release_change_introduced_current_dotted_token	authoritative_base_ocr	ཕྱང་ཕྱང་བ་ phyaṅ phyaṅ ba herabhāngend.
wts_35_51	972	49	2	ཕྱང	phyaṅ	base_ocr_dotted	phyaṅ	no_release_change_introduced_current_dotted_token	authoritative_base_ocr	ཕྱང་ཕྱང་བ་ phyaṅ phyaṅ ba herabhāngend.
wts_35_51	972	53	1	ཕྱང	phyaṅ	base_ocr_dotted	phyaṅ	no_release_change_introduced_current_dotted_token	authoritative_base_ocr	ཕྱང་ཕྲུལ་ phyaṅ phrul auch phyan sprul, phyan
wts_35_51	972	70	1	ཕྱང	phyaṅ	base_ocr_dotted	phyaṅ	no_release_change_introduced_current_dotted_token	authoritative_base_ocr	ཕྱང་འཕྲུལ་ phyaṅ 'phrul.
wts_35_51	972	75	1	ཕྱང	phyaṅ	base_ocr_dotted	phyaṅ	no_release_change_introduced_current_dotted_token	authoritative_base_ocr	ཕྱང་མ་ phyaṅ ma Vphyan mo.
wts_35_51	972	76	1	ཕྱང	phyaṅ	base_ocr_dotted	phyaṅ	no_release_change_introduced_current_dotted_token	authoritative_base_ocr	ཕྱང་མོ་ phyaṅ mo Uphyan mo.
wts_35_51	972	77	1	ཕྱང	phyaṅ	base_ocr_dotted	phyaṅ	no_release_change_introduced_current_dotted_token	authoritative_base_ocr	ཕྱང་བཟུང་ phyaṅ bzuṅ Griff, vgl. tehaṅ bzar.
wts_35_51	972	77	2	བཟུང	bzuṅ	base_ocr_dotted	bzuṅ	no_release_change_introduced_current_dotted_token	authoritative_base_ocr	ཕྱང་བཟུང་ phyaṅ bzuṅ Griff, vgl. tehaṅ bzar.
wts_35_51	973	1	1	ཕྱང	phyaṅ	base_ocr_dotted	phyaṅ	no_release_change_introduced_current_dotted_token	authoritative_base_ocr	ཕྱང་ཡར་ phyaṅ yar
wts_35_51	976	54	2	ཕྱང	phyaṅ	base_ocr_dotted	phyaṅ	no_release_change_introduced_current_dotted_token	authoritative_base_ocr	"ཕྱལ་ཕྱང་ངེ་བ་ phyal phyaṅ ñe ba ""mit herabhān-"
wts_35_51	978	43	2	ཁུང	kbuṅ	base_ocr_dotted	kbuṅ	no_release_change_introduced_current_dotted_token	authoritative_base_ocr	ཕྱི་ཁུང་ phbyi kbuṅ Bau des Murmeltieres.
wts_35_51	981	1	2	སྟོང	stoṅ	base_ocr_dotted	stoṅ	no_release_change_introduced_current_dotted_token	authoritative_base_ocr	ཕྱི་སྟོང་པ་ཉིད pbhyi stoṅ pa ñid
wts_35_51	983	1	2	ནང	naṅ	other_postprocess	nañ	explicit_user_allowlist	A	"ཕྱི་ནང་སྟོང་པ་ "" phyi naṅ stoṅ pa"
wts_35_51	983	1	3	སྟོང	stoṅ	reviewed_exact_final_ng	ston	reviewed_tibetan_exact_final_ng_consensus	tibetan_stong_consensus_batch_20260719	"ཕྱི་ནང་སྟོང་པ་ "" phyi naṅ stoṅ pa"
wts_35_51	983	48	2	ནང	naṅ	base_ocr_dotted	naṅ	no_release_change_introduced_current_dotted_token	authoritative_base_ocr	ཕྱི་ནང་བར་གསུམ་ phyi naṅ bar gsum
wts_35_51	984	1	2	ནང	naṅ	other_postprocess	nañ	explicit_user_allowlist	A	"ཕྱི་ནང་གཞན་གསུམ་་ ""' phyi naṅ gan gsum"
wts_35_51	984	42	3	གདུང	gduṅ	base_ocr_dotted	gduṅ	no_release_change_introduced_current_dotted_token	authoritative_base_ocr	ཕྱི་ནས་གདུང་ phyi nas gduṅ
wts_35_51	986	32	2	འབྲང	braṅ	base_ocr_dotted	braṅ	no_release_change_introduced_current_dotted_token	authoritative_base_ocr	ཕྱི་འབྲང་ phyi 'braṅ nachfolgen; Anhänger, Ge-
wts_35_51	990	37	3	འབྲང	braṅ	base_ocr_dotted	braṅ	no_release_change_introduced_current_dotted_token	authoritative_base_ocr	ཕྱི་བཞིན་འབྲང་ pbyi bin 'braṅ auch phyi bZin
wts_35_51	992	57	4	གྲོང	groṅ	base_ocr_dotted	groṅ	no_release_change_introduced_current_dotted_token	authoritative_base_ocr	ཕྱི་རོལ་གྱི་གྲོང་ཁྱེར་ phyi vol gyi groṅ khyer Vor-
wts_35_51	993	2	2	ལང	laṅ	base_ocr_dotted	laṅ	no_release_change_introduced_current_dotted_token	authoritative_base_ocr	ཕྱི་ལང་ pbyi laṅ schlechtes Verhalten; — mtho
wts_35_51	993	16	2	ལུང	laṅ	base_ocr_dotted	laṅ	no_release_change_introduced_current_dotted_token	authoritative_base_ocr	ཕྱི་ལུང་ pbyi laṅ npr. ein Kloster.
wts_35_51	994	37	1	ཕྱིང	phyiṅ	base_ocr_dotted	phyiṅ	no_release_change_introduced_current_dotted_token	authoritative_base_ocr	ཕྱིང་ phyiṅ lphyin pa.
wts_35_51	994	38	1	ཕྱིང	phyiṅ	base_ocr_dotted	phyiṅ	no_release_change_introduced_current_dotted_token	authoritative_base_ocr	ཕྱིང་པ་ phyiṅ pa
wts_35_51	994	39	1	ཕྱིང	phyiṅ	base_ocr_dotted	phyiṅ	no_release_change_introduced_current_dotted_token	authoritative_base_ocr	ཕྱིང་ཀ་ལོག་ phyiṅ ka log von hinten, rücklings;
wts_35_51	994	49	1	ཕྱིང	phyiṅ	base_ocr_dotted	phyiṅ	no_release_change_introduced_current_dotted_token	authoritative_base_ocr	ཕྱིང་ཁུལ་ phyiṅ kbul eine Art Wolle oder Bilz.
wts_35_51	994	56	1	ཕྱིང	phyiṅ	base_ocr_dotted	phyiṅ	no_release_change_introduced_current_dotted_token	authoritative_base_ocr	ཕྱིང་སྟག་རྩེ་ phyiṅ stag rtse lphyin ba.
wts_35_51	994	57	1	ཕྱིང	pbyiṅ	base_ocr_dotted	pbyiṅ	no_release_change_introduced_current_dotted_token	authoritative_base_ocr	ཕྱིང་དྲིལ་ pbyiṅ dril cine Rolle Filz.
wts_35_51	994	64	1	ཕྱིང	phyiṅ	base_ocr_dotted	phyiṅ	no_release_change_introduced_current_dotted_token	authoritative_base_ocr	ཕྱིང་པ་ phyiṅ pa auch phyin ba, 'phyin pa,
wts_35_51	995	1	1	ཕྱིང	phyiṅ	base_ocr_dotted	phyiṅ	no_release_change_introduced_current_dotted_token	authoritative_base_ocr	ཕྱིང་པ་པ་ phyiṅ pa pa
wts_35_51	995	27	1	ཕྱིང	phyiṅ	base_ocr_dotted	phyiṅ	no_release_change_introduced_current_dotted_token	authoritative_base_ocr	ཕྱིང་གཟར་ phyiṅ gzar
wts_35_51	995	50	1	ཕྱིང	phyiṅ	base_ocr_dotted	phyiṅ	no_release_change_introduced_current_dotted_token	authoritative_base_ocr	ཕྱིང་བ་སྟག་རྩེ་ phyiṅ ba stag rtse Tphyin ba.
wts_35_51	995	51	1	ཕྱིང	phyiṅ	base_ocr_dotted	phyiṅ	no_release_change_introduced_current_dotted_token	authoritative_base_ocr	ཕྱིང་བ་ 'phyiṅ ba auch Jphyin ba, alttib. auch
wts_35_51	995	66	1	ཕྱིང	phyiṅ	base_ocr_dotted	phyiṅ	no_release_change_introduced_current_dotted_token	authoritative_base_ocr	ཕྱིང་ཞུ་ phyiṅ Zwa
wts_35_51	995	69	1	ཕྱིང	phyiṅ	base_ocr_dotted	phyiṅ	no_release_change_introduced_current_dotted_token	authoritative_base_ocr	ཕྱིང་གཟར་ phyiṅ gzar Satteldecke aus Filz.
wts_35_51	998	2	1	ཕྱིང	phyiṅ	base_ocr_dotted	phyiṅ	no_release_change_introduced_current_dotted_token	authoritative_base_ocr	ཕྱིང་རིལ་ phyiṅ rl auch pyin rild, phyin rild
wts_35_51	1007	34	2	འགྱངས	gyaṅs	base_ocr_dotted	gyaṅs	no_release_change_introduced_current_dotted_token	authoritative_base_ocr	ཕྱིར་འགྱངས་ phyir gyaṅs hinauszögern, ver-
wts_35_51	1009	1	2	གཏང	gtaṅ	base_ocr_dotted	gtaṅ	no_release_change_introduced_current_dotted_token	authoritative_base_ocr	ཕྱིར་གཏང་ phyir gtaṅ
wts_35_51	1009	15	2	ཐུང	tbuṅ	base_ocr_dotted	tbuṅ	no_release_change_introduced_current_dotted_token	authoritative_base_ocr	ཕྱིར་ཐུང་གིས་ phyir tbuṅ gis vor kurzem.
wts_35_51	1010	2	2	དེངས	deṅs	base_ocr_dotted	deṅs	no_release_change_introduced_current_dotted_token	authoritative_base_ocr	ཕྱིར་དེངས་ phyir deṅs
wts_35_51	1010	15	2	དེངས	deṅs	base_ocr_dotted	deṅs	no_release_change_introduced_current_dotted_token	authoritative_base_ocr	ཕྱིར་དེངས་ phyir deṅs pf. imp. zurückgehen.
wts_35_51	1010	25	2	དོང	doṅ	base_ocr_dotted	doṅ	no_release_change_introduced_current_dotted_token	authoritative_base_ocr	ཕྱིར་དོང་ phyir doṅ hinausgehen.
wts_35_51	1010	29	2	དྲང	draṅ	base_ocr_dotted	draṅ	no_release_change_introduced_current_dotted_token	authoritative_base_ocr	ཕྱེར་དྲང་ phyir draṅ fur. zurückzichen.
wts_35_51	1012	20	2	ཕྱུང	phyuṅ	base_ocr_dotted	phyuṅ	no_release_change_introduced_current_dotted_token	authoritative_base_ocr	ཕྱིར་ཕྱུང་ pphyir phyuṅ und imp. zu lphyir
wts_35_51	1012	68	2	བྱུང	byuṅ	base_ocr_dotted	byuṅ	no_release_change_introduced_current_dotted_token	authoritative_base_ocr	ཕྱིར་བྱུང་ phyir byuṅ pf. zu Ipbyir byani hinaus-
wts_35_51	1013	22	2	བླངས	blaṅs	base_ocr_dotted	blaṅs	no_release_change_introduced_current_dotted_token	authoritative_base_ocr	ཕྱིར་བླངས་ pbyir blaṅs pf. aufgeben.
wts_35_51	1013	54	2	འབྱུང	byuṅ	base_ocr_dotted	byuṅ	no_release_change_introduced_current_dotted_token	authoritative_base_ocr	ཕྱིར་འབྱུང་ ppbyir 'byuṅ Tphyir byun wieder
wts_35_51	1014	41	3	འོང	oṅ	base_ocr_dotted	oṅ	no_release_change_introduced_current_dotted_token	authoritative_base_ocr	ཕིར་མེ་འོང་བ་ phyir mi oṅ ba auch phyir mi
wts_35_51	1014	44	2	ཞིང	Ziṅ	base_ocr_dotted	Ziṅ	no_release_change_introduced_current_dotted_token	authoritative_base_ocr	ཕྱིར་ཞིང་ phyir Ziṅ
wts_35_51	1014	73	2	ཞིང	Ziṅ	base_ocr_dotted	Ziṅ	no_release_change_introduced_current_dotted_token	authoritative_base_ocr	ཕྱིར་ཞིང་ phyir Ziṅ auch phyir bin wieder, wie-
wts_35_51	1015	15	2	ཞེང	Ziṅ	base_ocr_dotted	Ziṅ	no_release_change_introduced_current_dotted_token	authoritative_base_ocr	ཕྱིར་ཞེང་དད་ཆེ་བ་ pphyir Ziṅ dad che ba ver-
wts_35_51	1015	19	2	ཞིང	Ziṅ	base_ocr_dotted	Ziṅ	no_release_change_introduced_current_dotted_token	authoritative_base_ocr	"ཕྱིར་ཞིང་འདུན་པ་ phyir Ziṅ ""dm pa sehr lüstern;"
wts_35_51	1015	36	2	ཞིང	Ziṅ	base_ocr_dotted	Ziṅ	no_release_change_introduced_current_dotted_token	authoritative_base_ocr	ཕྱིར་ཞིང་བྱུང་ phyir Ziṅ byuṅ pf, zu lphyir Zin
wts_35_51	1015	36	3	བྱུང	byuṅ	base_ocr_dotted	byuṅ	no_release_change_introduced_current_dotted_token	authoritative_base_ocr	ཕྱིར་ཞིང་བྱུང་ phyir Ziṅ byuṅ pf, zu lphyir Zin
wts_35_51	1016	28	2	འོང	oṅ	other_postprocess	oñ	confusable_to_headword	A	ཕྱིར་འོང་ phyir oṅ.
wts_35_51	1016	45	2	ཡང	yaṅ	base_ocr_dotted	yaṅ	no_release_change_introduced_current_dotted_token	authoritative_base_ocr	ཕྲེར་ཡང་ phbyir yaṅ wieder, wiederum.
wts_35_51	1019	59	2	ཀྱང	kyaṅ	base_ocr_dotted	kyaṅ	no_release_change_introduced_current_dotted_token	authoritative_base_ocr	ཕྱིས་ཀྱང་མི་སྤོང་ phyis kyaṅ mi spoṅ nicht ablas-
wts_35_51	1019	59	4	སྤོང	spoṅ	base_ocr_dotted	spoṅ	no_release_change_introduced_current_dotted_token	authoritative_base_ocr	ཕྱིས་ཀྱང་མི་སྤོང་ phyis kyaṅ mi spoṅ nicht ablas-
wts_35_51	1023	34	2	ཆུང	chuṅ	base_ocr_dotted	chuṅ	no_release_change_introduced_current_dotted_token	authoritative_base_ocr	ཕྱུགས་ཆུང་ phyugs chuṅ auch phyugs cun, phyugs
wts_35_51	1024	25	2	ཕྱུང	phyuṅ	base_ocr_dotted	phyuṅ	no_release_change_introduced_current_dotted_token	authoritative_base_ocr	ཕྱུགས་ཕྱུང་ phyugs phyuṅ Tphyngs ch.
wts_35_51	1024	43	1	ཕྱུང	phbyuṅ	base_ocr_dotted	phbyuṅ	no_release_change_introduced_current_dotted_token	authoritative_base_ocr	ཕྱུང་ phbyuṅ
wts_35_51	1024	78	1	ཕང	phyuṅ	base_ocr_dotted	phyuṅ	no_release_change_introduced_current_dotted_token	authoritative_base_ocr	ཕང་ phyuṅ auch phyiis, alttib. auch pyuan, pf.
wts_35_51	1025	47	1	ཕྱུང	phyuṅ	base_ocr_dotted	phyuṅ	no_release_change_introduced_current_dotted_token	authoritative_base_ocr	ཕྱུང་ phyuṅ
wts_35_51	1034	23	2	སངས	saṅs	base_ocr_dotted	saṅs	no_release_change_introduced_current_dotted_token	authoritative_base_ocr	ཕྱོ་སངས་ pphyo saṅs klar, weit, offen; vgl.
wts_35_51	1040	21	3	གླང	glaṅ	base_ocr_dotted	glaṅ	no_release_change_introduced_current_dotted_token	authoritative_base_ocr	ཕྱོགས་ཀྱི་གླང་པོ་ phyog kyi glaṅ po Kurzf.
wts_35_51	1041	6	2	སྐོང	skyoṅ	base_ocr_dotted	skyoṅ	no_release_change_introduced_current_dotted_token	authoritative_base_ocr	ཕྱོགས་སྐོང་ phyogs skyoṅ Hūter der Weltgegen-
wts_35_51	1044	1	2	དང	daṅ	base_ocr_dotted	daṅ	no_release_change_introduced_current_dotted_token	authoritative_base_ocr	ཕྱོགས་དང་ཕྱོགས་ phyogs daṅ phyogs
wts_35_51	1044	7	2	ངང	daṅ	base_ocr_dotted	daṅ	no_release_change_introduced_current_dotted_token	authoritative_base_ocr	ས་ངང་ཕོགས། phyogs daṅ phyogs lphyogs
wts_35_51	1045	44	2	མཚུངས	mtshuṅs	base_ocr_dotted	mtshuṅs	no_release_change_introduced_current_dotted_token	authoritative_base_ocr	ཕྱོགས་མཚུངས་ phyogs mtshuṅs
wts_35_51	1045	82	2	མཚུངས	mtshuṅs	base_ocr_dotted	mtshuṅs	no_release_change_introduced_current_dotted_token	authoritative_base_ocr	ཕྱོགས་མཚུངས་ plryogs mtshuṅs auch — pa ähn-
wts_35_51	1047	7	2	བཟང	bzaṅ	base_ocr_dotted	bzaṅ	no_release_change_introduced_current_dotted_token	authoritative_base_ocr	ཕྱོགས་བཟང་ phyogs bzaṅ npr. ein Buddha.
wts_35_51	1047	9	2	བཟུང	bzuṅ	base_ocr_dotted	bzuṅ	no_release_change_introduced_current_dotted_token	authoritative_base_ocr	ཕྱོགས་བཟུང་ phyogs bzuṅ Versprechen, Be-
wts_35_51	1047	41	3	ལྷུང	lhuṅ	other_postprocess	Ihuṅ	confusable_initial_I_to_l_strong_context	A	ཕྱོགས་སུ་ལྷུང་བ་ phyogs su lhuṅ ba
wts_35_51	1048	25	2	ལྷུང	lhuṅ	other_postprocess	Ihuṅ	confusable_initial_I_to_l_strong_context	A	ཕྱོགས་ལྷུང་ plryogs lhuṅ Tphyogs su lhun ba.
wts_35_51	1048	27	2	ལྷུང	lhuṅ	other_postprocess	Ihuṅ	confusable_initial_I_to_l_strong_context	A	ཕྱོགས་ལྷུང་མེད་པ་ phyogs lhuṅ med pa unbe-
wts_35_51	1050	40	2	སངས	saṅs	base_ocr_dotted	saṅs	no_release_change_introduced_current_dotted_token	authoritative_base_ocr	ཕྱུ་སངས་ phywa saṅs npr. ein gsin rje (Neb 55,
wts_35_51	1054	2	3	ཤེང	Siṅ	base_ocr_dotted	Siṅ	no_release_change_introduced_current_dotted_token	authoritative_base_ocr	ཕྲ་མེའི་ཤེང་ phra mo'i Siṅ
wts_35_51	1054	61	3	ཤིང	siṅ	base_ocr_dotted	siṅ	no_release_change_introduced_current_dotted_token	authoritative_base_ocr	ཕྲ་མོའི་ཤིང་ phra mo'i siṅ Brennholz.
wts_35_51	1055	18	3	རིང	riṅ	base_ocr_dotted	riṅ	no_release_change_introduced_current_dotted_token	authoritative_base_ocr	ཕྲ་ལ་རིང་བ་ pbra la riṅ ba npr. cin indischer
wts_35_51	1057	16	2	གོང	goṅ	reviewed_exact_final_ng	gon	reviewed_tibetan_exact_final_ng_consensus	tibetan_gong_consensus_batch_20260719	ཕྲག་གོང་ pbrag goṅ.
wts_35_51	1058	1	2	གདང	gdaṅ	base_ocr_dotted	gdaṅ	no_release_change_introduced_current_dotted_token	authoritative_base_ocr	ཕྲག་གདང་ phrag gdaṅ
wts_35_51	1058	31	2	གདང	gdaṅ	base_ocr_dotted	gdaṅ	no_release_change_introduced_current_dotted_token	authoritative_base_ocr	ཕྲག་གདང་ pbrag gdaṅ Bez. für Sänfte,
wts_35_51	1059	20	3	སྣང	snaṅ	reviewed_exact_final_ng	snah	reviewed_tibetan_exact_final_ng_consensus	tibetan_snang_consensus_batch_20260726	ཕྲག་ཕྲིག་སྣང་བ་ phrag phrig snaṅ ba Bez. für
wts_35_51	1059	23	2	དབྱུང	dbyuṅ	base_ocr_dotted	dbyuṅ	no_release_change_introduced_current_dotted_token	authoritative_base_ocr	ཕྲག་དབྱུང་ phrag dbyuṅ auch — ma Bez. für
wts_35_51	1059	47	1	ཕྲང	phraṅ	base_ocr_dotted	phraṅ	no_release_change_introduced_current_dotted_token	authoritative_base_ocr	ཕྲང་ phraṅ Vphran.
wts_35_51	1071	39	1	ཕྲེང	phreṅ	base_ocr_dotted	phreṅ	no_release_change_introduced_current_dotted_token	authoritative_base_ocr	ཕྲེང་སྐོར་ phreṅ skor
wts_35_51	1071	62	1	ཕྲེང	phreṅ	base_ocr_dotted	phreṅ	no_release_change_introduced_current_dotted_token	authoritative_base_ocr	ཕྲེང་ phreṅ lphren ba.
wts_35_51	1071	63	1	ཕྲེང	phreṅ	base_ocr_dotted	phreṅ	no_release_change_introduced_current_dotted_token	authoritative_base_ocr	ཕྲེང་བཀོད་པ་ phreṅ bkod pa aufgereiht, aufgefä-
wts_35_51	1071	68	1	ཕྲེང	phreṅ	base_ocr_dotted	phreṅ	no_release_change_introduced_current_dotted_token	authoritative_base_ocr	ཕྲེང་སྐོར་ phreṅ skor Mantrarezitation.
wts_35_51	1072	1	1	ཕེང	phreṅ	base_ocr_dotted	phreṅ	no_release_change_introduced_current_dotted_token	authoritative_base_ocr	ཕེང་གང་ phreṅ rgyud
wts_35_51	1072	12	1	ཕྲེང	phreṅ	base_ocr_dotted	phreṅ	no_release_change_introduced_current_dotted_token	authoritative_base_ocr	ཕྲེང་ཐག་ phreṅ thag.
wts_35_51	1072	21	1	ཕྲེང	phreṅ	base_ocr_dotted	phreṅ	no_release_change_introduced_current_dotted_token	authoritative_base_ocr	ཕྲེང་ཐོགས་ phreṅ thogs.
wts_35_51	1072	31	1	ཕྲེང	phreṅ	base_ocr_dotted	phreṅ	no_release_change_introduced_current_dotted_token	authoritative_base_ocr	ཕྲེང་ལྡན་ phreṅ ldan Beiname Garudas.
wts_35_51	1072	33	1	ཕྲེང	phreṅ	base_ocr_dotted	phreṅ	no_release_change_introduced_current_dotted_token	authoritative_base_ocr	ཕྲེང་ལྡན་མ་ phreṅ ldan ma.
wts_35_51	1072	42	1	ཕྲེང	phreṅ	base_ocr_dotted	phreṅ	no_release_change_introduced_current_dotted_token	authoritative_base_ocr	ཕྲེང་བ་ phreṅ ba
wts_35_51	1073	1	1	ཕྲེང	phreṅ	base_ocr_dotted	phreṅ	no_release_change_introduced_current_dotted_token	authoritative_base_ocr	ཕྲེང་བ་ phreṅ ba
wts_35_51	1073	48	1	ཕྲེང	phreṅ	base_ocr_dotted	phreṅ	no_release_change_introduced_current_dotted_token	authoritative_base_ocr	ཕྲེང་བ་ phreṅ ba
wts_35_51	1074	1	1	ཕྲེང	phreṅ	base_ocr_dotted	phreṅ	no_release_change_introduced_current_dotted_token	authoritative_base_ocr	ཕྲེང་བརྒྱ་ phreṅ ba rgyu
wts_35_51	1074	36	1	ཕྲེང	phreṅ	base_ocr_dotted	phreṅ	no_release_change_introduced_current_dotted_token	authoritative_base_ocr	ཕྲེང་བརྒྱུ་ phreṅ ba rgyu Kranz, Girlande.
wts_35_51	1074	47	1	ཕྲེང	phreṅ	unknown	phren	ambiguous_change_or_token_position		ཕྲེང་བ་ཅན་ phreṅ ba can auch 'phreṅ ba can.
wts_35_51	1074	62	1	ཕྲེང	phreṅ	base_ocr_dotted	phreṅ	no_release_change_introduced_current_dotted_token	authoritative_base_ocr	ཕྲེང་བ་མཆོག་མ་ phreṅ ba mchog ma Beiname
wts_35_51	1074	65	1	ཕྲེང	phreṅ	base_ocr_dotted	phreṅ	no_release_change_introduced_current_dotted_token	authoritative_base_ocr	ཕྲེང་བ་མ་ phreṅ ba ma npr. Padmävati.
wts_35_51	1074	69	2	གླིང	gliṅ	base_ocr_dotted	gliṅ	no_release_change_introduced_current_dotted_token	authoritative_base_ocr	ཕྲེད་གླིང་ phred gliṅ eine Flöte.
wts_35_51	1078	7	2	འཁྲུངས	khruṅs	base_ocr_dotted	khruṅs	no_release_change_introduced_current_dotted_token	authoritative_base_ocr	"འཕགས་འཁྲུངས་ phags 'khruṅs ""fdas Land, in"
wts_35_51	1080	75	4	མང	maṅ	base_ocr_dotted	maṅ	no_release_change_introduced_current_dotted_token	authoritative_base_ocr	འཕགས་པ་བུ་མང་ 'phags pa bu maṅ npr. ei- ༩ .
wts_35_51	1084	1	1	འཕང	phaṅ	reviewed_exact_final_ng	phan	reviewed_tibetan_exact_final_ng_consensus	tibetan_aphang_consensus_batch_20260726	"འཕང་ ""phaṅ"
wts_35_51	1084	60	1	འཕང	phaṅ	base_ocr_dotted	phaṅ	no_release_change_introduced_current_dotted_token	authoritative_base_ocr	འཕང་འགྲོ་ phaṅ 'gro cin Saiteninstrument,
wts_35_51	1084	63	2	བྲང	thaṅ	base_ocr_dotted	thaṅ	no_release_change_introduced_current_dotted_token	authoritative_base_ocr	འཕང་བྲང་ 'phar thaṅ npr. ein Ort in Yar-luns.
wts_35_51	1084	73	1	འཕང	Phaṅ	base_ocr_dotted	Phaṅ	no_release_change_introduced_current_dotted_token	authoritative_base_ocr	འཕང་ཐང་ཀ་མེད་ Phaṅ thaṅ ka med npr. ein von
wts_35_51	1084	73	2	ཐང	thaṅ	base_ocr_dotted	thaṅ	no_release_change_introduced_current_dotted_token	authoritative_base_ocr	འཕང་ཐང་ཀ་མེད་ Phaṅ thaṅ ka med npr. ein von
wts_35_51	1085	1	1	འཕང	phaṅ	base_ocr_dotted	phaṅ	no_release_change_introduced_current_dotted_token	authoritative_base_ocr	འཕང་མདའ་རུ་ phaṅ mda' ru
wts_35_51	1085	5	1	འཕང	phaṅ	base_ocr_dotted	phaṅ	no_release_change_introduced_current_dotted_token	authoritative_base_ocr	འཕང་མདུང་ 'phaṅ mduṅ Wurfspeer.
wts_35_51	1085	5	2	མདུང	mduṅ	base_ocr_dotted	mduṅ	no_release_change_introduced_current_dotted_token	authoritative_base_ocr	འཕང་མདུང་ 'phaṅ mduṅ Wurfspeer.
wts_35_51	1085	10	1	འཕྲང	phaṅ	base_ocr_dotted	phaṅ	no_release_change_introduced_current_dotted_token	authoritative_base_ocr	འཕྲང་བྲ་ 'phaṅ ba.
wts_35_51	1085	14	1	འཕང	phaṅ	base_ocr_dotted	phaṅ	no_release_change_introduced_current_dotted_token	authoritative_base_ocr	འཕང་དམའ་ phaṅ dma' tief,
wts_35_51	1085	20	1	འཕང	phaṅ	base_ocr_dotted	phaṅ	no_release_change_introduced_current_dotted_token	authoritative_base_ocr	འཕང་བྲོར་ 'phaṅ zor eine Spindel als magische
wts_35_51	1085	42	1	འཕང	phaṅ	base_ocr_dotted	phaṅ	no_release_change_introduced_current_dotted_token	authoritative_base_ocr	འཕང་ལོང་ phaṅ lo V'phan lo.
wts_35_51	1088	50	3	བླངས	blaṅs	base_ocr_dotted	blaṅs	no_release_change_introduced_current_dotted_token	authoritative_base_ocr	འཕམ་ངོས་བླངས་ 'phami nos blaṅs Kapitulation.
wts_35_51	1089	32	2	ཆུང	chuṅ	base_ocr_dotted	chuṅ	no_release_change_introduced_current_dotted_token	authoritative_base_ocr	འཕར་ཆུང་ངུ་ phar chuṅ nm Bez. für ein
wts_35_51	1091	32	1	འཕུང	phuṅ	base_ocr_dotted	phuṅ	no_release_change_introduced_current_dotted_token	authoritative_base_ocr	འཕུང་ཆགས་ phuṅ chags Konstellation der To-
wts_35_51	1092	63	2	ལྡིང	ldiṅ	base_ocr_dotted	ldiṅ	no_release_change_introduced_current_dotted_token	authoritative_base_ocr	འཕུར་ལྡིང་ 'phur ldiṅ Ylug, Fliegen.
wts_35_51	1097	10	2	གདུང	gduṅ	base_ocr_dotted	gduṅ	no_release_change_introduced_current_dotted_token	authoritative_base_ocr	"འཕེལ་གདུང་ 'phel gduṅ ""sich vervielfältigen-"
wts_35_51	1099	1	3	གྲོང	groṅ	base_ocr_dotted	groṅ	no_release_change_introduced_current_dotted_token	authoritative_base_ocr	འོ་བ་གྲོང་འཇུག་ 'pho ba groṅ ug
wts_35_51	1100	34	1	འཕོང	skyeṅ	base_ocr_dotted	skyeṅ	no_release_change_introduced_current_dotted_token	authoritative_base_ocr	"འཕོང་སྨེན་པ་ skyeṅ pa ""gewandt im Schie-"
wts_35_51	1100	46	1	འཕོང	phoṅ	unknown	phon	ambiguous_change_or_token_position		འཕོང་གི་དཔོང་ས་ 'phoṅ gi dpoṅ sa auch 'phoṅ gi
wts_35_51	1100	46	3	དཔོང	dpoṅ	base_ocr_dotted	dpoṅ	no_release_change_introduced_current_dotted_token	authoritative_base_ocr	འཕོང་གི་དཔོང་ས་ 'phoṅ gi dpoṅ sa auch 'phoṅ gi
wts_35_51	1100	60	1	འཕོང	pboṅ	base_ocr_dotted	pboṅ	no_release_change_introduced_current_dotted_token	authoritative_base_ocr	འཕོང་བྱེད་ 'pboṅ byed Bogenschütze.
wts_35_51	1100	64	1	འཕོང	phoṅ	base_ocr_dotted	phoṅ	no_release_change_introduced_current_dotted_token	authoritative_base_ocr	འཕོང་ས། phoṅ sa Bogenschießplarz.
wts_35_51	1100	70	1	འཕོང	phoṅ	base_ocr_dotted	phoṅ	no_release_change_introduced_current_dotted_token	authoritative_base_ocr	འཕོང་སློབ་པ་ phoṅ slob pa Schūler im Bogen-
wts_35_51	1101	22	1	འཕོངས	phoṅs	base_ocr_dotted	phoṅs	no_release_change_introduced_current_dotted_token	authoritative_base_ocr	འཕོངས་པ་མེད་པ་ 'phoṅs pa med pa reichlich;
wts_35_51	1101	29	1	འཕཛོངས	phoṅs	base_ocr_dotted	phoṅs	no_release_change_introduced_current_dotted_token	authoritative_base_ocr	འཕཛོངས་ཚོས་ 'phoṅs tshos Hinterteil, Gesäß,
wts_35_51	1103	30	1	འཕྱང	phyaṅ	base_ocr_dotted	phyaṅ	no_release_change_introduced_current_dotted_token	authoritative_base_ocr	འཕྱང་འཕྲུལ་ 'phyaṅ 'phrul tphyan phrid.
wts_35_51	1103	31	1	འཕྱང	phyaṅ	base_ocr_dotted	phyaṅ	no_release_change_introduced_current_dotted_token	authoritative_base_ocr	འཕྱང་བ་ 'phyaṅ ba,
wts_35_51	1103	38	1	འཕྱང	phyaṅ	base_ocr_dotted	phyaṅ	no_release_change_introduced_current_dotted_token	authoritative_base_ocr	འཕྱང་བ་པ་ phyaṅ ba pa ein Volksstamm, Lam-
wts_35_51	1106	22	1	འཕྱིང	phyiṅ	base_ocr_dotted	phyiṅ	no_release_change_introduced_current_dotted_token	authoritative_base_ocr	འཕྱིང་ང་སྟག་རྩེ་ ''phyiṅ na stagrtse ba.
wts_35_51	1106	23	1	འཕྱིང	phyiṅ	base_ocr_dotted	phyiṅ	no_release_change_introduced_current_dotted_token	authoritative_base_ocr	འཕྱིང་པ་ phyiṅ pa Tphyin pa.
wts_35_51	1106	25	1	འཕྱིང	phyiṅ	base_ocr_dotted	phyiṅ	no_release_change_introduced_current_dotted_token	authoritative_base_ocr	འཕྱིང་པར་སྟག་རྩེ་ 'phyiṅ par stag rtse Tphyin ba.
wts_35_51	1106	26	1	འཕྱིང	phyiṅ	base_ocr_dotted	phyiṅ	no_release_change_introduced_current_dotted_token	authoritative_base_ocr	འཕྱིང་ཕུ་ 'phyiṅ phu npr. ein Ort, andere
wts_35_51	1106	36	1	འཕྱིང	phyiṅ	base_ocr_dotted	phyiṅ	no_release_change_introduced_current_dotted_token	authoritative_base_ocr	འཕྱིང་བ་སྟག་རྩེ་ 'phyiṅ ba stag rise Tphyin ba.
wts_35_51	1106	38	1	འཕྱིང	phyiṅ	base_ocr_dotted	phyiṅ	no_release_change_introduced_current_dotted_token	authoritative_base_ocr	འཕྱིང་བ་པ་ 'phyiṅ ba pa Tphyin pa.
wts_35_51	1106	39	1	འཕྱིང	phyiṅ	base_ocr_dotted	phyiṅ	no_release_change_introduced_current_dotted_token	authoritative_base_ocr	འཕྱིང་བར་སྟག་རྩེ་ 'phyiṅ bar stag rtse Tphyin ba.
wts_35_51	1106	40	1	འཕྱིང	phyiṅ	base_ocr_dotted	phyiṅ	no_release_change_introduced_current_dotted_token	authoritative_base_ocr	འཕྱིང་ཡུལ་ phyiṅ yul npr. eine Region.
wts_35_51	1106	46	1	འཕྱིང	phyiṅ	base_ocr_dotted	phyiṅ	no_release_change_introduced_current_dotted_token	authoritative_base_ocr	འཕྱིང་སང་ ''phyiṅ saṅ san.
wts_35_51	1106	46	2	སང	saṅ	base_ocr_dotted	saṅ	no_release_change_introduced_current_dotted_token	authoritative_base_ocr	འཕྱིང་སང་ ''phyiṅ saṅ san.
wts_35_51	1106	47	1	འཕྱིངས	phyiṅs	base_ocr_dotted	phyiṅs	no_release_change_introduced_current_dotted_token	authoritative_base_ocr	འཕྱིངས་ 'phyiṅs pf. zu V'phyin verfilzen; vgl.
wts_35_51	1106	53	1	འཕྱིངས	phyiṅs	base_ocr_dotted	phyiṅs	no_release_change_introduced_current_dotted_token	authoritative_base_ocr	འཕྱིངས་པ་པ་ 'phyiṅs pa pa Y'phyin ba pa.
wts_35_51	1109	8	1	འཕྱོང	phyoṅ	base_ocr_dotted	phyoṅ	no_release_change_introduced_current_dotted_token	authoritative_base_ocr	འཕྱོང་རྒྱས་ phyoṅ rgyas auch phyoṅs rgyas npr
wts_35_51	1109	38	1	འཕྱོངས	phyoṅs	base_ocr_dotted	phyoṅs	no_release_change_introduced_current_dotted_token	authoritative_base_ocr	"འཕྱོངས phyoṅs ] ' ""/)/3/0/?,"
wts_35_51	1110	40	1	འཕྲང	phraṅ	base_ocr_dotted	phraṅ	no_release_change_introduced_current_dotted_token	authoritative_base_ocr	འཕྲང་ 'phraṅ
wts_35_51	1111	1	1	འཕྲང	phraṅ	base_ocr_dotted	phraṅ	no_release_change_introduced_current_dotted_token	authoritative_base_ocr	འཕྲང་འཕྲེང་ 'phraṅ 'phreṅ
wts_35_51	1111	1	2	འཕྲེང	phreṅ	base_ocr_dotted	phreṅ	no_release_change_introduced_current_dotted_token	authoritative_base_ocr	འཕྲང་འཕྲེང་ 'phraṅ 'phreṅ
wts_35_51	1111	15	2	འཕྲེང	phreṅ	reviewed_exact_final_ng	phren	reviewed_tibetan_exact_final_ng_consensus	tibetan_aphreng_consensus_batch_20260726	འཕྲང་འཕྲེང་ /phran phreṅ Verlangen.
wts_35_51	1118	71	2	ཁང	khaṅ	base_ocr_dotted	khaṅ	no_release_change_introduced_current_dotted_token	authoritative_base_ocr	འཕྲུལ་ཁང་ phrul khaṅ Maschinenhalle, Fa-
wts_35_51	1121	34	1	འཕྲེང	phreṅ	reviewed_exact_final_ng	phren	reviewed_tibetan_exact_final_ng_consensus	tibetan_aphreng_consensus_batch_20260726	"འཕྲེང་ ""phreṅ Tphren ba."
wts_35_51	1121	35	1	འཕྲེང	phreṅ	reviewed_exact_final_ng	phren	reviewed_tibetan_exact_final_ng_consensus	tibetan_aphreng_consensus_batch_20260726	"འཕྲེང་ ""phreṅ sich sehnen, lieben; sich sorgen."
wts_35_51	1126	42	2	འཚང	tshaṅ	base_ocr_dotted	tshaṅ	no_release_change_introduced_current_dotted_token	authoritative_base_ocr	འཕྲོག་འཚང་མ་ 'phrog 'tshaṅ ma npr. eine Gott-
